Anom_ID,Accident_Date,Accident_Time,Location,Geo_ID,Accident_Location,Classification_of_Accident,Initial_Impact_Type,Environment_Condition,Light,Road_Surface_Condition,Traffic_Control,Traffic_Control_Condition,No__of_Vehicles,No__of_Bicycles,No__of_Motorcycles,No__of_Pedestrians,Max_Injury,No__of_Injuries,No__of_Minimal,No__of_Minor,No__of_Major,No__of_Fatal,X,Y,Latitude,Longitude,ObjectId
16--1,2016/01/01,1:40 PM,PARKDALE AVE @ HWY 417 PARKDAL IC122R15/HWY 41 (0002363),2363,03 - At intersection,03 - P.D. only,02 - Angle,01 - Clear,01 - Daylight,02 - Wet,01 - Traffic signal,01 - Functioning,2,0,0,0,,0,,,,,365335.4286,5028846.045,45.39693605,-75.72680594,1
16--2,2016/01/01,1:41 PM,COLDWATER CRES btwn MEADOWBREEZE DR/AUTUMNFIELD ST & MEADOWBREEZE DR/RIVERTREE ST (__807KIY),__807KIY,01 - Non intersection,03 - P.D. only,06 - SMV unattended vehicle,01 - Clear,01 - Daylight,04 - Slush,10 - No control,,1,0,0,0,,0,,,,,355562.701,5015031.853,45.27341103,-75.85303715,2
16--3,2016/01/01,10:00 AM,NORTOBA CRES btwn STIKINE DR & STIKINE DR (__4TZHEH),__4TZHEH,01 - Non intersection,03 - P.D. only,06 - SMV unattended vehicle,01 - Clear,01 - Daylight,03 - Loose snow,10 - No control,,1,0,0,0,,0,,,,,349896.3048,5020129.238,45.31966508,-75.92478706,3
16--4,2016/01/01,10:14 AM,BRIAR HILL DR btwn HERON RD & GARAND PL (__3ZA86F),__3ZA86F,04 - At/near private drive,03 - P.D. only,99 - Other,03 - Snow,01 - Daylight,02 - Wet,10 - No control,,2,0,0,0,,0,,,,,371450.4831,5027045.041,45.38017592,-75.64895237,4
16--5,2016/01/01,10:35 PM,NELSON ST btwn YORK ST & RIDEAU ST (__3ZA82D),__3ZA82D,01 - Non intersection,03 - P.D. only,04 - Sideswipe,03 - Snow,07 - Dark,03 - Loose snow,10 - No control,,2,0,0,0,,0,,,,,368596.755,5032585.669,45.43029435,-75.68467043,5
16--6,2016/01/01,10:49 AM,PREMIER AVE btwn COWLEY AVE & CARLETON AVE (__3ZA05O),__3ZA05O,01 - Non intersection,03 - P.D. only,06 - SMV unattended vehicle,01 - Clear,01 - Daylight,03 - Loose snow,10 - No control,,1,0,0,0,,0,,,,,364077.7792,5029247.516,45.40065601,-75.7428197,6
16--7,2016/01/01,10:49 AM,"MONTREAL RD btwn EGLISE, RUE DE L & ST. LAURENT BLVD (__3ZA3ML)",__3ZA3ML,04 - At/near private drive,03 - P.D. only,05 - Turning movement,01 - Clear,01 - Daylight,03 - Loose snow,10 - No control,,2,0,0,0,,0,,,,,371184.8372,5033646.607,45.43959932,-75.65145498,7
16--8,2016/01/01,Unknown,RUSSELL RD btwn HAIG DR & CUBA AVE (__3ZA786),__3ZA786,01 - Non intersection,03 - P.D. only,06 - SMV unattended vehicle,03 - Snow,00 - Unknown,03 - Loose snow,10 - No control,,1,0,0,0,,0,,,,,372747.9914,5029635.924,45.40336294,-75.63202984,8
16--9,2016/01/01,12:03 PM,MARKLAND CRES btwn ROBLYN WAY & ROBLYN WAY (__3ZA6KS),__3ZA6KS,04 - At/near private drive,03 - P.D. only,99 - Other,03 - Snow,01 - Daylight,04 - Slush,10 - No control,,2,0,0,0,,0,,,,,365841.9461,5016224.89,45.28332875,-75.72189414,9
16--10,2016/01/01,12:28 PM,BOUNDARY RD @ MITCH OWENS RD (0001708),1708,03 - At intersection,03 - P.D. only,02 - Angle,03 - Snow,01 - Daylight,02 - Wet,02 - Stop sign,01 - Functioning,2,0,0,0,,0,,,,,388064.3312,5022162.845,45.33447278,-75.4376686,10
16--11,2016/01/01,2:20 AM,LISGAR ST @ O'CONNOR ST (0006955),6955,03 - At intersection,03 - P.D. only,02 - Angle,03 - Snow,07 - Dark,04 - Slush,01 - Traffic signal,01 - Functioning,2,0,0,0,,0,,,,,367762.189,5031159.493,45.41753773,-75.6955175,11
16--12,2016/01/01,2:33 AM,RIVER RD btwn EARL ARMSTRONG RD & NICOLLS ISLAND RD (__3ZA3H6),__3ZA3H6,01 - Non intersection,03 - P.D. only,07 - SMV other,03 - Snow,07 - Dark,02 - Wet,10 - No control,,1,0,0,0,,0,,,,,367635.0237,5013417.128,45.25790674,-75.69939516,12
16--100,2016/01/04,3:35 PM,CHAMPLAIN BRIDGE/ISLAND PARK DR btwn BATE ISLAND & OTTAWA RIVER PKWY (__3ZA2ZEB),__3ZA2ZEB,01 - Non intersection,03 - P.D. only,07 - SMV other,01 - Clear,01 - Daylight,01 - Dry,10 - No control,,1,0,0,0,,0,,,,,362997.2513,5030019.789,45.40769545,-75.75652942,13
16--1000,2016/01/21,4:43 PM,ISLAND PARK DR @ SCOTT ST (0002126),2126,02 - Intersection related,03 - P.D. only,03 - Rear end,01 - Clear,05 - Dusk,01 - Dry,01 - Traffic signal,01 - Functioning,2,0,0,0,,0,,,,,363833.909,5029040.773,45.39881638,-75.74595923,14
16--10000,2016/09/24,11:27 AM,MEADOW DR @ PIG ALLY (0005856),5856,03 - At intersection,03 - P.D. only,02 - Angle,01 - Clear,01 - Daylight,01 - Dry,02 - Stop sign,01 - Functioning,2,0,0,0,,0,,,,,378404.492,5014204.135,45.26394371,-75.5620778,15
16--10001,2016/09/24,11:34 AM,DOVERCOURT AVE @ WINDERMERE AVE (0006766),6766,03 - At intersection,03 - P.D. only,02 - Angle,01 - Clear,01 - Daylight,01 - Dry,02 - Stop sign,01 - Functioning,2,0,0,0,,0,,,,,362535.0342,5026936.76,45.37999307,-75.76279454,16
16--10002,2016/09/24,11:44 AM,QUEENSBURY DR btwn GRENADIER WAY & WOODROFFE AVE (__3ZA597),__3ZA597,04 - At/near private drive,03 - P.D. only,02 - Angle,01 - Clear,01 - Daylight,01 - Dry,10 - No control,,2,0,0,0,,0,,,,,365665.8676,5016292.253,45.28395014,-75.72413016,17
16--10003,2016/09/24,11:57 AM,ALTA VISTA DR @ SMYTH RD (0011353),11353,03 - At intersection,02 - Non-fatal injury,02 - Angle,01 - Clear,01 - Daylight,01 - Dry,01 - Traffic signal,01 - Functioning,2,0,0,0,02 - Minor,2,,2,,,370432.9354,5029081.338,45.39859386,-75.66167302,18
16--10004,2016/09/24,Unknown,SOMERSET ST    W btwn BAY ST & LYON ST N (__3ZA3BB),__3ZA3BB,01 - Non intersection,03 - P.D. only,06 - SMV unattended vehicle,01 - Clear,00 - Unknown,01 - Dry,10 - No control,,1,0,0,0,,0,,,,,367278.9984,5030665.546,45.41313666,-75.70175336,19
16--10005,2016/09/24,12:10 PM,HIGHWAY 417 btwn HWY417 IC123 RAMP62 & HWY417 IC122 RAMP16 (__3ZA2R9),__3ZA2R9,01 - Non intersection,03 - P.D. only,03 - Rear end,01 - Clear,01 - Daylight,01 - Dry,10 - No control,,2,0,0,0,,0,,,,,365117.6868,5028693.134,45.39557898,-75.72960551,20
16--10006,2016/09/24,12:55 PM,WOODROFFE AVE/HWY 417 WOODROFF IC127R25 @ HWY  (0002348),2348,02 - Intersection related,03 - P.D. only,03 - Rear end,01 - Clear,01 - Daylight,01 - Dry,01 - Traffic signal,01 - Functioning,2,0,0,0,,0,,,,,362180.9341,5024694.044,45.35984242,-75.7675761,21
16--10007,2016/09/24,12:55 PM,RIVERSIDE DR @ BROOKFIELD RD/HOG'S BACK RD (0001627),1627,02 - Intersection related,02 - Non-fatal injury,03 - Rear end,01 - Clear,01 - Daylight,01 - Dry,01 - Traffic signal,01 - Functioning,2,0,0,0,02 - Minor,1,,1,,,368168.7964,5026224.689,45.37309913,-75.69095658,22
16--10008,2016/09/24,2:49 PM,HWY 417 TERRYFO IC140R61 @ TERRY FOX DR (0011777),11777,02 - Intersection related,03 - P.D. only,03 - Rear end,01 - Clear,01 - Daylight,01 - Dry,01 - Traffic signal,01 - Functioning,2,0,0,0,,0,,,,,350808.8119,5018709.356,45.30682941,-75.9132803,23
16--10009,2016/09/24,3:30 PM,PRINCE OF WALES DR btwn WATERBRIDGE DR & CRESTWAY DR (__3ZA294),__3ZA294,01 - Non intersection,03 - P.D. only,99 - Other,01 - Clear,01 - Daylight,01 - Dry,10 - No control,,2,0,0,0,,0,,,,,367325.8638,5016049.651,45.28162154,-75.70300244,24
16--1001,2016/01/21,4:43 PM,FALLOWFIELD RD @ RICHMOND RD (0000634),634,02 - Intersection related,02 - Non-fatal injury,03 - Rear end,01 - Clear,05 - Dusk,01 - Dry,01 - Traffic signal,01 - Functioning,3,0,0,0,02 - Minor,2,1,1,,,357720.5379,5013528.757,45.25972682,-75.82569788,25
16--10010,2016/09/24,3:38 PM,ST. JOSEPH BLVD @ JEANNE D'ARC BLVD (0012421),12421,03 - At intersection,03 - P.D. only,04 - Sideswipe,01 - Clear,01 - Daylight,01 - Dry,11 - Roundabout,01 - Functioning,2,0,0,0,,0,,,,,379860.523,5036471.361,45.46413676,-75.54014422,26
16--10011,2016/09/24,3:40 PM,HUNTMAR DR @ PALLADIUM DR S (0011818),11818,02 - Intersection related,02 - Non-fatal injury,03 - Rear end,01 - Clear,01 - Daylight,01 - Dry,01 - Traffic signal,01 - Functioning,3,0,0,0,01 - Minimal,1,1,,,,349675.6065,5017365.436,45.29480973,-75.92785223,27
16--10012,2016/09/24,3:44 PM,BANK ST @ RIVERSIDE DR S (0002704),2704,02 - Intersection related,03 - P.D. only,04 - Sideswipe,01 - Clear,01 - Daylight,01 - Dry,01 - Traffic signal,01 - Functioning,2,0,0,0,,0,,,,,369305.1077,5027894.553,45.38802038,-75.67623237,28
16--10013,2016/09/24,5:21 PM,MEADOWLANDS DR/TALLWOOD DR @ WOODROFFE AVE (0000095),95,02 - Intersection related,03 - P.D. only,04 - Sideswipe,01 - Clear,01 - Daylight,01 - Dry,01 - Traffic signal,01 - Functioning,2,0,0,0,,0,,,,,363055.5919,5022729.397,45.34209257,-75.75664415,29
16--10014,2016/09/24,5:55 AM,MONTREAL RD btwn OR174 IC109 RAMP65 & ST. JOSEPH BLVD (__3ZA25O),__3ZA25O,01 - Non intersection,02 - Non-fatal injury,07 - SMV other,01 - Clear,07 - Dark,01 - Dry,10 - No control,,1,0,0,0,02 - Minor,1,,1,,,376444.979,5035000.453,45.45126114,-75.58402993,30
16--10015,2016/09/24,6:24 PM,FALLOWFIELD RD @ MERIVALE RD (0000587),587,03 - At intersection,02 - Non-fatal injury,03 - Rear end,01 - Clear,01 - Daylight,01 - Dry,01 - Traffic signal,01 - Functioning,2,0,0,0,01 - Minimal,1,1,,,,366890.0563,5018846.54,45.30682629,-75.70820686,31
16--10016,2016/09/24,6:56 AM,BORTHWICK AVE btwn QUEBEC ST & BURN ST (__3ZA7R8),__3ZA7R8,01 - Non intersection,03 - P.D. only,06 - SMV unattended vehicle,01 - Clear,03 - Dawn,01 - Dry,10 - No control,,1,0,0,0,,0,,,,,372216.9085,5033315.306,45.43651968,-75.63830969,32
16--10017,2016/09/24,7:00 PM,HIGHWAY 417 btwn HWY417 IC119A RAMP67 & HWY417 IC118 RAMP76 (__3ZA2YS),__3ZA2YS,01 - Non intersection,03 - P.D. only,03 - Rear end,01 - Clear,05 - Dusk,01 - Dry,10 - No control,,2,0,0,0,,0,,,,,368933.2325,5030708.37,45.41337233,-75.68061504,33
16--10018,2016/09/24,8:10 PM,CARLING AVE WB btwn MERIVALE RD & HARMER AVE S (__3ZA4UH),__3ZA4UH,04 - At/near private drive,02 - Non-fatal injury,05 - Turning movement,01 - Clear,07 - Dark,01 - Dry,10 - No control,,2,0,0,0,01 - Minimal,1,1,,,,365191.77,5027905.506,45.38848568,-75.72875579,34
16--10019,2016/09/24,8:20 AM,COLEWAY ST btwn VAAN DR & SANDY AVE (__3ZA98K),__3ZA98K,04 - At/near private drive,03 - P.D. only,06 - SMV unattended vehicle,02 - Rain,01 - Daylight,02 - Wet,10 - No control,,1,0,0,0,,0,,,,,364204.2929,5020516.897,45.32208835,-75.74225325,35
16--1002,2016/01/21,4:43 PM,QUEEN MARY ST @ VERA ST (0008258),8258,03 - At intersection,03 - P.D. only,02 - Angle,01 - Clear,05 - Dusk,01 - Dry,02 - Stop sign,01 - Functioning,2,0,0,0,,0,,,,,370522.4938,5031972.918,45.42460276,-75.66014367,36
16--10020,2016/09/24,9:03 AM,HIGHWAY 417 btwn HWY417 IC126 RAMP16 & HWY417 IC126 RAMP61 (__3ZA2RC),__3ZA2RC,01 - Non intersection,03 - P.D. only,03 - Rear end,01 - Clear,01 - Daylight,01 - Dry,10 - No control,,2,0,0,0,,0,,,,,363177.5832,5025879.397,45.37042581,-75.75471566,37
16--10021,2016/09/24,9:22 AM,WOODROFFE AVE @ QUEENSBURY DR/RIDEAUCREST DR (0000043),43,03 - At intersection,03 - P.D. only,05 - Turning movement,01 - Clear,01 - Daylight,01 - Dry,01 - Traffic signal,01 - Functioning,2,0,0,0,,0,,,,,365727.6743,5016328.274,45.2842689,-75.72333794,38
16--10022,2016/09/24,9:31 AM,KING EDWARD AVE @ MURRAY ST (0002713),2713,03 - At intersection,03 - P.D. only,03 - Rear end,01 - Clear,01 - Daylight,01 - Dry,01 - Traffic signal,01 - Functioning,2,0,0,0,,0,,,,,368290.0435,5032753.996,45.43183681,-75.68856814,39
16--10023,2016/09/25,1:00 PM,HIGHWAY 417 btwn HWY417 IC96 RAMP51 & HIGHWAY 417 (__3ZA2W3),__3ZA2W3,01 - Non intersection,03 - P.D. only,04 - Sideswipe,01 - Clear,01 - Daylight,01 - Dry,10 - No control,,2,0,0,0,,0,,,,,387199.7142,5023871.988,45.34995229,-75.44841331,40
16--10024,2016/09/25,1:06 PM,AVIATION PKWY @ AVIATION/ROCKCLIFFE PKWY WB ON (0002033),2033,02 - Intersection related,03 - P.D. only,03 - Rear end,01 - Clear,01 - Daylight,01 - Dry,02 - Stop sign,01 - Functioning,2,0,0,0,,0,,,,,371678.4006,5035485.127,45.4560944,-75.64489693,41
16--10025,2016/09/25,1:15 AM,HIGHWAY 417 btwn HWY417 IC121A RAMP51 & HWY417 IC120A RAMP52 (__3ZA2R6),__3ZA2R6,01 - Non intersection,03 - P.D. only,03 - Rear end,01 - Clear,07 - Dark,01 - Dry,10 - No control,,2,0,0,0,,0,,,,,367281.8996,5029741.468,45.40482182,-75.70183342,42
16--10026,2016/09/25,1:34 PM,LEES AVE @ KING EDWARD AVE/MANN AVE (0011413),11413,02 - Intersection related,03 - P.D. only,03 - Rear end,01 - Clear,01 - Daylight,01 - Dry,01 - Traffic signal,01 - Functioning,2,0,0,0,,0,,,,,369179.0169,5031334.547,45.41898387,-75.67739335,43
16--10027,2016/09/25,10:03 AM,FARRIERS LANE @ SOUTHDOWN CRT (0009388),9388,03 - At intersection,03 - P.D. only,02 - Angle,01 - Clear,01 - Daylight,01 - Dry,02 - Stop sign,01 - Functioning,2,0,0,0,,0,,,,,371645.6306,5023351.734,45.34692624,-75.64696044,44
16--10028,2016/09/25,10:20 PM,HWY417 IC124 RAMP55 btwn CARLING AVE EB & HIGHWAY 417 (__3ZAYA6),__3ZAYA6,01 - Non intersection,03 - P.D. only,03 - Rear end,01 - Clear,07 - Dark,01 - Dry,10 - No control,,2,0,0,0,,0,,,,,364434.2354,5027479.812,45.38472028,-75.73848059,45
16--10029,2016/09/25,10:24 AM,SPRATT RD btwn HOLLOW TRAIL GT & CANYON WALK DR (__3EX1UQ),__3EX1UQ,01 - Non intersection,03 - P.D. only,04 - Sideswipe,01 - Clear,01 - Daylight,01 - Dry,10 - No control,,2,0,0,0,,0,,,,,369042.4351,5016405.496,45.28466861,-75.68107799,46
16--1003,2016/01/21,4:50 PM,PARKDALE AVE @ TYNDALL ST (0006515),6515,03 - At intersection,03 - P.D. only,99 - Other,01 - Clear,05 - Dusk,02 - Wet,02 - Stop sign,01 - Functioning,2,0,0,0,,0,,,,,365263.9201,5029013.78,45.39845147,-75.72769865,47
16--10030,2016/09/25,10:36 AM,BASELINE RD @ CEDARVIEW RD (0010259),10259,02 - Intersection related,02 - Non-fatal injury,03 - Rear end,01 - Clear,01 - Daylight,01 - Dry,01 - Traffic signal,01 - Functioning,2,0,0,0,01 - Minimal,1,1,,,,358972.347,5021688.231,45.33305132,-75.8088574,48
16--10031,2016/09/25,10:55 PM,HIGHWAY 417 btwn HWY417 IC126 RAMP61 & HWY417 IC124 RAMP76 (__3ZA2Y2),__3ZA2Y2,01 - Non intersection,02 - Non-fatal injury,03 - Rear end,01 - Clear,07 - Dark,01 - Dry,10 - No control,,2,0,0,0,01 - Minimal,2,2,,,,363197.5607,5025920.962,45.37079814,-75.75445572,49
16--10032,2016/09/25,11:15 PM,SMYTH RD @ SMYTH RD NORTH SIDE RAMP/SMYTH RD S (0006582),6582,03 - At intersection,03 - P.D. only,02 - Angle,01 - Clear,07 - Dark,01 - Dry,03 - Yield sign,01 - Functioning,2,0,0,0,,0,,,,,369918.1924,5029122.015,45.39900792,-75.66824174,50
16--10033,2016/09/25,11:29 AM,ANDERSON RD btwn RIDGE RD & RUSSELL RD (__3ZA2B4),__3ZA2B4,01 - Non intersection,03 - P.D. only,07 - SMV other,01 - Clear,01 - Daylight,01 - Dry,10 - No control,,1,0,0,0,,0,,,,,379795.8926,5026766.891,45.37682967,-75.54244777,51
16--10034,2016/09/25,Unknown,HAMILTON AVE   N btwn CRAFTSMAN PRIV & SPENCER ST (__382WQQ),__382WQQ,01 - Non intersection,03 - P.D. only,06 - SMV unattended vehicle,01 - Clear,00 - Unknown,01 - Dry,10 - No control,,1,0,0,0,,0,,,,,364982.9908,5029451.666,45.40241568,-75.73123318,52
16--10035,2016/09/25,Unknown,HIGHWAY 417 btwn HWY417 IC119B RAMP57 & HWY417 IC119A RAMP75 (__3ZA1QN),__3ZA1QN,01 - Non intersection,03 - P.D. only,06 - SMV unattended vehicle,01 - Clear,00 - Unknown,01 - Dry,10 - No control,,1,0,0,0,,0,,,,,368588.5529,5030516.859,45.41168068,-75.68504311,53
16--10036,2016/09/25,12:50 PM,ST. JOSEPH BLVD/OLD MONTREAL RD @ TRIM RD (0004118),4118,03 - At intersection,03 - P.D. only,02 - Angle,01 - Clear,01 - Daylight,01 - Dry,11 - Roundabout,01 - Functioning,2,0,0,0,,0,,,,,384682.8007,5039286.544,45.48893028,-75.47802989,54
16--10037,2016/09/25,2:00 PM,HIGHWAY 417 btwn HWY417 IC131 RAMP66 & HWY417 IC130 RAMP26 (__3ZA29A),__3ZA29A,01 - Non intersection,03 - P.D. only,04 - Sideswipe,01 - Clear,01 - Daylight,01 - Dry,10 - No control,,2,0,0,0,,0,,,,,359194.5933,5023078.61,45.3455448,-75.80586929,55
16--10038,2016/09/25,3:56 AM,BANNER RD btwn PARKMOUNT CRES & PARKMOUNT CRES (__3ZAB4V),__3ZAB4V,01 - Non intersection,03 - P.D. only,06 - SMV unattended vehicle,01 - Clear,07 - Dark,01 - Dry,10 - No control,,1,0,0,0,,0,,,,,360909.0491,5021594.812,45.33205856,-75.78416103,56
16--10039,2016/09/25,4:05 PM,COOPER ST @ BANK ST (0006951),6951,02 - Intersection related,03 - P.D. only,05 - Turning movement,01 - Clear,01 - Daylight,01 - Dry,02 - Stop sign,01 - Functioning,2,0,0,0,,0,,,,,367648.1179,5030990.491,45.41602736,-75.69699643,57
16--1004,2016/01/21,5:20 AM,HIGHWAY 417 btwn HWY417 IC119B RAMP76 & HWY417 IC119A RAMP67 (__3ZA2YT),__3ZA2YT,01 - Non intersection,03 - P.D. only,99 - Other,03 - Snow,07 - Dark,02 - Wet,10 - No control,,3,0,0,0,,0,,,,,368595.2631,5030537.091,45.41186211,-75.68495477,58
16--10040,2016/09/25,4:06 PM,HIGHWAY 417 btwn HWY417 IC126 RAMP61 & HWY417 IC124 RAMP76 (__3ZA2Y2),__3ZA2Y2,01 - Non intersection,03 - P.D. only,03 - Rear end,01 - Clear,01 - Daylight,01 - Dry,10 - No control,,4,0,0,0,,0,,,,,363187.0869,5025902.058,45.37062892,-75.75459166,59
16--10041,2016/09/25,4:36 PM,MANOTICK STATION RD btwn HERBERTS CORNERS RD & SNAKE ISLAND RD (__3ZA71F),__3ZA71F,01 - Non intersection,02 - Non-fatal injury,07 - SMV other,01 - Clear,01 - Daylight,01 - Dry,10 - No control,,1,0,0,0,03 - Major,3,,1,2,,376010.7168,5007486.454,45.20374625,-75.59353861,60
16--10042,2016/09/25,4:40 PM,AIRPORT PKWY btwn RAMP & AIRPORT PKWY (2) (__3ZA22Z),__3ZA22Z,01 - Non intersection,03 - P.D. only,07 - SMV other,01 - Clear,01 - Daylight,01 - Dry,10 - No control,,1,0,0,0,,0,,,,,370885.0832,5023970.557,45.35256629,-75.65658229,61
16--10043,2016/09/25,4:45 PM,BLANCHFIELD RD @ OSGOODE MAIN ST (0005713),5713,03 - At intersection,03 - P.D. only,02 - Angle,01 - Clear,01 - Daylight,01 - Dry,02 - Stop sign,01 - Functioning,2,0,0,0,,0,,,,,377912.3696,5002875.356,45.16206208,-75.57001088,62
16--10044,2016/09/25,9:28 AM,TENTH LINE RD btwn ST. JOSEPH BLVD & OLD TENTH LINE RD (__3ZA1TE),__3ZA1TE,01 - Non intersection,03 - P.D. only,03 - Rear end,01 - Clear,01 - Daylight,01 - Dry,10 - No control,,2,0,0,0,,0,,,,,382933.868,5038579.082,45.48276316,-75.50051374,63
16--10045,2016/09/26,1:27 PM,LAURIER AVE   W btwn KENT ST & BANK ST (__3ZA344),__3ZA344,01 - Non intersection,03 - P.D. only,06 - SMV unattended vehicle,01 - Clear,01 - Daylight,01 - Dry,10 - No control,,1,0,0,0,,0,,,,,367404.1975,5031219.433,45.41810917,-75.70008358,64
16--10046,2016/09/26,1:46 PM,LENESTER AVE btwn HARE AVE & MUSKOKA AVE (__3ZAA49),__3ZAA49,04 - At/near private drive,03 - P.D. only,02 - Angle,01 - Clear,01 - Daylight,01 - Dry,10 - No control,,2,0,0,0,,0,,,,,362553.1145,5025825.694,45.36999434,-75.76269362,65
16--10047,2016/09/26,10:00 PM,ELGIN ST btwn SOMERSET ST W & MACLAREN ST (__3ZA342),__3ZA342,01 - Non intersection,03 - P.D. only,06 - SMV unattended vehicle,01 - Clear,07 - Dark,01 - Dry,10 - No control,,1,0,0,0,,0,,,,,368197.956,5031144.358,45.4173622,-75.68995211,66
16--10048,2016/09/26,10:00 PM,HIGHWAY 417 btwn HWY417 IC110 RAMP55 & HWY417 IC104 RAMP51 (__3ZA2W8),__3ZA2W8,01 - Non intersection,03 - P.D. only,03 - Rear end,02 - Rain,07 - Dark,02 - Wet,10 - No control,,2,0,0,0,,0,,,,,377769.602,5026396.461,45.3737107,-75.56837082,67
16--10049,2016/09/26,10:01 PM,SHIRLEY'S BROOK DR btwn MORGAN'S GRANT WAY & INVERARY DR (__3ZA43L),__3ZA43L,04 - At/near private drive,03 - P.D. only,03 - Rear end,02 - Rain,07 - Dark,02 - Wet,10 - No control,,2,0,0,0,,0,,,,,349684.5349,5023638.388,45.35125484,-75.92716983,68
16--1005,2016/01/21,5:20 PM,RIDEAU ST btwn SUSSEX DR & 88 W OF WILLIAM ST/FREIMAN MALL (__3ZA25UA),__3ZA25UA,01 - Non intersection,03 - P.D. only,04 - Sideswipe,01 - Clear,05 - Dusk,02 - Wet,10 - No control,,2,0,0,0,,0,,,,,368004.9717,5032099.028,45.42596946,-75.69229519,69
16--10050,2016/09/26,10:20 AM,ST. JOSEPH BLVD @ JEANNE D'ARC BLVD (0012421),12421,03 - At intersection,03 - P.D. only,04 - Sideswipe,01 - Clear,01 - Daylight,01 - Dry,11 - Roundabout,01 - Functioning,2,0,0,0,,0,,,,,379860.962,5036472.24,45.46414462,-75.54013847,70
16--10051,2016/09/26,Unknown,COOPER ST btwn O'CONNOR ST & METCALFE ST (__3ZA9UP),__3ZA9UP,01 - Non intersection,03 - P.D. only,06 - SMV unattended vehicle,01 - Clear,00 - Unknown,01 - Dry,10 - No control,,1,0,0,0,,0,,,,,367939.5523,5031165.09,45.41757211,-75.6932508,71
16--10052,2016/09/26,Unknown,PRESTON ST btwn BALSAM ST & GLADSTONE AVE (__3ZA31R),__3ZA31R,01 - Non intersection,03 - P.D. only,06 - SMV unattended vehicle,01 - Clear,00 - Unknown,01 - Dry,10 - No control,,1,0,0,0,,0,,,,,366485.5105,5029719.777,45.40469728,-75.71200852,72
16--10053,2016/09/26,Unknown,DONALD ST btwn BELGATE WAY & CUMMINGS AVE (__3ZBO2K),__3ZBO2K,01 - Non intersection,03 - P.D. only,06 - SMV unattended vehicle,01 - Clear,00 - Unknown,01 - Dry,10 - No control,,1,0,0,0,,0,,,,,372629.8657,5032408.286,45.42831882,-75.63315703,73
16--10054,2016/09/26,12:39 PM,LEEDS AVE @ SHEFFIELD RD (0007680),7680,03 - At intersection,03 - P.D. only,03 - Rear end,01 - Clear,01 - Daylight,01 - Dry,03 - Yield sign,01 - Functioning,2,0,0,0,,0,,,,,374866.0352,5029544.674,45.40233312,-75.60499011,74
16--10055,2016/09/26,3:24 AM,ELGIN ST @ LAURIER AVE (0002232),2232,03 - At intersection,03 - P.D. only,07 - SMV other,01 - Clear,07 - Dark,01 - Dry,01 - Traffic signal,01 - Functioning,1,0,0,0,,0,,,,,367948.0513,5031549.356,45.42102884,-75.69309297,75
16--10056,2016/09/26,3:48 PM,CONROY RD @ WALKLEY RD (0002648),2648,02 - Intersection related,03 - P.D. only,03 - Rear end,01 - Clear,01 - Daylight,01 - Dry,01 - Traffic signal,01 - Functioning,2,0,0,0,,0,,,,,372905.283,5027464.21,45.38380751,-75.63032061,76
16--10057,2016/09/26,4:03 PM,BANK ST @ WALKLEY RD (0011423),11423,02 - Intersection related,03 - P.D. only,03 - Rear end,01 - Clear,01 - Daylight,01 - Dry,01 - Traffic signal,01 - Functioning,2,0,0,0,,0,,,,,370339.5083,5025947.321,45.37040381,-75.66328235,77
16--10058,2016/09/26,4:32 PM,REGIONAL ROAD 174 btwn TRANSIT & OR174 IC109 RAMP54 (__3ZAZ6V),__3ZAZ6V,01 - Non intersection,03 - P.D. only,04 - Sideswipe,02 - Rain,01 - Daylight,02 - Wet,10 - No control,,2,0,0,0,,0,,,,,376384.3987,5034794.266,45.44941221,-75.58483434,78
16--10059,2016/09/26,4:55 AM,SLACK RD @ WOODROFFE AVE (0000102),102,03 - At intersection,03 - P.D. only,05 - Turning movement,01 - Clear,07 - Dark,01 - Dry,01 - Traffic signal,01 - Functioning,2,0,0,0,,0,,,,,364234.7812,5019974.698,45.3172071,-75.74192944,79
16--1006,2016/01/21,5:28 PM,WOODKILTON RD btwn VANCES SIDE RD & THOMAS A. DOLAN PKWY (__3ZA2O1),__3ZA2O1,01 - Non intersection,03 - P.D. only,01 - Approaching,03 - Snow,05 - Dusk,03 - Loose snow,10 - No control,,2,0,0,0,,0,,,,,340574.5118,5031226.036,45.42005491,-76.04288058,80
16--10060,2016/09/26,5:10 PM,OTTAWA RIVER PKWY btwn TRANSITWAY - TIME POINT & VIMY PLACE PRIV (__5VHJ2QA),__5VHJ2QA,01 - Non intersection,03 - P.D. only,03 - Rear end,01 - Clear,01 - Daylight,01 - Dry,10 - No control,,2,0,0,0,,0,,,,,365934.3958,5030778.317,45.4142701,-75.71891671,81
16--10061,2016/09/26,5:41 AM,BANK ST @ KILBORN AVE/BELANGER AVE (0007208),7208,03 - At intersection,02 - Non-fatal injury,02 - Angle,01 - Clear,07 - Dark,01 - Dry,01 - Traffic signal,01 - Functioning,2,0,0,0,02 - Minor,1,,1,,,369653.6016,5027427.104,45.38378224,-75.67184378,82
16--10062,2016/09/26,6:54 PM,BANK ST @ QUEENSDALE AVE (0009260),9260,03 - At intersection,03 - P.D. only,05 - Turning movement,01 - Clear,05 - Dusk,01 - Dry,01 - Traffic signal,01 - Functioning,2,0,0,0,,0,,,,,373336.9624,5023445.733,45.34760878,-75.62536626,83
16--10063,2016/09/26,7:26 PM,PARKDALE AVE @ WELLINGTON ST (0002260),2260,03 - At intersection,02 - Non-fatal injury,05 - Turning movement,01 - Clear,07 - Dark,01 - Dry,01 - Traffic signal,01 - Functioning,2,0,0,0,02 - Minor,1,,1,,,365149.4811,5029270.336,45.40076978,-75.72912884,84