Anom_ID,Accident_Date,Accident_Time,Location,Geo_ID,Accident_Location,Classification_of_Accident,Initial_Impact_Type,Environment_Condition,Light,Road_Surface_Condition,Traffic_Control,Traffic_Control_Condition,No__of_Vehicles,No__of_Bicycles,No__of_Motorcycles,No__of_Pedestrians,Max_Injury,No__of_Injuries,No__of_Minimal,No__of_Minor,No__of_Major,No__of_Fatal,X,Y,Latitude,Longitude,ObjectId
16--10409,2016/10/06,3:20 PM,AIRPORT PARKWAY PRIV btwn TO BE DETERMINED & AIR CARGO PRIV (2) (__4B3IYY),__4B3IYY,01 - Non intersection,03 - P.D. only,04 - Sideswipe,01 - Clear,01 - Daylight,01 - Dry,10 - No control,,2,0,0,0,,0,,,,,370507.3594,5020767.984,45.32378591,-75.66182778,168
16--1041,2016/01/22,11:23 PM,JOHNSTON RD btwn KIWANIS CRT & PENNARD WAY (__42KKA8),__42KKA8,01 - Non intersection,03 - P.D. only,07 - SMV other,01 - Clear,07 - Dark,01 - Dry,10 - No control,,1,0,0,0,,0,,,,,372425.8408,5025779.582,45.36869634,-75.6366729,169
16--10410,2016/10/06,3:52 PM,JOCKVALE RD @ STRANDHERD DR (0010541),10541,02 - Intersection related,03 - P.D. only,03 - Rear end,01 - Clear,01 - Daylight,01 - Dry,01 - Traffic signal,01 - Functioning,2,0,0,0,,0,,,,,363561.016,5014579.176,45.26871495,-75.75116157,170
16--10411,2016/10/06,4:00 PM,CARLING AVE @ CROYDON AVE (0002642),2642,03 - At intersection,03 - P.D. only,05 - Turning movement,01 - Clear,01 - Daylight,01 - Dry,01 - Traffic signal,01 - Functioning,2,0,0,0,,0,,,,,360658.4611,5025042.298,45.36309895,-75.78696841,171
16--10412,2016/10/06,4:03 PM,CLEARBROOK DR/MARKETPLACE AVE @ LONGFIELDS DR (0011162),11162,02 - Intersection related,02 - Non-fatal injury,02 - Angle,01 - Clear,01 - Daylight,01 - Dry,01 - Traffic signal,01 - Functioning,2,1,0,0,02 - Minor,1,,1,,,364632.7097,5014953.455,45.27199236,-75.73746023,172
16--10413,2016/10/06,4:13 PM,REGIONAL ROAD 174 btwn Continuation of REGIONAL ROAD 174 & OR174 IC112 (__3ZA2YI),__3ZA2YI,01 - Non intersection,02 - Non-fatal injury,03 - Rear end,01 - Clear,01 - Daylight,01 - Dry,10 - No control,,2,0,0,0,01 - Minimal,1,1,,,,374440.5675,5032578.829,45.42967533,-75.60999552,173
16--10414,2016/10/06,4:47 PM,HERON RD WB btwn PRINCE OF WALES DR & HERON RD WB ON RAMP/VINCENT MASS (__3ZA37C),__3ZA37C,01 - Non intersection,02 - Non-fatal injury,07 - SMV other,01 - Clear,01 - Daylight,01 - Dry,10 - No control,,1,0,0,1,02 - Minor,1,,1,,,367168.8018,5026488.542,45.37556293,-75.70368916,174
16--10415,2016/10/06,4:56 PM,POWELL AVE @ PERCY ST (0007401),7401,03 - At intersection,02 - Non-fatal injury,02 - Angle,01 - Clear,01 - Daylight,01 - Dry,02 - Stop sign,01 - Functioning,2,1,0,0,02 - Minor,1,,1,,,367664.749,5029643.721,45.40390804,-75.6969557,175
16--10416,2016/10/06,5:24 PM,WALKLEY RD btwn HERON RD & HOLLY LANE (__3ZA1V8),__3ZA1V8,01 - Non intersection,03 - P.D. only,04 - Sideswipe,01 - Clear,01 - Daylight,01 - Dry,10 - No control,,2,0,0,0,,0,,,,,372199.3221,5027045.126,45.38010504,-75.63939165,176
16--10417,2016/10/06,5:38 PM,INDUSTRIAL AVE btwn RIVERSIDE DR & SANDFORD FLEMING AVE (__3ZA3PG),__3ZA3PG,01 - Non intersection,03 - P.D. only,03 - Rear end,01 - Clear,01 - Daylight,01 - Dry,10 - No control,,2,0,0,0,,0,,,,,370783.246,5030576.221,45.41201131,-75.65699896,177
16--10418,2016/10/06,6:17 PM,BASELINE RD @ LOBLAWS SC (0009097),9097,03 - At intersection,03 - P.D. only,05 - Turning movement,01 - Clear,05 - Dusk,01 - Dry,01 - Traffic signal,01 - Functioning,2,0,0,0,,0,,,,,364742.0669,5025130.723,45.3635573,-75.73483509,178
16--10419,2016/10/06,6:44 PM,BANK ST @ FIFTH AVE (0007247),7247,02 - Intersection related,03 - P.D. only,04 - Sideswipe,01 - Clear,07 - Dark,01 - Dry,01 - Traffic signal,01 - Functioning,2,0,0,0,,0,,,,,368398.0548,5029401.217,45.40165983,-75.68762055,179
16--1042,2016/01/22,11:51 AM,DALY AVE @ WALLER ST (0008233),8233,03 - At intersection,02 - Non-fatal injury,07 - SMV other,01 - Clear,01 - Daylight,01 - Dry,01 - Traffic signal,01 - Functioning,1,0,0,1,02 - Minor,1,,1,,,368340.5214,5032120.669,45.42613378,-75.68800479,180
16--10420,2016/10/06,7:00 AM,WOODROFFE AVE btwn PARKGLEN DR & DAVID DR (__3ZA34H),__3ZA34H,01 - Non intersection,03 - P.D. only,04 - Sideswipe,01 - Clear,03 - Dawn,01 - Dry,10 - No control,,2,0,0,0,,0,,,,,362978.2747,5022913.429,45.34375489,-75.75760901,181
16--10421,2016/10/06,7:00 AM,MONTREAL RD @ OGILVIE RD (0009279),9279,02 - Intersection related,03 - P.D. only,04 - Sideswipe,01 - Clear,03 - Dawn,01 - Dry,01 - Traffic signal,01 - Functioning,2,0,0,0,,0,,,,,375654.6601,5034556.51,45.44734739,-75.5941967,182
16--10422,2016/10/06,7:00 PM,HIGHWAY 417 btwn HWY417 IC127 RAMP35 & HWY417 IC127 RAMP25 (__3ZA2RE),__3ZA2RE,01 - Non intersection,03 - P.D. only,07 - SMV other,01 - Clear,07 - Dark,01 - Dry,10 - No control,,1,0,0,0,,0,,,,,362143.0116,5024841.265,45.36117021,-75.76804303,183
16--10423,2016/10/06,7:23 PM,MAITLAND AVE @ WOODWARD DR (0003185),3185,03 - At intersection,02 - Non-fatal injury,02 - Angle,01 - Clear,07 - Dark,01 - Dry,01 - Traffic signal,01 - Functioning,2,0,0,0,02 - Minor,1,,1,,,363274.5816,5025661.266,45.36845501,-75.75350324,184
16--10424,2016/10/06,7:25 AM,ORLEANS BLVD @ NAVAN RD (0012474),12474,02 - Intersection related,03 - P.D. only,03 - Rear end,01 - Clear,01 - Daylight,01 - Dry,02 - Stop sign,01 - Functioning,2,0,0,0,,0,,,,,380595.9826,5033091.479,45.43364778,-75.53126143,185
16--10425,2016/10/06,7:30 AM,ROBERTSON RD @ VANIER RD (0000640),640,03 - At intersection,02 - Non-fatal injury,03 - Rear end,01 - Clear,01 - Daylight,01 - Dry,01 - Traffic signal,01 - Functioning,2,0,0,0,01 - Minimal,1,1,,,,357395.6538,5020645.215,45.32378612,-75.8290826,186
16--10426,2016/10/06,7:42 AM,WOODROFFE AVE btwn MAJESTIC DR & TO BE DETERMINED (__3ZA247),__3ZA247,04 - At/near private drive,03 - P.D. only,05 - Turning movement,01 - Clear,01 - Daylight,01 - Dry,10 - No control,,2,0,0,0,,0,,,,,363549.4278,5021521.218,45.33118028,-75.75048666,187
16--10427,2016/10/06,7:52 AM,CRESTWAY DR @ PRINCE OF WALES DR (0010323),10323,02 - Intersection related,03 - P.D. only,03 - Rear end,01 - Clear,01 - Daylight,01 - Dry,01 - Traffic signal,01 - Functioning,3,0,0,0,,0,,,,,367371.0615,5016577.98,45.28637137,-75.70235975,188
16--10428,2016/10/06,7:52 AM,GLENEAGLES AVE @ ST. GEORGES ST (0005030),5030,02 - Intersection related,03 - P.D. only,06 - SMV unattended vehicle,01 - Clear,01 - Daylight,01 - Dry,02 - Stop sign,01 - Functioning,1,0,0,0,,0,,,,,382780.527,5037107.363,45.46953909,-75.5027086,189
16--10429,2016/10/06,8:05 AM,BANK ST @ GLADSTONE AVE (0002253),2253,03 - At intersection,02 - Non-fatal injury,07 - SMV other,01 - Clear,01 - Daylight,01 - Dry,01 - Traffic signal,01 - Functioning,1,0,0,1,02 - Minor,1,,1,,,367918.3627,5030561.328,45.41214156,-75.69359884,190
16--1043,2016/01/22,11:53 PM,EAGLESON RD @ HWY 417 EAGLESO IC138R51/PARK AN (0009698),9698,03 - At intersection,03 - P.D. only,05 - Turning movement,01 - Clear,07 - Dark,01 - Dry,01 - Traffic signal,01 - Functioning,2,0,0,0,,0,,,,,353037.847,5020013.122,45.31841142,-75.88472958,191
16--10430,2016/10/06,8:15 PM,JOCKVALE RD @ STRANDHERD DR (0010541),10541,03 - At intersection,03 - P.D. only,05 - Turning movement,01 - Clear,07 - Dark,01 - Dry,01 - Traffic signal,01 - Functioning,2,0,0,0,,0,,,,,363560.9539,5014578.074,45.26870504,-75.75116249,192
16--10431,2016/10/06,8:17 PM,ALBION RD @ HUNT CLUB RD (0006974),6974,02 - Intersection related,03 - P.D. only,03 - Rear end,01 - Clear,07 - Dark,01 - Dry,01 - Traffic signal,01 - Functioning,2,0,0,0,,0,,,,,371866.9055,5024319.276,45.35561073,-75.64400577,193
16--10432,2016/10/06,8:33 AM,CHESTERTON DR btwn MULVAGH AVE & SOUTHVIEW CRES (__3ZAAV4),__3ZAAV4,01 - Non intersection,02 - Non-fatal injury,07 - SMV other,01 - Clear,01 - Daylight,01 - Dry,10 - No control,,1,0,0,1,02 - Minor,1,,1,,,365319.4236,5023847.951,45.35196551,-75.72762281,194
16--10433,2016/10/06,8:41 AM,MERIVALE RD @ WOODFIELD DR/ROYDON PL (0009776),9776,03 - At intersection,03 - P.D. only,03 - Rear end,01 - Clear,01 - Daylight,01 - Dry,01 - Traffic signal,01 - Functioning,4,0,0,0,,0,,,,,365461.8729,5022297.257,45.33800028,-75.72599515,195
16--10434,2016/10/06,8:44 AM,SUSSEX DR @ YORK ST (0011350),11350,03 - At intersection,03 - P.D. only,04 - Sideswipe,01 - Clear,01 - Daylight,01 - Dry,01 - Traffic signal,01 - Functioning,2,0,0,0,,0,,,,,367805.6461,5032236.025,45.42722009,-75.69482462,196
16--10435,2016/10/06,8:45 AM,INDUSTRIAL AVE @ ALTA VISTA DR/SANDFORD FLEMIN (0006979),6979,02 - Intersection related,03 - P.D. only,03 - Rear end,01 - Clear,01 - Daylight,01 - Dry,01 - Traffic signal,01 - Functioning,2,0,0,0,,0,,,,,370883.8956,5030557.156,45.41183027,-75.65571576,197
16--10436,2016/10/06,8:46 PM,OLD RICHMOND RD @ SANIBEL PRIV S (0013540),13540,03 - At intersection,03 - P.D. only,05 - Turning movement,01 - Clear,07 - Dark,01 - Dry,10 - No control,,2,0,0,0,,0,,,,,357367.8159,5019164.68,45.31046619,-75.82959479,198
16--10437,2016/10/06,8:56 AM,CENTRAL PARK DR N @ MERIVALE RD (0011433),11433,03 - At intersection,02 - Non-fatal injury,02 - Angle,01 - Clear,01 - Daylight,01 - Dry,01 - Traffic signal,01 - Functioning,2,1,0,0,02 - Minor,1,,1,,,364954.0758,5025872.807,45.37021629,-75.73203868,199
16--10438,2016/10/06,9:00 PM,MANOTICK STATION RD @ SNAKE ISLAND RD (0001643),1643,02 - Intersection related,02 - Non-fatal injury,07 - SMV other,01 - Clear,07 - Dark,01 - Dry,02 - Stop sign,01 - Functioning,1,0,0,0,02 - Minor,1,,1,,,376801.638,5005714.28,45.18772031,-75.58372798,200
16--10709,2016/10/15,12:00 PM,COLONNADE RD @ MERIVALE RD (0004569),4569,02 - Intersection related,02 - Non-fatal injury,03 - Rear end,01 - Clear,01 - Daylight,01 - Dry,01 - Traffic signal,01 - Functioning,2,0,0,0,01 - Minimal,1,1,,,,365365.3513,5022544.082,45.34022952,-75.72719637,201
16--1071,2016/01/22,6:54 PM,WELLINGTON ST    W btwn HAMILTON AVE N & PARKDALE AVE (__3ZA4QX),__3ZA4QX,04 - At/near private drive,03 - P.D. only,02 - Angle,01 - Clear,07 - Dark,04 - Slush,10 - No control,,2,0,0,0,,0,,,,,365142.8949,5029268.58,45.40075454,-75.72921318,202
16--10710,2016/10/15,12:08 PM,BESSERER ST @ WALLER ST (0008859),8859,02 - Intersection related,03 - P.D. only,04 - Sideswipe,01 - Clear,01 - Daylight,01 - Dry,01 - Traffic signal,01 - Functioning,2,0,0,0,,0,,,,,368315.2747,5032191.758,45.4267757,-75.68831822,203
16--10711,2016/10/15,12:45 PM,OLD GEORGE ST btwn OSGOODE MAIN ST & LION ST (__3ZA7FO),__3ZA7FO,04 - At/near private drive,03 - P.D. only,02 - Angle,01 - Clear,01 - Daylight,01 - Dry,10 - No control,,2,0,0,0,,0,,,,,374741.8302,5000783.656,45.14356243,-75.61062795,204
16--10712,2016/10/15,12:50 PM,BASELINE RD @ FISHER AVE (0002346),2346,02 - Intersection related,03 - P.D. only,03 - Rear end,01 - Clear,01 - Daylight,01 - Dry,01 - Traffic signal,01 - Functioning,3,0,0,0,,0,,,,,366168.3499,5026028.119,45.37150848,-75.71651871,205
16--10713,2016/10/15,2:00 PM,KANATA AVE @ TERRY FOX DR (0012691),12691,02 - Intersection related,02 - Non-fatal injury,02 - Angle,01 - Clear,01 - Daylight,01 - Dry,01 - Traffic signal,01 - Functioning,2,1,0,0,02 - Minor,1,,1,,,349306.087,5019211.365,45.31144346,-75.93239751,206
16--10714,2016/10/15,2:02 AM,RUSSELL RD btwn BIRCHGROVE RD & CANAAN RD (__3ZA3KU),__3ZA3KU,01 - Non intersection,03 - P.D. only,07 - SMV other,01 - Clear,07 - Dark,01 - Dry,10 - No control,,1,0,0,0,,0,,,,,400445.7555,5029683.024,45.40055049,-75.27827763,207
16--10715,2016/10/15,2:18 PM,MARCH RD btwn GREY FOX DR & HOWIE RD (__3ZA2QF),__3ZA2QF,01 - Non intersection,03 - P.D. only,07 - SMV other,01 - Clear,01 - Daylight,01 - Dry,10 - No control,,1,0,0,0,,0,,,,,336577.1358,5016666.855,45.28923799,-76.0948927,208
16--10716,2016/10/15,2:20 AM,RIVERSIDE DR btwn MOONEY'S BAY PL & WALKLEY RD (__3ZA36Q),__3ZA36Q,01 - Non intersection,03 - P.D. only,07 - SMV other,01 - Clear,07 - Dark,01 - Dry,10 - No control,,1,0,0,0,,0,,,,,368357.9521,5025289.231,45.36466499,-75.68866218,209
16--10717,2016/10/15,2:50 PM,KIRKWOOD AVE @ MERIVALE RD (0002243),2243,02 - Intersection related,03 - P.D. only,03 - Rear end,01 - Clear,01 - Daylight,01 - Dry,01 - Traffic signal,01 - Functioning,2,0,0,0,,0,,,,,364854.5296,5026647.785,45.37719794,-75.73321519,210
16--10718,2016/10/15,3:10 PM,PRINCE OF WALES DR @ WEST HUNT CLUB RD (0000567),567,02 - Intersection related,03 - P.D. only,03 - Rear end,02 - Rain,01 - Daylight,02 - Wet,01 - Traffic signal,01 - Functioning,2,0,0,0,,0,,,,,367457.8821,5021891.917,45.33417769,-75.70058118,211
16--10719,2016/10/15,3:21 PM,ERINDALE DR @ NAVAHO DR (0003367),3367,02 - Intersection related,02 - Non-fatal injury,03 - Rear end,01 - Clear,01 - Daylight,01 - Dry,02 - Stop sign,01 - Functioning,2,0,0,0,02 - Minor,1,,1,,,363663.6917,5025067.934,45.36308371,-75.74860691,212
16--1072,2016/01/22,6:55 PM,BELCOURT BLVD @ INNES RD (0004202),4202,02 - Intersection related,03 - P.D. only,03 - Rear end,01 - Clear,07 - Dark,01 - Dry,01 - Traffic signal,01 - Functioning,4,0,0,0,,0,,,,,382122.018,5035267.049,45.45305472,-75.51141842,213
16--10720,2016/10/15,3:30 PM,BASELINE RD btwn MCWATTERS RD & ROCKWAY CRES (__3ZA2LT),__3ZA2LT,01 - Non intersection,03 - P.D. only,99 - Other,01 - Clear,01 - Daylight,01 - Dry,10 - No control,,2,0,0,0,,0,,,,,361031.6572,5022841.834,45.34326943,-75.78245521,214
16--10721,2016/10/15,4:40 PM,METCALFE ST btwn LEWIS ST & WAVERLEY ST (__3ZA3RN),__3ZA3RN,01 - Non intersection,03 - P.D. only,04 - Sideswipe,01 - Clear,01 - Daylight,01 - Dry,10 - No control,,2,0,0,0,,0,,,,,368127.9569,5030912.818,45.41528522,-75.69087617,215
16--10722,2016/10/15,4:56 PM,CARP RD @ MARCH RD (0001689),1689,03 - At intersection,03 - P.D. only,02 - Angle,01 - Clear,01 - Daylight,01 - Dry,01 - Traffic signal,01 - Functioning,2,0,0,0,,0,,,,,342163.4576,5021732.288,45.3345441,-76.02329641,216
16--10723,2016/10/15,5:00 PM,HUNTER'S RUN DR @ JEANNE D'ARC BLVD (0012419),12419,02 - Intersection related,03 - P.D. only,03 - Rear end,01 - Clear,05 - Dusk,01 - Dry,01 - Traffic signal,01 - Functioning,2,0,0,0,,0,,,,,380568.2062,5036175.456,45.46139804,-75.53114144,217
16--10724,2016/10/15,5:49 PM,INNES RD @ 298 E OF WILDFLOWER DR/LOBLAWS SC (0012918),12918,03 - At intersection,03 - P.D. only,05 - Turning movement,01 - Clear,05 - Dusk,01 - Dry,01 - Traffic signal,01 - Functioning,2,0,0,0,,0,,,,,383191.2044,5035796.152,45.45769601,-75.49766635,218
16--10725,2016/10/15,6:05 PM,STITTSVILLE MAIN ST @ HAZELDEAN RD (0000050),50,03 - At intersection,03 - P.D. only,05 - Turning movement,01 - Clear,01 - Daylight,01 - Dry,01 - Traffic signal,01 - Functioning,2,0,0,0,,0,,,,,349559.0567,5014878.937,45.27244282,-75.9295624,219
16--10726,2016/10/15,8:10 AM,MARVELVILLE RD btwn BANK ST & 8TH LINE RD (__3ZA2AK),__3ZA2AK,01 - Non intersection,03 - P.D. only,07 - SMV other,01 - Clear,01 - Daylight,01 - Dry,10 - No control,,1,0,0,0,,0,,,,,387626.8104,5005384.506,45.18356502,-75.44604659,220
16--10727,2016/10/15,8:39 PM,RUSSELL RD btwn BIRCHGROVE RD & CANAAN RD (__3ZA3KU),__3ZA3KU,04 - At/near private drive,03 - P.D. only,05 - Turning movement,01 - Clear,07 - Dark,01 - Dry,10 - No control,,2,0,0,0,,0,,,,,401042.2354,5030032.004,45.40360835,-75.27059221,221
16--10728,2016/10/15,8:48 AM,TRIM RD @ WATTERS RD (0012847),12847,03 - At intersection,02 - Non-fatal injury,02 - Angle,01 - Clear,01 - Daylight,01 - Dry,01 - Traffic signal,01 - Functioning,2,0,0,0,02 - Minor,1,,1,,,384963.9935,5038718.235,45.48378496,-75.47452585,222
16--10729,2016/10/15,8:58 AM,BASELINE RD @ WOODROFFE AVE (0002225),2225,02 - Intersection related,03 - P.D. only,03 - Rear end,01 - Clear,01 - Daylight,01 - Dry,01 - Traffic signal,00 - Unknown,2,0,0,0,,0,,,,,362549.6902,5023771.747,45.35151339,-75.76297734,223
16--1073,2016/01/22,7:05 PM,TERRY FOX DR btwn HWY417 IC140 RAMP16 & HWY417 IC140 RAMP35 (__3ZA3DR),__3ZA3DR,01 - Non intersection,03 - P.D. only,03 - Rear end,01 - Clear,07 - Dark,01 - Dry,10 - No control,,2,0,0,0,,0,,,,,350944.0221,5018555.254,45.30543389,-75.9115705,224
16--10730,2016/10/15,9:05 PM,GOLDEN LINE RD btwn MARCH RD & Continuation of GOLDEN LINE RD (__3ZA481),__3ZA481,01 - Non intersection,03 - P.D. only,07 - SMV other,01 - Clear,07 - Dark,01 - Dry,10 - No control,,1,0,0,0,,0,,,,,332694.4863,5012036.583,45.24773673,-76.14464928,225
16--10731,2016/10/15,9:34 PM,EARL ARMSTRONG RD @ BOWESVILLE RD (0009411),9411,03 - At intersection,03 - P.D. only,07 - SMV other,01 - Clear,07 - Dark,01 - Dry,02 - Stop sign,01 - Functioning,1,0,0,0,,0,,,,,372560.6453,5017440.544,45.29365136,-75.63609368,226
16--10732,2016/10/15,9:56 AM,NEPEAN ST @ BANK ST (0006938),6938,03 - At intersection,02 - Non-fatal injury,07 - SMV other,01 - Clear,01 - Daylight,01 - Dry,02 - Stop sign,01 - Functioning,1,0,0,1,03 - Major,1,,,1,,367562.0465,5031133.356,45.41732054,-75.69807785,227
16--10733,2016/10/16,1:29 PM,GREENBANK RD btwn NE/OT BOUNDARY & MONTEREY DR (__3ZBPHX),__3ZBPHX,01 - Non intersection,03 - P.D. only,03 - Rear end,02 - Rain,01 - Daylight,02 - Wet,10 - No control,,4,0,0,0,,0,,,,,360634.1168,5022498.437,45.3402113,-75.78756639,228
16--10734,2016/10/16,1:56 PM,NAVAHO DR @ WOODROFFE AVE/TRANSITWAY N BASELIN (0010359),10359,03 - At intersection,02 - Non-fatal injury,05 - Turning movement,01 - Clear,01 - Daylight,01 - Dry,01 - Traffic signal,01 - Functioning,2,0,0,0,02 - Minor,1,,1,,,362706.4614,5023492.142,45.3489846,-75.76100947,229
16--10735,2016/10/16,10:35 AM,FIFTH AVE @ QUEEN ELIZABETH DRWY (0006908),6908,03 - At intersection,02 - Non-fatal injury,05 - Turning movement,02 - Rain,01 - Daylight,02 - Wet,01 - Traffic signal,01 - Functioning,2,0,0,0,02 - Minor,2,,2,,,368836.6526,5029657.444,45.40392529,-75.68198536,230
16--10736,2016/10/16,11:45 AM,BORRISOKANE RD/TARTAN DR @ STRANDHERD DR (0010634),10634,02 - Intersection related,03 - P.D. only,03 - Rear end,02 - Rain,01 - Daylight,02 - Wet,01 - Traffic signal,01 - Functioning,2,0,0,0,,0,,,,,362291.2131,5013545.408,45.25951798,-75.76746198,231
16--10737,2016/10/16,11:56 AM,ARLINGTON AVE @ BRONSON AVE (0006759),6759,03 - At intersection,03 - P.D. only,05 - Turning movement,02 - Rain,01 - Daylight,02 - Wet,01 - Traffic signal,01 - Functioning,2,0,0,0,,0,,,,,367221.6117,5029867.344,45.40595979,-75.70258755,232
16--10738,2016/10/16,12:15 PM,AYLMER AVE btwn BARTON ST & GALT ST (__3ZBOTK),__3ZBOTK,01 - Non intersection,03 - P.D. only,04 - Sideswipe,02 - Rain,01 - Daylight,02 - Wet,10 - No control,,2,0,0,0,,0,,,,,368546.5993,5028652.485,45.39490946,-75.68582005,233
16--10739,2016/10/16,12:20 PM,GREENBANK RD @ IRIS ST/HWY 417 IC129 RAMP51 (0009073),9073,02 - Intersection related,03 - P.D. only,03 - Rear end,02 - Rain,01 - Daylight,02 - Wet,01 - Traffic signal,00 - Unknown,2,0,0,0,,0,,,,,360532.2577,5023311.999,45.34753982,-75.78877433,234
16--1074,2016/01/22,7:12 PM,COPE DR @ TERRY FOX (0009143),9143,03 - At intersection,03 - P.D. only,02 - Angle,01 - Clear,07 - Dark,01 - Dry,01 - Traffic signal,01 - Functioning,2,0,0,0,,0,,,,,353998.7016,5015345.779,45.27634698,-75.87293776,235
16--10740,2016/10/16,12:22 PM,KIRKWOOD AVE @ LAPERRIERE AVE (0006742),6742,02 - Intersection related,03 - P.D. only,03 - Rear end,02 - Rain,01 - Daylight,02 - Wet,01 - Traffic signal,01 - Functioning,2,0,0,0,,0,,,,,364519.694,5026959.785,45.38003388,-75.7374523,236
16--10741,2016/10/16,2:15 PM,FRANK NIGHBOR PL @ SILVER SEVEN RD (0009107),9107,02 - Intersection related,03 - P.D. only,03 - Rear end,02 - Rain,01 - Daylight,02 - Wet,02 - Stop sign,00 - Unknown,3,0,0,0,,0,,,,,350759.6592,5018219.158,45.30242169,-75.91395253,237
16--10742,2016/10/16,2:45 PM,CARLING AVE @ PINECREST  RD/GREENVIEW AVE (0001630),1630,03 - At intersection,03 - P.D. only,02 - Angle,02 - Rain,01 - Daylight,02 - Wet,01 - Traffic signal,01 - Functioning,2,0,0,0,,0,,,,,360006.4562,5024632.748,45.35946548,-75.79533634,238
16--10743,2016/10/16,3:08 PM,PRINCE OF WALES DR btwn 187 N OF MEADOWLANDS DR & MEADOWLANDS DR/HOG'S (__3ZA36WA),__3ZA36WA,04 - At/near private drive,03 - P.D. only,03 - Rear end,01 - Clear,01 - Daylight,01 - Dry,10 - No control,,2,0,0,0,,0,,,,,367361.981,5025729.502,45.36871605,-75.70131907,239
16--10744,2016/10/16,4:15 AM,PRINCE OF WALES DR @ WEST HUNT CLUB RD (0000567),567,02 - Intersection related,02 - Non-fatal injury,03 - Rear end,01 - Clear,07 - Dark,01 - Dry,01 - Traffic signal,01 - Functioning,2,0,0,0,02 - Minor,1,,1,,,367458.7103,5021891.089,45.33417016,-75.70057072,240
16--10745,2016/10/16,4:17 PM,PRINCE OF WALES DR @ MEADOWLANDS DR/HOG'S BACK (0001629),1629,03 - At intersection,02 - Non-fatal injury,02 - Angle,01 - Clear,01 - Daylight,01 - Dry,01 - Traffic signal,01 - Functioning,2,0,0,0,01 - Minimal,1,1,,,,367371.2603,5025693.257,45.3683891,-75.70120521,241
16--10746,2016/10/16,4:32 PM,BANK ST btwn HERON RD & ANOKA ST (__3ZA360),__3ZA360,04 - At/near private drive,03 - P.D. only,02 - Angle,01 - Clear,01 - Daylight,01 - Dry,10 - No control,,2,0,0,0,,0,,,,,370000.1108,5026837.931,45.37844889,-75.66749727,242
16--10747,2016/10/16,4:37 PM,BARRICK HILL RD btwn AKERSON RD & MOORPARK AVE (__7IFXNK),__7IFXNK,04 - At/near private drive,03 - P.D. only,02 - Angle,01 - Clear,01 - Daylight,02 - Wet,10 - No control,,2,0,0,0,,0,,,,,354072.049,5016060.472,45.28277283,-75.87193201,243
16--10748,2016/10/16,5:14 PM,QUEEN ELIZABETH DRWY btwn QUEEN ELIZABETH PL & FIFTH AVE (__3ZA22J),__3ZA22J,01 - Non intersection,02 - Non-fatal injury,07 - SMV other,01 - Clear,05 - Dusk,00 - Unknown,10 - No control,,1,0,0,0,01 - Minimal,1,1,,,,368849.0573,5029629.704,45.40367456,-75.68183052,244
16--10749,2016/10/16,6:49 PM,CONOVER ST @ ELVASTON AVE (0000938),938,03 - At intersection,03 - P.D. only,07 - SMV other,02 - Rain,07 - Dark,02 - Wet,02 - Stop sign,01 - Functioning,1,0,0,0,,0,,,,,361837.0202,5021330.27,45.3296034,-75.77235341,245
16--1075,2016/01/22,7:18 AM,MOODIE DR @ WEST HUNT CLUB RD (0010414),10414,02 - Intersection related,02 - Non-fatal injury,03 - Rear end,01 - Clear,03 - Dawn,01 - Dry,01 - Traffic signal,01 - Functioning,3,0,0,0,01 - Minimal,1,1,,,,357907.7547,5018498.105,45.30442765,-75.82278078,246
16--10750,2016/10/16,6:55 AM,CHESTERTON DR/COOLSPRING CRES W @ VIEWMOUNT DR (0000518),518,03 - At intersection,03 - P.D. only,07 - SMV other,01 - Clear,03 - Dawn,01 - Dry,02 - Stop sign,01 - Functioning,1,0,0,0,,0,,,,,366230.6115,5023515.904,45.34889858,-75.71603614,247
16--10751,2016/10/16,7:19 AM,REGIONAL ROAD 174 btwn OR174 IC112 RAMP36 & OR174 IC112 RAMP26 (__3ZAZFK),__3ZAZFK,01 - Non intersection,02 - Non-fatal injury,07 - SMV other,01 - Clear,01 - Daylight,01 - Dry,10 - No control,,1,0,0,0,02 - Minor,1,,1,,,374544.4421,5032654.481,45.43034566,-75.60865745,248
16--10752,2016/10/16,7:55 AM,EAGLESON RD @ PALOMINO DR S/ROTHESAY DR (0003134),3134,03 - At intersection,02 - Non-fatal injury,05 - Turning movement,02 - Rain,01 - Daylight,02 - Wet,01 - Traffic signal,01 - Functioning,2,0,0,0,02 - Minor,2,,2,,,354124.0206,5017288.909,45.29382294,-75.87114744,249
16--10753,2016/10/16,8:51 AM,ASHTON STATION RD btwn MALLOCH LANE & COPELAND RD (__3ZAC6S),__3ZAC6S,01 - Non intersection,02 - Non-fatal injury,07 - SMV other,01 - Clear,01 - Daylight,02 - Wet,10 - No control,,1,0,0,0,01 - Minimal,1,1,,,,344570.3307,4998466.338,45.12505291,-75.99444879,250