Anom_ID,Accident_Date,Accident_Time,Location,Geo_ID,Accident_Location,Classification_of_Accident,Initial_Impact_Type,Environment_Condition,Light,Road_Surface_Condition,Traffic_Control,Traffic_Control_Condition,No__of_Vehicles,No__of_Bicycles,No__of_Motorcycles,No__of_Pedestrians,Max_Injury,No__of_Injuries,No__of_Minimal,No__of_Minor,No__of_Major,No__of_Fatal,X,Y,Latitude,Longitude,ObjectId
16--10754,2016/10/16,9:02 PM,INNES RD btwn VISENEAU DR & BELCOURT BLVD (__3ZA3JX),__3ZA3JX,04 - At/near private drive,02 - Non-fatal injury,03 - Rear end,01 - Clear,07 - Dark,02 - Wet,10 - No control,,2,0,0,0,02 - Minor,1,,1,,,382115.1467,5035263.95,45.45302759,-75.51150675,251
16--10755,2016/10/16,9:10 AM,BASELINE RD @ CENTREPOINTE DR E/HIGHGATE RD (0011468),11468,03 - At intersection,02 - Non-fatal injury,02 - Angle,01 - Clear,01 - Daylight,01 - Dry,01 - Traffic signal,01 - Functioning,2,0,0,0,02 - Minor,1,,1,,,362060.5889,5023465.286,45.34879598,-75.7692544,252
16--10756,2016/10/16,9:20 AM,ASHMORE DR btwn HEARTHSTONE PL & WHITEWATER ST (__44Z98O),__44Z98O,04 - At/near private drive,03 - P.D. only,06 - SMV unattended vehicle,01 - Clear,01 - Daylight,01 - Dry,10 - No control,,1,0,0,0,,0,,,,,366877.0105,5014620.202,45.26879923,-75.70890202,253
16--10757,2016/10/16,9:24 PM,OTTAWA ROAD 29 btwn GALETTA SIDE RD & WALTER BRADLEY RD (__3ZAZ58),__3ZAZ58,01 - Non intersection,02 - Non-fatal injury,07 - SMV other,"07 - Fog, mist, smoke, dust",07 - Dark,02 - Wet,10 - No control,,1,0,0,0,02 - Minor,1,,1,,,318988.9241,5027147.713,45.38412673,-76.31881172,254
16--10758,2016/10/16,9:25 PM,LOLA ST btwn SPARTAN AVE & FULLERTON AVE (__3ZA81C),__3ZA81C,04 - At/near private drive,03 - P.D. only,02 - Angle,02 - Rain,07 - Dark,02 - Wet,10 - No control,,2,0,0,0,,0,,,,,371077.4813,5032508.42,45.42936861,-75.6529803,255
16--10759,2016/10/16,9:37 PM,BANK ST btwn CECIL AVE & HERON RD (__3ZA3AC),__3ZA3AC,01 - Non intersection,03 - P.D. only,04 - Sideswipe,01 - Clear,07 - Dark,01 - Dry,10 - No control,,2,0,0,0,,0,,,,,369961.2524,5026944.407,45.37941054,-75.66797932,256
16--1076,2016/01/22,7:19 AM,CROYDON AVE btwn RICHMOND RD & BOND ST (__3ZABX1),__3ZABX1,04 - At/near private drive,03 - P.D. only,02 - Angle,01 - Clear,03 - Dawn,01 - Dry,10 - No control,,2,0,0,0,,0,,,,,360584.5128,5025197.932,45.36450523,-75.78789471,257
16--10760,2016/10/17,1:25 PM,BLOHM DR @ HUNT CLUB RD (0011392),11392,03 - At intersection,03 - P.D. only,05 - Turning movement,01 - Clear,01 - Daylight,01 - Dry,01 - Traffic signal,01 - Functioning,2,0,0,0,,0,,,,,375128.6483,5026189.299,45.37211678,-75.60211408,258
16--10761,2016/10/17,10:02 AM,RIVER RD btwn BALMORAL DR & JARVIS DR (__3ZA38O),__3ZA38O,04 - At/near private drive,03 - P.D. only,07 - SMV other,01 - Clear,01 - Daylight,01 - Dry,10 - No control,,1,0,0,0,,0,,,,,368146.9719,5019967.312,45.31679858,-75.69203655,259
16--10762,2016/10/17,10:08 AM,MORRISON DR btwn DRAPER AVE & BASELINE RD (__3ZAAG2),__3ZAAG2,01 - Non intersection,03 - P.D. only,06 - SMV unattended vehicle,01 - Clear,01 - Daylight,01 - Dry,10 - No control,,1,0,0,0,,0,,,,,360093.0419,5022324.815,45.3386919,-75.79448928,260
16--10763,2016/10/17,10:15 AM,REGIONAL ROAD 174 btwn QUIGLEY HILL RD & CAMERON ST (__3ZA27U),__3ZA27U,01 - Non intersection,03 - P.D. only,07 - SMV other,01 - Clear,01 - Daylight,01 - Dry,10 - No control,,1,0,0,0,,0,,,,,388767.9695,5042450.301,45.51691461,-75.42523433,261
16--10764,2016/10/17,10:40 PM,"MCARTHUR AVE @ EGLISE, RUE DE L/MOORVALE ST (0007763)",7763,03 - At intersection,02 - Non-fatal injury,07 - SMV other,01 - Clear,07 - Dark,01 - Dry,01 - Traffic signal,01 - Functioning,1,0,0,1,01 - Minimal,1,1,,,,371446.9234,5032824.584,45.4321782,-75.64821659,262
16--10765,2016/10/17,10:45 AM,LASSITER TER S @ OGILVIE RD (0012982),12982,02 - Intersection related,03 - P.D. only,05 - Turning movement,01 - Clear,01 - Daylight,01 - Dry,02 - Stop sign,01 - Functioning,2,0,0,0,,0,,,,,375509.1078,5034863.703,45.45012606,-75.59601305,263
16--10766,2016/10/17,11:50 PM,SILVER ST btwn CHRISTINE AVE & EMPEROR AVE (__3ZA0ON),__3ZA0ON,01 - Non intersection,03 - P.D. only,06 - SMV unattended vehicle,01 - Clear,07 - Dark,02 - Wet,10 - No control,,1,0,0,0,,0,,,,,365128.6046,5026862.443,45.37910585,-75.72968985,264
16--10767,2016/10/17,Unknown,CAMERON AVE btwn BELLWOOD AVE & RIVERDALE AVE (__3ZA8GF),__3ZA8GF,01 - Non intersection,03 - P.D. only,06 - SMV unattended vehicle,01 - Clear,00 - Unknown,01 - Dry,10 - No control,,1,0,0,0,,0,,,,,369017.9006,5028305.316,45.39174268,-75.67984634,265
16--10768,2016/10/17,Unknown,SCULLY WAY btwn MULDER AVE & MULDER AVE (__3ZACFE),__3ZACFE,01 - Non intersection,03 - P.D. only,06 - SMV unattended vehicle,01 - Clear,00 - Unknown,01 - Dry,10 - No control,,1,0,0,0,,0,,,,,386128.9856,5037227.749,45.47024032,-75.45987226,266
16--10769,2016/10/17,Unknown,DEN HAAG DR btwn CARSON'S RD & BATHGATE DR (__3ZA7W2),__3ZA7W2,01 - Non intersection,03 - P.D. only,06 - SMV unattended vehicle,01 - Clear,00 - Unknown,01 - Dry,10 - No control,,1,0,0,0,,0,,,,,373398.6099,5033921.848,45.44186209,-75.62312298,267
16--1077,2016/01/22,7:25 PM,RIVERSIDE DR @ HERON RD (0002236),2236,03 - At intersection,03 - P.D. only,03 - Rear end,01 - Clear,07 - Dark,01 - Dry,01 - Traffic signal,01 - Functioning,2,0,0,0,,0,,,,,368120.4463,5026647.441,45.37690731,-75.69151961,268
16--10770,2016/10/17,12:11 PM,COOLSPRING CRES E @ VIEWMOUNT DR E (0001532),1532,02 - Intersection related,03 - P.D. only,07 - SMV other,01 - Clear,01 - Daylight,01 - Dry,02 - Stop sign,01 - Functioning,1,0,0,0,,0,,,,,366554.9359,5023720.064,45.35070709,-75.71187208,269
16--10771,2016/10/17,3:10 PM,CARLING AVE @ KIRKWOOD AVE S (0002209),2209,02 - Intersection related,03 - P.D. only,03 - Rear end,01 - Clear,01 - Daylight,01 - Dry,01 - Traffic signal,01 - Functioning,2,0,0,0,,0,,,,,364351.4342,5027337.238,45.38344446,-75.73955505,270
16--10772,2016/10/17,3:22 PM,RIVERSIDE DR NB btwn INDUSTRIAL AVE & TREMBLAY RD (__3ZA4SE),__3ZA4SE,01 - Non intersection,03 - P.D. only,03 - Rear end,01 - Clear,01 - Daylight,01 - Dry,10 - No control,,3,0,0,0,,0,,,,,370803.0172,5030982.314,45.4156633,-75.656692,271
16--10773,2016/10/17,3:26 PM,FITZGERALD RD @ ROBERTSON RD (0005301),5301,02 - Intersection related,03 - P.D. only,03 - Rear end,02 - Rain,01 - Daylight,02 - Wet,01 - Traffic signal,01 - Functioning,2,0,0,0,,0,,,,,356789.8104,5020288.892,45.32062502,-75.83684771,272
16--10774,2016/10/17,3:27 PM,GREENBANK RD @ MONTEREY DR (0001126),1126,03 - At intersection,03 - P.D. only,04 - Sideswipe,01 - Clear,01 - Daylight,02 - Wet,02 - Stop sign,01 - Functioning,2,0,0,0,,0,,,,,360653.0235,5022452.278,45.33979446,-75.78733037,273
16--10775,2016/10/17,3:33 PM,GREENBANK RD @ IRIS ST/HWY 417 IC129 RAMP51 (0009073),9073,02 - Intersection related,03 - P.D. only,03 - Rear end,01 - Clear,01 - Daylight,01 - Dry,01 - Traffic signal,01 - Functioning,2,0,0,0,,0,,,,,360532.0425,5023313.722,45.34755534,-75.78877688,274
16--10776,2016/10/17,3:40 PM,OGILVIE RD @ 240 W OF BLAIR RD (0012431),12431,03 - At intersection,02 - Non-fatal injury,03 - Rear end,01 - Clear,01 - Daylight,01 - Dry,01 - Traffic signal,01 - Functioning,2,0,0,0,01 - Minimal,1,1,,,,374298.1305,5033077.224,45.43417379,-75.61174529,275
16--10777,2016/10/17,4:00 PM,BANK ST btwn MASON ST & MEADOW DR (__3ZA28O),__3ZA28O,01 - Non intersection,03 - P.D. only,03 - Rear end,01 - Clear,01 - Daylight,01 - Dry,10 - No control,,2,0,0,0,,0,,,,,378240.3606,5014703.295,45.2684521,-75.56409519,276
16--10778,2016/10/17,4:14 PM,CARLING AVE @ IRVING PL/MAPLE DR (0006872),6872,03 - At intersection,03 - P.D. only,05 - Turning movement,01 - Clear,01 - Daylight,01 - Dry,01 - Traffic signal,01 - Functioning,2,0,0,0,,0,,,,,366186.4845,5028527.334,45.39399427,-75.71597643,277
16--10779,2016/10/17,4:36 PM,FISHER AVE btwn MCCOOEY LANE & BASELINE RD (__3ZA4JS),__3ZA4JS,01 - Non intersection,02 - Non-fatal injury,03 - Rear end,01 - Clear,01 - Daylight,01 - Dry,10 - No control,,3,0,0,0,01 - Minimal,1,1,,,,366070.767,5026259.274,45.3735969,-75.71773574,278
16--1078,2016/01/22,7:32 AM,LATOUR CRES btwn GARDENWAY DR & GARDENWAY DR (__3ZA5SX),__3ZA5SX,04 - At/near private drive,03 - P.D. only,02 - Angle,01 - Clear,03 - Dawn,01 - Dry,10 - No control,,2,0,0,0,,0,,,,,383907.0023,5036811.833,45.46675351,-75.48835194,279
16--10780,2016/10/17,5:30 PM,WOODROFFE AVE @ KNOXDALE RD/MEDHURST DR (0000519),519,02 - Intersection related,03 - P.D. only,03 - Rear end,02 - Rain,01 - Daylight,02 - Wet,01 - Traffic signal,00 - Unknown,2,0,0,0,,0,,,,,363420.0564,5021826.637,45.33393924,-75.75210084,280
16--10781,2016/10/17,5:42 PM,FOSTER ST @ PARKDALE AVE (0006100),6100,02 - Intersection related,03 - P.D. only,03 - Rear end,01 - Clear,01 - Daylight,01 - Dry,02 - Stop sign,00 - Unknown,2,0,0,0,,0,,,,,365243.6984,5029056.485,45.39883746,-75.72795168,281
16--10782,2016/10/17,5:58 PM,HUNT CLUB RD @ LORRY GREENBERG DR/SABLE RIDGE  (0008203),8203,02 - Intersection related,02 - Non-fatal injury,03 - Rear end,02 - Rain,05 - Dusk,02 - Wet,01 - Traffic signal,01 - Functioning,2,0,0,0,01 - Minimal,1,1,,,,372824.4617,5024807.519,45.35991152,-75.63171841,282
16--10783,2016/10/17,6:00 AM,HIGHWAY 417 btwn HWY417 IC129 RAMP51 & HWY417 IC129 RAMP35 (__3ZA2X9),__3ZA2X9,01 - Non intersection,02 - Non-fatal injury,03 - Rear end,01 - Clear,07 - Dark,02 - Wet,10 - No control,,2,0,0,0,01 - Minimal,1,1,,,,360344.6245,5023440.583,45.3487117,-75.79115418,283
16--10784,2016/10/17,6:37 PM,MEADOWLANDS DR/TALLWOOD DR @ WOODROFFE AVE (0000095),95,02 - Intersection related,02 - Non-fatal injury,03 - Rear end,01 - Clear,07 - Dark,01 - Dry,01 - Traffic signal,01 - Functioning,2,0,0,0,01 - Minimal,1,1,,,,363056.4001,5022728.477,45.34208422,-75.75663395,284
16--10785,2016/10/17,7:07 AM,JEANNE D'ARC BLVD @ OR174 IC105 RAMP36 (0004139),4139,02 - Intersection related,03 - P.D. only,03 - Rear end,01 - Clear,01 - Daylight,01 - Dry,03 - Yield sign,01 - Functioning,2,0,0,0,,0,,,,,379270.6888,5037286.063,45.47152996,-75.54756238,285
16--10786,2016/10/17,8:04 AM,COPE DR @ TERRY FOX (0009143),9143,03 - At intersection,02 - Non-fatal injury,02 - Angle,01 - Clear,01 - Daylight,02 - Wet,01 - Traffic signal,01 - Functioning,2,0,0,0,01 - Minimal,1,1,,,,353996.1724,5015345.966,45.27634884,-75.87296997,286
16--10787,2016/10/17,8:15 AM,WOODROFFE AVE @ SPORTSPLEX N (0005568),5568,03 - At intersection,02 - Non-fatal injury,05 - Turning movement,01 - Clear,01 - Daylight,01 - Dry,01 - Traffic signal,01 - Functioning,3,0,0,0,02 - Minor,1,,1,,,363764.2953,5021067.835,45.32708275,-75.74779966,287
16--10788,2016/10/17,8:16 AM,PRINCE OF WALES DR @ MEADOWLANDS DR/HOG'S BACK (0001629),1629,03 - At intersection,03 - P.D. only,05 - Turning movement,01 - Clear,01 - Daylight,01 - Dry,01 - Traffic signal,01 - Functioning,2,0,0,0,,0,,,,,367371.3057,5025693.677,45.36839287,-75.70120458,288
16--10789,2016/10/17,8:18 AM,TORWOOD DR btwn FARM LANE & VANCES SIDE RD (__3ZAC2Z),__3ZAC2Z,01 - Non intersection,03 - P.D. only,07 - SMV other,01 - Clear,01 - Daylight,01 - Dry,10 - No control,,1,0,0,0,,0,,,,,342257.8635,5037554.64,45.47691286,-76.02088993,289
16--1079,2016/01/22,7:35 AM,BANK ST btwn RIVERSIDE DR & RIVERSIDE DR (__3ZA3NQ),__3ZA3NQ,01 - Non intersection,03 - P.D. only,04 - Sideswipe,01 - Clear,03 - Dawn,01 - Dry,10 - No control,,2,0,0,0,,0,,,,,369257.9881,5027946.005,45.38848766,-75.67682733,290
16--10790,2016/10/17,8:18 PM,BORRISOKANE RD/TARTAN DR @ STRANDHERD DR (0010634),10634,02 - Intersection related,03 - P.D. only,03 - Rear end,01 - Clear,07 - Dark,02 - Wet,01 - Traffic signal,01 - Functioning,2,0,0,0,,0,,,,,362291.2123,5013545.408,45.25951798,-75.76746199,291
16--10791,2016/10/17,8:42 AM,CAMPEAU DR @ KANATA AVE (0012003),12003,02 - Intersection related,03 - P.D. only,03 - Rear end,01 - Clear,01 - Daylight,01 - Dry,01 - Traffic signal,01 - Functioning,2,0,0,0,,0,,,,,350594.0389,5019400.702,45.31306436,-75.91595513,292
16--10792,2016/10/17,8:49 AM,HUNT CLUB RD btwn WEST HUNT CLUB RD & TURN LANE (__3ZBOEO),__3ZBOEO,01 - Non intersection,02 - Non-fatal injury,03 - Rear end,01 - Clear,01 - Daylight,01 - Dry,10 - No control,,2,0,0,0,01 - Minimal,1,1,,,,367844.5705,5021892.911,45.334152,-75.69564799,293
16--10793,2016/10/17,8:51 AM,PINAWA CIR btwn MONDEGO TERR & PINAWA CIR (__77AX2O),__77AX2O,04 - At/near private drive,03 - P.D. only,02 - Angle,01 - Clear,01 - Daylight,01 - Dry,10 - No control,,2,0,0,0,,0,,,,,365483.018,5011489.379,45.24074974,-75.72704744,294
16--10794,2016/10/17,8:55 AM,FISHER AVE btwn EMPEROR AVE & TRENT ST (__3ZA3AH),__3ZA3AH,01 - Non intersection,03 - P.D. only,03 - Rear end,01 - Clear,01 - Daylight,01 - Dry,10 - No control,,2,0,0,0,,0,,,,,365721.6871,5027074.161,45.38095952,-75.72209161,295
16--10795,2016/10/17,9:06 AM,ROCKCLIFFE PKWY/AVIATION PKWY WB ON RAMP @ AVI (0002201),2201,02 - Intersection related,02 - Non-fatal injury,03 - Rear end,01 - Clear,01 - Daylight,01 - Dry,03 - Yield sign,01 - Functioning,3,0,0,0,01 - Minimal,1,1,,,,371338.9781,5035661.857,45.45771693,-75.64921236,296
16--10796,2016/10/17,9:10 AM,DILWORTH RD btwn FOURTH LINE RD & HWY416 IC42 RAMP34 (__3ZAZJA),__3ZAZJA,01 - Non intersection,03 - P.D. only,07 - SMV other,01 - Clear,01 - Daylight,01 - Dry,10 - No control,,1,0,0,0,,0,,,,,370773.8387,4994741.268,45.08957432,-75.66187521,297
16--10797,2016/10/17,9:13 AM,JEANNE D'ARC BLVD @ OR174 IC105 RAMP36 (0004139),4139,02 - Intersection related,03 - P.D. only,03 - Rear end,01 - Clear,01 - Daylight,01 - Dry,03 - Yield sign,01 - Functioning,2,0,0,0,,0,,,,,379271.0215,5037284.253,45.47151364,-75.5475584,298
16--10798,2016/10/17,9:16 AM,PRINCE OF WALES DR @ FALLOWFIELD RD (0000566),566,02 - Intersection related,03 - P.D. only,03 - Rear end,01 - Clear,01 - Daylight,02 - Wet,01 - Traffic signal,01 - Functioning,2,0,0,0,,0,,,,,367398.8818,5019165.228,45.30964864,-75.70167852,299
16--10799,2016/10/17,9:18 AM,CARP RD @ STITTSVILLE MAIN ST (0005253),5253,02 - Intersection related,03 - P.D. only,03 - Rear end,01 - Clear,01 - Daylight,01 - Dry,01 - Traffic signal,01 - Functioning,2,0,0,0,,0,,,,,349523.1298,5014330.617,45.26751113,-75.93006964,300
16--10169,2016/09/29,5:20 PM,HIGHWAY 417 btwn HWY417 IC115 RAMP51 & HWY417 IC115 RAMP35 (__3ZAZEB),__3ZAZEB,01 - Non intersection,03 - P.D. only,03 - Rear end,01 - Clear,01 - Daylight,01 - Dry,10 - No control,,2,0,0,0,,0,,,,,372432.2608,5031496.057,45.42013015,-75.63580731,301
16--1017,2016/01/21,7:09 AM,MONTREAL RD @ DUCHARME BLVD/CANTIN ST (0009319),9319,03 - At intersection,02 - Non-fatal injury,07 - SMV other,01 - Clear,03 - Dawn,04 - Slush,01 - Traffic signal,01 - Functioning,1,0,0,1,02 - Minor,1,,1,,,371017.4425,5033565.328,45.43888389,-75.65360535,302
16--10170,2016/09/29,5:29 PM,BELFAST RD @ ST. LAURENT BLVD (0007658),7658,03 - At intersection,03 - P.D. only,05 - Turning movement,01 - Clear,01 - Daylight,01 - Dry,01 - Traffic signal,01 - Functioning,2,0,0,0,,0,,,,,372860.4054,5030579.82,45.41184476,-75.63046373,303
16--10171,2016/09/29,5:46 PM,ALBION RD @ LESTER RD (0004175),4175,03 - At intersection,03 - P.D. only,05 - Turning movement,01 - Clear,01 - Daylight,01 - Dry,01 - Traffic signal,01 - Functioning,2,0,0,0,,0,,,,,372694.5237,5022332.715,45.33765671,-75.63371654,304
16--10172,2016/09/29,6:08 PM,RUSSELL RD btwn RUSSELL RD & CARLSBAD LANE (__3ZA3X2),__3ZA3X2,01 - Non intersection,03 - P.D. only,07 - SMV other,01 - Clear,01 - Daylight,01 - Dry,10 - No control,,1,0,0,0,,0,,,,,388097.5839,5025649.692,45.36584042,-75.43665709,305
16--10173,2016/09/29,6:55 AM,MAITLAND AVE btwn TARA DR & ERINDALE DR (__3ZA4I7),__3ZA4I7,04 - At/near private drive,02 - Non-fatal injury,03 - Rear end,01 - Clear,01 - Daylight,01 - Dry,10 - No control,,2,0,1,0,02 - Minor,1,,1,,,363572.9088,5025305.424,45.36522824,-75.7497374,306
16--10174,2016/09/29,7:13 AM,HIGHWAY 417 btwn HWY417 IC122 RAMP51 & HWY417 IC122 RAMP15 (__3ZA2R0),__3ZA2R0,01 - Non intersection,03 - P.D. only,04 - Sideswipe,01 - Clear,01 - Daylight,01 - Dry,10 - No control,,2,0,0,0,,0,,,,,365274.068,5028833.397,45.39682755,-75.72759115,307
16--10175,2016/09/29,7:14 PM,BRONSON AVE @ GLADSTONE AVE (0002110),2110,02 - Intersection related,03 - P.D. only,03 - Rear end,01 - Clear,"06 - Dusk, artificial",01 - Dry,01 - Traffic signal,00 - Unknown,2,0,0,0,,0,,,,,367133.7017,5030081.296,45.40789271,-75.7036834,308
16--10176,2016/09/29,7:45 AM,OTTAWA RIVER PKWY @ ISLAND PARK DR (0002127),2127,02 - Intersection related,03 - P.D. only,04 - Sideswipe,01 - Clear,01 - Daylight,00 - Unknown,01 - Traffic signal,01 - Functioning,2,0,0,0,,0,,,,,363298.8003,5029452.87,45.40256927,-75.75274472,309
16--10177,2016/09/29,7:57 AM,TENTH LINE RD @ CHARLEMAGNE BLVD N/TOMPKINS AV (0009222),9222,02 - Intersection related,03 - P.D. only,03 - Rear end,01 - Clear,01 - Daylight,01 - Dry,01 - Traffic signal,01 - Functioning,2,0,0,0,,0,,,,,383185.5862,5037975.812,45.47730727,-75.49739055,310
16--10178,2016/09/29,8:00 AM,HIGHWAY 417 btwn Continuation of HIGHWAY 417 & HWY417 IC134 RAMP51 (__3ZA29B),__3ZA29B,01 - Non intersection,03 - P.D. only,03 - Rear end,01 - Clear,01 - Daylight,01 - Dry,10 - No control,,3,0,0,0,,0,,,,,355816.281,5021882.524,45.33503614,-75.84910046,311
16--10179,2016/09/29,8:04 AM,CONROY RD @ DAVIDSON RD N (0009364),9364,03 - At intersection,03 - P.D. only,02 - Angle,01 - Clear,01 - Daylight,01 - Dry,02 - Stop sign,01 - Functioning,2,0,0,0,,0,,,,,374572.6538,5023515.291,45.34811279,-75.60958908,312
16--1018,2016/01/21,7:11 PM,ANDERSON RD btwn LEITRIM RD & EIGHTH LINE RD (__3ZA2B8),__3ZA2B8,01 - Non intersection,03 - P.D. only,07 - SMV other,01 - Clear,07 - Dark,01 - Dry,10 - No control,,1,0,0,0,,0,,,,,381173.1998,5023129,45.34394952,-75.5254269,313
16--10180,2016/09/29,8:04 AM,RENAUD RD btwn Continuation of RENAUD RD & PERCIFOR WAY (__54PNN5),__54PNN5,01 - Non intersection,03 - P.D. only,07 - SMV other,01 - Clear,01 - Daylight,01 - Dry,10 - No control,,1,0,0,0,,0,,,,,381030.6302,5032248.159,45.42601298,-75.5258376,314
16--10181,2016/09/29,8:30 AM,BASELINE RD @ 207 E OF CLYDE AVE (0008213),8213,03 - At intersection,02 - Non-fatal injury,07 - SMV other,01 - Clear,01 - Daylight,01 - Dry,01 - Traffic signal,01 - Functioning,1,0,0,1,01 - Minimal,1,1,,,,364535.893,5025002.33,45.36241964,-75.7374822,315
16--10182,2016/09/29,8:41 AM,MOODIE DR btwn ROBERTSON RD & HADLEY CIRC (__3ZA412),__3ZA412,04 - At/near private drive,03 - P.D. only,02 - Angle,01 - Clear,01 - Daylight,01 - Dry,10 - No control,,2,0,0,0,,0,,,,,357106.6082,5020367.663,45.32131028,-75.83279877,316
16--10183,2016/09/29,8:57 AM,LABELLE ST/RAMP @ LEMIEUX ST/HWY417 IC115 RAMP (0012538),12538,02 - Intersection related,03 - P.D. only,04 - Sideswipe,01 - Clear,01 - Daylight,01 - Dry,02 - Stop sign,01 - Functioning,2,0,0,0,,0,,,,,372541.0618,5031689.228,45.42185769,-75.63439067,317
16--10184,2016/09/29,9:19 AM,BASELINE RD @ WOODROFFE AVE (0002225),2225,02 - Intersection related,03 - P.D. only,03 - Rear end,01 - Clear,01 - Daylight,01 - Dry,01 - Traffic signal,01 - Functioning,3,0,0,0,,0,,,,,362548.0838,5023770.772,45.35150475,-75.76299795,318
16--10185,2016/09/29,9:20 PM,INDUSTRIAL AVE btwn RUSSELL RD & ST. LAURENT BLVD (__3ZA3R7),__3ZA3R7,01 - Non intersection,02 - Non-fatal injury,07 - SMV other,01 - Clear,07 - Dark,01 - Dry,10 - No control,,1,0,1,0,02 - Minor,1,,1,,,373010.375,5029962.318,45.40627416,-75.62863338,319
16--10186,2016/09/29,9:31 PM,GREENBANK RD @ WEST HUNT CLUB RD (0005167),5167,03 - At intersection,03 - P.D. only,03 - Rear end,01 - Clear,07 - Dark,01 - Dry,01 - Traffic signal,01 - Functioning,2,0,0,0,,0,,,,,361478.7996,5020501.45,45.32217471,-75.7770179,320
16--10187,2016/09/30,1:01 PM,OGILVIE RD btwn CITY PARK DR & BLAIR RD (1) (__3ZA2DOA),__3ZA2DOA,04 - At/near private drive,03 - P.D. only,02 - Angle,01 - Clear,01 - Daylight,01 - Dry,10 - No control,,2,0,0,0,,0,,,,,374212.4969,5033025.519,45.43371708,-75.61284693,321
16--10188,2016/09/30,1:45 PM,FLEWELLYN RD btwn ORMROD RD & DWYER HILL RD (__3ZAC6N),__3ZAC6N,01 - Non intersection,02 - Non-fatal injury,07 - SMV other,01 - Clear,01 - Daylight,01 - Dry,10 - No control,,1,0,0,0,02 - Minor,3,,3,,,342271.4368,5002619.86,45.16255477,-76.02335939,322
16--10189,2016/09/30,1:50 PM,RIDEAU ST btwn CHAPEL ST & AUGUSTA ST (__3ZA3WS),__3ZA3WS,04 - At/near private drive,03 - P.D. only,06 - SMV unattended vehicle,01 - Clear,01 - Daylight,01 - Dry,10 - No control,,1,0,0,0,,0,,,,,368977.7715,5032696.261,45.43125456,-75.67978709,323
16--1019,2016/01/21,7:14 AM,AVIATION PKWY @ MONTREAL RD (0008799),8799,03 - At intersection,03 - P.D. only,05 - Turning movement,01 - Clear,03 - Dawn,01 - Dry,01 - Traffic signal,01 - Functioning,2,0,0,0,,0,,,,,372145.6138,5034109.494,45.44367227,-75.63911217,324
16--10190,2016/09/30,1:57 PM,MITCH OWENS RD @ STAGECOACH RD (0003576),3576,02 - Intersection related,02 - Non-fatal injury,03 - Rear end,01 - Clear,01 - Daylight,01 - Dry,01 - Traffic signal,01 - Functioning,2,0,0,0,01 - Minimal,1,1,,,,375400.5829,5014484.044,45.26677015,-75.60031118,325
16--10191,2016/09/30,10:10 AM,WOODROFFE AVE btwn MEADOWLANDS DR/TALLWOOD DR & NORICE ST (__3ZBOCG),__3ZBOCG,01 - Non intersection,03 - P.D. only,03 - Rear end,01 - Clear,01 - Daylight,01 - Dry,10 - No control,,2,0,0,0,,0,,,,,363171.0292,5022454.93,45.33961334,-75.75520365,326
16--10192,2016/09/30,11:41 AM,CARP RD @ MARCH RD (0001689),1689,02 - Intersection related,03 - P.D. only,03 - Rear end,01 - Clear,01 - Daylight,01 - Dry,01 - Traffic signal,01 - Functioning,2,0,0,0,,0,,,,,342165.0287,5021731.325,45.33453535,-76.02327644,327
16--10193,2016/09/30,Unknown,BLAIR PL btwn OGILVIE RD & END (__3ZA4B6),__3ZA4B6,01 - Non intersection,03 - P.D. only,06 - SMV unattended vehicle,01 - Clear,00 - Unknown,01 - Dry,10 - No control,,1,0,0,0,,0,,,,,374843.829,5033270.531,45.43585861,-75.60474408,328
16--10194,2016/09/30,12:11 PM,INNES RD @ TENTH LINE RD (0004633),4633,03 - At intersection,03 - P.D. only,03 - Rear end,01 - Clear,01 - Daylight,01 - Dry,01 - Traffic signal,01 - Functioning,2,0,0,0,,0,,,,,383952.2958,5036158.758,45.4608726,-75.48787796,329
16--10195,2016/09/30,12:22 AM,CHAMPLAIN ST @ PLACE D'ORLEANS DR (0003595),3595,02 - Intersection related,03 - P.D. only,04 - Sideswipe,01 - Clear,07 - Dark,01 - Dry,01 - Traffic signal,01 - Functioning,2,0,0,0,,0,,,,,381597.6715,5038180.127,45.47932198,-75.51766617,330
16--10196,2016/09/30,12:59 PM,DUNDAS ST @ MCARTHUR AVE (0009192),9192,02 - Intersection related,03 - P.D. only,03 - Rear end,01 - Clear,01 - Daylight,01 - Dry,02 - Stop sign,00 - Unknown,2,0,0,0,,0,,,,,369973.6406,5032663.78,45.43087021,-75.6670652,331
16--10197,2016/09/30,2:15 PM,BANK ST @ ST. BERNARD ST (0012406),12406,03 - At intersection,03 - P.D. only,04 - Sideswipe,01 - Clear,01 - Daylight,01 - Dry,01 - Traffic signal,01 - Functioning,2,0,0,0,,0,,,,,373005.3984,5023708.718,45.35000734,-75.62956075,332
16--10198,2016/09/30,2:40 AM,HIGHWAY 417 btwn HWY417 IC138 RAMP61 & HWY417 IC134 RAMP36 (__3ZA20I),__3ZA20I,01 - Non intersection,03 - P.D. only,07 - SMV other,01 - Clear,07 - Dark,01 - Dry,10 - No control,,1,0,0,0,,0,,,,,353833.1942,5020778.334,45.32524184,-75.87450982,333