Anom_ID,Accident_Date,Accident_Time,Location,Geo_ID,Accident_Location,Classification_of_Accident,Initial_Impact_Type,Environment_Condition,Light,Road_Surface_Condition,Traffic_Control,Traffic_Control_Condition,No__of_Vehicles,No__of_Bicycles,No__of_Motorcycles,No__of_Pedestrians,Max_Injury,No__of_Injuries,No__of_Minimal,No__of_Minor,No__of_Major,No__of_Fatal,X,Y,Latitude,Longitude,ObjectId
16--10199,2016/09/30,2:41 PM,GREENBANK RD @ 207 S OF BELLMAN DR/GREENBANK S (0004604),4604,02 - Intersection related,02 - Non-fatal injury,03 - Rear end,01 - Clear,01 - Daylight,01 - Dry,01 - Traffic signal,00 - Unknown,3,0,0,0,01 - Minimal,3,3,,,,361338.0113,5020827.209,45.32511724,-75.77877643,334
16--102,2016/01/04,3:45 PM,CAMPEAU DR @ TERRY FOX DR (0008211),8211,02 - Intersection related,02 - Non-fatal injury,03 - Rear end,01 - Clear,01 - Daylight,01 - Dry,01 - Traffic signal,01 - Functioning,2,0,0,0,02 - Minor,1,,1,,,350455.6007,5019011.581,45.30957196,-75.91775649,335
16--1020,2016/01/21,7:28 AM,GRASSY PLAINS DR @ STONEHAVEN DR (0008886),8886,02 - Intersection related,02 - Non-fatal injury,03 - Rear end,01 - Clear,03 - Dawn,01 - Dry,01 - Traffic signal,01 - Functioning,3,0,0,0,01 - Minimal,2,2,,,,356204.4158,5015964.653,45.28175793,-75.84476253,336
16--10200,2016/09/30,2:41 PM,PARKDALE AVE @ GLADSTONE AVE (0002362),2362,02 - Intersection related,03 - P.D. only,03 - Rear end,01 - Clear,01 - Daylight,01 - Dry,01 - Traffic signal,01 - Functioning,2,0,0,0,,0,,,,,365218.358,5029119.803,45.39940937,-75.72826757,337
16--10201,2016/09/30,2:45 PM,HIGHWAY 417 btwn HWY417 IC124 RAMP67 & HWY417 IC123 RAMP62 (__3ZA2YZ),__3ZA2YZ,01 - Non intersection,03 - P.D. only,04 - Sideswipe,01 - Clear,01 - Daylight,01 - Dry,10 - No control,,3,0,0,0,,0,,,,,364720.2074,5027968.02,45.38908867,-75.73476983,338
16--10202,2016/09/30,3:01 PM,NICHOLAS ST NB btwn LAURIER AVE E & WALLER ST (__5D2DO8),__5D2DO8,01 - Non intersection,02 - Non-fatal injury,03 - Rear end,01 - Clear,01 - Daylight,01 - Dry,10 - No control,,2,0,0,0,01 - Minimal,2,2,,,,368449.9836,5031736.413,45.42266642,-75.68665575,339
16--10203,2016/09/30,3:13 PM,GIBBARD AVE @ GREENBANK RD (0000557),557,02 - Intersection related,03 - P.D. only,03 - Rear end,01 - Clear,01 - Daylight,01 - Dry,02 - Stop sign,00 - Unknown,2,0,0,0,,0,,,,,361430.7549,5020616.212,45.32321121,-75.77761758,340
16--10204,2016/09/30,3:53 PM,HAWTHORNE RD/RUSSELL RD @ WALKLEY RD (0002618),2618,03 - At intersection,02 - Non-fatal injury,05 - Turning movement,01 - Clear,01 - Daylight,01 - Dry,01 - Traffic signal,01 - Functioning,3,0,0,0,01 - Minimal,2,2,,,,374674.9634,5028500.2,45.39295456,-75.60757848,341
16--10205,2016/09/30,3:55 PM,RIVERSIDE DR @ HERON RD (0002236),2236,02 - Intersection related,02 - Non-fatal injury,03 - Rear end,01 - Clear,01 - Daylight,01 - Dry,01 - Traffic signal,01 - Functioning,2,0,0,0,01 - Minimal,1,1,,,,368121.1049,5026645.151,45.37688665,-75.6915115,342
16--10206,2016/09/30,4:10 PM,PRINCE OF WALES DR btwn FALLOWFIELD RD & AMBERWOOD CRES (__3ZA27I),__3ZA27I,01 - Non intersection,03 - P.D. only,03 - Rear end,01 - Clear,01 - Daylight,01 - Dry,10 - No control,,3,0,0,0,,0,,,,,367390.9449,5019266.538,45.31056092,-75.70176693,343
16--10207,2016/09/30,4:16 PM,DALHOUSIE ST @ MURRAY ST (0008241),8241,03 - At intersection,03 - P.D. only,05 - Turning movement,01 - Clear,01 - Daylight,01 - Dry,01 - Traffic signal,01 - Functioning,2,0,0,0,,0,,,,,368000.007,5032574.053,45.43024402,-75.69229766,344
16--10208,2016/09/30,4:50 PM,RICHMOND RD btwn NEW ORCHARD AVE & WOODROFFE AVE (__3ZA4L0),__3ZA4L0,01 - Non intersection,02 - Non-fatal injury,07 - SMV other,01 - Clear,01 - Daylight,01 - Dry,10 - No control,,1,0,0,1,02 - Minor,1,,1,,,361506.311,5026548.486,45.37658344,-75.77597359,345
16--10209,2016/09/30,5:08 PM,BASELINE RD/HERON RD @ PRINCE OF WALES DR (0002345),2345,02 - Intersection related,03 - P.D. only,03 - Rear end,01 - Clear,01 - Daylight,01 - Dry,01 - Traffic signal,00 - Unknown,2,0,0,0,,0,,,,,366873.9367,5026441.471,45.37516558,-75.70745949,346
16--1021,2016/01/21,7:45 AM,BIRKENDALE DR btwn EDENVALE DR & TEESWATER ST (__3ZAZ80),__3ZAZ80,04 - At/near private drive,03 - P.D. only,06 - SMV unattended vehicle,01 - Clear,03 - Dawn,01 - Dry,10 - No control,,1,0,0,0,,0,,,,,352470.8763,5020199.655,45.32012861,-75.89194289,347
16--10210,2016/09/30,5:10 PM,HIGHWAY 417 btwn HWY417 IC121A RAMP16 & HWY417 IC121A RAMP61 (__3ZA2YY),__3ZA2YY,01 - Non intersection,03 - P.D. only,04 - Sideswipe,01 - Clear,01 - Daylight,01 - Dry,10 - No control,,3,0,0,0,,0,,,,,367276.1971,5029765.827,45.4050415,-75.70190317,348
16--10211,2016/09/30,5:29 PM,TERRY FOX DR btwn HUNTSVILLE DR & OLD SECOND LINE RD (__8IAYIU),__8IAYIU,01 - Non intersection,03 - P.D. only,07 - SMV other,01 - Clear,01 - Daylight,01 - Dry,10 - No control,,1,0,0,0,,0,,,,,347872.377,5021267.622,45.33003569,-75.95050245,349
16--10212,2016/09/30,6:25 PM,INNES RD btwn PAGE RD & 473 E OF PAGE RD/BUILDERS' WAREHOUSE SC (__3ZAYFDA),__3ZAYFDA,01 - Non intersection,02 - Non-fatal injury,03 - Rear end,01 - Clear,01 - Daylight,01 - Dry,10 - No control,,2,0,0,0,02 - Minor,1,,1,,,380931.6413,5034565.813,45.44687624,-75.52674399,350
16--10213,2016/09/30,6:55 AM,BANK ST btwn FINDLAY CREEK DR & BLAIS RD (__3ZA29M),__3ZA29M,01 - Non intersection,03 - P.D. only,03 - Rear end,01 - Clear,03 - Dawn,01 - Dry,10 - No control,,4,0,0,0,,0,,,,,375901.9588,5020337.598,45.31938778,-75.59308364,351
16--10214,2016/09/30,7:10 AM,FIFTH LINE RD btwn GREENLAND RD & BERRY SIDE RD (__3ZAC25),__3ZAC25,01 - Non intersection,03 - P.D. only,07 - SMV other,01 - Clear,01 - Daylight,01 - Dry,10 - No control,,1,0,0,0,,0,,,,,344655.8569,5033029.606,45.43606317,-75.990586,352
16--10215,2016/09/30,7:15 PM,INDUSTRIAL AVE @ RIVERSIDE DR (0011905),11905,02 - Intersection related,03 - P.D. only,03 - Rear end,01 - Clear,07 - Dark,01 - Dry,01 - Traffic signal,01 - Functioning,2,0,0,0,,0,,,,,370686.3749,5030591.311,45.41215621,-75.65823443,353
16--10216,2016/09/30,7:32 PM,HALTON TERR/MAXWELL BRIDGE RD @ MARCH RD (0011852),11852,03 - At intersection,02 - Non-fatal injury,05 - Turning movement,01 - Clear,05 - Dusk,01 - Dry,01 - Traffic signal,01 - Functioning,2,0,0,0,02 - Minor,2,,2,,,348932.2627,5024423.098,45.35836359,-75.93670004,354
16--10217,2016/09/30,7:33 AM,HIGHWAY 416 btwn HWY416 IC66 RAMP62 & HWY416 IC72 RAMP24 (__3ZAZMZ),__3ZAZMZ,01 - Non intersection,03 - P.D. only,03 - Rear end,01 - Clear,01 - Daylight,01 - Dry,10 - No control,,2,0,0,0,,0,,,,,359590.5161,5019434.539,45.31272451,-75.8012206,355
16--10218,2016/09/30,7:40 AM,TERRY FOX DR btwn HUNTSVILLE DR & OLD SECOND LINE RD (__8IAYIU),__8IAYIU,05 - At railway crossing,03 - P.D. only,03 - Rear end,01 - Clear,01 - Daylight,01 - Dry,10 - No control,,3,0,0,0,,0,,,,,347952.193,5021506.864,45.33218355,-75.94946338,356
16--10219,2016/09/30,7:42 AM,BANK ST btwn ARENA PL & WHITE ALDER AVE (__3ZA29N),__3ZA29N,01 - Non intersection,02 - Non-fatal injury,03 - Rear end,01 - Clear,01 - Daylight,01 - Dry,10 - No control,,2,0,0,0,01 - Minimal,1,1,,,,375515.4948,5021237.557,45.32752429,-75.59788392,357
16--1022,2016/01/21,7:50 AM,CARLING AVE btwn DEFENSE  RESEARCH COMPLEX & RIFLE RD (__3ZA4Z6B),__3ZA4Z6B,06 - Underpass or tunnel,03 - P.D. only,03 - Rear end,01 - Clear,03 - Dawn,01 - Dry,10 - No control,,2,0,0,0,,0,,,,,353468.5374,5023048.424,45.34569386,-75.87893803,358
16--10220,2016/09/30,7:44 AM,CARLING AVE @ FOX CRES (0002767),2767,02 - Intersection related,02 - Non-fatal injury,02 - Angle,01 - Clear,01 - Daylight,01 - Dry,02 - Stop sign,01 - Functioning,3,0,0,0,02 - Minor,1,,1,,,361526.4564,5025575.309,45.36782524,-75.77582816,359
16--10221,2016/09/30,7:47 AM,INDUSTRIAL AVE/INNES RD @ ST. LAURENT BLVD (0002203),2203,02 - Intersection related,03 - P.D. only,03 - Rear end,01 - Clear,01 - Daylight,01 - Dry,01 - Traffic signal,01 - Functioning,2,0,0,0,,0,,,,,373098.8992,5030005.981,45.40665839,-75.6274966,360
16--10222,2016/09/30,8:20 AM,BASELINE RD @ CLYDE AVE (0002343),2343,02 - Intersection related,02 - Non-fatal injury,03 - Rear end,01 - Clear,01 - Daylight,01 - Dry,01 - Traffic signal,01 - Functioning,2,0,0,0,01 - Minimal,1,1,,,,364357.8751,5024888.443,45.36141004,-75.73976809,361
16--10223,2016/09/30,8:20 PM,ORLEANS BLVD @ ST. JOSEPH BLVD (0004144),4144,03 - At intersection,03 - P.D. only,05 - Turning movement,01 - Clear,07 - Dark,01 - Dry,01 - Traffic signal,01 - Functioning,2,0,0,0,,0,,,,,380631.9572,5036980.81,45.46863706,-75.53020212,362
16--10224,2016/09/30,9:26 AM,JINKINSON RD btwn FERNBANK RD & HAZELDEAN RD (__7JQ7K3),__7JQ7K3,01 - Non intersection,03 - P.D. only,07 - SMV other,01 - Clear,01 - Daylight,01 - Dry,10 - No control,,1,0,0,0,,0,,,,,346827.2231,5012233.446,45.24880616,-75.96460082,363
16--10225,2016/09/30,9:50 PM,WALKLEY RD btwn MELFORT ST & RUSSELL RD (__3ZA2EO),__3ZA2EO,04 - At/near private drive,03 - P.D. only,05 - Turning movement,01 - Clear,07 - Dark,01 - Dry,10 - No control,,2,0,0,0,,0,,,,,374513.3157,5028402.445,45.39209112,-75.60965655,364
16--10226,2016/10/01,1:19 PM,BANK ST @ WILTON CRES (0007712),7712,02 - Intersection related,03 - P.D. only,02 - Angle,01 - Clear,01 - Daylight,01 - Dry,02 - Stop sign,01 - Functioning,2,0,0,0,,0,,,,,368576.882,5028966.132,45.3977288,-75.68539277,365
16--10227,2016/10/01,1:30 PM,ST. LAURENT BLVD btwn MCARTHUR AVE & DONALD ST (__3ZBOF4),__3ZBOF4,01 - Non intersection,03 - P.D. only,04 - Sideswipe,01 - Clear,01 - Daylight,01 - Dry,10 - No control,,2,0,0,0,,0,,,,,372086.9072,5032492.124,45.4291256,-75.64008361,366
16--10228,2016/10/01,1:30 PM,BRONSON AVE @ FOURTH AVE (0007224),7224,02 - Intersection related,03 - P.D. only,03 - Rear end,01 - Clear,01 - Daylight,01 - Dry,02 - Stop sign,01 - Functioning,2,0,0,0,,0,,,,,367583.178,5029009.828,45.39821178,-75.6980783,367
16--10229,2016/10/01,1:37 PM,RIDGEWOOD AVE @ RIVERSIDE DR (0007180),7180,02 - Intersection related,03 - P.D. only,03 - Rear end,01 - Clear,01 - Daylight,01 - Dry,01 - Traffic signal,01 - Functioning,2,0,0,0,,0,,,,,368279.8765,5025608.29,45.36754288,-75.68961775,368
16--1023,2016/01/21,8:09 PM,MOODIE DR @ 200 N OF ROBERTSON RD (0010382),10382,02 - Intersection related,03 - P.D. only,03 - Rear end,01 - Clear,07 - Dark,01 - Dry,01 - Traffic signal,01 - Functioning,2,0,0,0,,0,,,,,356988.2767,5020641.867,45.3237864,-75.83427916,369
16--10230,2016/10/01,10:11 AM,PARKDALE AVE btwn GRANT ST & WELLINGTON ST W (__3ZA3ZQ),__3ZA3ZQ,01 - Non intersection,03 - P.D. only,99 - Other,01 - Clear,01 - Daylight,01 - Dry,10 - No control,,2,0,0,0,,0,,,,,365119.8778,5029336.965,45.40137184,-75.72949879,370
16--10231,2016/10/01,10:19 PM,CONROY RD @ HUNT CLUB RD (0002257),2257,02 - Intersection related,03 - P.D. only,04 - Sideswipe,01 - Clear,07 - Dark,01 - Dry,01 - Traffic signal,01 - Functioning,2,0,0,0,,0,,,,,373763.9595,5025403.864,45.3651854,-75.61964462,371
16--10232,2016/10/01,10:35 AM,TENTH LINE RD @ CHARLEMAGNE BLVD N/TOMPKINS AV (0009222),9222,02 - Intersection related,03 - P.D. only,04 - Sideswipe,01 - Clear,01 - Daylight,01 - Dry,01 - Traffic signal,01 - Functioning,2,0,0,0,,0,,,,,383183.6697,5037977.133,45.47731937,-75.49741485,372
16--10233,2016/10/01,10:57 PM,LAURIER AVE @ NICHOLAS ST (0010711),10711,02 - Intersection related,03 - P.D. only,05 - Turning movement,01 - Clear,07 - Dark,01 - Dry,01 - Traffic signal,01 - Functioning,2,0,0,0,,0,,,,,368372.4651,5031798.27,45.42323004,-75.68763823,373
16--10234,2016/10/01,11:00 PM,ST. JOSEPH BLVD btwn OR174 IC109 RAMP54 & ROCKCLIFFE PKWY (__3ZA2DI),__3ZA2DI,01 - Non intersection,03 - P.D. only,07 - SMV other,01 - Clear,07 - Dark,01 - Dry,10 - No control,,1,0,0,0,,0,,,,,376943.6517,5035164.945,45.45268983,-75.57763118,374
16--10235,2016/10/01,11:15 AM,PARKDALE AVE/SPENCER ST @ OXFORD ST (0005645),5645,03 - At intersection,03 - P.D. only,02 - Angle,01 - Clear,01 - Daylight,01 - Dry,02 - Stop sign,01 - Functioning,4,0,0,0,,0,,,,,365059.5809,5029474.961,45.40261869,-75.73025207,375
16--10236,2016/10/01,12:09 PM,HATHAWAY DR @ OLDFIELD ST (0009669),9669,03 - At intersection,03 - P.D. only,02 - Angle,01 - Clear,01 - Daylight,01 - Dry,02 - Stop sign,01 - Functioning,2,0,0,0,,0,,,,,366564.2226,5015793.005,45.27937958,-75.71274185,376
16--10237,2016/10/01,2:23 PM,BASELINE RD @ NAVAHO DR (0003158),3158,02 - Intersection related,03 - P.D. only,04 - Sideswipe,01 - Clear,01 - Daylight,01 - Dry,01 - Traffic signal,01 - Functioning,2,0,0,0,,0,,,,,363085.6907,5024097.743,45.35440233,-75.75609885,377
16--10238,2016/10/01,2:40 PM,MONTREAL RD @ OGILVIE RD (0009279),9279,02 - Intersection related,02 - Non-fatal injury,03 - Rear end,01 - Clear,01 - Daylight,01 - Dry,01 - Traffic signal,01 - Functioning,2,0,0,0,01 - Minimal,1,1,,,,375653.9068,5034555.344,45.44733697,-75.5942065,378
16--10239,2016/10/01,2:50 PM,ST. JOSEPH BLVD @ JEANNE D'ARC BLVD (0012421),12421,03 - At intersection,03 - P.D. only,04 - Sideswipe,01 - Clear,01 - Daylight,01 - Dry,11 - Roundabout,01 - Functioning,2,0,0,0,,0,,,,,379860.962,5036470.922,45.46413276,-75.54013868,379
16--1024,2016/01/21,8:11 AM,WOODROFFE AVE @ CLARIDGE DR/STONEWAY DR N (0009791),9791,02 - Intersection related,03 - P.D. only,03 - Rear end,01 - Clear,01 - Daylight,02 - Wet,01 - Traffic signal,01 - Functioning,2,0,0,0,,0,,,,,365576.4801,5016707.662,45.28769571,-75.72521861,380
16--10240,2016/10/01,3:00 PM,HIGHWAY 417 btwn HWY417 IC123 RAMP62 & HWY417 IC122 RAMP16 (__3ZA2R9),__3ZA2R9,01 - Non intersection,03 - P.D. only,03 - Rear end,01 - Clear,01 - Daylight,01 - Dry,10 - No control,,2,0,0,0,,0,,,,,365123.6214,5028701.043,45.39564963,-75.72952875,381
16--10241,2016/10/01,4:11 PM,OLD SECOND LINE RD @ TERRY FOX DR (0013616),13616,03 - At intersection,02 - Non-fatal injury,05 - Turning movement,01 - Clear,01 - Daylight,01 - Dry,01 - Traffic signal,01 - Functioning,2,0,0,0,02 - Minor,4,,4,,,348795.2,5022408.413,45.34024358,-75.93862864,382
16--10242,2016/10/01,6:06 PM,RUSSELL RD S @ ST. LAURENT BLVD (0007734),7734,03 - At intersection,03 - P.D. only,02 - Angle,01 - Clear,05 - Dusk,01 - Dry,01 - Traffic signal,01 - Functioning,2,0,0,0,,0,,,,,373569.1956,5029261.309,45.39991213,-75.62159322,383
16--10243,2016/10/01,6:30 PM,HUNT CLUB RD @ RIVERSIDE DR (0002237),2237,02 - Intersection related,03 - P.D. only,03 - Rear end,01 - Clear,07 - Dark,01 - Dry,01 - Traffic signal,00 - Unknown,2,0,0,0,,0,,,,,368035.0966,5021945.231,45.33460562,-75.69321073,384
16--10244,2016/10/01,8:55 AM,KING EDWARD AVE @ OSGOODE ST/THOMAS MORE PRIV (0007750),7750,02 - Intersection related,03 - P.D. only,03 - Rear end,01 - Clear,01 - Daylight,01 - Dry,01 - Traffic signal,00 - Unknown,2,0,0,0,,0,,,,,368850.132,5031852.579,45.42367512,-75.68152792,385
16--10245,2016/10/01,9:22 PM,MAIN ST btwn TORONTO ST & RIDEAU RIVER DR (__3ZA1Y1),__3ZA1Y1,07 - Overpass or bridge,02 - Non-fatal injury,01 - Approaching,01 - Clear,07 - Dark,01 - Dry,10 - No control,,2,0,0,0,03 - Major,2,1,,1,,369525.8862,5029309.668,45.40073274,-75.67322754,386
16--10246,2016/10/01,9:45 PM,AMIENS ST @ TENTH LINE RD (0004168),4168,03 - At intersection,03 - P.D. only,05 - Turning movement,01 - Clear,07 - Dark,01 - Dry,01 - Traffic signal,01 - Functioning,2,0,0,0,,0,,,,,383352.5084,5037567.566,45.47361549,-75.4953211,387
16--10247,2016/10/02,1:23 PM,MARCH RD @ TERRY FOX DR (0003173),3173,03 - At intersection,03 - P.D. only,04 - Sideswipe,02 - Rain,01 - Daylight,02 - Wet,01 - Traffic signal,01 - Functioning,2,0,0,0,,0,,,,,349864.3891,5023398.85,45.34908789,-75.92489642,388
16--10248,2016/10/02,1:33 PM,BAYSWATER AVE @ GLADSTONE AVE (0006164),6164,02 - Intersection related,02 - Non-fatal injury,03 - Rear end,02 - Rain,01 - Daylight,02 - Wet,01 - Traffic signal,01 - Functioning,2,0,0,0,02 - Minor,1,,1,,,366001.5326,5029477.496,45.40255978,-75.71822051,389
16--10249,2016/10/02,1:52 PM,KANATA AVE @ LORD BYNG WAY/MARITIME WAY (0009115),9115,03 - At intersection,03 - P.D. only,02 - Angle,02 - Rain,01 - Daylight,02 - Wet,01 - Traffic signal,01 - Functioning,2,0,0,0,,0,,,,,351429.8919,5019331.894,45.3123902,-75.90530193,390
16--1025,2016/01/21,8:17 AM,DONALD ST @ TELFORD AVE (0011533),11533,02 - Intersection related,02 - Non-fatal injury,03 - Rear end,03 - Snow,01 - Daylight,03 - Loose snow,01 - Traffic signal,01 - Functioning,2,0,0,0,01 - Minimal,1,1,,,,371696.0545,5032427.351,45.4285803,-75.64508688,391
16--10250,2016/10/02,1:58 PM,CARP RD btwn GALETTA SIDE RD & STYLES SIDE RD (__3ZA4RT),__3ZA4RT,01 - Non intersection,03 - P.D. only,07 - SMV other,01 - Clear,01 - Daylight,01 - Dry,10 - No control,,1,0,0,0,,0,,,,,328478.4786,5034973.109,45.45428657,-76.19725826,392
16--10251,2016/10/02,10:50 PM,RIVER RD btwn MULLIGAN ST & LEITRIM RD (__3ZA38K),__3ZA38K,01 - Non intersection,03 - P.D. only,07 - SMV other,"07 - Fog, mist, smoke, dust",07 - Dark,02 - Wet,10 - No control,,1,0,0,0,,0,,,,,368017.2883,5017214.56,45.29204141,-75.69404151,393
16--10252,2016/10/02,11:00 AM,CARLING AVE @ KIRKWOOD AVE S (0002209),2209,03 - At intersection,03 - P.D. only,02 - Angle,01 - Clear,01 - Daylight,01 - Dry,01 - Traffic signal,01 - Functioning,2,0,0,0,,0,,,,,364351.92,5027336.89,45.38344129,-75.73954889,394
16--10253,2016/10/02,11:05 AM,HUNTMAR DR @ MAPLE GROVE RD (0003119),3119,02 - Intersection related,03 - P.D. only,03 - Rear end,02 - Rain,01 - Daylight,02 - Wet,01 - Traffic signal,01 - Functioning,2,0,0,0,,0,,,,,350266.6864,5016713.515,45.28890555,-75.92037631,395
16--10254,2016/10/02,11:12 AM,NOBLEWOOD WAY btwn NATURE TRAIL CRES & NATURE TRAIL CRES (__3ZA55F),__3ZA55F,04 - At/near private drive,03 - P.D. only,06 - SMV unattended vehicle,02 - Rain,01 - Daylight,02 - Wet,10 - No control,,1,0,0,0,,0,,,,,381422.0055,5033528.29,45.43748785,-75.52063769,396
16--10255,2016/10/02,11:45 AM,SPRINGFIELD RD btwn SCHOOLHOUSE PRIV & BEECHWOOD AVE (__3ZAZIH),__3ZAZIH,04 - At/near private drive,03 - P.D. only,99 - Other,01 - Clear,01 - Daylight,01 - Dry,10 - No control,,2,0,0,0,,0,,,,,369232.997,5033670.806,45.43999966,-75.67639801,397
16--10256,2016/10/02,11:46 AM,FRANKTOWN RD btwn ASHTON STATION RD & ASHTON STATION RD (__3ZA3FB),__3ZA3FB,01 - Non intersection,03 - P.D. only,07 - SMV other,02 - Rain,01 - Daylight,02 - Wet,10 - No control,,1,0,0,0,,0,,,,,346321.6688,4996512.24,45.10736793,-75.97234919,398
16--10257,2016/10/02,12:00 PM,ALBERT ST @ BANK ST (0002115),2115,02 - Intersection related,03 - P.D. only,04 - Sideswipe,02 - Rain,01 - Daylight,02 - Wet,01 - Traffic signal,01 - Functioning,2,0,0,0,,0,,,,,367385.9156,5031423.354,45.41994563,-75.70029125,399
16--10258,2016/10/02,12:13 PM,ABERDEEN ST @ PRESTON ST (0005695),5695,02 - Intersection related,03 - P.D. only,03 - Rear end,02 - Rain,01 - Daylight,02 - Wet,02 - Stop sign,01 - Functioning,2,0,0,0,,0,,,,,366650.597,5029341.782,45.40128162,-75.70994726,400
16--10439,2016/10/06,9:11 PM,CAMBRIAN RD/GOLFLINKS DR W @ LONGFIELDS DR (0009702),9702,03 - At intersection,03 - P.D. only,02 - Angle,01 - Clear,07 - Dark,01 - Dry,11 - Roundabout,01 - Functioning,2,0,0,0,,0,,,,,365381.4852,5013223.249,45.25635987,-75.72812932,401
16--1044,2016/01/22,Unknown,SCOUT ST btwn NIKI WAY & WHITESTONE DR (__30KGYS),__30KGYS,01 - Non intersection,03 - P.D. only,06 - SMV unattended vehicle,01 - Clear,00 - Unknown,05 - Packed snow,10 - No control,,1,0,0,0,,0,,,,,364518.2201,5025311.64,45.36520427,-75.73767039,402
16--10440,2016/10/06,9:17 AM,INNES RD @ SOUTHPARK DR (0004142),4142,03 - At intersection,02 - Non-fatal injury,05 - Turning movement,01 - Clear,01 - Daylight,01 - Dry,01 - Traffic signal,01 - Functioning,2,1,0,0,01 - Minimal,1,1,,,,377839.2151,5032754.098,45.43090562,-75.56654057,403
16--10441,2016/10/06,9:20 AM,CENTURY RD S @ MCCORDICK RD S (0003724),3724,03 - At intersection,03 - P.D. only,02 - Angle,01 - Clear,01 - Daylight,01 - Dry,02 - Stop sign,01 - Functioning,2,0,0,0,,0,,,,,360470.6794,5003126.894,45.16591653,-75.79182142,404
16--10442,2016/10/06,9:25 AM,CUMBERLAND ST @ GUIGUES AVE (0008420),8420,03 - At intersection,02 - Non-fatal injury,07 - SMV other,01 - Clear,01 - Daylight,01 - Dry,02 - Stop sign,00 - Unknown,1,0,0,1,01 - Minimal,1,1,,,,368083.532,5032825.175,45.43249597,-75.69119804,405
16--10443,2016/10/06,9:34 AM,KENT ST btwn ALBERT ST & SLATER ST (__3ZA1XL),__3ZA1XL,01 - Non intersection,03 - P.D. only,04 - Sideswipe,01 - Clear,01 - Daylight,01 - Dry,10 - No control,,2,0,0,0,,0,,,,,367241.2903,5031286.177,45.41872427,-75.70215644,406
16--10444,2016/10/06,9:34 PM,BANK ST @ WALKLEY RD (0011423),11423,02 - Intersection related,02 - Non-fatal injury,02 - Angle,01 - Clear,07 - Dark,01 - Dry,01 - Traffic signal,01 - Functioning,2,0,0,0,02 - Minor,1,,1,,,370338.7988,5025947.498,45.37040546,-75.66329138,407
16--10445,2016/10/06,9:35 AM,CATHERINE ST @ METCALFE ST (0011239),11239,02 - Intersection related,03 - P.D. only,03 - Rear end,01 - Clear,01 - Daylight,01 - Dry,01 - Traffic signal,01 - Functioning,2,0,0,0,,0,,,,,368394.5349,5030484.493,45.41140712,-75.68752579,408
16--10446,2016/10/06,9:53 AM,CARLING AVE @ FISHER AVE (0002147),2147,02 - Intersection related,03 - P.D. only,03 - Rear end,01 - Clear,01 - Daylight,01 - Dry,01 - Traffic signal,01 - Functioning,3,0,0,0,,0,,,,,365329.8652,5027972.964,45.38908073,-75.7269841,409
16--10447,2016/10/06,9:58 PM,ISABELLA ST/HWY417 IC119AR75 @ METCALFE ST (0011380),11380,03 - At intersection,03 - P.D. only,04 - Sideswipe,01 - Clear,07 - Dark,01 - Dry,01 - Traffic signal,01 - Functioning,2,0,0,0,,0,,,,,368448.1944,5030399.645,45.41063881,-75.68685127,410
16--10448,2016/10/06,9:59 AM,MCARTHUR AVE btwn MAYFIELD ST & VANIER PKWY (__3ZA3WT),__3ZA3WT,04 - At/near private drive,03 - P.D. only,05 - Turning movement,01 - Clear,01 - Daylight,01 - Dry,10 - No control,,2,0,0,0,,0,,,,,370134.1943,5032681.802,45.43101738,-75.66501111,411
16--10449,2016/10/07,1:03 PM,BANK ST btwn RIVERDALE AVE & RIVERSIDE DR (__3ZA3BU),__3ZA3BU,01 - Non intersection,03 - P.D. only,04 - Sideswipe,01 - Clear,01 - Daylight,01 - Dry,10 - No control,,2,0,0,0,,0,,,,,369092.6833,5028100.96,45.38989709,-75.67891798,412
16--1045,2016/01/22,12:26 PM,ST. LAURENT BLVD @ SUSAN ST (0008913),8913,02 - Intersection related,03 - P.D. only,03 - Rear end,01 - Clear,01 - Daylight,01 - Dry,02 - Stop sign,01 - Functioning,2,0,0,0,,0,,,,,373826.962,5028231.326,45.39061946,-75.61844521,413
16--10450,2016/10/07,1:14 PM,BLEEKS RD @ MUNSTER RD (0005273),5273,02 - Intersection related,03 - P.D. only,02 - Angle,01 - Clear,01 - Daylight,01 - Dry,02 - Stop sign,01 - Functioning,2,0,0,0,,0,,,,,348847.8808,5002901.14,45.16470614,-75.93968523,414
16--10451,2016/10/07,1:21 PM,CARLING AVE WB btwn HAMILTON AVE S & PARKDALE AVE (__3ZA4UP),__3ZA4UP,01 - Non intersection,03 - P.D. only,04 - Sideswipe,01 - Clear,01 - Daylight,01 - Dry,10 - No control,,2,0,0,0,,0,,,,,365568.1419,5028136.912,45.39053527,-75.72392121,415
16--10452,2016/10/07,10:20 PM,ROGER STEVENS DR btwn SECOND LINE RD S & DORACK DR (__3ZA39U),__3ZA39U,01 - Non intersection,02 - Non-fatal injury,07 - SMV other,01 - Clear,07 - Dark,01 - Dry,10 - No control,,1,0,1,0,03 - Major,1,,,1,,369999.0343,5001548.922,45.15090203,-75.67083039,416