Anom_ID,Accident_Date,Accident_Time,Location,Geo_ID,Accident_Location,Classification_of_Accident,Initial_Impact_Type,Environment_Condition,Light,Road_Surface_Condition,Traffic_Control,Traffic_Control_Condition,No__of_Vehicles,No__of_Bicycles,No__of_Motorcycles,No__of_Pedestrians,Max_Injury,No__of_Injuries,No__of_Minimal,No__of_Minor,No__of_Major,No__of_Fatal,X,Y,Latitude,Longitude,ObjectId
16--10453,2016/10/07,10:27 AM,CARLING AVE/STATION RD @ MARCH RD (0002681),2681,02 - Intersection related,03 - P.D. only,03 - Rear end,01 - Clear,01 - Daylight,01 - Dry,01 - Traffic signal,01 - Functioning,2,0,0,0,,0,,,,,350905.6816,5022248.514,45.33866925,-75.91171555,417
16--10454,2016/10/07,10:56 AM,ST. JOSEPH BLVD btwn BELCOURT BLVD & ST. PIERRE ST (__3ZA2AR),__3ZA2AR,04 - At/near private drive,03 - P.D. only,05 - Turning movement,01 - Clear,01 - Daylight,01 - Dry,10 - No control,,2,0,0,0,,0,,,,,381369.822,5037509.591,45.47331409,-75.52068472,418
16--10455,2016/10/07,11:08 AM,HUNTMAR DR @ PALLADIUM DR S (0011818),11818,03 - At intersection,03 - P.D. only,03 - Rear end,01 - Clear,01 - Daylight,01 - Dry,01 - Traffic signal,01 - Functioning,2,0,0,0,,0,,,,,349675.6066,5017364.726,45.29480334,-75.92785229,419
16--10456,2016/10/07,11:50 PM,ALBION RD @ HUNT CLUB RD (0006974),6974,02 - Intersection related,03 - P.D. only,03 - Rear end,01 - Clear,07 - Dark,01 - Dry,01 - Traffic signal,01 - Functioning,2,0,0,0,,0,,,,,371867.1982,5024321.053,45.35562669,-75.64400179,420
16--10457,2016/10/07,Unknown,FRASER AVE btwn DOVERCOURT AVE & TILLBURY AVE (__3ZA0P4),__3ZA0P4,01 - Non intersection,03 - P.D. only,06 - SMV unattended vehicle,01 - Clear,00 - Unknown,01 - Dry,10 - No control,,1,0,0,0,,0,,,,,362807.7533,5026902.137,45.37965901,-75.75931661,421
16--10458,2016/10/07,12:15 PM,INNES RD btwn BANTREE ST & STAR TOP RD (__3ZA2XP),__3ZA2XP,01 - Non intersection,03 - P.D. only,03 - Rear end,01 - Clear,01 - Daylight,01 - Dry,10 - No control,,2,0,0,0,,0,,,,,374120.7882,5030654.295,45.41239114,-75.61435258,422
16--10459,2016/10/07,12:22 PM,HIGHWAY 417 btwn HWY417 IC123 RAMP62 & HWY417 IC122 RAMP16 (__3ZA2R9),__3ZA2R9,01 - Non intersection,03 - P.D. only,03 - Rear end,01 - Clear,01 - Daylight,01 - Dry,10 - No control,,2,0,0,0,,0,,,,,365132.9368,5028712.38,45.39575084,-75.7294084,423
16--1046,2016/01/22,2:04 PM,DIAMONDVIEW RD @ DONALD B. MUNRO DR (0011597),11597,03 - At intersection,03 - P.D. only,02 - Angle,01 - Clear,01 - Daylight,01 - Dry,02 - Stop sign,01 - Functioning,2,0,0,0,,0,,,,,338123.9733,5022170.822,45.33869369,-76.07480333,424
16--10460,2016/10/07,2:20 PM,HIGHWAY 417 btwn HWY417 IC121A RAMP61 & HWY417 IC120B RAMP36 (__3ZA2YV),__3ZA2YV,01 - Non intersection,03 - P.D. only,03 - Rear end,01 - Clear,01 - Daylight,01 - Dry,10 - No control,,2,0,0,0,,0,,,,,367534.7514,5029882.123,45.40606478,-75.69858582,425
16--10461,2016/10/07,2:28 PM,RAMSAYVILLE RD btwn LOUISEIZE RD & NINTH LINE RD (__3ZBO25),__3ZBO25,01 - Non intersection,03 - P.D. only,05 - Turning movement,01 - Clear,01 - Daylight,01 - Dry,10 - No control,,2,0,0,0,,0,,,,,380265.8104,5020164.28,45.31737286,-75.53745611,426
16--10462,2016/10/07,2:35 PM,HINTON AVE   N btwn ARMSTRONG ST & WELLINGTON ST W (__3ZBONM),__3ZBONM,01 - Non intersection,03 - P.D. only,04 - Sideswipe,01 - Clear,01 - Daylight,01 - Dry,10 - No control,,2,0,0,0,,0,,,,,365001.8411,5029200.364,45.40015289,-75.73102308,427
16--10463,2016/10/07,2:50 PM,FISHER AVE @ PRINCE OF WALES DR (0000572),572,03 - At intersection,02 - Non-fatal injury,05 - Turning movement,01 - Clear,01 - Daylight,01 - Dry,01 - Traffic signal,01 - Functioning,2,0,0,0,01 - Minimal,1,1,,,,367160.6071,5023942.731,45.35265701,-75.70411506,428
16--10464,2016/10/07,2:50 PM,ULLSWATER DR @ CARLING AVE (0000652),652,02 - Intersection related,03 - P.D. only,03 - Rear end,01 - Clear,01 - Daylight,01 - Dry,02 - Stop sign,01 - Functioning,2,0,0,0,,0,,,,,356488.6521,5023809.705,45.35232787,-75.8403211,429
16--10465,2016/10/07,2:55 PM,CARLING AVE WB btwn COLE AVE & CHURCHILL AVE N (__3ZA4T0),__3ZA4T0,04 - At/near private drive,03 - P.D. only,03 - Rear end,01 - Clear,01 - Daylight,01 - Dry,10 - No control,,2,0,0,0,,0,,,,,363534.3548,5026860.013,45.37921945,-75.75004466,430
16--10466,2016/10/07,3:11 PM,EAGLESON RD btwn EAGLESON BUSINESS CENTRE & MICHAEL COWPLAND DR/STONEH (__3ZA41JB),__3ZA41JB,01 - Non intersection,03 - P.D. only,04 - Sideswipe,01 - Clear,01 - Daylight,01 - Dry,10 - No control,,2,0,0,0,,0,,,,,354364.7612,5016663.331,45.28817691,-75.86814084,431
16--10467,2016/10/07,4:00 PM,DONALD ST @ ELAINE DR (0009928),9928,02 - Intersection related,03 - P.D. only,03 - Rear end,01 - Clear,01 - Daylight,01 - Dry,01 - Traffic signal,01 - Functioning,2,0,0,0,,0,,,,,372333.7143,5032478.515,45.42897937,-75.63693168,432
16--10468,2016/10/07,4:03 PM,MERIVALE RD btwn 210 S OF MEADOWLANDS DR/MERIVALE PL SC & FAMILY BROWN (__3ZBPLPB),__3ZBPLPB,01 - Non intersection,03 - P.D. only,03 - Rear end,01 - Clear,01 - Daylight,01 - Dry,10 - No control,,3,0,0,0,,0,,,,,364985.2151,5023432.985,45.34826047,-75.73193826,433
16--10469,2016/10/07,4:10 PM,MONTREAL RD @ SHEFFORD RD (0012423),12423,02 - Intersection related,03 - P.D. only,03 - Rear end,01 - Clear,01 - Daylight,01 - Dry,01 - Traffic signal,01 - Functioning,3,0,0,0,,0,,,,,376124.0742,5034852.332,45.44996127,-75.5881536,434
16--1047,2016/01/22,2:12 PM,MEADOWLANDS DR btwn PRINCE OF WALES DR & DEBRA AVE (__3ZA3GTB),__3ZA3GTB,04 - At/near private drive,03 - P.D. only,02 - Angle,01 - Clear,01 - Daylight,01 - Dry,10 - No control,,2,0,0,0,,0,,,,,367253.0928,5025618.054,45.36772298,-75.70272312,435
16--10470,2016/10/07,4:21 PM,CATHERINE ST btwn BRONSON AVE & HWY417 IC121A RAMP61 (__3ZA3B4),__3ZA3B4,01 - Non intersection,03 - P.D. only,03 - Rear end,01 - Clear,01 - Daylight,01 - Dry,10 - No control,,2,0,0,0,,0,,,,,367339.985,5029846.768,45.40576409,-75.70107813,436
16--10471,2016/10/07,4:22 PM,OSGOODE ST @ RUSSELL AVE (0008534),8534,03 - At intersection,03 - P.D. only,02 - Angle,01 - Clear,01 - Daylight,01 - Dry,02 - Stop sign,01 - Functioning,2,0,0,0,,0,,,,,369147.6997,5032035.787,45.42529625,-75.67770187,437
16--10472,2016/10/07,4:27 PM,LEITRIM RD btwn LIMEBANK RD & HIGH RD (__3ZBOEL),__3ZBOEL,01 - Non intersection,03 - P.D. only,03 - Rear end,01 - Clear,01 - Daylight,01 - Dry,10 - No control,,2,0,0,0,,0,,,,,371546.3669,5019211.281,45.30968109,-75.64878526,438
16--10473,2016/10/07,4:58 PM,CUMBERLAND ST @ LAURIER AVE (0007751),7751,03 - At intersection,03 - P.D. only,02 - Angle,01 - Clear,01 - Daylight,01 - Dry,01 - Traffic signal,01 - Functioning,2,0,0,0,,0,,,,,368598.3627,5031948.365,45.42455998,-75.68473245,439
16--10474,2016/10/07,5:00 PM,RIVERSIDE DR btwn HUNT CLUB RD & KIMBERWICK CRES (__3ZBOEN),__3ZBOEN,01 - Non intersection,02 - Non-fatal injury,03 - Rear end,01 - Clear,05 - Dusk,01 - Dry,10 - No control,,2,0,0,0,01 - Minimal,1,1,,,,368147.5395,5022525.82,45.3398195,-75.69170194,440
16--10475,2016/10/07,5:06 PM,SOMERSET ST    W btwn BANK ST & O'CONNOR ST (__3ZA3AV),__3ZA3AV,01 - Non intersection,02 - Non-fatal injury,07 - SMV other,01 - Clear,01 - Daylight,01 - Dry,10 - No control,,1,0,0,1,03 - Major,1,,,1,,367777.5186,5030965.668,45.41579237,-75.69534643,441
16--10476,2016/10/07,5:07 PM,ST. JOSEPH BLVD @ JEANNE D'ARC BLVD (0012421),12421,03 - At intersection,03 - P.D. only,02 - Angle,01 - Clear,01 - Daylight,01 - Dry,11 - Roundabout,01 - Functioning,2,0,0,0,,0,,,,,379860.0839,5036471.8,45.46414076,-75.54014977,442
16--10477,2016/10/07,5:28 PM,EARL ARMSTRONG RD @ LIMEBANK RD (0004456),4456,02 - Intersection related,03 - P.D. only,03 - Rear end,01 - Clear,01 - Daylight,01 - Dry,01 - Traffic signal,01 - Functioning,2,0,0,0,,0,,,,,370157.3772,5015959.208,45.2805502,-75.66692568,443
16--10478,2016/10/07,5:30 PM,HIGHWAY 417 btwn HWY417 IC126 RAMP61 & HWY417 IC124 RAMP76 (__3ZA2Y2),__3ZA2Y2,01 - Non intersection,03 - P.D. only,03 - Rear end,01 - Clear,01 - Daylight,01 - Dry,10 - No control,,2,0,0,0,,0,,,,,363189.9867,5025907.475,45.37067742,-75.754554,444
16--10479,2016/10/07,5:32 PM,WEST HUNT CLUB RD EB btwn MERIVALE RD & SUNDERLAND ST (__3ZA3JQ),__3ZA3JQ,01 - Non intersection,02 - Non-fatal injury,04 - Sideswipe,01 - Clear,01 - Daylight,01 - Dry,10 - No control,,2,0,0,0,02 - Minor,1,,1,,,365817.5251,5022056.439,45.33580259,-75.72148738,445
16--1048,2016/01/22,2:20 AM,RIDEAU VALLEY DR    N btwn SUTHERLAND DR & MARINA DR (__3ZA392),__3ZA392,01 - Non intersection,03 - P.D. only,01 - Approaching,01 - Clear,07 - Dark,02 - Wet,10 - No control,,2,0,0,0,,0,,,,,372312.2135,5003309.005,45.16652184,-75.64117786,446
16--10480,2016/10/07,5:32 PM,EMOND ST @ MONTREAL RD (0009802),9802,02 - Intersection related,03 - P.D. only,02 - Angle,01 - Clear,01 - Daylight,01 - Dry,02 - Stop sign,01 - Functioning,2,0,0,0,,0,,,,,370193.613,5033134.369,45.43508384,-75.6641917,447
16--10481,2016/10/07,6:03 PM,CARLING AVE @ ISLAND PARK DR (0010785),10785,02 - Intersection related,03 - P.D. only,04 - Sideswipe,01 - Clear,05 - Dusk,01 - Dry,01 - Traffic signal,01 - Functioning,2,0,0,0,,0,,,,,365349.5277,5027998.785,45.38931137,-75.72672985,448
16--10482,2016/10/07,6:26 PM,ALBERT ST btwn LYON ST N & KENT ST (__3ZA3C9),__3ZA3C9,01 - Non intersection,03 - P.D. only,05 - Turning movement,01 - Clear,07 - Dark,01 - Dry,10 - No control,,2,0,0,0,,0,,,,,367071.7013,5031225.511,45.41819353,-75.70433082,449
16--10483,2016/10/07,6:44 AM,EAGLESON RD btwn OTTAWA ST & BROPHY DR (__3ZA4ZN),__3ZA4ZN,01 - Non intersection,03 - P.D. only,07 - SMV other,01 - Clear,03 - Dawn,01 - Dry,10 - No control,,1,0,0,0,,0,,,,,358572.9443,5006036.22,45.19224265,-75.81564694,450
16--10484,2016/10/07,7:00 AM,HIGHWAY 417 btwn HWY417 IC144 RAMP35 & HWY417 IC144 RAMP25 (__3ZA2QT),__3ZA2QT,01 - Non intersection,03 - P.D. only,07 - SMV other,"07 - Fog, mist, smoke, dust",07 - Dark,01 - Dry,10 - No control,,1,0,0,0,,0,,,,,347429.4379,5015834.531,45.28117395,-75.95662028,451
16--10485,2016/10/07,7:15 PM,HIGHWAY 417 btwn HWY417 IC122 RAMP61 & HWY417 IC121B RAMP16 (__3ZA2Y4),__3ZA2Y4,01 - Non intersection,03 - P.D. only,03 - Rear end,01 - Clear,07 - Dark,01 - Dry,10 - No control,,3,0,0,0,,0,,,,,366066.8117,5029341.507,45.40133048,-75.71740361,452
16--10486,2016/10/07,8:04 AM,HERON RD btwn JEFFERSON ST & TURN LANE (__3ZA3BI),__3ZA3BI,04 - At/near private drive,03 - P.D. only,02 - Angle,01 - Clear,01 - Daylight,01 - Dry,10 - No control,,2,0,0,0,,0,,,,,372020.4133,5027079.942,45.38043549,-75.6416711,453
16--10487,2016/10/07,8:13 AM,OTTAWA RIVER PKWY @ ISLAND PARK DR (0002127),2127,02 - Intersection related,03 - P.D. only,03 - Rear end,01 - Clear,01 - Daylight,01 - Dry,01 - Traffic signal,01 - Functioning,2,0,0,0,,0,,,,,363298.9542,5029454.489,45.40258383,-75.75274256,454
16--10488,2016/10/07,8:14 AM,BANKFIELD RD btwn KILREEN LANE & PRINCE OF WALES DR (__3ZA4KO),__3ZA4KO,01 - Non intersection,03 - P.D. only,03 - Rear end,01 - Clear,01 - Daylight,01 - Dry,10 - No control,,2,0,0,0,,0,,,,,366335.2455,5008953.164,45.21785485,-75.71650678,455
16--10489,2016/10/07,9:07 AM,LAURIER AVE   W btwn PERCY ST & BAY ST (__3ZA331),__3ZA331,04 - At/near private drive,03 - P.D. only,05 - Turning movement,01 - Clear,01 - Daylight,01 - Dry,10 - No control,,2,1,0,0,,0,,,,,366966.1542,5030956.391,45.41578146,-75.70571326,456
16--1049,2016/01/22,2:32 PM,OSGOODE ST btwn KING EDWARD AVE & HENDERSON AVE (__3ZA8HJ),__3ZA8HJ,04 - At/near private drive,03 - P.D. only,99 - Other,01 - Clear,01 - Daylight,02 - Wet,10 - No control,,2,0,0,0,,0,,,,,368888.2183,5031875.848,45.423881,-75.68103825,457
16--10490,2016/10/07,9:24 PM,PRINCE OF WALES DR @ WEST HUNT CLUB RD (0000567),567,02 - Intersection related,03 - P.D. only,03 - Rear end,01 - Clear,07 - Dark,01 - Dry,01 - Traffic signal,01 - Functioning,2,0,0,0,,0,,,,,367457.054,5021890.261,45.33416286,-75.70059196,458
16--10491,2016/10/07,9:39 PM,FROBISHER LANE W @ RIVERSIDE DR (0011961),11961,03 - At intersection,03 - P.D. only,04 - Sideswipe,01 - Clear,07 - Dark,01 - Dry,01 - Traffic signal,01 - Functioning,2,0,0,0,,0,,,,,370118.7293,5029601.195,45.40330073,-75.66561708,459
16--10492,2016/10/08,10:41 PM,MONTREAL RD @ SAVARD AVE (0009801),9801,02 - Intersection related,03 - P.D. only,03 - Rear end,01 - Clear,07 - Dark,01 - Dry,02 - Stop sign,00 - Unknown,2,0,0,0,,0,,,,,370160.4945,5033113.211,45.43489657,-75.66461775,460
16--10493,2016/10/08,10:58 AM,LANDSWOOD WAY btwn WEST RIDGE DR & WEST RIDGE DR (__589R1D),__589R1D,04 - At/near private drive,03 - P.D. only,06 - SMV unattended vehicle,02 - Rain,01 - Daylight,02 - Wet,10 - No control,,1,0,0,0,,0,,,,,350206.4754,5011745.307,45.24420379,-75.92159807,461
16--10494,2016/10/08,11:35 AM,BREWER RD @ BRONSON AVE (0002240),2240,02 - Intersection related,03 - P.D. only,03 - Rear end,02 - Rain,01 - Daylight,02 - Wet,01 - Traffic signal,01 - Functioning,3,0,0,0,,0,,,,,368109.8753,5027766.85,45.3869804,-75.69151102,462
16--10495,2016/10/08,Unknown,BOWHILL AVE btwn HILLHURST PL & CHESTERTON DR (__3ZAAVQ),__3ZAAVQ,01 - Non intersection,03 - P.D. only,06 - SMV unattended vehicle,01 - Clear,00 - Unknown,01 - Dry,10 - No control,,1,0,0,0,,0,,,,,365550.21,5023765.369,45.3512025,-75.72468783,463
16--10496,2016/10/08,12:01 PM,ARMSTRONG ST @ PARKDALE AVE (0006267),6267,03 - At intersection,03 - P.D. only,02 - Angle,02 - Rain,01 - Daylight,02 - Wet,01 - Traffic signal,01 - Functioning,2,0,0,0,,0,,,,,365090.9116,5029403.9,45.4019766,-75.72986058,464
16--10497,2016/10/08,12:22 PM,LIMEBANK RD btwn RIDEAU RD & MITCH OWENS RD (__3ZA6LY),__3ZA6LY,01 - Non intersection,03 - P.D. only,03 - Rear end,02 - Rain,01 - Daylight,02 - Wet,10 - No control,,2,0,0,0,,0,,,,,371113.5116,5013401.389,45.25744587,-75.65508124,465
16--10498,2016/10/08,12:43 PM,CARP RD @ HAZELDEAN RD (0000086),86,02 - Intersection related,02 - Non-fatal injury,03 - Rear end,01 - Clear,01 - Daylight,01 - Dry,01 - Traffic signal,01 - Functioning,2,0,0,0,01 - Minimal,1,1,,,,348806.2322,5014359.194,45.2678135,-75.93920246,466
16--10499,2016/10/08,12:53 PM,GREENBANK RD @ IRIS ST/HWY 417 IC129 RAMP51 (0009073),9073,02 - Intersection related,03 - P.D. only,03 - Rear end,02 - Rain,01 - Daylight,02 - Wet,01 - Traffic signal,01 - Functioning,2,0,0,0,,0,,,,,360532.0425,5023314.55,45.34756279,-75.78877679,467
16--105,2016/01/04,3:59 PM,MCLEOD ST @ O'CONNOR ST (0007282),7282,03 - At intersection,03 - P.D. only,02 - Angle,01 - Clear,01 - Daylight,01 - Dry,01 - Traffic signal,01 - Functioning,2,0,0,0,,0,,,,,368117.1234,5030593.17,45.41241011,-75.69105564,468
16--1050,2016/01/22,2:41 PM,RIVERSIDE DR btwn HOG'S BACK RD & RIDGEWOOD AVE (__3ZA372),__3ZA372,01 - Non intersection,03 - P.D. only,04 - Sideswipe,01 - Clear,01 - Daylight,01 - Dry,10 - No control,,2,0,0,0,,0,,,,,368177.2786,5026126.09,45.37221119,-75.69086095,469
16--10500,2016/10/08,2:26 PM,CAMBRIAN RD/GOLFLINKS DR W @ LONGFIELDS DR (0009702),9702,02 - Intersection related,03 - P.D. only,07 - SMV other,02 - Rain,01 - Daylight,02 - Wet,11 - Roundabout,01 - Functioning,1,0,0,0,,0,,,,,365382.4713,5013224.075,45.25636722,-75.72811665,470
16--10501,2016/10/08,2:32 PM,VIEWMOUNT DR btwn MERIVALE RD & GRANT CARMAN DR (__3ZA0AL),__3ZA0AL,01 - Non intersection,03 - P.D. only,04 - Sideswipe,02 - Rain,01 - Daylight,02 - Wet,10 - No control,,2,0,0,0,,0,,,,,365275.5851,5022996.135,45.34430477,-75.72828641,471
16--10502,2016/10/08,3:20 PM,CARLING AVE @ CLYDE AVE/COLE AVE (0006984),6984,02 - Intersection related,03 - P.D. only,07 - SMV other,01 - Clear,01 - Daylight,01 - Dry,01 - Traffic signal,01 - Functioning,1,0,0,0,,0,,,,,363521.3492,5026850.762,45.3791373,-75.75021181,472
16--10503,2016/10/08,4:12 PM,SHEFFIELD RD @ WALKLEY RD (0005156),5156,02 - Intersection related,03 - P.D. only,03 - Rear end,01 - Clear,01 - Daylight,01 - Dry,01 - Traffic signal,01 - Functioning,2,0,0,0,,0,,,,,375258.5633,5028784.125,45.3954507,-75.60008529,473
16--10504,2016/10/08,4:47 PM,MONTREAL RD @ STE. ANNE ST (0009798),9798,02 - Intersection related,03 - P.D. only,03 - Rear end,01 - Clear,01 - Daylight,01 - Dry,02 - Stop sign,00 - Unknown,2,0,0,0,,0,,,,,370706.7086,5033418.666,45.43759365,-75.65759637,474
16--10505,2016/10/08,6:45 PM,HIGHWAY 417 btwn HWY417 IC155 RAMP25 & RAMP (__3ZAZN1),__3ZAZN1,01 - Non intersection,03 - P.D. only,03 - Rear end,01 - Clear,07 - Dark,01 - Dry,10 - No control,,2,0,0,0,,0,,,,,344360.4712,5015404.034,45.27747956,-75.99577186,475
16--10506,2016/10/08,7:34 PM,KATIMAVIK RD @ CHIMO DR E/HEARST WAY (0003437),3437,02 - Intersection related,02 - Non-fatal injury,03 - Rear end,01 - Clear,07 - Dark,01 - Dry,01 - Traffic signal,00 - Unknown,2,0,0,0,01 - Minimal,2,2,,,,352959.6219,5019608.401,45.31477502,-75.88576663,476
16--10507,2016/10/08,7:37 PM,KIRKWOOD AVE @ RICHMOND RD (0002080),2080,02 - Intersection related,02 - Non-fatal injury,03 - Rear end,01 - Clear,07 - Dark,01 - Dry,01 - Traffic signal,01 - Functioning,2,0,0,0,01 - Minimal,1,1,,,,363779.5179,5028641.969,45.3952326,-75.74670159,477
16--10508,2016/10/08,8:58 PM,BAY ST @ SPARKS ST (0005128),5128,03 - At intersection,03 - P.D. only,05 - Turning movement,01 - Clear,07 - Dark,01 - Dry,01 - Traffic signal,01 - Functioning,2,0,0,0,,0,,,,,366856.479,5031279.809,45.41870121,-75.7070737,478
16--10509,2016/10/08,9:04 PM,REVELSTOKE DR @ RIVERSIDE DR (0006918),6918,03 - At intersection,03 - P.D. only,07 - SMV other,01 - Clear,07 - Dark,01 - Dry,01 - Traffic signal,01 - Functioning,1,0,0,0,,0,,,,,368218.2031,5024422.782,45.35688155,-75.69055712,479
16--1051,2016/01/22,2:48 PM,CAVAN ST @ LAROSE AVE (0003070),3070,03 - At intersection,03 - P.D. only,02 - Angle,01 - Clear,01 - Daylight,01 - Dry,02 - Stop sign,01 - Functioning,2,0,0,0,,0,,,,,364481.3545,5026737.761,45.37803942,-75.73796864,480
16--10510,2016/10/08,9:19 AM,BOOTH ST @ ECCLES ST (0005105),5105,03 - At intersection,03 - P.D. only,02 - Angle,02 - Rain,01 - Daylight,02 - Wet,01 - Traffic signal,01 - Functioning,2,0,0,0,,0,,,,,366623.2009,5030186.596,45.40888545,-75.71019125,481
16--10511,2016/10/08,9:31 PM,BANK ST @ SUNNYSIDE AVE (0007219),7219,02 - Intersection related,03 - P.D. only,03 - Rear end,01 - Clear,07 - Dark,01 - Dry,01 - Traffic signal,01 - Functioning,2,0,0,0,,0,,,,,368736.365,5028581.963,45.39425763,-75.68340573,482
16--10512,2016/10/08,9:40 PM,UPPER DWYER HILL RD btwn MANTIL SIDE RD & VAUGHAN SIDE RD (__3ZAZA4),__3ZAZA4,01 - Non intersection,03 - P.D. only,07 - SMV other,01 - Clear,07 - Dark,01 - Dry,10 - No control,,1,0,0,0,,0,,,,,330293.9632,5018622.961,45.30709624,-76.174891,483
16--10513,2016/10/09,10:45 AM,HIGHWAY 416 btwn HWY416 IC66 RAMP24 & HWY416 IC57 RAMP62 (__3ZA1OI),__3ZA1OI,01 - Non intersection,03 - P.D. only,07 - SMV other,01 - Clear,01 - Daylight,01 - Dry,10 - No control,,1,0,0,0,,0,,,,,363747.5013,5010003.916,45.22753088,-75.74932773,484
16--10514,2016/10/09,2:22 PM,PRINCE OF WALES DR @ STRANDHERD DR (0013339),13339,03 - At intersection,03 - P.D. only,03 - Rear end,01 - Clear,01 - Daylight,01 - Dry,01 - Traffic signal,01 - Functioning,2,0,0,0,,0,,,,,367176.118,5014824.605,45.27061197,-75.70506494,485
16--10515,2016/10/09,2:57 PM,HAWTHORNE RD @ HUNT CLUB RD (0007651),7651,02 - Intersection related,03 - P.D. only,03 - Rear end,01 - Clear,01 - Daylight,01 - Dry,01 - Traffic signal,01 - Functioning,2,0,0,0,,0,,,,,375506.0936,5026405.287,45.37402216,-75.59726492,486
16--10516,2016/10/09,5:45 AM,HIGHWAY 417 btwn HWY417 IC134 RAMP36 & HWY417 IC134 RAMP26 (__3ZA29C),__3ZA29C,01 - Non intersection,03 - P.D. only,07 - SMV other,01 - Clear,07 - Dark,01 - Dry,10 - No control,,1,0,0,0,,0,,,,,356430.4473,5022300.232,45.3387498,-75.84122145,487
16--10517,2016/10/09,6:23 AM,HIGHWAY 417 btwn HWY417 IC144 RAMP16 & HWY417 IC144 RAMP61 (__3ZA2QU),__3ZA2QU,01 - Non intersection,03 - P.D. only,07 - SMV other,01 - Clear,07 - Dark,01 - Dry,10 - No control,,1,0,0,0,,0,,,,,347562.5285,5016022.795,45.28285994,-75.95490769,488
16--10518,2016/10/09,6:53 PM,CARLING AVE @ HOLLAND AVE (0002146),2146,03 - At intersection,03 - P.D. only,05 - Turning movement,01 - Clear,07 - Dark,01 - Dry,01 - Traffic signal,01 - Functioning,2,0,0,0,,0,,,,,365416.4792,5028037.449,45.38965347,-75.72587015,489
16--10519,2016/10/09,9:45 AM,HIGHWAY 417 btwn HWY417 IC96 RAMP51 & HIGHWAY 417 (__3ZA2W3),__3ZA2W3,01 - Non intersection,03 - P.D. only,07 - SMV other,01 - Clear,01 - Daylight,01 - Dry,10 - No control,,1,0,0,0,,0,,,,,387347.1965,5023837.812,45.34962746,-75.44653716,490
16--1052,2016/01/22,3:10 PM,INVERNESS AVE @ MEADOWLANDS DR (0001758),1758,02 - Intersection related,02 - Non-fatal injury,03 - Rear end,01 - Clear,01 - Daylight,02 - Wet,01 - Traffic signal,01 - Functioning,2,0,0,0,01 - Minimal,1,1,,,,365747.7283,5024717.152,45.35974934,-75.72204993,491
16--10520,2016/10/09,9:56 AM,BRIDGESTONE DR/STEEPLE CHASE DR @ STONEHAVEN D (0002781),2781,03 - At intersection,03 - P.D. only,07 - SMV other,01 - Clear,01 - Daylight,01 - Dry,11 - Roundabout,01 - Functioning,1,0,0,0,,0,,,,,355105.3307,5016984.623,45.29101535,-75.85866795,492
16--10521,2016/10/10,10:20 AM,CARLING AVE @ KIRKWOOD AVE N (0002358),2358,03 - At intersection,03 - P.D. only,02 - Angle,01 - Clear,01 - Daylight,01 - Dry,01 - Traffic signal,01 - Functioning,2,0,0,0,,0,,,,,364275.0814,5027492.763,45.38485034,-75.74051122,493
16--10522,2016/10/10,11:12 AM,MAPLE GROVE RD @ TERRY FOX DR (0003177),3177,03 - At intersection,02 - Non-fatal injury,02 - Angle,01 - Clear,01 - Daylight,01 - Dry,01 - Traffic signal,01 - Functioning,2,0,0,0,02 - Minor,3,2,1,,,351552.95,5017864.245,45.29917574,-75.90387102,494
16--10523,2016/10/10,11:32 AM,BROOKSTONE ST @ WATERBRIDGE DR (0010175),10175,02 - Intersection related,03 - P.D. only,05 - Turning movement,01 - Clear,01 - Daylight,01 - Dry,02 - Stop sign,01 - Functioning,2,0,0,0,,0,,,,,367142.2105,5015961.531,45.28084495,-75.70535425,495
16--10524,2016/10/10,11:34 AM,DOYLE RD @ SNAKE ISLAND RD (0001649),1649,03 - At intersection,03 - P.D. only,02 - Angle,01 - Clear,01 - Daylight,01 - Dry,02 - Stop sign,01 - Functioning,2,0,0,0,,0,,,,,375042.6183,5004189.145,45.17417476,-75.60632472,496
16--10525,2016/10/10,11:52 AM,BENTLEY AVE btwn GIFFORD ST & END (__3ZAAYU),__3ZAAYU,04 - At/near private drive,02 - Non-fatal injury,07 - SMV other,01 - Clear,01 - Daylight,01 - Dry,10 - No control,,1,0,0,0,01 - Minimal,2,2,,,,366445.1876,5022019.173,45.33541241,-75.71348453,497
16--10526,2016/10/10,12:35 PM,ISLAND PARK DR btwn CLEARVIEW AVE & OTTAWA RIVER PKWY (__3ZA23A),__3ZA23A,01 - Non intersection,03 - P.D. only,03 - Rear end,01 - Clear,01 - Daylight,01 - Dry,10 - No control,,4,0,0,0,,0,,,,,363451.583,5029400.099,45.40208167,-75.75079954,498
16--10527,2016/10/10,3:22 PM,KITCHENER AVE @ BANK ST (0011963),11963,03 - At intersection,03 - P.D. only,03 - Rear end,01 - Clear,01 - Daylight,01 - Dry,01 - Traffic signal,01 - Functioning,2,0,0,0,,0,,,,,370541.7043,5025499.558,45.36635604,-75.66076085,499
16--10528,2016/10/10,3:30 PM,MOODIE DR @ ROBERTSON RD (0010545),10545,02 - Intersection related,03 - P.D. only,03 - Rear end,01 - Clear,01 - Daylight,01 - Dry,01 - Traffic signal,01 - Functioning,2,0,0,0,,0,,,,,357065.2554,5020457.541,45.32212209,-75.83331673,500
16--10619,2016/10/12,8:27 AM,HEMLOCK RD @ ST. LAURENT BLVD (0007183),7183,03 - At intersection,02 - Non-fatal injury,07 - SMV other,01 - Clear,01 - Daylight,01 - Dry,01 - Traffic signal,01 - Functioning,1,0,0,1,01 - Minimal,1,1,,,,371145.9284,5034780.5,45.44980526,-75.65179938,501