Anom_ID,Accident_Date,Accident_Time,Location,Geo_ID,Accident_Location,Classification_of_Accident,Initial_Impact_Type,Environment_Condition,Light,Road_Surface_Condition,Traffic_Control,Traffic_Control_Condition,No__of_Vehicles,No__of_Bicycles,No__of_Motorcycles,No__of_Pedestrians,Max_Injury,No__of_Injuries,No__of_Minimal,No__of_Minor,No__of_Major,No__of_Fatal,X,Y,Latitude,Longitude,ObjectId
16--1062,2016/01/22,5:53 PM,FORESTGLADE CRES btwn FOLKWAY GT & NOBLETON AVE (__3ZA47I),__3ZA47I,04 - At/near private drive,03 - P.D. only,06 - SMV unattended vehicle,01 - Clear,07 - Dark,01 - Dry,10 - No control,,1,0,0,0,,0,,,,,375351.8156,5026601.973,45.37580739,-75.59920631,502
16--10620,2016/10/12,9:12 AM,PRINCE OF WALES DR @ STRANDHERD DR (0013339),13339,02 - Intersection related,03 - P.D. only,03 - Rear end,01 - Clear,01 - Daylight,01 - Dry,01 - Traffic signal,01 - Functioning,2,0,0,0,,0,,,,,367175.2898,5014823.777,45.27060459,-75.7050756,503
16--10621,2016/10/12,9:19 AM,LONGFIELDS DR @ MOUNTSHANNON DR E (0000028),28,03 - At intersection,03 - P.D. only,03 - Rear end,01 - Clear,01 - Daylight,01 - Dry,11 - Roundabout,01 - Functioning,2,0,0,0,,0,,,,,364885.0482,5016800.352,45.28858918,-75.734021,504
16--10622,2016/10/12,9:19 AM,CYRVILLE RD @ INNES RD (0009352),9352,02 - Intersection related,03 - P.D. only,03 - Rear end,01 - Clear,01 - Daylight,01 - Dry,01 - Traffic signal,01 - Functioning,2,0,0,0,,0,,,,,375048.5647,5031119.624,45.4164854,-75.60243437,505
16--10623,2016/10/12,9:27 AM,CARLING AVE EB btwn FOX CRES & WOODROFFE AVE (__3ZA4VE),__3ZA4VE,01 - Non intersection,02 - Non-fatal injury,07 - SMV other,01 - Clear,01 - Daylight,01 - Dry,10 - No control,,1,0,0,1,02 - Minor,1,,1,,,361529.5299,5025577.505,45.36784476,-75.77578868,506
16--10624,2016/10/12,9:34 AM,WEST HUNT CLUB RD @ WOODROFFE AVE (0000576),576,02 - Intersection related,02 - Non-fatal injury,03 - Rear end,01 - Clear,01 - Daylight,01 - Dry,01 - Traffic signal,01 - Functioning,2,0,0,0,02 - Minor,1,,1,,,363670.691,5021244.419,45.3286795,-75.74897266,507
16--10625,2016/10/13,1:07 PM,CARLING AVE btwn MARCH RD & SCHNEIDER RD (__3ZA42E),__3ZA42E,04 - At/near private drive,03 - P.D. only,02 - Angle,01 - Clear,01 - Daylight,01 - Dry,10 - No control,,2,0,0,0,,0,,,,,351228.1114,5022182.154,45.33805087,-75.90760796,508
16--10626,2016/10/13,1:50 PM,TENTH LINE RD @ CHARLEMAGNE BLVD N/TOMPKINS AV (0009222),9222,02 - Intersection related,03 - P.D. only,03 - Rear end,01 - Clear,01 - Daylight,01 - Dry,01 - Traffic signal,01 - Functioning,2,0,0,0,,0,,,,,383184.7157,5037978.702,45.47733337,-75.49740122,509
16--10627,2016/10/13,10:00 PM,RIFLE RD btwn LOIS AVE & SANDHILL RD (__3ZACKC),__3ZACKC,01 - Non intersection,03 - P.D. only,07 - SMV other,01 - Clear,07 - Dark,01 - Dry,10 - No control,,1,0,0,0,,0,,,,,353428.9126,5024420.597,45.35804362,-75.8793087,510
16--10628,2016/10/13,10:07 AM,RAMSAYVILLE RD @ MITCH OWENS RD (0003575),3575,02 - Intersection related,02 - Non-fatal injury,05 - Turning movement,02 - Rain,01 - Daylight,02 - Wet,02 - Stop sign,01 - Functioning,2,0,0,0,01 - Minimal,1,1,,,,381144.2228,5018036.852,45.2981365,-75.52658155,511
16--10629,2016/10/13,10:33 AM,SLATER ST btwn METCALFE ST & ELGIN ST (__3ZA35Y),__3ZA35Y,01 - Non intersection,03 - P.D. only,07 - SMV other,01 - Clear,01 - Daylight,01 - Dry,10 - No control,,1,0,0,0,,0,,,,,367883.902,5031642.404,45.42187184,-75.69390067,512
16--1063,2016/01/22,6:00 AM,CLARENCE ST btwn SUSSEX DR & BY WARD MARKET SQ (__3ZA81R),__3ZA81R,01 - Non intersection,03 - P.D. only,07 - SMV other,01 - Clear,07 - Dark,01 - Dry,10 - No control,,1,0,0,0,,0,,,,,367837.4065,5032376.686,45.42848285,-75.69440077,513
16--10630,2016/10/13,10:39 PM,FISHER AVE @ MEADOWLANDS DR (0002120),2120,02 - Intersection related,03 - P.D. only,04 - Sideswipe,01 - Clear,07 - Dark,01 - Dry,01 - Traffic signal,01 - Functioning,2,0,0,0,,0,,,,,366574.4063,5025044.787,45.36262498,-75.71145808,514
16--10631,2016/10/13,10:45 AM,QUEEN ELIZABETH DRWY btwn QUEEN ELIZABETH PL & FIFTH AVE (__3ZA22J),__3ZA22J,01 - Non intersection,02 - Non-fatal injury,01 - Approaching,02 - Rain,01 - Daylight,03 - Loose snow,10 - No control,,2,0,0,0,02 - Minor,1,,1,,,368967.268,5029406.756,45.40165773,-75.68034965,515
16--10632,2016/10/13,10:56 AM,BANK ST @ CHAMBERLAIN AVE N/ISABELLA ST (0002132),2132,02 - Intersection related,03 - P.D. only,04 - Sideswipe,01 - Clear,01 - Daylight,01 - Dry,01 - Traffic signal,01 - Functioning,2,0,0,0,,0,,,,,368082.0535,5030167.221,45.40858073,-75.69155833,516
16--10633,2016/10/13,11:51 PM,BASELINE RD btwn COLLEGE SQUARE SC & WOODROFFE AVE (__3ZAZDQA),__3ZAZDQA,01 - Non intersection,02 - Non-fatal injury,07 - SMV other,01 - Clear,07 - Dark,01 - Dry,10 - No control,,1,0,1,0,02 - Minor,1,,1,,,362637.4749,5023818.952,45.3519309,-75.76185157,517
16--10634,2016/10/13,12:15 PM,KING EDWARD AVE @ ST. PATRICK ST (0002714),2714,03 - At intersection,03 - P.D. only,05 - Turning movement,01 - Clear,01 - Daylight,01 - Dry,01 - Traffic signal,01 - Functioning,2,0,0,0,,0,,,,,368248.0427,5032823.808,45.43246877,-75.68909588,518
16--10635,2016/10/13,2:24 PM,BELL ST @ WILLOW ST (0006330),6330,02 - Intersection related,03 - P.D. only,05 - Turning movement,01 - Clear,01 - Daylight,01 - Dry,02 - Stop sign,01 - Functioning,2,0,0,0,,0,,,,,366908.8088,5030053.473,45.40766236,-75.70655965,519
16--10636,2016/10/13,2:42 AM,FRANK KENNY RD btwn MCFADDEN RD & RUSSELL RD (__3ZA6IY),__3ZA6IY,01 - Non intersection,03 - P.D. only,07 - SMV other,01 - Clear,07 - Dark,01 - Dry,10 - No control,,1,0,0,0,,0,,,,,392524.2098,5026458.56,45.37257773,-75.38001554,520
16--10637,2016/10/13,3:11 PM,TERRY FOX DR @ PALLADIUM DR/KATIMAVIK RD (0011858),11858,02 - Intersection related,03 - P.D. only,03 - Rear end,01 - Clear,01 - Daylight,01 - Dry,01 - Traffic signal,01 - Functioning,2,0,0,0,,0,,,,,351269.718,5018181.361,45.30204803,-75.90745249,521
16--10638,2016/10/13,4:30 PM,INNES RD WB btwn INNES RD E/BLACKBURN BYPASS & ORLEANS BLVD (__3ZA1ZJ),__3ZA1ZJ,01 - Non intersection,03 - P.D. only,04 - Sideswipe,01 - Clear,01 - Daylight,01 - Dry,10 - No control,,2,0,0,0,,0,,,,,380452.0135,5034291.573,45.44446092,-75.53291676,522
16--10639,2016/10/13,5:11 PM,CARP RD btwn KITTIWAKE DR & HAZELDEAN RD (__3ZA3DY),__3ZA3DY,04 - At/near private drive,03 - P.D. only,02 - Angle,01 - Clear,01 - Daylight,01 - Dry,10 - No control,,2,0,0,0,,0,,,,,348637.5068,5014521.49,45.26928443,-75.9413382,523
16--1064,2016/01/22,6:07 PM,FALLOWFIELD RD @ VIA PARK PL/275 W OF WOODROFFE AVE (0010154),10154,02 - Intersection related,02 - Non-fatal injury,03 - Rear end,01 - Clear,07 - Dark,01 - Dry,01 - Traffic signal,01 - Functioning,2,0,0,0,01 - Minimal,2,2,,,,364847.4568,5017766.24,45.29728341,-75.73438324,524
16--10640,2016/10/13,5:39 PM,MOODIE DR @ WEST HUNT CLUB RD (0010414),10414,02 - Intersection related,03 - P.D. only,03 - Rear end,01 - Clear,07 - Dark,01 - Dry,01 - Traffic signal,00 - Unknown,4,0,0,0,,0,,,,,357908.4799,5018498.042,45.30442703,-75.82277154,525
16--10641,2016/10/13,5:55 PM,PARKDALE AVE @ TYNDALL ST (0006515),6515,02 - Intersection related,03 - P.D. only,03 - Rear end,01 - Clear,01 - Daylight,01 - Dry,02 - Stop sign,01 - Functioning,2,0,0,0,,0,,,,,365265.3569,5029013.147,45.39844565,-75.72768037,526
16--10642,2016/10/13,6:30 PM,BANTREE ST @ INNES RD (0007684),7684,03 - At intersection,03 - P.D. only,05 - Turning movement,01 - Clear,07 - Dark,01 - Dry,01 - Traffic signal,01 - Functioning,2,0,0,0,,0,,,,,373705.9427,5030406.775,45.41020504,-75.61968665,527
16--10643,2016/10/13,6:35 PM,RIDEAU ST btwn CHARLOTTE ST & WURTEMBURG ST (__3ZA3XQ),__3ZA3XQ,01 - Non intersection,03 - P.D. only,04 - Sideswipe,01 - Clear,05 - Dusk,01 - Dry,10 - No control,,2,0,0,0,,0,,,,,369339.1072,5032915.916,45.43319768,-75.67514079,528
16--10644,2016/10/13,7:10 AM,HIGHWAY 417 btwn HWY417 IC127 RAMP35 & HWY417 IC127 RAMP25 (__3ZA2RE),__3ZA2RE,01 - Non intersection,03 - P.D. only,03 - Rear end,02 - Rain,03 - Dawn,02 - Wet,10 - No control,,2,0,0,0,,0,,,,,362104.5907,5024811.469,45.36090525,-75.76853687,529
16--10645,2016/10/13,7:15 AM,ANDERSON RD btwn INNES RD & DESJARDINS ST (__3ZBOG0),__3ZBOG0,01 - Non intersection,03 - P.D. only,07 - SMV other,02 - Rain,03 - Dawn,02 - Wet,10 - No control,,1,0,0,0,,0,,,,,377277.3982,5031623.56,45.42079219,-75.57388613,530
16--10646,2016/10/13,7:15 AM,GALETTA SIDE RD btwn HARBOUR ST & CANON SMITH DR (__3ZA4QE),__3ZA4QE,01 - Non intersection,03 - P.D. only,07 - SMV other,01 - Clear,01 - Daylight,01 - Dry,10 - No control,,1,0,0,0,,0,,,,,329085.2897,5036180.109,45.46512677,-76.18944035,531
16--10647,2016/10/13,7:20 AM,HIGHWAY 417 btwn HWY417 IC127 RAMP25 & HWY417 IC126 RAMP51 (__3ZA2XA),__3ZA2XA,01 - Non intersection,03 - P.D. only,03 - Rear end,02 - Rain,01 - Daylight,02 - Wet,10 - No control,,2,0,0,0,,0,,,,,363150.2031,5025805.403,45.3697623,-75.75507392,532
16--10648,2016/10/13,7:48 AM,COLONNADE RD @ MERIVALE RD (0004569),4569,02 - Intersection related,03 - P.D. only,03 - Rear end,02 - Rain,01 - Daylight,02 - Wet,01 - Traffic signal,01 - Functioning,2,0,0,0,,0,,,,,365362.0387,5022543.254,45.34022235,-75.72723874,533
16--10649,2016/10/13,8:00 AM,ST. LAURENT BLVD @ TREMBLAY RD (0002573),2573,02 - Intersection related,03 - P.D. only,04 - Sideswipe,02 - Rain,01 - Daylight,02 - Wet,01 - Traffic signal,01 - Functioning,2,0,0,0,,0,,,,,372596.153,5031242.454,45.41783249,-75.63374826,534
16--1065,2016/01/22,6:15 PM,REVOL RD btwn VAAN DR & ARCO WAY (__3ZA5D7),__3ZA5D7,01 - Non intersection,03 - P.D. only,06 - SMV unattended vehicle,01 - Clear,07 - Dark,01 - Dry,10 - No control,,1,0,0,0,,0,,,,,364591.3593,5020845.944,45.32501623,-75.73727663,535
16--10650,2016/10/13,8:10 PM,ISLAND PARK DR @ RICHMOND RD (0002125),2125,03 - At intersection,02 - Non-fatal injury,05 - Turning movement,01 - Clear,07 - Dark,01 - Dry,01 - Traffic signal,01 - Functioning,2,1,0,0,02 - Minor,1,,1,,,364131.6395,5028867.215,45.39722957,-75.74217753,536
16--10651,2016/10/13,8:17 PM,RICHMOND RD btwn FALLOWFIELD RD & RUSHMORE RD (__3ZAB47),__3ZAB47,04 - At/near private drive,02 - Non-fatal injury,03 - Rear end,01 - Clear,07 - Dark,01 - Dry,10 - No control,,2,0,0,0,01 - Minimal,1,1,,,,358121.276,5012614.005,45.25146545,-75.82069027,537
16--10652,2016/10/13,8:41 AM,PRINCE OF WALES DR @ MEADOWLANDS DR/HOG'S BACK (0001629),1629,02 - Intersection related,03 - P.D. only,03 - Rear end,01 - Clear,01 - Daylight,02 - Wet,01 - Traffic signal,01 - Functioning,2,0,0,0,,0,,,,,367371.6436,5025694.529,45.36840051,-75.70120016,538
16--10653,2016/10/13,9:00 AM,QUINN RD btwn GILLIGAN RD & ALBION RD (__3ZA12B),__3ZA12B,01 - Non intersection,03 - P.D. only,06 - SMV unattended vehicle,02 - Rain,01 - Daylight,02 - Wet,10 - No control,,1,0,0,0,,0,,,,,373373.3507,5019954.638,45.31619357,-75.62538559,539
16--10654,2016/10/13,9:06 AM,CATHERINE ST/HWY 417 O'CONN IC119BR76 @ O'CONN (0001697),1697,02 - Intersection related,03 - P.D. only,04 - Sideswipe,02 - Rain,01 - Daylight,02 - Wet,01 - Traffic signal,01 - Functioning,2,0,0,0,,0,,,,,368243.7359,5030392.609,45.41059406,-75.689464,540
16--10655,2016/10/13,9:09 AM,MERIVALE RD @ BONGARD AVE (0000588),588,03 - At intersection,02 - Non-fatal injury,05 - Turning movement,01 - Clear,01 - Daylight,02 - Wet,02 - Stop sign,01 - Functioning,2,0,0,0,01 - Minimal,1,1,,,,365874.2367,5021315.862,45.32913404,-75.72085525,541
16--10656,2016/10/13,9:30 AM,AVIATION PKWY @ OGILVIE RD (0004114),4114,02 - Intersection related,03 - P.D. only,03 - Rear end,02 - Rain,01 - Daylight,02 - Wet,01 - Traffic signal,01 - Functioning,2,0,0,0,,0,,,,,373110.7142,5032376.172,45.42798308,-75.62701711,542
16--10657,2016/10/13,9:41 AM,INNES RD @ ORLEANS BLVD (0003611),3611,03 - At intersection,02 - Non-fatal injury,05 - Turning movement,02 - Rain,01 - Daylight,02 - Wet,01 - Traffic signal,01 - Functioning,2,0,0,0,02 - Minor,3,,3,,,380460.7951,5034296.166,45.44450129,-75.53280381,543
16--10658,2016/10/14,10:09 PM,REGIONAL ROAD 174 btwn QUIGLEY HILL RD & REGIONAL ROAD 174 DIVIDED (__3ZA2Y5),__3ZA2Y5,01 - Non intersection,02 - Non-fatal injury,07 - SMV other,01 - Clear,07 - Dark,01 - Dry,10 - No control,,1,0,0,0,02 - Minor,1,,1,,,388267.2902,5042388.523,45.51641892,-75.43165227,544
16--10659,2016/10/14,10:14 AM,AVENUE L btwn TREMBLAY RD & END (__3ZA4G0),__3ZA4G0,04 - At/near private drive,03 - P.D. only,06 - SMV unattended vehicle,01 - Clear,01 - Daylight,01 - Dry,10 - No control,,1,0,0,0,,0,,,,,371496.8281,5031307.642,45.41852468,-75.64778426,545
16--1066,2016/01/22,6:35 AM,HWY417 IC118 RAMP35 btwn HWY417 IC118 RAMP45 & MANN AVE OVERPASS (__3ZAYAW),__3ZAYAW,01 - Non intersection,02 - Non-fatal injury,03 - Rear end,01 - Clear,07 - Dark,01 - Dry,10 - No control,,8,0,0,0,02 - Minor,2,,2,,,369487.473,5030987.139,45.41582957,-75.67349805,546
16--10660,2016/10/14,10:16 AM,MONTREAL RD @ ST. LAURENT BLVD (0002604),2604,03 - At intersection,02 - Non-fatal injury,07 - SMV other,01 - Clear,01 - Daylight,01 - Dry,01 - Traffic signal,01 - Functioning,1,0,0,1,02 - Minor,1,,1,,,371547.3592,5033816.352,45.44109209,-75.64679864,547
16--10661,2016/10/14,10:18 PM,OLD TENTH LINE RD/OR174 IC101 RAMP63 @ ST. JOS (0009233),9233,03 - At intersection,02 - Non-fatal injury,03 - Rear end,01 - Clear,07 - Dark,01 - Dry,01 - Traffic signal,01 - Functioning,2,0,0,0,02 - Minor,1,,1,,,383120.4703,5038784.708,45.48459229,-75.4980943,548
16--10662,2016/10/14,10:45 AM,INDUSTRIAL AVE @ ALTA VISTA DR/SANDFORD FLEMIN (0006979),6979,02 - Intersection related,02 - Non-fatal injury,03 - Rear end,01 - Clear,01 - Daylight,01 - Dry,01 - Traffic signal,00 - Unknown,2,0,0,0,01 - Minimal,1,1,,,,370885.552,5030555.5,45.41181522,-75.65569482,549
16--10663,2016/10/14,11:44 AM,OLD TENTH LINE RD/OR174 IC101 RAMP63 @ ST. JOS (0009233),9233,02 - Intersection related,03 - P.D. only,04 - Sideswipe,01 - Clear,01 - Daylight,01 - Dry,01 - Traffic signal,01 - Functioning,2,0,0,0,,0,,,,,383119.2519,5038787.929,45.4846214,-75.49810937,550
16--10664,2016/10/14,11:48 PM,"EGLISE, RUE DE L @ MONTREAL RD (0011441)",11441,03 - At intersection,03 - P.D. only,02 - Angle,01 - Clear,07 - Dark,01 - Dry,01 - Traffic signal,01 - Functioning,2,0,0,0,,0,,,,,371157.4907,5033632.928,45.43947884,-75.65180633,551
16--10665,2016/10/14,11:59 AM,WOODROFFE AVE/HWY 417 WOODROFF IC127R25 @ HWY  (0002348),2348,02 - Intersection related,03 - P.D. only,03 - Rear end,01 - Clear,01 - Daylight,01 - Dry,01 - Traffic signal,01 - Functioning,2,0,0,0,,0,,,,,362177.7042,5024694.742,45.35984897,-75.76761724,552
16--10666,2016/10/14,12:03 AM,NORMANDY CRES S @ ORTONA AVE S (0002535),2535,03 - At intersection,03 - P.D. only,07 - SMV other,01 - Clear,07 - Dark,01 - Dry,02 - Stop sign,01 - Functioning,1,0,0,0,,0,,,,,367029.8905,5024390.088,45.35669385,-75.70572687,553
16--10667,2016/10/14,12:33 PM,RICHMOND RD btwn STAFFORD RD & NORTHSIDE RD (__3ZA4YV),__3ZA4YV,01 - Non intersection,03 - P.D. only,03 - Rear end,01 - Clear,01 - Daylight,01 - Dry,10 - No control,,2,0,0,0,,0,,,,,358142.8714,5021089.079,45.32772366,-75.81950384,554
16--10668,2016/10/14,12:52 PM,DYNES RD @ PRINCE OF WALES DR (0003321),3321,02 - Intersection related,02 - Non-fatal injury,02 - Angle,01 - Clear,01 - Daylight,01 - Dry,01 - Traffic signal,01 - Functioning,2,1,0,0,02 - Minor,1,,1,,,367114.0555,5025923.313,45.370482,-75.70445939,555
16--10669,2016/10/14,2:51 PM,REGIONAL ROAD 174 btwn OR174 IC105 RAMP63 & OR174 IC102 RAMP36 (__3ZA27F),__3ZA27F,01 - Non intersection,02 - Non-fatal injury,07 - SMV other,01 - Clear,01 - Daylight,01 - Dry,10 - No control,,1,0,0,0,02 - Minor,1,,1,,,380699.7539,5037761.342,45.47565228,-75.52921464,556
16--1067,2016/01/22,6:40 AM,RIVERSIDE DR SB btwn TERMINAL AVE & Continuation of RIVERSIDE DR (__3ZA4SD),__3ZA4SD,01 - Non intersection,03 - P.D. only,03 - Rear end,01 - Clear,07 - Dark,01 - Dry,10 - No control,,2,0,0,0,,0,,,,,370701.184,5030695.517,45.41309242,-75.65803132,557
16--10670,2016/10/14,2:59 PM,BAYSWATER AVE @ CARLING AVE (0006389),6389,02 - Intersection related,02 - Non-fatal injury,04 - Sideswipe,01 - Clear,01 - Daylight,01 - Dry,02 - Stop sign,01 - Functioning,4,0,0,0,02 - Minor,2,,2,,,366365.4813,5028642.336,45.39501331,-75.71367616,558
16--10671,2016/10/14,3:01 PM,HAWTHORNE RD @ LEITRIM RD (0009269),9269,03 - At intersection,03 - P.D. only,07 - SMV other,01 - Clear,01 - Daylight,01 - Dry,01 - Traffic signal,01 - Functioning,1,0,0,0,,0,,,,,377038.9812,5022709.722,45.34061499,-75.57823646,559
16--10672,2016/10/14,3:30 PM,INDUSTRIAL AVE @ RIVERSIDE DR (0011905),11905,02 - Intersection related,03 - P.D. only,03 - Rear end,01 - Clear,01 - Daylight,01 - Dry,01 - Traffic signal,01 - Functioning,2,0,0,0,,0,,,,,370683.0623,5030591.311,45.41215652,-75.65827675,560
16--10673,2016/10/14,3:43 PM,TENTH LINE RD @ CHARLEMAGNE BLVD N/TOMPKINS AV (0009222),9222,02 - Intersection related,02 - Non-fatal injury,03 - Rear end,01 - Clear,01 - Daylight,01 - Dry,01 - Traffic signal,01 - Functioning,2,0,0,0,01 - Minimal,1,1,,,,383184.7581,5037977.468,45.47732226,-75.49740087,561
16--10674,2016/10/14,3:50 PM,HIGHWAY 417 btwn HWY417 IC123 RAMP62 & HWY417 IC122 RAMP16 (__3ZA2R9),__3ZA2R9,01 - Non intersection,03 - P.D. only,03 - Rear end,01 - Clear,01 - Daylight,01 - Dry,10 - No control,,2,0,0,0,,0,,,,,365001.2159,5028481.477,45.39368456,-75.7311188,562
16--10675,2016/10/14,4:00 PM,WILLOWMERE WAY btwn CREEKVIEW WAY/MANORWOOD CRES & HAZELNUT CRES (__727TFH),__727TFH,01 - Non intersection,03 - P.D. only,06 - SMV unattended vehicle,01 - Clear,01 - Daylight,01 - Dry,10 - No control,,1,0,0,0,,0,,,,,374096.271,5019508.717,45.31211035,-75.61622862,563
16--10676,2016/10/14,4:10 PM,SMYTH RD/OTHELLO AVE @ RUSSELL RD W (0007730),7730,02 - Intersection related,03 - P.D. only,04 - Sideswipe,01 - Clear,01 - Daylight,01 - Dry,01 - Traffic signal,01 - Functioning,2,0,0,0,,0,,,,,373255.7316,5029373.458,45.40095192,-75.62558114,564
16--10677,2016/10/14,4:12 PM,PARKDALE AVE/SPENCER ST @ OXFORD ST (0005645),5645,03 - At intersection,03 - P.D. only,02 - Angle,01 - Clear,01 - Daylight,01 - Dry,02 - Stop sign,01 - Functioning,2,0,0,0,,0,,,,,365059.4676,5029474.426,45.40261389,-75.73025358,565
16--10678,2016/10/14,4:26 PM,WEST HUNT CLUB RD btwn MOODIE DR & HWY416 IC72 RAMP53 (__3ZA4YJ),__3ZA4YJ,01 - Non intersection,02 - Non-fatal injury,03 - Rear end,01 - Clear,01 - Daylight,01 - Dry,10 - No control,,3,0,0,0,02 - Minor,1,,1,,,358083.2211,5018603.218,45.30536018,-75.82053213,566
16--10679,2016/10/14,5:00 PM,ST. EMMANUEL TER btwn TO BE DETERMINED & BERNICE CRT (2) (__3ZA5O7),__3ZA5O7,04 - At/near private drive,03 - P.D. only,06 - SMV unattended vehicle,01 - Clear,01 - Daylight,01 - Dry,10 - No control,,1,0,0,0,,0,,,,,379769.2004,5037922.542,45.47720316,-75.54109047,567
16--1068,2016/01/22,6:50 AM,HIGHWAY 417 btwn HWY417 IC118 RAMP76 & HWY417 IC118 RAMP67 (__3ZA2YR),__3ZA2YR,01 - Non intersection,03 - P.D. only,04 - Sideswipe,01 - Clear,"08 - Dark, artificial",02 - Wet,10 - No control,,3,0,0,0,,0,,,,,369472.5662,5031064.986,45.41653139,-75.67367828,568
16--10680,2016/10/14,5:05 PM,CARP RD btwn RIVINGTON ST & MARCH RD (__3ZA3GJ),__3ZA3GJ,01 - Non intersection,03 - P.D. only,07 - SMV other,01 - Clear,01 - Daylight,01 - Dry,10 - No control,,1,0,0,0,,0,,,,,341420.7964,5022558.792,45.34202046,-76.0327102,569
16--10681,2016/10/14,5:10 PM,HIGHWAY 417 btwn HWY417 IC126 RAMP16 & HWY417 IC126 RAMP61 (__3ZA2RC),__3ZA2RC,01 - Non intersection,03 - P.D. only,03 - Rear end,01 - Clear,01 - Daylight,01 - Dry,10 - No control,,2,0,0,0,,0,,,,,363078.94,5025753.257,45.36929903,-75.75598977,570
16--10682,2016/10/14,5:28 PM,ELKWOOD DR @ MANOTICK STATION RD (0001599),1599,02 - Intersection related,02 - Non-fatal injury,07 - SMV other,01 - Clear,01 - Daylight,01 - Dry,02 - Stop sign,01 - Functioning,1,0,0,0,02 - Minor,1,,1,,,374493.3943,5011116.548,45.23656075,-75.61234256,571
16--10683,2016/10/14,5:30 AM,HIGHWAY 417 btwn RAMP & HWY417 IC129 RAMP76 (__3ZA2X8),__3ZA2X8,01 - Non intersection,03 - P.D. only,04 - Sideswipe,01 - Clear,07 - Dark,01 - Dry,10 - No control,,2,0,0,0,,0,,,,,359858.0802,5023171.613,45.34632987,-75.7973928,572
16--10684,2016/10/14,5:30 PM,BASELINE RD @ CLYDE AVE (0002343),2343,02 - Intersection related,03 - P.D. only,03 - Rear end,01 - Clear,01 - Daylight,01 - Dry,01 - Traffic signal,00 - Unknown,2,0,0,0,,0,,,,,364357.4269,5024890.416,45.36142783,-75.73977357,573
16--10685,2016/10/14,5:55 PM,RICHMOND RD @ HOLLY ACRES RD/NANAIMO DR (0001068),1068,02 - Intersection related,03 - P.D. only,03 - Rear end,01 - Clear,01 - Daylight,01 - Dry,01 - Traffic signal,01 - Functioning,2,0,0,0,,0,,,,,359057.8434,5022748.082,45.34258129,-75.80765049,574
16--10686,2016/10/14,6:28 PM,LEVIS AVE @ OLMSTEAD ST (0009888),9888,03 - At intersection,03 - P.D. only,02 - Angle,01 - Clear,05 - Dusk,01 - Dry,02 - Stop sign,01 - Functioning,2,0,0,0,,0,,,,,370390.0486,5033103.805,45.43479044,-75.66168536,575
16--10687,2016/10/14,6:37 PM,SECOND AVE @ BRONSON AVE (0007717),7717,02 - Intersection related,03 - P.D. only,03 - Rear end,01 - Clear,07 - Dark,01 - Dry,02 - Stop sign,00 - Unknown,3,0,0,0,,0,,,,,367520.5348,5029162.141,45.39958786,-75.69885898,576
16--10688,2016/10/14,6:40 PM,BASELINE RD @ 207 E OF CLYDE AVE (0008213),8213,02 - Intersection related,03 - P.D. only,03 - Rear end,01 - Clear,05 - Dusk,01 - Dry,01 - Traffic signal,01 - Functioning,2,0,0,0,,0,,,,,364537.5853,5024999.416,45.36239327,-75.73746095,577
16--10689,2016/10/14,6:43 AM,GEORGE ST @ WILLIAM ST (0007976),7976,03 - At intersection,03 - P.D. only,07 - SMV other,01 - Clear,03 - Dawn,01 - Dry,01 - Traffic signal,01 - Functioning,1,0,0,0,,0,,,,,368047.7526,5032233.3,45.42717373,-75.69173129,578
16--1069,2016/01/22,6:50 PM,CLEGG ST @ COLONEL BY DR (0008785),8785,02 - Intersection related,02 - Non-fatal injury,03 - Rear end,01 - Clear,07 - Dark,01 - Dry,01 - Traffic signal,01 - Functioning,2,0,0,0,02 - Minor,1,,1,,,368968.018,5029740.47,45.4046603,-75.68029664,579
16--10690,2016/10/14,7:35 AM,CARLING AVE/STATION RD @ MARCH RD (0002681),2681,02 - Intersection related,03 - P.D. only,03 - Rear end,01 - Clear,03 - Dawn,01 - Dry,01 - Traffic signal,00 - Unknown,2,0,0,0,,0,,,,,350906.9576,5022243.878,45.33862745,-75.9116997,580
16--10691,2016/10/14,8:04 AM,EAGLESON RD @ EMERALD MEADOWS DR (0010422),10422,02 - Intersection related,03 - P.D. only,02 - Angle,01 - Clear,01 - Daylight,01 - Dry,02 - Stop sign,01 - Functioning,2,0,0,0,,0,,,,,354998.4516,5015092.465,45.27399694,-75.86022184,581
16--10692,2016/10/14,8:16 AM,INNES RD @ ORLEANS BLVD (0003611),3611,02 - Intersection related,03 - P.D. only,02 - Angle,01 - Clear,01 - Daylight,01 - Dry,01 - Traffic signal,01 - Functioning,2,0,0,0,,0,,,,,380460.356,5034297.281,45.44451137,-75.53280925,582
16--10693,2016/10/14,8:20 PM,JOCKVALE RD btwn GREENBANK RD & BREN-MAUR RD (__3ZA4J9),__3ZA4J9,01 - Non intersection,03 - P.D. only,03 - Rear end,01 - Clear,07 - Dark,01 - Dry,10 - No control,,2,0,0,0,,0,,,,,364169.7209,5014304.74,45.26619445,-75.74343784,583