Anom_ID,Accident_Date,Accident_Time,Location,Geo_ID,Accident_Location,Classification_of_Accident,Initial_Impact_Type,Environment_Condition,Light,Road_Surface_Condition,Traffic_Control,Traffic_Control_Condition,No__of_Vehicles,No__of_Bicycles,No__of_Motorcycles,No__of_Pedestrians,Max_Injury,No__of_Injuries,No__of_Minimal,No__of_Minor,No__of_Major,No__of_Fatal,X,Y,Latitude,Longitude,ObjectId
16--10694,2016/10/14,8:31 AM,KENT ST @ SLATER ST (0002114),2114,03 - At intersection,02 - Non-fatal injury,07 - SMV other,01 - Clear,01 - Daylight,01 - Dry,01 - Traffic signal,01 - Functioning,1,0,0,1,01 - Minimal,1,1,,,,367262.5356,5031253.001,45.41842387,-75.70188921,584
16--10695,2016/10/14,8:45 AM,DUMAURIER AVE @ RICHMOND RD (0002679),2679,02 - Intersection related,03 - P.D. only,03 - Rear end,01 - Clear,01 - Daylight,01 - Dry,01 - Traffic signal,01 - Functioning,2,0,0,0,,0,,,,,359628.4936,5023735.097,45.35141809,-75.80025991,585
16--10696,2016/10/14,8:50 PM,SLATER ST btwn O'CONNOR ST & METCALFE ST (__3ZA35R),__3ZA35R,01 - Non intersection,03 - P.D. only,06 - SMV unattended vehicle,01 - Clear,07 - Dark,01 - Dry,10 - No control,,1,0,0,0,,0,,,,,367595.7312,5031461.773,45.42027251,-75.69760564,586
16--10697,2016/10/14,8:54 AM,HOG'S BACK RD btwn COLONEL BY DR & RIVERSIDE DR (__3ZA22W),__3ZA22W,01 - Non intersection,03 - P.D. only,03 - Rear end,01 - Clear,01 - Daylight,01 - Dry,10 - No control,,3,0,0,0,,0,,,,,367904.357,5026097.056,45.37197458,-75.69434871,587
16--10698,2016/10/14,8:58 AM,MONTREAL RD @ DEN HAAG DR/LANG'S RD (0010798),10798,02 - Intersection related,02 - Non-fatal injury,03 - Rear end,01 - Clear,01 - Daylight,01 - Dry,01 - Traffic signal,01 - Functioning,2,0,0,0,01 - Minimal,1,1,,,,372386.3814,5034218.897,45.44463338,-75.63601973,588
16--10699,2016/10/14,9:04 PM,BENTLEY AVE btwn GIFFORD ST & END (__3ZAAYU),__3ZAAYU,01 - Non intersection,03 - P.D. only,07 - SMV other,01 - Clear,07 - Dark,01 - Dry,10 - No control,,1,0,0,0,,0,,,,,366867.8909,5022291.474,45.33782527,-75.70805773,589
16--107,2016/01/04,4:41 PM,BASELINE RD @ MERIVALE RD (0002342),2342,02 - Intersection related,03 - P.D. only,03 - Rear end,01 - Clear,05 - Dusk,06 - Ice,01 - Traffic signal,01 - Functioning,2,0,0,0,,0,,,,,365053.9459,5025325.89,45.36528664,-75.73083049,590
16--1070,2016/01/22,6:53 AM,RIVERSIDE DR @ TREMBLAY RD/HWY417 IC117 RAMP52 (0010790),10790,02 - Intersection related,03 - P.D. only,03 - Rear end,01 - Clear,07 - Dark,01 - Dry,01 - Traffic signal,01 - Functioning,2,0,0,0,,0,,,,,370801.8586,5031016.127,45.41596765,-75.65670228,591
16--10700,2016/10/14,9:54 PM,MONTREAL RD @ NORTH RIVER RD (0009805),9805,02 - Intersection related,03 - P.D. only,03 - Rear end,01 - Clear,07 - Dark,01 - Dry,01 - Traffic signal,00 - Unknown,2,0,0,0,,0,,,,,369740.5369,5032886.343,45.43289443,-75.67001465,592
16--10701,2016/10/15,1:03 PM,BANK ST btwn BANK ST EXTENSION NB & JOHNSTON RD (__3ZA37U),__3ZA37U,01 - Non intersection,03 - P.D. only,03 - Rear end,01 - Clear,01 - Daylight,01 - Dry,10 - No control,,2,0,0,0,,0,,,,,370808.1002,5024930.04,45.36120667,-75.65743656,593
16--10702,2016/10/15,1:24 PM,VANIER PKWY NB btwn BEECHWOOD AVE/ ST. PATRICK ST/CRICHTON ST & DESCHA (__3ZA4SV),__3ZA4SV,01 - Non intersection,03 - P.D. only,03 - Rear end,01 - Clear,01 - Daylight,01 - Dry,10 - No control,,4,0,0,0,,0,,,,,369317.0378,5033432.23,45.4378453,-75.67535516,594
16--10703,2016/10/15,1:33 PM,MEADOWLANDS DR @ MERIVALE RD (0000625),625,02 - Intersection related,03 - P.D. only,03 - Rear end,01 - Clear,01 - Daylight,01 - Dry,01 - Traffic signal,01 - Functioning,2,0,0,0,,0,,,,,364859.5281,5023725.096,45.35089962,-75.73350661,595
16--10704,2016/10/15,10:30 AM,HAZELDEAN RD @ SPRINGBROOK DR (0005279),5279,02 - Intersection related,03 - P.D. only,03 - Rear end,01 - Clear,01 - Daylight,01 - Dry,01 - Traffic signal,01 - Functioning,3,0,0,0,,0,,,,,349869.7604,5015110.025,45.27450238,-75.92558182,596
16--10705,2016/10/15,10:48 PM,MARIER AVE @ MONTREAL RD (0009346),9346,02 - Intersection related,03 - P.D. only,04 - Sideswipe,01 - Clear,07 - Dark,01 - Dry,01 - Traffic signal,01 - Functioning,2,0,0,0,,0,,,,,370419.7083,5033262.26,45.43621337,-75.66128519,597
16--10706,2016/10/15,11:05 AM,MCCORDICK RD btwn ROGER STEVENS DR & CHURCH ST (__3ZABM6),__3ZABM6,01 - Non intersection,03 - P.D. only,07 - SMV other,01 - Clear,01 - Daylight,01 - Dry,10 - No control,,1,0,0,0,,0,,,,,364695.4725,4998295.875,45.12210017,-75.7386619,598
16--10707,2016/10/15,11:55 PM,BRONSON AVE @ HOLMWOOD AVE (0007215),7215,02 - Intersection related,03 - P.D. only,03 - Rear end,01 - Clear,07 - Dark,01 - Dry,01 - Traffic signal,01 - Functioning,2,0,0,0,,0,,,,,367699.0514,5028729.958,45.39568319,-75.69663409,599
16--10708,2016/10/15,Unknown,BREEZEHILL AVE   S btwn YOUNG ST & NOLAN AVE (__3ZA043),__3ZA043,01 - Non intersection,03 - P.D. only,06 - SMV unattended vehicle,01 - Clear,00 - Unknown,01 - Dry,10 - No control,,1,0,0,0,,0,,,,,366216.7908,5029254.363,45.40053324,-75.71549888,600
16--10529,2016/10/10,4:05 PM,HIGHWAY 417 btwn HWY417 IC127 RAMP35 & HWY417 IC127 RAMP25 (__3ZA2RE),__3ZA2RE,01 - Non intersection,03 - P.D. only,03 - Rear end,01 - Clear,01 - Daylight,01 - Dry,10 - No control,,2,0,0,0,,0,,,,,362134.0245,5024837.117,45.36113362,-75.76815822,601
16--1053,2016/01/22,3:11 PM,KING EDWARD AVE @ MURRAY ST (0002713),2713,02 - Intersection related,03 - P.D. only,03 - Rear end,01 - Clear,01 - Daylight,01 - Dry,01 - Traffic signal,01 - Functioning,2,0,0,0,,0,,,,,368291.4803,5032753.802,45.43183494,-75.68854981,602
16--10530,2016/10/10,4:21 PM,CAHILL DR @ HUNT CLUB RD (0011394),11394,02 - Intersection related,02 - Non-fatal injury,03 - Rear end,01 - Clear,01 - Daylight,01 - Dry,01 - Traffic signal,01 - Functioning,2,0,0,0,02 - Minor,2,,2,,,372407.7347,5024541.267,45.35755619,-75.63707343,603
16--10531,2016/10/10,4:21 PM,ST. JOSEPH BLVD @ JEANNE D'ARC BLVD (0012421),12421,03 - At intersection,03 - P.D. only,02 - Angle,01 - Clear,01 - Daylight,01 - Dry,11 - Roundabout,01 - Functioning,2,0,0,0,,0,,,,,379860.0839,5036470.922,45.46413286,-75.5401499,604
16--10532,2016/10/10,4:30 PM,LAURIER AVE @ NICHOLAS ST (0010711),10711,02 - Intersection related,03 - P.D. only,03 - Rear end,01 - Clear,01 - Daylight,01 - Dry,01 - Traffic signal,01 - Functioning,2,0,0,0,,0,,,,,368373.637,5031798.684,45.42323366,-75.6876232,605
16--10533,2016/10/10,5:04 AM,SNAKE ISLAND RD btwn KEARNS WAY & 5TH LINE RD (__3ZA2CU),__3ZA2CU,01 - Non intersection,03 - P.D. only,07 - SMV other,01 - Clear,07 - Dark,01 - Dry,10 - No control,,1,0,0,0,,0,,,,,379844.9208,5007721.559,45.20546388,-75.54470317,606
16--10534,2016/10/10,6:19 AM,SILVERMOON CRES btwn HARVEST VALLEY AVE & GLASTONBURY WALK (__7JQ69M),__7JQ69M,04 - At/near private drive,03 - P.D. only,06 - SMV unattended vehicle,01 - Clear,07 - Dark,01 - Dry,10 - No control,,1,0,0,0,,0,,,,,385223.732,5034669.454,45.44732805,-75.47186622,607
16--10535,2016/10/10,6:26 PM,BRIDGESTONE DR @ FOXHALL WAY (0013836),13836,03 - At intersection,03 - P.D. only,07 - SMV other,01 - Clear,07 - Dark,01 - Dry,11 - Roundabout,01 - Functioning,1,0,0,0,,0,,,,,355179.009,5016442.85,45.28613508,-75.85778372,608
16--10536,2016/10/10,7:03 PM,CEDARVIEW RD @ WEST HUNT CLUB RD (0010267),10267,03 - At intersection,02 - Non-fatal injury,05 - Turning movement,01 - Clear,07 - Dark,01 - Dry,01 - Traffic signal,01 - Functioning,2,0,0,0,02 - Minor,3,1,2,,,359718.8969,5019554.258,45.31379172,-75.79957013,609
16--10537,2016/10/10,7:17 PM,BANK ST @ CHAMBERLAIN AVE N/ISABELLA ST (0002132),2132,02 - Intersection related,03 - P.D. only,04 - Sideswipe,01 - Clear,07 - Dark,01 - Dry,01 - Traffic signal,01 - Functioning,2,0,0,0,,0,,,,,368082.6684,5030166.732,45.40857628,-75.69155054,610
16--10538,2016/10/10,7:29 PM,KELLY AVE @ PINECREST RD (0002744),2744,02 - Intersection related,03 - P.D. only,03 - Rear end,01 - Clear,07 - Dark,01 - Dry,02 - Stop sign,01 - Functioning,2,0,0,0,,0,,,,,360276.0262,5023953.926,45.35333618,-75.79197195,611
16--10539,2016/10/11,1:00 PM,BASELINE RD @ CLYDE AVE (0002343),2343,02 - Intersection related,03 - P.D. only,03 - Rear end,01 - Clear,01 - Daylight,01 - Dry,01 - Traffic signal,01 - Functioning,2,0,0,0,,0,,,,,364356.4583,5024891.487,45.36143755,-75.73978581,612
16--1054,2016/01/22,3:28 PM,BANK ST btwn COUNCILLOR'S WAY & ST. BERNARD ST (__3ZA29K),__3ZA29K,01 - Non intersection,03 - P.D. only,03 - Rear end,01 - Clear,01 - Daylight,01 - Dry,10 - No control,,2,0,0,0,,0,,,,,372926.8035,5023771.506,45.35057992,-75.63055501,613
16--10540,2016/10/11,1:40 PM,LAPERRIERE AVE btwn LARKIN ST & COLDREY AVE (__3ZA0OH),__3ZA0OH,04 - At/near private drive,03 - P.D. only,03 - Rear end,01 - Clear,01 - Daylight,01 - Dry,10 - No control,,2,0,0,0,,0,,,,,364299.1244,5026820.529,45.37879965,-75.74028524,614
16--10541,2016/10/11,1:57 AM,RIDGEMONT AVE btwn BANK ST & EDGE HILL PL (__3ZA0UL),__3ZA0UL,01 - Non intersection,03 - P.D. only,04 - Sideswipe,01 - Clear,07 - Dark,01 - Dry,10 - No control,,2,0,0,0,,0,,,,,370131.3126,5026634.775,45.37660874,-75.66584908,615
16--10542,2016/10/11,1:58 AM,CONROY RD @ WALKLEY RD (0002648),2648,02 - Intersection related,03 - P.D. only,04 - Sideswipe,01 - Clear,07 - Dark,01 - Dry,01 - Traffic signal,01 - Functioning,2,0,0,0,,0,,,,,372903.064,5027463.312,45.38379965,-75.63034906,616
16--10543,2016/10/11,10:07 AM,BRONSON AVE @ COMMISSIONER ST/SLATER ST (0001679),1679,03 - At intersection,03 - P.D. only,05 - Turning movement,01 - Clear,01 - Daylight,01 - Dry,01 - Traffic signal,01 - Functioning,2,0,0,0,,0,,,,,366770.1255,5030948.331,45.41572633,-75.70821866,617
16--10544,2016/10/11,10:20 AM,KINGHAVEN CRES E @ STONEHAVEN DR (0013747),13747,03 - At intersection,03 - P.D. only,05 - Turning movement,01 - Clear,01 - Daylight,01 - Dry,02 - Stop sign,01 - Functioning,2,0,0,0,,0,,,,,355509.9071,5016977.973,45.29092643,-75.8535111,618
16--10545,2016/10/11,10:30 AM,BANK ST @ WILTON CRES (0007712),7712,02 - Intersection related,02 - Non-fatal injury,02 - Angle,01 - Clear,01 - Daylight,01 - Dry,02 - Stop sign,01 - Functioning,2,1,0,0,01 - Minimal,1,1,,,,368577.9297,5028966.766,45.39773441,-75.68537931,619
16--10546,2016/10/11,10:30 PM,HIGHWAY 7 btwn UPPER DWYER HILL RD & HIGHWAY 7 (__7JQ7LM),__7JQ7LM,01 - Non intersection,03 - P.D. only,07 - SMV other,01 - Clear,07 - Dark,01 - Dry,10 - No control,,1,0,0,0,,0,,,,,341112.9157,5007337.523,45.20506788,-76.03775198,620
16--10547,2016/10/11,10:39 AM,MEADOWLANDS DR btwn BAYNE AVE & MERIVALE RD (__3ZA4HT),__3ZA4HT,04 - At/near private drive,03 - P.D. only,02 - Angle,01 - Clear,01 - Daylight,01 - Dry,10 - No control,,2,0,0,0,,0,,,,,364801.8393,5023694.994,45.3506337,-75.73424643,621
16--10548,2016/10/11,11:50 AM,FALLOWFIELD RD @ MERIVALE RD (0000587),587,02 - Intersection related,03 - P.D. only,03 - Rear end,01 - Clear,01 - Daylight,01 - Dry,01 - Traffic signal,00 - Unknown,3,0,0,0,,0,,,,,366891.7126,5018844.233,45.30680539,-75.70818603,622
16--10549,2016/10/11,Unknown,BANFF AVE btwn FOXBAR AVE & ST. PAUL AVE (__3ZA0HA),__3ZA0HA,01 - Non intersection,03 - P.D. only,06 - SMV unattended vehicle,01 - Clear,00 - Unknown,01 - Dry,10 - No control,,1,0,0,0,,0,,,,,370693.9112,5025676.339,45.36793237,-75.65879445,623
16--1055,2016/01/22,4:16 PM,BILLINGS BRIDGESC RAMP NB @ RIVERSIDE DR EB (0008853),8853,03 - At intersection,03 - P.D. only,02 - Angle,01 - Clear,01 - Daylight,03 - Loose snow,02 - Stop sign,01 - Functioning,2,0,0,0,,0,,,,,369083.0504,5027762.907,45.38685628,-75.67908502,624
16--10550,2016/10/11,12:10 PM,CARLING AVE @ BROADVIEW AVE (0006707),6707,02 - Intersection related,03 - P.D. only,03 - Rear end,01 - Clear,01 - Daylight,01 - Dry,01 - Traffic signal,01 - Functioning,2,0,0,0,,0,,,,,363181.5148,5026636.471,45.37723754,-75.75457598,625
16--10551,2016/10/11,12:20 PM,WESTCLIFFE RD btwn ROBERTSON RD & TERRACE DR (__3ZABFT),__3ZABFT,04 - At/near private drive,03 - P.D. only,02 - Angle,01 - Clear,01 - Daylight,01 - Dry,10 - No control,,2,0,0,0,,0,,,,,356412.8408,5020023.597,45.31826568,-75.84168344,626
16--10552,2016/10/11,12:45 PM,BROCKSTONE CRES btwn AQUAVIEW DR & AQUAVIEW DR (__4V3I00),__4V3I00,04 - At/near private drive,03 - P.D. only,99 - Other,01 - Clear,01 - Daylight,01 - Dry,10 - No control,,2,0,0,0,,0,,,,,384868.0698,5035822.587,45.4577437,-75.47622455,627
16--10553,2016/10/11,2:23 PM,DERBY ST @ VICTORIA ST (0001606),1606,03 - At intersection,03 - P.D. only,07 - SMV other,01 - Clear,01 - Daylight,01 - Dry,02 - Stop sign,00 - Unknown,1,0,0,0,,0,,,,,385255.1448,5011048.831,45.23480402,-75.47530584,628
16--10554,2016/10/11,2:30 PM,BRONSON AVE @ SUNNYSIDE AVE/UNIVERSITY RD - CA (0007209),7209,02 - Intersection related,03 - P.D. only,03 - Rear end,01 - Clear,01 - Daylight,01 - Dry,01 - Traffic signal,00 - Unknown,2,0,0,0,,0,,,,,367921.0538,5028091.133,45.38991525,-75.69388062,629
16--10555,2016/10/11,2:34 PM,ALBERT ST @ BRONSON AVE (0002160),2160,02 - Intersection related,03 - P.D. only,04 - Sideswipe,01 - Clear,01 - Daylight,01 - Dry,01 - Traffic signal,01 - Functioning,2,0,0,0,,0,,,,,366739.0457,5031016.794,45.41634509,-75.70860712,630
16--10556,2016/10/11,2:54 PM,ST. LAURENT BLVD btwn HEMLOCK RD & MEADOW PARK PL (__3ZA3UG),__3ZA3UG,04 - At/near private drive,03 - P.D. only,02 - Angle,01 - Clear,01 - Daylight,01 - Dry,10 - No control,,2,0,0,0,,0,,,,,371175.3659,5034711.116,45.44917818,-75.65143244,631
16--10557,2016/10/11,2:59 PM,BILBERRY DR btwn DU BOIS AVE S & JEANNE D'ARC BLVD N (__3ZA6AD),__3ZA6AD,04 - At/near private drive,03 - P.D. only,02 - Angle,01 - Clear,01 - Daylight,01 - Dry,10 - No control,,2,0,0,0,,0,,,,,380487.346,5038339.137,45.48087387,-75.53184199,632
16--10558,2016/10/11,3:15 PM,ARGYLE AVE E @ METCALFE ST (0007280),7280,02 - Intersection related,03 - P.D. only,05 - Turning movement,01 - Clear,01 - Daylight,01 - Dry,10 - No control,,2,0,0,0,,0,,,,,368442.4735,5030641.404,45.41281459,-75.68689313,633
16--10559,2016/10/11,3:15 PM,HWY 417 INNES IC112R57 @ INNES RD (0012298),12298,02 - Intersection related,03 - P.D. only,03 - Rear end,01 - Clear,01 - Daylight,01 - Dry,01 - Traffic signal,01 - Functioning,2,0,0,0,,0,,,,,374298.9013,5030752.546,45.41325748,-75.61206342,634
16--1056,2016/01/22,4:34 PM,INDUSTRIAL AVE @ RIVERSIDE DR (0011905),11905,02 - Intersection related,03 - P.D. only,03 - Rear end,01 - Clear,01 - Daylight,01 - Dry,01 - Traffic signal,01 - Functioning,2,0,0,0,,0,,,,,370684.9381,5030591.895,45.4121616,-75.65825271,635
16--10560,2016/10/11,3:35 PM,LEMIEUX ST @ ST. LAURENT BLVD (0002021),2021,02 - Intersection related,03 - P.D. only,03 - Rear end,01 - Clear,01 - Daylight,01 - Dry,01 - Traffic signal,00 - Unknown,2,0,0,0,,0,,,,,372391.7245,5031742.565,45.42235203,-75.6362914,636
16--10561,2016/10/11,3:46 PM,BASELINE RD @ CEDARVIEW RD (0010259),10259,03 - At intersection,03 - P.D. only,05 - Turning movement,01 - Clear,01 - Daylight,01 - Dry,01 - Traffic signal,01 - Functioning,2,0,0,0,,0,,,,,358967.4454,5021674.271,45.33292609,-75.80892146,637
16--10562,2016/10/11,3:52 PM,RIVER RD btwn RIDEAU FOREST DR & KILBY LANE (__3ZA38V),__3ZA38V,01 - Non intersection,02 - Non-fatal injury,01 - Approaching,01 - Clear,01 - Daylight,01 - Dry,10 - No control,,2,0,0,0,01 - Minimal,1,1,,,,370678.1942,5008960.631,45.21752934,-75.66121525,638
16--10563,2016/10/11,4:15 PM,BASELINE RD @ FISHER AVE (0002346),2346,02 - Intersection related,03 - P.D. only,03 - Rear end,01 - Clear,01 - Daylight,01 - Dry,01 - Traffic signal,01 - Functioning,2,0,0,0,,0,,,,,366169.1781,5026027.29,45.37150094,-75.71650824,639
16--10564,2016/10/11,4:15 PM,ALBERT ST btwn LYON ST N & KENT ST (__3ZA3C9),__3ZA3C9,04 - At/near private drive,03 - P.D. only,06 - SMV unattended vehicle,01 - Clear,01 - Daylight,01 - Dry,10 - No control,,1,0,0,0,,0,,,,,367066.841,5031222.482,45.41816671,-75.7043933,640
16--10565,2016/10/11,4:21 PM,PIGEON TER btwn HUNTRIDGE PRIV & OWL DR (__3ZA9C6),__3ZA9C6,04 - At/near private drive,03 - P.D. only,06 - SMV unattended vehicle,01 - Clear,01 - Daylight,01 - Dry,10 - No control,,1,0,0,0,,0,,,,,370180.6017,5023837.573,45.35143577,-75.66558992,641
16--10566,2016/10/11,4:31 PM,RAMSAYVILLE RD @ RIDEAU RD (0009402),9402,02 - Intersection related,03 - P.D. only,99 - Other,01 - Clear,01 - Daylight,01 - Dry,02 - Stop sign,01 - Functioning,2,0,0,0,,0,,,,,380352.1209,5019957.257,45.3155009,-75.53638698,642
16--10567,2016/10/11,4:40 PM,HIGHWAY 417 btwn HWY417 IC115 RAMP35 & HIGHWAY 417 (__3ZA2US),__3ZA2US,01 - Non intersection,03 - P.D. only,03 - Rear end,01 - Clear,01 - Daylight,01 - Dry,10 - No control,,2,0,0,0,,0,,,,,372502.8041,5031505.844,45.42021139,-75.63490468,643
16--10568,2016/10/11,4:40 PM,HIGHWAY 417 btwn HWY417 IC129 RAMP25 & HWY417 IC129 RAMP35 (__3ZAYFR),__3ZAYFR,01 - Non intersection,03 - P.D. only,04 - Sideswipe,01 - Clear,01 - Daylight,01 - Dry,10 - No control,,3,0,0,0,,0,,,,,360470.889,5023534.815,45.34954959,-75.78953234,644
16--10569,2016/10/11,5:20 PM,BANKFIELD RD @ PRINCE OF WALES DR (0003618),3618,02 - Intersection related,03 - P.D. only,03 - Rear end,01 - Clear,01 - Daylight,01 - Dry,01 - Traffic signal,01 - Functioning,2,0,0,0,,0,,,,,366378.8617,5008973.316,45.21803237,-75.715949,645
16--1057,2016/01/22,4:44 PM,BLACKBURN BYPASS @ INNES RD E (0009245),9245,02 - Intersection related,03 - P.D. only,03 - Rear end,01 - Clear,05 - Dusk,01 - Dry,01 - Traffic signal,01 - Functioning,2,0,0,0,,0,,,,,379792.3618,5033781.486,45.43994261,-75.54142583,646
16--10570,2016/10/11,5:42 PM,DALHOUSIE ST @ YORK ST (0008500),8500,02 - Intersection related,03 - P.D. only,07 - SMV other,01 - Clear,05 - Dusk,01 - Dry,01 - Traffic signal,01 - Functioning,1,0,0,0,,0,,,,,368093.4876,5032419.809,45.42884773,-75.69112292,647
16--10571,2016/10/11,6:39 PM,BELCOURT BLVD @ INNES RD (0004202),4202,03 - At intersection,02 - Non-fatal injury,05 - Turning movement,01 - Clear,07 - Dark,01 - Dry,01 - Traffic signal,01 - Functioning,2,1,0,0,03 - Major,1,,,1,,382120.9203,5035267.269,45.45305682,-75.51143242,648
16--10572,2016/10/11,6:45 AM,DUNROBIN RD btwn DUNROBIN RD & MURPHY SIDE RD (__3ZA3EB),__3ZA3EB,01 - Non intersection,03 - P.D. only,07 - SMV other,01 - Clear,03 - Dawn,01 - Dry,10 - No control,,1,0,0,0,,0,,,,,343245.5116,5030401.332,45.41249234,-76.00881665,649
16--10573,2016/10/11,7:16 PM,EAGLESON RD @ MICHAEL COWPLAND DR/STONEHAVEN D (0003544),3544,02 - Intersection related,03 - P.D. only,03 - Rear end,01 - Clear,07 - Dark,01 - Dry,01 - Traffic signal,00 - Unknown,2,0,0,0,,0,,,,,354383.354,5016623.444,45.28781669,-75.86790781,650
16--10574,2016/10/11,7:30 PM,PRINCE OF WALES DR btwn GREENBANK RD & BARNSDALE RD (__3ZA296),__3ZA296,04 - At/near private drive,02 - Non-fatal injury,03 - Rear end,01 - Clear,07 - Dark,01 - Dry,10 - No control,,2,0,0,0,02 - Minor,1,,1,,,366646.6962,5011512.123,45.24085312,-75.7122236,651
16--10575,2016/10/11,7:32 PM,ELGIN ST @ ISABELLA ST (0002608),2608,02 - Intersection related,03 - P.D. only,02 - Angle,01 - Clear,07 - Dark,01 - Dry,02 - Stop sign,01 - Functioning,2,0,0,0,,0,,,,,368614.4927,5030489.354,45.41143083,-75.6847153,652
16--10576,2016/10/11,7:48 AM,BASELINE RD @ GREENBANK RD (0002357),2357,02 - Intersection related,03 - P.D. only,03 - Rear end,01 - Clear,01 - Daylight,01 - Dry,01 - Traffic signal,01 - Functioning,2,0,0,0,,0,,,,,360598.5125,5022584.086,45.3409848,-75.788011,653
16--10577,2016/10/11,7:51 AM,ROCKCLIFFE PKWY btwn GL/OT BOUNDARY & ST. JOSEPH BLVD (__3ZA21V),__3ZA21V,01 - Non intersection,03 - P.D. only,07 - SMV other,01 - Clear,01 - Daylight,01 - Dry,10 - No control,,1,0,0,0,,0,,,,,377425.9325,5037102.899,45.47007626,-75.57117967,654
16--10578,2016/10/11,8:03 AM,CALICO CRES btwn SCALA AVE & SCALA AVE (__4LKCJB),__4LKCJB,04 - At/near private drive,03 - P.D. only,02 - Angle,01 - Clear,01 - Daylight,01 - Dry,10 - No control,,2,0,0,0,,0,,,,,385788.6518,5036412.591,45.46294588,-75.46435844,655
16--10579,2016/10/11,8:25 PM,LAWRENCE ST btwn CARACOURT DR & TALBOT ST (__3ZA65F),__3ZA65F,01 - Non intersection,03 - P.D. only,07 - SMV other,01 - Clear,07 - Dark,01 - Dry,10 - No control,,1,0,0,0,,0,,,,,386146.3277,5002682.83,45.15942902,-75.46532258,656
16--1058,2016/01/22,4:45 PM,INNES RD EB btwn INNES RD E & ORLEANS BLVD (__3ZA3J0),__3ZA3J0,01 - Non intersection,03 - P.D. only,03 - Rear end,01 - Clear,05 - Dusk,01 - Dry,10 - No control,,2,0,0,0,,0,,,,,379812.5138,5033781.552,45.43994104,-75.54116827,657
16--10580,2016/10/11,8:43 PM,MERIVALE RD @ SLACK RD (0000110),110,02 - Intersection related,03 - P.D. only,04 - Sideswipe,01 - Clear,07 - Dark,01 - Dry,01 - Traffic signal,01 - Functioning,2,0,0,0,,0,,,,,366019.9198,5020956.591,45.32588868,-75.71904132,658
16--10581,2016/10/11,9:01 AM,BRONSON AVE btwn POWELL AVE & CLEMOW AVE (__3ZA3OX),__3ZA3OX,01 - Non intersection,03 - P.D. only,04 - Sideswipe,01 - Clear,01 - Daylight,01 - Dry,10 - No control,,2,0,0,0,,0,,,,,367416.0999,5029408.754,45.40181616,-75.70016151,659
16--10582,2016/10/11,9:10 AM,RICHMOND RD btwn GRENON AVE & MARIELLE CRT (__3ZA4M3),__3ZA4M3,04 - At/near private drive,03 - P.D. only,02 - Angle,01 - Clear,01 - Daylight,01 - Dry,10 - No control,,2,0,0,0,,0,,,,,359913.501,5024211.633,45.35568361,-75.7965697,660
16--10583,2016/10/11,9:40 AM,HUNT CLUB RD btwn DAZE ST & TURN LANE (__5AFH5U),__5AFH5U,04 - At/near private drive,03 - P.D. only,02 - Angle,01 - Clear,01 - Daylight,01 - Dry,10 - No control,,2,0,0,0,,0,,,,,371503.5773,5023978.614,45.35258022,-75.64868848,661
16--10584,2016/10/12,1:01 PM,ST. PATRICK ST EB btwn COBOURG ST & VANIER PKWY/CRICHTON ST (__54XYWT),__54XYWT,01 - Non intersection,03 - P.D. only,03 - Rear end,01 - Clear,01 - Daylight,01 - Dry,10 - No control,,3,0,0,0,,0,,,,,369084.4202,5033409.433,45.43766161,-75.6783311,662
16--10585,2016/10/12,10:10 AM,METCALFE ST @ NEPEAN ST (0006944),6944,03 - At intersection,03 - P.D. only,02 - Angle,01 - Clear,01 - Daylight,01 - Dry,02 - Stop sign,01 - Functioning,2,0,0,0,,0,,,,,367874.0556,5031319.354,45.41896603,-75.69406784,663
16--10586,2016/10/12,10:20 AM,BOYER RD @ GAULTOIS AVE (0004447),4447,03 - At intersection,03 - P.D. only,02 - Angle,01 - Clear,01 - Daylight,01 - Dry,02 - Stop sign,01 - Functioning,2,0,0,0,,0,,,,,380657.0778,5036252.238,45.46207922,-75.52999335,664
16--10587,2016/10/12,10:29 PM,DALHOUSIE ST @ MURRAY ST (0008241),8241,03 - At intersection,02 - Non-fatal injury,02 - Angle,01 - Clear,07 - Dark,01 - Dry,01 - Traffic signal,01 - Functioning,2,0,0,0,01 - Minimal,1,1,,,,367999.8407,5032573.595,45.43023991,-75.69229985,665
16--10588,2016/10/12,10:38 AM,MCARTHUR AVE @ VANIER PKWY (0004626),4626,02 - Intersection related,03 - P.D. only,03 - Rear end,01 - Clear,01 - Daylight,01 - Dry,01 - Traffic signal,01 - Functioning,2,0,0,0,,0,,,,,370218.7242,5032690.631,45.43108892,-75.66392974,666
16--10589,2016/10/12,10:41 PM,COVENTRY RD @ LOLA ST (0007175),7175,03 - At intersection,03 - P.D. only,05 - Turning movement,01 - Clear,07 - Dark,01 - Dry,01 - Traffic signal,01 - Functioning,2,0,0,0,,0,,,,,371263.4981,5031614.792,45.42131048,-75.65072386,667
16--1059,2016/01/22,5:16 PM,HIGHGATE RD btwn WESTBURY RD & BASELINE RD (__3ZAA4I),__3ZAA4I,04 - At/near private drive,03 - P.D. only,05 - Turning movement,01 - Clear,05 - Dusk,02 - Wet,10 - No control,,2,0,0,0,,0,,,,,362041.3908,5023501.436,45.34912282,-75.7694952,668