Anom_ID,Accident_Date,Accident_Time,Location,Geo_ID,Accident_Location,Classification_of_Accident,Initial_Impact_Type,Environment_Condition,Light,Road_Surface_Condition,Traffic_Control,Traffic_Control_Condition,No__of_Vehicles,No__of_Bicycles,No__of_Motorcycles,No__of_Pedestrians,Max_Injury,No__of_Injuries,No__of_Minimal,No__of_Minor,No__of_Major,No__of_Fatal,X,Y,Latitude,Longitude,ObjectId
16--10590,2016/10/12,10:44 AM,KING EDWARD AVE @ MURRAY ST (0002713),2713,03 - At intersection,03 - P.D. only,02 - Angle,01 - Clear,01 - Daylight,01 - Dry,01 - Traffic signal,02 - Not functioning,2,0,0,0,,0,,,,,368291.5863,5032753.984,45.43183656,-75.68854843,669
16--10591,2016/10/12,10:45 PM,BANK ST btwn JOHN QUINN RD & TURN LANE (__3ZA277),__3ZA277,01 - Non intersection,03 - P.D. only,07 - SMV other,01 - Clear,07 - Dark,01 - Dry,10 - No control,,1,0,0,0,,0,,,,,383614.9003,5010333.35,45.22855201,-75.49630643,670
16--10592,2016/10/12,10:49 PM,WOODROFFE AVE/HWY 417 WOODROFF IC127R25 @ HWY  (0002348),2348,02 - Intersection related,03 - P.D. only,03 - Rear end,01 - Clear,07 - Dark,01 - Dry,01 - Traffic signal,01 - Functioning,4,0,0,0,,0,,,,,362180.7322,5024695.365,45.35985432,-75.76757852,671
16--10593,2016/10/12,10:53 AM,MONTREAL RD btwn OR174 IC109 RAMP56 & OR174 IC109 RAMP66 (__3ZA2DH),__3ZA2DH,01 - Non intersection,02 - Non-fatal injury,03 - Rear end,01 - Clear,01 - Daylight,01 - Dry,10 - No control,,2,0,0,0,01 - Minimal,1,1,,,,376211.3092,5034898.693,45.45036948,-75.58703175,672
16--10594,2016/10/12,11:05 AM,VANIER PKWY SB btwn MCARTHUR AVE & VANIER PKWY (__3ZBOBV),__3ZBOBV,01 - Non intersection,03 - P.D. only,04 - Sideswipe,01 - Clear,01 - Daylight,01 - Dry,10 - No control,,2,0,0,0,,0,,,,,370213.478,5032660.924,45.43082212,-75.66400072,673
16--10595,2016/10/12,11:58 AM,JEANNE D'ARC BLVD @ MONTCERF CRT (0004155),4155,02 - Intersection related,02 - Non-fatal injury,04 - Sideswipe,01 - Clear,01 - Daylight,01 - Dry,01 - Traffic signal,01 - Functioning,5,0,0,0,02 - Minor,1,,1,,,381117.8068,5036286.902,45.46234092,-75.52409735,674
16--10596,2016/10/12,Unknown,GRACEWOOD CRES btwn CREEKVIEW WAY W & SLATTERY'S FIELD ST W (__8JUUTJ),__8JUUTJ,01 - Non intersection,03 - P.D. only,06 - SMV unattended vehicle,01 - Clear,00 - Unknown,01 - Dry,10 - No control,,1,0,0,0,,0,,,,,374272.072,5019708.08,45.31388678,-75.61395885,675
16--10597,2016/10/12,Unknown,TILLSONBURG ST btwn GUELPH PRIV & WALLACEBURG CRT (__6FWUGT),__6FWUGT,01 - Non intersection,03 - P.D. only,06 - SMV unattended vehicle,01 - Clear,00 - Unknown,01 - Dry,10 - No control,,1,0,0,0,,0,,,,,349100.269,5019468.351,45.31376891,-75.93499927,676
16--10598,2016/10/12,2:49 PM,WOODWARD DR btwn COURTWOOD CRES & CLYDE AVE (__3ZAA54),__3ZAA54,01 - Non intersection,03 - P.D. only,07 - SMV other,01 - Clear,01 - Daylight,01 - Dry,10 - No control,,1,0,0,0,,0,,,,,363706.4356,5026347.938,45.37459743,-75.7479087,677
16--10599,2016/10/12,3:33 PM,HIGHWAY 417 btwn HWY417 IC119A RAMP75 & HWY417 IC118 RAMP57 (__3ZA2R2),__3ZA2R2,01 - Non intersection,03 - P.D. only,03 - Rear end,01 - Clear,01 - Daylight,01 - Dry,10 - No control,,4,0,0,0,,0,,,,,369031.5275,5030750.776,45.41374486,-75.6793538,678
16--106,2016/01/04,4:06 PM,HIGHWAY 417 btwn HWY417 IC115 RAMP25 & REGIONAL ROAD 174 (__3ZA2RY),__3ZA2RY,01 - Non intersection,02 - Non-fatal injury,03 - Rear end,01 - Clear,01 - Daylight,06 - Ice,10 - No control,,2,0,0,0,01 - Minimal,1,1,,,,373257.5638,5031693.258,45.4218242,-75.62523557,679
16--1060,2016/01/22,5:30 PM,MAPLE GROVE RD @ TERRY FOX DR (0003177),3177,02 - Intersection related,03 - P.D. only,03 - Rear end,01 - Clear,05 - Dusk,02 - Wet,01 - Traffic signal,01 - Functioning,2,0,0,0,,0,,,,,351552.5109,5017864.684,45.29917972,-75.90387658,680
16--10600,2016/10/12,3:54 PM,LESTER RD btwn ALBION RD & UPLANDS DR (__3ZA2SC),__3ZA2SC,01 - Non intersection,02 - Non-fatal injury,04 - Sideswipe,01 - Clear,01 - Daylight,01 - Dry,10 - No control,,2,0,0,0,01 - Minimal,1,1,,,,371337.6333,5021357.619,45.32901307,-75.65115861,681
16--10601,2016/10/12,4:01 PM,MONTREAL RD btwn CENTER ST & BRITTANY DR (__3ZA3A1),__3ZA3A1,01 - Non intersection,03 - P.D. only,04 - Sideswipe,01 - Clear,01 - Daylight,01 - Dry,10 - No control,,2,0,0,0,,0,,,,,371874.9511,5033977.897,45.44251425,-75.64258963,682
16--10602,2016/10/12,4:01 PM,OAKDALE AVE @ SCOTT ST (0006112),6112,02 - Intersection related,02 - Non-fatal injury,03 - Rear end,01 - Clear,01 - Daylight,01 - Dry,02 - Stop sign,00 - Unknown,3,0,0,0,02 - Minor,1,,1,,,363937.6843,5029105.802,45.39939274,-75.74462603,683
16--10603,2016/10/12,4:10 PM,CYRVILLE RD @ MEADOWBROOK RD (0012477),12477,03 - At intersection,03 - P.D. only,05 - Turning movement,01 - Clear,01 - Daylight,01 - Dry,01 - Traffic signal,01 - Functioning,2,0,0,0,,0,,,,,374629.5134,5031242.776,45.4176354,-75.60777048,684
16--10604,2016/10/12,4:22 PM,BANK ST @ WALKLEY RD (0011423),11423,02 - Intersection related,03 - P.D. only,03 - Rear end,01 - Clear,01 - Daylight,01 - Dry,01 - Traffic signal,01 - Functioning,2,0,0,0,,0,,,,,370338.6802,5025947.321,45.37040388,-75.66329292,685
16--10605,2016/10/12,4:58 PM,BOOTH ST @ GLADSTONE AVE (0002211),2211,03 - At intersection,03 - P.D. only,05 - Turning movement,01 - Clear,01 - Daylight,01 - Dry,01 - Traffic signal,01 - Functioning,2,0,0,0,,0,,,,,366768.4859,5029850.342,45.40584708,-75.70837764,686
16--10606,2016/10/12,5:05 PM,HIGHWAY 417 btwn HWY417 IC127 RAMP63 & HWY417 IC127 RAMP67 (__3ZA2RF),__3ZA2RF,01 - Non intersection,03 - P.D. only,03 - Rear end,01 - Clear,01 - Daylight,01 - Dry,10 - No control,,2,0,0,0,,0,,,,,362276.2298,5024970.707,45.36232401,-75.76632764,687
16--10607,2016/10/12,5:07 PM,O'CONNOR ST btwn LISGAR ST & COOPER ST (__3ZA34Z),__3ZA34Z,01 - Non intersection,03 - P.D. only,06 - SMV unattended vehicle,01 - Clear,01 - Daylight,01 - Dry,10 - No control,,1,0,0,0,,0,,,,,367801.2578,5031097.579,45.41697713,-75.69502628,688
16--10608,2016/10/12,5:23 PM,BROOKFIELD RD @ 200 W OF FLANNERY DR (0008784),8784,03 - At intersection,03 - P.D. only,02 - Angle,01 - Clear,01 - Daylight,01 - Dry,01 - Traffic signal,01 - Functioning,2,0,1,0,,0,,,,,368511.5821,5026257.204,45.37336061,-75.68657641,689
16--10609,2016/10/12,5:30 PM,HIGHWAY 417 btwn HWY417 IC118 RAMP76 & HWY417 IC118 RAMP67 (__3ZA2YR),__3ZA2YR,01 - Non intersection,03 - P.D. only,03 - Rear end,01 - Clear,01 - Daylight,01 - Dry,10 - No control,,2,0,0,0,,0,,,,,369489.8966,5031075.272,45.41662234,-75.67345552,690
16--1061,2016/01/22,5:38 PM,BESSERER ST @ WALLER ST (0008859),8859,02 - Intersection related,02 - Non-fatal injury,07 - SMV other,01 - Clear,05 - Dusk,01 - Dry,01 - Traffic signal,01 - Functioning,1,0,0,1,02 - Minor,1,,1,,,368315.7138,5032192.636,45.42678356,-75.6883125,691
16--10610,2016/10/12,5:45 PM,OTTAWA RIVER PKWY WB btwn TRANSIT & TURN LANE (__3ZA23O),__3ZA23O,01 - Non intersection,03 - P.D. only,04 - Sideswipe,01 - Clear,01 - Daylight,01 - Dry,10 - No control,,2,0,0,0,,0,,,,,362670.9991,5028762.885,45.39641308,-75.76084444,692
16--10611,2016/10/12,6:15 AM,HIGHWAY 417 btwn HWY417 IC96 RAMP51 & HIGHWAY 417 (__3ZA2W3),__3ZA2W3,01 - Non intersection,03 - P.D. only,04 - Sideswipe,01 - Clear,03 - Dawn,01 - Dry,10 - No control,,2,0,0,0,,0,,,,,387332.8933,5023849.421,45.34973359,-75.44671773,693
16--10612,2016/10/12,6:40 PM,COLONNADE RD @ PRINCE OF WALES DR (0005249),5249,03 - At intersection,03 - P.D. only,03 - Rear end,01 - Clear,07 - Dark,02 - Wet,01 - Traffic signal,00 - Unknown,2,0,0,0,,0,,,,,367397.1961,5023264.446,45.34653286,-75.70118172,694
16--10613,2016/10/12,7:12 PM,DYNES RD @ PRINCE OF WALES DR (0003321),3321,03 - At intersection,02 - Non-fatal injury,07 - SMV other,01 - Clear,07 - Dark,01 - Dry,01 - Traffic signal,01 - Functioning,1,0,0,1,01 - Minimal,1,1,,,,367114.0555,5025923.313,45.370482,-75.70445939,695
16--10614,2016/10/12,7:13 AM,INNES RD @ WILDFLOWER DR (0012871),12871,02 - Intersection related,03 - P.D. only,03 - Rear end,01 - Clear,01 - Daylight,01 - Dry,01 - Traffic signal,01 - Functioning,2,0,0,0,,0,,,,,382937.5834,5035690.141,45.45677062,-75.50092558,696
16--10615,2016/10/12,7:15 PM,ROTHESAY DR @ BALLANTRAE WAY (0004049),4049,02 - Intersection related,03 - P.D. only,05 - Turning movement,01 - Clear,07 - Dark,01 - Dry,02 - Stop sign,01 - Functioning,2,0,0,0,,0,,,,,353850.8448,5016720.796,45.28873005,-75.87468624,697
16--10616,2016/10/12,7:30 AM,MANOTICK STATION RD @ MITCH OWENS RD (0005775),5775,02 - Intersection related,03 - P.D. only,02 - Angle,01 - Clear,01 - Daylight,01 - Dry,02 - Stop sign,01 - Functioning,2,0,0,0,,0,,,,,373508.5256,5013268.65,45.2560217,-75.62458757,698
16--10617,2016/10/12,7:33 AM,NORICE ST @ WOODROFFE AVE (0001542),1542,02 - Intersection related,03 - P.D. only,03 - Rear end,01 - Clear,01 - Daylight,01 - Dry,01 - Traffic signal,01 - Functioning,2,0,0,0,,0,,,,,363193.0277,5022395.422,45.33907606,-75.75493,699
16--10618,2016/10/12,8:15 AM,HIGHWAY 417 btwn HWY417 IC127 RAMP35 & HWY417 IC127 RAMP25 (__3ZA2RE),__3ZA2RE,01 - Non intersection,03 - P.D. only,03 - Rear end,01 - Clear,01 - Daylight,01 - Dry,10 - No control,,2,0,0,0,,0,,,,,362119.8776,5024822.892,45.36100678,-75.76834043,700
16--10259,2016/10/02,2:16 AM,CUMBERLAND ST @ RIDEAU ST (0007759),7759,02 - Intersection related,03 - P.D. only,99 - Other,01 - Clear,07 - Dark,01 - Dry,01 - Traffic signal,01 - Functioning,2,0,0,0,,0,,,,,368373.8524,5032330.194,45.42801598,-75.68755185,701
16--1026,2016/01/21,8:17 AM,HWY 417 CASTLEFR IC139R61 @ KANATA AVE (0012625),12625,03 - At intersection,03 - P.D. only,02 - Angle,01 - Clear,01 - Daylight,01 - Dry,01 - Traffic signal,01 - Functioning,2,0,0,0,,0,,,,,351615.4081,5019224.749,45.31141374,-75.90294619,702
16--10260,2016/10/02,2:46 PM,ELIZA CRES @ WEST RIDGE DR N (0009771),9771,03 - At intersection,03 - P.D. only,05 - Turning movement,01 - Clear,01 - Daylight,01 - Dry,02 - Stop sign,01 - Functioning,2,0,0,0,,0,,,,,349705.2729,5012715.096,45.25296248,-75.92789462,703
16--10261,2016/10/02,3:12 PM,HAMILTON AVE @ SPENCER ST (0005571),5571,03 - At intersection,03 - P.D. only,02 - Angle,01 - Clear,01 - Daylight,02 - Wet,02 - Stop sign,01 - Functioning,2,0,0,0,,0,,,,,364989.7352,5029437.123,45.40228424,-75.73114881,704
16--10262,2016/10/02,3:21 AM,BESSERER ST @ NICHOLAS ST (0007614),7614,03 - At intersection,03 - P.D. only,04 - Sideswipe,01 - Clear,07 - Dark,01 - Dry,01 - Traffic signal,01 - Functioning,2,0,0,0,,0,,,,,368184.6112,5032111.8,45.42606812,-75.68999813,705
16--10263,2016/10/02,3:45 PM,BASELINE RD @ COLLEGE SQUARE SC (0008826),8826,02 - Intersection related,03 - P.D. only,99 - Other,01 - Clear,01 - Daylight,01 - Dry,01 - Traffic signal,01 - Functioning,2,0,0,0,,0,,,,,362760.849,5023898.402,45.3526356,-75.76026783,706
16--10264,2016/10/02,3:54 PM,COTE DE NEIGES RD btwn PENDER ST & ST. HELEN'S PL (__3ZBPJ4),__3ZBPJ4,04 - At/near private drive,03 - P.D. only,06 - SMV unattended vehicle,01 - Clear,01 - Daylight,01 - Dry,10 - No control,,1,0,0,0,,0,,,,,364280.125,5024278.125,45.35592508,-75.74083389,707
16--10265,2016/10/02,3:56 PM,BANK ST @ BLAIS RD (0009264),9264,02 - Intersection related,02 - Non-fatal injury,03 - Rear end,01 - Clear,01 - Daylight,02 - Wet,02 - Stop sign,01 - Functioning,2,0,0,0,01 - Minimal,5,5,,,,376155.8273,5019726.136,45.31386034,-75.58993399,708
16--10266,2016/10/02,4:14 AM,HIGHWAY 417 btwn HWY417 IC117 RAMP25 & HWY417 IC115 RAMP51 (__3ZA2R3),__3ZA2R3,01 - Non intersection,03 - P.D. only,04 - Sideswipe,02 - Rain,07 - Dark,02 - Wet,10 - No control,,2,0,0,0,,0,,,,,371538.937,5031398.51,45.41933825,-75.64723397,709
16--10267,2016/10/02,4:30 PM,HIGHWAY 417 btwn HWY417 IC144 RAMP35 & HWY417 IC144 RAMP25 (__3ZA2QT),__3ZA2QT,01 - Non intersection,03 - P.D. only,04 - Sideswipe,02 - Rain,01 - Daylight,02 - Wet,10 - No control,,2,0,0,0,,0,,,,,347409.8513,5015816.274,45.28101085,-75.9568715,710
16--10268,2016/10/02,5:50 PM,HIGHWAY 417 btwn HWY417 IC126 RAMP61 & HWY417 IC124 RAMP76 (__3ZA2Y2),__3ZA2Y2,01 - Non intersection,03 - P.D. only,03 - Rear end,01 - Clear,05 - Dusk,01 - Dry,10 - No control,,2,0,0,0,,0,,,,,364101.9963,5027116.657,45.38148087,-75.74276648,711
16--10269,2016/10/02,7:15 AM,DALHOUSIE ST @ MURRAY ST (0008241),8241,03 - At intersection,03 - P.D. only,02 - Angle,02 - Rain,03 - Dawn,02 - Wet,01 - Traffic signal,01 - Functioning,2,0,0,0,,0,,,,,368000.9186,5032573.814,45.43024179,-75.69228605,712
16--1027,2016/01/21,8:21 AM,RUSSELL RD S @ ST. LAURENT BLVD (0007734),7734,02 - Intersection related,03 - P.D. only,03 - Rear end,01 - Clear,01 - Daylight,01 - Dry,01 - Traffic signal,01 - Functioning,2,0,0,0,,0,,,,,373568.6231,5029260.981,45.39990924,-75.62160058,713
16--10270,2016/10/02,8:59 AM,CATHERINE ST/HWY 417 O'CONN IC119BR76 @ O'CONN (0001697),1697,02 - Intersection related,03 - P.D. only,03 - Rear end,02 - Rain,01 - Daylight,02 - Wet,01 - Traffic signal,01 - Functioning,2,0,0,0,,0,,,,,368243.1144,5030393.069,45.41059826,-75.68947188,714
16--10271,2016/10/03,1:04 PM,BLUE JAY CRES btwn FILLMORE CRES & FILLMORE CRES (__3ZA7UM),__3ZA7UM,04 - At/near private drive,03 - P.D. only,02 - Angle,01 - Clear,01 - Daylight,01 - Dry,10 - No control,,2,0,0,0,,0,,,,,375205.2325,5036224.998,45.46240484,-75.59970259,715
16--10272,2016/10/03,1:20 PM,SMYTH RD E/LANCASTER RD @ ST. LAURENT BLVD N/R (0002256),2256,02 - Intersection related,03 - P.D. only,03 - Rear end,01 - Clear,01 - Daylight,01 - Dry,01 - Traffic signal,01 - Functioning,2,0,0,0,,0,,,,,373363.94,5029424.726,45.40140262,-75.62419198,716
16--10273,2016/10/03,1:54 PM,HERON RD @ FINN CRT (0012186),12186,03 - At intersection,03 - P.D. only,05 - Turning movement,01 - Clear,01 - Daylight,01 - Dry,01 - Traffic signal,01 - Functioning,2,0,0,0,,0,,,,,370830.8623,5026945.248,45.37933669,-75.65687668,717
16--10274,2016/10/03,10:00 AM,MONTREAL RD @ SHEFFORD RD (0012423),12423,02 - Intersection related,03 - P.D. only,03 - Rear end,01 - Clear,01 - Daylight,01 - Dry,01 - Traffic signal,00 - Unknown,2,0,0,0,,0,,,,,376126.266,5034852.236,45.44996018,-75.5881256,718
16--10275,2016/10/03,10:41 AM,SHEA RD btwn FALLOWFIELD RD & AKINS RD (__3ZACH8),__3ZACH8,01 - Non intersection,03 - P.D. only,07 - SMV other,01 - Clear,01 - Daylight,02 - Wet,10 - No control,,1,0,0,0,,0,,,,,354077.6178,5010943.887,45.23673201,-75.8723685,719
16--10276,2016/10/03,10:56 PM,LIMEBANK RD btwn RIDEAU RD & MITCH OWENS RD (__3ZA6LY),__3ZA6LY,01 - Non intersection,03 - P.D. only,07 - SMV other,01 - Clear,07 - Dark,01 - Dry,10 - No control,,1,0,0,0,,0,,,,,371080.3916,5013456.368,45.25794368,-75.65549585,720
16--10277,2016/10/03,11:42 AM,LAURIER AVE @ NICHOLAS ST (0010711),10711,02 - Intersection related,02 - Non-fatal injury,03 - Rear end,01 - Clear,01 - Daylight,01 - Dry,01 - Traffic signal,01 - Functioning,2,1,0,0,02 - Minor,1,,1,,,368374.4652,5031797.028,45.42321868,-75.68761283,721
16--10278,2016/10/03,11:44 PM,CARLING AVE @ WOODROFFE AVE W (0011470),11470,03 - At intersection,03 - P.D. only,02 - Angle,01 - Clear,07 - Dark,01 - Dry,01 - Traffic signal,01 - Functioning,2,0,0,0,,0,,,,,361767.025,5025725.294,45.36915529,-75.77274001,722
16--10279,2016/10/03,12:15 PM,BOOTH ST @ SIR JOHN A. MACDONALD PKWY/WELLINGTON ST (0012252),12252,03 - At intersection,03 - P.D. only,02 - Angle,01 - Clear,01 - Daylight,01 - Dry,01 - Traffic signal,01 - Functioning,2,0,0,0,,0,,,,,366264.4491,5031007.846,45.41630643,-75.71467156,723
16--1028,2016/01/21,8:29 AM,INNES RD btwn CYRVILLE RD & STONEHENGE CRES (__3ZA3RE),__3ZA3RE,01 - Non intersection,03 - P.D. only,03 - Rear end,01 - Clear,01 - Daylight,01 - Dry,10 - No control,,2,0,0,0,,0,,,,,375114.6006,5031165.426,45.41689087,-75.6015842,724
16--10280,2016/10/03,12:28 PM,HIGHWAY 417 btwn HWY417 IC115 RAMP36 & HWY417 IC115 RAMP26 (__3ZA2R4),__3ZA2R4,01 - Non intersection,03 - P.D. only,99 - Other,01 - Clear,01 - Daylight,01 - Dry,10 - No control,,2,0,0,0,,0,,,,,372473.2408,5031522.827,45.42036705,-75.63528006,725
16--10281,2016/10/03,2:22 PM,BYRON AVE @ KIRKWOOD AVE (0006296),6296,02 - Intersection related,03 - P.D. only,03 - Rear end,01 - Clear,01 - Daylight,01 - Dry,01 - Traffic signal,01 - Functioning,3,0,0,0,,0,,,,,363868.2974,5028430.216,45.3933198,-75.74559314,726
16--10282,2016/10/03,4:00 PM,HAIG DR @ SMYTH RD (0007736),7736,02 - Intersection related,03 - P.D. only,04 - Sideswipe,01 - Clear,01 - Daylight,01 - Dry,01 - Traffic signal,01 - Functioning,2,0,0,0,,0,,,,,372564.5054,5029297.89,45.40033924,-75.63441988,727
16--10283,2016/10/03,4:04 PM,NEW ORCHARD AVE @ RICHMOND RD (0011467),11467,02 - Intersection related,03 - P.D. only,02 - Angle,01 - Clear,01 - Daylight,01 - Dry,01 - Traffic signal,02 - Not functioning,2,0,0,0,,0,,,,,361293.4579,5026219.302,45.37363866,-75.77872874,728
16--10284,2016/10/03,4:28 PM,REGIONAL ROAD 174 btwn Continuation of REGIONAL ROAD 174 & OR174 IC112 (__3ZA2YI),__3ZA2YI,01 - Non intersection,03 - P.D. only,03 - Rear end,01 - Clear,01 - Daylight,01 - Dry,10 - No control,,3,0,0,0,,0,,,,,374442.2637,5032579.634,45.4296824,-75.60997373,729
16--10285,2016/10/03,4:30 PM,HERON RD WB btwn HERON RD WB OFF RAMP/VINCENT MASSEY PARK & HERON RD W (__3ZAZWC),__3ZAZWC,01 - Non intersection,03 - P.D. only,03 - Rear end,01 - Clear,01 - Daylight,01 - Dry,10 - No control,,3,0,0,0,,0,,,,,367970.1009,5026629.818,45.37676231,-75.6934413,730
16--10286,2016/10/03,4:43 PM,TRIM RD @ DAIRY DR/TAYLOR CREEK DR (0012921),12921,02 - Intersection related,03 - P.D. only,03 - Rear end,01 - Clear,01 - Daylight,01 - Dry,11 - Roundabout,01 - Functioning,2,0,0,0,,0,,,,,384536.122,5039594.052,45.49171371,-75.47985616,731
16--10287,2016/10/03,4:51 PM,WOODROFFE AVE @ KNOXDALE RD/MEDHURST DR (0000519),519,02 - Intersection related,03 - P.D. only,03 - Rear end,01 - Clear,01 - Daylight,01 - Dry,01 - Traffic signal,01 - Functioning,2,0,0,0,,0,,,,,363418.8617,5021824.417,45.33391937,-75.75211634,732
16--10288,2016/10/03,5:04 PM,RICHMOND RD @ ROBERTSON RD (0000639),639,02 - Intersection related,02 - Non-fatal injury,03 - Rear end,01 - Clear,01 - Daylight,01 - Dry,01 - Traffic signal,01 - Functioning,6,0,0,0,01 - Minimal,1,1,,,,357579.3114,5020750.723,45.32472171,-75.82672875,733
16--10289,2016/10/03,5:06 PM,CAMPEAU DR @ TERRY FOX DR (0008211),8211,02 - Intersection related,03 - P.D. only,03 - Rear end,01 - Clear,01 - Daylight,01 - Dry,01 - Traffic signal,01 - Functioning,2,0,0,0,,0,,,,,350455.6007,5019009.117,45.30954979,-75.91775672,734
16--1029,2016/01/21,8:35 PM,MURRAY ST btwn DALHOUSIE ST & CUMBERLAND ST (__3ZA3WO),__3ZA3WO,01 - Non intersection,03 - P.D. only,04 - Sideswipe,01 - Clear,07 - Dark,02 - Wet,10 - No control,,2,0,0,0,,0,,,,,368034.3846,5032594.56,45.43042543,-75.69185573,735
16--10290,2016/10/03,5:10 PM,GOULBURN AVE @ SOMERSET ST (0008456),8456,03 - At intersection,03 - P.D. only,02 - Angle,01 - Clear,01 - Daylight,01 - Dry,02 - Stop sign,01 - Functioning,2,0,0,0,,0,,,,,369471.7467,5031988.274,45.42483886,-75.67356755,736
16--10291,2016/10/03,5:18 PM,CAMBRIAN RD btwn GRAND CANAL ST & SEELEY'S BAY ST (__8IAYUK),__8IAYUK,01 - Non intersection,02 - Non-fatal injury,06 - SMV unattended vehicle,01 - Clear,01 - Daylight,01 - Dry,10 - No control,,1,0,0,0,01 - Minimal,1,1,,,,364098.604,5012463.075,45.24962908,-75.7445638,737
16--10292,2016/10/03,5:40 PM,CLEGG ST @ COLONEL BY DR (0008785),8785,03 - At intersection,03 - P.D. only,03 - Rear end,01 - Clear,01 - Daylight,01 - Dry,01 - Traffic signal,01 - Functioning,2,0,0,0,,0,,,,,368968.491,5029740.856,45.40466373,-75.68029055,738
16--10293,2016/10/03,5:51 PM,HWY 417 INNES IC112R58 @ INNES RD (0012295),12295,02 - Intersection related,03 - P.D. only,03 - Rear end,01 - Clear,01 - Daylight,01 - Dry,03 - Yield sign,01 - Functioning,2,0,0,0,,0,,,,,374222.9775,5030710.64,45.41288797,-75.61303923,739
16--10294,2016/10/03,6:40 AM,TENTH LINE RD @ CHARLEMAGNE BLVD S/DES EPINETT (0003686),3686,02 - Intersection related,02 - Non-fatal injury,03 - Rear end,01 - Clear,03 - Dawn,02 - Wet,01 - Traffic signal,01 - Functioning,2,0,0,0,02 - Minor,1,,1,,,383640.9751,5036900.456,45.46758093,-75.49173924,740
16--10295,2016/10/03,6:54 PM,COWELL RD @ MALAKOFF RD (0003897),3897,02 - Intersection related,02 - Non-fatal injury,07 - SMV other,01 - Clear,07 - Dark,01 - Dry,10 - No control,,1,0,0,0,02 - Minor,1,,1,,,365463.3087,4992390.006,45.06889215,-75.72961763,741
16--10296,2016/10/03,7:22 PM,JEANNE D'ARC BLVD @ ORLEANS BLVD S (0004154),4154,03 - At intersection,02 - Non-fatal injury,05 - Turning movement,01 - Clear,07 - Dark,01 - Dry,01 - Traffic signal,01 - Functioning,2,0,0,0,02 - Minor,1,,1,,,380939.947,5036250.343,45.4620314,-75.52637703,742
16--10297,2016/10/03,7:30 AM,HIGHWAY 417 btwn HWY417 IC134 RAMP35 & HWY417 IC134 RAMP25 (__3ZA29D),__3ZA29D,01 - Non intersection,03 - P.D. only,03 - Rear end,01 - Clear,01 - Daylight,01 - Dry,10 - No control,,2,0,0,0,,0,,,,,356447.7829,5022255.745,45.33834822,-75.84100492,743
16--10298,2016/10/03,7:46 PM,DUNROBIN RD btwn CONSTANCE BAY RD & KINBURN SIDE RD (__3ZA3FF),__3ZA3FF,01 - Non intersection,03 - P.D. only,07 - SMV other,01 - Clear,07 - Dark,01 - Dry,10 - No control,,1,0,0,0,,0,,,,,336814.1924,5037183.599,45.47384496,-76.09054021,744
16--10299,2016/10/03,7:50 AM,JEANNE D'ARC BLVD @ OR174 IC105 RAMP36 (0004139),4139,03 - At intersection,03 - P.D. only,03 - Rear end,01 - Clear,01 - Daylight,01 - Dry,01 - Traffic signal,01 - Functioning,2,0,0,0,,0,,,,,379268.8684,5037280.164,45.47147708,-75.54758655,745
16--103,2016/01/04,3:45 PM,HIGHWAY 417 btwn HIGHWAY 417 & HIGHWAY 417 (2) (__3ZA2UZ),__3ZA2UZ,01 - Non intersection,03 - P.D. only,03 - Rear end,01 - Clear,01 - Daylight,01 - Dry,10 - No control,,2,0,0,0,,0,,,,,375384.3892,5030294.709,45.40902947,-75.59826221,746
16--1030,2016/01/21,8:45 AM,WOODROFFE AVE btwn WHITEWATER ST & BREN-MAUR RD (__3ZA4JD),__3ZA4JD,01 - Non intersection,03 - P.D. only,06 - SMV unattended vehicle,"07 - Fog, mist, smoke, dust",01 - Daylight,03 - Loose snow,10 - No control,,1,0,0,0,,0,,,,,366463.4022,5014518.877,45.2679239,-75.71418505,747
16--10300,2016/10/03,8:02 AM,BASELINE RD @ JOHN SUTHERLAND DR/VALLEY STREAM (0000011),11,02 - Intersection related,03 - P.D. only,03 - Rear end,01 - Clear,01 - Daylight,02 - Wet,01 - Traffic signal,01 - Functioning,3,0,0,0,,0,,,,,359310.5147,5021789.491,45.33393628,-75.80453215,748
16--10301,2016/10/03,8:03 AM,GUINNESS CRES btwn BREAKSTONE RD & BREAKSTONE RD/KNOCKADERRY CRES (e___2ITP),e___2ITP,01 - Non intersection,02 - Non-fatal injury,07 - SMV other,01 - Clear,01 - Daylight,01 - Dry,10 - No control,,1,0,0,1,01 - Minimal,1,1,,,,365202.431,5011336.071,45.2393944,-75.73063972,749
16--10302,2016/10/03,8:03 AM,TWEEDSMUIR AVE @ SCOTT ST (0006371),6371,02 - Intersection related,02 - Non-fatal injury,03 - Rear end,01 - Clear,01 - Daylight,01 - Dry,01 - Traffic signal,01 - Functioning,2,0,0,0,01 - Minimal,1,1,,,,363397.2208,5028776.826,45.39647812,-75.75156793,750
16--10303,2016/10/03,8:40 PM,LYON ST @ WELLINGTON ST (0002388),2388,03 - At intersection,03 - P.D. only,04 - Sideswipe,01 - Clear,07 - Dark,01 - Dry,01 - Traffic signal,01 - Functioning,2,0,0,0,,0,,,,,366935.4423,5031426.55,45.42001454,-75.70604633,751