Anom_ID,Accident_Date,Accident_Time,Location,Geo_ID,Accident_Location,Classification_of_Accident,Initial_Impact_Type,Environment_Condition,Light,Road_Surface_Condition,Traffic_Control,Traffic_Control_Condition,No__of_Vehicles,No__of_Bicycles,No__of_Motorcycles,No__of_Pedestrians,Max_Injury,No__of_Injuries,No__of_Minimal,No__of_Minor,No__of_Major,No__of_Fatal,X,Y,Latitude,Longitude,ObjectId
16--10304,2016/10/03,8:43 PM,SOMERSET ST    W btwn BECKINGTON PRIV & BANK ST (__3ZAZQ1),__3ZAZQ1,01 - Non intersection,02 - Non-fatal injury,04 - Sideswipe,01 - Clear,07 - Dark,01 - Dry,10 - No control,,2,1,0,0,02 - Minor,1,,1,,,367606.2287,5030862.217,45.41487695,-75.69754794,752
16--10305,2016/10/03,9:05 AM,SMYTH RD E/LANCASTER RD @ ST. LAURENT BLVD N/R (0002256),2256,02 - Intersection related,03 - P.D. only,05 - Turning movement,01 - Clear,01 - Daylight,01 - Dry,01 - Traffic signal,01 - Functioning,2,0,0,0,,0,,,,,373364.1089,5029425.111,45.40140606,-75.62418977,753
16--10306,2016/10/04,1:51 PM,BANK ST @ QUEENSDALE AVE (0009260),9260,03 - At intersection,02 - Non-fatal injury,07 - SMV other,01 - Clear,01 - Daylight,01 - Dry,01 - Traffic signal,01 - Functioning,1,0,0,1,02 - Minor,1,,1,,,373337.5711,5023445.099,45.34760301,-75.62535858,754
16--10307,2016/10/04,10:32 AM,YORK ST EB btwn BY WARD MARKET SQ & SUSSEX DR (__3ZA8ZZ),__3ZA8ZZ,01 - Non intersection,03 - P.D. only,06 - SMV unattended vehicle,01 - Clear,01 - Daylight,01 - Dry,10 - No control,,1,0,0,0,,0,,,,,367927.6454,5032313.472,45.42790594,-75.69325576,755
16--10308,2016/10/04,11:30 AM,HIGHWAY 417 btwn HWY417 IC122 RAMP61 & HWY417 IC121B RAMP16 (__3ZA2Y4),__3ZA2Y4,01 - Non intersection,03 - P.D. only,99 - Other,01 - Clear,01 - Daylight,01 - Dry,10 - No control,,2,0,0,0,,0,,,,,366086.6924,5029355.627,45.40145579,-75.71714794,756
16--10309,2016/10/04,11:45 PM,QUEEN ELIZABETH DRWY btwn TO BE DETERMINED & QUEEN ELIZABETH PL (__3ZA22I),__3ZA22I,01 - Non intersection,03 - P.D. only,07 - SMV other,01 - Clear,07 - Dark,01 - Dry,10 - No control,,1,0,0,0,,0,,,,,368578.8994,5028841.805,45.39660997,-75.68538308,757
16--1031,2016/01/21,8:57 AM,WOODROFFE AVE btwn GEORGINA DR & HWY417 IC127 RAMP36 (__3ZA4L6),__3ZA4L6,04 - At/near private drive,03 - P.D. only,02 - Angle,01 - Clear,01 - Daylight,01 - Dry,10 - No control,,2,0,0,0,,0,,,,,362006.0646,5025128.264,45.36376379,-75.76975773,758
16--10310,2016/10/04,12:10 PM,BANK ST btwn RIVERDALE AVE & RIVERSIDE DR (__3ZA3BU),__3ZA3BU,01 - Non intersection,02 - Non-fatal injury,03 - Rear end,01 - Clear,01 - Daylight,01 - Dry,10 - No control,,2,0,0,0,01 - Minimal,1,1,,,,369203.6819,5028001.799,45.38899467,-75.6775135,759
16--10311,2016/10/04,12:30 AM,HWY417 IC104 RAMP51 btwn HIGHWAY 417 & ANDERSON RD (__3ZAY0C),__3ZAY0C,01 - Non intersection,03 - P.D. only,07 - SMV other,01 - Clear,07 - Dark,01 - Dry,10 - No control,,1,0,0,0,,0,,,,,379716.0068,5025965.301,45.36962601,-75.54358919,760
16--10312,2016/10/04,2:00 PM,MEADOWLANDS DR/TALLWOOD DR @ WOODROFFE AVE (0000095),95,02 - Intersection related,03 - P.D. only,03 - Rear end,01 - Clear,01 - Daylight,01 - Dry,01 - Traffic signal,01 - Functioning,3,0,0,0,,0,,,,,363057.3207,5022730.344,45.34210094,-75.75662198,761
16--10313,2016/10/04,2:36 PM,EDITH AVE @ GLYNN AVE (0008570),8570,03 - At intersection,02 - Non-fatal injury,02 - Angle,01 - Clear,01 - Daylight,01 - Dry,02 - Stop sign,01 - Functioning,2,0,0,0,02 - Minor,1,,1,,,370916.9385,5032165.366,45.42629715,-75.65507785,762
16--10314,2016/10/04,3:06 PM,INNES RD @ ORCHARDVIEW AVE/ESPRIT DR (0012279),12279,02 - Intersection related,03 - P.D. only,03 - Rear end,01 - Clear,01 - Daylight,01 - Dry,01 - Traffic signal,01 - Functioning,2,0,0,0,,0,,,,,384845.5928,5036560.974,45.46438959,-75.47639168,763
16--10315,2016/10/04,3:07 PM,RIVERSIDE DR btwn HOG'S BACK RD & RIDGEWOOD AVE (__3ZA372),__3ZA372,04 - At/near private drive,03 - P.D. only,02 - Angle,01 - Clear,01 - Daylight,01 - Dry,10 - No control,,2,0,0,0,,0,,,,,368225.8888,5025878.636,45.36998027,-75.69027218,764
16--10316,2016/10/04,3:24 PM,PARKDALE AVE @ KENILWORTH ST (0006366),6366,03 - At intersection,03 - P.D. only,02 - Angle,01 - Clear,01 - Daylight,01 - Dry,02 - Stop sign,01 - Functioning,2,0,0,0,,0,,,,,365446.0659,5028595.484,45.39467198,-75.72542375,765
16--10317,2016/10/04,3:47 AM,COPE DR @ TERRY FOX (0009143),9143,02 - Intersection related,03 - P.D. only,07 - SMV other,01 - Clear,07 - Dark,01 - Dry,01 - Traffic signal,00 - Unknown,1,0,0,0,,0,,,,,353999.629,5015345.308,45.27634268,-75.87292598,766
16--10318,2016/10/04,4:10 PM,RIVERSIDE DR RAMP 34 @ RIVERSIDE DR (0010857),10857,02 - Intersection related,02 - Non-fatal injury,03 - Rear end,01 - Clear,01 - Daylight,01 - Dry,03 - Yield sign,01 - Functioning,2,0,0,0,01 - Minimal,1,1,,,,368341.624,5027182.77,45.38170403,-75.68862699,767
16--10319,2016/10/04,4:16 PM,BANK ST @ CATHERINE ST (0002708),2708,02 - Intersection related,03 - P.D. only,03 - Rear end,01 - Clear,01 - Daylight,01 - Dry,01 - Traffic signal,00 - Unknown,3,0,0,0,,0,,,,,368039.9989,5030267.566,45.4094874,-75.69208266,768
16--1032,2016/01/21,9:12 AM,CARLING AVE btwn MARCH RD & SCHNEIDER RD (__3ZA42E),__3ZA42E,01 - Non intersection,03 - P.D. only,03 - Rear end,01 - Clear,01 - Daylight,02 - Wet,10 - No control,,7,0,0,0,,0,,,,,351001.4707,5022265.445,45.3388153,-75.91049181,769
16--10320,2016/10/04,4:25 PM,HIGHWAY 417 btwn HWY417 IC115 RAMP35 & HIGHWAY 417 (__3ZA2US),__3ZA2US,01 - Non intersection,03 - P.D. only,03 - Rear end,01 - Clear,01 - Daylight,01 - Dry,10 - No control,,2,0,0,0,,0,,,,,372508.7797,5031505.53,45.42020798,-75.63482837,770
16--10321,2016/10/04,4:30 PM,CEDARVIEW RD @ JOCKVALE RD (0000788),788,03 - At intersection,03 - P.D. only,03 - Rear end,01 - Clear,01 - Daylight,01 - Dry,11 - Roundabout,01 - Functioning,2,0,0,0,,0,,,,,361475.3269,5015253.18,45.27495086,-75.77766208,771
16--10322,2016/10/04,4:45 PM,HIGHWAY 417 btwn HWY417 IC121A RAMP51 & HWY417 IC120A RAMP52 (__3ZA2R6),__3ZA2R6,01 - Non intersection,03 - P.D. only,03 - Rear end,01 - Clear,01 - Daylight,01 - Dry,10 - No control,,3,0,0,0,,0,,,,,367284.0551,5029741.95,45.40482596,-75.70180582,772
16--10323,2016/10/04,4:46 PM,AARON AVE @ LENESTER AVE (0002560),2560,02 - Intersection related,02 - Non-fatal injury,07 - SMV other,01 - Clear,01 - Daylight,01 - Dry,02 - Stop sign,01 - Functioning,1,0,0,1,01 - Minimal,1,1,,,,362234.865,5025664.285,45.36856815,-75.76677499,773
16--10324,2016/10/04,5:07 PM,ALBION RD @ LESTER RD (0004175),4175,02 - Intersection related,03 - P.D. only,03 - Rear end,01 - Clear,01 - Daylight,01 - Dry,01 - Traffic signal,01 - Functioning,2,0,0,0,,0,,,,,372695.1779,5022332.501,45.33765472,-75.63370823,774
16--10325,2016/10/04,5:22 PM,CYRVILLE RD btwn STAR TOP RD & MEADOWBROOK RD (__3ZA3SN),__3ZA3SN,04 - At/near private drive,02 - Non-fatal injury,02 - Angle,01 - Clear,01 - Daylight,01 - Dry,10 - No control,,2,0,0,0,02 - Minor,1,,1,,,374533.4784,5031274.754,45.4179327,-75.60899287,775
16--10326,2016/10/04,5:49 PM,BELCOURT BLVD @ INNES RD (0004202),4202,03 - At intersection,02 - Non-fatal injury,03 - Rear end,01 - Clear,01 - Daylight,01 - Dry,01 - Traffic signal,01 - Functioning,2,1,0,0,01 - Minimal,1,1,,,,382122.1144,5035266.342,45.45304834,-75.5114173,776
16--10327,2016/10/04,5:55 PM,BANK ST btwn KEMP DR & CONROY RD (__3ZA28D),__3ZA28D,01 - Non intersection,02 - Non-fatal injury,07 - SMV other,01 - Clear,05 - Dusk,01 - Dry,10 - No control,,1,0,0,0,02 - Minor,1,,1,,,375109.3966,5022164.994,45.33590979,-75.60293213,777
16--10328,2016/10/04,5:55 PM,HWY 417 INNES IC112R68 @ INNES RD (0012300),12300,02 - Intersection related,03 - P.D. only,03 - Rear end,01 - Clear,01 - Daylight,01 - Dry,01 - Traffic signal,01 - Functioning,4,0,0,0,,0,,,,,374642.0207,5030920.396,45.41473355,-75.60765638,778
16--10329,2016/10/04,6:04 PM,WALKLEY RD @ SPRINGLAND DR/OTTERSON DR (0006968),6968,02 - Intersection related,03 - P.D. only,03 - Rear end,01 - Clear,01 - Daylight,01 - Dry,01 - Traffic signal,01 - Functioning,2,0,0,0,,0,,,,,368720.6467,5024982.244,45.36186982,-75.68407245,779
16--1033,2016/01/21,9:13 PM,HWY417 IC118 RAMP76 btwn HIGHWAY 417 & HWY417 IC118 RAMP43 (__3ZAY9N),__3ZAY9N,01 - Non intersection,03 - P.D. only,07 - SMV other,01 - Clear,07 - Dark,06 - Ice,10 - No control,,1,0,0,0,,0,,,,,369385.6953,5031077.96,45.41665615,-75.67478641,780
16--10330,2016/10/04,6:30 PM,CHAMPLAIN BRIDGE/ISLAND PARK DR btwn BATE ISLAND & OTTAWA RIVER PKWY (__3ZA2ZEB),__3ZA2ZEB,07 - Overpass or bridge,03 - P.D. only,03 - Rear end,01 - Clear,05 - Dusk,01 - Dry,10 - No control,,2,0,0,0,,0,,,,,363112.0807,5029773.431,45.4054692,-75.75509174,781
16--10331,2016/10/04,7:00 PM,HWY417 IC126 RAMP61 btwn HWY417 IC126 RAMP63 & HIGHWAY 417 (__3ZAY5Y),__3ZAY5Y,01 - Non intersection,03 - P.D. only,07 - SMV other,01 - Clear,05 - Dusk,01 - Dry,10 - No control,,1,0,0,0,,0,,,,,363104.8464,5025844.326,45.3701163,-75.75564832,782
16--10332,2016/10/04,7:10 PM,RIVERSIDE DR NB btwn RIVERSIDE DR SPLIT & DATA CENTRE RD (__5FDUZU),__5FDUZU,01 - Non intersection,03 - P.D. only,03 - Rear end,01 - Clear,07 - Dark,01 - Dry,10 - No control,,2,0,0,0,,0,,,,,368835.4166,5027613.338,45.38553319,-75.68226646,783
16--10333,2016/10/04,7:15 AM,BRIAN COBURN BLVD @ MER BLEUE RD (0014363),14363,02 - Intersection related,03 - P.D. only,03 - Rear end,01 - Clear,01 - Daylight,01 - Dry,11 - Roundabout,01 - Functioning,2,0,0,0,,0,,,,,383150.8189,5034441.164,45.44550953,-75.49839849,784
16--10334,2016/10/04,7:19 PM,INNES RD @ TENTH LINE RD (0004633),4633,02 - Intersection related,02 - Non-fatal injury,03 - Rear end,01 - Clear,07 - Dark,01 - Dry,01 - Traffic signal,01 - Functioning,2,0,0,0,02 - Minor,1,,1,,,383950.9321,5036158.319,45.46086881,-75.48789546,785
16--10335,2016/10/04,7:35 AM,RIVERSIDE DR @ WALKLEY RD (0002158),2158,02 - Intersection related,03 - P.D. only,03 - Rear end,01 - Clear,01 - Daylight,01 - Dry,01 - Traffic signal,00 - Unknown,2,0,0,0,,0,,,,,368417.8957,5024853.115,45.36073549,-75.6879532,786
16--10336,2016/10/04,7:40 AM,FINDLAY CREEK DR @ GRACEWOOD CRES (0014173),14173,03 - At intersection,03 - P.D. only,05 - Turning movement,01 - Clear,01 - Daylight,01 - Dry,02 - Stop sign,01 - Functioning,2,0,0,0,,0,,,,,374529.3921,5019573.914,45.31265409,-75.61069629,787
16--10337,2016/10/04,7:44 PM,HUNT CLUB RD @ UPLANDS DR (0010844),10844,02 - Intersection related,02 - Non-fatal injury,03 - Rear end,01 - Clear,07 - Dark,01 - Dry,01 - Traffic signal,01 - Functioning,2,0,0,0,02 - Minor,1,,1,,,370155.899,5023119.422,45.34497635,-75.66600006,788
16--10338,2016/10/04,7:51 AM,GREY'S CREEK RD @ SNAKE ISLAND RD (0005705),5705,03 - At intersection,02 - Non-fatal injury,02 - Angle,01 - Clear,01 - Daylight,01 - Dry,02 - Stop sign,00 - Unknown,2,0,0,0,02 - Minor,2,1,1,,,381962.6116,5009056.633,45.21724765,-75.51754278,789
16--10339,2016/10/04,7:55 AM,REGIONAL ROAD 174 btwn QUIGLEY HILL RD & CAMERON ST (__3ZA27U),__3ZA27U,01 - Non intersection,03 - P.D. only,03 - Rear end,01 - Clear,01 - Daylight,01 - Dry,10 - No control,,2,0,0,0,,0,,,,,389612.8486,5042580.349,45.51798237,-75.41439956,790
16--1034,2016/01/21,9:15 PM,MARCH RD btwn PETER ROBINSON RD & CORKERY RD (__3ZA2RJ),__3ZA2RJ,01 - Non intersection,03 - P.D. only,07 - SMV other,01 - Clear,07 - Dark,01 - Dry,10 - No control,,1,0,0,0,,0,,,,,335739.9226,5015952.401,45.28284629,-76.10561011,791
16--10340,2016/10/04,8:02 AM,KING EDWARD AVE SB btwn UNION ST & BOTELER ST (__7TTQ1S),__7TTQ1S,01 - Non intersection,02 - Non-fatal injury,07 - SMV other,01 - Clear,01 - Daylight,01 - Dry,10 - No control,,1,1,0,1,02 - Minor,2,1,1,,,367940.9495,5033258.89,45.43641127,-75.69296452,792
16--10341,2016/10/04,8:10 AM,STE. CECILE ST btwn BEECHWOOD AVE & GENEST ST (__3ZA8A5),__3ZA8A5,01 - Non intersection,02 - Non-fatal injury,05 - Turning movement,01 - Clear,01 - Daylight,01 - Dry,10 - No control,,2,0,0,0,01 - Minimal,1,1,,,,369740.0617,5033921.033,45.44220419,-75.66988422,793
16--10342,2016/10/04,8:26 AM,FALLOWFIELD RD @ GREENBANK RD (0000549),549,02 - Intersection related,03 - P.D. only,03 - Rear end,01 - Clear,01 - Daylight,01 - Dry,01 - Traffic signal,00 - Unknown,2,0,0,0,,0,,,,,363079.8475,5016732.041,45.28812653,-75.75704019,794
16--10343,2016/10/04,9:10 AM,ST. LAURENT BLVD btwn BELFAST RD & INDUSTRIAL AVE (__3ZA3R8),__3ZA3R8,01 - Non intersection,02 - Non-fatal injury,03 - Rear end,01 - Clear,01 - Daylight,01 - Dry,10 - No control,,2,0,0,0,02 - Minor,1,,1,,,372906.4517,5030469.011,45.41084327,-75.62989082,795
16--10344,2016/10/04,9:10 AM,BANK ST @ RIVERSIDE DR N (0010778),10778,02 - Intersection related,03 - P.D. only,04 - Sideswipe,01 - Clear,01 - Daylight,01 - Dry,01 - Traffic signal,01 - Functioning,3,0,0,0,,0,,,,,369225.0573,5027982.887,45.38882254,-75.67724302,796
16--10345,2016/10/04,9:43 AM,MERIVALE RD @ WEST HUNT CLUB RD (0000584),584,02 - Intersection related,02 - Non-fatal injury,03 - Rear end,01 - Clear,01 - Daylight,01 - Dry,01 - Traffic signal,01 - Functioning,3,0,0,0,02 - Minor,1,,1,,,365613.2307,5021942.23,45.33479269,-75.72410773,797
16--10346,2016/10/04,9:45 PM,CARLING AVE @ PARKDALE AVE (0008792),8792,02 - Intersection related,03 - P.D. only,03 - Rear end,01 - Clear,07 - Dark,01 - Dry,01 - Traffic signal,01 - Functioning,2,0,0,0,,0,,,,,365625.98,5028173.138,45.3908562,-75.72317815,798
16--10347,2016/10/05,1:15 PM,MERIVALE RD btwn EMERALD PLAZA SC & MEADOWLANDS DR (__3ZA4HZB),__3ZA4HZB,01 - Non intersection,03 - P.D. only,03 - Rear end,01 - Clear,01 - Daylight,01 - Dry,10 - No control,,2,0,0,0,,0,,,,,364829.7144,5023788.354,45.35147136,-75.73387938,799
16--10348,2016/10/05,10:04 AM,ST. JOSEPH BLVD btwn ROCKCLIFFE PKWY & HART RD (__3ZA2AF),__3ZA2AF,01 - Non intersection,03 - P.D. only,03 - Rear end,01 - Clear,01 - Daylight,01 - Dry,10 - No control,,2,0,0,0,,0,,,,,377345.276,5035412.057,45.4548716,-75.57246057,800
16--10079,2016/09/27,12:12 PM,MERIVALE RD/LOTTA AVE @ CLYDE AVE (0001112),1112,02 - Intersection related,03 - P.D. only,03 - Rear end,01 - Clear,01 - Daylight,01 - Dry,01 - Traffic signal,01 - Functioning,2,0,0,0,,0,,,,,364521.8155,5024507.537,45.35796876,-75.73772167,801
16--1008,2016/01/21,5:43 PM,GARFIELD AVE @ MAITLAND AVE (0002031),2031,02 - Intersection related,03 - P.D. only,03 - Rear end,01 - Clear,07 - Dark,02 - Wet,01 - Traffic signal,01 - Functioning,3,0,0,0,,0,,,,,363342.4255,5025562.261,45.36755851,-75.75264894,802
16--10080,2016/09/27,12:13 PM,CARLING AVE WB @ SAIGON CRT (0002102),2102,03 - At intersection,02 - Non-fatal injury,02 - Angle,01 - Clear,01 - Daylight,01 - Dry,01 - Traffic signal,01 - Functioning,2,1,0,0,03 - Major,1,,,1,,364064.6374,5027195.723,45.38219546,-75.74323399,803
16--10081,2016/09/27,2:00 AM,QUEENSTON DR btwn MOORE ST & REGAL CRES (__3ZAZKJ),__3ZAZKJ,01 - Non intersection,03 - P.D. only,07 - SMV other,02 - Rain,07 - Dark,02 - Wet,10 - No control,,1,0,0,0,,0,,,,,357158.8367,5007032.429,45.20131326,-75.83353801,804
16--10082,2016/09/27,3:15 PM,HUNT CLUB RD @ UPLANDS DR (0010844),10844,03 - At intersection,02 - Non-fatal injury,05 - Turning movement,01 - Clear,01 - Daylight,01 - Dry,01 - Traffic signal,01 - Functioning,2,0,0,0,01 - Minimal,1,1,,,,370156.5077,5023121.273,45.34499295,-75.66599205,805
16--10083,2016/09/27,3:30 PM,ANALDEA DR/ WHITE ALDER AVE @ BANK ST (0009265),9265,02 - Intersection related,03 - P.D. only,03 - Rear end,01 - Clear,01 - Daylight,01 - Dry,01 - Traffic signal,00 - Unknown,2,0,0,0,,0,,,,,375697.7499,5020813.222,45.32368791,-75.59561994,806
16--10084,2016/09/27,3:30 PM,CHAPEL CRES btwn WIGGINS PRIV & WIGGINS PRIV (__3ZA3CC),__3ZA3CC,01 - Non intersection,03 - P.D. only,07 - SMV other,01 - Clear,01 - Daylight,01 - Dry,10 - No control,,1,0,0,1,,0,,,,,369608.6312,5031459.798,45.42007117,-75.67188803,807
16--10085,2016/09/27,3:45 PM,HAWTHORNE RD/RUSSELL RD @ WALKLEY RD (0002618),2618,02 - Intersection related,02 - Non-fatal injury,03 - Rear end,01 - Clear,01 - Daylight,01 - Dry,01 - Traffic signal,01 - Functioning,2,0,1,0,02 - Minor,1,,1,,,374675.1023,5028500.884,45.3929607,-75.60757661,808
16--10086,2016/09/27,3:51 PM,REGIONAL ROAD 174 btwn OR174 IC112 RAMP51 & OR174 IC112 RAMP15 (__3ZA2XE),__3ZA2XE,01 - Non intersection,02 - Non-fatal injury,07 - SMV other,01 - Clear,01 - Daylight,01 - Dry,10 - No control,,1,0,0,0,02 - Minor,1,,1,,,374873.1074,5032877.275,45.43231738,-75.60442588,809
16--10087,2016/09/27,4:13 PM,MEADOWLANDS DR btwn CLAYMOR AVE & DEBRA AVE (__3ZA3GTA),__3ZA3GTA,01 - Non intersection,03 - P.D. only,03 - Rear end,01 - Clear,01 - Daylight,01 - Dry,10 - No control,,2,0,0,0,,0,,,,,367061.2339,5025475.897,45.36646095,-75.70519007,810
16--10088,2016/09/27,4:25 PM,HIGHWAY 417 btwn HWY417 IC117 RAMP25 & HWY417 IC115 RAMP51 (__3ZA2R3),__3ZA2R3,01 - Non intersection,03 - P.D. only,03 - Rear end,01 - Clear,01 - Daylight,01 - Dry,10 - No control,,2,0,0,0,,0,,,,,371561.3591,5031398.819,45.41933889,-75.64694746,811
16--10089,2016/09/27,4:28 PM,MONTREAL RD @ STE. ANNE ST (0009798),9798,02 - Intersection related,03 - P.D. only,04 - Sideswipe,01 - Clear,01 - Daylight,01 - Dry,02 - Stop sign,01 - Functioning,2,0,0,0,,0,,,,,370706.4891,5033417.255,45.43758097,-75.65759937,812
16--1009,2016/01/21,5:50 AM,COLONEL BY DR btwn CLEGG ST & ECHO DR S (__3ZBPHH),__3ZBPHH,01 - Non intersection,03 - P.D. only,07 - SMV other,02 - Rain,07 - Dark,04 - Slush,10 - No control,,1,0,0,0,,0,,,,,368670.9854,5028784.06,45.396082,-75.6842145,813
16--10090,2016/09/27,5:30 AM,MAITLAND AVE btwn CAMEO DR & CLYDE AVE (__3ZA4I2),__3ZA4I2,01 - Non intersection,03 - P.D. only,07 - SMV other,02 - Rain,07 - Dark,02 - Wet,10 - No control,,1,0,0,0,,0,,,,,364246.62,5025142.712,45.36370736,-75.7411575,814
16--10091,2016/09/27,5:39 PM,JEANNE D'ARC BLVD  S btwn SAPINIER ST & INNES RD (__3ZA3Y3),__3ZA3Y3,01 - Non intersection,03 - P.D. only,07 - SMV other,01 - Clear,01 - Daylight,01 - Dry,10 - No control,,1,0,0,0,,0,,,,,382621.0439,5035606.367,45.45605222,-75.50498552,815
16--10092,2016/09/27,6:00 PM,BLAIR RD @ INNES RD (0004165),4165,02 - Intersection related,02 - Non-fatal injury,03 - Rear end,01 - Clear,01 - Daylight,01 - Dry,01 - Traffic signal,01 - Functioning,2,0,0,0,01 - Minimal,2,2,,,,375578.1994,5031438.752,45.41930336,-75.59562224,816
16--10093,2016/09/27,6:08 PM,CARLING AVE btwn DAVIDSON'S SIDE RD & GRANDVIEW RD (__3ZA4Z8),__3ZA4Z8,01 - Non intersection,02 - Non-fatal injury,07 - SMV other,01 - Clear,01 - Daylight,01 - Dry,10 - No control,,1,0,0,0,02 - Minor,1,,1,,,355631.4674,5024089.614,45.35490918,-75.85123147,817
16--10094,2016/09/27,6:28 AM,PARKDALE AVE @ HWY 417 PARKDAL IC122R15/HWY 41 (0002363),2363,02 - Intersection related,02 - Non-fatal injury,03 - Rear end,01 - Clear,07 - Dark,01 - Dry,01 - Traffic signal,01 - Functioning,2,0,0,0,01 - Minimal,1,1,,,,365336.6982,5028843.484,45.39691289,-75.72679004,818
16--10095,2016/09/27,7:15 PM,CARP RD @ MARCH RD (0001689),1689,02 - Intersection related,03 - P.D. only,03 - Rear end,01 - Clear,07 - Dark,01 - Dry,01 - Traffic signal,01 - Functioning,3,0,0,0,,0,,,,,342164.0819,5021732.271,45.33454391,-76.02328845,819
16--10096,2016/09/27,7:24 PM,BANK ST btwn NEPEAN ST & LISGAR ST (__3ZA34Y),__3ZA34Y,01 - Non intersection,03 - P.D. only,03 - Rear end,01 - Clear,07 - Dark,01 - Dry,10 - No control,,2,0,0,0,,0,,,,,367582.5177,5031100.108,45.41701955,-75.69782055,820
16--10097,2016/09/27,7:40 AM,ST. JOSEPH BLVD @ OR174 IC101 RAMP25 (0009232),9232,02 - Intersection related,03 - P.D. only,03 - Rear end,01 - Clear,01 - Daylight,01 - Dry,01 - Traffic signal,01 - Functioning,2,0,0,0,,0,,,,,383346.2599,5038947.793,45.4860342,-75.49518028,821
16--10098,2016/09/27,8:00 AM,HIGHWAY 417 btwn HWY417 IC130 RAMP35 & HWY417 IC130 RAMP25 (__3ZA298),__3ZA298,01 - Non intersection,03 - P.D. only,04 - Sideswipe,01 - Clear,01 - Daylight,01 - Dry,10 - No control,,2,0,0,0,,0,,,,,359200.8439,5023063.36,45.34540709,-75.80579121,822
16--10099,2016/09/27,8:30 PM,WALKLEY RD btwn HARDING RD & HALIFAX DR (__3ZA2EK),__3ZA2EK,04 - At/near private drive,03 - P.D. only,02 - Angle,01 - Clear,07 - Dark,01 - Dry,10 - No control,,2,0,0,0,,0,,,,,373628.8302,5027890.02,45.38756804,-75.62102288,823
16--101,2016/01/04,3:40 PM,REGIONAL ROAD 174 EB btwn HWY417 IC113 RAMP65 & OR174 BLAIR IC112 RAMP51 (__3ZAZFJ),__3ZAZFJ,01 - Non intersection,03 - P.D. only,03 - Rear end,01 - Clear,01 - Daylight,01 - Dry,10 - No control,,2,0,0,0,,0,,,,,374585.7162,5032665.283,45.43043873,-75.6081285,824
16--1010,2016/01/21,6:00 PM,RUSSELL RD btwn MILTON RD & SAND RD (__3ZA3XZ),__3ZA3XZ,01 - Non intersection,03 - P.D. only,07 - SMV other,01 - Clear,07 - Dark,01 - Dry,10 - No control,,1,0,0,0,,0,,,,,389873.5261,5025362.402,45.36304237,-75.41403965,825
16--10100,2016/09/27,8:32 AM,EVANSHEN CRES @ ROBSON CRT E (0011859),11859,02 - Intersection related,02 - Non-fatal injury,07 - SMV other,01 - Clear,01 - Daylight,01 - Dry,02 - Stop sign,01 - Functioning,1,0,0,1,02 - Minor,1,,1,,,350501.382,5019648.686,45.31530182,-75.91711391,826
16--10101,2016/09/27,8:48 AM,CRESTHAVEN DR @ STRANDHERD DR (0010929),10929,02 - Intersection related,03 - P.D. only,04 - Sideswipe,01 - Clear,01 - Daylight,01 - Dry,01 - Traffic signal,01 - Functioning,2,0,0,0,,0,,,,,366813.6867,5015027.412,45.27246887,-75.70965808,827
16--10102,2016/09/27,8:49 AM,MACDONALD-CARTIER BR RAMP NB-3 btwn MACDONALD-CARTIER BR RAMP NB-1/NB- (__7TTQA0),__7TTQA0,07 - Overpass or bridge,03 - P.D. only,03 - Rear end,01 - Clear,01 - Daylight,01 - Dry,10 - No control,,3,0,0,0,,0,,,,,367835.6576,5033260.207,45.43643262,-75.69431001,828
16--10103,2016/09/27,8:59 AM,BANK ST @ WALKLEY RD (0011423),11423,03 - At intersection,02 - Non-fatal injury,03 - Rear end,01 - Clear,01 - Daylight,01 - Dry,01 - Traffic signal,01 - Functioning,3,0,0,0,02 - Minor,2,,2,,,370338.679,5025947.735,45.37040761,-75.66329288,829
16--10104,2016/09/27,9:06 AM,GREENBANK RD @ IRIS ST/HWY 417 IC129 RAMP51 (0009073),9073,03 - At intersection,03 - P.D. only,05 - Turning movement,01 - Clear,01 - Daylight,01 - Dry,01 - Traffic signal,01 - Functioning,2,0,0,0,,0,,,,,360531.3417,5023312.418,45.34754366,-75.78878597,830
16--10105,2016/09/27,9:07 AM,AMESBROOKE DR @ MAITLAND AVE (0003216),3216,02 - Intersection related,03 - P.D. only,03 - Rear end,01 - Clear,01 - Daylight,01 - Dry,02 - Stop sign,01 - Functioning,3,0,0,0,,0,,,,,363769.9711,5025177.68,45.36406226,-75.74723728,831
16--10106,2016/09/27,9:30 AM,BALSAM ST @ ROCHESTER ST (0006571),6571,03 - At intersection,03 - P.D. only,02 - Angle,01 - Clear,01 - Daylight,01 - Dry,02 - Stop sign,01 - Functioning,2,0,0,0,,0,,,,,366632.4794,5029861.782,45.40596204,-75.71011346,832
16--10107,2016/09/28,1:17 PM,BORRISOKANE RD btwn CAMBRIAN RD & STRANDHERD DR (__3ZA1CC),__3ZA1CC,01 - Non intersection,02 - Non-fatal injury,07 - SMV other,01 - Clear,01 - Daylight,01 - Dry,10 - No control,,1,0,0,0,02 - Minor,1,,1,,,362525.4893,5012698.523,45.25187846,-75.76457551,833
16--10108,2016/09/28,1:56 PM,BANK ST @ SNAKE ISLAND RD/VICTORIA ST (0001080),1080,03 - At intersection,02 - Non-fatal injury,05 - Turning movement,01 - Clear,01 - Daylight,01 - Dry,01 - Traffic signal,01 - Functioning,2,0,0,0,02 - Minor,1,,1,,,383696.5688,5010121.187,45.22663393,-75.49530019,834