Anom_ID,Accident_Date,Accident_Time,Location,Geo_ID,Accident_Location,Classification_of_Accident,Initial_Impact_Type,Environment_Condition,Light,Road_Surface_Condition,Traffic_Control,Traffic_Control_Condition,No__of_Vehicles,No__of_Bicycles,No__of_Motorcycles,No__of_Pedestrians,Max_Injury,No__of_Injuries,No__of_Minimal,No__of_Minor,No__of_Major,No__of_Fatal,X,Y,Latitude,Longitude,ObjectId
16--10109,2016/09/28,10:01 AM,WEST HUNT CLUB RD EB btwn 210 W OF MERIVALE RD & MERIVALE RD (__3ZA3JDB),__3ZA3JDB,01 - Non intersection,03 - P.D. only,04 - Sideswipe,01 - Clear,01 - Daylight,01 - Dry,10 - No control,,2,0,0,0,,0,,,,,365447.8214,5021821.532,45.33372098,-75.72623272,835
16--1011,2016/01/21,6:30 AM,HIGHWAY 417 btwn HWY417 IC117 RAMP61 & HWY417 IC115 RAMP36 (__3ZA2RZ),__3ZA2RZ,01 - Non intersection,03 - P.D. only,03 - Rear end,01 - Clear,"08 - Dark, artificial",01 - Dry,10 - No control,,2,0,0,0,,0,,,,,371560.3268,5031424.743,45.41957224,-75.64695714,836
16--10110,2016/09/28,10:30 PM,IVANHOE AVE btwn CARLING AVE & ELMHURST ST (__3ZABWP),__3ZABWP,01 - Non intersection,03 - P.D. only,06 - SMV unattended vehicle,01 - Clear,07 - Dark,01 - Dry,10 - No control,,1,0,0,0,,0,,,,,360438.9121,5024863.846,45.36151071,-75.78979082,837
16--10111,2016/09/28,10:57 AM,HAWTHORNE RD/RUSSELL RD @ WALKLEY RD (0002618),2618,02 - Intersection related,03 - P.D. only,04 - Sideswipe,01 - Clear,01 - Daylight,01 - Dry,01 - Traffic signal,01 - Functioning,2,0,0,0,,0,,,,,374674.0853,5028499.322,45.39294675,-75.60758982,838
16--10112,2016/09/28,11:39 PM,DUNBRACK ST btwn TELFORD AVE & ALESTHER ST (__3ZA82V),__3ZA82V,01 - Non intersection,03 - P.D. only,07 - SMV other,01 - Clear,07 - Dark,01 - Dry,10 - No control,,1,0,0,0,,0,,,,,371931.2988,5032537.069,45.42954495,-75.64206591,839
16--10113,2016/09/28,12:49 PM,BLACKBURN BYPASS @ INNES RD E (0009245),9245,02 - Intersection related,03 - P.D. only,03 - Rear end,01 - Clear,01 - Daylight,01 - Dry,01 - Traffic signal,01 - Functioning,2,0,0,0,,0,,,,,379791.7479,5033782.807,45.43995456,-75.54143348,840
16--10114,2016/09/28,3:00 AM,FRANKTOWN RD btwn JOY'S RD & PERTH ST (__3AHTDV),__3AHTDV,01 - Non intersection,03 - P.D. only,07 - SMV other,01 - Clear,07 - Dark,01 - Dry,10 - No control,,1,0,0,0,,0,,,,,355445.4472,5005062.869,45.18371564,-75.85554595,841
16--10115,2016/09/28,3:30 PM,DONALD ST @ ST. LAURENT BLVD (0008630),8630,02 - Intersection related,03 - P.D. only,03 - Rear end,01 - Clear,01 - Daylight,01 - Dry,01 - Traffic signal,01 - Functioning,2,0,0,0,,0,,,,,372092.8847,5032471.343,45.42893805,-75.64001007,842
16--10116,2016/09/28,3:46 PM,SLATER ST btwn BANK ST & O'CONNOR ST (__3ZA35K),__3ZA35K,04 - At/near private drive,03 - P.D. only,99 - Other,01 - Clear,01 - Daylight,01 - Dry,10 - No control,,2,0,0,0,,0,,,,,367494.9549,5031399.363,45.41972,-75.69890116,843
16--10117,2016/09/28,3:47 PM,WEST HUNT CLUB RD @ ANTARES DR/LASER ST (0000116),116,02 - Intersection related,03 - P.D. only,03 - Rear end,01 - Clear,01 - Daylight,01 - Dry,01 - Traffic signal,01 - Functioning,2,0,0,0,,0,,,,,367108.063,5022080.989,45.33591008,-75.7050201,844
16--10118,2016/09/28,4:15 PM,BANK ST @ ORVILLE KEMP ST (0009254),9254,02 - Intersection related,03 - P.D. only,03 - Rear end,01 - Clear,01 - Daylight,01 - Dry,02 - Stop sign,00 - Unknown,2,0,0,0,,0,,,,,375213.2843,5021968.304,45.33412963,-75.60163479,845
16--10119,2016/09/28,5:35 PM,BENTLEY AVE @ SUNDERLAND ST (0005117),5117,03 - At intersection,03 - P.D. only,02 - Angle,01 - Clear,01 - Daylight,01 - Dry,02 - Stop sign,01 - Functioning,2,0,0,0,,0,,,,,366151.3587,5021837.596,45.33380436,-75.71725558,846
16--1012,2016/01/21,6:45 AM,HWY417 IC131 RAMP55 btwn HIGHWAY 417 & HWY416 IC75B RAMP25 (__3ZAYG7),__3ZAYG7,01 - Non intersection,03 - P.D. only,03 - Rear end,01 - Clear,07 - Dark,06 - Ice,10 - No control,,3,0,0,0,,0,,,,,358655.4906,5022895.916,45.34394251,-75.81276818,847
16--10120,2016/09/28,5:50 PM,ST. JOSEPH BLVD @ TENTH LINE RD (0009163),9163,02 - Intersection related,03 - P.D. only,03 - Rear end,01 - Clear,01 - Daylight,01 - Dry,01 - Traffic signal,01 - Functioning,2,0,0,0,,0,,,,,382891.632,5038665.211,45.4835428,-75.50104025,848
16--10121,2016/09/28,5:50 PM,HIGHWAY 417 btwn HWY417 IC123 RAMP62 & HWY417 IC122 RAMP16 (__3ZA2R9),__3ZA2R9,01 - Non intersection,03 - P.D. only,03 - Rear end,01 - Clear,01 - Daylight,01 - Dry,10 - No control,,2,0,0,0,,0,,,,,364874.2994,5028249.699,45.39160996,-75.73276783,849
16--10122,2016/09/28,6:37 PM,NELSON ST @ SOMERSET ST (0007312),7312,03 - At intersection,02 - Non-fatal injury,05 - Turning movement,01 - Clear,01 - Daylight,01 - Dry,02 - Stop sign,01 - Functioning,2,1,0,0,02 - Minor,1,,1,,,369095.3652,5031761.357,45.42283184,-75.6784064,850
16--10123,2016/09/28,6:45 AM,HIGHWAY 417 btwn HIGHWAY 417 & Continuation of HIGHWAY 417 (__3ZAZOB),__3ZAZOB,01 - Non intersection,03 - P.D. only,03 - Rear end,01 - Clear,03 - Dawn,01 - Dry,10 - No control,,2,0,0,0,,0,,,,,352984.9352,5020226.488,45.32033496,-75.88538367,851
16--10124,2016/09/28,6:45 PM,VIEWMOUNT DR @ MERIVALE RD (0001528),1528,02 - Intersection related,03 - P.D. only,03 - Rear end,01 - Clear,01 - Daylight,01 - Dry,01 - Traffic signal,01 - Functioning,2,0,0,0,,0,,,,,365192.0408,5022949.738,45.3438945,-75.72935807,852
16--10125,2016/09/28,6:46 PM,ROCKROSE WAY btwn BUNCHBERRY WAY & CREEKVIEW WAY (__8A9OPO),__8A9OPO,01 - Non intersection,02 - Non-fatal injury,07 - SMV other,01 - Clear,05 - Dusk,01 - Dry,10 - No control,,1,0,0,1,02 - Minor,1,,1,,,374131.308,5019626.356,45.31316537,-75.61576536,853
16--10126,2016/09/28,6:47 PM,HERON RD @ WALKLEY RD (0011256),11256,02 - Intersection related,03 - P.D. only,04 - Sideswipe,01 - Clear,01 - Daylight,01 - Dry,01 - Traffic signal,01 - Functioning,2,0,0,0,,0,,,,,372267.5657,5027084.236,45.38045037,-75.63851502,854
16--10127,2016/09/28,6:53 PM,REGIONAL ROAD 174 btwn OR174 IC112 RAMP51 & OR174 IC112 RAMP15 (__3ZA2XE),__3ZA2XE,01 - Non intersection,03 - P.D. only,07 - SMV other,01 - Clear,05 - Dusk,01 - Dry,10 - No control,,1,0,0,0,,0,,,,,374946.888,5032932.81,45.43280965,-75.60347512,855
16--10128,2016/09/28,6:59 PM,HIGHWAY 7 btwn HWY417 IC145 RAMP55 & RAMP (__7JQ7JU),__7JQ7JU,01 - Non intersection,03 - P.D. only,07 - SMV other,01 - Clear,01 - Daylight,01 - Dry,10 - No control,,1,0,0,0,,0,,,,,346304.4044,5013211.437,45.25763758,-75.97117923,856
16--10129,2016/09/28,7:29 AM,MEADOWGLEN DR @ WILLOWBARK DR/DES BROUSSAILLES (0003293),3293,03 - At intersection,03 - P.D. only,02 - Angle,01 - Clear,01 - Daylight,01 - Dry,02 - Stop sign,01 - Functioning,2,0,0,0,,0,,,,,379687.4111,5034628.353,45.44757334,-75.54263827,857
16--1013,2016/01/21,6:50 AM,HIGHWAY 417 btwn HWY417 IC129 RAMP25 & HWY417 IC129 RAMP35 (__3ZAYFR),__3ZAYFR,01 - Non intersection,03 - P.D. only,03 - Rear end,01 - Clear,07 - Dark,02 - Wet,10 - No control,,3,0,0,0,,0,,,,,360461.4265,5023529.819,45.34950539,-75.78965365,858
16--10130,2016/09/28,7:30 AM,HIGHWAY 417 btwn HWY417 IC115 RAMP36 & HWY417 IC115 RAMP26 (__3ZA2R4),__3ZA2R4,01 - Non intersection,03 - P.D. only,03 - Rear end,01 - Clear,01 - Daylight,01 - Dry,10 - No control,,2,0,0,0,,0,,,,,372492.6954,5031524.966,45.42038441,-75.6350312,859
16--10131,2016/09/28,7:39 PM,HAIG DR @ SMYTH RD (0007736),7736,03 - At intersection,03 - P.D. only,05 - Turning movement,01 - Clear,07 - Dark,01 - Dry,01 - Traffic signal,01 - Functioning,2,0,0,0,,0,,,,,372564.5054,5029299.207,45.40035109,-75.6344197,860
16--10132,2016/09/28,7:48 AM,FALLOWFIELD RD btwn RICHMOND RD & STEEPLE HILL CRES (__3ZA4Y4),__3ZA4Y4,01 - Non intersection,03 - P.D. only,07 - SMV other,01 - Clear,01 - Daylight,01 - Dry,10 - No control,,1,0,0,0,,0,,,,,358373.3161,5013979.421,45.26373256,-75.81733231,861
16--10133,2016/09/28,8:00 AM,ST. LAURENT BLVD btwn INDUSTRIAL AVE & BOURASSA ST (__3ZBOFB),__3ZBOFB,01 - Non intersection,03 - P.D. only,07 - SMV other,01 - Clear,01 - Daylight,01 - Dry,10 - No control,,1,0,0,0,,0,,,,,373214.9976,5029739.44,45.40424884,-75.62605062,862
16--10134,2016/09/28,8:02 PM,REGIONAL ROAD 174 btwn OR174 IC102 RAMP26 & REGIONAL ROAD 174 (__3ZA1SH),__3ZA1SH,01 - Non intersection,03 - P.D. only,04 - Sideswipe,01 - Clear,07 - Dark,01 - Dry,10 - No control,,2,0,0,0,,0,,,,,381573.5662,5038251.193,45.47996402,-75.51796335,863
16--10135,2016/09/28,8:05 AM,HIGHWAY 417 btwn HWY417 IC138 RAMP61 & HWY417 IC134 RAMP36 (__3ZA20I),__3ZA20I,01 - Non intersection,02 - Non-fatal injury,03 - Rear end,01 - Clear,01 - Daylight,01 - Dry,10 - No control,,2,0,0,0,02 - Minor,1,,1,,,353882.1686,5020805.135,45.32547957,-75.87388246,864
16--10136,2016/09/28,8:22 PM,EAGLESON RD @ PALOMINO DR S/ROTHESAY DR (0003134),3134,02 - Intersection related,03 - P.D. only,05 - Turning movement,01 - Clear,07 - Dark,01 - Dry,01 - Traffic signal,01 - Functioning,2,0,0,0,,0,,,,,354123.7515,5017290.671,45.29383881,-75.8711507,865
16--10137,2016/09/28,8:39 AM,BOYER RD @ ORLEANS BLVD (0004135),4135,03 - At intersection,02 - Non-fatal injury,02 - Angle,01 - Clear,01 - Daylight,01 - Dry,02 - Stop sign,01 - Functioning,3,0,0,0,01 - Minimal,1,1,,,,380977.5269,5035508.348,45.45535143,-75.52601151,866
16--10138,2016/09/28,8:45 AM,KNOTRIDGE ST btwn ROLLING MEADOW CRES & SPRING VALLEY DR (__67PTLQ),__67PTLQ,04 - At/near private drive,03 - P.D. only,06 - SMV unattended vehicle,01 - Clear,01 - Daylight,01 - Dry,10 - No control,,1,0,0,0,,0,,,,,381943.38,5032522.947,45.42838524,-75.51413213,867
16--10139,2016/09/28,8:52 AM,MONTREAL RD @ VANIER PKWY (0004630),4630,02 - Intersection related,03 - P.D. only,03 - Rear end,01 - Clear,01 - Daylight,01 - Dry,01 - Traffic signal,01 - Functioning,2,0,0,0,,0,,,,,370072.6329,5033067.036,45.43448931,-75.66574673,868
16--1014,2016/01/21,6:54 PM,BASELINE RD btwn COLLEGE SQUARE SC & WOODROFFE AVE (__3ZAZDQA),__3ZAZDQA,01 - Non intersection,03 - P.D. only,03 - Rear end,01 - Clear,07 - Dark,01 - Dry,10 - No control,,2,0,0,0,,0,,,,,362654.3465,5023831.259,45.35204025,-75.76163482,869
16--10140,2016/09/28,8:59 AM,CYRVILLE RD @ LABRIE AVE (0012383),12383,02 - Intersection related,03 - P.D. only,03 - Rear end,01 - Clear,01 - Daylight,01 - Dry,02 - Stop sign,00 - Unknown,2,0,0,0,,0,,,,,373402.5513,5031681.144,45.421701,-75.62338479,870
16--10141,2016/09/28,9:00 PM,HUNTERSWOOD CRES btwn FOLKWAY GT (2) & HUNTERSWOOD CRES (__3ZBOAI),__3ZBOAI,01 - Non intersection,03 - P.D. only,06 - SMV unattended vehicle,01 - Clear,07 - Dark,01 - Dry,10 - No control,,1,0,0,0,,0,,,,,375118.6519,5026780.629,45.37743829,-75.60215749,871
16--10142,2016/09/28,9:17 AM,BANK ST btwn CLEMOW AVE & GLEBE AVE (__3ZA3O0),__3ZA3O0,01 - Non intersection,03 - P.D. only,04 - Sideswipe,01 - Clear,01 - Daylight,01 - Dry,10 - No control,,2,0,0,0,,0,,,,,368230.9291,5029805.129,45.40530927,-75.68970319,872
16--10143,2016/09/28,9:40 PM,NELSON ST @ STEWART ST (0008624),8624,03 - At intersection,03 - P.D. only,02 - Angle,01 - Clear,07 - Dark,01 - Dry,02 - Stop sign,01 - Functioning,2,0,0,0,,0,,,,,368771.1032,5032289.025,45.42760934,-75.68248101,873
16--10144,2016/09/29,1:36 PM,CARP RD @ HAZELDEAN RD (0000086),86,02 - Intersection related,03 - P.D. only,03 - Rear end,01 - Clear,01 - Daylight,01 - Dry,01 - Traffic signal,01 - Functioning,2,0,0,0,,0,,,,,348804.5759,5014360.022,45.26782105,-75.9392235,874
16--10145,2016/09/29,10:00 AM,CENTREPOINTE DR @ HEMMINGWOOD WAY E (0001025),1025,02 - Intersection related,03 - P.D. only,03 - Rear end,01 - Clear,01 - Daylight,01 - Dry,02 - Stop sign,00 - Unknown,2,0,0,0,,0,,,,,362327.5183,5023203.488,45.34641849,-75.76587864,875
16--10146,2016/09/29,10:30 AM,PRINCE OF WALES DR @ SANFORD AVE (0003133),3133,03 - At intersection,03 - P.D. only,03 - Rear end,01 - Clear,01 - Daylight,01 - Dry,02 - Stop sign,00 - Unknown,2,0,0,0,,0,,,,,366806.3656,5026129.775,45.37236699,-75.70836126,876
16--10147,2016/09/29,10:36 AM,ALTA VISTA DR @ SMYTH RD (0011353),11353,03 - At intersection,03 - P.D. only,05 - Turning movement,01 - Clear,01 - Daylight,01 - Dry,01 - Traffic signal,01 - Functioning,2,0,0,0,,0,,,,,370432.4964,5029081.777,45.39859785,-75.66167857,877
16--10148,2016/09/29,11:15 PM,BRONSON AVE @ CARLING AVE/GLEBE AVE (0002134),2134,02 - Intersection related,03 - P.D. only,04 - Sideswipe,01 - Clear,07 - Dark,01 - Dry,01 - Traffic signal,00 - Unknown,2,0,0,0,,0,,,,,367447.5611,5029335.664,45.40115571,-75.69976896,878
16--10149,2016/09/29,11:32 AM,ELGIN ST @ GILMOUR ST (0006953),6953,02 - Intersection related,02 - Non-fatal injury,99 - Other,01 - Clear,01 - Daylight,01 - Dry,01 - Traffic signal,01 - Functioning,2,1,0,0,01 - Minimal,1,1,,,,368252.9404,5031054.373,45.41654756,-75.68926123,879
16--1015,2016/01/21,7:00 PM,MERIVALE RD @ MORISSET AVE (0002729),2729,03 - At intersection,02 - Non-fatal injury,02 - Angle,01 - Clear,07 - Dark,02 - Wet,02 - Stop sign,01 - Functioning,2,0,0,0,01 - Minimal,2,2,,,,364867.3594,5026492.747,45.37580184,-75.73307025,880
16--10150,2016/09/29,11:46 AM,PRESTON ST btwn GLADSTONE AVE & LOUISA ST (__3ZA31P),__3ZA31P,01 - Non intersection,03 - P.D. only,03 - Rear end,01 - Clear,01 - Daylight,01 - Dry,10 - No control,,2,0,0,0,,0,,,,,366509.5818,5029668.666,45.40423528,-75.71170745,881
16--10151,2016/09/29,11:55 AM,CHURCHILL AVE @ CLARE ST/PRINCETON AVE (0006255),6255,02 - Intersection related,03 - P.D. only,01 - Approaching,01 - Clear,01 - Daylight,01 - Dry,01 - Traffic signal,01 - Functioning,2,0,0,0,,0,,,,,363460.882,5027751.371,45.38724591,-75.7508768,882
16--10152,2016/09/29,11:58 PM,ALPINE AVE @ CARLING AVE (0011382),11382,02 - Intersection related,03 - P.D. only,05 - Turning movement,01 - Clear,07 - Dark,01 - Dry,01 - Traffic signal,01 - Functioning,2,0,0,0,,0,,,,,360496.4575,5024942.738,45.36221601,-75.78904744,883
16--10153,2016/09/29,Unknown,WILLOWMERE WAY btwn CREEKVIEW WAY/MANORWOOD CRES & HAZELNUT CRES (__727TFH),__727TFH,01 - Non intersection,03 - P.D. only,06 - SMV unattended vehicle,01 - Clear,00 - Unknown,01 - Dry,10 - No control,,1,0,0,0,,0,,,,,374096.121,5019509.076,45.31211359,-75.61623048,884
16--10154,2016/09/29,Unknown,FOXFIELD DR btwn KADEER WAY & FALK AVE (__3ZABLO),__3ZABLO,01 - Non intersection,03 - P.D. only,06 - SMV unattended vehicle,01 - Clear,00 - Unknown,01 - Dry,10 - No control,,1,0,0,0,,0,,,,,363420.825,5016241.124,45.2836809,-75.75275173,885
16--10155,2016/09/29,Unknown,WELLINGTON ST btwn METCALFE ST & ELGIN ST (__3ZA4SP),__3ZA4SP,01 - Non intersection,03 - P.D. only,06 - SMV unattended vehicle,01 - Clear,00 - Unknown,01 - Dry,10 - No control,,1,0,0,0,,0,,,,,367626.7236,5031855.843,45.42381544,-75.69715941,886
16--10156,2016/09/29,Unknown,BREEZEHILL AVE   N btwn SOMERSET ST W & LAUREL ST (__3ZAAIA),__3ZAAIA,01 - Non intersection,03 - P.D. only,06 - SMV unattended vehicle,01 - Clear,00 - Unknown,01 - Dry,10 - No control,,1,0,0,0,,0,,,,,366002.0906,5029739.927,45.40492102,-75.71818081,887
16--10157,2016/09/29,12:06 PM,MOODIE DR @ WEST HUNT CLUB RD (0010414),10414,02 - Intersection related,03 - P.D. only,03 - Rear end,01 - Clear,01 - Daylight,01 - Dry,01 - Traffic signal,01 - Functioning,2,0,0,0,,0,,,,,357905.9954,5018496.385,45.30441231,-75.8228034,888
16--10158,2016/09/29,2:53 PM,HWY417 IC121A RAMP51 btwn HIGHWAY 417 & BRONSON AVE (__3ZAY9V),__3ZAY9V,01 - Non intersection,03 - P.D. only,04 - Sideswipe,01 - Clear,01 - Daylight,01 - Dry,10 - No control,,2,0,0,0,,0,,,,,367082.1541,5029662.899,45.40413268,-75.70439472,889
16--10159,2016/09/29,2:56 PM,CARLING AVE @ KIRKWOOD AVE S (0002209),2209,03 - At intersection,03 - P.D. only,05 - Turning movement,01 - Clear,01 - Daylight,01 - Dry,01 - Traffic signal,01 - Functioning,2,0,0,0,,0,,,,,364353.3274,5027339.137,45.38346139,-75.73953065,890
16--1016,2016/01/21,7:01 AM,EAGLESON RD btwn FAULKNER TR & FALLOWFIELD RD (__3ZA410),__3ZA410,01 - Non intersection,02 - Non-fatal injury,03 - Rear end,01 - Clear,03 - Dawn,01 - Dry,10 - No control,,2,0,0,0,01 - Minimal,1,1,,,,355924.43,5012687.529,45.25229007,-75.84866853,891
16--10160,2016/09/29,3:00 PM,LONGFIELDS DR btwn DEERCROFT AVE & STRANDHERD DR (__4VGUPF),__4VGUPF,01 - Non intersection,03 - P.D. only,02 - Angle,01 - Clear,01 - Daylight,01 - Dry,10 - No control,,2,0,0,0,,0,,,,,364532.2177,5015202.539,45.27424216,-75.73871087,892
16--10161,2016/09/29,3:03 PM,HIGHWAY 417 btwn HWY417 IC124 RAMP57 & HWY417 IC124 RAMP55 (__3ZA2Y1),__3ZA2Y1,01 - Non intersection,03 - P.D. only,04 - Sideswipe,01 - Clear,01 - Daylight,01 - Dry,10 - No control,,2,0,0,0,,0,,,,,364124.1523,5027104.266,45.38136751,-75.74248508,893
16--10162,2016/09/29,3:03 PM,HIGHWAY 417 btwn HWY417 IC124 RAMP57 & HWY417 IC124 RAMP55 (__3ZA2Y1),__3ZA2Y1,01 - Non intersection,03 - P.D. only,03 - Rear end,01 - Clear,01 - Daylight,01 - Dry,10 - No control,,3,0,0,0,,0,,,,,364118.6079,5027097.542,45.38130747,-75.74255668,894
16--10163,2016/09/29,3:55 PM,SOMERSET ST @ EMPRESS AVE (0006352),6352,03 - At intersection,03 - P.D. only,05 - Turning movement,01 - Clear,01 - Daylight,01 - Dry,01 - Traffic signal,01 - Functioning,2,0,0,0,,0,,,,,366739.723,5030348.746,45.41033412,-75.70868242,895
16--10164,2016/09/29,4:11 PM,BRIAN COBURN BLVD @ STRASBOURG ST (0013501),13501,03 - At intersection,03 - P.D. only,03 - Rear end,01 - Clear,01 - Daylight,01 - Dry,02 - Stop sign,01 - Functioning,3,0,0,0,,0,,,,,384046.5521,5034850.028,45.44908715,-75.48688377,896
16--10165,2016/09/29,4:26 PM,HIGHWAY 417 btwn HWY417 IC115 RAMP51 & HWY417 IC115 RAMP35 (__3ZAZEB),__3ZAZEB,01 - Non intersection,03 - P.D. only,04 - Sideswipe,01 - Clear,01 - Daylight,01 - Dry,10 - No control,,2,0,0,0,,0,,,,,372427.2556,5031494.846,45.42011974,-75.63587142,897
16--10166,2016/09/29,4:30 PM,RIVERSIDE DR @ BROOKFIELD RD/HOG'S BACK RD (0001627),1627,02 - Intersection related,02 - Non-fatal injury,03 - Rear end,01 - Clear,01 - Daylight,01 - Dry,01 - Traffic signal,01 - Functioning,3,0,0,0,02 - Minor,2,,2,,,368167.711,5026222.254,45.37307732,-75.69097075,898
16--10167,2016/09/29,4:39 PM,COLONNADE RD @ PRINCE OF WALES DR (0005249),5249,03 - At intersection,03 - P.D. only,05 - Turning movement,01 - Clear,01 - Daylight,01 - Dry,01 - Traffic signal,01 - Functioning,3,0,0,0,,0,,,,,367394.4921,5023266.736,45.34655371,-75.70121593,899
16--10168,2016/09/29,5:20 PM,HIGHWAY 417 btwn HWY417 IC126 RAMP61 & HWY417 IC124 RAMP76 (__3ZA2Y2),__3ZA2Y2,01 - Non intersection,03 - P.D. only,03 - Rear end,01 - Clear,01 - Daylight,01 - Dry,10 - No control,,2,0,0,0,,0,,,,,363192.825,5025912.335,45.37072091,-75.75451719,900
16--108,2016/01/04,4:42 PM,LAFONTAINE AVE @ MCARTHUR AVE (0009806),9806,02 - Intersection related,03 - P.D. only,07 - SMV other,01 - Clear,05 - Dusk,01 - Dry,01 - Traffic signal,01 - Functioning,1,0,0,0,,0,,,,,370949.2531,5032771.803,45.43175056,-75.65458348,901
16--1080,2016/01/22,7:41 PM,COOPER ST @ O'CONNOR ST (0006954),6954,03 - At intersection,03 - P.D. only,04 - Sideswipe,02 - Rain,07 - Dark,02 - Wet,02 - Stop sign,01 - Functioning,2,0,0,0,,0,,,,,367808.4865,5031085.571,45.41686844,-75.69493546,902
16--10800,2016/10/17,9:30 AM,SEVERN AVE btwn ARKELL ST & CONNAUGHT AVE (__3ZABUF),__3ZABUF,04 - At/near private drive,03 - P.D. only,05 - Turning movement,01 - Clear,01 - Daylight,01 - Dry,10 - No control,,2,0,0,0,,0,,,,,360994.7171,5024358.377,45.35691819,-75.78275421,903
16--10801,2016/10/18,1:36 PM,VIEWMOUNT DR @ MERIVALE RD (0001528),1528,02 - Intersection related,03 - P.D. only,03 - Rear end,01 - Clear,01 - Daylight,01 - Dry,01 - Traffic signal,01 - Functioning,3,0,0,0,,0,,,,,365192.8689,5022948.081,45.34387952,-75.7293477,904
16--10802,2016/10/18,10:03 PM,ENTERPRISE AVE @ MERIVALE RD (0000589),589,03 - At intersection,03 - P.D. only,05 - Turning movement,01 - Clear,07 - Dark,01 - Dry,01 - Traffic signal,01 - Functioning,2,0,0,0,,0,,,,,365829.9197,5021417.829,45.33005539,-75.721408,905
16--10803,2016/10/18,10:06 AM,BEECHWOOD AVE @ MARIER AVE/PUTMAN AVE (0007195),7195,02 - Intersection related,02 - Non-fatal injury,03 - Rear end,01 - Clear,01 - Daylight,02 - Wet,01 - Traffic signal,01 - Functioning,2,0,0,0,01 - Minimal,1,1,,,,369606.5347,5033906.351,45.44208447,-75.67159282,906
16--10804,2016/10/18,10:06 PM,BRONSON AVE @ FIFTH AVE/MADAWASKA DR (0006977),6977,03 - At intersection,02 - Non-fatal injury,07 - SMV other,01 - Clear,07 - Dark,01 - Dry,01 - Traffic signal,01 - Functioning,1,0,0,1,02 - Minor,1,,1,,,367614.5409,5028937.311,45.39755648,-75.69768698,907
16--10805,2016/10/18,10:20 AM,RIVERSIDE DR @ SMYTH RD NORTH SIDE RAMP (0011479),11479,02 - Intersection related,03 - P.D. only,05 - Turning movement,01 - Clear,01 - Daylight,01 - Dry,01 - Traffic signal,01 - Functioning,2,0,0,0,,0,,,,,369936.542,5029315.853,45.4007503,-75.66798179,908
16--10806,2016/10/18,10:35 PM,CARTWRIGHT RD btwn VICTORIA ST & BOUNDARY RD (__3ZA3XD),__3ZA3XD,01 - Non intersection,02 - Non-fatal injury,07 - SMV other,01 - Clear,07 - Dark,01 - Dry,10 - No control,,1,0,0,0,03 - Major,1,,,1,,390490.9313,5014348.59,45.26387491,-75.40806474,909
16--10807,2016/10/18,11:00 AM,HAZELDEAN RD btwn TERRY FOX DR & EDGEWATER ST (__3ZA3DL),__3ZA3DL,04 - At/near private drive,02 - Non-fatal injury,02 - Angle,01 - Clear,01 - Daylight,01 - Dry,10 - No control,,2,1,0,0,02 - Minor,1,,1,,,352217.9293,5017251.891,45.29362105,-75.89545115,910
16--10808,2016/10/18,11:18 AM,HUNTLEY RD @ FALLOWFIELD RD (0000089),89,03 - At intersection,03 - P.D. only,02 - Angle,01 - Clear,01 - Daylight,01 - Dry,02 - Stop sign,01 - Functioning,2,0,0,0,,0,,,,,352402.7248,5009615.527,45.22489418,-75.89382687,911
16--10809,2016/10/18,11:49 PM,BANK ST btwn RIVERSIDE DR & BILLINGS TRANSIT (__3ZA3NMA),__3ZA3NMA,01 - Non intersection,02 - Non-fatal injury,07 - SMV other,01 - Clear,07 - Dark,01 - Dry,10 - No control,,1,0,0,1,03 - Major,1,,,1,,369445.0302,5027741.285,45.38662842,-75.67446574,912
16--1081,2016/01/22,7:45 AM,HIGHWAY 417 btwn HWY417 IC118 RAMP76 & HWY417 IC118 RAMP67 (__3ZA2YR),__3ZA2YR,01 - Non intersection,03 - P.D. only,03 - Rear end,01 - Clear,"04 - Dawn, artificial",01 - Dry,10 - No control,,2,0,0,0,,0,,,,,369463.4565,5031060.431,45.41649125,-75.67379526,913
16--10810,2016/10/18,12:42 PM,MERIVALE RD @ WOODWARD AVE (0006748),6748,03 - At intersection,03 - P.D. only,02 - Angle,01 - Clear,01 - Daylight,01 - Dry,02 - Stop sign,01 - Functioning,2,0,0,0,,0,,,,,364854.4799,5027066.445,45.38096497,-75.73316491,914
16--10811,2016/10/18,2:43 PM,HOG'S BACK RD btwn PRINCE OF WALES DR & COLONEL BY DR (__3ZA22U),__3ZA22U,01 - Non intersection,03 - P.D. only,04 - Sideswipe,01 - Clear,01 - Daylight,01 - Dry,10 - No control,,2,0,0,0,,0,,,,,367381.065,5025699.165,45.36844138,-75.70107931,915
16--10812,2016/10/18,2:46 PM,HAWTHORNE AVE/ISABELLA ST @ QUEEN ELIZABETH DR (0002105),2105,03 - At intersection,02 - Non-fatal injury,02 - Angle,01 - Clear,01 - Daylight,01 - Dry,01 - Traffic signal,01 - Functioning,2,0,0,0,01 - Minimal,1,1,,,,368665.0529,5030476.353,45.41130924,-75.6840711,916
16--10813,2016/10/18,2:48 PM,DUNNING RD btwn FRENCH HILL RD & INNES RD (__3ZBOGY),__3ZBOGY,04 - At/near private drive,03 - P.D. only,05 - Turning movement,01 - Clear,01 - Daylight,01 - Dry,10 - No control,,2,0,0,0,,0,,,,,392172.2828,5038108.429,45.47743373,-75.38244136,917
16--10814,2016/10/18,3:45 PM,HUNT CLUB RD btwn GIBFORD DR & UPLANDS DR (__3ZA36J),__3ZA36J,01 - Non intersection,03 - P.D. only,03 - Rear end,01 - Clear,01 - Daylight,01 - Dry,10 - No control,,3,0,0,0,,0,,,,,370070.5988,5023070.56,45.34454465,-75.6670949,918