Anom_ID,Accident_Date,Accident_Time,Location,Geo_ID,Accident_Location,Classification_of_Accident,Initial_Impact_Type,Environment_Condition,Light,Road_Surface_Condition,Traffic_Control,Traffic_Control_Condition,No__of_Vehicles,No__of_Bicycles,No__of_Motorcycles,No__of_Pedestrians,Max_Injury,No__of_Injuries,No__of_Minimal,No__of_Minor,No__of_Major,No__of_Fatal,X,Y,Latitude,Longitude,ObjectId
16--10815,2016/10/18,4:17 PM,CARILLON ST @ HANNAH ST (0010006),10006,03 - At intersection,03 - P.D. only,02 - Angle,01 - Clear,01 - Daylight,01 - Dry,02 - Stop sign,01 - Functioning,2,0,0,0,,0,,,,,370154.6067,5033390.374,45.43739091,-75.6646562,919
16--10816,2016/10/18,4:20 PM,AIRPORT PKWY @ HUNT CLUB RD (0010856),10856,02 - Intersection related,03 - P.D. only,03 - Rear end,02 - Rain,01 - Daylight,02 - Wet,01 - Traffic signal,01 - Functioning,2,0,0,0,,0,,,,,371018.528,5023705.069,45.35016492,-75.65491492,920
16--10817,2016/10/18,4:28 PM,MERRITT AVE btwn MCGILLIVRAY ST & MCNAUGHTON AVE (__3ZA93X),__3ZA93X,01 - Non intersection,03 - P.D. only,06 - SMV unattended vehicle,01 - Clear,01 - Daylight,01 - Dry,10 - No control,,1,0,0,0,,0,,,,,369262.7259,5029760.952,45.40481752,-75.67652966,921
16--10818,2016/10/18,4:32 PM,TENTH LINE RD btwn ST. JOSEPH BLVD & OLD TENTH LINE RD (__3ZA1TE),__3ZA1TE,01 - Non intersection,02 - Non-fatal injury,03 - Rear end,01 - Clear,01 - Daylight,01 - Dry,10 - No control,,3,0,0,0,01 - Minimal,2,2,,,,382934.6961,5038580.739,45.48277798,-75.50050289,922
16--10819,2016/10/18,6:00 PM,QUEEN ST btwn BANK ST & O'CONNOR ST (__3ZA2FQ),__3ZA2FQ,01 - Non intersection,03 - P.D. only,04 - Sideswipe,01 - Clear,01 - Daylight,01 - Dry,10 - No control,,2,0,0,0,,0,,,,,367427.2621,5031543.243,45.42102065,-75.69974775,923
16--1082,2016/01/22,7:55 PM,MARCH RD btwn GOLDEN LINE RD & BURNT LANDS RD (__3ZA2QG),__3ZA2QG,01 - Non intersection,03 - P.D. only,07 - SMV other,01 - Clear,07 - Dark,02 - Wet,10 - No control,,1,0,0,0,,0,,,,,332105.9462,5012842.291,45.2550101,-76.15210235,924
16--10820,2016/10/18,7:06 PM,COPE DR @ TERRY FOX (0009143),9143,02 - Intersection related,03 - P.D. only,03 - Rear end,01 - Clear,07 - Dark,01 - Dry,01 - Traffic signal,01 - Functioning,2,0,0,0,,0,,,,,353994.7856,5015345.722,45.27634675,-75.87298767,925
16--10821,2016/10/18,7:35 AM,HIGHWAY 416 btwn HWY416 IC75A RAMP26 & HWY416 IC72 RAMP62 (__3ZAZLF),__3ZAZLF,01 - Non intersection,02 - Non-fatal injury,05 - Turning movement,01 - Clear,01 - Daylight,02 - Wet,10 - No control,,2,0,0,0,02 - Minor,1,,1,,,359185.6666,5020905.965,45.32599596,-75.80622196,926
16--10822,2016/10/18,7:40 AM,HIGHWAY 417 btwn HWY417 IC117 RAMP36 & HWY417 IC117 RAMP26 (__3ZAZE0),__3ZAZE0,01 - Non intersection,03 - P.D. only,03 - Rear end,01 - Clear,01 - Daylight,01 - Dry,10 - No control,,2,0,0,0,,0,,,,,370756.5516,5031197.874,45.41760721,-75.65725677,927
16--10823,2016/10/18,7:45 AM,HIGHWAY 417 btwn HWY417 IC117 RAMP26 & HWY417 IC117 RAMP61 (__3ZA2YM),__3ZA2YM,01 - Non intersection,03 - P.D. only,03 - Rear end,01 - Clear,01 - Daylight,02 - Wet,10 - No control,,3,0,0,0,,0,,,,,370942.6086,5031271.512,45.41825221,-75.65486985,928
16--10824,2016/10/18,7:49 AM,MOODIE DR @ ROBERTSON RD (0010545),10545,03 - At intersection,02 - Non-fatal injury,02 - Angle,01 - Clear,01 - Daylight,02 - Wet,01 - Traffic signal,01 - Functioning,2,0,0,0,01 - Minimal,1,1,,,,357066.4326,5020454.819,45.32209751,-75.833302,929
16--10825,2016/10/18,7:56 AM,REGIONAL ROAD 174 btwn Continuation of REGIONAL ROAD 174 & OR174 IC112 (__3ZA2YI),__3ZA2YI,01 - Non intersection,03 - P.D. only,03 - Rear end,01 - Clear,01 - Daylight,02 - Wet,10 - No control,,2,0,0,0,,0,,,,,374384.2639,5032533.342,45.42927167,-75.61072142,930
16--10826,2016/10/18,7:58 AM,BAYSHORE DR @ RICHMOND RD (0010407),10407,02 - Intersection related,03 - P.D. only,07 - SMV other,01 - Clear,01 - Daylight,02 - Wet,01 - Traffic signal,01 - Functioning,1,0,0,0,,0,,,,,359371.0289,5023367.284,45.34812859,-75.80358611,931
16--10827,2016/10/18,8:10 AM,COBOURG ST @ OLD ST. PATRICK ST (0007613),7613,02 - Intersection related,03 - P.D. only,04 - Sideswipe,02 - Rain,01 - Daylight,02 - Wet,02 - Stop sign,01 - Functioning,2,0,0,0,,0,,,,,368820.4862,5033173.373,45.43556185,-75.681735,932
16--10828,2016/10/18,8:18 AM,INDUSTRIAL AVE btwn NEIGHBORHOOD WAY & TRAINYARDS DR (__6N4VKM),__6N4VKM,04 - At/near private drive,03 - P.D. only,02 - Angle,02 - Rain,01 - Daylight,02 - Wet,10 - No control,,2,0,0,0,,0,,,,,371233.8853,5030539.632,45.41163946,-75.65124716,933
16--10829,2016/10/18,8:18 PM,ANALDEA DR/ WHITE ALDER AVE @ BANK ST (0009265),9265,02 - Intersection related,03 - P.D. only,03 - Rear end,02 - Rain,07 - Dark,02 - Wet,01 - Traffic signal,01 - Functioning,2,0,0,0,,0,,,,,375698.5781,5020813.075,45.3236865,-75.5956094,934
16--1083,2016/01/22,8:09 PM,DALHOUSIE ST @ MURRAY ST (0008241),8241,02 - Intersection related,03 - P.D. only,99 - Other,01 - Clear,07 - Dark,01 - Dry,01 - Traffic signal,01 - Functioning,2,0,0,0,,0,,,,,368000.4796,5032572.936,45.43023393,-75.69229177,935
16--10830,2016/10/18,8:20 AM,BRONSON AVE/BRONSON/HERON RAMP 35 @ HERON RD (0002386),2386,02 - Intersection related,03 - P.D. only,03 - Rear end,02 - Rain,01 - Daylight,02 - Wet,01 - Traffic signal,00 - Unknown,2,0,0,0,,0,,,,,368642.0159,5026698.153,45.37731627,-75.68485429,936
16--10831,2016/10/18,8:30 AM,HIGHWAY 417 btwn HWY417 IC119B RAMP76 & HWY417 IC119A RAMP67 (__3ZA2YT),__3ZA2YT,01 - Non intersection,03 - P.D. only,04 - Sideswipe,01 - Clear,01 - Daylight,01 - Dry,10 - No control,,2,0,0,0,,0,,,,,368573.8301,5030526.927,45.41177261,-75.68522988,937
16--10832,2016/10/18,8:39 AM,BATHGATE DR @ DES PIONNIERS PRIV (0009134),9134,03 - At intersection,03 - P.D. only,05 - Turning movement,01 - Clear,01 - Daylight,02 - Wet,02 - Stop sign,01 - Functioning,2,0,0,0,,0,,,,,373477.0645,5033759.921,45.44039746,-75.62214283,938
16--10833,2016/10/18,8:40 AM,ST. JOSEPH BLVD @ JEANNE D'ARC BLVD (0012421),12421,03 - At intersection,03 - P.D. only,02 - Angle,01 - Clear,01 - Daylight,01 - Dry,11 - Roundabout,01 - Functioning,2,0,0,0,,0,,,,,379861.8784,5036470.508,45.46412894,-75.54012702,939
16--10834,2016/10/18,8:40 PM,HOLLAND AVE btwn TYNDALL ST & 95 N OF SHERWOOD DR/FISHER PARK HS (__3ZA4PHB),__3ZA4PHB,01 - Non intersection,03 - P.D. only,07 - SMV other,02 - Rain,07 - Dark,02 - Wet,10 - No control,,1,0,0,0,,0,,,,,365065.2179,5028846.34,45.39696201,-75.73025688,940
16--10835,2016/10/18,8:41 PM,HUNT CLUB RD @ LORRY GREENBERG DR/SABLE RIDGE  (0008203),8203,03 - At intersection,02 - Non-fatal injury,03 - Rear end,01 - Clear,07 - Dark,01 - Dry,01 - Traffic signal,02 - Not functioning,2,0,0,0,01 - Minimal,2,2,,,,372825.0382,5024807.519,45.35991146,-75.63171106,941
16--10836,2016/10/18,8:56 AM,RIVERSIDE DR @ BROOKFIELD RD/HOG'S BACK RD (0001627),1627,02 - Intersection related,03 - P.D. only,03 - Rear end,01 - Clear,01 - Daylight,01 - Dry,01 - Traffic signal,01 - Functioning,2,0,0,0,,0,,,,,368167.711,5026222.107,45.37307599,-75.69097077,942
16--10837,2016/10/18,9:31 PM,GARDENWAY DR @ PORTOBELLO BLVD (0009174),9174,02 - Intersection related,03 - P.D. only,03 - Rear end,01 - Clear,07 - Dark,02 - Wet,02 - Stop sign,01 - Functioning,2,0,0,0,,0,,,,,385377.4324,5037307.95,45.47104901,-75.46946925,943
16--10838,2016/10/18,9:58 PM,BLACKBURN BYPASS @ INNES RD W (0009340),9340,03 - At intersection,03 - P.D. only,05 - Turning movement,01 - Clear,07 - Dark,01 - Dry,01 - Traffic signal,01 - Functioning,2,0,0,0,,0,,,,,377184.4674,5032179.287,45.4258019,-75.57499179,944
16--10839,2016/10/19,1:50 PM,HUNTMAR DR @ MAPLE GROVE RD (0003119),3119,02 - Intersection related,03 - P.D. only,03 - Rear end,01 - Clear,01 - Daylight,01 - Dry,01 - Traffic signal,01 - Functioning,2,0,0,0,,0,,,,,350267.605,5016713.039,45.2889012,-75.92036465,945
16--1084,2016/01/22,8:11 AM,MERIVALE RD @ WOODFIELD DR/ROYDON PL (0009776),9776,03 - At intersection,02 - Non-fatal injury,07 - SMV other,01 - Clear,01 - Daylight,01 - Dry,01 - Traffic signal,01 - Functioning,1,0,0,1,02 - Minor,1,,1,,,365462.7011,5022298.124,45.33800801,-75.72598448,946
16--10840,2016/10/19,10:53 AM,MONTREAL RD @ NORTH RIVER RD (0009805),9805,03 - At intersection,02 - Non-fatal injury,07 - SMV other,01 - Clear,01 - Daylight,01 - Dry,01 - Traffic signal,01 - Functioning,1,0,0,1,01 - Minimal,1,1,,,,369739.7087,5032887.999,45.4329094,-75.67002502,947
16--10841,2016/10/19,10:58 AM,GREENBANK RD @ LISA AVE (0002753),2753,02 - Intersection related,03 - P.D. only,03 - Rear end,01 - Clear,01 - Daylight,01 - Dry,01 - Traffic signal,01 - Functioning,2,0,0,0,,0,,,,,360555.1657,5022893.496,45.34377232,-75.78852919,948
16--10842,2016/10/19,11:45 AM,KILBIRNIE DR btwn BLACKLEAF DR & CAIRNSMORE CIRC (__51NJTM),__51NJTM,04 - At/near private drive,03 - P.D. only,99 - Other,01 - Clear,01 - Daylight,01 - Dry,10 - No control,,2,0,0,0,,0,,,,,365377.1336,5012720.856,45.25183971,-75.72824599,949
16--10843,2016/10/19,Unknown,LYNDA LANE btwn BILLINGS AVE & SMYTH RD (__3ZA9JG),__3ZA9JG,01 - Non intersection,03 - P.D. only,06 - SMV unattended vehicle,01 - Clear,00 - Unknown,01 - Dry,10 - No control,,1,0,0,0,,0,,,,,371581.0806,5029097.552,45.39863118,-75.64700723,950
16--10844,2016/10/19,Unknown,MELROSE AVE btwn RUSKIN ST & CARLING AVE (__3ZA0KJ),__3ZA0KJ,01 - Non intersection,03 - P.D. only,06 - SMV unattended vehicle,01 - Clear,00 - Unknown,01 - Dry,10 - No control,,1,0,0,0,,0,,,,,365939.6394,5028461.241,45.39342117,-75.71913701,951
16--10845,2016/10/19,12:03 PM,WEST HUNT CLUB RD @ ANTARES DR/LASER ST (0000116),116,02 - Intersection related,03 - P.D. only,04 - Sideswipe,01 - Clear,01 - Daylight,01 - Dry,01 - Traffic signal,01 - Functioning,2,0,0,0,,0,,,,,367107.1162,5022081.858,45.33591798,-75.70503207,952
16--10846,2016/10/19,12:08 PM,BEVERLY ST @ STITTSVILLE MAIN ST (0000083),83,03 - At intersection,03 - P.D. only,03 - Rear end,01 - Clear,01 - Daylight,01 - Dry,01 - Traffic signal,01 - Functioning,2,0,0,0,,0,,,,,349845.2399,5013824.182,45.26293349,-75.92601095,953
16--10847,2016/10/19,12:30 PM,SMYTH RD @ RIVERSIDE HOSPITAL (0009069),9069,02 - Intersection related,02 - Non-fatal injury,03 - Rear end,01 - Clear,01 - Daylight,01 - Dry,01 - Traffic signal,01 - Functioning,2,0,0,0,01 - Minimal,1,1,,,,369988.7082,5029118.898,45.39897331,-75.66734155,954
16--10848,2016/10/19,12:53 PM,CARLING AVE btwn MARCH RD & SCHNEIDER RD (__3ZA42E),__3ZA42E,04 - At/near private drive,02 - Non-fatal injury,03 - Rear end,01 - Clear,01 - Daylight,01 - Dry,10 - No control,,2,0,0,0,02 - Minor,1,,1,,,351134.6283,5022193.002,45.33815466,-75.90879966,955
16--10849,2016/10/19,2:00 PM,BESSERER ST @ WALLER ST (0008859),8859,03 - At intersection,03 - P.D. only,05 - Turning movement,01 - Clear,01 - Daylight,01 - Dry,01 - Traffic signal,01 - Functioning,2,0,0,0,,0,,,,,368315.7138,5032192.636,45.42678356,-75.6883125,956
16--1085,2016/01/22,8:15 AM,BANK ST @ SNAKE ISLAND RD/VICTORIA ST (0001080),1080,02 - Intersection related,03 - P.D. only,03 - Rear end,01 - Clear,01 - Daylight,01 - Dry,01 - Traffic signal,01 - Functioning,2,0,0,0,,0,,,,,383696.5688,5010122.066,45.22664184,-75.49530005,957
16--10850,2016/10/19,2:21 PM,LACASSE AVE @ LEVIS AVE (0009974),9974,03 - At intersection,02 - Non-fatal injury,07 - SMV other,01 - Clear,01 - Daylight,01 - Dry,02 - Stop sign,01 - Functioning,1,0,0,1,01 - Minimal,1,1,,,,370763.2326,5033221.001,45.43580981,-75.65690046,958
16--10851,2016/10/19,2:27 PM,BRONSON AVE @ GLADSTONE AVE (0002110),2110,03 - At intersection,03 - P.D. only,05 - Turning movement,01 - Clear,01 - Daylight,01 - Dry,01 - Traffic signal,01 - Functioning,2,0,0,0,,0,,,,,367133.0431,5030081.784,45.40789716,-75.70369176,959
16--10852,2016/10/19,2:35 AM,HIGHWAY 417 btwn HWY417 IC138 RAMP36 & HIGHWAY 417 (__3ZA29F),__3ZA29F,01 - Non intersection,03 - P.D. only,07 - SMV other,01 - Clear,07 - Dark,01 - Dry,10 - No control,,1,0,0,0,,0,,,,,352898.0834,5020224.839,45.32032608,-75.88649159,960
16--10853,2016/10/19,3:08 AM,BASELINE RD @ FISHER AVE (0002346),2346,02 - Intersection related,03 - P.D. only,06 - SMV unattended vehicle,01 - Clear,07 - Dark,01 - Dry,01 - Traffic signal,01 - Functioning,1,0,0,0,,0,,,,,366166.6936,5026029.775,45.37152352,-75.71653964,961
16--10854,2016/10/19,3:15 PM,PRESTWICK DR btwn ROXDALE AVE & GALLOWAY DR (__3ZBN84),__3ZBN84,01 - Non intersection,03 - P.D. only,06 - SMV unattended vehicle,01 - Clear,01 - Daylight,01 - Dry,10 - No control,,1,0,0,0,,0,,,,,383069.5139,5037323.186,45.47144855,-75.49897894,962
16--10855,2016/10/19,3:19 PM,GREENBANK RD @ WEST HUNT CLUB RD (0005167),5167,02 - Intersection related,03 - P.D. only,03 - Rear end,01 - Clear,01 - Daylight,01 - Dry,01 - Traffic signal,01 - Functioning,2,0,0,0,,0,,,,,361479.677,5020502.893,45.32218762,-75.77700654,963
16--10856,2016/10/19,4:07 AM,BASELINE RD @ GREENBANK RD (0002357),2357,03 - At intersection,02 - Non-fatal injury,02 - Angle,01 - Clear,07 - Dark,01 - Dry,01 - Traffic signal,01 - Functioning,2,0,0,0,03 - Major,2,,1,1,,360597.4648,5022585.159,45.34099454,-75.78802424,964
16--10857,2016/10/19,4:11 PM,MARIER AVE @ MONTREAL RD (0009346),9346,02 - Intersection related,03 - P.D. only,03 - Rear end,01 - Clear,01 - Daylight,01 - Dry,01 - Traffic signal,01 - Functioning,2,0,0,0,,0,,,,,370417.2238,5033262.005,45.43621131,-75.66131698,965
16--10858,2016/10/19,4:29 PM,BANK ST @ FIFTH AVE (0007247),7247,02 - Intersection related,03 - P.D. only,05 - Turning movement,01 - Clear,01 - Daylight,01 - Dry,01 - Traffic signal,01 - Functioning,2,0,0,0,,0,,,,,368398.4939,5029400.339,45.40165189,-75.68761506,966
16--10859,2016/10/19,4:36 PM,ST. LAURENT BLVD btwn HEMLOCK RD & MEADOW PARK PL (__3ZA3UG),__3ZA3UG,04 - At/near private drive,03 - P.D. only,02 - Angle,01 - Clear,01 - Daylight,01 - Dry,10 - No control,,3,0,0,0,,0,,,,,371163.1002,5034735.221,45.44939623,-75.65158598,967
16--1086,2016/01/22,8:16 AM,RIVERSIDE DR @ TREMBLAY RD/HWY417 IC117 RAMP52 (0010790),10790,03 - At intersection,02 - Non-fatal injury,05 - Turning movement,01 - Clear,01 - Daylight,01 - Dry,01 - Traffic signal,01 - Functioning,2,0,0,0,02 - Minor,1,,1,,,370803.1758,5031016.567,45.41597148,-75.65668539,968
16--10860,2016/10/19,4:49 PM,ST. JOSEPH BLVD btwn GREY NUNS DR & BOYER RD (__3ZA2BW),__3ZA2BW,01 - Non intersection,03 - P.D. only,04 - Sideswipe,01 - Clear,01 - Daylight,01 - Dry,10 - No control,,2,0,0,0,,0,,,,,380168.2491,5036676.03,45.46594508,-75.53617827,969
16--10861,2016/10/19,4:55 PM,BASELINE RD @ CLYDE AVE (0002343),2343,02 - Intersection related,03 - P.D. only,03 - Rear end,01 - Clear,01 - Daylight,01 - Dry,01 - Traffic signal,01 - Functioning,2,0,0,0,,0,,,,,364357.8751,5024890.099,45.36142494,-75.73976789,970
16--10862,2016/10/19,5:00 PM,INNES RD btwn PAGE RD & 473 E OF PAGE RD/BUILDERS' WAREHOUSE SC (__3ZAYFDA),__3ZAYFDA,04 - At/near private drive,02 - Non-fatal injury,02 - Angle,01 - Clear,01 - Daylight,01 - Dry,10 - No control,,2,0,0,0,01 - Minimal,1,1,,,,380902.8972,5034549.556,45.4467331,-75.52711391,971
16--10863,2016/10/19,5:17 PM,FISHER AVE @ PRINCE OF WALES DR (0000572),572,02 - Intersection related,03 - P.D. only,03 - Rear end,01 - Clear,01 - Daylight,01 - Dry,01 - Traffic signal,00 - Unknown,3,0,0,0,,0,,,,,367162.533,5023942.097,45.35265114,-75.70409056,972
16--10864,2016/10/19,5:46 PM,HAWTHORNE RD/RUSSELL RD @ WALKLEY RD (0002618),2618,03 - At intersection,03 - P.D. only,01 - Approaching,01 - Clear,01 - Daylight,01 - Dry,01 - Traffic signal,01 - Functioning,2,0,0,0,,0,,,,,374674.7536,5028499.856,45.39295149,-75.60758121,973
16--10865,2016/10/19,5:50 PM,CARLING AVE @ CARLINGWOOD SC (0008881),8881,03 - At intersection,03 - P.D. only,05 - Turning movement,01 - Clear,01 - Daylight,01 - Dry,01 - Traffic signal,01 - Functioning,2,0,0,0,,0,,,,,362072.7926,5025919.248,45.37087555,-75.76881431,974
16--10866,2016/10/19,6:51 PM,WOODROFFE AVE @ KNOXDALE RD/MEDHURST DR (0000519),519,02 - Intersection related,03 - P.D. only,04 - Sideswipe,01 - Clear,05 - Dusk,01 - Dry,01 - Traffic signal,01 - Functioning,2,0,0,0,,0,,,,,363419.7385,5021826.532,45.33393832,-75.75210491,975
16--10867,2016/10/19,6:57 PM,HALTON TER btwn PENRITH ST & DUNOLLIE CRES (__49PV5N),__49PV5N,01 - Non intersection,03 - P.D. only,06 - SMV unattended vehicle,01 - Clear,07 - Dark,01 - Dry,10 - No control,,1,0,0,0,,0,,,,,348585.9227,5024034.279,45.35488662,-75.94115491,976
16--10868,2016/10/19,7:21 PM,GLADSTONE AVE @ O'CONNOR ST (0002710),2710,03 - At intersection,02 - Non-fatal injury,04 - Sideswipe,01 - Clear,07 - Dark,01 - Dry,01 - Traffic signal,01 - Functioning,2,0,0,0,02 - Minor,2,,2,,,368074.9307,5030658.35,45.4130004,-75.69158627,977
16--10869,2016/10/19,7:30 AM,THORNBURY CRES btwn HEMMINGWOOD WAY E & REDDING WAY (__3ZA6KA),__3ZA6KA,01 - Non intersection,03 - P.D. only,06 - SMV unattended vehicle,01 - Clear,01 - Daylight,01 - Dry,10 - No control,,1,0,0,0,,0,,,,,362270.4609,5023189.157,45.34629422,-75.76660837,978
16--1087,2016/01/22,8:21 PM,BRIDLE PATH DR @ CROSSCUT TER/PIMLICO CRES S (0012455),12455,03 - At intersection,03 - P.D. only,02 - Angle,01 - Clear,07 - Dark,01 - Dry,02 - Stop sign,01 - Functioning,2,0,0,0,,0,,,,,371366.831,5023704.911,45.35013053,-75.65047037,979
16--10870,2016/10/19,7:35 AM,NAVAHO DR @ WOODROFFE AVE/TRANSITWAY N BASELIN (0010359),10359,03 - At intersection,03 - P.D. only,05 - Turning movement,01 - Clear,01 - Daylight,01 - Dry,01 - Traffic signal,01 - Functioning,2,0,0,0,,0,,,,,362706.4614,5023491.703,45.34898065,-75.76100952,980
16--10871,2016/10/19,8:15 AM,CAMPEAU DR @ TERRY FOX DR (0008211),8211,03 - At intersection,03 - P.D. only,05 - Turning movement,01 - Clear,01 - Daylight,01 - Dry,01 - Traffic signal,01 - Functioning,2,0,0,0,,0,,,,,350455.3812,5019010.236,45.30955987,-75.91775942,981
16--10872,2016/10/19,8:15 PM,HWY 417 INNES IC112R68 @ INNES RD (0012300),12300,02 - Intersection related,03 - P.D. only,03 - Rear end,01 - Clear,07 - Dark,01 - Dry,01 - Traffic signal,01 - Functioning,2,0,0,0,,0,,,,,374639.2309,5030918.423,45.41471608,-75.6076923,982
16--10873,2016/10/19,8:28 AM,DAUPHIN RD @ HAMLET RD (0008381),8381,03 - At intersection,02 - Non-fatal injury,02 - Angle,01 - Clear,01 - Daylight,01 - Dry,02 - Stop sign,01 - Functioning,2,0,0,0,02 - Minor,2,,2,,,372256.853,5029178.037,45.39929056,-75.63836558,983
16--10874,2016/10/19,8:30 AM,RIVER RD @ TEWSLEY (0013247),13247,02 - Intersection related,03 - P.D. only,03 - Rear end,01 - Clear,01 - Daylight,01 - Dry,01 - Traffic signal,00 - Unknown,3,0,0,0,,0,,,,,367969.1411,5015642.789,45.27790313,-75.69485537,984
16--10875,2016/10/19,8:53 AM,HAIG DR @ SMYTH RD (0007736),7736,03 - At intersection,03 - P.D. only,05 - Turning movement,01 - Clear,01 - Daylight,01 - Dry,01 - Traffic signal,01 - Functioning,2,0,0,0,,0,,,,,372564.9444,5029297.89,45.4003392,-75.63441427,985
16--10876,2016/10/19,8:55 AM,GRANT CARMAN DR @ VIEWMOUNT DR (0001527),1527,03 - At intersection,03 - P.D. only,02 - Angle,01 - Clear,01 - Daylight,01 - Dry,02 - Stop sign,01 - Functioning,2,0,0,0,,0,,,,,365434.4852,5023081.289,45.34505726,-75.72624847,986
16--10877,2016/10/19,9:08 AM,MARCH RD btwn HALTON TERR/MAXWELL BRIDGE RD & MAXWELL RD (__3ZA2GD),__3ZA2GD,04 - At/near private drive,03 - P.D. only,03 - Rear end,01 - Clear,01 - Daylight,01 - Dry,10 - No control,,2,0,0,0,,0,,,,,348887.0624,5024469.678,45.35878557,-75.93727278,987
16--10878,2016/10/19,9:32 AM,BANK ST btwn HERON RD & ANOKA ST (__3ZA360),__3ZA360,04 - At/near private drive,03 - P.D. only,02 - Angle,01 - Clear,01 - Daylight,01 - Dry,10 - No control,,2,0,0,0,,0,,,,,369998.574,5026842.98,45.37849446,-75.66751622,988
16--10879,2016/10/19,9:38 PM,BANK ST btwn ECHO DR & AYLMER AVE (__3ZA3N9),__3ZA3N9,01 - Non intersection,03 - P.D. only,04 - Sideswipe,01 - Clear,07 - Dark,01 - Dry,10 - No control,,2,0,0,0,,0,,,,,368666.6872,5028744.472,45.39572619,-75.68427452,989
16--1088,2016/01/22,8:30 AM,COVENTRY RD @ VANIER PKWY (0002139),2139,02 - Intersection related,03 - P.D. only,03 - Rear end,01 - Clear,01 - Daylight,01 - Dry,01 - Traffic signal,01 - Functioning,3,0,0,0,,0,,,,,370676.6044,5031611.483,45.42133622,-75.65822286,990
16--10880,2016/10/19,9:47 AM,HOLLAND AVE @ RUSKIN ST (0006676),6676,02 - Intersection related,03 - P.D. only,05 - Turning movement,01 - Clear,01 - Daylight,01 - Dry,02 - Stop sign,01 - Functioning,2,0,0,0,,0,,,,,365279.9218,5028350.337,45.39248057,-75.72757561,991
16--10881,2016/10/19,9:50 AM,LAURIER AVE @ O'CONNOR ST (0002224),2224,02 - Intersection related,03 - P.D. only,04 - Sideswipe,01 - Clear,01 - Daylight,01 - Dry,01 - Traffic signal,01 - Functioning,2,0,0,0,,0,,,,,367635.8725,5031358.991,45.4193441,-75.69710588,992
16--10882,2016/10/20,1:15 PM,CARLING AVE @ PARKDALE AVE (0008792),8792,02 - Intersection related,03 - P.D. only,03 - Rear end,02 - Rain,01 - Daylight,02 - Wet,01 - Traffic signal,01 - Functioning,2,0,0,0,,0,,,,,365626.8082,5028172.042,45.39084627,-75.72316771,993
16--10883,2016/10/20,1:19 PM,CASTLEFRANK RD @ KATIMAVIK RD (0003228),3228,03 - At intersection,03 - P.D. only,03 - Rear end,02 - Rain,01 - Daylight,02 - Wet,01 - Traffic signal,01 - Functioning,2,0,0,0,,0,,,,,351950.4529,5018941.446,45.3088421,-75.89870043,994
16--10884,2016/10/20,1:21 PM,WALLER ST btwn DALY AVE & STEWART ST (__3ZA3VP),__3ZA3VP,01 - Non intersection,03 - P.D. only,04 - Sideswipe,01 - Clear,01 - Daylight,01 - Dry,10 - No control,,2,0,0,0,,0,,,,,368354.2189,5032094.925,45.4259009,-75.68783309,995
16--10885,2016/10/20,1:29 PM,ALTA VISTA DR @ SMYTH RD (0011353),11353,03 - At intersection,03 - P.D. only,05 - Turning movement,02 - Rain,01 - Daylight,02 - Wet,01 - Traffic signal,01 - Functioning,2,0,0,0,,0,,,,,370432.0573,5029082.655,45.39860579,-75.66168406,996
16--10886,2016/10/20,1:30 PM,ST. LAURENT BLVD @ MCARTHUR AVE (0008246),8246,02 - Intersection related,03 - P.D. only,03 - Rear end,02 - Rain,01 - Daylight,02 - Wet,01 - Traffic signal,01 - Functioning,2,0,0,0,,0,,,,,371920.8908,5032887.989,45.43270336,-75.64215107,997
16--10887,2016/10/20,1:39 PM,O'CONNOR ST btwn ALBERT ST & SLATER ST (__3ZA35Q),__3ZA35Q,01 - Non intersection,03 - P.D. only,04 - Sideswipe,02 - Rain,01 - Daylight,02 - Wet,10 - No control,,2,0,0,0,,0,,,,,367575.0946,5031459.138,45.42025065,-75.69786964,998
16--10888,2016/10/20,1:44 PM,LISGAR ST btwn O'CONNOR ST & METCALFE ST (__3ZA9UX),__3ZA9UX,01 - Non intersection,02 - Non-fatal injury,07 - SMV other,01 - Clear,01 - Daylight,01 - Dry,10 - No control,,1,0,0,1,01 - Minimal,1,1,,,,367899.9734,5031242.891,45.4182757,-75.6937465,999
16--10889,2016/10/20,1:44 PM,ALBION RD    S btwn SOUTHGATE RD & TURN LANE (__5AEE5S),__5AEE5S,01 - Non intersection,03 - P.D. only,05 - Turning movement,02 - Rain,01 - Daylight,02 - Wet,10 - No control,,2,0,0,0,,0,,,,,371825.1446,5024426.244,45.35657719,-75.64452421,1000
16--1089,2016/01/22,8:31 AM,WEST HUNT CLUB RD @ WOODROFFE AVE (0000576),576,02 - Intersection related,03 - P.D. only,04 - Sideswipe,01 - Clear,01 - Daylight,01 - Dry,01 - Traffic signal,01 - Functioning,2,0,0,0,,0,,,,,363670.0324,5021246.269,45.3286962,-75.74898084,1001