Anom_ID,Accident_Date,Accident_Time,Location,Geo_ID,Accident_Location,Classification_of_Accident,Initial_Impact_Type,Environment_Condition,Light,Road_Surface_Condition,Traffic_Control,Traffic_Control_Condition,No__of_Vehicles,No__of_Bicycles,No__of_Motorcycles,No__of_Pedestrians,Max_Injury,No__of_Injuries,No__of_Minimal,No__of_Minor,No__of_Major,No__of_Fatal,X,Y,Latitude,Longitude,ObjectId
16--10890,2016/10/20,10:51 PM,BRONSON AVE @ HOLMWOOD AVE (0007215),7215,02 - Intersection related,03 - P.D. only,03 - Rear end,02 - Rain,07 - Dark,02 - Wet,01 - Traffic signal,01 - Functioning,4,0,0,0,,0,,,,,367699.8795,5028728.301,45.39566821,-75.69662373,1002
16--10891,2016/10/20,10:52 PM,STRANDHERD DR @ LONGFIELDS DR (0010935),10935,02 - Intersection related,03 - P.D. only,03 - Rear end,02 - Rain,07 - Dark,02 - Wet,01 - Traffic signal,01 - Functioning,2,0,0,0,,0,,,,,364547.9823,5015171.254,45.27395932,-75.73851374,1003
16--10892,2016/10/20,11:30 AM,TERRY FOX DR N @ FLAMBOROUGH WAY/INNOVATION DR (0011795),11795,02 - Intersection related,03 - P.D. only,04 - Sideswipe,02 - Rain,01 - Daylight,02 - Wet,01 - Traffic signal,01 - Functioning,2,0,0,0,,0,,,,,349386.9187,5022953.992,45.34511547,-75.93102961,1004
16--10893,2016/10/20,11:31 PM,ELGIN ST @ SLATER ST (0002228),2228,03 - At intersection,03 - P.D. only,07 - SMV other,02 - Rain,07 - Dark,02 - Wet,01 - Traffic signal,01 - Functioning,1,0,0,0,,0,,,,,367889.8795,5031646.989,45.42191256,-75.69382371,1005
16--10894,2016/10/20,11:44 AM,BROPHY DR @ HWY 416 BANKFIEL IC57R34 (0001078),1078,02 - Intersection related,03 - P.D. only,02 - Angle,01 - Clear,01 - Daylight,02 - Wet,02 - Stop sign,01 - Functioning,2,0,0,0,,0,,,,,364561.9715,5007931.741,45.20881664,-75.7392054,1006
16--10895,2016/10/20,11:45 AM,LEITRIM RD @ LIMEBANK RD (0012318),12318,02 - Intersection related,03 - P.D. only,04 - Sideswipe,02 - Rain,01 - Daylight,02 - Wet,01 - Traffic signal,01 - Functioning,2,0,0,0,,0,,,,,369321.6241,5017960.087,45.29863099,-75.67731722,1007
16--10896,2016/10/20,11:59 AM,BRONSON AVE @ FIRST AVE (0007719),7719,02 - Intersection related,03 - P.D. only,04 - Sideswipe,02 - Rain,01 - Daylight,02 - Wet,02 - Stop sign,01 - Functioning,2,0,0,0,,0,,,,,367490.366,5029236.782,45.40026216,-75.69923481,1008
16--10897,2016/10/20,12:25 PM,NORICE ST @ WOODROFFE AVE (0001542),1542,02 - Intersection related,03 - P.D. only,03 - Rear end,02 - Rain,01 - Daylight,02 - Wet,01 - Traffic signal,01 - Functioning,2,0,0,0,,0,,,,,363195.5122,5022398.734,45.33910565,-75.75489791,1009
16--10898,2016/10/20,12:27 PM,CARLING AVE EB btwn KIRKWOOD AVE & HWY417 IC124 RAMP55 (__3ZA4NS),__3ZA4NS,01 - Non intersection,02 - Non-fatal injury,07 - SMV other,02 - Rain,01 - Daylight,02 - Wet,10 - No control,,1,0,0,0,02 - Minor,1,,1,,,364378.9233,5027377.066,45.38380049,-75.73919926,1010
16--10899,2016/10/20,12:30 PM,COLONEL BY DR @ HOG'S BACK RD (0002635),2635,02 - Intersection related,03 - P.D. only,03 - Rear end,02 - Rain,01 - Daylight,02 - Wet,01 - Traffic signal,01 - Functioning,2,0,0,0,,0,,,,,367602.7094,5025873.124,45.36998679,-75.69822792,1011
16--109,2016/01/04,4:44 PM,MARSHWOOD RD @ VAUGHAN SIDE RD (0011581),11581,03 - At intersection,03 - P.D. only,07 - SMV other,01 - Clear,05 - Dusk,06 - Ice,02 - Stop sign,01 - Functioning,1,0,0,0,,0,,,,,334016.2063,5018537.885,45.3061857,-76.12742946,1012
16--1090,2016/01/22,8:39 PM,KATIMAVIK RD @ CURRAN ST/DAVIS AVE (0003528),3528,02 - Intersection related,03 - P.D. only,03 - Rear end,01 - Clear,07 - Dark,01 - Dry,02 - Stop sign,01 - Functioning,2,0,0,0,,0,,,,,351460.9483,5018494.675,45.30485463,-75.9049847,1013
16--10900,2016/10/20,12:30 PM,COLONEL BY DR @ HOG'S BACK RD (0002635),2635,02 - Intersection related,03 - P.D. only,02 - Angle,02 - Rain,01 - Daylight,02 - Wet,01 - Traffic signal,01 - Functioning,2,0,0,0,,0,,,,,367603.5336,5025873.439,45.36998955,-75.69821736,1014
16--10901,2016/10/20,12:35 PM,MOODIE DR @ ROBERTSON RD (0010545),10545,03 - At intersection,03 - P.D. only,04 - Sideswipe,02 - Rain,01 - Daylight,02 - Wet,01 - Traffic signal,01 - Functioning,2,0,0,0,,0,,,,,357065.5544,5020456.137,45.32210943,-75.83331306,1015
16--10902,2016/10/20,12:43 PM,BURRIS LANE @ MERIVALE RD (0002014),2014,02 - Intersection related,02 - Non-fatal injury,03 - Rear end,02 - Rain,01 - Daylight,02 - Wet,01 - Traffic signal,01 - Functioning,2,0,0,0,01 - Minimal,1,1,,,,364879.0501,5025067.106,45.36297315,-75.73309438,1016
16--10903,2016/10/20,12:46 PM,LEBRETON ST @ RAYMOND ST (0006550),6550,02 - Intersection related,03 - P.D. only,04 - Sideswipe,02 - Rain,01 - Daylight,02 - Wet,02 - Stop sign,01 - Functioning,2,0,0,0,,0,,,,,366959.7636,5029681.796,45.40431359,-75.70595562,1017
16--10904,2016/10/20,12:55 PM,HAZELDEAN RD btwn TERRY FOX DR & EDGEWATER ST (__3ZA3DL),__3ZA3DL,01 - Non intersection,03 - P.D. only,04 - Sideswipe,02 - Rain,01 - Daylight,02 - Wet,10 - No control,,2,0,0,0,,0,,,,,352300.8189,5017331.392,45.29433083,-75.8943868,1018
16--10905,2016/10/20,2:10 PM,CYRVILLE RD btwn STAR TOP RD & MEADOWBROOK RD (__3ZA3SN),__3ZA3SN,04 - At/near private drive,03 - P.D. only,02 - Angle,01 - Clear,01 - Daylight,02 - Wet,10 - No control,,2,0,0,0,,0,,,,,374609.7549,5031249.801,45.41770058,-75.60802192,1019
16--10906,2016/10/20,2:18 PM,DEAKIN ST @ PRINCE OF WALES DR (0001073),1073,02 - Intersection related,03 - P.D. only,03 - Rear end,02 - Rain,01 - Daylight,02 - Wet,01 - Traffic signal,01 - Functioning,3,0,0,0,,0,,,,,367390.7111,5021523.074,45.3308649,-75.70148474,1020
16--10907,2016/10/20,2:34 PM,HUNT CLUB RD @ LORRY GREENBERG DR/SABLE RIDGE  (0008203),8203,02 - Intersection related,03 - P.D. only,03 - Rear end,02 - Rain,01 - Daylight,02 - Wet,01 - Traffic signal,01 - Functioning,2,0,0,0,,0,,,,,372823.4813,5024806.463,45.35990211,-75.63173107,1021
16--10908,2016/10/20,2:41 PM,PAMPERO CRES btwn KONA LANE E & KONA LANE W (__7JQ6D1),__7JQ6D1,04 - At/near private drive,03 - P.D. only,06 - SMV unattended vehicle,01 - Clear,01 - Daylight,01 - Dry,10 - No control,,1,0,0,0,,0,,,,,349842.388,5016519.73,45.28718913,-75.92580272,1022
16--10909,2016/10/20,2:59 PM,ELGIN ST @ NEPEAN ST (0006946),6946,02 - Intersection related,03 - P.D. only,06 - SMV unattended vehicle,02 - Rain,01 - Daylight,02 - Wet,01 - Traffic signal,01 - Functioning,1,0,0,0,,0,,,,,368028.8802,5031412.815,45.41979299,-75.69207776,1023
16--1091,2016/01/22,8:41 AM,MAITLAND AVE/HWY 417 MAITLAND IC126R53 @ HWY 4 (0008229),8229,03 - At intersection,02 - Non-fatal injury,05 - Turning movement,01 - Clear,01 - Daylight,01 - Dry,01 - Traffic signal,01 - Functioning,2,0,0,0,01 - Minimal,1,1,,,,363229.9183,5025774.112,45.36947411,-75.75406003,1024
16--10910,2016/10/20,3:10 PM,BRONSON AVE btwn BRONSON AVE RAMP 34 & AIRPORT PKWY/BRONSON AVE RAMP 2 (__3ZA3AA),__3ZA3AA,01 - Non intersection,03 - P.D. only,04 - Sideswipe,01 - Clear,01 - Daylight,01 - Dry,10 - No control,,2,0,0,0,,0,,,,,368625.7654,5026890.828,45.37905139,-75.68503685,1025
16--10911,2016/10/20,4:09 PM,BANTREE ST @ INNES RD (0007684),7684,02 - Intersection related,03 - P.D. only,03 - Rear end,02 - Rain,01 - Daylight,02 - Wet,01 - Traffic signal,01 - Functioning,2,0,0,0,,0,,,,,373705.7232,5030406.141,45.41019936,-75.61968954,1026
16--10912,2016/10/20,4:14 PM,TERRY FOX DR @ EDGEWATER ST/WALTER BAKER PL (0002699),2699,02 - Intersection related,03 - P.D. only,03 - Rear end,02 - Rain,01 - Daylight,02 - Wet,01 - Traffic signal,01 - Functioning,2,0,0,0,,0,,,,,351779.2645,5017613.864,45.29690765,-75.90100925,1027
16--10913,2016/10/20,4:14 PM,BREWER RD @ BRONSON AVE (0002240),2240,02 - Intersection related,03 - P.D. only,04 - Sideswipe,02 - Rain,01 - Daylight,02 - Wet,01 - Traffic signal,01 - Functioning,2,0,0,0,,0,,,,,368109.2666,5027765.777,45.3869708,-75.69151893,1028
16--10914,2016/10/20,4:28 PM,MARCH RD @ SOLANDT RD (0003172),3172,02 - Intersection related,03 - P.D. only,03 - Rear end,02 - Rain,01 - Daylight,02 - Wet,01 - Traffic signal,01 - Functioning,2,0,0,0,,0,,,,,350489.6085,5022708.432,45.34283491,-75.91698167,1029
16--10915,2016/10/20,5:00 PM,O'CONNOR ST @ WELLINGTON ST (0002234),2234,02 - Intersection related,03 - P.D. only,04 - Sideswipe,02 - Rain,01 - Daylight,02 - Wet,01 - Traffic signal,01 - Functioning,2,0,0,0,,0,,,,,367413.8983,5031723.015,45.42263938,-75.69989564,1030
16--10916,2016/10/20,5:02 PM,ST. JOSEPH BLVD @ JEANNE D'ARC BLVD (0012421),12421,03 - At intersection,03 - P.D. only,02 - Angle,02 - Rain,01 - Daylight,02 - Wet,11 - Roundabout,01 - Functioning,2,0,0,0,,0,,,,,379861.0707,5036470.508,45.46412903,-75.54013735,1031
16--10917,2016/10/20,5:10 PM,TENTH LINE RD @ VANGUARD DR (0004632),4632,03 - At intersection,03 - P.D. only,05 - Turning movement,02 - Rain,01 - Daylight,02 - Wet,01 - Traffic signal,01 - Functioning,2,0,0,0,,0,,,,,384072.5437,5035875.661,45.45831192,-75.48638623,1032
16--10918,2016/10/20,5:15 PM,GOULBURN AVE @ SOMERSET ST (0008456),8456,03 - At intersection,02 - Non-fatal injury,02 - Angle,02 - Rain,01 - Daylight,02 - Wet,02 - Stop sign,01 - Functioning,2,1,0,0,01 - Minimal,1,1,,,,369472.0766,5031990.089,45.42485516,-75.6735631,1033
16--10919,2016/10/20,5:30 PM,CARLING AVE @ CIVIC HOSPITAL (0008793),8793,03 - At intersection,02 - Non-fatal injury,05 - Turning movement,02 - Rain,05 - Dusk,02 - Wet,01 - Traffic signal,01 - Functioning,2,0,0,0,02 - Minor,1,,1,,,365790.9509,5028278.276,45.39178786,-75.72105847,1034
16--1092,2016/01/22,8:48 AM,TERON RD @ PARKWAY (THE)/PENFIELD DR S (0003447),3447,02 - Intersection related,03 - P.D. only,03 - Rear end,01 - Clear,01 - Daylight,02 - Wet,01 - Traffic signal,01 - Functioning,2,0,0,0,,0,,,,,352293.4036,5020788.267,45.32543709,-75.89415003,1035
16--10920,2016/10/20,5:30 PM,NATURE TRAIL CRES btwn PAGE RD & NOBLEWOOD WAY (1) (__3ZA18T),__3ZA18T,01 - Non intersection,03 - P.D. only,06 - SMV unattended vehicle,02 - Rain,07 - Dark,02 - Wet,10 - No control,,1,0,0,0,,0,,,,,381249.8201,5033718.949,45.4392221,-75.52280859,1036
16--10921,2016/10/20,5:53 PM,PORTRUSH AVE btwn HORNCHURCH LANE & LONGFIELDS DR (__4VGUMJ),__4VGUMJ,01 - Non intersection,03 - P.D. only,06 - SMV unattended vehicle,02 - Rain,07 - Dark,02 - Wet,10 - No control,,1,0,0,0,,0,,,,,364352.2591,5015310.505,45.2752289,-75.7409913,1037
16--10922,2016/10/20,5:54 PM,CARLING AVE @ EDGEWORTH AVE (0002718),2718,03 - At intersection,02 - Non-fatal injury,07 - SMV other,02 - Rain,07 - Dark,02 - Wet,01 - Traffic signal,01 - Functioning,1,0,0,2,02 - Minor,1,,1,,,361261.852,5025426.595,45.36650849,-75.77922284,1038
16--10923,2016/10/20,6:38 PM,WEST HUNT CLUB RD @ ANTARES DR/LASER ST (0000116),116,02 - Intersection related,03 - P.D. only,03 - Rear end,02 - Rain,07 - Dark,02 - Wet,01 - Traffic signal,01 - Functioning,2,0,0,0,,0,,,,,367108.5395,5022079.431,45.33589601,-75.70501422,1039
16--10924,2016/10/20,6:44 PM,BREWER RD @ BRONSON AVE (0002240),2240,02 - Intersection related,03 - P.D. only,03 - Rear end,01 - Clear,07 - Dark,01 - Dry,01 - Traffic signal,01 - Functioning,2,0,0,0,,0,,,,,368109.8753,5027766.85,45.3869804,-75.69151102,1040
16--10925,2016/10/20,6:47 AM,REGIONAL ROAD 174 btwn OR174 IC109 RAMP64 & OR174 IC105 RAMP16 (__3ZA2XD),__3ZA2XD,01 - Non intersection,03 - P.D. only,03 - Rear end,01 - Clear,03 - Dawn,01 - Dry,10 - No control,,2,0,0,0,,0,,,,,378046.1061,5036260.231,45.46242977,-75.56337484,1041
16--10926,2016/10/20,6:50 PM,JOCKVALE RD @ STRANDHERD DR (0010541),10541,03 - At intersection,02 - Non-fatal injury,07 - SMV other,02 - Rain,07 - Dark,02 - Wet,01 - Traffic signal,01 - Functioning,1,0,0,1,01 - Minimal,1,1,,,,363561.3087,5014576.595,45.2686917,-75.75115815,1042
16--10927,2016/10/20,6:54 PM,PINECREST RD @ RICHMOND RD (0002353),2353,03 - At intersection,02 - Non-fatal injury,05 - Turning movement,02 - Rain,07 - Dark,02 - Wet,01 - Traffic signal,01 - Functioning,2,0,0,0,02 - Minor,1,,1,,,360071.5728,5024471.293,45.35800759,-75.7945233,1043
16--10928,2016/10/20,7:00 PM,WATTERS RD btwn MONTCREST DR & TRIM RD (__3ZA5TU),__3ZA5TU,04 - At/near private drive,03 - P.D. only,05 - Turning movement,02 - Rain,07 - Dark,02 - Wet,10 - No control,,2,0,0,0,,0,,,,,384955.8705,5038713.185,45.48374045,-75.47463057,1044
16--10929,2016/10/20,7:25 AM,JEANNE D'ARC BLVD @ OR174 IC105 RAMP52 (0012417),12417,02 - Intersection related,03 - P.D. only,03 - Rear end,01 - Clear,01 - Daylight,01 - Dry,01 - Traffic signal,00 - Unknown,3,0,0,0,,0,,,,,379456.8295,5036916.099,45.46818143,-75.54523828,1045
16--1093,2016/01/22,9:00 PM,LEES AVE @ KING EDWARD AVE/MANN AVE (0011413),11413,02 - Intersection related,03 - P.D. only,03 - Rear end,01 - Clear,07 - Dark,05 - Packed snow,01 - Traffic signal,01 - Functioning,2,0,0,0,,0,,,,,369178.8373,5031335.021,45.41898815,-75.67739558,1046
16--10930,2016/10/20,7:38 AM,JEANNE D'ARC BLVD @ OR174 IC105 RAMP36 (0004139),4139,02 - Intersection related,03 - P.D. only,03 - Rear end,01 - Clear,03 - Dawn,01 - Dry,10 - No control,00 - Unknown,2,0,0,0,,0,,,,,379266.955,5037282.69,45.47150001,-75.54761063,1047
16--10931,2016/10/20,7:38 PM,KITCHENER AVE @ BANK ST (0011963),11963,03 - At intersection,03 - P.D. only,05 - Turning movement,02 - Rain,07 - Dark,02 - Wet,01 - Traffic signal,01 - Functioning,3,0,0,0,,0,,,,,370539.7784,5025500.191,45.36636192,-75.66078535,1048
16--10932,2016/10/20,7:46 PM,WOODROFFE AVE btwn KNOXDALE RD/MEDHURST DR & MAJESTIC DR (__3ZA3JL),__3ZA3JL,01 - Non intersection,03 - P.D. only,03 - Rear end,02 - Rain,07 - Dark,02 - Wet,10 - No control,,2,0,0,0,,0,,,,,363495.3953,5021641.472,45.33226684,-75.75116167,1049
16--10933,2016/10/20,8:00 PM,INNES RD btwn HWY417 IC112 RAMP66 & CYRVILLE RD (__3ZA3RCB),__3ZA3RCB,04 - At/near private drive,03 - P.D. only,03 - Rear end,02 - Rain,07 - Dark,02 - Wet,10 - No control,,2,0,0,0,,0,,,,,375006.3168,5031091.821,45.41623949,-75.60297807,1050
16--10934,2016/10/20,8:17 PM,CARLING AVE @ 73 E OF ARCHIBALD ST/WESTGATE SC (0008216),8216,03 - At intersection,03 - P.D. only,05 - Turning movement,02 - Rain,07 - Dark,02 - Wet,01 - Traffic signal,01 - Functioning,2,0,0,0,,0,,,,,364680.2288,5027583.078,45.38562846,-75.73532705,1051
16--10935,2016/10/20,8:32 PM,ALBANY DR @ HANBURY AVE (0003312),3312,02 - Intersection related,02 - Non-fatal injury,07 - SMV other,02 - Rain,07 - Dark,02 - Wet,10 - No control,,1,0,0,1,02 - Minor,1,,1,,,363226.0375,5024610.284,45.35900244,-75.75424717,1052
16--10936,2016/10/20,8:32 PM,CAMBRIAN RD/GOLFLINKS DR W @ LONGFIELDS DR (0009702),9702,02 - Intersection related,03 - P.D. only,03 - Rear end,02 - Rain,07 - Dark,02 - Wet,11 - Roundabout,01 - Functioning,2,0,0,0,,0,,,,,365382.6908,5013223.002,45.25635755,-75.72811399,1053
16--10937,2016/10/20,8:37 PM,ST. LAURENT BLVD btwn HWY417 IC115 RAMP36 & TRANSIT (__3ZA1KA),__3ZA1KA,01 - Non intersection,03 - P.D. only,03 - Rear end,02 - Rain,07 - Dark,02 - Wet,10 - No control,,2,0,0,0,,0,,,,,372415.7413,5031688.32,45.42186164,-75.63599198,1054
16--10938,2016/10/20,8:38 AM,OGILVIE RD @ CITY PARK DR E/CSIS HQ ACCESS (0003696),3696,03 - At intersection,02 - Non-fatal injury,05 - Turning movement,"07 - Fog, mist, smoke, dust",01 - Daylight,01 - Dry,01 - Traffic signal,01 - Functioning,2,0,0,0,02 - Minor,1,,1,,,374187.8082,5033009.544,45.4335758,-75.61316469,1055
16--10939,2016/10/20,8:38 AM,MCARTHUR AVE @ VANIER PKWY (0004626),4626,02 - Intersection related,03 - P.D. only,03 - Rear end,02 - Rain,01 - Daylight,02 - Wet,01 - Traffic signal,01 - Functioning,2,0,0,0,,0,,,,,370219.5332,5032688.516,45.43106982,-75.66391968,1056
16--1094,2016/01/22,9:00 PM,LISGAR ST btwn BANK ST & O'CONNOR ST (__3ZA9UO),__3ZA9UO,01 - Non intersection,03 - P.D. only,06 - SMV unattended vehicle,"07 - Fog, mist, smoke, dust",07 - Dark,04 - Slush,10 - No control,,1,0,0,0,,0,,,,,367645.0688,5031088.454,45.41690907,-75.69702289,1057
16--10940,2016/10/20,8:47 AM,FAIRBANKS AVE @ SMYTH RD (0012074),12074,03 - At intersection,03 - P.D. only,05 - Turning movement,01 - Clear,01 - Daylight,01 - Dry,02 - Stop sign,01 - Functioning,2,0,0,0,,0,,,,,370628.9402,5029081.777,45.39857941,-75.65916967,1058
16--10941,2016/10/20,8:54 PM,PINECREST RD @ RICHMOND RD (0002353),2353,03 - At intersection,03 - P.D. only,05 - Turning movement,02 - Rain,07 - Dark,02 - Wet,01 - Traffic signal,01 - Functioning,2,0,0,0,,0,,,,,360072.451,5024471.293,45.35800752,-75.7945121,1059
16--10942,2016/10/20,8:56 AM,INNES RD btwn BLAIR RD & ANDERSON RD (__3ZA3JZ),__3ZA3JZ,01 - Non intersection,02 - Non-fatal injury,03 - Rear end,02 - Rain,01 - Daylight,02 - Wet,10 - No control,,3,0,0,0,02 - Minor,1,,1,,,376192.9564,5031794.359,45.42244045,-75.58771657,1060
16--10943,2016/10/20,9:20 AM,MICHAEL COWPLAND DR @ TERENCE MATTHEWS CRES E (0003999),3999,03 - At intersection,03 - P.D. only,02 - Angle,02 - Rain,01 - Daylight,02 - Wet,02 - Stop sign,01 - Functioning,2,0,0,0,,0,,,,,354230.9565,5016511.224,45.28681764,-75.86986165,1061
16--10944,2016/10/21,1:07 AM,CUMBERLAND ST @ MURRAY ST (0008237),8237,03 - At intersection,03 - P.D. only,02 - Angle,02 - Rain,07 - Dark,02 - Wet,01 - Traffic signal,01 - Functioning,2,0,0,0,,0,,,,,368170.0728,5032680.048,45.43118233,-75.69011078,1062
16--10945,2016/10/21,1:22 PM,CONROY RD @ ST. LAURENT BLVD (0011390),11390,03 - At intersection,02 - Non-fatal injury,02 - Angle,02 - Rain,01 - Daylight,02 - Wet,01 - Traffic signal,01 - Functioning,2,0,0,0,02 - Minor,1,,1,,,373070.6261,5027158.643,45.38104206,-75.62825174,1063
16--10946,2016/10/21,1:50 PM,COLONEL BY DR @ UNIVERSITY RD - CARLETON (0007131),7131,02 - Intersection related,03 - P.D. only,07 - SMV other,01 - Clear,01 - Daylight,02 - Wet,01 - Traffic signal,01 - Functioning,1,0,0,0,,0,,,,,367347.6942,5026848.347,45.37878442,-75.70135975,1064
16--10947,2016/10/21,10:30 PM,MEADOWBROOK RD btwn CYRVILLE RD & FINE CRES (__3ZAZIM),__3ZAZIM,04 - At/near private drive,02 - Non-fatal injury,02 - Angle,02 - Rain,07 - Dark,02 - Wet,10 - No control,,2,1,0,0,01 - Minimal,1,1,,,,374641.8075,5031290.196,45.41806084,-75.60760669,1065
16--10948,2016/10/21,10:51 AM,BANK ST btwn CECIL AVE & HERON RD (__3ZA3AC),__3ZA3AC,01 - Non intersection,03 - P.D. only,04 - Sideswipe,02 - Rain,01 - Daylight,02 - Wet,10 - No control,,2,0,0,0,,0,,,,,369992.866,5026856.592,45.37861747,-75.6675873,1066
16--10949,2016/10/21,11:05 AM,BLAIR RD btwn BEAVERPOND DR & INNES RD (__3ZA2EZ),__3ZA2EZ,04 - At/near private drive,03 - P.D. only,03 - Rear end,02 - Rain,01 - Daylight,02 - Wet,10 - No control,,2,0,0,0,,0,,,,,375503.3726,5031630.445,45.42103568,-75.59655072,1067
16--1095,2016/01/22,9:05 AM,BANK ST @ THIRD AVE (0007230),7230,03 - At intersection,02 - Non-fatal injury,07 - SMV other,01 - Clear,01 - Daylight,02 - Wet,01 - Traffic signal,01 - Functioning,1,0,0,1,02 - Minor,1,,1,,,368337.4613,5029551.188,45.40301472,-75.68837515,1068
16--10950,2016/10/21,11:16 AM,WELLINGTON ST btwn BANK ST & O'CONNOR ST (__3ZA3MF),__3ZA3MF,01 - Non intersection,02 - Non-fatal injury,07 - SMV other,02 - Rain,01 - Daylight,02 - Wet,10 - No control,,1,0,0,1,02 - Minor,1,,1,,,367327.5708,5031673.307,45.42219984,-75.70100497,1069
16--10951,2016/10/21,11:30 AM,LYON ST @ SPARKS ST (0006076),6076,02 - Intersection related,02 - Non-fatal injury,03 - Rear end,01 - Clear,01 - Daylight,01 - Dry,01 - Traffic signal,01 - Functioning,2,0,0,0,01 - Minimal,1,1,,,,366974.2105,5031355.647,45.41937313,-75.70555996,1070
16--10952,2016/10/21,11:37 PM,BRONSON AVE @ IMPERIAL AVE/PLYMOUTH ST (0010859),10859,03 - At intersection,02 - Non-fatal injury,05 - Turning movement,02 - Rain,07 - Dark,02 - Wet,10 - No control,,2,0,0,0,02 - Minor,1,,1,,,367318.4676,5029643.763,45.40393943,-75.70137872,1071
16--10953,2016/10/21,11:43 AM,CARLING AVE @ MAITLAND AVE/SHERBOURNE RD (0002641),2641,03 - At intersection,03 - P.D. only,04 - Sideswipe,02 - Rain,01 - Daylight,02 - Wet,01 - Traffic signal,01 - Functioning,2,0,0,0,,0,,,,,362942.0393,5026487.868,45.37592034,-75.75765087,1072
16--10954,2016/10/21,11:49 AM,ALBERT ST btwn SCOTT ST & CITY CENTRE AVE (2) (__3ZA32WB),__3ZA32WB,01 - Non intersection,02 - Non-fatal injury,01 - Approaching,02 - Rain,01 - Daylight,02 - Wet,10 - No control,,2,0,0,0,02 - Minor,4,,4,,,365944.587,5030339.958,45.41032497,-75.7188409,1073
16--10955,2016/10/21,12:04 PM,O'CONNOR ST btwn COOPER ST & SOMERSET ST W (__3ZA34V),__3ZA34V,04 - At/near private drive,03 - P.D. only,02 - Angle,02 - Rain,01 - Daylight,02 - Wet,10 - No control,,2,0,0,0,,0,,,,,367827.9985,5031054.242,45.41658479,-75.69469019,1074
16--10956,2016/10/21,12:26 PM,PARKDALE AVE @ WELLINGTON ST (0002260),2260,02 - Intersection related,03 - P.D. only,04 - Sideswipe,02 - Rain,01 - Daylight,02 - Wet,01 - Traffic signal,01 - Functioning,2,0,0,0,,0,,,,,365149.4811,5029269.897,45.40076583,-75.7291289,1075
16--10957,2016/10/21,12:47 PM,DRAPER AVE btwn PATHWAY PRIV & LISA AVE (__3ZABIU),__3ZABIU,01 - Non intersection,03 - P.D. only,04 - Sideswipe,02 - Rain,01 - Daylight,02 - Wet,10 - No control,,2,0,0,0,,0,,,,,360435.4368,5022894.219,45.34378833,-75.7900568,1076
16--10958,2016/10/21,12:50 PM,CAMPEAU DR btwn TERRY FOX DR & HERLIHEY WAY (__5ZYNI8),__5ZYNI8,04 - At/near private drive,03 - P.D. only,05 - Turning movement,02 - Rain,01 - Daylight,02 - Wet,10 - No control,,2,0,0,0,,0,,,,,350455.3812,5019021.213,45.30965864,-75.9177584,1077
16--10959,2016/10/21,12:56 PM,REGIONAL ROAD 174 EB btwn OR174 IC109 RAMP55 & TRANSIT (__3ZA28V),__3ZA28V,01 - Non intersection,03 - P.D. only,07 - SMV other,02 - Rain,01 - Daylight,02 - Wet,10 - No control,,1,0,0,0,,0,,,,,376586.8581,5035238.908,45.45339205,-75.58218146,1078
16--1096,2016/01/22,9:07 AM,ALBERT ST btwn METCALFE ST & ELGIN ST (__3ZA353),__3ZA353,01 - Non intersection,03 - P.D. only,04 - Sideswipe,01 - Clear,01 - Daylight,01 - Dry,10 - No control,,2,0,0,0,,0,,,,,367781.1178,5031670.528,45.42213415,-75.69521035,1079
16--10960,2016/10/21,2:50 PM,TENTH LINE RD @ CHARLEMAGNE BLVD S/DES EPINETT (0003686),3686,02 - Intersection related,03 - P.D. only,03 - Rear end,02 - Rain,01 - Daylight,02 - Wet,01 - Traffic signal,00 - Unknown,3,0,0,0,,0,,,,,383640.9751,5036900.456,45.46758093,-75.49173924,1080
16--10961,2016/10/21,2:59 PM,AMIENS ST @ TENTH LINE RD (0004168),4168,02 - Intersection related,02 - Non-fatal injury,03 - Rear end,02 - Rain,01 - Daylight,02 - Wet,01 - Traffic signal,01 - Functioning,2,0,0,0,01 - Minimal,1,1,,,,383351.0716,5037568.639,45.4736253,-75.4953393,1081
16--10962,2016/10/21,3:03 PM,BASELINE RD @ 207 E OF CLYDE AVE (0008213),8213,02 - Intersection related,02 - Non-fatal injury,07 - SMV other,02 - Rain,01 - Daylight,02 - Wet,01 - Traffic signal,00 - Unknown,1,0,0,1,02 - Minor,1,,1,,,364533.4445,5024999.416,45.36239362,-75.73751381,1082
16--10963,2016/10/21,3:07 PM,DONALD ST @ TELFORD AVE (0011533),11533,02 - Intersection related,02 - Non-fatal injury,07 - SMV other,02 - Rain,01 - Daylight,02 - Wet,01 - Traffic signal,01 - Functioning,1,0,0,1,01 - Minimal,1,1,,,,371695.0568,5032426.328,45.42857119,-75.64509977,1083
16--10964,2016/10/21,3:10 PM,HUNT CLUB RD btwn TURN LANE & TURN LANE (2) (__5AEEAQ),__5AEEAQ,01 - Non intersection,03 - P.D. only,04 - Sideswipe,01 - Clear,01 - Daylight,02 - Wet,10 - No control,,2,0,0,0,,0,,,,,371645.8386,5024169.174,45.35428127,-75.64684729,1084
16--10965,2016/10/21,3:11 PM,ELGIN ST btwn LAURIER AVE W & GLOUCESTER ST (1) (__3ZA25I),__3ZA25I,04 - At/near private drive,03 - P.D. only,99 - Other,01 - Clear,01 - Daylight,01 - Dry,10 - No control,,2,0,0,0,,0,,,,,367971.7615,5031545.405,45.42099115,-75.69279054,1085