Anom_ID,Accident_Date,Accident_Time,Location,Geo_ID,Accident_Location,Classification_of_Accident,Initial_Impact_Type,Environment_Condition,Light,Road_Surface_Condition,Traffic_Control,Traffic_Control_Condition,No__of_Vehicles,No__of_Bicycles,No__of_Motorcycles,No__of_Pedestrians,Max_Injury,No__of_Injuries,No__of_Minimal,No__of_Minor,No__of_Major,No__of_Fatal,X,Y,Latitude,Longitude,ObjectId
16--10966,2016/10/21,3:25 PM,JEANNE D'ARC BLVD @ CEDAR MILLS RD/CHAMPNEUF D (0003567),3567,02 - Intersection related,03 - P.D. only,03 - Rear end,02 - Rain,01 - Daylight,02 - Wet,02 - Stop sign,00 - Unknown,2,0,0,0,,0,,,,,381214.9235,5036277.34,45.46224427,-75.52285715,1086
16--10967,2016/10/21,3:47 PM,BRONSON AVE @ SOMERSET ST (0002218),2218,03 - At intersection,03 - P.D. only,05 - Turning movement,02 - Rain,01 - Daylight,02 - Wet,01 - Traffic signal,01 - Functioning,2,0,0,0,,0,,,,,366967.2227,5030477.282,45.41147048,-75.70576004,1087
16--10968,2016/10/21,4:00 PM,BANK ST btwn LEITRIM RD & ARENA PL (__3ZA29O),__3ZA29O,01 - Non intersection,03 - P.D. only,04 - Sideswipe,02 - Rain,01 - Daylight,02 - Wet,10 - No control,,2,0,0,0,,0,,,,,375361.7059,5021610.716,45.3308973,-75.59979237,1088
16--10969,2016/10/21,4:07 PM,FISHER AVE @ TUNIS AVE (0006208),6208,03 - At intersection,02 - Non-fatal injury,02 - Angle,02 - Rain,01 - Daylight,02 - Wet,02 - Stop sign,01 - Functioning,2,1,0,0,02 - Minor,1,,1,,,365496.4796,5027596.315,45.38567731,-75.72490282,1089
16--1097,2016/01/22,9:15 PM,PINECREST RD btwn HWY417 IC129 RAMP62 & TRANSIT (__3ZA4MZ),__3ZA4MZ,01 - Non intersection,02 - Non-fatal injury,03 - Rear end,01 - Clear,07 - Dark,02 - Wet,10 - No control,,2,0,0,0,02 - Minor,2,,2,,,360382.4638,5023692.149,45.35097229,-75.79064305,1090
16--10970,2016/10/21,4:07 PM,MERIVALE RD/LOTTA AVE @ CLYDE AVE (0001112),1112,02 - Intersection related,03 - P.D. only,03 - Rear end,02 - Rain,01 - Daylight,02 - Wet,01 - Traffic signal,01 - Functioning,2,0,0,0,,0,,,,,364522.0955,5024507.676,45.35796998,-75.73771808,1091
16--10971,2016/10/21,4:15 PM,CYRVILLE RD @ ST. LAURENT BLVD (0002647),2647,02 - Intersection related,03 - P.D. only,03 - Rear end,02 - Rain,01 - Daylight,02 - Wet,01 - Traffic signal,01 - Functioning,2,0,0,0,,0,,,,,372241.5013,5032110.482,45.42567688,-75.63816041,1092
16--10972,2016/10/21,4:20 PM,LIMEBANK RD @ SPRATT RD (0012970),12970,02 - Intersection related,03 - P.D. only,03 - Rear end,01 - Clear,01 - Daylight,02 - Wet,01 - Traffic signal,01 - Functioning,2,0,0,0,,0,,,,,369778.6556,5016877.487,45.28884783,-75.67163228,1093
16--10973,2016/10/21,4:24 PM,HUNT CLUB RD btwn RIVERSIDE DR & LINDBERGH PRIV (__4B3PLN),__4B3PLN,01 - Non intersection,03 - P.D. only,03 - Rear end,02 - Rain,01 - Daylight,02 - Wet,10 - No control,,2,0,0,0,,0,,,,,368211.4442,5022043.635,45.33547512,-75.6909484,1094
16--10974,2016/10/21,4:37 PM,PRINCE OF WALES DR @ MERIVALE RD (0000564),564,02 - Intersection related,03 - P.D. only,03 - Rear end,02 - Rain,01 - Daylight,02 - Wet,01 - Traffic signal,01 - Functioning,2,0,0,0,,0,,,,,367449.7113,5017615.218,45.29569732,-75.70122624,1095
16--10975,2016/10/21,4:42 PM,CYRVILLE RD @ ST. LAURENT BLVD (0002647),2647,02 - Intersection related,02 - Non-fatal injury,04 - Sideswipe,02 - Rain,01 - Daylight,02 - Wet,01 - Traffic signal,01 - Functioning,3,0,0,0,02 - Minor,2,,2,,,372241.9403,5032110.921,45.42568078,-75.63815474,1096
16--10976,2016/10/21,4:45 PM,REGIONAL ROAD 174 EB btwn HWY417 IC113 RAMP65 & OR174 BLAIR IC112 RAMP51 (__3ZAZFJ),__3ZAZFJ,01 - Non intersection,03 - P.D. only,03 - Rear end,02 - Rain,01 - Daylight,02 - Wet,10 - No control,,2,0,0,0,,0,,,,,374752.3466,5032783.454,45.43148532,-75.60598241,1097
16--10977,2016/10/21,5:00 PM,CASTLEFRANK RD @ MCCURDY DR S/TAMBLYN CRES (0002621),2621,02 - Intersection related,03 - P.D. only,03 - Rear end,02 - Rain,01 - Daylight,02 - Wet,01 - Traffic signal,01 - Functioning,2,0,0,0,,0,,,,,352354.6497,5018043.931,45.30073879,-75.89363219,1098
16--10978,2016/10/21,5:32 PM,WEST HUNT CLUB RD @ ANTARES DR/LASER ST (0000116),116,02 - Intersection related,03 - P.D. only,03 - Rear end,02 - Rain,01 - Daylight,02 - Wet,01 - Traffic signal,01 - Functioning,2,0,0,0,,0,,,,,367106.055,5022079.431,45.33589623,-75.70504592,1099
16--10979,2016/10/21,5:37 PM,ROGER GUINDON AVE @ SMYTH RD (0006971),6971,02 - Intersection related,03 - P.D. only,04 - Sideswipe,02 - Rain,07 - Dark,02 - Wet,01 - Traffic signal,01 - Functioning,2,0,0,0,,0,,,,,371933.2514,5029226.381,45.39975665,-75.64249193,1100
16--1125,2016/01/23,4:30 PM,BEECHWOOD AVE @ STE. CECILE ST (0005752),5752,02 - Intersection related,02 - Non-fatal injury,03 - Rear end,01 - Clear,01 - Daylight,01 - Dry,02 - Stop sign,01 - Functioning,2,0,0,0,01 - Minimal,1,1,,,,369650.9288,5033965.379,45.44261147,-75.67101762,1101
16--11250,2016/10/28,7:16 PM,BLEEKS RD btwn DWYER HILL RD & BAYBERRY LANE (__3ZACSU),__3ZACSU,04 - At/near private drive,03 - P.D. only,02 - Angle,01 - Clear,07 - Dark,01 - Dry,10 - No control,,3,0,0,0,,0,,,,,348327.8424,5002445.229,45.16063586,-75.94633985,1102
16--11251,2016/10/28,7:24 AM,BELFAST RD btwn TRAINYARDS DR & ST. LAURENT BLVD (__3ZA79Z),__3ZA79Z,01 - Non intersection,03 - P.D. only,03 - Rear end,02 - Rain,03 - Dawn,02 - Wet,10 - No control,,3,0,0,0,,0,,,,,371929.0977,5030897.425,45.41479238,-75.64231746,1103
16--11252,2016/10/28,7:28 PM,BARNSDALE RD S @ TWIN ELM RD S (0000844),844,02 - Intersection related,03 - P.D. only,07 - SMV other,01 - Clear,07 - Dark,02 - Wet,02 - Stop sign,01 - Functioning,1,0,0,0,,0,,,,,360232.0369,5007720.297,45.20726789,-75.79434642,1104
16--11253,2016/10/28,7:35 PM,BANK ST btwn THIRD AVE & FOURTH AVE (__3ZA3OZ),__3ZA3OZ,01 - Non intersection,03 - P.D. only,06 - SMV unattended vehicle,02 - Rain,07 - Dark,02 - Wet,10 - No control,,1,0,0,0,,0,,,,,368338.6867,5029545.196,45.4029607,-75.68836027,1105
16--11254,2016/10/28,7:55 AM,MACFARLANE AVE @ RUSKIN ST (0006696),6696,02 - Intersection related,02 - Non-fatal injury,07 - SMV other,01 - Clear,01 - Daylight,01 - Dry,02 - Stop sign,01 - Functioning,1,0,0,1,01 - Minimal,1,1,,,,365658.4113,5028518.021,45.39395656,-75.72272146,1106
16--11255,2016/10/28,8:00 AM,MCCARTHY RD @ SOUTHMORE DR (0007491),7491,02 - Intersection related,02 - Non-fatal injury,03 - Rear end,02 - Rain,01 - Daylight,02 - Wet,02 - Stop sign,01 - Functioning,2,0,0,0,01 - Minimal,1,1,,,,369451.3788,5024837.942,45.36050442,-75.67476472,1107
16--11256,2016/10/28,8:00 AM,COLONNADE RD @ PRINCE OF WALES DR (0005249),5249,03 - At intersection,02 - Non-fatal injury,03 - Rear end,02 - Rain,01 - Daylight,02 - Wet,01 - Traffic signal,01 - Functioning,2,0,0,0,02 - Minor,1,,1,,,367395.5398,5023265.274,45.34654046,-75.70120275,1108
16--11257,2016/10/28,8:01 AM,DWYER HILL RD btwn COPELAND RD & FRANKTOWN RD (__3ZA3E6),__3ZA3E6,04 - At/near private drive,03 - P.D. only,03 - Rear end,02 - Rain,01 - Daylight,02 - Wet,10 - No control,,3,0,0,0,,0,,,,,347696.387,4999563.049,45.13473898,-75.95461878,1109
16--11258,2016/10/28,8:03 AM,PRINCE OF WALES DR btwn 187 N OF MEADOWLANDS DR & MEADOWLANDS DR/HOG'S (__3ZA36WA),__3ZA36WA,04 - At/near private drive,02 - Non-fatal injury,02 - Angle,03 - Snow,03 - Dawn,02 - Wet,10 - No control,,2,0,0,0,02 - Minor,1,,1,,,367333.5627,5025804.764,45.36939577,-75.70167231,1110
16--11259,2016/10/28,8:19 AM,BELFAST RD @ ST. LAURENT BLVD (0007658),7658,02 - Intersection related,02 - Non-fatal injury,03 - Rear end,02 - Rain,01 - Daylight,02 - Wet,01 - Traffic signal,01 - Functioning,3,0,0,0,01 - Minimal,4,4,,,,372859.8959,5030579.804,45.41184467,-75.63047024,1111
16--1126,2016/01/23,4:41 PM,HALIFAX DR @ WALKLEY RD (0008803),8803,02 - Intersection related,03 - P.D. only,03 - Rear end,01 - Clear,05 - Dusk,01 - Dry,01 - Traffic signal,01 - Functioning,2,0,0,0,,0,,,,,373643.5175,5027899.763,45.38765426,-75.62083398,1112
16--11260,2016/10/28,8:43 AM,LAKERIDGE DR btwn HARVEST VALLEY AVE E & LAKERIDGE DR N (__5Z1RSW),__5Z1RSW,01 - Non intersection,03 - P.D. only,06 - SMV unattended vehicle,03 - Snow,01 - Daylight,02 - Wet,10 - No control,,1,0,0,0,,0,,,,,385097.7888,5034580.002,45.44653772,-75.47349061,1113
16--11261,2016/10/28,8:45 AM,GREENBANK RD btwn BANNER RD & CANFIELD RD (__3ZA4YY),__3ZA4YY,01 - Non intersection,03 - P.D. only,04 - Sideswipe,02 - Rain,01 - Daylight,02 - Wet,10 - No control,,2,0,0,0,,0,,,,,361059.6528,5021475.383,45.33097188,-75.78225335,1114
16--11262,2016/10/28,8:54 PM,RIVERSIDE DR @ UPLANDS DR/KIMBERWICK CRES N (0006890),6890,03 - At intersection,02 - Non-fatal injury,03 - Rear end,01 - Clear,07 - Dark,01 - Dry,01 - Traffic signal,01 - Functioning,2,0,0,0,01 - Minimal,2,2,,,,368194.716,5022793.914,45.34222749,-75.69106568,1115
16--11263,2016/10/28,9:12 PM,HAZELDEAN RD @ TERRY FOX DR (0003682),3682,02 - Intersection related,03 - P.D. only,05 - Turning movement,01 - Clear,07 - Dark,01 - Dry,01 - Traffic signal,01 - Functioning,2,0,0,0,,0,,,,,352207.3915,5017242.231,45.29353484,-75.89558642,1116
16--11264,2016/10/28,9:26 PM,DWYER HILL RD btwn MCCAFFREY TR & BLEEKS RD (__3ZA3FE),__3ZA3FE,01 - Non intersection,03 - P.D. only,03 - Rear end,01 - Clear,07 - Dark,01 - Dry,10 - No control,,2,0,0,0,,0,,,,,346230.7166,5001258.125,45.15007979,-75.97311191,1117
16--11265,2016/10/28,9:49 AM,PARKDALE AVE @ SHERWOOD DR (0006383),6383,03 - At intersection,03 - P.D. only,01 - Approaching,01 - Clear,01 - Daylight,02 - Wet,01 - Traffic signal,01 - Functioning,3,0,0,0,,0,,,,,365381.1989,5028745.429,45.39602677,-75.72623375,1118
16--11266,2016/10/28,9:51 AM,BELFAST RD @ TRIOLE ST (0008405),8405,03 - At intersection,03 - P.D. only,02 - Angle,02 - Rain,01 - Daylight,02 - Wet,02 - Stop sign,01 - Functioning,2,0,0,0,,0,,,,,372980.0703,5030623.776,45.41222861,-75.62892899,1119
16--11267,2016/10/29,1:12 PM,BANK ST btwn LANSDOWNE PARK & WILTON CRES (__3ZA3NFB),__3ZA3NFB,01 - Non intersection,03 - P.D. only,04 - Sideswipe,02 - Rain,01 - Daylight,02 - Wet,10 - No control,,2,0,0,0,,0,,,,,368559.0001,5029010.077,45.39812584,-75.68561547,1120
16--11268,2016/10/29,1:25 PM,FOREST VALLEY DR @ ORLEANS BLVD (0003627),3627,03 - At intersection,02 - Non-fatal injury,05 - Turning movement,02 - Rain,01 - Daylight,02 - Wet,01 - Traffic signal,01 - Functioning,2,0,0,0,02 - Minor,2,1,1,,,380257.651,5034818.474,45.44922258,-75.53532019,1121
16--11269,2016/10/29,1:56 PM,HUNT CLUB RD @ RIVERSIDE DR (0002237),2237,02 - Intersection related,03 - P.D. only,03 - Rear end,01 - Clear,01 - Daylight,01 - Dry,01 - Traffic signal,01 - Functioning,2,0,0,0,,0,,,,,368036.703,5021946.741,45.33461906,-75.69319004,1122
16--1127,2016/01/23,4:45 PM,HWY417 IC110 RAMP66 btwn HIGHWAY 417 & WALKLEY EXTENSION RD (__3ZAYAP),__3ZAYAP,01 - Non intersection,03 - P.D. only,04 - Sideswipe,01 - Clear,05 - Dusk,01 - Dry,10 - No control,,3,0,0,0,,0,,,,,375903.7113,5029256.671,45.3996372,-75.59177822,1123
16--11270,2016/10/29,10:36 PM,REGIONAL ROAD 174 btwn CANAAN RD & END (__3ZA2U3),__3ZA2U3,01 - Non intersection,03 - P.D. only,07 - SMV other,01 - Clear,07 - Dark,01 - Dry,10 - No control,,1,0,0,0,,0,,,,,395843.8657,5043440.466,45.5249347,-75.33449911,1124
16--11271,2016/10/29,11:03 AM,ELGIN ST btwn LISGAR ST & COOPER ST (__3ZA340),__3ZA340,01 - Non intersection,03 - P.D. only,06 - SMV unattended vehicle,01 - Clear,01 - Daylight,01 - Dry,10 - No control,,1,0,0,0,,0,,,,,368115.5732,5031278.628,45.41857778,-75.69098738,1125
16--11272,2016/10/29,11:48 AM,BRITANNIA RD @ DON ST (0003013),3013,03 - At intersection,03 - P.D. only,02 - Angle,02 - Rain,01 - Daylight,02 - Wet,02 - Stop sign,01 - Functioning,2,0,0,0,,0,,,,,360011.0943,5025110.655,45.36376531,-75.79522376,1126
16--11273,2016/10/29,Unknown,ATHLONE AVE btwn SCOTT ST & RICHMOND RD (__3ZA0KB),__3ZA0KB,01 - Non intersection,03 - P.D. only,06 - SMV unattended vehicle,02 - Rain,00 - Unknown,02 - Wet,10 - No control,,1,0,0,0,,0,,,,,363394.7689,5028579.921,45.3947066,-75.75162263,1127
16--11274,2016/10/29,12:26 PM,ALBERT ST btwn SLATER ST & BRICKHILL ST (__3ZBOG9),__3ZBOG9,01 - Non intersection,03 - P.D. only,04 - Sideswipe,02 - Rain,01 - Daylight,02 - Wet,10 - No control,,2,0,0,0,,0,,,,,366591.8492,5030735.275,45.41382507,-75.71052296,1128
16--11275,2016/10/29,12:28 PM,BAYCREST DR @ SANDALWOOD DR (0007085),7085,02 - Intersection related,03 - P.D. only,02 - Angle,01 - Clear,01 - Daylight,02 - Wet,03 - Yield sign,01 - Functioning,2,0,0,0,,0,,,,,371357.4286,5026703.627,45.37711284,-75.65018646,1129
16--11276,2016/10/29,2:40 PM,ORLEANS BLVD btwn BEAUSEJOUR DR & BOYER RD (__3ZA2AG),__3ZA2AG,01 - Non intersection,03 - P.D. only,02 - Angle,01 - Clear,01 - Daylight,01 - Dry,10 - No control,,2,0,0,0,,0,,,,,380710.5675,5035371.356,45.45414793,-75.52944544,1130
16--11277,2016/10/29,3:50 PM,CLIFTON RD @ RICHMOND RD (0006388),6388,03 - At intersection,03 - P.D. only,02 - Angle,01 - Clear,01 - Daylight,01 - Dry,02 - Stop sign,01 - Functioning,2,0,0,0,,0,,,,,363708.4667,5028598.77,45.39484988,-75.74761415,1131
16--11278,2016/10/29,3:55 PM,HWY 417 MAITLAND IC126R25 @ MAITLAND AVE (0002245),2245,03 - At intersection,03 - P.D. only,03 - Rear end,01 - Clear,01 - Daylight,01 - Dry,10 - No control,00 - Unknown,2,0,0,0,,0,,,,,363252.1445,5025716.537,45.3689542,-75.75378311,1132
16--11279,2016/10/29,4:08 PM,BANK ST btwn ARENA PL & WHITE ALDER AVE (__3ZA29N),__3ZA29N,01 - Non intersection,03 - P.D. only,03 - Rear end,01 - Clear,01 - Daylight,02 - Wet,10 - No control,,2,0,0,0,,0,,,,,375689.6593,5020833.208,45.32386855,-75.59572027,1133
16--1128,2016/01/23,4:46 PM,OGILVIE RD @ ELMLEA GT/SHOPPERS CITY EAST SC (0008800),8800,02 - Intersection related,02 - Non-fatal injury,03 - Rear end,01 - Clear,05 - Dusk,01 - Dry,01 - Traffic signal,01 - Functioning,3,0,0,0,02 - Minor,4,2,2,,,374989.0464,5033486.464,45.43778689,-75.60285744,1134
16--11280,2016/10/29,4:14 PM,VIEWMOUNT DR btwn MERIVALE RD & GRANT CARMAN DR (__3ZA0AL),__3ZA0AL,04 - At/near private drive,02 - Non-fatal injury,02 - Angle,01 - Clear,01 - Daylight,02 - Wet,10 - No control,,2,0,0,0,02 - Minor,2,1,1,,,365237.6049,5022973.962,45.34410854,-75.72877373,1135
16--11281,2016/10/29,4:45 PM,NANTES ST btwn BRIAN COBURN BLVD & IVANY WAY (__7UT0S4),__7UT0S4,04 - At/near private drive,03 - P.D. only,06 - SMV unattended vehicle,01 - Clear,05 - Dusk,01 - Dry,10 - No control,,1,0,0,0,,0,,,,,386096.42,5035705.162,45.45654539,-75.46054047,1136
16--11282,2016/10/29,5:48 PM,RICHMOND RD @ ROBERTSON RD (0000639),639,02 - Intersection related,03 - P.D. only,03 - Rear end,02 - Rain,07 - Dark,02 - Wet,01 - Traffic signal,01 - Functioning,2,0,0,0,,0,,,,,357577.6551,5020749.067,45.32470693,-75.82675006,1137
16--11283,2016/10/29,6:24 AM,SUNNING HILLS CRES btwn STIVER RD & BALDWIN ST (__3ZAC7E),__3ZAC7E,01 - Non intersection,03 - P.D. only,07 - SMV other,02 - Rain,07 - Dark,02 - Wet,10 - No control,,1,0,0,0,,0,,,,,337729.2544,5039939.823,45.4986035,-76.07865207,1138
16--11284,2016/10/29,6:55 PM,ST. LAURENT BLVD @ COVENTRY RD/OGILVIE RD (0002151),2151,02 - Intersection related,03 - P.D. only,03 - Rear end,02 - Rain,07 - Dark,02 - Wet,01 - Traffic signal,01 - Functioning,2,0,0,0,,0,,,,,372304.917,5031950.851,45.42423447,-75.63737198,1139
16--11285,2016/10/29,7:00 PM,COLONEL BY DR @ LEONARD AVE (0006906),6906,03 - At intersection,03 - P.D. only,03 - Rear end,02 - Rain,07 - Dark,02 - Wet,02 - Stop sign,00 - Unknown,2,0,0,0,,0,,,,,368227.9711,5028575.874,45.39424908,-75.68989905,1140
16--11286,2016/10/29,7:08 PM,LAURIER AVE   W btwn KENT ST & BANK ST (__3ZA344),__3ZA344,01 - Non intersection,02 - Non-fatal injury,05 - Turning movement,01 - Clear,07 - Dark,01 - Dry,10 - No control,,2,1,0,0,01 - Minimal,1,1,,,,367404.0812,5031219.266,45.41810768,-75.70008509,1141
16--11287,2016/10/29,7:49 PM,BLACKLEAF DR @ JOCKVALE RD (0013602),13602,03 - At intersection,03 - P.D. only,02 - Angle,01 - Clear,07 - Dark,02 - Wet,02 - Stop sign,01 - Functioning,2,0,0,0,,0,,,,,365567.3359,5012899.706,45.25343261,-75.72580116,1142
16--11288,2016/10/30,1:13 AM,WOODROFFE AVE btwn GRENFELL CRES & 260 N OF FALLOWFIELD RD/TRANSITWAY  (__3ZA3IO),__3ZA3IO,01 - Non intersection,03 - P.D. only,07 - SMV other,01 - Clear,07 - Dark,01 - Dry,10 - No control,,1,0,0,0,,0,,,,,364661.7555,5018948.008,45.30793274,-75.73660806,1143
16--11289,2016/10/30,10:02 AM,CARLING AVE @ RICHMOND RD (0010847),10847,03 - At intersection,03 - P.D. only,02 - Angle,01 - Clear,01 - Daylight,01 - Dry,01 - Traffic signal,01 - Functioning,2,0,0,0,,0,,,,,360245.8985,5024781.732,45.36078714,-75.79226359,1144
16--1129,2016/01/23,5:08 PM,FISHER AVE @ NORMANDY CRES S (0005079),5079,03 - At intersection,02 - Non-fatal injury,05 - Turning movement,01 - Clear,05 - Dusk,01 - Dry,02 - Stop sign,01 - Functioning,2,0,0,0,03 - Major,1,,,1,,366868.0195,5024341.03,45.35626679,-75.70779888,1145
16--11290,2016/10/30,Unknown,GLEN PARK DR btwn COMPATA WAY & FAIRGLEN MEWS (__3ZA7LZ),__3ZA7LZ,01 - Non intersection,03 - P.D. only,06 - SMV unattended vehicle,01 - Clear,00 - Unknown,02 - Wet,10 - No control,,1,0,0,0,,0,,,,,377930.0137,5032589.771,45.42941762,-75.5654047,1146
16--11291,2016/10/30,12:27 AM,BASELINE RD @ WOODROFFE AVE (0002225),2225,03 - At intersection,02 - Non-fatal injury,99 - Other,01 - Clear,07 - Dark,01 - Dry,01 - Traffic signal,01 - Functioning,3,0,0,0,01 - Minimal,1,1,,,,362549.0316,5023770.724,45.35150424,-75.76298586,1147
16--11292,2016/10/30,2:07 AM,UPLANDS DR @ AIRPORT PKWY RAMP 35 (0009397),9397,03 - At intersection,02 - Non-fatal injury,02 - Angle,01 - Clear,07 - Dark,02 - Wet,01 - Traffic signal,01 - Functioning,2,0,0,0,01 - Minimal,1,1,,,,371123.1387,5021373.97,45.32918049,-75.65389249,1148
16--11293,2016/10/30,3:08 PM,BANK ST @ CHAMBERLAIN AVE N/ISABELLA ST (0002132),2132,03 - At intersection,02 - Non-fatal injury,02 - Angle,01 - Clear,01 - Daylight,01 - Dry,01 - Traffic signal,01 - Functioning,2,0,0,0,01 - Minimal,1,1,,,,368082.4926,5030166.782,45.40857674,-75.69155278,1149
16--11294,2016/10/30,3:34 PM,CARP RD btwn HWY417 IC144 RAMP25 & WESTBROOK RD (__3ZA3D3),__3ZA3D3,01 - Non intersection,03 - P.D. only,07 - SMV other,01 - Clear,01 - Daylight,01 - Dry,10 - No control,,1,0,0,0,,0,,,,,347593.1671,5015601.137,45.27906384,-75.95455351,1150
16--11295,2016/10/30,4:00 PM,OTTAWA RIVER PKWY @ RIVER ST/SLIDELL ST (0005099),5099,03 - At intersection,03 - P.D. only,02 - Angle,01 - Clear,01 - Daylight,01 - Dry,01 - Traffic signal,01 - Functioning,2,0,0,0,,0,,,,,365156.9216,5030377.46,45.41073078,-75.72889828,1151
16--11296,2016/10/30,4:13 PM,MONTREAL RD @ ST. LAURENT BLVD (0002604),2604,03 - At intersection,02 - Non-fatal injury,02 - Angle,01 - Clear,01 - Daylight,01 - Dry,01 - Traffic signal,01 - Functioning,2,1,0,0,02 - Minor,1,,1,,,371545.0443,5033816.936,45.44109757,-75.64682815,1152
16--11297,2016/10/30,5:35 PM,EAGLESON RD @ FERNBANK RD (0011846),11846,03 - At intersection,01 - Fatal injury,05 - Turning movement,01 - Clear,01 - Daylight,01 - Dry,01 - Traffic signal,01 - Functioning,2,0,1,0,04 - Fatal,2,,1,,1,354797.9707,5015586.766,45.27845906,-75.86272702,1153
16--11298,2016/10/30,6:25 PM,MONTAGUE BOUNDARY RD btwn MCKENNA RD & PINERY RD (MONTAGUE TWP) (__3ZAZ5J),__3ZAZ5J,01 - Non intersection,03 - P.D. only,07 - SMV other,01 - Clear,07 - Dark,01 - Dry,10 - No control,,1,0,0,0,,0,,,,,351054.2781,4988872.889,45.0383305,-75.91291521,1154
16--11299,2016/10/30,6:30 PM,ALTA VISTA DR @ BANK ST (0011318),11318,03 - At intersection,03 - P.D. only,05 - Turning movement,01 - Clear,07 - Dark,01 - Dry,01 - Traffic signal,01 - Functioning,2,0,0,0,,0,,,,,370246.9714,5026200.52,45.37269066,-75.66443006,1155
16--113,2016/01/04,5:11 PM,WEST HUNT CLUB RD @ ANTARES DR/LASER ST (0000116),116,02 - Intersection related,03 - P.D. only,03 - Rear end,01 - Clear,05 - Dusk,01 - Dry,01 - Traffic signal,01 - Functioning,2,0,0,0,,0,,,,,367107.7675,5022081.586,45.33591547,-75.7050238,1156
16--1130,2016/01/23,5:55 PM,BEECH ST btwn PRESTON ST & ROCHESTER ST (__3ZA05Q),__3ZA05Q,01 - Non intersection,03 - P.D. only,06 - SMV unattended vehicle,01 - Clear,07 - Dark,01 - Dry,10 - No control,,1,0,0,0,,0,,,,,366691.502,5029272.41,45.40065381,-75.70943351,1157
16--11300,2016/10/30,6:50 PM,DALMENY RD @ DALMENY RD EXTENSION (0015506),15506,03 - At intersection,02 - Non-fatal injury,01 - Approaching,02 - Rain,07 - Dark,02 - Wet,02 - Stop sign,01 - Functioning,2,0,0,0,03 - Major,3,1,1,1,,377405.7249,4998957.308,45.12686045,-75.57702365,1158
16--11301,2016/10/30,7:06 PM,BASELINE RD btwn ST. HELEN'S PL & CLYDE AVE (__3ZA4IN),__3ZA4IN,04 - At/near private drive,01 - Fatal injury,05 - Turning movement,01 - Clear,07 - Dark,01 - Dry,10 - No control,,2,0,1,0,04 - Fatal,2,,1,,1,364135.7724,5024747.934,45.3601646,-75.74261976,1159
16--11302,2016/10/30,9:58 AM,RICHMOND RD btwn PERTH ST & CAMBRIAN RD (__3ZAB98),__3ZAB98,01 - Non intersection,03 - P.D. only,07 - SMV other,01 - Clear,01 - Daylight,01 - Dry,10 - No control,,1,0,0,0,,0,,,,,358670.5274,5007869.231,45.20872912,-75.81420699,1160
16--11303,2016/10/31,1:02 PM,BEECHWOOD AVE @ SPRINGFIELD RD (0011442),11442,03 - At intersection,02 - Non-fatal injury,07 - SMV other,01 - Clear,01 - Daylight,01 - Dry,01 - Traffic signal,01 - Functioning,1,0,0,1,02 - Minor,1,,1,,,369238.3577,5033651.519,45.43982563,-75.67633202,1161
16--11304,2016/10/31,1:03 PM,ALBION RD @ BANK ST (0012409),12409,03 - At intersection,03 - P.D. only,05 - Turning movement,01 - Clear,01 - Daylight,01 - Dry,01 - Traffic signal,01 - Functioning,2,0,0,0,,0,,,,,371946.5084,5024128.841,45.35388964,-75.64301575,1162
16--11305,2016/10/31,10:02 AM,FALLINGWATER CIRC btwn Continuation of FALLINGWATER CIRC & Continuatio (__61W6S6),__61W6S6,04 - At/near private drive,03 - P.D. only,06 - SMV unattended vehicle,01 - Clear,01 - Daylight,01 - Dry,10 - No control,,1,0,0,0,,0,,,,,364301.6299,5012850.226,45.25309555,-75.74193123,1163
16--11306,2016/10/31,10:13 AM,CARLING AVE @ IROQUOIS RD (0003145),3145,03 - At intersection,02 - Non-fatal injury,02 - Angle,01 - Clear,01 - Daylight,01 - Dry,01 - Traffic signal,01 - Functioning,2,0,0,0,02 - Minor,2,1,1,,,362213.0274,5026024.871,45.37181446,-75.76701184,1164
16--11307,2016/10/31,11:33 AM,BASELINE RD/HWY 416 RICHMOND IC75R53 @ RICHMON (0000148),148,02 - Intersection related,03 - P.D. only,03 - Rear end,01 - Clear,01 - Daylight,01 - Dry,01 - Traffic signal,01 - Functioning,3,0,0,0,,0,,,,,358633.4336,5021823.033,45.33429036,-75.81316636,1165
16--11308,2016/10/31,11:53 AM,LEITRIM RD @ LIMEBANK RD (0012318),12318,02 - Intersection related,03 - P.D. only,07 - SMV other,01 - Clear,01 - Daylight,01 - Dry,01 - Traffic signal,01 - Functioning,1,0,0,0,,0,,,,,369321.6182,5017960.087,45.29863099,-75.67731729,1166
16--11309,2016/10/31,Unknown,SOUTHVALE CRES btwn RUSSELL RD & ERINBROOK CRES (__3ZA771),__3ZA771,01 - Non intersection,03 - P.D. only,06 - SMV unattended vehicle,01 - Clear,00 - Unknown,01 - Dry,10 - No control,,1,0,0,0,,0,,,,,373806.0558,5029107.163,45.3985019,-75.61858967,1167
16--1131,2016/01/23,6:24 PM,CARLING AVE @ HOLLAND AVE (0002146),2146,03 - At intersection,03 - P.D. only,05 - Turning movement,01 - Clear,07 - Dark,01 - Dry,01 - Traffic signal,01 - Functioning,2,0,0,0,,0,,,,,365415.601,5028037.449,45.38965354,-75.72588137,1168