Anom_ID,Accident_Date,Accident_Time,Location,Geo_ID,Accident_Location,Classification_of_Accident,Initial_Impact_Type,Environment_Condition,Light,Road_Surface_Condition,Traffic_Control,Traffic_Control_Condition,No__of_Vehicles,No__of_Bicycles,No__of_Motorcycles,No__of_Pedestrians,Max_Injury,No__of_Injuries,No__of_Minimal,No__of_Minor,No__of_Major,No__of_Fatal,X,Y,Latitude,Longitude,ObjectId
16--11310,2016/10/31,12:10 PM,ANDERSON RD btwn NINTH LINE RD & MITCH OWENS RD (__3ZA20R),__3ZA20R,01 - Non intersection,02 - Non-fatal injury,07 - SMV other,01 - Clear,01 - Daylight,01 - Dry,10 - No control,,1,0,0,0,01 - Minimal,1,1,,,,382441.3224,5019974.289,45.31542624,-75.50974199,1169
16--11311,2016/10/31,12:18 PM,RIVERSIDE DR @ HERON RD (0002236),2236,02 - Intersection related,02 - Non-fatal injury,03 - Rear end,01 - Clear,01 - Daylight,01 - Dry,01 - Traffic signal,01 - Functioning,2,0,0,0,01 - Minimal,1,1,,,,368121.9331,5026646.807,45.37690147,-75.69150071,1170
16--11312,2016/10/31,12:53 PM,CARLING AVE @ WESTGATE SC E (0008795),8795,02 - Intersection related,03 - P.D. only,99 - Other,01 - Clear,01 - Daylight,01 - Dry,01 - Traffic signal,01 - Functioning,2,0,0,0,,0,,,,,364800.9752,5027659.039,45.38630161,-75.73377602,1171
16--11313,2016/10/31,12:58 PM,PARKWAY RD btwn SALE BARN RD & JOHN QUINN RD (__3ZA7IP),__3ZA7IP,01 - Non intersection,03 - P.D. only,07 - SMV other,02 - Rain,01 - Daylight,02 - Wet,10 - No control,,1,0,0,0,,0,,,,,381306.9967,5015765.687,45.27768406,-75.52485665,1172
16--11314,2016/10/31,2:22 PM,CLARIDGE DR btwn PORTRUSH AVE & DEERCROFT AVE (__4VGURK),__4VGURK,04 - At/near private drive,02 - Non-fatal injury,07 - SMV other,01 - Clear,01 - Daylight,01 - Dry,10 - No control,,1,0,1,0,02 - Minor,1,,1,,,364800.2376,5015561.808,45.27745204,-75.73525183,1173
16--11315,2016/10/31,2:26 PM,BLOHM DR @ HUNT CLUB RD (0011392),11392,02 - Intersection related,03 - P.D. only,03 - Rear end,01 - Clear,01 - Daylight,01 - Dry,01 - Traffic signal,01 - Functioning,2,0,0,0,,0,,,,,375127.2615,5026190.761,45.37213008,-75.60213158,1174
16--11316,2016/10/31,2:30 AM,GEORGE ST btwn SUSSEX DR & 26 W OF BYWARD MARKET/FREIMAN MALL (__3ZA40PA),__3ZA40PA,01 - Non intersection,03 - P.D. only,04 - Sideswipe,01 - Clear,07 - Dark,01 - Dry,10 - No control,,2,0,0,0,,0,,,,,367893.5882,5032145.497,45.42639763,-75.69371248,1175
16--11317,2016/10/31,2:50 PM,BLAIR RD btwn OR174 IC112 RAMP36 & OR174 IC112 RAMP26 (__3ZA2E6),__3ZA2E6,01 - Non intersection,03 - P.D. only,04 - Sideswipe,01 - Clear,01 - Daylight,01 - Dry,10 - No control,,2,0,0,0,,0,,,,,374640.5448,5032983.646,45.43329771,-75.60738271,1176
16--11318,2016/10/31,3:08 PM,INNES RD @ TENTH LINE RD (0004633),4633,02 - Intersection related,03 - P.D. only,03 - Rear end,01 - Clear,01 - Daylight,01 - Dry,01 - Traffic signal,01 - Functioning,2,0,0,0,,0,,,,,383952.5885,5036158.319,45.46086862,-75.48787429,1177
16--11319,2016/10/31,3:20 PM,MEADOWGLEN DR @ ORLEANS BLVD (0004103),4103,03 - At intersection,03 - P.D. only,05 - Turning movement,01 - Clear,01 - Daylight,01 - Dry,01 - Traffic signal,01 - Functioning,2,0,0,0,,0,,,,,380343.2675,5034572.325,45.44699867,-75.53426359,1178
16--1132,2016/01/23,6:57 PM,DWYER HILL RD btwn ROGER STEVENS DR & FLOOD RD (__3ZBOCI),__3ZBOCI,01 - Non intersection,03 - P.D. only,07 - SMV other,01 - Clear,07 - Dark,01 - Dry,10 - No control,,1,0,0,0,,0,,,,,355238.4069,4988188.189,45.03188381,-75.85987982,1179
16--11320,2016/10/31,3:22 PM,BRONSON AVE btwn BREWER WAY & RIVERSIDE DR RAMPS 34B & 42A-3 (__3ZA3BR),__3ZA3BR,01 - Non intersection,03 - P.D. only,04 - Sideswipe,01 - Clear,01 - Daylight,01 - Dry,10 - No control,,3,0,0,0,,0,,,,,368370.847,5027279.59,45.38257254,-75.68824141,1180
16--11321,2016/10/31,3:38 PM,FISHER AVE @ TRENT ST (0006970),6970,03 - At intersection,03 - P.D. only,04 - Sideswipe,01 - Clear,01 - Daylight,01 - Dry,01 - Traffic signal,01 - Functioning,2,0,0,0,,0,,,,,365783.4799,5026928.32,45.3796419,-75.72132067,1181
16--11322,2016/10/31,3:39 PM,LANDRY ST btwn CHARLEVOIX ST & LOYER ST (__3ZBN90),__3ZBN90,01 - Non intersection,03 - P.D. only,99 - Other,01 - Clear,01 - Daylight,01 - Dry,10 - No control,,2,0,0,0,,0,,,,,369481.9066,5033485.373,45.43830823,-75.67324107,1182
16--11323,2016/10/31,3:44 PM,RIDGE RD btwn RAMSAYVILLE RD & ANDERSON RD (__3ZA6F0),__3ZA6F0,01 - Non intersection,02 - Non-fatal injury,07 - SMV other,01 - Clear,01 - Daylight,01 - Dry,10 - No control,,1,0,1,0,02 - Minor,1,,1,,,377741.1045,5028816.314,45.39548612,-75.56837703,1183
16--11324,2016/10/31,3:57 PM,EAGLESON RD @ HOPE SIDE RD/TERRY FOX DR (0000509),509,03 - At intersection,02 - Non-fatal injury,05 - Turning movement,01 - Clear,01 - Daylight,01 - Dry,01 - Traffic signal,01 - Functioning,2,0,0,0,02 - Minor,1,,1,,,355188.5473,5014616.645,45.26970181,-75.85784752,1184
16--11325,2016/10/31,4:08 PM,CAMPEAU DR/HWY 417 MARCH IC138R63 @ MARCH RD (0009710),9710,02 - Intersection related,03 - P.D. only,04 - Sideswipe,01 - Clear,01 - Daylight,01 - Dry,01 - Traffic signal,01 - Functioning,2,0,0,0,,0,,,,,352841.5686,5020478.506,45.3226125,-75.88718781,1185
16--11326,2016/10/31,4:59 PM,INNES RD @ TENTH LINE RD (0004633),4633,02 - Intersection related,03 - P.D. only,03 - Rear end,01 - Clear,01 - Daylight,01 - Dry,01 - Traffic signal,00 - Unknown,2,0,0,0,,0,,,,,383952.5885,5036158.319,45.46086862,-75.48787429,1186
16--11327,2016/10/31,5:04 PM,CHAMPLAIN ST @ PLACE D'ORLEANS DR (0003595),3595,03 - At intersection,03 - P.D. only,03 - Rear end,01 - Clear,01 - Daylight,01 - Dry,01 - Traffic signal,01 - Functioning,2,0,0,0,,0,,,,,381599.7305,5038179.574,45.47931678,-75.51763992,1187
16--11328,2016/10/31,6:19 PM,BLAZER AVE @ PRINCE OF WALES DR (0000049),49,02 - Intersection related,03 - P.D. only,02 - Angle,01 - Clear,05 - Dusk,01 - Dry,02 - Stop sign,01 - Functioning,2,0,0,0,,0,,,,,367352.9306,5021106.268,45.32711792,-75.70201935,1188
16--11329,2016/10/31,6:27 PM,MONTREAL RD btwn THOMSON ST & AVIATION PKWY (__3ZA3UF),__3ZA3UF,04 - At/near private drive,03 - P.D. only,05 - Turning movement,01 - Clear,07 - Dark,01 - Dry,10 - No control,,2,0,0,0,,0,,,,,372050.3201,5034060.97,45.44324485,-75.64033681,1189
16--1133,2016/01/23,7:14 PM,VIEWMOUNT DR @ MERIVALE RD (0001528),1528,02 - Intersection related,03 - P.D. only,03 - Rear end,01 - Clear,07 - Dark,02 - Wet,01 - Traffic signal,01 - Functioning,2,0,0,0,,0,,,,,365193.4776,5022949.154,45.34388912,-75.7293398,1190
16--11330,2016/10/31,6:36 PM,REGIONAL ROAD 174 btwn OR174 IC109 RAMP64 & OR174 IC105 RAMP16 (__3ZA2XD),__3ZA2XD,01 - Non intersection,03 - P.D. only,03 - Rear end,01 - Clear,05 - Dusk,01 - Dry,10 - No control,,3,0,0,0,,0,,,,,376596.046,5035296.481,45.45390911,-75.5820556,1191
16--11331,2016/10/31,7:03 AM,BANK ST btwn RANDALL AVE & 73 N OF EVANS BLVD (__3ZA3BJA),__3ZA3BJA,04 - At/near private drive,03 - P.D. only,04 - Sideswipe,01 - Clear,01 - Daylight,01 - Dry,10 - No control,,2,0,0,0,,0,,,,,369791.7559,5027220.853,45.38191366,-75.67010694,1192
16--11332,2016/10/31,7:31 AM,FRANKTOWN RD btwn SKEEL CRT & DWYER HILL RD (__3ZA3E5),__3ZA3E5,01 - Non intersection,03 - P.D. only,07 - SMV other,01 - Clear,01 - Daylight,01 - Dry,10 - No control,,1,0,0,0,,0,,,,,348252.1432,4998596.6,45.12600833,-75.94763722,1193
16--11333,2016/10/31,8:05 AM,MARCH RD @ SOLANDT RD (0003172),3172,02 - Intersection related,03 - P.D. only,03 - Rear end,01 - Clear,01 - Daylight,01 - Dry,01 - Traffic signal,01 - Functioning,2,0,0,0,,0,,,,,350491.2648,5022708.432,45.3428348,-75.91696054,1194
16--11334,2016/10/31,9:15 PM,CHAPMAN MILLS DR @ LONGFIELDS DR (0013784),13784,02 - Intersection related,03 - P.D. only,07 - SMV other,01 - Clear,07 - Dark,01 - Dry,02 - Stop sign,01 - Functioning,1,0,0,0,,0,,,,,364841.826,5014582.921,45.26864047,-75.73484018,1195
16--11335,2016/10/31,9:19 PM,BANK ST @ LEITRIM RD (0004125),4125,03 - At intersection,03 - P.D. only,05 - Turning movement,01 - Clear,07 - Dark,01 - Dry,01 - Traffic signal,01 - Functioning,2,0,0,0,,0,,,,,375357.0956,5021619.278,45.3309748,-75.59984996,1196
16--11336,2016/10/31,9:22 PM,RIDEAU ST @ WALLER ST (0011913),11913,02 - Intersection related,02 - Non-fatal injury,03 - Rear end,01 - Clear,07 - Dark,01 - Dry,01 - Traffic signal,01 - Functioning,4,0,0,0,02 - Minor,2,,2,,,368280.2634,5032272.514,45.4275055,-75.68875519,1197
16--11337,2016/11/01,1:02 PM,FITZGERALD RD/MENTEN PL @ MOODIE DR (0009818),9818,02 - Intersection related,03 - P.D. only,03 - Rear end,01 - Clear,01 - Daylight,01 - Dry,01 - Traffic signal,00 - Unknown,2,0,0,0,,0,,,,,356920.1636,5020811.431,45.32531722,-75.83513011,1198
16--11338,2016/11/01,1:38 AM,ST. LAURENT BLVD btwn CYRVILLE RD & COVENTRY RD (__3ZA2CE),__3ZA2CE,01 - Non intersection,02 - Non-fatal injury,07 - SMV other,01 - Clear,07 - Dark,01 - Dry,10 - No control,,1,0,0,0,02 - Minor,1,,1,,,372292.481,5031984.674,45.42454,-75.63752624,1199
16--11339,2016/11/01,1:38 PM,CYRVILLE RD @ INNES RD (0009352),9352,02 - Intersection related,03 - P.D. only,03 - Rear end,01 - Clear,01 - Daylight,01 - Dry,01 - Traffic signal,01 - Functioning,2,0,0,0,,0,,,,,375049.381,5031119.15,45.41648105,-75.60242401,1200
16--1143,2016/01/24,1:51 PM,MOFFATT POND CRT/COBBLE HILL DR @ ANJANA CIRC (0011115),11115,03 - At intersection,03 - P.D. only,02 - Angle,01 - Clear,01 - Daylight,01 - Dry,02 - Stop sign,01 - Functioning,2,0,0,0,,0,,,,,361736.6215,5014022.025,45.26385172,-75.77447325,1201
16--1107,2016/01/23,11:30 AM,CRICHTON ST btwn VAUGHAN ST & ST. PATRICK ST (__3ZA8V4),__3ZA8V4,01 - Non intersection,02 - Non-fatal injury,03 - Rear end,01 - Clear,01 - Daylight,01 - Dry,10 - No control,,3,0,0,0,02 - Minor,3,2,1,,,369115.942,5033498.694,45.43846185,-75.67791658,1202
16--11070,2016/10/24,10:58 AM,BANK ST btwn PORTEOUS RD & BOYD RD (__3ZBPHN),__3ZBPHN,01 - Non intersection,02 - Non-fatal injury,07 - SMV other,01 - Clear,01 - Daylight,01 - Dry,10 - No control,,1,0,0,0,02 - Minor,1,,1,,,387135.5005,5002199.737,45.15496774,-75.4528226,1203
16--11071,2016/10/24,12:45 PM,IRIS ST @ WOODROFFE AVE (0002736),2736,02 - Intersection related,03 - P.D. only,03 - Rear end,01 - Clear,01 - Daylight,01 - Dry,01 - Traffic signal,01 - Functioning,2,0,0,0,,0,,,,,362284.3484,5024439.449,45.35754312,-75.76628581,1204
16--11072,2016/10/24,12:46 AM,BATHGATE DR btwn QUIGG PRIV & DEN HAAG DR (__3ZA7WT),__3ZA7WT,01 - Non intersection,03 - P.D. only,06 - SMV unattended vehicle,01 - Clear,07 - Dark,01 - Dry,10 - No control,,1,0,0,0,,0,,,,,373344.2011,5034074.713,45.44324283,-75.6237971,1205
16--11073,2016/10/24,2:37 AM,CRESTWAY DR @ STRANDHERD DR (0010538),10538,02 - Intersection related,03 - P.D. only,07 - SMV other,01 - Clear,07 - Dark,01 - Dry,01 - Traffic signal,01 - Functioning,1,0,0,0,,0,,,,,366346.9028,5015469.063,45.27648383,-75.71555175,1206
16--11074,2016/10/24,2:39 PM,REGIONAL ROAD 174 btwn QUIGLEY HILL RD & REGIONAL ROAD 174 DIVIDED (__3ZA2Y5),__3ZA2Y5,01 - Non intersection,01 - Fatal injury,05 - Turning movement,01 - Clear,01 - Daylight,01 - Dry,10 - No control,,2,0,0,0,04 - Fatal,2,,1,,1,386801.8618,5042237.716,45.515236,-75.45043119,1207
16--11075,2016/10/24,3:30 PM,WELLINGTON ST    W btwn MERTON ST & FAIRMONT AVE (__3ZA31M),__3ZA31M,01 - Non intersection,02 - Non-fatal injury,07 - SMV other,01 - Clear,01 - Daylight,01 - Dry,10 - No control,,1,0,0,1,02 - Minor,1,,1,,,365550.5221,5029685.882,45.40447407,-75.72395544,1208
16--11076,2016/10/24,3:31 PM,FALLOWFIELD RD @ HWY 416 FALLOWFI IC66R34 (0005504),5504,02 - Intersection related,03 - P.D. only,03 - Rear end,01 - Clear,01 - Daylight,01 - Dry,01 - Traffic signal,00 - Unknown,2,0,0,0,,0,,,,,359824.0067,5014725.562,45.27033445,-75.79876533,1209
16--11077,2016/10/24,3:35 PM,TRIM RD btwn TAYLOR CREEK DR & ST. JOSEPH BLVD (__3ZA3YT),__3ZA3YT,01 - Non intersection,03 - P.D. only,03 - Rear end,01 - Clear,01 - Daylight,01 - Dry,10 - No control,,2,0,0,0,,0,,,,,384654.3597,5039363.198,45.48962319,-75.47838122,1210
16--11078,2016/10/24,3:40 PM,RIVERSIDE DR @ HERON RD (0002236),2236,03 - At intersection,03 - P.D. only,03 - Rear end,01 - Clear,01 - Daylight,01 - Dry,01 - Traffic signal,01 - Functioning,2,0,0,0,,0,,,,,368121.9331,5026646.807,45.37690147,-75.69150071,1211
16--11079,2016/10/24,3:43 PM,CLYDE AVE @ STARWOOD RD (0001670),1670,03 - At intersection,03 - P.D. only,02 - Angle,01 - Clear,01 - Daylight,01 - Dry,02 - Stop sign,01 - Functioning,2,0,0,0,,0,,,,,364460.3175,5024657.353,45.35932202,-75.73848847,1212
16--1108,2016/01/23,11:35 AM,CYRVILLE RD @ INNES RD (0009352),9352,02 - Intersection related,02 - Non-fatal injury,03 - Rear end,01 - Clear,01 - Daylight,01 - Dry,01 - Traffic signal,01 - Functioning,2,0,0,0,01 - Minimal,1,1,,,,375047.9492,5031118.891,45.41647887,-75.60244234,1213
16--11080,2016/10/24,4:02 PM,EVANS BLVD @ HERON RD (0007189),7189,02 - Intersection related,03 - P.D. only,04 - Sideswipe,01 - Clear,01 - Daylight,01 - Dry,02 - Stop sign,01 - Functioning,2,0,0,0,,0,,,,,370262.9458,5026884.765,45.37884578,-75.66413543,1214
16--11081,2016/10/24,4:10 PM,CYRVILLE RD @ OGILVIE RD (0003554),3554,02 - Intersection related,03 - P.D. only,04 - Sideswipe,01 - Clear,01 - Daylight,01 - Dry,01 - Traffic signal,01 - Functioning,2,0,0,0,,0,,,,,372453.4996,5032006.667,45.42472233,-75.63546583,1215
16--11082,2016/10/24,4:10 PM,BLACKBURN BYPASS @ INNES RD W (0009340),9340,03 - At intersection,02 - Non-fatal injury,03 - Rear end,01 - Clear,01 - Daylight,01 - Dry,01 - Traffic signal,01 - Functioning,2,0,0,0,01 - Minimal,1,1,,,,377184.7411,5032183.462,45.42583944,-75.57498768,1216
16--11083,2016/10/24,4:13 PM,CHESLEY ST @ BANK ST (0007687),7687,02 - Intersection related,03 - P.D. only,03 - Rear end,01 - Clear,01 - Daylight,01 - Dry,02 - Stop sign,01 - Functioning,2,0,0,0,,0,,,,,368997.5442,5028204.163,45.39083441,-75.68011945,1217
16--11084,2016/10/24,5:05 AM,BRONSON AVE @ RENFREW AVE (0007197),7197,02 - Intersection related,02 - Non-fatal injury,03 - Rear end,01 - Clear,07 - Dark,01 - Dry,02 - Stop sign,01 - Functioning,2,0,0,0,02 - Minor,1,,1,,,367357.185,5029551.326,45.40310425,-75.70089591,1218
16--11085,2016/10/24,5:07 PM,LEGGET DR btwn 386 W OF SCHNEIDER RD/MITEL ACCESS & SCHNEIDER RD (__3ZA48RA),__3ZA48RA,04 - At/near private drive,02 - Non-fatal injury,02 - Angle,01 - Clear,01 - Daylight,01 - Dry,10 - No control,,2,1,0,0,01 - Minimal,1,1,,,,351360.5915,5022408.489,45.34007869,-75.90589639,1219
16--11086,2016/10/24,6:28 PM,FRANKTOWN RD @ DWYER HILL RD (0000087),87,02 - Intersection related,03 - P.D. only,07 - SMV other,01 - Clear,05 - Dusk,01 - Dry,02 - Stop sign,00 - Unknown,1,0,0,0,,0,,,,,348405.3523,4998729.105,45.12719125,-75.94567817,1220
16--11087,2016/10/24,6:30 PM,HUNT CLUB RD @ BRIDLE PATH DR/DAZE ST (0008214),8214,02 - Intersection related,03 - P.D. only,04 - Sideswipe,01 - Clear,05 - Dusk,01 - Dry,01 - Traffic signal,01 - Functioning,2,0,0,0,,0,,,,,371289.7062,5023865.737,45.3515849,-75.65143291,1221
16--11088,2016/10/24,6:56 AM,CARLETON AVE @ SCOTT ST (0006124),6124,03 - At intersection,03 - P.D. only,07 - SMV other,01 - Clear,07 - Dark,01 - Dry,01 - Traffic signal,01 - Functioning,1,0,0,0,,0,,,,,364113.8651,5029213.318,45.40034525,-75.74236292,1222
16--11089,2016/10/24,7:07 PM,ProposedCANYON WALK DR @ EARL ARMSTRONG RD (0013180),13180,03 - At intersection,03 - P.D. only,05 - Turning movement,01 - Clear,07 - Dark,01 - Dry,01 - Traffic signal,01 - Functioning,2,0,0,0,,0,,,,,369396.931,5015630.132,45.27765951,-75.67666049,1223
16--1109,2016/01/23,11:42 PM,DIANE CRES btwn YORK MILLS DR & YORK MILLS DR (__3ZA6O1),__3ZA6O1,01 - Non intersection,03 - P.D. only,07 - SMV other,01 - Clear,07 - Dark,01 - Dry,10 - No control,,1,0,0,0,,0,,,,,383329.9737,5038384.123,45.48096465,-75.49547873,1224
16--11090,2016/10/24,7:56 AM,CARLING AVE @ WOODROFFE AVE W (0011470),11470,02 - Intersection related,03 - P.D. only,03 - Rear end,01 - Clear,01 - Daylight,01 - Dry,01 - Traffic signal,01 - Functioning,2,0,0,0,,0,,,,,361770.1681,5025725.099,45.36915328,-75.77269991,1225
16--11091,2016/10/24,8:12 AM,MCCARTHY RD @ WALKLEY RD (0006969),6969,02 - Intersection related,02 - Non-fatal injury,04 - Sideswipe,01 - Clear,01 - Daylight,01 - Dry,01 - Traffic signal,01 - Functioning,2,0,0,0,02 - Minor,1,,1,,,369249.9368,5025299.864,45.36467922,-75.67727549,1226
16--11092,2016/10/24,8:30 AM,RIVERSIDE DR RAMP 34 @ RIVERSIDE DR (0010857),10857,02 - Intersection related,03 - P.D. only,99 - Other,01 - Clear,01 - Daylight,01 - Dry,03 - Yield sign,00 - Unknown,2,0,0,0,,0,,,,,368339.9754,5027182.682,45.38170339,-75.68864805,1227
16--11093,2016/10/24,8:31 PM,WELLINGTON ST    W btwn CLARENDON AVE & GRANGE AVE (__3ZA4P0),__3ZA4P0,01 - Non intersection,03 - P.D. only,06 - SMV unattended vehicle,01 - Clear,07 - Dark,01 - Dry,10 - No control,,1,0,0,0,,0,,,,,364542.4614,5029027.289,45.39863495,-75.73691132,1228
16--11094,2016/10/24,8:34 AM,CEDARVIEW RD @ WEST HUNT CLUB RD (0010267),10267,02 - Intersection related,03 - P.D. only,03 - Rear end,01 - Clear,01 - Daylight,01 - Dry,01 - Traffic signal,01 - Functioning,2,0,0,0,,0,,,,,359720.3337,5019552.407,45.31377495,-75.79955201,1229
16--11095,2016/10/25,1:01 PM,VANIER PKWY SB btwn DESCHAMPS AVE & MONTREAL RD (__3ZA1YG),__3ZA1YG,01 - Non intersection,03 - P.D. only,04 - Sideswipe,01 - Clear,01 - Daylight,01 - Dry,10 - No control,,2,0,0,0,,0,,,,,370043.2916,5033067.348,45.43449485,-75.66612166,1230
16--11096,2016/10/25,1:11 PM,PINECREST RD @ QUEENSVIEW DR (0002739),2739,02 - Intersection related,03 - P.D. only,03 - Rear end,01 - Clear,01 - Daylight,01 - Dry,01 - Traffic signal,01 - Functioning,2,0,0,0,,0,,,,,360347.036,5023782.787,45.35179066,-75.79108497,1231
16--11097,2016/10/25,1:15 PM,BRONSON AVE @ CATHERINE ST/RAYMOND ST (0007198),7198,02 - Intersection related,03 - P.D. only,03 - Rear end,01 - Clear,01 - Daylight,01 - Dry,01 - Traffic signal,00 - Unknown,2,0,0,0,,0,,,,,367252.9373,5029796.566,45.40532016,-75.70219638,1232
16--11098,2016/10/25,1:38 PM,WOODROFFE AVE @ GEORGINA DR/LENESTER AVE (0002351),2351,03 - At intersection,02 - Non-fatal injury,03 - Rear end,01 - Clear,01 - Daylight,01 - Dry,01 - Traffic signal,01 - Functioning,2,0,0,0,02 - Minor,3,2,1,,,361909.2038,5025370.893,45.36595484,-75.77096602,1233
16--11099,2016/10/25,1:40 PM,MONTREAL RD @ VANIER PKWY (0004630),4630,03 - At intersection,03 - P.D. only,05 - Turning movement,01 - Clear,01 - Daylight,01 - Dry,01 - Traffic signal,01 - Functioning,2,0,0,0,,0,,,,,370072.4903,5033064.933,45.4344704,-75.66574883,1234
16--111,2016/01/04,4:55 PM,HAMILTON AVE @ TYNDALL ST (0005623),5623,02 - Intersection related,03 - P.D. only,03 - Rear end,04 - Freezing Rain,05 - Dusk,03 - Loose snow,02 - Stop sign,01 - Functioning,2,0,0,0,,0,,,,,365185.4822,5028983.237,45.39818342,-75.72870417,1235
16--1110,2016/01/23,12:09 PM,BEECHWOOD AVE btwn CHAPLEAU AVE & PUTMAN AVE (__3ZA3AY),__3ZA3AY,01 - Non intersection,03 - P.D. only,02 - Angle,01 - Clear,01 - Daylight,01 - Dry,10 - No control,,2,0,0,0,,0,,,,,369556.6873,5033873.958,45.44179763,-75.67223421,1236
16--11100,2016/10/25,1:41 PM,BERRIGAN DR btwn WESSEX RD & EDGEWARE DR (1) (__3ZAZKGA),__3ZAZKGA,01 - Non intersection,03 - P.D. only,03 - Rear end,01 - Clear,01 - Daylight,01 - Dry,10 - No control,,3,0,0,0,,0,,,,,363863.6403,5015334.396,45.27548508,-75.74721549,1237
16--11101,2016/10/25,1:45 PM,MANOTICK STATION RD btwn HERBERTS CORNERS RD & SNAKE ISLAND RD (__3ZA71F),__3ZA71F,01 - Non intersection,02 - Non-fatal injury,05 - Turning movement,01 - Clear,01 - Daylight,01 - Dry,10 - No control,,2,0,0,0,02 - Minor,1,,1,,,376311.5662,5006780.305,45.19736203,-75.58981081,1238
16--11102,2016/10/25,1:50 PM,FALLOWFIELD RD @ MOODIE DR (0010412),10412,02 - Intersection related,03 - P.D. only,03 - Rear end,01 - Clear,01 - Daylight,01 - Dry,01 - Traffic signal,00 - Unknown,2,0,0,0,,0,,,,,359501.6559,5014636.413,45.26955743,-75.80288294,1239
16--11103,2016/10/25,10:00 AM,AVIATION PKWY @ MONTREAL RD (0008799),8799,03 - At intersection,02 - Non-fatal injury,05 - Turning movement,01 - Clear,01 - Daylight,01 - Dry,01 - Traffic signal,01 - Functioning,2,0,0,0,02 - Minor,1,,1,,,372146.4971,5034108.363,45.44366201,-75.63910103,1240
16--11104,2016/10/25,10:10 PM,THIRD LINE RD    S btwn LOCKHEAD RD E & LOCKHEAD RD W (__3ZAZJ4),__3ZAZJ4,01 - Non intersection,03 - P.D. only,07 - SMV other,01 - Clear,07 - Dark,01 - Dry,10 - No control,,1,0,0,0,,0,,,,,369570.3501,4998898.049,45.12708873,-75.67662501,1241
16--11105,2016/10/25,10:41 PM,BOOTH ST @ WELLINGTON ST S (0011393),11393,02 - Intersection related,02 - Non-fatal injury,03 - Rear end,01 - Clear,07 - Dark,01 - Dry,02 - Stop sign,01 - Functioning,2,0,0,0,01 - Minimal,1,1,,,,366401.8745,5030675.985,45.41330835,-75.71295733,1242
16--11106,2016/10/25,10:44 AM,ST. JOSEPH BLVD/OLD MONTREAL RD @ TRIM RD (0004118),4118,02 - Intersection related,03 - P.D. only,02 - Angle,01 - Clear,01 - Daylight,01 - Dry,11 - Roundabout,01 - Functioning,2,0,0,0,,0,,,,,384678.1766,5039289.43,45.48895677,-75.47808857,1243
16--11107,2016/10/25,11:05 AM,MACFARLANE RD btwn BRISBANE RD & GREENSIDE AVE (__3ZA3IG),__3ZA3IG,01 - Non intersection,03 - P.D. only,06 - SMV unattended vehicle,01 - Clear,01 - Daylight,01 - Dry,10 - No control,,1,0,0,0,,0,,,,,366946.3609,5021256.472,45.32850555,-75.70718656,1244
16--11108,2016/10/25,11:05 AM,RUSSELL RD S @ ST. LAURENT BLVD (0007734),7734,02 - Intersection related,03 - P.D. only,03 - Rear end,01 - Clear,01 - Daylight,01 - Dry,01 - Traffic signal,01 - Functioning,3,0,0,0,,0,,,,,373569.7331,5029260.131,45.39990148,-75.62158652,1245
16--11109,2016/10/25,Unknown,PIKE ST btwn CASTLEGREEN PRIV & HUNTERSFIELD DR (__3ZA1VC),__3ZA1VC,01 - Non intersection,03 - P.D. only,06 - SMV unattended vehicle,01 - Clear,00 - Unknown,01 - Dry,10 - No control,,1,0,0,0,,0,,,,,373170.5675,5025304.355,45.36434818,-75.62723241,1246
16--1111,2016/01/23,12:11 PM,TRAMONTANA PL btwn HUNTMAR DR & ROSEHILL AVE (__6O5XYE),__6O5XYE,01 - Non intersection,03 - P.D. only,06 - SMV unattended vehicle,01 - Clear,01 - Daylight,05 - Packed snow,10 - No control,,1,0,0,0,,0,,,,,350478.9045,5016531.776,45.28725644,-75.91768776,1247
16--11110,2016/10/25,2:45 PM,JOHN SUTHERLAND DR @ RICHMOND RD (0000578),578,02 - Intersection related,03 - P.D. only,03 - Rear end,01 - Clear,01 - Daylight,01 - Dry,01 - Traffic signal,01 - Functioning,2,0,0,0,,0,,,,,358786.1898,5022148.27,45.33720512,-75.81118208,1248
16--11111,2016/10/25,3:07 PM,HUNT CLUB RD @ DOWNPATRICK RD/MCCARTHY RD (0006931),6931,02 - Intersection related,03 - P.D. only,03 - Rear end,01 - Clear,01 - Daylight,01 - Dry,01 - Traffic signal,01 - Functioning,2,0,0,0,,0,,,,,370509.288,5023399.229,45.34746096,-75.66145381,1249
16--11112,2016/10/25,3:30 PM,HWY 417 MAITLAND IC126R26/62 @ MAITLAND AVE (0008228),8228,02 - Intersection related,03 - P.D. only,03 - Rear end,01 - Clear,01 - Daylight,01 - Dry,01 - Traffic signal,01 - Functioning,2,0,0,0,,0,,,,,363145.1384,5025982.76,45.37135856,-75.75511762,1250
16--11113,2016/10/25,3:51 PM,CARLING AVE @ CROYDON AVE (0002642),2642,03 - At intersection,03 - P.D. only,05 - Turning movement,01 - Clear,01 - Daylight,01 - Dry,01 - Traffic signal,01 - Functioning,2,0,0,0,,0,,,,,360659.3392,5025042.737,45.36310283,-75.78695715,1251