Anom_ID,Accident_Date,Accident_Time,Location,Geo_ID,Accident_Location,Classification_of_Accident,Initial_Impact_Type,Environment_Condition,Light,Road_Surface_Condition,Traffic_Control,Traffic_Control_Condition,No__of_Vehicles,No__of_Bicycles,No__of_Motorcycles,No__of_Pedestrians,Max_Injury,No__of_Injuries,No__of_Minimal,No__of_Minor,No__of_Major,No__of_Fatal,X,Y,Latitude,Longitude,ObjectId
16--11114,2016/10/25,4:03 PM,MERIVALE RD btwn OT/NE BOUNDARY & MERIVALE RD (__3ZA1DA),__3ZA1DA,01 - Non intersection,03 - P.D. only,04 - Sideswipe,01 - Clear,01 - Daylight,01 - Dry,10 - No control,,2,0,0,0,,0,,,,,365010.8041,5025245.598,45.36456789,-75.73139095,1252
16--11115,2016/10/25,4:05 PM,LONGFIELDS DR @ WOODROFFE AVE (0000096),96,03 - At intersection,03 - P.D. only,03 - Rear end,02 - Rain,01 - Daylight,02 - Wet,01 - Traffic signal,01 - Functioning,3,0,0,0,,0,,,,,365421.9981,5017105.703,45.2912906,-75.72713913,1253
16--11116,2016/10/25,4:24 PM,ROCKWAY CRES btwn ROCKWAY CRES & END (__3ZABH0),__3ZABH0,01 - Non intersection,03 - P.D. only,06 - SMV unattended vehicle,01 - Clear,01 - Daylight,01 - Dry,10 - No control,,1,0,0,0,,0,,,,,361451.8067,5022693.786,45.34190349,-75.77711127,1254
16--11117,2016/10/25,4:56 PM,ALPINE AVE @ CARLING AVE (0011382),11382,03 - At intersection,02 - Non-fatal injury,02 - Angle,01 - Clear,01 - Daylight,01 - Dry,01 - Traffic signal,01 - Functioning,2,0,0,1,01 - Minimal,2,2,,,,360496.0184,5024942.299,45.36221209,-75.78905309,1255
16--11118,2016/10/25,5:11 PM,TENTH LINE RD btwn 275 N OF DES EPINETTES AVE/FALLINGBROOK SC & DES EP (__3ZA3YNB),__3ZA3YNB,01 - Non intersection,03 - P.D. only,04 - Sideswipe,02 - Rain,05 - Dusk,02 - Wet,10 - No control,,2,0,0,0,,0,,,,,383619.5216,5036948.19,45.46801282,-75.4920059,1256
16--11119,2016/10/25,5:21 PM,BRONSON AVE @ IMPERIAL AVE/PLYMOUTH ST (0010859),10859,03 - At intersection,03 - P.D. only,05 - Turning movement,01 - Clear,05 - Dusk,01 - Dry,10 - No control,,2,0,0,0,,0,,,,,367319.2287,5029643.545,45.4039374,-75.70136902,1257
16--1112,2016/01/23,12:15 PM,DUNNING RD @ OLD MONTREAL RD (0004641),4641,02 - Intersection related,03 - P.D. only,07 - SMV other,01 - Clear,01 - Daylight,01 - Dry,02 - Stop sign,01 - Functioning,1,0,0,0,,0,,,,,390267.8632,5042527.71,45.51742881,-75.40602612,1258
16--11120,2016/10/25,5:23 PM,WAVERLEY ST @ O'CONNOR ST (0007269),7269,03 - At intersection,02 - Non-fatal injury,05 - Turning movement,01 - Clear,01 - Daylight,01 - Dry,02 - Stop sign,01 - Functioning,2,1,0,0,02 - Minor,1,,1,,,368008.5976,5030765.272,45.41396844,-75.69241996,1259
16--11121,2016/10/25,6:16 PM,CHURCHILL AVE @ MADISON AVE (0006692),6692,03 - At intersection,03 - P.D. only,02 - Angle,01 - Clear,07 - Dark,01 - Dry,02 - Stop sign,01 - Functioning,2,0,0,0,,0,,,,,363194.2409,5028366.713,45.39280494,-75.75420881,1260
16--11122,2016/10/25,6:30 PM,REGIONAL ROAD 174 EB btwn OR174 IC109 RAMP55 & TRANSIT (__3ZA28V),__3ZA28V,01 - Non intersection,03 - P.D. only,03 - Rear end,01 - Clear,07 - Dark,01 - Dry,10 - No control,,2,0,0,0,,0,,,,,376502.4252,5035051.431,45.45171392,-75.58328815,1261
16--11123,2016/10/25,6:42 PM,GREENBANK RD @ STRANDHERD DR (0005563),5563,02 - Intersection related,03 - P.D. only,03 - Rear end,01 - Clear,07 - Dark,02 - Wet,01 - Traffic signal,01 - Functioning,2,0,0,0,,0,,,,,363935.3402,5014784.003,45.27052661,-75.74636728,1262
16--11124,2016/10/25,7:00 PM,MURRAY ST btwn DALHOUSIE ST & CUMBERLAND ST (__3ZA3WO),__3ZA3WO,01 - Non intersection,03 - P.D. only,06 - SMV unattended vehicle,01 - Clear,07 - Dark,01 - Dry,10 - No control,,1,0,0,0,,0,,,,,368159.1027,5032673.788,45.431127,-75.69025178,1263
16--11125,2016/10/25,7:20 AM,FALLOWFIELD RD @ VIA PARK PL/275 W OF WOODROFFE AVE (0010154),10154,02 - Intersection related,03 - P.D. only,03 - Rear end,01 - Clear,01 - Daylight,01 - Dry,01 - Traffic signal,01 - Functioning,3,0,0,0,,0,,,,,364848.0655,5017764.779,45.29727021,-75.73437566,1264
16--11126,2016/10/25,7:21 PM,ST. JOSEPH BLVD @ JEANNE D'ARC BLVD (0012421),12421,03 - At intersection,03 - P.D. only,03 - Rear end,01 - Clear,07 - Dark,01 - Dry,11 - Roundabout,01 - Functioning,2,0,0,0,,0,,,,,379859.9143,5036471.995,45.46414253,-75.54015191,1265
16--11127,2016/10/25,7:36 AM,JEANNE D'ARC BLVD @ FORTUNE DR/VINEYARD DR (0004393),4393,03 - At intersection,03 - P.D. only,05 - Turning movement,01 - Clear,01 - Daylight,01 - Dry,01 - Traffic signal,01 - Functioning,2,0,0,0,,0,,,,,379241.477,5037378.408,45.47236392,-75.54792194,1266
16--11128,2016/10/25,7:38 PM,PINECREST RD @ QUEENSVIEW DR (0002739),2739,02 - Intersection related,03 - P.D. only,03 - Rear end,01 - Clear,07 - Dark,01 - Dry,01 - Traffic signal,01 - Functioning,2,0,0,0,,0,,,,,360346.5123,5023780.981,45.35177445,-75.79109185,1267
16--11129,2016/10/25,9:50 PM,ELGIN ST @ WELLINGTON ST W (0002113),2113,03 - At intersection,03 - P.D. only,05 - Turning movement,01 - Clear,07 - Dark,01 - Dry,01 - Traffic signal,01 - Functioning,2,0,0,0,,0,,,,,367664.4843,5031877.753,45.42400918,-75.69667413,1268
16--1113,2016/01/23,12:51 PM,OSGOODE MAIN ST @ RIVER RD (0001701),1701,02 - Intersection related,03 - P.D. only,99 - Other,01 - Clear,01 - Daylight,01 - Dry,02 - Stop sign,01 - Functioning,2,0,0,0,,0,,,,,373031.484,4999618.205,45.13324302,-75.63253301,1269
16--11130,2016/10/26,1:30 PM,BRUYERE ST btwn DALHOUSIE ST & CUMBERLAND ST (__3ZA7CX),__3ZA7CX,01 - Non intersection,03 - P.D. only,06 - SMV unattended vehicle,01 - Clear,01 - Daylight,01 - Dry,10 - No control,,1,0,0,0,,0,,,,,367845.9266,5032861.115,45.43284081,-75.69422988,1270
16--11131,2016/10/26,11:22 AM,INNES RD @ ORLEANS BLVD (0003611),3611,03 - At intersection,03 - P.D. only,05 - Turning movement,01 - Clear,01 - Daylight,01 - Dry,01 - Traffic signal,01 - Functioning,2,0,0,0,,0,,,,,380460.1365,5034296.183,45.44450151,-75.53281223,1271
16--11132,2016/10/26,11:35 PM,LESTER RD btwn ALBION RD & UPLANDS DR (__3ZA2SC),__3ZA2SC,01 - Non intersection,02 - Non-fatal injury,04 - Sideswipe,01 - Clear,07 - Dark,01 - Dry,10 - No control,,2,1,0,0,03 - Major,1,,,1,,372452.611,5022156.716,45.33609649,-75.63682688,1272
16--11133,2016/10/26,2:52 PM,RICHMOND RD btwn NORTHSIDE RD & NORTHSIDE RD (2) (__5UZPGD),__5UZPGD,01 - Non intersection,03 - P.D. only,04 - Sideswipe,01 - Clear,01 - Daylight,01 - Dry,10 - No control,,2,0,0,0,,0,,,,,358306.0485,5021202.131,45.32872849,-75.81741012,1273
16--11134,2016/10/26,4:16 PM,PRINCE OF WALES DR btwn WINDING WAY & MERIVALE RD (__3ZA26F),__3ZA26F,01 - Non intersection,02 - Non-fatal injury,03 - Rear end,01 - Clear,01 - Daylight,01 - Dry,10 - No control,,3,0,0,0,01 - Minimal,2,2,,,,367449.8968,5017526.453,45.2948986,-75.70123509,1274
16--11135,2016/10/26,4:35 PM,KING EDWARD AVE @ GEORGE ST (0008239),8239,02 - Intersection related,03 - P.D. only,03 - Rear end,01 - Clear,01 - Daylight,01 - Dry,02 - Stop sign,01 - Functioning,2,0,0,0,,0,,,,,368462.7082,5032481.586,45.42937007,-75.68639685,1275
16--11136,2016/10/26,4:36 PM,INDUSTRIAL AVE @ ALTA VISTA DR/SANDFORD FLEMIN (0006979),6979,02 - Intersection related,02 - Non-fatal injury,02 - Angle,01 - Clear,01 - Daylight,01 - Dry,01 - Traffic signal,01 - Functioning,2,1,0,0,01 - Minimal,1,1,,,,370884.5043,5030556.911,45.41182801,-75.65570801,1276
16--11137,2016/10/26,5:18 PM,HWY 417 MAITLAND IC126R26/62 @ MAITLAND AVE (0008228),8228,02 - Intersection related,03 - P.D. only,05 - Turning movement,01 - Clear,05 - Dusk,01 - Dry,01 - Traffic signal,01 - Functioning,2,0,0,0,,0,,,,,363145.5106,5025983.593,45.37136603,-75.75511277,1277
16--11138,2016/10/26,5:27 PM,CARRUTHERS AVE btwn LYNDALE AVE & STONEHURST AVE (__3ZBOM4),__3ZBOM4,01 - Non intersection,03 - P.D. only,06 - SMV unattended vehicle,01 - Clear,01 - Daylight,01 - Dry,10 - No control,,1,0,0,0,,0,,,,,365115.9973,5029939.195,45.4067909,-75.72947469,1278
16--11139,2016/10/26,6:20 PM,SARSFIELD RD @ WILHAVEN DR (0004791),4791,02 - Intersection related,03 - P.D. only,07 - SMV other,01 - Clear,07 - Dark,01 - Dry,02 - Stop sign,00 - Unknown,1,0,0,0,,0,,,,,392565.6235,5040958.624,45.50302681,-75.37690163,1279
16--1114,2016/01/23,2:01 PM,GREENBANK RD btwn LISA AVE & BASELINE RD (__3ZA4ML),__3ZA4ML,01 - Non intersection,03 - P.D. only,05 - Turning movement,01 - Clear,01 - Daylight,01 - Dry,10 - No control,,2,0,0,0,,0,,,,,360594.1144,5022593.616,45.3410709,-75.78806604,1280
16--11140,2016/10/26,6:23 PM,RICHMOND RD @ WOODROFFE AVE (0011466),11466,03 - At intersection,02 - Non-fatal injury,05 - Turning movement,01 - Clear,07 - Dark,01 - Dry,01 - Traffic signal,01 - Functioning,2,0,0,0,02 - Minor,2,1,1,,,361584.0278,5026654.304,45.37752929,-75.77496922,1281
16--11141,2016/10/26,6:52 PM,MONTREAL RD/HANNAH ST @ CODY AVE (0009349),9349,02 - Intersection related,03 - P.D. only,04 - Sideswipe,01 - Clear,07 - Dark,01 - Dry,01 - Traffic signal,01 - Functioning,2,0,0,0,,0,,,,,370254.9732,5033169.677,45.43539579,-75.66340283,1282
16--11142,2016/10/26,7:00 AM,SLATER ST btwn BANK ST & O'CONNOR ST (__3ZA35K),__3ZA35K,01 - Non intersection,03 - P.D. only,04 - Sideswipe,01 - Clear,03 - Dawn,01 - Dry,10 - No control,,2,0,0,0,,0,,,,,367561.2636,5031440.038,45.42008004,-75.69804879,1283
16--11143,2016/10/26,7:04 AM,BESSERER ST @ WALLER ST (0008859),8859,02 - Intersection related,03 - P.D. only,04 - Sideswipe,01 - Clear,03 - Dawn,01 - Dry,01 - Traffic signal,01 - Functioning,2,0,0,0,,0,,,,,368316.5919,5032192.197,45.42677953,-75.68830134,1284
16--11144,2016/10/26,7:10 PM,LAURIER AVE @ WALLER ST/TRANSITWAY (0002020),2020,02 - Intersection related,03 - P.D. only,04 - Sideswipe,01 - Clear,07 - Dark,01 - Dry,01 - Traffic signal,01 - Functioning,2,0,0,0,,0,,,,,368454.2368,5031858.995,45.42376899,-75.68658557,1285
16--11145,2016/10/26,7:16 PM,ST. LAURENT BLVD @ COTE ST (0007705),7705,03 - At intersection,03 - P.D. only,05 - Turning movement,01 - Clear,07 - Dark,01 - Dry,01 - Traffic signal,01 - Functioning,2,0,0,0,,0,,,,,371785.0759,5033226.624,45.43576327,-75.64384061,1286
16--11146,2016/10/26,7:31 PM,LOGGERS WAY btwn GALETTA SIDE RD & RIDDLEDALE RD (__3ZAC1U),__3ZAC1U,01 - Non intersection,03 - P.D. only,07 - SMV other,01 - Clear,07 - Dark,01 - Dry,10 - No control,,1,0,0,0,,0,,,,,325270.6949,5032269.91,45.43006335,-76.23838343,1287
16--11147,2016/10/26,7:43 PM,BURKE RD @ CARLING AVE (0000539),539,02 - Intersection related,03 - P.D. only,07 - SMV other,01 - Clear,07 - Dark,01 - Dry,02 - Stop sign,00 - Unknown,1,0,0,0,,0,,,,,352830.7997,5022661.084,45.34225247,-75.88711337,1288
16--11148,2016/10/26,8:00 PM,EARL ARMSTRONG RD @ SPRATT RD (0013063),13063,03 - At intersection,03 - P.D. only,05 - Turning movement,01 - Clear,07 - Dark,01 - Dry,01 - Traffic signal,01 - Functioning,2,0,0,0,,0,,,,,368396.0505,5015010.77,45.2721778,-75.68949556,1289
16--11149,2016/10/26,8:00 PM,BASELINE RD @ CLYDE AVE (0002343),2343,02 - Intersection related,03 - P.D. only,03 - Rear end,01 - Clear,07 - Dark,01 - Dry,01 - Traffic signal,01 - Functioning,2,0,0,0,,0,,,,,364358.7033,5024890.099,45.36142487,-75.73975732,1290
16--1115,2016/01/23,2:30 PM,ABBOTT ST @ JONATHAN PACK ST (0000391),391,02 - Intersection related,03 - P.D. only,03 - Rear end,01 - Clear,01 - Daylight,01 - Dry,02 - Stop sign,01 - Functioning,2,0,0,0,,0,,,,,349857.359,5012982.533,45.25535925,-75.92593285,1291
16--11150,2016/10/26,8:11 AM,BOIS VERT PL btwn AQUAVIEW DR & SILVERADO CRES (__4V3IA4),__4V3IA4,01 - Non intersection,03 - P.D. only,06 - SMV unattended vehicle,01 - Clear,01 - Daylight,01 - Dry,10 - No control,,1,0,0,0,,0,,,,,384549.2226,5035838.731,45.45792541,-75.48029816,1292
16--11151,2016/10/26,8:45 AM,EAGLESON RD @ HAZELDEAN RD/ROBERTSON RD (0002715),2715,02 - Intersection related,03 - P.D. only,04 - Sideswipe,01 - Clear,01 - Daylight,01 - Dry,01 - Traffic signal,01 - Functioning,2,0,0,0,,0,,,,,353673.4054,5018423.801,45.30406643,-75.87678032,1293
16--11152,2016/10/26,8:47 AM,SLEAFORD GT @ CLARIDGE DR (0000004),4,02 - Intersection related,02 - Non-fatal injury,02 - Angle,01 - Clear,01 - Daylight,01 - Dry,02 - Stop sign,01 - Functioning,2,1,0,0,02 - Minor,1,,1,,,365425.6007,5016635.35,45.28705808,-75.72715069,1294
16--11153,2016/10/26,8:52 AM,MANOTICK MAIN ST btwn TIGHE ST & O'GRADY ST (__3ZA39L),__3ZA39L,01 - Non intersection,03 - P.D. only,05 - Turning movement,01 - Clear,01 - Daylight,01 - Dry,10 - No control,,2,0,0,0,,0,,,,,368906.7313,5009753.093,45.22482329,-75.68366578,1295
16--11154,2016/10/26,8:54 AM,TOMPKINS AVE btwn HAYES ST & MCEACHERN CRES (__3ZA69G),__3ZA69G,04 - At/near private drive,03 - P.D. only,06 - SMV unattended vehicle,01 - Clear,01 - Daylight,01 - Dry,10 - No control,,1,0,0,0,,0,,,,,382500.4777,5037744.52,45.47530288,-75.50618884,1296
16--11155,2016/10/26,9:16 AM,BASELINE RD @ MERIVALE RD (0002342),2342,03 - At intersection,03 - P.D. only,02 - Angle,01 - Clear,01 - Daylight,01 - Dry,01 - Traffic signal,01 - Functioning,2,0,0,0,,0,,,,,365054.4769,5025325.734,45.36528519,-75.73082373,1297
16--11156,2016/10/26,9:17 PM,VANIER PKWY NB btwn MCARTHUR AVE & VANIER PKWY (__3ZA4SQ),__3ZA4SQ,01 - Non intersection,03 - P.D. only,04 - Sideswipe,01 - Clear,07 - Dark,01 - Dry,10 - No control,,3,0,0,0,,0,,,,,370230.3406,5032641.629,45.43064694,-75.6637878,1298
16--11157,2016/10/26,9:26 PM,CLYDE AVE @ STARWOOD RD (0001670),1670,03 - At intersection,03 - P.D. only,02 - Angle,01 - Clear,07 - Dark,01 - Dry,02 - Stop sign,01 - Functioning,2,0,0,0,,0,,,,,364458.598,5024657.74,45.35932565,-75.73851037,1299
16--11158,2016/10/26,9:41 PM,TENTH LINE RD btwn TOMPKINS AVE & CANOTIA PL (__3ZA1TD),__3ZA1TD,01 - Non intersection,02 - Non-fatal injury,04 - Sideswipe,01 - Clear,07 - Dark,01 - Dry,10 - No control,,2,0,0,0,01 - Minimal,1,1,,,,383186.9628,5037965.937,45.47721827,-75.49737452,1300
16--11159,2016/10/26,9:45 AM,HUNT CLUB RD @ RIVERSIDE DR (0002237),2237,02 - Intersection related,03 - P.D. only,03 - Rear end,01 - Clear,01 - Daylight,01 - Dry,01 - Traffic signal,01 - Functioning,2,0,0,0,,0,,,,,368038.3593,5021946.741,45.33461891,-75.69316891,1301
16--11430,2016/11/03,7:18 AM,GREENBANK RD @ LISA AVE (0002753),2753,03 - At intersection,02 - Non-fatal injury,07 - SMV other,02 - Rain,01 - Daylight,02 - Wet,01 - Traffic signal,01 - Functioning,1,0,0,1,02 - Minor,1,,1,,,360553.0188,5022892.25,45.34376128,-75.78855672,1302
16--1116,2016/01/23,2:30 PM,DES RAVINS PL btwn FOREST VALLEY DR & FOREST VALLEY DR (__3ZA62S),__3ZA62S,04 - At/near private drive,03 - P.D. only,99 - Other,01 - Clear,01 - Daylight,05 - Packed snow,10 - No control,,2,0,0,0,,0,,,,,379986.2693,5035307.182,45.45364885,-75.53871445,1303
16--11160,2016/10/27,1:07 AM,BANK ST btwn PATTERSON AVE & POWELL AVE (__3ZA3OE),__3ZA3OE,01 - Non intersection,02 - Non-fatal injury,03 - Rear end,01 - Clear,07 - Dark,01 - Dry,10 - No control,,2,0,0,0,01 - Minimal,1,1,,,,368159.1923,5029978.354,45.40687439,-75.69059724,1304
16--11161,2016/10/27,1:21 PM,TENTH LINE RD @ CHARLEMAGNE BLVD N/TOMPKINS AV (0009222),9222,03 - At intersection,02 - Non-fatal injury,05 - Turning movement,01 - Clear,01 - Daylight,01 - Dry,01 - Traffic signal,01 - Functioning,2,0,0,0,01 - Minimal,2,2,,,,383182.7508,5037978.473,45.47733153,-75.49742638,1305
16--11162,2016/10/27,1:32 PM,BANK ST @ RIVERSIDE DR S (0002704),2704,03 - At intersection,03 - P.D. only,02 - Angle,01 - Clear,01 - Daylight,01 - Dry,01 - Traffic signal,01 - Functioning,2,0,0,0,,0,,,,,369305.4086,5027895.511,45.38802897,-75.6762284,1306
16--11163,2016/10/27,1:44 PM,BLOHM DR btwn LORRY GREENBERG DR & 68 N OF BRISTON PRIV (__3ZA5M2B),__3ZA5M2B,01 - Non intersection,02 - Non-fatal injury,07 - SMV other,01 - Clear,01 - Daylight,01 - Dry,10 - No control,,1,0,0,0,01 - Minimal,1,1,,,,373765.4517,5025805.691,45.36880072,-75.61956948,1307
16--11164,2016/10/27,1:46 PM,ARGYLE AVE N @ ELGIN ST (0007262),7262,03 - At intersection,03 - P.D. only,07 - SMV other,01 - Clear,01 - Daylight,01 - Dry,01 - Traffic signal,01 - Functioning,1,0,0,1,,0,,,,,368493.3115,5030671.408,45.41307993,-75.68623981,1308
16--11165,2016/10/27,10:00 AM,GREENBANK RD @ CANFIELD RD/CRAIG HENRY DR (0000154),154,02 - Intersection related,02 - Non-fatal injury,03 - Rear end,01 - Clear,01 - Daylight,01 - Dry,01 - Traffic signal,01 - Functioning,2,0,0,0,01 - Minimal,1,1,,,,361106.677,5021363.453,45.32996096,-75.78166621,1309
16--11166,2016/10/27,10:00 PM,SOMERSET ST    W btwn CAMBRIDGE ST N & BRONSON AVE (__3ZA33K),__3ZA33K,04 - At/near private drive,02 - Non-fatal injury,07 - SMV other,03 - Snow,07 - Dark,02 - Wet,10 - No control,,1,0,0,1,01 - Minimal,1,1,,,,366942.2738,5030461.14,45.41132746,-75.70608079,1310
16--11167,2016/10/27,10:17 PM,EARL ARMSTRONG RD btwn LIMEBANK RD & BOWESVILLE RD (__3ZA6LB),__3ZA6LB,01 - Non intersection,03 - P.D. only,07 - SMV other,04 - Freezing Rain,07 - Dark,04 - Slush,10 - No control,,1,0,0,0,,0,,,,,372385.6818,5017344.91,45.29280772,-75.63833713,1311
16--11168,2016/10/27,10:32 AM,DUNROBIN RD btwn PORCUPINE TR & THOMAS A. DOLAN PKWY (__3ZA3EC),__3ZA3EC,01 - Non intersection,03 - P.D. only,07 - SMV other,03 - Snow,01 - Daylight,04 - Slush,10 - No control,,1,0,0,0,,0,,,,,342262.389,5031544.086,45.42282845,-76.02128979,1312
16--11169,2016/10/27,10:40 AM,BAYCREST DR @ WALKLEY RD (0006958),6958,02 - Intersection related,03 - P.D. only,04 - Sideswipe,01 - Clear,01 - Daylight,01 - Dry,01 - Traffic signal,01 - Functioning,2,0,0,0,,0,,,,,371421.9501,5026590.307,45.3760871,-75.64937802,1313
16--1117,2016/01/23,2:38 PM,CLEGG ST @ COLONEL BY DR (0008785),8785,02 - Intersection related,03 - P.D. only,07 - SMV other,01 - Clear,01 - Daylight,01 - Dry,01 - Traffic signal,01 - Functioning,1,0,0,0,,0,,,,,368967.5118,5029741.652,45.40467099,-75.68030296,1314
16--11170,2016/10/27,10:49 PM,ANDERSON RD btwn WEIR RD & DOLMAN RIDGE RD (__3ZA2B7),__3ZA2B7,01 - Non intersection,03 - P.D. only,07 - SMV other,02 - Rain,07 - Dark,03 - Loose snow,10 - No control,,1,0,0,0,,0,,,,,377928.3838,5031138.293,45.41635833,-75.56564099,1315
16--11171,2016/10/27,11:12 PM,BRONSON AVE @ LAURIER AVE (0006342),6342,03 - At intersection,02 - Non-fatal injury,07 - SMV other,03 - Snow,07 - Dark,02 - Wet,01 - Traffic signal,01 - Functioning,1,0,0,1,02 - Minor,1,,1,,,366804.701,5030860.327,45.41493143,-75.70778801,1316
16--11172,2016/10/27,11:16 PM,MERTON ST @ SCOTT ST (0006492),6492,02 - Intersection related,03 - P.D. only,03 - Rear end,02 - Rain,07 - Dark,02 - Wet,01 - Traffic signal,01 - Functioning,2,0,0,0,,0,,,,,365328.4161,5029955.9,45.40692287,-75.72675928,1317
16--11173,2016/10/27,11:30 PM,HIGHWAY 417 btwn HWY417 IC138 RAMP36 & HIGHWAY 417 (__3ZA29F),__3ZA29F,01 - Non intersection,03 - P.D. only,07 - SMV other,03 - Snow,07 - Dark,04 - Slush,10 - No control,,1,0,0,0,,0,,,,,352913.9585,5020242.037,45.32047974,-75.88628744,1318
16--11174,2016/10/27,11:49 AM,WOODROFFE AVE @ GEORGINA DR/LENESTER AVE (0002351),2351,03 - At intersection,03 - P.D. only,05 - Turning movement,01 - Clear,01 - Daylight,01 - Dry,01 - Traffic signal,01 - Functioning,2,0,0,0,,0,,,,,361909.8193,5025371.02,45.36595594,-75.77095815,1319
16--11431,2016/11/03,7:19 AM,MER BLEUE RD btwn 210 S OF INNES RD & RENAUD RD (__3ZA2S1B),__3ZA2S1B,04 - At/near private drive,03 - P.D. only,04 - Sideswipe,02 - Rain,03 - Dawn,02 - Wet,10 - No control,,2,0,0,0,,0,,,,,382975.818,5034830.193,45.44902927,-75.50057346,1320
16--11175,2016/10/27,11:51 AM,PIERCE RD btwn MALAKOFF RD & MCCORDICK RD (__3ZABM3),__3ZABM3,01 - Non intersection,03 - P.D. only,07 - SMV other,01 - Clear,01 - Daylight,01 - Dry,10 - No control,,1,0,0,0,,0,,,,,365550.7522,4996937.825,45.10980714,-75.72795613,1321
16--11176,2016/10/27,Unknown,LAVERGNE ST btwn DES PERES BLANCS AVE & PERRIER AVE (__3ZA8A4),__3ZA8A4,01 - Non intersection,03 - P.D. only,06 - SMV unattended vehicle,01 - Clear,00 - Unknown,01 - Dry,10 - No control,,1,0,0,0,,0,,,,,370312.8629,5033900.772,45.44196844,-75.6625657,1322
16--11177,2016/10/27,3:05 PM,BANK ST @ PATTERSON AVE (0007237),7237,02 - Intersection related,03 - P.D. only,04 - Sideswipe,01 - Clear,01 - Daylight,01 - Dry,02 - Stop sign,01 - Functioning,2,0,0,0,,0,,,,,368155.6101,5029983.906,45.40692467,-75.69064228,1323
16--11178,2016/10/27,3:39 PM,MCEWEN AVE btwn AMBLESIDE DR & RICHMOND RD (__3ZBPI8),__3ZBPI8,01 - Non intersection,03 - P.D. only,06 - SMV unattended vehicle,01 - Clear,01 - Daylight,01 - Dry,10 - No control,,1,0,0,0,,0,,,,,361067.8968,5025903.717,45.3708172,-75.78164428,1324
16--11179,2016/10/27,3:45 PM,ISABELLA ST/HWY417 IC119AR75 @ METCALFE ST (0011380),11380,02 - Intersection related,03 - P.D. only,04 - Sideswipe,01 - Clear,01 - Daylight,01 - Dry,01 - Traffic signal,01 - Functioning,2,0,0,0,,0,,,,,368450.3528,5030400.126,45.41064294,-75.68682363,1325
16--1118,2016/01/23,2:40 AM,BLACKBURN BYPASS EB btwn NAVAN RD & INNES RD E (__3ZA3JA),__3ZA3JA,01 - Non intersection,03 - P.D. only,07 - SMV other,01 - Clear,07 - Dark,01 - Dry,10 - No control,,1,0,0,0,,0,,,,,379808.2133,5033772.125,45.43985668,-75.54122467,1326
16--11180,2016/10/27,4:00 PM,ST. LAURENT BLVD btwn INDUSTRIAL AVE & BOURASSA ST (__3ZBOFB),__3ZBOFB,01 - Non intersection,03 - P.D. only,03 - Rear end,01 - Clear,01 - Daylight,02 - Wet,10 - No control,,2,0,0,0,,0,,,,,373140.0555,5029914.435,45.40583068,-75.62698359,1327
16--11181,2016/10/27,4:15 PM,MARCH RD btwn CAMPEAU DR/HWY 417 MARCH IC138R63 & HWY417 IC138 RAMP62 (__3ZA415),__3ZA415,01 - Non intersection,03 - P.D. only,99 - Other,03 - Snow,01 - Daylight,02 - Wet,10 - No control,,2,0,0,0,,0,,,,,352797.8701,5020570.749,45.32344551,-75.88773625,1328
16--11182,2016/10/27,4:18 PM,RICHMOND RD @ HOLLY ACRES RD/NANAIMO DR (0001068),1068,02 - Intersection related,03 - P.D. only,03 - Rear end,02 - Rain,01 - Daylight,02 - Wet,01 - Traffic signal,01 - Functioning,2,0,0,0,,0,,,,,359059.4998,5022747.254,45.34257371,-75.80762944,1329
16--11183,2016/10/27,4:40 PM,DEAKIN ST @ PRINCE OF WALES DR (0001073),1073,02 - Intersection related,02 - Non-fatal injury,04 - Sideswipe,03 - Snow,05 - Dusk,02 - Wet,01 - Traffic signal,01 - Functioning,2,0,0,0,02 - Minor,1,,1,,,367390.0525,5021524.146,45.3308746,-75.70149301,1330
16--11184,2016/10/27,4:41 PM,BOOTH ST @ CARLING AVE (0002135),2135,03 - At intersection,03 - P.D. only,05 - Turning movement,03 - Snow,01 - Daylight,02 - Wet,01 - Traffic signal,01 - Functioning,2,0,0,0,,0,,,,,367094.0533,5029105.901,45.39911991,-75.70431308,1331
16--11185,2016/10/27,4:44 PM,KANATA AVE @ TERRY FOX DR (0012691),12691,02 - Intersection related,03 - P.D. only,07 - SMV other,03 - Snow,05 - Dusk,02 - Wet,01 - Traffic signal,01 - Functioning,1,0,0,0,,0,,,,,349306.6957,5019213.655,45.31146403,-75.93238954,1332
16--11186,2016/10/27,4:45 PM,INNES RD @ LANTHIER DR/PRESTWICK DR (0004251),4251,02 - Intersection related,03 - P.D. only,03 - Rear end,02 - Rain,01 - Daylight,02 - Wet,01 - Traffic signal,00 - Unknown,2,0,0,0,,0,,,,,383541.1942,5035988.563,45.45938779,-75.49316116,1333
16--11187,2016/10/27,4:48 PM,WEST HUNT CLUB RD @ ROYDON PL/SUNDERLAND ST (0009775),9775,02 - Intersection related,03 - P.D. only,03 - Rear end,03 - Snow,01 - Daylight,02 - Wet,01 - Traffic signal,01 - Functioning,2,0,0,0,,0,,,,,365974.5358,5022169.076,45.33680241,-75.71947037,1334