Anom_ID,Accident_Date,Accident_Time,Location,Geo_ID,Accident_Location,Classification_of_Accident,Initial_Impact_Type,Environment_Condition,Light,Road_Surface_Condition,Traffic_Control,Traffic_Control_Condition,No__of_Vehicles,No__of_Bicycles,No__of_Motorcycles,No__of_Pedestrians,Max_Injury,No__of_Injuries,No__of_Minimal,No__of_Minor,No__of_Major,No__of_Fatal,X,Y,Latitude,Longitude,ObjectId
16--11188,2016/10/27,4:50 PM,WOODROFFE AVE @ HWY 417 WOODROFF IC127R26/HWY4 (0002355),2355,02 - Intersection related,02 - Non-fatal injury,04 - Sideswipe,03 - Snow,01 - Daylight,02 - Wet,01 - Traffic signal,01 - Functioning,3,0,0,0,02 - Minor,1,,1,,,362082.0283,5024938.859,45.36205334,-75.76881008,1335
16--11189,2016/10/27,5:32 PM,BATHGATE DR @ DEN HAAG DR (0008960),8960,03 - At intersection,03 - P.D. only,05 - Turning movement,02 - Rain,07 - Dark,02 - Wet,02 - Stop sign,01 - Functioning,2,0,0,0,,0,,,,,373407.5001,5033924.916,45.44188883,-75.62300893,1336
16--1119,2016/01/23,2:44 AM,PRINCE OF WALES DR btwn BORDEN SIDE RD & NORMANDY CRES (__3ZA36O),__3ZA36O,01 - Non intersection,02 - Non-fatal injury,07 - SMV other,01 - Clear,07 - Dark,01 - Dry,10 - No control,,1,0,0,0,02 - Minor,1,,1,,,367231.778,5024285.348,45.35573348,-75.70316356,1337
16--11190,2016/10/27,5:45 PM,CONROY RD @ WALKLEY RD (0002648),2648,02 - Intersection related,03 - P.D. only,03 - Rear end,03 - Snow,07 - Dark,02 - Wet,01 - Traffic signal,01 - Functioning,2,0,0,0,,0,,,,,372903.6267,5027464.21,45.38380767,-75.63034175,1338
16--11191,2016/10/27,6:10 PM,GOLFLINKS DR E @ JOCKVALE RD (0010401),10401,02 - Intersection related,03 - P.D. only,03 - Rear end,03 - Snow,05 - Dusk,03 - Loose snow,02 - Stop sign,01 - Functioning,2,0,0,0,,0,,,,,366027.9035,5012607.394,45.25076246,-75.71996991,1339
16--11192,2016/10/27,6:13 PM,LIMEBANK RD btwn EARL ARMSTRONG RD & RIDEAU RD (__3ZA6L5),__3ZA6L5,01 - Non intersection,03 - P.D. only,07 - SMV other,05 - Drifting Snow,07 - Dark,02 - Wet,10 - No control,,1,0,0,0,,0,,,,,370212.0356,5015818.422,45.27927835,-75.66624761,1340
16--11193,2016/10/27,6:20 PM,EAGLESON RD @ HOPE SIDE RD/TERRY FOX DR (0000509),509,03 - At intersection,03 - P.D. only,02 - Angle,03 - Snow,05 - Dusk,04 - Slush,01 - Traffic signal,01 - Functioning,2,0,0,0,,0,,,,,355187.7795,5014616.261,45.26969841,-75.85785734,1341
16--11194,2016/10/27,6:21 PM,SHEA RD btwn TO BE DETERMINED & FALLOWFIELD RD (__3ZABGH),__3ZABGH,01 - Non intersection,03 - P.D. only,07 - SMV other,03 - Snow,07 - Dark,04 - Slush,10 - No control,,1,0,0,0,,0,,,,,353962.8667,5011127.091,45.23838855,-75.87381185,1342
16--11195,2016/10/27,6:32 PM,RAMSAYVILLE RD btwn WHYTE SIDE RD & LEITRIM RD (__3ZA6GH),__3ZA6GH,01 - Non intersection,02 - Non-fatal injury,01 - Approaching,03 - Snow,07 - Dark,02 - Wet,10 - No control,,2,0,0,0,01 - Minimal,2,2,,,,378367.7362,5024746.854,45.35880593,-75.56098087,1343
16--11196,2016/10/27,7:00 PM,INDUSTRIAL AVE @ RUSSELL RD (0007732),7732,03 - At intersection,03 - P.D. only,05 - Turning movement,03 - Snow,07 - Dark,02 - Wet,01 - Traffic signal,01 - Functioning,2,0,0,0,,0,,,,,372465.9481,5030280.651,45.40919122,-75.63554378,1344
16--11197,2016/10/27,7:05 AM,REGIONAL RD 174 @ TRIM RD (0012835),12835,02 - Intersection related,03 - P.D. only,03 - Rear end,01 - Clear,01 - Daylight,01 - Dry,01 - Traffic signal,01 - Functioning,2,0,0,0,,0,,,,,384351.7894,5039989.961,45.49529675,-75.48214996,1345
16--11198,2016/10/27,7:06 PM,DONALD ST @ ST. LAURENT BLVD (0008630),8630,03 - At intersection,02 - Non-fatal injury,07 - SMV other,03 - Snow,07 - Dark,02 - Wet,01 - Traffic signal,01 - Functioning,1,0,0,1,02 - Minor,1,,1,,,372093.7129,5032472.999,45.42895287,-75.63999926,1346
16--11199,2016/10/27,7:17 AM,REGIONAL ROAD 174 btwn Continuation of REGIONAL ROAD 174 & OR174 IC112 (__3ZA2YI),__3ZA2YI,01 - Non intersection,03 - P.D. only,03 - Rear end,01 - Clear,01 - Daylight,01 - Dry,10 - No control,,3,0,0,0,,0,,,,,374122.7999,5032336.938,45.42753049,-75.61409014,1347
16--112,2016/01/04,5:04 PM,CLEARBROOK DR/MARKETPLACE AVE @ LONGFIELDS DR (0011162),11162,02 - Intersection related,03 - P.D. only,03 - Rear end,01 - Clear,05 - Dusk,01 - Dry,01 - Traffic signal,01 - Functioning,2,0,0,0,,0,,,,,364632.5202,5014954.164,45.27199875,-75.73746256,1348
16--1120,2016/01/23,2:55 AM,CLYDE AVE @ WOODWARD DR (0003329),3329,03 - At intersection,03 - P.D. only,07 - SMV other,01 - Clear,07 - Dark,02 - Wet,02 - Stop sign,01 - Functioning,1,0,0,0,,0,,,,,363732.3412,5026364.184,45.37474143,-75.74757604,1349
16--11200,2016/10/27,7:19 AM,INDUSTRIAL AVE @ ALTA VISTA DR/SANDFORD FLEMIN (0006979),6979,03 - At intersection,03 - P.D. only,05 - Turning movement,01 - Clear,01 - Daylight,01 - Dry,01 - Traffic signal,01 - Functioning,2,0,0,0,,0,,,,,370884.9433,5030556.911,45.41182797,-75.6557024,1350
16--11201,2016/10/27,7:22 AM,REGIONAL ROAD 174 btwn TRANSIT & OR174 IC109 RAMP56 (__3ZAZ6U),__3ZAZ6U,01 - Non intersection,03 - P.D. only,03 - Rear end,01 - Clear,01 - Daylight,01 - Dry,10 - No control,,2,0,0,0,,0,,,,,376208.7681,5034442.95,45.44626925,-75.58713039,1351
16--11202,2016/10/27,7:23 PM,DAVIDSON RD btwn BANK ST & CONROY RD (__3ZA8OR),__3ZA8OR,01 - Non intersection,02 - Non-fatal injury,07 - SMV other,03 - Snow,07 - Dark,04 - Slush,10 - No control,,1,0,0,0,01 - Minimal,1,1,,,,374019.736,5023129.31,45.34469467,-75.61669837,1352
16--11203,2016/10/27,7:36 AM,RICHARDSON SIDE RD btwn CARP RD & OAK CREEK RD (__3ZAC40),__3ZAC40,01 - Non intersection,03 - P.D. only,07 - SMV other,01 - Clear,01 - Daylight,01 - Dry,10 - No control,,1,0,0,0,,0,,,,,346325.4977,5017267.703,45.29413626,-75.97057118,1353
16--11204,2016/10/27,7:53 AM,BASELINE RD/HERON RD @ PRINCE OF WALES DR (0002345),2345,02 - Intersection related,03 - P.D. only,03 - Rear end,01 - Clear,01 - Daylight,01 - Dry,01 - Traffic signal,00 - Unknown,2,0,0,0,,0,,,,,366873.94,5026438.057,45.37513486,-75.70745987,1354
16--11205,2016/10/27,7:58 AM,BRONSON AVE @ GLADSTONE AVE (0002110),2110,02 - Intersection related,03 - P.D. only,04 - Sideswipe,01 - Clear,01 - Daylight,01 - Dry,01 - Traffic signal,01 - Functioning,2,0,0,0,,0,,,,,367134.3603,5030081.344,45.40789308,-75.70367499,1355
16--11206,2016/10/27,8:01 PM,FISHER AVE @ KINTYRE PRIV (0002340),2340,03 - At intersection,02 - Non-fatal injury,07 - SMV other,02 - Rain,07 - Dark,02 - Wet,01 - Traffic signal,01 - Functioning,1,0,0,1,02 - Minor,1,,1,,,366497.537,5025236.758,45.36435907,-75.71241524,1356
16--11207,2016/10/27,8:15 AM,PINECREST RD btwn QUEENSVIEW DR & HWY417 IC129 RAMP36 (__3ZA4LW),__3ZA4LW,04 - At/near private drive,03 - P.D. only,03 - Rear end,01 - Clear,01 - Daylight,01 - Dry,10 - No control,,2,0,0,0,,0,,,,,360349.9923,5023776.467,45.35173355,-75.79104795,1357
16--11208,2016/10/27,8:15 AM,ST. JOSEPH BLVD @ JEANNE D'ARC BLVD (0012421),12421,03 - At intersection,03 - P.D. only,02 - Angle,01 - Clear,01 - Daylight,01 - Dry,11 - Roundabout,01 - Functioning,2,0,0,0,,0,,,,,379861.0707,5036472.123,45.46414356,-75.5401371,1358
16--11209,2016/10/27,8:15 PM,DALHOUSIE ST @ GUIGUES AVE (0008427),8427,03 - At intersection,03 - P.D. only,05 - Turning movement,03 - Snow,07 - Dark,02 - Wet,02 - Stop sign,01 - Functioning,2,0,0,0,,0,,,,,367912.0391,5032713.808,45.43150943,-75.69340388,1359
16--1121,2016/01/23,3:00 AM,HWY417 IC118 RAMP45 btwn HWY417 IC118 RAMP35 & LEES AVE (__3ZAY9P),__3ZAY9P,01 - Non intersection,03 - P.D. only,07 - SMV other,01 - Clear,"08 - Dark, artificial",01 - Dry,10 - No control,,1,0,0,0,,0,,,,,369513.4664,5030997.283,45.41591844,-75.67316464,1360
16--11210,2016/10/27,8:33 AM,BAYSHORE DR btwn WOODRIDGE CRES S & BAYSHORE CS (__3ZAA4OB),__3ZAA4OB,01 - Non intersection,03 - P.D. only,04 - Sideswipe,01 - Clear,01 - Daylight,01 - Dry,10 - No control,,2,0,0,0,,0,,,,,359227.7415,5023517.629,45.34949253,-75.805398,1361
16--11211,2016/10/27,8:45 PM,ARGYLE AVE @ BANK ST (0007251),7251,02 - Intersection related,03 - P.D. only,04 - Sideswipe,03 - Snow,07 - Dark,02 - Wet,10 - No control,,2,0,0,0,,0,,,,,367994.7621,5030373.756,45.41044695,-75.69264691,1362
16--11212,2016/10/27,9:27 PM,CAMPEAU DR @ TERON RD/COLCHESTER SQ (0009033),9033,03 - At intersection,03 - P.D. only,05 - Turning movement,03 - Snow,07 - Dark,03 - Loose snow,01 - Traffic signal,01 - Functioning,2,0,0,0,,0,,,,,352563.0639,5020466.428,45.32252282,-75.89074135,1363
16--11213,2016/10/27,9:30 PM,GOULBOURN FORCED RD @ INNOVATION DR (0013945),13945,02 - Intersection related,03 - P.D. only,07 - SMV other,03 - Snow,07 - Dark,04 - Slush,10 - No control,00 - Unknown,1,0,0,0,,0,,,,,349438.006,5022666.636,45.34252653,-75.93040365,1364
16--11214,2016/10/27,9:39 PM,ALBERT ST btwn O'CONNOR ST & METCALFE ST (__3ZA35U),__3ZA35U,01 - Non intersection,03 - P.D. only,03 - Rear end,03 - Snow,07 - Dark,02 - Wet,10 - No control,,2,0,0,0,,0,,,,,367648.6363,5031586.667,45.42139151,-75.69691376,1365
16--11215,2016/10/27,9:40 PM,LESTER RD btwn ALBION RD & UPLANDS DR (__3ZA2SC),__3ZA2SC,01 - Non intersection,03 - P.D. only,07 - SMV other,03 - Snow,07 - Dark,04 - Slush,10 - No control,,1,0,0,0,,0,,,,,372451.0021,5022157.444,45.3361032,-75.6368473,1366
16--11216,2016/10/27,9:41 AM,BANK ST btwn HERON RD & ANOKA ST (__3ZA360),__3ZA360,04 - At/near private drive,03 - P.D. only,02 - Angle,01 - Clear,01 - Daylight,01 - Dry,10 - No control,,2,0,0,0,,0,,,,,370003.4039,5026827.612,45.37835574,-75.66745659,1367
16--11217,2016/10/27,9:54 PM,BLAIR RD btwn OGILVIE RD & OR174 IC112 RAMP36 (__3ZA25Q),__3ZA25Q,01 - Non intersection,03 - P.D. only,03 - Rear end,03 - Snow,07 - Dark,04 - Slush,10 - No control,00 - Unknown,2,0,0,0,,0,,,,,374583.771,5033048.769,45.43388932,-75.608099,1368
16--11218,2016/10/28,1:00 PM,SHEFFIELD RD @ WALKLEY RD (0005156),5156,02 - Intersection related,03 - P.D. only,03 - Rear end,02 - Rain,01 - Daylight,02 - Wet,01 - Traffic signal,01 - Functioning,2,0,0,0,,0,,,,,375257.7351,5028784.125,45.39545078,-75.60009587,1369
16--11219,2016/10/28,1:05 PM,HOLLAND AVE btwn WELLINGTON ST W & BYRON AVE (__3ZA4PY),__3ZA4PY,04 - At/near private drive,03 - P.D. only,99 - Other,01 - Clear,01 - Daylight,01 - Dry,10 - No control,,2,0,0,0,,0,,,,,364934.5313,5029143.017,45.39964268,-75.73188977,1370
16--1122,2016/01/23,3:17 PM,CATHERINE ST @ KENT ST (0002707),2707,03 - At intersection,03 - P.D. only,02 - Angle,01 - Clear,01 - Daylight,01 - Dry,01 - Traffic signal,01 - Functioning,2,0,0,0,,0,,,,,367908.8052,5030187.906,45.40878249,-75.69376875,1371
16--11220,2016/10/28,1:23 PM,INDUSTRIAL AVE @ ALTA VISTA DR/SANDFORD FLEMIN (0006979),6979,02 - Intersection related,03 - P.D. only,03 - Rear end,02 - Rain,01 - Daylight,02 - Wet,01 - Traffic signal,00 - Unknown,2,0,0,0,,0,,,,,370885.4505,5030556.114,45.41182075,-75.65569603,1372
16--11221,2016/10/28,1:25 PM,ROYDON PL btwn WOODFIELD DR & WEST HUNT CLUB RD (__3ZAYGP),__3ZAYGP,04 - At/near private drive,03 - P.D. only,05 - Turning movement,01 - Clear,01 - Daylight,02 - Wet,10 - No control,,2,0,0,0,,0,,,,,365814.5734,5022392.865,45.33882996,-75.72148355,1373
16--11222,2016/10/28,10:24 AM,WEST HUNT CLUB RD EB btwn CEDARVIEW RD & GREENBANK RD (__3ZA198),__3ZA198,01 - Non intersection,03 - P.D. only,07 - SMV other,02 - Rain,01 - Daylight,02 - Wet,10 - No control,,1,0,0,0,,0,,,,,361477.4816,5020486.233,45.32203789,-75.77703645,1374
16--11223,2016/10/28,10:48 AM,HUNT CLUB RD @ DOWNPATRICK RD/MCCARTHY RD (0006931),6931,02 - Intersection related,03 - P.D. only,03 - Rear end,01 - Clear,01 - Daylight,02 - Wet,01 - Traffic signal,01 - Functioning,3,0,0,0,,0,,,,,370508.5626,5023400.095,45.34746882,-75.66146295,1375
16--11224,2016/10/28,12:16 AM,SLACK RD btwn VAAN DR & GRENFELL CRES (__3ZA6N7),__3ZA6N7,01 - Non intersection,03 - P.D. only,07 - SMV other,03 - Snow,07 - Dark,03 - Loose snow,10 - No control,,1,0,0,0,,0,,,,,365032.3116,5020416.924,45.32111825,-75.73170435,1376
16--11225,2016/10/28,2:16 PM,PINECREST RD @ QUEENSVIEW DR (0002739),2739,03 - At intersection,02 - Non-fatal injury,02 - Angle,01 - Clear,01 - Daylight,01 - Dry,01 - Traffic signal,01 - Functioning,2,0,0,0,02 - Minor,1,,1,,,360346.0211,5023783.286,45.35179523,-75.79109786,1377
16--11226,2016/10/28,2:25 PM,WELLINGTON ST    W btwn ISLAND PARK DR & PICCADILLY AVE (__3ZA4PP),__3ZA4PP,04 - At/near private drive,03 - P.D. only,02 - Angle,02 - Rain,01 - Daylight,02 - Wet,10 - No control,,2,0,0,0,,0,,,,,364185.6011,5028899.846,45.39751861,-75.74148443,1378
16--11227,2016/10/28,2:58 PM,ORLEANS BLVD @ ST. JOSEPH BLVD (0004144),4144,03 - At intersection,02 - Non-fatal injury,05 - Turning movement,01 - Clear,01 - Daylight,02 - Wet,01 - Traffic signal,01 - Functioning,2,0,0,0,02 - Minor,2,,2,,,380631.5182,5036979.931,45.4686292,-75.53020787,1379
16--11228,2016/10/28,3:31 PM,MARCH RD @ TERON RD (0011926),11926,03 - At intersection,03 - P.D. only,05 - Turning movement,01 - Clear,01 - Daylight,01 - Dry,01 - Traffic signal,01 - Functioning,2,0,0,0,,0,,,,,351414.4919,5021779.225,45.33441287,-75.90526795,1380
16--11229,2016/10/28,3:41 PM,HUNT CLUB RD @ RIVERSIDE DR (0002237),2237,02 - Intersection related,02 - Non-fatal injury,03 - Rear end,02 - Rain,01 - Daylight,02 - Wet,01 - Traffic signal,01 - Functioning,2,0,0,0,01 - Minimal,1,1,,,,368035.0467,5021945.913,45.33461176,-75.69321128,1381
16--1123,2016/01/23,3:19 PM,RIVERSIDE DR @ TREMBLAY RD/HWY417 IC117 RAMP52 (0010790),10790,02 - Intersection related,03 - P.D. only,03 - Rear end,01 - Clear,01 - Daylight,01 - Dry,01 - Traffic signal,01 - Functioning,2,0,0,0,,0,,,,,370801.8561,5031016.13,45.41596768,-75.65670231,1382
16--11230,2016/10/28,3:44 AM,HIGHWAY 417 btwn HWY417 IC138 RAMP36 & HIGHWAY 417 (__3ZA29F),__3ZA29F,01 - Non intersection,02 - Non-fatal injury,07 - SMV other,03 - Snow,07 - Dark,04 - Slush,10 - No control,,1,0,0,0,01 - Minimal,1,1,,,,352917.9272,5020247.329,45.32052709,-75.88623631,1383
16--11231,2016/10/28,3:45 PM,PRINCE OF WALES DR btwn JOCKVALE RD & MAPLEHILL WAY (__3ZA29X),__3ZA29X,04 - At/near private drive,03 - P.D. only,03 - Rear end,02 - Rain,01 - Daylight,02 - Wet,10 - No control,,2,0,0,0,,0,,,,,366730.6976,5012373.6,45.24859729,-75.71104644,1384
16--11232,2016/10/28,3:53 PM,BLACKLEAF DR @ JOCKVALE RD (0013602),13602,03 - At intersection,02 - Non-fatal injury,02 - Angle,01 - Clear,01 - Daylight,02 - Wet,02 - Stop sign,01 - Functioning,2,0,0,0,01 - Minimal,1,1,,,,365567.3359,5012899.706,45.25343261,-75.72580116,1385
16--11233,2016/10/28,4:00 PM,BANK ST btwn RIDEAU RD & TURN LANE (__3ZBPH9),__3ZBPH9,01 - Non intersection,03 - P.D. only,03 - Rear end,01 - Clear,01 - Daylight,02 - Wet,10 - No control,,2,0,0,0,,0,,,,,377628.745,5016222.822,45.28218781,-75.57166552,1386
16--11234,2016/10/28,4:17 PM,JOCKVALE RD @ EXETER DR/TARTAN DR (0010065),10065,02 - Intersection related,03 - P.D. only,03 - Rear end,01 - Clear,01 - Daylight,02 - Wet,11 - Roundabout,01 - Functioning,2,0,0,0,,0,,,,,363325.3358,5014773.002,45.27047866,-75.75414193,1387
16--11235,2016/10/28,4:20 PM,DEAKIN ST @ PRINCE OF WALES DR (0001073),1073,02 - Intersection related,03 - P.D. only,03 - Rear end,02 - Rain,01 - Daylight,02 - Wet,01 - Traffic signal,01 - Functioning,2,0,0,0,,0,,,,,367392.3674,5021523.074,45.33086475,-75.70146361,1388
16--11236,2016/10/28,4:33 PM,PARKDALE AVE @ WELLINGTON ST (0002260),2260,03 - At intersection,03 - P.D. only,02 - Angle,01 - Clear,01 - Daylight,02 - Wet,01 - Traffic signal,01 - Functioning,2,0,0,0,,0,,,,,365149.042,5029270.336,45.40076981,-75.72913445,1389
16--11237,2016/10/28,4:45 PM,BRONSON AVE @ CARLING AVE/GLEBE AVE (0002134),2134,03 - At intersection,03 - P.D. only,03 - Rear end,01 - Clear,01 - Daylight,02 - Wet,01 - Traffic signal,01 - Functioning,2,0,0,0,,0,,,,,367447.2644,5029336.673,45.40116481,-75.69977262,1390
16--11238,2016/10/28,5:01 PM,NORICE ST @ WOODROFFE AVE (0001542),1542,02 - Intersection related,03 - P.D. only,03 - Rear end,02 - Rain,01 - Daylight,02 - Wet,01 - Traffic signal,01 - Functioning,3,0,0,0,,0,,,,,363196.3403,5022396.25,45.33908323,-75.75488764,1391
16--11239,2016/10/28,5:02 PM,ROCKCLIFFE PKWY btwn GL/OT BOUNDARY & ST. JOSEPH BLVD (__3ZA21V),__3ZA21V,01 - Non intersection,03 - P.D. only,03 - Rear end,01 - Clear,01 - Daylight,02 - Wet,10 - No control,,2,0,0,0,,0,,,,,375879.1085,5036501.343,45.46482298,-75.59104662,1392
16--1124,2016/01/23,3:57 PM,CONSUL AVE @ MORRISON DR (0002660),2660,03 - At intersection,03 - P.D. only,02 - Angle,01 - Clear,01 - Daylight,01 - Dry,02 - Stop sign,01 - Functioning,2,0,0,0,,0,,,,,359867.8863,5022974.278,45.34455348,-75.79728964,1393
16--11240,2016/10/28,5:30 PM,ISLAND PARK DR @ RICHMOND RD (0002125),2125,02 - Intersection related,03 - P.D. only,03 - Rear end,02 - Rain,01 - Daylight,02 - Wet,01 - Traffic signal,00 - Unknown,2,0,0,0,,0,,,,,364130.8554,5028867.271,45.39723014,-75.74218754,1394
16--11241,2016/10/28,5:40 PM,WELLINGTON ST btwn BAY ST & LYON ST N (__5D2JK9),__5D2JK9,01 - Non intersection,03 - P.D. only,04 - Sideswipe,01 - Clear,01 - Daylight,01 - Dry,10 - No control,,2,0,0,0,,0,,,,,366844.7748,5031370.227,45.4195158,-75.70721185,1395
16--11242,2016/10/28,5:42 PM,BASELINE RD @ ERINDALE DR (0003209),3209,03 - At intersection,02 - Non-fatal injury,02 - Angle,01 - Clear,07 - Dark,01 - Dry,02 - Stop sign,01 - Functioning,2,0,0,0,01 - Minimal,1,1,,,,363857.402,5024575.572,45.35863721,-75.74619325,1396
16--11243,2016/10/28,5:49 PM,BLACKBURN BYPASS @ NAVAN RD (0004201),4201,02 - Intersection related,03 - P.D. only,03 - Rear end,01 - Clear,01 - Daylight,01 - Dry,01 - Traffic signal,01 - Functioning,3,0,0,0,,0,,,,,379622.8722,5033277.711,45.43542816,-75.54366857,1397
16--11244,2016/10/28,6:04 PM,ALBION RD @ LESTER RD (0004175),4175,02 - Intersection related,03 - P.D. only,03 - Rear end,02 - Rain,05 - Dusk,02 - Wet,01 - Traffic signal,00 - Unknown,2,0,0,0,,0,,,,,372693.915,5022332.082,45.33765107,-75.6337244,1398
16--11245,2016/10/28,6:46 PM,RIDEAU ST btwn KING EDWARD AVE & NELSON ST (__3ZA3VG),__3ZA3VG,01 - Non intersection,03 - P.D. only,05 - Turning movement,01 - Clear,07 - Dark,01 - Dry,10 - No control,,2,0,0,0,,0,,,,,368605.071,5032471.294,45.42926449,-75.68457899,1399
16--11246,2016/10/28,6:48 PM,GEORGE ST @ DALHOUSIE ST (0008516),8516,03 - At intersection,02 - Non-fatal injury,07 - SMV other,01 - Clear,07 - Dark,01 - Dry,01 - Traffic signal,01 - Functioning,1,0,0,1,02 - Minor,1,,1,,,368157.6976,5032315.176,45.42790047,-75.69031587,1400
16--11247,2016/10/28,6:55 PM,DEAKIN ST @ PRINCE OF WALES DR (0001073),1073,03 - At intersection,02 - Non-fatal injury,02 - Angle,01 - Clear,07 - Dark,02 - Wet,01 - Traffic signal,01 - Functioning,2,0,0,0,02 - Minor,1,,1,,,367390.0525,5021522.829,45.33086275,-75.70149317,1401
16--11248,2016/10/28,7:09 PM,8TH LINE RD btwn FOREST GREEN CRES & PANA RD (__3ZA20Z),__3ZA20Z,04 - At/near private drive,03 - P.D. only,02 - Angle,01 - Clear,07 - Dark,01 - Dry,10 - No control,,2,0,0,0,,0,,,,,384396.2117,5013941.896,45.26093177,-75.4857805,1402
16--11249,2016/10/28,7:14 AM,FALLOWFIELD RD btwn MERIVALE RD & ASHDALE AVE (__3ZA3I0),__3ZA3I0,01 - Non intersection,03 - P.D. only,03 - Rear end,02 - Rain,01 - Daylight,02 - Wet,10 - No control,,2,0,0,0,,0,,,,,366968.7312,5018892.916,45.30723662,-75.70719785,1403
16--11432,2016/11/03,7:30 AM,RESEARCH RD @ UPLANDS DR (0008656),8656,03 - At intersection,03 - P.D. only,02 - Angle,02 - Rain,03 - Dawn,02 - Wet,01 - Traffic signal,02 - Not functioning,2,0,0,0,,0,,,,,370831.0698,5021555.281,45.33083942,-75.65759393,1404
16--11433,2016/11/03,7:43 AM,SMYTH RD btwn MAIN ST & RAMP (__3ZA3OL),__3ZA3OL,01 - Non intersection,03 - P.D. only,03 - Rear end,02 - Rain,01 - Daylight,02 - Wet,10 - No control,,3,0,0,0,,0,,,,,369724.6768,5029182.241,45.39956779,-75.67070534,1405
16--11434,2016/11/03,7:50 AM,INDUSTRIAL AVE @ ALTA VISTA DR/SANDFORD FLEMIN (0006979),6979,03 - At intersection,02 - Non-fatal injury,05 - Turning movement,02 - Rain,03 - Dawn,02 - Wet,01 - Traffic signal,01 - Functioning,2,1,0,0,02 - Minor,1,,1,,,370884.5043,5030557.35,45.41183196,-75.65570795,1406
16--11435,2016/11/03,8:03 PM,RICHMOND RD btwn GOLDEN AVE & BERKLEY AVE (__3ZA305),__3ZA305,01 - Non intersection,03 - P.D. only,05 - Turning movement,02 - Rain,07 - Dark,02 - Wet,10 - No control,,2,0,0,0,,0,,,,,362865.9823,5028029.839,45.3898011,-75.7584405,1407
16--11436,2016/11/03,8:05 AM,MOODIE DR @ WEST HUNT CLUB RD (0010414),10414,02 - Intersection related,03 - P.D. only,03 - Rear end,02 - Rain,01 - Daylight,02 - Wet,01 - Traffic signal,01 - Functioning,2,0,0,0,,0,,,,,357907.6517,5018496.385,45.30441218,-75.82278228,1408
16--11437,2016/11/03,8:07 AM,WOODROFFE AVE @ GEORGINA DR/LENESTER AVE (0002351),2351,03 - At intersection,03 - P.D. only,05 - Turning movement,02 - Rain,01 - Daylight,02 - Wet,01 - Traffic signal,01 - Functioning,2,0,0,0,,0,,,,,361909.2038,5025370.015,45.36594694,-75.77096612,1409
16--11438,2016/11/03,8:40 PM,DALY AVE @ NICHOLAS ST (0011451),11451,02 - Intersection related,02 - Non-fatal injury,04 - Sideswipe,02 - Rain,07 - Dark,02 - Wet,01 - Traffic signal,01 - Functioning,2,0,0,0,01 - Minimal,1,1,,,,368228.3596,5032045.476,45.4254674,-75.68944766,1410
16--11439,2016/11/03,8:54 PM,MONTREAL RD @ SHEFFORD RD (0012423),12423,02 - Intersection related,03 - P.D. only,03 - Rear end,02 - Rain,07 - Dark,02 - Wet,01 - Traffic signal,01 - Functioning,3,0,0,0,,0,,,,,376127.585,5034850.445,45.44994393,-75.588109,1411
16--1144,2016/01/24,10:17 AM,ALBERT ST btwn BRONSON AVE & BAY ST (__3ZA339),__3ZA339,01 - Non intersection,03 - P.D. only,04 - Sideswipe,01 - Clear,01 - Daylight,01 - Dry,10 - No control,,2,0,0,0,,0,,,,,366827.3004,5031072.996,45.41684296,-75.70747252,1412
16--11440,2016/11/03,9:30 AM,PLEASANT PARK RD @ ST. LAURENT BLVD (0008363),8363,02 - Intersection related,02 - Non-fatal injury,03 - Rear end,02 - Rain,01 - Daylight,02 - Wet,01 - Traffic signal,01 - Functioning,2,0,0,0,01 - Minimal,1,1,,,,373599.3842,5028794.308,45.39570731,-75.62127279,1413
16--11441,2016/11/04,1:00 PM,MCBRIDE ST @ LAPERRIERE AVE (0003069),3069,03 - At intersection,03 - P.D. only,05 - Turning movement,01 - Clear,01 - Daylight,01 - Dry,02 - Stop sign,01 - Functioning,2,0,0,0,,0,,,,,364073.5049,5026678.987,45.3775452,-75.7431828,1414
16--11442,2016/11/04,1:03 PM,HIGHWAY 417 btwn HWY417 IC119B RAMP76 & HWY417 IC119A RAMP67 (__3ZA2YT),__3ZA2YT,01 - Non intersection,03 - P.D. only,03 - Rear end,01 - Clear,01 - Daylight,01 - Dry,10 - No control,,2,0,0,0,,0,,,,,368343.5813,5030392.3,45.41058222,-75.68818858,1415
16--11443,2016/11/04,1:14 PM,LONGFIELDS DR btwn MOUNTSHANNON DR W & 250 W OF MOUNTSHANNON E/MOTHER  (__3ZAZF1A),__3ZAZF1A,01 - Non intersection,02 - Non-fatal injury,07 - SMV other,01 - Clear,01 - Daylight,01 - Dry,10 - No control,,1,0,0,1,02 - Minor,1,,1,,,364388.144,5016459.837,45.28556754,-75.74039599,1416
16--11444,2016/11/04,1:49 PM,CAMBRIDGE ST    N btwn LAURIER AVE W & PRIMROSE AVE (__3ZA150),__3ZA150,01 - Non intersection,03 - P.D. only,06 - SMV unattended vehicle,01 - Clear,01 - Daylight,01 - Dry,10 - No control,,1,0,0,0,,0,,,,,366780.9217,5030718.25,45.41365517,-75.70810967,1417
16--11445,2016/11/04,1:53 PM,BASELINE RD @ FARLANE BLVD (0002725),2725,03 - At intersection,02 - Non-fatal injury,05 - Turning movement,01 - Clear,01 - Daylight,01 - Dry,01 - Traffic signal,01 - Functioning,2,1,0,0,02 - Minor,1,,1,,,365356.6167,5025517.756,45.36698693,-75.7269436,1418