Anom_ID,Accident_Date,Accident_Time,Location,Geo_ID,Accident_Location,Classification_of_Accident,Initial_Impact_Type,Environment_Condition,Light,Road_Surface_Condition,Traffic_Control,Traffic_Control_Condition,No__of_Vehicles,No__of_Bicycles,No__of_Motorcycles,No__of_Pedestrians,Max_Injury,No__of_Injuries,No__of_Minimal,No__of_Minor,No__of_Major,No__of_Fatal,X,Y,Latitude,Longitude,ObjectId
16--11446,2016/11/04,1:55 PM,VANGUARD DR btwn VANTAGE DR & TENTH LINE RD (__3ZA4X2),__3ZA4X2,04 - At/near private drive,02 - Non-fatal injury,05 - Turning movement,01 - Clear,01 - Daylight,01 - Dry,10 - No control,,2,0,0,0,01 - Minimal,1,1,,,,384008.5946,5035852.757,45.4581131,-75.48720747,1419
16--11447,2016/11/04,10:00 AM,MAITLAND AVE/GLENMOUNT AVE @ ERINDALE DR (0002724),2724,02 - Intersection related,03 - P.D. only,03 - Rear end,01 - Clear,01 - Daylight,01 - Dry,01 - Traffic signal,00 - Unknown,3,0,0,0,,0,,,,,363697.1864,5025212.417,45.36438094,-75.74816217,1420
16--11448,2016/11/04,10:34 AM,CRESTHAVEN DR @ STRANDHERD DR (0010929),10929,02 - Intersection related,03 - P.D. only,03 - Rear end,01 - Clear,01 - Daylight,01 - Dry,01 - Traffic signal,01 - Functioning,2,0,0,0,,0,,,,,366813.078,5015026,45.27245622,-75.70966601,1421
16--11449,2016/11/04,10:41 PM,BANK ST @ WALKLEY RD (0011423),11423,02 - Intersection related,03 - P.D. only,03 - Rear end,01 - Clear,07 - Dark,01 - Dry,01 - Traffic signal,01 - Functioning,2,0,0,0,,0,,,,,370338.6802,5025945.665,45.37038898,-75.66329314,1422
16--1145,2016/01/24,10:30 AM,INNES RD @ TENTH LINE RD (0004633),4633,02 - Intersection related,03 - P.D. only,03 - Rear end,01 - Clear,01 - Daylight,01 - Dry,01 - Traffic signal,01 - Functioning,3,0,0,0,,0,,,,,383952.4189,5036159.78,45.46088178,-75.48787622,1423
16--11450,2016/11/04,11:12 AM,EARL ARMSTRONG RD @ RIVER RD (0012470),12470,02 - Intersection related,03 - P.D. only,03 - Rear end,01 - Clear,01 - Daylight,01 - Dry,01 - Traffic signal,01 - Functioning,2,0,0,0,,0,,,,,367573.5467,5014682.327,45.2692964,-75.7000185,1424
16--11451,2016/11/04,12:04 PM,TERON RD @ BEAVERBROOK RD/PENFIELD DR N (0002572),2572,02 - Intersection related,03 - P.D. only,07 - SMV other,01 - Clear,01 - Daylight,01 - Dry,01 - Traffic signal,01 - Functioning,1,0,0,0,,0,,,,,351884.6219,5021213.074,45.32928714,-75.89932397,1425
16--11452,2016/11/04,12:06 PM,DOMINION SPRINGS RD btwn HANSON SIDE RD & KINBURN SIDE RD (__3ZAC2M),__3ZAC2M,01 - Non intersection,03 - P.D. only,07 - SMV other,01 - Clear,01 - Daylight,01 - Dry,10 - No control,,1,0,0,0,,0,,,,,323848.2306,5023610.686,45.35218329,-76.25689671,1426
16--11453,2016/11/04,12:09 PM,BYRON AVE btwn HARMER AVE N & HOLLAND AVE (__3ZA02Y),__3ZA02Y,01 - Non intersection,02 - Non-fatal injury,03 - Rear end,01 - Clear,01 - Daylight,01 - Dry,10 - No control,,2,0,0,0,02 - Minor,1,,1,,,364969.1517,5028938.266,45.3977974,-75.73147257,1427
16--11454,2016/11/04,12:21 PM,FERNBANK RD @ SHEA RD (0000399),399,03 - At intersection,03 - P.D. only,02 - Angle,01 - Clear,01 - Daylight,01 - Dry,11 - Roundabout,01 - Functioning,2,0,0,0,,0,,,,,352115.7282,5013181.681,45.25700301,-75.89714201,1428
16--11455,2016/11/04,12:27 PM,CARLING AVE @ KIRKWOOD AVE S (0002209),2209,03 - At intersection,03 - P.D. only,04 - Sideswipe,01 - Clear,01 - Daylight,01 - Dry,01 - Traffic signal,01 - Functioning,2,0,0,0,,0,,,,,364351.92,5027338.208,45.38345315,-75.73954873,1429
16--11456,2016/11/04,12:42 PM,BAYCREST DR @ WALKLEY RD (0006958),6958,02 - Intersection related,03 - P.D. only,03 - Rear end,01 - Clear,01 - Daylight,01 - Dry,01 - Traffic signal,01 - Functioning,2,0,0,0,,0,,,,,371421.9501,5026590.747,45.37609106,-75.64937796,1430
16--11457,2016/11/04,12:42 PM,MOORE ST @ HUNTLEY RD (0010565),10565,03 - At intersection,03 - P.D. only,02 - Angle,01 - Clear,01 - Daylight,01 - Dry,02 - Stop sign,01 - Functioning,2,0,0,0,,0,,,,,356465.6138,5006850.167,45.19972435,-75.84238017,1431
16--11458,2016/11/04,12:45 PM,ISLAND PARK DR btwn HARMER AVE S & HURON AVE S (__3ZA23V),__3ZA23V,04 - At/near private drive,03 - P.D. only,99 - Other,01 - Clear,01 - Daylight,01 - Dry,10 - No control,,2,0,0,0,,0,,,,,365290.5651,5028069.695,45.38995449,-75.72747409,1432
16--11459,2016/11/04,12:51 PM,ST. LAURENT BLVD btwn COVENTRY RD & LEMIEUX ST (__3ZA2C9),__3ZA2C9,01 - Non intersection,02 - Non-fatal injury,03 - Rear end,01 - Clear,01 - Daylight,01 - Dry,10 - No control,,4,0,0,0,01 - Minimal,2,2,,,,372363.4564,5031812.616,45.42298505,-75.63664297,1433
16--1146,2016/01/24,11:25 AM,BRONSON AVE @ NEPEAN ST (0002163),2163,03 - At intersection,03 - P.D. only,05 - Turning movement,01 - Clear,01 - Daylight,01 - Dry,10 - No control,,2,0,0,0,,0,,,,,366860.0403,5030728.347,45.413739,-75.70709764,1434
16--11460,2016/11/04,12:55 PM,OTTAWA RIVER PKWY @ ISLAND PARK DR (0002127),2127,03 - At intersection,02 - Non-fatal injury,02 - Angle,01 - Clear,01 - Daylight,01 - Dry,01 - Traffic signal,01 - Functioning,2,0,0,0,01 - Minimal,1,1,,,,363299.0993,5029453.677,45.40257651,-75.7527408,1435
16--11461,2016/11/04,2:15 PM,DALHOUSIE ST btwn YORK ST & GEORGE ST (__3ZBOX1),__3ZBOX1,01 - Non intersection,03 - P.D. only,04 - Sideswipe,01 - Clear,01 - Daylight,01 - Dry,10 - No control,,2,0,0,0,,0,,,,,368104.0254,5032404.002,45.42870455,-75.69099029,1436
16--11462,2016/11/04,2:46 PM,BOTELER ST @ SUSSEX DR (0011436),11436,02 - Intersection related,02 - Non-fatal injury,07 - SMV other,01 - Clear,01 - Daylight,01 - Dry,01 - Traffic signal,01 - Functioning,1,0,0,1,02 - Minor,1,,1,,,367451.3115,5032952.385,45.43369749,-75.69926122,1437
16--11463,2016/11/04,2:57 PM,BRONSON AVE btwn LAKEVIEW TER & HOLMWOOD AVE (__3ZA3N0),__3ZA3N0,01 - Non intersection,03 - P.D. only,04 - Sideswipe,01 - Clear,01 - Daylight,01 - Dry,10 - No control,,3,0,0,0,,0,,,,,367698.2928,5028735.471,45.39573286,-75.69664308,1438
16--11464,2016/11/04,3:15 PM,HIGHWAY 417 btwn HWY417 IC122 RAMP61 & HWY417 IC121B RAMP16 (__3ZA2Y4),__3ZA2Y4,01 - Non intersection,03 - P.D. only,04 - Sideswipe,01 - Clear,01 - Daylight,01 - Dry,10 - No control,,2,0,0,0,,0,,,,,365803.6146,5029203.335,45.40011022,-75.72078236,1439
16--11465,2016/11/04,3:20 PM,BEECH ST @ ROCHESTER ST (0002025),2025,02 - Intersection related,02 - Non-fatal injury,03 - Rear end,01 - Clear,01 - Daylight,01 - Dry,02 - Stop sign,00 - Unknown,2,0,0,0,01 - Minimal,1,1,,,,366855.8703,5029341.32,45.4012593,-75.7073255,1440
16--11466,2016/11/04,3:28 PM,WEDGEWOOD CRES btwn EASTPARK DR & WEDGEWOOD CRT (1) (__3ZA7M5),__3ZA7M5,04 - At/near private drive,03 - P.D. only,06 - SMV unattended vehicle,01 - Clear,01 - Daylight,01 - Dry,10 - No control,,1,0,0,0,,0,,,,,378578.3979,5033413.391,45.4367599,-75.55699611,1441
16--11467,2016/11/04,3:55 PM,HWY417 IC96 RAMP61 btwn BOUNDARY RD & HIGHWAY 417 (__3ZAY05),__3ZAY05,01 - Non intersection,03 - P.D. only,03 - Rear end,01 - Clear,01 - Daylight,01 - Dry,10 - No control,,2,0,0,0,,0,,,,,387307.2021,5024119.354,45.35216524,-75.4470005,1442
16--11468,2016/11/04,4:04 PM,AUGUSTA ST @ RIDEAU ST (0011916),11916,03 - At intersection,02 - Non-fatal injury,05 - Turning movement,01 - Clear,01 - Daylight,01 - Dry,01 - Traffic signal,01 - Functioning,2,0,0,3,02 - Minor,5,2,3,,,369012.5895,5032717.039,45.43143832,-75.67933944,1443
16--11469,2016/11/04,4:21 PM,MAITLAND AVE/HWY 417 MAITLAND IC126R53 @ HWY 4 (0008229),8229,03 - At intersection,03 - P.D. only,05 - Turning movement,01 - Clear,05 - Dusk,01 - Dry,01 - Traffic signal,01 - Functioning,2,0,0,0,,0,,,,,363229.5306,5025774.269,45.36947555,-75.75406496,1444
16--1147,2016/01/24,11:47 AM,LETOURNEAU ST btwn CLENNING ST & BEATRICE DR (__4LK32H),__4LK32H,01 - Non intersection,03 - P.D. only,06 - SMV unattended vehicle,01 - Clear,01 - Daylight,01 - Dry,10 - No control,,1,0,0,0,,0,,,,,364933.7756,5016574.834,45.28655581,-75.7334272,1445
16--11470,2016/11/04,4:30 PM,BANK ST btwn WALKLEY RD & SURREY AVE (__3ZA4TW),__3ZA4TW,04 - At/near private drive,03 - P.D. only,02 - Angle,01 - Clear,05 - Dusk,01 - Dry,10 - No control,,2,0,0,0,,0,,,,,370342.4623,5025934.782,45.37029071,-75.6632463,1446
16--11471,2016/11/04,4:38 PM,BESSERER ST btwn AUGUSTA ST & COBOURG ST (__3ZA7BH),__3ZA7BH,01 - Non intersection,03 - P.D. only,04 - Sideswipe,01 - Clear,05 - Dusk,01 - Dry,10 - No control,,2,0,0,0,,0,,,,,369069.5205,5032658.443,45.43090586,-75.67861956,1447
16--11472,2016/11/04,4:47 PM,PRINCE OF WALES DR btwn GREENBANK RD & PRINCE OF WALES DR (__3ZA2UU),__3ZA2UU,01 - Non intersection,03 - P.D. only,03 - Rear end,01 - Clear,05 - Dusk,01 - Dry,10 - No control,,2,0,0,0,,0,,,,,366364.953,5009024.562,45.21849469,-75.71611974,1448
16--11473,2016/11/04,4:50 PM,MONTREAL RD btwn LAPORTE ST & MISS OTTAWA ST (__3ZA2D8),__3ZA2D8,04 - At/near private drive,03 - P.D. only,02 - Angle,01 - Clear,05 - Dusk,01 - Dry,10 - No control,,2,0,0,0,,0,,,,,375721.8495,5034600.472,45.44773612,-75.59333152,1449
16--11474,2016/11/04,4:55 PM,HIGHWAY 417 btwn HWY417 IC126 RAMP25 & HWY417 IC124 RAMP57 (__3ZA2R5),__3ZA2R5,01 - Non intersection,02 - Non-fatal injury,03 - Rear end,01 - Clear,05 - Dusk,01 - Dry,10 - No control,,2,0,0,0,02 - Minor,1,,1,,,363678.4116,5026519.422,45.37614277,-75.74824603,1450
16--11475,2016/11/04,4:58 PM,SPENCER ST btwn CARLETON AVE & WESTERN AVE (__3ZA04J),__3ZA04J,01 - Non intersection,03 - P.D. only,06 - SMV unattended vehicle,01 - Clear,07 - Dark,01 - Dry,10 - No control,,1,0,0,0,,0,,,,,364259.7495,5029105.272,45.3993607,-75.74051267,1451
16--11476,2016/11/04,5:01 PM,JOSEPH CYR ST @ LEMIEUX ST (0009480),9480,03 - At intersection,03 - P.D. only,02 - Angle,01 - Clear,05 - Dusk,01 - Dry,02 - Stop sign,01 - Functioning,2,0,0,0,,0,,,,,372494.722,5031752.502,45.42243148,-75.63497405,1452
16--11477,2016/11/04,5:07 PM,CONROY RD @ WALKLEY RD (0002648),2648,02 - Intersection related,02 - Non-fatal injury,03 - Rear end,01 - Clear,07 - Dark,01 - Dry,01 - Traffic signal,01 - Functioning,2,0,0,0,01 - Minimal,1,1,,,,372904.4548,5027462.554,45.38379269,-75.63033141,1453
16--11478,2016/11/04,5:20 PM,GARDENWAY DR @ NORTHLANDS DR (0012954),12954,02 - Intersection related,03 - P.D. only,02 - Angle,01 - Clear,07 - Dark,01 - Dry,02 - Stop sign,00 - Unknown,2,0,0,0,,0,,,,,384940.7198,5036991.998,45.46825662,-75.47510513,1454
16--11479,2016/11/04,5:29 PM,INNES RD @ 298 E OF WILDFLOWER DR/LOBLAWS SC (0012918),12918,03 - At intersection,02 - Non-fatal injury,05 - Turning movement,01 - Clear,07 - Dark,01 - Dry,01 - Traffic signal,01 - Functioning,2,0,0,0,01 - Minimal,1,1,,,,383191.559,5035796.158,45.45769602,-75.49766182,1455
16--1148,2016/01/24,12:00 PM,RITCHIE ST btwn AHEARN AVE & RIGA PRIV (__3ZA5YU),__3ZA5YU,01 - Non intersection,03 - P.D. only,07 - SMV other,01 - Clear,01 - Daylight,01 - Dry,10 - No control,,1,0,0,0,,0,,,,,359531.7297,5024487.041,45.35819164,-75.80141151,1456
16--11480,2016/11/04,5:33 PM,ST. LAURENT BLVD btwn THURSTON DR & WALKLEY RD (__3ZA7QN),__3ZA7QN,01 - Non intersection,02 - Non-fatal injury,06 - SMV unattended vehicle,01 - Clear,07 - Dark,01 - Dry,10 - No control,,1,1,0,0,01 - Minimal,1,1,,,,374030.6308,5027807.267,45.38678387,-75.61590392,1457
16--11481,2016/11/04,5:45 PM,HIGHWAY 417 btwn HWY417 IC121A RAMP61 & HWY417 IC120B RAMP36 (__3ZA2YV),__3ZA2YV,01 - Non intersection,02 - Non-fatal injury,99 - Other,01 - Clear,07 - Dark,01 - Dry,10 - No control,,2,0,0,0,01 - Minimal,1,1,,,,367531.0504,5029880.232,45.40604809,-75.69863333,1458
16--11482,2016/11/04,6:13 PM,LYON ST    S btwn THIRD AVE & FOURTH AVE (__3ZBOSZ),__3ZBOSZ,01 - Non intersection,03 - P.D. only,06 - SMV unattended vehicle,01 - Clear,07 - Dark,01 - Dry,10 - No control,,1,0,0,0,,0,,,,,368148.478,5029416.584,45.40182073,-75.69080627,1459
16--11483,2016/11/04,6:15 PM,BANNER RD @ GREENBANK RD (0000644),644,03 - At intersection,03 - P.D. only,05 - Turning movement,01 - Clear,07 - Dark,01 - Dry,01 - Traffic signal,01 - Functioning,2,0,0,0,,0,,,,,361022.6014,5021566.268,45.33179263,-75.78271569,1460
16--11484,2016/11/04,6:22 AM,BOOTH ST btwn PROVINCIAL BOUNDARY & 208 N OF MIDDLE ST/E.B. EDDY N (__3ZBPMPA),__3ZBPMPA,01 - Non intersection,03 - P.D. only,04 - Sideswipe,01 - Clear,07 - Dark,01 - Dry,10 - No control,,3,0,0,0,,0,,,,,366006.6407,5031479.991,45.42057726,-75.71790661,1461
16--11485,2016/11/04,6:45 AM,HIGHWAY 417 btwn HWY417 IC127 RAMP35 & HWY417 IC127 RAMP25 (__3ZA2RE),__3ZA2RE,01 - Non intersection,03 - P.D. only,03 - Rear end,01 - Clear,07 - Dark,01 - Dry,10 - No control,,2,0,0,0,,0,,,,,362132.2436,5024831.241,45.36108089,-75.76818163,1462
16--11486,2016/11/04,6:49 PM,INNES RD btwn TENTH LINE RD & 240 E OF TENTH LINE RD/HOME DEPOT E (__3ZBOGOA),__3ZBOGOA,01 - Non intersection,03 - P.D. only,03 - Rear end,01 - Clear,07 - Dark,01 - Dry,10 - No control,,2,0,0,0,,0,,,,,384043.6858,5036203.039,45.46126064,-75.4867024,1463
16--11487,2016/11/04,6:52 AM,MEADOWLANDS DR btwn MERIVALE RD & GRANT CARMAN DR (__3ZA4HY),__3ZA4HY,04 - At/near private drive,03 - P.D. only,02 - Angle,01 - Clear,03 - Dawn,01 - Dry,10 - No control,,2,0,0,0,,0,,,,,364930.0501,5023766.564,45.3512667,-75.73260163,1464
16--11488,2016/11/04,6:53 PM,HUNT CLUB RD @ BRIDLE PATH DR/DAZE ST (0008214),8214,02 - Intersection related,03 - P.D. only,04 - Sideswipe,01 - Clear,07 - Dark,01 - Dry,01 - Traffic signal,01 - Functioning,2,0,0,0,,0,,,,,371291.9484,5023864.284,45.35157162,-75.65140449,1465
16--11489,2016/11/04,7:20 AM,MCARTHUR AVE @ VANIER PKWY (0004626),4626,02 - Intersection related,03 - P.D. only,03 - Rear end,01 - Clear,01 - Daylight,01 - Dry,01 - Traffic signal,01 - Functioning,5,0,0,0,,0,,,,,370218.5349,5032690.585,45.43108853,-75.66393216,1466
16--1149,2016/01/24,12:45 AM,HUNTMAR DR btwn PALLADIUM DR & MAPLE GROVE RD (__3ZA1EH),__3ZA1EH,01 - Non intersection,03 - P.D. only,07 - SMV other,01 - Clear,07 - Dark,01 - Dry,10 - No control,,1,0,0,0,,0,,,,,350247.627,5016732.992,45.28908204,-75.92061749,1467
16--11490,2016/11/04,7:30 AM,COUNTY RD 29 @ MADAWASKA BLVD (0011704),11704,03 - At intersection,03 - P.D. only,02 - Angle,01 - Clear,03 - Dawn,01 - Dry,02 - Stop sign,01 - Functioning,2,0,0,0,,0,,,,,318895.0023,5031715.883,45.4252355,-76.31988048,1468
16--11491,2016/11/04,7:45 AM,HERON RD btwn JEFFERSON ST & TURN LANE (__3ZA3BI),__3ZA3BI,01 - Non intersection,02 - Non-fatal injury,04 - Sideswipe,01 - Clear,01 - Daylight,01 - Dry,10 - No control,,2,0,0,0,01 - Minimal,1,1,,,,372054.8285,5027082.618,45.38045627,-75.64123135,1469
16--11492,2016/11/04,7:46 PM,INNES RD @ LANTHIER DR/PRESTWICK DR (0004251),4251,03 - At intersection,03 - P.D. only,02 - Angle,01 - Clear,07 - Dark,01 - Dry,01 - Traffic signal,01 - Functioning,2,0,0,0,,0,,,,,383539.6398,5035989.331,45.45939488,-75.49318091,1470
16--11493,2016/11/04,8:10 AM,ST. JOSEPH BLVD @ JEANNE D'ARC BLVD (0012421),12421,02 - Intersection related,03 - P.D. only,03 - Rear end,01 - Clear,01 - Daylight,01 - Dry,11 - Roundabout,01 - Functioning,2,0,0,0,,0,,,,,379863.0865,5036473.108,45.4641522,-75.54011118,1471
16--11494,2016/11/04,8:34 AM,KENSINGTON AVE btwn BYRON AVE & WESLEY AVE (__3ZBONB),__3ZBONB,01 - Non intersection,03 - P.D. only,06 - SMV unattended vehicle,01 - Clear,01 - Daylight,01 - Dry,10 - No control,,1,0,0,0,,0,,,,,364104.8284,5028521.546,45.39412158,-75.7425615,1472
16--11495,2016/11/04,8:40 AM,CALAVERAS AVE @ LONGFIELDS DR (0010987),10987,02 - Intersection related,03 - P.D. only,03 - Rear end,01 - Clear,01 - Daylight,01 - Dry,02 - Stop sign,00 - Unknown,2,0,0,0,,0,,,,,364358.8649,5015491.595,45.27685779,-75.74088539,1473
16--11496,2016/11/04,8:44 AM,BANK ST btwn OSSINGTON AVE & CAMERON AVE (__3ZA3NX),__3ZA3NX,01 - Non intersection,02 - Non-fatal injury,04 - Sideswipe,01 - Clear,01 - Daylight,01 - Dry,10 - No control,,3,1,0,0,02 - Minor,1,,1,,,368923.8678,5028284.33,45.39156248,-75.68104987,1474
16--11497,2016/11/04,9:39 PM,MARCH RD btwn BEARHILL RD & ROB LYTLE'S LANE (__3ZA2QA),__3ZA2QA,04 - At/near private drive,03 - P.D. only,05 - Turning movement,01 - Clear,07 - Dark,01 - Dry,10 - No control,,2,0,0,0,,0,,,,,338198.4035,5018010.684,45.30125527,-76.0741342,1475
16--11498,2016/11/04,9:47 PM,INNES RD @ PAGE RD (0012476),12476,03 - At intersection,03 - P.D. only,05 - Turning movement,01 - Clear,07 - Dark,01 - Dry,01 - Traffic signal,01 - Functioning,2,0,0,0,,0,,,,,380887.0904,5034541.213,45.44665976,-75.52731724,1476
16--11499,2016/11/04,9:54 PM,ABETTI RDG/RIVERSTONE DR @ JOCKVALE RD (0009699),9699,02 - Intersection related,03 - P.D. only,03 - Rear end,01 - Clear,07 - Dark,01 - Dry,01 - Traffic signal,01 - Functioning,2,0,0,0,,0,,,,,365165.1603,5013549.672,45.25931562,-75.73084561,1477
16--115,2016/01/04,5:25 PM,WEST HUNT CLUB RD btwn PRINCE OF WALES DR & HUNT CLUB RD (__3ZA2T4),__3ZA2T4,01 - Non intersection,02 - Non-fatal injury,03 - Rear end,01 - Clear,05 - Dusk,01 - Dry,10 - No control,,2,0,0,0,01 - Minimal,1,1,,,,367620.438,5021884.548,45.33409685,-75.69850836,1478
16--1150,2016/01/24,12:49 AM,ROCHESTER ST btwn SOMERSET ST W & ECCLES ST (__3ZA0VD),__3ZA0VD,01 - Non intersection,03 - P.D. only,07 - SMV other,01 - Clear,07 - Dark,01 - Dry,10 - No control,,1,0,0,0,,0,,,,,366494.4862,5030175.82,45.40879984,-75.71183681,1479
16--11500,2016/11/05,1:38 AM,LYON ST @ SLATER ST (0002207),2207,03 - At intersection,02 - Non-fatal injury,02 - Angle,02 - Rain,07 - Dark,02 - Wet,01 - Traffic signal,01 - Functioning,2,0,0,0,02 - Minor,1,,1,,,367102.3388,5031152.483,45.41753372,-75.70394863,1480
16--11501,2016/11/05,1:49 PM,BANK ST @ CHAMBERLAIN AVE N/ISABELLA ST (0002132),2132,03 - At intersection,03 - P.D. only,02 - Angle,01 - Clear,01 - Daylight,01 - Dry,01 - Traffic signal,01 - Functioning,2,0,0,0,,0,,,,,368082.4926,5030166.343,45.40857279,-75.69155283,1481
16--11502,2016/11/05,10:13 PM,PANMURE RD btwn HWY417 IC163 RAMP15 & HWY417 IC163 RAMP16 (__34IWIY),__34IWIY,01 - Non intersection,03 - P.D. only,07 - SMV other,01 - Clear,07 - Dark,02 - Wet,10 - No control,,1,0,0,0,,0,,,,,331134.7631,5021328.89,45.3314147,-76.1640251,1482
16--11503,2016/11/05,10:26 PM,BOUNDARY RD btwn MITCH OWENS RD & DEVINE RD (__3ZA3X6),__3ZA3X6,01 - Non intersection,03 - P.D. only,07 - SMV other,01 - Clear,07 - Dark,01 - Dry,10 - No control,,1,0,0,0,,0,,,,,388094.8176,5022090.006,45.33381382,-75.43729196,1483
16--11504,2016/11/05,10:45 AM,LAURIER AVE @ O'CONNOR ST (0002224),2224,02 - Intersection related,03 - P.D. only,04 - Sideswipe,01 - Clear,01 - Daylight,01 - Dry,01 - Traffic signal,01 - Functioning,2,0,0,0,,0,,,,,367637.4011,5031358.732,45.41934164,-75.69708638,1484
16--11505,2016/11/05,11:33 AM,CENTREPOINTE DR btwn PINETRAIL CRES & KENTSDALE DR (__3ZA007),__3ZA007,04 - At/near private drive,03 - P.D. only,02 - Angle,01 - Clear,01 - Daylight,01 - Dry,10 - No control,,2,0,0,0,,0,,,,,362659.4215,5022456.074,45.33966601,-75.76173092,1485
16--11506,2016/11/05,2:30 AM,DRAPER AVE btwn CORNELL ST & LISA AVE (__3ZABH5),__3ZABH5,01 - Non intersection,03 - P.D. only,06 - SMV unattended vehicle,01 - Clear,07 - Dark,01 - Dry,10 - No control,,1,0,0,0,,0,,,,,360444.3004,5022759.69,45.34257713,-75.78995884,1486
16--11507,2016/11/05,2:55 AM,HIGHWAY 417 btwn HWY417 IC122 RAMP61 & HWY417 IC121B RAMP16 (__3ZA2Y4),__3ZA2Y4,01 - Non intersection,03 - P.D. only,07 - SMV other,01 - Clear,07 - Dark,01 - Dry,10 - No control,,1,0,0,0,,0,,,,,365800.0428,5029202.144,45.40009982,-75.72082813,1487
16--11508,2016/11/05,3:30 AM,CASTLEFRANK RD btwn MCCURDY DR & KAKULU RD (__3ZACZO),__3ZACZO,01 - Non intersection,03 - P.D. only,07 - SMV other,01 - Clear,07 - Dark,02 - Wet,10 - No control,,1,0,0,0,,0,,,,,352095.9131,5018740.571,45.30702479,-75.89686468,1488
16--11509,2016/11/05,3:44 PM,KING EDWARD AVE NB btwn YORK ST & RIDEAU ST (__3ZA1ZH),__3ZA1ZH,01 - Non intersection,03 - P.D. only,06 - SMV unattended vehicle,01 - Clear,01 - Daylight,01 - Dry,10 - No control,,1,0,0,0,,0,,,,,368418.2412,5032590.533,45.43035438,-75.686951,1489
16--1151,2016/01/24,12:59 PM,GREENBANK RD @ BELLMAN DR/BATEMAN DR (0000153),153,02 - Intersection related,03 - P.D. only,03 - Rear end,01 - Clear,01 - Daylight,01 - Dry,01 - Traffic signal,01 - Functioning,2,0,0,0,,0,,,,,361256.8204,5021018.528,45.32684526,-75.77979024,1490
16--11510,2016/11/05,4:29 PM,MIRAMICHI ST @ WOODROFFE AVE (0002702),2702,02 - Intersection related,03 - P.D. only,03 - Rear end,01 - Clear,05 - Dusk,01 - Dry,02 - Stop sign,00 - Unknown,2,0,0,0,,0,,,,,362332.5153,5024318.922,45.35645468,-75.7656851,1491
16--11511,2016/11/05,4:34 PM,STRANDHERD DR @ WOODROFFE AVE (0009688),9688,02 - Intersection related,03 - P.D. only,03 - Rear end,01 - Clear,05 - Dusk,01 - Dry,01 - Traffic signal,01 - Functioning,2,0,0,0,,0,,,,,366105.3063,5015396.266,45.27584991,-75.71863973,1492
16--11512,2016/11/05,4:59 PM,KITCHENER AVE @ BANK ST (0011963),11963,03 - At intersection,03 - P.D. only,05 - Turning movement,01 - Clear,05 - Dusk,01 - Dry,01 - Traffic signal,01 - Functioning,2,0,0,0,,0,,,,,370540.6566,5025499.313,45.36635393,-75.66077426,1493
16--11513,2016/11/05,5:07 PM,HERON RD @ WALKLEY RD (0011256),11256,03 - At intersection,02 - Non-fatal injury,02 - Angle,01 - Clear,05 - Dusk,01 - Dry,01 - Traffic signal,01 - Functioning,2,0,0,0,02 - Minor,1,,1,,,372266.9556,5027083.235,45.38044142,-75.63852294,1494
16--11514,2016/11/05,6:01 AM,BEAVERTAIL RD @ OLD ALMONTE RD (0006061),6061,02 - Intersection related,03 - P.D. only,07 - SMV other,01 - Clear,07 - Dark,01 - Dry,02 - Stop sign,01 - Functioning,1,0,0,0,,0,,,,,341307.4875,5014600.975,45.27041839,-76.03474215,1495
16--11515,2016/11/05,6:56 PM,CENTREPOINTE DR btwn Continuation of CENTREPOINTE DR & HEMMINGWOOD WAY (__3ZAA3T),__3ZAA3T,01 - Non intersection,03 - P.D. only,03 - Rear end,01 - Clear,07 - Dark,01 - Dry,10 - No control,,2,0,0,0,,0,,,,,362319.6776,5023216.395,45.34653527,-75.76597719,1496
16--11516,2016/11/05,7:04 PM,SHEA RD btwn ABBOTT ST E & FERNBANK RD (__3ZAZRN),__3ZAZRN,01 - Non intersection,03 - P.D. only,07 - SMV other,01 - Clear,07 - Dark,01 - Dry,10 - No control,,1,0,0,0,,0,,,,,351947.4894,5013244.602,45.25758049,-75.89927948,1497
16--11517,2016/11/05,7:06 PM,FLEWELLYN RD btwn POPLARWOOD AVE & SHEA RD (__3ZABGI),__3ZABGI,01 - Non intersection,03 - P.D. only,07 - SMV other,01 - Clear,07 - Dark,01 - Dry,10 - No control,,1,0,0,0,,0,,,,,352366.5863,5011610.761,45.24285044,-75.89409627,1498
16--11518,2016/11/05,9:33 AM,BANK ST @ ROSEBELLA AVE (0009238),9238,02 - Intersection related,02 - Non-fatal injury,03 - Rear end,01 - Clear,01 - Daylight,01 - Dry,01 - Traffic signal,01 - Functioning,2,0,0,0,01 - Minimal,1,1,,,,373206.5713,5023548.443,45.34854565,-75.62701584,1499
16--11519,2016/11/05,9:36 PM,PRINCE OF WALES DR @ WEST HUNT CLUB RD (0000567),567,02 - Intersection related,02 - Non-fatal injury,03 - Rear end,01 - Clear,07 - Dark,01 - Dry,01 - Traffic signal,01 - Functioning,2,0,0,0,02 - Minor,1,,1,,,367461.1948,5021891.503,45.33417367,-75.70053897,1500
16--1134,2016/01/23,7:25 AM,REGIONAL ROAD 174 btwn OR174 IC102 RAMP26 & REGIONAL ROAD 174 (__3ZA1SH),__3ZA1SH,01 - Non intersection,02 - Non-fatal injury,07 - SMV other,01 - Clear,03 - Dawn,01 - Dry,10 - No control,,1,0,0,0,02 - Minor,1,,1,,,381542.6779,5038234.966,45.47982142,-75.51836093,1501