Anom_ID,Accident_Date,Accident_Time,Location,Geo_ID,Accident_Location,Classification_of_Accident,Initial_Impact_Type,Environment_Condition,Light,Road_Surface_Condition,Traffic_Control,Traffic_Control_Condition,No__of_Vehicles,No__of_Bicycles,No__of_Motorcycles,No__of_Pedestrians,Max_Injury,No__of_Injuries,No__of_Minimal,No__of_Minor,No__of_Major,No__of_Fatal,X,Y,Latitude,Longitude,ObjectId
16--11340,2016/11/01,10:01 PM,AIRPORT PKWY btwn RAMP & RAMP (4) (__3ZA22T),__3ZA22T,01 - Non intersection,03 - P.D. only,03 - Rear end,01 - Clear,07 - Dark,01 - Dry,10 - No control,,2,0,0,0,,0,,,,,371302.0891,5021632.875,45.33149311,-75.65157503,1502
16--11341,2016/11/01,10:19 AM,STONEHAVEN DR btwn BRIDGESTONE DR & FURLONG CRES (__3ZA56Q),__3ZA56Q,04 - At/near private drive,03 - P.D. only,05 - Turning movement,01 - Clear,01 - Daylight,01 - Dry,10 - No control,,2,0,0,0,,0,,,,,355306.0752,5016986.195,45.29101509,-75.8561087,1503
16--11342,2016/11/01,10:54 AM,BAYSHORE DR @ RICHMOND RD (0010407),10407,02 - Intersection related,03 - P.D. only,03 - Rear end,01 - Clear,01 - Daylight,01 - Dry,01 - Traffic signal,01 - Functioning,2,0,0,0,,0,,,,,359373.5134,5023368.112,45.34813584,-75.80355431,1504
16--11343,2016/11/01,11:00 AM,INNES RD @ VISENEAU DR (0012442),12442,02 - Intersection related,03 - P.D. only,02 - Angle,01 - Clear,01 - Daylight,01 - Dry,01 - Traffic signal,01 - Functioning,2,0,0,0,,0,,,,,381798.9706,5035073.336,45.45134751,-75.51557837,1505
16--11344,2016/11/01,11:14 AM,OGILVIE RD btwn BATHGATE DR & CITY PARK DR (2) (__3ZA2G8B),__3ZA2G8B,01 - Non intersection,03 - P.D. only,03 - Rear end,01 - Clear,01 - Daylight,01 - Dry,10 - No control,,3,0,0,0,,0,,,,,374145.664,5032984.076,45.43335083,-75.61370685,1506
16--11345,2016/11/01,11:51 AM,PRINCE OF WALES DR @ FALLOWFIELD RD (0000566),566,02 - Intersection related,03 - P.D. only,03 - Rear end,01 - Clear,01 - Daylight,02 - Wet,01 - Traffic signal,00 - Unknown,3,0,0,0,,0,,,,,367398.8818,5019167.712,45.30967099,-75.70167821,1507
16--11346,2016/11/01,11:58 AM,BAY ST @ GLOUCESTER ST (0006315),6315,02 - Intersection related,03 - P.D. only,03 - Rear end,02 - Rain,01 - Daylight,02 - Wet,02 - Stop sign,01 - Functioning,2,0,0,0,,0,,,,,367075.1255,5030934.826,45.41557773,-75.70432381,1508
16--11347,2016/11/01,2:44 PM,8TH LINE RD btwn MITCH OWENS RD & RODNEY FARM DR (__3ZA2TG),__3ZA2TG,01 - Non intersection,03 - P.D. only,03 - Rear end,01 - Clear,01 - Daylight,01 - Dry,10 - No control,,2,0,0,0,,0,,,,,382563.866,5018314.358,45.30047764,-75.50843972,1509
16--11348,2016/11/01,3:00 AM,STRANDHERD DR btwn MADRID AVE & ANDORA AVE (__6O5PID),__6O5PID,01 - Non intersection,03 - P.D. only,07 - SMV other,01 - Clear,07 - Dark,01 - Dry,10 - No control,,1,0,0,0,,0,,,,,363063.5806,5014117.369,45.26460098,-75.75755442,1510
16--11349,2016/11/01,3:15 PM,HWY416 IC75B RAMP25 btwn HWY416 IC75C RAMP24 & HWY417 IC131 RAMP55 (__3ZAY4O),__3ZAY4O,01 - Non intersection,03 - P.D. only,04 - Sideswipe,01 - Clear,01 - Daylight,01 - Dry,10 - No control,,2,0,0,0,,0,,,,,358568.8194,5022739.635,45.34254294,-75.81389107,1511
16--1135,2016/01/23,7:42 PM,WALKLEY RD btwn SOUTHMORE DR E & AIRPORT PKWY (__3ZA371),__3ZA371,01 - Non intersection,02 - Non-fatal injury,05 - Turning movement,01 - Clear,07 - Dark,01 - Dry,10 - No control,,2,0,0,0,02 - Minor,1,,1,,,369809.764,5025633.558,45.36763,-75.67008596,1512
16--11350,2016/11/01,3:19 PM,HWY 417 VANIER IC117R63 @ VANIER PKWY (0002101),2101,02 - Intersection related,03 - P.D. only,03 - Rear end,01 - Clear,01 - Daylight,01 - Dry,01 - Traffic signal,00 - Unknown,2,0,0,0,,0,,,,,370794.5174,5031393.981,45.41936812,-75.65674546,1513
16--11351,2016/11/01,3:20 PM,MCARTHUR AVE @ VANIER PKWY (0004626),4626,02 - Intersection related,02 - Non-fatal injury,03 - Rear end,01 - Clear,01 - Daylight,01 - Dry,01 - Traffic signal,01 - Functioning,3,0,0,0,01 - Minimal,1,1,,,,370218.5349,5032694.479,45.43112356,-75.66393165,1514
16--11352,2016/11/01,4:16 PM,FRANK KENNY RD W @ INNES RD (0010153),10153,03 - At intersection,02 - Non-fatal injury,02 - Angle,01 - Clear,01 - Daylight,01 - Dry,02 - Stop sign,01 - Functioning,2,0,0,0,02 - Minor,1,,1,,,387531.2657,5037629.966,45.47369435,-75.44187363,1515
16--11353,2016/11/01,4:46 PM,MACKENZIE KING BR @ RAMP TO NICHOLAS ST (0010703),10703,02 - Intersection related,02 - Non-fatal injury,03 - Rear end,01 - Clear,05 - Dusk,01 - Dry,10 - No control,00 - Unknown,2,0,0,0,01 - Minimal,1,1,,,,368329.0814,5031970.692,45.42478538,-75.68817031,1516
16--11354,2016/11/01,4:51 PM,ELGIN ST @ LAURIER AVE (0002232),2232,02 - Intersection related,03 - P.D. only,04 - Sideswipe,01 - Clear,05 - Dusk,01 - Dry,01 - Traffic signal,01 - Functioning,2,0,0,0,,0,,,,,367948.9294,5031549.795,45.42103271,-75.69308169,1517
16--11355,2016/11/01,5:00 PM,LYON ST @ SPARKS ST (0006076),6076,02 - Intersection related,02 - Non-fatal injury,03 - Rear end,01 - Clear,07 - Dark,01 - Dry,01 - Traffic signal,01 - Functioning,2,0,0,0,01 - Minimal,1,1,,,,366976.695,5031353.163,45.41935056,-75.70552853,1518
16--11356,2016/11/01,5:15 PM,WEST HUNT CLUB RD @ WOODROFFE AVE (0000576),576,03 - At intersection,03 - P.D. only,05 - Turning movement,01 - Clear,05 - Dusk,01 - Dry,01 - Traffic signal,01 - Functioning,2,0,0,0,,0,,,,,363670.4715,5021247.587,45.32870803,-75.74897508,1519
16--11357,2016/11/01,5:50 PM,HIGHWAY 417 btwn HWY417 IC126 RAMP16 & HWY417 IC126 RAMP61 (__3ZA2RC),__3ZA2RC,01 - Non intersection,03 - P.D. only,03 - Rear end,01 - Clear,07 - Dark,01 - Dry,10 - No control,,3,0,0,0,,0,,,,,363168.3808,5025870.267,45.37034443,-75.75483421,1520
16--11358,2016/11/01,6:12 PM,REGIONAL ROAD 174 btwn OR174 IC105 RAMP16 & OR174 IC105 RAMP26 (__3ZA1PU),__3ZA1PU,01 - Non intersection,03 - P.D. only,99 - Other,01 - Clear,07 - Dark,01 - Dry,10 - No control,,8,0,0,0,,0,,,,,378961.9816,5036775.913,45.46697286,-75.55158701,1521
16--11359,2016/11/01,6:17 PM,LORRY GREENBERG DR btwn HEARTLEAF PRIV & HUNT CLUB RD (__3ZAZLZ),__3ZAZLZ,04 - At/near private drive,03 - P.D. only,02 - Angle,01 - Clear,07 - Dark,01 - Dry,10 - No control,,2,0,0,0,,0,,,,,372821.2683,5024813.345,45.35996425,-75.63175837,1522
16--1136,2016/01/23,7:52 PM,GARDENWAY DR btwn OAKLAWN CRES & OAKLAWN CRES (__3ZA5SR),__3ZA5SR,01 - Non intersection,03 - P.D. only,07 - SMV other,01 - Clear,07 - Dark,01 - Dry,10 - No control,,1,0,0,0,,0,,,,,384079.4359,5036627.227,45.46507304,-75.48617692,1523
16--11360,2016/11/01,6:20 PM,REGIONAL RD 174 EB btwn REGIONAL RD 174 & TRIM RD (__3ZA1L6),__3ZA1L6,01 - Non intersection,03 - P.D. only,03 - Rear end,02 - Rain,07 - Dark,02 - Wet,10 - No control,,2,0,0,0,,0,,,,,384401.8149,5039997.439,45.49535832,-75.48150879,1524
16--11361,2016/11/01,6:46 AM,NAVAHO DR btwn GAGE CRES & BASELINE RD (__3ZAAW8),__3ZAAW8,04 - At/near private drive,03 - P.D. only,05 - Turning movement,01 - Clear,07 - Dark,01 - Dry,10 - No control,,2,0,0,0,,0,,,,,363082.6172,5024103.653,45.35445576,-75.75613738,1525
16--11362,2016/11/01,6:55 PM,JEANNE D'ARC BLVD N/OR174 IC105 RAMP63 @ TRANS (0012413),12413,02 - Intersection related,03 - P.D. only,03 - Rear end,01 - Clear,07 - Dark,01 - Dry,01 - Traffic signal,00 - Unknown,2,0,0,0,,0,,,,,379341.0753,5037117.007,45.47000141,-75.54668794,1526
16--11363,2016/11/01,7:05 PM,FERNBANK RD btwn DWYER HILL RD & MUNSTER RD (__3ZAC55),__3ZAC55,01 - Non intersection,03 - P.D. only,07 - SMV other,01 - Clear,07 - Dark,01 - Dry,10 - No control,,1,0,0,0,,0,,,,,345142.3379,5006999.725,45.20180908,-75.98648846,1527
16--11364,2016/11/01,8:41 PM,MCLEOD ST btwn O'CONNOR ST & METCALFE ST (__3ZA8GN),__3ZA8GN,01 - Non intersection,03 - P.D. only,06 - SMV unattended vehicle,01 - Clear,07 - Dark,01 - Dry,10 - No control,,1,0,0,0,,0,,,,,368126.8194,5030596.3,45.4124374,-75.69093137,1528
16--11365,2016/11/01,9:02 PM,WEST HUNT CLUB RD @ WOODROFFE AVE (0000576),576,02 - Intersection related,02 - Non-fatal injury,03 - Rear end,01 - Clear,07 - Dark,01 - Dry,01 - Traffic signal,01 - Functioning,2,0,0,0,01 - Minimal,1,1,,,,363672.128,5021247.677,45.3287087,-75.74895394,1529
16--11366,2016/11/02,1:16 PM,BOYER RD @ NOTRE DAME ST (0003821),3821,03 - At intersection,03 - P.D. only,02 - Angle,01 - Clear,01 - Daylight,01 - Dry,02 - Stop sign,01 - Functioning,2,0,0,0,,0,,,,,380449.3991,5036734.806,45.46644351,-75.53257435,1530
16--11367,2016/11/02,1:44 PM,CYRVILLE RD @ INNES RD (0009352),9352,02 - Intersection related,02 - Non-fatal injury,03 - Rear end,01 - Clear,01 - Daylight,01 - Dry,01 - Traffic signal,01 - Functioning,2,0,0,0,01 - Minimal,1,1,,,,375046.8965,5031118.322,45.41647385,-75.60245587,1531
16--11368,2016/11/02,1:49 PM,STANLEY AVE @ SUSSEX DR (0007143),7143,03 - At intersection,03 - P.D. only,07 - SMV other,01 - Clear,01 - Daylight,01 - Dry,01 - Traffic signal,01 - Functioning,1,0,1,0,,0,,,,,367832.0959,5033871.512,45.44193325,-75.69427724,1532
16--11369,2016/11/02,1:50 PM,AVIATION PKWY btwn RAMP & MONTREAL RD (__3ZA2SR),__3ZA2SR,04 - At/near private drive,03 - P.D. only,03 - Rear end,01 - Clear,01 - Daylight,01 - Dry,10 - No control,,2,0,0,0,,0,,,,,372077.2338,5034229.316,45.44475695,-75.6399698,1533
16--1137,2016/01/23,8:24 AM,INNES RD @ STONEHENGE CRES E (0009355),9355,02 - Intersection related,03 - P.D. only,03 - Rear end,01 - Clear,01 - Daylight,01 - Dry,01 - Traffic signal,01 - Functioning,2,0,0,0,,0,,,,,375362.5957,5031313.733,45.41820029,-75.5983947,1534
16--11370,2016/11/02,1:57 AM,LEITRIM RD btwn HALL RD & END (__3ZA6SE),__3ZA6SE,01 - Non intersection,03 - P.D. only,07 - SMV other,01 - Clear,07 - Dark,01 - Dry,10 - No control,,1,0,0,0,,0,,,,,384079.4699,5027021.622,45.37864997,-75.48772224,1535
16--11371,2016/11/02,10:54 AM,KING EDWARD AVE @ RIDEAU ST (0002121),2121,02 - Intersection related,03 - P.D. only,03 - Rear end,01 - Clear,01 - Daylight,01 - Dry,01 - Traffic signal,01 - Functioning,2,0,0,0,,0,,,,,368513.3635,5032411.933,45.42873874,-75.68575856,1536
16--11372,2016/11/02,11:27 AM,BANK ST @ RIVERSIDE DR S (0002704),2704,02 - Intersection related,03 - P.D. only,03 - Rear end,01 - Clear,01 - Daylight,01 - Dry,01 - Traffic signal,01 - Functioning,2,0,0,0,,0,,,,,369305.5453,5027894.139,45.38801661,-75.67622683,1537
16--11373,2016/11/02,11:30 AM,STITTSVILLE MAIN ST @ MULKINS ST S/WINTERGREEN (0009338),9338,02 - Intersection related,03 - P.D. only,03 - Rear end,01 - Clear,01 - Daylight,01 - Dry,01 - Traffic signal,01 - Functioning,2,0,0,0,,0,,,,,350004.7524,5013641.831,45.2612824,-75.92399506,1538
16--11374,2016/11/02,12:22 PM,BOUNDARY RD btwn ENTREPRENEUR CRES & MITCH OWENS RD (__3ZAZ0T),__3ZAZ0T,01 - Non intersection,03 - P.D. only,07 - SMV other,01 - Clear,01 - Daylight,01 - Dry,10 - No control,,1,0,0,0,,0,,,,,387992.9543,5022351.703,45.33618043,-75.43854736,1539
16--11375,2016/11/02,3:10 PM,CARLING AVE WB btwn HAMILTON AVE S & PARKDALE AVE (__3ZA4UP),__3ZA4UP,01 - Non intersection,03 - P.D. only,04 - Sideswipe,01 - Clear,01 - Daylight,01 - Dry,10 - No control,,2,0,0,0,,0,,,,,365616.3203,5028167.162,45.39080327,-75.72330224,1540
16--11376,2016/11/02,3:30 PM,BLAIR RD @ REGIONAL RD 174 S/OR174 IC112 RAMP15 (0012435),12435,02 - Intersection related,03 - P.D. only,03 - Rear end,01 - Clear,01 - Daylight,01 - Dry,01 - Traffic signal,00 - Unknown,2,0,0,0,,0,,,,,374907.0618,5032662.782,45.43038409,-75.60402251,1541
16--11377,2016/11/02,3:43 PM,O'CONNOR ST btwn SOMERSET ST W & MACLAREN ST (__3ZA34Q),__3ZA34Q,04 - At/near private drive,02 - Non-fatal injury,02 - Angle,01 - Clear,01 - Daylight,01 - Dry,10 - No control,,2,1,0,0,02 - Minor,1,,1,,,367866.0284,5030994.352,45.41604249,-75.69421199,1542
16--11378,2016/11/02,4:09 PM,NAVAN RD @ PAGE RD (0004199),4199,03 - At intersection,02 - Non-fatal injury,05 - Turning movement,01 - Clear,01 - Daylight,01 - Dry,02 - Stop sign,01 - Functioning,2,0,0,0,01 - Minimal,1,1,,,,381659.1014,5032771.648,45.43065416,-75.51772576,1543
16--11379,2016/11/02,5:03 PM,INNES RD @ ORLEANS BLVD (0003611),3611,03 - At intersection,02 - Non-fatal injury,02 - Angle,01 - Clear,05 - Dusk,01 - Dry,01 - Traffic signal,01 - Functioning,5,0,0,0,02 - Minor,3,,3,,,380460.1365,5034296.623,45.44450547,-75.53281216,1544
16--1138,2016/01/23,8:54 AM,FERNBANK RD @ SHEA RD (0000399),399,03 - At intersection,03 - P.D. only,02 - Angle,01 - Clear,01 - Daylight,01 - Dry,11 - Roundabout,01 - Functioning,2,0,0,0,,0,,,,,352115.111,5013181.057,45.25699743,-75.89714993,1545
16--11380,2016/11/02,5:11 PM,AMIENS ST @ ROXDALE AVE (0004417),4417,03 - At intersection,03 - P.D. only,05 - Turning movement,01 - Clear,05 - Dusk,01 - Dry,02 - Stop sign,01 - Functioning,2,0,0,0,,0,,,,,383285.6501,5037539.243,45.47336818,-75.4961806,1546
16--11381,2016/11/02,5:39 PM,CAMBRIAN RD/GOLFLINKS DR W @ LONGFIELDS DR (0009702),9702,02 - Intersection related,03 - P.D. only,04 - Sideswipe,01 - Clear,07 - Dark,01 - Dry,11 - Roundabout,01 - Functioning,2,0,0,0,,0,,,,,365382.4713,5013223.636,45.25636327,-75.72811671,1547
16--11382,2016/11/02,6:01 PM,REGIONAL ROAD 174 EB btwn OR174 IC109 RAMP55 & TRANSIT (__3ZA28V),__3ZA28V,01 - Non intersection,02 - Non-fatal injury,03 - Rear end,01 - Clear,07 - Dark,01 - Dry,10 - No control,,2,0,0,0,01 - Minimal,1,1,,,,376470.974,5034983.677,45.45110754,-75.58370008,1548
16--11383,2016/11/02,6:06 PM,BASELINE RD @ FISHER AVE (0002346),2346,02 - Intersection related,03 - P.D. only,03 - Rear end,01 - Clear,07 - Dark,01 - Dry,01 - Traffic signal,01 - Functioning,2,0,0,0,,0,,,,,366165.0373,5026028.119,45.37150877,-75.71656099,1549
16--11384,2016/11/02,6:08 PM,LAURIER AVE   W btwn ELGIN ST & QUEEN ELIZABETH DRWY/LAURIER AVE WB ON (__3ZA35Z),__3ZA35Z,01 - Non intersection,03 - P.D. only,03 - Rear end,01 - Clear,07 - Dark,01 - Dry,10 - No control,,3,0,0,0,,0,,,,,367994.2586,5031573.178,45.42123901,-75.69249954,1550
16--11385,2016/11/02,6:11 PM,QUEEN ELIZABETH DRWY EB btwn BRONSON AVE OVERPASS & TORRINGTON PL (1) (__3ZA21E),__3ZA21E,01 - Non intersection,03 - P.D. only,03 - Rear end,01 - Clear,07 - Dark,01 - Dry,10 - No control,,2,0,0,0,,0,,,,,367766.1128,5028578.957,45.3943185,-75.69579692,1551
16--11386,2016/11/02,6:20 PM,ALBION RD @ MITCH OWENS RD (0004212),4212,02 - Intersection related,03 - P.D. only,03 - Rear end,01 - Clear,07 - Dark,01 - Dry,01 - Traffic signal,01 - Functioning,2,0,0,0,,0,,,,,375908.4104,5014804.863,45.26960562,-75.59379462,1552
16--11387,2016/11/02,6:40 PM,BANK ST @ WALKLEY RD (0011423),11423,02 - Intersection related,03 - P.D. only,03 - Rear end,01 - Clear,07 - Dark,01 - Dry,01 - Traffic signal,01 - Functioning,2,0,0,0,,0,,,,,370337.0238,5025947.321,45.37040404,-75.66331406,1553
16--11388,2016/11/02,8:01 AM,BANK ST @ WALKLEY RD (0011423),11423,02 - Intersection related,02 - Non-fatal injury,03 - Rear end,01 - Clear,01 - Daylight,01 - Dry,01 - Traffic signal,01 - Functioning,2,0,0,0,01 - Minimal,2,2,,,,370337.8491,5025947.735,45.37040769,-75.66330347,1554
16--11389,2016/11/02,8:27 AM,HOGARTH AVE btwn FENMORE ST & BANNON WAY (__3ZA5NR),__3ZA5NR,01 - Non intersection,02 - Non-fatal injury,03 - Rear end,01 - Clear,01 - Daylight,01 - Dry,10 - No control,,2,1,0,0,02 - Minor,1,,1,,,373006.4804,5023129.466,45.34479533,-75.62962683,1555
16--1139,2016/01/23,9:30 PM,LEWIS ST @ METCALFE ST (0007288),7288,02 - Intersection related,03 - P.D. only,05 - Turning movement,01 - Clear,07 - Dark,02 - Wet,02 - Stop sign,01 - Functioning,2,0,0,0,,0,,,,,368121.3707,5030923.795,45.41538458,-75.6909589,1556
16--11390,2016/11/02,8:53 AM,HOLLY ACRES RD @ CARLING AVE (0000522),522,03 - At intersection,02 - Non-fatal injury,05 - Turning movement,01 - Clear,01 - Daylight,01 - Dry,01 - Traffic signal,01 - Functioning,2,0,0,0,02 - Minor,1,,1,,,358233.9977,5023497.738,45.34938996,-75.81808131,1557
16--11391,2016/11/02,8:53 AM,JEANNE D'ARC BLVD  S btwn ST. JOSEPH BLVD & WOODCLIFFE PRIV (__4FNS33),__4FNS33,01 - Non intersection,03 - P.D. only,03 - Rear end,01 - Clear,01 - Daylight,01 - Dry,11 - Roundabout,01 - Functioning,2,0,0,0,,0,,,,,379887.9416,5036431.897,45.46377875,-75.53979968,1558
16--11392,2016/11/02,8:54 AM,COBOURG ST @ ST. PATRICK ST (0011483),11483,02 - Intersection related,02 - Non-fatal injury,03 - Rear end,01 - Clear,01 - Daylight,01 - Dry,01 - Traffic signal,01 - Functioning,2,0,0,0,02 - Minor,2,1,1,,,368801.7573,5033233.788,45.43610715,-75.6819665,1559
16--11393,2016/11/02,8:56 AM,INDUSTRIAL AVE @ TRAINYARDS DR (0011906),11906,03 - At intersection,03 - P.D. only,03 - Rear end,02 - Rain,01 - Daylight,02 - Wet,01 - Traffic signal,01 - Functioning,2,0,0,0,,0,,,,,371686.677,5030539.479,45.41159495,-75.645463,1560
16--11394,2016/11/02,9:26 AM,MOFFATT POND CRT/COBBLE HILL DR @ ANJANA CIRC (0011115),11115,03 - At intersection,03 - P.D. only,02 - Angle,01 - Clear,01 - Daylight,01 - Dry,02 - Stop sign,01 - Functioning,2,0,0,0,,0,,,,,361736.4343,5014022.332,45.2638545,-75.7744756,1561
16--11395,2016/11/02,9:36 AM,CLEMENTINE BLVD @ HERON RD (0006858),6858,02 - Intersection related,03 - P.D. only,03 - Rear end,01 - Clear,01 - Daylight,01 - Dry,01 - Traffic signal,00 - Unknown,2,0,0,0,,0,,,,,369546.8926,5026784.466,45.37800986,-75.67329055,1562
16--11396,2016/11/03,1:07 AM,DES BROUSSAILLES TER N @ MEADOWGLEN DR N (0004332),4332,02 - Intersection related,02 - Non-fatal injury,07 - SMV other,01 - Clear,07 - Dark,01 - Dry,02 - Stop sign,01 - Functioning,1,0,0,0,01 - Minimal,1,1,,,,379632.5644,5034912.328,45.45013421,-75.54329614,1563
16--11397,2016/11/03,1:30 PM,ST. LAURENT BLVD @ ST. LAURENT BLVD SERVICE (0008760),8760,02 - Intersection related,03 - P.D. only,03 - Rear end,99 - Other,01 - Daylight,02 - Wet,01 - Traffic signal,01 - Functioning,2,0,0,0,,0,,,,,373495.2737,5029148.348,45.39890302,-75.62255307,1564
16--11398,2016/11/03,1:36 PM,CENTENNIAL BLVD btwn MAIN ST & BULLOCK AVE (__3ZA92R),__3ZA92R,01 - Non intersection,03 - P.D. only,07 - SMV other,01 - Clear,01 - Daylight,02 - Wet,10 - No control,,1,0,0,0,,0,,,,,369492.3139,5029422.771,45.4017535,-75.67364149,1565
16--11399,2016/11/03,1:46 PM,BLACKBURN BYPASS @ NAVAN RD (0004201),4201,02 - Intersection related,03 - P.D. only,02 - Angle,02 - Rain,01 - Daylight,02 - Wet,01 - Traffic signal,01 - Functioning,2,0,0,0,,0,,,,,379617.9666,5033274.343,45.43539838,-75.54373177,1566
16--114,2016/01/04,5:12 PM,EAGLESON RD btwn MARCH RD & HWY417 IC138 RAMP35 (__3ZAZEV),__3ZAZEV,01 - Non intersection,02 - Non-fatal injury,03 - Rear end,01 - Clear,05 - Dusk,01 - Dry,10 - No control,,3,0,0,0,02 - Minor,1,,1,,,352956.4467,5020200.069,45.32009919,-75.8857496,1567
16--1140,2016/01/23,9:42 AM,RIVERSIDE DR @ TREMBLAY RD/HWY417 IC117 RAMP52 (0010790),10790,03 - At intersection,03 - P.D. only,03 - Rear end,01 - Clear,01 - Daylight,01 - Dry,01 - Traffic signal,01 - Functioning,2,0,0,0,,0,,,,,370801.1601,5031016.19,45.41596828,-75.65671119,1568
16--11400,2016/11/03,1:47 PM,GEORGE ST    W btwn PRESTON ST & END (__3ZA06J),__3ZA06J,01 - Non intersection,03 - P.D. only,99 - Other,01 - Clear,01 - Daylight,01 - Dry,10 - No control,,2,0,0,0,,0,,,,,366610.4198,5029412.833,45.40192447,-75.71045151,1569
16--11401,2016/11/03,10:01 PM,RIVERSIDE DR @ HERON RD (0002236),2236,02 - Intersection related,03 - P.D. only,03 - Rear end,01 - Clear,07 - Dark,01 - Dry,01 - Traffic signal,01 - Functioning,2,0,0,0,,0,,,,,368121.9331,5026645.151,45.37688657,-75.69150092,1570
16--11402,2016/11/03,10:04 PM,PRINCE OF WALES DR @ WEST HUNT CLUB RD (0000567),567,02 - Intersection related,03 - P.D. only,04 - Sideswipe,02 - Rain,07 - Dark,02 - Wet,01 - Traffic signal,01 - Functioning,2,0,0,0,,0,,,,,367457.6126,5021891.284,45.33417202,-75.7005847,1571
16--11403,2016/11/03,10:16 AM,MCARTHUR AVE btwn LACASSE AVE & CARMEN AVE (__3ZA3W8),__3ZA3W8,01 - Non intersection,03 - P.D. only,04 - Sideswipe,02 - Rain,01 - Daylight,02 - Wet,10 - No control,,2,0,0,0,,0,,,,,370893.1334,5032764.476,45.43168994,-75.65530162,1572
16--11404,2016/11/03,10:21 AM,FIELDROW ST btwn VIEWMOUNT DR & MALCOLM PL (__3ZAAR9),__3ZAAR9,04 - At/near private drive,03 - P.D. only,06 - SMV unattended vehicle,02 - Rain,01 - Daylight,02 - Wet,10 - No control,,1,0,0,0,,0,,,,,364220.9271,5022912.505,45.34364241,-75.74175348,1573
16--11405,2016/11/03,11:00 PM,CARLING AVE btwn BURKE RD & DEFENSE  RESEARCH COMPLEX (__3ZA4Z6A),__3ZA4Z6A,01 - Non intersection,03 - P.D. only,07 - SMV other,01 - Clear,07 - Dark,02 - Wet,10 - No control,,1,0,0,0,,0,,,,,352919.4126,5022713.258,45.34271587,-75.88597764,1574
16--11406,2016/11/03,11:16 AM,SHEFFIELD RD @ WALKLEY RD (0005156),5156,03 - At intersection,02 - Non-fatal injury,05 - Turning movement,02 - Rain,01 - Daylight,02 - Wet,01 - Traffic signal,01 - Functioning,2,0,0,0,02 - Minor,3,,3,,,375256.6374,5028784.758,45.39545659,-75.6001098,1575
16--11407,2016/11/03,11:25 AM,GOULBURN AVE @ TEMPLETON ST (0007806),7806,03 - At intersection,03 - P.D. only,02 - Angle,02 - Rain,01 - Daylight,02 - Wet,02 - Stop sign,01 - Functioning,2,0,0,0,,0,,,,,369577.0531,5031819.801,45.42331326,-75.67224415,1576
16--11408,2016/11/03,12:33 PM,"MCARTHUR AVE @ EGLISE, RUE DE L/MOORVALE ST (0007763)",7763,02 - Intersection related,03 - P.D. only,03 - Rear end,01 - Clear,01 - Daylight,02 - Wet,01 - Traffic signal,01 - Functioning,2,0,0,0,,0,,,,,371445.7167,5032824.993,45.432182,-75.64823196,1577
16--11409,2016/11/03,12:59 PM,CATHERINE ST btwn METCALFE ST & ELGIN ST (__3ZA3PE),__3ZA3PE,01 - Non intersection,03 - P.D. only,04 - Sideswipe,01 - Clear,01 - Daylight,02 - Wet,10 - No control,,2,0,0,0,,0,,,,,368401.3906,5030491.613,45.41147056,-75.68743729,1578
16--1141,2016/01/24,1:27 AM,FINLAND PRIV btwn LORRY GREENBERG DR & LORRY GREENBERG DR (__3ZA1AL),__3ZA1AL,01 - Non intersection,03 - P.D. only,06 - SMV unattended vehicle,01 - Clear,07 - Dark,01 - Dry,10 - No control,,1,0,0,0,,0,,,,,373293.9488,5025449.247,45.36563982,-75.62563752,1579
16--11410,2016/11/03,2:15 PM,EAGLESON RD @ HAZELDEAN RD/ROBERTSON RD (0002715),2715,02 - Intersection related,03 - P.D. only,03 - Rear end,01 - Clear,01 - Daylight,01 - Dry,01 - Traffic signal,01 - Functioning,2,0,0,0,,0,,,,,353673.6249,5018424.046,45.30406862,-75.87677749,1580
16--11411,2016/11/03,2:33 PM,LAURIER AVE @ NICHOLAS ST (0010711),10711,02 - Intersection related,03 - P.D. only,04 - Sideswipe,02 - Rain,01 - Daylight,02 - Wet,01 - Traffic signal,01 - Functioning,2,0,0,0,,0,,,,,368373.8491,5031799.005,45.42323653,-75.68762045,1581
16--11412,2016/11/03,3:30 PM,FALLOWFIELD RD @ HWY 416 FALLOWFI IC66R24 (0005506),5506,02 - Intersection related,03 - P.D. only,03 - Rear end,01 - Clear,01 - Daylight,01 - Dry,01 - Traffic signal,01 - Functioning,2,0,0,0,,0,,,,,360278.967,5014849.501,45.27141393,-75.79295384,1582
16--11413,2016/11/03,3:58 PM,MERIVALE RD @ WEST HUNT CLUB RD (0000584),584,03 - At intersection,03 - P.D. only,03 - Rear end,01 - Clear,01 - Daylight,02 - Wet,01 - Traffic signal,01 - Functioning,2,0,0,0,,0,,,,,365612.6952,5021941.256,45.33478397,-75.72411468,1583
16--11414,2016/11/03,4:24 PM,JEANNE D'ARC BLVD @ GREY NUNS DR/YOUVILLE DR (0003147),3147,02 - Intersection related,03 - P.D. only,03 - Rear end,01 - Clear,05 - Dusk,02 - Wet,01 - Traffic signal,01 - Functioning,2,0,0,0,,0,,,,,379669.7145,5036693.83,45.46615884,-75.54255,1584
16--11415,2016/11/03,4:27 PM,HAWTHORNE AVE @ MAIN ST (0006919),6919,03 - At intersection,03 - P.D. only,05 - Turning movement,01 - Clear,05 - Dusk,01 - Dry,01 - Traffic signal,01 - Functioning,2,0,0,0,,0,,,,,368970.4901,5030632.787,45.41268884,-75.68014892,1585