Anom_ID,Accident_Date,Accident_Time,Location,Geo_ID,Accident_Location,Classification_of_Accident,Initial_Impact_Type,Environment_Condition,Light,Road_Surface_Condition,Traffic_Control,Traffic_Control_Condition,No__of_Vehicles,No__of_Bicycles,No__of_Motorcycles,No__of_Pedestrians,Max_Injury,No__of_Injuries,No__of_Minimal,No__of_Minor,No__of_Major,No__of_Fatal,X,Y,Latitude,Longitude,ObjectId
16--11577,2016/11/07,9:02 AM,CARLING AVE @ MAITLAND AVE/SHERBOURNE RD (0002641),2641,02 - Intersection related,03 - P.D. only,04 - Sideswipe,01 - Clear,01 - Daylight,01 - Dry,01 - Traffic signal,01 - Functioning,3,0,0,0,,0,,,,,362942.0393,5026488.308,45.3759243,-75.75765082,1669
16--11578,2016/11/07,9:03 AM,BANK ST @ JOHNSTON RD (0006967),6967,02 - Intersection related,02 - Non-fatal injury,03 - Rear end,01 - Clear,01 - Daylight,01 - Dry,01 - Traffic signal,01 - Functioning,4,0,0,0,02 - Minor,2,1,1,,,370851.7305,5024837.458,45.36036953,-75.65689208,1670
16--11579,2016/11/07,9:04 AM,BIRCH AVE @ HEMLOCK RD (0007169),7169,03 - At intersection,03 - P.D. only,02 - Angle,01 - Clear,01 - Daylight,01 - Dry,01 - Traffic signal,01 - Functioning,2,0,0,0,,0,,,,,370286.6177,5034693.795,45.44910617,-75.6627956,1671
16--1158,2016/01/24,6:09 PM,STRANDHERD DR @ WOODROFFE AVE (0009688),9688,02 - Intersection related,03 - P.D. only,03 - Rear end,03 - Snow,07 - Dark,04 - Slush,01 - Traffic signal,01 - Functioning,2,0,0,0,,0,,,,,366106.3735,5015394.49,45.27583384,-75.71862635,1672
16--11580,2016/11/07,9:14 AM,ELGIN ST btwn COOPER ST & SOMERSET ST W (__3ZA346),__3ZA346,01 - Non intersection,03 - P.D. only,07 - SMV other,01 - Clear,01 - Daylight,01 - Dry,10 - No control,,1,0,0,0,,0,,,,,368123.8548,5031265.378,45.41845781,-75.69088327,1673
16--11581,2016/11/07,9:17 AM,PRINCE OF WALES DR btwn WATERBEND LANE & TURN LANE (__3ZA1H4),__3ZA1H4,01 - Non intersection,03 - P.D. only,03 - Rear end,01 - Clear,01 - Daylight,01 - Dry,10 - No control,,2,0,0,0,,0,,,,,367432.5893,5021719.912,45.33263228,-75.70092562,1674
16--11582,2016/11/07,9:22 AM,WOODROFFE AVE btwn BASELINE RD & WOODROFFE AVE (__3ZA4HP),__3ZA4HP,01 - Non intersection,03 - P.D. only,04 - Sideswipe,01 - Clear,01 - Daylight,01 - Dry,10 - No control,,2,0,0,0,,0,,,,,362561.9079,5023736.9,45.35119883,-75.76282549,1675
16--11583,2016/11/08,1:00 AM,REGIONAL ROAD 174 btwn OR174 IC105 RAMP35 & OR174 IC105 RAMP25 (__3ZA27E),__3ZA27E,01 - Non intersection,03 - P.D. only,07 - SMV other,01 - Clear,07 - Dark,01 - Dry,10 - No control,,1,0,0,0,,0,,,,,379638.4339,5037131.46,45.47009965,-75.54288333,1676
16--11584,2016/11/08,1:02 PM,MERIVALE RD @ WOODFIELD DR/ROYDON PL (0009776),9776,02 - Intersection related,03 - P.D. only,04 - Sideswipe,01 - Clear,01 - Daylight,01 - Dry,01 - Traffic signal,01 - Functioning,2,0,0,0,,0,,,,,365463.1892,5022299.073,45.3380165,-75.72597813,1677
16--11585,2016/11/08,1:23 AM,ALERT RD/AIRPORT PKWY/UPLANDS DR RAMP 62 @ LES (0003652),3652,03 - At intersection,03 - P.D. only,02 - Angle,01 - Clear,07 - Dark,01 - Dry,01 - Traffic signal,01 - Functioning,2,0,0,0,,0,,,,,371306.8317,5021353.489,45.32897883,-75.65155207,1678
16--11586,2016/11/08,1:45 PM,DALY AVE @ NICHOLAS ST (0011451),11451,02 - Intersection related,03 - P.D. only,03 - Rear end,01 - Clear,01 - Daylight,01 - Dry,01 - Traffic signal,01 - Functioning,2,0,0,0,,0,,,,,368228.5292,5032045.331,45.42546608,-75.68944552,1679
16--11587,2016/11/08,10:01 PM,ST. LAURENT BLVD btwn MCARTHUR AVE & DONALD ST (__3ZBOF4),__3ZBOF4,01 - Non intersection,03 - P.D. only,07 - SMV other,01 - Clear,07 - Dark,01 - Dry,10 - No control,,1,0,0,0,,0,,,,,371950.0743,5032810.707,45.43200521,-75.64178867,1680
16--11588,2016/11/08,11:32 AM,GLADSTONE AVE @ ROCHESTER ST (0006496),6496,03 - At intersection,02 - Non-fatal injury,07 - SMV other,01 - Clear,01 - Daylight,01 - Dry,01 - Traffic signal,01 - Functioning,1,0,0,1,03 - Major,1,,,1,,366662.698,5029787.98,45.40529532,-75.70973673,1681
16--11589,2016/11/08,11:41 AM,ALTA VISTA DR btwn HERON RD & RIDGEMONT AVE (__3ZA862),__3ZA862,01 - Non intersection,03 - P.D. only,03 - Rear end,01 - Clear,01 - Daylight,01 - Dry,10 - No control,,3,0,0,0,,0,,,,,370499.3477,5026851.605,45.37852529,-75.66112166,1682
16--1159,2016/01/24,6:10 PM,HIGHWAY 417 btwn HWY417 IC126 RAMP25 & HWY417 IC124 RAMP57 (__3ZA2R5),__3ZA2R5,01 - Non intersection,03 - P.D. only,03 - Rear end,03 - Snow,"08 - Dark, artificial",03 - Loose snow,10 - No control,,2,0,0,0,,0,,,,,363678.2089,5026514.434,45.37609791,-75.74824921,1683
16--11590,2016/11/08,Unknown,HEPATICA WAY btwn GENEVRIERS ST E & MAGNOLIA ST S (e___2HV7),e___2HV7,01 - Non intersection,03 - P.D. only,06 - SMV unattended vehicle,01 - Clear,00 - Unknown,01 - Dry,10 - No control,,1,0,0,0,,0,,,,,384506.189,5034438.234,45.44532993,-75.48107525,1684
16--11591,2016/11/08,12:12 PM,CONROY RD @ HUNT CLUB RD (0002257),2257,02 - Intersection related,03 - P.D. only,03 - Rear end,01 - Clear,01 - Daylight,01 - Dry,01 - Traffic signal,01 - Functioning,2,0,0,0,,0,,,,,373764.5682,5025404.109,45.36518754,-75.61963681,1685
16--11592,2016/11/08,12:51 PM,MERIVALE RD @ WOODFIELD DR/ROYDON PL (0009776),9776,02 - Intersection related,03 - P.D. only,04 - Sideswipe,01 - Clear,01 - Daylight,01 - Dry,01 - Traffic signal,01 - Functioning,2,0,0,0,,0,,,,,365461.8719,5022297.932,45.33800635,-75.72599508,1686
16--11593,2016/11/08,12:53 PM,RIVERSIDE DR NB btwn INDUSTRIAL AVE & TREMBLAY RD (__3ZA4SE),__3ZA4SE,01 - Non intersection,02 - Non-fatal injury,03 - Rear end,01 - Clear,01 - Daylight,01 - Dry,10 - No control,,2,0,0,0,01 - Minimal,1,1,,,,370745.2771,5030783.836,45.41388292,-75.65745622,1687
16--11594,2016/11/08,12:54 PM,BANFF AVE @ SURREY AVE (0006804),6804,03 - At intersection,03 - P.D. only,02 - Angle,01 - Clear,01 - Daylight,01 - Dry,02 - Stop sign,01 - Functioning,2,0,0,0,,0,,,,,370575.9448,5025920.435,45.37013974,-75.66026776,1688
16--11595,2016/11/08,2:45 PM,8TH LINE RD btwn SPRINGHILL RD & MARVELVILLE RD (__3ZA64R),__3ZA64R,04 - At/near private drive,02 - Non-fatal injury,03 - Rear end,01 - Clear,01 - Daylight,01 - Dry,10 - No control,,2,0,0,0,01 - Minimal,2,2,,,,387020.4814,5007061.781,45.19872711,-75.45348414,1689
16--11596,2016/11/08,2:49 PM,FISHER AVE @ DEER PARK RD/DYNES RD (0002341),2341,02 - Intersection related,03 - P.D. only,02 - Angle,01 - Clear,01 - Daylight,01 - Dry,01 - Traffic signal,01 - Functioning,2,0,0,0,,0,,,,,366407.9565,5025455.263,45.36633301,-75.71353141,1690
16--11597,2016/11/08,3:00 PM,CARLING AVE @ OTTAWA RIVER PKWY WB (0002142),2142,02 - Intersection related,03 - P.D. only,03 - Rear end,01 - Clear,01 - Daylight,01 - Dry,03 - Yield sign,01 - Functioning,2,0,0,0,,0,,,,,360854.901,5025171.773,45.36424828,-75.78444637,1691
16--11598,2016/11/08,3:24 PM,ST. LAURENT BLVD @ MCARTHUR AVE (0008246),8246,03 - At intersection,03 - P.D. only,03 - Rear end,01 - Clear,01 - Daylight,01 - Dry,01 - Traffic signal,01 - Functioning,2,0,0,0,,0,,,,,371920.0627,5032885.505,45.43268109,-75.642162,1692
16--11599,2016/11/08,3:26 PM,WAVERLEY ST @ O'CONNOR ST (0007269),7269,02 - Intersection related,02 - Non-fatal injury,05 - Turning movement,01 - Clear,01 - Daylight,01 - Dry,02 - Stop sign,01 - Functioning,2,1,0,0,02 - Minor,1,,1,,,368009.2694,5030765.944,45.41397443,-75.69241129,1693
16--116,2016/01/04,5:40 PM,TRIM RD @ WATTERS RD (0012847),12847,03 - At intersection,03 - P.D. only,05 - Turning movement,01 - Clear,07 - Dark,01 - Dry,01 - Traffic signal,01 - Functioning,2,0,0,0,,0,,,,,384963.5544,5038717.795,45.48378105,-75.47453154,1694
16--1160,2016/01/24,7:00 PM,SOMERSET ST    W btwn BECKINGTON PRIV & BANK ST (__3ZAZQ1),__3ZAZQ1,04 - At/near private drive,03 - P.D. only,05 - Turning movement,03 - Snow,07 - Dark,02 - Wet,10 - No control,,2,0,0,0,,0,,,,,367668.1387,5030900.855,45.41521904,-75.69675208,1695
16--11600,2016/11/08,3:29 PM,BASELINE RD btwn LOBLAWS SC & MERIVALE RD (__3ZA4ISC),__3ZA4ISC,01 - Non intersection,02 - Non-fatal injury,03 - Rear end,01 - Clear,01 - Daylight,01 - Dry,10 - No control,,2,0,0,0,01 - Minimal,1,1,,,,364960.2865,5025267.13,45.36476597,-75.73203315,1696
16--11601,2016/11/08,3:52 PM,FALLOWFIELD RD btwn MOODIE DR & HWY416 IC66 RAMP53 (__3ZA4Y6),__3ZA4Y6,04 - At/near private drive,03 - P.D. only,05 - Turning movement,01 - Clear,01 - Daylight,01 - Dry,10 - No control,,2,0,0,0,,0,,,,,359513.711,5014639.852,45.26958743,-75.80272894,1697
16--11602,2016/11/08,3:54 PM,ROGER GUINDON AVE btwn SMYTH RD & PETER MORAND CRES (__3ZAZAM),__3ZAZAM,01 - Non intersection,02 - Non-fatal injury,07 - SMV other,01 - Clear,01 - Daylight,01 - Dry,10 - No control,,1,0,0,1,02 - Minor,1,,1,,,371928.9411,5029239.826,45.39987803,-75.64254515,1698
16--11603,2016/11/08,4:11 PM,BLACKBURN BYPASS @ NAVAN RD (0004201),4201,02 - Intersection related,03 - P.D. only,03 - Rear end,01 - Clear,01 - Daylight,01 - Dry,01 - Traffic signal,00 - Unknown,3,0,0,0,,0,,,,,379617.9277,5033274.607,45.43540076,-75.54373223,1699
16--11604,2016/11/08,4:36 PM,ST. LAURENT BLVD @ 125 N OF QUEEN MARY ST/ZELL (0008532),8532,02 - Intersection related,03 - P.D. only,02 - Angle,01 - Clear,05 - Dusk,01 - Dry,01 - Traffic signal,01 - Functioning,2,0,0,0,,0,,,,,372169.5097,5032287.961,45.42728069,-75.63905601,1700
16--11605,2016/11/08,4:49 PM,BRANT ST btwn MCARTHUR AVE & BRANT ST (__3ZA2P0),__3ZA2P0,04 - At/near private drive,03 - P.D. only,06 - SMV unattended vehicle,01 - Clear,05 - Dusk,01 - Dry,10 - No control,,1,0,0,0,,0,,,,,371280.1108,5032673.486,45.43083457,-75.65036871,1701
16--11606,2016/11/08,5:08 PM,ADIRONDACK DR @ WOODROFFE AVE (0005644),5644,02 - Intersection related,02 - Non-fatal injury,03 - Rear end,01 - Clear,07 - Dark,01 - Dry,02 - Stop sign,01 - Functioning,3,0,0,0,02 - Minor,2,1,1,,,362457.686,5024005.926,45.35362809,-75.76412412,1702
16--11607,2016/11/08,5:22 PM,MANOTICK STATION RD btwn HERBERTS CORNERS RD & HERBERTS CORNERS RD (__3ZA72H),__3ZA72H,01 - Non intersection,03 - P.D. only,07 - SMV other,01 - Clear,07 - Dark,01 - Dry,10 - No control,,1,0,0,0,,0,,,,,375943.287,5007670.27,45.205407,-75.59437059,1703
16--11608,2016/11/08,5:26 PM,GALETTA SIDE RD btwn CARP RD & HARBOUR ST (__3ZA4RV),__3ZA4RV,01 - Non intersection,03 - P.D. only,07 - SMV other,01 - Clear,07 - Dark,01 - Dry,10 - No control,,1,0,0,0,,0,,,,,328165.5947,5035362.824,45.45780391,-76.20124007,1704
16--11609,2016/11/08,5:42 PM,BOUNDARY RD @ MITCH OWENS RD (0001708),1708,03 - At intersection,03 - P.D. only,02 - Angle,01 - Clear,07 - Dark,01 - Dry,02 - Stop sign,01 - Functioning,2,0,0,0,,0,,,,,388067.4351,5022162.036,45.33446513,-75.43762914,1705
16--1161,2016/01/24,7:28 PM,CAMBRIAN RD/GOLFLINKS DR W @ LONGFIELDS DR (0009702),9702,02 - Intersection related,02 - Non-fatal injury,01 - Approaching,03 - Snow,07 - Dark,03 - Loose snow,11 - Roundabout,01 - Functioning,2,0,0,0,02 - Minor,3,,3,,,365382.4713,5013223.197,45.25635932,-75.72811676,1706
16--11704,2016/11/10,9:00 AM,ALBION RD/COLLISTON CRES E @ WALKLEY RD (0011422),11422,03 - At intersection,03 - P.D. only,05 - Turning movement,01 - Clear,01 - Daylight,01 - Dry,01 - Traffic signal,01 - Functioning,2,0,0,0,,0,,,,,371033.9675,5026355.68,45.37401279,-75.65436266,1707
16--11610,2016/11/08,5:43 PM,TRIM RD @ WATTERS RD (0012847),12847,03 - At intersection,02 - Non-fatal injury,02 - Angle,01 - Clear,07 - Dark,01 - Dry,01 - Traffic signal,01 - Functioning,2,0,0,0,02 - Minor,1,,1,,,384964.4326,5038717.795,45.48378095,-75.47452031,1708
16--11705,2016/11/10,9:14 PM,ISABELLA ST/HWY417 IC119AR75 @ METCALFE ST (0011380),11380,02 - Intersection related,02 - Non-fatal injury,03 - Rear end,01 - Clear,07 - Dark,01 - Dry,01 - Traffic signal,01 - Functioning,2,0,0,0,01 - Minimal,1,1,,,,368449.2935,5030399.268,45.41063531,-75.68683728,1709
16--11706,2016/11/10,9:17 AM,ELGIN ST @ MCLEOD ST (0007274),7274,02 - Intersection related,03 - P.D. only,02 - Angle,01 - Clear,01 - Daylight,01 - Dry,02 - Stop sign,01 - Functioning,2,0,0,0,,0,,,,,368425.1855,5030779.335,45.41405722,-75.68709618,1710
16--11611,2016/11/08,5:45 PM,BRANT ST @ MCARTHUR AVE (0004649),4649,02 - Intersection related,03 - P.D. only,04 - Sideswipe,01 - Clear,07 - Dark,01 - Dry,01 - Traffic signal,01 - Functioning,2,0,0,0,,0,,,,,371263.0715,5032805.351,45.43202265,-75.65056866,1711
16--11707,2016/11/10,9:25 PM,MEADOWLANDS DR @ MERIVALE RD (0000625),625,03 - At intersection,02 - Non-fatal injury,05 - Turning movement,01 - Clear,07 - Dark,01 - Dry,01 - Traffic signal,01 - Functioning,2,0,0,0,02 - Minor,4,2,2,,,364858.4804,5023725.291,45.35090146,-75.73351995,1712
16--11612,2016/11/08,5:55 PM,BASELINE RD btwn FISHER AVE & LEXINGTON ST (__3ZA4JR),__3ZA4JR,01 - Non intersection,03 - P.D. only,03 - Rear end,01 - Clear,07 - Dark,01 - Dry,10 - No control,,3,0,0,0,,0,,,,,366336.4659,5026133.295,45.37244008,-75.71435949,1713
16--11708,2016/11/10,9:30 AM,INNES RD btwn BELCOURT BLVD & 260 E OF BELCOURT BLVD/WALMART SC (__3ZA3JWA),__3ZA3JWA,04 - At/near private drive,03 - P.D. only,05 - Turning movement,01 - Clear,01 - Daylight,01 - Dry,10 - No control,,2,0,0,0,,0,,,,,382254.4,5035344.986,45.45374127,-75.50971386,1714
16--11709,2016/11/10,9:30 PM,ISABELLA ST btwn METCALFE ST & ELGIN ST (__3ZA258),__3ZA258,01 - Non intersection,03 - P.D. only,04 - Sideswipe,01 - Clear,07 - Dark,01 - Dry,10 - No control,,2,0,0,0,,0,,,,,368589.599,5030477.757,45.41132876,-75.6850348,1715
16--1171,2016/01/25,11:03 AM,STITTSVILLE MAIN ST btwn HOBIN ST & BEVERLY ST (__3ZA3EH),__3ZA3EH,04 - At/near private drive,03 - P.D. only,02 - Angle,01 - Clear,01 - Daylight,01 - Dry,10 - No control,,2,0,0,0,,0,,,,,349750.5383,5013934.105,45.26392868,-75.92720768,1716
16--11710,2016/11/10,9:40 PM,CATHERINE ST @ KENT ST (0002707),2707,03 - At intersection,03 - P.D. only,02 - Angle,01 - Clear,07 - Dark,01 - Dry,01 - Traffic signal,01 - Functioning,2,0,0,0,,0,,,,,367907.488,5030187.906,45.40878261,-75.69378557,1717
16--11711,2016/11/10,9:58 AM,BASELINE RD/HWY 416 RICHMOND IC75R53 @ RICHMON (0000148),148,03 - At intersection,03 - P.D. only,03 - Rear end,01 - Clear,01 - Daylight,01 - Dry,01 - Traffic signal,01 - Functioning,2,0,0,0,,0,,,,,358634.782,5021821.352,45.33427513,-75.81314934,1718
16--11712,2016/11/11,1:18 PM,BANK ST btwn ARENA PL & WHITE ALDER AVE (__3ZA29N),__3ZA29N,01 - Non intersection,03 - P.D. only,04 - Sideswipe,01 - Clear,01 - Daylight,01 - Dry,10 - No control,,2,0,0,0,,0,,,,,375495.8442,5021293.701,45.32803143,-75.59812655,1719
16--11713,2016/11/11,1:50 PM,CHAMPLAIN ST @ PLACE D'ORLEANS DR (0003595),3595,02 - Intersection related,03 - P.D. only,03 - Rear end,01 - Clear,01 - Daylight,01 - Dry,01 - Traffic signal,01 - Functioning,2,0,0,0,,0,,,,,381597.3915,5038180.556,45.47932587,-75.51766968,1720
16--11714,2016/11/11,10:07 PM,THOMAS A. DOLAN PKWY btwn TORWOOD DR & STONERIDGE RD (__3ZAC2A),__3ZAC2A,01 - Non intersection,03 - P.D. only,07 - SMV other,01 - Clear,07 - Dark,01 - Dry,10 - No control,,1,0,0,0,,0,,,,,345928.5519,5034636.182,45.45044567,-75.97418556,1721
16--11715,2016/11/11,11:20 AM,CASTLEFRANK RD btwn MACNEIL CRT & HAZELDEAN RD (__3ZA1XG),__3ZA1XG,04 - At/near private drive,02 - Non-fatal injury,05 - Turning movement,01 - Clear,01 - Daylight,01 - Dry,10 - No control,,3,0,0,0,03 - Major,1,,,1,,352610.6992,5017753.608,45.29810901,-75.89039549,1722
16--11716,2016/11/11,11:43 AM,MITCH OWENS RD btwn RIVER RD & SPRATT RD (__3ZA38F),__3ZA38F,04 - At/near private drive,03 - P.D. only,02 - Angle,01 - Clear,01 - Daylight,01 - Dry,10 - No control,,2,0,0,0,,0,,,,,369541.294,5010796.467,45.23415346,-75.67545036,1723
16--11717,2016/11/11,Unknown,ESTERBROOK DR btwn ROLLING MEADOW CRES & DOVEHAVEN ST (__67PTLH),__67PTLH,01 - Non intersection,03 - P.D. only,06 - SMV unattended vehicle,01 - Clear,00 - Unknown,01 - Dry,10 - No control,,1,0,0,0,,0,,,,,381759.421,5032376.268,45.4270858,-75.51650564,1724
16--11718,2016/11/11,12:20 PM,BELFAST RD btwn TREMBLAY RD & TRAINYARDS DR (__3ZA80G),__3ZA80G,04 - At/near private drive,02 - Non-fatal injury,02 - Angle,01 - Clear,01 - Daylight,01 - Dry,10 - No control,,2,0,0,0,01 - Minimal,2,2,,,,371790.7364,5030945.368,45.41523701,-75.64407853,1725
16--11719,2016/11/11,12:41 PM,HERON RD @ WALKLEY RD (0011256),11256,02 - Intersection related,03 - P.D. only,04 - Sideswipe,01 - Clear,01 - Daylight,01 - Dry,01 - Traffic signal,01 - Functioning,2,0,0,0,,0,,,,,372267.8337,5027083.235,45.38044134,-75.63851173,1726
16--1172,2016/01/25,11:54 AM,ALTA VISTA DR @ BANK ST (0011318),11318,02 - Intersection related,03 - P.D. only,07 - SMV other,03 - Snow,01 - Daylight,02 - Wet,01 - Traffic signal,01 - Functioning,1,0,0,0,,0,,,,,370247.8496,5026199.642,45.37268267,-75.66441896,1727
16--11720,2016/11/11,12:49 PM,LAURIER AVE @ NELSON ST (0008234),8234,03 - At intersection,03 - P.D. only,05 - Turning movement,01 - Clear,01 - Daylight,01 - Dry,01 - Traffic signal,01 - Functioning,2,0,0,0,,0,,,,,368876.6204,5032117.8,45.42605906,-75.68115496,1728
16--11721,2016/11/11,12:51 PM,FRANK BENDER ST @ JEANNE D'ARC BLVD (0003635),3635,03 - At intersection,03 - P.D. only,05 - Turning movement,01 - Clear,01 - Daylight,01 - Dry,01 - Traffic signal,01 - Functioning,2,0,0,0,,0,,,,,381871.0849,5035883.471,45.45862849,-75.51452958,1729
16--11722,2016/11/11,2:00 PM,FIELDING DR btwn HARTMAN CRES & RANKIN ST (__3ZA9FU),__3ZA9FU,01 - Non intersection,03 - P.D. only,06 - SMV unattended vehicle,02 - Rain,01 - Daylight,02 - Wet,10 - No control,,1,0,0,0,,0,,,,,369096.1717,5024890.583,45.36101074,-75.6792914,1730
16--11723,2016/11/11,2:03 PM,JEANNE D'ARC BLVD @ ORLEANS BLVD N (0003792),3792,02 - Intersection related,03 - P.D. only,03 - Rear end,01 - Clear,01 - Daylight,01 - Dry,01 - Traffic signal,01 - Functioning,2,0,0,0,,0,,,,,380030.2177,5038105.599,45.47882209,-75.53772431,1731
16--11724,2016/11/11,2:15 PM,RIOCAN AVE btwn STRANDHERD DR & MARKETPLACE AVE (__4LZBMJ),__4LZBMJ,01 - Non intersection,03 - P.D. only,05 - Turning movement,01 - Clear,01 - Daylight,01 - Dry,10 - No control,,2,0,0,0,,0,,,,,364252.5401,5014819.935,45.27082319,-75.74232087,1732
16--11725,2016/11/11,3:41 PM,INNES RD @ WILDFLOWER DR (0012871),12871,02 - Intersection related,03 - P.D. only,03 - Rear end,01 - Clear,01 - Daylight,01 - Dry,01 - Traffic signal,01 - Functioning,2,0,0,0,,0,,,,,382937.5834,5035689.313,45.45676317,-75.50092571,1733
16--11726,2016/11/11,3:43 PM,CARLING AVE @ MAITLAND AVE/SHERBOURNE RD (0002641),2641,02 - Intersection related,03 - P.D. only,03 - Rear end,01 - Clear,01 - Daylight,01 - Dry,01 - Traffic signal,01 - Functioning,2,0,0,0,,0,,,,,362942.7666,5026488.615,45.375927,-75.7576415,1734
16--11727,2016/11/11,3:58 PM,ANAND PRIV btwn END & WALKLEY RD (e___2HBJ),e___2HBJ,04 - At/near private drive,03 - P.D. only,02 - Angle,01 - Clear,01 - Daylight,01 - Dry,10 - No control,,2,0,0,0,,0,,,,,370229.525,5025837.17,45.36942298,-75.6647009,1735
16--11728,2016/11/11,4:05 PM,LEITRIM RD btwn FENTON RD & BANK ST (__3ZA3SF),__3ZA3SF,01 - Non intersection,02 - Non-fatal injury,03 - Rear end,01 - Clear,01 - Daylight,01 - Dry,10 - No control,,3,0,0,0,02 - Minor,2,,2,,,374219.812,5020905.988,45.3246703,-75.6144574,1736
16--11729,2016/11/11,4:08 PM,PRINCE OF WALES DR @ STRANDHERD DR (0013339),13339,03 - At intersection,02 - Non-fatal injury,05 - Turning movement,01 - Clear,01 - Daylight,01 - Dry,01 - Traffic signal,01 - Functioning,2,0,0,0,02 - Minor,1,,1,,,367175.0703,5014823.532,45.27060241,-75.70507843,1737
16--1173,2016/01/25,Unknown,ARGYLE AVE @ QUEEN ELIZABETH DRWY (0007132),7132,02 - Intersection related,03 - P.D. only,03 - Rear end,01 - Clear,07 - Dark,02 - Wet,02 - Stop sign,01 - Functioning,2,0,0,0,,0,,,,,368693.9139,5030753.223,45.41379779,-75.68366652,1738
16--11730,2016/11/11,4:11 PM,DALMENY RD btwn STAGECOACH RD & 4TH LINE RD (__3ZA2C7),__3ZA2C7,04 - At/near private drive,03 - P.D. only,05 - Turning movement,01 - Clear,05 - Dusk,01 - Dry,10 - No control,,2,0,0,0,,0,,,,,380216.1329,5000735.223,45.14256339,-75.54103409,1739
16--11731,2016/11/11,4:15 PM,CARLING AVE WB btwn BROADVIEW AVE & HIGHLAND AVE (__3ZA4UC),__3ZA4UC,01 - Non intersection,03 - P.D. only,04 - Sideswipe,01 - Clear,01 - Daylight,01 - Dry,10 - No control,,2,0,0,0,,0,,,,,363198.4272,5026649.675,45.37735494,-75.75435849,1740
16--11732,2016/11/11,4:46 PM,PRINCE OF WALES DR @ WEST HUNT CLUB RD (0000567),567,02 - Intersection related,03 - P.D. only,03 - Rear end,01 - Clear,05 - Dusk,01 - Dry,01 - Traffic signal,01 - Functioning,2,0,0,0,,0,,,,,367458.7103,5021891.917,45.33417761,-75.70057062,1741
16--11733,2016/11/11,5:30 PM,GREENBANK RD btwn MONTEREY DR & MEADOWBANK DR (__3ZA4LG),__3ZA4LG,01 - Non intersection,03 - P.D. only,04 - Sideswipe,01 - Clear,07 - Dark,01 - Dry,10 - No control,,2,0,0,0,,0,,,,,360743.0653,5022241.167,45.33788771,-75.78620542,1742
16--11734,2016/11/11,5:59 PM,FALLOWFIELD RD @ WOODROFFE AVE (0010372),10372,02 - Intersection related,03 - P.D. only,03 - Rear end,01 - Clear,07 - Dark,01 - Dry,01 - Traffic signal,00 - Unknown,2,0,0,0,,0,,,,,365085.1232,5017904.313,45.29850543,-75.73133643,1743
16--11735,2016/11/11,6:01 PM,GREENBANK RD @ LARKIN DR (0001101),1101,02 - Intersection related,02 - Non-fatal injury,03 - Rear end,01 - Clear,07 - Dark,01 - Dry,01 - Traffic signal,01 - Functioning,2,0,0,0,02 - Minor,1,,1,,,363176.6779,5016505.211,45.28607747,-75.75583258,1744
16--11736,2016/11/11,6:04 PM,CONROY RD @ ST. LAURENT BLVD (0011390),11390,03 - At intersection,03 - P.D. only,05 - Turning movement,01 - Clear,07 - Dark,01 - Dry,01 - Traffic signal,01 - Functioning,2,0,0,0,,0,,,,,373068.8698,5027159.082,45.38104618,-75.6282741,1745
16--11737,2016/11/11,6:45 PM,CONROY RD @ ST. LAURENT BLVD (0011390),11390,03 - At intersection,03 - P.D. only,02 - Angle,01 - Clear,07 - Dark,01 - Dry,01 - Traffic signal,01 - Functioning,2,0,0,0,,0,,,,,373069.748,5027159.082,45.38104609,-75.62826289,1746
16--11738,2016/11/11,8:15 PM,ARGUE DR btwn SEYMOUR AVE & END (__3ZA0BH),__3ZA0BH,01 - Non intersection,03 - P.D. only,06 - SMV unattended vehicle,01 - Clear,07 - Dark,01 - Dry,10 - No control,,1,0,0,0,,0,,,,,366075.012,5023947.277,45.35279361,-75.71796823,1747
16--11739,2016/11/11,8:25 AM,MARCH RD btwn CAMPEAU DR/HWY 417 MARCH IC138R63 & HWY417 IC138 RAMP62 (__3ZA415),__3ZA415,01 - Non intersection,02 - Non-fatal injury,04 - Sideswipe,01 - Clear,01 - Daylight,01 - Dry,10 - No control,,2,1,0,0,02 - Minor,1,,1,,,352757.5154,5020657.382,45.32422781,-75.8882426,1748
16--1174,2016/01/25,12:08 PM,REGIONAL ROAD 174 EB btwn OR174 IC109 RAMP55 & TRANSIT (__3ZA28V),__3ZA28V,01 - Non intersection,03 - P.D. only,03 - Rear end,01 - Clear,01 - Daylight,01 - Dry,10 - No control,,2,0,0,0,,0,,,,,376593.2287,5035241.045,45.45341062,-75.58209971,1749
16--11740,2016/11/11,8:44 PM,BLAIR RD @ MONTREAL RD (0009277),9277,03 - At intersection,02 - Non-fatal injury,02 - Angle,01 - Clear,07 - Dark,01 - Dry,01 - Traffic signal,01 - Functioning,2,0,0,0,02 - Minor,2,,2,,,374019.0616,5034438.487,45.44644937,-75.61512019,1750
16--11741,2016/11/11,9:41 AM,CHARLOTTE ST @ RIDEAU ST (0002622),2622,02 - Intersection related,03 - P.D. only,03 - Rear end,01 - Clear,01 - Daylight,01 - Dry,01 - Traffic signal,01 - Functioning,2,0,0,0,,0,,,,,369249.9147,5032859.588,45.43269909,-75.67628799,1751