Anom_ID,Accident_Date,Accident_Time,Location,Geo_ID,Accident_Location,Classification_of_Accident,Initial_Impact_Type,Environment_Condition,Light,Road_Surface_Condition,Traffic_Control,Traffic_Control_Condition,No__of_Vehicles,No__of_Bicycles,No__of_Motorcycles,No__of_Pedestrians,Max_Injury,No__of_Injuries,No__of_Minimal,No__of_Minor,No__of_Major,No__of_Fatal,X,Y,Latitude,Longitude,ObjectId
16--11742,2016/11/12,1:42 PM,CEDARVIEW RD @ WEST HUNT CLUB RD (0010267),10267,02 - Intersection related,03 - P.D. only,03 - Rear end,01 - Clear,01 - Daylight,01 - Dry,01 - Traffic signal,01 - Functioning,2,0,0,0,,0,,,,,359718.6774,5019555.72,45.31380489,-75.79957277,1752
16--11743,2016/11/12,1:53 PM,HAZELDEAN RD @ TERRY FOX DR (0003682),3682,02 - Intersection related,03 - P.D. only,04 - Sideswipe,01 - Clear,01 - Daylight,01 - Dry,01 - Traffic signal,01 - Functioning,2,0,0,0,,0,,,,,352207.2822,5017243.289,45.29354437,-75.89558771,1753
16--11744,2016/11/12,2:22 PM,ST. JOSEPH BLVD @ REGIONAL RD 174/TRANSITWAY (0012428),12428,03 - At intersection,03 - P.D. only,02 - Angle,01 - Clear,01 - Daylight,01 - Dry,01 - Traffic signal,01 - Functioning,2,0,0,0,,0,,,,,376555.1178,5035057.034,45.45175892,-75.58261375,1754
16--11745,2016/11/12,2:27 PM,PRINCE OF WALES DR @ STRANDHERD DR (0013339),13339,02 - Intersection related,03 - P.D. only,03 - Rear end,01 - Clear,01 - Daylight,01 - Dry,01 - Traffic signal,01 - Functioning,2,0,0,0,,0,,,,,367173.6335,5014824.605,45.27061219,-75.7050966,1755
16--11746,2016/11/12,2:28 AM,COLONEL BY DR btwn CLEGG ST & ECHO DR S (__3ZBPHH),__3ZBPHH,01 - Non intersection,02 - Non-fatal injury,07 - SMV other,01 - Clear,07 - Dark,01 - Dry,10 - No control,,1,0,0,0,02 - Minor,1,,1,,,368998.4594,5028945.166,45.39750163,-75.68001134,1756
16--11747,2016/11/12,2:30 PM,HWY 417 TERRYFO IC140R61 @ TERRY FOX DR (0011777),11777,02 - Intersection related,03 - P.D. only,03 - Rear end,01 - Clear,01 - Daylight,01 - Dry,01 - Traffic signal,01 - Functioning,2,0,0,0,,0,,,,,350811.1781,5018708.768,45.30682396,-75.91325018,1757
16--11748,2016/11/12,2:31 PM,VANIER PKWY NB btwn BEECHWOOD AVE/ ST. PATRICK ST/CRICHTON ST & DESCHA (__3ZA4SV),__3ZA4SV,01 - Non intersection,03 - P.D. only,03 - Rear end,01 - Clear,01 - Daylight,01 - Dry,10 - No control,,4,0,0,0,,0,,,,,369308.7724,5033433.669,45.43785901,-75.67546061,1758
16--11749,2016/11/12,3:06 AM,SOMERSET ST    W btwn METCALFE ST & ELGIN ST (__3ZA341),__3ZA341,01 - Non intersection,03 - P.D. only,04 - Sideswipe,01 - Clear,07 - Dark,01 - Dry,10 - No control,,2,0,0,0,,0,,,,,368148.6823,5031190.01,45.41777742,-75.69057576,1759
16--1175,2016/01/25,2:09 PM,DALHOUSIE ST btwn ST. PATRICK ST & MURRAY ST (__3ZA7A8),__3ZA7A8,04 - At/near private drive,02 - Non-fatal injury,02 - Angle,01 - Clear,01 - Daylight,01 - Dry,10 - No control,,2,0,0,0,01 - Minimal,1,1,,,,367982.0383,5032601.915,45.43049633,-75.69252371,1760
16--11750,2016/11/12,3:07 AM,UPPER DWYER HILL RD btwn MANTIL SIDE RD & VAUGHAN SIDE RD (__3ZAZA4),__3ZAZA4,01 - Non intersection,03 - P.D. only,07 - SMV other,01 - Clear,07 - Dark,01 - Dry,10 - No control,,1,0,0,0,,0,,,,,330580.7628,5018262.655,45.30384352,-76.17125242,1761
16--11751,2016/11/12,3:27 PM,COPE DR @ TERRY FOX (0009143),9143,03 - At intersection,02 - Non-fatal injury,03 - Rear end,01 - Clear,01 - Daylight,01 - Dry,01 - Traffic signal,01 - Functioning,2,0,0,0,02 - Minor,1,,1,,,353996.4419,5015346.55,45.27635408,-75.87296648,1762
16--11752,2016/11/12,3:48 PM,FALLOWFIELD RD @ WOODROFFE AVE (0010372),10372,03 - At intersection,03 - P.D. only,02 - Angle,01 - Clear,01 - Daylight,01 - Dry,01 - Traffic signal,01 - Functioning,2,0,0,0,,0,,,,,365084.4914,5017903.41,45.29849736,-75.7313446,1763
16--11753,2016/11/12,6:01 PM,BAYSWATER AVE @ GLADSTONE AVE (0006164),6164,02 - Intersection related,03 - P.D. only,03 - Rear end,01 - Clear,07 - Dark,01 - Dry,01 - Traffic signal,01 - Functioning,2,0,0,0,,0,,,,,366002.3607,5029480.808,45.40258951,-75.71820952,1764
16--11754,2016/11/12,9:15 AM,MEADOWLANDS DR/TALLWOOD DR @ WOODROFFE AVE (0000095),95,02 - Intersection related,03 - P.D. only,03 - Rear end,01 - Clear,01 - Daylight,01 - Dry,01 - Traffic signal,01 - Functioning,2,0,0,0,,0,,,,,363056.4284,5022730.556,45.34210293,-75.75663334,1765
16--11755,2016/11/13,1:11 PM,CLARENCE ST @ KING EDWARD AVE (0008243),8243,02 - Intersection related,02 - Non-fatal injury,03 - Rear end,01 - Clear,01 - Daylight,01 - Dry,02 - Stop sign,01 - Functioning,2,0,0,0,01 - Minimal,2,2,,,,368336.0443,5032681.999,45.43118483,-75.68798958,1766
16--11756,2016/11/13,1:30 PM,MEADOWLANDS DR @ MERIVALE RD (0000625),625,03 - At intersection,03 - P.D. only,05 - Turning movement,01 - Clear,01 - Daylight,01 - Dry,01 - Traffic signal,01 - Functioning,2,0,0,0,,0,,,,,364857.8161,5023725.704,45.35090523,-75.73352838,1767
16--11757,2016/11/13,1:38 PM,QUEEN ELIZABETH PL @ WILTON CRES (0007578),7578,03 - At intersection,02 - Non-fatal injury,05 - Turning movement,01 - Clear,01 - Daylight,01 - Dry,02 - Stop sign,01 - Functioning,2,1,0,0,02 - Minor,1,,1,,,368549.7531,5028948.475,45.3975724,-75.68574153,1768
16--11758,2016/11/13,10:15 PM,HIGHWAY 417 btwn HWY417 IC127 RAMP35 & HWY417 IC127 RAMP25 (__3ZA2RE),__3ZA2RE,01 - Non intersection,02 - Non-fatal injury,99 - Other,01 - Clear,07 - Dark,01 - Dry,10 - No control,,2,0,0,2,02 - Minor,6,,6,,,362209.2792,5024890.192,45.36160502,-75.76719154,1769
16--11759,2016/11/13,11:05 AM,BOUNDARY RD @ HWY 417 BOUNDARY IC96R15 (0004217),4217,03 - At intersection,03 - P.D. only,03 - Rear end,01 - Clear,01 - Daylight,01 - Dry,10 - No control,00 - Unknown,2,0,0,0,,0,,,,,387506.4403,5023610.931,45.34756742,-75.44454319,1770
16--1176,2016/01/25,2:20 PM,DEERFIELD DR btwn NAVAHO DR & DEERFIELD DR (__3ZAAVG),__3ZAAVG,04 - At/near private drive,03 - P.D. only,99 - Other,01 - Clear,01 - Daylight,01 - Dry,10 - No control,,2,0,0,0,,0,,,,,363395.4844,5023996.034,45.35346134,-75.75215734,1771
16--11760,2016/11/13,11:35 AM,BANK ST @ EXHIBITION WAY (0009013),9013,03 - At intersection,02 - Non-fatal injury,07 - SMV other,01 - Clear,01 - Daylight,01 - Dry,01 - Traffic signal,01 - Functioning,1,0,0,2,02 - Minor,2,1,1,,,368530.1905,5029087.499,45.39882508,-75.68597341,1772
16--11761,2016/11/13,12:20 PM,WEST HUNT CLUB RD @ WOODROFFE AVE (0000576),576,02 - Intersection related,03 - P.D. only,03 - Rear end,01 - Clear,01 - Daylight,01 - Dry,01 - Traffic signal,01 - Functioning,2,0,0,0,,0,,,,,363668.2339,5021244.902,45.32868406,-75.74900394,1773
16--11762,2016/11/13,12:28 PM,MEADOWLANDS DR @ MERIVALE RD (0000625),625,02 - Intersection related,03 - P.D. only,03 - Rear end,01 - Clear,01 - Daylight,01 - Dry,01 - Traffic signal,01 - Functioning,3,0,0,0,,0,,,,,364857.0436,5023725.096,45.35089983,-75.73353831,1774
16--11763,2016/11/13,2:00 PM,CHAMPLAIN ST @ JEANNE D'ARC BLVD (0004106),4106,03 - At intersection,03 - P.D. only,05 - Turning movement,01 - Clear,01 - Daylight,01 - Dry,01 - Traffic signal,01 - Functioning,2,0,0,0,,0,,,,,381379.0571,5038724.363,45.48424256,-75.52037723,1775
16--11764,2016/11/13,2:15 AM,SUSSEX DR @ YORK ST (0011350),11350,02 - Intersection related,03 - P.D. only,07 - SMV other,01 - Clear,07 - Dark,01 - Dry,01 - Traffic signal,01 - Functioning,1,0,0,0,,0,,,,,367804.3445,5032236.676,45.42722607,-75.69484116,1776
16--11765,2016/11/13,2:20 PM,VIEWMOUNT DR @ MERIVALE RD (0001528),1528,02 - Intersection related,03 - P.D. only,02 - Angle,01 - Clear,01 - Daylight,01 - Dry,01 - Traffic signal,01 - Functioning,2,0,0,0,,0,,,,,365193.9166,5022948.715,45.34388513,-75.72933426,1777
16--11766,2016/11/13,2:55 PM,MERIVALE RD btwn BENTLEY AVE & JAMIE AVE (__3ZBOG2),__3ZBOG2,04 - At/near private drive,03 - P.D. only,02 - Angle,01 - Clear,01 - Daylight,01 - Dry,10 - No control,,2,0,0,0,,0,,,,,365752.0088,5021606.871,45.33176313,-75.72237858,1778
16--11767,2016/11/13,3:15 PM,TERRY FOX DR S @ DIDSBURY RD/CENTRUM KANATA SC (0011820),11820,02 - Intersection related,03 - P.D. only,03 - Rear end,01 - Clear,01 - Daylight,01 - Dry,01 - Traffic signal,01 - Functioning,2,0,0,0,,0,,,,,350625.3436,5018919.583,45.30873308,-75.91560039,1779
16--11768,2016/11/13,4:00 PM,PLACE D'ORLEANS DR W @ ST. JOSEPH BLVD (0008776),8776,03 - At intersection,03 - P.D. only,02 - Angle,01 - Clear,05 - Dusk,01 - Dry,01 - Traffic signal,01 - Functioning,2,0,0,0,,0,,,,,381600.964,5037684.324,45.4748608,-75.51770157,1780
16--11769,2016/11/13,4:01 PM,CHAMPLAIN ST @ JEANNE D'ARC BLVD (0004106),4106,03 - At intersection,02 - Non-fatal injury,02 - Angle,01 - Clear,01 - Daylight,01 - Dry,01 - Traffic signal,01 - Functioning,2,0,0,0,01 - Minimal,1,1,,,,381379.0571,5038723.214,45.48423222,-75.52037741,1781
16--1177,2016/01/25,2:45 AM,ANDERSON RD btwn INNES RD & DESJARDINS ST (__3ZBOG0),__3ZBOG0,01 - Non intersection,03 - P.D. only,07 - SMV other,01 - Clear,07 - Dark,02 - Wet,10 - No control,,1,0,0,0,,0,,,,,377571.2607,5031554.275,45.4201383,-75.5701419,1782
16--11770,2016/11/13,4:50 PM,BATHGATE DR btwn MONTREAL RD & GULF PL (__3ZA7Y9),__3ZA7Y9,04 - At/near private drive,03 - P.D. only,02 - Angle,01 - Clear,05 - Dusk,01 - Dry,10 - No control,,2,0,0,0,,0,,,,,373232.9561,5034437.791,45.44652051,-75.62516849,1783
16--11771,2016/11/13,6:33 PM,DUNROBIN RD btwn MURPHY SIDE RD & LILLIAN WAY (__3ZA3FI),__3ZA3FI,01 - Non intersection,02 - Non-fatal injury,07 - SMV other,01 - Clear,07 - Dark,01 - Dry,10 - No control,,1,0,0,0,01 - Minimal,2,2,,,,345370.2291,5028077.859,45.39146526,-75.9818633,1784
16--11772,2016/11/13,6:46 PM,INNES RD @ TRIM RD (0012870),12870,03 - At intersection,03 - P.D. only,05 - Turning movement,01 - Clear,07 - Dark,01 - Dry,01 - Traffic signal,01 - Functioning,2,0,0,0,,0,,,,,386565.6744,5037273.775,45.47060343,-75.45428066,1785
16--11773,2016/11/13,7:18 PM,CASTLEFRANK RD @ TERRY FOX DR (0011757),11757,02 - Intersection related,03 - P.D. only,03 - Rear end,01 - Clear,07 - Dark,01 - Dry,01 - Traffic signal,01 - Functioning,2,0,0,0,,0,,,,,352993.1808,5016305.222,45.28504995,-75.88565971,1786
16--11774,2016/11/13,8:20 PM,REGIONAL ROAD 174 btwn QUIGLEY HILL RD & REGIONAL ROAD 174 DIVIDED (__3ZA2Y5),__3ZA2Y5,01 - Non intersection,03 - P.D. only,03 - Rear end,01 - Clear,07 - Dark,01 - Dry,10 - No control,,2,0,0,0,,0,,,,,386399.163,5042160.196,45.51458579,-75.45559751,1787
16--11775,2016/11/13,8:20 PM,INNES RD btwn BLACKBURN BYPASS & CLEROUX CRES (__3ZA3KN),__3ZA3KN,01 - Non intersection,03 - P.D. only,03 - Rear end,01 - Clear,07 - Dark,01 - Dry,10 - No control,,4,0,0,0,,0,,,,,379694.8535,5033809.308,45.44020338,-75.5426678,1788
16--11776,2016/11/13,8:30 PM,BASELINE RD @ NAVAHO DR (0003158),3158,02 - Intersection related,03 - P.D. only,04 - Sideswipe,01 - Clear,07 - Dark,01 - Dry,01 - Traffic signal,01 - Functioning,2,0,0,0,,0,,,,,363085.9102,5024096.848,45.35439426,-75.75609615,1789
16--11777,2016/11/13,9:29 AM,MAITLAND AVE btwn TERREBONNE DR & CAMEO DR (__3ZBOC9),__3ZBOC9,01 - Non intersection,02 - Non-fatal injury,01 - Approaching,01 - Clear,01 - Daylight,01 - Dry,10 - No control,,3,0,0,0,02 - Minor,3,1,2,,,364061.3955,5025138.81,45.36368794,-75.74352218,1790
16--11778,2016/11/14,1:10 PM,BIRCHMOUNT DR btwn CEDARCROFT CRES & LILY LANE (__3ZA7UN),__3ZA7UN,04 - At/near private drive,03 - P.D. only,02 - Angle,01 - Clear,01 - Daylight,01 - Dry,10 - No control,,2,0,0,0,,0,,,,,374221.7355,5032082.543,45.42523177,-75.6128618,1791
16--11779,2016/11/14,1:54 AM,KING EDWARD AVE @ MURRAY ST (0002713),2713,03 - At intersection,03 - P.D. only,07 - SMV other,01 - Clear,07 - Dark,01 - Dry,01 - Traffic signal,01 - Functioning,1,0,0,0,,0,,,,,368293.3561,5032754.824,45.43184396,-75.6885257,1792
16--1178,2016/01/25,2:45 PM,DONALD ST @ VANIER PKWY (0007644),7644,02 - Intersection related,03 - P.D. only,03 - Rear end,01 - Clear,01 - Daylight,01 - Dry,01 - Traffic signal,01 - Functioning,2,0,0,0,,0,,,,,370312.3717,5032271.683,45.42731064,-75.66278876,1793
16--11780,2016/11/14,10:00 PM,CARLING AVE btwn DEFENSE  RESEARCH COMPLEX & RIFLE RD (__3ZA4Z6B),__3ZA4Z6B,01 - Non intersection,03 - P.D. only,07 - SMV other,01 - Clear,07 - Dark,01 - Dry,10 - No control,,1,0,0,0,,0,,,,,353806.1659,5023261.085,45.34758391,-75.87460872,1794
16--11781,2016/11/14,10:49 AM,HUNTLEY RD @ PERTH ST (0010384),10384,02 - Intersection related,03 - P.D. only,04 - Sideswipe,01 - Clear,01 - Daylight,01 - Dry,01 - Traffic signal,01 - Functioning,2,0,0,0,,0,,,,,356891.0486,5006389.419,45.19554709,-75.83701358,1795
16--11782,2016/11/14,11:19 PM,HIGHWAY 417 btwn HWY417 IC126 RAMP61 & HWY417 IC124 RAMP76 (__3ZA2Y2),__3ZA2Y2,01 - Non intersection,02 - Non-fatal injury,03 - Rear end,01 - Clear,07 - Dark,01 - Dry,10 - No control,,2,0,0,0,02 - Minor,1,,1,,,364104.1243,5027122.495,45.38153322,-75.74273861,1796
16--11783,2016/11/14,11:34 AM,BESSERER ST @ WALLER ST (0008859),8859,02 - Intersection related,03 - P.D. only,04 - Sideswipe,01 - Clear,01 - Daylight,01 - Dry,01 - Traffic signal,01 - Functioning,2,0,0,0,,0,,,,,368316.1627,5032192.787,45.42678488,-75.68830674,1797
16--11784,2016/11/14,11:51 AM,CARLING AVE @ CARLINGWOOD SC (0008881),8881,03 - At intersection,02 - Non-fatal injury,05 - Turning movement,01 - Clear,01 - Daylight,01 - Dry,01 - Traffic signal,01 - Functioning,2,0,0,0,02 - Minor,2,,2,,,362073.6707,5025918.37,45.37086757,-75.7688032,1798
16--11785,2016/11/14,Unknown,DON ST btwn POULIN AVE & REGINA ST (__3ZABXA),__3ZABXA,01 - Non intersection,03 - P.D. only,06 - SMV unattended vehicle,01 - Clear,00 - Unknown,01 - Dry,10 - No control,,1,0,0,0,,0,,,,,360333.9602,5025269.116,45.36516563,-75.79108484,1799
16--11786,2016/11/14,2:01 PM,MERIVALE RD @ WEST HUNT CLUB RD (0000584),584,02 - Intersection related,03 - P.D. only,04 - Sideswipe,01 - Clear,01 - Daylight,01 - Dry,01 - Traffic signal,01 - Functioning,2,0,0,0,,0,,,,,365612.0366,5021943.157,45.33480113,-75.72412285,1800
16--11787,2016/11/14,2:08 PM,BLAIR RD @ REGIONAL RD 174 N/OR174 IC112 RAMP61 (0003617),3617,02 - Intersection related,03 - P.D. only,03 - Rear end,01 - Clear,01 - Daylight,01 - Dry,01 - Traffic signal,00 - Unknown,2,0,0,0,,0,,,,,374633.9031,5032991.989,45.43337344,-75.6074664,1801
16--11788,2016/11/14,2:08 PM,ST. JOSEPH BLVD/OLD MONTREAL RD @ TRIM RD (0004118),4118,03 - At intersection,03 - P.D. only,04 - Sideswipe,01 - Clear,01 - Daylight,01 - Dry,11 - Roundabout,01 - Functioning,2,0,0,0,,0,,,,,384682.1055,5039285.084,45.48891722,-75.47803902,1802
16--11789,2016/11/14,2:09 PM,MAITLAND AVE btwn GLENMOUNT AVE & AMESBROOKE DR (__3ZA4I4),__3ZA4I4,01 - Non intersection,03 - P.D. only,03 - Rear end,01 - Clear,01 - Daylight,01 - Dry,10 - No control,,2,0,0,0,,0,,,,,363752.9605,5025185.812,45.36413686,-75.74745343,1803
16--1179,2016/01/25,3:15 PM,ROCKDALE RD btwn HWY417 IC88 RAMP61 & HIGHWAY LANE (__3ZA2EC),__3ZA2EC,04 - At/near private drive,03 - P.D. only,02 - Angle,01 - Clear,01 - Daylight,02 - Wet,10 - No control,,2,0,0,0,,0,,,,,395357.3625,5022912.64,45.34031532,-75.3445012,1804
16--11613,2016/11/08,6:00 PM,ISLAND PARK DR btwn BYRON AVE & IONA ST (__3ZA233),__3ZA233,01 - Non intersection,03 - P.D. only,03 - Rear end,01 - Clear,07 - Dark,01 - Dry,10 - No control,,3,0,0,0,,0,,,,,364313.4703,5028469.27,45.39363351,-75.73990328,1805
16--11614,2016/11/08,6:59 PM,GALETTA SIDE RD @ LOGGERS WAY (0001765),1765,02 - Intersection related,03 - P.D. only,07 - SMV other,01 - Clear,07 - Dark,01 - Dry,02 - Stop sign,00 - Unknown,1,0,0,0,,0,,,,,325000.7156,5032562.25,45.43270181,-76.24182176,1806
16--11615,2016/11/08,7:07 AM,WILHAVEN DR btwn EMMETT RD & BECKETT'S CREEK RD (__3ZA1RC),__3ZA1RC,01 - Non intersection,03 - P.D. only,07 - SMV other,01 - Clear,03 - Dawn,01 - Dry,10 - No control,,1,0,0,0,,0,,,,,394177.3516,5041293.595,45.5058358,-75.35622011,1807
16--11616,2016/11/08,7:08 PM,HUNT CLUB RD btwn GIBFORD DR & UPLANDS DR (__3ZA36J),__3ZA36J,01 - Non intersection,02 - Non-fatal injury,01 - Approaching,01 - Clear,07 - Dark,01 - Dry,10 - No control,,3,0,0,0,02 - Minor,3,,3,,,370071.9852,5023070.559,45.34454451,-75.66707721,1808
16--11617,2016/11/08,7:10 AM,BOWER ST btwn MUTCHMOR RD & MAIN ST (__3ZA93S),__3ZA93S,01 - Non intersection,03 - P.D. only,06 - SMV unattended vehicle,01 - Clear,03 - Dawn,01 - Dry,10 - No control,,1,0,0,0,,0,,,,,369326.464,5029703.917,45.40429846,-75.675723,1809
16--11618,2016/11/08,7:15 AM,MONTCALM ST btwn GREENFIELD AVE & CONCORD ST N (__3ZA8AR),__3ZA8AR,01 - Non intersection,03 - P.D. only,06 - SMV unattended vehicle,01 - Clear,01 - Daylight,01 - Dry,10 - No control,,1,0,0,0,,0,,,,,369067.5199,5031006.583,45.41604322,-75.67886064,1810
16--11619,2016/11/08,7:16 AM,JEANNE D'ARC BLVD  N btwn VINEYARD DR & OR174 IC105 RAMP36 (__3ZBN9Z),__3ZBN9Z,01 - Non intersection,03 - P.D. only,01 - Approaching,01 - Clear,01 - Daylight,01 - Dry,10 - No control,,2,0,0,0,,0,,,,,379241.1119,5037367.062,45.47226188,-75.54792832,1811
16--1162,2016/01/24,7:42 PM,HIGHWAY 416 btwn HWY416 IC66 RAMP52 & HWY416 IC66 RAMP24 (__3ZAZMW),__3ZAZMW,01 - Non intersection,03 - P.D. only,07 - SMV other,01 - Clear,07 - Dark,03 - Loose snow,10 - No control,,1,0,0,0,,0,,,,,360083.8561,5014764.917,45.2706682,-75.79544964,1812
16--11620,2016/11/08,7:50 AM,CENTER ST btwn MONTREAL RD & PAUL AVE (__3ZA8W2),__3ZA8W2,04 - At/near private drive,03 - P.D. only,99 - Other,01 - Clear,01 - Daylight,01 - Dry,10 - No control,,2,0,0,0,,0,,,,,371933.4534,5033666.626,45.43970796,-75.64188435,1813
16--11621,2016/11/08,7:56 AM,INDUSTRIAL AVE btwn TRAINYARDS DR & RUSSELL RD (__3ZA3R9),__3ZA3R9,04 - At/near private drive,03 - P.D. only,02 - Angle,01 - Clear,01 - Daylight,01 - Dry,10 - No control,,2,0,0,0,,0,,,,,372220.7129,5030389.687,45.41019595,-75.63866148,1814
16--11622,2016/11/08,8:14 AM,LAURIER AVE @ O'CONNOR ST (0002224),2224,02 - Intersection related,03 - P.D. only,04 - Sideswipe,01 - Clear,01 - Daylight,01 - Dry,01 - Traffic signal,00 - Unknown,2,0,0,0,,0,,,,,367635.0444,5031357.335,45.41932928,-75.69711667,1815
16--11623,2016/11/08,8:51 AM,KATIMAVIK RD @ CHIMO DR E/HEARST WAY (0003437),3437,02 - Intersection related,03 - P.D. only,07 - SMV other,01 - Clear,01 - Daylight,01 - Dry,01 - Traffic signal,00 - Unknown,1,0,0,0,,0,,,,,352958.7937,5019612.541,45.31481233,-75.88577679,1816
16--11624,2016/11/08,9:00 AM,FALLOWFIELD RD @ WOODROFFE AVE (0010372),10372,03 - At intersection,03 - P.D. only,03 - Rear end,01 - Clear,01 - Daylight,01 - Dry,01 - Traffic signal,01 - Functioning,2,0,0,0,,0,,,,,365085.15,5017904.432,45.2985065,-75.73133608,1817
16--11625,2016/11/09,1:14 PM,BELMEADE RD btwn 4TH LINE RD & 5TH LINE RD (__3ZA2SY),__3ZA2SY,04 - At/near private drive,03 - P.D. only,05 - Turning movement,01 - Clear,01 - Daylight,01 - Dry,10 - No control,,2,0,0,0,,0,,,,,382826.7873,4998416.786,45.12141933,-75.50820446,1818
16--11626,2016/11/09,1:21 PM,BASELINE RD @ WOODROFFE AVE (0002225),2225,02 - Intersection related,03 - P.D. only,03 - Rear end,01 - Clear,01 - Daylight,01 - Dry,01 - Traffic signal,01 - Functioning,2,0,0,0,,0,,,,,362547.2057,5023772.575,45.35152105,-75.76300894,1819
16--11627,2016/11/09,10:29 AM,LEES AVE @ KING EDWARD AVE/MANN AVE (0011413),11413,02 - Intersection related,03 - P.D. only,03 - Rear end,01 - Clear,01 - Daylight,01 - Dry,01 - Traffic signal,01 - Functioning,2,0,0,0,,0,,,,,369177.5468,5031336.051,45.41899754,-75.67741194,1820
16--11628,2016/11/09,10:41 AM,NORICE ST @ WOODROFFE AVE (0001542),1542,02 - Intersection related,03 - P.D. only,03 - Rear end,01 - Clear,01 - Daylight,01 - Dry,01 - Traffic signal,01 - Functioning,3,0,0,0,,0,,,,,363196.3403,5022396.25,45.33908323,-75.75488764,1821
16--11629,2016/11/09,11:31 AM,MAITLAND AVE btwn GLENMOUNT AVE & AMESBROOKE DR (__3ZA4I4),__3ZA4I4,01 - Non intersection,03 - P.D. only,04 - Sideswipe,01 - Clear,01 - Daylight,01 - Dry,10 - No control,,2,0,0,0,,0,,,,,363755.1957,5025184.785,45.36412743,-75.74742502,1822
16--1163,2016/01/24,8:38 AM,TERON RD btwn PARKWAY (THE) & SALTER CRES (__3ZABF7),__3ZABF7,01 - Non intersection,02 - Non-fatal injury,03 - Rear end,01 - Clear,01 - Daylight,01 - Dry,10 - No control,,2,0,0,0,01 - Minimal,3,3,,,,352306.6806,5020774.224,45.32530983,-75.89398202,1823
16--11630,2016/11/09,11:40 AM,HORNCHURCH LANE btwn OAKWELL DR & LONGFIELDS DR (__4O2G7U),__4O2G7U,01 - Non intersection,03 - P.D. only,06 - SMV unattended vehicle,02 - Rain,01 - Daylight,02 - Wet,10 - No control,,1,0,0,0,,0,,,,,364221.798,5015505.605,45.27699545,-75.74263056,1824
16--11631,2016/11/09,Unknown,HOPEWELL AVE btwn GROSVENOR AVE & BANK ST (__3ZA9HB),__3ZA9HB,01 - Non intersection,03 - P.D. only,06 - SMV unattended vehicle,01 - Clear,07 - Dark,01 - Dry,10 - No control,,1,0,0,0,,0,,,,,368753.8015,5028495.684,45.39347972,-75.68319424,1825
16--11632,2016/11/09,2:26 PM,CUMBERLAND ST @ GEORGE ST (0008508),8508,02 - Intersection related,02 - Non-fatal injury,03 - Rear end,01 - Clear,01 - Daylight,01 - Dry,01 - Traffic signal,01 - Functioning,2,1,0,0,01 - Minimal,1,1,,,,368328.1921,5032416.175,45.42879375,-75.68812422,1826
16--11633,2016/11/09,3:10 PM,GLADWIN CRES @ LANCASTER RD (0008281),8281,02 - Intersection related,03 - P.D. only,03 - Rear end,01 - Clear,01 - Daylight,01 - Dry,02 - Stop sign,01 - Functioning,2,0,0,0,,0,,,,,373459.0749,5029475.775,45.40185261,-75.6229698,1827
16--11634,2016/11/09,3:11 PM,HIGHLAND TER @ SMYTH RD (0007718),7718,02 - Intersection related,02 - Non-fatal injury,07 - SMV other,01 - Clear,01 - Daylight,01 - Dry,02 - Stop sign,00 - Unknown,1,0,0,1,01 - Minimal,1,1,,,,371357.5739,5029162.553,45.39923731,-75.64985299,1828
16--11635,2016/11/09,3:41 PM,INNES RD @ LANTHIER DR/PRESTWICK DR (0004251),4251,03 - At intersection,03 - P.D. only,05 - Turning movement,01 - Clear,01 - Daylight,01 - Dry,01 - Traffic signal,01 - Functioning,2,0,0,0,,0,,,,,383540.1008,5035988.409,45.45938653,-75.49317516,1829
16--11636,2016/11/09,3:43 PM,CLARE ST btwn LADEROUTE AVE & WESTHAVEN CRES (__3ZA09D),__3ZA09D,01 - Non intersection,03 - P.D. only,07 - SMV other,01 - Clear,01 - Daylight,01 - Dry,10 - No control,,1,0,0,0,,0,,,,,364000.4437,5027948.292,45.38897237,-75.74396336,1830
16--11637,2016/11/09,3:54 PM,ST. LAURENT BLVD btwn FOLEY AVE & WALKLEY RD (__3ZA73H),__3ZA73H,01 - Non intersection,03 - P.D. only,04 - Sideswipe,01 - Clear,05 - Dusk,01 - Dry,10 - No control,,2,0,0,0,,0,,,,,373860.8182,5028141.915,45.38981164,-75.61802539,1831
16--11638,2016/11/09,4:03 PM,THARE CRES btwn MANCIL DR & KNOLL TER (__3ZA6NV),__3ZA6NV,01 - Non intersection,03 - P.D. only,04 - Sideswipe,01 - Clear,01 - Daylight,01 - Dry,10 - No control,,2,0,0,0,,0,,,,,363909.8582,5017154.69,45.2918602,-75.74640965,1832
16--11639,2016/11/09,4:08 PM,HUNT CLUB RD @ PIKE ST/MAPLE PARK PRIV (0010869),10869,03 - At intersection,03 - P.D. only,05 - Turning movement,01 - Clear,01 - Daylight,01 - Dry,01 - Traffic signal,01 - Functioning,2,0,0,0,,0,,,,,373297.5969,5025088.512,45.36239371,-75.62564096,1833
16--1164,2016/01/24,9:17 PM,JASMINE CRES btwn ARROWSMITH DR & BEAVERHILL DR (__3ZA5B8),__3ZA5B8,01 - Non intersection,03 - P.D. only,07 - SMV other,01 - Clear,07 - Dark,02 - Wet,10 - No control,,1,0,0,0,,0,,,,,375650.0698,5033828.027,45.4407934,-75.59436026,1834
16--11640,2016/11/09,4:43 PM,KING EDWARD AVE SB btwn SUSSEX DR & __3ZA3LO (__3ZAYBB),__3ZAYBB,07 - Overpass or bridge,03 - P.D. only,03 - Rear end,01 - Clear,05 - Dusk,01 - Dry,10 - No control,,2,0,0,0,,0,,,,,367705.9116,5033468.429,45.43831782,-75.69594158,1835