Anom_ID,Accident_Date,Accident_Time,Location,Geo_ID,Accident_Location,Classification_of_Accident,Initial_Impact_Type,Environment_Condition,Light,Road_Surface_Condition,Traffic_Control,Traffic_Control_Condition,No__of_Vehicles,No__of_Bicycles,No__of_Motorcycles,No__of_Pedestrians,Max_Injury,No__of_Injuries,No__of_Minimal,No__of_Minor,No__of_Major,No__of_Fatal,X,Y,Latitude,Longitude,ObjectId
16--11641,2016/11/09,4:45 PM,JOCKVALE RD @ STRANDHERD DR (0010541),10541,02 - Intersection related,03 - P.D. only,03 - Rear end,01 - Clear,05 - Dusk,01 - Dry,01 - Traffic signal,01 - Functioning,2,0,0,0,,0,,,,,363560.4805,5014577.423,45.26869922,-75.7511686,1836
16--11642,2016/11/09,4:49 PM,NEIL WAY @ RIVERSIDE DR (0011903),11903,03 - At intersection,03 - P.D. only,02 - Angle,01 - Clear,05 - Dusk,01 - Dry,02 - Stop sign,01 - Functioning,2,0,0,0,,0,,,,,369463.9351,5028290.768,45.39157074,-75.67415234,1837
16--11643,2016/11/09,5:00 PM,ST. JOSEPH BLVD @ REGIONAL RD 174/TRANSITWAY (0012428),12428,02 - Intersection related,02 - Non-fatal injury,03 - Rear end,01 - Clear,07 - Dark,01 - Dry,01 - Traffic signal,00 - Unknown,2,0,0,0,01 - Minimal,1,1,,,,376554.2692,5035058.297,45.45177037,-75.58262441,1838
16--11644,2016/11/09,5:00 PM,INDUSTRIAL AVE @ RIVERSIDE DR (0011905),11905,02 - Intersection related,02 - Non-fatal injury,03 - Rear end,01 - Clear,05 - Dusk,01 - Dry,01 - Traffic signal,01 - Functioning,2,0,0,0,01 - Minimal,1,1,,,,370684.717,5030592.319,45.41216543,-75.65825547,1839
16--11645,2016/11/09,5:24 PM,UPPER DWYER HILL RD btwn MARCH RD & OLD ALMONTE RD (__3ZA4QB),__3ZA4QB,01 - Non intersection,03 - P.D. only,07 - SMV other,01 - Clear,07 - Dark,01 - Dry,10 - No control,,1,0,0,0,,0,,,,,335509.9549,5012708.388,45.25366483,-76.10874203,1840
16--11646,2016/11/09,5:24 PM,CARLING AVE EB btwn FOX CRES & WOODROFFE AVE (__3ZA4VE),__3ZA4VE,01 - Non intersection,03 - P.D. only,03 - Rear end,01 - Clear,07 - Dark,01 - Dry,10 - No control,,2,0,0,0,,0,,,,,361720.4786,5025694.458,45.36888161,-75.77333774,1841
16--11647,2016/11/09,5:30 PM,HIGHWAY 417 btwn HWY417 IC119B RAMP57 & HWY417 IC119A RAMP75 (__3ZA1QN),__3ZA1QN,01 - Non intersection,03 - P.D. only,03 - Rear end,01 - Clear,07 - Dark,01 - Dry,10 - No control,,3,0,0,0,,0,,,,,368598.9188,5030520.184,45.41170965,-75.68491026,1842
16--11648,2016/11/09,5:37 AM,REGIONAL ROAD 174 btwn OR174 IC105 RAMP63 & OR174 IC102 RAMP36 (__3ZA27F),__3ZA27F,01 - Non intersection,03 - P.D. only,04 - Sideswipe,01 - Clear,07 - Dark,01 - Dry,10 - No control,,2,0,0,0,,0,,,,,380268.9378,5037521.678,45.47354267,-75.53476096,1843
16--11649,2016/11/09,5:48 PM,BOOTH ST @ GLADSTONE AVE (0002211),2211,03 - At intersection,03 - P.D. only,05 - Turning movement,01 - Clear,07 - Dark,01 - Dry,01 - Traffic signal,01 - Functioning,2,1,0,0,,0,,,,,366768.0468,5029851.22,45.40585502,-75.70838313,1844
16--1165,2016/01/24,9:56 AM,HERON RD btwn CLOVER ST & CARLSEN AVE (__3ZA36B),__3ZA36B,01 - Non intersection,03 - P.D. only,04 - Sideswipe,01 - Clear,01 - Daylight,01 - Dry,10 - No control,,2,0,0,0,,0,,,,,369317.7989,5026765.654,45.37786173,-75.67621785,1845
16--11650,2016/11/09,5:48 PM,BRONSON AVE @ FOURTH AVE (0007224),7224,03 - At intersection,03 - P.D. only,05 - Turning movement,01 - Clear,07 - Dark,01 - Dry,02 - Stop sign,01 - Functioning,2,0,0,0,,0,,,,,367584.1869,5029009.324,45.39820715,-75.69806547,1846
16--11651,2016/11/09,5:55 PM,BASELINE RD @ CLYDE AVE (0002343),2343,02 - Intersection related,03 - P.D. only,03 - Rear end,01 - Clear,07 - Dark,01 - Dry,01 - Traffic signal,01 - Functioning,2,0,0,0,,0,,,,,364357.8751,5024890.099,45.36142494,-75.73976789,1847
16--11652,2016/11/09,6:00 PM,CARLING AVE @ PRESTON ST (0002161),2161,02 - Intersection related,02 - Non-fatal injury,03 - Rear end,01 - Clear,07 - Dark,01 - Dry,01 - Traffic signal,01 - Functioning,2,0,0,0,01 - Minimal,1,1,,,,366829.71,5028933.483,45.39759201,-75.70771092,1848
16--11653,2016/11/09,6:03 PM,KENNEVALE DR @ STRANDHERD DR (0010896),10896,02 - Intersection related,03 - P.D. only,03 - Rear end,01 - Clear,07 - Dark,01 - Dry,01 - Traffic signal,01 - Functioning,4,0,0,0,,0,,,,,361492.3752,5014100.255,45.26457537,-75.77757643,1849
16--11654,2016/11/09,6:23 PM,LEMIEUX ST @ ST. LAURENT BLVD (0002021),2021,02 - Intersection related,02 - Non-fatal injury,03 - Rear end,01 - Clear,07 - Dark,01 - Dry,01 - Traffic signal,01 - Functioning,3,0,0,0,01 - Minimal,3,3,,,,372390.0684,5031742.15,45.42234846,-75.63631261,1850
16--11655,2016/11/09,6:45 PM,BANK ST btwn HOLMWOOD AVE & LANSDOWNE PARK (__3ZA3NFA),__3ZA3NFA,01 - Non intersection,03 - P.D. only,06 - SMV unattended vehicle,01 - Clear,07 - Dark,01 - Dry,10 - No control,,1,0,0,0,,0,,,,,368516.9399,5029109.859,45.39902747,-75.68613975,1851
16--11656,2016/11/09,6:47 PM,REGIONAL ROAD 174 btwn TRANSIT & OR174 IC109 RAMP54 (__3ZAZ6V),__3ZAZ6V,01 - Non intersection,02 - Non-fatal injury,03 - Rear end,01 - Clear,07 - Dark,01 - Dry,10 - No control,,2,0,0,0,02 - Minor,2,1,1,,,375864.4149,5033723.546,45.43983159,-75.59163583,1852
16--11657,2016/11/09,6:50 PM,STONEHAVEN DR btwn FURLONG CRES & STONEMEADOW DR (__3ZA4W6),__3ZA4W6,01 - Non intersection,03 - P.D. only,07 - SMV other,01 - Clear,07 - Dark,01 - Dry,10 - No control,,1,0,0,0,,0,,,,,355731.0651,5016874.819,45.28998224,-75.85070238,1853
16--11658,2016/11/09,7:06 PM,JOCKVALE RD @ LONGFIELDS DR (0013613),13613,03 - At intersection,03 - P.D. only,02 - Angle,01 - Clear,07 - Dark,01 - Dry,02 - Stop sign,01 - Functioning,2,0,0,0,,0,,,,,364829.2929,5014001.028,45.26340567,-75.73507021,1854
16--11659,2016/11/09,7:41 AM,INDUSTRIAL AVE/INNES RD @ ST. LAURENT BLVD (0002203),2203,02 - Intersection related,03 - P.D. only,03 - Rear end,01 - Clear,01 - Daylight,01 - Dry,01 - Traffic signal,00 - Unknown,2,0,0,0,,0,,,,,373100.5556,5030003.496,45.40663587,-75.62747579,1855
16--1166,2016/01/25,1:22 PM,CLARENCE ST @ DALHOUSIE ST (0008415),8415,03 - At intersection,02 - Non-fatal injury,07 - SMV other,01 - Clear,01 - Daylight,02 - Wet,01 - Traffic signal,01 - Functioning,1,0,0,1,01 - Minimal,1,1,,,,368042.0409,5032502.939,45.42960036,-75.69176965,1856
16--11660,2016/11/09,8:03 AM,EARL ARMSTRONG RD @ SPRATT RD (0013063),13063,03 - At intersection,03 - P.D. only,05 - Turning movement,01 - Clear,01 - Daylight,01 - Dry,01 - Traffic signal,01 - Functioning,2,0,0,0,,0,,,,,368395.6114,5015011.21,45.2721818,-75.68950109,1857
16--11661,2016/11/09,8:13 AM,LA VERENDRYE DR btwn OAKDEAN CRES & GLENFERN AVE (__3ZA7OF),__3ZA7OF,04 - At/near private drive,03 - P.D. only,02 - Angle,01 - Clear,01 - Daylight,01 - Dry,10 - No control,,2,0,0,0,,0,,,,,374719.3173,5035677.188,45.45752478,-75.60599331,1858
16--11662,2016/11/09,8:15 AM,HIGHWAY 417 btwn HWY417 IC129 RAMP76 & HWY417 IC129 RAMP26 (__3ZA2RG),__3ZA2RG,01 - Non intersection,03 - P.D. only,07 - SMV other,01 - Clear,01 - Daylight,01 - Dry,10 - No control,,1,0,0,0,,0,,,,,360436.7565,5023540.094,45.3495998,-75.78996731,1859
16--11663,2016/11/09,8:19 AM,CANADAIR PRIV @ DE NIVERVILLE DR (0011337),11337,02 - Intersection related,02 - Non-fatal injury,03 - Rear end,01 - Clear,01 - Daylight,01 - Dry,02 - Stop sign,01 - Functioning,2,0,0,0,01 - Minimal,2,2,,,,368947.5947,5021995.732,45.33497719,-75.6815632,1860
16--11664,2016/11/09,8:20 AM,CASTLEFRANK RD @ HAZELDEAN RD (0003608),3608,03 - At intersection,02 - Non-fatal injury,02 - Angle,01 - Clear,01 - Daylight,01 - Dry,01 - Traffic signal,01 - Functioning,3,0,0,0,02 - Minor,1,,1,,,352677.2195,5017676.989,45.29741505,-75.88955478,1861
16--11665,2016/11/09,8:41 PM,SHIRLEY'S BROOK DR btwn SANDHILL RD & HELMSDALE DR (__3ZA59G),__3ZA59G,01 - Non intersection,03 - P.D. only,06 - SMV unattended vehicle,"07 - Fog, mist, smoke, dust",07 - Dark,01 - Dry,10 - No control,,1,0,0,0,,0,,,,,350033.5992,5023888.845,45.35348608,-75.92269228,1862
16--11666,2016/11/09,9:08 PM,ST. JOSEPH BLVD @ JEANNE D'ARC BLVD (0012421),12421,03 - At intersection,03 - P.D. only,04 - Sideswipe,01 - Clear,07 - Dark,01 - Dry,11 - Roundabout,01 - Functioning,2,0,0,0,,0,,,,,379860.523,5036470.922,45.46413281,-75.54014429,1863
16--11667,2016/11/09,9:49 AM,CANOTEK RD @ SHEFFORD RD (0009369),9369,03 - At intersection,03 - P.D. only,04 - Sideswipe,01 - Clear,01 - Daylight,01 - Dry,01 - Traffic signal,01 - Functioning,2,0,0,0,,0,,,,,376029.0697,5035094.257,45.45214764,-75.58933301,1864
16--11668,2016/11/10,1:20 PM,WALKLEY EXTENSION RD btwn HWY417 IC110 RAMP56 & HWY417 IC110 RAMP64 (__3ZA3MT),__3ZA3MT,01 - Non intersection,03 - P.D. only,04 - Sideswipe,01 - Clear,01 - Daylight,01 - Dry,10 - No control,,2,0,0,0,,0,,,,,375871.1427,5029113.016,45.39834798,-75.59221487,1865
16--11669,2016/11/10,1:32 PM,CYRVILLE RD btwn STAR TOP RD & MEADOWBROOK RD (__3ZA3SN),__3ZA3SN,04 - At/near private drive,02 - Non-fatal injury,03 - Rear end,01 - Clear,01 - Daylight,01 - Dry,10 - No control,,2,0,0,0,02 - Minor,1,,1,,,374433.0284,5031308.077,45.41824253,-75.61027149,1866
16--1167,2016/01/25,1:35 PM,ASHTON STATION RD @ FLEWELLYN RD (0000418),418,03 - At intersection,02 - Non-fatal injury,07 - SMV other,03 - Snow,01 - Daylight,02 - Wet,02 - Stop sign,01 - Functioning,1,0,0,0,02 - Minor,1,,1,,,341540.8269,5001976.211,45.15680119,-76.03269986,1867
16--11670,2016/11/10,1:46 PM,MERIVALE RD @ EMERALD PLAZA SC (0005311),5311,03 - At intersection,03 - P.D. only,02 - Angle,01 - Clear,01 - Daylight,01 - Dry,01 - Traffic signal,01 - Functioning,2,0,0,0,,0,,,,,364737.0992,5024004.9,45.35342773,-75.73503501,1868
16--11671,2016/11/10,1:49 PM,AUGUSTA ST @ RIDEAU ST (0011916),11916,02 - Intersection related,03 - P.D. only,99 - Other,01 - Clear,01 - Daylight,01 - Dry,01 - Traffic signal,01 - Functioning,2,0,0,0,,0,,,,,369012.5895,5032717.039,45.43143832,-75.67933944,1869
16--11672,2016/11/10,1:54 PM,GEORGE ST @ SUSSEX DR (0002109),2109,02 - Intersection related,03 - P.D. only,05 - Turning movement,01 - Clear,01 - Daylight,01 - Dry,01 - Traffic signal,01 - Functioning,2,0,0,0,,0,,,,,367868.5573,5032130.912,45.42626865,-75.69403419,1870
16--11673,2016/11/10,1:56 PM,FISHER AVE @ MEADOWLANDS DR (0002120),2120,03 - At intersection,03 - P.D. only,05 - Turning movement,01 - Clear,01 - Daylight,01 - Dry,01 - Traffic signal,01 - Functioning,2,0,0,0,,0,,,,,366574.4063,5025044.787,45.36262498,-75.71145808,1871
16--11674,2016/11/10,11:00 AM,WEST HUNT CLUB RD @ ANTARES DR/LASER ST (0000116),116,02 - Intersection related,03 - P.D. only,04 - Sideswipe,01 - Clear,01 - Daylight,01 - Dry,01 - Traffic signal,01 - Functioning,2,0,0,0,,0,,,,,367107.7113,5022081.088,45.335911,-75.70502458,1872
16--11675,2016/11/10,11:54 AM,MONTREAL RD btwn THOMSON ST & AVIATION PKWY (__3ZA3UF),__3ZA3UF,04 - At/near private drive,03 - P.D. only,02 - Angle,01 - Clear,01 - Daylight,01 - Dry,10 - No control,,2,0,0,0,,0,,,,,372126.2995,5034099.143,45.443581,-75.63936045,1873
16--11676,2016/11/10,Unknown,SPRINGLAND DR btwn HOBSON RD & NORBERRY CRES (__3ZA0SW),__3ZA0SW,01 - Non intersection,03 - P.D. only,06 - SMV unattended vehicle,01 - Clear,00 - Unknown,01 - Dry,10 - No control,,1,0,0,0,,0,,,,,368809.9184,5025885.459,45.36998856,-75.68281603,1874
16--11677,2016/11/10,12:03 PM,MERIVALE RD @ 210 S OF MEADOWLANDS DR (0005419),5419,03 - At intersection,02 - Non-fatal injury,07 - SMV other,01 - Clear,01 - Daylight,01 - Dry,01 - Traffic signal,00 - Unknown,1,0,0,1,02 - Minor,1,,1,,,364945.379,5023531.084,45.34914656,-75.73243465,1875
16--11678,2016/11/10,12:32 PM,FALLOWFIELD RD @ GREENBANK RD (0000549),549,02 - Intersection related,03 - P.D. only,04 - Sideswipe,01 - Clear,01 - Daylight,01 - Dry,01 - Traffic signal,01 - Functioning,2,0,0,0,,0,,,,,363080.0171,5016732.236,45.28812827,-75.757038,1876
16--11679,2016/11/10,2:25 PM,BILLINGS BRIDGESC RAMP NB @ RIVERSIDE DR WB (0008841),8841,03 - At intersection,03 - P.D. only,02 - Angle,01 - Clear,01 - Daylight,01 - Dry,03 - Yield sign,01 - Functioning,2,0,0,0,,0,,,,,369022.389,5027794.67,45.38714764,-75.67985547,1877
16--1168,2016/01/25,1:45 PM,HUNT CLUB RD btwn MOUNTAIN CRES & TURN LANE (__3ZA3HU),__3ZA3HU,01 - Non intersection,02 - Non-fatal injury,03 - Rear end,01 - Clear,01 - Daylight,02 - Wet,10 - No control,,3,0,0,0,02 - Minor,4,2,2,,,371462.4685,5023968.54,45.35249349,-75.64921443,1878
16--11680,2016/11/10,3:05 PM,EAGLESON RD btwn HWY417 IC138 RAMP51 & KATIMAVIK RD (__3ZA41W),__3ZA41W,01 - Non intersection,02 - Non-fatal injury,03 - Rear end,01 - Clear,01 - Daylight,01 - Dry,10 - No control,,3,0,0,0,01 - Minimal,1,1,,,,353158.9869,5019701.245,45.31559675,-75.88321499,1879
16--11681,2016/11/10,4:35 PM,SCOTT ST @ WESTERN AVE (0006132),6132,03 - At intersection,03 - P.D. only,02 - Angle,01 - Clear,05 - Dusk,01 - Dry,02 - Stop sign,01 - Functioning,2,0,0,0,,0,,,,,364205.4692,5029268.458,45.40083362,-75.74118629,1880
16--11682,2016/11/10,4:49 PM,HAZELDEAN RD btwn KITTIWAKE DR & CARP RD (__3ZA3EI),__3ZA3EI,01 - Non intersection,03 - P.D. only,07 - SMV other,01 - Clear,05 - Dusk,01 - Dry,10 - No control,,1,0,0,0,,0,,,,,348506.6537,5013900.741,45.26370684,-75.94306033,1881
16--11683,2016/11/10,5:20 AM,MARCH RD @ SECOND LINE RD (0008850),8850,03 - At intersection,03 - P.D. only,02 - Angle,01 - Clear,07 - Dark,01 - Dry,01 - Traffic signal,01 - Functioning,2,0,0,0,,0,,,,,346106.1322,5025328.311,45.36668114,-75.97269524,1882
16--11684,2016/11/10,5:22 PM,MONTREAL RD @ SHEFFORD RD (0012423),12423,02 - Intersection related,03 - P.D. only,07 - SMV other,01 - Clear,07 - Dark,01 - Dry,01 - Traffic signal,01 - Functioning,1,0,0,0,,0,,,,,376124.0742,5034853.161,45.44996872,-75.58815348,1883
16--11685,2016/11/10,5:24 PM,ORLEANS BLVD btwn JEANNE D'ARC BLVD S & BEAUSEJOUR DR (__3ZA2BJ),__3ZA2BJ,04 - At/near private drive,03 - P.D. only,02 - Angle,01 - Clear,07 - Dark,01 - Dry,10 - No control,,2,0,0,0,,0,,,,,381022.5893,5036002.507,45.45979256,-75.52535884,1884
16--11686,2016/11/10,5:30 PM,BRONSON AVE @ CATHERINE ST/RAYMOND ST (0007198),7198,02 - Intersection related,03 - P.D. only,03 - Rear end,01 - Clear,07 - Dark,01 - Dry,01 - Traffic signal,00 - Unknown,2,0,0,0,,0,,,,,367253.0774,5029796.563,45.40532012,-75.70219459,1885
16--11687,2016/11/10,5:33 PM,CENTREPOINTE DR @ CONSTELLATION CRES S (0010246),10246,02 - Intersection related,03 - P.D. only,04 - Sideswipe,01 - Clear,07 - Dark,01 - Dry,02 - Stop sign,01 - Functioning,2,0,0,0,,0,,,,,362376.3962,5023121.309,45.34567504,-75.76526452,1886
16--11688,2016/11/10,5:35 PM,LEMIEUX ST @ ST. LAURENT BLVD (0002021),2021,02 - Intersection related,03 - P.D. only,03 - Rear end,01 - Clear,07 - Dark,01 - Dry,01 - Traffic signal,01 - Functioning,2,0,0,0,,0,,,,,372392.5529,5031744.635,45.42237058,-75.63628053,1887
16--11689,2016/11/10,5:39 PM,DONALD ST @ ST. LAURENT BLVD (0008630),8630,03 - At intersection,03 - P.D. only,05 - Turning movement,01 - Clear,07 - Dark,01 - Dry,01 - Traffic signal,01 - Functioning,2,0,0,0,,0,,,,,372093.4934,5032472.804,45.42895114,-75.64000209,1888
16--1169,2016/01/25,10:53 AM,RIVERSIDE DR SB btwn BANK ST & BILLINGS BRIDGE NB RAMP (__3ZA1VA),__3ZA1VA,01 - Non intersection,03 - P.D. only,05 - Turning movement,01 - Clear,01 - Daylight,02 - Wet,10 - No control,,2,0,0,0,,0,,,,,369237.7905,5028000.011,45.38897545,-75.67707819,1889
16--11690,2016/11/10,5:41 PM,MEADOWLANDS DR @ NESS ST (0001669),1669,02 - Intersection related,03 - P.D. only,03 - Rear end,01 - Clear,07 - Dark,01 - Dry,02 - Stop sign,00 - Unknown,2,0,0,0,,0,,,,,366414.1753,5024944.619,45.36173779,-75.7135157,1890
16--11691,2016/11/10,5:43 PM,MERIVALE RD btwn VIEWMOUNT DR & COLONNADE RD (__3ZA33F),__3ZA33F,04 - At/near private drive,03 - P.D. only,02 - Angle,01 - Clear,07 - Dark,01 - Dry,10 - No control,,2,0,0,0,,0,,,,,365354.7345,5022567.079,45.34043736,-75.72732902,1891
16--11692,2016/11/10,5:52 PM,JASMINE CRES S @ OGILVIE RD (0009282),9282,03 - At intersection,03 - P.D. only,02 - Angle,01 - Clear,07 - Dark,01 - Dry,02 - Stop sign,01 - Functioning,2,0,0,0,,0,,,,,375354.2614,5033719.339,45.4398454,-75.59815654,1892
16--11693,2016/11/10,6:01 PM,MCCARTHY RD btwn PLANTE DR & PAUL ANKA DR (__3ZA9C9),__3ZA9C9,04 - At/near private drive,02 - Non-fatal injury,05 - Turning movement,01 - Clear,07 - Dark,01 - Dry,10 - No control,,2,0,0,0,01 - Minimal,1,1,,,,369614.3201,5024000.325,45.35295273,-75.67279491,1893
16--11694,2016/11/10,6:10 PM,AVIATION PKWY @ OGILVIE RD (0004114),4114,02 - Intersection related,03 - P.D. only,03 - Rear end,01 - Clear,07 - Dark,01 - Dry,01 - Traffic signal,01 - Functioning,2,0,0,0,,0,,,,,373111.661,5032375.876,45.42798032,-75.62700506,1894
16--11695,2016/11/10,6:21 PM,RIVER RD btwn LORNE BRIDGE RD & ROGER STEVENS DR (__3ZA2LX),__3ZA2LX,01 - Non intersection,03 - P.D. only,07 - SMV other,01 - Clear,07 - Dark,01 - Dry,10 - No control,,1,0,0,0,,0,,,,,373158.8746,5002734.852,45.16127416,-75.63048733,1895
16--11696,2016/11/10,6:25 PM,MCCORDICK RD btwn MCCORDICK RD & CENTURY RD W (__3ZAB0G),__3ZAB0G,01 - Non intersection,03 - P.D. only,07 - SMV other,01 - Clear,07 - Dark,01 - Dry,10 - No control,,1,0,0,0,,0,,,,,360410.8299,5003186.665,45.16645908,-75.79257605,1896
16--11697,2016/11/10,6:27 AM,RICHMOND RD @ WOODROFFE AVE (0011466),11466,02 - Intersection related,03 - P.D. only,03 - Rear end,01 - Clear,03 - Dawn,01 - Dry,01 - Traffic signal,01 - Functioning,2,0,0,0,,0,,,,,361584.6864,5026654.937,45.37753493,-75.77496074,1897
16--11698,2016/11/10,7:00 PM,AUGUSTA ST @ DALY AVE (0007800),7800,02 - Intersection related,03 - P.D. only,06 - SMV unattended vehicle,01 - Clear,07 - Dark,01 - Dry,02 - Stop sign,00 - Unknown,1,0,0,0,,0,,,,,369090.0479,5032576.353,45.43016536,-75.67836796,1898
16--11699,2016/11/10,7:15 AM,CARP RD @ HAZELDEAN RD (0000086),86,03 - At intersection,03 - P.D. only,02 - Angle,01 - Clear,01 - Daylight,01 - Dry,01 - Traffic signal,01 - Functioning,2,0,0,0,,0,,,,,348804.7954,5014360.217,45.26782279,-75.93922068,1899
16--117,2016/01/04,5:40 PM,CARLING AVE @ MERIVALE RD (0002148),2148,02 - Intersection related,03 - P.D. only,03 - Rear end,01 - Clear,07 - Dark,01 - Dry,01 - Traffic signal,01 - Functioning,2,0,0,0,,0,,,,,364894.2446,5027701.233,45.38667327,-75.73257992,1900
16--1098,2016/01/22,9:18 PM,ST. PATRICK ST @ SUSSEX DR (0011910),11910,03 - At intersection,03 - P.D. only,02 - Angle,01 - Clear,07 - Dark,01 - Dry,01 - Traffic signal,01 - Functioning,2,0,0,0,,0,,,,,367665.8166,5032462.144,45.42926722,-75.69658251,1901
16--10980,2016/10/21,5:42 PM,KING EDWARD AVE SB btwn YORK ST & GEORGE ST (__3ZBOFW),__3ZBOFW,01 - Non intersection,02 - Non-fatal injury,99 - Other,02 - Rain,07 - Dark,02 - Wet,10 - No control,,2,0,0,0,02 - Minor,1,,1,,,368408.3447,5032567.802,45.43015075,-75.6870804,1902
16--10981,2016/10/21,6:03 PM,FLEWELLYN RD @ SHEA RD (0000398),398,03 - At intersection,02 - Non-fatal injury,02 - Angle,02 - Rain,07 - Dark,02 - Wet,02 - Stop sign,01 - Functioning,2,0,0,0,02 - Minor,2,,2,,,352993.3807,5012174.625,45.24788164,-75.88605797,1903
16--10982,2016/10/21,6:15 AM,BANTREE ST @ INNES RD (0007684),7684,03 - At intersection,03 - P.D. only,05 - Turning movement,02 - Rain,07 - Dark,02 - Wet,01 - Traffic signal,01 - Functioning,2,0,0,0,,0,,,,,373705.5037,5030406.336,45.41020114,-75.61969232,1904
16--10983,2016/10/21,6:27 PM,BLAIR RD btwn OR174 IC112 RAMP26 & OR174 IC112 RAMP52 (__3ZAZFL),__3ZAZFL,01 - Non intersection,02 - Non-fatal injury,03 - Rear end,02 - Rain,07 - Dark,02 - Wet,10 - No control,,2,1,0,0,02 - Minor,1,,1,,,374799.8595,5032792.948,45.43156599,-75.6053739,1905
16--10984,2016/10/21,6:28 PM,TENTH LINE RD @ CHARLEMAGNE BLVD N/TOMPKINS AV (0009222),9222,03 - At intersection,03 - P.D. only,05 - Turning movement,02 - Rain,07 - Dark,02 - Wet,01 - Traffic signal,01 - Functioning,2,0,0,0,,0,,,,,383183.6697,5037978.694,45.47733341,-75.4974146,1906
16--10985,2016/10/21,6:39 AM,POWER RD btwn RIDEAU RD & END (__3ZA6GV),__3ZA6GV,01 - Non intersection,03 - P.D. only,07 - SMV other,02 - Rain,07 - Dark,02 - Wet,10 - No control,,1,0,0,0,,0,,,,,378366.139,5018578.096,45.30330274,-75.56191803,1907
16--10986,2016/10/21,6:47 PM,CARLING AVE btwn DEFENSE  RESEARCH COMPLEX & RIFLE RD (__3ZA4Z6B),__3ZA4Z6B,01 - Non intersection,02 - Non-fatal injury,03 - Rear end,02 - Rain,07 - Dark,02 - Wet,10 - No control,,4,1,0,0,02 - Minor,1,,1,,,353763.9298,5023233.755,45.34734094,-75.87515039,1908
16--10987,2016/10/21,7:05 PM,MER BLEUE RD @ 210 S OF INNES RD (0012453),12453,03 - At intersection,03 - P.D. only,05 - Turning movement,02 - Rain,07 - Dark,02 - Wet,01 - Traffic signal,01 - Functioning,2,0,0,0,,0,,,,,382730.0011,5035375.072,45.45395908,-75.50362927,1909
16--10988,2016/10/21,7:25 PM,JOCKVALE RD/RIDEAU VALLEY DR @ PRINCE OF WALES (0004638),4638,02 - Intersection related,03 - P.D. only,03 - Rear end,02 - Rain,07 - Dark,02 - Wet,01 - Traffic signal,01 - Functioning,2,0,0,0,,0,,,,,366714.8081,5012195.412,45.24699536,-75.71127103,1910
16--10989,2016/10/21,7:25 PM,COBBLE HILL DR @ SIMRAN PRIV (0014058),14058,03 - At intersection,03 - P.D. only,02 - Angle,02 - Rain,07 - Dark,02 - Wet,02 - Stop sign,01 - Functioning,2,0,0,0,,0,,,,,361667.3049,5014127.109,45.26480289,-75.77534443,1911
16--1099,2016/01/22,9:34 PM,ARMSTRONG ST @ PARKDALE AVE (0006267),6267,03 - At intersection,03 - P.D. only,02 - Angle,01 - Clear,07 - Dark,03 - Loose snow,01 - Traffic signal,01 - Functioning,2,0,0,0,,0,,,,,365090.3337,5029404.681,45.40198368,-75.72986787,1912
16--10990,2016/10/21,7:29 PM,LAURIER AVE   E btwn NELSON ST & SWEETLAND AVE (__3ZA3VS),__3ZA3VS,01 - Non intersection,03 - P.D. only,02 - Angle,01 - Clear,07 - Dark,01 - Dry,10 - No control,,2,0,0,0,,0,,,,,368930.1665,5032150.659,45.4263498,-75.68046648,1913
16--10991,2016/10/21,7:46 PM,FRANK ST @ O'CONNOR ST (0007268),7268,03 - At intersection,03 - P.D. only,02 - Angle,02 - Rain,07 - Dark,02 - Wet,02 - Stop sign,01 - Functioning,2,0,0,0,,0,,,,,368051.4872,5030697.354,45.41335346,-75.69188076,1914
16--10992,2016/10/21,7:51 PM,JEANNE D'ARC BLVD @ GREY NUNS DR/YOUVILLE DR (0003147),3147,03 - At intersection,02 - Non-fatal injury,07 - SMV other,02 - Rain,07 - Dark,02 - Wet,01 - Traffic signal,01 - Functioning,1,0,0,1,02 - Minor,1,,1,,,379670.7425,5036700.583,45.46621949,-75.54253583,1915
16--10993,2016/10/21,7:57 AM,MAITLAND AVE @ WOODWARD DR (0003185),3185,03 - At intersection,03 - P.D. only,05 - Turning movement,02 - Rain,01 - Daylight,02 - Wet,01 - Traffic signal,01 - Functioning,2,0,0,0,,0,,,,,363273.7779,5025662.088,45.36846247,-75.7535134,1916
16--10994,2016/10/21,8:08 PM,ALBION RD @ HUNT CLUB RD (0006974),6974,02 - Intersection related,03 - P.D. only,03 - Rear end,02 - Rain,07 - Dark,02 - Wet,01 - Traffic signal,01 - Functioning,2,0,0,0,,0,,,,,371869.39,5024319.276,45.35561049,-75.64397406,1917
16--10995,2016/10/21,8:18 PM,SMYTH RD @ GENERAL HOSPITAL E (0008855),8855,02 - Intersection related,03 - P.D. only,04 - Sideswipe,02 - Rain,07 - Dark,02 - Wet,01 - Traffic signal,01 - Functioning,2,0,0,0,,0,,,,,371517.3864,5029179.545,45.39937499,-75.64780961,1918
16--10996,2016/10/21,8:23 AM,ANDERSON RD @ INNES RD (0004200),4200,02 - Intersection related,03 - P.D. only,03 - Rear end,02 - Rain,01 - Daylight,02 - Wet,01 - Traffic signal,01 - Functioning,2,0,0,0,,0,,,,,376281.5693,5031840.322,45.42284495,-75.58657772,1919