Anom_ID,Accident_Date,Accident_Time,Location,Geo_ID,Accident_Location,Classification_of_Accident,Initial_Impact_Type,Environment_Condition,Light,Road_Surface_Condition,Traffic_Control,Traffic_Control_Condition,No__of_Vehicles,No__of_Bicycles,No__of_Motorcycles,No__of_Pedestrians,Max_Injury,No__of_Injuries,No__of_Minimal,No__of_Minor,No__of_Major,No__of_Fatal,X,Y,Latitude,Longitude,ObjectId
16--10997,2016/10/21,8:43 PM,RICHMOND RD @ WINONA AVE (0006990),6990,02 - Intersection related,03 - P.D. only,99 - Other,02 - Rain,07 - Dark,02 - Wet,02 - Stop sign,01 - Functioning,2,0,0,0,,0,,,,,363293.43,5028337.461,45.39253346,-75.75294558,1920
16--10998,2016/10/21,9:00 PM,EAGLESON RD @ MICHAEL COWPLAND DR/STONEHAVEN D (0003544),3544,03 - At intersection,02 - Non-fatal injury,05 - Turning movement,02 - Rain,07 - Dark,02 - Wet,01 - Traffic signal,01 - Functioning,2,0,0,0,02 - Minor,1,,1,,,354381.5283,5016623.664,45.2878188,-75.86793106,1921
16--10999,2016/10/21,9:03 PM,WEST HUNT CLUB RD @ ROYDON PL/SUNDERLAND ST (0009775),9775,03 - At intersection,01 - Fatal injury,99 - Other,02 - Rain,07 - Dark,02 - Wet,01 - Traffic signal,01 - Functioning,3,0,0,1,04 - Fatal,1,,,,1,365973.317,5022168.709,45.33679922,-75.71948596,1922
16--110,2016/01/04,4:45 PM,HIGHWAY 417 btwn HWY417 IC126 RAMP61 & HWY417 IC124 RAMP76 (__3ZA2Y2),__3ZA2Y2,01 - Non intersection,03 - P.D. only,04 - Sideswipe,01 - Clear,05 - Dusk,01 - Dry,10 - No control,,2,0,0,0,,0,,,,,363672.2003,5026536.502,45.37629698,-75.74832329,1923
16--1100,2016/01/23,1:29 PM,CARLING AVE @ KEMPSTER AVE/FAMOUS PLAYERS THEA (0002395),2395,03 - At intersection,03 - P.D. only,02 - Angle,01 - Clear,01 - Daylight,01 - Dry,01 - Traffic signal,01 - Functioning,2,0,0,0,,0,,,,,359210.8912,5024119.289,45.35490758,-75.80554682,1924
16--11000,2016/10/21,9:30 PM,RIDEAU ST @ WALLER ST (0011913),11913,02 - Intersection related,02 - Non-fatal injury,07 - SMV other,02 - Rain,07 - Dark,02 - Wet,01 - Traffic signal,01 - Functioning,1,0,0,1,02 - Minor,1,,1,,,368282.7479,5032273.342,45.42751272,-75.68872334,1925
16--11001,2016/10/21,9:36 PM,HAZELDEAN RD btwn KINCARDINE DR & TERRY FOX DR (__3ZAZ88),__3ZAZ88,01 - Non intersection,03 - P.D. only,07 - SMV other,02 - Rain,07 - Dark,02 - Wet,10 - No control,,1,0,0,0,,0,,,,,352061.8553,5017107.875,45.29233567,-75.89745461,1926
16--11002,2016/10/21,9:36 PM,RICHMOND RD @ NORTHSIDE RD E (0010417),10417,03 - At intersection,03 - P.D. only,02 - Angle,02 - Rain,07 - Dark,02 - Wet,01 - Traffic signal,01 - Functioning,2,0,0,0,,0,,,,,358328.9357,5021226.204,45.32894335,-75.81711556,1927
16--11003,2016/10/21,9:50 AM,BLOHM DR @ ESSON ST (0008603),8603,03 - At intersection,02 - Non-fatal injury,07 - SMV other,02 - Rain,01 - Daylight,02 - Wet,02 - Stop sign,01 - Functioning,1,0,0,1,02 - Minor,1,,1,,,374368.7395,5026173.113,45.372047,-75.61181694,1928
16--11004,2016/10/21,9:55 PM,LEMIEUX ST @ ST. LAURENT BLVD (0002021),2021,02 - Intersection related,03 - P.D. only,03 - Rear end,02 - Rain,07 - Dark,02 - Wet,01 - Traffic signal,01 - Functioning,3,0,0,0,,0,,,,,372391.7219,5031742.556,45.42235195,-75.63629143,1929
16--11005,2016/10/22,1:11 AM,CUMMINGS AVE btwn BURN ST & GARDENVALE RD (__3ZA7UC),__3ZA7UC,01 - Non intersection,03 - P.D. only,06 - SMV unattended vehicle,02 - Rain,07 - Dark,02 - Wet,10 - No control,,1,0,0,0,,0,,,,,372400.4134,5033041.275,45.43403637,-75.63600211,1930
16--11006,2016/10/22,1:14 AM,CARLING AVE EB @ SAIGON CRT (0008796),8796,03 - At intersection,03 - P.D. only,05 - Turning movement,02 - Rain,07 - Dark,02 - Wet,02 - Stop sign,01 - Functioning,2,0,0,0,,0,,,,,364069.4986,5027113.32,45.3814536,-75.74318181,1931
16--11007,2016/10/22,1:14 PM,MULLIN PRIV/PENENCY PRIV @ RENAUD RD (0014355),14355,03 - At intersection,02 - Non-fatal injury,05 - Turning movement,02 - Rain,01 - Daylight,02 - Wet,02 - Stop sign,00 - Unknown,2,0,0,0,02 - Minor,1,,1,,,381958.429,5032822.14,45.43107548,-75.51389296,1932
16--11008,2016/10/22,1:34 AM,INNES RD @ ORLEANS BLVD (0003611),3611,02 - Intersection related,03 - P.D. only,03 - Rear end,01 - Clear,07 - Dark,01 - Dry,01 - Traffic signal,01 - Functioning,2,0,0,0,,0,,,,,380461.6233,5034295.989,45.44449961,-75.53279326,1933
16--11009,2016/10/22,11:07 AM,INNES RD @ PAGE RD (0012476),12476,02 - Intersection related,03 - P.D. only,04 - Sideswipe,02 - Rain,01 - Daylight,02 - Wet,01 - Traffic signal,01 - Functioning,2,0,0,0,,0,,,,,380887.9685,5034540.774,45.44665572,-75.52730608,1934
16--1101,2016/01/23,1:36 PM,HWY 417 INNES IC112R57 @ INNES RD (0012298),12298,02 - Intersection related,03 - P.D. only,03 - Rear end,01 - Clear,01 - Daylight,01 - Dry,01 - Traffic signal,01 - Functioning,2,0,0,0,,0,,,,,374298.11,5030754.157,45.41327206,-75.6120733,1935
16--11010,2016/10/22,Unknown,RICHMOND RD btwn FOREST ST & WINTHROP PRIV (__3ZA2FE),__3ZA2FE,01 - Non intersection,03 - P.D. only,06 - SMV unattended vehicle,02 - Rain,00 - Unknown,02 - Wet,10 - No control,,1,0,0,0,,0,,,,,360492.6847,5025181.836,45.3643677,-75.78906865,1936
16--11011,2016/10/22,12:10 PM,MAITLAND AVE @ WOODWARD DR (0003185),3185,03 - At intersection,02 - Non-fatal injury,02 - Angle,02 - Rain,01 - Daylight,02 - Wet,01 - Traffic signal,01 - Functioning,2,0,0,0,02 - Minor,1,,1,,,363273.036,5025662.308,45.36846451,-75.75352285,1937
16--11012,2016/10/22,12:16 PM,RIVERSIDE DR NB btwn INDUSTRIAL AVE & TREMBLAY RD (__3ZA4SE),__3ZA4SE,01 - Non intersection,02 - Non-fatal injury,03 - Rear end,02 - Rain,01 - Daylight,02 - Wet,10 - No control,,2,0,0,0,01 - Minimal,1,1,,,,370715.3604,5030690.69,45.41304765,-75.65785086,1938
16--11013,2016/10/22,12:33 AM,BLAIR RD @ REGIONAL RD 174 N/OR174 IC112 RAMP61 (0003617),3617,02 - Intersection related,02 - Non-fatal injury,03 - Rear end,02 - Rain,07 - Dark,02 - Wet,01 - Traffic signal,01 - Functioning,2,0,0,0,02 - Minor,1,,1,,,374634.4591,5032991.15,45.43336584,-75.60745941,1939
16--11014,2016/10/22,12:45 PM,BRUIN RD @ CEDARVIEW RD (0005240),5240,02 - Intersection related,03 - P.D. only,03 - Rear end,01 - Clear,01 - Daylight,01 - Dry,02 - Stop sign,01 - Functioning,2,0,0,0,,0,,,,,359230.5254,5020935.789,45.32626084,-75.80564648,1940
16--11015,2016/10/22,2:09 PM,CARLING AVE EB btwn DUNDEE AVE & IVANHOE AVE (__3ZA4V1),__3ZA4V1,01 - Non intersection,03 - P.D. only,04 - Sideswipe,02 - Rain,01 - Daylight,02 - Wet,10 - No control,,2,0,0,0,,0,,,,,360415.7721,5024871.194,45.36157866,-75.79008534,1941
16--11016,2016/10/22,2:13 PM,HUNTMAR DR @ PALLADIUM DR S (0011818),11818,03 - At intersection,03 - P.D. only,05 - Turning movement,02 - Rain,01 - Daylight,02 - Wet,01 - Traffic signal,01 - Functioning,2,0,0,0,,0,,,,,349675.445,5017366.381,45.29481824,-75.9278542,1942
16--11017,2016/10/22,2:16 PM,BASELINE RD btwn TURN LANE & CEDARVIEW RD (__3ZA11A),__3ZA11A,01 - Non intersection,03 - P.D. only,04 - Sideswipe,02 - Rain,01 - Daylight,02 - Wet,10 - No control,,2,0,0,0,,0,,,,,358765.9735,5021762.32,45.33373388,-75.81148209,1943
16--11018,2016/10/22,3:03 AM,KING EDWARD AVE btwn DALY AVE & STEWART ST (__3ZA3V2),__3ZA3V2,01 - Non intersection,03 - P.D. only,04 - Sideswipe,02 - Rain,07 - Dark,02 - Wet,10 - No control,,2,0,0,0,,0,,,,,368595.2202,5032267.878,45.42743513,-75.68473121,1944
16--11019,2016/10/22,3:09 PM,SUMMIT AVE btwn PALMER AVE & FAIRBANKS AVE (__3ZA8G6),__3ZA8G6,01 - Non intersection,03 - P.D. only,06 - SMV unattended vehicle,02 - Rain,01 - Daylight,02 - Wet,10 - No control,,1,0,0,0,,0,,,,,370889.641,5028348.055,45.3919531,-75.6559384,1945
16--1102,2016/01/23,10:24 AM,CATHERINE ST @ PERCY ST (0007199),7199,03 - At intersection,03 - P.D. only,02 - Angle,01 - Clear,01 - Daylight,01 - Dry,01 - Traffic signal,01 - Functioning,2,0,0,0,,0,,,,,367492.3621,5029938.658,45.40657726,-75.69912008,1946
16--11020,2016/10/22,3:21 PM,CARLING AVE/STATION RD @ MARCH RD (0002681),2681,02 - Intersection related,03 - P.D. only,07 - SMV other,06 - Strong wind,01 - Daylight,02 - Wet,01 - Traffic signal,01 - Functioning,1,0,0,0,,0,,,,,350907.0651,5022247.926,45.33866387,-75.91169795,1947
16--11021,2016/10/22,3:24 PM,WOODROFFE AVE @ SPORTSPLEX S (0010592),10592,02 - Intersection related,03 - P.D. only,03 - Rear end,02 - Rain,01 - Daylight,02 - Wet,01 - Traffic signal,01 - Functioning,2,0,0,0,,0,,,,,363835.3807,5020897.264,45.32554199,-75.74691325,1948
16--11022,2016/10/22,3:25 AM,REGIONAL ROAD 174 btwn OR174 IC112 RAMP15 & TRANSIT (__3ZA2WA),__3ZA2WA,01 - Non intersection,02 - Non-fatal injury,07 - SMV other,02 - Rain,07 - Dark,02 - Wet,10 - No control,,1,0,0,0,03 - Major,4,,3,1,,375521.4107,5033364.416,45.43663513,-75.59607125,1949
16--11023,2016/10/22,3:45 PM,VIEWMOUNT DR @ MERIVALE RD (0001528),1528,02 - Intersection related,02 - Non-fatal injury,03 - Rear end,02 - Rain,01 - Daylight,02 - Wet,01 - Traffic signal,01 - Functioning,2,0,0,0,01 - Minimal,1,1,,,,365192.8689,5022946.425,45.34386462,-75.7293479,1950
16--11024,2016/10/22,4:32 PM,WEST HUNT CLUB RD @ CLEOPATRA DR/LANCELOT DR (0000114),114,02 - Intersection related,03 - P.D. only,03 - Rear end,02 - Rain,01 - Daylight,02 - Wet,01 - Traffic signal,02 - Not functioning,2,0,0,0,,0,,,,,365236.5282,5021731.252,45.33292688,-75.72893926,1951
16--11025,2016/10/22,5:22 PM,BREWER RD @ BRONSON AVE (0002240),2240,03 - At intersection,03 - P.D. only,05 - Turning movement,02 - Rain,07 - Dark,02 - Wet,01 - Traffic signal,01 - Functioning,2,0,0,0,,0,,,,,368107.9494,5027765.777,45.38697092,-75.69153575,1952
16--11026,2016/10/22,5:26 PM,MOODIE DR btwn WEST HUNT CLUB RD & ALTI PL (__3ZBOCW),__3ZBOCW,01 - Non intersection,03 - P.D. only,07 - SMV other,01 - Clear,01 - Daylight,02 - Wet,10 - No control,,1,0,0,0,,0,,,,,357947.4033,5018406.116,45.30359693,-75.82228509,1953
16--11027,2016/10/22,5:54 PM,TERMINAL AVE btwn RAILMARKET PRIV & TRAINYARDS DR (__58HP5W),__58HP5W,04 - At/near private drive,03 - P.D. only,02 - Angle,02 - Rain,07 - Dark,02 - Wet,10 - No control,,2,0,0,0,,0,,,,,371741.4921,5030903.521,45.41486521,-75.64471333,1954
16--11028,2016/10/22,6:00 PM,RIDEAU ST btwn COBOURG ST & CHARLOTTE ST (__3ZA3XJ),__3ZA3XJ,01 - Non intersection,03 - P.D. only,04 - Sideswipe,01 - Clear,05 - Dusk,01 - Dry,10 - No control,,2,0,0,0,,0,,,,,369239.3907,5032854.104,45.43265071,-75.6764232,1955
16--11029,2016/10/22,6:11 PM,BLACKBURN BYPASS @ INNES RD E (0009245),9245,02 - Intersection related,03 - P.D. only,03 - Rear end,02 - Rain,01 - Daylight,02 - Wet,01 - Traffic signal,01 - Functioning,2,0,0,0,,0,,,,,379790.0916,5033781.565,45.43994356,-75.54145483,1956
16--1103,2016/01/23,10:35 PM,ST. LAURENT BLVD @ COVENTRY RD/OGILVIE RD (0002151),2151,03 - At intersection,03 - P.D. only,02 - Angle,01 - Clear,07 - Dark,01 - Dry,01 - Traffic signal,01 - Functioning,2,0,0,0,,0,,,,,372305.939,5031950.916,45.42423496,-75.63735891,1957
16--11030,2016/10/22,6:13 PM,ROLAND MICHENER DR btwn EARL GREY DR & END (__3ZA1UP),__3ZA1UP,04 - At/near private drive,03 - P.D. only,02 - Angle,02 - Rain,05 - Dusk,02 - Wet,10 - No control,,2,0,0,0,,0,,,,,350894.6402,5018913.892,45.30866425,-75.91216683,1958
16--11031,2016/10/22,6:17 PM,SUSSEX DR btwn GEORGE ST & RIDEAU ST (__3ZA3UZ),__3ZA3UZ,01 - Non intersection,03 - P.D. only,04 - Sideswipe,02 - Rain,07 - Dark,02 - Wet,10 - No control,,2,0,0,0,,0,,,,,367877.7779,5032116.862,45.42614141,-75.69391817,1959
16--11032,2016/10/22,6:49 PM,COOPER ST @ ELGIN ST (0006934),6934,02 - Intersection related,03 - P.D. only,03 - Rear end,02 - Rain,05 - Dusk,02 - Wet,01 - Traffic signal,00 - Unknown,2,0,0,0,,0,,,,,368119.2406,5031272.299,45.4185205,-75.69094133,1960
16--11033,2016/10/22,6:56 PM,INNES RD @ TENTH LINE RD (0004633),4633,02 - Intersection related,02 - Non-fatal injury,03 - Rear end,02 - Rain,07 - Dark,02 - Wet,01 - Traffic signal,01 - Functioning,2,0,0,0,01 - Minimal,1,1,,,,383950.9321,5036157.49,45.46086135,-75.4878956,1961
16--11034,2016/10/22,7:00 PM,ST. LAURENT BLVD btwn DONALD ST & 125 N OF QUEEN MARY ST (__3ZA2CFA),__3ZA2CFA,04 - At/near private drive,03 - P.D. only,05 - Turning movement,02 - Rain,07 - Dark,02 - Wet,10 - No control,,2,0,0,0,,0,,,,,372104.4703,5032447.338,45.42872095,-75.6398653,1962
16--11035,2016/10/22,7:18 PM,AIRPORT PKWY/BROOKFIELD RD @ FLANNERY DR/AIRPORT PKWY RAMPS 52A/53 (0006850),6850,02 - Intersection related,03 - P.D. only,03 - Rear end,02 - Rain,07 - Dark,02 - Wet,11 - Roundabout,01 - Functioning,2,0,0,0,,0,,,,,368693.836,5026295.172,45.37368564,-75.68424485,1963
16--11036,2016/10/22,8:00 AM,APPLEBY PRIV @ FISHER AVE (0002177),2177,02 - Intersection related,03 - P.D. only,07 - SMV other,01 - Clear,01 - Daylight,01 - Dry,10 - No control,00 - Unknown,1,0,0,0,,0,,,,,366964.3621,5024102.265,45.35410989,-75.70659936,1964
16--11037,2016/10/22,8:27 AM,EDGECLIFFE AVE @ CALDWELL AVE (0006543),6543,03 - At intersection,03 - P.D. only,02 - Angle,02 - Rain,01 - Daylight,02 - Wet,10 - No control,,2,0,0,0,,0,,,,,364346.1169,5026250.269,45.37366455,-75.73975403,1965
16--11038,2016/10/22,8:27 AM,FISHER AVE btwn BASELINE RD & MALIBU TER (__3ZA4JK),__3ZA4JK,01 - Non intersection,03 - P.D. only,05 - Turning movement,01 - Clear,01 - Daylight,01 - Dry,10 - No control,,2,0,0,0,,0,,,,,366252.9724,5025820.498,45.36963293,-75.71546427,1966
16--11039,2016/10/22,8:45 AM,INNES RD btwn PRESTWICK DR & TENTH LINE RD (__3ZA3Y7),__3ZA3Y7,04 - At/near private drive,02 - Non-fatal injury,07 - SMV other,02 - Rain,01 - Daylight,02 - Wet,10 - No control,,1,0,0,1,02 - Minor,1,,1,,,383935.1972,5036152.936,45.46082216,-75.4880975,1967
16--1104,2016/01/23,11:04 AM,CUMBERLAND ST @ ST. PATRICK ST (0008238),8238,03 - At intersection,03 - P.D. only,05 - Turning movement,01 - Clear,01 - Daylight,01 - Dry,01 - Traffic signal,01 - Functioning,2,0,0,0,,0,,,,,368128.9242,5032748.362,45.43180073,-75.69062784,1968
16--11040,2016/10/22,8:49 PM,KING EDWARD AVE @ LAURIER AVE (0002170),2170,03 - At intersection,02 - Non-fatal injury,07 - SMV other,01 - Clear,07 - Dark,01 - Dry,01 - Traffic signal,01 - Functioning,1,0,0,1,02 - Minor,1,,1,,,368737.2227,5032034.997,45.42532678,-75.68294692,1969
16--11041,2016/10/22,9:08 AM,PAUL METIVIER DR btwn HAILEYBURY ST/ LEAMINGTON WAY & TEMAGAMI DR (__61W6Q2),__61W6Q2,04 - At/near private drive,02 - Non-fatal injury,07 - SMV other,02 - Rain,01 - Daylight,02 - Wet,10 - No control,,1,0,0,1,01 - Minimal,1,1,,,,365489.803,5014486.668,45.26771877,-75.72659502,1970
16--11042,2016/10/22,9:48 AM,MAPLE GROVE RD @ TERRY FOX DR (0003177),3177,02 - Intersection related,03 - P.D. only,03 - Rear end,02 - Rain,01 - Daylight,02 - Wet,01 - Traffic signal,01 - Functioning,2,0,0,0,,0,,,,,351554.4368,5017862.394,45.29915898,-75.90385224,1971
16--11043,2016/10/22,9:58 PM,AIRPORT PKWY @ UPLANDS DR (0008694),8694,03 - At intersection,03 - P.D. only,02 - Angle,01 - Clear,07 - Dark,02 - Wet,03 - Yield sign,01 - Functioning,2,0,0,0,,0,,,,,370860.3053,5021073.551,45.32650219,-75.65728527,1972
16--11044,2016/10/23,1:15 PM,MERIVALE RD @ WOODFIELD DR/ROYDON PL (0009776),9776,02 - Intersection related,03 - P.D. only,03 - Rear end,01 - Clear,01 - Daylight,01 - Dry,01 - Traffic signal,00 - Unknown,2,0,0,0,,0,,,,,365461.0448,5022297.257,45.33800035,-75.72600571,1973
16--11045,2016/10/23,1:43 AM,LACASSE AVE @ MONTREAL RD (0009797),9797,03 - At intersection,03 - P.D. only,07 - SMV other,01 - Clear,07 - Dark,01 - Dry,01 - Traffic signal,01 - Functioning,1,0,0,0,,0,,,,,370687.5346,5033407.009,45.43749057,-75.65784298,1974
16--11046,2016/10/23,10:33 AM,AGINCOURT RD @ MAITLAND AVE (0003375),3375,03 - At intersection,03 - P.D. only,02 - Angle,01 - Clear,01 - Daylight,01 - Dry,02 - Stop sign,01 - Functioning,2,0,0,0,,0,,,,,363447.3452,5025449.868,45.36653844,-75.75132299,1975
16--11047,2016/10/23,10:55 PM,HERON RD btwn JEFFERSON ST & TURN LANE (__3ZA3BI),__3ZA3BI,01 - Non intersection,03 - P.D. only,04 - Sideswipe,01 - Clear,07 - Dark,01 - Dry,10 - No control,,2,0,0,0,,0,,,,,372193.41,5027099.261,45.3805927,-75.63945975,1976
16--11048,2016/10/23,10:56 PM,DONNELLY DR @ MCCORDICK RD (0003675),3675,02 - Intersection related,03 - P.D. only,07 - SMV other,01 - Clear,07 - Dark,01 - Dry,02 - Stop sign,00 - Unknown,1,0,0,0,,0,,,,,370436.5218,4991829.807,45.06340792,-75.66654093,1977
16--11049,2016/10/23,10:59 AM,EAGLESON RD @ KATIMAVIK RD/TIMM DR (0011925),11925,03 - At intersection,03 - P.D. only,02 - Angle,01 - Clear,01 - Daylight,01 - Dry,01 - Traffic signal,01 - Functioning,2,0,0,0,,0,,,,,353215.6414,5019565.015,45.31436702,-75.88250575,1978
16--1105,2016/01/23,11:10 AM,SOUTHMORE DR    E btwn LINTON RD & THORNDALE DR (__3ZA9GR),__3ZA9GR,04 - At/near private drive,03 - P.D. only,06 - SMV unattended vehicle,01 - Clear,01 - Daylight,01 - Dry,10 - No control,,1,0,0,0,,0,,,,,369792.7976,5025184.623,45.36359219,-75.67036158,1979
16--11050,2016/10/23,11:14 AM,LAFONTAINE AVE @ MCARTHUR AVE (0009806),9806,03 - At intersection,03 - P.D. only,05 - Turning movement,01 - Clear,01 - Daylight,01 - Dry,01 - Traffic signal,01 - Functioning,2,0,0,0,,0,,,,,370949.0537,5032771.793,45.43175049,-75.65458603,1980
16--11051,2016/10/23,11:14 AM,BASELINE RD @ WOODROFFE AVE (0002225),2225,02 - Intersection related,02 - Non-fatal injury,03 - Rear end,01 - Clear,01 - Daylight,01 - Dry,01 - Traffic signal,01 - Functioning,2,0,0,0,01 - Minimal,1,1,,,,362548.862,5023769.262,45.3514911,-75.76298819,1981
16--11052,2016/10/23,11:39 AM,MITCH OWENS RD/BRIDGE ST @ RIVER RD (0003573),3573,02 - Intersection related,03 - P.D. only,07 - SMV other,01 - Clear,01 - Daylight,01 - Dry,01 - Traffic signal,00 - Unknown,1,0,0,0,,0,,,,,369488.354,5010775.958,45.23397378,-75.67612721,1982
16--11053,2016/10/23,Unknown,PORTRUSH AVE btwn HORNCHURCH LANE & LONGFIELDS DR (__4VGUMJ),__4VGUMJ,01 - Non intersection,03 - P.D. only,06 - SMV unattended vehicle,01 - Clear,00 - Unknown,01 - Dry,10 - No control,,1,0,0,0,,0,,,,,364207.3605,5015226.777,45.27448777,-75.74284793,1983
16--11054,2016/10/23,12:38 PM,INNES RD btwn 260 E OF BELCOURT BLVD/WALMART SC & JEANNE D'ARC BLVD/ME (__3ZA3JWB),__3ZA3JWB,04 - At/near private drive,03 - P.D. only,02 - Angle,01 - Clear,01 - Daylight,01 - Dry,10 - No control,,2,0,0,0,,0,,,,,382629.1916,5035562.943,45.45566062,-75.50488823,1984
16--11055,2016/10/23,2:01 PM,KING EDWARD AVE @ TEMPLETON ST (0007695),7695,03 - At intersection,02 - Non-fatal injury,07 - SMV other,01 - Clear,01 - Daylight,01 - Dry,01 - Traffic signal,01 - Functioning,1,0,0,1,,0,,,,,369057.2245,5031507.996,45.4205557,-75.67892678,1985
16--11056,2016/10/23,2:52 AM,DUNROBIN RD btwn CONSTANCE BAY RD & KINBURN SIDE RD (__3ZA3FF),__3ZA3FF,04 - At/near private drive,02 - Non-fatal injury,07 - SMV other,01 - Clear,07 - Dark,01 - Dry,10 - No control,,1,0,0,0,02 - Minor,1,,1,,,337919.4539,5036050.954,45.4636016,-76.07648069,1986
16--11057,2016/10/23,5:17 PM,BASELINE RD @ GREENBANK RD (0002357),2357,02 - Intersection related,02 - Non-fatal injury,99 - Other,01 - Clear,01 - Daylight,01 - Dry,01 - Traffic signal,01 - Functioning,2,0,0,0,02 - Minor,3,1,2,,,360597.9038,5022583.842,45.34098265,-75.78801879,1987
16--11058,2016/10/23,5:29 PM,INNES RD @ PROVENCE AVE (0009244),9244,03 - At intersection,02 - Non-fatal injury,02 - Angle,01 - Clear,01 - Daylight,01 - Dry,01 - Traffic signal,01 - Functioning,2,0,0,0,02 - Minor,2,,2,,,386110.1887,5037084.197,45.46895097,-75.46013637,1988
16--11059,2016/10/23,5:35 PM,GREGOIRE RD @ MARVELVILLE RD (0001674),1674,03 - At intersection,02 - Non-fatal injury,02 - Angle,01 - Clear,01 - Daylight,01 - Dry,02 - Stop sign,01 - Functioning,2,0,0,0,03 - Major,3,,2,1,,393290.1785,5008915.58,45.21464699,-75.3733681,1989
16--1106,2016/01/23,11:17 AM,NAVAHO DR @ WOODROFFE AVE/TRANSITWAY N BASELIN (0010359),10359,02 - Intersection related,02 - Non-fatal injury,03 - Rear end,01 - Clear,01 - Daylight,01 - Dry,01 - Traffic signal,01 - Functioning,2,0,0,0,01 - Minimal,3,3,,,,362706.036,5023494.021,45.34900154,-75.76101468,1990
16--11060,2016/10/23,6:33 PM,FLEWELLYN RD btwn MUNSTER RD & CONLEY RD (__3ZACRD),__3ZACRD,01 - Non intersection,03 - P.D. only,07 - SMV other,01 - Clear,07 - Dark,01 - Dry,10 - No control,00 - Unknown,1,0,0,0,,0,,,,,346822.0826,5006675.036,45.19878923,-75.96513553,1991
16--11061,2016/10/23,6:53 AM,ESPRIT DR btwn AQUAVIEW DR & GALLERIA CIRC (__45I7FS),__45I7FS,01 - Non intersection,03 - P.D. only,06 - SMV unattended vehicle,01 - Clear,07 - Dark,01 - Dry,10 - No control,,1,0,0,0,,0,,,,,385048.8256,5035565.096,45.4554063,-75.47395574,1992
16--11062,2016/10/23,9:56 AM,ELGIN ST @ FRANK ST (0007287),7287,03 - At intersection,03 - P.D. only,02 - Angle,01 - Clear,01 - Daylight,01 - Dry,02 - Stop sign,01 - Functioning,2,0,0,0,,0,,,,,368357.0525,5030888.791,45.41504826,-75.68795247,1993
16--11063,2016/10/23,9:58 PM,WHYTE SIDE RD btwn HAWTHORNE RD & RAMSAYVILLE RD (__3ZA6GI),__3ZA6GI,01 - Non intersection,03 - P.D. only,03 - Rear end,01 - Clear,07 - Dark,01 - Dry,10 - No control,,2,0,0,0,,0,,,,,376377.5772,5024670.806,45.35832769,-75.58639099,1994
16--11064,2016/10/24,1:02 PM,MCARTHUR AVE @ VANIER PKWY (0004626),4626,02 - Intersection related,03 - P.D. only,03 - Rear end,01 - Clear,01 - Daylight,01 - Dry,01 - Traffic signal,01 - Functioning,2,0,0,0,,0,,,,,370220.3613,5032692.656,45.43110699,-75.66390855,1995
16--11065,2016/10/24,1:07 PM,DAVID DR @ WOODROFFE AVE (0001098),1098,02 - Intersection related,02 - Non-fatal injury,03 - Rear end,01 - Clear,01 - Daylight,01 - Dry,02 - Stop sign,01 - Functioning,2,0,0,0,02 - Minor,3,,3,,,362979.8614,5022907.915,45.34370514,-75.75758941,1996
16--11066,2016/10/24,1:16 PM,LAURIER AVE   W btwn BANK ST & O'CONNOR ST (__3ZA34B),__3ZA34B,01 - Non intersection,03 - P.D. only,03 - Rear end,01 - Clear,01 - Daylight,01 - Dry,10 - No control,,2,0,0,0,,0,,,,,367542.8121,5031300.785,45.41882874,-75.69830227,1997
16--11067,2016/10/24,10:25 AM,CATHERINE ST/HWY 417 O'CONN IC119BR76 @ O'CONN (0001697),1697,02 - Intersection related,03 - P.D. only,04 - Sideswipe,01 - Clear,01 - Daylight,01 - Dry,01 - Traffic signal,01 - Functioning,2,0,0,0,,0,,,,,368243.6108,5030392.484,45.41059295,-75.68946562,1998
16--11068,2016/10/24,10:26 AM,PALLADIUM DR btwn HUNTMAR DR & HWY417 IC142 RAMP25 (__3ZAZW2),__3ZAZW2,01 - Non intersection,02 - Non-fatal injury,05 - Turning movement,01 - Clear,01 - Daylight,01 - Dry,10 - No control,,2,0,0,0,02 - Minor,3,1,2,,,349596.353,5017272.132,45.29397521,-75.92887106,1999
16--11069,2016/10/24,10:34 AM,LITTLE LONDON PRIV btwn END & END (__6YOJ2X),__6YOJ2X,01 - Non intersection,03 - P.D. only,06 - SMV unattended vehicle,01 - Clear,01 - Daylight,01 - Dry,10 - No control,,1,0,0,0,,0,,,,,368665.9078,5032739.582,45.43167289,-75.68376678,2000
16--11880,2016/11/16,6:30 PM,DATA CENTRE RD @ RIVERSIDE DR (0010863),10863,02 - Intersection related,02 - Non-fatal injury,03 - Rear end,01 - Clear,07 - Dark,01 - Dry,01 - Traffic signal,01 - Functioning,2,0,0,0,01 - Minimal,1,1,,,,368895.7927,5027672.321,45.38605838,-75.68148788,2001
16--11881,2016/11/16,6:31 AM,RICHMOND RD @ STONEHAVEN DR (0010370),10370,02 - Intersection related,03 - P.D. only,03 - Rear end,02 - Rain,07 - Dark,02 - Wet,01 - Traffic signal,01 - Functioning,2,0,0,0,,0,,,,,356781.6411,5015891.023,45.28105295,-75.83741301,2002