Anom_ID,Accident_Date,Accident_Time,Location,Geo_ID,Accident_Location,Classification_of_Accident,Initial_Impact_Type,Environment_Condition,Light,Road_Surface_Condition,Traffic_Control,Traffic_Control_Condition,No__of_Vehicles,No__of_Bicycles,No__of_Motorcycles,No__of_Pedestrians,Max_Injury,No__of_Injuries,No__of_Minimal,No__of_Minor,No__of_Major,No__of_Fatal,X,Y,Latitude,Longitude,ObjectId
16--11882,2016/11/16,6:58 AM,RAMSAYVILLE RD btwn LOUISEIZE RD & NINTH LINE RD (__3ZBO25),__3ZBO25,01 - Non intersection,03 - P.D. only,03 - Rear end,01 - Clear,03 - Dawn,01 - Dry,10 - No control,,2,0,0,0,,0,,,,,379578.16,5021821.73,45.33235928,-75.54597536,2003
16--11883,2016/11/16,7:00 PM,FRASER AVE btwn TILLBURY AVE & SHERBOURNE RD (__3ZBOPP),__3ZBOPP,01 - Non intersection,03 - P.D. only,06 - SMV unattended vehicle,01 - Clear,07 - Dark,01 - Dry,10 - No control,,1,0,0,0,,0,,,,,362854.74,5026779.64,45.37855291,-75.7587311,2004
16--11884,2016/11/16,7:06 AM,STRANDHERD DR @ WOODROFFE AVE (0009688),9688,02 - Intersection related,03 - P.D. only,03 - Rear end,02 - Rain,03 - Dawn,02 - Wet,01 - Traffic signal,01 - Functioning,3,0,0,0,,0,,,,,366106.9822,5015395.563,45.27584344,-75.71861846,2005
16--11885,2016/11/16,7:06 PM,BLACKBURN BYPASS @ NAVAN RD (0004201),4201,02 - Intersection related,03 - P.D. only,04 - Sideswipe,01 - Clear,07 - Dark,01 - Dry,01 - Traffic signal,01 - Functioning,2,0,0,0,,0,,,,,379615.4215,5033277.138,45.4354238,-75.54376387,2006
16--11886,2016/11/16,7:10 PM,RICHMOND RD @ HOLLY ACRES RD/NANAIMO DR (0001068),1068,02 - Intersection related,03 - P.D. only,03 - Rear end,01 - Clear,07 - Dark,01 - Dry,01 - Traffic signal,01 - Functioning,2,0,0,0,,0,,,,,359057.0153,5022747.254,45.34257391,-75.80766114,2007
16--11887,2016/11/16,7:22 AM,BRONSON AVE @ CATHERINE ST/RAYMOND ST (0007198),7198,03 - At intersection,03 - P.D. only,05 - Turning movement,02 - Rain,01 - Daylight,02 - Wet,01 - Traffic signal,01 - Functioning,2,0,0,0,,0,,,,,367253.0043,5029797.318,45.40532692,-75.70219543,2008
16--11888,2016/11/16,7:43 PM,PRINCE OF WALES DR @ WEST HUNT CLUB RD (0000567),567,02 - Intersection related,03 - P.D. only,03 - Rear end,01 - Clear,07 - Dark,01 - Dry,01 - Traffic signal,01 - Functioning,2,0,0,0,,0,,,,,367459.5385,5021891.917,45.33417754,-75.70056005,2009
16--11889,2016/11/16,7:52 AM,ST. JOSEPH BLVD @ JEANNE D'ARC BLVD (0012421),12421,03 - At intersection,03 - P.D. only,04 - Sideswipe,02 - Rain,01 - Daylight,02 - Wet,11 - Roundabout,01 - Functioning,2,0,0,0,,0,,,,,379860.962,5036471.361,45.46413671,-75.54013861,2010
16--1189,2016/01/25,8:00 PM,HIGHWAY 417 btwn HWY417 IC121A RAMP61 & HWY417 IC120B RAMP36 (__3ZA2YV),__3ZA2YV,01 - Non intersection,03 - P.D. only,04 - Sideswipe,01 - Clear,"08 - Dark, artificial",02 - Wet,10 - No control,,2,0,0,0,,0,,,,,367591.567,5029913.335,45.40634052,-75.69785612,2011
16--11890,2016/11/16,8:13 PM,BANK ST @ JOHNSTON RD (0006967),6967,03 - At intersection,02 - Non-fatal injury,05 - Turning movement,01 - Clear,07 - Dark,01 - Dry,01 - Traffic signal,01 - Functioning,2,0,0,0,02 - Minor,2,1,1,,,370850.6328,5024839.747,45.36039023,-75.65690578,2012
16--11891,2016/11/16,8:15 AM,HUNTER'S RUN DR @ JEANNE D'ARC BLVD (0012419),12419,02 - Intersection related,03 - P.D. only,03 - Rear end,02 - Rain,01 - Daylight,02 - Wet,01 - Traffic signal,01 - Functioning,2,0,0,0,,0,,,,,380569.9602,5036175.456,45.46139785,-75.53111902,2013
16--11892,2016/11/16,8:48 PM,MITCH OWENS RD btwn SPRATT RD & LIMEBANK RD (__3ZA3H3),__3ZA3H3,01 - Non intersection,03 - P.D. only,07 - SMV other,01 - Clear,07 - Dark,01 - Dry,10 - No control,,1,0,0,0,,0,,,,,369975.4215,5011058.415,45.23647039,-75.66988755,2014
16--11893,2016/11/16,8:54 AM,ST. LAURENT BLVD btwn HWY417 IC115 RAMP51 & HWY417 IC115 RAMP25 (__3ZA3SL),__3ZA3SL,01 - Non intersection,02 - Non-fatal injury,03 - Rear end,02 - Rain,01 - Daylight,02 - Wet,10 - No control,,3,0,0,0,02 - Minor,1,,1,,,372534.1167,5031400.103,45.41925695,-75.63451915,2015
16--11894,2016/11/16,8:55 AM,ST. LAURENT BLVD btwn NERTA ST & JOLIFFE ST (__3ZA74S),__3ZA74S,01 - Non intersection,03 - P.D. only,04 - Sideswipe,02 - Rain,01 - Daylight,02 - Wet,10 - No control,,2,0,0,0,,0,,,,,373683.9751,5028585.891,45.39382375,-75.6202216,2016
16--11895,2016/11/16,8:55 AM,NERTA ST @ ST. LAURENT BLVD (0008327),8327,02 - Intersection related,02 - Non-fatal injury,03 - Rear end,02 - Rain,01 - Daylight,02 - Wet,02 - Stop sign,00 - Unknown,4,0,0,0,02 - Minor,2,,2,,,373675.9021,5028606.622,45.39401107,-75.6203218,2017
16--11896,2016/11/16,9:10 AM,KIRKWOOD AVE @ SWITZER AVE (0006225),6225,03 - At intersection,03 - P.D. only,02 - Angle,01 - Clear,01 - Daylight,02 - Wet,01 - Traffic signal,01 - Functioning,2,0,0,0,,0,,,,,364233.8081,5027586.726,45.3856993,-75.74102691,2018
16--11897,2016/11/16,9:15 AM,OTTAWA RIVER PKWY WB btwn TRANSIT & TURN LANE (__3ZA23O),__3ZA23O,01 - Non intersection,03 - P.D. only,04 - Sideswipe,02 - Rain,01 - Daylight,02 - Wet,10 - No control,,2,0,0,0,,0,,,,,362638.7662,5028835.837,45.39707215,-75.76124755,2019
16--11898,2016/11/16,9:23 AM,CARP RD @ STITTSVILLE MAIN ST (0005253),5253,03 - At intersection,03 - P.D. only,05 - Turning movement,02 - Rain,01 - Daylight,02 - Wet,01 - Traffic signal,01 - Functioning,2,0,0,0,,0,,,,,349525.0056,5014329.984,45.26750532,-75.93004579,2020
16--11899,2016/11/16,9:33 PM,MACKENZIE KING BR/WALLER ST @ NICHOLAS ST/WALL (0011251),11251,02 - Intersection related,03 - P.D. only,03 - Rear end,01 - Clear,07 - Dark,02 - Wet,01 - Traffic signal,01 - Functioning,2,0,0,0,,0,,,,,368369.8281,5031991.64,45.42497016,-75.68764697,2021
16--119,2016/01/04,6:13 PM,ALBERT ST @ PRESTON ST (0002217),2217,02 - Intersection related,03 - P.D. only,03 - Rear end,01 - Clear,07 - Dark,03 - Loose snow,01 - Traffic signal,01 - Functioning,2,0,0,0,,0,,,,,366161.0597,5030464.662,45.41142808,-75.71606006,2022
16--1190,2016/01/25,8:06 PM,CATHERINE ST/HWY 417 O'CONN IC119BR76 @ O'CONN (0001697),1697,03 - At intersection,03 - P.D. only,02 - Angle,01 - Clear,07 - Dark,02 - Wet,01 - Traffic signal,01 - Functioning,2,0,0,0,,0,,,,,368243.4856,5030392.734,45.41059521,-75.68946719,2023
16--11900,2016/11/16,9:41 AM,HAWTHORNE RD @ HUNT CLUB RD (0007651),7651,02 - Intersection related,03 - P.D. only,03 - Rear end,01 - Clear,01 - Daylight,01 - Dry,01 - Traffic signal,01 - Functioning,2,0,0,0,,0,,,,,375508.5781,5026407.771,45.37404426,-75.59723284,2024
16--11901,2016/11/16,9:43 AM,TRAINYARDS DR @ RAILMARKET (0012246),12246,03 - At intersection,02 - Non-fatal injury,02 - Angle,02 - Rain,01 - Daylight,02 - Wet,01 - Traffic signal,01 - Functioning,2,0,0,0,01 - Minimal,1,1,,,,371755.2033,5030717.042,45.41318604,-75.6445635,2025
16--11902,2016/11/16,9:44 PM,HURDMAN RD @ ROBINSON AVE (0011507),11507,02 - Intersection related,03 - P.D. only,07 - SMV other,01 - Clear,07 - Dark,01 - Dry,02 - Stop sign,01 - Functioning,1,0,0,0,,0,,,,,369889.6066,5031192.507,45.4176401,-75.66833347,2026
16--11903,2016/11/16,9:51 AM,ALBION RD @ RIDEAU RD (0009356),9356,03 - At intersection,02 - Non-fatal injury,02 - Angle,02 - Rain,01 - Daylight,02 - Wet,01 - Traffic signal,01 - Functioning,2,0,0,0,02 - Minor,1,,1,,,375092.0936,5016673.801,45.28650379,-75.60393182,2027
16--11904,2016/11/16,9:55 PM,SALE BARN RD btwn MITCH OWENS RD & DAWN TARA DR (__3ZAZ8G),__3ZAZ8G,01 - Non intersection,03 - P.D. only,07 - SMV other,01 - Clear,07 - Dark,01 - Dry,10 - No control,,1,0,0,0,,0,,,,,378866.1889,5016450.429,45.28410643,-75.55586022,2028
16--11905,2016/11/17,1:29 PM,HOLLAND AVE @ WELLINGTON ST (0002364),2364,03 - At intersection,03 - P.D. only,02 - Angle,01 - Clear,01 - Daylight,01 - Dry,01 - Traffic signal,01 - Functioning,2,0,0,0,,0,,,,,364929.0428,5029153.774,45.39973994,-75.73195856,2029
16--11906,2016/11/17,10:21 PM,ROCKDALE RD btwn HWY417 IC88 RAMP61 & HIGHWAY LANE (__3ZA2EC),__3ZA2EC,01 - Non intersection,03 - P.D. only,07 - SMV other,01 - Clear,07 - Dark,01 - Dry,10 - No control,,1,0,0,0,,0,,,,,395348.2686,5022940.961,45.3405713,-75.34461203,2030
16--11907,2016/11/17,10:42 PM,HUNTMAR DR btwn HUNTMAR DR & AUTOPARK PRIV (__3ZAZW1),__3ZAZW1,01 - Non intersection,02 - Non-fatal injury,03 - Rear end,01 - Clear,07 - Dark,01 - Dry,10 - No control,,3,0,0,0,01 - Minimal,3,3,,,,349190.1746,5017907.375,45.2997171,-75.93399249,2031
16--11908,2016/11/17,10:53 PM,GREENBANK RD btwn WEST HUNT CLUB RD & FALLOWFIELD RD (__3ZA1NE),__3ZA1NE,01 - Non intersection,03 - P.D. only,07 - SMV other,"07 - Fog, mist, smoke, dust",07 - Dark,01 - Dry,10 - No control,,1,0,0,0,,0,,,,,362298.2198,5018554.548,45.30458986,-75.76679235,2032
16--11909,2016/11/17,11:08 AM,FROBISHER LANE @ OLD RIVERSIDE DR (0011374),11374,02 - Intersection related,03 - P.D. only,03 - Rear end,01 - Clear,01 - Daylight,01 - Dry,02 - Stop sign,00 - Unknown,2,0,0,0,,0,,,,,370169.8799,5029578.88,45.40309517,-75.66496671,2033
16--1191,2016/01/25,8:45 AM,HIGHWAY 417 btwn HWY417 IC120B RAMP36 & HWY417 IC119B RAMP76 (__3ZA2YU),__3ZA2YU,01 - Non intersection,03 - P.D. only,07 - SMV other,01 - Clear,01 - Daylight,02 - Wet,10 - No control,,1,0,0,0,,0,,,,,367786.3007,5030024.46,45.40732289,-75.6953545,2034
16--11910,2016/11/17,12:02 PM,RICHARDSON SIDE RD @ TERRY FOX DR (0013651),13651,03 - At intersection,02 - Non-fatal injury,05 - Turning movement,01 - Clear,01 - Daylight,01 - Dry,01 - Traffic signal,01 - Functioning,2,0,0,0,02 - Minor,1,,1,,,348803.086,5019506.072,45.31412702,-75.93878598,2035
16--11911,2016/11/17,12:03 AM,ALBERT ST @ BANK ST (0002115),2115,02 - Intersection related,03 - P.D. only,03 - Rear end,01 - Clear,07 - Dark,01 - Dry,01 - Traffic signal,01 - Functioning,3,0,0,0,,0,,,,,367384.8679,5031423.16,45.41994397,-75.70030466,2036
16--11912,2016/11/17,12:14 PM,ALTA VISTA DR @ RIDGEMONT AVE (0007000),7000,02 - Intersection related,03 - P.D. only,03 - Rear end,01 - Clear,01 - Daylight,01 - Dry,01 - Traffic signal,01 - Functioning,2,0,0,0,,0,,,,,370517.7231,5026673.288,45.37691913,-75.6609108,2037
16--11913,2016/11/17,2:06 PM,RIVERSIDE DR NB btwn TRANSITWAY - RIVERSIDE H & SMYTH RD SOUTH SIDE RA (__3ZA4S9),__3ZA4S9,01 - Non intersection,03 - P.D. only,03 - Rear end,01 - Clear,01 - Daylight,01 - Dry,10 - No control,,2,0,0,0,,0,,,,,369783.5287,5028947.801,45.39745292,-75.66998458,2038
16--11914,2016/11/17,2:44 PM,GERVIN ST btwn PINEGLEN CRES & GRAYSON ST (__3ZA54Y),__3ZA54Y,01 - Non intersection,03 - P.D. only,07 - SMV other,01 - Clear,01 - Daylight,01 - Dry,10 - No control,,1,0,0,0,,0,,,,,365944.613,5020020.954,45.31747649,-75.72011741,2039
16--11915,2016/11/17,2:47 PM,BRUNEL ST @ MONTREAL RD (0010800),10800,02 - Intersection related,02 - Non-fatal injury,03 - Rear end,01 - Clear,01 - Daylight,01 - Dry,02 - Stop sign,01 - Functioning,2,0,0,0,01 - Minimal,1,1,,,,372824.6607,5034415.872,45.44636315,-75.63039047,2040
16--11916,2016/11/17,3:21 PM,MERIVALE RD @ SHILLINGTON AVE (0011308),11308,03 - At intersection,02 - Non-fatal injury,05 - Turning movement,01 - Clear,01 - Daylight,01 - Dry,01 - Traffic signal,01 - Functioning,2,0,1,0,03 - Major,1,,,1,,364844.0356,5026808.44,45.37864439,-75.73332963,2041
16--11917,2016/11/17,3:28 PM,CARLING AVE @ PARKDALE AVE (0008792),8792,02 - Intersection related,03 - P.D. only,03 - Rear end,01 - Clear,01 - Daylight,01 - Dry,01 - Traffic signal,01 - Functioning,2,0,0,0,,0,,,,,365627.6363,5028174.112,45.39086482,-75.72315688,2042
16--11918,2016/11/17,3:46 AM,BYRON AVE btwn HILLCREST AVE & BROADVIEW AVE (__3ZBOOR),__3ZBOOR,01 - Non intersection,03 - P.D. only,07 - SMV other,01 - Clear,07 - Dark,01 - Dry,10 - No control,,1,0,0,0,,0,,,,,362685.117,5027822.107,45.38794693,-75.7607745,2043
16--11919,2016/11/17,3:56 PM,PINECREST RD @ BASELINE RD (0002657),2657,02 - Intersection related,03 - P.D. only,03 - Rear end,01 - Clear,01 - Daylight,01 - Dry,02 - Stop sign,01 - Functioning,2,0,0,0,,0,,,,,360782.3634,5022695.059,45.34196869,-75.78565269,2044
16--1192,2016/01/25,8:58 AM,CARLING AVE @ RICHMOND RD (0010847),10847,02 - Intersection related,02 - Non-fatal injury,03 - Rear end,01 - Clear,01 - Daylight,04 - Slush,01 - Traffic signal,01 - Functioning,3,0,0,0,02 - Minor,2,,2,,,360245.7799,5024781.448,45.3607846,-75.79226513,2045
16--11920,2016/11/17,4:19 PM,GREENBANK RD @ BERRIGAN DR/WESSEX RD (0004726),4726,02 - Intersection related,03 - P.D. only,03 - Rear end,01 - Clear,01 - Daylight,01 - Dry,01 - Traffic signal,01 - Functioning,2,0,0,0,,0,,,,,363725.0035,5015278.021,45.27498945,-75.74898899,2046
16--11921,2016/11/17,4:46 PM,WALKLEY RD btwn LANCASTER RD & SHEFFIELD RD (__3ZA1UM),__3ZA1UM,01 - Non intersection,02 - Non-fatal injury,03 - Rear end,01 - Clear,05 - Dusk,01 - Dry,10 - No control,,2,0,0,0,02 - Minor,1,,1,,,375211.3583,5028760.108,45.39523936,-75.60069156,2047
16--12330,2016/11/25,7:01 PM,RICHMOND RD btwn EDGEWORTH AVE/MCEWEN AVE & REGINA LANE (__3ZA4L9),__3ZA4L9,01 - Non intersection,03 - P.D. only,06 - SMV unattended vehicle,01 - Clear,07 - Dark,02 - Wet,10 - No control,,1,0,0,0,,0,,,,,360850.1806,5025651.72,45.36856719,-75.78445217,2048
16--11922,2016/11/17,4:48 PM,AIRPORT PARKWAY PRIV @ AIR CARGO PRIV (0012331),12331,03 - At intersection,03 - P.D. only,05 - Turning movement,01 - Clear,05 - Dusk,01 - Dry,02 - Stop sign,01 - Functioning,2,0,0,0,,0,,,,,370593.2595,5020833.022,45.32436306,-75.6607235,2049
16--11923,2016/11/17,5:14 PM,BASELINE RD btwn LOBLAWS SC & MERIVALE RD (__3ZA4ISC),__3ZA4ISC,04 - At/near private drive,02 - Non-fatal injury,03 - Rear end,01 - Clear,07 - Dark,01 - Dry,10 - No control,,2,0,0,0,01 - Minimal,1,1,,,,364870.8455,5025209.987,45.36425948,-75.73318173,2050
16--11924,2016/11/17,5:17 PM,MERIVALE RD @ SHILLINGTON AVE (0011308),11308,03 - At intersection,02 - Non-fatal injury,07 - SMV other,01 - Clear,05 - Dusk,01 - Dry,01 - Traffic signal,01 - Functioning,1,0,0,1,02 - Minor,1,,1,,,364844.6942,5026811.608,45.37867283,-75.73332084,2051
16--11925,2016/11/17,5:35 PM,RITCHIE SIDE RD btwn IVY ACRES RD & UPPER DWYER HILL RD (__3ZA6MM),__3ZA6MM,01 - Non intersection,03 - P.D. only,07 - SMV other,01 - Clear,07 - Dark,01 - Dry,10 - No control,,1,0,0,0,,0,,,,,322571.9791,5026281.409,45.37624951,-76.2730887,2052
16--11926,2016/11/17,5:39 PM,DALY AVE @ WALLER ST (0008233),8233,02 - Intersection related,03 - P.D. only,03 - Rear end,01 - Clear,07 - Dark,01 - Dry,01 - Traffic signal,01 - Functioning,2,0,0,0,,0,,,,,368342.3484,5032121.418,45.42614035,-75.68798135,2053
16--11927,2016/11/17,6:11 AM,TENTH LINE RD btwn ST. JOSEPH BLVD & OR174 IC101 RAMP26 (__3ZA11V),__3ZA11V,07 - Overpass or bridge,03 - P.D. only,03 - Rear end,01 - Clear,07 - Dark,01 - Dry,10 - No control,,3,0,0,0,,0,,,,,382770.0745,5038921.089,45.48585854,-75.50255436,2054
16--11928,2016/11/17,6:26 PM,FRIEL ST @ RIDEAU ST (0011917),11917,02 - Intersection related,02 - Non-fatal injury,03 - Rear end,01 - Clear,07 - Dark,02 - Wet,01 - Traffic signal,01 - Functioning,3,0,0,0,02 - Minor,1,,1,,,368770.8742,5032569.342,45.43013155,-75.68244752,2055
16--11929,2016/11/17,6:31 PM,MONTREAL RD btwn SINCLAIR ST & SHEFFORD RD (__3ZA2D0),__3ZA2D0,01 - Non intersection,03 - P.D. only,03 - Rear end,02 - Rain,07 - Dark,02 - Wet,10 - No control,,2,0,0,0,,0,,,,,376048.0661,5034807.285,45.44956371,-75.58913173,2056
16--1193,2016/01/25,9:00 AM,COLONEL BY DR btwn SENECA ST & LEONARD AVE (__3ZA21K),__3ZA21K,01 - Non intersection,03 - P.D. only,03 - Rear end,01 - Clear,01 - Daylight,01 - Dry,10 - No control,,3,0,0,0,,0,,,,,368154.9805,5028538.22,45.39391688,-75.69083603,2057
16--11930,2016/11/17,6:45 AM,CHAMPLAIN BRIDGE/ISLAND PARK DR btwn BATE ISLAND & OTTAWA RIVER PKWY (__3ZA2ZEB),__3ZA2ZEB,07 - Overpass or bridge,03 - P.D. only,04 - Sideswipe,01 - Clear,03 - Dawn,01 - Dry,10 - No control,,2,0,0,0,,0,,,,,363059.3064,5029930.255,45.40688467,-75.75574731,2058
16--11931,2016/11/17,7:18 AM,TENTH LINE RD @ OR174 IC101 RAMP36 (0009224),9224,02 - Intersection related,03 - P.D. only,03 - Rear end,01 - Clear,01 - Daylight,01 - Dry,01 - Traffic signal,01 - Functioning,2,0,0,0,,0,,,,,382632.9599,5039210.798,45.48848038,-75.50426223,2059
16--11932,2016/11/17,7:33 AM,MADELEINE MEILLEUR PRIV btwn Continuation of MADELEINE MEILLEUR PRIV & (__7OBPZB),__7OBPZB,01 - Non intersection,03 - P.D. only,03 - Rear end,01 - Clear,01 - Daylight,01 - Dry,10 - No control,,2,0,0,0,,0,,,,,369673.088,5033374.392,45.43729195,-75.67081229,2060
16--11933,2016/11/17,7:38 PM,AIRPORT PKWY @ HUNT CLUB RD (0010856),10856,02 - Intersection related,03 - P.D. only,03 - Rear end,01 - Clear,07 - Dark,01 - Dry,01 - Traffic signal,01 - Functioning,2,0,0,0,,0,,,,,371019.3562,5023703.412,45.35014993,-75.65490457,2061
16--11934,2016/11/17,7:49 AM,BEARBROOK RD/ROCKCLIFFE PKWY @ ST. JOSEPH BLVD (0012382),12382,02 - Intersection related,03 - P.D. only,03 - Rear end,01 - Clear,01 - Daylight,01 - Dry,01 - Traffic signal,01 - Functioning,2,0,0,0,,0,,,,,377128.4015,5035239.905,45.45334518,-75.57525841,2062
16--11935,2016/11/17,7:49 AM,MEADOWLANDS DR btwn JOAN ST & ASHWOOD CRES (__3ZA4HR),__3ZA4HR,01 - Non intersection,03 - P.D. only,03 - Rear end,01 - Clear,01 - Daylight,01 - Dry,10 - No control,,3,0,0,0,,0,,,,,364679.8179,5023629.444,45.35005432,-75.73581149,2063
16--11936,2016/11/17,7:51 PM,CATHERINE ST @ KENT ST (0002707),2707,02 - Intersection related,03 - P.D. only,04 - Sideswipe,01 - Clear,07 - Dark,01 - Dry,01 - Traffic signal,01 - Functioning,2,0,0,0,,0,,,,,367907.488,5030188.345,45.40878656,-75.69378552,2064
16--11937,2016/11/17,8:27 PM,MOODIE DR @ MCKENNA CASEY DR (0000552),552,02 - Intersection related,03 - P.D. only,07 - SMV other,"07 - Fog, mist, smoke, dust",07 - Dark,01 - Dry,02 - Stop sign,01 - Functioning,1,0,0,0,,0,,,,,360351.524,5012682.408,45.25190843,-75.79227154,2065
16--11938,2016/11/17,8:33 AM,BEARBROOK RD/ROCKCLIFFE PKWY @ ST. JOSEPH BLVD (0012382),12382,02 - Intersection related,03 - P.D. only,03 - Rear end,01 - Clear,01 - Daylight,01 - Dry,01 - Traffic signal,01 - Functioning,2,0,0,0,,0,,,,,377128.0315,5035242.833,45.45337156,-75.57526271,2066
16--11939,2016/11/17,8:37 AM,SILVER PINES CRES btwn APPLE LEAF WAY & APPLE LEAF WAY (__3ZAZTE),__3ZAZTE,01 - Non intersection,03 - P.D. only,06 - SMV unattended vehicle,01 - Clear,01 - Daylight,01 - Dry,10 - No control,,1,0,0,0,,0,,,,,380468.3693,5033562.084,45.43789575,-75.53281987,2067
16--1194,2016/01/25,9:21 AM,KING EDWARD AVE @ OSGOODE ST/THOMAS MORE PRIV (0007750),7750,03 - At intersection,03 - P.D. only,05 - Turning movement,01 - Clear,01 - Daylight,02 - Wet,01 - Traffic signal,01 - Functioning,2,0,0,0,,0,,,,,368849.7724,5031854.151,45.4236893,-75.68153231,2068
16--11940,2016/11/17,8:49 AM,REGIONAL ROAD 174 btwn OR174 IC109 RAMP56 & OR174 IC109 RAMP86 (__3ZA28W),__3ZA28W,01 - Non intersection,03 - P.D. only,04 - Sideswipe,01 - Clear,01 - Daylight,01 - Dry,10 - No control,,2,0,0,0,,0,,,,,376483.8002,5035059.068,45.45178454,-75.58352513,2069
16--11941,2016/11/17,8:55 AM,CARLING AVE/STATION RD @ MARCH RD (0002681),2681,02 - Intersection related,03 - P.D. only,03 - Rear end,01 - Clear,01 - Daylight,01 - Dry,01 - Traffic signal,00 - Unknown,2,0,0,0,,0,,,,,350906.2234,5022246.584,45.33865185,-75.91170881,2070
16--11942,2016/11/17,9:10 AM,HUNT CLUB RD btwn UPLANDS DR & MCCARTHY RD (__3ZA37N),__3ZA37N,01 - Non intersection,03 - P.D. only,03 - Rear end,01 - Clear,01 - Daylight,01 - Dry,10 - No control,,2,0,0,0,,0,,,,,370198.9632,5023148.407,45.34523314,-75.66544675,2071
16--11943,2016/11/17,9:12 AM,HAIG DR @ SMYTH RD (0007736),7736,02 - Intersection related,02 - Non-fatal injury,03 - Rear end,01 - Clear,01 - Daylight,01 - Dry,01 - Traffic signal,01 - Functioning,2,0,0,0,02 - Minor,1,,1,,,372565.1983,5029297.838,45.4003387,-75.63441104,2072
16--11944,2016/11/17,9:18 AM,GOUGH RD @ LORDS MANOR LANE (0010434),10434,03 - At intersection,02 - Non-fatal injury,03 - Rear end,01 - Clear,01 - Daylight,01 - Dry,02 - Stop sign,00 - Unknown,2,0,0,0,01 - Minimal,3,3,,,,373566.6159,5010806.921,45.23386592,-75.62418797,2073
16--11945,2016/11/17,9:31 AM,INNES RD @ STAR TOP RD/WINDMILL LANE (0008734),8734,03 - At intersection,03 - P.D. only,05 - Turning movement,01 - Clear,01 - Daylight,01 - Dry,01 - Traffic signal,01 - Functioning,2,0,0,0,,0,,,,,374147.5063,5030665.902,45.41249292,-75.61400964,2074
16--11946,2016/11/17,9:45 PM,REGIONAL ROAD 174 btwn OLD MONTREAL RD & OLD MONTREAL RD (__3ZA27O),__3ZA27O,01 - Non intersection,02 - Non-fatal injury,07 - SMV other,01 - Clear,07 - Dark,01 - Dry,10 - No control,,1,0,0,0,02 - Minor,1,,1,,,393673.3758,5042841.89,45.51982964,-75.36238767,2075
16--11947,2016/11/18,1:00 PM,WHIMBREL WAY btwn DAMSELFLY WAY & WHIMBREL WAY (e___2HJK),e___2HJK,01 - Non intersection,03 - P.D. only,06 - SMV unattended vehicle,02 - Rain,01 - Daylight,02 - Wet,10 - No control,,1,0,0,0,,0,,,,,365035.265,5011758.544,45.24321015,-75.7327176,2076
16--11948,2016/11/18,1:03 PM,BRONSON PL @ BRONSON AVE NB OFFRAMP 24 (0007106),7106,03 - At intersection,03 - P.D. only,02 - Angle,01 - Clear,01 - Daylight,01 - Dry,03 - Yield sign,01 - Functioning,2,0,0,0,,0,,,,,367839.6784,5028398.962,45.39269234,-75.69488043,2077
16--11949,2016/11/18,1:24 AM,QUEENSDALE AVE @ ALBION RD (0009565),9565,03 - At intersection,02 - Non-fatal injury,05 - Turning movement,"07 - Fog, mist, smoke, dust",07 - Dark,02 - Wet,02 - Stop sign,01 - Functioning,2,0,0,0,02 - Minor,1,,1,,,372446.6766,5022922.32,45.34298572,-75.63679791,2078
16--1195,2016/01/25,9:39 AM,BANK ST @ MITCH OWENS RD (0001640),1640,02 - Intersection related,03 - P.D. only,07 - SMV other,03 - Snow,01 - Daylight,05 - Packed snow,01 - Traffic signal,01 - Functioning,1,0,0,0,,0,,,,,377758.5437,5015947.238,45.27969476,-75.57005173,2079
16--11950,2016/11/18,1:28 PM,AVIATION PKWY @ MONTREAL RD (0008799),8799,02 - Intersection related,02 - Non-fatal injury,03 - Rear end,01 - Clear,01 - Daylight,01 - Dry,01 - Traffic signal,01 - Functioning,2,0,0,0,01 - Minimal,1,1,,,,372145.8884,5034107.341,45.44365287,-75.63910895,2080
16--11951,2016/11/18,1:45 PM,BANK ST @ CAHILL DR/DAZE ST (0012178),12178,02 - Intersection related,03 - P.D. only,03 - Rear end,01 - Clear,01 - Daylight,01 - Dry,01 - Traffic signal,00 - Unknown,3,0,0,0,,0,,,,,371304.3305,5024316.313,45.35563765,-75.65118568,2081
16--11952,2016/11/18,1:50 PM,REGIONAL ROAD 174 btwn FAUBERT ST & EAST ST (__3ZA27X),__3ZA27X,01 - Non intersection,03 - P.D. only,03 - Rear end,01 - Clear,01 - Daylight,01 - Dry,10 - No control,,3,0,0,0,,0,,,,,390319.8712,5042690.438,45.51888646,-75.40533216,2082
16--11953,2016/11/18,10:00 AM,LEITRIM RD btwn HIGH RD & ALBION RD (__4B2G24),__4B2G24,04 - At/near private drive,02 - Non-fatal injury,03 - Rear end,01 - Clear,01 - Daylight,01 - Dry,10 - No control,,3,0,0,0,02 - Minor,1,,1,,,373338.5789,5020297.108,45.31927839,-75.62578165,2083
16--11954,2016/11/18,10:16 AM,DEBRA AVE @ MEADOWLANDS DR (0008852),8852,02 - Intersection related,03 - P.D. only,03 - Rear end,01 - Clear,01 - Daylight,01 - Dry,01 - Traffic signal,01 - Functioning,2,0,0,0,,0,,,,,367213.0539,5025591.598,45.3674885,-75.70323755,2084
16--11955,2016/11/18,10:31 PM,EARL ARMSTRONG RD @ RIVER RD (0012470),12470,03 - At intersection,02 - Non-fatal injury,02 - Angle,"07 - Fog, mist, smoke, dust",07 - Dark,02 - Wet,01 - Traffic signal,01 - Functioning,2,0,0,0,03 - Major,1,,,1,,367572.499,5014683.739,45.2693092,-75.70003167,2085