Anom_ID,Accident_Date,Accident_Time,Location,Geo_ID,Accident_Location,Classification_of_Accident,Initial_Impact_Type,Environment_Condition,Light,Road_Surface_Condition,Traffic_Control,Traffic_Control_Condition,No__of_Vehicles,No__of_Bicycles,No__of_Motorcycles,No__of_Pedestrians,Max_Injury,No__of_Injuries,No__of_Minimal,No__of_Minor,No__of_Major,No__of_Fatal,X,Y,Latitude,Longitude,ObjectId
16--11956,2016/11/18,10:58 AM,MERIVALE RD/LOTTA AVE @ CLYDE AVE (0001112),1112,03 - At intersection,02 - Non-fatal injury,02 - Angle,01 - Clear,01 - Daylight,01 - Dry,01 - Traffic signal,01 - Functioning,2,0,0,0,01 - Minimal,1,1,,,,364520.8701,5024507.112,45.35796501,-75.73773379,2086
16--11957,2016/11/18,11:06 AM,PARKDALE AVE @ RUSKIN ST (0006697),6697,02 - Intersection related,02 - Non-fatal injury,03 - Rear end,01 - Clear,01 - Daylight,01 - Dry,01 - Traffic signal,01 - Functioning,2,0,0,0,01 - Minimal,1,1,,,,365506.0461,5028449.486,45.39335313,-75.72467571,2087
16--11958,2016/11/18,12:30 PM,ALTA VISTA DR @ DALE AVE (0007995),7995,02 - Intersection related,03 - P.D. only,03 - Rear end,01 - Clear,01 - Daylight,01 - Dry,02 - Stop sign,01 - Functioning,3,0,0,0,,0,,,,,370699.3742,5030200.626,45.40863976,-75.6581206,2088
16--11959,2016/11/18,2:15 PM,MONTREAL RD btwn BETHAMY LANE & OGILVIE RD (__3ZA2DX),__3ZA2DX,01 - Non intersection,02 - Non-fatal injury,07 - SMV other,01 - Clear,01 - Daylight,01 - Dry,10 - No control,,1,0,0,1,02 - Minor,1,,1,,,375571.4017,5034503.919,45.44688264,-75.5952685,2089
16--1196,2016/01/26,1:15 PM,BANK ST @ SLATER ST (0002223),2223,02 - Intersection related,03 - P.D. only,04 - Sideswipe,01 - Clear,01 - Daylight,02 - Wet,01 - Traffic signal,01 - Functioning,2,0,0,0,,0,,,,,367424.4829,5031354.796,45.41932531,-75.69980721,2090
16--11960,2016/11/18,2:15 PM,WALKLEY RD btwn COLLISTON CRES & CEDARWOOD DR (__3ZA370),__3ZA370,01 - Non intersection,02 - Non-fatal injury,99 - Other,01 - Clear,01 - Daylight,01 - Dry,10 - No control,,2,0,0,0,03 - Major,3,,2,1,,371051.5124,5026364.853,45.37409367,-75.65413745,2091
16--11961,2016/11/18,2:35 PM,CONROY RD @ ST. LAURENT BLVD (0011390),11390,03 - At intersection,02 - Non-fatal injury,02 - Angle,01 - Clear,01 - Daylight,01 - Dry,01 - Traffic signal,01 - Functioning,2,0,0,0,02 - Minor,1,,1,,,373068.8698,5027159.521,45.38105013,-75.62827404,2092
16--11962,2016/11/18,2:35 PM,SILVER SEVEN RD btwn FRANK NIGHBOR PL & 280 N OF PALLADIUM DR/COSTCO S (__3ZAZH2A),__3ZAZH2A,04 - At/near private drive,03 - P.D. only,02 - Angle,01 - Clear,01 - Daylight,01 - Dry,10 - No control,,2,0,0,0,,0,,,,,350851.6452,5018112.743,45.30145811,-75.91278953,2093
16--11963,2016/11/18,2:44 PM,BYRON AVE @ EDEN AVE (0006659),6659,03 - At intersection,02 - Non-fatal injury,05 - Turning movement,01 - Clear,01 - Daylight,01 - Dry,02 - Stop sign,01 - Functioning,2,1,0,0,01 - Minimal,1,1,,,,363390.674,5028214.682,45.39142059,-75.7517183,2094
16--11964,2016/11/18,2:55 PM,SOMERSET ST @ PERCY ST (0006762),6762,03 - At intersection,03 - P.D. only,02 - Angle,01 - Clear,01 - Daylight,01 - Dry,01 - Traffic signal,01 - Functioning,2,0,0,0,,0,,,,,367116.1248,5030568.245,45.4122757,-75.70384637,2095
16--11965,2016/11/18,3:23 PM,STAR TOP RD btwn ALGOMA RD & Continuation of STAR TOP RD (__3ZAZAT),__3ZAZAT,01 - Non intersection,02 - Non-fatal injury,05 - Turning movement,01 - Clear,01 - Daylight,01 - Dry,10 - No control,,2,0,0,0,01 - Minimal,1,1,,,,374034.5891,5030951.299,45.41507196,-75.61541202,2096
16--11966,2016/11/18,3:43 PM,KING EDWARD AVE @ MURRAY ST (0002713),2713,02 - Intersection related,03 - P.D. only,03 - Rear end,01 - Clear,01 - Daylight,01 - Dry,01 - Traffic signal,01 - Functioning,3,0,0,0,,0,,,,,368291.5581,5032753.473,45.43183197,-75.68854885,2097
16--11967,2016/11/18,3:51 PM,DALHOUSIE ST @ MURRAY ST (0008241),8241,02 - Intersection related,03 - P.D. only,04 - Sideswipe,01 - Clear,01 - Daylight,01 - Dry,01 - Traffic signal,01 - Functioning,2,0,0,0,,0,,,,,368000.3808,5032573.28,45.43023703,-75.69229299,2098
16--11968,2016/11/18,5:00 PM,BANK ST btwn WALKLEY RD & SURREY AVE (__3ZA4TW),__3ZA4TW,01 - Non intersection,03 - P.D. only,04 - Sideswipe,01 - Clear,05 - Dusk,01 - Dry,10 - No control,,2,0,0,0,,0,,,,,370344.2186,5025929.952,45.37024708,-75.66322452,2099
16--11969,2016/11/18,5:09 PM,AIRPORT PKWY btwn RAMP & TO BE DETERMINED (__3ZA222),__3ZA222,01 - Non intersection,03 - P.D. only,03 - Rear end,01 - Clear,05 - Dusk,01 - Dry,10 - No control,,2,0,0,0,,0,,,,,369955.3838,5025670.86,45.36795211,-75.66822226,2100
16--1197,2016/01/26,1:33 PM,BANK ST btwn BELANGER AVE & ROCKINGHAM AVE (__3ZBOEG),__3ZBOEG,01 - Non intersection,03 - P.D. only,03 - Rear end,01 - Clear,01 - Daylight,01 - Dry,10 - No control,,2,0,0,0,,0,,,,,369663.013,5027411.022,45.38363667,-75.67172573,2101
16--12060,2016/11/20,7:48 PM,PRINCE OF WALES DR btwn BLAZER AVE & DEAKIN ST (__3ZA29V),__3ZA29V,01 - Non intersection,03 - P.D. only,03 - Rear end,03 - Snow,07 - Dark,05 - Packed snow,10 - No control,,2,0,0,0,,0,,,,,367346.914,5021185.577,45.32783206,-75.70208608,2102
16--12331,2016/11/25,7:03 PM,BOTTRIELL WAY N @ CHARLEMAGNE BLVD (0004324),4324,03 - At intersection,03 - P.D. only,05 - Turning movement,01 - Clear,07 - Dark,02 - Wet,01 - Traffic signal,01 - Functioning,2,0,0,0,,0,,,,,383695.8955,5037954.499,45.47705804,-75.49086775,2103
16--12061,2016/11/20,8:15 AM,TENTH LINE RD @ OR174 IC101 RAMP61 (0009217),9217,02 - Intersection related,02 - Non-fatal injury,03 - Rear end,02 - Rain,01 - Daylight,02 - Wet,02 - Stop sign,00 - Unknown,2,0,0,0,01 - Minimal,1,1,,,,382702.1656,5039062.704,45.48714025,-75.5034005,2104
16--12332,2016/11/25,7:14 PM,BANK ST @ NOTTING HILL AVE (0011312),11312,02 - Intersection related,03 - P.D. only,03 - Rear end,01 - Clear,07 - Dark,06 - Ice,02 - Stop sign,00 - Unknown,2,0,0,0,,0,,,,,370410.7045,5025743.431,45.36856261,-75.66240059,2105
16--12062,2016/11/20,8:25 PM,LEWER ST @ RIVER RD (0008653),8653,03 - At intersection,03 - P.D. only,03 - Rear end,03 - Snow,07 - Dark,05 - Packed snow,02 - Stop sign,01 - Functioning,2,0,0,0,,0,,,,,368293.7206,5020396.199,45.32064437,-75.69011004,2106
16--12063,2016/11/20,8:27 PM,MARCH RD @ SOLANDT RD (0003172),3172,03 - At intersection,03 - P.D. only,07 - SMV other,05 - Drifting Snow,07 - Dark,06 - Ice,01 - Traffic signal,01 - Functioning,1,0,0,0,,0,,,,,350489.6085,5022710.916,45.34285726,-75.91698144,2107
16--12064,2016/11/20,8:28 PM,RIVERSIDE DR @ PLEASANT PARK RD (0007296),7296,02 - Intersection related,03 - P.D. only,07 - SMV other,03 - Snow,07 - Dark,05 - Packed snow,01 - Traffic signal,01 - Functioning,1,0,0,0,,0,,,,,369561.251,5028416.256,45.39269085,-75.67289314,2108
16--12065,2016/11/20,8:58 AM,RAMSAYVILLE RD @ RUSSELL RD N (0004146),4146,03 - At intersection,03 - P.D. only,05 - Turning movement,02 - Rain,01 - Daylight,02 - Wet,02 - Stop sign,01 - Functioning,2,0,0,0,,0,,,,,377777.542,5026758.314,45.37696563,-75.56821599,2109
16--12066,2016/11/20,8:59 PM,CARLING AVE @ PINECREST  RD/GREENVIEW AVE (0001630),1630,03 - At intersection,03 - P.D. only,02 - Angle,03 - Snow,07 - Dark,04 - Slush,01 - Traffic signal,01 - Functioning,2,0,0,0,,0,,,,,360006.8952,5024633.626,45.35947335,-75.79533064,2110
16--12067,2016/11/20,9:18 PM,CASTLEFRANK RD @ HAZELDEAN RD (0003608),3608,03 - At intersection,03 - P.D. only,02 - Angle,03 - Snow,07 - Dark,03 - Loose snow,01 - Traffic signal,01 - Functioning,2,0,0,0,,0,,,,,352677.7321,5017676.608,45.29741158,-75.88954828,2111
16--12068,2016/11/20,9:25 PM,MERIVALE RD btwn ISLAND PARK DR & WESTGATE SC (__3ZA26UA),__3ZA26UA,01 - Non intersection,03 - P.D. only,03 - Rear end,03 - Snow,07 - Dark,08 - Loose sand or gravel,10 - No control,,2,0,0,0,,0,,,,,364655.8998,5028020.033,45.38956218,-75.73558471,2112
16--12069,2016/11/20,9:31 PM,BANK ST @ HERON RD (0002155),2155,02 - Intersection related,03 - P.D. only,07 - SMV other,03 - Snow,07 - Dark,04 - Slush,01 - Traffic signal,01 - Functioning,1,0,0,0,,0,,,,,369997.3763,5026851.128,45.37856789,-75.66753044,2113
16--1207,2016/01/26,12:30 AM,FALLOWFIELD RD btwn MERIVALE RD & WOODROFFE AVE (__3ZA3IN),__3ZA3IN,01 - Non intersection,03 - P.D. only,07 - SMV other,01 - Clear,07 - Dark,02 - Wet,10 - No control,,1,0,0,0,,0,,,,,366699.1769,5018808.245,45.30649857,-75.71064556,2114
16--12070,2016/11/20,9:40 PM,ROCKCLIFFE PKWY btwn GL/OT BOUNDARY & ST. JOSEPH BLVD (__3ZA21V),__3ZA21V,01 - Non intersection,03 - P.D. only,07 - SMV other,03 - Snow,07 - Dark,02 - Wet,10 - No control,,1,0,0,0,,0,,,,,377280.3866,5037146.579,45.47048438,-75.57303438,2115
16--12071,2016/11/21,1:06 AM,STAGECOACH RD btwn LAKESHORE DR & OLD PRESCOTT RD (__3ZA2CX),__3ZA2CX,01 - Non intersection,03 - P.D. only,03 - Rear end,03 - Snow,07 - Dark,05 - Packed snow,10 - No control,,2,0,0,0,,0,,,,,376981.0369,5010911.093,45.2344615,-75.58069226,2116
16--12072,2016/11/21,1:24 PM,KEYROCK DR @ KATNICK WAY (0012768),12768,02 - Intersection related,03 - P.D. only,07 - SMV other,05 - Drifting Snow,01 - Daylight,05 - Packed snow,10 - No control,00 - Unknown,1,0,0,0,,0,,,,,349172.1158,5020424.878,45.32237147,-75.93399731,2117
16--12073,2016/11/21,1:35 PM,MURPHY SIDE RD btwn MARCHURST RD & SECOND LINE RD (__3ZAC3N),__3ZAC3N,01 - Non intersection,03 - P.D. only,07 - SMV other,03 - Snow,01 - Daylight,06 - Ice,10 - No control,,1,0,0,0,,0,,,,,343530.2429,5027140.001,45.38313034,-76.00543511,2118
16--12074,2016/11/21,10:01 PM,BRONSON AVE @ COMMISSIONER ST/SLATER ST (0001679),1679,02 - Intersection related,03 - P.D. only,07 - SMV other,03 - Snow,07 - Dark,03 - Loose snow,01 - Traffic signal,01 - Functioning,1,0,0,0,,0,,,,,366769.41,5030947.492,45.41571884,-75.7082279,2119
16--12075,2016/11/21,10:05 PM,PLACE D'ORLEANS DR W @ ST. JOSEPH BLVD (0008776),8776,03 - At intersection,03 - P.D. only,05 - Turning movement,03 - Snow,07 - Dark,03 - Loose snow,01 - Traffic signal,01 - Functioning,2,0,0,0,,0,,,,,381601.2444,5037683.91,45.47485705,-75.51769805,2120
16--12076,2016/11/21,10:17 PM,WALKLEY RD @ AIRPORT PKWY SB RAMP (0002091),2091,02 - Intersection related,03 - P.D. only,07 - SMV other,03 - Snow,07 - Dark,04 - Slush,03 - Yield sign,00 - Unknown,1,0,0,0,,0,,,,,369833.7927,5025658.55,45.36785264,-75.66977595,2121
16--12077,2016/11/21,11:42 AM,CRESTHAVEN DR @ STRANDHERD DR (0010929),10929,03 - At intersection,02 - Non-fatal injury,07 - SMV other,03 - Snow,01 - Daylight,03 - Loose snow,01 - Traffic signal,01 - Functioning,1,0,0,1,01 - Minimal,1,1,,,,366813.9062,5015028.485,45.27247851,-75.70965514,2122
16--12078,2016/11/21,11:48 AM,HUNT CLUB RD @ RIVERSIDE DR (0002237),2237,02 - Intersection related,03 - P.D. only,03 - Rear end,01 - Clear,01 - Daylight,06 - Ice,01 - Traffic signal,01 - Functioning,2,0,0,0,,0,,,,,368035.0467,5021943.428,45.3345894,-75.69321159,2123
16--12079,2016/11/21,Unknown,PLESSER ST btwn CANTERBURY AVE & GOREN AVE (__3ZA73O),__3ZA73O,01 - Non intersection,03 - P.D. only,06 - SMV unattended vehicle,01 - Clear,00 - Unknown,04 - Slush,10 - No control,,1,0,0,0,,0,,,,,373136.0953,5028082.151,45.389345,-75.627288,2124
16--1208,2016/01/26,12:35 PM,PINECREST RD @ RICHMOND RD (0002353),2353,03 - At intersection,03 - P.D. only,05 - Turning movement,01 - Clear,01 - Daylight,02 - Wet,01 - Traffic signal,01 - Functioning,2,0,0,0,,0,,,,,360072.0119,5024471.293,45.35800755,-75.7945177,2125
16--12080,2016/11/21,12:05 PM,COOPER ST @ ELGIN ST (0006934),6934,02 - Intersection related,03 - P.D. only,06 - SMV unattended vehicle,03 - Snow,01 - Daylight,02 - Wet,01 - Traffic signal,01 - Functioning,1,0,0,0,,0,,,,,368119.2406,5031272.299,45.4185205,-75.69094133,2126
16--12081,2016/11/21,12:12 PM,LIMEBANK RD/RIVERSIDE DR @ RIVER RD (0013336),13336,02 - Intersection related,03 - P.D. only,03 - Rear end,01 - Clear,01 - Daylight,01 - Dry,01 - Traffic signal,01 - Functioning,2,0,0,0,,0,,,,,368395.1179,5020476.654,45.32135911,-75.68880648,2127
16--12082,2016/11/21,12:35 PM,BASSETT LANE btwn PICCADILLY AVE & MAYFAIR AVE (__3ZA14N),__3ZA14N,01 - Non intersection,03 - P.D. only,01 - Approaching,01 - Clear,01 - Daylight,06 - Ice,10 - No control,,2,0,0,0,,0,,,,,364394.9128,5028724.65,45.39592444,-75.73883235,2128
16--12083,2016/11/21,12:53 PM,STITTSVILLE MAIN ST btwn FERNBANK RD & PORTER ST (__3ZA3DV),__3ZA3DV,01 - Non intersection,03 - P.D. only,04 - Sideswipe,03 - Snow,01 - Daylight,03 - Loose snow,10 - No control,,2,0,0,0,,0,,,,,350944.0552,5012271.55,45.24889115,-75.91215419,2129
16--12084,2016/11/21,2:09 PM,LEEDS AVE btwn BLACKWELL ST & SHEFFIELD RD (__3ZA784),__3ZA784,04 - At/near private drive,03 - P.D. only,02 - Angle,03 - Snow,01 - Daylight,03 - Loose snow,10 - No control,,2,0,0,0,,0,,,,,374789.6331,5029520.915,45.402127,-75.60596931,2130
16--12085,2016/11/21,2:12 PM,RESEARCH RD @ UPLANDS DR (0008656),8656,02 - Intersection related,03 - P.D. only,07 - SMV other,03 - Snow,01 - Daylight,03 - Loose snow,01 - Traffic signal,01 - Functioning,1,0,0,0,,0,,,,,370831.5639,5021555.675,45.33084292,-75.65758757,2131
16--12086,2016/11/21,2:20 PM,CRESTHAVEN DR @ STRANDHERD DR (0010929),10929,02 - Intersection related,03 - P.D. only,07 - SMV other,06 - Strong wind,01 - Daylight,04 - Slush,01 - Traffic signal,01 - Functioning,1,0,0,0,,0,,,,,366814.7344,5015026.828,45.27246352,-75.7096448,2132
16--12087,2016/11/21,2:22 PM,RICHMOND RD btwn PIETY HILL WAY & FALLOWFIELD RD (__3ZA4Y3),__3ZA4Y3,01 - Non intersection,02 - Non-fatal injury,07 - SMV other,05 - Drifting Snow,01 - Daylight,06 - Ice,10 - No control,,1,0,0,0,02 - Minor,1,,1,,,357567.6642,5013927.796,45.26332893,-75.82760325,2133
16--12088,2016/11/21,2:24 PM,MCARTHUR AVE btwn CRETE PL & ALLEN BLVD (__3ZA3W3),__3ZA3W3,04 - At/near private drive,03 - P.D. only,02 - Angle,01 - Clear,01 - Daylight,01 - Dry,10 - No control,,2,0,0,0,,0,,,,,370717.7656,5032745.956,45.43153985,-75.65754513,2134
16--12089,2016/11/21,2:45 PM,BLAIR RD @ CLAVER ST (0009248),9248,02 - Intersection related,03 - P.D. only,06 - SMV unattended vehicle,03 - Snow,01 - Daylight,03 - Loose snow,02 - Stop sign,01 - Functioning,1,0,0,0,,0,,,,,374417.5565,5033434.164,45.43737346,-75.61016862,2135
16--1209,2016/01/26,12:38 AM,GREENBANK RD @ STRANDHERD DR (0005563),5563,03 - At intersection,03 - P.D. only,05 - Turning movement,01 - Clear,07 - Dark,02 - Wet,01 - Traffic signal,01 - Functioning,2,0,0,0,,0,,,,,363932.3062,5014783.728,45.27052439,-75.74640598,2136
16--12090,2016/11/21,3:20 PM,ABBEYHILL DR @ EAGLESON RD (0003404),3404,02 - Intersection related,03 - P.D. only,02 - Angle,03 - Snow,01 - Daylight,03 - Loose snow,01 - Traffic signal,01 - Functioning,2,0,0,0,,0,,,,,353826.9566,5018034.756,45.30055502,-75.87486087,2137
16--12091,2016/11/21,4:13 PM,RIVERSIDE DR @ WALKLEY RD (0002158),2158,02 - Intersection related,03 - P.D. only,07 - SMV other,03 - Snow,01 - Daylight,05 - Packed snow,01 - Traffic signal,01 - Functioning,1,0,0,0,,0,,,,,368420.3802,5024852.287,45.36072782,-75.6879216,2138
16--12092,2016/11/21,4:36 PM,MILTON RD btwn SMITH RD & PERRAULT RD (__3ZA3M7),__3ZA3M7,01 - Non intersection,03 - P.D. only,04 - Sideswipe,03 - Snow,05 - Dusk,03 - Loose snow,10 - No control,,2,0,0,0,,0,,,,,387644.8142,5030877.667,45.41293055,-75.44155834,2139
16--12093,2016/11/21,4:50 PM,FALLOWFIELD RD @ WOODROFFE AVE (0010372),10372,02 - Intersection related,03 - P.D. only,03 - Rear end,03 - Snow,05 - Dusk,03 - Loose snow,01 - Traffic signal,00 - Unknown,2,0,0,0,,0,,,,,365085.9782,5017901.12,45.29847663,-75.73132592,2140
16--12094,2016/11/21,4:51 PM,FALLOWFIELD RD @ HWY 416 FALLOWFI IC66R34 (0005504),5504,02 - Intersection related,03 - P.D. only,02 - Angle,03 - Snow,05 - Dusk,03 - Loose snow,01 - Traffic signal,01 - Functioning,3,0,0,0,,0,,,,,359825.1368,5014727.762,45.27035416,-75.79875069,2141
16--12095,2016/11/21,5:02 PM,EDGEWATER ST btwn TERRY FOX DR & HAZELDEAN RD (__3ZBNCU),__3ZBNCU,04 - At/near private drive,03 - P.D. only,03 - Rear end,03 - Snow,07 - Dark,05 - Packed snow,10 - No control,,2,0,0,0,,0,,,,,352263.1502,5017401.549,45.29496466,-75.89486032,2142
16--12096,2016/11/21,5:26 PM,CARLING AVE @ KIRKWOOD AVE N (0002358),2358,02 - Intersection related,03 - P.D. only,04 - Sideswipe,03 - Snow,07 - Dark,03 - Loose snow,01 - Traffic signal,01 - Functioning,2,0,0,0,,0,,,,,364276.9638,5027493.885,45.38486027,-75.74048705,2143
16--12097,2016/11/21,5:31 PM,TERRY FOX DR @ PALLADIUM DR/KATIMAVIK RD (0011858),11858,02 - Intersection related,03 - P.D. only,03 - Rear end,03 - Snow,07 - Dark,04 - Slush,01 - Traffic signal,00 - Unknown,2,0,0,0,,0,,,,,351269.718,5018181.361,45.30204803,-75.90745249,2144
16--12098,2016/11/21,5:32 PM,MOODIE DR btwn ALTI PL & FALLOWFIELD RD (__3ZAZXM),__3ZAZXM,04 - At/near private drive,03 - P.D. only,03 - Rear end,03 - Snow,07 - Dark,03 - Loose snow,10 - No control,,2,0,0,0,,0,,,,,359418.2526,5014827.277,45.27128133,-75.80392475,2145
16--12099,2016/11/21,5:40 PM,STRANDHERD DR @ WOODROFFE AVE (0009688),9688,02 - Intersection related,03 - P.D. only,03 - Rear end,03 - Snow,07 - Dark,03 - Loose snow,01 - Traffic signal,01 - Functioning,2,0,0,0,,0,,,,,366105.3258,5015396.391,45.27585104,-75.71863947,2146
16--121,2016/01/04,6:54 PM,PRINCE OF WALES DR btwn 187 N OF MEADOWLANDS DR & MEADOWLANDS DR/HOG'S (__3ZA36WA),__3ZA36WA,01 - Non intersection,03 - P.D. only,04 - Sideswipe,01 - Clear,07 - Dark,06 - Ice,10 - No control,,2,0,0,0,,0,,,,,367314.7078,5025832.425,45.36964634,-75.70190949,2147
16--1210,2016/01/26,12:41 PM,TALLWOOD DR @ AVENSHIRE GT/MERIDIAN PL (0009774),9774,03 - At intersection,03 - P.D. only,02 - Angle,01 - Clear,01 - Daylight,02 - Wet,02 - Stop sign,01 - Functioning,2,0,0,0,,0,,,,,362815.1288,5022618.073,45.34111081,-75.75972532,2148
16--12100,2016/11/21,5:42 PM,LEITRIM RD btwn FENTON RD & BANK ST (__3ZA3SF),__3ZA3SF,01 - Non intersection,03 - P.D. only,01 - Approaching,03 - Snow,07 - Dark,03 - Loose snow,10 - No control,,3,0,0,0,,0,,,,,375137.4643,5021431.091,45.32930361,-75.60267835,2149
16--12101,2016/11/21,5:42 PM,REGIONAL ROAD 174 btwn TRANSIT & OR174 IC109 RAMP56 (__3ZAZ6U),__3ZAZ6U,01 - Non intersection,03 - P.D. only,03 - Rear end,03 - Snow,07 - Dark,02 - Wet,10 - No control,,4,0,0,0,,0,,,,,376187.1763,5034399.892,45.44588405,-75.58741262,2150
16--12102,2016/11/21,5:59 AM,STONEHAVEN DR btwn STONEMEADOW DR & BRIDLE PARK DR (__4LVKHQ),__4LVKHQ,01 - Non intersection,03 - P.D. only,07 - SMV other,03 - Snow,07 - Dark,03 - Loose snow,10 - No control,,1,0,0,0,,0,,,,,356063.8535,5016453.105,45.28616338,-75.84650366,2151
16--12103,2016/11/21,6:09 PM,JEANNE D'ARC BLVD @ PADDLER WAY/VORLAGE DR E (0003297),3297,03 - At intersection,03 - P.D. only,05 - Turning movement,03 - Snow,07 - Dark,04 - Slush,01 - Traffic signal,01 - Functioning,2,0,0,0,,0,,,,,379612.9908,5037996.053,45.47788131,-75.54307703,2152
16--12104,2016/11/21,6:21 PM,RICHMOND RD btwn STINSON AVE & STAFFORD RD (__3ZBOCU),__3ZBOCU,01 - Non intersection,03 - P.D. only,03 - Rear end,03 - Snow,07 - Dark,02 - Wet,10 - No control,,2,0,0,0,,0,,,,,357957.8227,5020977.608,45.32673467,-75.82187631,2153
16--12105,2016/11/21,6:34 AM,BELFAST RD @ ST. LAURENT BLVD (0007658),7658,03 - At intersection,03 - P.D. only,07 - SMV other,03 - Snow,07 - Dark,03 - Loose snow,01 - Traffic signal,01 - Functioning,1,0,0,0,,0,,,,,372863.2086,5030578.976,45.41183689,-75.63042803,2154
16--12106,2016/11/21,6:39 AM,OLD PRESCOTT RD @ THUNDERBIRD DR (0005230),5230,02 - Intersection related,02 - Non-fatal injury,01 - Approaching,03 - Snow,03 - Dawn,05 - Packed snow,02 - Stop sign,01 - Functioning,2,0,0,0,02 - Minor,1,,1,,,377315.9845,5015015.791,45.27135974,-75.57582802,2155
16--12107,2016/11/21,6:50 AM,BELGREEN DR btwn STEVENAGE DR & RUSSELL RD (__3ZA7PG),__3ZA7PG,04 - At/near private drive,03 - P.D. only,05 - Turning movement,03 - Snow,03 - Dawn,03 - Loose snow,10 - No control,,2,0,0,0,,0,,,,,375868.9021,5027353.48,45.38251682,-75.5924969,2156
16--12108,2016/11/21,7:15 PM,REGIONAL ROAD 174 btwn OR174 IC109 RAMP64 & OR174 IC105 RAMP16 (__3ZA2XD),__3ZA2XD,01 - Non intersection,03 - P.D. only,03 - Rear end,03 - Snow,07 - Dark,04 - Slush,10 - No control,,2,0,0,0,,0,,,,,378744.3483,5036664.482,45.46599336,-75.55438657,2157
16--12109,2016/11/21,7:18 PM,WEST HUNT CLUB RD @ 354 E OF WOODROFFE AVE/REC (0004605),4605,02 - Intersection related,03 - P.D. only,07 - SMV other,03 - Snow,07 - Dark,03 - Loose snow,01 - Traffic signal,00 - Unknown,1,0,0,0,,0,,,,,363983.1604,5021423.779,45.33026709,-75.74496531,2158
16--1211,2016/01/26,2:26 PM,CUMBERLAND ST @ STEWART ST (0008236),8236,03 - At intersection,03 - P.D. only,02 - Angle,04 - Freezing Rain,01 - Daylight,02 - Wet,02 - Stop sign,01 - Functioning,2,0,0,0,,0,,,,,368496.0806,5032120.95,45.42612216,-75.68601704,2159
16--12110,2016/11/21,7:25 PM,FRANK KENNY RD btwn FRENCH HILL RD & WALL RD (__3ZBO6S),__3ZBO6S,01 - Non intersection,02 - Non-fatal injury,07 - SMV other,05 - Drifting Snow,07 - Dark,03 - Loose snow,10 - No control,,1,0,0,0,01 - Minimal,1,1,,,,388595.1884,5035984.576,45.45876407,-75.42854904,2160
16--12111,2016/11/21,7:28 PM,GREENBANK RD @ BERRIGAN DR/WESSEX RD (0004726),4726,02 - Intersection related,03 - P.D. only,03 - Rear end,03 - Snow,07 - Dark,03 - Loose snow,01 - Traffic signal,01 - Functioning,2,0,0,0,,0,,,,,363722.8535,5015275.182,45.27496409,-75.74901673,2161
16--12112,2016/11/21,7:52 AM,CEDARVIEW RD btwn WEST HUNT CLUB RD & LYTLE AVE (__3ZA1XV),__3ZA1XV,01 - Non intersection,03 - P.D. only,07 - SMV other,03 - Snow,01 - Daylight,05 - Packed snow,10 - No control,,1,0,0,0,,0,,,,,360115.686,5018652.844,45.3056496,-75.79461053,2162
16--12113,2016/11/21,8:00 PM,DONALD B. MUNRO DR btwn DIAMONDVIEW RD & OLD COACH RD (__3ZAC9L),__3ZAC9L,04 - At/near private drive,03 - P.D. only,07 - SMV other,03 - Snow,07 - Dark,03 - Loose snow,10 - No control,,1,0,0,0,,0,,,,,338654.8297,5022672.554,45.34318308,-76.06799574,2163
16--12114,2016/11/21,8:07 AM,RICHMOND RD btwn FALLOWFIELD RD & RUSHMORE RD (__3ZAB47),__3ZAB47,01 - Non intersection,03 - P.D. only,07 - SMV other,03 - Snow,01 - Daylight,03 - Loose snow,10 - No control,,1,0,0,0,,0,,,,,357806.9358,5013331.072,45.25794151,-75.82461818,2164
16--12115,2016/11/21,8:13 PM,FALLOWFIELD RD @ GREENBANK RD (0000549),549,03 - At intersection,03 - P.D. only,03 - Rear end,03 - Snow,07 - Dark,02 - Wet,01 - Traffic signal,01 - Functioning,2,0,0,0,,0,,,,,363079.0194,5016732.041,45.2881266,-75.75705075,2165
16--12116,2016/11/21,8:20 PM,FROBISHER LANE W @ RIVERSIDE DR (0011961),11961,02 - Intersection related,03 - P.D. only,04 - Sideswipe,03 - Snow,07 - Dark,03 - Loose snow,01 - Traffic signal,01 - Functioning,3,0,0,0,,0,,,,,370118.6866,5029601.238,45.40330112,-75.66561762,2166
16--12117,2016/11/21,8:20 PM,OSMOND DALEY DR btwn END & WEST LAKE CIRC (__737L4Q),__737L4Q,01 - Non intersection,03 - P.D. only,07 - SMV other,03 - Snow,07 - Dark,03 - Loose snow,10 - No control,,1,0,0,0,,0,,,,,344420.616,5018605.925,45.30628811,-75.99474953,2167
16--12118,2016/11/21,8:37 PM,DUMAURIER AVE @ PINECREST RD (0002743),2743,03 - At intersection,02 - Non-fatal injury,05 - Turning movement,03 - Snow,07 - Dark,03 - Loose snow,01 - Traffic signal,01 - Functioning,2,0,0,0,02 - Minor,1,,1,,,360321.4595,5023834.73,45.35226006,-75.79140553,2168