Anom_ID,Accident_Date,Accident_Time,Location,Geo_ID,Accident_Location,Classification_of_Accident,Initial_Impact_Type,Environment_Condition,Light,Road_Surface_Condition,Traffic_Control,Traffic_Control_Condition,No__of_Vehicles,No__of_Bicycles,No__of_Motorcycles,No__of_Pedestrians,Max_Injury,No__of_Injuries,No__of_Minimal,No__of_Minor,No__of_Major,No__of_Fatal,X,Y,Latitude,Longitude,ObjectId
16--12119,2016/11/21,8:38 PM,WEST HUNT CLUB RD EB btwn WOODROFFE AVE & 354 E OF WOODROFFE AVE/REC P (__3ZBOG1A),__3ZBOG1A,01 - Non intersection,03 - P.D. only,03 - Rear end,03 - Snow,07 - Dark,03 - Loose snow,10 - No control,,3,0,0,0,,0,,,,,363790.7738,5021338,45.32951146,-75.74742971,2169
16--1212,2016/01/26,3:32 PM,RAFTSMAN LANE W @ VOYAGEUR DR W (0003789),3789,03 - At intersection,03 - P.D. only,02 - Angle,01 - Clear,01 - Daylight,02 - Wet,02 - Stop sign,01 - Functioning,2,0,0,0,,0,,,,,378973.3871,5037930.372,45.4773586,-75.55126689,2170
16--12120,2016/11/21,8:43 AM,BANK ST @ FINDLAY CREEK SC/310 S OF FINDLAY CREEK DR (0013532),13532,03 - At intersection,02 - Non-fatal injury,03 - Rear end,03 - Snow,01 - Daylight,02 - Wet,01 - Traffic signal,01 - Functioning,2,0,0,0,01 - Minimal,1,1,,,,375967.5345,5020175.263,45.31792052,-75.59227064,2171
16--12121,2016/11/21,9:00 PM,ALTA VISTA DR @ VALOUR DR (0012073),12073,02 - Intersection related,03 - P.D. only,07 - SMV other,03 - Snow,07 - Dark,03 - Loose snow,02 - Stop sign,01 - Functioning,1,0,0,0,,0,,,,,370440.547,5029579.485,45.40307529,-75.66150951,2172
16--12122,2016/11/21,9:00 PM,DAVIDSON RD btwn BANK ST & CONROY RD (__3ZA8OR),__3ZA8OR,01 - Non intersection,03 - P.D. only,07 - SMV other,03 - Snow,07 - Dark,03 - Loose snow,10 - No control,,1,0,0,0,,0,,,,,374516.6086,5023423.999,45.34729696,-75.61031709,2173
16--12123,2016/11/21,9:01 AM,DUNROBIN RD @ KINBURN SIDE RD (0001688),1688,02 - Intersection related,03 - P.D. only,07 - SMV other,03 - Snow,01 - Daylight,03 - Loose snow,02 - Stop sign,01 - Functioning,1,0,0,0,,0,,,,,338028.7706,5035928.386,45.46249351,-76.07509111,2174
16--12124,2016/11/21,9:10 AM,BLAIR RD @ REGIONAL RD 174 N/OR174 IC112 RAMP61 (0003617),3617,02 - Intersection related,03 - P.D. only,03 - Rear end,03 - Snow,01 - Daylight,04 - Slush,01 - Traffic signal,01 - Functioning,2,0,0,0,,0,,,,,374633.0757,5032992.952,45.43338219,-75.60747684,2175
16--12125,2016/11/21,9:15 PM,DUMAURIER AVE @ PINECREST RD (0002743),2743,03 - At intersection,03 - P.D. only,06 - SMV unattended vehicle,02 - Rain,07 - Dark,02 - Wet,01 - Traffic signal,01 - Functioning,1,0,0,0,,0,,,,,360321.679,5023834.925,45.3522618,-75.79140271,2176
16--12126,2016/11/21,9:17 PM,GILMOUR ST @ LYON ST (0007276),7276,03 - At intersection,03 - P.D. only,02 - Angle,03 - Snow,07 - Dark,03 - Loose snow,02 - Stop sign,01 - Functioning,2,0,0,0,,0,,,,,367453.4923,5030572.913,45.41228757,-75.69953598,2177
16--12127,2016/11/21,9:25 PM,JOHNSTON RD btwn GRANDPARK CIRC & BASLAW DR (__3ZA46V),__3ZA46V,01 - Non intersection,02 - Non-fatal injury,03 - Rear end,03 - Snow,07 - Dark,03 - Loose snow,10 - No control,,2,0,0,0,01 - Minimal,1,1,,,,373673.4117,5026439.723,45.37451452,-75.62065594,2178
16--12128,2016/11/21,9:28 AM,EAGLESON RD btwn TERRY FOX DR & EAGLESON RD (__3ZBOG6),__3ZBOG6,01 - Non intersection,03 - P.D. only,03 - Rear end,03 - Snow,01 - Daylight,03 - Loose snow,10 - No control,,2,0,0,0,,0,,,,,355210.1483,5014560.405,45.2691942,-75.85757796,2179
16--12129,2016/11/21,9:30 AM,FRANKTOWN RD btwn WOOD'S RD & MUNSTER RD (__3ZA3E9),__3ZA3E9,01 - Non intersection,03 - P.D. only,07 - SMV other,03 - Snow,01 - Daylight,05 - Packed snow,10 - No control,,1,0,0,0,,0,,,,,349874.2602,5000032.325,45.13882621,-75.92688853,2180
16--1213,2016/01/26,4:12 PM,ST. LAURENT BLVD btwn HEMLOCK RD & MEADOW PARK PL (__3ZA3UG),__3ZA3UG,04 - At/near private drive,03 - P.D. only,02 - Angle,02 - Rain,01 - Daylight,04 - Slush,10 - No control,,2,0,0,0,,0,,,,,371168.6447,5034724.041,45.44929511,-75.65151661,2181
16--12130,2016/11/21,9:31 PM,BRONSON AVE btwn BRONSON AVE NB ON RAMP 42 & BRONSON AVE SB ON RAMP 43 (__3ZA3NZ),__3ZA3NZ,01 - Non intersection,03 - P.D. only,07 - SMV other,03 - Snow,07 - Dark,06 - Ice,10 - No control,,1,0,0,0,,0,,,,,367768.2828,5028390.102,45.39261904,-75.69579331,2182
16--12131,2016/11/21,9:48 AM,ALERT RD/AIRPORT PKWY/UPLANDS DR RAMP 62 @ LES (0003652),3652,03 - At intersection,03 - P.D. only,02 - Angle,03 - Snow,01 - Daylight,05 - Packed snow,01 - Traffic signal,01 - Functioning,2,0,0,0,,0,,,,,371302.94,5021358.081,45.32902051,-75.65160109,2183
16--12132,2016/11/21,9:49 AM,WEST HUNT CLUB RD btwn MOODIE DR & RICHMOND RD (__3ZA4YH),__3ZA4YH,01 - Non intersection,03 - P.D. only,07 - SMV other,03 - Snow,01 - Daylight,03 - Loose snow,10 - No control,,1,0,0,0,,0,,,,,357727.9416,5018409.429,45.30364331,-75.82508303,2184
16--12133,2016/11/21,9:50 PM,RUSSELL RD btwn ANDERSON RD & FARMERS WAY (__3ZA2CI),__3ZA2CI,01 - Non intersection,03 - P.D. only,07 - SMV other,03 - Snow,07 - Dark,03 - Loose snow,10 - No control,,1,0,0,0,,0,,,,,379983.9936,5026652.655,45.37578169,-75.54006381,2185
16--12134,2016/11/21,9:51 PM,OGILVIE RD btwn ELMRIDGE DR & 190 E OF ELMRIDGE DR/JASMINE CRES (__3ZBOFEB),__3ZBOFEB,01 - Non intersection,03 - P.D. only,01 - Approaching,03 - Snow,07 - Dark,03 - Loose snow,10 - No control,,2,0,0,0,,0,,,,,375506.0667,5034181.215,45.44398575,-75.59615,2186
16--12135,2016/11/21,9:54 AM,EAGLESON RD @ FALLOWFIELD RD (0000118),118,02 - Intersection related,03 - P.D. only,02 - Angle,03 - Snow,01 - Daylight,04 - Slush,01 - Traffic signal,01 - Functioning,2,0,0,0,,0,,,,,355961.8536,5012593.747,45.25144347,-75.84820144,2187
16--12136,2016/11/22,1:00 PM,KING EDWARD AVE @ ST. PATRICK ST (0002714),2714,03 - At intersection,03 - P.D. only,99 - Other,01 - Clear,01 - Daylight,01 - Dry,01 - Traffic signal,01 - Functioning,2,0,0,0,,0,,,,,368248.0427,5032823.369,45.43246482,-75.68909594,2188
16--12137,2016/11/22,1:37 PM,BRITTANY DR btwn BANGS ST & TRURO ST (__3ZA8DJ),__3ZA8DJ,01 - Non intersection,03 - P.D. only,06 - SMV unattended vehicle,03 - Snow,01 - Daylight,05 - Packed snow,10 - No control,,1,0,0,0,,0,,,,,371732.2359,5034354.421,45.44591571,-75.64436252,2189
16--12138,2016/11/22,1:47 AM,KINBURN SIDE RD btwn TIMMINS RD & DOMINION SPRINGS RD (__3ZA4SJ),__3ZA4SJ,01 - Non intersection,03 - P.D. only,07 - SMV other,03 - Snow,07 - Dark,05 - Packed snow,10 - No control,,1,0,0,0,,0,,,,,323122.9461,5022639.19,45.34346051,-76.26618908,2190
16--12139,2016/11/22,10:37 PM,EARL MULLIGAN DR @ WOODROFFE AVE (0000591),591,03 - At intersection,03 - P.D. only,07 - SMV other,03 - Snow,07 - Dark,06 - Ice,01 - Traffic signal,01 - Functioning,1,0,0,0,,0,,,,,365250.7012,5017506.874,45.29491507,-75.72927388,2191
16--1214,2016/01/26,4:30 PM,LYON ST @ WELLINGTON ST (0002388),2388,03 - At intersection,03 - P.D. only,04 - Sideswipe,02 - Rain,01 - Daylight,02 - Wet,01 - Traffic signal,01 - Functioning,2,0,0,0,,0,,,,,366934.7383,5031426.315,45.42001248,-75.70605536,2192
16--12140,2016/11/22,10:46 PM,BASELINE RD @ GREENBANK RD (0002357),2357,03 - At intersection,02 - Non-fatal injury,02 - Angle,01 - Clear,07 - Dark,01 - Dry,01 - Traffic signal,01 - Functioning,2,0,0,0,02 - Minor,2,,2,,,360597.6631,5022584.301,45.3409868,-75.78802181,2193
16--12141,2016/11/22,Unknown,MCLEOD ST btwn BANK ST & O'CONNOR ST (__3ZA8FF),__3ZA8FF,01 - Non intersection,03 - P.D. only,06 - SMV unattended vehicle,01 - Clear,00 - Unknown,03 - Loose snow,10 - No control,,1,0,0,0,,0,,,,,368100.3184,5030580.565,45.41229822,-75.69127194,2194
16--12142,2016/11/22,Unknown,ASHENVALE WAY btwn EMERILLON RIDGE & VALLIER WAY (__7JQ60Q),__7JQ60Q,01 - Non intersection,03 - P.D. only,06 - SMV unattended vehicle,01 - Clear,00 - Unknown,03 - Loose snow,10 - No control,,1,0,0,0,,0,,,,,385650.299,5034820.544,45.4486382,-75.46638907,2195
16--12143,2016/11/22,12:10 PM,DOHENY ST btwn CAMPBELL AVE & CLYDE AVE (__3ZA0EA),__3ZA0EA,04 - At/near private drive,03 - P.D. only,02 - Angle,01 - Clear,01 - Daylight,01 - Dry,10 - No control,,2,0,0,0,,0,,,,,363549.847,5026685.677,45.3776495,-75.74986761,2196
16--12144,2016/11/22,12:11 PM,STRASBOURG ST btwn ROCHEFORT CIRC & BLACKBURN BYPS (__6ZT4MY),__6ZT4MY,01 - Non intersection,03 - P.D. only,99 - Other,03 - Snow,01 - Daylight,02 - Wet,10 - No control,,2,0,0,0,,0,,,,,384026.135,5034898.985,45.44952993,-75.48713687,2197
16--12145,2016/11/22,12:25 AM,FALLOWFIELD RD @ WOODROFFE AVE (0010372),10372,03 - At intersection,03 - P.D. only,02 - Angle,03 - Snow,07 - Dark,03 - Loose snow,01 - Traffic signal,01 - Functioning,2,0,0,0,,0,,,,,365085.15,5017902.48,45.29848894,-75.73133632,2198
16--12146,2016/11/22,12:26 AM,JOHNSTON RD @ MACOUN CIRC (0013737),13737,02 - Intersection related,03 - P.D. only,07 - SMV other,03 - Snow,07 - Dark,03 - Loose snow,02 - Stop sign,00 - Unknown,1,0,0,0,,0,,,,,372130.42,5025598.581,45.3670962,-75.64046855,2199
16--12147,2016/11/22,12:40 PM,BANK ST @ PATTERSON AVE (0007237),7237,02 - Intersection related,03 - P.D. only,06 - SMV unattended vehicle,01 - Clear,01 - Daylight,02 - Wet,02 - Stop sign,01 - Functioning,1,0,0,0,,0,,,,,368156.7078,5029984.328,45.40692836,-75.69062821,2200
16--12148,2016/11/22,12:49 PM,BYRON AVE @ ISLAND PARK DR (0006365),6365,02 - Intersection related,03 - P.D. only,03 - Rear end,01 - Clear,01 - Daylight,01 - Dry,01 - Traffic signal,01 - Functioning,3,0,0,0,,0,,,,,364256.2951,5028603.103,45.39484257,-75.74061732,2201
16--12149,2016/11/22,2:45 PM,BELCOURT BLVD @ ST. JOSEPH BLVD (0004138),4138,02 - Intersection related,02 - Non-fatal injury,03 - Rear end,01 - Clear,01 - Daylight,01 - Dry,01 - Traffic signal,01 - Functioning,2,0,0,0,01 - Minimal,1,1,,,,381204.7402,5037357.354,45.47196247,-75.52281945,2202
16--1215,2016/01/26,4:32 PM,FALLOWFIELD RD @ WOODROFFE AVE (0010372),10372,02 - Intersection related,02 - Non-fatal injury,03 - Rear end,01 - Clear,05 - Dusk,02 - Wet,01 - Traffic signal,01 - Functioning,2,0,0,0,02 - Minor,1,,1,,,365084.0523,5017903.849,45.29850135,-75.73135014,2203
16--11970,2016/11/18,5:16 PM,ST. LAURENT BLVD @ COTE ST (0007705),7705,03 - At intersection,02 - Non-fatal injury,07 - SMV other,01 - Clear,07 - Dark,01 - Dry,01 - Traffic signal,01 - Functioning,1,0,0,1,02 - Minor,1,,1,,,371784.8925,5033224.345,45.43574278,-75.64384326,2204
16--12420,2016/11/29,12:21 AM,OTTAWA ST btwn COLONEL MURRAY ST & COCKBURN ST (__3ZAB0X),__3ZAB0X,01 - Non intersection,02 - Non-fatal injury,05 - Turning movement,"07 - Fog, mist, smoke, dust",07 - Dark,02 - Wet,10 - No control,,2,0,0,0,02 - Minor,2,1,1,,,357855.2994,5005409.021,45.18665328,-75.82484629,2205
16--12510,2016/12/01,4:47 PM,POULIN AVE @ RICHMOND RD (0002748),2748,03 - At intersection,03 - P.D. only,05 - Turning movement,01 - Clear,05 - Dusk,02 - Wet,01 - Traffic signal,01 - Functioning,2,0,0,0,,0,,,,,360325.0208,5024899.855,45.36184375,-75.79124044,2206
16--11971,2016/11/18,5:21 PM,ST. JOSEPH BLVD @ FOREST VALLEY DR/YOUVILLE DR (0004440),4440,03 - At intersection,02 - Non-fatal injury,05 - Turning movement,01 - Clear,07 - Dark,01 - Dry,01 - Traffic signal,01 - Functioning,2,0,0,0,01 - Minimal,1,1,,,,379163.6332,5036157.323,45.46138581,-75.54910214,2207
16--11972,2016/11/18,5:30 PM,DAVIDSON RD @ HAWTHORNE RD (0009547),9547,03 - At intersection,03 - P.D. only,02 - Angle,01 - Clear,07 - Dark,01 - Dry,02 - Stop sign,01 - Functioning,2,0,0,0,,0,,,,,376282.0951,5024509.297,45.35688425,-75.58763291,2208
16--12333,2016/11/25,7:26 PM,BANK ST @ FIFTH AVE (0007247),7247,03 - At intersection,03 - P.D. only,05 - Turning movement,01 - Clear,07 - Dark,02 - Wet,01 - Traffic signal,01 - Functioning,2,0,0,0,,0,,,,,368398.4939,5029400.339,45.40165189,-75.68761506,2209
16--12421,2016/11/29,3:17 PM,KING EDWARD AVE @ LAURIER AVE (0002170),2170,03 - At intersection,03 - P.D. only,04 - Sideswipe,01 - Clear,01 - Daylight,01 - Dry,01 - Traffic signal,01 - Functioning,2,0,0,0,,0,,,,,368739.7072,5032033.34,45.42531165,-75.68291538,2210
16--12511,2016/12/01,4:49 PM,GLOUCESTER ST @ KENT ST (0006973),6973,03 - At intersection,02 - Non-fatal injury,07 - SMV other,02 - Rain,05 - Dusk,02 - Wet,01 - Traffic signal,01 - Functioning,1,0,0,1,02 - Minor,1,,1,,,367356.8731,5031099.814,45.41703711,-75.70070339,2211
16--11973,2016/11/18,5:31 AM,APPLE ORCHARD RD @ MANOTICK STATION RD (0005370),5370,02 - Intersection related,02 - Non-fatal injury,07 - SMV other,"07 - Fog, mist, smoke, dust",07 - Dark,02 - Wet,02 - Stop sign,01 - Functioning,1,0,0,0,03 - Major,1,,,1,,374365.2512,5011409.903,45.23921297,-75.61393344,2212
16--12334,2016/11/25,7:30 AM,JOCKVALE RD @ STRANDHERD DR (0010541),10541,03 - At intersection,03 - P.D. only,05 - Turning movement,"07 - Fog, mist, smoke, dust",01 - Daylight,02 - Wet,01 - Traffic signal,01 - Functioning,3,0,0,0,,0,,,,,363560.2545,5014577.614,45.26870096,-75.75117146,2213
16--12150,2016/11/22,3:15 PM,CLARENCE ST @ KING EDWARD AVE (0008243),8243,03 - At intersection,03 - P.D. only,03 - Rear end,01 - Clear,01 - Daylight,01 - Dry,02 - Stop sign,01 - Functioning,2,0,0,0,,0,,,,,368337.7006,5032680.343,45.43116978,-75.68796863,2214
16--12422,2016/11/29,3:26 PM,REGIONAL ROAD 174 btwn OR174 IC102 RAMP61 & OR174 IC101 RAMP36 (__3ZA1SY),__3ZA1SY,01 - Non intersection,03 - P.D. only,04 - Sideswipe,01 - Clear,01 - Daylight,02 - Wet,10 - No control,,2,0,0,0,,0,,,,,382282.9397,5038655.512,45.48352336,-75.50882708,2215
16--12423,2016/11/29,3:43 PM,LUMBERMAN WAY @ ORLEANS BLVD (0004359),4359,02 - Intersection related,03 - P.D. only,04 - Sideswipe,02 - Rain,01 - Daylight,02 - Wet,02 - Stop sign,00 - Unknown,2,0,0,0,,0,,,,,380453.3909,5037242.009,45.47100648,-75.53244523,2216
16--12424,2016/11/29,3:52 PM,CEDARVIEW RD @ WEST HUNT CLUB RD (0010267),10267,02 - Intersection related,03 - P.D. only,03 - Rear end,01 - Clear,05 - Dusk,01 - Dry,01 - Traffic signal,01 - Functioning,2,0,0,0,,0,,,,,359717.0211,5019554.892,45.31379757,-75.79959398,2217
16--12425,2016/11/29,4:18 PM,BANK ST btwn DALMENY RD & POPHAM ST (__3ZA27B),__3ZA27B,04 - At/near private drive,02 - Non-fatal injury,05 - Turning movement,01 - Clear,05 - Dusk,02 - Wet,10 - No control,,2,0,0,0,02 - Minor,1,,1,,,385844.4493,5004319.875,45.17419306,-75.46889594,2218
16--12426,2016/11/29,4:50 PM,REGIONAL ROAD 174 EB btwn OR174 IC109 RAMP55 & TRANSIT (__3ZA28V),__3ZA28V,01 - Non intersection,02 - Non-fatal injury,03 - Rear end,02 - Rain,05 - Dusk,02 - Wet,10 - No control,,3,0,0,0,02 - Minor,2,1,1,,,376504.4015,5035054.29,45.45173944,-75.58326247,2219
16--12427,2016/11/29,5:18 PM,YOUVILLE DR btwn ST. JOSEPH BLVD & JEANNE D'ARC BLVD S (__3ZA6DC),__3ZA6DC,04 - At/near private drive,02 - Non-fatal injury,05 - Turning movement,01 - Clear,05 - Dusk,01 - Dry,10 - No control,,2,0,0,0,01 - Minimal,1,1,,,,379654.7543,5036680.865,45.4660438,-75.54274327,2220
16--12428,2016/11/29,5:37 PM,WEST HUNT CLUB RD @ ANTARES DR/LASER ST (0000116),116,03 - At intersection,03 - P.D. only,03 - Rear end,01 - Clear,07 - Dark,02 - Wet,01 - Traffic signal,01 - Functioning,2,0,0,0,,0,,,,,367107.7113,5022083.572,45.33593335,-75.70502426,2221
16--12429,2016/11/29,5:37 PM,BLAIR RD @ MEADOWBROOK RD (0004163),4163,02 - Intersection related,03 - P.D. only,03 - Rear end,06 - Strong wind,07 - Dark,01 - Dry,01 - Traffic signal,01 - Functioning,2,0,0,0,,0,,,,,375194.7345,5032311.983,45.4271989,-75.60039662,2222
16--1243,2016/01/27,11:51 AM,HINCKS LANE @ RIVERSIDE DR (0011354),11354,02 - Intersection related,03 - P.D. only,03 - Rear end,01 - Clear,01 - Daylight,02 - Wet,01 - Traffic signal,01 - Functioning,2,0,0,0,,0,,,,,370166.599,5030205.661,45.40873502,-75.66492552,2223
16--12430,2016/11/29,6:05 PM,SUNSHINE CRES btwn SOLSTICE WAY N & SOLSTICE WAY S (__8IAXFE),__8IAXFE,01 - Non intersection,03 - P.D. only,06 - SMV unattended vehicle,02 - Rain,07 - Dark,02 - Wet,10 - No control,,1,0,0,0,,0,,,,,386103.352,5034886.739,45.44918121,-75.46058714,2224
16--12431,2016/11/29,6:09 AM,AIRPORT PKWY/WALKLEY RD NB OFF RAMP @ WALKLEY RD (0011348),11348,03 - At intersection,03 - P.D. only,05 - Turning movement,02 - Rain,07 - Dark,02 - Wet,01 - Traffic signal,01 - Functioning,2,0,0,0,,0,,,,,370078.3536,5025792.051,45.36903111,-75.66663657,2225
16--12432,2016/11/29,6:10 AM,ROGER STEVENS DR btwn FIRST LINE RD & ROLLING HILLS PL (__61MREK),__61MREK,07 - Overpass or bridge,03 - P.D. only,07 - SMV other,04 - Freezing Rain,07 - Dark,99 - Other,10 - No control,,1,0,0,0,,0,,,,,371789.5158,5002593.505,45.16013359,-75.64792233,2226
16--12433,2016/11/29,6:25 AM,CYRVILLE RD btwn STAR TOP RD & MEADOWBROOK RD (__3ZA3SN),__3ZA3SN,07 - Overpass or bridge,03 - P.D. only,01 - Approaching,04 - Freezing Rain,03 - Dawn,05 - Packed snow,10 - No control,,2,0,0,0,,0,,,,,374193.9377,5031343.713,45.41858692,-75.61332106,2227
16--12434,2016/11/29,6:25 PM,PRINCE OF WALES DR @ STRANDHERD DR (0013339),13339,02 - Intersection related,03 - P.D. only,03 - Rear end,01 - Clear,07 - Dark,01 - Dry,01 - Traffic signal,01 - Functioning,2,0,0,0,,0,,,,,367176.9461,5014824.605,45.2706119,-75.70505439,2228
16--12435,2016/11/29,6:30 AM,TENTH LINE RD @ OR174 IC101 RAMP26 (0009164),9164,02 - Intersection related,03 - P.D. only,03 - Rear end,04 - Freezing Rain,07 - Dark,06 - Ice,10 - No control,00 - Unknown,2,0,0,0,,0,,,,,382763.4492,5038939.309,45.48602321,-75.50263621,2229
16--12436,2016/11/29,6:30 AM,TENTH LINE RD btwn OR174 IC101 RAMP61 & OR174 IC101 RAMP26 (__3ZA1PT),__3ZA1PT,07 - Overpass or bridge,03 - P.D. only,03 - Rear end,04 - Freezing Rain,07 - Dark,06 - Ice,10 - No control,,2,0,0,0,,0,,,,,382751.0269,5038962.497,45.48623322,-75.50279142,2230
16--12437,2016/11/29,6:30 AM,TENTH LINE RD btwn ST. JOSEPH BLVD & OR174 IC101 RAMP26 (__3ZA11V),__3ZA11V,01 - Non intersection,03 - P.D. only,04 - Sideswipe,04 - Freezing Rain,03 - Dawn,06 - Ice,10 - No control,,2,0,0,0,,0,,,,,382770.7088,5038921.662,45.48586363,-75.50254616,2231
16--12438,2016/11/29,6:39 AM,ALBERT ST @ BOOTH ST (0002162),2162,03 - At intersection,03 - P.D. only,02 - Angle,03 - Snow,07 - Dark,02 - Wet,01 - Traffic signal,01 - Functioning,2,0,0,0,,0,,,,,366429.5214,5030625.324,45.41285008,-75.71261047,2232
16--12439,2016/11/29,7:11 AM,TRIM RD btwn WALL RD & NAVAN RD (__3ZA1D8),__3ZA1D8,01 - Non intersection,03 - P.D. only,01 - Approaching,02 - Rain,03 - Dawn,06 - Ice,10 - No control,,2,0,0,0,,0,,,,,387703.2104,5034487.529,45.44540159,-75.4402047,2233
16--1244,2016/01/27,11:55 PM,OTTAWA RIVER PKWY WB btwn WOODROFFE AVE & TRANSIT (__3ZA23K),__3ZA23K,01 - Non intersection,03 - P.D. only,07 - SMV other,01 - Clear,07 - Dark,01 - Dry,10 - No control,,1,0,0,0,,0,,,,,361978.3184,5027367.955,45.38391858,-75.76985259,2234
16--12440,2016/11/29,7:35 PM,REGIONAL RD 174 EB @ OR174 IC109 RAMP54 (0012405),12405,02 - Intersection related,02 - Non-fatal injury,03 - Rear end,01 - Clear,07 - Dark,01 - Dry,10 - No control,00 - Unknown,2,0,0,0,01 - Minimal,1,1,,,,376386.252,5034800.076,45.44946429,-75.58480981,2235
16--12441,2016/11/29,7:54 AM,WEST HUNT CLUB RD @ WOODROFFE AVE (0000576),576,02 - Intersection related,03 - P.D. only,04 - Sideswipe,04 - Freezing Rain,01 - Daylight,06 - Ice,01 - Traffic signal,01 - Functioning,2,0,0,0,,0,,,,,363670.6476,5021246.466,45.32869793,-75.74897297,2236
16--12442,2016/11/30,1:41 PM,GREENBANK RD @ WEST HUNT CLUB RD (0005167),5167,03 - At intersection,03 - P.D. only,03 - Rear end,"07 - Fog, mist, smoke, dust",01 - Daylight,01 - Dry,01 - Traffic signal,01 - Functioning,2,0,0,0,,0,,,,,361479.677,5020502.893,45.32218762,-75.77700654,2237
16--12443,2016/11/30,10:08 AM,CANADIAN SHIELD AVE @ GREAT LAKES AVE (0014209),14209,03 - At intersection,03 - P.D. only,02 - Angle,01 - Clear,01 - Daylight,02 - Wet,02 - Stop sign,01 - Functioning,2,0,0,0,,0,,,,,351643.4159,5019636.7,45.31511871,-75.90255006,2238
16--12444,2016/11/30,10:30 AM,ST. LAURENT BLVD btwn INDUSTRIAL AVE & BOURASSA ST (__3ZBOFB),__3ZBOFB,01 - Non intersection,03 - P.D. only,03 - Rear end,01 - Clear,01 - Daylight,02 - Wet,10 - No control,,2,0,0,0,,0,,,,,373158.8439,5029874.754,45.40547182,-75.6267491,2239
16--12445,2016/11/30,10:56 AM,ROCKDALE RD @ RUSSELL RD (0004677),4677,02 - Intersection related,03 - P.D. only,07 - SMV other,01 - Clear,01 - Daylight,02 - Wet,02 - Stop sign,01 - Functioning,1,0,0,0,,0,,,,,393758.2049,5026973.716,45.37705696,-75.36417129,2240
16--12446,2016/11/30,11:00 PM,INNES RD @ TENTH LINE RD (0004633),4633,02 - Intersection related,03 - P.D. only,04 - Sideswipe,02 - Rain,07 - Dark,02 - Wet,01 - Traffic signal,00 - Unknown,2,0,0,0,,0,,,,,383954.2448,5036160.803,45.46089078,-75.48785271,2241
16--12447,2016/11/30,11:11 AM,BOOTH ST btwn NORMAN ST & CARLING AVE (__3ZA4PF),__3ZA4PF,04 - At/near private drive,03 - P.D. only,02 - Angle,01 - Clear,01 - Daylight,02 - Wet,10 - No control,,2,0,0,0,,0,,,,,367035.4633,5029238.348,45.40031684,-75.70504467,2242
16--12448,2016/11/30,11:40 AM,GREENBANK RD @ WEST HUNT CLUB RD (0005167),5167,02 - Intersection related,02 - Non-fatal injury,03 - Rear end,01 - Clear,01 - Daylight,01 - Dry,01 - Traffic signal,01 - Functioning,2,0,0,0,01 - Minimal,1,1,,,,361479.677,5020502.065,45.32218017,-75.77700664,2243
16--12449,2016/11/30,11:55 PM,ALBION RD btwn RIDEAU RD & TULLAMORE ST (__5RGNIJ),__5RGNIJ,01 - Non intersection,03 - P.D. only,07 - SMV other,02 - Rain,07 - Dark,02 - Wet,10 - No control,,1,0,0,0,,0,,,,,375288.9416,5016226.168,45.28245643,-75.60148634,2244
16--1245,2016/01/27,11:59 AM,BRONSON AVE @ CARLING AVE/GLEBE AVE (0002134),2134,02 - Intersection related,03 - P.D. only,03 - Rear end,01 - Clear,01 - Daylight,02 - Wet,01 - Traffic signal,01 - Functioning,2,0,0,0,,0,,,,,367446.6093,5029336.221,45.4011608,-75.69978104,2245
16--12450,2016/11/30,Unknown,EQUESTRIAN DR btwn RIDING WAY & FOXLEIGH CRES (__3ZABG5),__3ZABG5,01 - Non intersection,03 - P.D. only,06 - SMV unattended vehicle,02 - Rain,00 - Unknown,02 - Wet,10 - No control,,1,0,0,0,,0,,,,,354800.7403,5015970.417,45.28191104,-75.86265308,2246
16--12451,2016/11/30,12:17 AM,ARMSTRONG ST @ MERTON ST (0006546),6546,02 - Intersection related,02 - Non-fatal injury,07 - SMV other,01 - Clear,07 - Dark,02 - Wet,02 - Stop sign,00 - Unknown,1,0,0,0,02 - Minor,1,,1,,,365452.8736,5029675.7,45.40439093,-75.72520397,2247
16--12452,2016/11/30,12:21 AM,BLOHM DR btwn KARSH DR & ESSON ST (__3ZBOYA),__3ZBOYA,04 - At/near private drive,02 - Non-fatal injury,06 - SMV unattended vehicle,"07 - Fog, mist, smoke, dust",07 - Dark,01 - Dry,10 - No control,,1,0,0,0,01 - Minimal,1,1,,,,374311.1667,5026071.653,45.37113982,-75.61256616,2248
16--12453,2016/11/30,12:27 PM,UPPER DWYER HILL RD btwn GRAINGER PARK RD & PANMURE RD (__3ZBOBX),__3ZBOBX,01 - Non intersection,03 - P.D. only,07 - SMV other,01 - Clear,01 - Daylight,02 - Wet,10 - No control,,1,0,0,0,,0,,,,,329311.3273,5019856.881,45.31823477,-76.18736072,2249
16--12454,2016/11/30,12:30 AM,CLARENCE ST btwn DALHOUSIE ST & CUMBERLAND ST (__3ZA7AK),__3ZA7AK,01 - Non intersection,03 - P.D. only,06 - SMV unattended vehicle,01 - Clear,07 - Dark,01 - Dry,10 - No control,,1,0,0,0,,0,,,,,368057.6063,5032513.95,45.42969803,-75.69156933,2250
16--12455,2016/11/30,12:41 PM,BANK ST @ HUNT CLUB RD (0002119),2119,02 - Intersection related,03 - P.D. only,04 - Sideswipe,02 - Rain,01 - Daylight,02 - Wet,01 - Traffic signal,00 - Unknown,2,0,0,0,,0,,,,,371607.9083,5024096.92,45.35363477,-75.6473411,2251