Anom_ID,Accident_Date,Accident_Time,Location,Geo_ID,Accident_Location,Classification_of_Accident,Initial_Impact_Type,Environment_Condition,Light,Road_Surface_Condition,Traffic_Control,Traffic_Control_Condition,No__of_Vehicles,No__of_Bicycles,No__of_Motorcycles,No__of_Pedestrians,Max_Injury,No__of_Injuries,No__of_Minimal,No__of_Minor,No__of_Major,No__of_Fatal,X,Y,Latitude,Longitude,ObjectId
16--12456,2016/11/30,2:10 PM,TERRY FOX DR S @ DIDSBURY RD/CENTRUM KANATA SC (0011820),11820,02 - Intersection related,03 - P.D. only,04 - Sideswipe,01 - Clear,01 - Daylight,02 - Wet,01 - Traffic signal,02 - Not functioning,2,0,0,0,,0,,,,,350625.3436,5018919.583,45.30873308,-75.91560039,2252
16--12457,2016/11/30,2:11 PM,ARGYLE AVE @ O'CONNOR ST (0007254),7254,03 - At intersection,03 - P.D. only,07 - SMV other,02 - Rain,01 - Daylight,02 - Wet,01 - Traffic signal,01 - Functioning,1,0,0,0,,0,,,,,368183.5927,5030485.568,45.41143593,-75.69022034,2253
16--12458,2016/11/30,2:40 PM,LEITRIM RD @ LIMEBANK RD (0012318),12318,02 - Intersection related,03 - P.D. only,04 - Sideswipe,01 - Clear,01 - Daylight,01 - Dry,01 - Traffic signal,01 - Functioning,2,0,0,0,,0,,,,,369321.624,5017960.093,45.29863104,-75.67731722,2254
16--12459,2016/11/30,3:15 PM,MERIVALE RD/LOTTA AVE @ CLYDE AVE (0001112),1112,02 - Intersection related,03 - P.D. only,04 - Sideswipe,01 - Clear,01 - Daylight,01 - Dry,01 - Traffic signal,01 - Functioning,2,0,0,0,,0,,,,,364522.5265,5024507.112,45.35796487,-75.73771265,2255
16--1246,2016/01/27,Unknown,ALBION RD @ RIDEAU RD (0009356),9356,03 - At intersection,03 - P.D. only,07 - SMV other,03 - Snow,00 - Unknown,02 - Wet,01 - Traffic signal,01 - Functioning,1,0,0,0,,0,,,,,375091.6545,5016673.362,45.28649989,-75.60393748,2256
16--12460,2016/11/30,3:40 PM,MEADOWLANDS DR @ MERIVALE RD (0000625),625,03 - At intersection,03 - P.D. only,05 - Turning movement,02 - Rain,01 - Daylight,02 - Wet,01 - Traffic signal,01 - Functioning,2,0,0,0,,0,,,,,364858.0413,5023725.73,45.35090545,-75.7335255,2257
16--12461,2016/11/30,3:41 PM,CLARKE AVE @ CUMMINGS AVE (0008949),8949,03 - At intersection,03 - P.D. only,02 - Angle,01 - Clear,01 - Daylight,01 - Dry,02 - Stop sign,01 - Functioning,2,0,0,0,,0,,,,,372173.063,5033617.937,45.43924683,-75.63882862,2258
16--12462,2016/11/30,3:45 PM,SIXTH ST btwn ST. BERNARD ST & BELLMANOR CRT (__3ZA5NV),__3ZA5NV,01 - Non intersection,03 - P.D. only,99 - Other,02 - Rain,01 - Daylight,02 - Wet,10 - No control,,2,0,0,0,,0,,,,,373426.2224,5023953.786,45.35217131,-75.6241568,2259
16--12463,2016/11/30,4:03 PM,CYRVILLE RD @ INNES RD (0009352),9352,02 - Intersection related,03 - P.D. only,04 - Sideswipe,01 - Clear,01 - Daylight,01 - Dry,01 - Traffic signal,01 - Functioning,2,0,0,0,,0,,,,,375048.5647,5031118.382,45.41647423,-75.60243455,2260
16--12464,2016/11/30,4:22 PM,WALKLEY RD btwn MELFORT ST & RUSSELL RD (__3ZA2EO),__3ZA2EO,04 - At/near private drive,03 - P.D. only,04 - Sideswipe,01 - Clear,05 - Dusk,01 - Dry,10 - No control,,2,0,0,0,,0,,,,,374461.4726,5028375.609,45.39185482,-75.61032238,2261
16--12465,2016/11/30,4:22 PM,BASELINE RD @ CLYDE AVE (0002343),2343,02 - Intersection related,03 - P.D. only,04 - Sideswipe,02 - Rain,05 - Dusk,02 - Wet,01 - Traffic signal,00 - Unknown,2,0,0,0,,0,,,,,364357.5446,5024890.745,45.36143078,-75.73977203,2262
16--12466,2016/11/30,4:31 PM,COVENTRY RD @ ST. LAURENT SC WEST (0008973),8973,03 - At intersection,02 - Non-fatal injury,07 - SMV other,02 - Rain,05 - Dusk,02 - Wet,01 - Traffic signal,00 - Unknown,1,0,0,1,01 - Minimal,1,1,,,,371922.1613,5031788.081,45.42280678,-75.64228474,2263
16--12467,2016/11/30,4:35 PM,BANK ST btwn STONE SCHOOL RD & SCRIVENS DR (__3ZA28T),__3ZA28T,01 - Non intersection,02 - Non-fatal injury,07 - SMV other,02 - Rain,05 - Dusk,02 - Wet,10 - No control,,1,0,0,0,02 - Minor,1,,1,,,382175.1795,5011483.069,45.23905627,-75.51445947,2264
16--12468,2016/11/30,4:44 PM,BANK ST @ SUNNYSIDE AVE (0007219),7219,03 - At intersection,02 - Non-fatal injury,07 - SMV other,02 - Rain,05 - Dusk,02 - Wet,01 - Traffic signal,01 - Functioning,1,0,0,1,02 - Minor,1,,1,,,368737.1932,5028580.307,45.39424265,-75.68339537,2265
16--12469,2016/11/30,4:50 PM,WOODROFFE AVE @ HWY 417 WOODROFF IC127R26/HWY4 (0002355),2355,02 - Intersection related,03 - P.D. only,03 - Rear end,01 - Clear,05 - Dusk,01 - Dry,01 - Traffic signal,00 - Unknown,2,0,0,0,,0,,,,,362083.6291,5024940.073,45.36206413,-75.7687895,2266
16--1247,2016/01/27,12:15 PM,HIGHWAY 417 btwn HWY417 IC118 RAMP76 & HWY417 IC118 RAMP67 (__3ZA2YR),__3ZA2YR,01 - Non intersection,03 - P.D. only,04 - Sideswipe,01 - Clear,01 - Daylight,01 - Dry,10 - No control,,2,0,0,0,,0,,,,,369476.868,5031071.304,45.41658784,-75.67362249,2267
16--12470,2016/11/30,5:21 PM,BANK ST @ OSSINGTON AVE (0007228),7228,03 - At intersection,03 - P.D. only,05 - Turning movement,02 - Rain,07 - Dark,02 - Wet,10 - No control,,2,0,0,0,,0,,,,,368889.6197,5028321.213,45.39189747,-75.68148243,2268
16--12471,2016/11/30,5:30 PM,COLONEL BY DR/SUSSEX DR @ RIDEAU ST (0007647),7647,03 - At intersection,03 - P.D. only,04 - Sideswipe,02 - Rain,07 - Dark,02 - Wet,01 - Traffic signal,01 - Functioning,2,0,0,0,,0,,,,,367921.6847,5032044.438,45.4254858,-75.69336641,2269
16--12472,2016/11/30,5:43 PM,CAMPEAU DR @ TERRY FOX DR (0008211),8211,02 - Intersection related,03 - P.D. only,03 - Rear end,02 - Rain,07 - Dark,02 - Wet,01 - Traffic signal,00 - Unknown,2,0,0,0,,0,,,,,350454.7725,5019009.213,45.3095507,-75.91776727,2270
16--12473,2016/11/30,6:00 AM,HERZBERG RD @ CARLING AVE (0003193),3193,02 - Intersection related,03 - P.D. only,07 - SMV other,"07 - Fog, mist, smoke, dust",07 - Dark,02 - Wet,01 - Traffic signal,00 - Unknown,1,0,0,0,,0,,,,,352039.2763,5022300.079,45.33905783,-75.89724734,2271
16--12474,2016/11/30,6:06 PM,KANATA AVE @ TERRY FOX DR (0012691),12691,03 - At intersection,03 - P.D. only,05 - Turning movement,02 - Rain,07 - Dark,02 - Wet,01 - Traffic signal,01 - Functioning,2,0,0,0,,0,,,,,349305.2089,5019210.926,45.31143957,-75.93240874,2272
16--12475,2016/11/30,6:11 PM,ELMSMERE RD @ MONTREAL RD (0012320),12320,03 - At intersection,02 - Non-fatal injury,03 - Rear end,02 - Rain,07 - Dark,02 - Wet,01 - Traffic signal,01 - Functioning,2,0,0,0,02 - Minor,1,,1,,,374929.3844,5034314.159,45.44524,-75.60350199,2273
16--12476,2016/11/30,6:20 PM,LYON ST @ WELLINGTON ST (0002388),2388,02 - Intersection related,03 - P.D. only,05 - Turning movement,02 - Rain,07 - Dark,02 - Wet,01 - Traffic signal,01 - Functioning,2,0,0,0,,0,,,,,366935.677,5031425.846,45.42000818,-75.70604343,2274
16--12477,2016/11/30,6:24 PM,DATA CENTRE RD @ RIVERSIDE DR (0010863),10863,02 - Intersection related,03 - P.D. only,07 - SMV other,02 - Rain,07 - Dark,02 - Wet,01 - Traffic signal,01 - Functioning,1,0,0,0,,0,,,,,368895.7927,5027672.321,45.38605838,-75.68148788,2275
16--12478,2016/11/30,6:35 PM,WEST HUNT CLUB RD @ ANTARES DR/LASER ST (0000116),116,02 - Intersection related,03 - P.D. only,04 - Sideswipe,02 - Rain,07 - Dark,02 - Wet,01 - Traffic signal,01 - Functioning,2,0,0,0,,0,,,,,367108.5395,5022082.744,45.33592582,-75.7050138,2276
16--12479,2016/11/30,6:55 PM,HUNT CLUB RD @ RIVERSIDE DR (0002237),2237,02 - Intersection related,03 - P.D. only,03 - Rear end,02 - Rain,07 - Dark,02 - Wet,01 - Traffic signal,00 - Unknown,2,0,0,0,,0,,,,,368035.0467,5021945.084,45.3346043,-75.69321138,2277
16--1248,2016/01/27,12:50 PM,HIGHWAY 417 btwn HWY417 IC119A RAMP67 & HWY417 IC118 RAMP76 (__3ZA2YS),__3ZA2YS,01 - Non intersection,03 - P.D. only,03 - Rear end,01 - Clear,01 - Daylight,01 - Dry,10 - No control,,2,0,0,0,,0,,,,,368945.4588,5030715.91,45.41343905,-75.68045787,2278
16--12480,2016/11/30,7:00 AM,MONTREAL RD @ SINCLAIR ST (0008675),8675,02 - Intersection related,03 - P.D. only,03 - Rear end,02 - Rain,03 - Dawn,02 - Wet,01 - Traffic signal,01 - Functioning,3,0,0,0,,0,,,,,375968.732,5034757.838,45.4491269,-75.590153,2279
16--12481,2016/11/30,7:00 PM,CARLING AVE @ MERIVALE RD (0002148),2148,02 - Intersection related,03 - P.D. only,04 - Sideswipe,02 - Rain,07 - Dark,02 - Wet,01 - Traffic signal,01 - Functioning,2,0,0,0,,0,,,,,364894.7038,5027700.13,45.3866633,-75.73257419,2280
16--12482,2016/11/30,7:09 PM,OHIO ST btwn CLEMENTINE BLVD & BANK ST (__3ZA5OO),__3ZA5OO,01 - Non intersection,02 - Non-fatal injury,07 - SMV other,02 - Rain,07 - Dark,02 - Wet,10 - No control,,1,0,0,1,02 - Minor,1,,1,,,369564.2168,5027549.092,45.38488812,-75.67296907,2281
16--12483,2016/11/30,7:41 PM,WATTERS RD btwn MONTCREST DR & TRIM RD (__3ZA5TU),__3ZA5TU,04 - At/near private drive,02 - Non-fatal injury,07 - SMV other,01 - Clear,07 - Dark,01 - Dry,10 - No control,,1,0,0,1,01 - Minimal,1,1,,,,384918.3798,5038682.046,45.4834646,-75.47511516,2282
16--12484,2016/11/30,7:50 PM,BLAIR RD @ REGIONAL RD 174 S/OR174 IC112 RAMP15 (0012435),12435,03 - At intersection,02 - Non-fatal injury,05 - Turning movement,02 - Rain,07 - Dark,02 - Wet,01 - Traffic signal,01 - Functioning,3,0,0,0,02 - Minor,2,1,1,,,374907.5161,5032660.934,45.43036741,-75.60401697,2283
16--12485,2016/11/30,8:00 PM,BRONSON AVE @ CARLING AVE/GLEBE AVE (0002134),2134,02 - Intersection related,03 - P.D. only,04 - Sideswipe,02 - Rain,07 - Dark,02 - Wet,01 - Traffic signal,01 - Functioning,2,0,0,0,,0,,,,,367449.3633,5029335.148,45.4011509,-75.699746,2284
16--12486,2016/11/30,8:00 PM,ALTA VISTA DR @ SUMMIT AVE (0007951),7951,02 - Intersection related,03 - P.D. only,07 - SMV other,02 - Rain,07 - Dark,02 - Wet,02 - Stop sign,01 - Functioning,1,0,0,0,,0,,,,,370403.72,5028244.33,45.3910655,-75.66215745,2285
16--12487,2016/11/30,8:03 AM,MERIVALE RD btwn BENTLEY AVE & JAMIE AVE (__3ZBOG2),__3ZBOG2,01 - Non intersection,02 - Non-fatal injury,04 - Sideswipe,"07 - Fog, mist, smoke, dust",01 - Daylight,02 - Wet,10 - No control,,2,0,0,0,01 - Minimal,1,1,,,,365732.2353,5021654.883,45.33219686,-75.72262491,2286
16--12488,2016/11/30,8:10 PM,CLEGG ST @ COLONEL BY DR (0008785),8785,03 - At intersection,03 - P.D. only,05 - Turning movement,02 - Rain,07 - Dark,02 - Wet,01 - Traffic signal,01 - Functioning,2,0,0,0,,0,,,,,368968.5683,5029743.42,45.4046868,-75.68028923,2287
16--12489,2016/11/30,8:55 AM,RICHMOND RD @ WEST HUNT CLUB RD (0000598),598,02 - Intersection related,03 - P.D. only,03 - Rear end,"07 - Fog, mist, smoke, dust",01 - Daylight,02 - Wet,01 - Traffic signal,01 - Functioning,2,0,0,0,,0,,,,,357146.4755,5018153.29,45.30138211,-75.8325242,2288
16--1249,2016/01/27,2:07 PM,COOPER ST @ PERCY ST (0005101),5101,03 - At intersection,03 - P.D. only,02 - Angle,01 - Clear,01 - Daylight,01 - Dry,02 - Stop sign,01 - Functioning,2,0,0,0,,0,,,,,367069.9693,5030641.834,45.41294194,-75.7044267,2289
16--12490,2016/11/30,9:22 AM,REGIONAL ROAD 174 btwn OR174 IC112 RAMP15 & TRANSIT (__3ZA2WA),__3ZA2WA,01 - Non intersection,03 - P.D. only,03 - Rear end,01 - Clear,01 - Daylight,01 - Dry,10 - No control,,2,0,0,0,,0,,,,,375526.0734,5033369.077,45.43667659,-75.59601099,2290
16--12491,2016/11/30,9:34 AM,OGILVIE RD btwn AVIATION PKWY & MATHESON RD (__3ZA2DL),__3ZA2DL,01 - Non intersection,03 - P.D. only,03 - Rear end,"07 - Fog, mist, smoke, dust",01 - Daylight,02 - Wet,10 - No control,,2,0,0,0,,0,,,,,373177.795,5032416.751,45.42834163,-75.62615431,2291
16--12492,2016/12/01,1:11 PM,BANK ST @ HERON RD (0002155),2155,02 - Intersection related,03 - P.D. only,03 - Rear end,01 - Clear,01 - Daylight,01 - Dry,01 - Traffic signal,01 - Functioning,2,0,0,0,,0,,,,,369994.0637,5026850.3,45.37856074,-75.66757284,2292
16--12493,2016/12/01,1:50 PM,REGIONAL ROAD 174 btwn OR174 IC105 RAMP63 & OR174 IC102 RAMP36 (__3ZA27F),__3ZA27F,01 - Non intersection,03 - P.D. only,04 - Sideswipe,01 - Clear,01 - Daylight,01 - Dry,10 - No control,,2,0,0,0,,0,,,,,379987.7637,5037357.456,45.47209547,-75.53838177,2293
16--12494,2016/12/01,10:08 PM,FALLOWFIELD RD btwn STEEPLE HILL CRES & MOODIE DR (__3ZA4Y5),__3ZA4Y5,01 - Non intersection,03 - P.D. only,07 - SMV other,01 - Clear,07 - Dark,01 - Dry,10 - No control,,1,0,0,0,,0,,,,,359224.2232,5014514.26,45.2684798,-75.80643166,2294
16--12495,2016/12/01,10:45 AM,ROCKCLIFFE PKWY btwn PRINCESS AVE & BUENA VISTA RD (__3ZA8D1),__3ZA8D1,01 - Non intersection,03 - P.D. only,07 - SMV other,01 - Clear,01 - Daylight,02 - Wet,10 - No control,,1,0,0,0,,0,,,,,368245.9443,5034497.915,45.44753195,-75.68890689,2295
16--12496,2016/12/01,11:00 AM,ST. LAURENT BLVD @ MCARTHUR AVE (0008246),8246,03 - At intersection,03 - P.D. only,05 - Turning movement,01 - Clear,01 - Daylight,01 - Dry,01 - Traffic signal,01 - Functioning,2,0,0,0,,0,,,,,371921.4995,5032886.916,45.43269365,-75.64214344,2296
16--12497,2016/12/01,Unknown,KING EDWARD AVE btwn LAURIER AVE E & THOMAS MORE PRIV (__3ZA3UU),__3ZA3UU,01 - Non intersection,03 - P.D. only,06 - SMV unattended vehicle,01 - Clear,00 - Unknown,01 - Dry,10 - No control,,1,0,0,0,,0,,,,,368791.8811,5031948.04,45.42453938,-75.6822598,2297
16--12498,2016/12/01,Unknown,YORK ST WB btwn BYWARD MARKE SQ & SUSSEX DR (__3ZA1B0),__3ZA1B0,01 - Non intersection,03 - P.D. only,06 - SMV unattended vehicle,02 - Rain,00 - Unknown,02 - Wet,10 - No control,,1,0,0,0,,0,,,,,367889.9697,5032318.813,45.42795739,-75.69373651,2298
16--12499,2016/12/01,12:18 PM,NAVAHO DR @ WOODROFFE AVE/TRANSITWAY N BASELIN (0010359),10359,02 - Intersection related,03 - P.D. only,05 - Turning movement,01 - Clear,01 - Daylight,01 - Dry,01 - Traffic signal,00 - Unknown,2,0,0,0,,0,,,,,362705.1442,5023493.46,45.34899657,-75.76102613,2299
16--125,2016/01/04,9:06 PM,MCARTHUR AVE btwn EASTWOOD PL & IRWIN MILLER ST (__3ZA3WA),__3ZA3WA,01 - Non intersection,03 - P.D. only,04 - Sideswipe,01 - Clear,07 - Dark,05 - Packed snow,10 - No control,,2,0,0,0,,0,,,,,371063.2642,5032783.356,45.43184371,-75.65312497,2300
16--1250,2016/01/27,2:56 PM,POULIN AVE @ RICHMOND RD (0002748),2748,02 - Intersection related,03 - P.D. only,04 - Sideswipe,01 - Clear,01 - Daylight,02 - Wet,01 - Traffic signal,01 - Functioning,2,0,0,0,,0,,,,,360325.4599,5024900.294,45.36184766,-75.79123479,2301
16--12500,2016/12/01,12:37 PM,HERZBERG RD btwn LEGGET DR & CARLING AVE (__3ZACVH),__3ZACVH,01 - Non intersection,02 - Non-fatal injury,03 - Rear end,01 - Clear,01 - Daylight,01 - Dry,10 - No control,,3,0,0,0,02 - Minor,2,1,1,,,351995.384,5022395.317,45.33991775,-75.89779827,2302
16--12501,2016/12/01,2:40 PM,BELCOURT BLVD @ ST. JOSEPH BLVD (0004138),4138,03 - At intersection,02 - Non-fatal injury,02 - Angle,02 - Rain,01 - Daylight,02 - Wet,01 - Traffic signal,01 - Functioning,2,0,0,0,02 - Minor,1,,1,,,381206.3965,5037359.011,45.47197719,-75.52279801,2303
16--12502,2016/12/01,2:45 PM,INNES RD @ STONEHENGE CRES E (0009355),9355,03 - At intersection,03 - P.D. only,02 - Angle,02 - Rain,01 - Daylight,02 - Wet,01 - Traffic signal,01 - Functioning,2,0,0,0,,0,,,,,375363.0839,5031312.894,45.41819269,-75.59838858,2304
16--12503,2016/12/01,2:50 PM,BLAIR RD @ INNES RD (0004165),4165,02 - Intersection related,02 - Non-fatal injury,03 - Rear end,02 - Rain,01 - Daylight,02 - Wet,01 - Traffic signal,01 - Functioning,2,0,0,0,02 - Minor,2,,2,,,375581.2194,5031439.969,45.41931401,-75.59558348,2305
16--12504,2016/12/01,3:07 PM,REGIONAL ROAD 174 btwn OR174 IC105 RAMP35 & OR174 IC105 RAMP25 (__3ZA27E),__3ZA27E,01 - Non intersection,03 - P.D. only,03 - Rear end,03 - Snow,01 - Daylight,02 - Wet,10 - No control,,2,0,0,0,,0,,,,,379638.3838,5037132.742,45.47011119,-75.54288378,2306
16--12505,2016/12/01,3:30 PM,BYRON AVE @ HOLLAND AVE (0005636),5636,02 - Intersection related,03 - P.D. only,04 - Sideswipe,02 - Rain,01 - Daylight,02 - Wet,02 - Stop sign,00 - Unknown,2,0,0,0,,0,,,,,365012.2158,5028957.313,45.39796508,-75.73092025,2307
16--12506,2016/12/01,3:40 PM,BOURASSA ST @ GLADWIN CRES (0008393),8393,03 - At intersection,03 - P.D. only,02 - Angle,"07 - Fog, mist, smoke, dust",01 - Daylight,01 - Dry,03 - Yield sign,01 - Functioning,2,0,0,0,,0,,,,,373353.7301,5029739.551,45.40423627,-75.62427861,2308
16--12507,2016/12/01,4:14 PM,BASELINE RD btwn MORLEY BLVD & PRINCE OF WALES DR (__3ZA4JU),__3ZA4JU,01 - Non intersection,02 - Non-fatal injury,03 - Rear end,02 - Rain,05 - Dusk,02 - Wet,10 - No control,,3,0,0,0,02 - Minor,1,,1,,,366776.1984,5026409.228,45.37488412,-75.70871131,2309
16--12508,2016/12/01,4:15 PM,REGIONAL ROAD 174 EB btwn OR174 IC109 RAMP55 & TRANSIT (__3ZA28V),__3ZA28V,01 - Non intersection,03 - P.D. only,07 - SMV other,02 - Rain,05 - Dusk,02 - Wet,10 - No control,,1,0,0,0,,0,,,,,376541.191,5035143.687,45.45254,-75.58277914,2310
16--12509,2016/12/01,4:33 PM,NEW ORCHARD AVE @ RICHMOND RD (0011467),11467,03 - At intersection,03 - P.D. only,05 - Turning movement,02 - Rain,05 - Dusk,02 - Wet,01 - Traffic signal,01 - Functioning,2,0,0,0,,0,,,,,361293.4579,5026219.741,45.37364261,-75.77872869,2311
16--1251,2016/01/27,3:10 PM,AVENUE R @ TREMBLAY RD (0007691),7691,02 - Intersection related,03 - P.D. only,05 - Turning movement,01 - Clear,01 - Daylight,02 - Wet,02 - Stop sign,01 - Functioning,2,0,0,0,,0,,,,,371916.3884,5031361.677,45.41897074,-75.64241659,2312
16--12335,2016/11/25,7:47 AM,BLACKBURN BYPASS WB btwn NAVAN RD & 1700 W OF NAVAN RD (__3ZA3J5B),__3ZA3J5B,01 - Non intersection,02 - Non-fatal injury,07 - SMV other,02 - Rain,01 - Daylight,02 - Wet,10 - No control,,1,0,0,0,01 - Minimal,1,1,,,,378886.9224,5032816.186,45.43135404,-75.55314309,2313
16--12512,2016/12/01,5:07 PM,MORRISON DR @ BASELINE RD (0002570),2570,02 - Intersection related,03 - P.D. only,03 - Rear end,01 - Clear,07 - Dark,01 - Dry,01 - Traffic signal,01 - Functioning,2,0,0,0,,0,,,,,360097.1827,5022308.251,45.33854253,-75.7944383,2314
16--12336,2016/11/25,7:51 AM,CLEMENTINE BLVD @ HERON RD (0006858),6858,03 - At intersection,03 - P.D. only,07 - SMV other,03 - Snow,01 - Daylight,04 - Slush,01 - Traffic signal,01 - Functioning,1,0,0,0,,0,,,,,369548.549,5026787.778,45.3780395,-75.67326897,2315
16--12151,2016/11/22,3:49 PM,FALLOWFIELD RD @ MERIVALE RD (0000587),587,03 - At intersection,02 - Non-fatal injury,05 - Turning movement,01 - Clear,01 - Daylight,02 - Wet,01 - Traffic signal,01 - Functioning,2,0,0,0,02 - Minor,1,,1,,,366891.7126,5018844.706,45.30680964,-75.70818597,2316
16--11974,2016/11/18,5:36 PM,BELFAST RD @ COVENTRY RD (0002646),2646,02 - Intersection related,03 - P.D. only,03 - Rear end,01 - Clear,07 - Dark,02 - Wet,01 - Traffic signal,00 - Unknown,2,0,0,0,,0,,,,,371525.3774,5031641.979,45.42153017,-75.64737424,2317
16--12337,2016/11/25,8:00 AM,HIGHWAY 417 btwn HWY417 IC122 RAMP15 & HWY417 IC121B RAMP51 (__3ZA2RB),__3ZA2RB,01 - Non intersection,03 - P.D. only,03 - Rear end,01 - Clear,01 - Daylight,02 - Wet,10 - No control,,2,0,0,0,,0,,,,,366077.5056,5029320.429,45.40113989,-75.71726965,2318
16--12513,2016/12/01,5:10 PM,STRANDHERD DR @ LONGFIELDS DR (0010935),10935,02 - Intersection related,03 - P.D. only,04 - Sideswipe,01 - Clear,07 - Dark,02 - Wet,01 - Traffic signal,01 - Functioning,2,0,0,0,,0,,,,,364549.6387,5015174.567,45.27398899,-75.73849223,2319
16--12152,2016/11/22,4:08 PM,PARKWAY RD @ SALE BARN RD (0005819),5819,03 - At intersection,02 - Non-fatal injury,02 - Angle,01 - Clear,05 - Dusk,02 - Wet,02 - Stop sign,01 - Functioning,2,0,0,0,02 - Minor,2,,2,,,379610.3957,5014727.023,45.2685212,-75.54663465,2320
16--12338,2016/11/25,8:00 PM,BISHOPS MILLS WAY btwn EDENVALE DR & KETTLEBY ST (__3ZA1I0),__3ZA1I0,04 - At/near private drive,03 - P.D. only,06 - SMV unattended vehicle,02 - Rain,07 - Dark,02 - Wet,10 - No control,,1,0,0,0,,0,,,,,352472.7267,5020077.421,45.31902859,-75.89193105,2321
16--11975,2016/11/18,5:39 PM,BANK ST btwn HOPEWELL AVE & GLEN AVE (__3ZA3N3),__3ZA3N3,01 - Non intersection,03 - P.D. only,04 - Sideswipe,01 - Clear,07 - Dark,01 - Dry,10 - No control,,2,0,0,0,,0,,,,,368776.6406,5028486.928,45.39339885,-75.6829037,2322
16--12514,2016/12/01,5:14 PM,CONROY RD @ HUNT CLUB RD (0002257),2257,02 - Intersection related,03 - P.D. only,03 - Rear end,02 - Rain,07 - Dark,02 - Wet,01 - Traffic signal,01 - Functioning,2,0,0,0,,0,,,,,373765.3963,5025404.109,45.36518746,-75.61962624,2323
16--12339,2016/11/25,8:00 PM,DALY AVE btwn COURT HOUSE LANE & WALLER ST (__3ZAZBH),__3ZAZBH,01 - Non intersection,03 - P.D. only,06 - SMV unattended vehicle,01 - Clear,07 - Dark,01 - Dry,10 - No control,,1,0,0,0,,0,,,,,368333.7266,5032114.238,45.42607653,-75.68809244,2324
16--12153,2016/11/22,4:18 AM,BYRON AVE btwn WOODROFFE AVE & LOCKHART AVE (__3ZAAZD),__3ZAAZD,01 - Non intersection,03 - P.D. only,06 - SMV unattended vehicle,03 - Snow,07 - Dark,03 - Loose snow,10 - No control,,1,0,0,0,,0,,,,,361619.2178,5026655.596,45.37753806,-75.77451979,2325
16--11976,2016/11/18,5:42 PM,GREENBANK RD @ JOCKVALE RD (0010360),10360,02 - Intersection related,03 - P.D. only,03 - Rear end,01 - Clear,07 - Dark,01 - Dry,01 - Traffic signal,01 - Functioning,3,0,0,0,,0,,,,,364120.8596,5014330.827,45.2664333,-75.74405732,2326
16--12154,2016/11/22,4:34 PM,LOLA ST @ DONALD ST (0008513),8513,03 - At intersection,02 - Non-fatal injury,07 - SMV other,01 - Clear,05 - Dusk,01 - Dry,01 - Traffic signal,01 - Functioning,1,0,0,2,02 - Minor,1,,1,,,371093.0697,5032361.654,45.4280466,-75.65280086,2327
16--1234,2016/01/27,1:15 PM,HINCKS LANE @ RIVERSIDE DR (0011354),11354,02 - Intersection related,03 - P.D. only,03 - Rear end,01 - Clear,01 - Daylight,01 - Dry,01 - Traffic signal,01 - Functioning,2,0,0,0,,0,,,,,370166.4964,5030205.346,45.4087322,-75.66492687,2328
16--12515,2016/12/01,5:18 PM,LENESTER AVE @ MAITLAND AVE (0010867),10867,02 - Intersection related,03 - P.D. only,03 - Rear end,03 - Snow,07 - Dark,02 - Wet,02 - Stop sign,01 - Functioning,2,0,0,0,,0,,,,,363078.8898,5026145.665,45.37282987,-75.75594412,2329
16--11977,2016/11/18,5:55 AM,ROCKDALE RD btwn COLONIAL RD & END (__3ZA1OP),__3ZA1OP,01 - Non intersection,03 - P.D. only,07 - SMV other,01 - Clear,07 - Dark,08 - Loose sand or gravel,10 - No control,,1,0,0,0,,0,,,,,391402.4301,5032703.497,45.42890241,-75.39323817,2330
16--12155,2016/11/22,4:46 PM,LEES AVE / GRAHAM AVE @ MAIN ST (0002252),2252,02 - Intersection related,03 - P.D. only,02 - Angle,01 - Clear,05 - Dusk,01 - Dry,01 - Traffic signal,01 - Functioning,2,0,0,0,,0,,,,,369001.7965,5030560.343,45.41203414,-75.67975842,2331
16--12156,2016/11/22,5:05 PM,PRINCE OF WALES DR @ MERIVALE RD (0000564),564,02 - Intersection related,03 - P.D. only,03 - Rear end,01 - Clear,07 - Dark,06 - Ice,01 - Traffic signal,01 - Functioning,2,0,0,0,,0,,,,,367449.7113,5017618.531,45.29572713,-75.70122582,2332
16--12157,2016/11/22,5:11 PM,TERRY FOX DR btwn HUNTSVILLE DR & OLD SECOND LINE RD (__8IAYIU),__8IAYIU,01 - Non intersection,03 - P.D. only,07 - SMV other,01 - Clear,07 - Dark,01 - Dry,10 - No control,,1,0,0,0,,0,,,,,348645.954,5022275.023,45.33905265,-75.94054473,2333
16--12158,2016/11/22,5:15 PM,OTTAWA RIVER PKWY WB btwn TUNNEY'S PASTURE/REMIC RAPIDS ENT & PARKDALE (__3ZA24KA),__3ZA24KA,01 - Non intersection,03 - P.D. only,03 - Rear end,01 - Clear,07 - Dark,01 - Dry,10 - No control,,2,0,0,0,,0,,,,,364033.6638,5030043.282,45.40781989,-75.74328757,2334
16--12159,2016/11/22,5:17 PM,AMIENS ST @ TENTH LINE RD (0004168),4168,03 - At intersection,02 - Non-fatal injury,05 - Turning movement,01 - Clear,07 - Dark,01 - Dry,01 - Traffic signal,01 - Functioning,3,0,0,0,02 - Minor,1,,1,,,383352.5084,5037567.566,45.47361549,-75.4953211,2335