Anom_ID,Accident_Date,Accident_Time,Location,Geo_ID,Accident_Location,Classification_of_Accident,Initial_Impact_Type,Environment_Condition,Light,Road_Surface_Condition,Traffic_Control,Traffic_Control_Condition,No__of_Vehicles,No__of_Bicycles,No__of_Motorcycles,No__of_Pedestrians,Max_Injury,No__of_Injuries,No__of_Minimal,No__of_Minor,No__of_Major,No__of_Fatal,X,Y,Latitude,Longitude,ObjectId
16--1216,2016/01/26,5:02 PM,HUNT CLUB RD btwn LORRY GREENBERG DR & PIKE ST (__3ZA3S3),__3ZA3S3,04 - At/near private drive,03 - P.D. only,02 - Angle,01 - Clear,05 - Dusk,02 - Wet,10 - No control,,2,0,0,0,,0,,,,,372830.6199,5024812.166,45.35995273,-75.63163918,2336
16--12160,2016/11/22,5:23 PM,JEANNE D'ARC BLVD N/OR174 IC105 RAMP63 @ TRANS (0012413),12413,02 - Intersection related,03 - P.D. only,03 - Rear end,01 - Clear,07 - Dark,03 - Loose snow,01 - Traffic signal,01 - Functioning,2,0,0,0,,0,,,,,379341.1753,5037115.918,45.46999161,-75.54668683,2337
16--12161,2016/11/22,5:25 PM,OLD INNES RD @ BANTREE ST (0007674),7674,03 - At intersection,03 - P.D. only,02 - Angle,01 - Clear,07 - Dark,02 - Wet,02 - Stop sign,01 - Functioning,3,0,0,0,,0,,,,,373727.3107,5030352.44,45.40971406,-75.61942129,2338
16--12162,2016/11/22,6:03 PM,ALTA VISTA DR btwn AYERS AVE & RIDGEMONT AVE (__3ZBORT),__3ZBORT,01 - Non intersection,03 - P.D. only,03 - Rear end,03 - Snow,07 - Dark,03 - Loose snow,10 - No control,,2,0,0,0,,0,,,,,370517.5138,5026474.695,45.37513227,-75.6609399,2339
16--12163,2016/11/22,6:54 PM,LARKIN DR btwn LAMING ST & CARROLL CRT (__3ZAB8K),__3ZAB8K,01 - Non intersection,03 - P.D. only,06 - SMV unattended vehicle,01 - Clear,07 - Dark,01 - Dry,10 - No control,,1,0,0,0,,0,,,,,362046.6613,5015667.096,45.27862902,-75.77033317,2340
16--12164,2016/11/22,6:57 PM,CAMELOT DR btwn CLEOPATRA DR & BENTLEY AVE (__3ZA6KC),__3ZA6KC,01 - Non intersection,03 - P.D. only,06 - SMV unattended vehicle,01 - Clear,07 - Dark,01 - Dry,10 - No control,,1,0,0,0,,0,,,,,365565.2713,5021424.032,45.33013416,-75.72478319,2341
16--12165,2016/11/22,7:06 PM,MCARTHUR AVE @ VANIER PKWY (0004626),4626,03 - At intersection,03 - P.D. only,03 - Rear end,01 - Clear,07 - Dark,02 - Wet,01 - Traffic signal,01 - Functioning,2,0,0,0,,0,,,,,370219.5332,5032690.172,45.43108472,-75.66391946,2342
16--12166,2016/11/22,7:10 AM,TENTH LINE RD @ CHARLEMAGNE BLVD N/TOMPKINS AV (0009222),9222,02 - Intersection related,03 - P.D. only,04 - Sideswipe,03 - Snow,03 - Dawn,03 - Loose snow,01 - Traffic signal,01 - Functioning,2,0,0,0,,0,,,,,383183.6944,5037977.986,45.47732704,-75.49741439,2343
16--12167,2016/11/22,7:22 AM,PARKWAY RD @ SALE BARN RD (0005819),5819,03 - At intersection,02 - Non-fatal injury,02 - Angle,01 - Clear,01 - Daylight,03 - Loose snow,02 - Stop sign,01 - Functioning,2,0,0,0,02 - Minor,3,1,2,,,379606.1212,5014727.023,45.26852166,-75.54668912,2344
16--12168,2016/11/22,7:26 AM,MITCH OWENS RD btwn 8TH LINE RD & ANDERSON RD (__3ZA20Q),__3ZA20Q,01 - Non intersection,03 - P.D. only,07 - SMV other,05 - Drifting Snow,01 - Daylight,06 - Ice,10 - No control,,1,0,0,0,,0,,,,,382448.1011,5018823.105,45.30506784,-75.50983592,2345
16--12169,2016/11/22,7:40 AM,TENTH LINE RD @ WALL RD (0004719),4719,03 - At intersection,03 - P.D. only,02 - Angle,01 - Clear,01 - Daylight,04 - Slush,02 - Stop sign,01 - Functioning,2,0,0,0,,0,,,,,385152.7816,5033308.256,45.4350894,-75.47299534,2346
16--1217,2016/01/26,5:12 PM,FINDLAY CREEK DR btwn DEVONWOOD CIRC & BANK ST (__45KVBB),__45KVBB,04 - At/near private drive,03 - P.D. only,02 - Angle,01 - Clear,05 - Dusk,02 - Wet,10 - No control,,2,0,0,0,,0,,,,,375744.0706,5020398.275,45.3199497,-75.59508858,2347
16--12170,2016/11/22,7:49 AM,CURLEW PL btwn SWANS WAY & END (__3ZA4B5),__3ZA4B5,01 - Non intersection,03 - P.D. only,07 - SMV other,01 - Clear,01 - Daylight,01 - Dry,10 - No control,,1,0,0,0,,0,,,,,373709.4995,5035381.784,45.45496722,-75.61894495,2348
16--12171,2016/11/22,8:00 PM,EARL ARMSTRONG RD btwn LIMEBANK RD & BOWESVILLE RD (__3ZA6LB),__3ZA6LB,01 - Non intersection,03 - P.D. only,07 - SMV other,01 - Clear,07 - Dark,06 - Ice,10 - No control,,1,0,0,0,,0,,,,,371021.8928,5016472.52,45.28508798,-75.65583888,2349
16--12172,2016/11/22,8:14 AM,MANOTICK STATION RD btwn HERBERTS CORNERS RD & SNAKE ISLAND RD (__3ZA71F),__3ZA71F,01 - Non intersection,03 - P.D. only,07 - SMV other,01 - Clear,01 - Daylight,06 - Ice,10 - No control,,1,0,0,0,,0,,,,,376615.6368,5006049.304,45.19075374,-75.58604643,2350
16--12173,2016/11/22,8:19 AM,EAGLESON RD @ FLEWELLYN RD (0000121),121,03 - At intersection,02 - Non-fatal injury,02 - Angle,01 - Clear,01 - Daylight,05 - Packed snow,02 - Stop sign,01 - Functioning,2,0,0,0,02 - Minor,3,1,2,,,355333.404,5014247.206,45.26636711,-75.85603917,2351
16--12174,2016/11/22,8:43 AM,TIMBERLINE PRIV @ CRESTHAVEN DR (0010946),10946,03 - At intersection,03 - P.D. only,02 - Angle,01 - Clear,01 - Daylight,04 - Slush,02 - Stop sign,01 - Functioning,2,0,0,0,,0,,,,,366725.0763,5015489.945,45.27663852,-75.71072958,2352
16--12175,2016/11/22,8:54 AM,WOODROFFE AVE btwn FALLOWFIELD RD & EARL MULLIGAN DR (__3ZA3IL),__3ZA3IL,01 - Non intersection,03 - P.D. only,04 - Sideswipe,01 - Clear,01 - Daylight,01 - Dry,10 - No control,,2,0,0,0,,0,,,,,365099.2005,5017872.015,45.29821361,-75.73116089,2353
16--12176,2016/11/22,9:20 AM,ALTA VISTA DR @ CLUNY ST (0007989),7989,02 - Intersection related,02 - Non-fatal injury,03 - Rear end,01 - Clear,01 - Daylight,06 - Ice,02 - Stop sign,00 - Unknown,2,0,0,0,01 - Minimal,1,1,,,,370541.7257,5029824.973,45.4052746,-75.66018446,2354
16--12177,2016/11/22,9:22 AM,BANK ST @ RIDEAU RD (0009263),9263,02 - Intersection related,03 - P.D. only,03 - Rear end,03 - Snow,01 - Daylight,02 - Wet,01 - Traffic signal,00 - Unknown,2,0,0,0,,0,,,,,376953.9243,5017843.23,45.29683719,-75.58003053,2355
16--12178,2016/11/22,9:50 PM,TRIM RD btwn PINNACLE ST & WALL RD (2) (__3ZA6UHB),__3ZA6UHB,01 - Non intersection,03 - P.D. only,07 - SMV other,01 - Clear,07 - Dark,01 - Dry,10 - No control,,1,0,0,0,,0,,,,,387593.1759,5034754.413,45.44781578,-75.44156618,2356
16--12179,2016/11/22,9:52 PM,METCALFE ST btwn FRANK ST & GLADSTONE AVE (__3ZA3QB),__3ZA3QB,01 - Non intersection,03 - P.D. only,04 - Sideswipe,01 - Clear,07 - Dark,01 - Dry,10 - No control,,2,0,0,0,,0,,,,,368227.8577,5030753.862,45.41384594,-75.68962035,2357
16--1218,2016/01/26,5:17 PM,BLAIR RD btwn OR174 IC112 RAMP15 & MEADOWBROOK RD (__3ZA2E1),__3ZA2E1,01 - Non intersection,03 - P.D. only,03 - Rear end,01 - Clear,05 - Dusk,02 - Wet,10 - No control,,2,0,0,0,,0,,,,,374944.6575,5032614.816,45.42994875,-75.60354893,2358
16--12180,2016/11/23,1:00 PM,HUNT CLUB RD @ TRANSITWAY OFFRAMP (0010854),10854,02 - Intersection related,03 - P.D. only,03 - Rear end,01 - Clear,01 - Daylight,01 - Dry,02 - Stop sign,01 - Functioning,3,0,0,0,,0,,,,,371093.2483,5023748.395,45.3505477,-75.65395563,2359
16--12181,2016/11/23,1:07 PM,MCBEAN ST @ PERTH ST (0000124),124,02 - Intersection related,03 - P.D. only,03 - Rear end,01 - Clear,01 - Daylight,01 - Dry,01 - Traffic signal,00 - Unknown,3,0,0,0,,0,,,,,356743.9928,5006255.95,45.19435695,-75.83889901,2360
16--12182,2016/11/23,1:29 PM,VICTORIA ST btwn BOWEN ST & 8TH LINE RD (__3ZA20C),__3ZA20C,01 - Non intersection,03 - P.D. only,06 - SMV unattended vehicle,01 - Clear,01 - Daylight,01 - Dry,10 - No control,,1,0,0,0,,0,,,,,385363.7392,5011114.29,45.23538057,-75.47391238,2361
16--12183,2016/11/23,1:40 AM,THORSON AVE btwn STANTON RD & SOUTHWOOD DR (__3ZABI1),__3ZABI1,01 - Non intersection,03 - P.D. only,06 - SMV unattended vehicle,01 - Clear,07 - Dark,05 - Packed snow,10 - No control,,1,0,0,0,,0,,,,,361169.0924,5023029.913,45.34495073,-75.78068017,2362
16--12184,2016/11/23,10:01 AM,SHEFFIELD RD @ WALKLEY RD (0005156),5156,02 - Intersection related,02 - Non-fatal injury,03 - Rear end,01 - Clear,01 - Daylight,01 - Dry,01 - Traffic signal,01 - Functioning,3,0,0,0,01 - Minimal,1,1,,,,375258.5633,5028784.125,45.3954507,-75.60008529,2363
16--12185,2016/11/23,10:28 AM,PICKFORD DR btwn HARMON WAY & ALMOND LANE (__3ZBNDV),__3ZBNDV,04 - At/near private drive,03 - P.D. only,06 - SMV unattended vehicle,01 - Clear,01 - Daylight,03 - Loose snow,10 - No control,,1,0,0,0,,0,,,,,352888.8279,5018456.67,45.30441635,-75.88678125,2364
16--12186,2016/11/23,10:31 AM,FIRST LINE RD btwn CENTURY RD E & CARSONBY RD E (__3ZA98Q),__3ZA98Q,01 - Non intersection,03 - P.D. only,07 - SMV other,06 - Strong wind,01 - Daylight,02 - Wet,10 - No control,,1,0,0,0,,0,,,,,367803.4352,5007406.407,45.20380735,-75.6980106,2365
16--12187,2016/11/23,11:01 AM,FALLOWFIELD RD @ GREENBANK RD (0000549),549,02 - Intersection related,02 - Non-fatal injury,03 - Rear end,01 - Clear,01 - Daylight,01 - Dry,01 - Traffic signal,01 - Functioning,2,0,0,0,01 - Minimal,1,1,,,,363079.8475,5016731.213,45.28811908,-75.75704029,2366
16--12188,2016/11/23,11:21 AM,LOTTA AVE @ PENDER ST (0001433),1433,03 - At intersection,03 - P.D. only,02 - Angle,01 - Clear,01 - Daylight,02 - Wet,02 - Stop sign,01 - Functioning,2,0,0,0,,0,,,,,364145.8008,5024285.631,45.356004,-75.74254727,2367
16--12189,2016/11/23,11:38 AM,VIEWMOUNT DR btwn GLENMANOR DR & MERIVALE RD (__3ZAASQ),__3ZAASQ,04 - At/near private drive,03 - P.D. only,02 - Angle,01 - Clear,01 - Daylight,01 - Dry,10 - No control,,2,0,0,0,,0,,,,,365185.1351,5022943.446,45.34383848,-75.72944695,2368
16--1219,2016/01/26,5:22 PM,REGIONAL ROAD 174 btwn OR174 IC105 RAMP35 & OR174 IC105 RAMP25 (__3ZA27E),__3ZA27E,01 - Non intersection,03 - P.D. only,04 - Sideswipe,01 - Clear,05 - Dusk,01 - Dry,10 - No control,,2,0,0,0,,0,,,,,379813.7184,5037231.768,45.47098334,-75.5406266,2369
16--12190,2016/11/23,11:39 AM,LAURIER AVE   W btwn METCALFE ST & ELGIN ST (__3ZA35P),__3ZA35P,04 - At/near private drive,03 - P.D. only,02 - Angle,01 - Clear,01 - Daylight,01 - Dry,10 - No control,,2,0,0,0,,0,,,,,367801.4802,5031457.171,45.4202126,-75.69497746,2370
16--12191,2016/11/23,11:53 AM,LEMIEUX ST @ ST. LAURENT BLVD (0002021),2021,03 - At intersection,02 - Non-fatal injury,02 - Angle,01 - Clear,01 - Daylight,01 - Dry,01 - Traffic signal,01 - Functioning,2,0,0,0,02 - Minor,2,,2,,,372391.9442,5031741.906,45.42234608,-75.63628868,2371
16--12192,2016/11/23,Unknown,SEELEY'S BAY ST btwn BURRITTS RAPIDS PL & WATERCOLOURS WAY (__737L17),__737L17,01 - Non intersection,03 - P.D. only,06 - SMV unattended vehicle,01 - Clear,00 - Unknown,06 - Ice,10 - No control,,1,0,0,0,,0,,,,,363893.772,5012536.586,45.25030777,-75.7471643,2372
16--12193,2016/11/23,12:02 PM,BENTLEY AVE btwn SUNDERLAND ST & CAMELOT DR (__3ZA53R),__3ZA53R,04 - At/near private drive,03 - P.D. only,02 - Angle,01 - Clear,01 - Daylight,02 - Wet,10 - No control,,2,0,0,0,,0,,,,,366125.2411,5021819.756,45.33364613,-75.71759098,2373
16--12194,2016/11/23,2:26 AM,PARKWAY RD btwn YORKS CORNERS RD & BLACKCREEK RD (__3ZA6VS),__3ZA6VS,01 - Non intersection,03 - P.D. only,07 - SMV other,03 - Snow,07 - Dark,05 - Packed snow,10 - No control,,1,0,0,0,,0,,,,,387894.5824,5019756.376,45.31284149,-75.44023778,2374
16--12195,2016/11/23,2:51 PM,BESSERER ST @ NICHOLAS ST (0007614),7614,03 - At intersection,03 - P.D. only,02 - Angle,01 - Clear,01 - Daylight,01 - Dry,01 - Traffic signal,01 - Functioning,2,0,0,0,,0,,,,,368184.6112,5032111.36,45.42606416,-75.68999819,2375
16--12196,2016/11/23,3:41 PM,RENSHAW AVE btwn DELAMERE DR & HOBIN ST (__3ZA5IE),__3ZA5IE,04 - At/near private drive,03 - P.D. only,99 - Other,01 - Clear,01 - Daylight,01 - Dry,10 - No control,,2,0,0,0,,0,,,,,349058.9019,5013707.82,45.26193634,-75.93604074,2376
16--12197,2016/11/23,3:54 PM,ANDERSON RD/WEIR RD @ RENAUD RD (0003583),3583,03 - At intersection,03 - P.D. only,02 - Angle,01 - Clear,01 - Daylight,01 - Dry,11 - Roundabout,01 - Functioning,2,0,0,0,,0,,,,,377768.929,5031503.652,45.41966224,-75.56762396,2377
16--12198,2016/11/23,4:21 PM,MOODIE DR @ 340 S OF CARLING AVE/NORTEL NORTH  (0005063),5063,02 - Intersection related,03 - P.D. only,07 - SMV other,01 - Clear,05 - Dusk,06 - Ice,01 - Traffic signal,01 - Functioning,1,0,0,0,,0,,,,,356005.1732,5023613.915,45.35060161,-75.84651139,2378
16--12199,2016/11/23,4:25 PM,BLACKBURN BYPASS WB btwn NAVAN RD & 1700 W OF NAVAN RD (__3ZA3J5B),__3ZA3J5B,01 - Non intersection,03 - P.D. only,03 - Rear end,01 - Clear,05 - Dusk,01 - Dry,10 - No control,,2,0,0,0,,0,,,,,379563.4897,5033223.885,45.43495023,-75.54443562,2379
16--122,2016/01/04,7:25 AM,MONTREAL RD @ VANIER PKWY (0004630),4630,02 - Intersection related,03 - P.D. only,03 - Rear end,01 - Clear,03 - Dawn,01 - Dry,01 - Traffic signal,01 - Functioning,2,0,0,0,,0,,,,,370071.9593,5033065.967,45.43447975,-75.66575548,2380
16--1220,2016/01/26,5:28 PM,MONTREAL RD @ ST. LAURENT BLVD (0002604),2604,02 - Intersection related,03 - P.D. only,03 - Rear end,01 - Clear,05 - Dusk,02 - Wet,01 - Traffic signal,01 - Functioning,2,0,0,0,,0,,,,,371545.3792,5033817.219,45.44110008,-75.64682383,2381
16--12200,2016/11/23,4:34 PM,MONTREAL RD @ VANIER PKWY (0004630),4630,02 - Intersection related,03 - P.D. only,03 - Rear end,01 - Clear,05 - Dusk,01 - Dry,01 - Traffic signal,01 - Functioning,2,0,0,0,,0,,,,,370070.2253,5033064.35,45.43446537,-75.66577785,2382
16--12201,2016/11/23,4:43 PM,LEMIEUX ST @ ST. LAURENT BLVD (0002021),2021,03 - At intersection,03 - P.D. only,05 - Turning movement,01 - Clear,05 - Dusk,01 - Dry,01 - Traffic signal,01 - Functioning,2,0,0,0,,0,,,,,372390.8965,5031742.978,45.42235583,-75.63630192,2383
16--12202,2016/11/23,4:44 PM,AVIATION PKWY @ OGILVIE RD (0004114),4114,02 - Intersection related,03 - P.D. only,03 - Rear end,01 - Clear,05 - Dusk,01 - Dry,01 - Traffic signal,01 - Functioning,2,0,0,0,,0,,,,,373109.0579,5032377.828,45.42799814,-75.62703805,2384
16--12203,2016/11/23,4:45 PM,CURRAN ST btwn KATIMAVIK RD & MCCURDY DR (__3ZACYB),__3ZACYB,01 - Non intersection,03 - P.D. only,06 - SMV unattended vehicle,01 - Clear,05 - Dusk,02 - Wet,10 - No control,,1,0,0,0,,0,,,,,351540.1899,5018407.803,45.30406766,-75.90398247,2385
16--12204,2016/11/23,4:50 PM,KING EDWARD AVE @ MURRAY ST (0002713),2713,03 - At intersection,03 - P.D. only,04 - Sideswipe,01 - Clear,05 - Dusk,01 - Dry,01 - Traffic signal,01 - Functioning,2,0,0,0,,0,,,,,368291.1007,5032753.402,45.43183137,-75.68855471,2386
16--12205,2016/11/23,4:51 PM,GRANT CARMAN DR @ MEADOWLANDS DR (0001111),1111,03 - At intersection,02 - Non-fatal injury,03 - Rear end,01 - Clear,05 - Dusk,01 - Dry,01 - Traffic signal,01 - Functioning,2,0,0,0,01 - Minimal,1,1,,,,365052.5223,5023901.921,45.35247411,-75.73102225,2387
16--12206,2016/11/23,5:03 PM,DWYER HILL RD btwn RAMP & GOLF CLUB WAY (__7JQ7LU),__7JQ7LU,01 - Non intersection,03 - P.D. only,07 - SMV other,01 - Clear,07 - Dark,02 - Wet,10 - No control,,1,0,0,0,,0,,,,,341358.5065,5006854,45.20070415,-76.03466129,2388
16--12207,2016/11/23,5:19 PM,HAWTHORNE RD @ LEITRIM RD (0009269),9269,02 - Intersection related,03 - P.D. only,03 - Rear end,01 - Clear,07 - Dark,01 - Dry,01 - Traffic signal,01 - Functioning,4,0,0,0,,0,,,,,377041.2462,5022710.745,45.34062396,-75.57820741,2389
16--12208,2016/11/23,5:37 PM,HAIG DR @ SMYTH RD (0007736),7736,03 - At intersection,02 - Non-fatal injury,05 - Turning movement,01 - Clear,07 - Dark,01 - Dry,01 - Traffic signal,01 - Functioning,2,0,0,0,02 - Minor,1,,1,,,372564.5054,5029298.768,45.40034714,-75.63441976,2390
16--12209,2016/11/23,5:43 PM,CARLING AVE WB btwn CARLINGWOOD SC/FAIRLAWN PLAZA SC & FAIRLAWN AVE/WOODROFFE AVE (__3ZA4WIA),__3ZA4WIA,01 - Non intersection,03 - P.D. only,04 - Sideswipe,01 - Clear,07 - Dark,01 - Dry,10 - No control,,2,0,0,0,,0,,,,,362033.9342,5025915.955,45.37084909,-75.76931075,2391
16--1221,2016/01/26,6:32 PM,HIGHWAY 417 btwn HWY417 IC122 RAMP61 & HWY417 IC121B RAMP16 (__3ZA2Y4),__3ZA2Y4,01 - Non intersection,02 - Non-fatal injury,03 - Rear end,01 - Clear,07 - Dark,02 - Wet,10 - No control,,2,0,0,0,01 - Minimal,2,2,,,,366072.7378,5029343.903,45.40135152,-75.71732763,2392
16--12210,2016/11/23,5:46 PM,FRANK KENNY RD E @ INNES RD (0004625),4625,03 - At intersection,02 - Non-fatal injury,02 - Angle,01 - Clear,07 - Dark,01 - Dry,02 - Stop sign,01 - Functioning,2,0,0,0,01 - Minimal,2,2,,,,387870.2415,5037737.071,45.47461772,-75.4375208,2393
16--12211,2016/11/23,6:12 PM,BANK ST @ RIVERSIDE DR N (0010778),10778,02 - Intersection related,03 - P.D. only,04 - Sideswipe,01 - Clear,07 - Dark,01 - Dry,01 - Traffic signal,01 - Functioning,2,0,0,0,,0,,,,,369226.3417,5027984.344,45.38883554,-75.67722643,2394
16--12212,2016/11/23,6:25 AM,BANK ST @ WELLINGTON ST (0002039),2039,03 - At intersection,02 - Non-fatal injury,07 - SMV other,01 - Clear,07 - Dark,01 - Dry,01 - Traffic signal,01 - Functioning,1,0,0,1,01 - Minimal,1,1,,,,367256.0507,5031630.644,45.42182236,-75.70192419,2395
16--12213,2016/11/23,6:28 PM,EWING ST @ JOHNSTON RD (0008253),8253,03 - At intersection,03 - P.D. only,02 - Angle,01 - Clear,07 - Dark,02 - Wet,02 - Stop sign,01 - Functioning,2,0,0,0,,0,,,,,373637.737,5026421.529,45.37435433,-75.6211139,2396
16--12214,2016/11/23,6:34 PM,FALLOWFIELD RD btwn TRANSIT & 482 E OF HOLITMAN DR/BARRHAVEN CROSSING  (__5UXZZVB),__5UXZZVB,01 - Non intersection,03 - P.D. only,03 - Rear end,01 - Clear,07 - Dark,01 - Dry,10 - No control,,3,0,0,0,,0,,,,,364185.4685,5017388.936,45.29394471,-75.74286816,2397
16--12215,2016/11/23,6:36 PM,ALBERT ST @ KENT ST (OTTAWA) (0003136),3136,03 - At intersection,02 - Non-fatal injury,07 - SMV other,01 - Clear,07 - Dark,01 - Dry,01 - Traffic signal,01 - Functioning,1,0,0,1,01 - Minimal,1,1,,,,367222.523,5031318.331,45.41901526,-75.70239215,2398
16--12216,2016/11/23,6:45 AM,INNES RD @ PAGE RD (0012476),12476,02 - Intersection related,03 - P.D. only,03 - Rear end,01 - Clear,03 - Dawn,01 - Dry,01 - Traffic signal,01 - Functioning,2,0,0,0,,0,,,,,380889.4053,5034539.312,45.44664241,-75.52728794,2399
16--12217,2016/11/23,6:45 AM,CARLING AVE @ WOODROFFE AVE W (0011470),11470,02 - Intersection related,03 - P.D. only,07 - SMV other,01 - Clear,07 - Dark,06 - Ice,01 - Traffic signal,00 - Unknown,1,0,0,0,,0,,,,,361767.6836,5025725.099,45.36915348,-75.77273163,2400
16--12218,2016/11/23,7:10 AM,MOORVALE ST btwn MCARTHUR AVE & ROPER AVE (__3ZAZAV),__3ZAZAV,01 - Non intersection,03 - P.D. only,06 - SMV unattended vehicle,01 - Clear,03 - Dawn,01 - Dry,10 - No control,,1,0,0,0,,0,,,,,371452.2,5032747.546,45.43148455,-75.64815959,2401
16--12219,2016/11/23,7:20 AM,HUNT CLUB RD @ LORRY GREENBERG DR/SABLE RIDGE  (0008203),8203,02 - Intersection related,03 - P.D. only,03 - Rear end,01 - Clear,03 - Dawn,04 - Slush,01 - Traffic signal,01 - Functioning,2,0,0,0,,0,,,,,372822.9534,5024805.935,45.35989741,-75.63173788,2402
16--1222,2016/01/26,6:40 AM,HIGHWAY 417 btwn HWY417 IC134 RAMP35 & HWY417 IC134 RAMP25 (__3ZA29D),__3ZA29D,01 - Non intersection,03 - P.D. only,03 - Rear end,01 - Clear,07 - Dark,02 - Wet,10 - No control,,2,0,0,0,,0,,,,,356436.528,5022247.001,45.33827037,-75.84114943,2403
16--12220,2016/11/23,7:44 AM,SECOND LINE RD btwn THOMAS A. DOLAN PKWY & MURPHY SIDE RD (__3ZBNBL),__3ZBNBL,01 - Non intersection,03 - P.D. only,99 - Other,01 - Clear,01 - Daylight,01 - Dry,10 - No control,,2,0,0,0,,0,,,,,342652.47,5028827.428,45.39836227,-76.01651396,2404
16--12221,2016/11/23,7:46 AM,SHEARER CRES btwn STURSBERG WAY & PICKFORD DR (__3ZABCD),__3ZABCD,04 - At/near private drive,03 - P.D. only,02 - Angle,01 - Clear,01 - Daylight,06 - Ice,10 - No control,,2,0,0,0,,0,,,,,352672.0092,5018812.904,45.30763663,-75.88951152,2405
16--12222,2016/11/23,7:59 AM,BINBURY WAY btwn INVERKIP AVE & PENNARD WAY (__4LVMHN),__4LVMHN,04 - At/near private drive,03 - P.D. only,05 - Turning movement,01 - Clear,01 - Daylight,06 - Ice,10 - No control,,2,0,0,0,,0,,,,,372675.5952,5025757.175,45.36847059,-75.63348792,2406
16--12223,2016/11/23,8:22 AM,INNES RD @ STAR TOP RD/WINDMILL LANE (0008734),8734,03 - At intersection,03 - P.D. only,05 - Turning movement,01 - Clear,01 - Daylight,01 - Dry,01 - Traffic signal,01 - Functioning,2,0,0,0,,0,,,,,374147.2524,5030667.271,45.41250527,-75.61401269,2407
16--12224,2016/11/23,8:33 AM,INNES RD @ STONEHENGE CRES W (0009354),9354,02 - Intersection related,02 - Non-fatal injury,03 - Rear end,01 - Clear,01 - Daylight,01 - Dry,01 - Traffic signal,01 - Functioning,4,0,0,0,01 - Minimal,2,2,,,,375199.7412,5031216.809,45.41734463,-75.60048914,2408
16--12225,2016/11/23,8:37 PM,KELLY FARM DR btwn Continuation of KELLY FARM DR & CRESTON VALLEY WAY (__51MY7G),__51MY7G,01 - Non intersection,03 - P.D. only,06 - SMV unattended vehicle,01 - Clear,07 - Dark,01 - Dry,10 - No control,,1,0,0,0,,0,,,,,374756.3351,5020204.152,45.31830217,-75.6077133,2409
16--12226,2016/11/23,8:45 PM,GREENBANK RD @ WEST HUNT CLUB RD (0005167),5167,02 - Intersection related,03 - P.D. only,03 - Rear end,01 - Clear,07 - Dark,04 - Slush,01 - Traffic signal,01 - Functioning,2,0,0,0,,0,,,,,361478.0207,5020502.065,45.32218031,-75.77702776,2410
16--12227,2016/11/23,9:00 AM,BLAIR RD @ INNES RD (0004165),4165,02 - Intersection related,03 - P.D. only,03 - Rear end,01 - Clear,01 - Daylight,01 - Dry,01 - Traffic signal,01 - Functioning,2,0,0,0,,0,,,,,375578.7349,5031439.141,45.41930681,-75.59561534,2411
16--12228,2016/11/23,9:40 AM,CYRVILLE RD @ ST. LAURENT BLVD (0002647),2647,02 - Intersection related,03 - P.D. only,04 - Sideswipe,01 - Clear,01 - Daylight,01 - Dry,01 - Traffic signal,01 - Functioning,2,0,0,0,,0,,,,,372241.5013,5032111.8,45.42568874,-75.63816022,2412
16--12229,2016/11/24,1:49 PM,JOCKVALE RD @ FABLE ST/WEYBRIDGE DR E (0000722),722,03 - At intersection,03 - P.D. only,02 - Angle,03 - Snow,01 - Daylight,04 - Slush,11 - Roundabout,01 - Functioning,2,0,0,0,,0,,,,,362511.8518,5015142.19,45.27386786,-75.76446535,2413
16--1223,2016/01/26,7:16 PM,BANTREE ST @ SHEFFIELD RD (0008395),8395,02 - Intersection related,03 - P.D. only,03 - Rear end,01 - Clear,07 - Dark,01 - Dry,03 - Yield sign,01 - Functioning,2,0,0,0,,0,,,,,374646.5214,5030044.76,45.40685458,-75.60772296,2414
16--12230,2016/11/24,1:55 PM,MONTREAL RD @ ST. LAURENT BLVD (0002604),2604,02 - Intersection related,03 - P.D. only,04 - Sideswipe,03 - Snow,01 - Daylight,03 - Loose snow,01 - Traffic signal,01 - Functioning,2,0,0,0,,0,,,,,371545.9224,5033818.253,45.44110934,-75.64681675,2415
16--12231,2016/11/24,10:07 AM,ST. JOSEPH BLVD @ FOREST VALLEY DR/YOUVILLE DR (0004440),4440,02 - Intersection related,03 - P.D. only,07 - SMV other,03 - Snow,01 - Daylight,03 - Loose snow,01 - Traffic signal,01 - Functioning,1,0,0,0,,0,,,,,379163.9129,5036156.176,45.46137546,-75.54909874,2416
16--12232,2016/11/24,10:08 AM,AVIATION PKWY NB @ LA CITE PRIV (0009078),9078,02 - Intersection related,03 - P.D. only,07 - SMV other,01 - Clear,01 - Daylight,04 - Slush,02 - Stop sign,01 - Functioning,1,0,0,0,,0,,,,,372501.2821,5033246.722,45.43587512,-75.63468481,2417
16--12233,2016/11/24,10:25 PM,SECOND LINE RD @ THOMAS FULLER DR (0009054),9054,02 - Intersection related,03 - P.D. only,07 - SMV other,05 - Drifting Snow,07 - Dark,02 - Wet,02 - Stop sign,01 - Functioning,1,0,0,0,,0,,,,,347280.4463,5024065.513,45.35524798,-75.95781342,2418