Anom_ID,Accident_Date,Accident_Time,Location,Geo_ID,Accident_Location,Classification_of_Accident,Initial_Impact_Type,Environment_Condition,Light,Road_Surface_Condition,Traffic_Control,Traffic_Control_Condition,No__of_Vehicles,No__of_Bicycles,No__of_Motorcycles,No__of_Pedestrians,Max_Injury,No__of_Injuries,No__of_Minimal,No__of_Minor,No__of_Major,No__of_Fatal,X,Y,Latitude,Longitude,ObjectId
16--12234,2016/11/24,10:26 PM,FRANK KENNY RD btwn MCFADDEN RD & RUSSELL RD (__3ZA6IY),__3ZA6IY,01 - Non intersection,02 - Non-fatal injury,07 - SMV other,01 - Clear,07 - Dark,02 - Wet,10 - No control,,1,0,0,0,02 - Minor,1,,1,,,392506.5438,5026503.992,45.37298869,-75.38023297,2419
16--12235,2016/11/24,10:34 AM,GREENBANK RD @ BERRIGAN DR/WESSEX RD (0004726),4726,02 - Intersection related,03 - P.D. only,03 - Rear end,03 - Snow,01 - Daylight,04 - Slush,01 - Traffic signal,01 - Functioning,2,0,0,0,,0,,,,,363724.5099,5015275.182,45.27496395,-75.74899562,2420
16--12236,2016/11/24,10:42 AM,BANK ST @ FINDLAY CREEK SC/310 S OF FINDLAY CREEK DR (0013532),13532,03 - At intersection,03 - P.D. only,02 - Angle,03 - Snow,01 - Daylight,03 - Loose snow,01 - Traffic signal,02 - Not functioning,2,0,0,0,,0,,,,,375967.5345,5020175.263,45.31792052,-75.59227064,2421
16--12237,2016/11/24,10:45 AM,RICHMOND RD @ WEST HUNT CLUB RD (0000598),598,02 - Intersection related,03 - P.D. only,04 - Sideswipe,03 - Snow,01 - Daylight,03 - Loose snow,01 - Traffic signal,01 - Functioning,2,0,0,0,,0,,,,,357145.8668,5018152.682,45.30137668,-75.83253203,2422
16--12238,2016/11/24,11:00 AM,MERIVALE RD/LOTTA AVE @ CLYDE AVE (0001112),1112,03 - At intersection,03 - P.D. only,03 - Rear end,03 - Snow,01 - Daylight,02 - Wet,01 - Traffic signal,01 - Functioning,2,0,0,0,,0,,,,,364522.8832,5024507.493,45.35796827,-75.73770805,2423
16--12239,2016/11/24,11:00 AM,HARRY DOUGLAS DR @ IBER RD (0010266),10266,03 - At intersection,03 - P.D. only,05 - Turning movement,03 - Snow,01 - Daylight,03 - Loose snow,02 - Stop sign,01 - Functioning,2,0,0,0,,0,,,,,351696.5809,5015203.515,45.27522417,-75.90229124,2424
16--1224,2016/01/26,7:28 PM,KALADAR AVE btwn GREGG ST & BROOKFIELD RD (__3ZA9YR),__3ZA9YR,01 - Non intersection,03 - P.D. only,06 - SMV unattended vehicle,01 - Clear,07 - Dark,02 - Wet,10 - No control,,1,0,0,0,,0,,,,,369704.4938,5026651.065,45.37679497,-75.67129599,2425
16--11790,2016/11/14,2:39 AM,YORK ST WB btwn BYWARD MARKE SQ & SUSSEX DR (__3ZA1B0),__3ZA1B0,01 - Non intersection,03 - P.D. only,02 - Angle,01 - Clear,07 - Dark,01 - Dry,10 - No control,,2,0,0,0,,0,,,,,367870.3061,5032306.441,45.42784785,-75.69398936,2426
16--12340,2016/11/25,8:30 AM,NICHOLAS ST NB btwn HWY417 IC118 RAMP52 & WALLER ST/TRANSITWAY (__6KCFNL),__6KCFNL,01 - Non intersection,02 - Non-fatal injury,03 - Rear end,01 - Clear,01 - Daylight,02 - Wet,10 - No control,,3,0,0,0,01 - Minimal,1,1,,,,368801.2409,5031478.933,45.42031766,-75.68220115,2427
16--11791,2016/11/14,2:51 PM,INDUSTRIAL AVE btwn SANDFORD FLEMING AVE & NEIGHBORHOOD WAY (__3ZA3PC),__3ZA3PC,01 - Non intersection,03 - P.D. only,04 - Sideswipe,01 - Clear,01 - Daylight,01 - Dry,10 - No control,,2,0,0,0,,0,,,,,370979.9985,5030540.084,45.41166758,-75.65449038,2428
16--11978,2016/11/18,5:59 PM,RIVERSIDE DR SB btwn HWY417 IC117 RAMP53 & HWY417 IC117 RAMP52 (__3ZA255),__3ZA255,01 - Non intersection,02 - Non-fatal injury,04 - Sideswipe,01 - Clear,07 - Dark,01 - Dry,10 - No control,,2,0,0,0,02 - Minor,1,,1,,,370774.1967,5030924.36,45.41514458,-75.65706796,2429
16--11792,2016/11/14,3:22 PM,ALBION RD    S btwn TURN LANE & ALBION RD (__3ZA9WD),__3ZA9WD,04 - At/near private drive,03 - P.D. only,02 - Angle,01 - Clear,01 - Daylight,01 - Dry,10 - No control,,2,0,0,0,,0,,,,,371907.4304,5024223.682,45.35474673,-75.64350157,2430
16--11979,2016/11/18,6:00 PM,BANK ST @ WALKLEY RD (0011423),11423,02 - Intersection related,03 - P.D. only,03 - Rear end,01 - Clear,07 - Dark,01 - Dry,01 - Traffic signal,01 - Functioning,2,0,0,0,,0,,,,,370337.852,5025948.977,45.37041886,-75.66330327,2431
16--12516,2016/12/01,5:28 PM,ELGIN ST @ LAURIER AVE (0002232),2232,02 - Intersection related,03 - P.D. only,04 - Sideswipe,02 - Rain,07 - Dark,02 - Wet,01 - Traffic signal,01 - Functioning,2,0,0,0,,0,,,,,367949.5381,5031549.162,45.42102696,-75.693074,2432
16--11793,2016/11/14,3:29 PM,GRENON AVE @ RICHMOND RD (0002741),2741,02 - Intersection related,03 - P.D. only,03 - Rear end,01 - Clear,01 - Daylight,01 - Dry,01 - Traffic signal,01 - Functioning,2,0,0,0,,0,,,,,359807.4987,5024033.096,45.35408546,-75.7979424,2433
16--12341,2016/11/25,8:31 AM,INNES RD btwn CLEROUX CRES & KEYSTONE CRT (__3ZA2A5),__3ZA2A5,01 - Non intersection,02 - Non-fatal injury,07 - SMV other,02 - Rain,01 - Daylight,02 - Wet,10 - No control,,1,0,0,0,02 - Minor,1,,1,,,379020.6966,5033442.489,45.43697489,-75.55133923,2434
16--1198,2016/01/26,1:39 PM,BEAUSEJOUR DR @ JEANNE D'ARC BLVD (0003636),3636,02 - Intersection related,03 - P.D. only,03 - Rear end,02 - Rain,01 - Daylight,02 - Wet,01 - Traffic signal,01 - Functioning,2,0,0,0,,0,,,,,381420.0885,5036060.791,45.46027347,-75.52026777,2435
16--11794,2016/11/14,4:40 PM,WALKLEY RD btwn HARDING RD & HALIFAX DR (__3ZA2EK),__3ZA2EK,01 - Non intersection,02 - Non-fatal injury,03 - Rear end,01 - Clear,05 - Dusk,01 - Dry,10 - No control,,2,0,0,0,01 - Minimal,2,2,,,,373219.1241,5027647.045,45.385422,-75.6262881,2436
16--12517,2016/12/01,5:30 PM,CENTURY RD    W btwn GOODSTOWN RD & MALAKOFF RD (__3ZA4YG),__3ZA4YG,01 - Non intersection,03 - P.D. only,07 - SMV other,01 - Clear,07 - Dark,02 - Wet,10 - No control,,1,0,0,0,,0,,,,,359877.2065,5002677.761,45.16192166,-75.79941988,2437
16--12342,2016/11/25,8:38 AM,BENLEA DR E @ WOODFIELD DR E (0005094),5094,02 - Intersection related,03 - P.D. only,07 - SMV other,01 - Clear,01 - Daylight,02 - Wet,02 - Stop sign,00 - Unknown,1,0,0,0,,0,,,,,364526.6959,5021864.518,45.33418677,-75.73797854,2438
16--11980,2016/11/18,6:19 AM,BIRCHGROVE RD btwn LARMOURS RD & WATSON RD (__3ZA5FO),__3ZA5FO,01 - Non intersection,03 - P.D. only,07 - SMV other,"07 - Fog, mist, smoke, dust",07 - Dark,01 - Dry,10 - No control,,1,0,0,0,,0,,,,,398463.5886,5033563.079,45.43572577,-75.30285353,2439
16--11981,2016/11/18,6:40 AM,MCARTHUR AVE @ NORTH RIVER RD (0009202),9202,03 - At intersection,02 - Non-fatal injury,05 - Turning movement,01 - Clear,03 - Dawn,01 - Dry,01 - Traffic signal,01 - Functioning,2,0,0,0,02 - Minor,1,,1,,,369820.7336,5032646.507,45.43072903,-75.66902146,2440
16--11982,2016/11/18,6:40 PM,CUMBERLAND ST btwn GUIGUES AVE & ST. PATRICK ST (__3ZA7B4),__3ZA7B4,01 - Non intersection,03 - P.D. only,04 - Sideswipe,01 - Clear,07 - Dark,01 - Dry,10 - No control,,2,0,0,0,,0,,,,,368119.045,5032764.827,45.43194977,-75.69075197,2441
16--11983,2016/11/18,6:45 AM,MALAKOFF RD btwn MACKEY RD & COWELL RD (__3ZAAZQ),__3ZAAZQ,01 - Non intersection,03 - P.D. only,07 - SMV other,"07 - Fog, mist, smoke, dust",07 - Dark,01 - Dry,10 - No control,,1,0,0,0,,0,,,,,365459.302,4992391.176,45.06890302,-75.72966836,2442
16--11984,2016/11/18,6:51 AM,REGIONAL ROAD 174 btwn OLD MONTREAL RD & MCTEER RD (__3ZA27R),__3ZA27R,01 - Non intersection,03 - P.D. only,99 - Other,"07 - Fog, mist, smoke, dust",07 - Dark,02 - Wet,10 - No control,,2,0,0,0,,0,,,,,394805.7011,5043082.903,45.52185268,-75.34785216,2443
16--11985,2016/11/18,7:33 AM,GLOUCESTER ST @ KENT ST (0006973),6973,03 - At intersection,03 - P.D. only,02 - Angle,01 - Clear,01 - Daylight,01 - Dry,01 - Traffic signal,01 - Functioning,2,0,0,0,,0,,,,,367357.186,5031098.271,45.4170232,-75.70069959,2444
16--11986,2016/11/18,7:41 PM,HOLLY ACRES RD @ CARLING AVE (0000522),522,03 - At intersection,02 - Non-fatal injury,05 - Turning movement,01 - Clear,07 - Dark,01 - Dry,01 - Traffic signal,01 - Functioning,3,0,0,0,01 - Minimal,1,1,,,,358233.6044,5023497.429,45.34938721,-75.81808636,2445
16--11987,2016/11/18,9:21 AM,EAGLESON RD @ HAZELDEAN RD/ROBERTSON RD (0002715),2715,02 - Intersection related,03 - P.D. only,03 - Rear end,01 - Clear,01 - Daylight,01 - Dry,01 - Traffic signal,01 - Functioning,2,0,0,0,,0,,,,,353672.7967,5018425.702,45.30408358,-75.87678789,2446
16--11988,2016/11/18,9:39 AM,SLACK RD @ WOODROFFE AVE (0000102),102,02 - Intersection related,02 - Non-fatal injury,03 - Rear end,01 - Clear,01 - Daylight,01 - Dry,01 - Traffic signal,01 - Functioning,2,0,0,0,01 - Minimal,1,1,,,,364234.5117,5019973.236,45.31719397,-75.74193306,2447
16--11989,2016/11/18,9:52 AM,REGINA LANE @ RICHMOND RD (0015523),15523,03 - At intersection,03 - P.D. only,02 - Angle,01 - Clear,01 - Daylight,01 - Dry,10 - No control,,2,0,0,0,,0,,,,,360808.6121,5025608.441,45.3681811,-75.78498771,2448
16--1199,2016/01/26,1:42 PM,GLOUCESTER ST @ LYON ST (0006765),6765,03 - At intersection,02 - Non-fatal injury,07 - SMV other,01 - Clear,01 - Daylight,02 - Wet,01 - Traffic signal,01 - Functioning,1,0,0,1,03 - Major,1,,,1,,367193.5854,5031002.201,45.4161734,-75.70280189,2449
16--11990,2016/11/18,9:59 PM,ISLAND PARK CRES @ ISLAND PARK DR (0002123),2123,03 - At intersection,02 - Non-fatal injury,01 - Approaching,01 - Clear,07 - Dark,01 - Dry,02 - Stop sign,01 - Functioning,3,0,0,0,02 - Minor,1,,1,,,364465.7005,5028110.737,45.39039454,-75.73800255,2450
16--11991,2016/11/19,1:00 PM,SILVESTRI CRES btwn MATHESON RD & TREATY CRT (__3ZAZGM),__3ZAZGM,01 - Non intersection,03 - P.D. only,99 - Other,01 - Clear,01 - Daylight,01 - Dry,10 - No control,,2,0,0,0,,0,,,,,373223.0848,5032632.551,45.43027886,-75.62554561,2451
16--11992,2016/11/19,1:38 PM,DES EPINETTES AVE @ JEANNE D'ARC BLVD (0004221),4221,02 - Intersection related,03 - P.D. only,04 - Sideswipe,01 - Clear,01 - Daylight,01 - Dry,01 - Traffic signal,01 - Functioning,2,0,0,0,,0,,,,,382226.9676,5035958.352,45.45926286,-75.50996797,2452
16--11993,2016/11/19,10:55 AM,SPRATT RD btwn RIDEAU RD & BLACK CANARY DR (__4CZSRR),__4CZSRR,01 - Non intersection,02 - Non-fatal injury,07 - SMV other,"07 - Fog, mist, smoke, dust",01 - Daylight,01 - Dry,10 - No control,,1,0,0,0,02 - Minor,1,,1,,,369411.3969,5012281.69,45.2475293,-75.67691162,2453
16--11994,2016/11/19,10:55 PM,AVONCOURT WAY @ WALKLEY RD (0006645),6645,03 - At intersection,03 - P.D. only,03 - Rear end,01 - Clear,07 - Dark,01 - Dry,01 - Traffic signal,01 - Functioning,2,0,0,0,,0,,,,,369604.0584,5025514.291,45.36657592,-75.67272736,2454
16--11995,2016/11/19,11:03 AM,BELFAST RD @ TRIOLE ST (0008405),8405,03 - At intersection,03 - P.D. only,02 - Angle,01 - Clear,01 - Daylight,01 - Dry,02 - Stop sign,01 - Functioning,2,0,0,0,,0,,,,,372980.5094,5030623.337,45.41222462,-75.62892344,2455
16--11996,2016/11/19,12:54 PM,BAYSHORE DR @ RICHMOND RD (0010407),10407,02 - Intersection related,03 - P.D. only,99 - Other,01 - Clear,01 - Daylight,01 - Dry,01 - Traffic signal,01 - Functioning,2,0,0,0,,0,,,,,359372.4657,5023367.867,45.34813372,-75.80356771,2456
16--11997,2016/11/19,2:46 PM,BROPHY DR btwn MOODIE DR & WILLIAM MCEWEN DR (__3ZA4KN),__3ZA4KN,04 - At/near private drive,02 - Non-fatal injury,03 - Rear end,01 - Clear,01 - Daylight,01 - Dry,10 - No control,,3,0,0,0,02 - Minor,3,2,1,,,363786.3802,5007474.43,45.20476704,-75.74913228,2457
16--11998,2016/11/19,3:00 AM,ANDERSON RD/WEIR RD @ RENAUD RD (0003583),3583,02 - Intersection related,03 - P.D. only,07 - SMV other,01 - Clear,07 - Dark,01 - Dry,11 - Roundabout,01 - Functioning,1,0,0,0,,0,,,,,377763.6145,5031501.904,45.41964707,-75.56769212,2458
16--11999,2016/11/19,3:20 PM,HIGHWAY 417 btwn HWY417 IC124 RAMP65 & HWY417 IC122 RAMP51 (__3ZA2R8),__3ZA2R8,01 - Non intersection,03 - P.D. only,07 - SMV other,01 - Clear,01 - Daylight,01 - Dry,10 - No control,,1,0,0,0,,0,,,,,365161.1288,5028713.464,45.39575816,-75.72904822,2459
16--120,2016/01/04,6:40 AM,HWY417 IC169 RAMP25 btwn KINBURN SIDE RD & HIGHWAY 417 (__5SPORO),__5SPORO,01 - Non intersection,03 - P.D. only,07 - SMV other,01 - Clear,07 - Dark,05 - Packed snow,10 - No control,,1,0,0,0,,0,,,,,325713.844,5024603.721,45.36106602,-76.23304503,2460
16--1200,2016/01/26,10:16 AM,LOGGERS WAY btwn LELAND ST & KILGORE ST (__3ZA5Z3),__3ZA5Z3,01 - Non intersection,03 - P.D. only,06 - SMV unattended vehicle,01 - Clear,01 - Daylight,03 - Loose snow,10 - No control,,1,0,0,0,,0,,,,,329257.22,5027943.122,45.39100095,-76.18765081,2461
16--12000,2016/11/19,3:33 AM,RIDEAU RD btwn BOWESVILLE RD & ALBION RD (__3ZBOY3),__3ZBOY3,01 - Non intersection,03 - P.D. only,07 - SMV other,01 - Clear,07 - Dark,01 - Dry,10 - No control,,1,0,0,0,,0,,,,,374781.0769,5016383.776,45.28392528,-75.60793701,2462
16--12001,2016/11/19,4:02 PM,ARENA PL @ BANK ST (0004129),4129,03 - At intersection,03 - P.D. only,07 - SMV other,01 - Clear,05 - Dusk,01 - Dry,02 - Stop sign,01 - Functioning,1,0,0,0,,0,,,,,375404.5442,5021515.109,45.33003275,-75.59925955,2463
16--12002,2016/11/19,4:40 PM,TERRY FOX DR btwn HALKIRK AVE & CASTLEFRANK RD (__30IMA5),__30IMA5,01 - Non intersection,03 - P.D. only,03 - Rear end,01 - Clear,05 - Dusk,01 - Dry,10 - No control,,3,0,0,0,,0,,,,,352929.7316,5016374.198,45.28567496,-75.88646179,2464
16--12003,2016/11/19,5:16 PM,RIVERSIDE DR RAMP 42A @ RIVERSIDE DR (0010862),10862,02 - Intersection related,03 - P.D. only,03 - Rear end,01 - Clear,05 - Dusk,01 - Dry,03 - Yield sign,00 - Unknown,5,0,0,0,,0,,,,,368439.0825,5027258.489,45.38237648,-75.68737289,2465
16--12004,2016/11/19,6:00 PM,HUNTMAR DR @ PALLADIUM DR S (0011818),11818,03 - At intersection,03 - P.D. only,05 - Turning movement,01 - Clear,07 - Dark,01 - Dry,01 - Traffic signal,01 - Functioning,2,0,0,0,,0,,,,,349674.948,5017365.217,45.2948078,-75.92786064,2466
16--12005,2016/11/19,7:00 PM,GREENBANK RD @ WEST HUNT CLUB RD (0005167),5167,02 - Intersection related,03 - P.D. only,03 - Rear end,01 - Clear,07 - Dark,01 - Dry,01 - Traffic signal,01 - Functioning,2,0,0,0,,0,,,,,361478.0207,5020503.721,45.32219521,-75.77702758,2467
16--12006,2016/11/19,7:46 AM,CORKERY RD btwn MARCH RD & MANION RD (__3ZACCH),__3ZACCH,01 - Non intersection,03 - P.D. only,07 - SMV other,"07 - Fog, mist, smoke, dust",03 - Dawn,01 - Dry,10 - No control,,1,0,0,0,,0,,,,,335973.5768,5016142.137,45.28454332,-76.10261988,2468
16--12007,2016/11/19,8:11 PM,REGIONAL ROAD 174 btwn Continuation of REGIONAL ROAD 174 & OR174 IC112 (__3ZA2YI),__3ZA2YI,01 - Non intersection,03 - P.D. only,07 - SMV other,01 - Clear,07 - Dark,01 - Dry,10 - No control,,1,0,0,0,,0,,,,,374358.1268,5032514.142,45.42910152,-75.61105812,2469
16--12008,2016/11/19,8:45 PM,ST. LAURENT BLVD btwn BELFAST RD & INDUSTRIAL AVE (__3ZA3R8),__3ZA3R8,01 - Non intersection,03 - P.D. only,03 - Rear end,01 - Clear,07 - Dark,01 - Dry,10 - No control,00 - Unknown,2,0,0,0,,0,,,,,373057.4914,5030099.563,45.40750444,-75.62801256,2470
16--12009,2016/11/19,9:49 PM,GUY ST btwn MAY ST & ST. LAURENT BLVD (__3ZA7DQ),__3ZA7DQ,01 - Non intersection,03 - P.D. only,06 - SMV unattended vehicle,01 - Clear,99 - Other,01 - Dry,10 - No control,,1,0,0,0,,0,,,,,371794.7256,5033035.649,45.43404404,-75.64374327,2471
16--1201,2016/01/26,10:55 AM,CARP RD @ HAZELDEAN RD (0000086),86,02 - Intersection related,03 - P.D. only,03 - Rear end,01 - Clear,01 - Daylight,01 - Dry,01 - Traffic signal,01 - Functioning,2,0,0,0,,0,,,,,348803.4782,5014359.778,45.26781893,-75.93923751,2472
16--12010,2016/11/20,1:18 PM,FRANK BENDER ST @ JEANNE D'ARC BLVD (0003635),3635,02 - Intersection related,03 - P.D. only,03 - Rear end,02 - Rain,01 - Daylight,04 - Slush,01 - Traffic signal,01 - Functioning,2,0,0,0,,0,,,,,381871.5789,5035882.332,45.45861819,-75.51452344,2473
16--12011,2016/11/20,1:59 PM,BANNER RD @ GREENBANK RD (0000644),644,03 - At intersection,03 - P.D. only,05 - Turning movement,03 - Snow,01 - Daylight,02 - Wet,01 - Traffic signal,01 - Functioning,2,0,0,0,,0,,,,,361021.014,5021565.833,45.33178884,-75.78273598,2474
16--12012,2016/11/20,10:00 PM,REGIONAL ROAD 174 btwn OR174 IC102 RAMP26 & REGIONAL ROAD 174 (__3ZA1SH),__3ZA1SH,01 - Non intersection,03 - P.D. only,07 - SMV other,03 - Snow,07 - Dark,03 - Loose snow,10 - No control,,1,0,0,0,,0,,,,,381545.4393,5038237.276,45.4798419,-75.51832525,2475
16--12013,2016/11/20,10:49 PM,INNES RD btwn ANDERSON RD & INNES RD (__3ZA3J2),__3ZA3J2,01 - Non intersection,03 - P.D. only,07 - SMV other,03 - Snow,07 - Dark,03 - Loose snow,10 - No control,,1,0,0,0,,0,,,,,376543.267,5031993.531,45.42419664,-75.58321175,2476
16--12014,2016/11/20,11:30 AM,STRANDHERD DR btwn GREENBANK RD & Continuation of STRANDHERD DR (__5U4IBT),__5U4IBT,04 - At/near private drive,03 - P.D. only,02 - Angle,03 - Snow,01 - Daylight,02 - Wet,10 - No control,,2,0,0,0,,0,,,,,363943.6218,5014791.457,45.27059299,-75.74626086,2477
16--12015,2016/11/20,11:33 PM,AQUAVIEW DR btwn SERRANO ST & BOIS VERT PL (__4V3IDH),__4V3IDH,01 - Non intersection,03 - P.D. only,06 - SMV unattended vehicle,03 - Snow,07 - Dark,03 - Loose snow,10 - No control,,1,0,0,0,,0,,,,,384532.6595,5035760.884,45.45722691,-75.48052253,2478
16--12016,2016/11/20,11:35 PM,INNES RD @ ORCHARDVIEW AVE/ESPRIT DR (0012279),12279,02 - Intersection related,03 - P.D. only,07 - SMV other,03 - Snow,07 - Dark,04 - Slush,01 - Traffic signal,01 - Functioning,1,0,0,0,,0,,,,,384846.8232,5036556.287,45.46434728,-75.47637672,2479
16--12017,2016/11/20,11:40 AM,TENTH LINE RD @ TENTH LINE RD (0009412),9412,02 - Intersection related,03 - P.D. only,03 - Rear end,03 - Snow,01 - Daylight,04 - Slush,01 - Traffic signal,01 - Functioning,2,0,0,0,,0,,,,,383531.5281,5037155.383,45.46988688,-75.49309785,2480
16--12018,2016/11/20,11:44 PM,BANK ST @ RIVERSIDE DR N (0010778),10778,02 - Intersection related,03 - P.D. only,03 - Rear end,03 - Snow,07 - Dark,03 - Loose snow,01 - Traffic signal,01 - Functioning,2,0,0,0,,0,,,,,369224.3858,5027984.408,45.38883629,-75.6772514,2481
16--12019,2016/11/20,11:45 AM,HUNT CLUB RD @ CANADAIR PRIV (0010852),10852,02 - Intersection related,03 - P.D. only,03 - Rear end,03 - Snow,01 - Daylight,04 - Slush,01 - Traffic signal,00 - Unknown,2,0,0,0,,0,,,,,368661.2731,5022308.832,45.33782051,-75.6851755,2482
16--1202,2016/01/26,11:05 AM,BANK ST @ LAURIER AVE (0002221),2221,03 - At intersection,02 - Non-fatal injury,07 - SMV other,01 - Clear,01 - Daylight,02 - Wet,01 - Traffic signal,01 - Functioning,1,0,0,1,03 - Major,1,,,1,,367480.9198,5031266.247,45.41852352,-75.69909741,2483
16--12020,2016/11/20,11:46 PM,BANKFIELD RD btwn KILREEN LANE & PRINCE OF WALES DR (__3ZA4KO),__3ZA4KO,01 - Non intersection,03 - P.D. only,07 - SMV other,05 - Drifting Snow,07 - Dark,06 - Ice,10 - No control,,1,0,0,0,,0,,,,,365989.2227,5008764.379,45.21618629,-75.72093528,2484
16--12021,2016/11/20,Unknown,MILLCRAFT CRES btwn IRWIN MILLER ST & IRWIN MILLER ST (__3ZA7AS),__3ZA7AS,01 - Non intersection,03 - P.D. only,06 - SMV unattended vehicle,03 - Snow,00 - Unknown,03 - Loose snow,10 - No control,,1,0,0,0,,0,,,,,371168.1836,5032704.9,45.43112785,-75.65179478,2485
16--12022,2016/11/20,12:08 PM,GRENWICH CIRC btwn Continuation of GRENWICH CIRC & Continuation of GRE (__30KGN0),__30KGN0,01 - Non intersection,03 - P.D. only,06 - SMV unattended vehicle,03 - Snow,01 - Daylight,02 - Wet,10 - No control,,1,0,0,0,,0,,,,,364254.9794,5025617.232,45.36797632,-75.74099371,2486
16--12023,2016/11/20,12:16 AM,MONTREAL RD btwn PALACE ST & VANIER PKWY (__3ZA3LL),__3ZA3LL,01 - Non intersection,03 - P.D. only,01 - Approaching,02 - Rain,07 - Dark,02 - Wet,10 - No control,,2,0,0,0,,0,,,,,370008.3849,5033029.368,45.43415638,-75.66657279,2487
16--12024,2016/11/20,2:00 AM,KING EDWARD AVE @ LAURIER AVE (0002170),2170,03 - At intersection,02 - Non-fatal injury,07 - SMV other,02 - Rain,07 - Dark,02 - Wet,01 - Traffic signal,01 - Functioning,1,0,0,1,01 - Minimal,1,1,,,,368738.0509,5032034.169,45.42531926,-75.68293644,2488
16--12025,2016/11/20,2:05 AM,ELGIN ST @ QUEEN ST (0007144),7144,02 - Intersection related,03 - P.D. only,03 - Rear end,01 - Clear,07 - Dark,01 - Dry,01 - Traffic signal,01 - Functioning,2,0,0,0,,0,,,,,367804.4902,5031780.088,45.42311783,-75.69489771,2489
16--12026,2016/11/20,2:40 PM,REGIONAL ROAD 174 btwn OR174 IC102 RAMP36 & OR174 IC102 RAMP26 (__6K3NTG),__6K3NTG,01 - Non intersection,03 - P.D. only,07 - SMV other,03 - Snow,01 - Daylight,04 - Slush,10 - No control,,1,0,0,0,,0,,,,,381408.8007,5038160.558,45.47916666,-75.52008475,2490
16--12027,2016/11/20,2:45 PM,BAYSHORE DR @ WOODRIDGE CRES N (0001209),1209,02 - Intersection related,03 - P.D. only,03 - Rear end,03 - Snow,01 - Daylight,06 - Ice,01 - Traffic signal,01 - Functioning,2,0,0,0,,0,,,,,359072.871,5023874.664,45.35271713,-75.80733511,2491
16--12028,2016/11/20,2:55 AM,LEES AVE btwn CHESTNUT ST & HWY417 IC118 RAMP45 (__3ZAZD2),__3ZAZD2,04 - At/near private drive,03 - P.D. only,03 - Rear end,02 - Rain,07 - Dark,02 - Wet,10 - No control,,2,0,0,0,,0,,,,,369398.5885,5030794.742,45.41410667,-75.67465882,2492
16--12029,2016/11/20,2:57 PM,JEANNE D'ARC BLVD  S btwn WOODCLIFFE PRIV & HENRI LAUZON ST (__3ZA2BM),__3ZA2BM,01 - Non intersection,02 - Non-fatal injury,07 - SMV other,03 - Snow,01 - Daylight,06 - Ice,10 - No control,,1,0,0,0,01 - Minimal,1,1,,,,380249.9765,5036208.641,45.46173106,-75.53520502,2493
16--1203,2016/01/26,11:07 AM,GLENLIVET AVE @ RENAUD RD (0013686),13686,03 - At intersection,03 - P.D. only,02 - Angle,02 - Rain,01 - Daylight,02 - Wet,02 - Stop sign,01 - Functioning,2,0,0,0,,0,,,,,382141.017,5032935.209,45.43207262,-75.51154202,2494
16--12030,2016/11/20,2:58 PM,CARP RD btwn MARCH RD & JOHN CAVANAUGH DR (__3ZA3FZ),__3ZA3FZ,01 - Non intersection,03 - P.D. only,07 - SMV other,03 - Snow,01 - Daylight,04 - Slush,10 - No control,,1,0,0,0,,0,,,,,342369.1102,5021512.632,45.33255657,-76.02068935,2495
16--12031,2016/11/20,2:59 AM,GLADSTONE AVE @ IRVING AVE (0006283),6283,03 - At intersection,02 - Non-fatal injury,07 - SMV other,02 - Rain,07 - Dark,02 - Wet,02 - Stop sign,01 - Functioning,1,0,0,0,01 - Minimal,1,1,,,,365808.4979,5029386.243,45.40175556,-75.72069736,2496
16--12032,2016/11/20,3:00 PM,MONTREAL RD @ NORTH RIVER RD (0009805),9805,02 - Intersection related,03 - P.D. only,03 - Rear end,03 - Snow,01 - Daylight,03 - Loose snow,01 - Traffic signal,01 - Functioning,2,0,0,0,,0,,,,,369740.5369,5032887.999,45.43290933,-75.67001443,2497
16--12033,2016/11/20,3:00 PM,RUSSELL RD btwn SMYTH RD & ST. LAURENT BLVD (__3ZA3R3),__3ZA3R3,01 - Non intersection,02 - Non-fatal injury,03 - Rear end,03 - Snow,01 - Daylight,02 - Wet,10 - No control,,2,0,0,0,02 - Minor,1,,1,,,373368.7451,5029419.445,45.40135463,-75.62413134,2498
16--12034,2016/11/20,3:21 PM,CENTREPOINTE DR @ TALLWOOD DR (0004573),4573,02 - Intersection related,03 - P.D. only,03 - Rear end,03 - Snow,01 - Daylight,03 - Loose snow,01 - Traffic signal,01 - Functioning,2,0,0,0,,0,,,,,362670.1763,5022577.305,45.34075595,-75.76157953,2499
16--12035,2016/11/20,3:25 PM,HIGHWAY 417 btwn HWY417 IC145 RAMP55 & HWY417 IC144 RAMP51 (__3ZA2Q4),__3ZA2Q4,01 - Non intersection,03 - P.D. only,07 - SMV other,03 - Snow,01 - Daylight,03 - Loose snow,10 - No control,,1,0,0,0,,0,,,,,346888.7166,5015349.128,45.27683869,-75.96355349,2500
16--12036,2016/11/20,3:29 PM,LEITRIM RD btwn LIMEBANK RD & HIGH RD (__3ZBOEL),__3ZBOEL,01 - Non intersection,03 - P.D. only,07 - SMV other,03 - Snow,01 - Daylight,03 - Loose snow,10 - No control,,1,0,0,0,,0,,,,,371256.2232,5019037.975,45.30814924,-75.65250829,2501