Anom_ID,Accident_Date,Accident_Time,Location,Geo_ID,Accident_Location,Classification_of_Accident,Initial_Impact_Type,Environment_Condition,Light,Road_Surface_Condition,Traffic_Control,Traffic_Control_Condition,No__of_Vehicles,No__of_Bicycles,No__of_Motorcycles,No__of_Pedestrians,Max_Injury,No__of_Injuries,No__of_Minimal,No__of_Minor,No__of_Major,No__of_Fatal,X,Y,Latitude,Longitude,ObjectId
16--12037,2016/11/20,3:56 PM,DWYER HILL RD btwn O'NEIL RD & ROGER STEVENS DR (__3ZA429),__3ZA429,04 - At/near private drive,02 - Non-fatal injury,07 - SMV other,05 - Drifting Snow,05 - Dusk,06 - Ice,10 - No control,,1,0,0,0,01 - Minimal,1,1,,,,352380.6425,4992443.305,45.07037161,-75.89574292,2502
16--12038,2016/11/20,4:05 PM,HAZELDEAN RD @ HWY 7 HAZELDEAN IC RAMP 24 (0010663),10663,03 - At intersection,03 - P.D. only,02 - Angle,03 - Snow,01 - Daylight,04 - Slush,02 - Stop sign,01 - Functioning,2,0,0,0,,0,,,,,346573.8887,5012281.704,45.24925549,-75.96782394,2503
16--12039,2016/11/20,4:09 PM,FOURTH LINE RD btwn CALLENDOR RD & DILWORTH RD (__3ZA30J),__3ZA30J,01 - Non intersection,03 - P.D. only,07 - SMV other,05 - Drifting Snow,01 - Daylight,06 - Ice,10 - No control,,1,0,0,0,,0,,,,,369911.7713,4995538.512,45.09682787,-75.6727221,2504
16--1204,2016/01/26,11:15 AM,CONROY RD @ HUNT CLUB RD (0002257),2257,02 - Intersection related,03 - P.D. only,03 - Rear end,01 - Clear,01 - Daylight,01 - Dry,01 - Traffic signal,01 - Functioning,2,0,0,0,,0,,,,,373764.1935,5025404.033,45.36518689,-75.61964161,2505
16--12040,2016/11/20,4:30 PM,EARL ARMSTRONG RD @ LIMEBANK RD (0004456),4456,02 - Intersection related,02 - Non-fatal injury,07 - SMV other,05 - Drifting Snow,05 - Dusk,03 - Loose snow,01 - Traffic signal,02 - Not functioning,1,0,0,0,01 - Minimal,1,1,,,,370155.7209,5015960.865,45.28056526,-75.66694658,2506
16--12041,2016/11/20,4:45 PM,HUNTMAR DR @ PALLADIUM DR S (0011818),11818,02 - Intersection related,03 - P.D. only,07 - SMV other,03 - Snow,05 - Dusk,03 - Loose snow,01 - Traffic signal,00 - Unknown,1,0,0,0,,0,,,,,349675.4138,5017365.603,45.29481124,-75.92785467,2507
16--12042,2016/11/20,5:18 PM,HIGHWAY 416 btwn HIGHWAY 416 & HWY416 IC57 RAMP52 (__3ZAZEK),__3ZAZEK,01 - Non intersection,03 - P.D. only,04 - Sideswipe,05 - Drifting Snow,07 - Dark,03 - Loose snow,10 - No control,,2,0,0,0,,0,,,,,364735.2033,5008073.083,45.21007373,-75.73698327,2508
16--12043,2016/11/20,5:20 PM,MOODIE DR @ ROBERTSON RD (0010545),10545,02 - Intersection related,03 - P.D. only,07 - SMV other,03 - Snow,07 - Dark,05 - Packed snow,01 - Traffic signal,01 - Functioning,1,0,0,0,,0,,,,,357065.8239,5020454.236,45.32209231,-75.83330982,2509
16--12044,2016/11/20,5:20 PM,FALLOWFIELD RD btwn EAGLESON RD & RICHMOND RD (__3ZA4Y2),__3ZA4Y2,01 - Non intersection,03 - P.D. only,03 - Rear end,03 - Snow,07 - Dark,06 - Ice,10 - No control,,2,0,0,0,,0,,,,,356549.1949,5012853.163,45.25373481,-75.84069223,2510
16--12045,2016/11/20,5:20 PM,HIGHWAY 417 btwn Continuation of HIGHWAY 417 & HWY417 IC155 RAMP26 (__3ZA1M3),__3ZA1M3,01 - Non intersection,03 - P.D. only,07 - SMV other,03 - Snow,07 - Dark,03 - Loose snow,10 - No control,,1,0,0,0,,0,,,,,339536.7371,5019346.691,45.31321239,-76.05697586,2511
16--12046,2016/11/20,5:31 PM,EAGLESON RD btwn SHATNER GT & HAZELDEAN RD (__3ZA41R),__3ZA41R,01 - Non intersection,03 - P.D. only,07 - SMV other,03 - Snow,07 - Dark,04 - Slush,10 - No control,,1,0,0,0,,0,,,,,353599.029,5018604.361,45.30569632,-75.87771091,2512
16--12047,2016/11/20,5:43 PM,THOMAS A. DOLAN PKWY btwn DIAMONDVIEW RD & CARP RD (__3ZAC0F),__3ZAC0F,01 - Non intersection,03 - P.D. only,07 - SMV other,03 - Snow,07 - Dark,03 - Loose snow,10 - No control,,1,0,0,0,,0,,,,,336301.4718,5025817.027,45.37158806,-76.09782458,2513
16--12048,2016/11/20,5:46 PM,RICHMOND RD btwn WEST HUNT CLUB RD & STONEHAVEN DR (__3ZA41H),__3ZA41H,01 - Non intersection,03 - P.D. only,07 - SMV other,03 - Snow,07 - Dark,04 - Slush,10 - No control,,1,0,0,0,,0,,,,,357124.1152,5018059.295,45.30053799,-75.83281922,2514
16--12049,2016/11/20,6:11 AM,FALLOWFIELD RD @ GREENBANK RD (0000549),549,03 - At intersection,02 - Non-fatal injury,02 - Angle,02 - Rain,07 - Dark,02 - Wet,01 - Traffic signal,01 - Functioning,2,0,0,0,01 - Minimal,1,1,,,,363080.4562,5016731.358,45.28812033,-75.75703251,2515
16--1205,2016/01/26,11:23 AM,RIOCAN AVE btwn MARKETPLACE AVE & END (__4LZBNN),__4LZBNN,04 - At/near private drive,02 - Non-fatal injury,02 - Angle,01 - Clear,01 - Daylight,02 - Wet,10 - No control,,2,0,0,0,01 - Minimal,1,1,,,,364315.1974,5014711.76,45.26984453,-75.74153539,2516
16--12050,2016/11/20,6:11 PM,EAGLESON RD @ FALLOWFIELD RD (0000118),118,02 - Intersection related,03 - P.D. only,03 - Rear end,03 - Snow,07 - Dark,03 - Loose snow,01 - Traffic signal,00 - Unknown,2,0,0,0,,0,,,,,355962.4623,5012593.163,45.25143817,-75.84819374,2517
16--12051,2016/11/20,6:15 PM,FALLOWFIELD RD btwn EAGLESON RD & RICHMOND RD (__3ZA4Y2),__3ZA4Y2,01 - Non intersection,03 - P.D. only,07 - SMV other,03 - Snow,07 - Dark,06 - Ice,10 - No control,,1,0,0,0,,0,,,,,356640.365,5012901.983,45.25416739,-75.83952567,2518
16--12052,2016/11/20,6:16 PM,ST. LAURENT BLVD @ COVENTRY RD/OGILVIE RD (0002151),2151,02 - Intersection related,03 - P.D. only,04 - Sideswipe,03 - Snow,07 - Dark,03 - Loose snow,01 - Traffic signal,00 - Unknown,2,0,0,0,,0,,,,,372306.6642,5031952.476,45.42424893,-75.63734943,2519
16--12053,2016/11/20,6:19 PM,BANK ST @ CAMERON AVE (0007227),7227,02 - Intersection related,03 - P.D. only,03 - Rear end,03 - Snow,07 - Dark,02 - Wet,01 - Traffic signal,00 - Unknown,2,0,0,0,,0,,,,,368944.5422,5028262.134,45.39136087,-75.68078874,2520
16--12054,2016/11/20,6:43 AM,VIEWMOUNT DR @ MERIVALE RD (0001528),1528,02 - Intersection related,03 - P.D. only,03 - Rear end,02 - Rain,03 - Dawn,02 - Wet,01 - Traffic signal,01 - Functioning,2,0,0,0,,0,,,,,365192.8689,5022946.425,45.34386462,-75.7293479,2521
16--12055,2016/11/20,6:45 PM,BANK ST @ ST. PAUL AVE (0011298),11298,02 - Intersection related,02 - Non-fatal injury,03 - Rear end,01 - Clear,07 - Dark,01 - Dry,02 - Stop sign,01 - Functioning,2,0,0,0,01 - Minimal,1,1,,,,370508.1056,5025560.308,45.3669058,-75.66118164,2522
16--12056,2016/11/20,6:49 PM,HUNT CLUB RD @ UPLANDS DR (0010844),10844,02 - Intersection related,03 - P.D. only,04 - Sideswipe,03 - Snow,07 - Dark,04 - Slush,01 - Traffic signal,01 - Functioning,2,0,0,0,,0,,,,,370155.6295,5023121.273,45.34499303,-75.66600325,2523
16--12057,2016/11/20,7:23 PM,MCCARTHY RD @ WALKLEY RD (0006969),6969,02 - Intersection related,03 - P.D. only,07 - SMV other,03 - Snow,07 - Dark,05 - Packed snow,01 - Traffic signal,01 - Functioning,1,0,0,0,,0,,,,,369250.5455,5025301.351,45.36469254,-75.67726753,2524
16--12058,2016/11/20,7:40 PM,WALKLEY RD btwn SPRINGLAND DR & MCCARTHY RD (__3ZA37W),__3ZA37W,01 - Non intersection,03 - P.D. only,07 - SMV other,03 - Snow,07 - Dark,05 - Packed snow,10 - No control,,1,0,0,0,,0,,,,,369234.8105,5025292.655,45.36461574,-75.67746951,2525
16--12059,2016/11/20,7:44 PM,ALBION RD @ LESTER RD (0004175),4175,03 - At intersection,03 - P.D. only,03 - Rear end,03 - Snow,07 - Dark,03 - Loose snow,01 - Traffic signal,01 - Functioning,3,0,0,0,,0,,,,,372695.5714,5022332.082,45.33765091,-75.63370326,2526
16--1206,2016/01/26,11:57 PM,LIMEBANK RD/RIVERSIDE DR @ RIVER RD (0013336),13336,03 - At intersection,03 - P.D. only,03 - Rear end,03 - Snow,07 - Dark,03 - Loose snow,01 - Traffic signal,01 - Functioning,2,0,0,0,,0,,,,,368403.3384,5020476.653,45.32135836,-75.68870163,2527
16--11795,2016/11/14,4:56 PM,WALKLEY RD btwn BANK ST & BANFF AVE (__3ZA375),__3ZA375,04 - At/near private drive,03 - P.D. only,05 - Turning movement,01 - Clear,07 - Dark,01 - Dry,10 - No control,,2,0,0,0,,0,,,,,370342.0815,5025949.733,45.37042527,-75.66324918,2528
16--12343,2016/11/25,8:58 PM,MERIVALE RD @ WEST HUNT CLUB RD (0000584),584,02 - Intersection related,02 - Non-fatal injury,03 - Rear end,01 - Clear,07 - Dark,02 - Wet,01 - Traffic signal,01 - Functioning,2,0,0,0,01 - Minimal,1,1,,,,365612.6952,5021941.256,45.33478397,-75.72411468,2529
16--12518,2016/12/01,6:00 AM,HIGHWAY 417 btwn HWY417 IC134 RAMP36 & HWY417 IC134 RAMP26 (__3ZA29C),__3ZA29C,01 - Non intersection,03 - P.D. only,04 - Sideswipe,01 - Clear,07 - Dark,01 - Dry,10 - No control,,2,0,0,0,,0,,,,,356452.8718,5022309.832,45.33883453,-75.84093434,2530
16--12344,2016/11/25,9:07 AM,HERON RD @ BAYCREST DR (0007191),7191,03 - At intersection,02 - Non-fatal injury,07 - SMV other,03 - Snow,01 - Daylight,04 - Slush,01 - Traffic signal,01 - Functioning,1,0,0,1,,0,,,,,371142.9011,5026979.13,45.37961207,-75.65288825,2531
16--12345,2016/11/25,9:22 AM,TENTH LINE RD @ TENTH LINE RD (0009412),9412,02 - Intersection related,03 - P.D. only,03 - Rear end,03 - Snow,01 - Daylight,02 - Wet,01 - Traffic signal,01 - Functioning,2,0,0,0,,0,,,,,383531.5281,5037154.555,45.46987943,-75.49309798,2532
16--12346,2016/11/25,9:38 AM,RIVERSIDE DR NB btwn SAN REMO PRIV & INDUSTRIAL AVE (__3ZAZ0A),__3ZAZ0A,01 - Non intersection,03 - P.D. only,03 - Rear end,03 - Snow,01 - Daylight,02 - Wet,10 - No control,,3,0,0,0,,0,,,,,370640.9067,5030500.426,45.41134274,-75.65882741,2533
16--12347,2016/11/26,10:05 AM,INNES RD @ TENTH LINE RD (0004633),4633,02 - Intersection related,02 - Non-fatal injury,03 - Rear end,01 - Clear,01 - Daylight,02 - Wet,01 - Traffic signal,01 - Functioning,2,0,0,0,01 - Minimal,2,2,,,,383950.9321,5036158.319,45.46086881,-75.48789546,2534
16--12348,2016/11/26,10:53 AM,NICHOLAS ST NB btwn HWY417 IC118 RAMP52 & WALLER ST/TRANSITWAY (__6KCFNL),__6KCFNL,01 - Non intersection,03 - P.D. only,04 - Sideswipe,01 - Clear,01 - Daylight,01 - Dry,10 - No control,,2,0,0,0,,0,,,,,368615.0339,5031618.016,45.42158609,-75.68456222,2535
16--12349,2016/11/26,11:02 AM,RICHMOND RD btwn HIGHFIELD CRES & GRENON AVE (__3ZA4LZ),__3ZA4LZ,04 - At/near private drive,03 - P.D. only,02 - Angle,01 - Clear,01 - Daylight,01 - Dry,10 - No control,,2,0,0,0,,0,,,,,359799.4257,5024023.192,45.35399698,-75.79804653,2536
16--1235,2016/01/27,1:44 PM,CARLING AVE @ FAIRLAWN AVE/WOODROFFE AVE E (0002393),2393,02 - Intersection related,02 - Non-fatal injury,04 - Sideswipe,01 - Clear,01 - Daylight,01 - Dry,01 - Traffic signal,01 - Functioning,2,0,0,0,01 - Minimal,2,2,,,,361934.6841,5025830.528,45.37008852,-75.77058762,2537
16--12350,2016/11/26,11:07 AM,BLAIR RD @ OR174 IC112 RAMP26 (0009288),9288,02 - Intersection related,03 - P.D. only,07 - SMV other,01 - Clear,01 - Daylight,01 - Dry,10 - No control,,1,0,0,0,,0,,,,,374752.5266,5032847.71,45.43206344,-75.60597098,2538
16--12351,2016/11/26,11:30 AM,INNES RD @ VISENEAU DR (0012442),12442,02 - Intersection related,02 - Non-fatal injury,03 - Rear end,01 - Clear,01 - Daylight,01 - Dry,01 - Traffic signal,01 - Functioning,2,0,0,0,01 - Minimal,2,2,,,,381798.7511,5035074.798,45.45136069,-75.51558095,2539
16--12352,2016/11/26,Unknown,CUMBERLAND ST btwn ST. PATRICK ST & MURRAY ST (__3ZA7BN),__3ZA7BN,01 - Non intersection,03 - P.D. only,06 - SMV unattended vehicle,01 - Clear,00 - Unknown,02 - Wet,10 - No control,,1,0,0,0,,0,,,,,368161.5872,5032693.25,45.43130189,-75.69021752,2540
16--12353,2016/11/26,Unknown,ISLAND PARK DR btwn BYRON AVE & IONA ST (__3ZA233),__3ZA233,04 - At/near private drive,03 - P.D. only,02 - Angle,00 - Unknown,00 - Unknown,01 - Dry,10 - No control,,2,0,0,0,,0,,,,,364262.5684,5028587.731,45.39470372,-75.74053906,2541
16--12354,2016/11/26,12:00 PM,CARLING AVE @ KIRKWOOD AVE N (0002358),2358,02 - Intersection related,03 - P.D. only,04 - Sideswipe,01 - Clear,01 - Daylight,01 - Dry,01 - Traffic signal,01 - Functioning,2,0,0,0,,0,,,,,364275.5205,5027493.641,45.3848582,-75.74050551,2542
16--12355,2016/11/26,12:17 AM,MONTREAL RD @ VANIER PKWY (0004630),4630,02 - Intersection related,02 - Non-fatal injury,07 - SMV other,01 - Clear,07 - Dark,02 - Wet,01 - Traffic signal,01 - Functioning,1,0,0,1,,0,,,,,370072.7098,5033063.522,45.43445768,-75.66574621,2543
16--12356,2016/11/26,2:18 AM,WEST HUNT CLUB RD @ WOODROFFE AVE (0000576),576,03 - At intersection,03 - P.D. only,02 - Angle,01 - Clear,07 - Dark,02 - Wet,01 - Traffic signal,01 - Functioning,2,0,0,0,,0,,,,,363670.0324,5021246.269,45.3286962,-75.74898084,2544
16--12357,2016/11/26,2:22 PM,CONROY RD @ JOHNSTON RD (0011908),11908,02 - Intersection related,02 - Non-fatal injury,07 - SMV other,01 - Clear,01 - Daylight,01 - Dry,01 - Traffic signal,01 - Functioning,1,0,0,0,02 - Minor,2,1,1,,,373397.7539,5026308.696,45.37336264,-75.6241932,2545
16--12358,2016/11/26,2:39 PM,STRANDHERD DR btwn CEDARVIEW RD & MCKENNA CASEY DR (__30IZPQ),__30IZPQ,01 - Non intersection,02 - Non-fatal injury,03 - Rear end,01 - Clear,01 - Daylight,01 - Dry,10 - No control,,2,0,0,0,01 - Minimal,1,1,,,,362193.2034,5013546.936,45.25953973,-75.76871052,2546
16--12359,2016/11/26,3:00 AM,JOSHUA ST @ RENAUD RD (0013257),13257,02 - Intersection related,03 - P.D. only,03 - Rear end,02 - Rain,07 - Dark,02 - Wet,02 - Stop sign,01 - Functioning,2,0,0,0,,0,,,,,381157.0732,5032327.473,45.4267128,-75.52420971,2547
16--1236,2016/01/27,10:38 AM,ST. LAURENT BLVD btwn BOURASSA ST & SMYTH RD (__3ZA3R6),__3ZA3R6,01 - Non intersection,03 - P.D. only,03 - Rear end,01 - Clear,01 - Daylight,01 - Dry,10 - No control,,2,0,0,0,,0,,,,,373306.9907,5029520.489,45.40226982,-75.62490604,2548
16--12360,2016/11/26,3:00 PM,CEDARVIEW RD btwn WEST HUNT CLUB RD & LYTLE AVE (__3ZA1XV),__3ZA1XV,01 - Non intersection,03 - P.D. only,04 - Sideswipe,01 - Clear,01 - Daylight,01 - Dry,10 - No control,,2,0,0,0,,0,,,,,359794.3101,5019252.644,45.31107187,-75.79864187,2549
16--12361,2016/11/26,3:04 AM,BAYVIEW DR btwn LEN PURCELL DR & BISHOP DAVIS DR (__3ZBPL6),__3ZBPL6,01 - Non intersection,03 - P.D. only,07 - SMV other,01 - Clear,07 - Dark,01 - Dry,10 - No control,,1,0,0,0,,0,,,,,336738.2095,5039025.494,45.49042224,-76.09139221,2550
16--12362,2016/11/26,3:25 PM,BLAIR RD @ REGIONAL RD 174 S/OR174 IC112 RAMP15 (0012435),12435,03 - At intersection,03 - P.D. only,05 - Turning movement,01 - Clear,01 - Daylight,01 - Dry,01 - Traffic signal,01 - Functioning,2,0,0,0,,0,,,,,374908.9355,5032661.388,45.43037136,-75.60399877,2551
16--12363,2016/11/26,4:27 PM,CARTIER ST @ MCLEOD ST N (0007315),7315,03 - At intersection,03 - P.D. only,02 - Angle,01 - Clear,05 - Dusk,01 - Dry,02 - Stop sign,01 - Functioning,2,0,0,0,,0,,,,,368578.1836,5030873.754,45.41489284,-75.68512939,2552
16--12364,2016/11/26,5:00 PM,DU CLAIRVAUX RD btwn FERNGROVE GT & LA CHAPELLE ST (__3ZA61L),__3ZA61L,01 - Non intersection,03 - P.D. only,06 - SMV unattended vehicle,01 - Clear,07 - Dark,02 - Wet,10 - No control,,1,0,0,0,,0,,,,,380136.4064,5034208.537,45.4437479,-75.5369634,2553
16--12365,2016/11/26,5:44 PM,SWALE RD btwn DEVEREAUX RD & SPRINGHILL RD (__3ZA7IA),__3ZA7IA,01 - Non intersection,03 - P.D. only,07 - SMV other,01 - Clear,07 - Dark,02 - Wet,10 - No control,,1,0,0,0,,0,,,,,381085.7874,5006022.765,45.19004557,-75.52916958,2554
16--12366,2016/11/26,7:45 PM,ST. JOSEPH BLVD btwn ST. JEAN ST & BELCOURT BLVD (__3ZA2AP),__3ZA2AP,04 - At/near private drive,03 - P.D. only,02 - Angle,01 - Clear,07 - Dark,01 - Dry,10 - No control,,2,0,0,0,,0,,,,,381107.3087,5037292.627,45.47139076,-75.52407542,2555
16--12367,2016/11/26,7:57 PM,BLAIR RD btwn OR174 IC112 RAMP15 & MEADOWBROOK RD (__3ZA2E1),__3ZA2E1,01 - Non intersection,03 - P.D. only,05 - Turning movement,01 - Clear,07 - Dark,01 - Dry,10 - No control,,2,0,0,0,,0,,,,,375068.4996,5032465.466,45.42859255,-75.60198773,2556
16--12368,2016/11/26,9:20 PM,BASELINE RD @ FISHER AVE (0002346),2346,03 - At intersection,03 - P.D. only,02 - Angle,01 - Clear,07 - Dark,01 - Dry,01 - Traffic signal,01 - Functioning,2,0,0,0,,0,,,,,366166.035,5026027.874,45.37150647,-75.71654829,2557
16--12369,2016/11/26,9:47 AM,JEANNE D'ARC BLVD @ FORTUNE DR/VINEYARD DR (0004393),4393,02 - Intersection related,03 - P.D. only,03 - Rear end,01 - Clear,01 - Daylight,01 - Dry,01 - Traffic signal,01 - Functioning,2,0,0,0,,0,,,,,379237.9004,5037375.184,45.4723353,-75.54796816,2558
16--1237,2016/01/27,11:11 AM,BRONSON AVE @ SOMERSET ST (0002218),2218,03 - At intersection,03 - P.D. only,05 - Turning movement,01 - Clear,01 - Daylight,01 - Dry,01 - Traffic signal,01 - Functioning,2,0,0,0,,0,,,,,366966.5984,5030476.353,45.41146218,-75.70576813,2559
16--12370,2016/11/26,9:50 AM,CONROY RD btwn 212 N OF HUNT CLUB RD & HUNT CLUB RD (__3ZA3S5A),__3ZA3S5A,01 - Non intersection,03 - P.D. only,05 - Turning movement,01 - Clear,01 - Daylight,02 - Wet,10 - No control,,2,0,0,0,,0,,,,,373756.7148,5025419.891,45.36533031,-75.61973485,2560
16--12371,2016/11/27,1:20 PM,9TH LINE RD @ VICTORIA ST (0001624),1624,03 - At intersection,03 - P.D. only,02 - Angle,01 - Clear,01 - Daylight,01 - Dry,02 - Stop sign,01 - Functioning,2,0,0,0,,0,,,,,387131.2902,5012211.109,45.24504457,-75.45122243,2561
16--12372,2016/11/27,1:56 PM,2ND LINE RD @ OSGOODE MAIN ST (0005251),5251,03 - At intersection,03 - P.D. only,02 - Angle,01 - Clear,01 - Daylight,02 - Wet,02 - Stop sign,01 - Functioning,2,0,0,0,,0,,,,,376058.0625,5001706.105,45.15173095,-75.59376145,2562
16--12373,2016/11/27,10:24 AM,CARLING AVE @ 73 E OF ARCHIBALD ST/WESTGATE SC (0008216),8216,03 - At intersection,03 - P.D. only,05 - Turning movement,01 - Clear,01 - Daylight,01 - Dry,01 - Traffic signal,01 - Functioning,2,0,0,0,,0,,,,,364679.5325,5027584.598,45.38564219,-75.73533575,2563
16--12374,2016/11/27,10:44 AM,VANIER PKWY NB btwn MONTREAL RD & MCARTHUR AVE (__3ZA4SS),__3ZA4SS,01 - Non intersection,03 - P.D. only,04 - Sideswipe,01 - Clear,01 - Daylight,01 - Dry,10 - No control,,2,0,0,0,,0,,,,,370213.4361,5032717.809,45.43133395,-75.6639937,2564
16--12375,2016/11/27,11:03 AM,CONSTANCE BAY RD btwn WILLAND LANE & MONTY DR (__3ZA4CR),__3ZA4CR,01 - Non intersection,03 - P.D. only,07 - SMV other,01 - Clear,01 - Daylight,01 - Dry,10 - No control,,1,0,0,0,,0,,,,,337469.4479,5037928.424,45.48051672,-76.08211021,2565
16--12376,2016/11/27,11:28 PM,BESSERER ST @ DALHOUSIE ST (0011452),11452,02 - Intersection related,03 - P.D. only,04 - Sideswipe,01 - Clear,07 - Dark,01 - Dry,01 - Traffic signal,01 - Functioning,2,0,0,0,,0,,,,,368252.0431,5032158.233,45.4264798,-75.68913052,2566
16--12377,2016/11/27,12:10 PM,GOULBOURN FORCED RD btwn TERRY FOX DR & KANATA ROCKERIES PRIV (__5UAEGG),__5UAEGG,01 - Non intersection,02 - Non-fatal injury,03 - Rear end,01 - Clear,01 - Daylight,01 - Dry,04 - Ped. crossover,01 - Functioning,4,0,0,0,01 - Minimal,1,1,,,,349353.7416,5022460.233,45.34067462,-75.93149743,2567
16--12378,2016/11/27,12:26 PM,COVENTRY RD @ VANIER PKWY (0002139),2139,02 - Intersection related,02 - Non-fatal injury,07 - SMV other,01 - Clear,01 - Daylight,01 - Dry,01 - Traffic signal,01 - Functioning,1,0,0,0,02 - Minor,1,,1,,,370678.068,5031612.062,45.42134129,-75.65820409,2568
16--12379,2016/11/27,12:58 PM,DOVERCOURT AVE @ ROWANWOOD AVE (0003094),3094,03 - At intersection,03 - P.D. only,02 - Angle,01 - Clear,01 - Daylight,01 - Dry,02 - Stop sign,01 - Functioning,2,0,0,0,,0,,,,,362239.4741,5026816.88,45.3789387,-75.76658211,2569
16--1238,2016/01/27,11:30 AM,ECCLES ST btwn BOOTH ST & LEBRETON ST N (__3ZA0WH),__3ZA0WH,01 - Non intersection,03 - P.D. only,06 - SMV unattended vehicle,01 - Clear,01 - Daylight,06 - Ice,10 - No control,,1,0,0,0,,0,,,,,366671.3205,5030189.512,45.40890743,-75.7095762,2570
16--12380,2016/11/27,2:51 PM,BOURASSA ST @ ST. LAURENT BLVD (0007731),7731,03 - At intersection,02 - Non-fatal injury,07 - SMV other,01 - Clear,01 - Daylight,01 - Dry,01 - Traffic signal,01 - Functioning,1,0,0,1,02 - Minor,2,1,1,,,373237.3987,5029694.223,45.40383981,-75.62577078,2571
16--12381,2016/11/27,5:08 PM,BANK ST btwn RIDEAU RD & TURN LANE (__3ZBPH9),__3ZBPH9,01 - Non intersection,02 - Non-fatal injury,03 - Rear end,01 - Clear,07 - Dark,02 - Wet,10 - No control,,2,0,0,0,01 - Minimal,1,1,,,,377148.7056,5017373.954,45.29259481,-75.57761583,2572
16--12382,2016/11/27,6:40 PM,DALHOUSIE ST @ ST. PATRICK ST (0008242),8242,03 - At intersection,03 - P.D. only,05 - Turning movement,01 - Clear,07 - Dark,02 - Wet,01 - Traffic signal,01 - Functioning,2,0,0,0,,0,,,,,367957.4811,5032640.801,45.43084844,-75.69283253,2573
16--12383,2016/11/27,7:30 PM,CATHERINE ST @ METCALFE ST (0011239),11239,03 - At intersection,03 - P.D. only,05 - Turning movement,01 - Clear,07 - Dark,01 - Dry,01 - Traffic signal,01 - Functioning,2,0,0,0,,0,,,,,368392.609,5030486.783,45.4114279,-75.68755009,2574
16--12384,2016/11/28,1:55 PM,RICHMOND RD @ ROBERTSON RD (0000639),639,02 - Intersection related,03 - P.D. only,02 - Angle,01 - Clear,01 - Daylight,01 - Dry,01 - Traffic signal,01 - Functioning,2,0,0,0,,0,,,,,357578.0994,5020749.762,45.32471315,-75.82674432,2575
16--12385,2016/11/28,1:58 PM,EAGLESON RD @ HAZELDEAN RD/ROBERTSON RD (0002715),2715,02 - Intersection related,03 - P.D. only,03 - Rear end,01 - Clear,01 - Daylight,01 - Dry,01 - Traffic signal,01 - Functioning,2,0,0,0,,0,,,,,353674.4531,5018422.39,45.30405366,-75.8767671,2576
16--12386,2016/11/28,1:59 PM,CHURCHILL AVE   N btwn SCOTT ST & WILMONT AVE (__3ZBN9T),__3ZBN9T,01 - Non intersection,02 - Non-fatal injury,07 - SMV other,01 - Clear,01 - Daylight,01 - Dry,10 - No control,,1,0,0,1,02 - Minor,1,,1,,,363121.0249,5028532.138,45.39429951,-75.75512427,2577
16--12387,2016/11/28,10:08 AM,EMOND ST @ MONTREAL RD (0009802),9802,03 - At intersection,03 - P.D. only,02 - Angle,01 - Clear,01 - Daylight,01 - Dry,02 - Stop sign,01 - Functioning,2,0,0,0,,0,,,,,370194.4912,5033134.369,45.43508376,-75.66418047,2578
16--12388,2016/11/28,10:42 AM,LEES AVE btwn HWY417 IC118 RAMP45 & TRANSIT (__3ZA3CM),__3ZA3CM,01 - Non intersection,03 - P.D. only,06 - SMV unattended vehicle,04 - Freezing Rain,01 - Daylight,04 - Slush,10 - No control,,1,0,0,0,,0,,,,,369596.4956,5030914.742,45.41516808,-75.67211475,2579
16--12389,2016/11/28,10:52 AM,BANK ST @ WALKLEY RD (0011423),11423,03 - At intersection,03 - P.D. only,03 - Rear end,01 - Clear,01 - Daylight,01 - Dry,01 - Traffic signal,01 - Functioning,2,0,0,0,,0,,,,,370337.852,5025948.977,45.37041886,-75.66330327,2580
16--1239,2016/01/27,11:37 AM,AIRPORT PKWY btwn RAMP & RAMP (4) (__3ZA22T),__3ZA22T,01 - Non intersection,02 - Non-fatal injury,03 - Rear end,01 - Clear,01 - Daylight,02 - Wet,10 - No control,,2,0,0,0,02 - Minor,3,,3,,,371205.0839,5022311.029,45.33760413,-75.65272148,2581
16--12390,2016/11/28,11:04 AM,HERON RD @ KALADAR AVE (0006960),6960,03 - At intersection,02 - Non-fatal injury,02 - Angle,01 - Clear,01 - Daylight,01 - Dry,01 - Traffic signal,01 - Functioning,2,0,0,0,02 - Minor,1,,1,,,369685.5039,5026803.879,45.37817171,-75.67151835,2582
16--12391,2016/11/28,12:27 PM,MARCH RD @ SOLANDT RD (0003172),3172,03 - At intersection,03 - P.D. only,05 - Turning movement,01 - Clear,01 - Daylight,01 - Dry,01 - Traffic signal,01 - Functioning,2,0,0,0,,0,,,,,350490.2671,5022709.844,45.34284757,-75.91697314,2583
16--12392,2016/11/28,12:30 PM,MANN AVE @ RUSSELL AVE (0006976),6976,02 - Intersection related,03 - P.D. only,03 - Rear end,01 - Clear,01 - Daylight,01 - Dry,02 - Stop sign,00 - Unknown,2,0,0,0,,0,,,,,369469.0582,5031505.824,45.42049821,-75.67366524,2584
16--12393,2016/11/28,12:48 PM,RIVER BEND DR @ WESTDALE AVE (0001108),1108,02 - Intersection related,02 - Non-fatal injury,03 - Rear end,01 - Clear,01 - Daylight,01 - Dry,03 - Yield sign,01 - Functioning,2,0,0,0,01 - Minimal,4,4,,,,357884.6637,5023228.916,45.34699762,-75.82256801,2585