Anom_ID,Accident_Date,Accident_Time,Location,Geo_ID,Accident_Location,Classification_of_Accident,Initial_Impact_Type,Environment_Condition,Light,Road_Surface_Condition,Traffic_Control,Traffic_Control_Condition,No__of_Vehicles,No__of_Bicycles,No__of_Motorcycles,No__of_Pedestrians,Max_Injury,No__of_Injuries,No__of_Minimal,No__of_Minor,No__of_Major,No__of_Fatal,X,Y,Latitude,Longitude,ObjectId
16--12394,2016/11/28,2:26 PM,ISABELLA ST/HWY 417 O'CONN IC119BR57 @ O'CONNO (0001698),1698,03 - At intersection,03 - P.D. only,04 - Sideswipe,01 - Clear,01 - Daylight,01 - Dry,01 - Traffic signal,01 - Functioning,2,0,0,0,,0,,,,,368297.9609,5030309.259,45.40983919,-75.68878205,2586
16--12395,2016/11/28,2:44 PM,CHAPMAN MILLS DR @ LEAMINGTON WAY/MANCINI WAY (0011133),11133,02 - Intersection related,03 - P.D. only,04 - Sideswipe,01 - Clear,01 - Daylight,01 - Dry,02 - Stop sign,00 - Unknown,2,0,0,0,,0,,,,,365045.8119,5014687.236,45.26956165,-75.73222821,2587
16--12396,2016/11/28,3:38 PM,PAUL METIVIER DR @ BEATRICE DR (0011190),11190,03 - At intersection,03 - P.D. only,02 - Angle,01 - Clear,01 - Daylight,01 - Dry,02 - Stop sign,01 - Functioning,2,0,0,0,,0,,,,,365704.9797,5014603.659,45.26875285,-75.7238388,2588
16--12397,2016/11/28,3:48 PM,LIMEBANK RD @ RIDEAU RD (0004455),4455,03 - At intersection,03 - P.D. only,02 - Angle,01 - Clear,01 - Daylight,01 - Dry,02 - Stop sign,01 - Functioning,2,0,0,0,,0,,,,,370881.63,5014018.336,45.26301887,-75.65795333,2589
16--12398,2016/11/28,3:55 PM,BELFAST RD @ ST. LAURENT BLVD (0007658),7658,03 - At intersection,03 - P.D. only,05 - Turning movement,01 - Clear,01 - Daylight,01 - Dry,01 - Traffic signal,01 - Functioning,2,0,0,0,,0,,,,,372861.3827,5030579.221,45.41183928,-75.63045133,2590
16--12399,2016/11/28,5:14 PM,CARLING AVE btwn MOODIE DR & GRANDVIEW RD (__3ZBOCP),__3ZBOCP,01 - Non intersection,03 - P.D. only,07 - SMV other,01 - Clear,07 - Dark,01 - Dry,10 - No control,,1,0,0,0,,0,,,,,355859.2118,5023995.896,45.35404935,-75.8483346,2591
16--124,2016/01/04,7:48 PM,OTTAWA RIVER PKWY @ PORTAGE BRIDGE (0009072),9072,03 - At intersection,03 - P.D. only,04 - Sideswipe,03 - Snow,07 - Dark,03 - Loose snow,01 - Traffic signal,01 - Functioning,2,0,0,0,,0,,,,,366516.756,5031314.968,45.41904761,-75.71140969,2592
16--1240,2016/01/27,11:40 PM,HIGHWAY 417 btwn HWY417 IC126 RAMP25 & HWY417 IC124 RAMP57 (__3ZA2R5),__3ZA2R5,01 - Non intersection,03 - P.D. only,07 - SMV other,01 - Clear,"08 - Dark, artificial",01 - Dry,10 - No control,,1,0,0,0,,0,,,,,363674.8461,5026512.344,45.37607938,-75.74829239,2593
16--12400,2016/11/28,5:17 PM,BASELINE RD @ CLYDE AVE (0002343),2343,02 - Intersection related,03 - P.D. only,07 - SMV other,01 - Clear,07 - Dark,01 - Dry,01 - Traffic signal,01 - Functioning,1,0,0,0,,0,,,,,364359.5315,5024890.927,45.36143225,-75.73974665,2594
16--12401,2016/11/28,5:24 PM,TERRY FOX DR @ WESTPHALIAN AVE (0014366),14366,02 - Intersection related,03 - P.D. only,03 - Rear end,01 - Clear,07 - Dark,01 - Dry,01 - Traffic signal,01 - Functioning,2,0,0,0,,0,,,,,353455.2261,5015759.789,45.28011017,-75.87982363,2595
16--12402,2016/11/28,5:45 PM,HIGHWAY 417 btwn HWY417 IC121A RAMP51 & HWY417 IC120A RAMP52 (__3ZA2R6),__3ZA2R6,01 - Non intersection,03 - P.D. only,03 - Rear end,01 - Clear,07 - Dark,01 - Dry,10 - No control,,2,0,0,0,,0,,,,,367281.0346,5029739.909,45.40480787,-75.70184466,2596
16--12403,2016/11/28,6:03 AM,ROGER STEVENS DR btwn MCKENNA RD & DWYER HILL RD (__3ZA428),__3ZA428,01 - Non intersection,03 - P.D. only,07 - SMV other,01 - Clear,07 - Dark,01 - Dry,10 - No control,,1,0,0,0,,0,,,,,354315.8381,4989330.154,45.04222495,-75.87147505,2597
16--12404,2016/11/28,6:05 PM,HUNT CLUB RD @ RIVERSIDE DR (0002237),2237,02 - Intersection related,03 - P.D. only,03 - Rear end,01 - Clear,07 - Dark,01 - Dry,01 - Traffic signal,01 - Functioning,2,0,0,0,,0,,,,,368036.703,5021945.913,45.33461161,-75.69319015,2598
16--12405,2016/11/28,6:18 AM,RUSSELL RD btwn TO BE DETERMINED & LEITRIM RD (2) (__3ZA3ZJ),__3ZA3ZJ,01 - Non intersection,03 - P.D. only,07 - SMV other,01 - Clear,03 - Dawn,01 - Dry,10 - No control,,1,0,0,0,,0,,,,,383152.6416,5026488.722,45.37395959,-75.49963915,2599
16--12406,2016/11/28,6:54 AM,UPPER DWYER HILL RD btwn HAMILTON SIDE RD & MCARTON RD (__3ZA4E9),__3ZA4E9,04 - At/near private drive,03 - P.D. only,07 - SMV other,01 - Clear,03 - Dawn,02 - Wet,10 - No control,,1,0,0,0,,0,,,,,339535.8848,5008201.597,45.21292285,-76.05776605,2600
16--12407,2016/11/28,7:10 PM,TERRY FOX DR @ WESTPHALIAN AVE (0014366),14366,02 - Intersection related,03 - P.D. only,03 - Rear end,01 - Clear,07 - Dark,01 - Dry,01 - Traffic signal,01 - Functioning,2,0,0,0,,0,,,,,353455.2261,5015759.789,45.28011017,-75.87982363,2601
16--12408,2016/11/28,7:45 PM,HUNTMAR DR @ RICHARDSON SIDE RD (0011853),11853,02 - Intersection related,03 - P.D. only,02 - Angle,01 - Clear,07 - Dark,01 - Dry,02 - Stop sign,01 - Functioning,2,0,0,0,,0,,,,,348207.9267,5018982.243,45.30945049,-75.94642215,2602
16--12409,2016/11/28,8:26 PM,AVIATION PKWY @ OGILVIE RD (0004114),4114,02 - Intersection related,03 - P.D. only,03 - Rear end,01 - Clear,07 - Dark,01 - Dry,01 - Traffic signal,01 - Functioning,2,0,0,0,,0,,,,,373109.886,5032377,45.42799061,-75.62702758,2603
16--1241,2016/01/27,11:43 PM,MONTREAL RD @ VANIER PKWY (0004630),4630,03 - At intersection,02 - Non-fatal injury,05 - Turning movement,01 - Clear,07 - Dark,01 - Dry,01 - Traffic signal,01 - Functioning,2,0,0,0,02 - Minor,1,,1,,,370072.4781,5033065.36,45.43447424,-75.66574893,2604
16--12410,2016/11/28,8:41 AM,CARLING AVE @ CLYDE AVE/COLE AVE (0006984),6984,03 - At intersection,02 - Non-fatal injury,07 - SMV other,01 - Clear,01 - Daylight,01 - Dry,01 - Traffic signal,01 - Functioning,1,0,0,1,01 - Minimal,1,1,,,,363522.3469,5026848.472,45.37911661,-75.75019934,2605
16--12411,2016/11/28,9:43 PM,THOMAS A. DOLAN PKWY btwn PORCUPINE TR & CONSTANCE CREEK DR (__3ZA433),__3ZA433,01 - Non intersection,03 - P.D. only,07 - SMV other,01 - Clear,07 - Dark,02 - Wet,10 - No control,,1,0,0,0,,0,,,,,342492.4622,5031609.256,45.42340251,-76.01834493,2606
16--12412,2016/11/29,1:43 PM,STAGECOACH RD @ CEDAR ACRES DR/WELLWOOD ST (0004715),4715,03 - At intersection,03 - P.D. only,02 - Angle,01 - Clear,01 - Daylight,02 - Wet,02 - Stop sign,01 - Functioning,2,0,0,0,,0,,,,,376345.1776,5012363.1,45.24759113,-75.58858074,2607
16--12413,2016/11/29,1:53 PM,NORICE ST @ WOODROFFE AVE (0001542),1542,02 - Intersection related,03 - P.D. only,03 - Rear end,01 - Clear,01 - Daylight,01 - Dry,01 - Traffic signal,00 - Unknown,3,0,0,0,,0,,,,,363194.684,5022398.734,45.33910572,-75.75490848,2608
16--12414,2016/11/29,10:23 PM,CENTURY RD @ MALAKOFF RD (0003723),3723,02 - Intersection related,03 - P.D. only,07 - SMV other,"07 - Fog, mist, smoke, dust",07 - Dark,02 - Wet,02 - Stop sign,01 - Functioning,1,0,0,0,,0,,,,,360014.4776,5002796.867,45.16298268,-75.79766075,2609
16--12415,2016/11/29,10:23 PM,RUSSELL RD btwn MILTON RD & SAND RD (__3ZA3XZ),__3ZA3XZ,01 - Non intersection,03 - P.D. only,07 - SMV other,"07 - Fog, mist, smoke, dust",07 - Dark,02 - Wet,10 - No control,,1,0,0,0,,0,,,,,390194.2827,5025512.23,45.36435138,-75.40992005,2610
16--12416,2016/11/29,10:26 AM,DONALD ST @ VANIER PKWY (0007644),7644,03 - At intersection,03 - P.D. only,05 - Turning movement,02 - Rain,01 - Daylight,02 - Wet,01 - Traffic signal,01 - Functioning,2,0,0,0,,0,,,,,370311.9326,5032269.488,45.42729093,-75.66279466,2611
16--12417,2016/11/29,11:47 AM,LEES AVE / GRAHAM AVE @ MAIN ST (0002252),2252,02 - Intersection related,03 - P.D. only,03 - Rear end,02 - Rain,01 - Daylight,02 - Wet,01 - Traffic signal,01 - Functioning,2,0,0,0,,0,,,,,369000.8786,5030559.328,45.41202509,-75.67977028,2612
16--12418,2016/11/29,11:59 AM,SOMERSET ST    W btwn CAMBRIDGE ST N & BRONSON AVE (__3ZA33K),__3ZA33K,04 - At/near private drive,03 - P.D. only,05 - Turning movement,02 - Rain,01 - Daylight,02 - Wet,10 - No control,,2,0,0,0,,0,,,,,366950.2844,5030464.868,45.41136029,-75.70597799,2613
16--12419,2016/11/29,Unknown,TUPPER AVE btwn JOLIFFE ST & RUSSELL RD (__3ZA75M),__3ZA75M,01 - Non intersection,03 - P.D. only,06 - SMV unattended vehicle,04 - Freezing Rain,00 - Unknown,02 - Wet,10 - No control,,1,0,0,0,,0,,,,,374246.7977,5028733.224,45.39509379,-75.61301342,2614
16--1242,2016/01/27,11:48 AM,KIRKWOOD AVE @ MERIVALE RD (0002243),2243,03 - At intersection,02 - Non-fatal injury,05 - Turning movement,01 - Clear,01 - Daylight,02 - Wet,01 - Traffic signal,01 - Functioning,2,0,0,0,02 - Minor,1,,1,,,364853.9209,5026646.762,45.37718879,-75.73322309,2615
16--12240,2016/11/24,11:16 AM,COLDREY AVE btwn LAPERRIERE AVE & KIRKWOOD AVE (__3ZA0OU),__3ZA0OU,04 - At/near private drive,03 - P.D. only,05 - Turning movement,01 - Clear,01 - Daylight,05 - Packed snow,10 - No control,,2,0,0,0,,0,,,,,364271.8713,5026920.138,45.37969823,-75.74062119,2616
16--11796,2016/11/14,5:13 PM,EAGLESON RD btwn KATIMAVIK RD & KAKULU RD (__3ZA41U),__3ZA41U,01 - Non intersection,03 - P.D. only,03 - Rear end,01 - Clear,07 - Dark,01 - Dry,10 - No control,,3,0,0,0,,0,,,,,353264.172,5019451.341,45.31334081,-75.88189795,2617
16--12519,2016/12/01,6:05 PM,LEMIEUX ST @ ST. LAURENT BLVD (0002021),2021,03 - At intersection,03 - P.D. only,03 - Rear end,03 - Snow,07 - Dark,04 - Slush,01 - Traffic signal,01 - Functioning,3,0,0,0,,0,,,,,372390.0684,5031743.807,45.42236337,-75.63631238,2618
16--11797,2016/11/14,5:19 PM,HOLITMAN DR btwn THARE CRES & FOXFIELD DR (__3ZA53F),__3ZA53F,01 - Non intersection,03 - P.D. only,06 - SMV unattended vehicle,01 - Clear,07 - Dark,01 - Dry,10 - No control,,1,0,0,0,,0,,,,,363833.1175,5016973.888,45.2902398,-75.74740944,2619
16--11798,2016/11/14,5:20 PM,MONTREAL RD @ OGILVIE RD (0009279),9279,02 - Intersection related,03 - P.D. only,04 - Sideswipe,01 - Clear,07 - Dark,01 - Dry,01 - Traffic signal,01 - Functioning,2,0,0,0,,0,,,,,375655.8327,5034556.367,45.44734598,-75.59418173,2620
16--1252,2016/01/27,3:30 PM,PARKDALE AVE @ WELLINGTON ST (0002260),2260,03 - At intersection,03 - P.D. only,05 - Turning movement,01 - Clear,01 - Daylight,01 - Dry,01 - Traffic signal,01 - Functioning,2,0,0,0,,0,,,,,365149.4811,5029269.458,45.40076188,-75.72912895,2621
16--11799,2016/11/14,5:20 PM,INNES RD @ TENTH LINE RD (0004633),4633,02 - Intersection related,03 - P.D. only,03 - Rear end,01 - Clear,07 - Dark,01 - Dry,01 - Traffic signal,00 - Unknown,2,0,0,0,,0,,,,,383951.7603,5036157.49,45.46086125,-75.48788501,2622
16--12520,2016/12/01,6:08 PM,DONALD ST @ QUILL ST (0007960),7960,03 - At intersection,02 - Non-fatal injury,05 - Turning movement,02 - Rain,07 - Dark,02 - Wet,01 - Traffic signal,01 - Functioning,2,0,0,0,01 - Minimal,2,2,,,,370699.0472,5032312.921,45.42764535,-75.65784228,2623
16--12521,2016/12/01,6:09 PM,ALBION RD/COLLISTON CRES E @ WALKLEY RD (0011422),11422,03 - At intersection,02 - Non-fatal injury,05 - Turning movement,01 - Clear,07 - Dark,02 - Wet,01 - Traffic signal,01 - Functioning,2,0,0,0,02 - Minor,2,1,1,,,371032.632,5026354.315,45.37400064,-75.65437989,2624
16--12522,2016/12/01,6:22 PM,CORKSTOWN RD @ MARCH RD (0003153),3153,02 - Intersection related,02 - Non-fatal injury,03 - Rear end,02 - Rain,07 - Dark,02 - Wet,02 - Stop sign,00 - Unknown,2,0,0,0,01 - Minimal,2,2,,,,352655.9568,5020885.556,45.32628789,-75.88951598,2625
16--12523,2016/12/01,6:36 PM,BRIAN COBURN BLVD @ TENTH LINE RD (0013966),13966,03 - At intersection,02 - Non-fatal injury,05 - Turning movement,01 - Clear,07 - Dark,02 - Wet,01 - Traffic signal,01 - Functioning,2,0,0,0,01 - Minimal,1,1,,,,384428.3389,5035022.308,45.45059377,-75.48197576,2626
16--12524,2016/12/01,6:38 PM,RUSSELL RD btwn RUSSELL RD & CARLSBAD LANE (__3ZA3X2),__3ZA3X2,01 - Non intersection,03 - P.D. only,07 - SMV other,01 - Clear,07 - Dark,01 - Dry,10 - No control,,1,0,0,0,,0,,,,,386927.6894,5025895.856,45.36819324,-75.45154803,2627
16--12525,2016/12/01,6:47 AM,GREENBANK RD @ KILBIRNIE DR (0013622),13622,03 - At intersection,02 - Non-fatal injury,02 - Angle,01 - Clear,07 - Dark,02 - Wet,02 - Stop sign,01 - Functioning,2,0,0,0,02 - Minor,1,,1,,,365285.2559,5011656.861,45.24227377,-75.72954585,2628
16--12526,2016/12/01,7:22 PM,KING EDWARD AVE @ LAURIER AVE (0002170),2170,02 - Intersection related,03 - P.D. only,03 - Rear end,01 - Clear,07 - Dark,01 - Dry,01 - Traffic signal,01 - Functioning,2,0,0,0,,0,,,,,368739.7072,5032034.997,45.42532656,-75.68291517,2629
16--12527,2016/12/01,7:30 PM,TENTH LINE RD @ TENTH LINE RD (0009412),9412,03 - At intersection,03 - P.D. only,03 - Rear end,01 - Clear,07 - Dark,02 - Wet,01 - Traffic signal,01 - Functioning,2,0,0,0,,0,,,,,383530.9278,5037154.279,45.46987701,-75.4931057,2630
16--12528,2016/12/01,7:34 PM,BRIAN COBURN BLVD @ TENTH LINE RD (0013966),13966,03 - At intersection,03 - P.D. only,05 - Turning movement,02 - Rain,07 - Dark,02 - Wet,01 - Traffic signal,01 - Functioning,2,0,0,0,,0,,,,,384428.3389,5035022.308,45.45059377,-75.48197576,2631
16--12529,2016/12/01,7:54 AM,BANK ST @ JOHN QUINN RD (0001633),1633,03 - At intersection,03 - P.D. only,02 - Angle,01 - Clear,01 - Daylight,01 - Dry,02 - Stop sign,01 - Functioning,2,0,0,0,,0,,,,,383423.8851,5010702.633,45.23189597,-75.49868025,2632
16--1253,2016/01/27,3:40 PM,SPRATT RD btwn SHORELINE DR & CANYON WALK DR (__3ZAZTU),__3ZAZTU,01 - Non intersection,03 - P.D. only,04 - Sideswipe,01 - Clear,01 - Daylight,02 - Wet,10 - No control,,2,0,0,0,,0,,,,,368625.9961,5016070.431,45.28169167,-75.68642905,2633
16--12530,2016/12/01,8:07 PM,AVIATION PKWY @ MONTREAL RD (0008799),8799,03 - At intersection,03 - P.D. only,05 - Turning movement,01 - Clear,07 - Dark,02 - Wet,01 - Traffic signal,01 - Functioning,2,0,0,0,,0,,,,,372146.762,5034108.606,45.44366417,-75.63909761,2634
16--12531,2016/12/01,8:08 AM,AVIATION PKWY @ MONTREAL RD (0008799),8799,02 - Intersection related,03 - P.D. only,03 - Rear end,02 - Rain,01 - Daylight,02 - Wet,01 - Traffic signal,00 - Unknown,2,0,0,0,,0,,,,,372144.2321,5034106.512,45.44364557,-75.63913024,2635
16--12532,2016/12/01,8:18 AM,LIMEBANK RD @ TOM ROBERTS RD (0008667),8667,03 - At intersection,03 - P.D. only,05 - Turning movement,01 - Clear,01 - Daylight,02 - Wet,02 - Stop sign,01 - Functioning,2,0,0,0,,0,,,,,368580.3732,5019822.376,45.31545524,-75.68652792,2636
16--12533,2016/12/01,8:19 PM,HINCHEY AVE @ SCOTT ST (0006481),6481,02 - Intersection related,03 - P.D. only,04 - Sideswipe,01 - Clear,07 - Dark,02 - Wet,02 - Stop sign,01 - Functioning,2,0,0,0,,0,,,,,365088.4674,5029808.545,45.40561772,-75.72984233,2637
16--12241,2016/11/24,11:16 AM,PASCAL PL btwn BARSONA PL & END (__3ZA56E),__3ZA56E,01 - Non intersection,03 - P.D. only,07 - SMV other,03 - Snow,01 - Daylight,03 - Loose snow,10 - No control,,1,0,0,0,,0,,,,,381511.5654,5037188.665,45.47041111,-75.51892221,2638
16--12534,2016/12/01,8:50 AM,LAURIER AVE @ NICHOLAS ST (0010711),10711,03 - At intersection,03 - P.D. only,04 - Sideswipe,02 - Rain,01 - Daylight,02 - Wet,01 - Traffic signal,01 - Functioning,2,0,0,0,,0,,,,,368374.5838,5031798.98,45.42323624,-75.68761106,2639
16--12535,2016/12/01,9:29 AM,DUMAURIER AVE @ PINECREST RD (0002743),2743,02 - Intersection related,03 - P.D. only,03 - Rear end,01 - Clear,01 - Daylight,02 - Wet,01 - Traffic signal,01 - Functioning,2,0,0,0,,0,,,,,360324.1635,5023835.753,45.35226905,-75.79137091,2640
16--12536,2016/12/01,9:30 AM,HWY 417 INNES IC112R57 @ INNES RD (0012298),12298,03 - At intersection,03 - P.D. only,04 - Sideswipe,01 - Clear,01 - Daylight,01 - Dry,01 - Traffic signal,01 - Functioning,2,0,0,0,,0,,,,,374299.6103,5030754.381,45.41327392,-75.6120541,2641
16--12537,2016/12/01,9:46 AM,CARP RD @ ARBOURBROOK BLVD (0010694),10694,03 - At intersection,03 - P.D. only,05 - Turning movement,01 - Clear,01 - Daylight,02 - Wet,02 - Stop sign,01 - Functioning,2,0,0,0,,0,,,,,344908.7822,5018635.44,45.30652599,-75.9885222,2642
16--12538,2016/12/02,1:00 PM,RICHMOND RD btwn WINSTON AVE & CHURCHILL AVE N (__3ZA4OS),__3ZA4OS,04 - At/near private drive,02 - Non-fatal injury,02 - Angle,01 - Clear,01 - Daylight,01 - Dry,10 - No control,,2,0,0,0,02 - Minor,1,,1,,,363124.9026,5028223.432,45.3915215,-75.75511124,2643
16--12539,2016/12/02,1:10 PM,JEANNE D'ARC BLVD  N btwn Continuation of JEANNE D'ARC BLVD N & TRANSI (__3ZA2AO),__3ZA2AO,01 - Non intersection,03 - P.D. only,07 - SMV other,01 - Clear,01 - Daylight,01 - Dry,10 - No control,,1,0,0,0,,0,,,,,379303.5358,5037188.432,45.47064805,-75.54715714,2644
16--1254,2016/01/27,4:04 PM,HIGHWAY 417 btwn HWY417 IC124 RAMP67 & HWY417 IC123 RAMP62 (__3ZA2YZ),__3ZA2YZ,01 - Non intersection,03 - P.D. only,03 - Rear end,01 - Clear,01 - Daylight,01 - Dry,10 - No control,,2,0,0,0,,0,,,,,364722.6546,5027966.345,45.38907339,-75.73473878,2645
16--12540,2016/12/02,1:19 PM,CARP RD btwn HWY417 IC144 RAMP25 & WESTBROOK RD (__3ZA3D3),__3ZA3D3,01 - Non intersection,03 - P.D. only,04 - Sideswipe,01 - Clear,01 - Daylight,01 - Dry,10 - No control,,2,0,0,0,,0,,,,,347612.2147,5015580.433,45.27887637,-75.95431253,2646
16--12541,2016/12/02,1:33 PM,BORRISOKANE RD/TARTAN DR @ STRANDHERD DR (0010634),10634,02 - Intersection related,03 - P.D. only,03 - Rear end,01 - Clear,01 - Daylight,01 - Dry,01 - Traffic signal,00 - Unknown,2,0,0,0,,0,,,,,362290.8156,5013544.936,45.25951377,-75.7674671,2647
16--12542,2016/12/02,10:37 AM,KING EDWARD AVE NB btwn YORK ST & RIDEAU ST (__3ZA1ZH),__3ZA1ZH,04 - At/near private drive,03 - P.D. only,02 - Angle,01 - Clear,01 - Daylight,02 - Wet,10 - No control,,2,0,0,0,,0,,,,,368407.9559,5032603.924,45.4304758,-75.68708071,2648
16--12543,2016/12/02,10:37 AM,AVIATION PKWY @ OGILVIE RD (0004114),4114,02 - Intersection related,03 - P.D. only,02 - Angle,01 - Clear,01 - Daylight,01 - Dry,01 - Traffic signal,01 - Functioning,2,0,0,0,,0,,,,,373110.4947,5032376.366,45.42798484,-75.62701989,2649
16--12544,2016/12/02,10:48 PM,STAGECOACH RD btwn SNAKE ISLAND RD & HERBERTS CORNERS RD (__3ZA2CV),__3ZA2CV,01 - Non intersection,03 - P.D. only,07 - SMV other,01 - Clear,07 - Dark,01 - Dry,10 - No control,,1,0,0,0,,0,,,,,377934.0649,5007465.363,45.20335956,-75.56906206,2650
16--12545,2016/12/02,10:49 PM,HIGHWAY 417 btwn HWY417 IC121B RAMP51 & HWY417 IC121A RAMP51 (__3ZA2YW),__3ZA2YW,01 - Non intersection,03 - P.D. only,03 - Rear end,01 - Clear,07 - Dark,01 - Dry,10 - No control,,2,0,0,0,,0,,,,,366762.5235,5029569.759,45.403323,-75.70848905,2651
16--12546,2016/12/02,11:32 AM,ELVASTON AVE btwn CRAIG HENRY DR & BAINBRIDGE AVE (__3ZBNFV),__3ZBNFV,04 - At/near private drive,03 - P.D. only,06 - SMV unattended vehicle,01 - Clear,01 - Daylight,01 - Dry,10 - No control,,1,0,0,0,,0,,,,,361223.6661,5021362.312,45.3299413,-75.78017397,2652
16--12547,2016/12/02,Unknown,ALLGROVE WAY btwn BAYWOOD DR & HARTSMERE DR (__4BBC4O),__4BBC4O,01 - Non intersection,03 - P.D. only,06 - SMV unattended vehicle,01 - Clear,00 - Unknown,01 - Dry,10 - No control,,1,0,0,0,,0,,,,,351101.3583,5011999.535,45.24643313,-75.91017569,2653
16--12548,2016/12/02,2:25 AM,HIGHWAY 417 btwn HWY417 IC131 RAMP66 & HWY417 IC130 RAMP26 (__3ZA29A),__3ZA29A,01 - Non intersection,03 - P.D. only,07 - SMV other,01 - Clear,07 - Dark,01 - Dry,10 - No control,,1,0,0,0,,0,,,,,359204.136,5023081.994,45.34557451,-75.80574715,2654
16--12549,2016/12/02,2:26 PM,ISABELLA ST/HWY 417 O'CONN IC119BR57 @ O'CONNO (0001698),1698,02 - Intersection related,03 - P.D. only,03 - Rear end,01 - Clear,01 - Daylight,01 - Dry,01 - Traffic signal,00 - Unknown,3,0,0,0,,0,,,,,368298.8603,5030310.125,45.4098469,-75.68877045,2655
16--1255,2016/01/27,4:15 PM,CARLING AVE @ BROADVIEW AVE (0006707),6707,03 - At intersection,03 - P.D. only,05 - Turning movement,01 - Clear,01 - Daylight,01 - Dry,01 - Traffic signal,01 - Functioning,3,0,0,0,,0,,,,,363180.296,5026637.76,45.37724924,-75.75459139,2656
16--12550,2016/12/02,2:29 PM,OGILVIE RD @ ELMLEA GT/SHOPPERS CITY EAST SC (0008800),8800,03 - At intersection,03 - P.D. only,07 - SMV other,01 - Clear,01 - Daylight,01 - Dry,01 - Traffic signal,01 - Functioning,1,0,0,0,,0,,,,,374986.2482,5033487.825,45.43779942,-75.60289301,2657
16--12551,2016/12/02,2:34 PM,BANK ST @ POWELL AVE (0007236),7236,02 - Intersection related,03 - P.D. only,04 - Sideswipe,01 - Clear,01 - Daylight,01 - Dry,02 - Stop sign,01 - Functioning,2,0,0,0,,0,,,,,368173.4881,5029944.902,45.4065721,-75.69041893,2658
16--12552,2016/12/02,2:45 PM,MACKENZIE AVE @ RIDEAU ST (0002136),2136,02 - Intersection related,03 - P.D. only,04 - Sideswipe,01 - Clear,01 - Daylight,01 - Dry,01 - Traffic signal,01 - Functioning,2,0,0,0,,0,,,,,367868.6015,5032009.361,45.42517498,-75.69404919,2659
16--12553,2016/12/02,2:58 PM,BASELINE RD @ MERIVALE RD (0002342),2342,03 - At intersection,03 - P.D. only,02 - Angle,01 - Clear,01 - Daylight,01 - Dry,01 - Traffic signal,01 - Functioning,2,0,0,0,,0,,,,,365053.0401,5025326.757,45.36529452,-75.73084195,2660
16--12554,2016/12/02,4:14 PM,MEADOWLANDS DR btwn PRINCE OF WALES DR & DEBRA AVE (__3ZA3GTB),__3ZA3GTB,04 - At/near private drive,02 - Non-fatal injury,05 - Turning movement,01 - Clear,05 - Dusk,01 - Dry,10 - No control,,2,0,0,0,02 - Minor,1,,1,,,367220.6378,5025594.577,45.36751463,-75.70314037,2661
16--12555,2016/12/02,4:34 PM,CARLING AVE @ CIVIC HOSPITAL (0008793),8793,02 - Intersection related,03 - P.D. only,03 - Rear end,01 - Clear,05 - Dusk,01 - Dry,01 - Traffic signal,01 - Functioning,3,0,0,0,,0,,,,,365791.8185,5028279.392,45.39179783,-75.72104725,2662
16--12556,2016/12/02,4:38 PM,EAGLESON RD btwn HAZELDEAN RD & 146 N OF ABBEYHILL DR/HAZELDEAN MALL S (__3ZA41OA),__3ZA41OA,01 - Non intersection,03 - P.D. only,03 - Rear end,01 - Clear,05 - Dusk,01 - Dry,10 - No control,,3,0,0,0,,0,,,,,353677.7657,5018413.28,45.30397146,-75.87672576,2663
16--12557,2016/12/02,5:20 PM,BEATRICE DR btwn KILBARRON RD & LETOURNEAU ST (__4LT4QR),__4LT4QR,01 - Non intersection,03 - P.D. only,06 - SMV unattended vehicle,01 - Clear,07 - Dark,01 - Dry,10 - No control,,1,0,0,0,,0,,,,,364991.0558,5016682.58,45.2875204,-75.73268399,2664
16--12558,2016/12/02,5:37 PM,WOODROFFE AVE btwn CARLINGWOOD SC & CARLING AVE (__3ZA4NKB),__3ZA4NKB,04 - At/near private drive,03 - P.D. only,02 - Angle,01 - Clear,07 - Dark,01 - Dry,10 - No control,,2,0,0,0,,0,,,,,361921.133,5025858.016,45.37033696,-75.77075743,2665
16--12559,2016/12/02,5:44 PM,ROBERTSON RD btwn WESTCLIFFE RD & FITZGERALD RD (__3ZA41Z),__3ZA41Z,04 - At/near private drive,03 - P.D. only,02 - Angle,01 - Clear,07 - Dark,01 - Dry,10 - No control,,2,0,0,0,,0,,,,,356568.4213,5020155.112,45.31943761,-75.83968541,2666
16--1256,2016/01/27,4:27 PM,STONEHAVEN DR btwn BLUEMEADOW WAY & STONEHILL CRT (__3ZACMP),__3ZACMP,01 - Non intersection,03 - P.D. only,03 - Rear end,01 - Clear,01 - Daylight,01 - Dry,10 - No control,,2,0,0,0,,0,,,,,354648.8184,5016807.976,45.28945837,-75.86450532,2667
16--12560,2016/12/02,6:01 PM,"EGLISE, RUE DE L @ MONTREAL RD (0011441)",11441,02 - Intersection related,03 - P.D. only,03 - Rear end,01 - Clear,07 - Dark,02 - Wet,01 - Traffic signal,01 - Functioning,2,0,0,0,,0,,,,,371159.606,5033633.592,45.43948462,-75.65177921,2668