Anom_ID,Accident_Date,Accident_Time,Location,Geo_ID,Accident_Location,Classification_of_Accident,Initial_Impact_Type,Environment_Condition,Light,Road_Surface_Condition,Traffic_Control,Traffic_Control_Condition,No__of_Vehicles,No__of_Bicycles,No__of_Motorcycles,No__of_Pedestrians,Max_Injury,No__of_Injuries,No__of_Minimal,No__of_Minor,No__of_Major,No__of_Fatal,X,Y,Latitude,Longitude,ObjectId
16--12561,2016/12/02,6:14 PM,ALLENBY RD/GATESHEAD AVE @ MORGAN'S GRANT WAY (0012145),12145,03 - At intersection,02 - Non-fatal injury,07 - SMV other,01 - Clear,07 - Dark,01 - Dry,02 - Stop sign,01 - Functioning,1,0,0,1,01 - Minimal,1,1,,,,349480.2115,5023493.661,45.3499656,-75.92979041,2669
16--12562,2016/12/02,6:18 PM,BANK ST @ MITCH OWENS RD (0001640),1640,03 - At intersection,03 - P.D. only,02 - Angle,01 - Clear,07 - Dark,01 - Dry,01 - Traffic signal,01 - Functioning,2,0,0,0,,0,,,,,377758.9852,5015948.118,45.27970263,-75.57004597,2670
16--12563,2016/12/02,6:24 PM,HIGHWAY 417 btwn HWY417 IC121B RAMP51 & HWY417 IC121A RAMP51 (__3ZA2YW),__3ZA2YW,01 - Non intersection,03 - P.D. only,03 - Rear end,01 - Clear,07 - Dark,01 - Dry,10 - No control,,2,0,0,0,,0,,,,,366880.3342,5029604.3,45.40362335,-75.70697993,2671
16--12564,2016/12/02,6:45 AM,HWY 416 WESTHUNT IC72R34 @ WEST HUNT CLUB RD (0005218),5218,03 - At intersection,03 - P.D. only,01 - Approaching,01 - Clear,07 - Dark,01 - Dry,01 - Traffic signal,01 - Functioning,2,0,0,0,,0,,,,,359370.7404,5019361.541,45.31208478,-75.80403138,2672
16--12565,2016/12/02,7:05 PM,MONTREAL RD @ VANIER PKWY (0004630),4630,03 - At intersection,03 - P.D. only,02 - Angle,01 - Clear,07 - Dark,01 - Dry,01 - Traffic signal,01 - Functioning,2,0,0,0,,0,,,,,370072.0512,5033065.373,45.4344744,-75.66575438,2673
16--12566,2016/12/02,7:26 PM,MURRAY ST btwn PARENT AVE & DALHOUSIE ST (__3ZA3WK),__3ZA3WK,01 - Non intersection,02 - Non-fatal injury,04 - Sideswipe,01 - Clear,07 - Dark,01 - Dry,10 - No control,,2,0,0,0,02 - Minor,1,,1,,,367957.6349,5032546.265,45.42999782,-75.69284269,2674
16--12567,2016/12/02,7:28 PM,PANMURE RD @ UPPER DWYER HILL RD (0011474),11474,02 - Intersection related,03 - P.D. only,07 - SMV other,03 - Snow,07 - Dark,02 - Wet,02 - Stop sign,01 - Functioning,1,0,0,0,,0,,,,,329349.4225,5019817.306,45.31787732,-76.18687679,2675
16--12568,2016/12/02,7:31 PM,LONGFIELDS DR btwn CHAPMAN MILLS DR & GLENROY GILBERT DR (__8O98ZF),__8O98ZF,01 - Non intersection,03 - P.D. only,04 - Sideswipe,01 - Clear,07 - Dark,01 - Dry,10 - No control,,2,0,0,0,,0,,,,,364831.667,5014600.825,45.26880244,-75.73496747,2676
16--12569,2016/12/02,7:35 PM,BANK ST @ GLEBE AVE (0007713),7713,02 - Intersection related,03 - P.D. only,99 - Other,01 - Clear,07 - Dark,01 - Dry,01 - Traffic signal,01 - Functioning,2,0,0,0,,0,,,,,368239.8826,5029787.562,45.40515039,-75.68959108,2677
16--1257,2016/01/27,4:45 PM,FALLOWFIELD RD btwn VIA PARK PL/275 W OF WOODROFFE AVE & TRANSIT (__3ZA3IKC),__3ZA3IKC,01 - Non intersection,03 - P.D. only,03 - Rear end,01 - Clear,05 - Dusk,01 - Dry,10 - No control,,3,0,0,0,,0,,,,,364544.4931,5017591.927,45.29574078,-75.73826674,2678
16--12570,2016/12/02,7:42 PM,ARLINGTON AVE @ BRONSON AVE (0006759),6759,03 - At intersection,03 - P.D. only,03 - Rear end,02 - Rain,07 - Dark,02 - Wet,01 - Traffic signal,00 - Unknown,2,0,0,0,,0,,,,,367223.5376,5029867.149,45.40595787,-75.70256297,2679
16--12571,2016/12/02,7:42 PM,RICHMOND RD btwn JOHN SUTHERLAND DR & HOLLY ACRES RD (__3ZA2LS),__3ZA2LS,01 - Non intersection,03 - P.D. only,03 - Rear end,01 - Clear,07 - Dark,01 - Dry,10 - No control,,2,0,0,0,,0,,,,,359021.4045,5022659.055,45.34178304,-75.80812518,2680
16--12572,2016/12/02,8:59 AM,HAMILTON AVE   N btwn ARMSTRONG ST & WELLINGTON ST W (__3ZA05N),__3ZA05N,01 - Non intersection,03 - P.D. only,05 - Turning movement,01 - Clear,01 - Daylight,01 - Dry,10 - No control,,2,0,0,0,,0,,,,,365017.6743,5029366.189,45.40164359,-75.73080061,2681
16--12573,2016/12/02,9:07 PM,BANNER RD @ GREENBANK RD (0000644),644,03 - At intersection,03 - P.D. only,05 - Turning movement,01 - Clear,07 - Dark,01 - Dry,01 - Traffic signal,01 - Functioning,2,0,0,0,,0,,,,,361021.8921,5021565.394,45.33178482,-75.78272483,2682
16--12574,2016/12/02,9:11 PM,NINTH LINE RD btwn ANDERSON RD & FARMERS WAY (__3ZA64H),__3ZA64H,01 - Non intersection,03 - P.D. only,07 - SMV other,01 - Clear,07 - Dark,01 - Dry,10 - No control,,1,0,0,0,,0,,,,,382962.9276,5021645.497,45.33040482,-75.50282653,2683
16--12575,2016/12/03,1:03 PM,BANK ST @ ST. PAUL AVE (0011298),11298,02 - Intersection related,03 - P.D. only,04 - Sideswipe,01 - Clear,01 - Daylight,01 - Dry,02 - Stop sign,00 - Unknown,2,0,0,0,,0,,,,,370507.2132,5025559.896,45.36690218,-75.66119308,2684
16--12576,2016/12/03,1:07 PM,CARLING AVE @ WOODROFFE AVE W (0011470),11470,02 - Intersection related,03 - P.D. only,04 - Sideswipe,01 - Clear,01 - Daylight,01 - Dry,01 - Traffic signal,00 - Unknown,2,0,0,0,,0,,,,,361767.8718,5025725.334,45.36915558,-75.7727292,2685
16--12577,2016/12/03,1:14 AM,INDUSTRIAL AVE btwn TRAINYARDS DR & RUSSELL RD (__3ZA3R9),__3ZA3R9,01 - Non intersection,03 - P.D. only,04 - Sideswipe,01 - Clear,07 - Dark,01 - Dry,10 - No control,,2,0,0,0,,0,,,,,372075.9207,5030440.165,45.41066406,-75.64050418,2686
16--12578,2016/12/03,11:16 PM,MOODIE DR btwn 340 S OF CARLING AVE/NORTEL NORTH ENT & 715 S OF CARLIN (__3ZA4Z7B),__3ZA4Z7B,01 - Non intersection,03 - P.D. only,07 - SMV other,01 - Clear,07 - Dark,01 - Dry,10 - No control,,1,0,0,0,,0,,,,,356032.3253,5023549.606,45.35002097,-75.84617155,2687
16--12579,2016/12/03,11:57 AM,HWY 417 TERRYFO IC140R52 @ TERRY FOX DR (0003180),3180,02 - Intersection related,03 - P.D. only,03 - Rear end,01 - Clear,01 - Daylight,01 - Dry,01 - Traffic signal,01 - Functioning,2,0,0,0,,0,,,,,351051.1877,5018436.303,45.30435648,-75.91021509,2688
16--1258,2016/01/27,4:48 PM,CONROY RD @ 212 N OF HUNTCLUB RD (0008976),8976,02 - Intersection related,03 - P.D. only,03 - Rear end,01 - Clear,05 - Dusk,02 - Wet,01 - Traffic signal,01 - Functioning,3,0,0,0,,0,,,,,373681.6324,5025601.01,45.36696733,-75.62066795,2689
16--12580,2016/12/03,Unknown,BENJAMIN AVE btwn FAIRLAWN AVE & BLYTHDALE RD (__3ZA0CV),__3ZA0CV,01 - Non intersection,03 - P.D. only,06 - SMV unattended vehicle,01 - Clear,00 - Unknown,01 - Dry,10 - No control,,1,0,0,0,,0,,,,,362210.9733,5025105.38,45.36354113,-75.76714492,2690
16--12581,2016/12/03,Unknown,HAVELOCK ST btwn CONCORD ST N & END (__3ZA8AN),__3ZA8AN,01 - Non intersection,03 - P.D. only,06 - SMV unattended vehicle,01 - Clear,00 - Unknown,01 - Dry,10 - No control,,1,0,0,0,,0,,,,,369123.2321,5030952.374,45.41555035,-75.67815596,2691
16--12582,2016/12/03,12:01 PM,FIFTH AVE btwn RUPERT ST & ADELAIDE ST (__3ZA92C),__3ZA92C,01 - Non intersection,02 - Non-fatal injury,03 - Rear end,01 - Clear,01 - Daylight,01 - Dry,10 - No control,,2,0,0,0,01 - Minimal,1,1,,,,368612.0636,5029526.396,45.40276668,-75.68487096,2692
16--12583,2016/12/03,2:02 PM,BEAVERWOOD RD btwn Continuation of BEAVERWOOD RD & ANN ST (__3ZA908),__3ZA908,04 - At/near private drive,02 - Non-fatal injury,07 - SMV other,01 - Clear,01 - Daylight,01 - Dry,10 - No control,,1,0,0,1,01 - Minimal,1,1,,,,368824.8554,5009678.648,45.22416088,-75.68471785,2693
16--12584,2016/12/03,2:27 PM,HIGHWAY 417 btwn HWY417 IC122 RAMP61 & HWY417 IC121B RAMP16 (__3ZA2Y4),__3ZA2Y4,01 - Non intersection,03 - P.D. only,07 - SMV other,01 - Clear,01 - Daylight,01 - Dry,10 - No control,,1,0,0,0,,0,,,,,366566.3083,5029531.987,45.40300047,-75.711,2694
16--12585,2016/12/03,2:30 PM,ST. LAURENT BLVD btwn COVENTRY RD & LEMIEUX ST (__3ZA2C9),__3ZA2C9,04 - At/near private drive,03 - P.D. only,05 - Turning movement,01 - Clear,01 - Daylight,01 - Dry,10 - No control,,2,0,0,0,,0,,,,,372382.3386,5031765.186,45.42255647,-75.63640821,2695
16--12586,2016/12/03,2:38 AM,HEMLOCK RD @ ST. LAURENT BLVD (0007183),7183,02 - Intersection related,03 - P.D. only,07 - SMV other,01 - Clear,07 - Dark,01 - Dry,01 - Traffic signal,01 - Functioning,1,0,0,0,,0,,,,,371145.7089,5034782.84,45.44982633,-75.65180187,2696
16--12587,2016/12/03,3:13 PM,CARLING AVE EB btwn SCRIVENS ST & GRENON AVE (__3ZA26C),__3ZA26C,04 - At/near private drive,02 - Non-fatal injury,07 - SMV other,01 - Clear,01 - Daylight,01 - Dry,10 - No control,,1,0,0,1,02 - Minor,1,,1,,,359570.4775,5024336.018,45.35682971,-75.8009337,2697
16--12588,2016/12/03,3:26 PM,ST. JOSEPH BLVD btwn ORLEANS BLVD & COUSINEAU ST (__3ZA2B2),__3ZA2B2,01 - Non intersection,03 - P.D. only,04 - Sideswipe,01 - Clear,01 - Daylight,01 - Dry,10 - No control,,2,0,0,0,,0,,,,,380675.63,5037008.747,45.46888367,-75.52963937,2698
16--12589,2016/12/03,3:50 PM,HAWTHORNE AVE @ MAIN ST (0006919),6919,02 - Intersection related,03 - P.D. only,04 - Sideswipe,01 - Clear,01 - Daylight,01 - Dry,01 - Traffic signal,01 - Functioning,2,0,0,0,,0,,,,,368969.0533,5030630.497,45.41266837,-75.68016757,2699
16--1259,2016/01/27,5:09 PM,AURIGA DR btwn CORVUS CRT & ANTARES DR (__3ZA529),__3ZA529,01 - Non intersection,03 - P.D. only,06 - SMV unattended vehicle,01 - Clear,05 - Dusk,01 - Dry,10 - No control,,1,0,0,0,,0,,,,,366594.8574,5021275.784,45.32871035,-75.71166792,2700
16--12590,2016/12/03,4:56 PM,BAYSHORE DR @ RICHMOND RD (0010407),10407,03 - At intersection,03 - P.D. only,05 - Turning movement,01 - Clear,07 - Dark,01 - Dry,01 - Traffic signal,01 - Functioning,2,0,0,0,,0,,,,,359372.4676,5023369.191,45.34814563,-75.80356754,2701
16--12591,2016/12/03,5:07 PM,MEADOWLANDS DR @ MERIVALE RD (0000625),625,02 - Intersection related,03 - P.D. only,03 - Rear end,01 - Clear,07 - Dark,01 - Dry,01 - Traffic signal,01 - Functioning,3,0,0,0,,0,,,,,364857.0436,5023723.44,45.35088493,-75.73353851,2702
16--12592,2016/12/03,5:20 PM,HWY417 IC127 RAMP63 btwn HIGHWAY 417 & WOODROFFE AVE (__3ZAY81),__3ZAY81,01 - Non intersection,03 - P.D. only,07 - SMV other,01 - Clear,07 - Dark,01 - Dry,10 - No control,,1,0,0,0,,0,,,,,361950.8013,5024883.104,45.36156237,-75.77049146,2703
16--12593,2016/12/03,5:23 PM,TENTH LINE RD btwn ST. JOSEPH BLVD & OLD TENTH LINE RD (__3ZA1TE),__3ZA1TE,01 - Non intersection,03 - P.D. only,03 - Rear end,01 - Clear,07 - Dark,01 - Dry,10 - No control,,4,0,0,0,,0,,,,,382922.0657,5038602.271,45.48297312,-75.50066101,2704
16--12594,2016/12/03,5:30 PM,FLEWELLYN RD btwn RIDINGVIEW CRES & WEST HEALEY AVE (__3ZACSJ),__3ZACSJ,01 - Non intersection,03 - P.D. only,07 - SMV other,01 - Clear,07 - Dark,01 - Dry,10 - No control,,1,0,0,0,,0,,,,,351167.4811,5010521.762,45.23313123,-75.90947118,2705
16--12595,2016/12/03,5:52 PM,ROCKWAY CRES btwn ROCKWAY CRES & END (__3ZABH0),__3ZABH0,04 - At/near private drive,03 - P.D. only,02 - Angle,01 - Clear,07 - Dark,01 - Dry,10 - No control,,2,0,0,0,,0,,,,,361459.3967,5022697.361,45.34193505,-75.77701401,2706
16--12596,2016/12/03,6:12 PM,GREENBANK RD @ STRANDHERD DR (0005563),5563,02 - Intersection related,03 - P.D. only,99 - Other,01 - Clear,07 - Dark,01 - Dry,01 - Traffic signal,01 - Functioning,2,0,0,0,,0,,,,,363934.3319,5014784.944,45.27053517,-75.74638002,2707
16--12597,2016/12/03,6:30 PM,VANIER PKWY/CRICHTON ST @ BEECHWOOD AVE/ST. PA (0001604),1604,02 - Intersection related,03 - P.D. only,03 - Rear end,01 - Clear,07 - Dark,01 - Dry,01 - Traffic signal,01 - Functioning,2,0,0,0,,0,,,,,369128.1783,5033486.962,45.43835516,-75.67776172,2708
16--12598,2016/12/03,7:08 PM,VIEWMOUNT DR @ MERIVALE RD (0001528),1528,03 - At intersection,02 - Non-fatal injury,05 - Turning movement,01 - Clear,07 - Dark,01 - Dry,01 - Traffic signal,01 - Functioning,2,0,0,0,02 - Minor,1,,1,,,365193.4776,5022947.837,45.34387727,-75.72933997,2709
16--12599,2016/12/03,8:33 PM,BASSETT LANE @ ISLAND PARK DR (0006377),6377,02 - Intersection related,02 - Non-fatal injury,03 - Rear end,01 - Clear,07 - Dark,01 - Dry,02 - Stop sign,01 - Functioning,3,0,0,0,02 - Minor,2,1,1,,,364235.575,5028646.135,45.39523152,-75.74087675,2710
16--126,2016/01/04,9:10 AM,MARCH RD btwn 280 S OF CARLING AVE/STATION RD & RICHARDSON SIDE RD (__3ZA42DB),__3ZA42DB,04 - At/near private drive,03 - P.D. only,04 - Sideswipe,01 - Clear,01 - Daylight,02 - Wet,10 - No control,,2,0,0,0,,0,,,,,351209.5907,5021917.382,45.33566962,-75.90786909,2711
16--1260,2016/01/27,5:48 PM,CHESTERTON DR @ MEADOWLANDS DR (0001110),1110,02 - Intersection related,03 - P.D. only,03 - Rear end,01 - Clear,07 - Dark,01 - Dry,01 - Traffic signal,01 - Functioning,4,0,0,0,,0,,,,,365100.9972,5024009.88,45.35344134,-75.73039047,2712
16--12600,2016/12/03,8:46 PM,CORKSTOWN RD @ MARCH RD (0003153),3153,03 - At intersection,02 - Non-fatal injury,02 - Angle,01 - Clear,07 - Dark,01 - Dry,02 - Stop sign,01 - Functioning,2,0,0,0,02 - Minor,2,,2,,,352657.3936,5020883.266,45.32626719,-75.88949787,2713
16--118,2016/01/04,5:42 PM,INNES RD @ STONEHENGE CRES E (0009355),9355,02 - Intersection related,03 - P.D. only,03 - Rear end,01 - Clear,07 - Dark,01 - Dry,01 - Traffic signal,01 - Functioning,3,0,0,0,,0,,,,,375364.8444,5031315.25,45.41821371,-75.59836576,2714
16--12242,2016/11/24,11:30 AM,EARL ARMSTRONG RD @ RIVER RD (0012470),12470,02 - Intersection related,03 - P.D. only,04 - Sideswipe,01 - Clear,01 - Daylight,02 - Wet,01 - Traffic signal,01 - Functioning,2,0,0,0,,0,,,,,367564.8484,5014689.934,45.26936563,-75.70012838,2715
16--1180,2016/01/25,3:54 PM,ST. LAURENT BLVD @ QUEEN MARY ST (0008798),8798,02 - Intersection related,03 - P.D. only,04 - Sideswipe,01 - Clear,01 - Daylight,01 - Dry,02 - Stop sign,01 - Functioning,2,0,0,0,,0,,,,,372214.7175,5032177.222,45.42627995,-75.6384935,2716
16--11800,2016/11/14,5:22 PM,GREENBANK RD @ BERRIGAN DR/WESSEX RD (0004726),4726,02 - Intersection related,03 - P.D. only,02 - Angle,01 - Clear,07 - Dark,01 - Dry,01 - Traffic signal,01 - Functioning,2,0,0,0,,0,,,,,363723.9012,5015277.083,45.27498111,-75.74900315,2717
16--11801,2016/11/14,5:31 PM,PARKDALE AVE @ SCOTT ST (0002213),2213,02 - Intersection related,03 - P.D. only,03 - Rear end,01 - Clear,07 - Dark,01 - Dry,01 - Traffic signal,01 - Functioning,2,0,0,0,,0,,,,,364951.3599,5029726.146,45.4048881,-75.73160371,2718
16--11802,2016/11/14,5:33 PM,HWY417 IC163 RAMP15 btwn PANMURE RD & HIGHWAY 417 (__34IVG0),__34IVG0,01 - Non intersection,02 - Non-fatal injury,07 - SMV other,01 - Clear,07 - Dark,01 - Dry,10 - No control,,1,0,0,0,01 - Minimal,1,1,,,,331087.119,5021305.603,45.33120693,-76.16463416,2719
16--11803,2016/11/14,5:39 PM,CYR AVE @ MONTREAL RD (0009803),9803,03 - At intersection,03 - P.D. only,02 - Angle,01 - Clear,07 - Dark,01 - Dry,02 - Stop sign,01 - Functioning,2,0,0,0,,0,,,,,370220.4899,5033148.371,45.43520731,-75.66384635,2720
16--11804,2016/11/14,6:00 AM,LINDHURST CRES btwn ASHGROVE CRES & ASHGROVE CRES (__3ZAAE0),__3ZAAE0,01 - Non intersection,03 - P.D. only,06 - SMV unattended vehicle,01 - Clear,07 - Dark,01 - Dry,10 - No control,,1,0,0,0,,0,,,,,361462.4327,5021965.743,45.33535172,-75.77705906,2721
16--11805,2016/11/14,6:00 PM,HIGHWAY 417 btwn HWY417 IC142 RAMP35 & HWY417 IC142 RAMP25 (__3ZA1ZO),__3ZA1ZO,01 - Non intersection,02 - Non-fatal injury,07 - SMV other,01 - Clear,07 - Dark,01 - Dry,10 - No control,,1,0,0,0,01 - Minimal,1,1,,,,348948.5289,5017219.299,45.2935408,-75.93713476,2722
16--11806,2016/11/14,6:02 PM,BLAIR RD btwn OGILVIE RD & OR174 IC112 RAMP36 (__3ZA25Q),__3ZA25Q,01 - Non intersection,03 - P.D. only,04 - Sideswipe,01 - Clear,07 - Dark,01 - Dry,10 - No control,,2,0,0,0,,0,,,,,374621.3476,5033008.124,45.43351987,-75.60762456,2723
16--11807,2016/11/14,6:04 PM,CUMMINGS AVE @ MONTREAL RD (0007748),7748,03 - At intersection,02 - Non-fatal injury,07 - SMV other,01 - Clear,07 - Dark,01 - Dry,01 - Traffic signal,01 - Functioning,1,0,0,1,01 - Minimal,1,1,,,,372007.041,5034039.253,45.44305361,-75.64089296,2724
16--11808,2016/11/14,6:15 AM,TENTH LINE RD btwn ST. JOSEPH BLVD & OR174 IC101 RAMP26 (__3ZA11V),__3ZA11V,01 - Non intersection,03 - P.D. only,04 - Sideswipe,01 - Clear,03 - Dawn,01 - Dry,10 - No control,,2,0,0,0,,0,,,,,382768.9525,5038923.858,45.48588358,-75.50256827,2725
16--11809,2016/11/14,6:36 PM,ST. JOSEPH BLVD btwn OR174 IC109 RAMP54 & ROCKCLIFFE PKWY (__3ZA2DI),__3ZA2DI,01 - Non intersection,03 - P.D. only,07 - SMV other,01 - Clear,07 - Dark,01 - Dry,10 - No control,,1,0,0,0,,0,,,,,377106.4442,5035228.368,45.45324365,-75.5755408,2726
16--1181,2016/01/25,4:03 PM,GRENADINE ST btwn CAYMAN RD & MAPLE GROVE RD (__7JQ6FL),__7JQ6FL,01 - Non intersection,03 - P.D. only,06 - SMV unattended vehicle,01 - Clear,01 - Daylight,02 - Wet,10 - No control,,1,0,0,0,,0,,,,,349693.522,5016382.742,45.28596599,-75.92771276,2727
16--11810,2016/11/14,7:00 AM,SECOND LINE RD btwn MALEY LANE & WILD ACRE LANE (__3ZAC4W),__3ZAC4W,01 - Non intersection,03 - P.D. only,07 - SMV other,01 - Clear,03 - Dawn,01 - Dry,10 - No control,,1,0,0,0,,0,,,,,346647.4759,5024745.271,45.36140268,-75.96583425,2728
16--11811,2016/11/14,7:49 PM,BEAUSOLEIL DR @ CLARENCE ST (0008932),8932,03 - At intersection,02 - Non-fatal injury,02 - Angle,01 - Clear,07 - Dark,01 - Dry,02 - Stop sign,01 - Functioning,2,1,0,0,02 - Minor,2,1,1,,,368601.9241,5032845.483,45.43263159,-75.68457071,2729
16--11812,2016/11/14,8:21 AM,ALBION RD btwn BANK ST & DES MESANGES DR (__3ZBORZ),__3ZBORZ,04 - At/near private drive,02 - Non-fatal injury,02 - Angle,01 - Clear,01 - Daylight,01 - Dry,10 - No control,,2,0,0,0,02 - Minor,1,,1,,,371949.2778,5024122.865,45.35383561,-75.64298122,2730
16--11813,2016/11/14,8:35 AM,BOOTH ST @ PRIMROSE AVE (0006341),6341,02 - Intersection related,02 - Non-fatal injury,03 - Rear end,01 - Clear,01 - Daylight,01 - Dry,01 - Traffic signal,00 - Unknown,2,0,0,0,01 - Minimal,1,1,,,,366498.172,5030471.335,45.41145848,-75.71175274,2731
16--11814,2016/11/14,8:56 PM,DONNELLY DR btwn FAIRMILE RD & FOURTH LINE RD (__3ZA30H),__3ZA30H,01 - Non intersection,03 - P.D. only,07 - SMV other,01 - Clear,07 - Dark,01 - Dry,10 - No control,,1,0,0,0,,0,,,,,371893.9181,4992738.046,45.07144382,-75.64791538,2732
16--11815,2016/11/14,9:43 PM,KENT ST @ LAURIER AVE (0002222),2222,03 - At intersection,02 - Non-fatal injury,05 - Turning movement,01 - Clear,07 - Dark,01 - Dry,01 - Traffic signal,01 - Functioning,2,1,0,0,01 - Minimal,1,1,,,,367316.9185,5031165.686,45.41763338,-75.70120549,2733
16--11816,2016/11/14,9:52 PM,MITCH OWENS RD btwn BLACKCREEK RD & BOUNDARY RD (__3ZA3X7),__3ZA3X7,01 - Non intersection,03 - P.D. only,07 - SMV other,01 - Clear,07 - Dark,01 - Dry,10 - No control,,1,0,0,0,,0,,,,,388022.7679,5022136.383,45.33423963,-75.43820325,2734
16--11817,2016/11/14,9:57 AM,NANAIMO DR @ OKANAGAN DR (0001183),1183,03 - At intersection,03 - P.D. only,99 - Other,01 - Clear,01 - Daylight,01 - Dry,02 - Stop sign,01 - Functioning,2,0,0,0,,0,,,,,359436.4561,5022678.841,45.34192887,-75.80282726,2735
16--11818,2016/11/15,10:27 AM,BELFAST RD btwn TRAINYARDS DR & ST. LAURENT BLVD (__3ZA79Z),__3ZA79Z,04 - At/near private drive,03 - P.D. only,02 - Angle,01 - Clear,01 - Daylight,01 - Dry,10 - No control,,2,0,0,0,,0,,,,,372020.8109,5030857.592,45.41442518,-75.64115124,2736
16--11819,2016/11/15,10:57 AM,ROBERTSON RD btwn MOODIE DR & VANIER RD (__3ZBOCN),__3ZBOCN,04 - At/near private drive,03 - P.D. only,01 - Approaching,01 - Clear,01 - Daylight,01 - Dry,10 - No control,,2,0,0,0,,0,,,,,357353.2828,5020620.675,45.32356848,-75.82962566,2737
16--1182,2016/01/25,4:46 PM,NAVAN RD @ PAGE RD (0004199),4199,03 - At intersection,03 - P.D. only,02 - Angle,01 - Clear,05 - Dusk,01 - Dry,02 - Stop sign,01 - Functioning,2,0,0,0,,0,,,,,381659.2516,5032770.438,45.43064325,-75.51772403,2738
16--11820,2016/11/15,11:43 AM,BELFAST RD @ COVENTRY RD (0002646),2646,03 - At intersection,03 - P.D. only,05 - Turning movement,01 - Clear,01 - Daylight,01 - Dry,01 - Traffic signal,01 - Functioning,2,0,0,0,,0,,,,,371523.5016,5031640.467,45.42151675,-75.64739841,2739
16--11821,2016/11/15,11:45 PM,APPLE ORCHARD RD @ STAGECOACH RD (0005294),5294,02 - Intersection related,03 - P.D. only,05 - Turning movement,01 - Clear,07 - Dark,01 - Dry,02 - Stop sign,01 - Functioning,2,0,0,0,,0,,,,,376239.9747,5012603.646,45.24976617,-75.5898862,2740
16--11822,2016/11/15,12:05 PM,CUMBERLAND ST @ RIDEAU ST (0007759),7759,03 - At intersection,02 - Non-fatal injury,02 - Angle,01 - Clear,01 - Daylight,01 - Dry,01 - Traffic signal,01 - Functioning,3,0,0,0,02 - Minor,1,,1,,,368373.8524,5032329.754,45.42801202,-75.6875519,2741
16--11823,2016/11/15,12:40 PM,HERON RD WB btwn RIVERSIDE DR & BRONSON AVE RAMP 36 (__3ZA4TO),__3ZA4TO,01 - Non intersection,02 - Non-fatal injury,03 - Rear end,01 - Clear,01 - Daylight,01 - Dry,10 - No control,,4,0,0,0,02 - Minor,3,2,1,,,368414.0953,5026682.745,45.37719837,-75.68776611,2742
16--11824,2016/11/15,12:45 AM,GRANT CARMAN DR @ MEADOWLANDS DR (0001111),1111,03 - At intersection,03 - P.D. only,07 - SMV other,01 - Clear,07 - Dark,01 - Dry,01 - Traffic signal,01 - Functioning,1,0,0,0,,0,,,,,365051.6941,5023902.75,45.35248164,-75.73103271,2743
16--11825,2016/11/15,3:19 PM,ST. LAURENT BLVD btwn DONALD ST & 125 N OF QUEEN MARY ST (__3ZA2CFA),__3ZA2CFA,04 - At/near private drive,03 - P.D. only,02 - Angle,01 - Clear,01 - Daylight,01 - Dry,10 - No control,,2,0,0,0,,0,,,,,372109.4479,5032437.802,45.42863467,-75.639803,2744
16--11826,2016/11/15,3:21 PM,TRIM RD btwn NAVAN RD & HENN DR (__3ZA3M5),__3ZA3M5,01 - Non intersection,02 - Non-fatal injury,05 - Turning movement,01 - Clear,01 - Daylight,01 - Dry,10 - No control,,2,0,0,0,02 - Minor,1,,1,,,388593.1791,5032290.374,45.42552775,-75.42920371,2745
16--11827,2016/11/15,3:24 PM,BANK ST @ HOLMWOOD AVE (0007225),7225,02 - Intersection related,02 - Non-fatal injury,03 - Rear end,01 - Clear,01 - Daylight,01 - Dry,01 - Traffic signal,01 - Functioning,2,0,0,0,01 - Minimal,1,1,,,,368483.3643,5029195.488,45.39980099,-75.68655751,2746
16--11828,2016/11/15,3:26 PM,DRIVEWAY (THE) @ PRINCE OF WALES DR (0002128),2128,03 - At intersection,03 - P.D. only,03 - Rear end,01 - Clear,01 - Daylight,01 - Dry,11 - Roundabout,01 - Functioning,2,0,0,0,,0,,,,,366884.0808,5028137.548,45.39042557,-75.70711668,2747
16--11829,2016/11/15,3:30 PM,GLENORA AVE @ HERRIDGE ST (0007442),7442,03 - At intersection,03 - P.D. only,02 - Angle,01 - Clear,01 - Daylight,01 - Dry,02 - Stop sign,01 - Functioning,2,0,0,0,,0,,,,,369145.6216,5030016.61,45.40712861,-75.67799207,2748
16--1183,2016/01/25,5:19 PM,BRONSON/HERON RAMP 42/BRONSON/HERON RAMP 52 @  (0002516),2516,02 - Intersection related,03 - P.D. only,03 - Rear end,01 - Clear,05 - Dusk,01 - Dry,02 - Stop sign,01 - Functioning,2,0,0,0,,0,,,,,368751.885,5026892.254,45.37905272,-75.68342647,2749
16--11830,2016/11/15,3:46 PM,PARKDALE AVE btwn SCOTT ST & BULLMAN ST (__3ZA31Q),__3ZA31Q,04 - At/near private drive,03 - P.D. only,02 - Angle,01 - Clear,01 - Daylight,01 - Dry,10 - No control,,2,0,0,0,,0,,,,,364989.4402,5029633.695,45.40405298,-75.73112858,2750
16--11831,2016/11/15,4:20 PM,EAGLESON RD @ 300 N OF MICHAEL COWPLAND/EAGLES (0012143),12143,02 - Intersection related,03 - P.D. only,03 - Rear end,01 - Clear,01 - Daylight,01 - Dry,01 - Traffic signal,01 - Functioning,2,0,0,0,,0,,,,,354270.736,5016902.25,45.29033338,-75.86931558,2751
16--11832,2016/11/15,4:30 PM,RIVERSIDE DR @ TREMBLAY RD/HWY417 IC117 RAMP52 (0010790),10790,02 - Intersection related,03 - P.D. only,03 - Rear end,01 - Clear,05 - Dusk,01 - Dry,01 - Traffic signal,00 - Unknown,2,0,0,0,,0,,,,,370800.3225,5031016.687,45.41597283,-75.65672183,2752