Anom_ID,Accident_Date,Accident_Time,Location,Geo_ID,Accident_Location,Classification_of_Accident,Initial_Impact_Type,Environment_Condition,Light,Road_Surface_Condition,Traffic_Control,Traffic_Control_Condition,No__of_Vehicles,No__of_Bicycles,No__of_Motorcycles,No__of_Pedestrians,Max_Injury,No__of_Injuries,No__of_Minimal,No__of_Minor,No__of_Major,No__of_Fatal,X,Y,Latitude,Longitude,ObjectId
16--11833,2016/11/15,4:35 AM,MARCH RD btwn PETER ROBINSON RD & CORKERY RD (__3ZA2RJ),__3ZA2RJ,01 - Non intersection,03 - P.D. only,07 - SMV other,01 - Clear,07 - Dark,01 - Dry,10 - No control,,1,0,0,0,,0,,,,,335852.6659,5016052.282,45.2837401,-76.10416676,2753
16--11834,2016/11/15,4:50 PM,BANK ST @ HUNT CLUB RD (0002119),2119,02 - Intersection related,03 - P.D. only,04 - Sideswipe,01 - Clear,05 - Dusk,01 - Dry,01 - Traffic signal,01 - Functioning,2,0,0,0,,0,,,,,371607.6388,5024096.287,45.3536291,-75.64734463,2754
16--11835,2016/11/15,5:10 PM,ST. LAURENT BLVD @ TREMBLAY RD (0002573),2573,02 - Intersection related,03 - P.D. only,03 - Rear end,01 - Clear,07 - Dark,01 - Dry,01 - Traffic signal,00 - Unknown,2,0,0,0,,0,,,,,372595.7139,5031239.506,45.417806,-75.63375427,2755
16--11836,2016/11/15,5:30 PM,HIGHWAY 417 btwn HIGHWAY 417 & Continuation of HIGHWAY 417 (__3ZAZOB),__3ZAZOB,01 - Non intersection,03 - P.D. only,03 - Rear end,01 - Clear,07 - Dark,01 - Dry,10 - No control,,3,0,0,0,,0,,,,,352956.9265,5020212.334,45.32020952,-75.88574229,2756
16--11837,2016/11/15,6:00 PM,CARLING AVE btwn DAVIDSON'S SIDE RD & GRANDVIEW RD (__3ZA4Z8),__3ZA4Z8,01 - Non intersection,03 - P.D. only,07 - SMV other,01 - Clear,07 - Dark,01 - Dry,10 - No control,,1,0,0,0,,0,,,,,354331.3897,5023586.289,45.35047324,-75.86787392,2757
16--11838,2016/11/15,6:15 PM,RUSSELL RD btwn SAND RD & FRANK KENNY RD (__3ZA2ZQ),__3ZA2ZQ,01 - Non intersection,03 - P.D. only,07 - SMV other,01 - Clear,07 - Dark,01 - Dry,10 - No control,,1,0,0,0,,0,,,,,391155.8701,5025939.116,45.36807426,-75.39757281,2758
16--11839,2016/11/15,6:22 PM,ST. JOSEPH BLVD btwn OR174 IC109 RAMP54 & ROCKCLIFFE PKWY (__3ZA2DI),__3ZA2DI,01 - Non intersection,03 - P.D. only,07 - SMV other,01 - Clear,07 - Dark,01 - Dry,10 - No control,,1,0,0,0,,0,,,,,376590.4367,5035071.82,45.45188833,-75.5821601,2759
16--1184,2016/01/25,5:45 PM,RICHMOND RD btwn BASELINE RD TURN LANE & NORTHSIDE RD (__3ZA4LJ),__3ZA4LJ,01 - Non intersection,03 - P.D. only,07 - SMV other,01 - Clear,07 - Dark,03 - Loose snow,10 - No control,,1,0,0,0,,0,,,,,358485.5467,5021489.76,45.33130288,-75.81508918,2760
16--11840,2016/11/15,6:26 PM,TERRY FOX DR @ PALLADIUM DR/KATIMAVIK RD (0011858),11858,02 - Intersection related,03 - P.D. only,03 - Rear end,01 - Clear,07 - Dark,01 - Dry,01 - Traffic signal,01 - Functioning,2,0,0,0,,0,,,,,351269.718,5018182.189,45.30205548,-75.90745241,2761
16--11841,2016/11/15,6:29 AM,RICHMOND RD btwn STONEHAVEN DR & HOPE SIDE RD (__3ZA3HY),__3ZA3HY,01 - Non intersection,03 - P.D. only,07 - SMV other,"07 - Fog, mist, smoke, dust",03 - Dawn,01 - Dry,10 - No control,,1,0,0,0,,0,,,,,356789.9227,5015867.006,45.28083623,-75.83730997,2762
16--11842,2016/11/15,6:40 AM,SLATER ST btwn METCALFE ST & ELGIN ST (__3ZA35Y),__3ZA35Y,01 - Non intersection,03 - P.D. only,05 - Turning movement,01 - Clear,03 - Dawn,01 - Dry,10 - No control,,2,0,0,0,,0,,,,,367807.0634,5031594.105,45.42144419,-75.69488861,2763
16--11843,2016/11/15,6:42 PM,PRINCE OF WALES DR @ WEST HUNT CLUB RD (0000567),567,02 - Intersection related,02 - Non-fatal injury,03 - Rear end,01 - Clear,07 - Dark,01 - Dry,01 - Traffic signal,01 - Functioning,2,0,0,0,01 - Minimal,1,1,,,,367458.7103,5021889.433,45.33415526,-75.70057093,2764
16--11844,2016/11/15,6:45 AM,HAWTHORNE AVE btwn MAIN ST & CONCORD ST S (__3ZA8GR),__3ZA8GR,04 - At/near private drive,03 - P.D. only,06 - SMV unattended vehicle,01 - Clear,07 - Dark,01 - Dry,10 - No control,,1,0,0,0,,0,,,,,369212.1546,5030770.197,45.413903,-75.67704374,2765
16--11845,2016/11/15,6:50 PM,ST. JOSEPH BLVD @ JEANNE D'ARC BLVD (0012421),12421,03 - At intersection,03 - P.D. only,04 - Sideswipe,01 - Clear,07 - Dark,01 - Dry,11 - Roundabout,01 - Functioning,2,0,0,0,,0,,,,,379859.7916,5036472.33,45.46414556,-75.54015342,2766
16--11846,2016/11/15,7:25 PM,DALHOUSIE ST @ ST. PATRICK ST (0008242),8242,03 - At intersection,03 - P.D. only,04 - Sideswipe,01 - Clear,07 - Dark,01 - Dry,01 - Traffic signal,01 - Functioning,2,0,0,0,,0,,,,,367957.9201,5032639.922,45.43084049,-75.69282704,2767
16--11847,2016/11/15,7:41 PM,HUNTMAR DR btwn HUNTMAR DR & PALLADIUM DR (__3ZAZWZ),__3ZAZWZ,01 - Non intersection,03 - P.D. only,07 - SMV other,01 - Clear,07 - Dark,01 - Dry,10 - No control,,1,0,0,0,,0,,,,,349073.9082,5017995.971,45.30052165,-75.93546699,2768
16--11848,2016/11/15,7:51 AM,WEST HUNT CLUB RD btwn MOODIE DR & HWY416 IC72 RAMP53 (__3ZA4YJ),__3ZA4YJ,01 - Non intersection,03 - P.D. only,01 - Approaching,01 - Clear,01 - Daylight,01 - Dry,10 - No control,,2,0,0,0,,0,,,,,358848.7261,5019053.397,45.30935245,-75.81072202,2769
16--11849,2016/11/15,8:09 AM,PORTAGE BRIDGE NB btwn PROVINCIAL BOUNDARY & WELLINGTON ST (__6TE2PA),__6TE2PA,01 - Non intersection,03 - P.D. only,04 - Sideswipe,01 - Clear,01 - Daylight,01 - Dry,10 - No control,,2,0,0,0,,0,,,,,366422.8171,5031490.153,45.42063216,-75.71258797,2770
16--1185,2016/01/25,6:00 PM,CARLING AVE/STATION RD @ MARCH RD (0002681),2681,02 - Intersection related,03 - P.D. only,03 - Rear end,01 - Clear,07 - Dark,02 - Wet,01 - Traffic signal,01 - Functioning,3,0,0,0,,0,,,,,350908.9832,5022246.976,45.33865519,-75.91167357,2771
16--11850,2016/11/15,8:14 PM,NAVAHO DR @ WOODROFFE AVE/TRANSITWAY N BASELIN (0010359),10359,03 - At intersection,03 - P.D. only,05 - Turning movement,01 - Clear,07 - Dark,01 - Dry,01 - Traffic signal,01 - Functioning,2,0,0,0,,0,,,,,362706.4614,5023493.021,45.34899251,-75.76100937,2772
16--11851,2016/11/15,9:21 AM,FISHER AVE @ PRINCE OF WALES DR (0000572),572,02 - Intersection related,02 - Non-fatal injury,07 - SMV other,01 - Clear,01 - Daylight,01 - Dry,01 - Traffic signal,01 - Functioning,1,0,0,0,01 - Minimal,1,1,,,,367160.0485,5023941.269,45.35264391,-75.70412237,2773
16--11852,2016/11/15,9:24 AM,VANIER PKWY SB btwn MONTREAL RD & MCARTHUR AVE (__3ZA4SR),__3ZA4SR,01 - Non intersection,03 - P.D. only,99 - Other,01 - Clear,01 - Daylight,01 - Dry,10 - No control,,2,0,0,0,,0,,,,,370203.5568,5032711.003,45.43127364,-75.66412085,2774
16--11853,2016/11/15,9:38 PM,CONROY RD @ KINGSDALE AVE (0009357),9357,03 - At intersection,03 - P.D. only,02 - Angle,01 - Clear,07 - Dark,01 - Dry,02 - Stop sign,01 - Functioning,2,0,0,0,,0,,,,,374318.527,5024120.728,45.3535855,-75.61274664,2775
16--11854,2016/11/16,10:07 AM,EAGLESON RD @ MICHAEL COWPLAND DR/STONEHAVEN D (0003544),3544,03 - At intersection,03 - P.D. only,03 - Rear end,02 - Rain,01 - Daylight,02 - Wet,01 - Traffic signal,01 - Functioning,2,0,0,0,,0,,,,,354384.1048,5016621.192,45.28779637,-75.86789847,2776
16--11855,2016/11/16,10:49 AM,HERON RD @ BAYCREST DR (0007191),7191,02 - Intersection related,03 - P.D. only,03 - Rear end,01 - Clear,01 - Daylight,02 - Wet,01 - Traffic signal,01 - Functioning,2,0,0,0,,0,,,,,371142.073,5026979.959,45.37961961,-75.65289871,2777
16--11856,2016/11/16,11:00 PM,AVATION PKWY/ROCKCLIFFE PKWY EB OFFRAMP btwn ROCKCLIFFE PKWY & AVIATIO (__3ZAY8T),__3ZAY8T,01 - Non intersection,02 - Non-fatal injury,07 - SMV other,01 - Clear,07 - Dark,01 - Dry,10 - No control,,1,0,1,0,02 - Minor,1,,1,,,371430.5859,5035539.402,45.45660641,-75.64805776,2778
16--11857,2016/11/16,11:30 AM,INNES RD @ TENTH LINE RD (0004633),4633,02 - Intersection related,03 - P.D. only,03 - Rear end,01 - Clear,01 - Daylight,01 - Dry,01 - Traffic signal,01 - Functioning,2,0,0,0,,0,,,,,383951.7603,5036160.803,45.46089106,-75.48788448,2779
16--11858,2016/11/16,11:30 PM,ALBERT ST @ BOOTH ST (0002162),2162,03 - At intersection,02 - Non-fatal injury,02 - Angle,01 - Clear,07 - Dark,01 - Dry,01 - Traffic signal,01 - Functioning,2,0,0,0,02 - Minor,2,,2,,,366427.5955,5030627.664,45.41287131,-75.71263478,2780
16--11859,2016/11/16,12:18 PM,BLAIR RD @ INNES RD (0004165),4165,02 - Intersection related,03 - P.D. only,03 - Rear end,02 - Rain,01 - Daylight,02 - Wet,01 - Traffic signal,00 - Unknown,2,0,0,0,,0,,,,,375579.5631,5031439.969,45.41931418,-75.59560464,2781
16--1186,2016/01/25,6:40 PM,INNES RD @ ORLEANS BLVD (0003611),3611,02 - Intersection related,03 - P.D. only,03 - Rear end,01 - Clear,07 - Dark,01 - Dry,01 - Traffic signal,01 - Functioning,2,0,0,0,,0,,,,,380460.1365,5034295.305,45.44449361,-75.53281236,2782
16--11860,2016/11/16,12:51 PM,BRONSON AVE @ CHRISTIE ST (0006349),6349,03 - At intersection,03 - P.D. only,02 - Angle,01 - Clear,01 - Daylight,01 - Dry,01 - Traffic signal,01 - Functioning,2,1,0,0,,0,,,,,367050.0403,5030279.905,45.40968718,-75.704727,2783
16--11861,2016/11/16,2:17 PM,VANIER PKWY/CRICHTON ST @ BEECHWOOD AVE/ST. PA (0001604),1604,02 - Intersection related,03 - P.D. only,05 - Turning movement,01 - Clear,01 - Daylight,01 - Dry,01 - Traffic signal,01 - Functioning,2,0,0,0,,0,,,,,369128.1783,5033486.962,45.43835516,-75.67776172,2784
16--11862,2016/11/16,2:50 PM,RICHMOND RD @ WOODROFFE AVE (0011466),11466,03 - At intersection,03 - P.D. only,05 - Turning movement,01 - Clear,01 - Daylight,01 - Dry,01 - Traffic signal,01 - Functioning,2,0,0,0,,0,,,,,361584.4669,5026655.621,45.3775411,-75.77496346,2785
16--11863,2016/11/16,2:56 PM,MONTREAL RD @ ST. LAURENT BLVD (0002604),2604,02 - Intersection related,03 - P.D. only,04 - Sideswipe,01 - Clear,01 - Daylight,01 - Dry,01 - Traffic signal,01 - Functioning,2,0,0,0,,0,,,,,371545.4834,5033816.497,45.44109358,-75.64682259,2786
16--11864,2016/11/16,2:56 PM,TERREBONNE DR btwn MARYGROVE CIRC & MAITLAND AVE (__3ZBOKK),__3ZBOKK,01 - Non intersection,03 - P.D. only,06 - SMV unattended vehicle,02 - Rain,01 - Daylight,02 - Wet,10 - No control,,1,0,0,0,,0,,,,,364011.5102,5025121.024,45.36353212,-75.74416104,2787
16--11865,2016/11/16,2:59 PM,HAZELDEAN RD @ TERRY FOX DR (0003682),3682,02 - Intersection related,02 - Non-fatal injury,05 - Turning movement,01 - Clear,01 - Daylight,01 - Dry,01 - Traffic signal,00 - Unknown,2,0,0,0,01 - Minimal,1,1,,,,352207.7415,5017242.682,45.29353888,-75.89558191,2788
16--11866,2016/11/16,3:00 PM,BRONSON AVE @ FIRST AVE (0007719),7719,02 - Intersection related,03 - P.D. only,02 - Angle,01 - Clear,01 - Daylight,01 - Dry,02 - Stop sign,01 - Functioning,2,0,0,0,,0,,,,,367488.6097,5029236.782,45.40026232,-75.69925724,2789
16--11867,2016/11/16,3:11 PM,PRINCE OF WALES DR @ WEST HUNT CLUB RD (0000567),567,02 - Intersection related,02 - Non-fatal injury,03 - Rear end,01 - Clear,01 - Daylight,01 - Dry,01 - Traffic signal,01 - Functioning,2,0,0,0,01 - Minimal,1,1,,,,367457.054,5021890.261,45.33416286,-75.70059196,2790
16--11868,2016/11/16,3:51 PM,BELFAST RD @ ST. LAURENT BLVD (0007658),7658,02 - Intersection related,03 - P.D. only,04 - Sideswipe,01 - Clear,01 - Daylight,01 - Dry,01 - Traffic signal,01 - Functioning,2,0,0,0,,0,,,,,372861.8218,5030578.782,45.41183528,-75.63044578,2791
16--11869,2016/11/16,4:10 PM,HAWTHORNE RD @ HUNT CLUB RD (0007651),7651,02 - Intersection related,03 - P.D. only,03 - Rear end,01 - Clear,01 - Daylight,01 - Dry,01 - Traffic signal,01 - Functioning,2,0,0,0,,0,,,,,375510.1377,5026403.831,45.37400865,-75.5972135,2792
16--1187,2016/01/25,6:57 AM,HUNTMAR DR @ PALLADIUM DR S (0011818),11818,03 - At intersection,02 - Non-fatal injury,02 - Angle,01 - Clear,03 - Dawn,02 - Wet,01 - Traffic signal,01 - Functioning,2,0,0,0,01 - Minimal,2,2,,,,349675.8886,5017366.038,45.29481513,-75.92784858,2793
16--11870,2016/11/16,4:11 PM,CARLING AVE @ IROQUOIS RD (0003145),3145,03 - At intersection,03 - P.D. only,05 - Turning movement,01 - Clear,01 - Daylight,01 - Dry,01 - Traffic signal,01 - Functioning,2,0,0,0,,0,,,,,362213.5928,5026025.53,45.37182034,-75.76700455,2794
16--11871,2016/11/16,4:45 PM,BANK ST btwn RIDGEMONT AVE & PORTLAND AVE (__3ZA36Z),__3ZA36Z,04 - At/near private drive,03 - P.D. only,02 - Angle,01 - Clear,05 - Dusk,01 - Dry,10 - No control,,2,0,0,0,,0,,,,,370080.8186,5026623.798,45.37651467,-75.66649517,2795
16--11872,2016/11/16,5:07 PM,DONALD ST @ ST. LAURENT BLVD (0008630),8630,02 - Intersection related,02 - Non-fatal injury,03 - Rear end,01 - Clear,07 - Dark,01 - Dry,01 - Traffic signal,01 - Functioning,2,0,0,0,01 - Minimal,1,1,,,,372093.7129,5032472.585,45.42894914,-75.63999931,2796
16--11873,2016/11/16,5:13 PM,INNES RD btwn PRESTWICK DR & TENTH LINE RD (__3ZA3Y7),__3ZA3Y7,01 - Non intersection,02 - Non-fatal injury,03 - Rear end,01 - Clear,07 - Dark,01 - Dry,10 - No control,,2,0,0,0,02 - Minor,1,,1,,,383859.0067,5036121.88,45.46055137,-75.48907659,2797
16--11874,2016/11/16,5:30 PM,MEADOWLANDS DR @ MERIVALE RD (0000625),625,03 - At intersection,03 - P.D. only,05 - Turning movement,01 - Clear,07 - Dark,01 - Dry,01 - Traffic signal,01 - Functioning,2,0,0,0,,0,,,,,364858.0413,5023724.852,45.35089755,-75.73352561,2798
16--11875,2016/11/16,5:39 PM,EARL ARMSTRONG RD @ RIVER RD (0012470),12470,02 - Intersection related,02 - Non-fatal injury,03 - Rear end,01 - Clear,07 - Dark,01 - Dry,01 - Traffic signal,01 - Functioning,2,0,0,0,01 - Minimal,1,1,,,,367573.5467,5014684.812,45.26931876,-75.70001819,2799
16--11876,2016/11/16,5:43 PM,MARCH RD @ MORGAN'S GRANT WAY/SHIRLEY'S BROOK  (0002651),2651,03 - At intersection,02 - Non-fatal injury,05 - Turning movement,01 - Clear,07 - Dark,01 - Dry,01 - Traffic signal,01 - Functioning,3,0,0,0,02 - Minor,2,,2,,,349662.2678,5023618.169,45.35107433,-75.92745583,2800
16--11877,2016/11/16,5:43 PM,ST. JOSEPH BLVD @ FOREST VALLEY DR/YOUVILLE DR (0004440),4440,02 - Intersection related,03 - P.D. only,03 - Rear end,01 - Clear,07 - Dark,01 - Dry,01 - Traffic signal,00 - Unknown,3,0,0,0,,0,,,,,379164.8668,5036156.585,45.46137904,-75.54908648,2801
16--11878,2016/11/16,6:00 PM,ROGER STEVENS DR btwn DWYER HILL RD & MALAKOFF RD (__3ZA4ZQ),__3ZA4ZQ,01 - Non intersection,03 - P.D. only,07 - SMV other,"07 - Fog, mist, smoke, dust",07 - Dark,01 - Dry,10 - No control,,1,0,0,0,,0,,,,,362204.4297,4996110.623,45.10264326,-75.77057373,2802
16--11879,2016/11/16,6:30 PM,BEECH ST btwn RAILWAY ST & PRESTON ST (__3ZA1WS),__3ZA1WS,01 - Non intersection,03 - P.D. only,04 - Sideswipe,01 - Clear,07 - Dark,01 - Dry,10 - No control,,2,0,0,0,,0,,,,,366669.7677,5029262.53,45.40056684,-75.70971235,2803
16--1188,2016/01/25,7:24 PM,MURRAY ST btwn SUSSEX DR & PARENT AVE (__3ZA3VF),__3ZA3VF,01 - Non intersection,03 - P.D. only,04 - Sideswipe,01 - Clear,07 - Dark,02 - Wet,10 - No control,,2,0,0,0,,0,,,,,367724.4336,5032404.816,45.42874613,-75.69584079,2804
16--12601,2016/12/03,9:03 AM,LINDEN TER btwn O'CONNOR ST & QUEEN ELIZABETH DRWY (__3ZA95E),__3ZA95E,04 - At/near private drive,03 - P.D. only,06 - SMV unattended vehicle,01 - Clear,01 - Daylight,01 - Dry,10 - No control,,1,0,0,0,,0,,,,,368726.766,5030138.348,45.40826235,-75.68332657,2805
16--12602,2016/12/03,9:22 PM,PRINCE OF WALES DR btwn WATERBEND LANE & TURN LANE (__3ZA1H4),__3ZA1H4,04 - At/near private drive,02 - Non-fatal injury,05 - Turning movement,01 - Clear,07 - Dark,01 - Dry,10 - No control,,2,0,0,0,02 - Minor,2,,2,,,367432.674,5021721.606,45.33264751,-75.70092432,2806
16--12603,2016/12/04,1:50 PM,CARLING AVE @ IROQUOIS RD (0003145),3145,03 - At intersection,03 - P.D. only,05 - Turning movement,01 - Clear,01 - Daylight,01 - Dry,01 - Traffic signal,01 - Functioning,2,0,0,0,,0,,,,,362213.0274,5026024.432,45.37181051,-75.7670119,2807
16--12604,2016/12/04,10:39 PM,CARLING AVE @ KIRKWOOD AVE S (0002209),2209,02 - Intersection related,03 - P.D. only,03 - Rear end,01 - Clear,07 - Dark,01 - Dry,01 - Traffic signal,01 - Functioning,2,0,0,0,,0,,,,,364351.7005,5027337.135,45.38344351,-75.73955167,2808
16--12605,2016/12/04,11:15 AM,MAITLAND AVE/HWY 417 MAITLAND IC126R53 @ HWY 4 (0008229),8229,02 - Intersection related,03 - P.D. only,99 - Other,01 - Clear,01 - Daylight,01 - Dry,01 - Traffic signal,01 - Functioning,2,0,0,0,,0,,,,,363231.0084,5025775.753,45.36948878,-75.75404592,2809
16--12606,2016/12/04,11:18 AM,AQUAVIEW DR btwn SERRANO ST & BOIS VERT PL (__4V3IDH),__4V3IDH,04 - At/near private drive,03 - P.D. only,06 - SMV unattended vehicle,01 - Clear,01 - Daylight,01 - Dry,10 - No control,,1,0,0,0,,0,,,,,384511.4454,5035762.429,45.45724323,-75.48079349,2810
16--12607,2016/12/04,11:42 PM,BAYSHORE DR @ WOODRIDGE CRES S (0000360),360,03 - At intersection,03 - P.D. only,05 - Turning movement,01 - Clear,07 - Dark,01 - Dry,01 - Traffic signal,01 - Functioning,2,0,0,0,,0,,,,,359234.7095,5023509.799,45.34942153,-75.80530995,2811
16--12608,2016/12/04,11:50 PM,COLONEL BY DR/SUSSEX DR @ RIDEAU ST (0007647),7647,02 - Intersection related,03 - P.D. only,03 - Rear end,01 - Clear,07 - Dark,01 - Dry,01 - Traffic signal,01 - Functioning,2,0,0,0,,0,,,,,367921.4361,5032044.175,45.42548345,-75.69336962,2812
16--12609,2016/12/04,11:54 AM,CYRVILLE RD @ ST. LAURENT BLVD (0002647),2647,03 - At intersection,03 - P.D. only,05 - Turning movement,01 - Clear,01 - Daylight,01 - Dry,01 - Traffic signal,01 - Functioning,2,0,0,0,,0,,,,,372241.0622,5032111.8,45.42568878,-75.63816584,2813
16--1261,2016/01/27,5:54 PM,CHARLEVOIX ST btwn BEECHWOOD AVE & BARRETTE ST (__3ZBOWU),__3ZBOWU,01 - Non intersection,03 - P.D. only,06 - SMV unattended vehicle,01 - Clear,07 - Dark,01 - Dry,10 - No control,,1,0,0,0,,0,,,,,369239.8111,5033542.406,45.43884374,-75.67632773,2814
16--12610,2016/12/04,Unknown,UPMINSTER WAY btwn FAIRLOP WAY & TOTTERIDGE AVE (__4O3J87),__4O3J87,01 - Non intersection,03 - P.D. only,06 - SMV unattended vehicle,01 - Clear,00 - Unknown,01 - Dry,10 - No control,,1,0,0,0,,0,,,,,364654.6507,5016203.629,45.28323954,-75.73702988,2815
16--12611,2016/12/04,2:13 PM,CAMBRIAN RD/GOLFLINKS DR W @ LONGFIELDS DR (0009702),9702,03 - At intersection,03 - P.D. only,04 - Sideswipe,01 - Clear,01 - Daylight,01 - Dry,11 - Roundabout,01 - Functioning,2,0,0,0,,0,,,,,365381.9946,5013223.249,45.25635983,-75.72812283,2816
16--12612,2016/12/04,2:40 PM,HIGHWAY 417 btwn HWY417 IC124 RAMP76 & HWY417 IC124 RAMP67 (__3ZA2R7),__3ZA2R7,01 - Non intersection,02 - Non-fatal injury,03 - Rear end,01 - Clear,01 - Daylight,01 - Dry,10 - No control,,5,0,0,0,01 - Minimal,3,3,,,,364332.7473,5027407.383,45.3840772,-75.7397852,2817
16--12613,2016/12/04,2:56 PM,ROCKCLIFFE PKWY btwn GL/OT BOUNDARY & ST. JOSEPH BLVD (__3ZA21V),__3ZA21V,01 - Non intersection,02 - Non-fatal injury,07 - SMV other,01 - Clear,01 - Daylight,01 - Dry,10 - No control,,1,0,0,0,01 - Minimal,2,2,,,,377233.8198,5036024.744,45.46039571,-75.57379517,2818
16--12614,2016/12/04,2:59 AM,O'CONNOR ST @ SOMERSET ST (0002690),2690,02 - Intersection related,03 - P.D. only,03 - Rear end,01 - Clear,07 - Dark,01 - Dry,01 - Traffic signal,01 - Functioning,2,0,0,0,,0,,,,,367856.5383,5031013.816,45.41621848,-75.69433074,2819
16--12615,2016/12/04,3:39 PM,GRANT CARMAN DR btwn MEADOWLANDS DR E & FAMILY BROWN LANE (__3ZAASB),__3ZAASB,04 - At/near private drive,03 - P.D. only,03 - Rear end,01 - Clear,01 - Daylight,01 - Dry,10 - No control,,2,0,0,0,,0,,,,,365067.4291,5023885.358,45.35232379,-75.73083403,2820
16--12616,2016/12/04,5:30 AM,HIGHWAY 416 btwn HWY416 IC75A RAMP26 & HWY416 IC72 RAMP62 (__3ZAZLF),__3ZAZLF,01 - Non intersection,03 - P.D. only,07 - SMV other,01 - Clear,"08 - Dark, artificial",03 - Loose snow,10 - No control,,1,0,0,0,,0,,,,,359178.4406,5020926.385,45.32618026,-75.80631189,2821
16--12617,2016/12/04,5:40 PM,MAPLE GROVE RD @ TERRY FOX DR (0003177),3177,02 - Intersection related,03 - P.D. only,03 - Rear end,01 - Clear,07 - Dark,01 - Dry,01 - Traffic signal,01 - Functioning,2,0,0,0,,0,,,,,351553.6086,5017863.222,45.29916649,-75.90386272,2822
16--12618,2016/12/04,6:02 AM,INNES RD WB btwn ORLEANS BLVD & INNES RD (__3ZA3JV),__3ZA3JV,01 - Non intersection,03 - P.D. only,07 - SMV other,01 - Clear,07 - Dark,01 - Dry,10 - No control,,1,0,0,0,,0,,,,,380597.62,5034383.231,45.44526981,-75.53104158,2823
16--12619,2016/12/04,6:57 PM,HAWTHORNE AVE @ MAIN ST (0006919),6919,02 - Intersection related,03 - P.D. only,03 - Rear end,01 - Clear,07 - Dark,01 - Dry,01 - Traffic signal,01 - Functioning,2,1,0,0,,0,,,,,368971.5378,5030632.153,45.41268304,-75.68013562,2824
16--1262,2016/01/27,5:55 AM,HIGHWAY 7 btwn HWY 7 HAZELDEAN RD IC RAMP 52 & HAZELDEAN RD IC RAMP 62 (__7JQ7JA),__7JQ7JA,01 - Non intersection,02 - Non-fatal injury,07 - SMV other,01 - Clear,07 - Dark,04 - Slush,10 - No control,,1,0,0,0,01 - Minimal,1,1,,,,346409.1982,5012358.049,45.24995223,-75.96991552,2825
16--12620,2016/12/04,7:00 PM,MCGEE SIDE RD btwn DAVID MANCHESTER RD & DIAMONDVIEW RD (__3ZACBW),__3ZACBW,01 - Non intersection,03 - P.D. only,07 - SMV other,01 - Clear,07 - Dark,01 - Dry,10 - No control,,1,0,0,0,,0,,,,,342132.5909,5017567.87,45.29707258,-76.02400404,2826
16--12621,2016/12/04,7:45 PM,HIGHWAY 417 btwn HWY417 IC144 RAMP35 & HWY417 IC144 RAMP25 (__3ZA2QT),__3ZA2QT,01 - Non intersection,03 - P.D. only,07 - SMV other,01 - Clear,07 - Dark,01 - Dry,10 - No control,,1,0,0,0,,0,,,,,347409.4481,5015816.148,45.28100974,-75.95687665,2827
16--12622,2016/12/04,8:04 AM,AQUAVIEW DR btwn SERRANO ST & BOIS VERT PL (__4V3IDH),__4V3IDH,04 - At/near private drive,03 - P.D. only,06 - SMV unattended vehicle,01 - Clear,01 - Daylight,01 - Dry,10 - No control,,1,0,0,0,,0,,,,,384513.0428,5035762.512,45.45724379,-75.48077305,2828
16--12623,2016/12/04,8:09 PM,MURRAY ST btwn KING EDWARD AVE & ST. PATRICK ST (__3ZA1LF),__3ZA1LF,01 - Non intersection,02 - Non-fatal injury,07 - SMV other,01 - Clear,07 - Dark,01 - Dry,10 - No control,,1,0,0,1,03 - Major,1,,,1,,368328.9669,5032791.263,45.43216859,-75.68806592,2829
16--12624,2016/12/04,9:16 PM,BASELINE RD @ CENTREPOINTE DR E/HIGHGATE RD (0011468),11468,03 - At intersection,03 - P.D. only,05 - Turning movement,01 - Clear,07 - Dark,01 - Dry,01 - Traffic signal,01 - Functioning,2,0,0,0,,0,,,,,362062.4321,5023465.165,45.34879474,-75.76923089,2830
16--12625,2016/12/04,9:20 PM,AVIATION PKWY @ OGILVIE RD (0004114),4114,03 - At intersection,03 - P.D. only,05 - Turning movement,01 - Clear,07 - Dark,01 - Dry,01 - Traffic signal,01 - Functioning,2,0,0,0,,0,,,,,373109.0579,5032377.828,45.42799814,-75.62703805,2831
16--12626,2016/12/04,9:21 PM,MARCH RD btwn ROB LYTLE'S LANE & HWY417 IC155 RAMP25 (__3ZBN9D),__3ZBN9D,01 - Non intersection,01 - Fatal injury,01 - Approaching,01 - Clear,07 - Dark,01 - Dry,10 - No control,,2,0,0,0,04 - Fatal,3,,,1,2,339147.9812,5018953.163,45.30969036,-76.0619611,2832
16--12627,2016/12/05,1:20 PM,MONTREAL RD btwn CODD'S RD & BRUNEL ST (__3ZA2D2),__3ZA2D2,01 - Non intersection,03 - P.D. only,07 - SMV other,03 - Snow,01 - Daylight,04 - Slush,10 - No control,,1,0,0,0,,0,,,,,372816.2671,5034412.245,45.44633133,-75.63049826,2833
16--12628,2016/12/05,1:50 PM,HIGHWAY 416 btwn HWY416 IC75A RAMP43 & HWY416 IC72 RAMP34 (__3ZAZLD),__3ZAZLD,01 - Non intersection,03 - P.D. only,07 - SMV other,03 - Snow,01 - Daylight,04 - Slush,10 - No control,,1,0,0,0,,0,,,,,358779.6138,5021795.021,45.33402708,-75.81130451,2834
16--12629,2016/12/05,10:00 AM,HWY416 IC66 RAMP62 btwn HIGHWAY 416 & FALLOWFIELD RD (__3ZAY49),__3ZAY49,01 - Non intersection,03 - P.D. only,06 - SMV unattended vehicle,01 - Clear,01 - Daylight,03 - Loose snow,10 - No control,,1,0,0,0,,0,,,,,359862.6291,5015149.193,45.27414331,-75.79822618,2835