Anom_ID,Accident_Date,Accident_Time,Location,Geo_ID,Accident_Location,Classification_of_Accident,Initial_Impact_Type,Environment_Condition,Light,Road_Surface_Condition,Traffic_Control,Traffic_Control_Condition,No__of_Vehicles,No__of_Bicycles,No__of_Motorcycles,No__of_Pedestrians,Max_Injury,No__of_Injuries,No__of_Minimal,No__of_Minor,No__of_Major,No__of_Fatal,X,Y,Latitude,Longitude,ObjectId
16--1263,2016/01/27,5:56 PM,HUNT CLUB RD @ RIVERSIDE DR (0002237),2237,02 - Intersection related,03 - P.D. only,03 - Rear end,01 - Clear,07 - Dark,01 - Dry,01 - Traffic signal,01 - Functioning,3,0,0,0,,0,,,,,368037.0936,5021944.717,45.33460081,-75.69318532,2836
16--12630,2016/12/05,10:09 AM,BRIDGESTONE DR @ EAGLESON RD (0010095),10095,02 - Intersection related,03 - P.D. only,03 - Rear end,03 - Snow,01 - Daylight,03 - Loose snow,02 - Stop sign,01 - Functioning,2,0,0,0,,0,,,,,354872.691,5015404.735,45.27681578,-75.86179306,2837
16--12631,2016/12/05,10:21 PM,BRONSON AVE @ IMPERIAL AVE/PLYMOUTH ST (0010859),10859,03 - At intersection,03 - P.D. only,05 - Turning movement,01 - Clear,07 - Dark,02 - Wet,10 - No control,,2,0,0,0,,0,,,,,367318.9228,5029644.21,45.40394341,-75.70137285,2838
16--12632,2016/12/05,10:24 AM,ALBION RD @ KITCHENER AVE (0012080),12080,03 - At intersection,03 - P.D. only,02 - Angle,03 - Snow,01 - Daylight,05 - Packed snow,02 - Stop sign,01 - Functioning,2,0,0,0,,0,,,,,371219.0707,5025903.75,45.36992896,-75.6520604,2839
16--12633,2016/12/05,10:25 AM,BANK ST @ BELMEADE RD/MARIONVILLE RD (0001892),1892,03 - At intersection,02 - Non-fatal injury,02 - Angle,03 - Snow,01 - Daylight,03 - Loose snow,02 - Stop sign,01 - Functioning,2,0,0,0,02 - Minor,1,,1,,,388030.0472,5001134.095,45.1452748,-75.4416248,2840
16--12634,2016/12/05,10:43 PM,OSPREY CRES btwn PINE HILL DR & PINE HILL DR (__4CPKZQ),__4CPKZQ,01 - Non intersection,03 - P.D. only,06 - SMV unattended vehicle,01 - Clear,07 - Dark,05 - Packed snow,10 - No control,,1,0,0,0,,0,,,,,355852.9674,5017497.779,45.2955789,-75.84908428,2841
16--12635,2016/12/05,11:08 AM,STEWART ST btwn COBOURG ST & CHARLOTTE ST (__3ZA7A6),__3ZA7A6,01 - Non intersection,03 - P.D. only,06 - SMV unattended vehicle,01 - Clear,01 - Daylight,01 - Dry,10 - No control,,1,0,0,0,,0,,,,,369337.3508,5032634.015,45.4306614,-75.67520018,2842
16--12636,2016/12/05,11:20 AM,FISHER AVE @ MEADOWLANDS DR (0002120),2120,03 - At intersection,02 - Non-fatal injury,05 - Turning movement,03 - Snow,01 - Daylight,04 - Slush,01 - Traffic signal,01 - Functioning,2,0,0,0,02 - Minor,1,,1,,,366574.4063,5025044.348,45.36262103,-75.71145813,2843
16--12637,2016/12/05,11:30 AM,BARNSDALE RD N @ MOODIE DR (0000636),636,02 - Intersection related,03 - P.D. only,07 - SMV other,03 - Snow,01 - Daylight,04 - Slush,02 - Stop sign,00 - Unknown,1,0,0,0,,0,,,,,361924.0698,5008870.833,45.21748549,-75.77267649,2844
16--12638,2016/12/05,11:44 PM,FRANKTOWN RD btwn CONLEY RD & JOY'S RD (__3ZA42P),__3ZA42P,01 - Non intersection,03 - P.D. only,07 - SMV other,01 - Clear,07 - Dark,02 - Wet,10 - No control,,1,0,0,0,,0,,,,,355182.9185,5004819.97,45.18154875,-75.8589109,2845
16--12639,2016/12/05,11:54 AM,GLOUCESTER ST btwn LYON ST N & KENT ST (__3ZA9NX),__3ZA9NX,04 - At/near private drive,03 - P.D. only,06 - SMV unattended vehicle,03 - Snow,01 - Daylight,03 - Loose snow,10 - No control,,1,0,0,0,,0,,,,,367312.1527,5031071.657,45.41678776,-75.7012783,2846
16--1264,2016/01/27,6:08 PM,MAIN ST @ RIVERDALE AVE (0007229),7229,03 - At intersection,02 - Non-fatal injury,05 - Turning movement,01 - Clear,07 - Dark,01 - Dry,01 - Traffic signal,01 - Functioning,2,0,0,0,02 - Minor,1,,1,,,369431.5216,5029531.396,45.40273649,-75.67440371,2847
16--12640,2016/12/05,11:58 AM,SOUTHPARK DR btwn WOODBURN DR & INNES RD (__3ZA7L5),__3ZA7L5,01 - Non intersection,03 - P.D. only,01 - Approaching,03 - Snow,01 - Daylight,05 - Packed snow,10 - No control,,2,0,0,0,,0,,,,,377824.8326,5032792.243,45.43125032,-75.5667187,2848
16--12641,2016/12/05,Unknown,RIVERDALE AVE btwn SUNNYSIDE AVE & SOUTHERN DR (__3ZA9K5),__3ZA9K5,01 - Non intersection,03 - P.D. only,06 - SMV unattended vehicle,03 - Snow,00 - Unknown,03 - Loose snow,10 - No control,,1,0,0,0,,0,,,,,369072.9286,5028793.322,45.39612856,-75.67908005,2849
16--12642,2016/12/05,Unknown,SANDALWOOD DR btwn BAYCREST DR & HERON RD (__3ZA9YZ),__3ZA9YZ,01 - Non intersection,03 - P.D. only,06 - SMV unattended vehicle,03 - Snow,00 - Unknown,03 - Loose snow,10 - No control,,1,0,0,0,,0,,,,,371466.7107,5026916.19,45.37901502,-75.64876259,2850
16--12643,2016/12/05,12:26 PM,CHAMPLAIN ST @ OR174 IC102 RAMP26 (0013481),13481,02 - Intersection related,03 - P.D. only,03 - Rear end,03 - Snow,01 - Daylight,03 - Loose snow,03 - Yield sign,00 - Unknown,2,0,0,0,,0,,,,,381532.1656,5038340.958,45.4807762,-75.51847882,2851
16--12644,2016/12/05,12:26 PM,FAIRWINDS TER btwn Continuation of FAIRWINDS TER & TO BE DETERMINED (__3ZA6AC),__3ZA6AC,04 - At/near private drive,03 - P.D. only,02 - Angle,03 - Snow,01 - Daylight,03 - Loose snow,10 - No control,,2,0,0,0,,0,,,,,378396.5297,5037960.203,45.47768804,-75.55863986,2852
16--12645,2016/12/05,12:45 PM,KANATA AVE btwn CAMPEAU DR & EARL GREY DR (__3ZAZO5),__3ZAZO5,01 - Non intersection,03 - P.D. only,03 - Rear end,03 - Snow,01 - Daylight,03 - Loose snow,10 - No control,,2,0,0,0,,0,,,,,350929.7173,5019282.401,45.31197788,-75.91168522,2853
16--12646,2016/12/05,2:00 PM,HERON RD @ ALTA VISTA DR (0007188),7188,02 - Intersection related,03 - P.D. only,05 - Turning movement,01 - Clear,01 - Daylight,05 - Packed snow,01 - Traffic signal,01 - Functioning,2,0,0,0,,0,,,,,370493.381,5026902.757,45.37898609,-75.66119104,2854
16--12647,2016/12/05,2:10 PM,BASELINE RD @ PENDER ST (0003211),3211,02 - Intersection related,03 - P.D. only,03 - Rear end,03 - Snow,01 - Daylight,05 - Packed snow,02 - Stop sign,01 - Functioning,2,0,0,0,,0,,,,,363935.6882,5024624.941,45.35907483,-75.74518819,2855
16--12648,2016/12/05,2:27 PM,DUNDAS ST @ MCARTHUR AVE (0009192),9192,03 - At intersection,03 - P.D. only,02 - Angle,03 - Snow,01 - Daylight,02 - Wet,02 - Stop sign,01 - Functioning,2,0,0,0,,0,,,,,369974.0529,5032664.364,45.43087543,-75.66705985,2856
16--12649,2016/12/05,2:30 PM,ST. LAURENT BLVD @ TREMBLAY RD (0002573),2573,02 - Intersection related,03 - P.D. only,02 - Angle,03 - Snow,01 - Daylight,04 - Slush,01 - Traffic signal,01 - Functioning,2,0,0,0,,0,,,,,372595.0553,5031241.356,45.41782271,-75.63376243,2857
16--1265,2016/01/27,6:23 PM,COVENTRY RD @ VANIER PKWY (0002139),2139,02 - Intersection related,02 - Non-fatal injury,07 - SMV other,01 - Clear,07 - Dark,04 - Slush,01 - Traffic signal,01 - Functioning,1,0,0,1,02 - Minor,2,1,1,,,370675.719,5031611.925,45.42134028,-75.65823412,2858
16--12650,2016/12/05,2:45 PM,BOWHILL AVE btwn OVERLAKE DR & HILLHURST PL (__3ZAAUK),__3ZAAUK,01 - Non intersection,03 - P.D. only,06 - SMV unattended vehicle,01 - Clear,01 - Daylight,03 - Loose snow,10 - No control,,1,0,0,0,,0,,,,,365379.8854,5023663.757,45.35030294,-75.72687381,2859
16--12651,2016/12/05,2:48 PM,HAWK CRES btwn WAXWING DR & WAXWING DR (__3ZA9CV),__3ZA9CV,01 - Non intersection,03 - P.D. only,06 - SMV unattended vehicle,01 - Clear,01 - Daylight,03 - Loose snow,10 - No control,,1,0,0,0,,0,,,,,370430.5607,5023747.515,45.35060211,-75.66241215,2860
16--12652,2016/12/05,3:25 PM,PAUL ANKA DR btwn UPLANDS DR & SAMPLE RD (__3ZA9BL),__3ZA9BL,04 - At/near private drive,02 - Non-fatal injury,01 - Approaching,03 - Snow,01 - Daylight,04 - Slush,10 - No control,,2,0,0,0,01 - Minimal,2,2,,,,369423.769,5023527.897,45.34871954,-75.67528834,2861
16--12653,2016/12/05,3:29 PM,CRESTDALE ST @ RED WILLOW DR (0008717),8717,02 - Intersection related,03 - P.D. only,01 - Approaching,03 - Snow,01 - Daylight,03 - Loose snow,10 - No control,,2,0,0,0,,0,,,,,380530.7535,5034943.816,45.45032077,-75.53180995,2862
16--12654,2016/12/05,3:33 PM,ALBION RD @ HUNT CLUB RD (0006974),6974,02 - Intersection related,03 - P.D. only,02 - Angle,01 - Clear,01 - Daylight,01 - Dry,01 - Traffic signal,01 - Functioning,2,0,0,0,,0,,,,,371867.7102,5024320.458,45.35562129,-75.64399534,2863
16--12655,2016/12/05,3:36 PM,CAVENDISH RD @ RACHAEL AVE (0007340),7340,02 - Intersection related,03 - P.D. only,02 - Angle,01 - Clear,01 - Daylight,05 - Packed snow,10 - No control,,2,0,0,0,,0,,,,,370203.6182,5028238.459,45.3910314,-75.66471351,2864
16--12656,2016/12/05,3:50 PM,HIGHWAY 417 btwn HWY417 IC121A RAMP61 & HWY417 IC120B RAMP36 (__3ZA2YV),__3ZA2YV,01 - Non intersection,02 - Non-fatal injury,03 - Rear end,01 - Clear,01 - Daylight,01 - Dry,10 - No control,,3,0,0,0,01 - Minimal,1,1,,,,367532.6862,5029881.565,45.40605994,-75.69861227,2865
16--12657,2016/12/05,3:52 PM,JOHN ASELFORD DRWY btwn JOHN ASELFORD DRWY & MARCHURST RD (__3ZA1KL),__3ZA1KL,01 - Non intersection,03 - P.D. only,01 - Approaching,01 - Clear,01 - Daylight,05 - Packed snow,10 - No control,,2,0,0,0,,0,,,,,341733.0802,5027348.325,45.38510196,-76.02836755,2866
16--12658,2016/12/05,3:59 PM,BANK ST btwn GLEN AVE & BELMONT AVE (__3ZA3N2),__3ZA3N2,01 - Non intersection,03 - P.D. only,05 - Turning movement,03 - Snow,05 - Dusk,04 - Slush,10 - No control,,2,0,0,0,,0,,,,,368807.8315,5028427.792,45.39286392,-75.68251305,2867
16--12659,2016/12/05,4:06 PM,STEEPLE HILL CRES btwn RICHMOND RD & PIETY HILL WAY (__3ZAB5Y),__3ZAB5Y,04 - At/near private drive,03 - P.D. only,06 - SMV unattended vehicle,03 - Snow,05 - Dusk,05 - Packed snow,10 - No control,,1,0,0,0,,0,,,,,357812.2857,5014228.162,45.26601329,-75.82445429,2868
16--1266,2016/01/27,7:52 PM,CARSON'S RD btwn MONTREAL RD & SETH PRIV (__3ZAZFV),__3ZAZFV,01 - Non intersection,03 - P.D. only,03 - Rear end,01 - Clear,07 - Dark,01 - Dry,10 - No control,,2,0,0,0,,0,,,,,372806.7228,5034306.814,45.44538365,-75.63063483,2869
16--12660,2016/12/05,4:30 AM,HIGHWAY 417 btwn HWY417 IC96 RAMP51 & HIGHWAY 417 (__3ZA2W3),__3ZA2W3,01 - Non intersection,03 - P.D. only,03 - Rear end,03 - Snow,07 - Dark,03 - Loose snow,10 - No control,,2,0,0,0,,0,,,,,387377.5072,5023837.812,45.34962389,-75.4461504,2870
16--12661,2016/12/05,4:45 AM,HIGHWAY 417 btwn HWY417 IC88 RAMP15 & END (__3ZA27T),__3ZA27T,01 - Non intersection,03 - P.D. only,07 - SMV other,03 - Snow,07 - Dark,03 - Loose snow,10 - No control,,1,0,0,0,,0,,,,,395319.7485,5022452.36,45.3361791,-75.34506525,2871
16--12662,2016/12/05,4:48 PM,FRANK KENNY RD btwn GIROUX RD & COLONIAL RD (__3ZA6T8),__3ZA6T8,01 - Non intersection,02 - Non-fatal injury,07 - SMV other,01 - Clear,05 - Dusk,02 - Wet,10 - No control,,1,0,0,0,02 - Minor,1,,1,,,389812.4497,5032981.135,45.43159536,-75.41350617,2872
16--12663,2016/12/05,5:15 AM,FLORA ST @ LYON ST (0007258),7258,03 - At intersection,03 - P.D. only,06 - SMV unattended vehicle,03 - Snow,07 - Dark,03 - Loose snow,02 - Stop sign,01 - Functioning,2,0,0,0,,0,,,,,367664.9499,5030226.711,45.40915359,-75.6968788,2873
16--12664,2016/12/05,5:22 PM,HAWTHORNE RD @ HUNT CLUB RD (0007651),7651,02 - Intersection related,02 - Non-fatal injury,03 - Rear end,01 - Clear,07 - Dark,03 - Loose snow,01 - Traffic signal,01 - Functioning,2,0,0,0,01 - Minimal,1,1,,,,375506.0936,5026406.943,45.37403706,-75.59726468,2874
16--12665,2016/12/05,5:24 PM,8TH LINE RD btwn VAN RENS ST & GLENWOOD DR (__3ZA64S),__3ZA64S,01 - Non intersection,03 - P.D. only,07 - SMV other,03 - Snow,07 - Dark,03 - Loose snow,10 - No control,,1,0,0,0,,0,,,,,385804.4796,5010250.135,45.22755486,-75.46844055,2875
16--12666,2016/12/05,5:45 AM,HIGHWAY 417 btwn HWY417 IC134 RAMP35 & HWY417 IC134 RAMP25 (__3ZA29D),__3ZA29D,01 - Non intersection,03 - P.D. only,07 - SMV other,03 - Snow,"08 - Dark, artificial",03 - Loose snow,10 - No control,,1,0,0,0,,0,,,,,356431.8936,5022250.397,45.33830127,-75.8412082,2876
16--12667,2016/12/05,5:55 AM,HAWTHORNE RD/RUSSELL RD @ WALKLEY RD (0002618),2618,02 - Intersection related,03 - P.D. only,99 - Other,03 - Snow,07 - Dark,05 - Packed snow,01 - Traffic signal,01 - Functioning,2,0,0,0,,0,,,,,374674.5244,5028500.639,45.39295856,-75.60758402,2877
16--12668,2016/12/05,6:00 PM,KEPPLER CRES btwn LAMBERT DR & CANFIELD RD (__3ZABS8),__3ZABS8,04 - At/near private drive,03 - P.D. only,06 - SMV unattended vehicle,01 - Clear,07 - Dark,05 - Packed snow,10 - No control,,1,0,0,0,,0,,,,,360631.2019,5021387.295,45.33021348,-75.78772893,2878
16--12669,2016/12/05,6:08 AM,SHEFFIELD RD btwn INNES PARK WAY & BANTREE ST (__3ZA79N),__3ZA79N,01 - Non intersection,03 - P.D. only,01 - Approaching,03 - Snow,07 - Dark,05 - Packed snow,10 - No control,,2,0,0,0,,0,,,,,374447.1285,5030461.028,45.41061982,-75.61021105,2879
16--1267,2016/01/27,7:55 PM,HWY417 IC118 RAMP76 btwn HIGHWAY 417 & HWY417 IC118 RAMP43 (__3ZAY9N),__3ZAY9N,01 - Non intersection,03 - P.D. only,99 - Other,01 - Clear,"08 - Dark, artificial",01 - Dry,10 - No control,,2,0,0,0,,0,,,,,369354.4357,5031005.812,45.41600987,-75.67519523,2880
16--12670,2016/12/05,6:10 AM,HAWTHORNE RD/RUSSELL RD @ WALKLEY RD (0002618),2618,02 - Intersection related,03 - P.D. only,03 - Rear end,03 - Snow,07 - Dark,05 - Packed snow,01 - Traffic signal,00 - Unknown,2,0,0,0,,0,,,,,374675.5621,5028498.722,45.39294121,-75.60757104,2881
16--12671,2016/12/05,6:27 AM,DEVINE RD @ FRONTIER RD (0004650),4650,03 - At intersection,03 - P.D. only,02 - Angle,03 - Snow,07 - Dark,05 - Packed snow,02 - Stop sign,01 - Functioning,2,0,0,0,,0,,,,,389636.7403,5021965.251,45.33250667,-75.41764439,2882
16--12672,2016/12/05,6:40 PM,MANOTICK STATION RD btwn NICK ADAMS RD & HERBERTS CORNERS RD (__3ZAZG9),__3ZAZG9,01 - Non intersection,02 - Non-fatal injury,07 - SMV other,01 - Clear,07 - Dark,02 - Wet,10 - No control,,1,0,0,0,03 - Major,1,,,1,,375679.2508,5008305.155,45.21114615,-75.59764094,2883
16--12673,2016/12/05,6:40 PM,NAVAN RD btwn ORLEANS BLVD & PAGE RD (__3ZA3J1),__3ZA3J1,04 - At/near private drive,03 - P.D. only,03 - Rear end,03 - Snow,07 - Dark,05 - Packed snow,10 - No control,,2,0,0,0,,0,,,,,381485.847,5032806.575,45.43098742,-75.51993422,2884
16--12674,2016/12/05,6:40 PM,ENFIELD AVE @ MCARTHUR AVE (0009218),9218,02 - Intersection related,03 - P.D. only,04 - Sideswipe,01 - Clear,07 - Dark,01 - Dry,02 - Stop sign,01 - Functioning,2,0,0,0,,0,,,,,370338.2297,5032703.517,45.43119368,-75.66240087,2885
16--12675,2016/12/05,6:41 AM,BANKFIELD RD @ MANOTICK MAIN ST/RIDEAU VALLEY  (0000070),70,03 - At intersection,03 - P.D. only,02 - Angle,03 - Snow,07 - Dark,03 - Loose snow,01 - Traffic signal,01 - Functioning,2,0,0,0,,0,,,,,368431.479,5010157.62,45.2285063,-75.68966531,2886
16--12676,2016/12/05,6:45 AM,HERON RD @ BRONSON AVE RAMP 52 (0002517),2517,02 - Intersection related,03 - P.D. only,07 - SMV other,03 - Snow,07 - Dark,04 - Slush,10 - No control,00 - Unknown,1,0,0,0,,0,,,,,368689.5352,5026696.275,45.37729504,-75.68424786,2887
16--12677,2016/12/05,6:45 AM,BLACKBURN BYPASS @ NAVAN RD (0004201),4201,02 - Intersection related,03 - P.D. only,07 - SMV other,03 - Snow,07 - Dark,03 - Loose snow,01 - Traffic signal,01 - Functioning,1,0,0,0,,0,,,,,379617.7329,5033274.562,45.43540038,-75.54373472,2888
16--12678,2016/12/05,6:50 AM,FALLOWFIELD RD @ LARKIN DR (0000555),555,02 - Intersection related,03 - P.D. only,03 - Rear end,03 - Snow,07 - Dark,04 - Slush,01 - Traffic signal,01 - Functioning,2,0,0,0,,0,,,,,361720.0099,5015911.366,45.2808535,-75.77446832,2889
16--12679,2016/12/05,6:55 AM,ANDERSON RD @ INNES RD (0004200),4200,03 - At intersection,03 - P.D. only,05 - Turning movement,03 - Snow,07 - Dark,03 - Loose snow,01 - Traffic signal,01 - Functioning,2,0,0,0,,0,,,,,376279.6434,5031840.905,45.42285039,-75.58660224,2890
16--1268,2016/01/27,7:59 AM,FLORA ST @ LYON ST (0007258),7258,03 - At intersection,03 - P.D. only,05 - Turning movement,01 - Clear,01 - Daylight,01 - Dry,02 - Stop sign,01 - Functioning,2,0,0,0,,0,,,,,367664.0534,5030226.348,45.40915041,-75.6968903,2891
16--12680,2016/12/05,7:27 AM,PRINCE OF WALES DR @ STRANDHERD DR (0013339),13339,02 - Intersection related,03 - P.D. only,03 - Rear end,05 - Drifting Snow,03 - Dawn,05 - Packed snow,01 - Traffic signal,01 - Functioning,2,0,0,0,,0,,,,,367176.9461,5014825.433,45.27061935,-75.70505428,2892
16--12681,2016/12/05,7:30 AM,ST. JOSEPH BLVD btwn GREY NUNS DR & BOYER RD (__3ZA2BW),__3ZA2BW,04 - At/near private drive,03 - P.D. only,04 - Sideswipe,02 - Rain,03 - Dawn,03 - Loose snow,10 - No control,,2,0,0,0,,0,,,,,380254.618,5036733.312,45.46645113,-75.53506514,2893
16--12682,2016/12/05,7:32 AM,EAGLESON RD btwn AKINS RD & RUSHMORE RD (__3ZA42M),__3ZA42M,01 - Non intersection,03 - P.D. only,07 - SMV other,03 - Snow,03 - Dawn,05 - Packed snow,10 - No control,,1,0,0,0,,0,,,,,356431.2835,5011361.348,45.24031976,-75.8423493,2894
16--12683,2016/12/05,7:36 AM,MOODIE DR btwn ROBERTSON RD & HADLEY CIRC (__3ZA412),__3ZA412,04 - At/near private drive,03 - P.D. only,02 - Angle,03 - Snow,03 - Dawn,03 - Loose snow,10 - No control,,2,0,0,0,,0,,,,,357079.6049,5020425.84,45.32183577,-75.83313705,2895
16--12684,2016/12/05,7:37 AM,HIGH RD btwn EARL ARMSTRONG RD & ALBION RD (__3ZA7Z1),__3ZA7Z1,01 - Non intersection,03 - P.D. only,01 - Approaching,03 - Snow,03 - Dawn,05 - Packed snow,10 - No control,,2,0,0,0,,0,,,,,374447.8309,5017837.582,45.29703926,-75.61198033,2896
16--12685,2016/12/05,7:43 AM,PRINCE OF WALES DR @ WEST HUNT CLUB RD (0000567),567,02 - Intersection related,03 - P.D. only,03 - Rear end,03 - Snow,03 - Dawn,06 - Ice,01 - Traffic signal,01 - Functioning,2,0,0,0,,0,,,,,367459.5385,5021890.261,45.33416264,-75.70056026,2897
16--12686,2016/12/05,7:45 AM,CHESTERTON DR btwn MULVAGH AVE & SOUTHVIEW CRES (__3ZAAV4),__3ZAAV4,04 - At/near private drive,03 - P.D. only,06 - SMV unattended vehicle,03 - Snow,03 - Dawn,04 - Slush,10 - No control,,1,0,0,0,,0,,,,,365321.1626,5023847.098,45.35195769,-75.72760073,2898
16--12687,2016/12/05,7:45 AM,ALBION RD @ CAHILL DR (0007499),7499,02 - Intersection related,03 - P.D. only,02 - Angle,03 - Snow,03 - Dawn,03 - Loose snow,02 - Stop sign,01 - Functioning,2,0,0,0,,0,,,,,371725.9505,5024667.859,45.35876063,-75.64575742,2899
16--12688,2016/12/05,7:54 AM,BANK ST @ LEITRIM RD (0004125),4125,03 - At intersection,03 - P.D. only,05 - Turning movement,03 - Snow,01 - Daylight,05 - Packed snow,01 - Traffic signal,01 - Functioning,2,0,0,0,,0,,,,,375357.5347,5021619.278,45.33097475,-75.59984435,2900
16--12689,2016/12/05,7:55 AM,BANKFIELD RD btwn HWY416 IC57 RAMP24 & HWY416 IC57 RAMP62 (__3ZA1XS),__3ZA1XS,01 - Non intersection,03 - P.D. only,07 - SMV other,03 - Snow,01 - Daylight,03 - Loose snow,10 - No control,,1,0,0,0,,0,,,,,364997.8072,5008187.813,45.2110837,-75.73362658,2901
16--1269,2016/01/27,8:04 AM,MILTON RD @ NAVAN RD (0004709),4709,03 - At intersection,02 - Non-fatal injury,03 - Rear end,01 - Clear,01 - Daylight,02 - Wet,02 - Stop sign,01 - Functioning,2,0,0,0,01 - Minimal,2,2,,,,387268.1302,5031813.619,45.42139584,-75.44621347,2902
16--12690,2016/12/05,8:00 AM,FRANKTOWN RD btwn MUNSTER RD & GREEN'S RD (__3ZA3EU),__3ZA3EU,01 - Non intersection,02 - Non-fatal injury,01 - Approaching,03 - Snow,01 - Daylight,05 - Packed snow,10 - No control,,2,0,0,0,02 - Minor,2,1,1,,,351055.5121,5001065.743,45.14804909,-75.91177427,2903
16--12243,2016/11/24,11:30 AM,TILLBURY AVE @ WINDERMERE AVE (0006709),6709,03 - At intersection,03 - P.D. only,03 - Rear end,03 - Snow,01 - Daylight,05 - Packed snow,02 - Stop sign,01 - Functioning,2,0,0,0,,0,,,,,362614.5171,5026745.472,45.37826533,-75.76180212,2904
16--12244,2016/11/24,11:41 AM,LEITRIM RD S @ RAMSAYVILLE RD (0013708),13708,02 - Intersection related,02 - Non-fatal injury,03 - Rear end,03 - Snow,01 - Daylight,05 - Packed snow,02 - Stop sign,00 - Unknown,2,0,0,0,01 - Minimal,1,1,,,,378785.7671,5023729.505,45.3496084,-75.55579808,2905
16--12245,2016/11/24,11:48 AM,BERRY SIDE RD btwn FIFTH LINE RD & SIXTH LINE RD (__3ZACTD),__3ZACTD,01 - Non intersection,03 - P.D. only,07 - SMV other,03 - Snow,01 - Daylight,03 - Loose snow,10 - No control,,1,0,0,0,,0,,,,,348052.6417,5031324.318,45.4205169,-75.94732202,2906
16--12246,2016/11/24,11:59 AM,ALTA VISTA DR @ CUNNINGHAM AVE (0008112),8112,02 - Intersection related,03 - P.D. only,03 - Rear end,03 - Snow,01 - Daylight,03 - Loose snow,02 - Stop sign,01 - Functioning,2,0,0,0,,0,,,,,370342.2384,5028018.787,45.3890419,-75.66297252,2907
16--12247,2016/11/24,12:25 PM,MARCH RD btwn MARCH RD & BEACHVALE LANE (__3ZA3FO),__3ZA3FO,01 - Non intersection,03 - P.D. only,07 - SMV other,01 - Clear,01 - Daylight,04 - Slush,10 - No control,,1,0,0,0,,0,,,,,344732.8425,5024082.144,45.35554734,-75.99032633,2908
16--12248,2016/11/24,2:17 PM,FISHER AVE @ DEER PARK RD/DYNES RD (0002341),2341,03 - At intersection,03 - P.D. only,05 - Turning movement,03 - Snow,01 - Daylight,03 - Loose snow,01 - Traffic signal,01 - Functioning,2,0,0,0,,0,,,,,366406.8813,5025455.941,45.36633921,-75.71354505,2909
16--12249,2016/11/24,3:37 PM,TENTH LINE RD btwn TOMPKINS AVE & CANOTIA PL (__3ZA1TD),__3ZA1TD,01 - Non intersection,03 - P.D. only,04 - Sideswipe,03 - Snow,01 - Daylight,02 - Wet,10 - No control,,2,0,0,0,,0,,,,,383186.6711,5037969.961,45.47725451,-75.49737761,2910
16--1225,2016/01/26,7:30 PM,QUEEN ELIZABETH DRWY btwn QUEEN ELIZABETH DRWY TO WB & QUEEN ELIZABETH (__3ZA21G),__3ZA21G,01 - Non intersection,02 - Non-fatal injury,07 - SMV other,03 - Snow,07 - Dark,02 - Wet,10 - No control,,1,0,0,0,02 - Minor,1,,1,,,368481.755,5028818.774,45.39641158,-75.6866267,2911
16--12250,2016/11/24,3:56 PM,COLONNADE RD @ MERIVALE RD (0004569),4569,03 - At intersection,03 - P.D. only,03 - Rear end,03 - Snow,05 - Dusk,03 - Loose snow,01 - Traffic signal,01 - Functioning,2,0,0,0,,0,,,,,365363.7011,5022544.259,45.34023125,-75.72721741,2912
16--12251,2016/11/24,4:25 PM,MISS OTTAWA ST @ MONTREAL RD (0012424),12424,03 - At intersection,03 - P.D. only,03 - Rear end,03 - Snow,05 - Dusk,03 - Loose snow,01 - Traffic signal,01 - Functioning,2,0,0,0,,0,,,,,375795.2433,5034648.171,45.44815783,-75.59238649,2913
16--12252,2016/11/24,4:30 PM,DONWEL DR @ STEPHANIE ANNE DR/ASHLEY CARDILL L (0005541),5541,02 - Intersection related,03 - P.D. only,03 - Rear end,02 - Rain,05 - Dusk,03 - Loose snow,02 - Stop sign,01 - Functioning,2,0,0,0,,0,,,,,378838.2146,5013126.095,45.25419842,-75.55671237,2914
16--12253,2016/11/24,5:00 PM,MOODIE DR btwn MCKENNA CASEY DR & CAMBRIAN RD (__3ZA4YZ),__3ZA4YZ,01 - Non intersection,03 - P.D. only,06 - SMV unattended vehicle,03 - Snow,05 - Dusk,02 - Wet,10 - No control,,1,0,0,0,,0,,,,,360342.9729,5012676.203,45.25185327,-75.79238116,2915
16--12254,2016/11/24,5:07 PM,KING EDWARD AVE @ STEWART ST (0007754),7754,02 - Intersection related,03 - P.D. only,03 - Rear end,01 - Clear,05 - Dusk,01 - Dry,01 - Traffic signal,01 - Functioning,2,0,0,0,,0,,,,,368633.8862,5032205.165,45.42686733,-75.68424526,2916
16--12255,2016/11/24,5:08 PM,MARCH RD @ UPPER DWYER HILL RD (0010832),10832,02 - Intersection related,03 - P.D. only,07 - SMV other,03 - Snow,07 - Dark,03 - Loose snow,01 - Traffic signal,00 - Unknown,1,0,0,0,,0,,,,,334080.6137,5014290.257,45.2679604,-76.12685882,2917
16--12256,2016/11/24,5:23 PM,WOODROFFE AVE btwn HWY417 IC127 RAMP53 & IRIS ST (__3ZA4L2),__3ZA4L2,01 - Non intersection,03 - P.D. only,03 - Rear end,03 - Snow,07 - Dark,02 - Wet,10 - No control,,3,0,0,0,,0,,,,,362243.7973,5024534.833,45.35840471,-75.76679226,2918