Anom_ID,Accident_Date,Accident_Time,Location,Geo_ID,Accident_Location,Classification_of_Accident,Initial_Impact_Type,Environment_Condition,Light,Road_Surface_Condition,Traffic_Control,Traffic_Control_Condition,No__of_Vehicles,No__of_Bicycles,No__of_Motorcycles,No__of_Pedestrians,Max_Injury,No__of_Injuries,No__of_Minimal,No__of_Minor,No__of_Major,No__of_Fatal,X,Y,Latitude,Longitude,ObjectId
16--12257,2016/11/24,5:24 PM,GREENBANK RD @ CANFIELD RD/CRAIG HENRY DR (0000154),154,03 - At intersection,02 - Non-fatal injury,05 - Turning movement,"07 - Fog, mist, smoke, dust",07 - Dark,04 - Slush,01 - Traffic signal,01 - Functioning,2,0,0,0,01 - Minimal,1,1,,,,361107.5422,5021363.92,45.32996509,-75.78165512,2919
16--12258,2016/11/24,5:40 PM,PRESLAND RD @ VANIER PKWY (0012076),12076,02 - Intersection related,03 - P.D. only,07 - SMV other,01 - Clear,07 - Dark,01 - Dry,01 - Traffic signal,01 - Functioning,1,0,0,0,,0,,,,,370431.4656,5031750.395,45.42260914,-75.66133643,2920
16--12259,2016/11/24,6:04 AM,DONALD ST @ ST. LAURENT BLVD (0008630),8630,02 - Intersection related,03 - P.D. only,07 - SMV other,03 - Snow,07 - Dark,03 - Loose snow,01 - Traffic signal,01 - Functioning,1,0,0,0,,0,,,,,372094.5411,5032473.827,45.42896024,-75.63998856,2921
16--1226,2016/01/26,7:31 AM,COLONEL BY DR/SUSSEX DR @ RIDEAU ST (0007647),7647,02 - Intersection related,03 - P.D. only,03 - Rear end,02 - Rain,03 - Dawn,02 - Wet,01 - Traffic signal,01 - Functioning,2,0,0,0,,0,,,,,367920.9419,5032044.889,45.42548992,-75.69337584,2922
16--12260,2016/11/24,6:15 AM,FRANKTOWN RD btwn GREEN'S RD & CONLEY RD (__3ZA42O),__3ZA42O,01 - Non intersection,03 - P.D. only,07 - SMV other,03 - Snow,07 - Dark,04 - Slush,10 - No control,,1,0,0,0,,0,,,,,352450.296,5002303.557,45.15909481,-75.8939199,2923
16--12261,2016/11/24,6:24 AM,MOODIE DR @ HWY 417 MOODIE IC134R63 (0000649),649,02 - Intersection related,02 - Non-fatal injury,03 - Rear end,03 - Snow,07 - Dark,04 - Slush,01 - Traffic signal,01 - Functioning,2,0,0,0,01 - Minimal,1,1,,,,356387.9913,5022479.914,45.34036971,-75.8417444,2924
16--12262,2016/11/24,6:30 PM,KENT ST btwn WELLINGTON ST & SPARKS ST (__3ZA3C1),__3ZA3C1,04 - At/near private drive,03 - P.D. only,05 - Turning movement,01 - Clear,07 - Dark,01 - Dry,10 - No control,,2,0,0,0,,0,,,,,367111.9678,5031503.961,45.42069536,-75.70378116,2925
16--12263,2016/11/24,6:31 PM,TARQUIN CRES btwn TYBALT CRES & TYBALT CRES (__3ZABFL),__3ZABFL,01 - Non intersection,03 - P.D. only,06 - SMV unattended vehicle,03 - Snow,07 - Dark,03 - Loose snow,10 - No control,,1,0,0,0,,0,,,,,357180.7905,5020060.979,45.31854517,-75.83188503,2926
16--12264,2016/11/24,6:40 AM,CARLING AVE btwn RIFLE RD & DAVIDSON'S SIDE RD (__3ZBOCR),__3ZBOCR,01 - Non intersection,03 - P.D. only,07 - SMV other,03 - Snow,07 - Dark,04 - Slush,10 - No control,,1,0,0,0,,0,,,,,353920.4516,5023335.619,45.34824658,-75.87314295,2927
16--12265,2016/11/24,6:47 AM,HALTON TERR/MAXWELL BRIDGE RD @ MARCH RD (0011852),11852,03 - At intersection,02 - Non-fatal injury,05 - Turning movement,03 - Snow,03 - Dawn,06 - Ice,01 - Traffic signal,01 - Functioning,2,0,0,0,02 - Minor,1,,1,,,348931.9276,5024422.669,45.35835975,-75.93670435,2928
16--12266,2016/11/24,6:52 AM,BANK ST @ EXHIBITION WAY (0009013),9013,02 - Intersection related,03 - P.D. only,03 - Rear end,03 - Snow,03 - Dawn,03 - Loose snow,01 - Traffic signal,01 - Functioning,2,0,0,0,,0,,,,,368529.3623,5029085.843,45.39881025,-75.6859842,2929
16--12267,2016/11/24,7:13 PM,CROYDON AVE @ RICHMOND RD (0002652),2652,02 - Intersection related,03 - P.D. only,03 - Rear end,01 - Clear,07 - Dark,01 - Dry,01 - Traffic signal,01 - Functioning,2,0,0,0,,0,,,,,360544.8586,5025274.59,45.36519815,-75.78839222,2930
16--12268,2016/11/24,7:30 PM,NESS ST btwn MEADOWLANDS DR E & WIGAN DR (__3ZAAME),__3ZAAME,01 - Non intersection,03 - P.D. only,06 - SMV unattended vehicle,01 - Clear,07 - Dark,03 - Loose snow,10 - No control,,1,0,0,0,,0,,,,,366464.352,5024865.327,45.36101993,-75.71288517,2931
16--12269,2016/11/24,7:45 AM,JEANNE D'ARC BLVD @ OR174 IC105 RAMP36 (0004139),4139,02 - Intersection related,03 - P.D. only,03 - Rear end,03 - Snow,01 - Daylight,04 - Slush,10 - No control,00 - Unknown,2,0,0,0,,0,,,,,379270.8489,5037282.906,45.47150154,-75.54756081,2932
16--1227,2016/01/26,7:36 AM,REGIONAL ROAD 174 btwn OR174 IC109 RAMP86 & OR174 IC109 RAMP64 (__3ZA28U),__3ZA28U,01 - Non intersection,03 - P.D. only,03 - Rear end,01 - Clear,03 - Dawn,02 - Wet,10 - No control,,3,0,0,0,,0,,,,,376531.9109,5035167.119,45.45275178,-75.58289436,2933
16--12270,2016/11/24,7:46 AM,RIVERSIDE DR @ SMYTH RD SOUTH SIDE RAMP (0011480),11480,02 - Intersection related,03 - P.D. only,03 - Rear end,03 - Snow,01 - Daylight,03 - Loose snow,01 - Traffic signal,01 - Functioning,2,0,0,0,,0,,,,,369788.4977,5028998.318,45.39790699,-75.66991446,2934
16--12271,2016/11/24,7:55 AM,ROBERTSON RD btwn FITZGERALD RD & MOODIE DR (__3ZA411),__3ZA411,04 - At/near private drive,03 - P.D. only,02 - Angle,03 - Snow,01 - Daylight,06 - Ice,10 - No control,,2,0,0,0,,0,,,,,356815.9203,5020305.984,45.32077688,-75.83651289,2935
16--12272,2016/11/24,8:00 AM,DUNROBIN RD btwn KINBURN SIDE RD & VANCES SIDE RD (__3ZA3FG),__3ZA3FG,01 - Non intersection,03 - P.D. only,01 - Approaching,03 - Snow,01 - Daylight,03 - Loose snow,10 - No control,,2,0,0,0,,0,,,,,340149.8188,5033686.085,45.44221266,-76.04813044,2936
16--12273,2016/11/24,8:03 PM,CARLING AVE @ MOODIE DR/JAMES CUMMINGS AVE W (0000158),158,02 - Intersection related,03 - P.D. only,07 - SMV other,01 - Clear,07 - Dark,04 - Slush,01 - Traffic signal,00 - Unknown,1,0,0,0,,0,,,,,356001.0196,5023940.563,45.35354112,-75.84653057,2937
16--12274,2016/11/24,8:09 AM,PALLADIUM DR btwn HWY417 IC142 RAMP62 & HUNTMAR DR (__3ZAZW8),__3ZAZW8,04 - At/near private drive,03 - P.D. only,03 - Rear end,03 - Snow,01 - Daylight,03 - Loose snow,10 - No control,,2,0,0,0,,0,,,,,348971.6272,5017948.973,45.30010519,-75.93677529,2938
16--12275,2016/11/24,8:23 PM,ANDERSON RD btwn DOLMAN RIDGE RD & RIDGE RD (__3ZA2B6),__3ZA2B6,01 - Non intersection,03 - P.D. only,03 - Rear end,01 - Clear,07 - Dark,02 - Wet,10 - No control,,2,0,0,0,,0,,,,,379000.4568,5028598.204,45.39339139,-75.55232725,2939
16--12276,2016/11/24,8:27 AM,HUNTMAR DR @ OLD CARP RD (0009039),9039,03 - At intersection,03 - P.D. only,05 - Turning movement,03 - Snow,01 - Daylight,03 - Loose snow,02 - Stop sign,01 - Functioning,2,0,0,0,,0,,,,,345200.7913,5022384.271,45.34024255,-75.98449272,2940
16--12277,2016/11/24,8:28 AM,BELFAST RD @ TREMBLAY RD (0002698),2698,03 - At intersection,02 - Non-fatal injury,02 - Angle,02 - Rain,01 - Daylight,02 - Wet,01 - Traffic signal,01 - Functioning,2,0,0,0,02 - Minor,1,,1,,,371551.3464,5031320.57,45.4186358,-75.64708598,2941
16--12278,2016/11/24,8:29 AM,MOODIE DR @ RICHMOND RD N (0001487),1487,02 - Intersection related,03 - P.D. only,02 - Angle,03 - Snow,01 - Daylight,04 - Slush,02 - Stop sign,01 - Functioning,2,0,0,0,,0,,,,,357392.249,5019689.96,45.31519089,-75.82922746,2942
16--12279,2016/11/24,8:30 PM,LESTER RD btwn ALBION RD & ALADDIN LANE (__3ZA3ST),__3ZA3ST,01 - Non intersection,03 - P.D. only,07 - SMV other,03 - Snow,07 - Dark,03 - Loose snow,10 - No control,,1,0,0,0,,0,,,,,372713.7908,5022341.192,45.33773112,-75.63346957,2943
16--1228,2016/01/26,7:57 PM,FIFTH AVE btwn CHRYSLER ST & PERCY ST (__3ZA9M5),__3ZA9M5,01 - Non intersection,03 - P.D. only,99 - Other,02 - Rain,07 - Dark,02 - Wet,10 - No control,,2,0,0,0,,0,,,,,367833.2793,5029062.263,45.3986611,-75.6948774,2944
16--12280,2016/11/24,8:35 AM,FARMERS WAY btwn LEITRIM RD & EIGHTH LINE RD (__3ZA6B1),__3ZA6B1,01 - Non intersection,03 - P.D. only,07 - SMV other,03 - Snow,01 - Daylight,05 - Packed snow,10 - No control,,1,0,0,0,,0,,,,,382445.7018,5025374.704,45.36401513,-75.50883867,2945
16--12281,2016/11/24,8:36 AM,GOLDEN AVE @ RICHMOND RD (0006932),6932,02 - Intersection related,03 - P.D. only,03 - Rear end,03 - Snow,01 - Daylight,05 - Packed snow,01 - Traffic signal,01 - Functioning,3,0,0,0,,0,,,,,362861.861,5028027.788,45.38978298,-75.75849337,2946
16--12282,2016/11/24,8:38 AM,BOTELER ST @ SUSSEX DR (0011436),11436,02 - Intersection related,02 - Non-fatal injury,03 - Rear end,03 - Snow,01 - Daylight,02 - Wet,01 - Traffic signal,01 - Functioning,2,0,0,0,02 - Minor,3,2,1,,,367450.4833,5032949.901,45.43367521,-75.69927212,2947
16--12283,2016/11/24,8:45 AM,BANK ST @ HUNT CLUB RD (0002119),2119,02 - Intersection related,03 - P.D. only,03 - Rear end,01 - Clear,01 - Daylight,03 - Loose snow,01 - Traffic signal,01 - Functioning,2,0,0,0,,0,,,,,371607.9083,5024095.264,45.35361987,-75.64734133,2948
16--12284,2016/11/24,8:49 AM,CAMPEAU DR @ TERON RD/COLCHESTER SQ (0009033),9033,02 - Intersection related,03 - P.D. only,03 - Rear end,03 - Snow,01 - Daylight,05 - Packed snow,01 - Traffic signal,01 - Functioning,2,0,0,0,,0,,,,,352563.2752,5020468.593,45.32254229,-75.89073844,2949
16--12285,2016/11/24,8:56 AM,MOODIE DR btwn WIFFEN PRIV & RICHMOND RD (__3ZBOCO),__3ZBOCO,01 - Non intersection,03 - P.D. only,04 - Sideswipe,03 - Snow,01 - Daylight,04 - Slush,10 - No control,,2,0,0,0,,0,,,,,357389.0792,5019701.398,45.31529405,-75.82926667,2950
16--12286,2016/11/24,8:58 PM,EAGLESON RD @ HAZELDEAN RD/ROBERTSON RD (0002715),2715,02 - Intersection related,03 - P.D. only,03 - Rear end,03 - Snow,07 - Dark,04 - Slush,01 - Traffic signal,01 - Functioning,2,0,0,0,,0,,,,,353671.9686,5018423.218,45.30406129,-75.87679869,2951
16--12287,2016/11/24,9:00 AM,HAMLET RD @ OTHELLO AVE (0008382),8382,03 - At intersection,03 - P.D. only,02 - Angle,03 - Snow,01 - Daylight,03 - Loose snow,03 - Yield sign,01 - Functioning,3,0,0,0,,0,,,,,373263.8499,5029288.807,45.40018947,-75.62548921,2952
16--12288,2016/11/24,9:00 AM,CROYDON AVE @ RICHMOND RD (0002652),2652,02 - Intersection related,03 - P.D. only,03 - Rear end,03 - Snow,01 - Daylight,04 - Slush,01 - Traffic signal,00 - Unknown,2,0,0,0,,0,,,,,360544.0305,5025274.59,45.36519821,-75.78840279,2953
16--12289,2016/11/24,9:00 AM,SENECA ST @ SUNNYSIDE AVE (0012024),12024,02 - Intersection related,03 - P.D. only,03 - Rear end,01 - Clear,01 - Daylight,03 - Loose snow,02 - Stop sign,01 - Functioning,2,0,0,0,,0,,,,,368224.1543,5028273.255,45.39152655,-75.6899867,2954
16--1229,2016/01/26,8:00 AM,HAILEYBURY ST btwn GEDDES WAY & TEMAGAMI DR (__7JQ6C6),__7JQ6C6,01 - Non intersection,03 - P.D. only,06 - SMV unattended vehicle,01 - Clear,01 - Daylight,01 - Dry,10 - No control,,1,0,0,0,,0,,,,,365512.707,5014414.787,45.26707001,-75.72631195,2955
16--12290,2016/11/24,9:02 AM,MERIVALE RD btwn CLEOPATRA DR & SLACK RD (__3ZBOG3),__3ZBOG3,04 - At/near private drive,03 - P.D. only,05 - Turning movement,03 - Snow,01 - Daylight,03 - Loose snow,10 - No control,,2,0,0,0,,0,,,,,365961.0834,5021098.413,45.3271699,-75.71977429,2956
16--12291,2016/11/24,9:10 AM,CARLING AVE/STATION RD @ MARCH RD (0002681),2681,03 - At intersection,03 - P.D. only,05 - Turning movement,03 - Snow,01 - Daylight,03 - Loose snow,01 - Traffic signal,01 - Functioning,2,0,0,0,,0,,,,,350907.4792,5022246.541,45.33865138,-75.9116928,2957
16--12292,2016/11/24,9:13 AM,MERIVALE RD btwn OT/NE BOUNDARY & MERIVALE RD (__3ZA1DA),__3ZA1DA,01 - Non intersection,03 - P.D. only,03 - Rear end,03 - Snow,01 - Daylight,03 - Loose snow,10 - No control,,2,0,0,0,,0,,,,,365008.3196,5025241.871,45.36453457,-75.73142312,2958
16--12293,2016/11/24,9:15 AM,WEST HUNT CLUB RD @ WOODROFFE AVE (0000576),576,02 - Intersection related,03 - P.D. only,04 - Sideswipe,03 - Snow,01 - Daylight,04 - Slush,01 - Traffic signal,01 - Functioning,3,0,0,0,,0,,,,,363670.4715,5021246.269,45.32869617,-75.74897524,2959
16--12294,2016/11/24,9:22 AM,ST. LAURENT BLVD @ COVENTRY RD/OGILVIE RD (0002151),2151,02 - Intersection related,03 - P.D. only,03 - Rear end,03 - Snow,01 - Daylight,03 - Loose snow,01 - Traffic signal,01 - Functioning,2,0,0,0,,0,,,,,372306.5262,5031950.222,45.42422866,-75.63735151,2960
16--12295,2016/11/24,9:26 AM,BRONSON AVE @ CARLING AVE/GLEBE AVE (0002134),2134,02 - Intersection related,03 - P.D. only,04 - Sideswipe,03 - Snow,01 - Daylight,03 - Loose snow,01 - Traffic signal,01 - Functioning,2,0,0,0,,0,,,,,367447.7705,5029335.559,45.40115474,-75.6997663,2961
16--12296,2016/11/24,9:35 AM,HAZELDEAN RD @ HUNTMAR DR/IBER RD (0000075),75,02 - Intersection related,03 - P.D. only,04 - Sideswipe,03 - Snow,01 - Daylight,03 - Loose snow,01 - Traffic signal,01 - Functioning,2,0,0,0,,0,,,,,350941.3635,5016078.419,45.28314679,-75.91183483,2962
16--12297,2016/11/24,9:43 AM,RICHMOND RD @ ROBERTSON RD (0000639),639,02 - Intersection related,03 - P.D. only,03 - Rear end,03 - Snow,01 - Daylight,04 - Slush,01 - Traffic signal,01 - Functioning,2,0,0,0,,0,,,,,357577.6551,5020747.411,45.32469203,-75.82675023,2963
16--12298,2016/11/24,9:46 AM,REIS RD btwn CARP RD & TANSLEY DR (__3ZBOA3),__3ZBOA3,04 - At/near private drive,03 - P.D. only,07 - SMV other,03 - Snow,01 - Daylight,04 - Slush,10 - No control,,1,0,0,0,,0,,,,,345289.501,5018234.714,45.30289826,-75.9837001,2964
16--12299,2016/11/24,9:46 AM,CASTLEBROOK LANE @ CENTREPOINTE DR (0004575),4575,03 - At intersection,03 - P.D. only,02 - Angle,03 - Snow,01 - Daylight,03 - Loose snow,02 - Stop sign,01 - Functioning,2,0,0,0,,0,,,,,362658.464,5022631.275,45.34124254,-75.76172265,2965
16--123,2016/01/04,7:37 PM,BRIAN COBURN BLVD @ MER BLEUE RD (0014363),14363,02 - Intersection related,03 - P.D. only,03 - Rear end,01 - Clear,07 - Dark,01 - Dry,01 - Traffic signal,01 - Functioning,2,0,0,0,,0,,,,,383150.8189,5034441.164,45.44550953,-75.49839849,2966
16--1230,2016/01/26,8:00 AM,HIGHWAY 417 btwn HWY417 IC96 RAMP61 & HWY417 IC88 RAMP16 (__3ZA27Z),__3ZA27Z,01 - Non intersection,02 - Non-fatal injury,07 - SMV other,01 - Clear,01 - Daylight,02 - Wet,10 - No control,,1,0,0,0,03 - Major,1,,,1,,395324.6852,5022492.637,45.33654083,-75.34499491,2967
16--12300,2016/11/24,9:51 AM,WOODROFFE AVE btwn NAVAHO DR & Continuation of WOODROFFE AVE (__3ZBOCC),__3ZBOCC,01 - Non intersection,03 - P.D. only,03 - Rear end,03 - Snow,01 - Daylight,03 - Loose snow,10 - No control,,2,0,0,0,,0,,,,,362793.6111,5023338.344,45.34759354,-75.75991541,2968
16--12301,2016/11/24,9:52 AM,ANTARES DR btwn CAPELLA CRT & AURIGA DR (1) (__3ZA52F),__3ZA52F,01 - Non intersection,03 - P.D. only,01 - Approaching,03 - Snow,01 - Daylight,03 - Loose snow,10 - No control,,3,0,0,0,,0,,,,,366722.1955,5021632.158,45.33190572,-75.70999902,2969
16--12302,2016/11/24,9:54 PM,SHERBOURNE RD btwn FRASER AVE & BROMLEY RD (__3ZBOL8),__3ZBOL8,01 - Non intersection,03 - P.D. only,07 - SMV other,01 - Clear,07 - Dark,02 - Wet,10 - No control,,1,0,0,0,,0,,,,,362914.1517,5026604.557,45.37697261,-75.75799318,2970
16--12303,2016/11/24,9:59 PM,TUPPER AVE btwn JOLIFFE ST & RUSSELL RD (__3ZA75M),__3ZA75M,01 - Non intersection,03 - P.D. only,06 - SMV unattended vehicle,02 - Rain,07 - Dark,03 - Loose snow,10 - No control,,1,0,0,0,,0,,,,,374250.1103,5028739.021,45.39514562,-75.6129703,2971
16--12304,2016/11/25,10:10 PM,REGIONAL ROAD 174 btwn OLD MONTREAL RD & OLD MONTREAL RD (__3ZA27O),__3ZA27O,01 - Non intersection,03 - P.D. only,01 - Approaching,"07 - Fog, mist, smoke, dust",07 - Dark,02 - Wet,10 - No control,,2,0,0,0,,0,,,,,394418.6348,5042998.418,45.52114246,-75.35282137,2972
16--12305,2016/11/25,10:15 AM,UPPER DWYER HILL RD @ MCARTON RD (0011461),11461,03 - At intersection,03 - P.D. only,02 - Angle,01 - Clear,01 - Daylight,02 - Wet,02 - Stop sign,01 - Functioning,2,0,0,0,,0,,,,,340116.3898,5007541.218,45.20695149,-76.0504225,2973
16--12306,2016/11/25,10:40 AM,KANATA AVE @ HWY 417 CASTLEFR IC139R15 (0012626),12626,02 - Intersection related,03 - P.D. only,02 - Angle,01 - Clear,01 - Daylight,04 - Slush,01 - Traffic signal,01 - Functioning,2,0,0,0,,0,,,,,351714.8223,5019145.744,45.3106962,-75.90168587,2974
16--12307,2016/11/25,11:00 PM,STITT ST btwn JONATHAN PACK ST & ABBOTT ST W (__3ZACOJ),__3ZACOJ,01 - Non intersection,03 - P.D. only,06 - SMV unattended vehicle,01 - Clear,07 - Dark,02 - Wet,10 - No control,,1,0,0,0,,0,,,,,349558.9766,5013151.35,45.25689738,-75.92971909,2975
16--12308,2016/11/25,Unknown,CLERMONT CRES btwn AQUAVIEW DR & AQUAVIEW DR (__4V3I6K),__4V3I6K,01 - Non intersection,03 - P.D. only,06 - SMV unattended vehicle,03 - Snow,00 - Unknown,04 - Slush,10 - No control,,1,0,0,0,,0,,,,,385478.4817,5036049.58,45.45971575,-75.46838366,2976
16--12309,2016/11/25,Unknown,FALCON AVE btwn GREGG ST & BROOKFIELD RD (__3ZA0T2),__3ZA0T2,01 - Non intersection,03 - P.D. only,06 - SMV unattended vehicle,01 - Clear,00 - Unknown,02 - Wet,10 - No control,,1,0,0,0,,0,,,,,369636.7313,5026515.465,45.37558116,-75.6721789,2977
16--1231,2016/01/26,8:12 AM,BASELINE RD btwn 180 E OF CEDARVIEW RD & 180 E OF CEDARVIEW RD (__3ZA110A),__3ZA110A,01 - Non intersection,02 - Non-fatal injury,07 - SMV other,01 - Clear,01 - Daylight,02 - Wet,10 - No control,,1,0,0,0,02 - Minor,1,,1,,,359136.1336,5021685.21,45.33301148,-75.80676826,2978
16--12310,2016/11/25,12:41 PM,HUNTMAR DR @ PALLADIUM DR S (0011818),11818,03 - At intersection,03 - P.D. only,05 - Turning movement,01 - Clear,01 - Daylight,02 - Wet,01 - Traffic signal,01 - Functioning,2,0,0,0,,0,,,,,349675.3871,5017364.339,45.29479987,-75.92785512,2979
16--12311,2016/11/25,2:01 PM,CARLING AVE @ WOODROFFE AVE W (0011470),11470,02 - Intersection related,03 - P.D. only,04 - Sideswipe,01 - Clear,01 - Daylight,04 - Slush,01 - Traffic signal,01 - Functioning,2,0,0,0,,0,,,,,361767.4641,5025724.855,45.3691513,-75.77273446,2980
16--12312,2016/11/25,2:45 AM,FLEWELLYN RD btwn MUNSTER RD & CONLEY RD (__3ZACRD),__3ZACRD,01 - Non intersection,03 - P.D. only,07 - SMV other,01 - Clear,07 - Dark,02 - Wet,10 - No control,,1,0,0,0,,0,,,,,346166.2279,5006088.504,45.19355009,-75.97353168,2981
16--12313,2016/11/25,2:45 PM,RICHMOND RD btwn WINSTON AVE & CHURCHILL AVE N (__3ZA4OS),__3ZA4OS,01 - Non intersection,03 - P.D. only,04 - Sideswipe,01 - Clear,01 - Daylight,02 - Wet,10 - No control,,2,0,0,0,,0,,,,,363098.2499,5028203.285,45.39134244,-75.75545398,2982
16--12314,2016/11/25,3:28 PM,ORLEANS BLVD @ LONGLEAF DR N/SILVERBIRCH ST (0003694),3694,03 - At intersection,03 - P.D. only,02 - Angle,01 - Clear,01 - Daylight,03 - Loose snow,02 - Stop sign,01 - Functioning,2,0,0,0,,0,,,,,380738.9845,5034033.675,45.44210943,-75.52928865,2983
16--12315,2016/11/25,3:33 AM,CLAREY AVE btwn BANK ST & END (__3ZA913),__3ZA913,01 - Non intersection,03 - P.D. only,06 - SMV unattended vehicle,03 - Snow,"08 - Dark, artificial",03 - Loose snow,10 - No control,,1,0,0,0,,0,,,,,368560.3674,5029332.91,45.40103046,-75.68555627,2984
16--12316,2016/11/25,3:45 PM,EASTWOOD PL @ MCARTHUR AVE (0004081),4081,03 - At intersection,03 - P.D. only,02 - Angle,01 - Clear,01 - Daylight,02 - Wet,02 - Stop sign,01 - Functioning,2,0,0,0,,0,,,,,371052.4978,5032782.355,45.43183573,-75.65326269,2985
16--12317,2016/11/25,3:53 PM,LONG POINT CIRC btwn TUNDRA SWAN BAY & LARUE MILLS PL (__49P5HT),__49P5HT,01 - Non intersection,03 - P.D. only,06 - SMV unattended vehicle,01 - Clear,01 - Daylight,04 - Slush,10 - No control,,1,0,0,0,,0,,,,,375077.4818,5020392.538,45.31996513,-75.60359087,2986
16--12318,2016/11/25,4:25 PM,WALLER ST btwn NICHOLAS ST & STEWART ST (__3ZA3VL),__3ZA3VL,01 - Non intersection,03 - P.D. only,04 - Sideswipe,01 - Clear,05 - Dusk,01 - Dry,10 - No control,,2,0,0,0,,0,,,,,368372.7237,5032001.809,45.42506139,-75.68760865,2987
16--12319,2016/11/25,4:35 PM,LAFONTAINE AVE @ MCARTHUR AVE (0009806),9806,02 - Intersection related,03 - P.D. only,03 - Rear end,01 - Clear,05 - Dusk,02 - Wet,01 - Traffic signal,00 - Unknown,2,0,0,0,,0,,,,,370951.3686,5032771.16,45.43174457,-75.65455653,2988
16--1232,2016/01/26,8:27 AM,CARLING AVE btwn RICHARDSON SIDE RD & HERZBERG RD (__3ZBOBG),__3ZBOBG,01 - Non intersection,02 - Non-fatal injury,03 - Rear end,01 - Clear,01 - Daylight,02 - Wet,10 - No control,,3,0,0,0,01 - Minimal,1,1,,,,351979.8246,5022292.516,45.33899378,-75.8980066,2989
16--12320,2016/11/25,4:38 PM,BOUNDARY RD @ MITCH OWENS RD (0001708),1708,02 - Intersection related,02 - Non-fatal injury,03 - Rear end,"07 - Fog, mist, smoke, dust",05 - Dusk,02 - Wet,02 - Stop sign,01 - Functioning,2,0,0,0,02 - Minor,2,1,1,,,388066.6603,5022162.055,45.3344654,-75.43763902,2990
16--12321,2016/11/25,4:40 PM,KANATA AVE @ EARL GREY DR (0012608),12608,03 - At intersection,03 - P.D. only,05 - Turning movement,02 - Rain,05 - Dusk,02 - Wet,01 - Traffic signal,01 - Functioning,2,0,0,0,,0,,,,,350951.5347,5019284.436,45.31199476,-75.91140679,2991
16--12322,2016/11/25,4:42 PM,DEAKIN ST @ PRINCE OF WALES DR (0001073),1073,02 - Intersection related,03 - P.D. only,03 - Rear end,"07 - Fog, mist, smoke, dust",05 - Dusk,02 - Wet,01 - Traffic signal,00 - Unknown,2,0,0,0,,0,,,,,367391.5393,5021521.417,45.33084992,-75.70147439,2992
16--12323,2016/11/25,5:20 AM,BANK ST @ LEITRIM RD (0004125),4125,02 - Intersection related,03 - P.D. only,07 - SMV other,01 - Clear,07 - Dark,01 - Dry,01 - Traffic signal,00 - Unknown,1,0,0,0,,0,,,,,375357.7542,5021620.739,45.33098788,-75.59984135,2993
16--12324,2016/11/25,5:23 PM,BYRON AVE @ TWEEDSMUIR AVE (0006667),6667,03 - At intersection,03 - P.D. only,02 - Angle,02 - Rain,07 - Dark,02 - Wet,02 - Stop sign,01 - Functioning,3,0,0,0,,0,,,,,363592.4706,5028304.333,45.39221034,-75.74913063,2994
16--12325,2016/11/25,5:30 PM,CARLING AVE @ WYLIE AVE (0002394),2394,02 - Intersection related,03 - P.D. only,03 - Rear end,02 - Rain,07 - Dark,02 - Wet,02 - Stop sign,01 - Functioning,2,0,0,0,,0,,,,,359140.1948,5024076.794,45.35453069,-75.80645373,2995
16--12326,2016/11/25,5:40 PM,ELGIN ST NB @ WELLINGTON ST/RIDEAU ST (0011369),11369,02 - Intersection related,03 - P.D. only,03 - Rear end,01 - Clear,07 - Dark,02 - Wet,01 - Traffic signal,01 - Functioning,3,0,0,0,,0,,,,,367802.8309,5031964.629,45.42477842,-75.6948953,2996
16--12327,2016/11/25,5:50 PM,OWL VALLEY DR btwn Continuation of OWL VALLEY DR & Continuation of OWL (__3ZA1JD),__3ZA1JD,04 - At/near private drive,03 - P.D. only,06 - SMV unattended vehicle,01 - Clear,07 - Dark,04 - Slush,10 - No control,,1,0,0,0,,0,,,,,368498.7346,5015805.383,45.27931835,-75.68808506,2997
16--12328,2016/11/25,6:15 PM,FELICITY CRES btwn SADDLERIDGE DR & FOUNTAINHEAD DR (__67PTJ2),__67PTJ2,01 - Non intersection,03 - P.D. only,07 - SMV other,"07 - Fog, mist, smoke, dust",07 - Dark,02 - Wet,10 - No control,,1,0,0,0,,0,,,,,381856.5668,5032107.591,45.42465776,-75.51530639,2998
16--12329,2016/11/25,6:29 PM,BRONSON AVE @ CARLING AVE/GLEBE AVE (0002134),2134,02 - Intersection related,03 - P.D. only,03 - Rear end,01 - Clear,07 - Dark,01 - Dry,01 - Traffic signal,01 - Functioning,2,0,0,0,,0,,,,,367449.3633,5029335.148,45.4011509,-75.699746,2999
16--1233,2016/01/26,8:45 AM,CARLING AVE @ CONNAUGHT AVE (0002143),2143,02 - Intersection related,03 - P.D. only,03 - Rear end,01 - Clear,01 - Daylight,02 - Wet,01 - Traffic signal,01 - Functioning,2,0,0,0,,0,,,,,360770.8957,5025117.295,45.3637648,-75.7855248,3000