Anom_ID,Accident_Date,Accident_Time,Location,Geo_ID,Accident_Location,Classification_of_Accident,Initial_Impact_Type,Environment_Condition,Light,Road_Surface_Condition,Traffic_Control,Traffic_Control_Condition,No__of_Vehicles,No__of_Bicycles,No__of_Motorcycles,No__of_Pedestrians,Max_Injury,No__of_Injuries,No__of_Minimal,No__of_Minor,No__of_Major,No__of_Fatal,X,Y,Latitude,Longitude,ObjectId
16--13050,2016/12/12,10:05 AM,HIGHWAY 417 btwn HWY417 IC115 RAMP61 & REGIONAL ROAD 174 (__3ZA2XG),__3ZA2XG,01 - Non intersection,03 - P.D. only,03 - Rear end,03 - Snow,01 - Daylight,03 - Loose snow,10 - No control,,2,0,0,0,,0,,,,,373216.3276,5031697.684,45.42186806,-75.62576181,3001
16--13051,2016/12/12,10:13 AM,RIVERDALE AVE btwn ECHO DR & GLENVIEW AVE (__3ZA9MY),__3ZA9MY,01 - Non intersection,02 - Non-fatal injury,03 - Rear end,03 - Snow,01 - Daylight,05 - Packed snow,10 - No control,,2,0,0,0,01 - Minimal,1,1,,,,369300.443,5029374.167,45.40133388,-75.67609849,3002
16--13052,2016/12/12,11:18 AM,PAUL ANKA DR btwn UPLANDS DR & SAMPLE RD (__3ZA9BL),__3ZA9BL,04 - At/near private drive,03 - P.D. only,02 - Angle,03 - Snow,01 - Daylight,03 - Loose snow,10 - No control,,2,0,0,0,,0,,,,,369421.6867,5023419.963,45.34774857,-75.67532902,3003
16--13053,2016/12/12,11:45 AM,BOTELER ST @ SUSSEX DR (0011436),11436,03 - At intersection,03 - P.D. only,05 - Turning movement,03 - Snow,01 - Daylight,04 - Slush,01 - Traffic signal,01 - Functioning,2,0,0,0,,0,,,,,367451.092,5032951.312,45.43368786,-75.69926416,3004
16--13054,2016/12/12,Unknown,SHADETREE CRES btwn FOUR SEASONS DR & FOUR SEASONS DR (__3ZA0AG),__3ZA0AG,01 - Non intersection,03 - P.D. only,06 - SMV unattended vehicle,01 - Clear,00 - Unknown,01 - Dry,10 - No control,,1,0,0,0,,0,,,,,366519.9645,5024058.737,45.35375749,-75.71227608,3005
16--13055,2016/12/12,12:15 AM,HWY417 IC118 RAMP67 btwn HWY417 IC118 RAMP64 & HIGHWAY 417 (__3ZAY9L),__3ZAY9L,01 - Non intersection,03 - P.D. only,07 - SMV other,03 - Snow,00 - Unknown,03 - Loose snow,10 - No control,,1,0,0,0,,0,,,,,369706.7895,5031161.639,45.41737935,-75.67067319,3006
16--13056,2016/12/12,2:00 PM,HIGHWAY 417 btwn HWY417 IC117 RAMP25 & HWY417 IC115 RAMP51 (__3ZA2R3),__3ZA2R3,01 - Non intersection,03 - P.D. only,07 - SMV other,03 - Snow,01 - Daylight,02 - Wet,10 - No control,,1,0,0,0,,0,,,,,371557.7201,5031398.995,45.41934082,-75.64699393,3007
16--13057,2016/12/12,2:03 PM,BANK ST @ SOMERSET ST (0010858),10858,02 - Intersection related,03 - P.D. only,04 - Sideswipe,03 - Snow,01 - Daylight,04 - Slush,01 - Traffic signal,01 - Functioning,2,0,0,0,,0,,,,,367694.4834,5030915.784,45.415351,-75.69641361,3008
16--13058,2016/12/12,2:16 PM,KANATA AVE @ TERRY FOX DR (0012691),12691,02 - Intersection related,03 - P.D. only,07 - SMV other,03 - Snow,01 - Daylight,03 - Loose snow,01 - Traffic signal,01 - Functioning,1,0,0,0,,0,,,,,349305.8675,5019211.999,45.31144918,-75.93240025,3009
16--13059,2016/12/12,2:20 PM,BANK ST @ WILTON CRES (0007712),7712,02 - Intersection related,03 - P.D. only,03 - Rear end,05 - Drifting Snow,01 - Daylight,05 - Packed snow,02 - Stop sign,01 - Functioning,2,0,0,0,,0,,,,,368577.7102,5028966.96,45.39773618,-75.68538208,3010
16--1306,2016/01/28,6:30 AM,BAYSHORE DR @ RICHMOND RD (0010407),10407,03 - At intersection,03 - P.D. only,04 - Sideswipe,01 - Clear,07 - Dark,01 - Dry,01 - Traffic signal,01 - Functioning,2,0,0,0,,0,,,,,359372.0266,5023369.185,45.34814561,-75.80357317,3011
16--13060,2016/12/12,2:57 PM,FERNSIDE ST @ LOOSESTRIFE WAY (0014444),14444,02 - Intersection related,03 - P.D. only,06 - SMV unattended vehicle,03 - Snow,01 - Daylight,03 - Loose snow,02 - Stop sign,01 - Functioning,1,0,0,0,,0,,,,,376052.614,5021266.989,45.32773478,-75.59102852,3012
16--13061,2016/12/12,3:16 PM,LEES AVE @ KING EDWARD AVE/MANN AVE (0011413),11413,02 - Intersection related,03 - P.D. only,03 - Rear end,03 - Snow,01 - Daylight,03 - Loose snow,01 - Traffic signal,01 - Functioning,2,0,0,0,,0,,,,,369178.7989,5031334.329,45.41898193,-75.67739616,3013
16--13062,2016/12/12,3:21 PM,WALKLEY RD @ DON REID DR/RYDER ST (0008218),8218,03 - At intersection,02 - Non-fatal injury,02 - Angle,03 - Snow,01 - Daylight,03 - Loose snow,01 - Traffic signal,01 - Functioning,2,0,0,0,01 - Minimal,1,1,,,,372603.3832,5027285.786,45.38223141,-75.63419982,3014
16--13063,2016/12/12,3:46 PM,ROYDON PL btwn WOODFIELD DR & WEST HUNT CLUB RD (__3ZAYGP),__3ZAYGP,04 - At/near private drive,03 - P.D. only,02 - Angle,03 - Snow,01 - Daylight,03 - Loose snow,10 - No control,,2,0,0,0,,0,,,,,365765.3463,5022384.128,45.33875563,-75.72211269,3015
16--13064,2016/12/12,3:55 PM,DONLAND AVE btwn PARKER AVE & VIEWMOUNT DR (__3ZA0GH),__3ZA0GH,01 - Non intersection,03 - P.D. only,01 - Approaching,03 - Snow,01 - Daylight,03 - Loose snow,10 - No control,,2,0,0,0,,0,,,,,363821.5834,5022635.364,45.34118244,-75.74688197,3016
16--13065,2016/12/12,4:12 PM,CLEARVIEW AVE @ ISLAND PARK DR (0006144),6144,02 - Intersection related,03 - P.D. only,03 - Rear end,01 - Clear,05 - Dusk,02 - Wet,02 - Stop sign,00 - Unknown,2,0,0,0,,0,,,,,363547.0937,5029365.039,45.40175819,-75.74958379,3017
16--13066,2016/12/12,4:13 PM,NORTH RIVER RD btwn COLUMBUS AVE & GLYNN AVE (__3ZA8H9),__3ZA8H9,01 - Non intersection,02 - Non-fatal injury,07 - SMV other,03 - Snow,05 - Dusk,04 - Slush,10 - No control,,1,0,0,1,02 - Minor,1,,1,,,370010.2183,5032108.809,45.4258734,-75.66667126,3018
16--13067,2016/12/12,4:14 PM,MONTREAL RD @ BETHAMY LANE/FOXBOROUGH PRIV (0012433),12433,03 - At intersection,03 - P.D. only,03 - Rear end,03 - Snow,05 - Dusk,05 - Packed snow,01 - Traffic signal,01 - Functioning,2,0,0,0,,0,,,,,375320.8974,5034346.818,45.44549446,-75.59849303,3019
16--13068,2016/12/12,4:35 PM,ST. JOSEPH BLVD @ ST. PIERRE ST (0004140),4140,03 - At intersection,03 - P.D. only,05 - Turning movement,03 - Snow,05 - Dusk,04 - Slush,02 - Stop sign,01 - Functioning,2,0,0,0,,0,,,,,381375.0857,5037514.811,45.47336047,-75.52061659,3020
16--13069,2016/12/12,4:40 PM,TERRY FOX DR btwn 329 N OF CAMPEAU DR/SIGNATURE CENTRE & CAMPEAU DR (__49GU9G),__49GU9G,04 - At/near private drive,03 - P.D. only,05 - Turning movement,02 - Rain,05 - Dusk,04 - Slush,10 - No control,,2,0,0,0,,0,,,,,350157.2472,5019035.263,45.30980439,-75.92155902,3021
16--1307,2016/01/28,6:52 AM,NAVAN RD @ TRIM RD (0004075),4075,03 - At intersection,03 - P.D. only,02 - Angle,01 - Clear,07 - Dark,01 - Dry,02 - Stop sign,01 - Functioning,2,0,0,0,,0,,,,,388560.0187,5032374.428,45.42628795,-75.4296131,3022
16--13070,2016/12/12,4:46 PM,ROCKDALE RD @ RUSSELL RD (0004677),4677,02 - Intersection related,03 - P.D. only,01 - Approaching,03 - Snow,05 - Dusk,05 - Packed snow,02 - Stop sign,00 - Unknown,2,0,0,0,,0,,,,,393761.5175,5026972.888,45.37704909,-75.36412915,3023
16--13071,2016/12/12,5:05 PM,BRONSON AVE @ CARLING AVE/GLEBE AVE (0002134),2134,02 - Intersection related,03 - P.D. only,04 - Sideswipe,03 - Snow,07 - Dark,02 - Wet,01 - Traffic signal,01 - Functioning,2,0,0,0,,0,,,,,367447.4875,5029334.903,45.40114887,-75.69976999,3024
16--13072,2016/12/12,5:24 PM,RIVER RD btwn LORNE BRIDGE RD & ROGER STEVENS DR (__3ZA2LX),__3ZA2LX,01 - Non intersection,03 - P.D. only,07 - SMV other,03 - Snow,07 - Dark,04 - Slush,10 - No control,,1,0,0,0,,0,,,,,372885.3541,5001803.025,45.15291606,-75.63409307,3025
16--13073,2016/12/12,5:32 PM,PRINCE OF WALES DR btwn GREENBANK RD & BARNSDALE RD (__3ZA296),__3ZA296,01 - Non intersection,03 - P.D. only,04 - Sideswipe,03 - Snow,07 - Dark,04 - Slush,10 - No control,,2,0,0,0,,0,,,,,366201.9592,5009749.049,45.22502788,-75.71810552,3026
16--13074,2016/12/12,5:59 AM,BLAIR RD @ INNES RD (0004165),4165,02 - Intersection related,02 - Non-fatal injury,03 - Rear end,03 - Snow,07 - Dark,03 - Loose snow,01 - Traffic signal,01 - Functioning,3,0,0,0,02 - Minor,1,,1,,,375577.0786,5031439.969,45.41931443,-75.59563638,3027
16--13075,2016/12/12,6:03 AM,KEYROCK DR btwn BRUNSKILL WAY & FLETCHER CIRC (__54M2NR),__54M2NR,01 - Non intersection,02 - Non-fatal injury,07 - SMV other,03 - Snow,07 - Dark,03 - Loose snow,10 - No control,,1,0,0,1,02 - Minor,1,,1,,,349570.7397,5020246.399,45.32074016,-75.92892892,3028
16--13076,2016/12/12,6:27 PM,CARLING AVE @ MELWOOD AVE (0002762),2762,02 - Intersection related,03 - P.D. only,07 - SMV other,03 - Snow,07 - Dark,05 - Packed snow,02 - Stop sign,01 - Functioning,1,0,0,0,,0,,,,,362513.6945,5026199.771,45.37336349,-75.76315313,3029
16--13077,2016/12/12,6:41 AM,RENAUD RD btwn Continuation of RENAUD RD & PERCIFOR WAY (__54PNN5),__54PNN5,01 - Non intersection,03 - P.D. only,07 - SMV other,03 - Snow,07 - Dark,05 - Packed snow,10 - No control,,1,0,0,0,,0,,,,,380903.0099,5032169.649,45.4253205,-75.52748038,3030
16--13078,2016/12/12,6:44 PM,GREENBANK RD btwn WEST HUNT CLUB RD & FALLOWFIELD RD (__3ZA1NE),__3ZA1NE,01 - Non intersection,02 - Non-fatal injury,01 - Approaching,03 - Snow,07 - Dark,05 - Packed snow,10 - No control,,2,0,0,0,02 - Minor,2,,2,,,362683.9423,5017656.197,45.29647482,-75.76197897,3031
16--13079,2016/12/12,6:46 AM,JINKINSON RD btwn FERNBANK RD & HAZELDEAN RD (__7JQ7K3),__7JQ7K3,04 - At/near private drive,02 - Non-fatal injury,02 - Angle,03 - Snow,07 - Dark,03 - Loose snow,10 - No control,,2,0,0,0,01 - Minimal,1,1,,,,345374.6985,5009390.918,45.22331295,-75.9833361,3032
16--1308,2016/01/28,7:09 PM,CONROY RD @ HUNT CLUB RD (0002257),2257,02 - Intersection related,03 - P.D. only,03 - Rear end,01 - Clear,07 - Dark,02 - Wet,01 - Traffic signal,01 - Functioning,2,0,0,0,,0,,,,,373764.3986,5025404.303,45.3651893,-75.61963895,3033
16--13080,2016/12/12,6:49 PM,AGES DR @ HAWTHORNE RD (0006397),6397,03 - At intersection,03 - P.D. only,02 - Angle,03 - Snow,07 - Dark,02 - Wet,01 - Traffic signal,01 - Functioning,2,0,0,0,,0,,,,,374970.913,5027715.465,45.38586431,-75.60391075,3034
16--13081,2016/12/12,7:00 AM,HWY417 IC144 RAMP25 btwn CARP RD & HIGHWAY 417 (__3ZAY7G),__3ZAY7G,01 - Non intersection,02 - Non-fatal injury,03 - Rear end,03 - Snow,07 - Dark,03 - Loose snow,10 - No control,,2,0,0,0,01 - Minimal,1,1,,,,347626.7642,5015983.872,45.28250578,-75.95409227,3035
16--13082,2016/12/12,7:21 AM,ROBERTSON RD btwn HAZELDEAN RD & HAANEL DR (__3ZA41S),__3ZA41S,01 - Non intersection,03 - P.D. only,07 - SMV other,03 - Snow,03 - Dawn,05 - Packed snow,10 - No control,,1,0,0,0,,0,,,,,354971.4161,5019192.122,45.31088841,-75.8601517,3036
16--13083,2016/12/12,7:25 PM,HIGHWAY 417 btwn HWY417 IC112 RAMP65 & HWY417 IC112 RAMP55 (__3ZA281),__3ZA281,01 - Non intersection,03 - P.D. only,04 - Sideswipe,03 - Snow,07 - Dark,02 - Wet,10 - No control,,2,0,0,0,,0,,,,,374440.8369,5030826.976,45.41391306,-75.61023971,3037
16--13084,2016/12/12,7:30 AM,RICHMOND RD btwn ROBERTSON RD & STINSON AVE (__3ZA4YR),__3ZA4YR,04 - At/near private drive,03 - P.D. only,02 - Angle,03 - Snow,03 - Dawn,03 - Loose snow,10 - No control,,2,0,0,0,,0,,,,,357839.2286,5020910.097,45.32613617,-75.82339632,3038
16--13085,2016/12/12,7:39 AM,SLACK RD @ WOODROFFE AVE (0000102),102,02 - Intersection related,03 - P.D. only,03 - Rear end,03 - Snow,03 - Dawn,03 - Loose snow,01 - Traffic signal,01 - Functioning,2,0,0,0,,0,,,,,364232.8553,5019974.892,45.31720901,-75.74195398,3039
16--13086,2016/12/12,7:40 AM,ROCKCLIFFE PKWY btwn Continuation of ROCKCLIFFE PKWY & GL/OT BOUNDARY (__3ZA13Y),__3ZA13Y,01 - Non intersection,03 - P.D. only,07 - SMV other,01 - Clear,03 - Dawn,00 - Unknown,10 - No control,,1,0,0,0,,0,,,,,372599.7234,5035848.994,45.45927949,-75.63306813,3040
16--13087,2016/12/12,8:11 AM,RUSSELL RD btwn WAY ST & BOUNDARY RD (__3ZA3YD),__3ZA3YD,04 - At/near private drive,03 - P.D. only,02 - Angle,03 - Snow,01 - Daylight,03 - Loose snow,10 - No control,,2,0,0,0,,0,,,,,386391.1199,5026080.715,45.36991911,-75.45836627,3041
16--13088,2016/12/12,8:22 AM,GARFIELD AVE @ MAITLAND AVE (0002031),2031,02 - Intersection related,02 - Non-fatal injury,03 - Rear end,03 - Snow,01 - Daylight,03 - Loose snow,01 - Traffic signal,01 - Functioning,2,0,0,0,01 - Minimal,1,1,,,,363343.52,5025562.114,45.3675571,-75.75263499,3042
16--13089,2016/12/12,8:22 PM,LOCHABER AVE btwn DUCHESS AVE & KIRCHOFFER AVE (__3ZA0KU),__3ZA0KU,04 - At/near private drive,03 - P.D. only,06 - SMV unattended vehicle,03 - Snow,07 - Dark,03 - Loose snow,10 - No control,,1,0,0,0,,0,,,,,362757.5137,5028484.031,45.39389683,-75.75977229,3043
16--1309,2016/01/28,7:27 AM,WEST HUNT CLUB RD @ WOODROFFE AVE (0000576),576,02 - Intersection related,02 - Non-fatal injury,03 - Rear end,01 - Clear,03 - Dawn,01 - Dry,01 - Traffic signal,01 - Functioning,2,0,0,0,01 - Minimal,1,1,,,,363669.8597,5021246.354,45.32869698,-75.74898303,3044
16--13090,2016/12/12,8:40 AM,CONROY RD btwn CONROY RD & ROSEBELLA AVE (__3ZA3S2),__3ZA3S2,01 - Non intersection,03 - P.D. only,01 - Approaching,03 - Snow,01 - Daylight,05 - Packed snow,10 - No control,,2,0,0,0,,0,,,,,373864.0255,5025178.283,45.36314586,-75.61839891,3045
16--13091,2016/12/12,8:47 PM,BANK ST SB btwn 80 S OF HUNT CLUB RD & 112 N OF ALBION RD (__3ZA3HHB),__3ZA3HHB,01 - Non intersection,03 - P.D. only,07 - SMV other,03 - Snow,07 - Dark,04 - Slush,10 - No control,,1,0,0,0,,0,,,,,371708.9435,5024097.748,45.35363259,-75.64605164,3046
16--13092,2016/12/12,9:12 AM,KILBORN AVE btwn OLD LILAC LANE & CROCUS AVE (__3ZA9SJ),__3ZA9SJ,01 - Non intersection,03 - P.D. only,06 - SMV unattended vehicle,05 - Drifting Snow,01 - Daylight,03 - Loose snow,10 - No control,,1,0,0,0,,0,,,,,370254.9545,5027738.296,45.38652631,-75.66412428,3047
16--13093,2016/12/12,9:24 AM,CRAIGHURST DR btwn ROGER STEVENS DR & END (__3ZAAY0),__3ZAAY0,04 - At/near private drive,03 - P.D. only,02 - Angle,03 - Snow,01 - Daylight,03 - Loose snow,10 - No control,,2,0,0,0,,0,,,,,365771.6698,4999237.101,45.1304775,-75.72486878,3048
16--13094,2016/12/12,9:31 AM,ROBERTSON RD btwn FITZGERALD RD & MOODIE DR (__3ZA411),__3ZA411,04 - At/near private drive,03 - P.D. only,02 - Angle,03 - Snow,01 - Daylight,03 - Loose snow,10 - No control,,2,0,0,0,,0,,,,,356980.4037,5020405.656,45.32166153,-75.83440447,3049
16--13095,2016/12/12,9:55 PM,WEST HUNT CLUB RD @ ROYDON PL/SUNDERLAND ST (0009775),9775,03 - At intersection,02 - Non-fatal injury,05 - Turning movement,03 - Snow,07 - Dark,03 - Loose snow,01 - Traffic signal,01 - Functioning,2,0,0,0,02 - Minor,2,,2,,,365971.9048,5022168.408,45.33679663,-75.71950402,3050
16--13096,2016/12/13,1:17 PM,SONESTA CIRC btwn Continuation of SONESTA CIRC & Continuation of SONES (__67PTQH),__67PTQH,01 - Non intersection,03 - P.D. only,06 - SMV unattended vehicle,01 - Clear,01 - Daylight,03 - Loose snow,10 - No control,,1,0,0,0,,0,,,,,350220.3857,5016386.979,45.28597027,-75.92099643,3051
16--13097,2016/12/13,1:18 PM,COLONNADE RD @ PRINCE OF WALES DR (0005249),5249,03 - At intersection,03 - P.D. only,03 - Rear end,01 - Clear,01 - Daylight,01 - Dry,01 - Traffic signal,01 - Functioning,2,0,0,0,,0,,,,,367393.8834,5023268.586,45.34657041,-75.70122346,3052
16--13098,2016/12/13,1:47 PM,INNES RD btwn HWY417 IC112 RAMP66 & CYRVILLE RD (__3ZA3RCB),__3ZA3RCB,01 - Non intersection,03 - P.D. only,04 - Sideswipe,01 - Clear,01 - Daylight,02 - Wet,10 - No control,,2,0,0,0,,0,,,,,374998.5304,5031091.13,45.41623405,-75.60307764,3053
16--13099,2016/12/13,1:56 AM,CARLING AVE WB @ SAIGON CRT (0002102),2102,02 - Intersection related,03 - P.D. only,07 - SMV other,03 - Snow,07 - Dark,04 - Slush,01 - Traffic signal,00 - Unknown,1,0,0,0,,0,,,,,364064.4427,5027196.395,45.38220152,-75.74323639,3054
16--131,2016/01/05,1:48 PM,WOODROFFE AVE btwn HWY417 IC127 RAMP53 & IRIS ST (__3ZA4L2),__3ZA4L2,01 - Non intersection,03 - P.D. only,04 - Sideswipe,01 - Clear,01 - Daylight,01 - Dry,10 - No control,,2,0,0,0,,0,,,,,362212.8985,5024608.499,45.35907008,-75.76717807,3055
16--1310,2016/01/28,8:31 AM,ISLAND PARK DR @ MERIVALE RD (0002103),2103,02 - Intersection related,03 - P.D. only,03 - Rear end,01 - Clear,01 - Daylight,02 - Wet,01 - Traffic signal,01 - Functioning,2,0,0,0,,0,,,,,364653.9239,5028022.887,45.38958802,-75.73560959,3056
16--13100,2016/12/13,10:02 AM,UPPER DWYER HILL RD btwn OLD ALMONTE RD & HAMILTON SIDE RD (__3ZBOB3),__3ZBOB3,01 - Non intersection,03 - P.D. only,07 - SMV other,01 - Clear,01 - Daylight,02 - Wet,10 - No control,,1,0,0,0,,0,,,,,336955.0331,5011081.88,45.23896397,-76.09043677,3057
16--13101,2016/12/13,10:27 AM,BASELINE RD @ WOODROFFE AVE (0002225),2225,02 - Intersection related,03 - P.D. only,03 - Rear end,01 - Clear,01 - Daylight,02 - Wet,01 - Traffic signal,01 - Functioning,2,0,0,0,,0,,,,,362550.5184,5023770.919,45.35150587,-75.76296686,3058
16--13102,2016/12/13,10:43 AM,KLONDIKE RD @ MARCH RD (0003096),3096,03 - At intersection,03 - P.D. only,03 - Rear end,03 - Snow,01 - Daylight,06 - Ice,01 - Traffic signal,01 - Functioning,2,0,0,0,,0,,,,,349262.1428,5024062.035,45.35509382,-75.93252216,3059
16--13103,2016/12/13,10:45 AM,TENTH LINE RD @ CHARLEMAGNE BLVD N/TOMPKINS AV (0009222),9222,02 - Intersection related,02 - Non-fatal injury,03 - Rear end,03 - Snow,01 - Daylight,03 - Loose snow,01 - Traffic signal,01 - Functioning,2,0,0,0,02 - Minor,1,,1,,,383187.9951,5037977.882,45.47732562,-75.49735941,3060
16--13104,2016/12/13,10:55 PM,CHAPEL ST @ DALY AVE (0007824),7824,03 - At intersection,03 - P.D. only,02 - Angle,01 - Clear,07 - Dark,06 - Ice,02 - Stop sign,01 - Functioning,2,0,0,0,,0,,,,,368969.2232,5032504.356,45.42952865,-75.67992133,3061
16--13105,2016/12/13,11:05 AM,MERIVALE RD @ WOODFIELD DR/ROYDON PL (0009776),9776,02 - Intersection related,03 - P.D. only,03 - Rear end,01 - Clear,01 - Daylight,03 - Loose snow,01 - Traffic signal,01 - Functioning,2,0,0,0,,0,,,,,365461.8729,5022298.085,45.33800773,-75.72599505,3062
16--13106,2016/12/13,11:19 PM,BASELINE RD @ MERIVALE RD (0002342),2342,03 - At intersection,03 - P.D. only,05 - Turning movement,01 - Clear,07 - Dark,02 - Wet,01 - Traffic signal,01 - Functioning,2,0,0,0,,0,,,,,365054.4769,5025325.734,45.36528519,-75.73082373,3063
16--13107,2016/12/13,11:54 PM,BESSERER ST @ WALLER ST (0008859),8859,03 - At intersection,03 - P.D. only,04 - Sideswipe,01 - Clear,07 - Dark,04 - Slush,01 - Traffic signal,01 - Functioning,2,0,0,0,,0,,,,,368316.1528,5032191.319,45.42677167,-75.68830706,3064
16--13108,2016/12/13,Unknown,ROB ROY AVE btwn CRESTHILL ST & END (__3ZBOA0),__3ZBOA0,01 - Non intersection,03 - P.D. only,06 - SMV unattended vehicle,03 - Snow,00 - Unknown,03 - Loose snow,10 - No control,,1,0,0,0,,0,,,,,360295.0014,5024581.125,45.3589782,-75.79165939,3065
16--13109,2016/12/13,Unknown,BRIARFIELD CRES btwn DEANCOURT CRES & DEANCOURT CRES (__3ZA18K),__3ZA18K,01 - Non intersection,03 - P.D. only,06 - SMV unattended vehicle,01 - Clear,00 - Unknown,02 - Wet,10 - No control,,1,0,0,0,,0,,,,,383802.2159,5038165.237,45.47894204,-75.48947416,3066
16--1311,2016/01/28,8:58 AM,TENTH LINE RD @ CHARLEMAGNE BLVD N/TOMPKINS AV (0009222),9222,02 - Intersection related,03 - P.D. only,03 - Rear end,01 - Clear,01 - Daylight,01 - Dry,01 - Traffic signal,01 - Functioning,2,0,0,0,,0,,,,,383183.2713,5037977.662,45.47732417,-75.49741986,3067
16--13110,2016/12/13,Unknown,LANDRY ST btwn ST. CHARLES ST & ST. AMBROISE ST (__3ZA8VA),__3ZA8VA,01 - Non intersection,03 - P.D. only,06 - SMV unattended vehicle,01 - Clear,00 - Unknown,01 - Dry,10 - No control,,1,0,0,0,,0,,,,,369833.7994,5033533.647,45.43870993,-75.6687373,3068
16--13111,2016/12/13,12:15 PM,RICHMOND RD @ WINONA AVE (0006990),6990,02 - Intersection related,03 - P.D. only,04 - Sideswipe,01 - Clear,01 - Daylight,01 - Dry,02 - Stop sign,00 - Unknown,2,0,0,0,,0,,,,,363295.474,5028339.633,45.39255283,-75.75291922,3069
16--13112,2016/12/13,12:49 PM,ALBION RD btwn BANK ST & DES MESANGES DR (__3ZBORZ),__3ZBORZ,04 - At/near private drive,03 - P.D. only,05 - Turning movement,01 - Clear,01 - Daylight,02 - Wet,10 - No control,,2,0,0,0,,0,,,,,371948.8624,5024122.062,45.35382842,-75.64298663,3070
16--13113,2016/12/13,2:30 PM,KATIMAVIK RD @ CHIMO DR E/HEARST WAY (0003437),3437,02 - Intersection related,03 - P.D. only,03 - Rear end,01 - Clear,01 - Daylight,02 - Wet,01 - Traffic signal,01 - Functioning,2,0,0,0,,0,,,,,352961.2782,5019609.229,45.31478236,-75.88574542,3071
16--13114,2016/12/13,2:48 PM,ELGIN ST @ FRANK ST (0007287),7287,02 - Intersection related,03 - P.D. only,03 - Rear end,01 - Clear,01 - Daylight,01 - Dry,02 - Stop sign,01 - Functioning,2,0,0,0,,0,,,,,368356.8829,5030888.158,45.41504258,-75.68795472,3072
16--13115,2016/12/13,3:00 PM,CAMBRIAN RD btwn REGATTA AVE & GREENBANK RD (__3ZA1YL),__3ZA1YL,01 - Non intersection,03 - P.D. only,05 - Turning movement,01 - Clear,01 - Daylight,02 - Wet,10 - No control,,2,0,0,0,,0,,,,,364573.028,5012736.967,45.25205344,-75.73848746,3073
16--13116,2016/12/13,3:03 PM,KING EDWARD AVE NB btwn YORK ST & RIDEAU ST (__3ZA1ZH),__3ZA1ZH,01 - Non intersection,02 - Non-fatal injury,07 - SMV other,01 - Clear,01 - Daylight,02 - Wet,10 - No control,,1,0,0,1,03 - Major,1,,,1,,368510.0509,5032439.676,45.42898867,-75.6857973,3074
16--13117,2016/12/13,3:07 PM,KELLY FARM DR btwn CRESTON VALLEY WAY & BRADWELL WAY (__51MY88),__51MY88,04 - At/near private drive,03 - P.D. only,06 - SMV unattended vehicle,03 - Snow,01 - Daylight,03 - Loose snow,10 - No control,,1,0,0,0,,0,,,,,374981.991,5020202.063,45.31826086,-75.60483572,3075
16--13118,2016/12/13,3:15 AM,HIGHWAY 416 btwn HWY416 IC42 RAMP34 & HWY416 IC42 RAMP43 (__3ZA1NA),__3ZA1NA,01 - Non intersection,03 - P.D. only,07 - SMV other,01 - Clear,07 - Dark,02 - Wet,10 - No control,,1,0,0,0,,0,,,,,371457.7561,4995147.066,45.09316164,-75.65313378,3076
16--13119,2016/12/13,3:45 AM,HIGHWAY 417 btwn HWY417 IC126 RAMP25 & HWY417 IC124 RAMP57 (__3ZA2R5),__3ZA2R5,01 - Non intersection,03 - P.D. only,07 - SMV other,01 - Clear,07 - Dark,02 - Wet,10 - No control,,1,0,0,0,,0,,,,,363678.731,5026520.583,45.37615319,-75.74824181,3077
16--1312,2016/01/29,10:17 AM,DUNROBIN RD btwn KINBURN SIDE RD & VANCES SIDE RD (__3ZA3FG),__3ZA3FG,01 - Non intersection,03 - P.D. only,07 - SMV other,05 - Drifting Snow,01 - Daylight,05 - Packed snow,10 - No control,,1,0,0,0,,0,,,,,339439.6417,5034422.623,45.44887577,-76.05715637,3078
16--13120,2016/12/13,3:50 PM,BELFAST RD @ COVENTRY RD (0002646),2646,03 - At intersection,03 - P.D. only,03 - Rear end,03 - Snow,01 - Daylight,02 - Wet,01 - Traffic signal,01 - Functioning,2,0,0,0,,0,,,,,371523.5016,5031640.467,45.42151675,-75.64739841,3079
16--13121,2016/12/13,4:00 PM,ORLEANS BLVD @ ST. JOSEPH BLVD (0004144),4144,02 - Intersection related,02 - Non-fatal injury,03 - Rear end,01 - Clear,05 - Dusk,01 - Dry,01 - Traffic signal,01 - Functioning,2,0,0,0,01 - Minimal,1,1,,,,380631.7377,5036980.176,45.46863138,-75.53020503,3080
16--13122,2016/12/13,4:05 PM,HIGHWAY 417 btwn Continuation of HIGHWAY 417 & HWY417 IC144 RAMP16 (__3ZA2Q6),__3ZA2Q6,01 - Non intersection,03 - P.D. only,04 - Sideswipe,01 - Clear,05 - Dusk,02 - Wet,10 - No control,,2,0,0,0,,0,,,,,347355.9298,5015836.417,45.28119537,-75.95755706,3081
16--13123,2016/12/13,4:07 PM,DONALD ST @ ST. LAURENT BLVD (0008630),8630,02 - Intersection related,03 - P.D. only,04 - Sideswipe,01 - Clear,05 - Dusk,02 - Wet,01 - Traffic signal,01 - Functioning,2,0,0,0,,0,,,,,372093.7129,5032471.343,45.42893797,-75.63999948,3082
16--13124,2016/12/13,4:18 PM,LEITRIM RD @ ALBION RD (0012479),12479,02 - Intersection related,03 - P.D. only,03 - Rear end,01 - Clear,05 - Dusk,01 - Dry,01 - Traffic signal,00 - Unknown,2,0,0,0,,0,,,,,373496.7569,5020418.019,45.32035085,-75.62374753,3083