Anom_ID,Accident_Date,Accident_Time,Location,Geo_ID,Accident_Location,Classification_of_Accident,Initial_Impact_Type,Environment_Condition,Light,Road_Surface_Condition,Traffic_Control,Traffic_Control_Condition,No__of_Vehicles,No__of_Bicycles,No__of_Motorcycles,No__of_Pedestrians,Max_Injury,No__of_Injuries,No__of_Minimal,No__of_Minor,No__of_Major,No__of_Fatal,X,Y,Latitude,Longitude,ObjectId
16--13125,2016/12/13,4:37 AM,REGIONAL ROAD 174 btwn OLD MONTREAL RD & MCTEER RD (__3ZA27R),__3ZA27R,01 - Non intersection,03 - P.D. only,07 - SMV other,01 - Clear,07 - Dark,02 - Wet,10 - No control,,1,0,0,0,,0,,,,,394665.0227,5043046.735,45.52154544,-75.34965922,3084
16--13126,2016/12/13,4:40 PM,CYRVILLE RD @ OGILVIE RD (0003554),3554,02 - Intersection related,03 - P.D. only,04 - Sideswipe,01 - Clear,05 - Dusk,01 - Dry,01 - Traffic signal,01 - Functioning,2,0,0,0,,0,,,,,372452.8909,5032006.812,45.42472369,-75.63547359,3085
16--13127,2016/12/13,4:40 PM,HIGHWAY 417 btwn HWY417 IC134 RAMP35 & HWY417 IC134 RAMP25 (__3ZA29D),__3ZA29D,01 - Non intersection,03 - P.D. only,04 - Sideswipe,01 - Clear,05 - Dusk,01 - Dry,10 - No control,,2,0,0,0,,0,,,,,356440.9719,5022255.119,45.33834309,-75.84109188,3086
16--13128,2016/12/13,4:40 PM,HIGHWAY 417 btwn HWY417 IC134 RAMP35 & HWY417 IC134 RAMP25 (__3ZA29D),__3ZA29D,01 - Non intersection,03 - P.D. only,03 - Rear end,01 - Clear,05 - Dusk,02 - Wet,10 - No control,,2,0,0,0,,0,,,,,356437.4132,5022250.397,45.33830086,-75.84113778,3087
16--13129,2016/12/13,4:50 PM,EMOND ST btwn DESCHAMPS AVE & MONTREAL RD (__3ZA8SU),__3ZA8SU,01 - Non intersection,03 - P.D. only,99 - Other,03 - Snow,07 - Dark,03 - Loose snow,10 - No control,,2,0,0,0,,0,,,,,370191.3981,5033140.8,45.43514191,-75.66421915,3088
16--1313,2016/01/29,10:18 AM,GREENBANK RD btwn JOCKVALE RD & CAMBRIAN RD (__3ZA2WE),__3ZA2WE,01 - Non intersection,02 - Non-fatal injury,01 - Approaching,01 - Clear,01 - Daylight,03 - Loose snow,10 - No control,,2,0,0,0,01 - Minimal,1,1,,,,364469.6571,5013477.943,45.25872954,-75.73971533,3089
16--13130,2016/12/13,5:01 PM,RAMSAYVILLE RD btwn LOUISEIZE RD & NINTH LINE RD (__3ZBO25),__3ZBO25,01 - Non intersection,03 - P.D. only,01 - Approaching,01 - Clear,07 - Dark,03 - Loose snow,10 - No control,,2,0,0,0,,0,,,,,379985.9453,5020827.591,45.323371,-75.54092451,3090
16--13131,2016/12/13,5:10 PM,HIGHWAY 417 btwn HWY417 IC119B RAMP57 & HWY417 IC119A RAMP75 (__3ZA1QN),__3ZA1QN,01 - Non intersection,03 - P.D. only,03 - Rear end,01 - Clear,07 - Dark,01 - Dry,10 - No control,,2,0,0,0,,0,,,,,368427.9479,5030425.045,45.41086919,-75.68710662,3091
16--13132,2016/12/13,5:30 PM,HIGHWAY 417 btwn HWY417 IC134 RAMP35 & HWY417 IC134 RAMP25 (__3ZA29D),__3ZA29D,01 - Non intersection,03 - P.D. only,03 - Rear end,01 - Clear,07 - Dark,01 - Dry,10 - No control,,3,0,0,0,,0,,,,,356430.5955,5022251.33,45.33830976,-75.84122466,3092
16--13133,2016/12/13,5:45 PM,OXFORD ST btwn PINEHURST AVE & HINCHEY AVE (__3ZAAHM),__3ZAAHM,01 - Non intersection,03 - P.D. only,06 - SMV unattended vehicle,03 - Snow,07 - Dark,04 - Slush,10 - No control,,1,0,0,0,,0,,,,,365166.8251,5029522.223,45.4030347,-75.72887649,3093
16--13134,2016/12/13,6:35 PM,PRINCE OF WALES DR @ WEST HUNT CLUB RD (0000567),567,02 - Intersection related,03 - P.D. only,03 - Rear end,03 - Snow,07 - Dark,02 - Wet,01 - Traffic signal,01 - Functioning,2,0,0,0,,0,,,,,367456.2258,5021891.917,45.33417784,-75.70060231,3094
16--13135,2016/12/13,6:42 AM,RUSSELL RD btwn ANDERSON RD & FARMERS WAY (__3ZA2CI),__3ZA2CI,01 - Non intersection,03 - P.D. only,07 - SMV other,03 - Snow,07 - Dark,06 - Ice,10 - No control,,1,0,0,0,,0,,,,,381720.5122,5026254.508,45.37201096,-75.51795749,3095
16--13136,2016/12/13,6:44 AM,DUMAURIER AVE @ RICHMOND RD (0002679),2679,02 - Intersection related,03 - P.D. only,04 - Sideswipe,01 - Clear,07 - Dark,04 - Slush,01 - Traffic signal,00 - Unknown,2,0,0,0,,0,,,,,359628.4936,5023733.441,45.35140319,-75.80026009,3096
16--13137,2016/12/13,6:45 AM,STONECREST RD btwn DUNHAVEN DR & THOMAS A. DOLAN PKWY (__3ZAC8O),__3ZAC8O,01 - Non intersection,03 - P.D. only,07 - SMV other,01 - Clear,07 - Dark,04 - Slush,10 - No control,,1,0,0,0,,0,,,,,339199.7801,5028597.248,45.39646919,-76.06062953,3097
16--13138,2016/12/13,6:45 AM,HIGHWAY 417 btwn HWY417 IC112 RAMP66 & HWY417 IC113 RAMP65 (__3ZA284),__3ZA284,01 - Non intersection,03 - P.D. only,07 - SMV other,01 - Clear,07 - Dark,02 - Wet,10 - No control,,1,0,0,0,,0,,,,,374188.3727,5031357.885,45.41871498,-75.61339016,3098
16--13139,2016/12/13,7:20 AM,BANTREE ST @ INNES RD (0007684),7684,03 - At intersection,03 - P.D. only,05 - Turning movement,03 - Snow,03 - Dawn,02 - Wet,01 - Traffic signal,01 - Functioning,2,0,0,0,,0,,,,,373705.6156,5030406.677,45.41020419,-75.61969084,3099
16--1314,2016/01/29,10:30 AM,HIGHWAY 417 btwn HWY417 IC121B RAMP16 & HWY417 IC121A RAMP16 (__3ZA2YX),__3ZA2YX,98 - Other,03 - P.D. only,07 - SMV other,01 - Clear,01 - Daylight,03 - Loose snow,10 - No control,,1,0,0,0,,0,,,,,366736.725,5029580.633,45.40342312,-75.70881721,3100
16--12781,2016/12/07,4:12 PM,HWY 417 WALKLEY IC110R57 @ WALKLEY EXTENSION R (0004164),4164,03 - At intersection,03 - P.D. only,02 - Angle,01 - Clear,05 - Dusk,02 - Wet,02 - Stop sign,01 - Functioning,2,0,0,0,,0,,,,,375657.4801,5028999.818,45.39735114,-75.59495988,3101
16--12782,2016/12/07,4:40 PM,WELLINGTON ST btwn BAY ST & LYON ST N (__5D2JK9),__5D2JK9,04 - At/near private drive,03 - P.D. only,02 - Angle,01 - Clear,05 - Dusk,02 - Wet,10 - No control,,2,0,0,0,,0,,,,,366819.5386,5031353.689,45.41936924,-75.70753636,3102
16--12783,2016/12/07,4:52 PM,MOONEY'S BAY PL @ RIVERSIDE DR (0011421),11421,02 - Intersection related,03 - P.D. only,03 - Rear end,01 - Clear,05 - Dusk,02 - Wet,01 - Traffic signal,01 - Functioning,2,0,0,0,,0,,,,,368354.8868,5025296.098,45.36472706,-75.68870042,3103
16--12784,2016/12/07,4:59 PM,IMPERIAL AVE btwn CHAMBERLAIN AVE & RENFREW AVE (__58ODH1),__58ODH1,01 - Non intersection,03 - P.D. only,04 - Sideswipe,01 - Clear,05 - Dusk,02 - Wet,10 - No control,,2,0,0,0,,0,,,,,367418.3638,5029678.793,45.40424569,-75.7000983,3104
16--12785,2016/12/07,5:05 PM,BRIAN COBURN BLVD btwn AQUAVIEW DR & ESPRIT DR (__45I75E),__45I75E,01 - Non intersection,03 - P.D. only,03 - Rear end,01 - Clear,07 - Dark,01 - Dry,10 - No control,,2,0,0,0,,0,,,,,384966.2049,5035268.788,45.45274988,-75.47506024,3105
16--12786,2016/12/07,5:29 PM,CARLING AVE @ HOLLAND AVE (0002146),2146,03 - At intersection,03 - P.D. only,05 - Turning movement,01 - Clear,07 - Dark,01 - Dry,01 - Traffic signal,01 - Functioning,2,0,0,0,,0,,,,,365417.1118,5028037.968,45.38965808,-75.72586201,3106
16--12787,2016/12/07,6:48 AM,EAGLESON RD @ PERTH ST/RICHMOND RD (0009376),9376,02 - Intersection related,03 - P.D. only,03 - Rear end,03 - Snow,07 - Dark,02 - Wet,01 - Traffic signal,01 - Functioning,2,0,0,0,,0,,,,,358015.6305,5007410.759,45.20465342,-75.82259246,3107
16--12788,2016/12/07,7:23 AM,INNES RD btwn BLAIR RD & ANDERSON RD (__3ZA3JZ),__3ZA3JZ,01 - Non intersection,03 - P.D. only,03 - Rear end,03 - Snow,03 - Dawn,06 - Ice,10 - No control,,2,0,0,0,,0,,,,,376155.2781,5031774.592,45.42226644,-75.58820083,3108
16--12789,2016/12/07,7:25 PM,MERIVALE RD btwn GILBEY DR & KIMWAY CRES (__3ZBOC0),__3ZBOC0,04 - At/near private drive,03 - P.D. only,04 - Sideswipe,01 - Clear,07 - Dark,01 - Dry,10 - No control,,2,0,0,0,,0,,,,,364706.1875,5024760.593,45.36022999,-75.73533792,3109
16--1279,2016/01/27,9:09 AM,HUNTMAR DR @ PALLADIUM DR S (0011818),11818,02 - Intersection related,03 - P.D. only,03 - Rear end,01 - Clear,01 - Daylight,06 - Ice,01 - Traffic signal,01 - Functioning,2,0,0,0,,0,,,,,349676.2652,5017365.656,45.29481167,-75.92784381,3110
16--12790,2016/12/07,7:29 PM,ALBION RD @ BANK ST (0012409),12409,02 - Intersection related,03 - P.D. only,03 - Rear end,01 - Clear,07 - Dark,01 - Dry,01 - Traffic signal,01 - Functioning,2,0,0,0,,0,,,,,371945.8997,5024129.085,45.3538919,-75.64302349,3111
16--12791,2016/12/07,7:30 AM,RAMSAYVILLE RD @ RIDEAU RD (0009402),9402,02 - Intersection related,03 - P.D. only,02 - Angle,02 - Rain,03 - Dawn,02 - Wet,02 - Stop sign,01 - Functioning,2,0,0,0,,0,,,,,380351.6818,5019957.696,45.3155049,-75.53639251,3112
16--12792,2016/12/07,7:35 AM,CONROY RD @ WALKLEY RD (0002648),2648,02 - Intersection related,03 - P.D. only,03 - Rear end,03 - Snow,03 - Dawn,04 - Slush,01 - Traffic signal,01 - Functioning,3,0,0,0,,0,,,,,372902.8944,5027461.461,45.38378301,-75.63035148,3113
16--12793,2016/12/07,7:35 PM,GOULBOURN FORCED RD btwn INNOVATION DR & KANATA ROCKERIES PRIV (__8JUUXR),__8JUUXR,01 - Non intersection,03 - P.D. only,07 - SMV other,01 - Clear,07 - Dark,01 - Dry,10 - No control,,1,0,0,0,,0,,,,,349356.331,5022418.859,45.34030216,-75.93146812,3114
16--12794,2016/12/07,7:45 PM,WOODKILTON RD btwn KILMAURS SIDE RD & KINBURN SIDE RD (__3ZACCE),__3ZACCE,01 - Non intersection,03 - P.D. only,07 - SMV other,01 - Clear,07 - Dark,01 - Dry,10 - No control,,1,0,0,0,,0,,,,,336126.1792,5035879.272,45.46213948,-76.09942278,3115
16--12795,2016/12/07,8:00 PM,RIDEAU RD btwn POWER RD & HAWTHORNE RD (__3ZA6GY),__3ZA6GY,01 - Non intersection,03 - P.D. only,07 - SMV other,01 - Clear,07 - Dark,01 - Dry,10 - No control,,1,0,0,0,,0,,,,,378561.2209,5018906.134,45.30623381,-75.55938195,3116
16--12796,2016/12/07,8:20 PM,HWY416 IC75A RAMP43 btwn HWY416 IC75A RAMP63 & HIGHWAY 416 (__3ZAY4X),__3ZAY4X,01 - Non intersection,03 - P.D. only,07 - SMV other,01 - Clear,07 - Dark,01 - Dry,10 - No control,,1,0,0,0,,0,,,,,358679.4928,5021953.38,45.33545969,-75.81256456,3117
16--12797,2016/12/07,8:25 PM,HOLLAND AVE @ 95 N OF SHERWOOD DR/FISHER PARK  (0010827),10827,02 - Intersection related,02 - Non-fatal injury,07 - SMV other,03 - Snow,07 - Dark,03 - Loose snow,01 - Traffic signal,00 - Unknown,1,0,0,1,01 - Minimal,1,1,,,,365112.5025,5028733.495,45.39594258,-75.72966678,3118
16--12798,2016/12/07,8:26 PM,SOMERSET ST    W btwn BANK ST & O'CONNOR ST (__3ZA3AV),__3ZA3AV,01 - Non intersection,03 - P.D. only,04 - Sideswipe,01 - Clear,07 - Dark,01 - Dry,10 - No control,,2,0,0,0,,0,,,,,367778.3473,5030966.278,45.41579779,-75.69533576,3119
16--12799,2016/12/07,9:30 AM,INDUSTRIAL AVE @ TRAINYARDS DR (0011906),11906,02 - Intersection related,02 - Non-fatal injury,03 - Rear end,01 - Clear,01 - Daylight,03 - Loose snow,01 - Traffic signal,01 - Functioning,2,0,0,0,01 - Minimal,1,1,,,,371686.4285,5030540.662,45.41160562,-75.64546602,3120
16--128,2016/01/04,9:22 AM,HOLLAND AVE/TUNNEY'S PASTURE @ SCOTT ST (0006494),6494,02 - Intersection related,03 - P.D. only,05 - Turning movement,01 - Clear,01 - Daylight,02 - Wet,01 - Traffic signal,01 - Functioning,2,0,0,0,,0,,,,,364737.7828,5029595.531,45.40373118,-75.73434765,3121
16--1280,2016/01/27,9:30 AM,MONTREAL RD @ ST. LAURENT BLVD (0002604),2604,02 - Intersection related,03 - P.D. only,03 - Rear end,01 - Clear,01 - Daylight,01 - Dry,01 - Traffic signal,01 - Functioning,2,0,0,0,,0,,,,,371545.7029,5033818.925,45.4411154,-75.64681946,3122
16--12800,2016/12/08,1:52 PM,BELMONT @ WILLARD ST (0007519),7519,03 - At intersection,02 - Non-fatal injury,02 - Angle,03 - Snow,01 - Daylight,02 - Wet,02 - Stop sign,01 - Functioning,2,0,0,1,02 - Minor,1,,1,,,368876.8783,5028466.91,45.39320957,-75.68162622,3123
16--12801,2016/12/08,1:53 PM,MEADOWLANDS DR @ MERIVALE RD (0000625),625,02 - Intersection related,03 - P.D. only,04 - Sideswipe,01 - Clear,01 - Daylight,01 - Dry,01 - Traffic signal,01 - Functioning,2,0,0,0,,0,,,,,364859.5281,5023725.924,45.35090707,-75.73350651,3124
16--12802,2016/12/08,1:56 PM,ROYDON PL btwn WOODFIELD DR & WEST HUNT CLUB RD (__3ZAYGP),__3ZAYGP,04 - At/near private drive,02 - Non-fatal injury,05 - Turning movement,01 - Clear,01 - Daylight,02 - Wet,10 - No control,,2,0,0,0,01 - Minimal,1,1,,,,365539.0506,5022347.767,45.33844808,-75.7250043,3125
16--12803,2016/12/08,10:13 PM,ANDERSON RD @ RIDGE RD (0003631),3631,02 - Intersection related,03 - P.D. only,07 - SMV other,03 - Snow,07 - Dark,06 - Ice,02 - Stop sign,01 - Functioning,1,0,0,0,,0,,,,,379029.7574,5028508.946,45.39258519,-75.55196651,3126
16--12804,2016/12/08,10:14 PM,RUSSELL RD btwn CUBA AVE & SMYTH RD (__3ZA78S),__3ZA78S,01 - Non intersection,03 - P.D. only,01 - Approaching,03 - Snow,07 - Dark,06 - Ice,10 - No control,,2,0,0,0,,0,,,,,373227.4142,5029397.545,45.40117141,-75.62593947,3127
16--12805,2016/12/08,10:16 PM,CONROY RD @ QUEENSDALE AVE (0009365),9365,03 - At intersection,03 - P.D. only,03 - Rear end,03 - Snow,07 - Dark,06 - Ice,02 - Stop sign,01 - Functioning,2,0,0,0,,0,,,,,374350.0835,5024041.441,45.35286898,-75.61235509,3128
16--12806,2016/12/08,10:21 PM,NAVAHO DR @ WOODROFFE AVE/TRANSITWAY N BASELIN (0010359),10359,02 - Intersection related,03 - P.D. only,99 - Other,04 - Freezing Rain,07 - Dark,06 - Ice,01 - Traffic signal,01 - Functioning,2,0,0,0,,0,,,,,362705.789,5023493.62,45.34899795,-75.76101788,3129
16--12807,2016/12/08,10:28 PM,WEST HUNT CLUB RD @ WOODROFFE AVE (0000576),576,02 - Intersection related,03 - P.D. only,03 - Rear end,03 - Snow,07 - Dark,06 - Ice,01 - Traffic signal,01 - Functioning,2,0,0,0,,0,,,,,363669.8628,5021245.247,45.32868702,-75.74898312,3130
16--12808,2016/12/08,10:33 PM,WALKLEY RD btwn HALIFAX DR & ST. LAURENT BLVD (__3ZA2EL),__3ZA2EL,04 - At/near private drive,03 - P.D. only,02 - Angle,03 - Snow,07 - Dark,03 - Loose snow,10 - No control,,2,0,0,0,,0,,,,,373689.2857,5027925.63,45.3878825,-75.62024596,3131
16--12809,2016/12/08,10:44 PM,HUNT CLUB RD @ PAUL ANKA DR (0008224),8224,02 - Intersection related,03 - P.D. only,05 - Turning movement,03 - Snow,07 - Dark,05 - Packed snow,01 - Traffic signal,01 - Functioning,2,0,0,0,,0,,,,,369776.6275,5022896.832,45.34300878,-75.67086863,3132
16--1281,2016/01/27,9:40 PM,REGIONAL ROAD 174 btwn OR174 IC112 RAMP51 & OR174 IC112 RAMP15 (__3ZA2XE),__3ZA2XE,01 - Non intersection,03 - P.D. only,07 - SMV other,01 - Clear,07 - Dark,01 - Dry,10 - No control,,1,0,0,0,,0,,,,,375102.495,5033054.422,45.43388822,-75.60146924,3133
16--12810,2016/12/08,10:52 AM,FITZGERALD RD/MENTEN PL @ MOODIE DR (0009818),9818,02 - Intersection related,02 - Non-fatal injury,03 - Rear end,01 - Clear,01 - Daylight,01 - Dry,01 - Traffic signal,01 - Functioning,2,0,0,0,01 - Minimal,1,1,,,,356920.1636,5020813.481,45.32533566,-75.83512989,3134
16--12811,2016/12/08,10:59 PM,EMPEROR AVE @ FISHER AVE (0006795),6795,03 - At intersection,02 - Non-fatal injury,03 - Rear end,03 - Snow,07 - Dark,06 - Ice,02 - Stop sign,00 - Unknown,4,0,0,0,02 - Minor,1,,1,,,365682.8768,5027162.128,45.38175441,-75.72257629,3135
16--12812,2016/12/08,11:05 PM,BLOHM DR @ LORRY GREENBERG DR (0008283),8283,02 - Intersection related,03 - P.D. only,03 - Rear end,03 - Snow,07 - Dark,06 - Ice,02 - Stop sign,01 - Functioning,2,0,0,0,,0,,,,,373684.8561,5025945.526,45.37006682,-75.62057877,3136
16--12813,2016/12/08,11:24 PM,HEATHERINGTON RD @ FAIRLEA CRES S/ANGELA PRIV (0006830),6830,02 - Intersection related,03 - P.D. only,03 - Rear end,01 - Clear,07 - Dark,06 - Ice,02 - Stop sign,01 - Functioning,2,0,0,0,,0,,,,,371872.252,5026501.114,45.37524162,-75.64364137,3137
16--12814,2016/12/08,11:57 PM,WALKLEY RD @ HEATHERINGTON RD (0006928),6928,02 - Intersection related,02 - Non-fatal injury,07 - SMV other,01 - Clear,07 - Dark,06 - Ice,01 - Traffic signal,01 - Functioning,1,0,0,0,02 - Minor,3,1,2,,,371767.553,5026793.284,45.37788047,-75.64493836,3138
16--12815,2016/12/08,Unknown,GERRY LALONDE DR btwn LERTA WAY & PETRICHOR CRES/ STRASBOURG ST (__8XI23U),__8XI23U,01 - Non intersection,03 - P.D. only,06 - SMV unattended vehicle,01 - Clear,00 - Unknown,01 - Dry,10 - No control,,1,0,0,0,,0,,,,,383982.584,5035304.875,45.4531867,-75.48762822,3139
16--12816,2016/12/08,12:13 PM,PARKDALE AVE @ RUSKIN ST (0006697),6697,02 - Intersection related,03 - P.D. only,04 - Sideswipe,01 - Clear,01 - Daylight,01 - Dry,01 - Traffic signal,00 - Unknown,2,0,0,0,,0,,,,,365509.2845,5028452.597,45.39338084,-75.72463397,3140
16--12817,2016/12/08,12:36 PM,SHAKESPEARE ST @ GRANVILLE ST (0010048),10048,02 - Intersection related,03 - P.D. only,02 - Angle,03 - Snow,01 - Daylight,04 - Slush,02 - Stop sign,01 - Functioning,2,0,0,0,,0,,,,,370779.0117,5033668.299,45.43983292,-75.65663885,3141
16--12818,2016/12/08,12:53 PM,OGILVIE RD btwn RADFORD CRT & KENDER AVE (__3ZA7O8),__3ZA7O8,01 - Non intersection,02 - Non-fatal injury,07 - SMV other,01 - Clear,01 - Daylight,01 - Dry,10 - No control,,1,0,0,1,03 - Major,1,,,1,,375171.5206,5035625.571,45.45701496,-75.60021942,3142
16--12819,2016/12/08,2:00 PM,BRUYERE ST btwn PARENT AVE & DALHOUSIE ST (__3ZBOXJ),__3ZBOXJ,01 - Non intersection,03 - P.D. only,06 - SMV unattended vehicle,01 - Clear,01 - Daylight,01 - Dry,10 - No control,,1,0,0,0,,0,,,,,367703.4441,5032774.149,45.43207115,-75.69606183,3143
16--1282,2016/01/28,1:09 AM,KING EDWARD AVE NB btwn GUIGUES AVE & ST. PATRICK ST (__3ZA3XP),__3ZA3XP,01 - Non intersection,03 - P.D. only,07 - SMV other,03 - Snow,07 - Dark,03 - Loose snow,10 - No control,,1,0,0,0,,0,,,,,368258.0344,5032848.946,45.43269404,-75.68896495,3144
16--12820,2016/12/08,2:34 PM,CARTIER ST @ MCLEOD ST N (0007315),7315,02 - Intersection related,03 - P.D. only,05 - Turning movement,01 - Clear,01 - Daylight,01 - Dry,02 - Stop sign,01 - Functioning,2,0,0,0,,0,,,,,368577.4907,5030871.912,45.41487633,-75.68513848,3145
16--12821,2016/12/08,2:59 PM,WALKLEY RD btwn MELFORT ST & RUSSELL RD (__3ZA2EO),__3ZA2EO,04 - At/near private drive,03 - P.D. only,02 - Angle,01 - Clear,01 - Daylight,02 - Wet,10 - No control,,2,0,0,0,,0,,,,,374525.0144,5028413.972,45.39219367,-75.60950553,3146
16--12871,2016/12/08,8:22 PM,BANK ST @ WALKLEY RD (0011423),11423,02 - Intersection related,03 - P.D. only,03 - Rear end,03 - Snow,07 - Dark,06 - Ice,01 - Traffic signal,01 - Functioning,2,0,0,0,,0,,,,,370335.3675,5025946.493,45.37039674,-75.66333531,3147
16--12822,2016/12/08,3:07 PM,CITYVIEW CRES btwn ANTIGONISH AVE N & ANTIGONISH AVE S (__77T4PM),__77T4PM,04 - At/near private drive,03 - P.D. only,06 - SMV unattended vehicle,01 - Clear,01 - Daylight,01 - Dry,10 - No control,,1,0,0,0,,0,,,,,384953.019,5039065.663,45.48691203,-75.47460951,3148
16--12823,2016/12/08,3:10 PM,BANK ST NB btwn HUNT CLUB RD & 80 S OF HUNT CLUB RD/TOWNGATE PLAZA SC (__3ZA3HIA),__3ZA3HIA,04 - At/near private drive,03 - P.D. only,02 - Angle,01 - Clear,01 - Daylight,01 - Dry,10 - No control,,2,0,0,0,,0,,,,,371681.6144,5024110.171,45.35374697,-75.64639872,3149
16--12824,2016/12/08,3:25 PM,CARP RD @ MARCH RD (0001689),1689,02 - Intersection related,03 - P.D. only,03 - Rear end,01 - Clear,01 - Daylight,02 - Wet,01 - Traffic signal,01 - Functioning,2,0,0,0,,0,,,,,342165.3835,5021731.266,45.3345348,-76.02327192,3150
16--12825,2016/12/08,3:48 PM,NORMAN ST @ ROCHESTER ST (0006126),6126,03 - At intersection,03 - P.D. only,02 - Angle,01 - Clear,01 - Daylight,01 - Dry,02 - Stop sign,01 - Functioning,2,0,0,0,,0,,,,,366889.9195,5029269.458,45.40060968,-75.70689966,3151
16--13410,2016/12/17,7:00 AM,HIGHWAY 417 btwn HWY417 IC121A RAMP16 & HWY417 IC121A RAMP61 (__3ZA2YY),__3ZA2YY,01 - Non intersection,03 - P.D. only,04 - Sideswipe,03 - Snow,03 - Dawn,03 - Loose snow,10 - No control,,2,0,0,0,,0,,,,,367305.5226,5029774.427,45.40511627,-75.7015275,3152
16--12826,2016/12/08,3:53 PM,BASELINE RD btwn CLYDE AVE & 207 E OF CLYDE AVE (__3ZA4ISA),__3ZA4ISA,04 - At/near private drive,02 - Non-fatal injury,03 - Rear end,03 - Snow,05 - Dusk,02 - Wet,10 - No control,,3,0,0,0,01 - Minimal,2,2,,,,364359.5315,5024889.271,45.36141735,-75.73974685,3153
16--12827,2016/12/08,4:02 PM,HIGHWAY 417 btwn HWY417 IC117 RAMP26 & HWY417 IC117 RAMP61 (__3ZA2YM),__3ZA2YM,01 - Non intersection,03 - P.D. only,04 - Sideswipe,01 - Clear,05 - Dusk,02 - Wet,10 - No control,,2,0,0,0,,0,,,,,370816.1028,5031214.3,45.41774938,-75.65649375,3154
16--12828,2016/12/08,4:11 PM,BRIAN COBURN BLVD @ TENTH LINE RD (0013966),13966,02 - Intersection related,03 - P.D. only,03 - Rear end,03 - Snow,05 - Dusk,03 - Loose snow,01 - Traffic signal,01 - Functioning,2,0,0,0,,0,,,,,384428.3389,5035022.308,45.45059377,-75.48197576,3155
16--12829,2016/12/08,4:14 PM,BASELINE RD btwn CLYDE AVE & 207 E OF CLYDE AVE (__3ZA4ISA),__3ZA4ISA,01 - Non intersection,03 - P.D. only,04 - Sideswipe,03 - Snow,05 - Dusk,02 - Wet,10 - No control,,2,0,0,0,,0,,,,,364430.5937,5024937.207,45.36184263,-75.73883407,3156
16--1283,2016/01/28,1:10 PM,BOURASSA ST @ ST. LAURENT BLVD (0007731),7731,02 - Intersection related,03 - P.D. only,03 - Rear end,03 - Snow,01 - Daylight,04 - Slush,01 - Traffic signal,01 - Functioning,2,0,0,0,,0,,,,,373234.7349,5029692.373,45.40382342,-75.62580506,3157
16--12830,2016/12/08,4:30 PM,HIGHWAY 417 btwn HWY417 IC124 RAMP67 & HWY417 IC123 RAMP62 (__3ZA2YZ),__3ZA2YZ,01 - Non intersection,03 - P.D. only,03 - Rear end,01 - Clear,05 - Dusk,01 - Dry,10 - No control,,2,0,0,0,,0,,,,,364716.0349,5027952.617,45.38895044,-75.73482498,3158
16--12831,2016/12/08,4:35 PM,CARP RD btwn HWY417 IC144 RAMP25 & WESTBROOK RD (__3ZA3D3),__3ZA3D3,01 - Non intersection,03 - P.D. only,03 - Rear end,01 - Clear,05 - Dusk,01 - Dry,10 - No control,,4,0,0,0,,0,,,,,347600.6205,5015594.511,45.27900376,-75.95445909,3159
16--12832,2016/12/08,4:37 PM,HEMLOCK RD @ LANSDOWNE RD (0010754),10754,02 - Intersection related,03 - P.D. only,01 - Approaching,03 - Snow,05 - Dusk,03 - Loose snow,02 - Stop sign,00 - Unknown,2,0,0,0,,0,,,,,369847.8705,5034512.814,45.44751876,-75.66842804,3160
16--12833,2016/12/08,4:50 PM,HIGHWAY 417 btwn HWY417 IC124 RAMP65 & HWY417 IC122 RAMP51 (__3ZA2R8),__3ZA2R8,01 - Non intersection,02 - Non-fatal injury,03 - Rear end,05 - Drifting Snow,07 - Dark,03 - Loose snow,10 - No control,,2,0,0,0,01 - Minimal,1,1,,,,364802.2108,5028075.613,45.39004975,-75.73370959,3161
16--12834,2016/12/08,4:59 PM,MONTREAL RD @ VANIER PKWY (0004630),4630,03 - At intersection,02 - Non-fatal injury,07 - SMV other,03 - Snow,05 - Dusk,02 - Wet,01 - Traffic signal,01 - Functioning,1,0,0,1,02 - Minor,1,,1,,,370072.7098,5033065.178,45.43447258,-75.66574599,3162
16--12835,2016/12/08,5:12 PM,BLAIR RD @ OR174 IC112 RAMP52 (0009644),9644,02 - Intersection related,02 - Non-fatal injury,03 - Rear end,03 - Snow,07 - Dark,03 - Loose snow,10 - No control,00 - Unknown,2,0,0,0,01 - Minimal,1,1,,,,374816.9259,5032774.184,45.43139545,-75.60515848,3163
16--12836,2016/12/08,5:16 PM,CATHERINE ST/HWY 417 O'CONN IC119BR76 @ O'CONN (0001697),1697,03 - At intersection,03 - P.D. only,04 - Sideswipe,03 - Snow,07 - Dark,02 - Wet,01 - Traffic signal,01 - Functioning,2,0,0,0,,0,,,,,368242.5125,5030392.567,45.4105938,-75.68947964,3164
16--12837,2016/12/08,5:25 PM,ELGIN ST @ SLATER ST (0002228),2228,03 - At intersection,03 - P.D. only,07 - SMV other,03 - Snow,07 - Dark,02 - Wet,01 - Traffic signal,01 - Functioning,1,0,0,0,,0,,,,,367889.0514,5031644.505,45.42189028,-75.69383461,3165
16--12838,2016/12/08,5:31 PM,HOLLY ACRES RD @ CARLING AVE (0000522),522,03 - At intersection,02 - Non-fatal injury,05 - Turning movement,03 - Snow,07 - Dark,02 - Wet,01 - Traffic signal,01 - Functioning,2,0,0,0,02 - Minor,2,,2,,,358234.4368,5023496.86,45.34938203,-75.8180758,3166