Anom_ID,Accident_Date,Accident_Time,Location,Geo_ID,Accident_Location,Classification_of_Accident,Initial_Impact_Type,Environment_Condition,Light,Road_Surface_Condition,Traffic_Control,Traffic_Control_Condition,No__of_Vehicles,No__of_Bicycles,No__of_Motorcycles,No__of_Pedestrians,Max_Injury,No__of_Injuries,No__of_Minimal,No__of_Minor,No__of_Major,No__of_Fatal,X,Y,Latitude,Longitude,ObjectId
16--12839,2016/12/08,5:34 PM,BRAEMAR ST @ HEMLOCK RD (0007184),7184,02 - Intersection related,03 - P.D. only,03 - Rear end,03 - Snow,07 - Dark,03 - Loose snow,02 - Stop sign,00 - Unknown,2,0,0,0,,0,,,,,370892.5383,5034757.191,45.44961954,-75.65504162,3167
16--1284,2016/01/28,1:14 PM,INNES RD @ JEANNE D'ARC BLVD/MER BLEUE RD (0012475),12475,03 - At intersection,03 - P.D. only,02 - Angle,01 - Clear,01 - Daylight,02 - Wet,01 - Traffic signal,01 - Functioning,2,0,0,0,,0,,,,,382637.3184,5035569.248,45.45571644,-75.50478334,3168
16--12840,2016/12/08,5:43 PM,MERIVALE RD @ SLACK RD (0000110),110,03 - At intersection,02 - Non-fatal injury,05 - Turning movement,01 - Clear,07 - Dark,01 - Dry,01 - Traffic signal,01 - Functioning,3,0,0,0,02 - Minor,1,,1,,,366019.4808,5020954.395,45.32586896,-75.71904719,3169
16--12841,2016/12/08,5:45 PM,HIGHWAY 417 btwn HWY417 IC126 RAMP25 & HWY417 IC124 RAMP57 (__3ZA2R5),__3ZA2R5,01 - Non intersection,03 - P.D. only,03 - Rear end,03 - Snow,07 - Dark,02 - Wet,10 - No control,,3,0,0,0,,0,,,,,363676.1985,5026517.206,45.37612302,-75.74827454,3170
16--12842,2016/12/08,6:00 PM,GREENBANK RD @ IRIS ST/HWY 417 IC129 RAMP51 (0009073),9073,02 - Intersection related,03 - P.D. only,04 - Sideswipe,03 - Snow,07 - Dark,02 - Wet,01 - Traffic signal,01 - Functioning,2,0,0,0,,0,,,,,360531.309,5023312.67,45.34754593,-75.78878636,3171
16--12843,2016/12/08,6:13 PM,MONTREAL RD @ CARSON'S RD/CODD'S RD (0010801),10801,02 - Intersection related,03 - P.D. only,03 - Rear end,01 - Clear,07 - Dark,06 - Ice,01 - Traffic signal,01 - Functioning,2,0,0,0,,0,,,,,372770.7184,5034397.339,45.44620165,-75.63108253,3172
16--12844,2016/12/08,6:15 PM,REGIONAL ROAD 174 btwn QUIGLEY HILL RD & CAMERON ST (__3ZA27U),__3ZA27U,01 - Non intersection,03 - P.D. only,03 - Rear end,03 - Snow,07 - Dark,03 - Loose snow,10 - No control,,2,0,0,0,,0,,,,,389370.5656,5042544.173,45.51768633,-75.41750646,3173
16--12845,2016/12/08,6:19 PM,BELFAST RD @ ST. LAURENT BLVD (0007658),7658,03 - At intersection,02 - Non-fatal injury,05 - Turning movement,03 - Snow,07 - Dark,03 - Loose snow,01 - Traffic signal,01 - Functioning,2,0,0,0,02 - Minor,2,1,1,,,372860.9436,5030578.342,45.41183141,-75.63045706,3174
16--12846,2016/12/08,6:31 PM,WOODROFFE AVE @ KNOXDALE RD/MEDHURST DR (0000519),519,03 - At intersection,03 - P.D. only,05 - Turning movement,03 - Snow,07 - Dark,02 - Wet,01 - Traffic signal,01 - Functioning,2,0,0,0,,0,,,,,363419.7385,5021826.532,45.33393832,-75.75210491,3175
16--12847,2016/12/08,6:55 AM,CHAPMAN BLVD @ HAIG DR (0008351),8351,03 - At intersection,03 - P.D. only,02 - Angle,01 - Clear,03 - Dawn,01 - Dry,02 - Stop sign,01 - Functioning,2,0,0,0,,0,,,,,372378.5058,5028878.767,45.39658613,-75.63685287,3176
16--12848,2016/12/08,6:55 PM,VANIER PKWY NB btwn PRESLAND RD & COVENTRY RD (__3ZA4TMB),__3ZA4TMB,01 - Non intersection,03 - P.D. only,03 - Rear end,03 - Snow,07 - Dark,06 - Ice,10 - No control,,2,0,0,0,,0,,,,,370500.9453,5031714.288,45.42227774,-75.6604535,3177
16--12849,2016/12/08,7:01 PM,INNES RD @ ORLEANS BLVD (0003611),3611,03 - At intersection,02 - Non-fatal injury,05 - Turning movement,03 - Snow,07 - Dark,04 - Slush,01 - Traffic signal,01 - Functioning,2,0,0,0,01 - Minimal,1,1,,,,380461.4537,5034296.183,45.44450137,-75.53279539,3178
16--1285,2016/01/28,1:43 PM,LYON ST    N btwn ALBERT ST & SLATER ST (__3ZA30E),__3ZA30E,01 - Non intersection,03 - P.D. only,04 - Sideswipe,01 - Clear,01 - Daylight,01 - Dry,10 - No control,,2,0,0,0,,0,,,,,367088.0688,5031177.892,45.41776362,-75.70412773,3179
16--12850,2016/12/08,7:15 PM,DALY AVE btwn MACKENZIE AVE & NICHOLAS ST (__3ZA8JX),__3ZA8JX,04 - At/near private drive,02 - Non-fatal injury,07 - SMV other,01 - Clear,07 - Dark,01 - Dry,10 - No control,,1,0,0,1,01 - Minimal,1,1,,,,368023.1461,5031920.28,45.4243595,-75.6920859,3180
16--12851,2016/12/08,7:15 PM,BANK ST @ RIVERDALE AVE (0007210),7210,02 - Intersection related,03 - P.D. only,01 - Approaching,03 - Snow,07 - Dark,06 - Ice,01 - Traffic signal,00 - Unknown,2,0,0,0,,0,,,,,369076.7069,5028116.572,45.39003903,-75.67911996,3181
16--12852,2016/12/08,7:15 PM,HERZBERG RD @ MARCH RD (0003170),3170,03 - At intersection,03 - P.D. only,02 - Angle,03 - Snow,07 - Dark,03 - Loose snow,01 - Traffic signal,01 - Functioning,2,0,0,0,,0,,,,,352324.569,5021529.198,45.33210203,-75.89368136,3182
16--12853,2016/12/08,7:18 PM,CLYDE AVE @ MAITLAND AVE (0003214),3214,03 - At intersection,03 - P.D. only,07 - SMV other,03 - Snow,07 - Dark,06 - Ice,03 - Yield sign,00 - Unknown,1,0,0,0,,0,,,,,364250.5217,5025142.587,45.36370591,-75.74110772,3183
16--12854,2016/12/08,7:23 AM,MONTREAL RD @ ST. LAURENT BLVD (0002604),2604,02 - Intersection related,03 - P.D. only,03 - Rear end,03 - Snow,03 - Dawn,06 - Ice,01 - Traffic signal,01 - Functioning,2,0,0,0,,0,,,,,371545.7029,5033818.837,45.44111461,-75.64681947,3184
16--12855,2016/12/08,7:23 PM,MONTREAL RD @ ST. LAURENT BLVD (0002604),2604,02 - Intersection related,03 - P.D. only,03 - Rear end,03 - Snow,07 - Dark,02 - Wet,01 - Traffic signal,01 - Functioning,3,0,0,0,,0,,,,,371546.5311,5033816.352,45.44109217,-75.64680922,3185
16--12856,2016/12/08,7:25 PM,FISHER AVE @ 220 S OF TRENT ST (0008825),8825,02 - Intersection related,03 - P.D. only,01 - Approaching,03 - Snow,07 - Dark,06 - Ice,01 - Traffic signal,01 - Functioning,3,0,0,0,,0,,,,,365873.9686,5026728.54,45.37783644,-75.72019006,3186
16--12857,2016/12/08,7:33 PM,ABBEYHILL DR @ EAGLESON RD (0003404),3404,03 - At intersection,02 - Non-fatal injury,05 - Turning movement,03 - Snow,07 - Dark,05 - Packed snow,01 - Traffic signal,01 - Functioning,2,0,0,0,01 - Minimal,1,1,,,,353826.9663,5018034.236,45.30055034,-75.87486079,3187
16--12858,2016/12/08,7:35 AM,MONTREAL RD btwn SINCLAIR ST & SHEFFORD RD (__3ZA2D0),__3ZA2D0,01 - Non intersection,03 - P.D. only,03 - Rear end,03 - Snow,03 - Dawn,02 - Wet,10 - No control,,2,0,0,0,,0,,,,,376053.3674,5034808.262,45.44957196,-75.58906382,3188
16--12859,2016/12/08,7:38 PM,ST. LAURENT BLVD btwn COVENTRY RD & LEMIEUX ST (__3ZA2C9),__3ZA2C9,01 - Non intersection,03 - P.D. only,05 - Turning movement,01 - Clear,07 - Dark,01 - Dry,10 - No control,,2,0,0,0,,0,,,,,372368.3709,5031798.978,45.42286187,-75.63658204,3189
16--1286,2016/01/28,10:31 AM,BLACKBURN BYPASS WB btwn NAVAN RD & 1700 W OF NAVAN RD (__3ZA3J5B),__3ZA3J5B,01 - Non intersection,02 - Non-fatal injury,07 - SMV other,03 - Snow,01 - Daylight,03 - Loose snow,10 - No control,,1,0,0,0,02 - Minor,1,,1,,,379198.5193,5033002.549,45.43299773,-75.54913316,3190
16--12860,2016/12/08,7:42 PM,CATHERINE ST @ ELGIN ST (0002638),2638,02 - Intersection related,03 - P.D. only,03 - Rear end,03 - Snow,07 - Dark,03 - Loose snow,01 - Traffic signal,01 - Functioning,2,0,0,0,,0,,,,,368551.8814,5030577.986,45.41223402,-75.68550366,3191
16--12861,2016/12/08,7:44 PM,OLD SECOND LINE RD @ TERRY FOX DR (0013616),13616,02 - Intersection related,03 - P.D. only,03 - Rear end,03 - Snow,07 - Dark,06 - Ice,01 - Traffic signal,01 - Functioning,2,0,0,0,,0,,,,,348795.2,5022408.413,45.34024358,-75.93862864,3192
16--12862,2016/12/08,7:45 PM,HAIG DR @ PLEASANT PARK RD (0008323),8323,02 - Intersection related,03 - P.D. only,03 - Rear end,03 - Snow,07 - Dark,03 - Loose snow,02 - Stop sign,01 - Functioning,2,0,0,0,,0,,,,,372401.908,5028586.964,45.39395835,-75.63659398,3193
16--12863,2016/12/08,7:45 PM,BANK ST @ RIVERSIDE DR N (0010778),10778,02 - Intersection related,03 - P.D. only,03 - Rear end,05 - Drifting Snow,07 - Dark,06 - Ice,01 - Traffic signal,01 - Functioning,2,0,0,0,,0,,,,,369226.5441,5027984.788,45.38883951,-75.67722379,3194
16--12864,2016/12/08,7:56 PM,CARP RD @ ECHOWOODS AVE/KITTIWAKE DR (0009789),9789,02 - Intersection related,03 - P.D. only,01 - Approaching,03 - Snow,07 - Dark,05 - Packed snow,01 - Traffic signal,01 - Functioning,2,0,0,0,,0,,,,,348596.3471,5014561.524,45.26964724,-75.94185918,3195
16--12865,2016/12/08,7:57 PM,GREENBANK RD @ MALVERN DR/FOXFIELD DR (0009821),9821,03 - At intersection,03 - P.D. only,05 - Turning movement,03 - Snow,07 - Dark,06 - Ice,01 - Traffic signal,01 - Functioning,3,0,0,0,,0,,,,,363312.7841,5016193.775,45.28326385,-75.75413441,3196
16--12866,2016/12/08,8:00 PM,MEADOWLANDS DR @ TIVERTON DR (0001749),1749,02 - Intersection related,02 - Non-fatal injury,03 - Rear end,03 - Snow,07 - Dark,06 - Ice,01 - Traffic signal,00 - Unknown,3,0,0,0,01 - Minimal,1,1,,,,365204.3602,5024344.364,45.35644208,-75.72903052,3197
16--12867,2016/12/08,8:01 PM,AIRPORT PKWY btwn AIRPORT PKWY/WALKLEY RD SOUTHBOUND ON RAMP           (__3ZA1KS),__3ZA1KS,01 - Non intersection,03 - P.D. only,07 - SMV other,03 - Snow,07 - Dark,06 - Ice,10 - No control,,1,0,0,0,,0,,,,,370160.9443,5025381.143,45.36532619,-75.66563666,3198
16--12868,2016/12/08,8:05 AM,ANDERSON RD btwn EIGHTH LINE RD & NINTH LINE RD (__3ZBOGK),__3ZBOGK,01 - Non intersection,03 - P.D. only,07 - SMV other,03 - Snow,01 - Daylight,06 - Ice,10 - No control,,1,0,0,0,,0,,,,,381970.6241,5021315.736,45.32754765,-75.51553549,3199
16--12869,2016/12/08,8:05 PM,INNES RD @ LANTHIER DR/PRESTWICK DR (0004251),4251,03 - At intersection,03 - P.D. only,02 - Angle,01 - Clear,07 - Dark,01 - Dry,01 - Traffic signal,01 - Functioning,2,0,0,0,,0,,,,,383542.2061,5035989.402,45.45939523,-75.49314809,3200
16--1287,2016/01/28,10:31 AM,MICHAEL ST @ BELFAST RD (0007616),7616,02 - Intersection related,03 - P.D. only,03 - Rear end,03 - Snow,01 - Daylight,04 - Slush,02 - Stop sign,01 - Functioning,2,0,0,0,,0,,,,,373132.0703,5030678.342,45.41270474,-75.6269797,3201
16--12870,2016/12/08,8:14 PM,MITCH OWENS RD @ STAGECOACH RD (0003576),3576,02 - Intersection related,03 - P.D. only,02 - Angle,03 - Snow,07 - Dark,03 - Loose snow,01 - Traffic signal,01 - Functioning,2,0,0,0,,0,,,,,375399.0961,5014484.678,45.266776,-75.60033003,3202
16--12961,2016/12/09,8:48 AM,MCGILLIVRAY ST btwn MCNAUGHTON AVE & MERRITT AVE (__3ZA93W),__3ZA93W,04 - At/near private drive,03 - P.D. only,06 - SMV unattended vehicle,01 - Clear,01 - Daylight,06 - Ice,10 - No control,,1,0,0,0,,0,,,,,369081.8041,5029723.552,45.40449764,-75.67884546,3203
16--13230,2016/12/15,12:37 PM,GOULBURN AVE @ SOMERSET ST (0008456),8456,03 - At intersection,02 - Non-fatal injury,02 - Angle,03 - Snow,01 - Daylight,06 - Ice,02 - Stop sign,01 - Functioning,2,0,0,0,02 - Minor,1,,1,,,369472.3312,5031989.835,45.42485285,-75.67355988,3204
16--13140,2016/12/13,7:27 PM,HWY 417 CASTLEFR IC139R61 @ KANATA AVE (0012625),12625,02 - Intersection related,03 - P.D. only,03 - Rear end,01 - Clear,07 - Dark,03 - Loose snow,01 - Traffic signal,00 - Unknown,2,0,0,0,,0,,,,,351616.8482,5019223.951,45.31140646,-75.9029279,3205
16--13411,2016/12/17,7:10 AM,HIGHWAY 417 btwn HWY417 IC121A RAMP51 & HWY417 IC120A RAMP52 (__3ZA2R6),__3ZA2R6,01 - Non intersection,02 - Non-fatal injury,07 - SMV other,03 - Snow,03 - Dawn,03 - Loose snow,10 - No control,,1,0,0,0,01 - Minimal,1,1,,,,367663.24,5029928.944,45.40647453,-75.69693861,3206
16--13231,2016/12/15,12:58 PM,METCALFE ST @ SLATER ST (0002233),2233,02 - Intersection related,03 - P.D. only,04 - Sideswipe,01 - Clear,01 - Daylight,02 - Wet,01 - Traffic signal,00 - Unknown,2,0,0,0,,0,,,,,367731.6966,5031549.162,45.42104659,-75.6958573,3207
16--13412,2016/12/17,7:23 AM,WEST HUNT CLUB RD WB btwn 545 E OF ROYDON PL/SUNDERLAND ST & ANTARES D (__3ZA3JSB),__3ZA3JSB,01 - Non intersection,03 - P.D. only,07 - SMV other,03 - Snow,03 - Dawn,03 - Loose snow,10 - No control,,1,0,0,0,,0,,,,,366966.9477,5022342.219,45.33827309,-75.70678758,3208
16--13141,2016/12/13,7:33 AM,ROCKCLIFFE PKWY btwn GL/OT BOUNDARY & ST. JOSEPH BLVD (__3ZA21V),__3ZA21V,01 - Non intersection,02 - Non-fatal injury,01 - Approaching,03 - Snow,03 - Dawn,03 - Loose snow,10 - No control,,2,0,0,0,02 - Minor,2,,2,,,377289.9116,5036225.828,45.46219911,-75.57304838,3209
16--12962,2016/12/09,8:57 AM,MERIVALE RD @ ANNA AVE/LAPERRIERE AVE (0006316),6316,03 - At intersection,03 - P.D. only,07 - SMV other,03 - Snow,01 - Daylight,03 - Loose snow,01 - Traffic signal,01 - Functioning,1,0,0,0,,0,,,,,364860.5495,5027165.074,45.3818519,-75.73307541,3210
16--12872,2016/12/08,8:25 AM,GREENBANK RD @ WEST HUNT CLUB RD (0005167),5167,02 - Intersection related,03 - P.D. only,04 - Sideswipe,03 - Snow,01 - Daylight,03 - Loose snow,01 - Traffic signal,01 - Functioning,2,0,0,0,,0,,,,,361480.5052,5020503.721,45.32219501,-75.77699589,3211
16--13232,2016/12/15,12:59 PM,TERRY FOX DR S @ DIDSBURY RD/CENTRUM KANATA SC (0011820),11820,02 - Intersection related,03 - P.D. only,03 - Rear end,05 - Drifting Snow,01 - Daylight,05 - Packed snow,01 - Traffic signal,01 - Functioning,2,0,0,0,,0,,,,,350627.2707,5018915.729,45.30869827,-75.91557617,3212
16--12963,2016/12/09,8:57 AM,SMYTH RD @ GENERAL HOSPITAL E (0008855),8855,02 - Intersection related,03 - P.D. only,03 - Rear end,01 - Clear,01 - Daylight,06 - Ice,01 - Traffic signal,00 - Unknown,2,0,0,0,,0,,,,,371516.4843,5029182.024,45.39939738,-75.6478208,3213
16--12873,2016/12/08,8:27 AM,ABBEYHILL DR @ EAGLESON RD (0003404),3404,03 - At intersection,02 - Non-fatal injury,05 - Turning movement,01 - Clear,01 - Daylight,01 - Dry,01 - Traffic signal,01 - Functioning,2,0,0,0,02 - Minor,2,1,1,,,353826.9663,5018034.236,45.30055034,-75.87486079,3214
16--13413,2016/12/17,7:35 AM,HUNTER'S RUN DR @ JEANNE D'ARC BLVD (0012419),12419,03 - At intersection,03 - P.D. only,07 - SMV other,05 - Drifting Snow,03 - Dawn,05 - Packed snow,01 - Traffic signal,01 - Functioning,1,0,0,0,,0,,,,,380567.0886,5036174.792,45.46139219,-75.53115583,3215
16--13142,2016/12/13,7:45 AM,MCARTHUR AVE @ VANIER PKWY (0004626),4626,02 - Intersection related,03 - P.D. only,04 - Sideswipe,01 - Clear,03 - Dawn,04 - Slush,01 - Traffic signal,01 - Functioning,2,0,0,0,,0,,,,,370218.711,5032690.547,45.43108817,-75.66392992,3216
16--12964,2016/12/09,9:07 AM,DAKOTA AVE @ HALIFAX DR (0008938),8938,03 - At intersection,03 - P.D. only,02 - Angle,01 - Clear,01 - Daylight,06 - Ice,03 - Yield sign,01 - Functioning,2,0,0,0,,0,,,,,373561.5624,5027957.125,45.38817843,-75.62187248,3217
16--12874,2016/12/08,8:30 PM,BOTELER ST @ SUSSEX DR (0011436),11436,03 - At intersection,03 - P.D. only,07 - SMV other,03 - Snow,07 - Dark,03 - Loose snow,01 - Traffic signal,01 - Functioning,1,0,0,0,,0,,,,,367452.9678,5032949.901,45.43367499,-75.69924037,3218
16--13143,2016/12/13,8:03 AM,DOUGLAS AVE btwn PUTMAN AVE & BEECHWOOD AVE (__3ZA8XA),__3ZA8XA,04 - At/near private drive,03 - P.D. only,06 - SMV unattended vehicle,03 - Snow,01 - Daylight,03 - Loose snow,10 - No control,,1,0,0,0,,0,,,,,369295.5528,5033750.019,45.44070662,-75.67558811,3219
16--13414,2016/12/17,8:22 AM,HWY417 IC88 RAMP16 btwn HIGHWAY 417 & ROCKDALE RD (__3ZAY6S),__3ZAY6S,07 - Overpass or bridge,03 - P.D. only,07 - SMV other,03 - Snow,01 - Daylight,03 - Loose snow,10 - No control,,1,0,0,0,,0,,,,,395347.2919,5022669.925,45.33813295,-75.34467409,3220
16--13233,2016/12/15,2:00 PM,HIGHWAY 417 btwn HWY417 IC118 RAMP76 & HWY417 IC118 RAMP67 (__3ZA2YR),__3ZA2YR,01 - Non intersection,03 - P.D. only,99 - Other,01 - Clear,01 - Daylight,01 - Dry,10 - No control,,2,0,0,0,,0,,,,,369431.6478,5031049.094,45.41639218,-75.67420312,3221
16--12875,2016/12/08,8:48 PM,MEADOWGLEN DR @ ORLEANS BLVD (0004103),4103,02 - Intersection related,03 - P.D. only,04 - Sideswipe,04 - Freezing Rain,07 - Dark,04 - Slush,01 - Traffic signal,01 - Functioning,2,0,0,0,,0,,,,,380344.0957,5034574.81,45.44702094,-75.53425263,3222
16--13144,2016/12/13,8:04 PM,FALLOWFIELD RD @ MCCAFFREY TR (0005441),5441,02 - Intersection related,03 - P.D. only,07 - SMV other,03 - Snow,07 - Dark,06 - Ice,02 - Stop sign,01 - Functioning,1,0,0,0,,0,,,,,343382.9755,5001733.161,45.1545158,-76.00928951,3223
16--13415,2016/12/17,8:31 AM,PRINCE OF WALES DR btwn MAPLEHILL WAY & LODGE RD (__3ZA29Y),__3ZA29Y,01 - Non intersection,03 - P.D. only,07 - SMV other,03 - Snow,01 - Daylight,03 - Loose snow,10 - No control,,1,0,0,0,,0,,,,,366914.9641,5013177.116,45.25581106,-75.70859882,3224
16--13416,2016/12/17,8:34 AM,HIGHWAY 417 btwn HWY417 IC127 RAMP35 & HWY417 IC127 RAMP25 (__3ZA2RE),__3ZA2RE,01 - Non intersection,02 - Non-fatal injury,04 - Sideswipe,03 - Snow,01 - Daylight,03 - Loose snow,10 - No control,,2,0,0,0,01 - Minimal,1,1,,,,362103.1688,5024806.6,45.36086155,-75.76855558,3225
16--13417,2016/12/17,8:50 PM,PRINCE OF WALES DR btwn 187 N OF MEADOWLANDS DR & MEADOWLANDS DR/HOG'S (__3ZA36WA),__3ZA36WA,01 - Non intersection,03 - P.D. only,05 - Turning movement,03 - Snow,07 - Dark,03 - Loose snow,10 - No control,,2,0,0,0,,0,,,,,367357.8402,5025743.166,45.36883936,-75.7013702,3226
16--13418,2016/12/17,8:58 PM,CUMBERLAND ST @ RIDEAU ST (0007759),7759,02 - Intersection related,03 - P.D. only,04 - Sideswipe,03 - Snow,07 - Dark,03 - Loose snow,01 - Traffic signal,01 - Functioning,2,0,0,0,,0,,,,,368374.2199,5032329.652,45.42801107,-75.68754722,3227
16--13419,2016/12/17,9:06 AM,BANK ST btwn VANCOUVER AVE & FOXBAR AVE (__3ZA4TT),__3ZA4TT,01 - Non intersection,03 - P.D. only,03 - Rear end,03 - Snow,01 - Daylight,03 - Loose snow,10 - No control,,2,0,0,0,,0,,,,,370444.8099,5025678.44,45.36797465,-75.66197387,3228
16--1342,2016/01/29,5:33 PM,BELGRAVE RD btwn MARLOWE CRES & ONSLOW CRES (__3ZBN6A),__3ZBN6A,01 - Non intersection,03 - P.D. only,06 - SMV unattended vehicle,03 - Snow,05 - Dusk,03 - Loose snow,10 - No control,,1,0,0,0,,0,,,,,369663.6475,5029713.582,45.40435426,-75.67141491,3229
16--13420,2016/12/17,9:09 AM,HIGHWAY 417 btwn HWY417 IC124 RAMP65 & HWY417 IC122 RAMP51 (__3ZA2R8),__3ZA2R8,01 - Non intersection,02 - Non-fatal injury,03 - Rear end,01 - Clear,01 - Daylight,02 - Wet,10 - No control,,3,0,0,0,02 - Minor,2,,2,,,365127.8915,5028658.518,45.39526663,-75.72947942,3230
16--13421,2016/12/17,9:15 AM,EAGLESON RD @ MICHAEL COWPLAND DR/STONEHAVEN D (0003544),3544,02 - Intersection related,03 - P.D. only,03 - Rear end,03 - Snow,01 - Daylight,03 - Loose snow,01 - Traffic signal,01 - Functioning,2,0,0,0,,0,,,,,354382.6033,5016623.444,45.28781674,-75.86791738,3231
16--13422,2016/12/17,9:25 AM,CYRVILLE RD btwn BEAUPARC PRIV & LABRIE AVE (__3ZA25R),__3ZA25R,04 - At/near private drive,03 - P.D. only,02 - Angle,03 - Snow,01 - Daylight,03 - Loose snow,10 - No control,,2,0,0,0,,0,,,,,373361.0567,5031696.054,45.42183922,-75.62391288,3232
16--13423,2016/12/17,9:40 AM,ANDERSON RD/WEIR RD @ RENAUD RD (0003583),3583,03 - At intersection,03 - P.D. only,04 - Sideswipe,03 - Snow,01 - Daylight,04 - Slush,11 - Roundabout,01 - Functioning,2,0,0,0,,0,,,,,377766.9199,5031502.319,45.41965046,-75.56764983,3233
16--13424,2016/12/17,9:45 AM,TERRY FOX DR @ EDGEWATER ST/WALTER BAKER PL (0002699),2699,02 - Intersection related,03 - P.D. only,03 - Rear end,03 - Snow,01 - Daylight,03 - Loose snow,01 - Traffic signal,01 - Functioning,2,0,0,0,,0,,,,,351778.4364,5017614.693,45.29691516,-75.90101973,3234
16--12691,2016/12/05,8:00 AM,OR174 IC109 RAMP56 @ MONTREAL RD (0012427),12427,02 - Intersection related,03 - P.D. only,03 - Rear end,03 - Snow,01 - Daylight,03 - Loose snow,10 - No control,00 - Unknown,2,0,0,0,,0,,,,,376179.2937,5034879.367,45.45019887,-75.58744381,3235
16--13425,2016/12/17,9:46 PM,RUSSELL RD btwn HAIG DR & CUBA AVE (__3ZA786),__3ZA786,04 - At/near private drive,03 - P.D. only,06 - SMV unattended vehicle,03 - Snow,07 - Dark,03 - Loose snow,10 - No control,,1,0,0,0,,0,,,,,372788.7016,5029585.443,45.40290478,-75.63151683,3236
16--13426,2016/12/18,1:21 AM,HIGHWAY 416 btwn HWY416 IC66 RAMP62 & HWY416 IC72 RAMP24 (__3ZAZMZ),__3ZAZMZ,01 - Non intersection,03 - P.D. only,07 - SMV other,03 - Snow,07 - Dark,03 - Loose snow,10 - No control,,1,0,0,0,,0,,,,,360328.6035,5018110.898,45.30075634,-75.7919563,3237
16--13427,2016/12/18,1:45 PM,DUNROBIN RD btwn DUNROBIN RD & MURPHY SIDE RD (__3ZA3EB),__3ZA3EB,01 - Non intersection,03 - P.D. only,07 - SMV other,03 - Snow,01 - Daylight,03 - Loose snow,10 - No control,,1,0,0,0,,0,,,,,344232.0562,5029293.516,45.40246906,-75.99630156,3238
16--12965,2016/12/09,9:09 AM,BANK ST btwn ALTA VISTA DR & WALKLEY RD (__3ZA4TX),__3ZA4TX,01 - Non intersection,02 - Non-fatal injury,03 - Rear end,01 - Clear,01 - Daylight,06 - Ice,10 - No control,,3,0,0,0,01 - Minimal,1,1,,,,370322.9452,5025992.041,45.37080773,-75.66348785,3239
16--13428,2016/12/18,10:30 PM,SOMERSET ST    W btwn PRESTON ST & ROCHESTER ST (__3ZA321),__3ZA321,04 - At/near private drive,03 - P.D. only,06 - SMV unattended vehicle,01 - Clear,07 - Dark,02 - Wet,10 - No control,,1,0,0,0,,0,,,,,366436.1565,5030183.104,45.40887052,-75.712581,3240
16--13429,2016/12/18,10:35 AM,BEAUSEJOUR DR @ JEANNE D'ARC BLVD (0003636),3636,02 - Intersection related,03 - P.D. only,03 - Rear end,03 - Snow,01 - Daylight,03 - Loose snow,01 - Traffic signal,01 - Functioning,2,0,0,0,,0,,,,,381421.1398,5036060.127,45.46026738,-75.52025443,3241
16--1343,2016/01/29,5:47 PM,INDUSTRIAL AVE/INNES RD @ ST. LAURENT BLVD (0002203),2203,02 - Intersection related,02 - Non-fatal injury,03 - Rear end,01 - Clear,07 - Dark,02 - Wet,01 - Traffic signal,01 - Functioning,2,0,0,0,01 - Minimal,2,2,,,,373098.8759,5030006.242,45.40666074,-75.62749686,3242
16--13430,2016/12/18,10:45 AM,CARLING AVE @ WOODROFFE AVE W (0011470),11470,03 - At intersection,03 - P.D. only,05 - Turning movement,03 - Snow,01 - Daylight,03 - Loose snow,01 - Traffic signal,01 - Functioning,2,0,0,0,,0,,,,,361767.6836,5025725.928,45.36916094,-75.77273153,3243
16--13431,2016/12/18,10:46 PM,TENTH LINE RD @ CHARLEMAGNE BLVD S/DES EPINETT (0003686),3686,03 - At intersection,03 - P.D. only,05 - Turning movement,01 - Clear,07 - Dark,06 - Ice,01 - Traffic signal,01 - Functioning,2,0,0,0,,0,,,,,383640.9751,5036900.456,45.46758093,-75.49173924,3244
16--13432,2016/12/18,11:06 AM,HIGHWAY 417 btwn HWY417 IC122 RAMP61 & HWY417 IC121B RAMP16 (__3ZA2Y4),__3ZA2Y4,01 - Non intersection,03 - P.D. only,07 - SMV other,03 - Snow,01 - Daylight,04 - Slush,10 - No control,,1,0,0,0,,0,,,,,366101.1454,5029361.221,45.40150485,-75.71696264,3245
16--13433,2016/12/18,11:21 AM,CASTOR RD @ YORKS CORNERS RD (0010354),10354,03 - At intersection,03 - P.D. only,02 - Angle,03 - Snow,01 - Daylight,05 - Packed snow,10 - No control,00 - Unknown,2,0,0,0,,0,,,,,391978.81,5005760.912,45.18642722,-75.3906127,3246
16--13434,2016/12/18,11:30 AM,GREENBANK RD @ WEST HUNT CLUB RD (0005167),5167,02 - Intersection related,03 - P.D. only,03 - Rear end,03 - Snow,01 - Daylight,03 - Loose snow,01 - Traffic signal,01 - Functioning,2,0,0,0,,0,,,,,361480.5052,5020502.893,45.32218756,-75.77699598,3247
16--13435,2016/12/18,11:53 AM,REGIONAL ROAD 174 btwn Continuation of REGIONAL ROAD 174 & OR174 IC112 (__3ZA2YI),__3ZA2YI,01 - Non intersection,02 - Non-fatal injury,99 - Other,03 - Snow,01 - Daylight,03 - Loose snow,10 - No control,,2,0,0,0,02 - Minor,1,,1,,,374120.8034,5032335.111,45.42751425,-75.61411591,3248