Anom_ID,Accident_Date,Accident_Time,Location,Geo_ID,Accident_Location,Classification_of_Accident,Initial_Impact_Type,Environment_Condition,Light,Road_Surface_Condition,Traffic_Control,Traffic_Control_Condition,No__of_Vehicles,No__of_Bicycles,No__of_Motorcycles,No__of_Pedestrians,Max_Injury,No__of_Injuries,No__of_Minimal,No__of_Minor,No__of_Major,No__of_Fatal,X,Y,Latitude,Longitude,ObjectId
16--13436,2016/12/18,Unknown,SOMERSET ST    W btwn BRONSON AVE & PERCY ST (__3ZA33M),__3ZA33M,01 - Non intersection,03 - P.D. only,06 - SMV unattended vehicle,03 - Snow,00 - Unknown,04 - Slush,10 - No control,,1,0,0,0,,0,,,,,367098.3126,5030558.219,45.41218707,-75.70407519,3249
16--13437,2016/12/18,Unknown,RIDEAU ST btwn DALHOUSIE ST & WALLER ST (__3ZA3V4),__3ZA3V4,01 - Non intersection,03 - P.D. only,06 - SMV unattended vehicle,03 - Snow,00 - Unknown,03 - Loose snow,10 - No control,,1,0,0,0,,0,,,,,368217.4752,5032232.136,45.42714788,-75.68956271,3250
16--13438,2016/12/18,Unknown,SCULLY WAY btwn MULDER AVE & MULDER AVE (__3ZACFE),__3ZACFE,01 - Non intersection,03 - P.D. only,06 - SMV unattended vehicle,01 - Clear,00 - Unknown,03 - Loose snow,10 - No control,,1,0,0,0,,0,,,,,386130.6419,5037236.858,45.47032208,-75.45984957,3251
16--13439,2016/12/18,12:02 PM,SOMERSET ST    W btwn SPADINA AVE & BAYSWATER AVE (__3ZA319),__3ZA319,01 - Non intersection,03 - P.D. only,04 - Sideswipe,03 - Snow,01 - Daylight,04 - Slush,10 - No control,,2,0,0,0,,0,,,,,365782.5889,5029901.209,45.40639135,-75.7209646,3252
16--1344,2016/01/29,5:55 PM,CARLING AVE @ FISHER AVE (0002147),2147,02 - Intersection related,03 - P.D. only,03 - Rear end,03 - Snow,07 - Dark,04 - Slush,01 - Traffic signal,01 - Functioning,3,0,0,0,,0,,,,,365331.1374,5027972.106,45.3890729,-75.72696796,3253
16--13440,2016/12/18,12:06 PM,LEITRIM RD @ LIMEBANK RD (0012318),12318,03 - At intersection,03 - P.D. only,07 - SMV other,04 - Freezing Rain,01 - Daylight,04 - Slush,01 - Traffic signal,01 - Functioning,1,0,0,0,,0,,,,,369321.6299,5017960.087,45.29863099,-75.67731714,3254
16--13441,2016/12/18,12:15 AM,HIGHWAY 417 btwn HIGHWAY 417 & Continuation of HIGHWAY 417 (__3ZAZOB),__3ZAZOB,01 - Non intersection,02 - Non-fatal injury,07 - SMV other,03 - Snow,07 - Dark,03 - Loose snow,10 - No control,,1,0,0,0,02 - Minor,1,,1,,,353064.1889,5020274.983,45.32076588,-75.8843681,3255
16--13442,2016/12/18,12:16 AM,MONTREAL RD @ BATHGATE DR/BURMA RD (0007650),7650,02 - Intersection related,02 - Non-fatal injury,02 - Angle,03 - Snow,07 - Dark,05 - Packed snow,01 - Traffic signal,01 - Functioning,2,0,0,0,01 - Minimal,2,2,,,,373224.9684,5034516.496,45.44722944,-75.62525964,3256
16--13443,2016/12/18,12:26 PM,BANK ST @ HOLMWOOD AVE (0007225),7225,02 - Intersection related,02 - Non-fatal injury,01 - Approaching,01 - Clear,01 - Daylight,03 - Loose snow,01 - Traffic signal,01 - Functioning,2,0,0,0,02 - Minor,1,,1,,,368480.8798,5029197.145,45.39981613,-75.68658903,3257
16--13444,2016/12/18,12:30 AM,HIGHWAY 417 btwn HWY417 IC122 RAMP51 & HWY417 IC122 RAMP15 (__3ZA2R0),__3ZA2R0,01 - Non intersection,03 - P.D. only,07 - SMV other,03 - Snow,07 - Dark,05 - Packed snow,10 - No control,,1,0,0,0,,0,,,,,365309.3418,5028861.47,45.39707709,-75.72713721,3258
16--13445,2016/12/18,12:40 AM,CARLING AVE @ MEATH ST (0006988),6988,02 - Intersection related,03 - P.D. only,07 - SMV other,03 - Snow,07 - Dark,05 - Packed snow,02 - Stop sign,01 - Functioning,1,0,0,0,,0,,,,,364466.7499,5027452.304,45.38446999,-75.73806875,3259
16--13446,2016/12/18,12:43 AM,INDUSTRIAL AVE @ RUSSELL RD (0007732),7732,03 - At intersection,03 - P.D. only,07 - SMV other,03 - Snow,07 - Dark,03 - Loose snow,01 - Traffic signal,01 - Functioning,1,0,0,0,,0,,,,,372465.7286,5030279.967,45.40918509,-75.63554668,3260
16--13447,2016/12/18,12:46 PM,DWYER HILL RD btwn ROGER STEVENS DR & FLOOD RD (__3ZBOCI),__3ZBOCI,01 - Non intersection,03 - P.D. only,07 - SMV other,03 - Snow,01 - Daylight,03 - Loose snow,10 - No control,,1,0,0,0,,0,,,,,354379.6062,4989305.309,45.04199692,-75.87066812,3261
16--13448,2016/12/18,2:05 PM,HWY 417 TERRYFO IC140R52 @ TERRY FOX DR (0003180),3180,02 - Intersection related,03 - P.D. only,03 - Rear end,01 - Clear,01 - Daylight,01 - Dry,01 - Traffic signal,01 - Functioning,2,0,0,0,,0,,,,,351053.7257,5018433.7,45.30433289,-75.91018297,3262
16--13449,2016/12/18,2:17 PM,PICCADILLY AVE btwn BYRON AVE & IONA ST (__3ZA0KX),__3ZA0KX,01 - Non intersection,03 - P.D. only,06 - SMV unattended vehicle,03 - Snow,01 - Daylight,05 - Packed snow,10 - No control,,1,0,0,0,,0,,,,,364361.9651,5028591.993,45.39473362,-75.73926915,3263
16--1345,2016/01/29,6:27 AM,DWYER HILL RD btwn UPPER DWYER HILL RD & RAMP (__7JQ7L9),__7JQ7L9,01 - Non intersection,03 - P.D. only,07 - SMV other,01 - Clear,07 - Dark,01 - Dry,10 - No control,,1,0,0,0,,0,,,,,341095.5196,5007122.52,45.20313405,-76.03798908,3264
16--13450,2016/12/18,2:20 PM,RIVERSIDE DR @ TREMBLAY RD/HWY417 IC117 RAMP52 (0010790),10790,02 - Intersection related,03 - P.D. only,03 - Rear end,01 - Clear,01 - Daylight,02 - Wet,01 - Traffic signal,01 - Functioning,2,0,0,0,,0,,,,,370802.0781,5031017.15,45.41597683,-75.65669934,3265
16--13451,2016/12/18,2:20 PM,BASELINE RD @ GREENBANK RD (0002357),2357,02 - Intersection related,03 - P.D. only,04 - Sideswipe,01 - Clear,01 - Daylight,04 - Slush,01 - Traffic signal,00 - Unknown,2,0,0,0,,0,,,,,360599.3406,5022584.086,45.34098474,-75.78800043,3266
16--13452,2016/12/18,2:27 AM,RICHMOND RD btwn FRASER AVE & BROADVIEW AVE (__3ZA303),__3ZA303,01 - Non intersection,03 - P.D. only,07 - SMV other,04 - Freezing Rain,07 - Dark,06 - Ice,10 - No control,,1,0,0,0,,0,,,,,362526.1308,5027725.084,45.38708705,-75.76281603,3267
16--13453,2016/12/18,2:35 PM,TRIM RD @ WALL RD (0005000),5000,03 - At intersection,03 - P.D. only,04 - Sideswipe,01 - Clear,01 - Daylight,02 - Wet,02 - Stop sign,00 - Unknown,2,0,0,0,,0,,,,,387627.9585,5034668.285,45.44703677,-75.44113609,3268
16--13454,2016/12/18,2:41 AM,LEES AVE @ ROBINSON AVE W (0012006),12006,02 - Intersection related,03 - P.D. only,03 - Rear end,03 - Snow,07 - Dark,04 - Slush,02 - Stop sign,00 - Unknown,2,0,0,0,,0,,,,,369575.8295,5031234.787,45.41804964,-75.6723367,3269
16--13455,2016/12/18,2:41 PM,CARLING AVE WB btwn CHAMPAGNE AVE S & PRESTON ST (__3ZA4UZ),__3ZA4UZ,01 - Non intersection,02 - Non-fatal injury,03 - Rear end,01 - Clear,01 - Daylight,01 - Dry,10 - No control,,3,0,0,0,01 - Minimal,1,1,,,,366742.7535,5028883.379,45.39714888,-75.70882778,3270
16--13456,2016/12/18,2:45 PM,GROVEMONT DR btwn YORKWOOD PL & AQUAPASS PL (__44Z90R),__44Z90R,01 - Non intersection,03 - P.D. only,06 - SMV unattended vehicle,03 - Snow,01 - Daylight,05 - Packed snow,10 - No control,,1,0,0,0,,0,,,,,366567.7866,5014791.009,45.27036337,-75.71282109,3271
16--13457,2016/12/18,2:52 PM,INNES RD btwn TENTH LINE RD & 240 E OF TENTH LINE RD/HOME DEPOT E (__3ZBOGOA),__3ZBOGOA,01 - Non intersection,03 - P.D. only,04 - Sideswipe,01 - Clear,01 - Daylight,04 - Slush,10 - No control,,2,0,0,0,,0,,,,,384107.4539,5036231.196,45.46150674,-75.48588258,3272
16--13458,2016/12/18,2:53 AM,COLONEL BY DR btwn CLEGG ST & ECHO DR S (__3ZBPHH),__3ZBPHH,01 - Non intersection,03 - P.D. only,07 - SMV other,03 - Snow,07 - Dark,02 - Wet,10 - No control,,1,0,0,0,,0,,,,,368642.0189,5028777.676,45.3960272,-75.68458526,3273
16--13459,2016/12/18,3:12 PM,HUNTMAR DR @ PALLADIUM DR N (0011611),11611,02 - Intersection related,03 - P.D. only,07 - SMV other,01 - Clear,01 - Daylight,04 - Slush,02 - Stop sign,00 - Unknown,1,0,0,0,,0,,,,,349074.7364,5017957.047,45.30017135,-75.9354599,3274
16--1346,2016/01/29,6:43 PM,MILTON RD btwn SMITH RD & PERRAULT RD (__3ZA3M7),__3ZA3M7,01 - Non intersection,03 - P.D. only,07 - SMV other,05 - Drifting Snow,07 - Dark,03 - Loose snow,10 - No control,,1,0,0,0,,0,,,,,388188.2642,5029474.594,45.40024252,-75.43485361,3275
16--13460,2016/12/18,3:14 PM,HWY417 IC104 RAMP16 btwn ANDERSON RD & HIGHWAY 417 (__3ZAY0F),__3ZAY0F,01 - Non intersection,03 - P.D. only,07 - SMV other,01 - Clear,01 - Daylight,03 - Loose snow,10 - No control,,1,0,0,0,,0,,,,,380052.9048,5026237.063,45.37203506,-75.53924741,3276
16--13461,2016/12/18,3:17 PM,DES EPINETTES AVE @ PRESTWICK DR (0004495),4495,03 - At intersection,03 - P.D. only,02 - Angle,01 - Clear,01 - Daylight,04 - Slush,02 - Stop sign,01 - Functioning,2,0,0,0,,0,,,,,383333.9331,5036663.327,45.46548205,-75.49570314,3277
16--13462,2016/12/18,3:24 PM,RIVERSIDE DR btwn RIVERGATE WAY & MALHOTRA CRT (__3ZA37M),__3ZA37M,01 - Non intersection,03 - P.D. only,04 - Sideswipe,01 - Clear,01 - Daylight,02 - Wet,10 - No control,,2,0,0,0,,0,,,,,368141.5564,5023148.518,45.34542294,-75.69169854,3278
16--13463,2016/12/18,3:40 PM,CAMPEAU DR @ TERON RD/COLCHESTER SQ (0009033),9033,02 - Intersection related,03 - P.D. only,03 - Rear end,01 - Clear,01 - Daylight,03 - Loose snow,01 - Traffic signal,00 - Unknown,2,0,0,0,,0,,,,,352564.1959,5020468.236,45.32253901,-75.89072673,3279
16--13464,2016/12/18,3:48 PM,HUNT CLUB RD @ RIVERSIDE DR (0002237),2237,03 - At intersection,03 - P.D. only,05 - Turning movement,03 - Snow,01 - Daylight,03 - Loose snow,01 - Traffic signal,01 - Functioning,2,0,0,0,,0,,,,,368036.483,5021947.067,45.33462201,-75.69319281,3280
16--13465,2016/12/18,3:52 PM,LAURIER AVE @ MARLBOROUGH AVE (0007761),7761,03 - At intersection,03 - P.D. only,02 - Angle,01 - Clear,01 - Daylight,04 - Slush,02 - Stop sign,01 - Functioning,2,0,0,0,,0,,,,,369325.0438,5032387.584,45.42844525,-75.67538974,3281
16--13466,2016/12/18,3:53 PM,BESSERER ST @ KING EDWARD AVE (0007758),7758,03 - At intersection,03 - P.D. only,04 - Sideswipe,06 - Strong wind,01 - Daylight,04 - Slush,01 - Traffic signal,01 - Functioning,2,0,0,0,,0,,,,,368551.5334,5032342.652,45.4281119,-75.68527977,3282
16--13467,2016/12/18,4:00 PM,NICHOLAS ST SB btwn LAURIER AVE E & Continuation of NICHOLAS ST (__3ZA3MG),__3ZA3MG,01 - Non intersection,03 - P.D. only,03 - Rear end,01 - Clear,05 - Dusk,04 - Slush,10 - No control,,2,0,0,0,,0,,,,,368518.055,5031681.921,45.42216993,-75.68579304,3283
16--13468,2016/12/18,4:05 PM,HIGHWAY 417 btwn HWY417 IC129 RAMP26 & HWY417 IC129 RAMP61 (__3ZA2UO),__3ZA2UO,01 - Non intersection,03 - P.D. only,03 - Rear end,01 - Clear,05 - Dusk,02 - Wet,10 - No control,,2,0,0,0,,0,,,,,360581.7344,5023652.552,45.35060018,-75.78810457,3284
16--13469,2016/12/18,4:30 AM,ALBION RD @ LESTER RD (0004175),4175,02 - Intersection related,03 - P.D. only,07 - SMV other,04 - Freezing Rain,07 - Dark,05 - Packed snow,01 - Traffic signal,01 - Functioning,1,0,0,0,,0,,,,,372695.5714,5022332.082,45.33765091,-75.63370326,3285
16--1347,2016/01/29,6:44 PM,CARLING AVE @ KIRKWOOD AVE N (0002358),2358,02 - Intersection related,03 - P.D. only,03 - Rear end,01 - Clear,07 - Dark,02 - Wet,01 - Traffic signal,01 - Functioning,2,0,0,0,,0,,,,,364275.5205,5027493.641,45.3848582,-75.74050551,3286
16--13470,2016/12/18,4:40 PM,MERIVALE RD @ WOODFIELD DR/ROYDON PL (0009776),9776,02 - Intersection related,03 - P.D. only,03 - Rear end,03 - Snow,05 - Dusk,02 - Wet,01 - Traffic signal,01 - Functioning,2,0,0,0,,0,,,,,365464.3574,5022298.913,45.33801496,-75.72596325,3287
16--13471,2016/12/18,4:56 PM,KITCHENER AVE @ BANK ST (0011963),11963,02 - Intersection related,02 - Non-fatal injury,02 - Angle,01 - Clear,07 - Dark,04 - Slush,01 - Traffic signal,01 - Functioning,3,0,0,0,01 - Minimal,1,1,,,,370540.8761,5025500.386,45.36636357,-75.66077131,3288
16--13472,2016/12/18,5:00 PM,MARCH RD btwn SOLANDT RD & STATION RD (__3ZA3CD),__3ZA3CD,01 - Non intersection,03 - P.D. only,07 - SMV other,01 - Clear,07 - Dark,06 - Ice,10 - No control,,1,0,0,0,,0,,,,,350835.8737,5022319.876,45.33931596,-75.91259957,3289
16--13473,2016/12/18,5:16 PM,BAYSHORE DR btwn WOODRIDGE CRES & HWY417 IC130 RAMP66 (__3ZAA3E),__3ZAA3E,01 - Non intersection,03 - P.D. only,04 - Sideswipe,01 - Clear,07 - Dark,05 - Packed snow,10 - No control,,2,0,0,0,,0,,,,,359260.17,5023490.044,45.3492418,-75.80498722,3290
16--13474,2016/12/18,5:41 PM,BAYSWATER AVE @ SOMERSET ST (0006486),6486,02 - Intersection related,03 - P.D. only,99 - Other,03 - Snow,07 - Dark,03 - Loose snow,01 - Traffic signal,01 - Functioning,2,0,0,0,,0,,,,,365811.8723,5029910.325,45.40647083,-75.72058942,3291
16--13475,2016/12/18,5:43 AM,JEANNE D'ARC BLVD @ CEDAR MILLS RD/CHAMPNEUF D (0003567),3567,02 - Intersection related,03 - P.D. only,07 - SMV other,03 - Snow,07 - Dark,05 - Packed snow,02 - Stop sign,01 - Functioning,1,0,0,0,,0,,,,,381214.9235,5036276.512,45.46223683,-75.52285728,3292
16--13476,2016/12/18,6:00 AM,HIGHWAY 417 btwn HWY417 IC155 RAMP35 & HWY417 IC155 RAMP25 (__3ZAZNU),__3ZAZNU,01 - Non intersection,03 - P.D. only,07 - SMV other,03 - Snow,07 - Dark,05 - Packed snow,10 - No control,,1,0,0,0,,0,,,,,339578.3125,5019299.631,45.31278686,-76.05644894,3293
16--13477,2016/12/18,6:00 PM,KIRKWOOD AVE @ RICHMOND RD (0002080),2080,02 - Intersection related,03 - P.D. only,05 - Turning movement,03 - Snow,07 - Dark,04 - Slush,01 - Traffic signal,01 - Functioning,2,0,0,0,,0,,,,,363777.0334,5028642.797,45.39524026,-75.74673323,3294
16--13478,2016/12/18,6:25 PM,FALLOWFIELD RD btwn TRANSIT & 482 E OF HOLITMAN DR/BARRHAVEN CROSSING  (__5UXZZVB),__5UXZZVB,01 - Non intersection,03 - P.D. only,04 - Sideswipe,02 - Rain,07 - Dark,02 - Wet,10 - No control,,2,0,0,0,,0,,,,,364223.5968,5017411.162,45.29414147,-75.74237942,3295
16--13479,2016/12/18,6:26 PM,VICTOR ST btwn DENHAM WAY & GREER ST (__3ZAZCS),__3ZAZCS,01 - Non intersection,03 - P.D. only,06 - SMV unattended vehicle,03 - Snow,07 - Dark,04 - Slush,10 - No control,,1,0,0,0,,0,,,,,350251.548,5015278.952,45.27599787,-75.92070068,3296
16--1348,2016/01/29,6:50 PM,HIGHWAY 417 btwn HWY417 IC126 RAMP25 & HWY417 IC124 RAMP57 (__3ZA2R5),__3ZA2R5,01 - Non intersection,03 - P.D. only,03 - Rear end,01 - Clear,07 - Dark,01 - Dry,10 - No control,,2,0,0,0,,0,,,,,363668.7585,5026500.808,45.3759761,-75.74837148,3297
16--13480,2016/12/18,6:47 PM,QUEEN MARY ST @ NORTH RIVER RD (0008261),8261,03 - At intersection,02 - Non-fatal injury,07 - SMV other,01 - Clear,07 - Dark,03 - Loose snow,02 - Stop sign,01 - Functioning,1,0,0,1,02 - Minor,1,,1,,,370078.5572,5031924.491,45.4242086,-75.66582247,3298
16--13481,2016/12/18,6:50 AM,HIGHWAY 417 btwn HWY417 IC129 RAMP76 & HWY417 IC129 RAMP26 (__3ZA2RG),__3ZA2RG,01 - Non intersection,03 - P.D. only,07 - SMV other,03 - Snow,07 - Dark,06 - Ice,10 - No control,,1,0,0,0,,0,,,,,360342.6255,5023470.089,45.34897735,-75.79117637,3299
16--13482,2016/12/18,6:55 PM,CRESTWAY DR @ STRANDHERD DR (0010538),10538,03 - At intersection,03 - P.D. only,05 - Turning movement,01 - Clear,07 - Dark,02 - Wet,01 - Traffic signal,01 - Functioning,2,0,0,0,,0,,,,,366346.6833,5015470.914,45.27650051,-75.71555432,3300
16--13483,2016/12/18,7:00 PM,HIGHWAY 417 btwn HWY417 IC118 RAMP35 & HWY417 IC117 RAMP51 (__3ZA2YP),__3ZA2YP,01 - Non intersection,03 - P.D. only,07 - SMV other,01 - Clear,07 - Dark,02 - Wet,10 - No control,,1,0,0,0,,0,,,,,370256.6886,5031108.731,45.41685207,-75.6636548,3301
16--13484,2016/12/18,7:17 PM,ANALDEA DR/ WHITE ALDER AVE @ BANK ST (0009265),9265,02 - Intersection related,02 - Non-fatal injury,03 - Rear end,01 - Clear,07 - Dark,06 - Ice,01 - Traffic signal,01 - Functioning,2,0,0,0,01 - Minimal,1,1,,,,375698.347,5020809.105,45.3236508,-75.59561291,3302
16--13485,2016/12/18,8:00 AM,HIGHWAY 417 btwn HWY417 IC134 RAMP26 & HWY417 IC134 RAMP61 (__3ZAZEU),__3ZAZEU,01 - Non intersection,03 - P.D. only,07 - SMV other,03 - Snow,01 - Daylight,04 - Slush,10 - No control,,1,0,0,0,,0,,,,,356577.273,5022383.848,45.33949136,-75.83933941,3303
16--13486,2016/12/18,8:19 AM,HIGHWAY 417 btwn RAMP & HWY417 IC129 RAMP76 (__3ZA2X8),__3ZA2X8,01 - Non intersection,03 - P.D. only,07 - SMV other,03 - Snow,01 - Daylight,03 - Loose snow,10 - No control,,1,0,0,0,,0,,,,,359844.6895,5023168.265,45.3463008,-75.79756404,3304
16--13487,2016/12/18,8:30 AM,HWY417 IC118 RAMP52 btwn HWY417 IC118 RAMP57 & HWY417 IC118 RAMP62 (__6KCF0O),__6KCF0O,01 - Non intersection,02 - Non-fatal injury,07 - SMV other,04 - Freezing Rain,01 - Daylight,06 - Ice,10 - No control,,1,0,0,0,01 - Minimal,1,1,,,,369478.9817,5031041.252,45.41631725,-75.67359943,3305
16--13488,2016/12/18,8:38 AM,REGIONAL ROAD 174 btwn OR174 IC105 RAMP25 & OR174 IC102 RAMP51 (__3ZA27G),__3ZA27G,01 - Non intersection,03 - P.D. only,04 - Sideswipe,03 - Snow,01 - Daylight,05 - Packed snow,10 - No control,,2,0,0,0,,0,,,,,380850.2047,5037818.396,45.47614924,-75.52728177,3306
16--13489,2016/12/18,8:55 AM,HIGHWAY 417 btwn HWY417 IC134 RAMP26 & HWY417 IC134 RAMP61 (__3ZAZEU),__3ZAZEU,01 - Non intersection,03 - P.D. only,07 - SMV other,03 - Snow,01 - Daylight,03 - Loose snow,10 - No control,,1,0,0,0,,0,,,,,356568.083,5022368.163,45.3393509,-75.8394583,3307
16--1349,2016/01/29,7:00 PM,MULDER AVE btwn SCULLY WAY & SCULLY WAY (__3ZACFF),__3ZACFF,01 - Non intersection,03 - P.D. only,06 - SMV unattended vehicle,01 - Clear,07 - Dark,02 - Wet,10 - No control,,1,0,0,0,,0,,,,,386316.1734,5037253.758,45.4704525,-75.45747437,3308
16--13490,2016/12/18,9:00 AM,VIEILLE-CASERNE PRIV btwn TOMPKINS AVE & TOMPKINS AVE (__7TSWPZ),__7TSWPZ,04 - At/near private drive,03 - P.D. only,99 - Other,03 - Snow,01 - Daylight,03 - Loose snow,10 - No control,,2,0,0,0,,0,,,,,382395.483,5037585.1,45.47388024,-75.50755673,3309
16--13491,2016/12/18,9:00 PM,SUMMER DAYS WALK btwn ECLIPSE CRES E & ECLIPSE CRES W (__8XI25F),__8XI25F,01 - Non intersection,03 - P.D. only,06 - SMV unattended vehicle,03 - Snow,07 - Dark,03 - Loose snow,10 - No control,,1,0,0,0,,0,,,,,385941.347,5035177.173,45.45181308,-75.46261002,3310
16--13492,2016/12/18,9:45 AM,HIGHWAY 417 btwn HWY417 IC140 RAMP25 & HWY417 IC139 RAMP15 (__4BCLBK),__4BCLBK,01 - Non intersection,03 - P.D. only,07 - SMV other,03 - Snow,01 - Daylight,04 - Slush,10 - No control,,1,0,0,0,,0,,,,,351653.8081,5019144.05,45.31068503,-75.90246411,3311
16--13493,2016/12/19,1:39 PM,MERIVALE RD/LOTTA AVE @ CLYDE AVE (0001112),1112,02 - Intersection related,03 - P.D. only,03 - Rear end,01 - Clear,01 - Daylight,05 - Packed snow,01 - Traffic signal,00 - Unknown,2,0,0,0,,0,,,,,364518.4761,5024506.2,45.35795701,-75.73776445,3312
16--13494,2016/12/19,1:45 PM,MEADOWLANDS DR/TALLWOOD DR @ WOODROFFE AVE (0000095),95,02 - Intersection related,03 - P.D. only,04 - Sideswipe,03 - Snow,01 - Daylight,02 - Wet,01 - Traffic signal,01 - Functioning,2,0,0,0,,0,,,,,363056.9281,5022730.371,45.34210122,-75.75662699,3313
16--13495,2016/12/19,1:52 PM,INNES RD @ ORCHARDVIEW AVE/ESPRIT DR (0012279),12279,03 - At intersection,02 - Non-fatal injury,05 - Turning movement,01 - Clear,01 - Daylight,01 - Dry,01 - Traffic signal,01 - Functioning,2,0,0,0,02 - Minor,1,,1,,,384845.2704,5036562.088,45.46439965,-75.47639562,3314
16--13496,2016/12/19,1:54 PM,BANTREE ST @ BLACKWELL ST (0008392),8392,02 - Intersection related,03 - P.D. only,02 - Angle,03 - Snow,01 - Daylight,05 - Packed snow,02 - Stop sign,01 - Functioning,2,0,0,0,,0,,,,,374450.5083,5029962.211,45.40613138,-75.61023835,3315
16--13497,2016/12/19,10:03 AM,ORLEANS BLVD @ ST. JOSEPH BLVD (0004144),4144,02 - Intersection related,03 - P.D. only,03 - Rear end,01 - Clear,01 - Daylight,04 - Slush,01 - Traffic signal,01 - Functioning,3,0,0,0,,0,,,,,380629.2532,5036980.176,45.46863165,-75.5302368,3316
16--13498,2016/12/19,10:07 AM,CANOTEK RD @ GREEN CREEK DR (0012324),12324,02 - Intersection related,03 - P.D. only,03 - Rear end,01 - Clear,01 - Daylight,05 - Packed snow,02 - Stop sign,01 - Functioning,2,0,0,0,,0,,,,,376385.3612,5035785.077,45.45832679,-75.58467783,3317
16--13499,2016/12/19,11:58 PM,MARCH RD btwn TERRY FOX DR & SOLANDT RD (__3ZA3CE),__3ZA3CE,01 - Non intersection,03 - P.D. only,04 - Sideswipe,01 - Clear,07 - Dark,03 - Loose snow,10 - No control,,2,0,0,0,,0,,,,,350478.8425,5022719.198,45.34293249,-75.91711805,3318
16--135,2016/01/05,10:48 AM,KLONDIKE RD @ MARCH RD (0003096),3096,02 - Intersection related,03 - P.D. only,02 - Angle,01 - Clear,01 - Daylight,01 - Dry,01 - Traffic signal,01 - Functioning,2,0,0,0,,0,,,,,349262.2205,5024062.747,45.35510022,-75.9325211,3319
16--1350,2016/01/29,7:10 AM,HIGHWAY 417 btwn HWY417 IC138 RAMP36 & HIGHWAY 417 (__3ZA29F),__3ZA29F,01 - Non intersection,02 - Non-fatal injury,07 - SMV other,03 - Snow,03 - Dawn,02 - Wet,10 - No control,,1,0,0,0,01 - Minimal,1,1,,,,352920.1162,5020246.077,45.32051567,-75.88620851,3320
16--13234,2016/12/15,2:35 PM,HIGHWAY 417 btwn HWY417 IC134 RAMP36 & HWY417 IC134 RAMP26 (__3ZA29C),__3ZA29C,01 - Non intersection,03 - P.D. only,04 - Sideswipe,01 - Clear,01 - Daylight,02 - Wet,10 - No control,,2,0,0,0,,0,,,,,356385.6691,5022278.533,45.33855784,-75.84179502,3321
16--13145,2016/12/13,8:10 AM,KENT ST @ SLATER ST (0002114),2114,03 - At intersection,02 - Non-fatal injury,07 - SMV other,01 - Clear,01 - Daylight,01 - Dry,01 - Traffic signal,01 - Functioning,1,0,0,1,01 - Minimal,1,1,,,,367264.1919,5031252.173,45.41841627,-75.70186816,3322
16--12876,2016/12/08,8:55 PM,MAJESTIC DR @ WOODROFFE AVE (0000562),562,02 - Intersection related,03 - P.D. only,03 - Rear end,03 - Snow,07 - Dark,03 - Loose snow,01 - Traffic signal,01 - Functioning,2,0,0,0,,0,,,,,363527.22,5021570.782,45.33162812,-75.75076407,3323
16--13235,2016/12/15,2:51 AM,TENTH LINE RD btwn HARVEST VALLEY AVE & SOUTHFIELD WAY (__6733MW),__6733MW,01 - Non intersection,01 - Fatal injury,01 - Approaching,01 - Clear,07 - Dark,02 - Wet,10 - No control,,2,0,0,0,04 - Fatal,2,1,,,1,384629.8226,5034544.105,45.44626835,-75.47947786,3324
16--13146,2016/12/13,8:29 AM,BEECHWOOD AVE @ MARIER AVE/PUTMAN AVE (0007195),7195,03 - At intersection,03 - P.D. only,04 - Sideswipe,01 - Clear,01 - Daylight,02 - Wet,01 - Traffic signal,01 - Functioning,2,0,0,0,,0,,,,,369607.3628,5033907.179,45.44209185,-75.67158213,3325
16--12966,2016/12/09,9:14 AM,RIVERSIDE DR @ QUESNEL DR (0006966),6966,02 - Intersection related,03 - P.D. only,04 - Sideswipe,01 - Clear,01 - Daylight,01 - Dry,02 - Stop sign,01 - Functioning,3,0,0,0,,0,,,,,368061.5338,5024100.577,45.35399658,-75.69259781,3326
16--13236,2016/12/15,3:13 PM,POOLE CREEK CRES btwn WOODWIND CRES & FRINGEWOOD DR (__3ZACRV),__3ZACRV,04 - At/near private drive,03 - P.D. only,06 - SMV unattended vehicle,01 - Clear,01 - Daylight,01 - Dry,10 - No control,,1,0,0,0,,0,,,,,350949.438,5015164.932,45.27492642,-75.91181685,3327
16--12877,2016/12/08,8:59 PM,WEST HUNT CLUB RD WB btwn KNOXDALE RD & WOODROFFE AVE (__3ZA17D),__3ZA17D,01 - Non intersection,03 - P.D. only,99 - Other,03 - Snow,07 - Dark,06 - Ice,10 - No control,,2,0,0,0,,0,,,,,363504.9391,5021136.939,45.32772629,-75.75109976,3328
16--13147,2016/12/13,8:50 AM,ALBERT ST btwn KENT ST & BANK ST (__3ZA3CA),__3ZA3CA,01 - Non intersection,03 - P.D. only,06 - SMV unattended vehicle,03 - Snow,01 - Daylight,04 - Slush,10 - No control,,1,0,0,0,,0,,,,,367365.8203,5031411.565,45.41984135,-75.70054949,3329
16--13237,2016/12/15,3:30 PM,EAGLESON RD btwn 240 N OF CADENCE GT/COPE DR/LOBLAWS SC & CADENCE GT/C (__3ZA41IB),__3ZA41IB,01 - Non intersection,03 - P.D. only,03 - Rear end,03 - Snow,01 - Daylight,03 - Loose snow,10 - No control,,2,0,0,0,,0,,,,,354614.8252,5016041.092,45.28256019,-75.86501565,3330
16--12692,2016/12/05,8:01 AM,HAWTHORNE RD btwn AGES DR & STEVENAGE DR (__3ZA2E9),__3ZA2E9,01 - Non intersection,03 - P.D. only,04 - Sideswipe,03 - Snow,01 - Daylight,04 - Slush,10 - No control,,2,0,0,0,,0,,,,,375047.6021,5027530.915,45.38419613,-75.60295781,3331