Anom_ID,Accident_Date,Accident_Time,Location,Geo_ID,Accident_Location,Classification_of_Accident,Initial_Impact_Type,Environment_Condition,Light,Road_Surface_Condition,Traffic_Control,Traffic_Control_Condition,No__of_Vehicles,No__of_Bicycles,No__of_Motorcycles,No__of_Pedestrians,Max_Injury,No__of_Injuries,No__of_Minimal,No__of_Minor,No__of_Major,No__of_Fatal,X,Y,Latitude,Longitude,ObjectId
16--12967,2016/12/09,9:14 AM,HWY417 IC117 RAMP51 btwn HIGHWAY 417 & HWY417 IC117 RAMP53 (__3ZAY9J),__3ZAY9J,01 - Non intersection,03 - P.D. only,03 - Rear end,01 - Clear,01 - Daylight,01 - Dry,10 - No control,,2,0,0,0,,0,,,,,370451.9057,5031131.725,45.41704068,-75.6611577,3332
16--12693,2016/12/05,8:07 AM,CARP RD @ HAZELDEAN RD (0000086),86,03 - At intersection,03 - P.D. only,05 - Turning movement,03 - Snow,01 - Daylight,03 - Loose snow,01 - Traffic signal,01 - Functioning,2,0,0,0,,0,,,,,348804.3564,5014359.778,45.26781887,-75.93922631,3333
16--12878,2016/12/08,9:10 PM,GREENBANK RD @ WEST HUNT CLUB RD (0005167),5167,02 - Intersection related,03 - P.D. only,04 - Sideswipe,03 - Snow,07 - Dark,06 - Ice,01 - Traffic signal,01 - Functioning,2,0,0,0,,0,,,,,361482.1615,5020503.721,45.32219487,-75.77697476,3334
16--13148,2016/12/13,9:21 AM,RUSSELL AVE @ LAURIER AVE (0007752),7752,03 - At intersection,03 - P.D. only,02 - Angle,01 - Clear,01 - Daylight,03 - Loose snow,02 - Stop sign,01 - Functioning,2,0,0,0,,0,,,,,369036.8825,5032213.51,45.42690552,-75.67909468,3335
16--13238,2016/12/15,3:40 PM,FALLOWFIELD RD @ 482 E OF HOLITMAN DR/BARRHAVE (0010441),10441,03 - At intersection,02 - Non-fatal injury,04 - Sideswipe,05 - Drifting Snow,01 - Daylight,03 - Loose snow,01 - Traffic signal,01 - Functioning,4,0,0,0,01 - Minimal,2,2,,,,364164.2645,5017376.488,45.29383449,-75.74313996,3336
16--12968,2016/12/09,9:15 AM,ABBEYHILL DR @ EAGLESON RD (0003404),3404,02 - Intersection related,03 - P.D. only,03 - Rear end,01 - Clear,01 - Daylight,06 - Ice,01 - Traffic signal,01 - Functioning,2,0,0,0,,0,,,,,353827.9499,5018034.167,45.30054965,-75.87484826,3337
16--12879,2016/12/08,9:13 PM,BANK ST @ WALKLEY RD (0011423),11423,03 - At intersection,02 - Non-fatal injury,02 - Angle,03 - Snow,07 - Dark,06 - Ice,01 - Traffic signal,01 - Functioning,2,0,0,0,02 - Minor,1,,1,,,370337.0238,5025948.977,45.37041894,-75.66331384,3338
16--13149,2016/12/14,1:00 PM,RICHMOND RD @ WEST HUNT CLUB RD (0000598),598,03 - At intersection,02 - Non-fatal injury,05 - Turning movement,01 - Clear,01 - Daylight,01 - Dry,01 - Traffic signal,01 - Functioning,2,0,0,0,01 - Minimal,2,2,,,,357143.1628,5018152.876,45.30137863,-75.83256648,3339
16--13239,2016/12/15,3:50 PM,HAZELDEAN RD btwn GO/KA BOUNDARY & HUNTMAR DR/IBER RD (__3ZA3DJ),__3ZA3DJ,01 - Non intersection,03 - P.D. only,03 - Rear end,00 - Unknown,00 - Unknown,01 - Dry,10 - No control,,2,0,0,0,,0,,,,,351026.1919,5016155.926,45.28383865,-75.91074636,3340
16--12969,2016/12/09,9:17 AM,MARCH RD btwn HWY417 IC138 RAMP26 & EAGLESON RD (__3ZA413),__3ZA413,07 - Overpass or bridge,03 - P.D. only,01 - Approaching,01 - Clear,01 - Daylight,04 - Slush,10 - No control,,2,0,0,0,,0,,,,,352937.889,5020242.011,45.32047787,-75.88598222,3341
16--1288,2016/01/28,10:54 AM,REGIONAL ROAD 174 btwn OR174 IC112 RAMP26 & OR174 IC112 RAMP61 (__3ZA2XF),__3ZA2XF,01 - Non intersection,03 - P.D. only,03 - Rear end,03 - Snow,01 - Daylight,03 - Loose snow,10 - No control,,3,0,0,0,,0,,,,,375167.1808,5033123.594,45.43450409,-75.60063271,3342
16--1315,2016/01/29,11:04 AM,ELGIN ST @ WELLINGTON ST W (0002113),2113,03 - At intersection,03 - P.D. only,04 - Sideswipe,03 - Snow,01 - Daylight,02 - Wet,01 - Traffic signal,01 - Functioning,2,0,0,0,,0,,,,,367664.9233,5031877.358,45.42400559,-75.69666857,3343
16--1324,2016/01/29,12:44 PM,MCARTHUR AVE @ VANIER PKWY (0004626),4626,02 - Intersection related,03 - P.D. only,03 - Rear end,03 - Snow,01 - Daylight,02 - Wet,01 - Traffic signal,01 - Functioning,2,0,0,0,,0,,,,,370218.4855,5032689.927,45.43108261,-75.66393288,3344
16--1297,2016/01/28,12:39 PM,BELFAST RD @ ST. LAURENT BLVD (0007658),7658,02 - Intersection related,03 - P.D. only,03 - Rear end,03 - Snow,01 - Daylight,04 - Slush,01 - Traffic signal,01 - Functioning,3,0,0,0,,0,,,,,372864.1793,5030579.82,45.41184439,-75.63041552,3345
16--12970,2016/12/09,9:20 AM,EAGLESON RD btwn ABBEYHILL DR & PALOMINO DR (__3ZA41M),__3ZA41M,01 - Non intersection,02 - Non-fatal injury,03 - Rear end,05 - Drifting Snow,01 - Daylight,06 - Ice,10 - No control,,2,0,0,0,02 - Minor,1,,1,,,353900.8277,5017850.73,45.29889396,-75.87393722,3346
16--12971,2016/12/09,9:20 AM,CARLING AVE @ RICHMOND RD (0010847),10847,02 - Intersection related,03 - P.D. only,03 - Rear end,01 - Clear,01 - Daylight,06 - Ice,01 - Traffic signal,01 - Functioning,2,0,0,0,,0,,,,,360246.5072,5024782.755,45.3607963,-75.7922557,3347
16--12972,2016/12/09,9:22 PM,WOODROFFE AVE btwn CARLING AVE & FOX CRES (__3ZA4NI),__3ZA4NI,01 - Non intersection,03 - P.D. only,03 - Rear end,01 - Clear,07 - Dark,06 - Ice,10 - No control,,2,0,0,0,,0,,,,,361802.4662,5025636.901,45.36835705,-75.77229779,3348
16--12973,2016/12/09,9:29 AM,LOTTA AVE @ ST. HELEN'S PL (0001172),1172,02 - Intersection related,03 - P.D. only,07 - SMV other,01 - Clear,01 - Daylight,05 - Packed snow,02 - Stop sign,01 - Functioning,1,0,0,0,,0,,,,,364318.6054,5024393.677,45.35696154,-75.74032889,3349
16--12974,2016/12/09,9:30 PM,WEST RIVER DR btwn WEST AVE & NORTH DR (__3ZA99X),__3ZA99X,01 - Non intersection,03 - P.D. only,06 - SMV unattended vehicle,01 - Clear,07 - Dark,01 - Dry,10 - No control,,1,0,0,0,,0,,,,,368450.3973,5010392.547,45.23061846,-75.68939436,3350
16--12975,2016/12/09,9:33 AM,THURLOW ST btwn GLENMORE ST & PRINCESS LOUISE DR (__3ZA6AJ),__3ZA6AJ,04 - At/near private drive,03 - P.D. only,06 - SMV unattended vehicle,03 - Snow,01 - Daylight,06 - Ice,10 - No control,,1,0,0,0,,0,,,,,383420.5573,5038124.551,45.47861907,-75.49436175,3351
16--12976,2016/12/09,9:34 PM,BRIDGE ST @ DICKINSON ST (0009326),9326,03 - At intersection,03 - P.D. only,05 - Turning movement,01 - Clear,07 - Dark,02 - Wet,01 - Traffic signal,01 - Functioning,2,0,0,0,,0,,,,,368854.981,5010077.365,45.22774578,-75.68428297,3352
16--12977,2016/12/09,9:35 AM,BASELINE RD @ MERIVALE RD (0002342),2342,02 - Intersection related,03 - P.D. only,03 - Rear end,01 - Clear,01 - Daylight,06 - Ice,01 - Traffic signal,01 - Functioning,2,0,0,0,,0,,,,,365053.8682,5025325.929,45.365287,-75.73083148,3353
16--12978,2016/12/10,1:03 PM,PINECREST RD/HWY 417 PINECRE IC129R63 @ TRANSI (0008264),8264,02 - Intersection related,02 - Non-fatal injury,02 - Angle,01 - Clear,01 - Daylight,01 - Dry,01 - Traffic signal,01 - Functioning,2,0,0,0,02 - Minor,1,,1,,,360388.6116,5023678.347,45.35084761,-75.79056614,3354
16--12979,2016/12/10,1:13 PM,BASELINE RD @ LEXINGTON ST (0002731),2731,02 - Intersection related,02 - Non-fatal injury,03 - Rear end,01 - Clear,01 - Daylight,01 - Dry,02 - Stop sign,00 - Unknown,2,0,0,0,02 - Minor,2,,2,,,366390.8795,5026167.456,45.37274268,-75.71366059,3355
16--1298,2016/01/28,2:39 PM,EASTVALE DR btwn OGILVIE RD & LOYOLA AVE (__3ZA705),__3ZA705,04 - At/near private drive,03 - P.D. only,02 - Angle,03 - Snow,01 - Daylight,03 - Loose snow,10 - No control,,2,0,0,0,,0,,,,,375663.2904,5035104.013,45.45227261,-75.59400752,3356
16--12980,2016/12/10,1:42 PM,TERRY FOX DR @ PALLADIUM DR/KATIMAVIK RD (0011858),11858,02 - Intersection related,03 - P.D. only,04 - Sideswipe,01 - Clear,01 - Daylight,01 - Dry,01 - Traffic signal,00 - Unknown,2,0,0,0,,0,,,,,351268.0617,5018183.017,45.30206304,-75.90747345,3357
16--12981,2016/12/10,10:01 AM,DALHOUSIE ST @ ST. PATRICK ST (0008242),8242,02 - Intersection related,02 - Non-fatal injury,03 - Rear end,01 - Clear,01 - Daylight,01 - Dry,01 - Traffic signal,01 - Functioning,2,0,0,0,01 - Minimal,1,1,,,,367955.2161,5032638.511,45.43082804,-75.69286177,3358
16--12982,2016/12/10,10:08 PM,WALKLEY RD @ HEATHERINGTON RD (0006928),6928,02 - Intersection related,03 - P.D. only,02 - Angle,01 - Clear,07 - Dark,01 - Dry,01 - Traffic signal,01 - Functioning,2,0,0,0,,0,,,,,371766.2271,5026795.43,45.3778999,-75.644955,3359
16--13500,2016/12/19,Unknown,SPENCER ST btwn HAMILTON AVE N & PARKDALE AVE (__3ZA0G0),__3ZA0G0,01 - Non intersection,03 - P.D. only,06 - SMV unattended vehicle,01 - Clear,00 - Unknown,01 - Dry,10 - No control,,1,0,0,0,,0,,,,,365057.0421,5029464.271,45.40252272,-75.7302858,3360
16--12694,2016/12/05,8:08 AM,BRIAN GOOD AVE @ POPLIN ST (0015034),15034,03 - At intersection,03 - P.D. only,02 - Angle,03 - Snow,01 - Daylight,06 - Ice,10 - No control,00 - Unknown,2,0,0,0,,0,,,,,368164.583,5014727.027,45.26964561,-75.69248142,3361
16--12983,2016/12/10,10:25 PM,MITCH OWENS RD btwn DOWNEY RD & MANOTICK STATION RD (__3ZA3TK),__3ZA3TK,01 - Non intersection,03 - P.D. only,07 - SMV other,01 - Clear,07 - Dark,01 - Dry,10 - No control,,1,0,0,0,,0,,,,,373465.8612,5013235.638,45.25572883,-75.62513565,3362
16--12984,2016/12/10,11:10 PM,WOODROFFE AVE btwn GRENFELL CRES & 260 N OF FALLOWFIELD RD/TRANSITWAY  (__3ZA3IO),__3ZA3IO,01 - Non intersection,02 - Non-fatal injury,07 - SMV other,01 - Clear,07 - Dark,01 - Dry,10 - No control,,1,0,0,0,02 - Minor,1,,1,,,364587.5806,5019139.277,45.30966009,-75.73753082,3363
16--12985,2016/12/10,11:35 AM,BASELINE RD @ CLYDE AVE (0002343),2343,02 - Intersection related,02 - Non-fatal injury,03 - Rear end,01 - Clear,01 - Daylight,01 - Dry,01 - Traffic signal,01 - Functioning,2,0,0,0,01 - Minimal,1,1,,,,364359.5056,5024893.872,45.36145875,-75.73974663,3364
16--12986,2016/12/10,12:25 PM,MEADOWLANDS DR/PETER ST @ PERRY ST (0001114),1114,02 - Intersection related,03 - P.D. only,03 - Rear end,01 - Clear,01 - Daylight,06 - Ice,01 - Traffic signal,01 - Functioning,3,0,0,0,,0,,,,,364439.1036,5023493.479,45.34885143,-75.73889962,3365
16--12987,2016/12/10,12:36 PM,BRADLEY AVE @ SHAKESPEARE ST (0010038),10038,03 - At intersection,03 - P.D. only,02 - Angle,01 - Clear,01 - Daylight,06 - Ice,02 - Stop sign,01 - Functioning,2,0,0,0,,0,,,,,370433.7101,5033632.368,45.43954213,-75.6610569,3366
16--12988,2016/12/10,12:43 PM,JOCKVALE RD @ STRANDHERD DR (0010541),10541,02 - Intersection related,03 - P.D. only,03 - Rear end,01 - Clear,01 - Daylight,01 - Dry,01 - Traffic signal,01 - Functioning,2,0,0,0,,0,,,,,363561.3087,5014579.908,45.26872151,-75.75115775,3367
16--12989,2016/12/10,12:49 PM,JOSEPH CYR ST @ LEMIEUX ST (0009480),9480,02 - Intersection related,03 - P.D. only,99 - Other,01 - Clear,01 - Daylight,01 - Dry,02 - Stop sign,00 - Unknown,2,0,0,0,,0,,,,,372494.3706,5031752.175,45.42242857,-75.63497858,3368
16--1299,2016/01/28,2:55 PM,HERON RD @ JEFFERSON ST (0007192),7192,02 - Intersection related,03 - P.D. only,03 - Rear end,01 - Clear,01 - Daylight,01 - Dry,01 - Traffic signal,01 - Functioning,2,0,0,0,,0,,,,,371807.6276,5027053.2,45.38021526,-75.64439146,3369
16--12990,2016/12/10,12:52 PM,BRONSON AVE @ POWELL AVE (0007212),7212,02 - Intersection related,03 - P.D. only,02 - Angle,01 - Clear,01 - Daylight,01 - Dry,01 - Traffic signal,01 - Functioning,2,0,0,0,,0,,,,,367388.0984,5029476.994,45.40243267,-75.7005105,3370
16--12991,2016/12/10,12:54 AM,SHEA RD btwn FERNBANK RD & FLEWELLYN RD (__3ZABGL),__3ZABGL,01 - Non intersection,03 - P.D. only,07 - SMV other,01 - Clear,07 - Dark,01 - Dry,10 - No control,,1,0,0,0,,0,,,,,352324.1774,5012931.227,45.25473529,-75.89451022,3371
16--12992,2016/12/10,2:00 PM,RUSSELL AVE @ LAURIER AVE (0007752),7752,03 - At intersection,03 - P.D. only,02 - Angle,01 - Clear,01 - Daylight,04 - Slush,02 - Stop sign,01 - Functioning,2,0,0,0,,0,,,,,369037.786,5032215.797,45.42692602,-75.67908284,3372
16--12993,2016/12/10,2:26 PM,BANK ST @ RIVERSIDE DR S (0002704),2704,02 - Intersection related,03 - P.D. only,03 - Rear end,01 - Clear,01 - Daylight,06 - Ice,01 - Traffic signal,01 - Functioning,2,0,0,0,,0,,,,,369305.3305,5027895.507,45.38802894,-75.6762294,3373
16--12994,2016/12/10,2:40 PM,CARLING AVE @ CIVIC HOSPITAL (0008793),8793,03 - At intersection,03 - P.D. only,05 - Turning movement,01 - Clear,01 - Daylight,01 - Dry,01 - Traffic signal,01 - Functioning,2,0,0,0,,0,,,,,365791.39,5028276.958,45.39177596,-75.72105303,3374
16--12995,2016/12/10,2:52 PM,EAGLESON RD @ HOPE SIDE RD/TERRY FOX DR (0000509),509,02 - Intersection related,03 - P.D. only,03 - Rear end,01 - Clear,01 - Daylight,01 - Dry,01 - Traffic signal,01 - Functioning,2,0,0,0,,0,,,,,355188.9428,5014616.005,45.26969602,-75.85784254,3375
16--12996,2016/12/10,3:30 PM,FIFTH AVE btwn BANK ST & HOWICK PL (__3ZA92S),__3ZA92S,01 - Non intersection,03 - P.D. only,04 - Sideswipe,01 - Clear,01 - Daylight,01 - Dry,10 - No control,,2,0,0,0,,0,,,,,368490.6389,5029454.803,45.40213356,-75.68643112,3376
16--12997,2016/12/10,3:31 PM,CATHERINE ST @ KENT ST (0002707),2707,03 - At intersection,03 - P.D. only,05 - Turning movement,01 - Clear,01 - Daylight,01 - Dry,01 - Traffic signal,01 - Functioning,2,0,0,0,,0,,,,,367908.3661,5030188.784,45.40879043,-75.69377424,3377
16--12998,2016/12/10,3:55 PM,HIGHWAY 417 btwn HWY417 IC127 RAMP35 & HWY417 IC127 RAMP25 (__3ZA2RE),__3ZA2RE,01 - Non intersection,03 - P.D. only,03 - Rear end,01 - Clear,01 - Daylight,01 - Dry,10 - No control,,2,0,0,0,,0,,,,,362134.9026,5024836.981,45.36113232,-75.76814702,3378
16--12999,2016/12/10,4:50 PM,BAYSHORE DR btwn WOODRIDGE CRES S & BAYSHORE CS (__3ZAA4OB),__3ZAA4OB,04 - At/near private drive,03 - P.D. only,02 - Angle,01 - Clear,05 - Dusk,02 - Wet,10 - No control,,2,0,0,0,,0,,,,,359210.1816,5023545.758,45.34974699,-75.80561899,3379
16--13,2016/01/01,2:35 AM,PORTOBELLO BLVD btwn INNES RD & CHAREST WAY (__4BQ966),__4BQ966,01 - Non intersection,03 - P.D. only,07 - SMV other,03 - Snow,07 - Dark,05 - Packed snow,10 - No control,,1,0,0,0,,0,,,,,385666.6709,5036750.463,45.46599986,-75.46586243,3380
16--130,2016/01/05,1:39 PM,IRIS ST btwn IRIS ST W & IRIS ST E (__3ZAYFQ),__3ZAYFQ,01 - Non intersection,03 - P.D. only,04 - Sideswipe,01 - Clear,01 - Daylight,01 - Dry,10 - No control,,2,0,0,0,,0,,,,,360636.8085,5023349.752,45.34787121,-75.78743595,3381
16--1300,2016/01/28,2:58 PM,DONALD ST @ 48 E  PAUL EMILE LAMARCHE (0008969),8969,02 - Intersection related,02 - Non-fatal injury,03 - Rear end,01 - Clear,01 - Daylight,02 - Wet,01 - Traffic signal,01 - Functioning,3,0,0,0,02 - Minor,3,,3,,,371409.0226,5032394.567,45.42831272,-75.6487591,3382
16--13000,2016/12/10,5:10 PM,HIGHWAY 417 btwn HWY417 IC163 RAMP15 & HWY417 IC155 RAMP51 (__3ZAZNS),__3ZAZNS,01 - Non intersection,03 - P.D. only,07 - SMV other,01 - Clear,07 - Dark,01 - Dry,10 - No control,,1,0,0,0,,0,,,,,331293.4326,5021455.573,45.33254869,-76.16199407,3383
16--13001,2016/12/10,5:10 PM,HIGHWAY 417 btwn HWY417 IC129 RAMP25 & HWY417 IC129 RAMP35 (__3ZAYFR),__3ZAYFR,01 - Non intersection,03 - P.D. only,03 - Rear end,01 - Clear,07 - Dark,01 - Dry,10 - No control,,3,0,0,0,,0,,,,,360471.0343,5023531.928,45.3495236,-75.78953081,3384
16--13002,2016/12/10,5:20 PM,HARE AVE @ LENESTER AVE (0003066),3066,03 - At intersection,03 - P.D. only,02 - Angle,01 - Clear,07 - Dark,06 - Ice,02 - Stop sign,01 - Functioning,2,0,0,0,,0,,,,,362509.1871,5025807.278,45.36983225,-75.76325653,3385
16--13003,2016/12/10,5:41 PM,BRONSON AVE @ SUNNYSIDE AVE/UNIVERSITY RD - CA (0007209),7209,03 - At intersection,02 - Non-fatal injury,07 - SMV other,01 - Clear,07 - Dark,01 - Dry,01 - Traffic signal,01 - Functioning,1,0,0,1,02 - Minor,1,,1,,,367922.7073,5028091.291,45.38991652,-75.69385948,3386
16--13004,2016/12/10,8:13 AM,BELFAST RD @ COVENTRY RD (0002646),2646,02 - Intersection related,03 - P.D. only,03 - Rear end,01 - Clear,01 - Daylight,06 - Ice,01 - Traffic signal,01 - Functioning,2,0,0,0,,0,,,,,371526.2056,5031641.979,45.42153009,-75.64736366,3387
16--13005,2016/12/10,8:56 AM,HUNT CLUB RD @ DOWNPATRICK RD/MCCARTHY RD (0006931),6931,02 - Intersection related,02 - Non-fatal injury,03 - Rear end,01 - Clear,01 - Daylight,01 - Dry,01 - Traffic signal,01 - Functioning,2,0,0,0,02 - Minor,2,,2,,,370506.9062,5023399.267,45.34746152,-75.6614842,3388
16--13006,2016/12/10,9:57 AM,HUNT CLUB RD btwn BILLY BISHOP PRIV & HUNT CLUB PL (__3ZA36H),__3ZA36H,01 - Non intersection,03 - P.D. only,04 - Sideswipe,01 - Clear,01 - Daylight,01 - Dry,10 - No control,,2,0,0,0,,0,,,,,369021.9076,5022526.63,45.33974729,-75.68054626,3389
16--13007,2016/12/11,1:07 PM,CARP RD @ THOMAS A. DOLAN PKWY (0002118),2118,03 - At intersection,02 - Non-fatal injury,02 - Angle,01 - Clear,01 - Daylight,01 - Dry,02 - Stop sign,02 - Not functioning,2,0,0,0,01 - Minimal,1,1,,,,336459.5381,5025991.085,45.37314718,-76.09579546,3390
16--13008,2016/12/11,1:08 AM,UPPER DWYER HILL RD btwn MARCH RD & OLD ALMONTE RD (__3ZA4QB),__3ZA4QB,01 - Non intersection,02 - Non-fatal injury,07 - SMV other,01 - Clear,07 - Dark,01 - Dry,10 - No control,,1,0,0,0,03 - Major,2,,1,1,,335452.4102,5012785.283,45.25435928,-76.10947042,3391
16--13009,2016/12/11,10:00 AM,HIGHWAY 417 btwn HWY417 IC163 RAMP15 & HWY417 IC155 RAMP51 (__3ZAZNS),__3ZAZNS,01 - Non intersection,03 - P.D. only,07 - SMV other,01 - Clear,01 - Daylight,01 - Dry,10 - No control,,1,0,0,0,,0,,,,,336018.7985,5020222.033,45.32125437,-76.1017865,3392
16--1301,2016/01/28,3:11 PM,PRESTON ST btwn GEORGE ST W & ABERDEEN ST (__3ZA3ZV),__3ZA3ZV,01 - Non intersection,03 - P.D. only,03 - Rear end,03 - Snow,01 - Daylight,04 - Slush,10 - No control,,2,0,0,0,,0,,,,,366629.0318,5029396.14,45.40177262,-75.71021589,3393
16--13010,2016/12/11,10:30 AM,GREENBANK RD @ BERRIGAN DR/WESSEX RD (0004726),4726,03 - At intersection,02 - Non-fatal injury,07 - SMV other,01 - Clear,01 - Daylight,01 - Dry,01 - Traffic signal,01 - Functioning,1,0,0,1,02 - Minor,1,,1,,,363724.5099,5015276.839,45.27497886,-75.74899542,3394
16--13011,2016/12/11,11:05 PM,HIGHWAY 417 btwn HWY417 IC124 RAMP65 & HWY417 IC122 RAMP51 (__3ZA2R8),__3ZA2R8,01 - Non intersection,03 - P.D. only,04 - Sideswipe,03 - Snow,07 - Dark,03 - Loose snow,10 - No control,,2,0,0,0,,0,,,,,365131.7558,5028676.015,45.39542373,-75.72942793,3395
16--13012,2016/12/11,11:48 AM,AIRPORT PKWY btwn AIRPORT PARKWAY PRIV & RAMP (__3ZA23H),__3ZA23H,01 - Non intersection,03 - P.D. only,05 - Turning movement,01 - Clear,01 - Daylight,01 - Dry,10 - No control,,2,0,0,0,,0,,,,,371034.3424,5021255.079,45.32811913,-75.65504108,3396
16--13013,2016/12/11,Unknown,FAIRMONT AVE btwn WELLINGTON ST W & DUHAMEL ST (__3ZAAHH),__3ZAAHH,01 - Non intersection,03 - P.D. only,06 - SMV unattended vehicle,01 - Clear,00 - Unknown,01 - Dry,10 - No control,,1,0,0,0,,0,,,,,365567.0852,5029680.913,45.40442793,-75.72374449,3397
16--13014,2016/12/11,Unknown,KENT ST btwn MCLEOD ST & FLORA ST (__3ZA3PX),__3ZA3PX,01 - Non intersection,03 - P.D. only,06 - SMV unattended vehicle,03 - Snow,00 - Unknown,03 - Loose snow,10 - No control,,1,0,0,0,,0,,,,,367790.0173,5030384.353,45.41056076,-75.69526104,3398
16--13015,2016/12/11,12:43 AM,INDUSTRIAL AVE @ RUSSELL RD (0007732),7732,03 - At intersection,03 - P.D. only,07 - SMV other,01 - Clear,07 - Dark,01 - Dry,01 - Traffic signal,01 - Functioning,1,0,0,0,,0,,,,,372464.0723,5030278.311,45.40917035,-75.63556806,3399
16--13016,2016/12/11,12:50 AM,MCCORDICK RD btwn MCCORDICK RD & CENTURY RD W (__3ZAB0G),__3ZAB0G,01 - Non intersection,02 - Non-fatal injury,07 - SMV other,01 - Clear,07 - Dark,01 - Dry,10 - No control,,1,0,0,0,02 - Minor,1,,1,,,360224.7974,5003407.865,45.16846413,-75.79491782,3400
16--13017,2016/12/11,2:05 PM,BANK ST @ CATHERINE ST (0002708),2708,03 - At intersection,02 - Non-fatal injury,02 - Angle,01 - Clear,01 - Daylight,01 - Dry,01 - Traffic signal,01 - Functioning,2,0,0,0,01 - Minimal,1,1,,,,368040.5336,5030266.33,45.40947624,-75.69207599,3401
16--13018,2016/12/11,2:32 AM,MACKENZIE AVE @ RIDEAU ST (0002136),2136,03 - At intersection,03 - P.D. only,07 - SMV other,01 - Clear,07 - Dark,01 - Dry,01 - Traffic signal,01 - Functioning,1,0,0,0,,0,,,,,367870.5274,5032008.338,45.4251656,-75.69402471,3402
16--13019,2016/12/11,2:58 AM,DUNROBIN RD btwn GALETTA SIDE RD & BAIRD'S GRANT LANE (__3ZAZ5E),__3ZAZ5E,01 - Non intersection,03 - P.D. only,07 - SMV other,01 - Clear,07 - Dark,01 - Dry,10 - No control,,1,0,0,0,,0,,,,,333825.3279,5040196.681,45.5010881,-76.12858864,3403
16--1302,2016/01/28,3:18 PM,STRANDHERD DR @ WOODROFFE AVE (0009688),9688,02 - Intersection related,02 - Non-fatal injury,03 - Rear end,03 - Snow,01 - Daylight,02 - Wet,01 - Traffic signal,01 - Functioning,2,0,0,0,01 - Minimal,1,1,,,,366105.4954,5015394.929,45.27583787,-75.71863749,3404
16--13020,2016/12/11,3:04 AM,ISLAND PARK DR @ RICHMOND RD (0002125),2125,02 - Intersection related,03 - P.D. only,07 - SMV other,01 - Clear,07 - Dark,06 - Ice,01 - Traffic signal,00 - Unknown,1,0,0,0,,0,,,,,364130.7886,5028867.447,45.39723173,-75.74218837,3405
16--13021,2016/12/11,3:18 PM,TENTH LINE RD @ OR174 IC101 RAMP61 (0009217),9217,03 - At intersection,03 - P.D. only,02 - Angle,01 - Clear,01 - Daylight,01 - Dry,02 - Stop sign,01 - Functioning,2,0,0,0,,0,,,,,382702.2126,5039062.519,45.48713858,-75.50339992,3406
16--13022,2016/12/11,3:59 PM,BANK ST btwn BLAIS RD & RIDEAU RD (__3ZA29L),__3ZA29L,01 - Non intersection,03 - P.D. only,04 - Sideswipe,01 - Clear,05 - Dusk,01 - Dry,10 - No control,,2,0,0,0,,0,,,,,376156.4126,5019723.748,45.3138388,-75.58992687,3407
16--13023,2016/12/11,4:00 PM,ROYDON PL btwn WOODFIELD DR & WEST HUNT CLUB RD (__3ZAYGP),__3ZAYGP,04 - At/near private drive,03 - P.D. only,02 - Angle,03 - Snow,05 - Dusk,02 - Wet,10 - No control,,2,0,0,0,,0,,,,,365947.7263,5022209.957,45.33717259,-75.71980735,3408
16--13024,2016/12/11,4:05 PM,BASELINE RD @ CLYDE AVE (0002343),2343,02 - Intersection related,02 - Non-fatal injury,03 - Rear end,03 - Snow,05 - Dusk,02 - Wet,01 - Traffic signal,01 - Functioning,2,0,0,0,01 - Minimal,1,1,,,,364357.8751,5024888.443,45.36141004,-75.73976809,3409
16--13025,2016/12/11,4:22 PM,OLD MONTREAL RD btwn FAUBERT ST & MARKET ST (__3ZA6JR),__3ZA6JR,01 - Non intersection,03 - P.D. only,06 - SMV unattended vehicle,03 - Snow,05 - Dusk,04 - Slush,10 - No control,,1,0,0,0,,0,,,,,390323.9268,5042534.185,45.51748019,-75.40530752,3410
16--13026,2016/12/11,4:31 PM,WOODROFFE AVE btwn PARKGLEN DR & DAVID DR (__3ZA34H),__3ZA34H,01 - Non intersection,03 - P.D. only,04 - Sideswipe,03 - Snow,05 - Dusk,03 - Loose snow,10 - No control,,2,0,0,0,,0,,,,,362925.3853,5023035.774,45.34486013,-75.75826948,3411
16--13027,2016/12/11,4:52 PM,BEAUSEJOUR DR @ JEANNE D'ARC BLVD (0003636),3636,02 - Intersection related,03 - P.D. only,03 - Rear end,01 - Clear,05 - Dusk,01 - Dry,01 - Traffic signal,01 - Functioning,2,0,0,0,,0,,,,,381421.5753,5036062.642,45.46028996,-75.52024847,3412
16--13028,2016/12/11,5:00 PM,WOODROFFE AVE @ KNOXDALE RD/MEDHURST DR (0000519),519,02 - Intersection related,03 - P.D. only,03 - Rear end,03 - Snow,07 - Dark,06 - Ice,01 - Traffic signal,00 - Unknown,2,0,0,0,,0,,,,,363420.5181,5021826.073,45.33393413,-75.75209501,3413
16--13029,2016/12/11,6:21 PM,RAMSAYVILLE RD @ EIGHTH LINE RD (0009407),9407,02 - Intersection related,03 - P.D. only,01 - Approaching,03 - Snow,07 - Dark,03 - Loose snow,02 - Stop sign,01 - Functioning,2,0,0,0,,0,,,,,379533.1414,5021917.867,45.33322906,-75.54653512,3414