Anom_ID,Accident_Date,Accident_Time,Location,Geo_ID,Accident_Location,Classification_of_Accident,Initial_Impact_Type,Environment_Condition,Light,Road_Surface_Condition,Traffic_Control,Traffic_Control_Condition,No__of_Vehicles,No__of_Bicycles,No__of_Motorcycles,No__of_Pedestrians,Max_Injury,No__of_Injuries,No__of_Minimal,No__of_Minor,No__of_Major,No__of_Fatal,X,Y,Latitude,Longitude,ObjectId
16--1303,2016/01/28,4:00 PM,CATHERINE ST/HWY 417 O'CONN IC119BR76 @ O'CONN (0001697),1697,02 - Intersection related,03 - P.D. only,03 - Rear end,01 - Clear,01 - Daylight,01 - Dry,01 - Traffic signal,01 - Functioning,2,0,0,0,,0,,,,,368243.861,5030392.859,45.4105963,-75.68946237,3415
16--13030,2016/12/11,6:32 PM,FIFTH LINE RD @ KERWIN RD (0011756),11756,02 - Intersection related,03 - P.D. only,07 - SMV other,03 - Snow,07 - Dark,03 - Loose snow,10 - No control,00 - Unknown,1,0,0,0,,0,,,,,347368.3152,5030142.42,45.40992396,-75.95616797,3416
16--13031,2016/12/11,6:57 PM,LEBRETON ST @ SOMERSET ST (0006348),6348,03 - At intersection,03 - P.D. only,02 - Angle,03 - Snow,07 - Dark,04 - Slush,02 - Stop sign,01 - Functioning,2,0,0,0,,0,,,,,366681.4744,5030318.908,45.4100708,-75.70943025,3417
16--13032,2016/12/11,7:00 PM,HWY416 IC75A RAMP26 btwn HIGHWAY 417 & HIGHWAY 416 (__3ZAY4Y),__3ZAY4Y,01 - Non intersection,03 - P.D. only,07 - SMV other,03 - Snow,07 - Dark,03 - Loose snow,10 - No control,,1,0,0,0,,0,,,,,358702.5602,5022006.339,45.33593445,-75.8122645,3418
16--13033,2016/12/11,8:00 AM,MANN AVE btwn SENTIER PRIV & CHAPEL ST (__3ZAZD5),__3ZAZD5,01 - Non intersection,03 - P.D. only,06 - SMV unattended vehicle,01 - Clear,01 - Daylight,01 - Dry,10 - No control,,1,0,0,0,,0,,,,,369480.6524,5031510.793,45.42054185,-75.67351645,3419
16--13034,2016/12/11,8:00 PM,WESTBROOK RD btwn CARP RD & WALGREEN RD (__3ZACM9),__3ZACM9,01 - Non intersection,03 - P.D. only,07 - SMV other,03 - Snow,07 - Dark,03 - Loose snow,10 - No control,,1,0,0,0,,0,,,,,347510.8815,5015223.166,45.27566771,-75.95563481,3420
16--13035,2016/12/11,8:32 AM,CATHERINE ST @ LYON ST/HWY 417 LYON IC120BR36 (0002254),2254,03 - At intersection,03 - P.D. only,02 - Angle,01 - Clear,01 - Daylight,01 - Dry,01 - Traffic signal,01 - Functioning,2,0,0,0,,0,,,,,367747.4871,5030092.346,45.4079372,-75.69584162,3421
16--13036,2016/12/11,8:42 PM,PRINCE OF WALES DR btwn NORMANDY CRES & FALAISE RD (1) (__3ZA36P),__3ZA36P,01 - Non intersection,03 - P.D. only,01 - Approaching,03 - Snow,07 - Dark,02 - Wet,10 - No control,,2,0,0,0,,0,,,,,367477.1242,5024756.619,45.35995198,-75.69997267,3422
16--13037,2016/12/11,8:49 PM,KIRKWOOD AVE @ LAROSE AVE (0006721),6721,03 - At intersection,03 - P.D. only,04 - Sideswipe,03 - Snow,07 - Dark,03 - Loose snow,02 - Stop sign,01 - Functioning,2,0,0,0,,0,,,,,364647.9191,5026843.761,45.37897898,-75.73582923,3423
16--13038,2016/12/11,8:49 PM,FALLOWFIELD RD @ GREENBANK RD (0000549),549,03 - At intersection,03 - P.D. only,05 - Turning movement,03 - Snow,07 - Dark,03 - Loose snow,01 - Traffic signal,01 - Functioning,2,0,0,0,,0,,,,,363080.0171,5016732.236,45.28812827,-75.757038,3424
16--13039,2016/12/11,9:03 AM,NORTHSIDE RD @ CASSIDY RD (0000643),643,02 - Intersection related,03 - P.D. only,07 - SMV other,01 - Clear,99 - Other,01 - Dry,10 - No control,00 - Unknown,1,0,0,0,,0,,,,,358854.2478,5021475.668,45.33114778,-75.81038724,3425
16--1304,2016/01/28,4:26 PM,PARKDALE AVE btwn HUTCHISON AVE & RUSKIN ST (__3ZA4O3),__3ZA4O3,01 - Non intersection,03 - P.D. only,06 - SMV unattended vehicle,01 - Clear,01 - Daylight,01 - Dry,10 - No control,,1,0,0,0,,0,,,,,365499.1404,5028471.535,45.39355212,-75.72476119,3426
16--13040,2016/12/11,9:08 AM,KING EDWARD AVE btwn LAURIER AVE E & THOMAS MORE PRIV (__3ZA3UU),__3ZA3UU,01 - Non intersection,03 - P.D. only,03 - Rear end,01 - Clear,01 - Daylight,01 - Dry,10 - No control,,2,0,0,0,,0,,,,,368835.2967,5031875.548,45.42388315,-75.68171449,3427
16--13041,2016/12/11,9:08 AM,GREENBANK RD @ LISA AVE (0002753),2753,03 - At intersection,03 - P.D. only,02 - Angle,01 - Clear,01 - Daylight,01 - Dry,01 - Traffic signal,01 - Functioning,2,0,0,0,,0,,,,,360553.5774,5022893.273,45.34377044,-75.78854948,3428
16--13042,2016/12/11,9:30 AM,CAMBRIAN RD @ CEDARVIEW RD (0001571),1571,03 - At intersection,03 - P.D. only,07 - SMV other,01 - Clear,01 - Daylight,06 - Ice,02 - Stop sign,01 - Functioning,1,0,0,0,,0,,,,,363001.5737,5011833.305,45.24405394,-75.75861198,3429
16--13043,2016/12/11,9:30 PM,FERNBANK RD btwn MUNSTER RD & LUCAS LANE (__3ZAC59),__3ZAC59,01 - Non intersection,03 - P.D. only,07 - SMV other,03 - Snow,07 - Dark,04 - Slush,10 - No control,,1,0,0,0,,0,,,,,345324.1673,5007159.387,45.20323538,-75.98416109,3430
16--13044,2016/12/11,9:53 PM,MARCH RD btwn HALTON TERR/MAXWELL BRIDGE RD & MAXWELL RD (__3ZA2GD),__3ZA2GD,01 - Non intersection,03 - P.D. only,07 - SMV other,03 - Snow,07 - Dark,03 - Loose snow,10 - No control,,1,0,0,0,,0,,,,,348076.8166,5025362.444,45.36686937,-75.94753609,3431
16--13045,2016/12/11,9:58 PM,CONROY RD btwn CONROY RD & ROSEBELLA AVE (__3ZA3S2),__3ZA3S2,01 - Non intersection,03 - P.D. only,01 - Approaching,03 - Snow,07 - Dark,03 - Loose snow,10 - No control,,2,0,0,0,,0,,,,,373958.0396,5024980.185,45.36135419,-75.61722669,3432
16--13046,2016/12/12,1:47 PM,FOURTH LINE RD btwn CALLENDOR RD & DILWORTH RD (__3ZA30J),__3ZA30J,01 - Non intersection,03 - P.D. only,07 - SMV other,03 - Snow,01 - Daylight,04 - Slush,10 - No control,,1,0,0,0,,0,,,,,370658.5244,4994721.121,45.08940378,-75.66334264,3433
16--13047,2016/12/12,1:56 PM,ST. JOSEPH BLVD btwn BELCOURT BLVD & ST. PIERRE ST (__3ZA2AR),__3ZA2AR,01 - Non intersection,03 - P.D. only,06 - SMV unattended vehicle,01 - Clear,01 - Daylight,03 - Loose snow,10 - No control,,1,0,0,0,,0,,,,,381278.4462,5037431.06,45.47261754,-75.52186545,3434
16--13048,2016/12/12,1:56 PM,RIVERSIDE DR @ HERON RD (0002236),2236,02 - Intersection related,03 - P.D. only,07 - SMV other,03 - Snow,01 - Daylight,04 - Slush,01 - Traffic signal,01 - Functioning,1,0,0,0,,0,,,,,368122.7612,5026649.291,45.37692375,-75.69148982,3435
16--13049,2016/12/12,1:58 AM,HAWTHORNE RD btwn DAVIDSON RD & LEITRIM RD (__3ZBPIY),__3ZBPIY,01 - Non intersection,03 - P.D. only,07 - SMV other,03 - Snow,07 - Dark,03 - Loose snow,10 - No control,,1,0,0,0,,0,,,,,376691.4243,5023513.234,45.34788031,-75.58255391,3436
16--1305,2016/01/28,4:44 PM,BASELINE RD @ FISHER AVE (0002346),2346,02 - Intersection related,03 - P.D. only,03 - Rear end,01 - Clear,05 - Dusk,01 - Dry,01 - Traffic signal,01 - Functioning,2,0,0,0,,0,,,,,366166.9131,5026028.313,45.37151035,-75.71653702,3437
16--13150,2016/12/14,1:06 PM,FALLOWFIELD RD @ GREENBANK RD (0000549),549,02 - Intersection related,02 - Non-fatal injury,03 - Rear end,01 - Clear,01 - Daylight,01 - Dry,01 - Traffic signal,01 - Functioning,2,0,0,0,01 - Minimal,1,1,,,,363079.8173,5016731.597,45.28812254,-75.75704063,3438
16--13240,2016/12/15,4:00 PM,CENTREPOINTE DR @ CONSTELLATION CRES S (0010246),10246,02 - Intersection related,03 - P.D. only,03 - Rear end,01 - Clear,05 - Dusk,01 - Dry,02 - Stop sign,00 - Unknown,2,0,0,0,,0,,,,,362377.026,5023120.332,45.3456662,-75.7652566,3439
16--13241,2016/12/15,4:02 PM,FRANK KENNY RD @ WALL RD (0005018),5018,02 - Intersection related,02 - Non-fatal injury,02 - Angle,05 - Drifting Snow,05 - Dusk,05 - Packed snow,02 - Stop sign,01 - Functioning,2,0,0,0,02 - Minor,2,1,1,,,388923.7893,5035188.244,45.45156005,-75.42448433,3440
16--12880,2016/12/08,9:15 PM,CENTREPOINTE DR @ TALLWOOD DR (0004573),4573,02 - Intersection related,03 - P.D. only,03 - Rear end,01 - Clear,07 - Dark,05 - Packed snow,01 - Traffic signal,01 - Functioning,2,0,0,0,,0,,,,,362671.5212,5022575.257,45.34073741,-75.76156261,3441
16--13151,2016/12/14,1:34 PM,CARLING AVE WB @ SAIGON CRT (0002102),2102,03 - At intersection,03 - P.D. only,05 - Turning movement,01 - Clear,01 - Daylight,01 - Dry,01 - Traffic signal,01 - Functioning,2,0,0,0,,0,,,,,364064.0907,5027195.177,45.38219059,-75.74324103,3442
16--13242,2016/12/15,4:09 PM,NELSON ST @ RIDEAU ST (0007626),7626,02 - Intersection related,03 - P.D. only,05 - Turning movement,01 - Clear,05 - Dusk,01 - Dry,01 - Traffic signal,01 - Functioning,2,0,0,0,,0,,,,,368651.2006,5032498.731,45.42950715,-75.68398596,3443
16--13501,2016/12/19,Unknown,WHELAN DR btwn VANESSA TER & VANESSA TER (__3ZAABY),__3ZAABY,01 - Non intersection,03 - P.D. only,06 - SMV unattended vehicle,01 - Clear,00 - Unknown,05 - Packed snow,10 - No control,,1,0,0,0,,0,,,,,362740.4986,5015376.305,45.27595563,-75.76152418,3444
16--12881,2016/12/08,9:24 PM,HAZELDEAN RD btwn KINCARDINE DR & TERRY FOX DR (__3ZAZ88),__3ZAZ88,01 - Non intersection,03 - P.D. only,07 - SMV other,03 - Snow,07 - Dark,06 - Ice,10 - No control,,1,0,0,0,,0,,,,,352144.574,5017184.212,45.29301701,-75.89639279,3445
16--13152,2016/12/14,1:53 PM,VANIER PKWY SB btwn MONTREAL RD & MCARTHUR AVE (__3ZA4SR),__3ZA4SR,01 - Non intersection,03 - P.D. only,99 - Other,01 - Clear,01 - Daylight,06 - Ice,10 - No control,,2,0,0,0,,0,,,,,370061.0742,5033046.931,45.43430949,-75.66589711,3446
16--13243,2016/12/15,4:33 PM,PALOMINO DR btwn CHICKASAW CRES N & CHICKASAW CRES S (__3ZAB1G),__3ZAB1G,01 - Non intersection,03 - P.D. only,06 - SMV unattended vehicle,01 - Clear,05 - Dusk,01 - Dry,10 - No control,,1,0,0,0,,0,,,,,354388.3325,5017480.47,45.29552804,-75.86775867,3447
16--13502,2016/12/19,12:15 PM,RICHMOND RD @ HOLLY ACRES RD/NANAIMO DR (0001068),1068,02 - Intersection related,03 - P.D. only,03 - Rear end,01 - Clear,01 - Daylight,01 - Dry,01 - Traffic signal,01 - Functioning,2,0,0,0,,0,,,,,359060.3279,5022749.738,45.342596,-75.8076186,3448
16--12882,2016/12/08,9:35 PM,PINECREST RD @ RICHMOND RD (0002353),2353,03 - At intersection,03 - P.D. only,05 - Turning movement,03 - Snow,07 - Dark,06 - Ice,01 - Traffic signal,01 - Functioning,2,0,0,0,,0,,,,,360072.451,5024470.854,45.35800357,-75.79451214,3449
16--13153,2016/12/14,10:00 PM,HIGHWAY 417 btwn HWY417 IC119B RAMP76 & HWY417 IC119A RAMP67 (__3ZA2YT),__3ZA2YT,01 - Non intersection,03 - P.D. only,03 - Rear end,03 - Snow,07 - Dark,05 - Packed snow,10 - No control,,2,0,0,0,,0,,,,,368580.1833,5030529.78,45.4117977,-75.68514835,3450
16--13244,2016/12/15,4:40 PM,HIGHWAY 417 btwn HWY 417 ANDERSON IC104R61 & HWY 417 BOUNDARY IC96R16 (__3ZA2W5),__3ZA2W5,01 - Non intersection,03 - P.D. only,03 - Rear end,01 - Clear,05 - Dusk,01 - Dry,10 - No control,,3,0,0,0,,0,,,,,384971.2331,5025004.127,45.36039668,-75.47666501,3451
16--13503,2016/12/19,12:57 PM,ASSALY RD @ RICHMOND RD (0002682),2682,02 - Intersection related,02 - Non-fatal injury,03 - Rear end,01 - Clear,01 - Daylight,06 - Ice,01 - Traffic signal,01 - Functioning,2,0,0,0,02 - Minor,2,,2,,,360728.8457,5025528.949,45.3674722,-75.78601494,3452
16--12883,2016/12/08,9:41 AM,CARLING AVE @ MERIVALE RD (0002148),2148,03 - At intersection,02 - Non-fatal injury,05 - Turning movement,01 - Clear,01 - Daylight,01 - Dry,01 - Traffic signal,01 - Functioning,2,0,0,0,02 - Minor,2,,2,,,364894.4843,5027700.325,45.38666507,-75.73257697,3453
16--13154,2016/12/14,10:14 PM,HIGHWAY 417 btwn HIGHWAY 417 & Continuation of HIGHWAY 417 (__3ZAZOB),__3ZAZOB,01 - Non intersection,03 - P.D. only,07 - SMV other,03 - Snow,07 - Dark,03 - Loose snow,10 - No control,,1,0,0,0,,0,,,,,352996.1158,5020234.046,45.3204022,-75.88524033,3454
16--12695,2016/12/05,8:23 AM,O'CONNOR ST btwn GLADSTONE AVE & MCLEOD ST (__3ZA3QS),__3ZA3QS,04 - At/near private drive,03 - P.D. only,05 - Turning movement,03 - Snow,01 - Daylight,05 - Packed snow,10 - No control,,2,0,0,0,,0,,,,,368087.2249,5030639.031,45.41282546,-75.6914317,3455
16--13504,2016/12/19,2:14 PM,ROYDON PL btwn WOODFIELD DR & WEST HUNT CLUB RD (__3ZAYGP),__3ZAYGP,04 - At/near private drive,03 - P.D. only,02 - Angle,01 - Clear,01 - Daylight,05 - Packed snow,10 - No control,,2,0,0,0,,0,,,,,365944.9152,5022216.989,45.33723611,-75.71984234,3456
16--13505,2016/12/19,2:16 PM,CONROY RD @ HUNT CLUB RD (0002257),2257,02 - Intersection related,03 - P.D. only,03 - Rear end,01 - Clear,01 - Daylight,02 - Wet,01 - Traffic signal,01 - Functioning,2,0,0,0,,0,,,,,373762.0837,5025402.452,45.36517288,-75.61966876,3457
16--13506,2016/12/19,2:47 AM,FALLOWFIELD RD @ MERIVALE RD (0000587),587,02 - Intersection related,02 - Non-fatal injury,07 - SMV other,04 - Freezing Rain,07 - Dark,06 - Ice,01 - Traffic signal,01 - Functioning,1,0,0,0,01 - Minimal,1,1,,,,366892.5408,5018844.055,45.30680371,-75.70817549,3458
16--13507,2016/12/19,3:00 PM,ROSEBELLA AVE btwn ALBION RD & FIRST (1ST) ST (__3ZA8O3),__3ZA8O3,01 - Non intersection,03 - P.D. only,02 - Angle,03 - Snow,01 - Daylight,05 - Packed snow,10 - No control,,2,0,0,0,,0,,,,,372390.307,5023066.576,45.34428912,-75.63749742,3459
16--13508,2016/12/19,3:00 PM,HIGHWAY 417 btwn HWY417 IC127 RAMP25 & HWY417 IC126 RAMP51 (__3ZA2XA),__3ZA2XA,01 - Non intersection,03 - P.D. only,03 - Rear end,03 - Snow,01 - Daylight,03 - Loose snow,10 - No control,,3,0,0,0,,0,,,,,363162.8778,5025818.324,45.36987751,-75.7549106,3460
16--13509,2016/12/19,3:05 PM,AVIATION PKWY @ MONTREAL RD (0008799),8799,03 - At intersection,02 - Non-fatal injury,05 - Turning movement,01 - Clear,01 - Daylight,01 - Dry,01 - Traffic signal,01 - Functioning,2,0,0,0,02 - Minor,1,,1,,,372146.9484,5034110.484,45.44368105,-75.63909498,3461
16--1351,2016/01/29,7:12 PM,DOWSER ST @ GLEN ST (0001011),1011,03 - At intersection,03 - P.D. only,02 - Angle,03 - Snow,07 - Dark,05 - Packed snow,02 - Stop sign,01 - Functioning,2,0,0,0,,0,,,,,384963.4219,5011125.004,45.23552266,-75.47900842,3462
16--13510,2016/12/19,3:20 PM,KING EDWARD AVE @ RIDEAU ST (0002121),2121,03 - At intersection,02 - Non-fatal injury,07 - SMV other,01 - Clear,01 - Daylight,03 - Loose snow,01 - Traffic signal,01 - Functioning,1,0,0,1,01 - Minimal,1,1,,,,368513.3635,5032414.831,45.42876482,-75.68575818,3463
16--13511,2016/12/19,3:20 PM,HIGHWAY 417 btwn HWY417 IC124 RAMP57 & HWY417 IC124 RAMP55 (__3ZA2Y1),__3ZA2Y1,01 - Non intersection,03 - P.D. only,99 - Other,01 - Clear,01 - Daylight,02 - Wet,10 - No control,,2,0,0,0,,0,,,,,364310.1134,5027361.377,45.38366517,-75.74007975,3464
16--13512,2016/12/19,3:23 PM,HERON RD @ KALADAR AVE (0006960),6960,03 - At intersection,03 - P.D. only,05 - Turning movement,01 - Clear,01 - Daylight,01 - Dry,01 - Traffic signal,01 - Functioning,2,0,0,0,,0,,,,,369685.9429,5026803.44,45.37816772,-75.67151281,3465
16--13513,2016/12/19,3:40 AM,PRINCE OF WALES DR btwn BLAZER AVE & DEAKIN ST (__3ZA29V),__3ZA29V,01 - Non intersection,02 - Non-fatal injury,01 - Approaching,03 - Snow,07 - Dark,04 - Slush,10 - No control,,2,0,0,0,03 - Major,1,,,1,,367349.3985,5021157.419,45.32757848,-75.70205794,3466
16--13514,2016/12/19,4:11 PM,BLOHM DR @ ESSON ST (0008603),8603,02 - Intersection related,03 - P.D. only,04 - Sideswipe,01 - Clear,05 - Dusk,05 - Packed snow,02 - Stop sign,01 - Functioning,2,0,0,0,,0,,,,,374369.5677,5026173.941,45.37205437,-75.61180625,3467
16--13515,2016/12/19,4:11 PM,MONTREAL RD btwn EMOND ST & CYR AVE (__3ZA3LS),__3ZA3LS,01 - Non intersection,03 - P.D. only,03 - Rear end,01 - Clear,05 - Dusk,04 - Slush,10 - No control,,2,0,0,0,,0,,,,,370204.6232,5033141.986,45.43515134,-75.66404998,3468
16--13516,2016/12/19,4:23 PM,GRANGEMILL AVE btwn FOOTHILLS DR & CASSIDY RD (__3ZBNFU),__3ZBNFU,01 - Non intersection,03 - P.D. only,06 - SMV unattended vehicle,01 - Clear,05 - Dusk,04 - Slush,10 - No control,,1,0,0,0,,0,,,,,358863.1416,5021230.764,45.32894343,-75.81030053,3469
16--13517,2016/12/19,4:30 PM,MONTREAL RD @ VANIER PKWY (0004630),4630,03 - At intersection,02 - Non-fatal injury,04 - Sideswipe,03 - Snow,05 - Dusk,04 - Slush,01 - Traffic signal,01 - Functioning,2,0,0,1,02 - Minor,1,,1,,,370071.7542,5033065.965,45.43447975,-75.6657581,3470
16--13518,2016/12/19,4:31 PM,HIGHWAY 417 btwn HWY417 IC121A RAMP51 & HWY417 IC120A RAMP52 (__3ZA2R6),__3ZA2R6,01 - Non intersection,03 - P.D. only,04 - Sideswipe,01 - Clear,05 - Dusk,01 - Dry,10 - No control,,2,0,0,0,,0,,,,,367234.9293,5029721.465,45.40464603,-75.70243591,3471
16--13519,2016/12/19,4:35 PM,HWY 417 PALLADI IC142R36 @ PALLADIUM DR (0010683),10683,02 - Intersection related,03 - P.D. only,99 - Other,01 - Clear,05 - Dusk,02 - Wet,01 - Traffic signal,01 - Functioning,2,0,0,0,,0,,,,,348774.8134,5017374.516,45.29494838,-75.93933565,3472
16--1352,2016/01/29,7:13 PM,LAJOIE ST @ MONTREAL RD (0009795),9795,02 - Intersection related,02 - Non-fatal injury,03 - Rear end,01 - Clear,07 - Dark,02 - Wet,01 - Traffic signal,01 - Functioning,2,0,0,0,01 - Minimal,1,1,,,,370534.0487,5033326.809,45.43678341,-75.6598153,3473
16--13520,2016/12/19,4:40 PM,ST. JOSEPH BLVD btwn ST. JOSEPH BLVD & PLACE D'ORLEANS DR (__3ZA2AV),__3ZA2AV,04 - At/near private drive,03 - P.D. only,02 - Angle,01 - Clear,05 - Dusk,05 - Packed snow,10 - No control,,2,0,0,0,,0,,,,,381951.2909,5037958.608,45.47728996,-75.51317842,3474
16--13521,2016/12/19,4:42 PM,MAITLAND AVE/HWY 417 MAITLAND IC126R53 @ HWY 4 (0008229),8229,03 - At intersection,03 - P.D. only,05 - Turning movement,03 - Snow,05 - Dusk,03 - Loose snow,01 - Traffic signal,01 - Functioning,2,0,0,0,,0,,,,,363229.8334,5025774.185,45.36947477,-75.7540611,3475
16--13522,2016/12/19,4:44 PM,BANK ST @ RIDEAU RD (0009263),9263,03 - At intersection,03 - P.D. only,05 - Turning movement,01 - Clear,05 - Dusk,02 - Wet,01 - Traffic signal,01 - Functioning,2,0,0,0,,0,,,,,376954.533,5017843.375,45.29683843,-75.58002275,3476
16--13523,2016/12/19,4:48 PM,INNES RD @ PROVENCE AVE (0009244),9244,02 - Intersection related,03 - P.D. only,04 - Sideswipe,01 - Clear,05 - Dusk,01 - Dry,01 - Traffic signal,01 - Functioning,2,0,0,0,,0,,,,,386111.0169,5037083.546,45.46894502,-75.46012588,3477
16--13524,2016/12/19,4:59 PM,TENTH LINE RD @ CHARLEMAGNE BLVD S/DES EPINETT (0003686),3686,02 - Intersection related,03 - P.D. only,03 - Rear end,03 - Snow,07 - Dark,02 - Wet,01 - Traffic signal,01 - Functioning,2,0,0,0,,0,,,,,383640.9751,5036900.456,45.46758093,-75.49173924,3478
16--13525,2016/12/19,5:11 PM,GRANT CARMAN DR btwn FAMILY BROWN LANE & BASIL MACDONALD WAY (__4BBEX3),__4BBEX3,04 - At/near private drive,03 - P.D. only,02 - Angle,01 - Clear,07 - Dark,01 - Dry,10 - No control,,2,0,0,0,,0,,,,,365336.7453,5023345.255,45.34744083,-75.7274633,3479
16--13526,2016/12/19,5:15 PM,HIGHWAY 417 btwn HWY417 IC126 RAMP25 & HWY417 IC124 RAMP57 (__3ZA2R5),__3ZA2R5,01 - Non intersection,03 - P.D. only,03 - Rear end,01 - Clear,07 - Dark,02 - Wet,10 - No control,,4,0,0,0,,0,,,,,363930.806,5026836.442,45.37897401,-75.7449858,3480
16--13527,2016/12/19,5:49 PM,MONTREAL RD @ NORTH RIVER RD (0009805),9805,02 - Intersection related,03 - P.D. only,02 - Angle,01 - Clear,07 - Dark,02 - Wet,01 - Traffic signal,01 - Functioning,2,0,0,0,,0,,,,,369739.4892,5032887.365,45.43290372,-75.6700279,3481
16--13528,2016/12/19,5:52 PM,CONROY RD @ HUNT CLUB RD (0002257),2257,03 - At intersection,02 - Non-fatal injury,05 - Turning movement,01 - Clear,07 - Dark,01 - Dry,01 - Traffic signal,01 - Functioning,2,0,0,0,02 - Minor,2,1,1,,,373763.9595,5025405.181,45.36519725,-75.61964443,3482
16--13529,2016/12/19,6:27 AM,CONROY RD @ WALKLEY RD (0002648),2648,03 - At intersection,03 - P.D. only,02 - Angle,01 - Clear,07 - Dark,05 - Packed snow,01 - Traffic signal,01 - Functioning,2,0,0,0,,0,,,,,372903.7226,5027463.058,45.3837973,-75.63034069,3483
16--1353,2016/01/29,7:13 PM,HWY417 HUNT CLUB IC109 RAMP26 btwn HIGHWAY 417 WB & HUNT CLUB RD EB (e___1GZL),e___1GZL,01 - Non intersection,03 - P.D. only,07 - SMV other,01 - Clear,07 - Dark,01 - Dry,10 - No control,,1,0,0,0,,0,,,,,376589.737,5027630.06,45.38493184,-75.58325326,3484
16--13530,2016/12/19,6:34 PM,BLAIR RD @ SWANS WAY N (0009825),9825,02 - Intersection related,03 - P.D. only,07 - SMV other,01 - Clear,07 - Dark,02 - Wet,10 - No control,00 - Unknown,1,0,0,0,,0,,,,,373691.94,5035265.687,45.45392438,-75.61918569,3485
16--13531,2016/12/19,6:58 PM,PRINCE OF WALES DR btwn MAPLEHILL WAY & LODGE RD (__3ZA29Y),__3ZA29Y,04 - At/near private drive,02 - Non-fatal injury,05 - Turning movement,01 - Clear,07 - Dark,02 - Wet,10 - No control,,2,0,0,0,03 - Major,2,,1,1,,366920.2584,5013247.354,45.25644259,-75.7085226,3486
16--13532,2016/12/19,7:04 PM,BANK ST btwn RANDALL AVE & 73 N OF EVANS BLVD (__3ZA3BJA),__3ZA3BJA,04 - At/near private drive,02 - Non-fatal injury,02 - Angle,03 - Snow,07 - Dark,02 - Wet,10 - No control,,2,0,0,0,02 - Minor,1,,1,,,369836.8504,5027169.514,45.38144754,-75.66953795,3487
16--13533,2016/12/19,7:09 AM,ALBION RD @ MITCH OWENS RD (0004212),4212,03 - At intersection,03 - P.D. only,05 - Turning movement,01 - Clear,03 - Dawn,02 - Wet,01 - Traffic signal,01 - Functioning,2,0,0,0,,0,,,,,375906.0955,5014804.23,45.26960016,-75.59382421,3488
16--13534,2016/12/19,7:10 PM,TENTH LINE RD btwn VANGUARD DR & LAKEPOINTE DR (__4V3JUE),__4V3JUE,01 - Non intersection,03 - P.D. only,04 - Sideswipe,01 - Clear,07 - Dark,05 - Packed snow,10 - No control,,2,0,0,0,,0,,,,,384111.7509,5035786.847,45.4575084,-75.48589931,3489
16--13535,2016/12/19,7:42 AM,MANN AVE @ GOULBURN AVE/GOULBURN CRES (0007291),7291,03 - At intersection,03 - P.D. only,02 - Angle,01 - Clear,03 - Dawn,05 - Packed snow,02 - Stop sign,01 - Functioning,2,0,0,0,,0,,,,,369690.0566,5031638.694,45.42167326,-75.67082414,3490
16--13536,2016/12/19,8:15 AM,HIGHWAY 417 btwn HWY417 IC118 RAMP67 & HWY417 IC117 RAMP36 (__3ZA2YO),__3ZA2YO,01 - Non intersection,03 - P.D. only,03 - Rear end,01 - Clear,01 - Daylight,01 - Dry,10 - No control,,2,0,0,0,,0,,,,,370263.0386,5031125.664,45.41700384,-75.66357142,3491
16--13537,2016/12/19,8:15 PM,HIGHWAY 417 btwn HWY417 IC123 RAMP62 & HWY417 IC122 RAMP16 (__3ZA2R9),__3ZA2R9,01 - Non intersection,03 - P.D. only,07 - SMV other,01 - Clear,07 - Dark,03 - Loose snow,10 - No control,,1,0,0,0,,0,,,,,365110.215,5028678.369,45.39544677,-75.72970274,3492
16--13538,2016/12/19,8:17 PM,HIGHWAY 417 btwn HWY417 IC131 RAMP66 & HWY417 IC130 RAMP26 (__3ZA29A),__3ZA29A,01 - Non intersection,03 - P.D. only,07 - SMV other,01 - Clear,07 - Dark,02 - Wet,10 - No control,,1,0,0,0,,0,,,,,359168.2965,5023073.002,45.34549638,-75.80620546,3493
16--13539,2016/12/19,8:23 AM,BAY ST @ WELLINGTON ST (0010737),10737,02 - Intersection related,03 - P.D. only,04 - Sideswipe,01 - Clear,01 - Daylight,05 - Packed snow,01 - Traffic signal,01 - Functioning,2,0,0,0,,0,,,,,366813.8698,5031352.809,45.41936182,-75.70760889,3494
16--1354,2016/01/29,7:20 AM,INNES RD @ JEANNE D'ARC BLVD/MER BLEUE RD (0012475),12475,02 - Intersection related,03 - P.D. only,04 - Sideswipe,02 - Rain,03 - Dawn,02 - Wet,01 - Traffic signal,01 - Functioning,2,0,0,0,,0,,,,,382638.4203,5035566.887,45.45569508,-75.50476963,3495
16--13540,2016/12/19,8:30 AM,CARLING AVE @ EDGEWORTH AVE (0002718),2718,02 - Intersection related,03 - P.D. only,03 - Rear end,03 - Snow,01 - Daylight,06 - Ice,01 - Traffic signal,01 - Functioning,2,0,0,0,,0,,,,,361262.5973,5025424.524,45.3664898,-75.77921356,3496
16--13541,2016/12/19,8:35 AM,CONROY RD @ DAVIDSON RD N (0009364),9364,02 - Intersection related,03 - P.D. only,99 - Other,03 - Snow,01 - Daylight,03 - Loose snow,02 - Stop sign,01 - Functioning,2,0,0,0,,0,,,,,374573.0929,5023514.851,45.34810879,-75.60958354,3497