Anom_ID,Accident_Date,Accident_Time,Location,Geo_ID,Accident_Location,Classification_of_Accident,Initial_Impact_Type,Environment_Condition,Light,Road_Surface_Condition,Traffic_Control,Traffic_Control_Condition,No__of_Vehicles,No__of_Bicycles,No__of_Motorcycles,No__of_Pedestrians,Max_Injury,No__of_Injuries,No__of_Minimal,No__of_Minor,No__of_Major,No__of_Fatal,X,Y,Latitude,Longitude,ObjectId
16--13542,2016/12/19,8:45 AM,CARLING AVE @ RICHMOND RD (0010847),10847,02 - Intersection related,03 - P.D. only,03 - Rear end,01 - Clear,01 - Daylight,04 - Slush,01 - Traffic signal,01 - Functioning,2,0,0,0,,0,,,,,360246.5072,5024782.755,45.3607963,-75.7922557,3498
16--13543,2016/12/19,8:51 AM,WOODROFFE AVE btwn FIRESTATION & BASELINE RD (__3ZA34KB),__3ZA34KB,01 - Non intersection,03 - P.D. only,04 - Sideswipe,01 - Clear,01 - Daylight,02 - Wet,10 - No control,,2,0,0,0,,0,,,,,362538.096,5023799.904,45.3517677,-75.763122,3499
16--13544,2016/12/19,9:05 AM,PLEASANT PARK RD @ ALTA VISTA DR (0008005),8005,02 - Intersection related,03 - P.D. only,03 - Rear end,01 - Clear,01 - Daylight,05 - Packed snow,01 - Traffic signal,00 - Unknown,2,0,0,0,,0,,,,,370363.2386,5028466.306,45.39306656,-75.6626449,3500
16--13545,2016/12/19,9:15 PM,LAVAL ST @ MARIER AVE (0009963),9963,02 - Intersection related,03 - P.D. only,07 - SMV other,01 - Clear,07 - Dark,05 - Packed snow,02 - Stop sign,01 - Functioning,1,0,0,0,,0,,,,,369707.213,5033852.224,45.44158812,-75.67031315,3501
16--13546,2016/12/19,9:15 PM,HIGHWAY 417 btwn HWY417 IC118 RAMP67 & HWY417 IC117 RAMP36 (__3ZA2YO),__3ZA2YO,01 - Non intersection,03 - P.D. only,03 - Rear end,01 - Clear,07 - Dark,02 - Wet,10 - No control,,2,0,0,0,,0,,,,,370224.5152,5031115.081,45.41691222,-75.66406499,3502
16--13547,2016/12/20,1:01 PM,BLAIR RD @ INNES RD (0004165),4165,02 - Intersection related,03 - P.D. only,03 - Rear end,01 - Clear,01 - Daylight,01 - Dry,01 - Traffic signal,01 - Functioning,2,0,0,0,,0,,,,,375578.7349,5031439.141,45.41930681,-75.59561534,3503
16--13548,2016/12/20,1:15 PM,CYRVILLE RD btwn LABRIE AVE & STAR TOP RD (__3ZA3SO),__3ZA3SO,04 - At/near private drive,02 - Non-fatal injury,02 - Angle,03 - Snow,01 - Daylight,04 - Slush,10 - No control,,2,0,0,0,01 - Minimal,1,1,,,,373808.8722,5031528.003,45.42028315,-75.61821482,3504
16--13549,2016/12/20,11:04 AM,AIRPORT PKWY @ UPLANDS DR (0008694),8694,03 - At intersection,02 - Non-fatal injury,03 - Rear end,01 - Clear,01 - Daylight,01 - Dry,03 - Yield sign,01 - Functioning,2,0,0,0,01 - Minimal,1,1,,,,370859.9013,5021074.898,45.32651435,-75.65729024,3505
16--1355,2016/01/29,7:26 AM,BASELINE RD @ CENTREPOINTE DR E/HIGHGATE RD (0011468),11468,03 - At intersection,03 - P.D. only,02 - Angle,03 - Snow,03 - Dawn,03 - Loose snow,01 - Traffic signal,01 - Functioning,2,0,0,0,,0,,,,,362061.4203,5023464.706,45.34879069,-75.76924386,3506
16--13550,2016/12/20,11:05 AM,BOURASSA ST @ ST. LAURENT BLVD (0007731),7731,02 - Intersection related,03 - P.D. only,03 - Rear end,01 - Clear,01 - Daylight,04 - Slush,01 - Traffic signal,01 - Functioning,2,0,0,0,,0,,,,,373236.732,5029693.971,45.40383761,-75.62577933,3507
16--13551,2016/12/20,11:14 AM,WOODWARD DR btwn COURTWOOD CRES & CLYDE AVE (__3ZAA54),__3ZAA54,01 - Non intersection,03 - P.D. only,99 - Other,01 - Clear,01 - Daylight,02 - Wet,10 - No control,,2,0,0,0,,0,,,,,363691.9311,5026330.813,45.37444456,-75.74809592,3508
16--13552,2016/12/20,11:14 PM,ALFRED ST @ MONTREAL RD (0009799),9799,03 - At intersection,03 - P.D. only,02 - Angle,01 - Clear,07 - Dark,02 - Wet,02 - Stop sign,01 - Functioning,2,0,0,0,,0,,,,,370944.047,5033531.256,45.43858427,-75.65454797,3509
16--13553,2016/12/20,11:19 AM,ABERDEEN ST @ PRESTON ST (0005695),5695,03 - At intersection,03 - P.D. only,05 - Turning movement,03 - Snow,01 - Daylight,04 - Slush,02 - Stop sign,01 - Functioning,2,0,0,0,,0,,,,,366651.9142,5029341.782,45.4012815,-75.70993044,3510
16--13554,2016/12/20,11:25 PM,INDUSTRIAL AVE @ RIVERSIDE DR (0011905),11905,02 - Intersection related,03 - P.D. only,04 - Sideswipe,01 - Clear,07 - Dark,05 - Packed snow,01 - Traffic signal,00 - Unknown,2,0,0,0,,0,,,,,370684.7186,5030590.483,45.41214891,-75.6582557,3511
16--13555,2016/12/20,11:30 AM,ANDERSON RD @ DOLMAN RIDGE RD (0004147),4147,03 - At intersection,02 - Non-fatal injury,02 - Angle,06 - Strong wind,01 - Daylight,02 - Wet,02 - Stop sign,01 - Functioning,2,0,0,0,02 - Minor,2,,2,,,378311.7495,5030274.957,45.40855041,-75.56087216,3512
16--13556,2016/12/20,Unknown,CHAMPAGNE AVE   S btwn BEECH ST & HICKORY ST (__3ZA024),__3ZA024,01 - Non intersection,03 - P.D. only,06 - SMV unattended vehicle,01 - Clear,00 - Unknown,05 - Packed snow,10 - No control,,1,0,0,0,,0,,,,,366527.8832,5029038.848,45.39856673,-75.71155252,3513
16--13557,2016/12/20,12:08 PM,SANDFORD FLEMING AVE btwn STEAMLINE ST & INDUSTRIAL AVE (__3ZA8GL),__3ZA8GL,04 - At/near private drive,03 - P.D. only,02 - Angle,01 - Clear,01 - Daylight,04 - Slush,10 - No control,,2,0,0,0,,0,,,,,370873.0264,5030695.569,45.41307668,-75.65583605,3514
16--13558,2016/12/20,12:14 PM,COVENTRY RD @ VANIER PKWY (0002139),2139,02 - Intersection related,03 - P.D. only,03 - Rear end,03 - Snow,01 - Daylight,04 - Slush,01 - Traffic signal,01 - Functioning,2,0,0,0,,0,,,,,370675.5567,5031611.289,45.42133458,-75.65823628,3515
16--13559,2016/12/20,12:27 PM,CYRVILLE RD @ INNES RD (0009352),9352,02 - Intersection related,03 - P.D. only,04 - Sideswipe,01 - Clear,01 - Daylight,05 - Packed snow,01 - Traffic signal,01 - Functioning,2,0,0,0,,0,,,,,375045.2402,5031119.15,45.41648147,-75.60247691,3516
16--1356,2016/01/29,7:36 PM,HIGHWAY 417 btwn HWY417 IC117 RAMP61 & HWY417 IC115 RAMP36 (__3ZA2RZ),__3ZA2RZ,01 - Non intersection,03 - P.D. only,04 - Sideswipe,01 - Clear,07 - Dark,01 - Dry,10 - No control,,2,0,0,0,,0,,,,,371555.354,5031418.008,45.41951212,-75.64702158,3517
16--13560,2016/12/20,2:57 AM,EAGLESON RD btwn EAGLESON BUSINESS CENTRE & MICHAEL COWPLAND DR/STONEH (__3ZA41JB),__3ZA41JB,01 - Non intersection,03 - P.D. only,04 - Sideswipe,01 - Clear,07 - Dark,03 - Loose snow,10 - No control,,2,0,0,0,,0,,,,,354345.0727,5016717.241,45.2886634,-75.86838643,3518
16--13561,2016/12/20,3:03 AM,HERZBERG RD @ MARCH RD (0003170),3170,02 - Intersection related,02 - Non-fatal injury,07 - SMV other,03 - Snow,07 - Dark,03 - Loose snow,01 - Traffic signal,01 - Functioning,1,0,0,0,02 - Minor,1,,1,,,352324.4504,5021528.074,45.33209192,-75.89368298,3519
16--13562,2016/12/20,3:05 PM,HAZELDEAN RD btwn SWEETNAM DR & CEDAROW CRT (__3ZBOBB),__3ZBOBB,01 - Non intersection,02 - Non-fatal injury,03 - Rear end,01 - Clear,01 - Daylight,02 - Wet,10 - No control,,2,0,0,0,02 - Minor,1,,1,,,350568.7586,5015741.496,45.28013941,-75.91661526,3520
16--13563,2016/12/20,3:23 PM,HAWTHORNE RD @ HUNT CLUB RD (0007651),7651,03 - At intersection,03 - P.D. only,05 - Turning movement,01 - Clear,01 - Daylight,02 - Wet,01 - Traffic signal,01 - Functioning,2,0,0,0,,0,,,,,375507.0913,5026405.871,45.37402731,-75.5972521,3521
16--13564,2016/12/20,3:36 PM,MARCH RD @ UPPER DWYER HILL RD (0010832),10832,03 - At intersection,03 - P.D. only,02 - Angle,01 - Clear,01 - Daylight,02 - Wet,01 - Traffic signal,01 - Functioning,2,0,0,0,,0,,,,,334082.5396,5014290.402,45.26796162,-76.12683427,3522
16--13565,2016/12/20,3:40 PM,HIGHWAY 417 btwn HWY417 IC134 RAMP26 & HWY417 IC134 RAMP61 (__3ZAZEU),__3ZAZEU,01 - Non intersection,02 - Non-fatal injury,04 - Sideswipe,01 - Clear,01 - Daylight,01 - Dry,10 - No control,,2,0,0,0,01 - Minimal,2,2,,,,356608.818,5022402.864,45.33966014,-75.83893494,3523
16--13566,2016/12/20,4:00 PM,CARLING AVE @ MELWOOD AVE (0002762),2762,02 - Intersection related,03 - P.D. only,05 - Turning movement,03 - Snow,05 - Dusk,03 - Loose snow,02 - Stop sign,01 - Functioning,2,0,0,0,,0,,,,,362513.6945,5026198.943,45.37335604,-75.76315323,3524
16--13567,2016/12/20,4:35 PM,BANK ST btwn RANDALL AVE & 73 N OF EVANS BLVD (__3ZA3BJA),__3ZA3BJA,04 - At/near private drive,03 - P.D. only,02 - Angle,01 - Clear,05 - Dusk,01 - Dry,10 - No control,,2,0,0,0,,0,,,,,369753.8039,5027263.082,45.38229714,-75.67058595,3525
16--13568,2016/12/20,4:38 PM,O'CONNOR ST btwn MCLEOD ST & ARGYLE AVE (__3ZBOE5),__3ZBOE5,01 - Non intersection,03 - P.D. only,04 - Sideswipe,01 - Clear,05 - Dusk,01 - Dry,10 - No control,,2,0,0,0,,0,,,,,368131.0259,5030572.027,45.41221862,-75.69088075,3526
16--13569,2016/12/20,4:55 PM,HIGHWAY 417 btwn HWY417 IC119A RAMP67 & HWY417 IC118 RAMP76 (__3ZA2YS),__3ZA2YS,01 - Non intersection,03 - P.D. only,04 - Sideswipe,01 - Clear,07 - Dark,02 - Wet,10 - No control,,2,0,0,0,,0,,,,,368644.7908,5030561.466,45.41207691,-75.68431891,3527
16--1357,2016/01/29,8:11 PM,HAWTHORNE RD @ HUNT CLUB RD (0007651),7651,02 - Intersection related,03 - P.D. only,03 - Rear end,01 - Clear,07 - Dark,01 - Dry,01 - Traffic signal,01 - Functioning,2,0,0,0,,0,,,,,375507.6658,5026406.446,45.37403243,-75.59724468,3528
16--13570,2016/12/20,5:00 PM,WOODROFFE AVE btwn TURN LANE & TALLWOOD DR (__3ZA3GC),__3ZA3GC,04 - At/near private drive,03 - P.D. only,05 - Turning movement,03 - Snow,07 - Dark,03 - Loose snow,10 - No control,,2,0,0,0,,0,,,,,363053.8356,5022735.983,45.34215197,-75.75666578,3529
16--13571,2016/12/20,5:38 PM,MACKENZIE AVE @ RIDEAU ST (0002136),2136,02 - Intersection related,03 - P.D. only,07 - SMV other,03 - Snow,07 - Dark,02 - Wet,01 - Traffic signal,02 - Not functioning,1,0,0,0,,0,,,,,367869.6992,5032009.166,45.42517312,-75.69403519,3530
16--13572,2016/12/20,5:44 PM,CARLING AVE @ PARKDALE AVE (0008792),8792,03 - At intersection,03 - P.D. only,05 - Turning movement,01 - Clear,07 - Dark,02 - Wet,01 - Traffic signal,01 - Functioning,2,0,0,0,,0,,,,,365625.1518,5028172.456,45.39085014,-75.72318881,3531
16--13573,2016/12/20,6:00 PM,HIGHWAY 416 btwn HWY416 IC57 RAMP34 & HWY416 IC57 RAMP43 (__3ZAZEJ),__3ZAZEJ,01 - Non intersection,03 - P.D. only,07 - SMV other,01 - Clear,07 - Dark,01 - Dry,10 - No control,,1,0,0,0,,0,,,,,364648.5557,5008151.779,45.21078921,-75.73807681,3532
16--13574,2016/12/20,6:23 PM,SMYTH RD @ BOTSFORD ST/DAUPHIN RD (0007211),7211,03 - At intersection,02 - Non-fatal injury,07 - SMV other,03 - Snow,07 - Dark,02 - Wet,01 - Traffic signal,01 - Functioning,1,0,0,1,02 - Minor,1,,1,,,372244.5616,5029260.303,45.40003194,-75.63851131,3533
16--13575,2016/12/20,6:35 AM,TRIM RD @ VALIN ST (0013092),13092,02 - Intersection related,03 - P.D. only,03 - Rear end,01 - Clear,07 - Dark,06 - Ice,01 - Traffic signal,01 - Functioning,2,0,0,0,,0,,,,,386437.1858,5037556.147,45.47315896,-75.45587674,3534
16--13576,2016/12/20,6:49 AM,BRIDGESTONE DR/STEEPLE CHASE DR @ STONEHAVEN D (0002781),2781,03 - At intersection,03 - P.D. only,02 - Angle,01 - Clear,07 - Dark,04 - Slush,11 - Roundabout,01 - Functioning,2,0,0,0,,0,,,,,355104.9949,5016984.447,45.29101379,-75.85867225,3535
16--13577,2016/12/20,7:04 PM,ROBERTSON RD btwn WESTCLIFFE RD & FITZGERALD RD (__3ZA41Z),__3ZA41Z,01 - Non intersection,03 - P.D. only,07 - SMV other,01 - Clear,07 - Dark,02 - Wet,10 - No control,,1,0,0,0,,0,,,,,356447.818,5020081.209,45.3187815,-75.84123133,3536
16--13578,2016/12/20,7:05 PM,BAYSWATER AVE @ SOMERSET ST (0006486),6486,03 - At intersection,03 - P.D. only,05 - Turning movement,01 - Clear,07 - Dark,04 - Slush,01 - Traffic signal,01 - Functioning,2,0,0,0,,0,,,,,365816.2736,5029912.937,45.40649394,-75.72053288,3537
16--13579,2016/12/20,7:19 AM,CARP RD btwn CRAIG'S SIDE RD & CHARLIE'S LANE (__3ZA3GL),__3ZA3GL,01 - Non intersection,03 - P.D. only,07 - SMV other,01 - Clear,03 - Dawn,01 - Dry,10 - No control,,1,0,0,0,,0,,,,,340152.964,5024004.52,45.35509473,-76.04878417,3538
16--1358,2016/01/29,8:27 AM,TERRY FOX DR btwn HUNTSVILLE DR & OLD SECOND LINE RD (__8IAYIU),__8IAYIU,01 - Non intersection,03 - P.D. only,07 - SMV other,03 - Snow,01 - Daylight,02 - Wet,10 - No control,,1,0,0,0,,0,,,,,348284.783,5021990.326,45.33651335,-75.94517791,3539
16--13580,2016/12/20,7:32 AM,BOOTH ST @ ELM ST (0006336),6336,02 - Intersection related,03 - P.D. only,04 - Sideswipe,01 - Clear,03 - Dawn,02 - Wet,02 - Stop sign,00 - Unknown,2,0,0,0,,0,,,,,366527.7019,5030399.778,45.41081203,-75.71138447,3540
16--13581,2016/12/20,7:35 PM,BASELINE RD @ CLYDE AVE (0002343),2343,02 - Intersection related,03 - P.D. only,02 - Angle,01 - Clear,07 - Dark,04 - Slush,01 - Traffic signal,01 - Functioning,2,0,0,0,,0,,,,,364359.5315,5024890.099,45.3614248,-75.73974675,3541
16--13582,2016/12/20,7:53 AM,ANDERSON RD @ RIDGE RD (0003631),3631,03 - At intersection,03 - P.D. only,02 - Angle,01 - Clear,01 - Daylight,01 - Dry,02 - Stop sign,01 - Functioning,2,0,0,0,,0,,,,,379029.7574,5028508.118,45.39257774,-75.55196663,3542
16--13583,2016/12/20,8:03 AM,FERN CASEY ST @ RENAUD RD (0014720),14720,02 - Intersection related,03 - P.D. only,02 - Angle,01 - Clear,01 - Daylight,03 - Loose snow,02 - Stop sign,01 - Functioning,2,0,0,0,,0,,,,,382624.9507,5033235.527,45.43472095,-75.50531056,3543
16--13584,2016/12/20,8:10 PM,BORDEN SIDE RD @ PRINCE OF WALES DR (0002178),2178,02 - Intersection related,03 - P.D. only,05 - Turning movement,01 - Clear,07 - Dark,03 - Loose snow,02 - Stop sign,01 - Functioning,2,0,0,0,,0,,,,,367173.0475,5024126.851,45.35431258,-75.70393307,3544
16--13585,2016/12/20,8:15 PM,KIRKWOOD AVE @ MERIVALE RD (0002243),2243,02 - Intersection related,03 - P.D. only,03 - Rear end,01 - Clear,07 - Dark,02 - Wet,01 - Traffic signal,01 - Functioning,2,0,0,0,,0,,,,,364853.7014,5026644.472,45.3771682,-75.73322617,3545
16--13586,2016/12/20,8:40 PM,TENTH LINE RD btwn TOMPKINS AVE & CANOTIA PL (__3ZA1TD),__3ZA1TD,04 - At/near private drive,03 - P.D. only,04 - Sideswipe,01 - Clear,07 - Dark,02 - Wet,10 - No control,,3,0,0,0,,0,,,,,383209.0495,5037900.816,45.47662989,-75.49710245,3546
16--13587,2016/12/20,9:07 AM,BAYVIEW RD @ SCOTT ST/ALBERT ST (0005646),5646,02 - Intersection related,03 - P.D. only,02 - Angle,01 - Clear,01 - Daylight,04 - Slush,01 - Traffic signal,01 - Functioning,2,0,0,0,,0,,,,,365519.8652,5030071.15,45.40794328,-75.72429958,3547
16--13588,2016/12/20,9:07 PM,BANK ST @ LAURIER AVE (0002221),2221,02 - Intersection related,03 - P.D. only,05 - Turning movement,01 - Clear,07 - Dark,03 - Loose snow,01 - Traffic signal,01 - Functioning,2,0,0,0,,0,,,,,367479.6026,5031266.247,45.41852364,-75.69911424,3548
16--13589,2016/12/20,9:23 AM,ROBERTSON RD btwn FITZGERALD RD & MOODIE DR (__3ZA411),__3ZA411,04 - At/near private drive,02 - Non-fatal injury,02 - Angle,01 - Clear,01 - Daylight,04 - Slush,10 - No control,,2,0,0,0,01 - Minimal,1,1,,,,357049.3894,5020446.301,45.32202213,-75.83352028,3549
16--1359,2016/01/29,8:30 AM,MONTREAL RD @ BATHGATE DR/BURMA RD (0007650),7650,03 - At intersection,03 - P.D. only,07 - SMV other,03 - Snow,01 - Daylight,04 - Slush,01 - Traffic signal,01 - Functioning,1,0,0,0,,0,,,,,373225.2468,5034517.954,45.44724253,-75.62525588,3550
16--13590,2016/12/20,9:40 AM,FAIRBANKS AVE @ SMYTH RD (0012074),12074,02 - Intersection related,03 - P.D. only,02 - Angle,01 - Clear,01 - Daylight,02 - Wet,02 - Stop sign,01 - Functioning,2,0,0,0,,0,,,,,370628.7207,5029081.972,45.39858118,-75.65917245,3551
16--13320,2016/12/16,6:20 PM,BRIDGE ST @ ARTHUR CRES N (0008837),8837,03 - At intersection,02 - Non-fatal injury,07 - SMV other,01 - Clear,07 - Dark,06 - Ice,02 - Stop sign,00 - Unknown,1,0,0,1,03 - Major,2,,1,1,,369022.5372,5010281.816,45.22957016,-75.68212303,3552
16--13245,2016/12/15,5:00 PM,LYON ST @ WELLINGTON ST (0002388),2388,02 - Intersection related,03 - P.D. only,03 - Rear end,01 - Clear,07 - Dark,01 - Dry,01 - Traffic signal,01 - Functioning,2,0,0,0,,0,,,,,366936.0992,5031427.408,45.4200222,-75.70603783,3553
16--13246,2016/12/15,5:06 PM,PRESTON ST btwn GEORGE ST W & ABERDEEN ST (__3ZA3ZV),__3ZA3ZV,04 - At/near private drive,03 - P.D. only,02 - Angle,01 - Clear,07 - Dark,04 - Slush,10 - No control,,2,0,0,0,,0,,,,,366624.629,5029402.729,45.4018323,-75.71027129,3554
16--13155,2016/12/14,10:30 AM,CRERAR AVE @ FISHER AVE (0006253),6253,02 - Intersection related,03 - P.D. only,02 - Angle,01 - Clear,01 - Daylight,01 - Dry,02 - Stop sign,00 - Unknown,2,0,0,0,,0,,,,,365451.8744,5027697.13,45.38658828,-75.72545999,3555
16--13321,2016/12/16,6:30 AM,DEVINE RD @ FRANK KENNY RD (0012908),12908,02 - Intersection related,03 - P.D. only,03 - Rear end,01 - Clear,07 - Dark,01 - Dry,02 - Stop sign,01 - Functioning,2,0,0,0,,0,,,,,393676.8667,5023503.045,45.34584205,-75.36583375,3556
16--12696,2016/12/05,8:23 AM,HALTON TERR/MAXWELL BRIDGE RD @ MARCH RD (0011852),11852,02 - Intersection related,03 - P.D. only,04 - Sideswipe,03 - Snow,01 - Daylight,03 - Loose snow,01 - Traffic signal,01 - Functioning,2,0,0,0,,0,,,,,348934.2252,5024420.768,45.3583425,-75.9366752,3557
16--12697,2016/12/05,8:24 AM,WHITE ALDER AVE btwn WIDGEON WAY & FLAT SEDGE CRES (__67PTM6),__67PTM6,01 - Non intersection,03 - P.D. only,02 - Angle,03 - Snow,01 - Daylight,06 - Ice,10 - No control,,3,0,0,0,,0,,,,,375232.2992,5020595.499,45.32177578,-75.60158751,3558
16--12884,2016/12/08,9:43 PM,INDUSTRIAL AVE @ RUSSELL RD (0007732),7732,03 - At intersection,02 - Non-fatal injury,02 - Angle,03 - Snow,07 - Dark,06 - Ice,01 - Traffic signal,01 - Functioning,2,0,0,0,01 - Minimal,1,1,,,,372464.6309,5030279.334,45.4091795,-75.63556079,3559
16--13156,2016/12/14,10:40 AM,CARLING AVE @ IROQUOIS RD (0003145),3145,02 - Intersection related,03 - P.D. only,03 - Rear end,01 - Clear,01 - Daylight,01 - Dry,01 - Traffic signal,01 - Functioning,2,0,0,0,,0,,,,,362213.2758,5026024.497,45.37181107,-75.76700872,3560
16--13247,2016/12/15,5:07 PM,BAYVIEW RD @ SCOTT ST/ALBERT ST (0005646),5646,03 - At intersection,03 - P.D. only,05 - Turning movement,01 - Clear,07 - Dark,03 - Loose snow,01 - Traffic signal,01 - Functioning,2,0,0,0,,0,,,,,365518.8175,5030071.345,45.40794513,-75.72431294,3561
16--12698,2016/12/05,8:30 AM,RICHMOND RD @ STEEPLE HILL CRES N (0000596),596,03 - At intersection,03 - P.D. only,02 - Angle,03 - Snow,01 - Daylight,03 - Loose snow,02 - Stop sign,01 - Functioning,2,0,0,0,,0,,,,,357391.3394,5014373.72,45.26735464,-75.82980271,3562
16--13322,2016/12/16,6:32 PM,MONTGOMERY ST btwn MONTREAL RD & SELKIRK ST (__3ZA7B5),__3ZA7B5,04 - At/near private drive,03 - P.D. only,02 - Angle,03 - Snow,07 - Dark,03 - Loose snow,10 - No control,,2,0,0,0,,0,,,,,370004.9078,5032789.195,45.43199573,-75.66664903,3563
16--12885,2016/12/08,9:50 PM,MERIVALE RD @ BASIL MACDONALD WAY/MERIVALE MAL (0010301),10301,02 - Intersection related,03 - P.D. only,02 - Angle,03 - Snow,07 - Dark,06 - Ice,01 - Traffic signal,01 - Functioning,2,0,0,0,,0,,,,,365095.5711,5023171.232,45.34589577,-75.73056197,3564
16--13157,2016/12/14,11:20 PM,REGIONAL ROAD 174 btwn MCTEER RD & CANAAN RD (__3ZA27S),__3ZA27S,01 - Non intersection,03 - P.D. only,01 - Approaching,03 - Snow,07 - Dark,03 - Loose snow,10 - No control,,2,0,0,0,,0,,,,,395568.4549,5043340.638,45.52407251,-75.33804255,3565
16--13158,2016/12/14,11:29 PM,BASELINE RD @ ERINDALE DR (0003209),3209,02 - Intersection related,03 - P.D. only,07 - SMV other,03 - Snow,07 - Dark,03 - Loose snow,02 - Stop sign,00 - Unknown,1,0,0,0,,0,,,,,363857.6921,5024576.765,45.35864792,-75.74618941,3566
16--13159,2016/12/14,11:30 AM,INDUSTRIAL AVE/INNES RD @ ST. LAURENT BLVD (0002203),2203,02 - Intersection related,02 - Non-fatal injury,03 - Rear end,01 - Clear,01 - Daylight,01 - Dry,01 - Traffic signal,01 - Functioning,2,0,0,0,01 - Minimal,1,1,,,,373100.5556,5030006.809,45.40666568,-75.62747533,3567
16--1316,2016/01/29,11:07 AM,PRINCE OF WALES DR btwn FAIRPARK DR & WATERBRIDGE DR (__3ZA293),__3ZA293,01 - Non intersection,02 - Non-fatal injury,01 - Approaching,03 - Snow,01 - Daylight,03 - Loose snow,10 - No control,,2,0,0,0,02 - Minor,2,,2,,,367277.8186,5015514.785,45.27681313,-75.70368212,3568
16--13160,2016/12/14,11:30 AM,MARCH RD @ TERRY FOX DR (0003173),3173,03 - At intersection,03 - P.D. only,02 - Angle,01 - Clear,01 - Daylight,01 - Dry,01 - Traffic signal,01 - Functioning,2,0,0,0,,0,,,,,349864.3891,5023398.85,45.34908789,-75.92489642,3569
16--13161,2016/12/14,11:59 AM,AVIATION PKWY @ OGILVIE RD (0004114),4114,03 - At intersection,03 - P.D. only,05 - Turning movement,01 - Clear,01 - Daylight,01 - Dry,01 - Traffic signal,01 - Functioning,2,0,0,0,,0,,,,,373109.886,5032376.586,45.42798688,-75.62702764,3570
16--13162,2016/12/14,Unknown,ALLOWAY CRES btwn PLUMBER AVE & CHARLTON DR (__3ZBO1F),__3ZBO1F,01 - Non intersection,03 - P.D. only,06 - SMV unattended vehicle,01 - Clear,00 - Unknown,01 - Dry,10 - No control,,1,0,0,0,,0,,,,,373043.9519,5033295.897,45.43626482,-75.62774274,3571
16--13163,2016/12/14,12:29 PM,WOODROFFE AVE btwn MEADOWLANDS DR/TALLWOOD DR & NORICE ST (__3ZBOCG),__3ZBOCG,04 - At/near private drive,03 - P.D. only,05 - Turning movement,01 - Clear,01 - Daylight,02 - Wet,10 - No control,,2,0,0,0,,0,,,,,363175.2523,5022441.837,45.33949518,-75.75515131,3572
16--13164,2016/12/14,12:30 PM,FLAT SEDGE CRES btwn BUTTONBUSH WAY & WHITE ALDER AVE E (__67PTMU),__67PTMU,01 - Non intersection,03 - P.D. only,06 - SMV unattended vehicle,01 - Clear,01 - Daylight,03 - Loose snow,10 - No control,,1,0,0,0,,0,,,,,375379.9809,5020789.141,45.32350326,-75.59967637,3573
16--13165,2016/12/14,12:30 PM,ALEXANDRA BR btwn MURRAY ST & END (__3ZA2TK),__3ZA2TK,07 - Overpass or bridge,03 - P.D. only,03 - Rear end,01 - Clear,01 - Daylight,01 - Dry,10 - No control,,2,0,0,0,,0,,,,,367190.5772,5032481.204,45.42948127,-75.70265301,3574
16--13166,2016/12/14,12:37 PM,PINECREST RD @ QUEENSVIEW DR (0002739),2739,03 - At intersection,03 - P.D. only,02 - Angle,01 - Clear,01 - Daylight,02 - Wet,01 - Traffic signal,01 - Functioning,2,0,0,0,,0,,,,,360346.4602,5023782.408,45.35178729,-75.79109236,3575
16--13167,2016/12/14,2:01 PM,GLADSTONE AVE btwn BRONSON AVE & PERCY ST (__3ZA3B9),__3ZA3B9,01 - Non intersection,03 - P.D. only,04 - Sideswipe,01 - Clear,01 - Daylight,01 - Dry,10 - No control,,2,0,0,0,,0,,,,,367311.3172,5030194.558,45.40889596,-75.70140022,3576
16--13168,2016/12/14,2:25 PM,BLAIR RD @ OGILVIE RD (0004120),4120,02 - Intersection related,03 - P.D. only,03 - Rear end,01 - Clear,01 - Daylight,04 - Slush,01 - Traffic signal,01 - Functioning,2,0,0,0,,0,,,,,374507.7237,5033198.161,45.43524105,-75.60904969,3577
16--13169,2016/12/14,2:38 PM,WOODROFFE AVE btwn TECUMSEH ST & DOMALATCHY PL (__3ZA3GR),__3ZA3GR,01 - Non intersection,03 - P.D. only,03 - Rear end,01 - Clear,01 - Daylight,02 - Wet,10 - No control,,2,0,0,0,,0,,,,,362393.757,5024165.183,45.35506632,-75.76492142,3578
16--1317,2016/01/29,11:20 AM,8TH LINE RD @ MITCH OWENS RD (0003574),3574,02 - Intersection related,03 - P.D. only,04 - Sideswipe,03 - Snow,01 - Daylight,02 - Wet,02 - Stop sign,01 - Functioning,2,0,0,0,,0,,,,,382362.5764,5018775.131,45.30464565,-75.51093387,3579
16--13170,2016/12/14,2:47 PM,JOCKVALE RD @ STRANDHERD DR (0010541),10541,02 - Intersection related,03 - P.D. only,03 - Rear end,01 - Clear,01 - Daylight,01 - Dry,01 - Traffic signal,01 - Functioning,2,0,0,0,,0,,,,,363560.4805,5014579.079,45.26871412,-75.7511684,3580
16--13171,2016/12/14,3:01 PM,LAURIER AVE @ MARLBOROUGH AVE (0007761),7761,03 - At intersection,02 - Non-fatal injury,02 - Angle,01 - Clear,01 - Daylight,01 - Dry,02 - Stop sign,01 - Functioning,3,0,0,0,02 - Minor,1,,1,,,369324.9305,5032386.489,45.42843541,-75.67539133,3581