Anom_ID,Accident_Date,Accident_Time,Location,Geo_ID,Accident_Location,Classification_of_Accident,Initial_Impact_Type,Environment_Condition,Light,Road_Surface_Condition,Traffic_Control,Traffic_Control_Condition,No__of_Vehicles,No__of_Bicycles,No__of_Motorcycles,No__of_Pedestrians,Max_Injury,No__of_Injuries,No__of_Minimal,No__of_Minor,No__of_Major,No__of_Fatal,X,Y,Latitude,Longitude,ObjectId
16--13172,2016/12/14,3:05 PM,BANK ST @ QUEENSDALE AVE (0009260),9260,02 - Intersection related,02 - Non-fatal injury,03 - Rear end,01 - Clear,01 - Daylight,01 - Dry,01 - Traffic signal,00 - Unknown,4,0,0,0,02 - Minor,4,,4,,,373338.0317,5023445.509,45.34760666,-75.62535265,3582
16--13173,2016/12/14,3:15 PM,BREWER RD @ BRONSON AVE (0002240),2240,02 - Intersection related,03 - P.D. only,03 - Rear end,01 - Clear,01 - Daylight,01 - Dry,01 - Traffic signal,00 - Unknown,2,0,0,0,,0,,,,,368106.5626,5027768.506,45.3869956,-75.6915531,3583
16--13174,2016/12/14,3:15 PM,HIGHWAY 417 btwn HWY417 IC119A RAMP75 & HWY417 IC118 RAMP57 (__3ZA2R2),__3ZA2R2,01 - Non intersection,03 - P.D. only,03 - Rear end,01 - Clear,01 - Daylight,01 - Dry,10 - No control,,2,0,0,0,,0,,,,,368942.8468,5030694.397,45.41324572,-75.68049404,3584
16--13175,2016/12/14,3:27 PM,CARLING AVE EB btwn IVANHOE AVE & ALPINE AVE (__3ZA4V2),__3ZA4V2,04 - At/near private drive,02 - Non-fatal injury,05 - Turning movement,01 - Clear,01 - Daylight,02 - Wet,10 - No control,,2,0,0,0,01 - Minimal,1,1,,,,360487.5673,5024916.432,45.36198001,-75.78916388,3585
16--13176,2016/12/14,3:30 PM,BELL ST @ GLADSTONE AVE (0006488),6488,02 - Intersection related,03 - P.D. only,03 - Rear end,01 - Clear,01 - Daylight,02 - Wet,02 - Stop sign,01 - Functioning,2,0,0,0,,0,,,,,366946.0539,5029970.704,45.40691432,-75.70609432,3586
16--13177,2016/12/14,3:30 PM,CARLING AVE @ BAYSHORE DR/BIRCHDALE AVE (0000021),21,03 - At intersection,03 - P.D. only,05 - Turning movement,03 - Snow,01 - Daylight,04 - Slush,01 - Traffic signal,01 - Functioning,2,0,0,0,,0,,,,,359004.8377,5023990.194,45.35376194,-75.80819067,3587
16--13178,2016/12/14,3:32 PM,CARLING AVE @ BROADVIEW AVE (0006707),6707,03 - At intersection,02 - Non-fatal injury,07 - SMV other,01 - Clear,01 - Daylight,01 - Dry,01 - Traffic signal,01 - Functioning,1,0,0,1,01 - Minimal,1,1,,,,363179.8584,5026638.128,45.37725259,-75.75459693,3588
16--13179,2016/12/14,3:34 PM,CLEOPATRA DR btwn WEST HUNT CLUB RD & CAMELOT DR (__3ZA57Q),__3ZA57Q,04 - At/near private drive,03 - P.D. only,02 - Angle,01 - Clear,01 - Daylight,01 - Dry,10 - No control,,2,0,0,0,,0,,,,,365317.4897,5021496.882,45.33081107,-75.72793508,3589
16--1318,2016/01/29,11:24 AM,PRINCE OF WALES DR btwn BASELINE RD/HERON RD & GREEN VALLEY CRES (__3ZA3G7),__3ZA3G7,01 - Non intersection,03 - P.D. only,05 - Turning movement,01 - Clear,01 - Daylight,03 - Loose snow,10 - No control,,2,0,0,0,,0,,,,,366983.082,5026687.121,45.3773662,-75.70603516,3590
16--13180,2016/12/14,3:45 PM,HWY 417 CASTLEFR IC139R61 @ KANATA AVE (0012625),12625,02 - Intersection related,03 - P.D. only,03 - Rear end,01 - Clear,01 - Daylight,01 - Dry,01 - Traffic signal,00 - Unknown,2,0,0,0,,0,,,,,351614.9365,5019226.125,45.31142615,-75.90295207,3591
16--13181,2016/12/14,3:45 PM,HIGHWAY 417 btwn HWY417 IC127 RAMP35 & HWY417 IC127 RAMP25 (__3ZA2RE),__3ZA2RE,01 - Non intersection,03 - P.D. only,99 - Other,01 - Clear,01 - Daylight,01 - Dry,10 - No control,,2,0,0,0,,0,,,,,362134.4971,5024832.761,45.36109439,-75.76815269,3592
16--13182,2016/12/14,4:08 PM,REGIONAL ROAD 174 btwn HWY417 IC113 RAMP67 & Continuation of REGIONAL  (__3ZA28A),__3ZA28A,01 - Non intersection,03 - P.D. only,03 - Rear end,01 - Clear,05 - Dusk,01 - Dry,10 - No control,,2,0,0,0,,0,,,,,373606.583,5031949.761,45.42409784,-75.62074043,3593
16--13183,2016/12/14,4:10 PM,HIGHWAY 417 btwn REGIONAL ROAD 174 & HWY417 IC113 RAMP62 (__3ZA280),__3ZA280,01 - Non intersection,03 - P.D. only,04 - Sideswipe,01 - Clear,05 - Dusk,01 - Dry,10 - No control,,2,0,0,0,,0,,,,,373348.8358,5031762.153,45.42243515,-75.62405982,3594
16--13184,2016/12/14,4:13 PM,AUGUSTA ST @ DALY AVE (0007800),7800,03 - At intersection,03 - P.D. only,02 - Angle,01 - Clear,05 - Dusk,04 - Slush,02 - Stop sign,02 - Not functioning,2,0,0,0,,0,,,,,369093.3605,5032578.837,45.43018741,-75.67832531,3595
16--13185,2016/12/14,4:13 PM,FALLOWFIELD RD btwn MERIVALE RD & WOODROFFE AVE (__3ZA3IN),__3ZA3IN,01 - Non intersection,03 - P.D. only,07 - SMV other,06 - Strong wind,05 - Dusk,06 - Ice,10 - No control,,1,0,0,0,,0,,,,,366798.1308,5018804.304,45.30645438,-75.70938429,3596
16--13186,2016/12/14,4:15 PM,OTTAWA RIVER PKWY WB btwn TUNNEY'S PASTURE/REMIC RAPIDS ENT & PARKDALE (__3ZA24KA),__3ZA24KA,01 - Non intersection,03 - P.D. only,03 - Rear end,01 - Clear,05 - Dusk,99 - Other,10 - No control,,2,0,0,0,,0,,,,,364259.4759,5030240.544,45.40957566,-75.74037927,3597
16--13187,2016/12/14,4:30 PM,HAWTHORNE RD btwn DAVIDSON RD & LEITRIM RD (__3ZBPIY),__3ZBPIY,01 - Non intersection,02 - Non-fatal injury,03 - Rear end,01 - Clear,05 - Dusk,01 - Dry,10 - No control,,3,0,0,0,01 - Minimal,3,3,,,,376926.0143,5022984.244,45.34309663,-75.5796377,3598
16--13188,2016/12/14,5:00 PM,CAMBRIDGE ST    N btwn PRIMROSE AVE & SOMERSET ST W (__3ZA0W7),__3ZA0W7,01 - Non intersection,03 - P.D. only,06 - SMV unattended vehicle,03 - Snow,07 - Dark,04 - Slush,10 - No control,,1,0,0,0,,0,,,,,366895.3863,5030442.264,45.41116178,-75.70668214,3599
16--13189,2016/12/14,5:02 PM,HIGHWAY 7 btwn UPPER DWYER HILL RD & HIGHWAY 7 (__7JQ7LM),__7JQ7LM,01 - Non intersection,02 - Non-fatal injury,07 - SMV other,01 - Clear,07 - Dark,01 - Dry,10 - No control,,1,0,0,0,01 - Minimal,1,1,,,,341194.9842,5007379.772,45.20544383,-76.03670423,3600
16--1319,2016/01/29,11:35 AM,LAROSE AVE @ MERIVALE RD (0011410),11410,02 - Intersection related,03 - P.D. only,05 - Turning movement,03 - Snow,01 - Daylight,02 - Wet,02 - Stop sign,00 - Unknown,2,0,0,0,,0,,,,,364846.04,5026967.324,45.38007382,-75.73328472,3601
16--13190,2016/12/14,5:20 PM,HWY417 IC117 RAMP51 btwn HIGHWAY 417 & HWY417 IC117 RAMP53 (__3ZAY9J),__3ZAY9J,01 - Non intersection,03 - P.D. only,03 - Rear end,01 - Clear,07 - Dark,01 - Dry,10 - No control,,4,0,0,0,,0,,,,,370588.644,5031121.035,45.41693165,-75.65941219,3602
16--13191,2016/12/14,5:30 PM,HUNT CLUB RD @ HWY417 HUNT CLUB IC109 RAMP52 (0017210),17210,02 - Intersection related,02 - Non-fatal injury,03 - Rear end,01 - Clear,07 - Dark,01 - Dry,02 - Stop sign,01 - Functioning,2,0,0,0,01 - Minimal,1,1,,,,376416.5641,5027444.644,45.38328129,-75.58549128,3603
16--13192,2016/12/14,5:41 PM,CAHILL DR @ HUNT CLUB RD (0011394),11394,03 - At intersection,03 - P.D. only,04 - Sideswipe,01 - Clear,07 - Dark,01 - Dry,01 - Traffic signal,01 - Functioning,2,0,0,0,,0,,,,,372406.0784,5024541.267,45.35755635,-75.63709457,3604
16--13193,2016/12/14,5:43 AM,MERIVALE RD @ WOODFIELD DR/ROYDON PL (0009776),9776,03 - At intersection,02 - Non-fatal injury,99 - Other,03 - Snow,07 - Dark,05 - Packed snow,01 - Traffic signal,01 - Functioning,2,0,0,0,02 - Minor,1,,1,,,365461.8729,5022296.429,45.33799283,-75.72599525,3605
16--13194,2016/12/14,5:45 PM,HIGHWAY 417 btwn HWY417 IC115 RAMP36 & HWY417 IC115 RAMP26 (__3ZA2R4),__3ZA2R4,01 - Non intersection,03 - P.D. only,04 - Sideswipe,01 - Clear,07 - Dark,01 - Dry,10 - No control,,2,0,0,0,,0,,,,,372472.3856,5031524.659,45.42038362,-75.63529073,3606
16--13195,2016/12/14,5:50 PM,AVIATION PKWY @ OGILVIE RD (0004114),4114,03 - At intersection,02 - Non-fatal injury,05 - Turning movement,01 - Clear,07 - Dark,05 - Packed snow,01 - Traffic signal,01 - Functioning,2,0,0,0,01 - Minimal,1,1,,,,373108.2297,5032375.343,45.42797586,-75.62704897,3607
16--13196,2016/12/14,6:20 PM,DONALD ST @ ST. LAURENT BLVD (0008630),8630,02 - Intersection related,02 - Non-fatal injury,03 - Rear end,01 - Clear,07 - Dark,03 - Loose snow,01 - Traffic signal,01 - Functioning,2,0,0,0,01 - Minimal,2,2,,,,372093.7129,5032472.171,45.42894542,-75.63999937,3608
16--13197,2016/12/14,6:22 PM,BLACKBURN BYPASS WB btwn NAVAN RD & 1700 W OF NAVAN RD (__3ZA3J5B),__3ZA3J5B,01 - Non intersection,03 - P.D. only,03 - Rear end,01 - Clear,07 - Dark,01 - Dry,10 - No control,,3,0,0,0,,0,,,,,379462.1263,5033155.69,45.43434749,-75.54574132,3609
16--13198,2016/12/14,6:31 PM,BASELINE RD @ BASSANO ST (0003210),3210,02 - Intersection related,03 - P.D. only,03 - Rear end,01 - Clear,07 - Dark,01 - Dry,02 - Stop sign,01 - Functioning,2,0,0,0,,0,,,,,363764.8622,5024515.457,45.35810409,-75.7473815,3610
16--13199,2016/12/14,6:33 PM,KANATA AVE @ LORD BYNG WAY/MARITIME WAY (0009115),9115,02 - Intersection related,02 - Non-fatal injury,03 - Rear end,01 - Clear,07 - Dark,02 - Wet,01 - Traffic signal,00 - Unknown,2,0,0,0,02 - Minor,1,,1,,,351431.3252,5019333.249,45.3124023,-75.90528352,3611
16--132,2016/01/05,1:58 PM,OLD TENTH LINE RD/OR174 IC101 RAMP63 @ ST. JOS (0009233),9233,03 - At intersection,02 - Non-fatal injury,02 - Angle,01 - Clear,01 - Daylight,05 - Packed snow,01 - Traffic signal,01 - Functioning,2,0,0,0,02 - Minor,2,,2,,,383119.4846,5038784.95,45.48459457,-75.49810687,3612
16--1320,2016/01/29,11:59 AM,MAITLAND AVE @ TERREBONNE DR (0003212),3212,02 - Intersection related,03 - P.D. only,04 - Sideswipe,01 - Clear,01 - Daylight,02 - Wet,02 - Stop sign,01 - Functioning,2,0,0,0,,0,,,,,364012.0333,5025137.115,45.36367686,-75.74415244,3613
16--13200,2016/12/14,6:55 PM,JOCKVALE RD @ STRANDHERD DR (0010541),10541,02 - Intersection related,03 - P.D. only,03 - Rear end,01 - Clear,07 - Dark,01 - Dry,01 - Traffic signal,00 - Unknown,2,0,0,0,,0,,,,,363560.4819,5014578.562,45.26870947,-75.75116845,3614
16--13201,2016/12/14,6:58 AM,REGIONAL ROAD 174 EB btwn OR174 IC109 RAMP55 & TRANSIT (__3ZA28V),__3ZA28V,01 - Non intersection,03 - P.D. only,04 - Sideswipe,01 - Clear,03 - Dawn,02 - Wet,10 - No control,,2,0,0,0,,0,,,,,376502.1294,5035050.949,45.45170961,-75.583292,3615
16--13202,2016/12/14,7:00 PM,MOODIE DR @ WEST HUNT CLUB RD (0010414),10414,02 - Intersection related,03 - P.D. only,07 - SMV other,03 - Snow,07 - Dark,06 - Ice,01 - Traffic signal,01 - Functioning,1,0,0,0,,0,,,,,357908.4799,5018500.526,45.30444938,-75.82277128,3616
16--13203,2016/12/14,7:13 PM,LEOPOLDS DR btwn REVELSTOKE DR & RIVERSIDE DR (__3ZA9WB),__3ZA9WB,01 - Non intersection,03 - P.D. only,07 - SMV other,03 - Snow,07 - Dark,03 - Loose snow,10 - No control,,1,0,0,0,,0,,,,,367730.6331,5023876.581,45.35201089,-75.69684917,3617
16--13204,2016/12/14,7:16 PM,RICHMOND RD btwn WINSTON AVE & CHURCHILL AVE N (__3ZA4OS),__3ZA4OS,01 - Non intersection,03 - P.D. only,04 - Sideswipe,01 - Clear,07 - Dark,01 - Dry,10 - No control,,2,0,0,0,,0,,,,,363209.4743,5028282.199,45.39204323,-75.75402428,3618
16--13205,2016/12/14,7:27 PM,LARKIN DR btwn LAMING ST & CARROLL CRT (__3ZAB8K),__3ZAB8K,01 - Non intersection,03 - P.D. only,06 - SMV unattended vehicle,01 - Clear,07 - Dark,06 - Ice,10 - No control,,1,0,0,0,,0,,,,,362041.2462,5015661.473,45.27857886,-75.77040283,3619
16--13206,2016/12/14,7:54 PM,SNAKE ISLAND RD @ STAGECOACH RD (0001642),1642,03 - At intersection,03 - P.D. only,05 - Turning movement,01 - Clear,07 - Dark,01 - Dry,02 - Stop sign,01 - Functioning,2,0,0,0,,0,,,,,378062.0989,5006580.288,45.19538261,-75.5675626,3620
16--13207,2016/12/14,7:55 PM,INDUSTRIAL AVE/INNES RD @ ST. LAURENT BLVD (0002203),2203,02 - Intersection related,03 - P.D. only,03 - Rear end,03 - Snow,07 - Dark,03 - Loose snow,01 - Traffic signal,01 - Functioning,2,0,0,0,,0,,,,,373098.0711,5030005.153,45.40665102,-75.62750729,3621
16--13208,2016/12/14,7:57 AM,ROBERTSON RD btwn FITZGERALD RD & MOODIE DR (__3ZA411),__3ZA411,04 - At/near private drive,02 - Non-fatal injury,05 - Turning movement,01 - Clear,01 - Daylight,02 - Wet,10 - No control,,2,0,0,0,02 - Minor,1,,1,,,357015.816,5020426.047,45.32184238,-75.83395064,3622
16--13209,2016/12/14,8:20 PM,INDUSTRIAL AVE btwn TRAINYARDS DR & RUSSELL RD (__3ZA3R9),__3ZA3R9,01 - Non intersection,03 - P.D. only,99 - Other,03 - Snow,07 - Dark,03 - Loose snow,10 - No control,,2,0,0,0,,0,,,,,372194.9078,5030398.008,45.4102733,-75.63898998,3623
16--1321,2016/01/29,Unknown,CAYMAN RD btwn CAMPOBELLO DR & GRENADINE ST (__7JQ6FH),__7JQ6FH,01 - Non intersection,03 - P.D. only,06 - SMV unattended vehicle,01 - Clear,00 - Unknown,03 - Loose snow,10 - No control,,1,0,0,0,,0,,,,,349768.402,5016367.096,45.28582042,-75.92675968,3624
16--13210,2016/12/14,8:20 PM,FROBISHER LANE W @ RIVERSIDE DR (0011961),11961,02 - Intersection related,03 - P.D. only,03 - Rear end,03 - Snow,07 - Dark,03 - Loose snow,01 - Traffic signal,00 - Unknown,3,0,0,0,,0,,,,,370118.7151,5029601.219,45.40330095,-75.66561726,3625
16--13211,2016/12/14,8:43 PM,WOODROFFE AVE @ HWY 417 WOODROFF IC127R26/HWY4 (0002355),2355,02 - Intersection related,03 - P.D. only,03 - Rear end,01 - Clear,07 - Dark,05 - Packed snow,01 - Traffic signal,01 - Functioning,2,0,0,0,,0,,,,,362083.5151,5024939.932,45.36206287,-75.76879097,3626
16--13212,2016/12/14,8:46 PM,GREENBANK RD @ LISA AVE (0002753),2753,03 - At intersection,03 - P.D. only,05 - Turning movement,03 - Snow,07 - Dark,05 - Packed snow,01 - Traffic signal,01 - Functioning,2,0,0,0,,0,,,,,360554.4556,5022892.833,45.34376641,-75.78853832,3627
16--13213,2016/12/14,8:54 PM,MILTON RD btwn PERRAULT RD & RUSSELL RD (__3ZBOGV),__3ZBOGV,01 - Non intersection,02 - Non-fatal injury,07 - SMV other,03 - Snow,07 - Dark,05 - Packed snow,10 - No control,,1,0,0,0,02 - Minor,2,1,1,,,388690.9263,5028162.211,45.38837493,-75.42865722,3628
16--13214,2016/12/14,9:08 AM,YORK ST EB btwn BY WARD MARKET SQ & SUSSEX DR (__3ZA8ZZ),__3ZA8ZZ,01 - Non intersection,03 - P.D. only,06 - SMV unattended vehicle,01 - Clear,01 - Daylight,02 - Wet,10 - No control,,1,0,0,0,,0,,,,,367813.4543,5032240.817,45.42726251,-75.69472423,3629
16--13215,2016/12/14,9:29 AM,LEMIEUX ST @ ST. LAURENT BLVD (0002021),2021,03 - At intersection,02 - Non-fatal injury,02 - Angle,01 - Clear,01 - Daylight,01 - Dry,01 - Traffic signal,01 - Functioning,2,0,0,0,02 - Minor,2,,2,,,372391.0661,5031742.345,45.42235012,-75.63629984,3630
16--13216,2016/12/14,9:40 PM,HIGHWAY 417 btwn Continuation of HIGHWAY 417 & HWY417 IC144 RAMP16 (__3ZA2Q6),__3ZA2Q6,01 - Non intersection,02 - Non-fatal injury,07 - SMV other,03 - Snow,07 - Dark,03 - Loose snow,10 - No control,,1,0,0,0,02 - Minor,1,,1,,,347333.0236,5015813.544,45.28099094,-75.95785098,3631
16--13217,2016/12/14,9:58 AM,SNAKE ISLAND RD btwn KEARNS WAY & 5TH LINE RD (__3ZA2CU),__3ZA2CU,01 - Non intersection,03 - P.D. only,07 - SMV other,01 - Clear,01 - Daylight,01 - Dry,10 - No control,,1,0,0,0,,0,,,,,378894.2275,5007135.008,45.20028685,-75.55689073,3632
16--13218,2016/12/15,1:02 PM,DALMENY RD @ STAGECOACH RD (0010336),10336,03 - At intersection,03 - P.D. only,02 - Angle,01 - Clear,01 - Daylight,01 - Dry,02 - Stop sign,01 - Functioning,2,0,0,0,,0,,,,,377831.9001,4999218.072,45.12916285,-75.57156868,3633
16--13219,2016/12/15,1:27 PM,TARRYN TER btwn ROCHELLE DR & PERTH ST (__3EXHYT),__3EXHYT,04 - At/near private drive,02 - Non-fatal injury,07 - SMV other,06 - Strong wind,01 - Daylight,05 - Packed snow,10 - No control,,1,0,0,1,02 - Minor,1,,1,,,356387.5932,5005975.719,45.1918615,-75.84346367,3634
16--1322,2016/01/29,12:20 PM,CARLING AVE @ CARLINGWOOD SC (0008881),8881,03 - At intersection,03 - P.D. only,05 - Turning movement,05 - Drifting Snow,01 - Daylight,05 - Packed snow,01 - Traffic signal,01 - Functioning,2,0,0,0,,0,,,,,362071.8909,5025919.008,45.37087346,-75.76882585,3635
16--13220,2016/12/15,1:37 PM,GLADSTONE AVE btwn KENT ST & BANK ST (__3ZA3PA),__3ZA3PA,01 - Non intersection,03 - P.D. only,06 - SMV unattended vehicle,01 - Clear,01 - Daylight,03 - Loose snow,10 - No control,,1,0,0,0,,0,,,,,367908.4248,5030556.359,45.41209775,-75.69372643,3636
16--13221,2016/12/15,1:58 PM,LYON ST @ NEPEAN ST (0007697),7697,02 - Intersection related,03 - P.D. only,04 - Sideswipe,01 - Clear,01 - Daylight,04 - Slush,02 - Stop sign,00 - Unknown,2,0,0,0,,0,,,,,367233.0379,5030933.334,45.41555024,-75.70230658,3637
16--13222,2016/12/15,10:00 AM,EAGLESON RD btwn PERTH ST & BARNSDALE RD (__3ZA4YA),__3ZA4YA,01 - Non intersection,03 - P.D. only,07 - SMV other,03 - Snow,01 - Daylight,04 - Slush,10 - No control,,1,0,0,0,,0,,,,,358032.9283,5007370.154,45.20428674,-75.82237662,3638
16--13223,2016/12/15,10:26 AM,BANK ST @ HUNT CLUB RD (0002119),2119,03 - At intersection,02 - Non-fatal injury,02 - Angle,01 - Clear,01 - Daylight,01 - Dry,01 - Traffic signal,01 - Functioning,2,0,0,0,02 - Minor,1,,1,,,371608.7365,5024096.92,45.35363469,-75.64733053,3639
16--13224,2016/12/15,10:41 PM,UPPER DWYER HILL RD btwn CARROLL SIDE RD & MARCH RD (__3ZA4QC),__3ZA4QC,01 - Non intersection,03 - P.D. only,07 - SMV other,01 - Clear,07 - Dark,02 - Wet,10 - No control,,1,0,0,0,,0,,,,,334001.813,5014379.111,45.26876324,-76.12785778,3640
16--13225,2016/12/15,11:17 AM,CATHERINE ST btwn BANK ST & O'CONNOR ST (__3ZA3PU),__3ZA3PU,01 - Non intersection,03 - P.D. only,04 - Sideswipe,01 - Clear,01 - Daylight,02 - Wet,10 - No control,,2,0,0,0,,0,,,,,368126.6619,5030319.332,45.40994534,-75.69096897,3641
16--13226,2016/12/15,11:35 AM,GRASSY PLAINS DR @ SUNNYBROOKE DR (0011812),11812,02 - Intersection related,03 - P.D. only,02 - Angle,01 - Clear,01 - Daylight,04 - Slush,02 - Stop sign,01 - Functioning,2,0,0,0,,0,,,,,355376.5326,5015575.814,45.27831913,-75.85535427,3642
16--13227,2016/12/15,Unknown,AMBLESIDE DR btwn MCEWEN AVE & NEW ORCHARD AVE (__3ZAZQV),__3ZAZQV,01 - Non intersection,03 - P.D. only,06 - SMV unattended vehicle,01 - Clear,00 - Unknown,01 - Dry,10 - No control,,1,0,0,0,,0,,,,,361196.0827,5026188.53,45.37336962,-75.77997538,3643
16--13228,2016/12/15,Unknown,ST. JOVITE RDG btwn FORTUNE DR & FORTUNE DR (__3ZA681),__3ZA681,01 - Non intersection,03 - P.D. only,06 - SMV unattended vehicle,01 - Clear,00 - Unknown,01 - Dry,10 - No control,,1,0,0,0,,0,,,,,380159.1129,5037641.476,45.47463238,-75.53614703,3644
16--13229,2016/12/15,12:06 PM,INNES RD @ JEANNE D'ARC BLVD/MER BLEUE RD (0012475),12475,02 - Intersection related,03 - P.D. only,04 - Sideswipe,01 - Clear,01 - Daylight,01 - Dry,01 - Traffic signal,01 - Functioning,3,0,0,0,,0,,,,,382639.4099,5035567.14,45.45569724,-75.50475694,3645
16--1323,2016/01/29,12:42 PM,BRONSON AVE @ FIRST AVE (0007719),7719,03 - At intersection,03 - P.D. only,02 - Angle,03 - Snow,01 - Daylight,02 - Wet,02 - Stop sign,01 - Functioning,2,0,0,0,,0,,,,,367489.9269,5029236.343,45.40025825,-75.69924047,3646
16--12886,2016/12/08,9:52 PM,MERIVALE RD/LOTTA AVE @ CLYDE AVE (0001112),1112,02 - Intersection related,03 - P.D. only,07 - SMV other,03 - Snow,07 - Dark,06 - Ice,01 - Traffic signal,01 - Functioning,1,0,0,0,,0,,,,,364524.0069,5024507.517,45.35796839,-75.7376937,3647
16--13248,2016/12/15,5:12 PM,CARP RD btwn HWY417 IC144 RAMP25 & WESTBROOK RD (__3ZA3D3),__3ZA3D3,01 - Non intersection,02 - Non-fatal injury,03 - Rear end,01 - Clear,07 - Dark,02 - Wet,10 - No control,,2,0,0,0,01 - Minimal,1,1,,,,347679.0453,5015506.158,45.27820395,-75.95346716,3648
16--12887,2016/12/09,1:44 PM,HIGHWAY 417 btwn HWY417 IC122 RAMP16 & HWY417 IC122 RAMP61 (__3ZA2RA),__3ZA2RA,01 - Non intersection,03 - P.D. only,03 - Rear end,01 - Clear,01 - Daylight,01 - Dry,10 - No control,,4,0,0,0,,0,,,,,365313.3568,5028883.444,45.39727446,-75.72708324,3649
16--13249,2016/12/15,5:16 PM,BLACKBURN BYPASS WB btwn NAVAN RD & 1700 W OF NAVAN RD (__3ZA3J5B),__3ZA3J5B,01 - Non intersection,03 - P.D. only,03 - Rear end,01 - Clear,07 - Dark,01 - Dry,10 - No control,,2,0,0,0,,0,,,,,379300.5173,5033061.826,45.4335202,-75.54782077,3650
16--12888,2016/12/09,10:25 AM,HIGHWAY 417 btwn HWY417 IC140 RAMP35 & HWY417 IC140 RAMP25 (__3ZA2QP),__3ZA2QP,01 - Non intersection,03 - P.D. only,04 - Sideswipe,01 - Clear,01 - Daylight,01 - Dry,10 - No control,,2,0,0,0,,0,,,,,350951.4347,5018557.762,45.30545597,-75.91147574,3651
16--1325,2016/01/29,12:48 PM,OGILVIE RD @ CITY PARK DR E/CSIS HQ ACCESS (0003696),3696,03 - At intersection,03 - P.D. only,03 - Rear end,03 - Snow,01 - Daylight,02 - Wet,01 - Traffic signal,01 - Functioning,2,0,0,0,,0,,,,,374188.8673,5033011.918,45.43359705,-75.61315082,3652
16--12889,2016/12/09,10:54 AM,TERMINAL AVE btwn RAILMARKET PRIV & TRAINYARDS DR (__58HP5W),__58HP5W,01 - Non intersection,02 - Non-fatal injury,03 - Rear end,01 - Clear,01 - Daylight,06 - Ice,10 - No control,,2,0,0,0,01 - Minimal,1,1,,,,371637.4665,5030929.797,45.41511157,-75.64603871,3653
16--1289,2016/01/28,11:00 AM,DUNROBIN RD btwn KINBURN SIDE RD & VANCES SIDE RD (__3ZA3FG),__3ZA3FG,01 - Non intersection,02 - Non-fatal injury,04 - Sideswipe,03 - Snow,01 - Daylight,03 - Loose snow,10 - No control,,2,0,0,0,02 - Minor,1,,1,,,339007.6424,5034836.327,45.45261966,-76.06265024,3654
16--13250,2016/12/15,5:32 PM,ALBION RD @ BANK ST (0012409),12409,03 - At intersection,02 - Non-fatal injury,05 - Turning movement,01 - Clear,07 - Dark,01 - Dry,01 - Traffic signal,01 - Functioning,2,0,0,0,02 - Minor,1,,1,,,371946.5084,5024128.841,45.35388964,-75.64301575,3655
16--12890,2016/12/09,11:09 AM,KING EDWARD AVE @ ST. PATRICK ST (0002714),2714,02 - Intersection related,03 - P.D. only,04 - Sideswipe,01 - Clear,01 - Daylight,01 - Dry,01 - Traffic signal,01 - Functioning,2,0,0,0,,0,,,,,368249.5295,5032822.347,45.43245549,-75.68907707,3656
16--13251,2016/12/15,5:36 PM,QUEEN ELIZABETH DRWY btwn LAWRENCE FREIMAN LANE & TURN LANE (__3ZBPHI),__3ZBPHI,01 - Non intersection,03 - P.D. only,03 - Rear end,01 - Clear,07 - Dark,06 - Ice,10 - No control,,4,0,0,0,,0,,,,,368137.5016,5031749.969,45.42281676,-75.69064662,3657
16--12891,2016/12/09,11:12 AM,CARLING AVE @ MELROSE AVE (0006992),6992,03 - At intersection,03 - P.D. only,02 - Angle,01 - Clear,01 - Daylight,02 - Wet,02 - Stop sign,01 - Functioning,2,0,0,0,,0,,,,,365970.3757,5028392.447,45.3927995,-75.71875302,3658
16--13252,2016/12/15,5:45 PM,HIGHWAY 417 btwn HWY417 IC124 RAMP67 & HWY417 IC123 RAMP62 (__3ZA2YZ),__3ZA2YZ,01 - Non intersection,03 - P.D. only,03 - Rear end,01 - Clear,07 - Dark,01 - Dry,10 - No control,,2,0,0,0,,0,,,,,364780.4272,5028078.575,45.39007827,-75.73398741,3659
16--12892,2016/12/09,11:33 PM,CARLING AVE EB btwn GRENON AVE & MOORE AVE (__3ZA4VQ),__3ZA4VQ,01 - Non intersection,03 - P.D. only,07 - SMV other,01 - Clear,07 - Dark,06 - Ice,10 - No control,,1,0,0,0,,0,,,,,359763.0293,5024460.052,45.35793069,-75.79846245,3660
16--13253,2016/12/15,5:53 PM,ALTA VISTA DR @ SMYTH RD (0011353),11353,02 - Intersection related,03 - P.D. only,04 - Sideswipe,03 - Snow,07 - Dark,05 - Packed snow,01 - Traffic signal,01 - Functioning,2,0,0,0,,0,,,,,370431.8877,5029081.972,45.39859966,-75.66168631,3661
16--12893,2016/12/09,12:13 AM,CARP RD btwn KINBURN SIDE RD & BAIRD SIDE RD (__3ZA4Q9),__3ZA4Q9,04 - At/near private drive,03 - P.D. only,03 - Rear end,03 - Snow,07 - Dark,03 - Loose snow,10 - No control,,2,0,0,0,,0,,,,,333347.1024,5029495.501,45.40481512,-76.13532906,3662
16--13254,2016/12/15,6:00 PM,HIGHWAY 417 btwn HWY417 IC131 RAMP55 & HWY417 IC130 RAMP35 (__3ZA1MT),__3ZA1MT,01 - Non intersection,02 - Non-fatal injury,07 - SMV other,01 - Clear,07 - Dark,06 - Ice,10 - No control,,1,0,0,0,02 - Minor,1,,1,,,358906.5991,5023012.512,45.34497232,-75.80955135,3663