Anom_ID,Accident_Date,Accident_Time,Location,Geo_ID,Accident_Location,Classification_of_Accident,Initial_Impact_Type,Environment_Condition,Light,Road_Surface_Condition,Traffic_Control,Traffic_Control_Condition,No__of_Vehicles,No__of_Bicycles,No__of_Motorcycles,No__of_Pedestrians,Max_Injury,No__of_Injuries,No__of_Minimal,No__of_Minor,No__of_Major,No__of_Fatal,X,Y,Latitude,Longitude,ObjectId
16--12894,2016/12/09,12:21 AM,ARMSTRONG ST @ PARKDALE AVE (0006267),6267,03 - At intersection,02 - Non-fatal injury,02 - Angle,01 - Clear,07 - Dark,06 - Ice,01 - Traffic signal,01 - Functioning,2,0,0,0,01 - Minimal,1,1,,,,365090.9116,5029404.778,45.4019845,-75.72986047,3664
16--12895,2016/12/09,12:44 PM,EAGLESON RD btwn KATIMAVIK RD & KAKULU RD (__3ZA41U),__3ZA41U,01 - Non intersection,03 - P.D. only,04 - Sideswipe,01 - Clear,01 - Daylight,02 - Wet,10 - No control,,2,0,0,0,,0,,,,,353242.6583,5019494.804,45.31373339,-75.88216807,3665
16--12896,2016/12/09,2:10 PM,CYRVILLE RD btwn MAXIME ST & INNES RD (__3ZA3RD),__3ZA3RD,04 - At/near private drive,03 - P.D. only,02 - Angle,01 - Clear,01 - Daylight,01 - Dry,10 - No control,,2,0,0,0,,0,,,,,374848.5217,5031167.236,45.41693384,-75.60498324,3666
16--12897,2016/12/09,2:30 PM,MCMAHON AVE btwn ALDERWOOD ST & ALBION RD (__3ZA14V),__3ZA14V,04 - At/near private drive,03 - P.D. only,06 - SMV unattended vehicle,01 - Clear,01 - Daylight,05 - Packed snow,10 - No control,,1,0,0,0,,0,,,,,372219.4314,5023039.579,45.34406265,-75.63968135,3667
16--12898,2016/12/09,2:42 PM,ALTA VISTA DR @ CRESTVIEW RD (0007569),7569,03 - At intersection,03 - P.D. only,03 - Rear end,01 - Clear,01 - Daylight,02 - Wet,02 - Stop sign,00 - Unknown,2,0,0,0,,0,,,,,370380.5487,5028801.308,45.39607916,-75.66237931,3668
16--12899,2016/12/09,2:50 PM,WALLER ST btwn DALY AVE & STEWART ST (__3ZA3VP),__3ZA3VP,01 - Non intersection,03 - P.D. only,04 - Sideswipe,01 - Clear,01 - Daylight,02 - Wet,10 - No control,,2,0,0,0,,0,,,,,368368.6909,5032053.672,45.4255284,-75.68765349,3669
16--129,2016/01/05,1:04 PM,RIVERSIDE DR @ HERON RD (0002236),2236,03 - At intersection,02 - Non-fatal injury,02 - Angle,01 - Clear,01 - Daylight,01 - Dry,01 - Traffic signal,01 - Functioning,2,0,0,0,02 - Minor,1,,1,,,368120.0072,5026646.562,45.37689944,-75.69152533,3670
16--1290,2016/01/28,11:23 AM,SOMERSET ST    W btwn BOOTH ST & UPPER LORNE PL (__3ZA328),__3ZA328,01 - Non intersection,03 - P.D. only,04 - Sideswipe,01 - Clear,01 - Daylight,02 - Wet,10 - No control,,2,0,0,0,,0,,,,,366607.4119,5030268.402,45.40962291,-75.71038268,3671
16--12900,2016/12/09,2:51 PM,COVENTRY RD @ VANIER PKWY (0002139),2139,02 - Intersection related,02 - Non-fatal injury,03 - Rear end,01 - Clear,01 - Daylight,06 - Ice,01 - Traffic signal,01 - Functioning,2,0,0,0,02 - Minor,1,,1,,,370677.2131,5031611.289,45.42133442,-75.65821511,3672
16--12901,2016/12/09,2:55 PM,CASTLEFRANK RD @ HAZELDEAN RD (0003608),3608,03 - At intersection,02 - Non-fatal injury,02 - Angle,01 - Clear,01 - Daylight,02 - Wet,01 - Traffic signal,01 - Functioning,3,0,0,0,02 - Minor,2,1,1,,,352678.7063,5017676.355,45.29740924,-75.88953589,3673
16--12902,2016/12/09,3:15 PM,HIGHWAY 417 btwn HWY417 IC127 RAMP63 & HWY417 IC127 RAMP67 (__3ZA2RF),__3ZA2RF,01 - Non intersection,03 - P.D. only,04 - Sideswipe,01 - Clear,01 - Daylight,01 - Dry,10 - No control,,3,0,0,0,,0,,,,,362113.3937,5024846.874,45.3612231,-75.7684204,3674
16--12903,2016/12/09,3:30 PM,MOODIE DR btwn 340 S OF CARLING AVE/NORTEL NORTH ENT & 715 S OF CARLIN (__3ZA4Z7B),__3ZA4Z7B,01 - Non intersection,02 - Non-fatal injury,07 - SMV other,01 - Clear,01 - Daylight,01 - Dry,10 - No control,,1,0,0,1,03 - Major,1,,,1,,356051.3443,5023506.455,45.3496313,-75.84593332,3675
16--12904,2016/12/09,3:30 PM,LANTHIER DR @ VANTAGE DR (0004631),4631,02 - Intersection related,03 - P.D. only,03 - Rear end,01 - Clear,01 - Daylight,06 - Ice,02 - Stop sign,01 - Functioning,2,0,0,0,,0,,,,,383599.9333,5035849.389,45.45812901,-75.4924325,3676
16--12905,2016/12/09,4:05 PM,HWY417 IC138 RAMP25 btwn EAGLESON RD & EAGLESON RD (__3ZAY5H),__3ZAY5H,01 - Non intersection,03 - P.D. only,03 - Rear end,01 - Clear,05 - Dusk,01 - Dry,10 - No control,,3,0,0,0,,0,,,,,353025.033,5020103.074,45.3192217,-75.88488426,3677
16--12906,2016/12/09,4:05 PM,HWY417 IC138 RAMP25 btwn EAGLESON RD & EAGLESON RD (__3ZAY5H),__3ZAY5H,01 - Non intersection,03 - P.D. only,03 - Rear end,01 - Clear,05 - Dusk,02 - Wet,10 - No control,,3,0,0,0,,0,,,,,353024.4122,5020102.925,45.31922041,-75.88489219,3678
16--12907,2016/12/09,4:20 PM,CHAMPAGNE AVE   S btwn HICKORY ST & CARLING AVE (__3ZA012),__3ZA012,01 - Non intersection,03 - P.D. only,06 - SMV unattended vehicle,01 - Clear,05 - Dusk,01 - Dry,10 - No control,,1,0,0,0,,0,,,,,366565.1503,5028946.923,45.39773632,-75.71108806,3679
16--12908,2016/12/09,4:36 PM,BARNSDALE RD @ PRINCE OF WALES DR (0001082),1082,03 - At intersection,03 - P.D. only,02 - Angle,01 - Clear,05 - Dusk,01 - Dry,02 - Stop sign,01 - Functioning,2,0,0,0,,0,,,,,366646.4767,5011533.072,45.24104164,-75.7122238,3680
16--12909,2016/12/09,4:40 PM,BRIDLE PARK DR @ STONEMEADOW DR (0003107),3107,03 - At intersection,03 - P.D. only,02 - Angle,01 - Clear,05 - Dusk,01 - Dry,02 - Stop sign,01 - Functioning,2,0,0,0,,0,,,,,355614.2875,5016339.851,45.28517695,-75.85224582,3681
16--1291,2016/01/28,11:44 AM,CHARLEMAGNE BLVD @ PRINCESS LOUISE DR W/VALADE (0003731),3731,02 - Intersection related,03 - P.D. only,03 - Rear end,03 - Snow,01 - Daylight,04 - Slush,01 - Traffic signal,01 - Functioning,2,0,0,0,,0,,,,,383520.8581,5037973.819,45.47725162,-75.49310316,3682
16--12910,2016/12/09,5:04 PM,RICHMOND RD btwn WEST HUNT CLUB RD & STONEHAVEN DR (__3ZA41H),__3ZA41H,01 - Non intersection,03 - P.D. only,01 - Approaching,01 - Clear,07 - Dark,01 - Dry,10 - No control,,2,0,0,0,,0,,,,,357134.8813,5018105.257,45.30095076,-75.8326771,3683
16--12911,2016/12/09,5:08 PM,BOUNDARY RD @ HIGHWAY 417 EB (0012385),12385,02 - Intersection related,03 - P.D. only,03 - Rear end,01 - Clear,07 - Dark,01 - Dry,01 - Traffic signal,01 - Functioning,2,0,0,0,,0,,,,,387397.8289,5023882.046,45.35001948,-75.44588371,3684
16--12912,2016/12/09,5:22 PM,REGIONAL RD 174 @ TRIM RD (0012835),12835,02 - Intersection related,03 - P.D. only,03 - Rear end,01 - Clear,07 - Dark,01 - Dry,01 - Traffic signal,00 - Unknown,2,0,0,0,,0,,,,,384354.7175,5039990.63,45.49530243,-75.4821124,3685
16--12913,2016/12/09,5:35 PM,VAUGHAN SIDE RD btwn UPPER DWYER HILL RD & PETER ROBINSON RD (__3ZAC0W),__3ZAC0W,01 - Non intersection,03 - P.D. only,07 - SMV other,01 - Clear,07 - Dark,02 - Wet,10 - No control,,1,0,0,0,,0,,,,,332188.2541,5016697.4,45.2896976,-76.15084105,3686
16--12914,2016/12/09,5:35 PM,MEADOWLANDS DR @ MERIVALE RD (0000625),625,02 - Intersection related,03 - P.D. only,03 - Rear end,01 - Clear,07 - Dark,02 - Wet,01 - Traffic signal,00 - Unknown,2,0,0,0,,0,,,,,364859.5281,5023726.753,45.35091453,-75.73350641,3687
16--12915,2016/12/09,5:36 PM,CAHILL DR @ HUNT CLUB RD (0011394),11394,03 - At intersection,03 - P.D. only,02 - Angle,01 - Clear,07 - Dark,01 - Dry,01 - Traffic signal,01 - Functioning,2,0,0,0,,0,,,,,372407.5152,5024543.168,45.35757331,-75.63707597,3688
16--12916,2016/12/09,5:38 PM,MEADOWLANDS DR btwn BAYNE AVE & MERIVALE RD (__3ZA4HT),__3ZA4HT,04 - At/near private drive,03 - P.D. only,02 - Angle,01 - Clear,07 - Dark,02 - Wet,10 - No control,,2,0,0,0,,0,,,,,364778.1291,5023683.578,45.35053301,-75.73455038,3689
16--12917,2016/12/09,5:42 PM,LANTHIER DR @ VANTAGE DR (0004631),4631,02 - Intersection related,03 - P.D. only,03 - Rear end,01 - Clear,07 - Dark,01 - Dry,02 - Stop sign,01 - Functioning,2,0,0,0,,0,,,,,383601.5896,5035848.975,45.4581251,-75.49241139,3690
16--12918,2016/12/09,5:49 AM,WILHAVEN DR btwn BECKETT'S CREEK RD & CANAAN RD (__3ZA1OW),__3ZA1OW,01 - Non intersection,03 - P.D. only,07 - SMV other,01 - Clear,07 - Dark,02 - Wet,10 - No control,,1,0,0,0,,0,,,,,396320.3791,5041612.442,45.50842644,-75.32874157,3691
16--12919,2016/12/09,5:49 PM,LEMIEUX ST @ ST. LAURENT BLVD (0002021),2021,03 - At intersection,03 - P.D. only,05 - Turning movement,01 - Clear,07 - Dark,01 - Dry,01 - Traffic signal,01 - Functioning,2,0,0,0,,0,,,,,372390.778,5031742.801,45.42235425,-75.63630346,3692
16--1292,2016/01/28,11:45 AM,GLADSTONE AVE @ KENT ST (0002251),2251,02 - Intersection related,03 - P.D. only,03 - Rear end,03 - Snow,01 - Daylight,02 - Wet,01 - Traffic signal,01 - Functioning,2,0,0,0,,0,,,,,367744.0456,5030459.79,45.41124366,-75.69583867,3693
16--12920,2016/12/09,5:51 PM,COPE DR @ TERRY FOX (0009143),9143,02 - Intersection related,03 - P.D. only,03 - Rear end,03 - Snow,07 - Dark,06 - Ice,01 - Traffic signal,01 - Functioning,2,0,0,0,,0,,,,,353997.2701,5015344.894,45.27633912,-75.87295609,3694
16--12921,2016/12/09,6:00 PM,ST. LAURENT BLVD @ WALKLEY RD (0007653),7653,02 - Intersection related,03 - P.D. only,03 - Rear end,01 - Clear,07 - Dark,01 - Dry,01 - Traffic signal,01 - Functioning,3,0,0,0,,0,,,,,373902.7501,5028046.441,45.38894848,-75.61750331,3695
16--12922,2016/12/09,6:17 PM,RAMSAYVILLE RD btwn LOUISEIZE RD & NINTH LINE RD (__3ZBO25),__3ZBO25,01 - Non intersection,03 - P.D. only,07 - SMV other,01 - Clear,07 - Dark,01 - Dry,10 - No control,,1,0,0,0,,0,,,,,380167.2723,5020400.955,45.31951292,-75.53867675,3696
16--12923,2016/12/09,6:27 PM,PREM CIRC btwn COBBLE HILL DR & COBBLE HILL DR (__5WHGHB),__5WHGHB,04 - At/near private drive,03 - P.D. only,06 - SMV unattended vehicle,03 - Snow,07 - Dark,06 - Ice,10 - No control,,1,0,0,0,,0,,,,,361469.4303,5014222.865,45.26568048,-75.7778548,3697
16--12924,2016/12/09,6:35 AM,MACKENZIE AVE btwn 205 N OF RIDEAU ST & RIDEAU ST (__3ZA8H8A),__3ZA8H8A,01 - Non intersection,03 - P.D. only,03 - Rear end,01 - Clear,07 - Dark,06 - Ice,10 - No control,,3,0,0,0,,0,,,,,367829.1195,5032073.762,45.42575799,-75.69454543,3698
16--12925,2016/12/09,6:36 AM,EAGLESON RD @ KAKULU RD (0003188),3188,02 - Intersection related,03 - P.D. only,07 - SMV other,01 - Clear,07 - Dark,06 - Ice,01 - Traffic signal,00 - Unknown,1,0,0,0,,0,,,,,353381.4962,5019152.746,45.31064589,-75.88043099,3699
16--12926,2016/12/09,6:39 AM,ALPINE AVE @ CARLING AVE (0011382),11382,02 - Intersection related,03 - P.D. only,03 - Rear end,01 - Clear,07 - Dark,06 - Ice,01 - Traffic signal,01 - Functioning,2,0,0,0,,0,,,,,360496.677,5024944.589,45.36223264,-75.78904443,3700
16--12927,2016/12/09,6:41 PM,JOCKVALE RD @ STRANDHERD DR (0010541),10541,02 - Intersection related,03 - P.D. only,03 - Rear end,03 - Snow,07 - Dark,06 - Ice,01 - Traffic signal,01 - Functioning,2,0,0,0,,0,,,,,363560.0071,5014578.074,45.26870512,-75.75117456,3701
16--12928,2016/12/09,6:50 AM,ALPINE AVE @ CARLING AVE (0011382),11382,02 - Intersection related,03 - P.D. only,03 - Rear end,01 - Clear,07 - Dark,06 - Ice,01 - Traffic signal,01 - Functioning,2,0,0,0,,0,,,,,360498.3333,5024942.105,45.36221016,-75.78902357,3702
16--12929,2016/12/09,6:51 PM,MONTREAL RD btwn CHIMNEY HILL WAY & ELMSMERE RD (__3ZA121),__3ZA121,01 - Non intersection,03 - P.D. only,04 - Sideswipe,01 - Clear,07 - Dark,01 - Dry,10 - No control,,2,0,0,0,,0,,,,,374806.8171,5034331.55,45.44540876,-75.60506616,3703
16--1293,2016/01/28,Unknown,BANK ST btwn MASON ST & MEADOW DR (__3ZA28O),__3ZA28O,01 - Non intersection,03 - P.D. only,07 - SMV other,01 - Clear,07 - Dark,05 - Packed snow,10 - No control,,1,0,0,0,,0,,,,,378314.0951,5014567.138,45.26721931,-75.56317582,3704
16--12930,2016/12/09,6:52 AM,PINEWOOD CRES @ RICHMOND RD (0002742),2742,02 - Intersection related,03 - P.D. only,03 - Rear end,01 - Clear,03 - Dawn,06 - Ice,02 - Stop sign,00 - Unknown,2,0,0,0,,0,,,,,360111.8384,5024539.761,45.35862048,-75.79400174,3705
16--12931,2016/12/09,7:00 AM,MARCH VALLEY RD @ RIDDELL DR (0003191),3191,02 - Intersection related,03 - P.D. only,07 - SMV other,01 - Clear,07 - Dark,05 - Packed snow,02 - Stop sign,00 - Unknown,1,0,0,0,,0,,,,,348201.6073,5027263.472,45.3839675,-75.94577604,3706
16--12932,2016/12/09,7:11 AM,SMYTH RD @ SOUTH HAVEN PL/GENERAL HOSPITAL ENTRANCE W (0007242),7242,02 - Intersection related,03 - P.D. only,03 - Rear end,03 - Snow,03 - Dawn,06 - Ice,01 - Traffic signal,01 - Functioning,6,0,0,0,,0,,,,,371120.7247,5029134.482,45.39900722,-75.65288173,3707
16--12933,2016/12/09,7:25 AM,TRAINYARDS DR @ RAILMARKET (0012246),12246,02 - Intersection related,03 - P.D. only,03 - Rear end,01 - Clear,03 - Dawn,01 - Dry,01 - Traffic signal,00 - Unknown,2,0,0,0,,0,,,,,371756.6901,5030715.192,45.41316925,-75.64454475,3708
16--12934,2016/12/09,7:30 AM,LEITRIM RD btwn HAWTHORNE RD & RAMSAYVILLE RD (__3ZA2B0),__3ZA2B0,01 - Non intersection,03 - P.D. only,07 - SMV other,01 - Clear,03 - Dawn,06 - Ice,10 - No control,,1,0,0,0,,0,,,,,377174.8515,5022784.985,45.34127816,-75.57649198,3709
16--12935,2016/12/09,7:36 AM,PRINCE OF WALES DR @ MEADOWLANDS DR/HOG'S BACK (0001629),1629,03 - At intersection,03 - P.D. only,05 - Turning movement,01 - Clear,03 - Dawn,06 - Ice,01 - Traffic signal,01 - Functioning,2,0,0,0,,0,,,,,367371.9044,5025693.078,45.36838743,-75.70119702,3710
16--12936,2016/12/09,7:45 AM,TERRY FOX DR S @ DIDSBURY RD/CENTRUM KANATA SC (0011820),11820,03 - At intersection,03 - P.D. only,05 - Turning movement,01 - Clear,03 - Dawn,04 - Slush,01 - Traffic signal,01 - Functioning,3,0,0,0,,0,,,,,350623.7856,5018916.41,45.30870463,-75.91562055,3711
16--12937,2016/12/09,7:45 AM,AIRPORT PKWY/BROOKFIELD RD @ FLANNERY DR/AIRPORT PKWY RAMPS 52A/53 (0006850),6850,02 - Intersection related,03 - P.D. only,04 - Sideswipe,01 - Clear,03 - Dawn,06 - Ice,11 - Roundabout,01 - Functioning,2,0,0,0,,0,,,,,368695.1156,5026294.532,45.37367976,-75.68422859,3712
16--12938,2016/12/09,7:48 AM,MAITLAND AVE/GLENMOUNT AVE @ ERINDALE DR (0002724),2724,02 - Intersection related,03 - P.D. only,03 - Rear end,01 - Clear,03 - Dawn,06 - Ice,01 - Traffic signal,01 - Functioning,2,0,0,0,,0,,,,,363697.6912,5025211.1,45.36436905,-75.74815588,3713
16--12939,2016/12/09,7:51 AM,DUNROBIN RD @ THOMAS A. DOLAN PKWY (0003181),3181,02 - Intersection related,03 - P.D. only,03 - Rear end,01 - Clear,03 - Dawn,06 - Ice,01 - Traffic signal,01 - Functioning,2,0,0,0,,0,,,,,342338.425,5031477.165,45.4222222,-76.0203233,3714
16--1294,2016/01/28,Unknown,COBBLE HILL DR btwn HAWKSHAW CRES N & HAWKSHAW CRES S (__8XI249),__8XI249,01 - Non intersection,03 - P.D. only,06 - SMV unattended vehicle,01 - Clear,00 - Unknown,01 - Dry,10 - No control,,1,0,0,0,,0,,,,,361155.972,5014975.471,45.27247768,-75.78176352,3715
16--12940,2016/12/09,8:00 AM,HUNT CLUB RD @ RIVERSIDE DR (0002237),2237,03 - At intersection,03 - P.D. only,03 - Rear end,01 - Clear,01 - Daylight,06 - Ice,01 - Traffic signal,01 - Functioning,2,0,0,0,,0,,,,,368035.8748,5021944.256,45.33459678,-75.69320092,3716
16--12941,2016/12/09,8:05 AM,CARLING AVE @ RICHMOND RD (0010847),10847,02 - Intersection related,03 - P.D. only,03 - Rear end,01 - Clear,01 - Daylight,06 - Ice,01 - Traffic signal,01 - Functioning,4,0,0,0,,0,,,,,360244.8508,5024781.926,45.36078897,-75.79227694,3717
16--12942,2016/12/09,8:05 AM,METCALFE ST @ PRETORIA AVE (0007471),7471,02 - Intersection related,03 - P.D. only,03 - Rear end,01 - Clear,01 - Daylight,05 - Packed snow,02 - Stop sign,01 - Functioning,2,0,0,0,,0,,,,,368493.6156,5030333.084,45.41003578,-75.68627964,3718
16--12943,2016/12/09,8:09 AM,MITCH OWENS RD btwn MANOTICK STATION RD & BOWESVILLE RD (__3ZA3TN),__3ZA3TN,01 - Non intersection,01 - Fatal injury,01 - Approaching,01 - Clear,01 - Daylight,06 - Ice,10 - No control,,2,0,0,0,04 - Fatal,4,,1,1,2,373752.8941,5013427.048,45.25742302,-75.62145247,3719
16--12944,2016/12/09,8:15 AM,BRONSON AVE @ GILMOUR ST (0006761),6761,02 - Intersection related,03 - P.D. only,02 - Angle,01 - Clear,01 - Daylight,06 - Ice,10 - No control,,2,0,0,0,,0,,,,,367031.4835,5030320.909,45.41005777,-75.70495887,3720
16--12945,2016/12/09,8:20 AM,MARIPOSA AVE @ SPRINGFIELD RD (0005912),5912,02 - Intersection related,03 - P.D. only,03 - Rear end,03 - Snow,01 - Daylight,06 - Ice,02 - Stop sign,01 - Functioning,2,0,0,0,,0,,,,,369061.527,5034593.024,45.44831319,-75.67846913,3721
16--12946,2016/12/09,8:22 AM,HAMPSTEAD PL @ WALKLEY RD (0006845),6845,02 - Intersection related,03 - P.D. only,03 - Rear end,01 - Clear,01 - Daylight,06 - Ice,01 - Traffic signal,01 - Functioning,2,0,0,0,,0,,,,,370682.7142,5026151.605,45.3722097,-75.658874,3722
16--12947,2016/12/09,8:25 AM,CORONATION AVE @ CHOMLEY CRES (0007820),7820,02 - Intersection related,03 - P.D. only,07 - SMV other,03 - Snow,01 - Daylight,06 - Ice,02 - Stop sign,01 - Functioning,1,0,0,0,,0,,,,,371630.2381,5030425.799,45.4105775,-75.64619939,3723
16--12948,2016/12/09,8:25 AM,CLEARBROOK DR/MARKETPLACE AVE @ LONGFIELDS DR (0011162),11162,02 - Intersection related,02 - Non-fatal injury,03 - Rear end,01 - Clear,01 - Daylight,06 - Ice,01 - Traffic signal,01 - Functioning,4,0,0,0,01 - Minimal,3,3,,,,364632.5539,5014953.996,45.27199724,-75.73746215,3724
16--12949,2016/12/09,8:26 AM,BANK ST btwn COUNCILLOR'S WAY & ST. BERNARD ST (__3ZA29K),__3ZA29K,01 - Non intersection,02 - Non-fatal injury,07 - SMV other,01 - Clear,01 - Daylight,06 - Ice,10 - No control,,1,0,0,1,02 - Minor,1,,1,,,372981.5514,5023725.476,45.35016044,-75.62986274,3725
16--1295,2016/01/28,12:16 PM,RICHMOND RD btwn WINSTON AVE & CHURCHILL AVE N (__3ZA4OS),__3ZA4OS,01 - Non intersection,03 - P.D. only,99 - Other,03 - Snow,01 - Daylight,02 - Wet,10 - No control,,2,0,0,0,,0,,,,,363143.9816,5028236.223,45.391635,-75.75486608,3726
16--12950,2016/12/09,8:30 AM,BRIDLE PATH DR @ EQUUS WAY E/HUNTER'S POINT CR (0009606),9606,02 - Intersection related,03 - P.D. only,03 - Rear end,01 - Clear,01 - Daylight,06 - Ice,02 - Stop sign,01 - Functioning,2,0,0,0,,0,,,,,371620.9986,5023532.573,45.34855571,-75.64725031,3727
16--12951,2016/12/09,8:30 AM,CREEK CROSSING ST @ ORLEANS BLVD (0004250),4250,03 - At intersection,03 - P.D. only,02 - Angle,01 - Clear,01 - Daylight,06 - Ice,02 - Stop sign,01 - Functioning,2,0,0,0,,0,,,,,380943.6715,5033544.825,45.43768887,-75.52674819,3728
16--12952,2016/12/09,8:30 AM,PARKDALE AVE WB OFF RAMP/OTTAWA RIVER PKWY btwn OTTAWA RIVER PKWY & PA (__3ZAY0R),__3ZAY0R,01 - Non intersection,03 - P.D. only,03 - Rear end,01 - Clear,01 - Daylight,06 - Ice,10 - No control,,2,0,0,0,,0,,,,,364688.3523,5030584.027,45.41262968,-75.73485895,3729
16--12953,2016/12/09,8:30 PM,TIMMINS RD btwn KINBURN SIDE RD & END (__3ZA1ZB),__3ZA1ZB,01 - Non intersection,03 - P.D. only,07 - SMV other,01 - Clear,07 - Dark,01 - Dry,10 - No control,,1,0,0,0,,0,,,,,324066.2336,5021583.555,45.33393599,-76.25419342,3730
16--12954,2016/12/09,8:31 AM,RICHMOND RD btwn REDWOOD AVE & WAVELL AVE (__3ZAZQL),__3ZAZQL,04 - At/near private drive,03 - P.D. only,02 - Angle,01 - Clear,01 - Daylight,06 - Ice,10 - No control,,2,0,0,0,,0,,,,,362047.0745,5027282.016,45.38313969,-75.76898464,3731
16--12955,2016/12/09,8:33 AM,RICHMOND RD btwn REDWOOD AVE & WAVELL AVE (__3ZAZQL),__3ZAZQL,01 - Non intersection,03 - P.D. only,03 - Rear end,01 - Clear,01 - Daylight,06 - Ice,10 - No control,,3,0,0,0,,0,,,,,362047.5402,5027284.419,45.38316128,-75.76897841,3732
16--12956,2016/12/09,8:38 AM,MERIVALE RD @ MORISSET AVE (0002729),2729,03 - At intersection,02 - Non-fatal injury,02 - Angle,01 - Clear,01 - Daylight,06 - Ice,02 - Stop sign,01 - Functioning,2,0,0,0,02 - Minor,1,,1,,,364865.8726,5026493.77,45.37581117,-75.73308911,3733
16--12957,2016/12/09,8:40 AM,CENTRAL PARK DR N @ MERIVALE RD (0011433),11433,02 - Intersection related,03 - P.D. only,03 - Rear end,01 - Clear,01 - Daylight,06 - Ice,01 - Traffic signal,01 - Functioning,2,0,0,0,,0,,,,,364952.0757,5025873.174,45.37021976,-75.73206416,3734
16--12958,2016/12/09,8:40 AM,CHURCHILL AVE @ RICHMOND RD (0002361),2361,02 - Intersection related,03 - P.D. only,03 - Rear end,01 - Clear,01 - Daylight,06 - Ice,01 - Traffic signal,01 - Functioning,2,0,0,0,,0,,,,,363229.3501,5028292.965,45.39213844,-75.75376918,3735
16--12959,2016/12/09,8:43 AM,BANK ST @ ROTARY WAY (0013660),13660,02 - Intersection related,03 - P.D. only,03 - Rear end,03 - Snow,01 - Daylight,06 - Ice,01 - Traffic signal,01 - Functioning,2,0,0,0,,0,,,,,375523.5441,5021226.117,45.32742054,-75.59778288,3736
16--1296,2016/01/28,12:30 PM,ST. GEORGES ST btwn LOUISBOURG CRES & MARCOUX DR (__3ZA6SH),__3ZA6SH,01 - Non intersection,03 - P.D. only,06 - SMV unattended vehicle,03 - Snow,01 - Daylight,04 - Slush,10 - No control,,1,0,0,0,,0,,,,,382745.837,5036604.849,45.46502178,-75.50323187,3737
16--12960,2016/12/09,8:45 AM,AMESBROOKE DR @ MAITLAND AVE (0003216),3216,02 - Intersection related,03 - P.D. only,03 - Rear end,01 - Clear,01 - Daylight,06 - Ice,02 - Stop sign,01 - Functioning,2,0,0,0,,0,,,,,363770.0028,5025177.446,45.36406015,-75.7472369,3738
16--13323,2016/12/16,6:36 AM,HIGHWAY 417 btwn HWY417 IC130 RAMP35 & HWY417 IC130 RAMP25 (__3ZA298),__3ZA298,01 - Non intersection,03 - P.D. only,03 - Rear end,01 - Clear,07 - Dark,01 - Dry,10 - No control,,3,0,0,0,,0,,,,,359215.8941,5023064.752,45.34541845,-75.80559902,3739
16--13324,2016/12/16,6:43 AM,BASELINE RD @ WOODROFFE AVE (0002225),2225,02 - Intersection related,03 - P.D. only,05 - Turning movement,01 - Clear,07 - Dark,01 - Dry,01 - Traffic signal,01 - Functioning,2,0,0,0,,0,,,,,362549.0316,5023769.407,45.35149239,-75.76298601,3740
16--12699,2016/12/05,8:37 AM,MALCOLM PL @ NORICE ST (0001382),1382,03 - At intersection,03 - P.D. only,02 - Angle,03 - Snow,01 - Daylight,05 - Packed snow,02 - Stop sign,01 - Functioning,2,0,0,0,,0,,,,,364242.6477,5023043.278,45.34481725,-75.74146063,3741
16--13325,2016/12/16,6:52 AM,HAWTHORNE RD/RUSSELL RD @ WALKLEY RD (0002618),2618,02 - Intersection related,03 - P.D. only,03 - Rear end,01 - Clear,03 - Dawn,02 - Wet,01 - Traffic signal,01 - Functioning,3,0,0,0,,0,,,,,374674.7381,5028500.37,45.39295612,-75.60758133,3742
16--13255,2016/12/15,6:16 PM,AVIATION PKWY @ MONTREAL RD (0008799),8799,03 - At intersection,03 - P.D. only,05 - Turning movement,01 - Clear,07 - Dark,02 - Wet,01 - Traffic signal,01 - Functioning,2,0,0,0,,0,,,,,372146.058,5034108.363,45.44366205,-75.63910665,3743
16--13256,2016/12/15,6:28 AM,REGIONAL ROAD 174 btwn HIGHWAY 417 & HWY417 IC113 RAMP65 (__3ZA2YL),__3ZA2YL,01 - Non intersection,03 - P.D. only,04 - Sideswipe,01 - Clear,07 - Dark,01 - Dry,10 - No control,,2,0,0,0,,0,,,,,373335.5817,5031738.561,45.42222417,-75.62423245,3744
16--13257,2016/12/15,6:36 AM,BANK ST @ MITCH OWENS RD (0001640),1640,03 - At intersection,03 - P.D. only,05 - Turning movement,01 - Clear,07 - Dark,01 - Dry,01 - Traffic signal,01 - Functioning,2,0,0,0,,0,,,,,377760.422,5015949.53,45.27971519,-75.57002746,3745
16--13258,2016/12/15,6:38 AM,KENT ST @ SLATER ST (0002114),2114,02 - Intersection related,03 - P.D. only,07 - SMV other,01 - Clear,07 - Dark,04 - Slush,01 - Traffic signal,01 - Functioning,1,0,0,0,,0,,,,,367260.8792,5031252.173,45.41841657,-75.70191048,3746
16--13259,2016/12/15,6:55 AM,LEITRIM RD btwn LIMEBANK RD & HIGH RD (__3ZBOEL),__3ZBOEL,01 - Non intersection,02 - Non-fatal injury,01 - Approaching,03 - Snow,03 - Dawn,03 - Loose snow,10 - No control,,2,0,0,0,02 - Minor,2,,2,,,371374.9311,5019106.788,45.30875716,-75.65098537,3747