Anom_ID,Accident_Date,Accident_Time,Location,Geo_ID,Accident_Location,Classification_of_Accident,Initial_Impact_Type,Environment_Condition,Light,Road_Surface_Condition,Traffic_Control,Traffic_Control_Condition,No__of_Vehicles,No__of_Bicycles,No__of_Motorcycles,No__of_Pedestrians,Max_Injury,No__of_Injuries,No__of_Minimal,No__of_Minor,No__of_Major,No__of_Fatal,X,Y,Latitude,Longitude,ObjectId
16--1326,2016/01/29,12:49 PM,CEDARVIEW RD @ HWY 416 WESTHUNT IC72R42 (0005515),5515,02 - Intersection related,02 - Non-fatal injury,05 - Turning movement,03 - Snow,01 - Daylight,02 - Wet,10 - No control,,3,0,0,0,02 - Minor,2,,2,,,359597.5677,5019761.559,45.3156665,-75.8010945,3748
16--13260,2016/12/15,7:05 AM,O'CONNOR ST @ WELLINGTON ST (0002234),2234,03 - At intersection,02 - Non-fatal injury,07 - SMV other,01 - Clear,03 - Dawn,03 - Loose snow,01 - Traffic signal,01 - Functioning,1,0,0,1,03 - Major,1,,,1,,367412.871,5031722.168,45.42263185,-75.69990888,3749
16--13261,2016/12/15,7:05 PM,LONGLEAF DR btwn MONTCLAIR AVE & GLADEWOODS PL (__3ZA5U4),__3ZA5U4,04 - At/near private drive,03 - P.D. only,02 - Angle,01 - Clear,07 - Dark,01 - Dry,10 - No control,,2,0,0,0,,0,,,,,380582.3216,5033885.42,45.44079255,-75.53131378,3750
16--13262,2016/12/15,7:45 AM,EVELYN AVE btwn MAIN ST & ROSEMERE AVE (__3ZA8FD),__3ZA8FD,04 - At/near private drive,02 - Non-fatal injury,07 - SMV other,01 - Clear,03 - Dawn,05 - Packed snow,10 - No control,,1,0,0,1,02 - Minor,1,,1,,,369107.4459,5030513.738,45.41160511,-75.67841486,3751
16--13263,2016/12/15,7:52 PM,BASELINE RD @ CENTREPOINTE DR E/HIGHGATE RD (0011468),11468,02 - Intersection related,03 - P.D. only,04 - Sideswipe,01 - Clear,07 - Dark,06 - Ice,01 - Traffic signal,01 - Functioning,2,0,0,0,,0,,,,,362061.8388,5023467.966,45.34881999,-75.76923814,3752
16--13264,2016/12/15,7:55 AM,BOYER RD @ JEANNE D'ARC BLVD (0003638),3638,02 - Intersection related,03 - P.D. only,04 - Sideswipe,01 - Clear,01 - Daylight,02 - Wet,02 - Stop sign,01 - Functioning,2,0,0,0,,0,,,,,380683.7351,5036192.17,45.46153588,-75.52966179,3753
16--13265,2016/12/15,8:06 PM,RIOCAN AVE @ STRANDHERD DR (0010997),10997,03 - At intersection,02 - Non-fatal injury,05 - Turning movement,01 - Clear,07 - Dark,06 - Ice,01 - Traffic signal,01 - Functioning,3,0,0,0,02 - Minor,1,,1,,,364171.9893,5014944.353,45.27194951,-75.74333247,3754
16--13266,2016/12/15,8:24 AM,PRINCE OF WALES DR @ STRANDHERD DR (0013339),13339,03 - At intersection,03 - P.D. only,02 - Angle,01 - Clear,01 - Daylight,06 - Ice,01 - Traffic signal,01 - Functioning,2,0,0,0,,0,,,,,367174.4616,5014825.433,45.27061957,-75.70508594,3755
16--13267,2016/12/15,8:24 AM,HIGHWAY 417 btwn HWY417 IC127 RAMP25 & HWY417 IC126 RAMP51 (__3ZA2XA),__3ZA2XA,01 - Non intersection,03 - P.D. only,04 - Sideswipe,01 - Clear,01 - Daylight,01 - Dry,10 - No control,,2,0,0,0,,0,,,,,363185.5159,5025853.421,45.37019142,-75.75461746,3756
16--13268,2016/12/15,8:27 AM,LANCASTER RD btwn DELRIDGE LANE & BARRYMORE LANE (__3ZA1LX),__3ZA1LX,04 - At/near private drive,02 - Non-fatal injury,03 - Rear end,01 - Clear,01 - Daylight,06 - Ice,10 - No control,,2,0,0,0,02 - Minor,2,,2,,,374478.4157,5029106.367,45.39842814,-75.6100028,3757
16--13269,2016/12/15,8:28 PM,CARP RD/HWY 417 CARP IC144R63 @ HWY 417 CARP I (0001100),1100,03 - At intersection,02 - Non-fatal injury,02 - Angle,01 - Clear,07 - Dark,02 - Wet,01 - Traffic signal,01 - Functioning,2,0,0,0,02 - Minor,2,,2,,,347301.218,5015926.3,45.28200749,-75.95824672,3758
16--1327,2016/01/29,12:59 PM,MONTREAL RD @ ST. LAURENT BLVD (0002604),2604,02 - Intersection related,03 - P.D. only,04 - Sideswipe,01 - Clear,01 - Daylight,01 - Dry,01 - Traffic signal,01 - Functioning,2,0,0,0,,0,,,,,371545.9224,5033817.814,45.44110539,-75.6468168,3759
16--13270,2016/12/15,8:30 AM,PORTOBELLO BLVD btwn BRIAN COBURN BLVD & SUMMER DAYS WALK/STORMWIND AVE (__5UW2FO),__5UW2FO,01 - Non intersection,03 - P.D. only,04 - Sideswipe,01 - Clear,01 - Daylight,05 - Packed snow,10 - No control,,2,0,0,0,,0,,,,,385808.429,5035356.316,45.45344025,-75.46427959,3760
16--13271,2016/12/15,8:39 PM,FRANK KENNY RD E @ INNES RD (0004625),4625,03 - At intersection,03 - P.D. only,02 - Angle,01 - Clear,07 - Dark,02 - Wet,02 - Stop sign,01 - Functioning,2,0,0,0,,0,,,,,387867.0659,5037728.173,45.47453805,-75.43756291,3761
16--13272,2016/12/15,8:46 PM,RICHARDSON SIDE RD btwn DAVID MANCHESTER RD & WILLIAM MOONEY RD (__3ZAC5W),__3ZAC5W,01 - Non intersection,03 - P.D. only,07 - SMV other,01 - Clear,07 - Dark,01 - Dry,10 - No control,,1,0,0,0,,0,,,,,344347.8565,5015444.602,45.27784531,-75.9959294,3762
16--13273,2016/12/15,8:50 AM,WEST HUNT CLUB RD @ WOODROFFE AVE (0000576),576,03 - At intersection,03 - P.D. only,05 - Turning movement,01 - Clear,01 - Daylight,02 - Wet,01 - Traffic signal,01 - Functioning,2,0,0,0,,0,,,,,363670.0324,5021246.269,45.3286962,-75.74898084,3763
16--13274,2016/12/15,8:57 AM,HIGHBURY PARK DR @ LONGFIELDS DR (0005559),5559,03 - At intersection,03 - P.D. only,05 - Turning movement,01 - Clear,01 - Daylight,03 - Loose snow,02 - Stop sign,01 - Functioning,2,0,0,0,,0,,,,,364162.5328,5015915.687,45.28069037,-75.74333682,3764
16--13275,2016/12/15,9:22 PM,INDUSTRIAL AVE @ ALTA VISTA DR/SANDFORD FLEMIN (0006979),6979,03 - At intersection,02 - Non-fatal injury,05 - Turning movement,01 - Clear,07 - Dark,02 - Wet,01 - Traffic signal,01 - Functioning,2,0,0,0,02 - Minor,1,,1,,,370883.0675,5030557.156,45.41183035,-75.65572633,3765
16--13276,2016/12/15,9:29 AM,PRINCE OF WALES DR @ MEADOWLANDS DR/HOG'S BACK (0001629),1629,02 - Intersection related,03 - P.D. only,03 - Rear end,01 - Clear,01 - Daylight,04 - Slush,01 - Traffic signal,01 - Functioning,2,0,0,0,,0,,,,,367372.3184,5025692.501,45.3683822,-75.7011918,3766
16--13277,2016/12/15,9:30 AM,JEFFREY AVE @ ST. LAURENT BLVD (0007849),7849,02 - Intersection related,03 - P.D. only,01 - Approaching,01 - Clear,01 - Daylight,02 - Wet,02 - Stop sign,00 - Unknown,2,0,0,0,,0,,,,,370955.8787,5035237.844,45.45393824,-75.65416729,3767
16--13278,2016/12/15,9:30 PM,HIGHWAY 417 btwn HWY417 IC155 RAMP61 & HWY417 IC145 RAMP56 (__3ZA2Q2),__3ZA2Q2,01 - Non intersection,03 - P.D. only,07 - SMV other,01 - Clear,07 - Dark,01 - Dry,10 - No control,,1,0,0,0,,0,,,,,344345.0713,5015464.978,45.27802882,-75.99596328,3768
16--13279,2016/12/15,9:52 AM,COOPER ST @ KENT ST (0011445),11445,03 - At intersection,03 - P.D. only,02 - Angle,01 - Clear,01 - Daylight,02 - Wet,02 - Stop sign,01 - Functioning,2,0,0,0,,0,,,,,367483.5328,5030889.148,45.41513027,-75.699112,3769
16--1328,2016/01/29,2:03 PM,CARLING AVE @ ISLAND PARK DR (0010785),10785,03 - At intersection,03 - P.D. only,02 - Angle,01 - Clear,01 - Daylight,02 - Wet,01 - Traffic signal,01 - Functioning,2,0,0,0,,0,,,,,365348.0231,5027996.866,45.38929423,-75.7267493,3770
16--127,2016/01/04,9:16 PM,CONROY RD @ JOHNSTON RD (0011908),11908,03 - At intersection,02 - Non-fatal injury,05 - Turning movement,01 - Clear,07 - Dark,02 - Wet,01 - Traffic signal,01 - Functioning,2,0,0,0,03 - Major,1,,,1,,373396.9164,5026308.555,45.37336145,-75.62420391,3771
16--13326,2016/12/16,6:56 AM,BASELINE RD @ JOHN SUTHERLAND DR/VALLEY STREAM (0000011),11,03 - At intersection,03 - P.D. only,05 - Turning movement,01 - Clear,07 - Dark,02 - Wet,01 - Traffic signal,01 - Functioning,2,0,0,0,,0,,,,,359309.5694,5021789.711,45.33393833,-75.80454419,3772
16--13280,2016/12/15,9:57 AM,ROGER GUINDON AVE @ SMYTH RD (0006971),6971,03 - At intersection,02 - Non-fatal injury,07 - SMV other,01 - Clear,01 - Daylight,02 - Wet,01 - Traffic signal,01 - Functioning,1,0,0,1,02 - Minor,1,,1,,,371935.2433,5029226.161,45.39975448,-75.64246652,3773
16--13281,2016/12/16,1:07 PM,ROCKY HILL DR @ PRINCE OF WALES DR (0010328),10328,03 - At intersection,03 - P.D. only,02 - Angle,01 - Clear,01 - Daylight,01 - Dry,01 - Traffic signal,01 - Functioning,2,0,0,0,,0,,,,,366968.7684,5014403.006,45.26683681,-75.70775997,3774
16--13282,2016/12/16,1:09 PM,MAIN ST @ OBLATE AVE (0002597),2597,02 - Intersection related,02 - Non-fatal injury,03 - Rear end,01 - Clear,01 - Daylight,03 - Loose snow,01 - Traffic signal,01 - Functioning,4,0,0,0,02 - Minor,1,,1,,,369106.0497,5030311.152,45.40978244,-75.67845913,3775
16--13283,2016/12/16,1:17 PM,CARP RD btwn BAIRD SIDE RD & THOMAS A. DOLAN PKWY (__3ZBOB2),__3ZBOB2,01 - Non intersection,03 - P.D. only,07 - SMV other,03 - Snow,01 - Daylight,03 - Loose snow,10 - No control,,1,0,0,0,,0,,,,,336332.4651,5026007.415,45.37329985,-76.09741674,3776
16--13284,2016/12/16,1:20 PM,STITTSVILLE MAIN ST @ HAZELDEAN RD (0000050),50,02 - Intersection related,03 - P.D. only,03 - Rear end,01 - Clear,01 - Daylight,01 - Dry,01 - Traffic signal,01 - Functioning,2,0,0,0,,0,,,,,349558.3981,5014879.131,45.27244461,-75.92957078,3777
16--13285,2016/12/16,10:00 AM,HIGHWAY 417 btwn HWY417 IC140 RAMP35 & HWY417 IC140 RAMP25 (__3ZA2QP),__3ZA2QP,01 - Non intersection,02 - Non-fatal injury,03 - Rear end,01 - Clear,01 - Daylight,01 - Dry,10 - No control,,3,0,0,0,01 - Minimal,1,1,,,,350979.3287,5018575.178,45.30561085,-75.91111843,3778
16--13286,2016/12/16,10:08 PM,CATHERINE ST @ KENT ST (0002707),2707,03 - At intersection,03 - P.D. only,05 - Turning movement,01 - Clear,07 - Dark,01 - Dry,01 - Traffic signal,01 - Functioning,2,0,0,0,,0,,,,,367907.0489,5030189.223,45.4087945,-75.69379101,3779
16--13287,2016/12/16,10:26 AM,HERON RD @ WALKLEY RD (0011256),11256,02 - Intersection related,03 - P.D. only,03 - Rear end,01 - Clear,01 - Daylight,01 - Dry,01 - Traffic signal,01 - Functioning,2,0,0,0,,0,,,,,372268.0033,5027082.212,45.38043212,-75.63850971,3780
16--13288,2016/12/16,10:47 PM,BRONSON AVE btwn PLYMOUTH ST & RENFREW AVE (__3ZA3B1),__3ZA3B1,04 - At/near private drive,03 - P.D. only,05 - Turning movement,01 - Clear,07 - Dark,01 - Dry,10 - No control,,2,0,0,0,,0,,,,,367354.7358,5029556.173,45.40314808,-75.70092658,3781
16--13289,2016/12/16,11:15 AM,WELLINGTON ST btwn Continuation of WELLINGTON ST & BAY ST (__3ZA2XU),__3ZA2XU,01 - Non intersection,03 - P.D. only,04 - Sideswipe,01 - Clear,01 - Daylight,01 - Dry,10 - No control,,2,0,0,0,,0,,,,,366788.9455,5031342.871,45.41927461,-75.70792859,3782
16--1329,2016/01/29,2:08 PM,BLANCHFIELD RD @ OSGOODE MAIN ST (0005713),5713,03 - At intersection,03 - P.D. only,02 - Angle,01 - Clear,01 - Daylight,02 - Wet,02 - Stop sign,01 - Functioning,2,0,0,0,,0,,,,,377912.6925,5002875.436,45.16206276,-75.57000676,3783
16--13290,2016/12/16,11:50 AM,BELFAST RD @ ST. LAURENT BLVD (0007658),7658,02 - Intersection related,02 - Non-fatal injury,03 - Rear end,01 - Clear,01 - Daylight,02 - Wet,01 - Traffic signal,01 - Functioning,2,0,0,0,02 - Minor,1,,1,,,372861.5523,5030580.632,45.41185195,-75.63044896,3784
16--13291,2016/12/16,Unknown,PAMILLA ST btwn PRESTON ST & END (__3ZA030),__3ZA030,01 - Non intersection,03 - P.D. only,06 - SMV unattended vehicle,01 - Clear,00 - Unknown,02 - Wet,10 - No control,,1,0,0,0,,0,,,,,366734.6245,5029121.803,45.39929488,-75.70890166,3785
16--13292,2016/12/16,Unknown,TOULON ST btwn JAMISON AVE & JAMISON AVE (__3ZA68V),__3ZA68V,01 - Non intersection,03 - P.D. only,06 - SMV unattended vehicle,03 - Snow,00 - Unknown,03 - Loose snow,10 - No control,,1,0,0,0,,0,,,,,381948.9407,5037685.784,45.47483558,-75.51325132,3786
16--13293,2016/12/16,12:28 PM,MERIVALE RD @ SLACK RD (0000110),110,02 - Intersection related,03 - P.D. only,03 - Rear end,01 - Clear,01 - Daylight,01 - Dry,01 - Traffic signal,00 - Unknown,2,0,0,0,,0,,,,,366020.6471,5020955.256,45.3258766,-75.71903221,3787
16--13294,2016/12/16,12:39 PM,RIVERSIDE DR @ SMYTH RD NORTH SIDE RAMP (0011479),11479,03 - At intersection,02 - Non-fatal injury,05 - Turning movement,01 - Clear,01 - Daylight,01 - Dry,01 - Traffic signal,01 - Functioning,2,0,0,0,02 - Minor,3,,3,,,369938.3942,5029315.503,45.40074698,-75.66795818,3788
16--13295,2016/12/16,12:45 PM,INNES RD @ WILDFLOWER DR (0012871),12871,03 - At intersection,03 - P.D. only,03 - Rear end,01 - Clear,01 - Daylight,01 - Dry,01 - Traffic signal,01 - Functioning,2,0,0,0,,0,,,,,382938.4115,5035689.313,45.45676308,-75.50091512,3789
16--13296,2016/12/16,2:04 PM,DALHOUSIE ST @ ST. PATRICK ST (0008242),8242,02 - Intersection related,03 - P.D. only,04 - Sideswipe,03 - Snow,01 - Daylight,03 - Loose snow,01 - Traffic signal,01 - Functioning,2,0,0,0,,0,,,,,367955.2161,5032640.167,45.43084294,-75.69286156,3790
16--13297,2016/12/16,2:11 PM,CEDARVIEW RD @ WEST HUNT CLUB RD (0010267),10267,03 - At intersection,02 - Non-fatal injury,02 - Angle,01 - Clear,01 - Daylight,04 - Slush,01 - Traffic signal,01 - Functioning,3,0,0,0,01 - Minimal,2,2,,,,359720.3337,5019554.064,45.31378986,-75.79955183,3791
16--13298,2016/12/16,2:25 PM,HIGHWAY 417 btwn HWY417 IC122 RAMP61 & HWY417 IC121B RAMP16 (__3ZA2Y4),__3ZA2Y4,01 - Non intersection,03 - P.D. only,03 - Rear end,01 - Clear,01 - Daylight,01 - Dry,10 - No control,,3,0,0,0,,0,,,,,366057.9403,5029336.081,45.40128243,-75.7175176,3792
16--13299,2016/12/16,3:15 PM,STRANDHERD DR btwn CEDARVIEW RD & MADRID AVE (__6O5O8S),__6O5O8S,01 - Non intersection,02 - Non-fatal injury,03 - Rear end,01 - Clear,01 - Daylight,01 - Dry,10 - No control,,2,0,0,0,02 - Minor,1,,1,,,362370.429,5013562.257,45.25966311,-75.76645076,3793
16--133,2016/01/05,10:18 AM,CLYDE AVE btwn DOHENY ST & DOBBIE ST (__3ZA0EK),__3ZA0EK,01 - Non intersection,03 - P.D. only,06 - SMV unattended vehicle,01 - Clear,01 - Daylight,04 - Slush,10 - No control,,1,0,0,0,,0,,,,,363612.005,5026648.684,45.37731143,-75.74907843,3794
16--1330,2016/01/29,2:24 PM,INNES RD btwn GRAVELLE CRES & SOUTHPARK DR (__3ZA2AW),__3ZA2AW,01 - Non intersection,03 - P.D. only,06 - SMV unattended vehicle,01 - Clear,01 - Daylight,01 - Dry,10 - No control,,1,0,0,0,,0,,,,,377778.523,5032717.787,45.43058525,-75.5673215,3795
16--13300,2016/12/16,3:29 PM,GREENBANK RD @ MALVERN DR/FOXFIELD DR (0009821),9821,03 - At intersection,03 - P.D. only,05 - Turning movement,03 - Snow,01 - Daylight,06 - Ice,01 - Traffic signal,01 - Functioning,2,0,0,0,,0,,,,,363311.0278,5016194.214,45.28326795,-75.75415674,3796
16--13301,2016/12/16,3:30 PM,EARL MULLIGAN DR @ WOODROFFE AVE (0000591),591,02 - Intersection related,03 - P.D. only,03 - Rear end,03 - Snow,01 - Daylight,03 - Loose snow,01 - Traffic signal,01 - Functioning,2,0,0,0,,0,,,,,365250.7012,5017506.046,45.29490762,-75.72927398,3797
16--13302,2016/12/16,3:38 PM,BASELINE RD @ WOODROFFE AVE (0002225),2225,02 - Intersection related,02 - Non-fatal injury,03 - Rear end,03 - Snow,01 - Daylight,02 - Wet,01 - Traffic signal,00 - Unknown,2,0,0,0,01 - Minimal,1,1,,,,362549.922,5023770.736,45.35150427,-75.7629745,3798
16--13303,2016/12/16,3:45 PM,CHURCHILL AVE   N btwn RICHMOND RD & DANFORTH AVE (__3ZBOGA),__3ZBOGA,01 - Non intersection,02 - Non-fatal injury,07 - SMV other,01 - Clear,01 - Daylight,01 - Dry,10 - No control,,1,0,0,1,01 - Minimal,1,1,,,,363232.6628,5028284.27,45.39205993,-75.7537279,3799
16--13304,2016/12/16,3:50 PM,BRETTONWOOD RIDGE btwn CALVINGTON AVE & SILVERTIP LANE (__8A9OOJ),__8A9OOJ,01 - Non intersection,03 - P.D. only,06 - SMV unattended vehicle,01 - Clear,05 - Dusk,02 - Wet,10 - No control,,1,0,0,0,,0,,,,,349076.059,5018280.131,45.30307848,-75.93541419,3800
16--13305,2016/12/16,3:56 PM,DEBRA AVE @ MEADOWLANDS DR (0008852),8852,02 - Intersection related,03 - P.D. only,04 - Sideswipe,01 - Clear,01 - Daylight,01 - Dry,01 - Traffic signal,01 - Functioning,2,0,0,0,,0,,,,,367214.7102,5025588.286,45.36745855,-75.70321683,3801
16--13306,2016/12/16,4:15 PM,AQUAVIEW DR/LAKERIDGE DR @ BRIAN COBURN BLVD (0013114),13114,03 - At intersection,03 - P.D. only,02 - Angle,03 - Snow,05 - Dusk,03 - Loose snow,02 - Stop sign,01 - Functioning,2,0,0,0,,0,,,,,384777.1663,5035178.688,45.45196091,-75.47749139,3802
16--13307,2016/12/16,4:16 PM,HAIG DR @ SMYTH RD (0007736),7736,03 - At intersection,03 - P.D. only,05 - Turning movement,01 - Clear,05 - Dusk,01 - Dry,01 - Traffic signal,01 - Functioning,2,0,0,0,,0,,,,,372563.7782,5029298.785,45.40034736,-75.63442904,3803
16--13308,2016/12/16,4:42 PM,CARLING AVE @ CONNAUGHT AVE (0002143),2143,03 - At intersection,03 - P.D. only,05 - Turning movement,01 - Clear,05 - Dusk,02 - Wet,01 - Traffic signal,01 - Functioning,2,0,0,0,,0,,,,,360770.4567,5025117.295,45.36376484,-75.78553041,3804
16--13309,2016/12/16,4:48 PM,HIGHWAY 417 btwn HWY417 IC117 RAMP61 & HWY417 IC115 RAMP36 (__3ZA2RZ),__3ZA2RZ,01 - Non intersection,03 - P.D. only,03 - Rear end,01 - Clear,05 - Dusk,01 - Dry,10 - No control,,3,0,0,0,,0,,,,,371579.9278,5031430.087,45.41961846,-75.64670598,3805
16--1331,2016/01/29,2:40 PM,ST. JOSEPH BLVD @ JEANNE D'ARC BLVD (0012421),12421,02 - Intersection related,03 - P.D. only,02 - Angle,01 - Clear,01 - Daylight,02 - Wet,11 - Roundabout,01 - Functioning,2,0,0,0,,0,,,,,379861.661,5036470.892,45.46413242,-75.54012974,3806
16--13310,2016/12/16,4:55 PM,TERRY FOX DR @ PALLADIUM DR/KATIMAVIK RD (0011858),11858,02 - Intersection related,03 - P.D. only,03 - Rear end,01 - Clear,05 - Dusk,02 - Wet,01 - Traffic signal,01 - Functioning,2,0,0,0,,0,,,,,351271.3743,5018182.189,45.30205537,-75.90743129,3807
16--13311,2016/12/16,4:57 PM,HUNT CLUB RD @ CANADAIR PRIV (0010852),10852,02 - Intersection related,03 - P.D. only,03 - Rear end,01 - Clear,05 - Dusk,06 - Ice,01 - Traffic signal,01 - Functioning,3,0,0,0,,0,,,,,368663.0477,5022311.47,45.33784409,-75.68515252,3808
16--13312,2016/12/16,5:15 PM,HIGHWAY 417 btwn HWY417 IC119A RAMP67 & HWY417 IC118 RAMP76 (__3ZA2YS),__3ZA2YS,01 - Non intersection,03 - P.D. only,03 - Rear end,01 - Clear,07 - Dark,01 - Dry,10 - No control,,2,0,0,0,,0,,,,,368716.0721,5030608.818,45.41249646,-75.68340217,3809
16--13313,2016/12/16,5:19 PM,ELGIN ST @ SLATER ST (0002228),2228,02 - Intersection related,03 - P.D. only,03 - Rear end,01 - Clear,07 - Dark,04 - Slush,01 - Traffic signal,01 - Functioning,2,0,0,0,,0,,,,,367889.8795,5031645.333,45.42189766,-75.69382393,3810
16--13314,2016/12/16,5:19 PM,COOPER ST @ ELGIN ST (0006934),6934,03 - At intersection,03 - P.D. only,05 - Turning movement,01 - Clear,07 - Dark,02 - Wet,01 - Traffic signal,01 - Functioning,2,0,0,0,,0,,,,,368119.4945,5031270.491,45.41850421,-75.69093832,3811
16--13315,2016/12/16,5:22 PM,INNES RD @ JEANNE D'ARC BLVD/MER BLEUE RD (0012475),12475,02 - Intersection related,03 - P.D. only,03 - Rear end,01 - Clear,07 - Dark,06 - Ice,01 - Traffic signal,01 - Functioning,3,0,0,0,,0,,,,,382638.5818,5035566.311,45.45568987,-75.50476766,3812
16--13316,2016/12/16,5:51 PM,REGIONAL ROAD 174 btwn TRANSIT & OR174 IC109 RAMP56 (__3ZAZ6U),__3ZAZ6U,01 - Non intersection,02 - Non-fatal injury,03 - Rear end,01 - Clear,07 - Dark,06 - Ice,10 - No control,,4,0,0,0,01 - Minimal,2,2,,,,376270.093,5034579.54,45.44749194,-75.58632669,3813
16--13317,2016/12/16,5:57 PM,MOODIE DR btwn WEST HUNT CLUB RD & ALTI PL (__3ZBOCW),__3ZBOCW,01 - Non intersection,02 - Non-fatal injury,01 - Approaching,01 - Clear,07 - Dark,02 - Wet,10 - No control,,2,0,0,0,01 - Minimal,1,1,,,,358279.2789,5017578.35,45.29612341,-75.81814273,3814
16--13318,2016/12/16,6:10 AM,REGIONAL ROAD 174 btwn OR174 IC109 RAMP56 & OR174 IC109 RAMP86 (__3ZA28W),__3ZA28W,01 - Non intersection,03 - P.D. only,04 - Sideswipe,01 - Clear,07 - Dark,01 - Dry,10 - No control,,3,0,0,0,,0,,,,,376439.4346,5034957.855,45.45087844,-75.58410701,3815
16--13319,2016/12/16,6:10 PM,CATHERINE ST @ ELGIN ST (0002638),2638,03 - At intersection,02 - Non-fatal injury,05 - Turning movement,01 - Clear,07 - Dark,04 - Slush,01 - Traffic signal,01 - Functioning,2,0,0,0,02 - Minor,3,,3,,,368552.9291,5030577.352,45.41222822,-75.68549036,3816
16--1332,2016/01/29,2:50 PM,HWY417 HUNT CLUB IC109 RAMP63 btwn HIGHWAY 417 WB & HUNT CLUB RD WB (e___2H7R),e___2H7R,01 - Non intersection,03 - P.D. only,07 - SMV other,01 - Clear,01 - Daylight,03 - Loose snow,10 - No control,,1,0,0,0,,0,,,,,376577.083,5027760.29,45.38610488,-75.5833959,3817
16--1270,2016/01/27,8:10 AM,EAGLESON RD @ HAZELDEAN RD/ROBERTSON RD (0002715),2715,02 - Intersection related,02 - Non-fatal injury,03 - Rear end,04 - Freezing Rain,01 - Daylight,06 - Ice,01 - Traffic signal,01 - Functioning,2,0,0,0,01 - Minimal,1,1,,,,353672.5272,5018424.68,45.3040744,-75.87679143,3818
16--12700,2016/12/05,8:49 AM,MARCH RD @ THOMAS ARGUE RD (0005762),5762,02 - Intersection related,03 - P.D. only,01 - Approaching,03 - Snow,01 - Daylight,05 - Packed snow,02 - Stop sign,00 - Unknown,2,0,0,0,,0,,,,,341120.6969,5020803.963,45.3262454,-76.0366682,3819
16--12701,2016/12/05,8:52 AM,RIVERSIDE DR @ BROOKFIELD RD/HOG'S BACK RD (0001627),1627,02 - Intersection related,03 - P.D. only,07 - SMV other,01 - Clear,01 - Daylight,05 - Packed snow,01 - Traffic signal,01 - Functioning,1,0,0,0,,0,,,,,368166.0547,5026221.279,45.37306869,-75.69099202,3820
16--12702,2016/12/05,8:52 AM,ST. LAURENT BLVD @ THURSTON DR (0008255),8255,02 - Intersection related,03 - P.D. only,03 - Rear end,01 - Clear,01 - Daylight,01 - Dry,02 - Stop sign,01 - Functioning,2,0,0,0,,0,,,,,373690.8544,5027497.108,45.3840267,-75.62028574,3821
16--12703,2016/12/05,8:55 AM,BONGARD AVE @ GIFFORD ST/TRISTAN CRT (0000162),162,02 - Intersection related,03 - P.D. only,02 - Angle,03 - Snow,01 - Daylight,05 - Packed snow,03 - Yield sign,01 - Functioning,2,0,0,0,,0,,,,,366408.8072,5021652.832,45.33211933,-75.71399426,3822
16--12704,2016/12/05,9:00 AM,HUNTMAR DR @ RICHARDSON SIDE RD (0011853),11853,02 - Intersection related,03 - P.D. only,03 - Rear end,03 - Snow,01 - Daylight,04 - Slush,02 - Stop sign,01 - Functioning,2,0,0,0,,0,,,,,348207.7571,5018982.877,45.3094562,-75.94642426,3823
16--12705,2016/12/05,9:00 AM,HIGHWAY 417 btwn HWY417 IC127 RAMP16 & HWY417 IC127 RAMP63 (__3ZA2UP),__3ZA2UP,01 - Non intersection,03 - P.D. only,07 - SMV other,03 - Snow,01 - Daylight,03 - Loose snow,10 - No control,,1,0,0,0,,0,,,,,362055.7367,5024801.94,45.3608235,-75.76916152,3824
16--12706,2016/12/05,9:02 AM,BASSANO ST @ LOTTA AVE (0001421),1421,02 - Intersection related,03 - P.D. only,02 - Angle,03 - Snow,01 - Daylight,03 - Loose snow,02 - Stop sign,01 - Functioning,2,0,0,0,,0,,,,,363971.862,5024178.1,45.35505115,-75.74477999,3825
16--12707,2016/12/05,9:04 PM,BANK ST btwn WALKLEY RD & SURREY AVE (__3ZA4TW),__3ZA4TW,01 - Non intersection,03 - P.D. only,04 - Sideswipe,01 - Clear,07 - Dark,01 - Dry,10 - No control,,2,0,0,0,,0,,,,,370344.2186,5025927.318,45.37022338,-75.66322487,3826
16--12708,2016/12/05,9:11 AM,ORIENT PARK DR btwn AUTUMN HILL CRES & CLEROUX CRES (__3ZBO8I),__3ZBO8I,01 - Non intersection,03 - P.D. only,02 - Angle,03 - Snow,01 - Daylight,06 - Ice,10 - No control,,2,0,0,0,,0,,,,,379218.4238,5033272.464,45.43542411,-75.54883801,3827
16--12709,2016/12/05,9:21 AM,MERIVALE RD btwn VIEWMOUNT DR & COLONNADE RD (__3ZA33F),__3ZA33F,01 - Non intersection,03 - P.D. only,07 - SMV other,03 - Snow,01 - Daylight,04 - Slush,10 - No control,,1,0,0,0,,0,,,,,365218.5418,5022890.938,45.34336314,-75.72902711,3828
16--1271,2016/01/27,8:11 PM,CANAAN RD btwn REGIONAL ROAD 174 & WILHAVEN DR (__3ZA5F5),__3ZA5F5,01 - Non intersection,03 - P.D. only,07 - SMV other,01 - Clear,07 - Dark,01 - Dry,10 - No control,,1,0,0,0,,0,,,,,396487.3773,5041785.141,45.5099582,-75.32657252,3829
16--12710,2016/12/05,9:29 AM,ST. LAURENT BLVD btwn CYRVILLE RD & COVENTRY RD (__3ZA2CE),__3ZA2CE,01 - Non intersection,03 - P.D. only,04 - Sideswipe,03 - Snow,01 - Daylight,03 - Loose snow,10 - No control,,2,0,0,0,,0,,,,,372283.9468,5032002.257,45.42469902,-75.63763288,3830