Anom_ID,Accident_Date,Accident_Time,Location,Geo_ID,Accident_Location,Classification_of_Accident,Initial_Impact_Type,Environment_Condition,Light,Road_Surface_Condition,Traffic_Control,Traffic_Control_Condition,No__of_Vehicles,No__of_Bicycles,No__of_Motorcycles,No__of_Pedestrians,Max_Injury,No__of_Injuries,No__of_Minimal,No__of_Minor,No__of_Major,No__of_Fatal,X,Y,Latitude,Longitude,ObjectId
16--12711,2016/12/05,9:45 AM,DUNNING RD @ OLD MONTREAL RD (0004641),4641,02 - Intersection related,03 - P.D. only,03 - Rear end,03 - Snow,01 - Daylight,03 - Loose snow,02 - Stop sign,01 - Functioning,2,0,0,0,,0,,,,,390266.1224,5042528.828,45.51743908,-75.4060482,3831
16--12712,2016/12/05,9:48 AM,BANK ST @ ERIE AVE (0006828),6828,02 - Intersection related,03 - P.D. only,07 - SMV other,03 - Snow,01 - Daylight,05 - Packed snow,01 - Traffic signal,01 - Functioning,1,0,0,0,,0,,,,,370136.3769,5026479.94,45.37521511,-75.66580491,3832
16--12713,2016/12/05,9:51 AM,REGIONAL ROAD 174 btwn OR174 IC112 RAMP15 & TRANSIT (__3ZA2WA),__3ZA2WA,01 - Non intersection,03 - P.D. only,04 - Sideswipe,03 - Snow,01 - Daylight,03 - Loose snow,10 - No control,,2,0,0,0,,0,,,,,375271.0204,5033181.827,45.43501758,-75.59929736,3833
16--12714,2016/12/05,9:51 AM,GILMOUR ST btwn DERBY PL & O'CONNOR ST (__3ZA4GK),__3ZA4GK,01 - Non intersection,03 - P.D. only,03 - Rear end,03 - Snow,01 - Daylight,03 - Loose snow,10 - No control,,2,0,0,0,,0,,,,,367873.7899,5030826.242,45.41452919,-75.69413435,3834
16--12715,2016/12/05,9:52 AM,RENAUD RD btwn Continuation of RENAUD RD & PERCIFOR WAY (__54PNN5),__54PNN5,01 - Non intersection,02 - Non-fatal injury,07 - SMV other,03 - Snow,01 - Daylight,03 - Loose snow,10 - No control,,1,0,0,0,01 - Minimal,1,1,,,,380308.8684,5031801.198,45.42206984,-75.53512829,3835
16--12716,2016/12/05,9:54 AM,EAGLESON RD @ HAZELDEAN RD/ROBERTSON RD (0002715),2715,02 - Intersection related,03 - P.D. only,04 - Sideswipe,03 - Snow,01 - Daylight,03 - Loose snow,01 - Traffic signal,01 - Functioning,2,0,0,0,,0,,,,,353673.0845,5018424.229,45.30407031,-75.87678437,3836
16--12717,2016/12/05,9:56 AM,PRINCE OF WALES DR btwn BLAZER AVE & DEAKIN ST (__3ZA29V),__3ZA29V,04 - At/near private drive,03 - P.D. only,02 - Angle,02 - Rain,01 - Daylight,03 - Loose snow,10 - No control,,2,0,0,0,,0,,,,,367346.4635,5021186.011,45.32783601,-75.70209177,3837
16--12718,2016/12/05,9:59 AM,RIVERSIDE DR @ SMYTH RD NORTH SIDE RAMP (0011479),11479,02 - Intersection related,03 - P.D. only,07 - SMV other,03 - Snow,01 - Daylight,06 - Ice,01 - Traffic signal,00 - Unknown,1,0,0,0,,0,,,,,369937.267,5029314.832,45.40074105,-75.66797266,3838
16--12719,2016/12/06,1:40 PM,CARLING AVE @ MERIVALE RD (0002148),2148,02 - Intersection related,03 - P.D. only,03 - Rear end,01 - Clear,01 - Daylight,01 - Dry,01 - Traffic signal,01 - Functioning,2,0,0,0,,0,,,,,364895.532,5027701.786,45.38667813,-75.73256341,3839
16--1272,2016/01/27,8:13 PM,MEADOWLANDS DR @ MERIVALE RD (0000625),625,03 - At intersection,03 - P.D. only,05 - Turning movement,01 - Clear,07 - Dark,01 - Dry,01 - Traffic signal,01 - Functioning,2,0,0,0,,0,,,,,364857.6022,5023726.169,45.35090944,-75.73353105,3840
16--12720,2016/12/06,10:15 AM,HEMLOCK RD @ LANSDOWNE RD (0010754),10754,02 - Intersection related,03 - P.D. only,01 - Approaching,01 - Clear,01 - Daylight,03 - Loose snow,02 - Stop sign,00 - Unknown,2,0,0,0,,0,,,,,369848.6986,5034511.986,45.44751123,-75.66841756,3841
16--12721,2016/12/06,10:20 AM,LYON ST    N btwn MACLAREN ST & GILMOUR ST (__3ZA3QR),__3ZA3QR,01 - Non intersection,03 - P.D. only,07 - SMV other,01 - Clear,01 - Daylight,02 - Wet,10 - No control,,1,0,0,0,,0,,,,,367448.7429,5030580.611,45.41235726,-75.69959567,3842
16--12722,2016/12/06,10:21 PM,DALY AVE btwn COURT HOUSE LANE & WALLER ST (__3ZAZBH),__3ZAZBH,01 - Non intersection,03 - P.D. only,99 - Other,03 - Snow,07 - Dark,03 - Loose snow,10 - No control,,2,0,0,0,,0,,,,,368332.8984,5032114.238,45.42607661,-75.68810303,3843
16--12723,2016/12/06,10:30 AM,CONROY RD @ WALKLEY RD (0002648),2648,02 - Intersection related,03 - P.D. only,04 - Sideswipe,01 - Clear,01 - Daylight,02 - Wet,01 - Traffic signal,01 - Functioning,2,0,0,0,,0,,,,,372905.0559,5027464.198,45.38380743,-75.63032351,3844
16--12724,2016/12/06,10:32 AM,CALDWELL AVE btwn MORISSET AVE & MEDFORD ST (__3ZAA5Y),__3ZAA5Y,01 - Non intersection,03 - P.D. only,06 - SMV unattended vehicle,01 - Clear,01 - Daylight,04 - Slush,10 - No control,,1,0,0,0,,0,,,,,364415.3505,5026144.856,45.37271017,-75.7388829,3845
16--12725,2016/12/06,10:50 AM,HIGHWAY 416 btwn HWY416 IC66 RAMP62 & HWY416 IC72 RAMP24 (__3ZAZMZ),__3ZAZMZ,01 - Non intersection,02 - Non-fatal injury,03 - Rear end,01 - Clear,01 - Daylight,01 - Dry,10 - No control,,3,0,0,0,02 - Minor,3,2,1,,,359585.8241,5019432.927,45.31271037,-75.80128062,3846
16--12726,2016/12/06,11:03 AM,ALTA VISTA DR @ CUNNINGHAM AVE (0008112),8112,02 - Intersection related,02 - Non-fatal injury,03 - Rear end,01 - Clear,01 - Daylight,02 - Wet,02 - Stop sign,01 - Functioning,2,0,0,0,02 - Minor,1,,1,,,370344.7229,5028017.131,45.38902677,-75.66294101,3847
16--12727,2016/12/06,11:11 AM,PARKDALE AVE @ HWY 417 PARKDAL IC122R15/HWY 41 (0002363),2363,03 - At intersection,03 - P.D. only,03 - Rear end,03 - Snow,01 - Daylight,04 - Slush,01 - Traffic signal,01 - Functioning,2,0,0,0,,0,,,,,365337.5264,5028843.484,45.39691282,-75.72677946,3848
16--12728,2016/12/06,11:30 AM,COLONNADE RD @ PRINCE OF WALES DR (0005249),5249,02 - Intersection related,03 - P.D. only,03 - Rear end,01 - Clear,01 - Daylight,01 - Dry,01 - Traffic signal,01 - Functioning,2,0,0,0,,0,,,,,367394.7116,5023267.758,45.34656288,-75.701213,3849
16--12729,2016/12/06,Unknown,PIKE ST btwn CASTLEGREEN PRIV & HUNTERSFIELD DR (__3ZA1VC),__3ZA1VC,01 - Non intersection,03 - P.D. only,06 - SMV unattended vehicle,03 - Snow,00 - Unknown,02 - Wet,10 - No control,,1,0,0,0,,0,,,,,373173.9822,5025299.249,45.36430191,-75.62718953,3850
16--1273,2016/01/27,8:19 PM,MEADOWLANDS DR btwn TURN LANE & SULLIVAN AVE (__3ZA3GE),__3ZA3GE,01 - Non intersection,03 - P.D. only,06 - SMV unattended vehicle,01 - Clear,07 - Dark,01 - Dry,10 - No control,,1,0,0,0,,0,,,,,363132.8701,5022773.196,45.34248025,-75.75565298,3851
16--12730,2016/12/06,Unknown,CLARENCE ST btwn DALHOUSIE ST & CUMBERLAND ST (__3ZA7AK),__3ZA7AK,01 - Non intersection,03 - P.D. only,06 - SMV unattended vehicle,03 - Snow,00 - Unknown,03 - Loose snow,10 - No control,,1,0,0,0,,0,,,,,368185.3682,5032589.783,45.43036878,-75.68992694,3852
16--12731,2016/12/06,Unknown,RENAISSANCE DR btwn CASABELLA DR & CASABELLA DR (__30LQVL),__30LQVL,01 - Non intersection,03 - P.D. only,06 - SMV unattended vehicle,03 - Snow,07 - Dark,03 - Loose snow,10 - No control,,1,0,0,0,,0,,,,,384452.8831,5036245.833,45.46159913,-75.48146385,3853
16--12732,2016/12/06,12:50 PM,BASELINE RD @ WOODROFFE AVE (0002225),2225,02 - Intersection related,03 - P.D. only,05 - Turning movement,01 - Clear,01 - Daylight,01 - Dry,01 - Traffic signal,01 - Functioning,2,0,0,0,,0,,,,,362549.4707,5023769.846,45.3514963,-75.76298036,3854
16--12733,2016/12/06,2:17 PM,CORKSTOWN RD @ MARCH RD (0003153),3153,02 - Intersection related,03 - P.D. only,05 - Turning movement,01 - Clear,01 - Daylight,02 - Wet,02 - Stop sign,01 - Functioning,2,0,0,0,,0,,,,,352656.9545,5020883.266,45.32626722,-75.88950347,3855
16--12734,2016/12/06,2:42 PM,ACACIA AVE @ BEECHWOOD AVE (0005753),5753,02 - Intersection related,02 - Non-fatal injury,03 - Rear end,01 - Clear,01 - Daylight,01 - Dry,02 - Stop sign,01 - Functioning,2,0,0,0,02 - Minor,1,,1,,,369635.15,5033942.427,45.44240642,-75.67122233,3856
16--12735,2016/12/06,2:50 PM,CONCORD ST @ HAVELOCK ST (0007817),7817,02 - Intersection related,03 - P.D. only,99 - Other,01 - Clear,01 - Daylight,01 - Dry,02 - Stop sign,01 - Functioning,2,0,0,0,,0,,,,,369113.3448,5030946.515,45.41549854,-75.67828304,3857
16--12736,2016/12/06,2:54 PM,BANK ST @ HERON RD (0002155),2155,02 - Intersection related,03 - P.D. only,03 - Rear end,01 - Clear,01 - Daylight,02 - Wet,01 - Traffic signal,02 - Not functioning,2,0,0,0,,0,,,,,369995.72,5026851.128,45.37856804,-75.66755158,3858
16--12737,2016/12/06,4:01 PM,CATHERINE ST @ KENT ST (0002707),2707,02 - Intersection related,03 - P.D. only,04 - Sideswipe,01 - Clear,05 - Dusk,01 - Dry,01 - Traffic signal,01 - Functioning,2,0,0,0,,0,,,,,367908.3661,5030188.345,45.40878648,-75.6937743,3859
16--12738,2016/12/06,4:54 PM,RIDEAU RD btwn BANK ST & DONCASTER RD (__3ZBO26),__3ZBO26,01 - Non intersection,02 - Non-fatal injury,03 - Rear end,01 - Clear,07 - Dark,02 - Wet,10 - No control,,2,0,0,0,01 - Minimal,1,1,,,,377304.7525,5018047.139,45.29863577,-75.57552821,3860
16--12739,2016/12/06,5:04 PM,SOMERSET ST    W btwn BECKINGTON PRIV & BANK ST (__3ZAZQ1),__3ZAZQ1,04 - At/near private drive,03 - P.D. only,02 - Angle,01 - Clear,07 - Dark,02 - Wet,10 - No control,,2,0,0,0,,0,,,,,367632.1492,5030877.545,45.41501254,-75.69721484,3861
16--1274,2016/01/27,8:32 AM,HUNTMAR DR @ PALLADIUM DR S (0011818),11818,02 - Intersection related,03 - P.D. only,03 - Rear end,01 - Clear,01 - Daylight,06 - Ice,01 - Traffic signal,01 - Functioning,2,0,0,0,,0,,,,,349676.5427,5017364.976,45.29480553,-75.92784033,3862
16--12740,2016/12/06,5:10 AM,HIGHWAY 417 btwn HWY417 IC121A RAMP51 & HWY417 IC120A RAMP52 (__3ZA2R6),__3ZA2R6,01 - Non intersection,03 - P.D. only,07 - SMV other,03 - Snow,07 - Dark,03 - Loose snow,10 - No control,,1,0,0,0,,0,,,,,367280.2291,5029739.686,45.40480593,-75.70185498,3863
16--12741,2016/12/06,5:11 PM,RIDEAU RD btwn SOMME ST & RAMSAYVILLE RD (__3ZA6G1),__3ZA6G1,01 - Non intersection,03 - P.D. only,03 - Rear end,01 - Clear,07 - Dark,02 - Wet,10 - No control,,2,0,0,0,,0,,,,,379460.5972,5019456.58,45.31109142,-75.54783158,3864
16--12742,2016/12/06,5:12 PM,CHAMBERLAIN AVE @ IMPERIAL AVE (0011444),11444,03 - At intersection,03 - P.D. only,05 - Turning movement,01 - Clear,07 - Dark,01 - Dry,02 - Stop sign,01 - Functioning,2,0,0,0,,0,,,,,367360.5515,5029673.826,45.40420617,-75.70083737,3865
16--12743,2016/12/06,5:20 PM,KNIGHTSBRIDGE RD @ WOODROFFE AVE (0002244),2244,03 - At intersection,03 - P.D. only,02 - Angle,01 - Clear,07 - Dark,01 - Dry,02 - Stop sign,01 - Functioning,2,0,0,0,,0,,,,,361623.0258,5026560.305,45.37668033,-75.77448214,3866
16--12744,2016/12/06,5:30 PM,HIGHWAY 417 btwn HWY417 IC115 RAMP36 & HWY417 IC115 RAMP26 (__3ZA2R4),__3ZA2R4,01 - Non intersection,03 - P.D. only,03 - Rear end,01 - Clear,07 - Dark,01 - Dry,10 - No control,,2,0,0,0,,0,,,,,372487.2485,5031524.327,45.42037919,-75.63510088,3867
16--12745,2016/12/06,5:36 PM,HUNT CLUB RD @ DOWNPATRICK RD/MCCARTHY RD (0006931),6931,03 - At intersection,03 - P.D. only,05 - Turning movement,01 - Clear,07 - Dark,01 - Dry,01 - Traffic signal,01 - Functioning,3,0,0,0,,0,,,,,370505.3317,5023400.797,45.34747544,-75.66150408,3868
16--12746,2016/12/06,6:22 PM,PARKDALE AVE @ SCOTT ST (0002213),2213,02 - Intersection related,02 - Non-fatal injury,05 - Turning movement,01 - Clear,07 - Dark,01 - Dry,01 - Traffic signal,01 - Functioning,2,0,0,0,01 - Minimal,1,1,,,,364948.6059,5029726.34,45.40489009,-75.73163886,3869
16--12747,2016/12/06,7:16 PM,BANK ST @ GLADSTONE AVE (0002253),2253,03 - At intersection,03 - P.D. only,05 - Turning movement,01 - Clear,07 - Dark,02 - Wet,01 - Traffic signal,01 - Functioning,2,0,0,0,,0,,,,,367915.6087,5030562.79,45.41215497,-75.69363384,3870
16--12748,2016/12/06,7:27 AM,MARCH RD @ TERON RD (0011926),11926,03 - At intersection,03 - P.D. only,05 - Turning movement,01 - Clear,03 - Dawn,01 - Dry,01 - Traffic signal,01 - Functioning,2,0,0,0,,0,,,,,351414.6179,5021779.015,45.33441097,-75.90526636,3871
16--12749,2016/12/06,7:50 AM,CARLING AVE @ ROSEVIEW AVE (0002644),2644,03 - At intersection,03 - P.D. only,02 - Angle,01 - Clear,03 - Dawn,01 - Dry,02 - Stop sign,01 - Functioning,2,0,0,0,,0,,,,,359357.5736,5024198.408,45.35560809,-75.8036661,3872
16--1275,2016/01/27,8:44 AM,ST. LAURENT BLVD btwn THURSTON DR & WALKLEY RD (__3ZA7QN),__3ZA7QN,04 - At/near private drive,03 - P.D. only,03 - Rear end,03 - Snow,01 - Daylight,03 - Loose snow,10 - No control,,2,0,0,0,,0,,,,,373994.0009,5027900.12,45.38762294,-75.61635862,3873
16--12750,2016/12/06,8:04 PM,FRANK ST btwn O'CONNOR ST & METCALFE ST (__3ZA9TX),__3ZA9TX,01 - Non intersection,03 - P.D. only,06 - SMV unattended vehicle,01 - Clear,07 - Dark,01 - Dry,10 - No control,,1,0,0,0,,0,,,,,368184.6591,5030779.908,45.41408421,-75.69016887,3874
16--12751,2016/12/06,8:19 AM,PARKDALE AVE btwn LYNDALE AVE & SCOTT ST (__3ZA31W),__3ZA31W,04 - At/near private drive,03 - P.D. only,02 - Angle,01 - Clear,01 - Daylight,02 - Wet,10 - No control,,2,0,0,0,,0,,,,,364936.1462,5029752.953,45.40513061,-75.73179476,3875
16--12752,2016/12/06,8:31 AM,OLD INNES RD @ BANTREE ST (0007674),7674,03 - At intersection,03 - P.D. only,02 - Angle,01 - Clear,01 - Daylight,02 - Wet,02 - Stop sign,01 - Functioning,2,0,0,0,,0,,,,,373728.3899,5030353.222,45.40972099,-75.6194074,3876
16--12753,2016/12/06,8:39 PM,CARLING AVE @ MERIVALE RD (0002148),2148,03 - At intersection,03 - P.D. only,05 - Turning movement,01 - Clear,07 - Dark,01 - Dry,01 - Traffic signal,01 - Functioning,2,0,0,0,,0,,,,,364894.0452,5027700.325,45.38666511,-75.73258257,3877
16--12754,2016/12/06,8:45 AM,BOOTH ST @ SIR JOHN A. MACDONALD PKWY/WELLINGTON ST (0012252),12252,03 - At intersection,03 - P.D. only,04 - Sideswipe,01 - Clear,01 - Daylight,02 - Wet,01 - Traffic signal,01 - Functioning,3,0,0,0,,0,,,,,366264.036,5031006.238,45.41629199,-75.71467704,3878
16--12755,2016/12/06,8:56 PM,SHIRLEY'S BROOK DR btwn KINROSS PRIV & MARCONI AVE (__51NBX1),__51NBX1,01 - Non intersection,03 - P.D. only,07 - SMV other,01 - Clear,07 - Dark,03 - Loose snow,10 - No control,,1,0,0,0,,0,,,,,350021.832,5024124.721,45.3556093,-75.92282087,3879
16--12756,2016/12/06,9:07 PM,KINBURN SIDE RD btwn BECKS RD & STONECREST RD (__3ZA4Q6),__3ZA4Q6,01 - Non intersection,03 - P.D. only,07 - SMV other,01 - Clear,07 - Dark,01 - Dry,10 - No control,,1,0,0,0,,0,,,,,334497.5092,5032688.821,45.43350192,-76.12044119,3880
16--12757,2016/12/06,9:09 AM,KING EDWARD AVE @ LAURIER AVE (0002170),2170,03 - At intersection,02 - Non-fatal injury,07 - SMV other,01 - Clear,01 - Daylight,01 - Dry,01 - Traffic signal,01 - Functioning,1,0,0,1,02 - Minor,1,,1,,,368741.0405,5032035.249,45.4253287,-75.6828981,3881
16--12758,2016/12/06,9:31 AM,ST. LAURENT BLVD btwn INDUSTRIAL AVE & BOURASSA ST (__3ZBOFB),__3ZBOFB,04 - At/near private drive,03 - P.D. only,02 - Angle,01 - Clear,01 - Daylight,04 - Slush,10 - No control,,2,0,0,0,,0,,,,,373111.7274,5029978.233,45.40640747,-75.62733659,3882
16--12759,2016/12/06,9:36 AM,CONROY RD @ THURSTON DR (0011389),11389,03 - At intersection,02 - Non-fatal injury,02 - Angle,01 - Clear,01 - Daylight,02 - Wet,01 - Traffic signal,01 - Functioning,2,0,0,0,02 - Minor,1,,1,,,373203.1972,5026795.417,45.37776097,-75.62660945,3883
16--1276,2016/01/27,8:56 AM,WEST HUNT CLUB RD @ WOODROFFE AVE (0000576),576,02 - Intersection related,03 - P.D. only,07 - SMV other,01 - Clear,01 - Daylight,06 - Ice,01 - Traffic signal,01 - Functioning,1,0,0,0,,0,,,,,363670.0324,5021247.587,45.32870806,-75.74898068,3884
16--12760,2016/12/06,9:39 AM,OGILVIE RD @ ELMLEA GT/SHOPPERS CITY EAST SC (0008800),8800,03 - At intersection,02 - Non-fatal injury,07 - SMV other,01 - Clear,01 - Daylight,02 - Wet,01 - Traffic signal,01 - Functioning,1,0,0,1,02 - Minor,1,,1,,,374988.0975,5033487.11,45.4377928,-75.60286948,3885
16--12761,2016/12/07,1:50 PM,MEADOWLANDS DR btwn TURN LANE & SULLIVAN AVE (__3ZA3GE),__3ZA3GE,04 - At/near private drive,03 - P.D. only,99 - Other,01 - Clear,01 - Daylight,02 - Wet,10 - No control,,2,0,0,0,,0,,,,,363111.3563,5022761.161,45.34237374,-75.7559289,3886
16--12762,2016/12/07,10:14 PM,REGIONAL ROAD 174 btwn QUIGLEY HILL RD & REGIONAL ROAD 174 DIVIDED (__3ZA2Y5),__3ZA2Y5,01 - Non intersection,03 - P.D. only,07 - SMV other,01 - Clear,07 - Dark,01 - Dry,10 - No control,,1,0,0,0,,0,,,,,384830.3065,5040821.197,45.50272066,-75.47589283,3887
16--12763,2016/12/07,10:34 AM,HIGHWAY 416 btwn HWY416 IC57 RAMP53 & HWY416 IC49 RAMP34 (__3ZAZJC),__3ZAZJC,01 - Non intersection,03 - P.D. only,03 - Rear end,01 - Clear,01 - Daylight,01 - Dry,10 - No control,,2,0,0,0,,0,,,,,365720.9603,5006345.656,45.19444568,-75.72464622,3888
16--12764,2016/12/07,Unknown,CAPILANO DR btwn BIRCHWOOD DR & BEAVER RDG (__3ZAA9D),__3ZAA9D,01 - Non intersection,03 - P.D. only,06 - SMV unattended vehicle,01 - Clear,00 - Unknown,02 - Wet,10 - No control,,1,0,0,0,,0,,,,,364930.2973,5024427.813,45.3572165,-75.73251805,3889
16--12765,2016/12/07,Unknown,COSTELLO AVE btwn ABINGDON DR & ABINGDON DR (__3ZBOH9),__3ZBOH9,01 - Non intersection,03 - P.D. only,06 - SMV unattended vehicle,01 - Clear,00 - Unknown,02 - Wet,10 - No control,,1,0,0,0,,0,,,,,360275.9263,5021862.436,45.33451698,-75.79220779,3890
16--12766,2016/12/07,12:08 PM,BLAIR ST @ STATION BLVD (0012044),12044,02 - Intersection related,02 - Non-fatal injury,03 - Rear end,03 - Snow,01 - Daylight,03 - Loose snow,02 - Stop sign,01 - Functioning,2,0,0,0,01 - Minimal,1,1,,,,371117.1673,5030308.614,45.40957193,-75.65276925,3891
16--12767,2016/12/07,12:25 PM,BLOHM DR @ HUNT CLUB RD (0011392),11392,02 - Intersection related,03 - P.D. only,04 - Sideswipe,01 - Clear,01 - Daylight,01 - Dry,01 - Traffic signal,01 - Functioning,2,0,0,0,,0,,,,,375128.0897,5026190.761,45.37212999,-75.602121,3892
16--12768,2016/12/07,12:34 PM,EVANS AVE btwn BANK ST & END (__3ZAZRR),__3ZAZRR,01 - Non intersection,03 - P.D. only,06 - SMV unattended vehicle,01 - Clear,01 - Daylight,04 - Slush,10 - No control,,1,0,0,0,,0,,,,,369797.9958,5027045.325,45.38033373,-75.67005038,3893
16--12769,2016/12/07,2:04 PM,RICHMOND RD @ HOLLY ACRES RD/NANAIMO DR (0001068),1068,03 - At intersection,03 - P.D. only,03 - Rear end,01 - Clear,01 - Daylight,01 - Dry,01 - Traffic signal,01 - Functioning,2,0,0,0,,0,,,,,359060.3279,5022748.91,45.34258855,-75.80761869,3894
16--1277,2016/01/27,9:00 AM,CRAIG HENRY DR @ KNOXDALE RD (0000590),590,02 - Intersection related,03 - P.D. only,03 - Rear end,01 - Clear,01 - Daylight,06 - Ice,01 - Traffic signal,01 - Functioning,2,0,0,0,,0,,,,,363116.9074,5021656.588,45.33243441,-75.75598825,3895
16--12770,2016/12/07,2:15 PM,PRESTON ST @ SOMERSET ST (0002215),2215,02 - Intersection related,03 - P.D. only,03 - Rear end,01 - Clear,01 - Daylight,01 - Dry,01 - Traffic signal,01 - Functioning,2,0,0,0,,0,,,,,366309.4153,5030130.144,45.40840515,-75.71420661,3896
16--12771,2016/12/07,2:19 PM,BANK ST @ JOHNSTON RD (0006967),6967,02 - Intersection related,02 - Non-fatal injury,03 - Rear end,03 - Snow,01 - Daylight,02 - Wet,01 - Traffic signal,00 - Unknown,2,0,0,0,01 - Minimal,1,1,,,,370852.0859,5024841.553,45.36040634,-75.65688699,3897
16--12772,2016/12/07,2:34 PM,SMYTH RD @ SOUTH HAVEN PL/GENERAL HOSPITAL ENTRANCE W (0007242),7242,02 - Intersection related,02 - Non-fatal injury,04 - Sideswipe,01 - Clear,01 - Daylight,01 - Dry,01 - Traffic signal,00 - Unknown,2,0,0,0,02 - Minor,1,,1,,,371120.0558,5029136.553,45.39902591,-75.65288999,3898
16--12773,2016/12/07,3:00 PM,CUMBERLAND ST btwn SERAPHIN MARION PRIV & LAURIER AVE E (__3ZA8J7),__3ZA8J7,04 - At/near private drive,03 - P.D. only,04 - Sideswipe,01 - Clear,01 - Daylight,03 - Loose snow,10 - No control,,2,0,0,0,,0,,,,,368575.3439,5031985.023,45.42489191,-75.68502182,3899
16--12774,2016/12/07,3:02 PM,ST. JOSEPH BLVD @ JEANNE D'ARC BLVD (0012421),12421,03 - At intersection,03 - P.D. only,04 - Sideswipe,01 - Clear,01 - Daylight,02 - Wet,11 - Roundabout,01 - Functioning,2,0,0,0,,0,,,,,379862.686,5036469.7,45.46412158,-75.54011682,3900
16--12775,2016/12/07,3:15 PM,TENTH LINE RD @ CHARLEMAGNE BLVD S/DES EPINETT (0003686),3686,02 - Intersection related,02 - Non-fatal injury,03 - Rear end,01 - Clear,01 - Daylight,01 - Dry,01 - Traffic signal,01 - Functioning,3,0,0,0,01 - Minimal,2,2,,,,383640.9751,5036900.456,45.46758093,-75.49173924,3901
16--12776,2016/12/07,3:25 PM,BREEZEHILL AVE @ GLADSTONE AVE (0006286),6286,03 - At intersection,02 - Non-fatal injury,05 - Turning movement,01 - Clear,01 - Daylight,02 - Wet,02 - Stop sign,01 - Functioning,2,0,0,0,01 - Minimal,1,1,,,,366098.9544,5029523.833,45.40296819,-75.71697041,3902
16--12777,2016/12/07,3:25 PM,ELGIN ST @ SLATER ST (0002228),2228,02 - Intersection related,03 - P.D. only,04 - Sideswipe,01 - Clear,01 - Daylight,01 - Dry,01 - Traffic signal,01 - Functioning,2,0,0,0,,0,,,,,367889.0514,5031646.161,45.42190518,-75.6938344,3903
16--12778,2016/12/07,3:25 PM,RUSSELL RD btwn HAIG DR & CUBA AVE (__3ZA786),__3ZA786,01 - Non intersection,03 - P.D. only,06 - SMV unattended vehicle,01 - Clear,01 - Daylight,02 - Wet,10 - No control,,1,0,0,0,,0,,,,,372884.7679,5029540.723,45.40249307,-75.630296,3904
16--12779,2016/12/07,3:44 PM,PIKE ST btwn CASTLEGREEN PRIV & HUNTERSFIELD DR (__3ZA1VC),__3ZA1VC,01 - Non intersection,03 - P.D. only,05 - Turning movement,01 - Clear,01 - Daylight,02 - Wet,10 - No control,,2,0,0,0,,0,,,,,373175.2988,5025297.253,45.36428382,-75.627173,3905
16--1278,2016/01/27,9:06 AM,EAGLESON RD @ 146 N OF ABBEYHILL DR/HAZELDEAN  (0011577),11577,02 - Intersection related,03 - P.D. only,03 - Rear end,03 - Snow,01 - Daylight,06 - Ice,01 - Traffic signal,01 - Functioning,2,0,0,0,,0,,,,,353773.7435,5018174.888,45.30181967,-75.8755255,3906
16--12780,2016/12/07,4:05 PM,COLONNADE RD    N btwn CITIPLACE DR & COLONNADE RD S (__3ZA0AJ),__3ZA0AJ,04 - At/near private drive,03 - P.D. only,06 - SMV unattended vehicle,01 - Clear,05 - Dusk,01 - Dry,10 - No control,,1,0,0,0,,0,,,,,367136.4423,5023260.103,45.34651701,-75.70450948,3907
16--13327,2016/12/16,7:01 AM,KING EDWARD AVE @ ST. PATRICK ST (0002714),2714,02 - Intersection related,03 - P.D. only,03 - Rear end,01 - Clear,07 - Dark,01 - Dry,01 - Traffic signal,01 - Functioning,2,0,0,0,,0,,,,,368248.7013,5032823.175,45.43246301,-75.68908755,3908
16--13328,2016/12/16,7:13 PM,PARKDALE AVE @ WELLINGTON ST (0002260),2260,03 - At intersection,03 - P.D. only,99 - Other,01 - Clear,07 - Dark,01 - Dry,01 - Traffic signal,01 - Functioning,2,0,0,0,,0,,,,,365149.7006,5029269.313,45.40076055,-75.72912616,3909
16--13329,2016/12/16,7:28 AM,REGIONAL ROAD 174 btwn OR174 IC109 RAMP64 & OR174 IC105 RAMP16 (__3ZA2XD),__3ZA2XD,01 - Non intersection,03 - P.D. only,03 - Rear end,01 - Clear,03 - Dawn,01 - Dry,10 - No control,,2,0,0,0,,0,,,,,378308.9212,5036415.855,45.46380235,-75.55999131,3910
16--1333,2016/01/29,3:00 AM,HERWIG PL btwn FIREFLY LANE & END (__3ZA2HS),__3ZA2HS,04 - At/near private drive,03 - P.D. only,07 - SMV other,03 - Snow,07 - Dark,03 - Loose snow,10 - No control,,1,0,0,0,,0,,,,,369561.3973,5009293.885,45.22063148,-75.67538987,3911
16--13330,2016/12/16,7:34 PM,KENT ST btwn LAURIER AVE W & GLOUCESTER ST (__3ZBOFI),__3ZBOFI,01 - Non intersection,03 - P.D. only,02 - Angle,01 - Clear,07 - Dark,01 - Dry,10 - No control,,2,0,0,0,,0,,,,,367324.1524,5031152.58,45.41751481,-75.70111473,3912
16--13331,2016/12/16,7:51 AM,TENTH LINE RD @ LAKEPOINTE DR (0013369),13369,02 - Intersection related,03 - P.D. only,03 - Rear end,01 - Clear,03 - Dawn,06 - Ice,01 - Traffic signal,01 - Functioning,2,0,0,0,,0,,,,,384262.126,5035421.658,45.45420568,-75.48403589,3913