Anom_ID,Accident_Date,Accident_Time,Location,Geo_ID,Accident_Location,Classification_of_Accident,Initial_Impact_Type,Environment_Condition,Light,Road_Surface_Condition,Traffic_Control,Traffic_Control_Condition,No__of_Vehicles,No__of_Bicycles,No__of_Motorcycles,No__of_Pedestrians,Max_Injury,No__of_Injuries,No__of_Minimal,No__of_Minor,No__of_Major,No__of_Fatal,X,Y,Latitude,Longitude,ObjectId
16--13332,2016/12/16,7:55 PM,ABERDEEN ST @ PRESTON ST (0005695),5695,02 - Intersection related,03 - P.D. only,03 - Rear end,01 - Clear,07 - Dark,02 - Wet,02 - Stop sign,01 - Functioning,2,0,0,0,,0,,,,,366652.1681,5029340.853,45.40127312,-75.70992731,3914
16--13333,2016/12/16,8:15 AM,HWY417 IC142 RAMP25 btwn PALLADIUM DR & HIGHWAY 417 (__3ZAY5D),__3ZAY5D,01 - Non intersection,02 - Non-fatal injury,07 - SMV other,01 - Clear,01 - Daylight,06 - Ice,10 - No control,,1,0,0,0,01 - Minimal,1,1,,,,349120.2942,5017016.032,45.29170092,-75.93496313,3915
16--13334,2016/12/16,8:52 AM,ALBERT ST @ KENT ST (OTTAWA) (0003136),3136,03 - At intersection,03 - P.D. only,05 - Turning movement,01 - Clear,01 - Daylight,01 - Dry,01 - Traffic signal,01 - Functioning,2,0,0,0,,0,,,,,367222.523,5031320.816,45.41903762,-75.70239183,3916
16--13335,2016/12/16,8:52 AM,KEYROCK DR btwn AKENHEAD CRES & TORBEC AVE (__54M2MR),__54M2MR,01 - Non intersection,03 - P.D. only,03 - Rear end,01 - Clear,01 - Daylight,01 - Dry,10 - No control,,2,0,0,0,,0,,,,,349325.79,5020116.517,45.31958703,-75.93206488,3917
16--13336,2016/12/16,9:03 AM,BANK ST @ WELLINGTON ST (0002039),2039,02 - Intersection related,03 - P.D. only,03 - Rear end,01 - Clear,01 - Daylight,06 - Ice,01 - Traffic signal,00 - Unknown,2,0,0,0,,0,,,,,367257.707,5031628.159,45.42179985,-75.70190335,3918
16--13337,2016/12/16,9:11 AM,HEATHERINGTON RD btwn ALBION RD N & BANNERHILL PRIV (__3ZA9YH),__3ZA9YH,04 - At/near private drive,03 - P.D. only,03 - Rear end,01 - Clear,01 - Daylight,05 - Packed snow,10 - No control,,2,0,0,0,,0,,,,,371818.3599,5026345.644,45.37384791,-75.64435047,3919
16--13338,2016/12/16,9:13 AM,INNES RD @ STAR TOP RD/WINDMILL LANE (0008734),8734,02 - Intersection related,03 - P.D. only,03 - Rear end,01 - Clear,01 - Daylight,06 - Ice,01 - Traffic signal,01 - Functioning,2,0,0,0,,0,,,,,374147.7258,5030665.318,45.41248765,-75.61400692,3920
16--13339,2016/12/16,9:19 AM,HUNTMAR DR @ MAPLE GROVE RD (0003119),3119,02 - Intersection related,03 - P.D. only,03 - Rear end,01 - Clear,01 - Daylight,06 - Ice,01 - Traffic signal,01 - Functioning,3,0,0,0,,0,,,,,350266.7768,5016712.211,45.28889381,-75.92037528,3921
16--1334,2016/01/29,3:08 PM,HAIG DR btwn SAUNDERSON DR & HUTTON AVE (__3ZA789),__3ZA789,01 - Non intersection,03 - P.D. only,06 - SMV unattended vehicle,01 - Clear,01 - Daylight,01 - Dry,10 - No control,,1,0,0,0,,0,,,,,372601.9201,5029550.309,45.40260677,-75.63390732,3922
16--13340,2016/12/16,9:21 AM,RAYMOND ST/HWY 417 ROCHEST IC121BR16 @ ROCHEST (0006495),6495,03 - At intersection,03 - P.D. only,02 - Angle,01 - Clear,01 - Daylight,01 - Dry,01 - Traffic signal,01 - Functioning,2,0,0,0,,0,,,,,366737.7542,5029618.736,45.40376587,-75.70879928,3923
16--13341,2016/12/16,9:24 AM,WOODROFFE AVE btwn FOX CRES & GEORGINA DR (__3ZA4MF),__3ZA4MF,01 - Non intersection,03 - P.D. only,03 - Rear end,01 - Clear,01 - Daylight,01 - Dry,10 - No control,,3,0,0,0,,0,,,,,361842.1142,5025533.366,45.36742223,-75.77180364,3924
16--13342,2016/12/16,9:31 PM,STRANDHERD DR btwn CEDARVIEW RD & MADRID AVE (__6O5O8S),__6O5O8S,01 - Non intersection,03 - P.D. only,07 - SMV other,01 - Clear,07 - Dark,01 - Dry,10 - No control,,1,0,0,0,,0,,,,,362715.9717,5013737.752,45.26121386,-75.76202785,3925
16--13343,2016/12/16,9:32 AM,CITY PARK DR btwn OGILVIE RD & WILBURY RD (__3ZAZQG),__3ZAZQG,04 - At/near private drive,03 - P.D. only,05 - Turning movement,01 - Clear,01 - Daylight,02 - Wet,10 - No control,,2,0,0,0,,0,,,,,373861.5311,5032729.74,45.43109057,-75.61737354,3926
16--13344,2016/12/16,9:43 AM,FALLOWFIELD RD @ MOODIE DR (0010412),10412,02 - Intersection related,03 - P.D. only,03 - Rear end,01 - Clear,01 - Daylight,06 - Ice,01 - Traffic signal,01 - Functioning,2,0,0,0,,0,,,,,359503.3122,5014636.827,45.26956102,-75.80286178,3927
16--13345,2016/12/16,9:46 PM,OAKRIDGE BLVD @ SULLIVAN AVE (0001376),1376,03 - At intersection,03 - P.D. only,07 - SMV other,04 - Freezing Rain,07 - Dark,06 - Ice,03 - Yield sign,01 - Functioning,1,0,0,0,,0,,,,,363466.3408,5022780.569,45.34251878,-75.75139727,3928
16--13346,2016/12/17,1:00 AM,ST. JOSEPH BLVD btwn HART RD & R.C.M.P. COMPLEX (__3ZA2BHA),__3ZA2BHA,04 - At/near private drive,03 - P.D. only,07 - SMV other,03 - Snow,07 - Dark,03 - Loose snow,10 - No control,,1,0,0,0,,0,,,,,377810.4299,5035736.226,45.45773981,-75.56646593,3929
16--13347,2016/12/17,1:02 PM,CHAPMAN MILLS DR @ LONGFIELDS DR (0013784),13784,02 - Intersection related,03 - P.D. only,01 - Approaching,03 - Snow,01 - Daylight,03 - Loose snow,02 - Stop sign,00 - Unknown,2,0,0,0,,0,,,,,364841.826,5014582.921,45.26864047,-75.73484018,3930
16--13348,2016/12/17,1:12 PM,STRANDHERD DR @ LONGFIELDS DR (0010935),10935,02 - Intersection related,03 - P.D. only,03 - Rear end,03 - Snow,01 - Daylight,04 - Slush,01 - Traffic signal,01 - Functioning,2,0,0,0,,0,,,,,364549.6387,5015172.911,45.27397408,-75.73849243,3931
16--13349,2016/12/17,1:26 PM,TIMM DR btwn HAANEL DR & MOODIE DR (__3ZABFM),__3ZABFM,01 - Non intersection,03 - P.D. only,07 - SMV other,03 - Snow,01 - Daylight,04 - Slush,10 - No control,,1,0,0,0,,0,,,,,356804.8825,5021080.577,45.32774757,-75.83657232,3932
16--1335,2016/01/29,3:22 PM,HWY 417 WOODROFF IC127R63 @ WOODROFFE AVE (0006462),6462,02 - Intersection related,03 - P.D. only,03 - Rear end,01 - Clear,01 - Daylight,01 - Dry,10 - No control,,2,0,0,0,,0,,,,,362109.4707,5024871.9,45.3614486,-75.76846757,3933
16--13350,2016/12/17,1:31 PM,HAZELDEAN RD @ JOHNWOODS ST/VICTOR ST (0004683),4683,02 - Intersection related,03 - P.D. only,04 - Sideswipe,01 - Clear,01 - Daylight,06 - Ice,01 - Traffic signal,01 - Functioning,3,0,0,0,,0,,,,,350185.5347,5015396.438,45.27705931,-75.92153127,3934
16--13351,2016/12/17,1:33 PM,BASELINE RD @ JOHN SUTHERLAND DR/VALLEY STREAM (0000011),11,02 - Intersection related,03 - P.D. only,04 - Sideswipe,03 - Snow,01 - Daylight,03 - Loose snow,01 - Traffic signal,01 - Functioning,3,0,0,0,,0,,,,,359311.2103,5021789.839,45.33393935,-75.80452324,3935
16--13352,2016/12/17,1:33 PM,HAWTHORNE RD/RUSSELL RD @ WALKLEY RD (0002618),2618,02 - Intersection related,03 - P.D. only,07 - SMV other,03 - Snow,01 - Daylight,05 - Packed snow,01 - Traffic signal,00 - Unknown,1,0,0,0,,0,,,,,374675.5721,5028498.299,45.3929374,-75.60757097,3936
16--13353,2016/12/17,1:38 PM,BRITTANY DR btwn KRISTIN WAY & MONTREAL RD (__3ZA8IX),__3ZA8IX,01 - Non intersection,03 - P.D. only,05 - Turning movement,03 - Snow,01 - Daylight,03 - Loose snow,10 - No control,,2,0,0,0,,0,,,,,371858.4013,5034120.13,45.44379558,-75.64278178,3937
16--13354,2016/12/17,1:48 PM,WALKLEY RD btwn BANTON ST & MELFORT ST (__3ZBPHC),__3ZBPHC,01 - Non intersection,03 - P.D. only,07 - SMV other,03 - Snow,01 - Daylight,05 - Packed snow,10 - No control,,1,0,0,0,,0,,,,,374333.7636,5028301.954,45.3912048,-75.61196359,3938
16--13355,2016/12/17,1:57 PM,CROSSKEYS PL/HELENE CAMPBELL RD @ STRANDHERD DR (0015337),15337,02 - Intersection related,03 - P.D. only,04 - Sideswipe,03 - Snow,01 - Daylight,03 - Loose snow,01 - Traffic signal,01 - Functioning,2,0,0,0,,0,,,,,360982.3112,5014901.733,45.27182808,-75.78398493,3939
16--13356,2016/12/17,10:00 AM,BOYER RD @ ST. JOSEPH BLVD (0003643),3643,03 - At intersection,03 - P.D. only,05 - Turning movement,03 - Snow,01 - Daylight,03 - Loose snow,02 - Stop sign,00 - Unknown,2,0,0,0,,0,,,,,380405.0834,5036833.366,45.46733507,-75.53312583,3940
16--13357,2016/12/17,10:12 PM,ROBERTSON RD @ HAANEL DR (0000600),600,02 - Intersection related,03 - P.D. only,07 - SMV other,03 - Snow,07 - Dark,03 - Loose snow,02 - Stop sign,00 - Unknown,1,0,0,0,,0,,,,,354987.9793,5019202.06,45.31097665,-75.85993947,3941
16--13358,2016/12/17,10:19 PM,STONEHAVEN DR btwn TANDALEE CRES & GRASSY PLAINS DR (__3ZAZHZ),__3ZAZHZ,01 - Non intersection,03 - P.D. only,02 - Angle,03 - Snow,07 - Dark,04 - Slush,10 - No control,,2,0,0,0,,0,,,,,356195.5281,5015973.955,45.28184228,-75.84487485,3942
16--13359,2016/12/17,10:24 PM,BEECH ST @ ROCHESTER ST (0002025),2025,03 - At intersection,03 - P.D. only,02 - Angle,03 - Snow,07 - Dark,05 - Packed snow,02 - Stop sign,01 - Functioning,2,0,0,0,,0,,,,,366857.5267,5029342.149,45.40126661,-75.70730424,3943
16--1336,2016/01/29,3:30 PM,MACKENZIE AVE @ RIDEAU ST (0002136),2136,02 - Intersection related,03 - P.D. only,04 - Sideswipe,01 - Clear,01 - Daylight,01 - Dry,01 - Traffic signal,01 - Functioning,2,0,0,0,,0,,,,,367869.5315,5032009.423,45.42517545,-75.69403729,3944
16--13360,2016/12/17,10:25 AM,CHARLOTTE ST @ RIDEAU ST (0002622),2622,02 - Intersection related,03 - P.D. only,03 - Rear end,03 - Snow,01 - Daylight,03 - Loose snow,01 - Traffic signal,01 - Functioning,2,0,0,0,,0,,,,,369248.8808,5032858.35,45.43268804,-75.67630137,3945
16--13361,2016/12/17,10:30 AM,EAGLESON RD @ HOPE SIDE RD/TERRY FOX DR (0000509),509,02 - Intersection related,03 - P.D. only,03 - Rear end,03 - Snow,01 - Daylight,06 - Ice,01 - Traffic signal,01 - Functioning,2,0,0,0,,0,,,,,355188.1529,5014616.038,45.26969637,-75.8578526,3946
16--13362,2016/12/17,10:39 AM,KLONDIKE RD @ MARCH RD (0003096),3096,02 - Intersection related,03 - P.D. only,04 - Sideswipe,03 - Snow,01 - Daylight,03 - Loose snow,01 - Traffic signal,00 - Unknown,2,0,0,0,,0,,,,,349262.1428,5024060.379,45.35507892,-75.93252231,3947
16--13363,2016/12/17,10:40 AM,MAITLAND AVE @ WOODWARD DR (0003185),3185,02 - Intersection related,02 - Non-fatal injury,03 - Rear end,03 - Snow,01 - Daylight,03 - Loose snow,01 - Traffic signal,01 - Functioning,2,0,0,0,02 - Minor,1,,1,,,363274.5816,5025663.788,45.3684777,-75.75350294,3948
16--13364,2016/12/17,10:40 AM,HIGHWAY 417 btwn HWY417 IC144 RAMP51 & HWY417 IC144 RAMP35 (__3ZA2Q5),__3ZA2Q5,01 - Non intersection,03 - P.D. only,03 - Rear end,05 - Drifting Snow,01 - Daylight,04 - Slush,10 - No control,,2,0,0,0,,0,,,,,347310.5425,5015728.264,45.28022492,-75.95814483,3949
16--13365,2016/12/17,10:40 AM,HIGHWAY 417 btwn HWY417 IC118 RAMP67 & HWY417 IC117 RAMP36 (__3ZA2YO),__3ZA2YO,01 - Non intersection,03 - P.D. only,04 - Sideswipe,03 - Snow,01 - Daylight,03 - Loose snow,10 - No control,,3,0,0,0,,0,,,,,370314.4564,5031133.03,45.4170653,-75.66291354,3950
16--13366,2016/12/17,10:46 AM,SOUTHVALE CRES btwn ERINBROOK CRES & DELRIDGE LANE (__3ZA5L0),__3ZA5L0,01 - Non intersection,03 - P.D. only,06 - SMV unattended vehicle,03 - Snow,01 - Daylight,03 - Loose snow,10 - No control,,1,0,0,0,,0,,,,,374154.4772,5029176.38,45.39909025,-75.6141301,3951
16--13367,2016/12/17,11:10 AM,FALAISE RD @ NORMANDY CRES (0001177),1177,03 - At intersection,03 - P.D. only,02 - Angle,03 - Snow,01 - Daylight,03 - Loose snow,02 - Stop sign,01 - Functioning,2,0,0,0,,0,,,,,366603.5389,5024488.102,45.35761347,-75.71115585,3952
16--13368,2016/12/17,11:22 AM,BEECHWOOD AVE @ CORONA AVE (0005755),5755,03 - At intersection,03 - P.D. only,02 - Angle,03 - Snow,01 - Daylight,03 - Loose snow,02 - Stop sign,01 - Functioning,2,0,0,0,,0,,,,,369697.0582,5034149.183,45.44426098,-75.67040378,3953
16--13369,2016/12/17,11:31 AM,HIGHWAY 417 btwn RAMP & HWY417 IC88 RAMP51 (__3ZA2W2),__3ZA2W2,01 - Non intersection,03 - P.D. only,07 - SMV other,03 - Snow,01 - Daylight,03 - Loose snow,10 - No control,,1,0,0,0,,0,,,,,392352.8891,5022872.691,45.34033728,-75.38283746,3954
16--1337,2016/01/29,4:45 PM,ELLIOT AVE btwn MARLOWE CRES & BULLOCK AVE (__3ZA92E),__3ZA92E,01 - Non intersection,03 - P.D. only,06 - SMV unattended vehicle,03 - Snow,05 - Dusk,03 - Loose snow,10 - No control,,1,0,0,0,,0,,,,,369568.0651,5029559.711,45.40297864,-75.67265599,3955
16--13370,2016/12/17,11:35 AM,HIGHWAY 417 btwn HWY417 IC122 RAMP15 & HWY417 IC121B RAMP51 (__3ZA2RB),__3ZA2RB,01 - Non intersection,03 - P.D. only,07 - SMV other,03 - Snow,01 - Daylight,03 - Loose snow,10 - No control,,1,0,0,0,,0,,,,,366055.5377,5029312.2,45.40106777,-75.71755125,3956
16--13371,2016/12/17,11:41 AM,BANK ST @ SUNNYSIDE AVE (0007219),7219,02 - Intersection related,03 - P.D. only,03 - Rear end,01 - Clear,01 - Daylight,03 - Loose snow,01 - Traffic signal,01 - Functioning,2,0,0,0,,0,,,,,368735.5369,5028580.307,45.3942428,-75.68341652,3957
16--13372,2016/12/17,11:42 AM,REGIONAL ROAD 174 btwn OR174 IC102 RAMP61 & OR174 IC101 RAMP36 (__3ZA1SY),__3ZA1SY,01 - Non intersection,03 - P.D. only,04 - Sideswipe,01 - Clear,01 - Daylight,03 - Loose snow,10 - No control,,2,0,0,0,,0,,,,,382201.6309,5038608.668,45.48311092,-75.50987442,3958
16--13373,2016/12/17,11:42 AM,THAD JOHNSON PRIV @ ALERT RD (0008732),8732,03 - At intersection,03 - P.D. only,02 - Angle,01 - Clear,01 - Daylight,03 - Loose snow,02 - Stop sign,01 - Functioning,2,0,0,0,,0,,,,,371425.5612,5021220.903,45.3277746,-75.65005541,3959
16--13374,2016/12/17,11:46 AM,KANATA AVE @ EARL GREY DR (0012608),12608,02 - Intersection related,03 - P.D. only,03 - Rear end,03 - Snow,01 - Daylight,06 - Ice,01 - Traffic signal,00 - Unknown,2,0,0,0,,0,,,,,350953.4105,5019284.242,45.31199289,-75.91138289,3960
16--13375,2016/12/17,11:53 PM,HUNT CLUB RD @ PAUL ANKA DR (0008224),8224,03 - At intersection,03 - P.D. only,05 - Turning movement,03 - Snow,07 - Dark,04 - Slush,01 - Traffic signal,01 - Functioning,2,0,0,0,,0,,,,,369777.0666,5022897.71,45.34301664,-75.67086291,3961
16--13376,2016/12/17,Unknown,CARPENTER WAY btwn BANGS ST & TRURO ST (__3ZA2K0),__3ZA2K0,01 - Non intersection,03 - P.D. only,06 - SMV unattended vehicle,01 - Clear,00 - Unknown,01 - Dry,10 - No control,,1,0,0,0,,0,,,,,371576.886,5034465.443,45.44692949,-75.64633317,3962
16--13377,2016/12/17,Unknown,BAYCREST DR btwn HERON RD & CEDARWOOD DR (__3ZA861),__3ZA861,01 - Non intersection,03 - P.D. only,06 - SMV unattended vehicle,04 - Freezing Rain,00 - Unknown,03 - Loose snow,10 - No control,,1,0,0,0,,0,,,,,371191.446,5026856.802,45.37850681,-75.65228491,3963
16--13378,2016/12/17,Unknown,ESSON ST btwn CHRIS LUND PRIV & HUNT CLUB RD (__3ZA46P),__3ZA46P,01 - Non intersection,03 - P.D. only,06 - SMV unattended vehicle,03 - Snow,00 - Unknown,05 - Packed snow,10 - No control,,1,0,0,0,,0,,,,,374610.5081,5025957.56,45.37008351,-75.60876112,3964
16--13379,2016/12/17,12:19 AM,RICHMOND RD @ HOLLY ACRES RD/NANAIMO DR (0001068),1068,02 - Intersection related,03 - P.D. only,03 - Rear end,04 - Freezing Rain,07 - Dark,06 - Ice,01 - Traffic signal,01 - Functioning,2,0,0,0,,0,,,,,359059.4998,5022748.91,45.34258861,-75.80762926,3965
16--1338,2016/01/29,4:47 PM,GOLDEN AVE @ RICHMOND RD (0006932),6932,03 - At intersection,02 - Non-fatal injury,03 - Rear end,01 - Clear,05 - Dusk,02 - Wet,01 - Traffic signal,01 - Functioning,2,0,0,0,01 - Minimal,1,1,,,,362862.7031,5028026.653,45.3897727,-75.75848275,3966
16--13380,2016/12/17,12:20 PM,ALBERT ST @ BOOTH ST (0002162),2162,03 - At intersection,03 - P.D. only,02 - Angle,03 - Snow,01 - Daylight,03 - Loose snow,01 - Traffic signal,01 - Functioning,2,0,0,0,,0,,,,,366428.4737,5030626.347,45.41285938,-75.71262373,3967
16--13381,2016/12/17,12:25 PM,HIGHWAY 417 btwn HWY417 IC118 RAMP35 & HWY417 IC117 RAMP51 (__3ZA2YP),__3ZA2YP,01 - Non intersection,03 - P.D. only,99 - Other,03 - Snow,01 - Daylight,03 - Loose snow,10 - No control,,2,0,0,0,,0,,,,,370222.9816,5031104.294,45.4168153,-75.66408602,3968
16--13382,2016/12/17,12:45 PM,LANCASTER RD @ WALKLEY RD (0003130),3130,03 - At intersection,03 - P.D. only,05 - Turning movement,03 - Snow,01 - Daylight,03 - Loose snow,01 - Traffic signal,01 - Functioning,2,0,0,0,,0,,,,,374908.521,5028603.2,45.39385796,-75.60458128,3969
16--13383,2016/12/17,12:50 PM,GOULBOURN FORCED RD btwn INNOVATION DR & KANATA ROCKERIES PRIV (__8JUUXR),__8JUUXR,01 - Non intersection,03 - P.D. only,07 - SMV other,03 - Snow,01 - Daylight,04 - Slush,10 - No control,,1,0,0,0,,0,,,,,349349.99,5022518.267,45.34119706,-75.93154007,3970
16--13384,2016/12/17,2:02 PM,DES EPINETTES AVE @ ST. GEORGES ST (0004983),4983,02 - Intersection related,03 - P.D. only,07 - SMV other,03 - Snow,01 - Daylight,04 - Slush,02 - Stop sign,01 - Functioning,1,0,0,0,,0,,,,,382903.9235,5036403.332,45.46319105,-75.5012426,3971
16--13385,2016/12/17,2:15 PM,EXPLORER LANE N @ VOYAGEUR DR N (0003786),3786,02 - Intersection related,03 - P.D. only,02 - Angle,03 - Snow,01 - Daylight,03 - Loose snow,10 - No control,00 - Unknown,2,0,0,0,,0,,,,,378434.5621,5037818.661,45.47641054,-75.55817467,3972
16--13386,2016/12/17,2:17 PM,EAGLESON RD @ MICHAEL COWPLAND DR/STONEHAVEN D (0003544),3544,03 - At intersection,03 - P.D. only,05 - Turning movement,01 - Clear,01 - Daylight,04 - Slush,01 - Traffic signal,01 - Functioning,2,0,0,0,,0,,,,,354381.3477,5016623.049,45.28781328,-75.86793343,3973
16--13387,2016/12/17,2:21 PM,CYR AVE @ MCARTHUR AVE (0009813),9813,02 - Intersection related,03 - P.D. only,04 - Sideswipe,03 - Snow,01 - Daylight,04 - Slush,02 - Stop sign,01 - Functioning,2,0,0,0,,0,,,,,370353.9476,5032709.032,45.43124182,-75.66219928,3974
16--13388,2016/12/17,2:23 AM,REGIONAL ROAD 174 btwn TRANSIT & OR174 IC109 RAMP56 (__3ZAZ6U),__3ZAZ6U,01 - Non intersection,03 - P.D. only,07 - SMV other,03 - Snow,07 - Dark,03 - Loose snow,10 - No control,,1,0,0,0,,0,,,,,376286.358,5034614.379,45.44780373,-75.58611372,3975
16--13389,2016/12/17,2:26 AM,STAGECOACH RD @ EMPIRE GROVE ST/STANMORE ST (0010377),10377,03 - At intersection,02 - Non-fatal injury,02 - Angle,03 - Snow,07 - Dark,03 - Loose snow,02 - Stop sign,01 - Functioning,2,0,0,0,01 - Minimal,3,3,,,,376436.7498,5012151.999,45.24568239,-75.58744476,3976
16--1339,2016/01/29,4:49 PM,MERIVALE RD @ WOODFIELD DR/ROYDON PL (0009776),9776,02 - Intersection related,03 - P.D. only,03 - Rear end,01 - Clear,05 - Dusk,04 - Slush,01 - Traffic signal,01 - Functioning,2,0,0,0,,0,,,,,365462.622,5022298.762,45.33801376,-75.72598541,3977
16--13390,2016/12/17,2:29 PM,BRONSON AVE @ SUNNYSIDE AVE/UNIVERSITY RD - CA (0007209),7209,02 - Intersection related,03 - P.D. only,02 - Angle,03 - Snow,01 - Daylight,05 - Packed snow,01 - Traffic signal,01 - Functioning,2,0,0,0,,0,,,,,367921.6124,5028091.328,45.38991695,-75.69387346,3978
16--13391,2016/12/17,3:03 PM,MONTREAL RD @ VANIER PKWY (0004630),4630,02 - Intersection related,03 - P.D. only,03 - Rear end,03 - Snow,01 - Daylight,04 - Slush,01 - Traffic signal,01 - Functioning,2,0,0,0,,0,,,,,370072.7098,5033066.006,45.43448003,-75.66574588,3979
16--13392,2016/12/17,3:20 AM,HIGHWAY 417 btwn HWY417 IC122 RAMP15 & HWY417 IC121B RAMP51 (__3ZA2RB),__3ZA2RB,01 - Non intersection,03 - P.D. only,07 - SMV other,03 - Snow,07 - Dark,03 - Loose snow,10 - No control,,1,0,0,0,,0,,,,,365820.4663,5029192.766,45.40001366,-75.72056844,3980
16--13393,2016/12/17,3:28 AM,CHARLOTTE ST btwn WILBROD ST & LAURIER AVE E (__3ZA3U2),__3ZA3U2,01 - Non intersection,03 - P.D. only,07 - SMV other,02 - Rain,07 - Dark,04 - Slush,10 - No control,,1,0,0,0,,0,,,,,369470.8843,5032498.938,45.4294337,-75.67351152,3981
16--13394,2016/12/17,3:30 PM,WILLOWDUSK ST btwn MEADOWBREEZE DR & SUMMITVIEW DR (e___2HR6),e___2HR6,01 - Non intersection,03 - P.D. only,06 - SMV unattended vehicle,01 - Clear,01 - Daylight,01 - Dry,10 - No control,,1,0,0,0,,0,,,,,356561.901,5015527.582,45.27779886,-75.84025165,3982
16--13395,2016/12/17,4:03 PM,BLAIR RD btwn MONTREAL RD & SEGUIN ST (__3ZA2E2),__3ZA2E2,01 - Non intersection,03 - P.D. only,07 - SMV other,03 - Snow,05 - Dusk,03 - Loose snow,10 - No control,,1,0,0,0,,0,,,,,374051.1902,5034358.011,45.44572211,-75.61472085,3983
16--13396,2016/12/17,4:08 PM,PARKDALE AVE @ HWY 417 PARKDAL IC122R15/HWY 41 (0002363),2363,02 - Intersection related,03 - P.D. only,03 - Rear end,03 - Snow,05 - Dusk,04 - Slush,01 - Traffic signal,01 - Functioning,2,0,0,0,,0,,,,,365336.6982,5028844.312,45.39692034,-75.72678994,3984
16--13397,2016/12/17,4:27 PM,MCCORDICK RD btwn CARSONBY RD W & POLLOCK RD (__3ZABAV),__3ZABAV,01 - Non intersection,03 - P.D. only,07 - SMV other,03 - Snow,05 - Dusk,04 - Slush,10 - No control,,1,0,0,0,,0,,,,,361931.5753,5001426.388,45.15049821,-75.77343356,3985
16--13398,2016/12/17,4:35 PM,LEES AVE @ KING EDWARD AVE/MANN AVE (0011413),11413,02 - Intersection related,03 - P.D. only,03 - Rear end,03 - Snow,05 - Dusk,04 - Slush,01 - Traffic signal,01 - Functioning,2,0,0,0,,0,,,,,369178.7989,5031334.983,45.41898781,-75.67739608,3986
16--13399,2016/12/17,4:43 PM,CARLING AVE @ FAIRLAWN AVE/WOODROFFE AVE E (0002393),2393,03 - At intersection,03 - P.D. only,05 - Turning movement,03 - Snow,05 - Dusk,04 - Slush,01 - Traffic signal,01 - Functioning,2,0,0,0,,0,,,,,361934.6841,5025830.528,45.37008852,-75.77058762,3987
16--134,2016/01/05,10:30 AM,HOPE SIDE RD @ RICHMOND RD (0000581),581,02 - Intersection related,03 - P.D. only,07 - SMV other,01 - Clear,01 - Daylight,06 - Ice,02 - Stop sign,01 - Functioning,1,0,0,0,,0,,,,,356962.5192,5015479.549,45.27733704,-75.83515083,3988
16--1340,2016/01/29,5:18 PM,BANK ST @ WALKLEY RD (0011423),11423,02 - Intersection related,03 - P.D. only,03 - Rear end,01 - Clear,05 - Dusk,02 - Wet,01 - Traffic signal,01 - Functioning,2,0,0,0,,0,,,,,370338.5106,5025947.076,45.37040169,-75.66329511,3989
16--13400,2016/12/17,4:50 PM,PINARD WAY btwn MARCHANT DR & LICHEN AVE (__3ZAZS3),__3ZAZS3,01 - Non intersection,03 - P.D. only,06 - SMV unattended vehicle,01 - Clear,05 - Dusk,03 - Loose snow,10 - No control,,1,0,0,0,,0,,,,,385260.8792,5036664.282,45.46527134,-75.47106503,3990
16--13401,2016/12/17,5:07 PM,ATHLONE AVE btwn RICHMOND RD & BYRON AVE (__3ZA0JU),__3ZA0JU,01 - Non intersection,03 - P.D. only,04 - Sideswipe,03 - Snow,07 - Dark,03 - Loose snow,10 - No control,,2,0,0,0,,0,,,,,363470.2527,5028398.906,45.39307154,-75.75068016,3991
16--13402,2016/12/17,5:27 PM,HERON RD btwn ALTA VISTA DR & FINN CRT (__5RFC5O),__5RFC5O,01 - Non intersection,03 - P.D. only,04 - Sideswipe,03 - Snow,07 - Dark,04 - Slush,10 - No control,,2,0,0,0,,0,,,,,370781.8975,5026937.95,45.37927564,-75.6575028,3992
16--13403,2016/12/17,5:34 PM,MEADOWLANDS DR @ MERIVALE RD (0000625),625,03 - At intersection,03 - P.D. only,05 - Turning movement,01 - Clear,07 - Dark,02 - Wet,01 - Traffic signal,01 - Functioning,2,0,0,0,,0,,,,,364858.4804,5023724.852,45.35089751,-75.73352001,3993
16--13404,2016/12/17,6:16 AM,BANK ST btwn LYNCH ST & CONROY RD (__3ZA28F),__3ZA28F,01 - Non intersection,02 - Non-fatal injury,01 - Approaching,03 - Snow,07 - Dark,03 - Loose snow,10 - No control,,3,0,0,0,03 - Major,1,,,1,,375003.5581,5022271.026,45.33687442,-75.6042673,3994
16--13405,2016/12/17,6:18 AM,MCCORDICK RD @ ROGER STEVENS DR (0003719),3719,03 - At intersection,03 - P.D. only,02 - Angle,03 - Snow,07 - Dark,03 - Loose snow,02 - Stop sign,01 - Functioning,2,0,0,0,,0,,,,,364678.6832,4998319.621,45.12231526,-75.73887245,3995
16--13406,2016/12/17,6:30 PM,HIGHWAY 417 btwn HWY417 IC117 RAMP61 & HWY417 IC115 RAMP36 (__3ZA2RZ),__3ZA2RZ,01 - Non intersection,02 - Non-fatal injury,04 - Sideswipe,03 - Snow,07 - Dark,03 - Loose snow,10 - No control,,2,0,0,0,02 - Minor,1,,1,,,371569.1843,5031423.912,45.41956392,-75.64684408,3996