Anom_ID,Accident_Date,Accident_Time,Location,Geo_ID,Accident_Location,Classification_of_Accident,Initial_Impact_Type,Environment_Condition,Light,Road_Surface_Condition,Traffic_Control,Traffic_Control_Condition,No__of_Vehicles,No__of_Bicycles,No__of_Motorcycles,No__of_Pedestrians,Max_Injury,No__of_Injuries,No__of_Minimal,No__of_Minor,No__of_Major,No__of_Fatal,X,Y,Latitude,Longitude,ObjectId
16--13407,2016/12/17,6:34 AM,HIGHWAY 417 btwn Continuation of HIGHWAY 417 & HWY417 IC134 RAMP51 (__3ZA29B),__3ZA29B,01 - Non intersection,03 - P.D. only,07 - SMV other,03 - Snow,07 - Dark,03 - Loose snow,10 - No control,,1,0,0,0,,0,,,,,355802.4746,5021867.814,45.33490478,-75.84927811,3997
16--13408,2016/12/17,6:55 AM,HIGHWAY 417 btwn HWY417 IC121A RAMP16 & HWY417 IC121A RAMP61 (__3ZA2YY),__3ZA2YY,01 - Non intersection,03 - P.D. only,99 - Other,03 - Snow,07 - Dark,03 - Loose snow,10 - No control,,2,0,0,0,,0,,,,,367316.1059,5029787.127,45.40522959,-75.70139071,3998
16--13409,2016/12/17,7:00 AM,HIGHWAY 417 btwn HWY417 IC118 RAMP57 & HWY417 IC118 RAMP35 (__3ZA2YQ),__3ZA2YQ,01 - Non intersection,03 - P.D. only,07 - SMV other,03 - Snow,03 - Dawn,03 - Loose snow,10 - No control,,1,0,0,0,,0,,,,,369403.1434,5031002.096,45.41597194,-75.67457345,3999
16--1341,2016/01/29,5:25 PM,EAGLESON RD @ 300 N OF MICHAEL COWPLAND/EAGLES (0012143),12143,03 - At intersection,03 - P.D. only,03 - Rear end,01 - Clear,05 - Dusk,01 - Dry,01 - Traffic signal,01 - Functioning,3,0,0,0,,0,,,,,354273.0559,5016902.607,45.29033643,-75.86928597,4000
16--13681,2016/12/22,8:12 AM,BASELINE RD @ NAVAHO DR (0003158),3158,02 - Intersection related,02 - Non-fatal injury,03 - Rear end,03 - Snow,01 - Daylight,03 - Loose snow,01 - Traffic signal,01 - Functioning,3,0,0,0,01 - Minimal,1,1,,,,363084.8625,5024097.092,45.35439654,-75.75610949,4001
16--13682,2016/12/22,8:15 AM,MOODIE DR btwn BARNSDALE RD & BROPHY DR (__3ZA4KM),__3ZA4KM,01 - Non intersection,02 - Non-fatal injury,01 - Approaching,03 - Snow,01 - Daylight,03 - Loose snow,10 - No control,,2,0,0,0,01 - Minimal,1,1,,,,362598.1209,5007238.296,45.2027407,-75.76428436,4002
16--13683,2016/12/22,8:24 AM,COLONEL BY DR btwn UNIVERSITY RD & COLONEL BY DR SB ON RAMP 43 (__3ZA213),__3ZA213,01 - Non intersection,02 - Non-fatal injury,01 - Approaching,03 - Snow,01 - Daylight,03 - Loose snow,10 - No control,,2,0,0,0,02 - Minor,1,,1,,,367362.1068,5027126.881,45.38128931,-75.70114045,4003
16--13684,2016/12/22,8:26 AM,BANK ST @ MITCH OWENS RD (0001640),1640,02 - Intersection related,03 - P.D. only,03 - Rear end,03 - Snow,01 - Daylight,04 - Slush,01 - Traffic signal,01 - Functioning,2,0,0,0,,0,,,,,377759.0753,5015947.456,45.27969667,-75.57004492,4004
16--13685,2016/12/22,8:27 AM,FALLOWFIELD RD @ WOODROFFE AVE (0010372),10372,03 - At intersection,03 - P.D. only,03 - Rear end,01 - Clear,01 - Daylight,03 - Loose snow,01 - Traffic signal,01 - Functioning,2,0,0,0,,0,,,,,365085.15,5017901.948,45.29848415,-75.73133638,4005
16--13686,2016/12/22,8:29 AM,FALLOWFIELD RD btwn LARKIN DR & BARRAN ST (__3ZA4Y9),__3ZA4Y9,01 - Non intersection,03 - P.D. only,01 - Approaching,03 - Snow,01 - Daylight,04 - Slush,10 - No control,,3,0,0,0,,0,,,,,361893.9229,5016015.3,45.2817746,-75.77223976,4006
16--13687,2016/12/22,8:36 AM,PRINCE OF WALES DR @ WEST HUNT CLUB RD (0000567),567,02 - Intersection related,03 - P.D. only,03 - Rear end,03 - Snow,01 - Daylight,04 - Slush,01 - Traffic signal,01 - Functioning,2,0,0,0,,0,,,,,367459.5385,5021891.917,45.33417754,-75.70056005,4007
16--13688,2016/12/22,8:48 AM,LEITRIM RD @ LIMEBANK RD (0012318),12318,03 - At intersection,02 - Non-fatal injury,02 - Angle,03 - Snow,01 - Daylight,04 - Slush,01 - Traffic signal,01 - Functioning,2,0,0,0,01 - Minimal,1,1,,,,369321.6299,5017960.093,45.29863104,-75.67731714,4008
16--13689,2016/12/22,9:00 AM,MAPLEHURST AVE @ CARLING AVE (0001097),1097,02 - Intersection related,03 - P.D. only,03 - Rear end,03 - Snow,01 - Daylight,04 - Slush,02 - Stop sign,00 - Unknown,2,0,0,0,,0,,,,,358934.6747,5023945.441,45.35336467,-75.80909098,4009
16--1369,2016/01/30,10:34 AM,KING EDWARD AVE @ ST. ANDREW ST (0011434),11434,02 - Intersection related,03 - P.D. only,03 - Rear end,02 - Rain,01 - Daylight,02 - Wet,01 - Traffic signal,01 - Functioning,3,0,0,0,,0,,,,,368160.922,5032968.361,45.4337773,-75.69019062,4010
16--13690,2016/12/22,9:00 AM,BASELINE RD @ CENTREPOINTE DR E/HIGHGATE RD (0011468),11468,02 - Intersection related,03 - P.D. only,07 - SMV other,03 - Snow,01 - Daylight,03 - Loose snow,01 - Traffic signal,01 - Functioning,1,0,0,0,,0,,,,,362060.0693,5023466.476,45.34880673,-75.76926089,4011
16--13691,2016/12/22,9:07 AM,GILMOUR ST btwn LYON ST N & KENT ST (__3ZBORF),__3ZBORF,04 - At/near private drive,03 - P.D. only,06 - SMV unattended vehicle,03 - Snow,01 - Daylight,04 - Slush,10 - No control,,1,0,0,0,,0,,,,,367597.4893,5030658.078,45.41304096,-75.6976856,4012
16--13692,2016/12/22,9:09 PM,MONTREAL RD @ SHEFFORD RD (0012423),12423,02 - Intersection related,03 - P.D. only,04 - Sideswipe,01 - Clear,07 - Dark,02 - Wet,01 - Traffic signal,01 - Functioning,2,0,0,0,,0,,,,,376125.7305,5034852.332,45.4499611,-75.58813243,4013
16--13693,2016/12/22,9:10 AM,DUNNING RD btwn WILHAVEN DR & INNES RD (__3ZA3MY),__3ZA3MY,01 - Non intersection,02 - Non-fatal injury,07 - SMV other,03 - Snow,01 - Daylight,04 - Slush,10 - No control,,1,0,0,0,02 - Minor,1,,1,,,391527.501,5039634.003,45.49123936,-75.39041761,4014
16--13694,2016/12/22,9:13 AM,RIVER RD btwn EDGEWATER DR & WOODEDEN DR (__3ZA3T6),__3ZA3T6,01 - Non intersection,03 - P.D. only,03 - Rear end,03 - Snow,01 - Daylight,03 - Loose snow,10 - No control,,2,0,0,0,,0,,,,,373378.2263,5005168.541,45.18315099,-75.62736317,4015
16--13695,2016/12/22,9:25 AM,FALLOWFIELD RD btwn MERIVALE RD & WOODROFFE AVE (__3ZA3IN),__3ZA3IN,01 - Non intersection,03 - P.D. only,07 - SMV other,03 - Snow,01 - Daylight,04 - Slush,10 - No control,,1,0,0,0,,0,,,,,366818.6696,5018827.369,45.3066601,-75.70911951,4016
16--13696,2016/12/22,9:33 AM,MARCH RD @ TERRY FOX DR (0003173),3173,02 - Intersection related,03 - P.D. only,04 - Sideswipe,03 - Snow,01 - Daylight,04 - Slush,01 - Traffic signal,00 - Unknown,3,0,0,0,,0,,,,,349864.6086,5023397.853,45.34907891,-75.92489371,4017
16--13697,2016/12/22,9:40 AM,HIGHWAY 416 btwn HWY416 IC75A RAMP26 & HWY416 IC72 RAMP62 (__3ZAZLF),__3ZAZLF,01 - Non intersection,03 - P.D. only,07 - SMV other,03 - Snow,01 - Daylight,02 - Wet,10 - No control,,1,0,0,0,,0,,,,,358949.3015,5021513.895,45.33148442,-75.80917047,4018
16--13698,2016/12/23,1:08 PM,MONTREAL RD @ ST. LAURENT BLVD (0002604),2604,02 - Intersection related,03 - P.D. only,04 - Sideswipe,01 - Clear,01 - Daylight,02 - Wet,01 - Traffic signal,01 - Functioning,2,0,0,0,,0,,,,,371544.0466,5033815.524,45.44108496,-75.64684109,4019
16--13699,2016/12/23,1:15 AM,AIRPORT PKWY btwn AIRPORT PKWY/WALKLEY RD SOUTHBOUND ON RAMP           (__3ZA1KS),__3ZA1KS,01 - Non intersection,03 - P.D. only,03 - Rear end,01 - Clear,07 - Dark,02 - Wet,10 - No control,,2,0,0,0,,0,,,,,370170.0927,5025374.437,45.365265,-75.66552078,4020
16--137,2016/01/05,10:55 AM,CARLING AVE WB btwn ANCASTER AVE & WOODROFFE AVE (__3ZA4VG),__3ZA4VG,01 - Non intersection,03 - P.D. only,04 - Sideswipe,01 - Clear,01 - Daylight,02 - Wet,10 - No control,,3,0,0,0,,0,,,,,361826.2202,5025779.172,45.36963526,-75.77197815,4021
16--1370,2016/01/30,10:50 PM,PARENT AVE btwn MURRAY ST & CLARENCE ST (__3ZA82Q),__3ZA82Q,01 - Non intersection,03 - P.D. only,04 - Sideswipe,01 - Clear,07 - Dark,01 - Dry,10 - No control,,2,0,0,0,,0,,,,,367873.7983,5032470.506,45.42932373,-75.69392373,4022
16--13700,2016/12/23,1:15 PM,HIGHWAY 417 btwn HWY417 IC115 RAMP61 & REGIONAL ROAD 174 (__3ZA2XG),__3ZA2XG,01 - Non intersection,03 - P.D. only,04 - Sideswipe,01 - Clear,01 - Daylight,01 - Dry,10 - No control,,2,0,0,0,,0,,,,,373194.4966,5031700.586,45.4218963,-75.62604034,4023
16--13701,2016/12/23,1:49 PM,BASELINE RD @ COLLEGE SQUARE SC (0008826),8826,03 - At intersection,02 - Non-fatal injury,07 - SMV other,01 - Clear,01 - Daylight,02 - Wet,01 - Traffic signal,00 - Unknown,1,0,0,1,01 - Minimal,1,1,,,,362760.8082,5023896.77,45.35262092,-75.76026854,4024
16--13702,2016/12/23,10:05 PM,STITTSVILLE MAIN ST @ PORTER ST (0000077),77,02 - Intersection related,03 - P.D. only,03 - Rear end,01 - Clear,07 - Dark,02 - Wet,02 - Stop sign,00 - Unknown,2,0,0,0,,0,,,,,350946.4202,5012293.649,45.24908985,-75.91212202,4025
16--13703,2016/12/23,10:30 PM,RAMSAYVILLE RD btwn RIDGE RD & RUSSELL RD (__3ZA2B5),__3ZA2B5,01 - Non intersection,03 - P.D. only,07 - SMV other,01 - Clear,07 - Dark,02 - Wet,10 - No control,,1,0,0,0,,0,,,,,376723.7154,5028772.103,45.39519357,-75.58137614,4026
16--13704,2016/12/23,10:59 AM,HALTON TERR/MAXWELL BRIDGE RD @ MARCH RD (0011852),11852,03 - At intersection,03 - P.D. only,05 - Turning movement,01 - Clear,01 - Daylight,02 - Wet,01 - Traffic signal,01 - Functioning,2,0,0,0,,0,,,,,348933.596,5024424.022,45.35837182,-75.93668294,4027
16--13705,2016/12/23,11:52 AM,WEST HUNT CLUB RD @ ROYDON PL/SUNDERLAND ST (0009775),9775,02 - Intersection related,03 - P.D. only,03 - Rear end,01 - Clear,01 - Daylight,02 - Wet,01 - Traffic signal,00 - Unknown,2,0,0,0,,0,,,,,365975.5034,5022172.006,45.33682869,-75.71945766,4028
16--13706,2016/12/23,11:55 AM,"EGLISE, RUE DE L @ MONTREAL RD (0011441)",11441,02 - Intersection related,03 - P.D. only,04 - Sideswipe,01 - Clear,01 - Daylight,02 - Wet,01 - Traffic signal,01 - Functioning,2,0,0,0,,0,,,,,371158.5384,5033632.345,45.4394735,-75.65179302,4029
16--13707,2016/12/23,11:55 AM,INNES RD @ VISENEAU DR (0012442),12442,02 - Intersection related,03 - P.D. only,03 - Rear end,01 - Clear,01 - Daylight,02 - Wet,01 - Traffic signal,01 - Functioning,3,0,0,0,,0,,,,,381797.0948,5035073.142,45.45134598,-75.51560238,4030
16--13708,2016/12/23,Unknown,CITIPLACE DR btwn COLONNADE RD N & Continuation of CITIPLACE DR (__5Z1V0T),__5Z1V0T,01 - Non intersection,03 - P.D. only,06 - SMV unattended vehicle,02 - Rain,00 - Unknown,02 - Wet,10 - No control,,1,0,0,0,,0,,,,,366881.3698,5023348.716,45.34733695,-75.70775309,4031
16--13709,2016/12/23,Unknown,DON ST btwn POULIN AVE & REGINA ST (__3ZABXA),__3ZABXA,01 - Non intersection,03 - P.D. only,06 - SMV unattended vehicle,01 - Clear,00 - Unknown,02 - Wet,10 - No control,,1,0,0,0,,0,,,,,360312.1704,5025320.82,45.36563259,-75.79135717,4032
16--1371,2016/01/30,11:21 PM,CATHERINE ST @ ELGIN ST (0002638),2638,03 - At intersection,02 - Non-fatal injury,05 - Turning movement,01 - Clear,07 - Dark,02 - Wet,01 - Traffic signal,01 - Functioning,2,0,0,0,01 - Minimal,2,2,,,,368552.4901,5030577.352,45.41222826,-75.68549597,4033
16--13710,2016/12/23,Unknown,DANAHER DR btwn HOULAHAN ST & TARTAN DR (__3ZA571),__3ZA571,01 - Non intersection,03 - P.D. only,06 - SMV unattended vehicle,03 - Snow,00 - Unknown,05 - Packed snow,10 - No control,,1,0,0,0,,0,,,,,362347.8406,5013901.503,45.26271752,-75.76669926,4034
16--13711,2016/12/23,12:00 PM,HIGHWAY 417 btwn HWY417 IC121B RAMP16 & HWY417 IC121A RAMP16 (__3ZA2YX),__3ZA2YX,01 - Non intersection,03 - P.D. only,03 - Rear end,01 - Clear,01 - Daylight,02 - Wet,10 - No control,,2,0,0,0,,0,,,,,366896.1307,5029623.708,45.40379658,-75.70677572,4035
16--13712,2016/12/23,12:08 AM,WEST HUNT CLUB RD btwn MOODIE DR & HWY416 IC72 RAMP53 (__3ZA4YJ),__3ZA4YJ,01 - Non intersection,03 - P.D. only,07 - SMV other,01 - Clear,07 - Dark,02 - Wet,10 - No control,,1,0,0,0,,0,,,,,358338.8827,5018749.867,45.30666031,-75.81725632,4036
16--13713,2016/12/23,12:23 PM,INNES RD @ 260 E OF BELCOURT BLVD/WALMART SC (0012533),12533,02 - Intersection related,02 - Non-fatal injury,03 - Rear end,01 - Clear,01 - Daylight,03 - Loose snow,01 - Traffic signal,00 - Unknown,3,0,0,0,01 - Minimal,3,3,,,,382345.4823,5035398.794,45.45421529,-75.50854103,4037
16--13714,2016/12/23,12:28 PM,MACDONALD-CARTIER BR RAMP SB-2 btwn BOTELER ST & MACDONALD-CARTIER BR (__3ZAYB8),__3ZAYB8,01 - Non intersection,03 - P.D. only,04 - Sideswipe,01 - Clear,01 - Daylight,03 - Loose snow,10 - No control,,2,0,0,0,,0,,,,,367648.3054,5033127.337,45.43525397,-75.69672138,4038
16--13715,2016/12/23,12:40 PM,RIVERSIDE DR @ BROOKFIELD RD/HOG'S BACK RD (0001627),1627,02 - Intersection related,03 - P.D. only,04 - Sideswipe,01 - Clear,01 - Daylight,01 - Dry,01 - Traffic signal,01 - Functioning,2,0,0,0,,0,,,,,368167.711,5026222.107,45.37307599,-75.69097077,4039
16--13716,2016/12/23,12:42 PM,ADELINE ST btwn NORFOLK AVE & ROCHESTER ST (__3ZA038),__3ZA038,01 - Non intersection,03 - P.D. only,06 - SMV unattended vehicle,03 - Snow,01 - Daylight,03 - Loose snow,10 - No control,,1,0,0,0,,0,,,,,366928.3443,5029119.038,45.39925283,-75.70642784,4040
16--13717,2016/12/23,2:00 PM,HIGHWAY 416 btwn HWY416 IC66 RAMP53 & HWY416 IC57 RAMP34 (__3ZAZLC),__3ZAZLC,01 - Non intersection,03 - P.D. only,07 - SMV other,01 - Clear,01 - Daylight,01 - Dry,10 - No control,,1,0,0,0,,0,,,,,361111.9041,5012527.357,45.25045282,-75.78260259,4041
16--13718,2016/12/23,2:08 PM,STRANDHERD DR @ ANDORA AVE (0010895),10895,02 - Intersection related,03 - P.D. only,03 - Rear end,01 - Clear,01 - Daylight,02 - Wet,01 - Traffic signal,00 - Unknown,3,0,0,0,,0,,,,,363229.4581,5014306.16,45.26628597,-75.75541864,4042
16--13719,2016/12/23,2:09 PM,GREENBANK RD @ MARKETPLACE AVE (0010406),10406,03 - At intersection,03 - P.D. only,02 - Angle,01 - Clear,01 - Daylight,02 - Wet,01 - Traffic signal,01 - Functioning,2,0,0,0,,0,,,,,364006.6996,5014600.947,45.26887347,-75.74547977,4043
16--1372,2016/01/30,11:37 PM,LAURIER AVE   E btwn HENDERSON AVE & NELSON ST (__3ZA3VQ),__3ZA3VQ,01 - Non intersection,03 - P.D. only,06 - SMV unattended vehicle,01 - Clear,07 - Dark,01 - Dry,10 - No control,,1,0,0,0,,0,,,,,368823.9363,5032086.228,45.42577981,-75.68183226,4044
16--13720,2016/12/23,2:35 PM,AVE. VINCENT MASSEY AVE @ NAUGHTON ST (0007662),7662,02 - Intersection related,03 - P.D. only,03 - Rear end,01 - Clear,01 - Daylight,01 - Dry,10 - No control,00 - Unknown,2,0,0,0,,0,,,,,371317.4897,5032213.044,45.42668816,-75.64995325,4045
16--13721,2016/12/23,2:43 AM,CARLING AVE @ RICHMOND RD (0010847),10847,02 - Intersection related,03 - P.D. only,07 - SMV other,01 - Clear,07 - Dark,02 - Wet,01 - Traffic signal,01 - Functioning,1,0,0,0,,0,,,,,360244.8508,5024783.583,45.36080388,-75.79227675,4046
16--13722,2016/12/23,2:46 PM,CARLING AVE @ PARKDALE AVE (0008792),8792,02 - Intersection related,03 - P.D. only,03 - Rear end,01 - Clear,01 - Daylight,02 - Wet,01 - Traffic signal,00 - Unknown,2,0,0,0,,0,,,,,365628.4645,5028173.284,45.3908573,-75.7231464,4047
16--13723,2016/12/23,2:50 PM,MONTREAL RD @ OLMSTEAD ST (0009345),9345,03 - At intersection,03 - P.D. only,05 - Turning movement,01 - Clear,01 - Daylight,02 - Wet,01 - Traffic signal,01 - Functioning,2,0,0,0,,0,,,,,370333.2394,5033213.524,45.43578297,-75.66239676,4048
16--13724,2016/12/23,2:52 AM,HOLLAND AVE @ TYNDALL ST (0006087),6087,02 - Intersection related,03 - P.D. only,03 - Rear end,03 - Snow,07 - Dark,03 - Loose snow,01 - Traffic signal,01 - Functioning,2,0,0,0,,0,,,,,365031.4118,5028917.512,45.39760531,-75.73067994,4049
16--13725,2016/12/23,3:08 PM,NEIL WAY @ RIVERSIDE DR (0011903),11903,02 - Intersection related,03 - P.D. only,04 - Sideswipe,01 - Clear,01 - Daylight,02 - Wet,02 - Stop sign,01 - Functioning,2,0,0,0,,0,,,,,369465.9122,5028291.256,45.39157495,-75.67412703,4050
16--13726,2016/12/23,3:13 PM,NICHOLAS ST NB btwn LAURIER AVE E & WALLER ST (__5D2DO8),__5D2DO8,01 - Non intersection,03 - P.D. only,04 - Sideswipe,01 - Clear,01 - Daylight,01 - Dry,10 - No control,,2,0,0,0,,0,,,,,368405.107,5031785.433,45.42311157,-75.68722281,4051
16--13727,2016/12/23,3:16 PM,BAYSHORE DR btwn WOODRIDGE CRES S & BAYSHORE CS (__3ZAA4OB),__3ZAA4OB,04 - At/near private drive,03 - P.D. only,02 - Angle,01 - Clear,01 - Daylight,01 - Dry,10 - No control,,2,0,0,0,,0,,,,,359192.2611,5023573.688,45.3499997,-75.8058446,4052
16--13728,2016/12/23,3:36 PM,EVEREST PRIV @ RUSSELL RD (0014424),14424,03 - At intersection,03 - P.D. only,02 - Angle,01 - Clear,01 - Daylight,02 - Wet,02 - Stop sign,01 - Functioning,2,0,0,0,,0,,,,,372691.4938,5029716.211,45.4040908,-75.63274041,4053
16--13729,2016/12/23,4:50 AM,NATIONAL CAPITAL COMM DRWY btwn TUNIS AVE & ASH LANE (__3ZA23Q),__3ZA23Q,01 - Non intersection,03 - P.D. only,07 - SMV other,01 - Clear,07 - Dark,04 - Slush,10 - No control,,1,0,0,0,,0,,,,,365563.9828,5027534.835,45.38511827,-75.72404845,4054
16--1373,2016/01/30,11:45 AM,HOPE SIDE RD @ RICHMOND RD (0000581),581,02 - Intersection related,03 - P.D. only,03 - Rear end,01 - Clear,01 - Daylight,01 - Dry,02 - Stop sign,01 - Functioning,2,0,0,0,,0,,,,,356951.978,5015484.776,45.27738485,-75.83528463,4055
16--13730,2016/12/23,5:15 PM,HIGHWAY 417 btwn HWY417 IC169 RAMP51 & HWY417 IC169 RAMP35 (__6KCNER),__6KCNER,01 - Non intersection,03 - P.D. only,07 - SMV other,01 - Clear,07 - Dark,01 - Dry,10 - No control,,1,0,0,0,,0,,,,,325424.274,5024925.863,45.36397341,-76.23672777,4056
16--13731,2016/12/23,5:25 PM,IRVING AVE btwn WELLINGTON ST W & LAUREL ST (__3ZAAH8),__3ZAAH8,04 - At/near private drive,03 - P.D. only,06 - SMV unattended vehicle,01 - Clear,07 - Dark,02 - Wet,10 - No control,,1,0,0,0,,0,,,,,365705.2444,5029629.504,45.40395335,-75.72198612,4057
16--13732,2016/12/23,6:17 AM,JOHN QUINN RD btwn IVESON DR & COOPER HILL RD (__3ZA7H1),__3ZA7H1,01 - Non intersection,03 - P.D. only,07 - SMV other,01 - Clear,07 - Dark,01 - Dry,10 - No control,,1,0,0,0,,0,,,,,382132.1338,5014061.558,45.26226095,-75.51460654,4058
16--13733,2016/12/23,6:30 AM,ORANGEVILLE ST/HWY 417 ROCHEST IC121BR51 @ ROC (0006465),6465,03 - At intersection,03 - P.D. only,02 - Angle,01 - Clear,07 - Dark,02 - Wet,01 - Traffic signal,01 - Functioning,2,0,0,0,,0,,,,,366778.5325,5029522.802,45.40289907,-75.70829048,4059
16--13734,2016/12/23,6:36 PM,JOLIFFE ST btwn TAWNEY RD & TUPPER AVE (__3ZA74C),__3ZA74C,01 - Non intersection,03 - P.D. only,06 - SMV unattended vehicle,01 - Clear,07 - Dark,05 - Packed snow,10 - No control,,1,0,0,0,,0,,,,,374116.9662,5028559.349,45.39354221,-75.61469588,4060
16--13735,2016/12/23,6:39 AM,CATHERINE ST @ ELGIN ST (0002638),2638,03 - At intersection,03 - P.D. only,02 - Angle,01 - Clear,07 - Dark,04 - Slush,01 - Traffic signal,01 - Functioning,2,0,0,0,,0,,,,,368551.8814,5030578.814,45.41224147,-75.68550356,4061
16--13736,2016/12/23,7:30 PM,HIGHWAY 417 btwn HWY417 IC117 RAMP51 & HWY417 IC117 RAMP35 (__3ZA2YN),__3ZA2YN,01 - Non intersection,02 - Non-fatal injury,04 - Sideswipe,01 - Clear,07 - Dark,01 - Dry,10 - No control,,2,0,0,0,02 - Minor,1,,1,,,370679.3356,5031168.416,45.41734943,-75.65824721,4062
16--13737,2016/12/23,7:46 PM,BANK ST @ HERON RD (0002155),2155,02 - Intersection related,03 - P.D. only,03 - Rear end,01 - Clear,07 - Dark,02 - Wet,01 - Traffic signal,01 - Functioning,2,0,0,0,,0,,,,,369994.2999,5026851.306,45.37856977,-75.66756969,4063
16--13738,2016/12/23,7:50 PM,HIGHWAY 417 btwn HWY417 IC119A RAMP75 & HWY417 IC118 RAMP57 (__3ZA2R2),__3ZA2R2,01 - Non intersection,03 - P.D. only,03 - Rear end,01 - Clear,07 - Dark,02 - Wet,10 - No control,,2,0,0,0,,0,,,,,368956.201,5030702.871,45.41332074,-75.68032234,4064
16--13739,2016/12/23,7:51 AM,VERMONT AVE btwn AVONMORE CRES & AVONMORE CRES (__3ZA1IS),__3ZA1IS,01 - Non intersection,03 - P.D. only,06 - SMV unattended vehicle,03 - Snow,03 - Dawn,06 - Ice,10 - No control,,1,0,0,0,,0,,,,,366729.4976,5016591.993,45.28655428,-75.71053572,4065
16--1374,2016/01/30,11:48 AM,BASELINE RD btwn CONSTELLATION CRES & WOODROFFE AVE (__3ZA34J),__3ZA34J,01 - Non intersection,03 - P.D. only,03 - Rear end,01 - Clear,01 - Daylight,01 - Dry,10 - No control,,2,0,0,0,,0,,,,,362487.5607,5023730.768,45.35114978,-75.76377497,4066
16--13740,2016/12/23,7:57 AM,CATHERINE ST @ METCALFE ST (0011239),11239,02 - Intersection related,03 - P.D. only,04 - Sideswipe,01 - Clear,01 - Daylight,02 - Wet,01 - Traffic signal,01 - Functioning,2,0,0,0,,0,,,,,368394.5349,5030486.149,45.41142202,-75.68752557,4067
16--13741,2016/12/23,8:00 PM,HIGHWAY 417 btwn Continuation of HIGHWAY 417 & HWY417 IC155 RAMP26 (__3ZA1M3),__3ZA1M3,01 - Non intersection,03 - P.D. only,07 - SMV other,01 - Clear,07 - Dark,01 - Dry,10 - No control,,1,0,0,0,,0,,,,,339512.0917,5019353.812,45.31327769,-76.05728968,4068
16--13742,2016/12/23,8:25 AM,BENLEA DR btwn BRYDON CRT & ANCROFT CRT (__3ZA0XY),__3ZA0XY,01 - Non intersection,03 - P.D. only,06 - SMV unattended vehicle,01 - Clear,01 - Daylight,04 - Slush,10 - No control,,1,0,0,0,,0,,,,,364460.7533,5021789.158,45.3335143,-75.73882888,4069
16--13743,2016/12/23,8:28 PM,HOLLAND AVE btwn ARMSTRONG ST & WELLINGTON ST W (__3ZA4QQ),__3ZA4QQ,01 - Non intersection,03 - P.D. only,06 - SMV unattended vehicle,01 - Clear,07 - Dark,01 - Dry,10 - No control,,1,0,0,0,,0,,,,,364878.1405,5029265.695,45.40075136,-75.73259505,4070
16--13744,2016/12/23,8:50 AM,MONTREAL RD @ SINCLAIR ST (0008675),8675,02 - Intersection related,03 - P.D. only,03 - Rear end,01 - Clear,01 - Daylight,02 - Wet,01 - Traffic signal,01 - Functioning,2,0,0,0,,0,,,,,375967.9038,5034757.009,45.44911953,-75.59016371,4071
16--13745,2016/12/23,9:12 AM,HALIFAX DR @ WALKLEY RD (0008803),8803,02 - Intersection related,02 - Non-fatal injury,03 - Rear end,01 - Clear,01 - Daylight,02 - Wet,01 - Traffic signal,01 - Functioning,2,0,0,0,01 - Minimal,1,1,,,,373643.737,5027900.402,45.38765999,-75.62083109,4072
16--13746,2016/12/23,9:21 AM,CUMMINGS AVE @ SHANE ST (0008778),8778,02 - Intersection related,03 - P.D. only,02 - Angle,01 - Clear,01 - Daylight,02 - Wet,02 - Stop sign,01 - Functioning,2,0,0,0,,0,,,,,372439.7189,5032949.895,45.43321037,-75.63551236,4073
16--13747,2016/12/23,9:35 AM,LEGGET DR btwn TERRY FOX DR & SOLANDT RD (__3ZA48S),__3ZA48S,04 - At/near private drive,02 - Non-fatal injury,02 - Angle,01 - Clear,01 - Daylight,01 - Dry,10 - No control,,2,0,0,0,01 - Minimal,1,1,,,,350315.7482,5023203.085,45.34729721,-75.91915457,4074
16--13748,2016/12/23,9:38 PM,BREWER RD @ BRONSON AVE (0002240),2240,03 - At intersection,03 - P.D. only,03 - Rear end,03 - Snow,07 - Dark,02 - Wet,01 - Traffic signal,01 - Functioning,2,0,0,0,,0,,,,,368109.8753,5027766.85,45.3869804,-75.69151102,4075
16--13749,2016/12/24,1:14 PM,RIVERSIDE DR @ HERON RD (0002236),2236,02 - Intersection related,03 - P.D. only,03 - Rear end,02 - Rain,01 - Daylight,02 - Wet,01 - Traffic signal,01 - Functioning,2,0,0,0,,0,,,,,368121.1049,5026646.807,45.37690155,-75.69151128,4076
16--1375,2016/01/30,12:12 PM,DALHOUSIE ST @ YORK ST (0008500),8500,02 - Intersection related,03 - P.D. only,04 - Sideswipe,01 - Clear,01 - Daylight,02 - Wet,01 - Traffic signal,01 - Functioning,2,0,0,0,,0,,,,,368093.4831,5032419.366,45.42884375,-75.69112303,4077
16--13750,2016/12/24,10:00 AM,HIGHWAY 417 btwn HIGHWAY 417 & HIGHWAY 417 (2) (__3ZA2UZ),__3ZA2UZ,01 - Non intersection,03 - P.D. only,07 - SMV other,03 - Snow,01 - Daylight,03 - Loose snow,10 - No control,,1,0,0,0,,0,,,,,375380.0194,5030297.891,45.40905854,-75.59831757,4078
16--13751,2016/12/24,10:15 AM,DALHOUSIE ST @ ST. PATRICK ST (0008242),8242,03 - At intersection,03 - P.D. only,02 - Angle,03 - Snow,01 - Daylight,03 - Loose snow,01 - Traffic signal,01 - Functioning,2,0,0,0,,0,,,,,367956.8724,5032640.995,45.43085024,-75.69284029,4079