Anom_ID,Accident_Date,Accident_Time,Location,Geo_ID,Accident_Location,Classification_of_Accident,Initial_Impact_Type,Environment_Condition,Light,Road_Surface_Condition,Traffic_Control,Traffic_Control_Condition,No__of_Vehicles,No__of_Bicycles,No__of_Motorcycles,No__of_Pedestrians,Max_Injury,No__of_Injuries,No__of_Minimal,No__of_Minor,No__of_Major,No__of_Fatal,X,Y,Latitude,Longitude,ObjectId
16--13752,2016/12/24,10:31 AM,UPPER DWYER HILL RD btwn MARCH RD & OLD ALMONTE RD (__3ZA4QB),__3ZA4QB,01 - Non intersection,03 - P.D. only,07 - SMV other,01 - Clear,01 - Daylight,01 - Dry,10 - No control,,1,0,0,0,,0,,,,,334129.475,5014243.881,45.26754104,-76.12623891,4080
16--13753,2016/12/24,10:59 AM,CEDARVIEW RD @ WEST HUNT CLUB RD (0010267),10267,03 - At intersection,03 - P.D. only,05 - Turning movement,01 - Clear,01 - Daylight,02 - Wet,01 - Traffic signal,01 - Functioning,2,0,0,0,,0,,,,,359720.3337,5019554.064,45.31378986,-75.79955183,4081
16--13754,2016/12/24,12:02 PM,JEANNE D'ARC BLVD @ ORLEANS BLVD N (0003792),3792,03 - At intersection,02 - Non-fatal injury,02 - Angle,01 - Clear,01 - Daylight,02 - Wet,01 - Traffic signal,01 - Functioning,2,0,0,0,01 - Minimal,3,3,,,,380028.8744,5038104.282,45.47881038,-75.53774169,4082
16--13755,2016/12/24,12:14 PM,MERIVALE RD @ ROSSLAND AVE (0001757),1757,02 - Intersection related,03 - P.D. only,03 - Rear end,01 - Clear,01 - Daylight,02 - Wet,02 - Stop sign,01 - Functioning,3,0,0,0,,0,,,,,364672.8688,5024151.928,45.35475615,-75.7358369,4083
16--13756,2016/12/24,12:18 PM,CALDWELL AVE btwn MEDFORD ST & MERIVALE RD (__3ZBOJ1),__3ZBOJ1,01 - Non intersection,03 - P.D. only,06 - SMV unattended vehicle,01 - Clear,01 - Daylight,02 - Wet,10 - No control,,1,0,0,0,,0,,,,,364707.3286,5026136.603,45.37261101,-75.73515651,4084
16--13757,2016/12/24,12:39 PM,GREENBANK RD @ LISA AVE (0002753),2753,03 - At intersection,02 - Non-fatal injury,05 - Turning movement,01 - Clear,01 - Daylight,02 - Wet,01 - Traffic signal,01 - Functioning,2,0,0,0,01 - Minimal,1,1,,,,360554.1845,5022893.496,45.34377239,-75.78854171,4085
16--13758,2016/12/24,12:47 PM,MARKETPLACE AVE @ RIOCAN AVE (0010995),10995,03 - At intersection,02 - Non-fatal injury,07 - SMV other,01 - Clear,01 - Daylight,02 - Wet,02 - Stop sign,01 - Functioning,1,0,0,1,02 - Minor,1,,1,,,364288.3711,5014762.821,45.27030624,-75.74187111,4086
16--13759,2016/12/24,3:27 PM,HWY 417 MARCH IC138R36 @ MARCH RD (0009709),9709,02 - Intersection related,03 - P.D. only,03 - Rear end,01 - Clear,01 - Daylight,02 - Wet,10 - No control,00 - Unknown,2,0,0,0,,0,,,,,352853.3302,5020453.125,45.32238331,-75.88704025,4087
16--1376,2016/01/30,12:23 AM,HIGHWAY 417 btwn HWY417 IC163 RAMP16 & HWY417 IC169 RAMP61 (__5SPO79),__5SPO79,01 - Non intersection,03 - P.D. only,07 - SMV other,01 - Clear,07 - Dark,01 - Dry,10 - No control,,1,0,0,0,,0,,,,,331312.6694,5021497.874,45.33292861,-76.16174638,4088
16--13760,2016/12/24,4:52 PM,HUNT CLUB RD @ CANADAIR PRIV (0010852),10852,02 - Intersection related,03 - P.D. only,02 - Angle,01 - Clear,05 - Dusk,02 - Wet,01 - Traffic signal,01 - Functioning,3,0,0,0,,0,,,,,368662.4851,5022312.328,45.33785186,-75.68515958,4089
16--13761,2016/12/24,5:45 AM,UPLANDS DR btwn RATAN CRT & ROYALTON PRIV (__3ZA1KZ),__3ZA1KZ,01 - Non intersection,03 - P.D. only,06 - SMV unattended vehicle,01 - Clear,07 - Dark,02 - Wet,10 - No control,,1,0,0,0,,0,,,,,369144.9428,5023559.904,45.34903316,-75.67884212,4090
16--13762,2016/12/24,7:03 AM,BOOTH ST btwn PROVINCIAL BOUNDARY & 208 N OF MIDDLE ST/E.B. EDDY N (__3ZBPMPA),__3ZBPMPA,07 - Overpass or bridge,03 - P.D. only,07 - SMV other,03 - Snow,07 - Dark,02 - Wet,10 - No control,,1,0,0,0,,0,,,,,365983.9463,5031527.639,45.42100796,-75.71819065,4091
16--13763,2016/12/24,7:21 AM,DUNROBIN RD btwn VANCES SIDE RD & PORCUPINE TR (__3ZA3H0),__3ZA3H0,01 - Non intersection,03 - P.D. only,03 - Rear end,03 - Snow,03 - Dawn,03 - Loose snow,10 - No control,,3,0,0,0,,0,,,,,341805.6659,5032023.336,45.42716517,-76.02708978,4092
16--13764,2016/12/24,7:31 AM,OR174 IC109 RAMP65 @ MONTREAL RD (0004119),4119,03 - At intersection,03 - P.D. only,04 - Sideswipe,03 - Snow,03 - Dawn,03 - Loose snow,01 - Traffic signal,01 - Functioning,2,0,0,0,,0,,,,,376399.0638,5034983.718,45.45111528,-75.58461931,4093
16--13765,2016/12/24,8:45 AM,HIGHWAY 417 btwn HWY417 IC121B RAMP51 & HWY417 IC121A RAMP51 (__3ZA2YW),__3ZA2YW,01 - Non intersection,03 - P.D. only,99 - Other,03 - Snow,01 - Daylight,04 - Slush,10 - No control,,2,0,0,0,,0,,,,,366741.0551,5029562.845,45.40326269,-75.70876413,4094
16--13766,2016/12/24,8:51 AM,CENTURY RD S @ MCCORDICK RD S (0003724),3724,03 - At intersection,02 - Non-fatal injury,02 - Angle,03 - Snow,01 - Daylight,04 - Slush,02 - Stop sign,01 - Functioning,2,0,0,0,02 - Minor,1,,1,,,360469.3577,5003123.789,45.16588869,-75.79183858,4095
16--13767,2016/12/24,8:59 AM,DALHOUSIE ST btwn GEORGE ST & RIDEAU ST (__3ZA8ZX),__3ZA8ZX,01 - Non intersection,03 - P.D. only,06 - SMV unattended vehicle,03 - Snow,01 - Daylight,03 - Loose snow,10 - No control,,1,0,0,0,,0,,,,,368160.1821,5032308.55,45.42784062,-75.69028498,4096
16--1686,2016/02/09,6:05 AM,INNES RD btwn ANDERSON RD & INNES RD (__3ZA3J2),__3ZA3J2,01 - Non intersection,02 - Non-fatal injury,07 - SMV other,03 - Snow,07 - Dark,03 - Loose snow,10 - No control,,1,0,0,0,01 - Minimal,1,1,,,,376361.2176,5031884.768,45.4232367,-75.58555361,4097
16--13768,2016/12/24,9:30 AM,TRIM RD @ WATTERS RD (0012847),12847,02 - Intersection related,03 - P.D. only,03 - Rear end,03 - Snow,01 - Daylight,04 - Slush,01 - Traffic signal,01 - Functioning,2,0,0,0,,0,,,,,384960.7961,5038712.895,45.48373728,-75.47456762,4098
16--13769,2016/12/25,11:30 AM,BESSERER ST @ KING EDWARD AVE (0007758),7758,03 - At intersection,02 - Non-fatal injury,02 - Angle,01 - Clear,01 - Daylight,01 - Dry,01 - Traffic signal,01 - Functioning,2,0,0,0,02 - Minor,1,,1,,,368551.0159,5032340.584,45.42809334,-75.68528665,4099
16--1377,2016/01/30,12:59 PM,STRANDHERD DR @ LONGFIELDS DR (0010935),10935,02 - Intersection related,03 - P.D. only,04 - Sideswipe,01 - Clear,01 - Daylight,02 - Wet,01 - Traffic signal,01 - Functioning,2,0,0,0,,0,,,,,364548.4724,5015174.319,45.27398685,-75.73850712,4100
16--13770,2016/12/25,11:49 PM,REGIONAL ROAD 174 btwn OR174 IC105 RAMP16 & OR174 IC105 RAMP26 (__3ZA1PU),__3ZA1PU,01 - Non intersection,03 - P.D. only,04 - Sideswipe,01 - Clear,07 - Dark,01 - Dry,10 - No control,,2,0,0,0,,0,,,,,379083.7294,5036849.7,45.46762381,-75.55001911,4101
16--13951,2016/12/30,12:40 PM,FALLOWFIELD RD @ GREENBANK RD (0000549),549,03 - At intersection,02 - Non-fatal injury,05 - Turning movement,01 - Clear,01 - Daylight,03 - Loose snow,01 - Traffic signal,01 - Functioning,2,0,0,0,01 - Minimal,1,1,,,,363080.444,5016732.687,45.28813229,-75.75703251,4102
16--1776,2016/02/11,3:18 PM,LAKEVIEW TER btwn QUEEN ELIZABETH DRWY & BRONSON AVE (__3ZA9JR),__3ZA9JR,01 - Non intersection,03 - P.D. only,04 - Sideswipe,01 - Clear,01 - Daylight,03 - Loose snow,10 - No control,,2,0,0,0,,0,,,,,367645.3373,5028737.178,45.39575298,-75.69731916,4103
16--13952,2016/12/30,2:15 PM,COVENTRY RD btwn ST. LAURENT SC WEST & ST. LAURENT BLVD (__3ZA2CAC),__3ZA2CAC,01 - Non intersection,03 - P.D. only,04 - Sideswipe,01 - Clear,01 - Daylight,01 - Dry,10 - No control,,2,0,0,0,,0,,,,,372137.6036,5031935.426,45.42411181,-75.6395119,4104
16--1777,2016/02/11,3:30 AM,LECKIE PRIV btwn CONVAIR PRIV & ALOUETTE PRIV (__3ZA2MG),__3ZA2MG,01 - Non intersection,03 - P.D. only,07 - SMV other,05 - Drifting Snow,07 - Dark,05 - Packed snow,10 - No control,,1,0,0,0,,0,,,,,369626.07,5021067.204,45.32656016,-75.67302927,4105
16--13953,2016/12/30,2:30 PM,HAWTHORNE AVE @ MAIN ST (0006919),6919,03 - At intersection,03 - P.D. only,05 - Turning movement,01 - Clear,01 - Daylight,02 - Wet,01 - Traffic signal,01 - Functioning,2,0,0,0,,0,,,,,368971.5378,5030632.153,45.41268304,-75.68013562,4106
16--1687,2016/02/09,6:20 PM,WOODROFFE AVE @ KNOXDALE RD/MEDHURST DR (0000519),519,02 - Intersection related,03 - P.D. only,03 - Rear end,01 - Clear,07 - Dark,01 - Dry,01 - Traffic signal,01 - Functioning,2,0,0,0,,0,,,,,363420.3485,5021826.707,45.33393985,-75.7520971,4107
16--1778,2016/02/11,3:31 PM,ATHLONE AVE btwn RICHMOND RD & BYRON AVE (__3ZA0JU),__3ZA0JU,04 - At/near private drive,03 - P.D. only,02 - Angle,01 - Clear,01 - Daylight,03 - Loose snow,10 - No control,,2,0,0,0,,0,,,,,363481.6411,5028371.244,45.39282169,-75.75053801,4108
16--13954,2016/12/30,2:50 PM,HAWTHORNE RD btwn DAVIDSON RD & LEITRIM RD (__3ZBPIY),__3ZBPIY,01 - Non intersection,02 - Non-fatal injury,05 - Turning movement,01 - Clear,01 - Daylight,02 - Wet,10 - No control,,2,0,0,0,02 - Minor,1,,1,,,376394.1837,5024244.531,45.35449058,-75.58624079,4109
16--1688,2016/02/09,6:26 PM,INNES RD btwn PRESTWICK DR & TENTH LINE RD (__3ZA3Y7),__3ZA3Y7,04 - At/near private drive,03 - P.D. only,05 - Turning movement,03 - Snow,07 - Dark,02 - Wet,10 - No control,,2,0,0,0,,0,,,,,383860.6516,5036122.898,45.46056034,-75.4890554,4110
16--1779,2016/02/11,3:37 PM,CHURCHILL AVE   N btwn RICHMOND RD & DANFORTH AVE (__3ZBOGA),__3ZBOGA,01 - Non intersection,03 - P.D. only,03 - Rear end,01 - Clear,01 - Daylight,01 - Dry,10 - No control,,2,0,0,0,,0,,,,,363235.1811,5028273.379,45.39196172,-75.75369703,4111
16--13955,2016/12/30,2:56 PM,MCARTHUR AVE @ CARMEN AVE (0009811),9811,03 - At intersection,03 - P.D. only,05 - Turning movement,06 - Strong wind,01 - Daylight,04 - Slush,02 - Stop sign,01 - Functioning,2,0,0,0,,0,,,,,370905.2081,5032767.777,45.4317185,-75.65514687,4112
16--1689,2016/02/09,6:39 PM,RIVERGATE WAY @ RIVERSIDE DR (0007177),7177,03 - At intersection,02 - Non-fatal injury,05 - Turning movement,01 - Clear,07 - Dark,03 - Loose snow,01 - Traffic signal,01 - Functioning,2,0,0,0,01 - Minimal,2,2,,,,368117.8094,5023243.172,45.34627676,-75.69198943,4113
16--178,2016/01/05,9:17 AM,BASELINE RD @ FISHER AVE (0002346),2346,02 - Intersection related,03 - P.D. only,04 - Sideswipe,01 - Clear,01 - Daylight,01 - Dry,01 - Traffic signal,01 - Functioning,2,0,0,0,,0,,,,,366166.6936,5026028.303,45.37151028,-75.71653983,4114
16--13956,2016/12/30,3:25 PM,LAFONTAINE AVE @ MCARTHUR AVE (0009806),9806,03 - At intersection,03 - P.D. only,05 - Turning movement,01 - Clear,01 - Daylight,02 - Wet,01 - Traffic signal,01 - Functioning,2,0,0,0,,0,,,,,370948.8841,5032772.816,45.43175971,-75.65458806,4115
16--169,2016/01/05,8:28 AM,BEAUSEJOUR DR @ JEANNE D'ARC BLVD (0003636),3636,03 - At intersection,03 - P.D. only,05 - Turning movement,01 - Clear,01 - Daylight,02 - Wet,01 - Traffic signal,01 - Functioning,2,0,0,0,,0,,,,,381419.3181,5036061.446,45.46027945,-75.52027752,4116
16--1780,2016/02/11,3:47 PM,CEDARVIEW RD @ JOCKVALE RD (0000788),788,02 - Intersection related,02 - Non-fatal injury,03 - Rear end,01 - Clear,01 - Daylight,01 - Dry,11 - Roundabout,01 - Functioning,2,0,0,0,01 - Minimal,1,1,,,,361474.3114,5015252.662,45.27494628,-75.77767508,4117
16--13957,2016/12/30,3:34 PM,RIVERSIDE DR RAMP 42A @ RIVERSIDE DR (0010862),10862,02 - Intersection related,03 - P.D. only,03 - Rear end,01 - Clear,01 - Daylight,02 - Wet,03 - Yield sign,01 - Functioning,2,0,0,0,,0,,,,,368442.0668,5027269.089,45.38247158,-75.68733342,4118
16--1690,2016/02/09,6:50 AM,HAWTHORNE RD @ STEVENAGE DR (0008802),8802,03 - At intersection,03 - P.D. only,05 - Turning movement,03 - Snow,03 - Dawn,04 - Slush,01 - Traffic signal,01 - Functioning,2,0,0,0,,0,,,,,375136.9036,5027313.763,45.38223335,-75.60184853,4119
16--1691,2016/02/09,6:54 AM,RAMSAYVILLE RD btwn WHYTE SIDE RD & LEITRIM RD (__3ZA6GH),__3ZA6GH,01 - Non intersection,03 - P.D. only,07 - SMV other,03 - Snow,03 - Dawn,03 - Loose snow,10 - No control,,1,0,0,0,,0,,,,,378464.5572,5024521.164,45.35676513,-75.55977884,4120
16--1692,2016/02/09,6:56 PM,RICHMOND RD @ WOODROFFE AVE (0011466),11466,02 - Intersection related,03 - P.D. only,07 - SMV other,03 - Snow,07 - Dark,03 - Loose snow,01 - Traffic signal,01 - Functioning,1,0,0,0,,0,,,,,361584.0205,5026653.857,45.37752527,-75.77496936,4121
16--1693,2016/02/09,7:05 PM,PALOMINO DR btwn APPALOOSA DR & CHICKASAW CRES N (__3ZBND6),__3ZBND6,04 - At/near private drive,03 - P.D. only,05 - Turning movement,03 - Snow,07 - Dark,02 - Wet,10 - No control,,2,0,0,0,,0,,,,,354440.3206,5017556.683,45.29621015,-75.86708824,4122
16--1694,2016/02/09,7:20 PM,RAVEN AVE @ KIRKWOOD AVE (0006712),6712,03 - At intersection,03 - P.D. only,02 - Angle,03 - Snow,07 - Dark,02 - Wet,02 - Stop sign,01 - Functioning,2,0,0,0,,0,,,,,364691.3567,5026773.764,45.37834545,-75.73528314,4123
16--1695,2016/02/09,7:25 PM,SNAKE ISLAND RD btwn NIXON DR & DOYLE RD (__3ZA3T3),__3ZA3T3,01 - Non intersection,03 - P.D. only,07 - SMV other,05 - Drifting Snow,07 - Dark,06 - Ice,10 - No control,,1,0,0,0,,0,,,,,374948.4885,5004024.436,45.1727021,-75.60754531,4124
16--1696,2016/02/09,8:00 AM,MONTREAL RD @ SHEFFORD RD (0012423),12423,02 - Intersection related,03 - P.D. only,03 - Rear end,01 - Clear,01 - Daylight,03 - Loose snow,01 - Traffic signal,01 - Functioning,2,0,0,0,,0,,,,,376124.9023,5034854.817,45.44998354,-75.58814266,4125
16--1697,2016/02/09,8:10 AM,IRIS ST @ TRANSITWAY (0009021),9021,03 - At intersection,02 - Non-fatal injury,07 - SMV other,03 - Snow,01 - Daylight,02 - Wet,01 - Traffic signal,01 - Functioning,1,0,0,1,03 - Major,1,,,1,,362011.6586,5024239.78,45.35576882,-75.76978917,4126
16--1698,2016/02/09,8:10 AM,HIGHWAY 417 btwn HWY417 IC110 RAMP66 & HWY417 IC110 RAMP56 (__3ZA2XR),__3ZA2XR,01 - Non intersection,03 - P.D. only,03 - Rear end,03 - Snow,01 - Daylight,03 - Loose snow,10 - No control,,2,0,0,0,,0,,,,,375836.9602,5029129.314,45.39849809,-75.59264908,4127
16--1699,2016/02/09,8:11 AM,HWY 7 HAZELDEAN RD IC RAMP 24 btwn HIGHWAY 7 & HAZELDEAN RD (__7JQ7J5),__7JQ7J5,01 - Non intersection,03 - P.D. only,07 - SMV other,03 - Snow,01 - Daylight,03 - Loose snow,10 - No control,,1,0,0,0,,0,,,,,346330.8913,5011972.743,45.2464897,-75.97094526,4128
16--17,2016/01/01,5:01 PM,ST. JOSEPH BLVD btwn ST. JEAN ST & BELCOURT BLVD (__3ZA2AP),__3ZA2AP,04 - At/near private drive,03 - P.D. only,05 - Turning movement,01 - Clear,05 - Dusk,04 - Slush,10 - No control,,2,0,0,0,,0,,,,,381165.2974,5037329.986,45.47172054,-75.52332809,4129
16--170,2016/01/05,8:35 AM,DES FORETS AVE btwn BILBERRY DR & DU BOIS AVE (__3ZA6BJ),__3ZA6BJ,04 - At/near private drive,03 - P.D. only,02 - Angle,01 - Clear,01 - Daylight,01 - Dry,10 - No control,,2,0,0,0,,0,,,,,380992.701,5038216.218,45.47971298,-75.52539773,4130
16--1700,2016/02/09,8:13 PM,WOODROFFE AVE @ GEORGINA DR/LENESTER AVE (0002351),2351,03 - At intersection,03 - P.D. only,05 - Turning movement,01 - Clear,07 - Dark,02 - Wet,01 - Traffic signal,01 - Functioning,2,0,0,0,,0,,,,,361910.4855,5025370.253,45.36594898,-75.77094974,4131
16--1701,2016/02/09,8:17 AM,LEES AVE @ KING EDWARD AVE/MANN AVE (0011413),11413,03 - At intersection,03 - P.D. only,03 - Rear end,03 - Snow,01 - Daylight,04 - Slush,01 - Traffic signal,01 - Functioning,2,0,0,0,,0,,,,,369177.0877,5031335.705,45.41899447,-75.67741785,4132
16--1702,2016/02/09,8:26 AM,STEVENAGE DR btwn GLENFIELD DR & OVERTON DR (__3ZA12V),__3ZA12V,01 - Non intersection,03 - P.D. only,06 - SMV unattended vehicle,03 - Snow,01 - Daylight,03 - Loose snow,10 - No control,,1,0,0,0,,0,,,,,375287.207,5027374.839,45.38276777,-75.59992078,4133
16--1703,2016/02/09,8:41 AM,THURSTON DR btwn CONROY RD & THOMAS SPRATT PL (__3ZBPM1),__3ZBPM1,01 - Non intersection,03 - P.D. only,03 - Rear end,03 - Snow,01 - Daylight,03 - Loose snow,10 - No control,,2,0,0,0,,0,,,,,373559.2954,5026977.548,45.37936485,-75.62203787,4134
16--1704,2016/02/09,8:47 PM,COVENTRY RD @ VANIER PKWY (0002139),2139,02 - Intersection related,03 - P.D. only,03 - Rear end,03 - Snow,07 - Dark,02 - Wet,01 - Traffic signal,01 - Functioning,2,0,0,0,,0,,,,,370677.4826,5031611.483,45.42133614,-75.65821164,4135
16--1705,2016/02/09,9:00 AM,BANK ST @ BLAIS RD (0009264),9264,02 - Intersection related,03 - P.D. only,01 - Approaching,03 - Snow,01 - Daylight,06 - Ice,02 - Stop sign,01 - Functioning,2,0,0,0,,0,,,,,376155.4149,5019728.133,45.31387835,-75.58993896,4136
16--1706,2016/02/09,9:05 AM,CLYDE AVE btwn BASELINE RD & NE/OT BOUNDARY (__3ZA4IK),__3ZA4IK,04 - At/near private drive,03 - P.D. only,03 - Rear end,03 - Snow,01 - Daylight,03 - Loose snow,10 - No control,,2,0,0,0,,0,,,,,364368.5826,5024868.339,45.36122824,-75.73963385,4137
16--1707,2016/02/09,9:11 AM,EQUUS WAY btwn TO BE DETERMINED & BRIDLE PATH DR (__3ZA9B9),__3ZA9B9,01 - Non intersection,03 - P.D. only,01 - Approaching,03 - Snow,01 - Daylight,05 - Packed snow,10 - No control,,2,0,0,0,,0,,,,,371616.9579,5023541.524,45.34863664,-75.64730066,4138
16--1708,2016/02/09,9:13 AM,BRUYERE ST @ SUSSEX DR (0007744),7744,03 - At intersection,03 - P.D. only,02 - Angle,03 - Snow,01 - Daylight,03 - Loose snow,01 - Traffic signal,01 - Functioning,2,0,0,0,,0,,,,,367538.515,5032668.579,45.43113608,-75.69818295,4139
16--1709,2016/02/09,9:16 AM,BAYNES SOUND WAY @ BLUE ASTER ST E (0014117),14117,02 - Intersection related,03 - P.D. only,06 - SMV unattended vehicle,01 - Clear,01 - Daylight,03 - Loose snow,02 - Stop sign,01 - Functioning,1,0,0,0,,0,,,,,364192.4721,5012360.323,45.2486966,-75.74338034,4140
16--171,2016/01/05,8:40 AM,OGILVIE RD @ BATHGATE DR/CITYPARK DR W (0012430),12430,02 - Intersection related,03 - P.D. only,04 - Sideswipe,01 - Clear,01 - Daylight,01 - Dry,01 - Traffic signal,01 - Functioning,2,0,0,0,,0,,,,,373828.1289,5032799.933,45.43172542,-75.61779053,4141
16--1710,2016/02/09,9:28 AM,REGIONAL ROAD 174 EB btwn HWY417 IC113 RAMP65 & OR174 BLAIR IC112 RAMP51 (__3ZAZFJ),__3ZAZFJ,01 - Non intersection,03 - P.D. only,03 - Rear end,01 - Clear,01 - Daylight,01 - Dry,10 - No control,,2,0,0,0,,0,,,,,374624.6048,5032692.634,45.43068094,-75.60762768,4142
16--1711,2016/02/10,1:30 PM,COLONEL BY DR @ MAIN ST (0002626),2626,02 - Intersection related,03 - P.D. only,02 - Angle,01 - Clear,01 - Daylight,01 - Dry,02 - Stop sign,01 - Functioning,2,0,0,0,,0,,,,,368858.9649,5030914.922,45.41523761,-75.68153696,4143
16--1712,2016/02/10,1:43 PM,CAMERON ST @ REGIONAL RD 174 (0012883),12883,03 - At intersection,03 - P.D. only,05 - Turning movement,01 - Clear,01 - Daylight,02 - Wet,01 - Traffic signal,01 - Functioning,2,0,0,0,,0,,,,,389860.74,5042616.51,45.51827751,-75.41122087,4144
16--1713,2016/02/10,1:53 AM,HAWTHORNE RD btwn DAVIDSON RD & LEITRIM RD (__3ZBPIY),__3ZBPIY,01 - Non intersection,03 - P.D. only,07 - SMV other,02 - Rain,07 - Dark,02 - Wet,10 - No control,,1,0,0,0,,0,,,,,376922.406,5022984.629,45.34310046,-75.57968368,4145
16--1714,2016/02/10,10:31 AM,FALLOWFIELD RD @ MERIVALE RD (0000587),587,03 - At intersection,03 - P.D. only,05 - Turning movement,01 - Clear,01 - Daylight,02 - Wet,01 - Traffic signal,01 - Functioning,3,0,0,0,,0,,,,,366891.054,5018845.128,45.3068135,-75.70819431,4146
16--1715,2016/02/10,11:00 PM,HIGHWAY 417 btwn HWY417 IC110 RAMP55 & HWY417 IC110 RAMP65 (__3ZA28Z),__3ZA28Z,01 - Non intersection,03 - P.D. only,03 - Rear end,01 - Clear,"08 - Dark, artificial",02 - Wet,10 - No control,,2,0,0,0,,0,,,,,375805.5126,5029031.841,45.39762427,-75.59306474,4147
16--1716,2016/02/10,11:04 AM,HAZELDEAN RD @ CARBROOKE ST/IRWIN GATE (0003187),3187,02 - Intersection related,03 - P.D. only,03 - Rear end,03 - Snow,01 - Daylight,02 - Wet,01 - Traffic signal,01 - Functioning,2,0,0,0,,0,,,,,353417.7646,5018265.72,45.30266173,-75.88005549,4148
16--1717,2016/02/10,11:17 AM,HERON RD @ KALADAR AVE (0006960),6960,03 - At intersection,02 - Non-fatal injury,02 - Angle,01 - Clear,01 - Daylight,02 - Wet,01 - Traffic signal,01 - Functioning,2,0,0,0,02 - Minor,3,1,2,,,369685.5039,5026804.318,45.37817566,-75.6715183,4149
16--1718,2016/02/10,11:19 AM,KING EDWARD AVE @ YORK ST S (0011919),11919,02 - Intersection related,03 - P.D. only,03 - Rear end,01 - Clear,01 - Daylight,06 - Ice,02 - Stop sign,01 - Functioning,2,0,0,0,,0,,,,,368389.7046,5032597.587,45.43042044,-75.68731475,4150
16--1719,2016/02/10,11:32 AM,ELGIN ST btwn LEWIS ST & WAVERLEY ST (__3ZA34R),__3ZA34R,01 - Non intersection,03 - P.D. only,04 - Sideswipe,03 - Snow,01 - Daylight,02 - Wet,10 - No control,,2,0,0,0,,0,,,,,368301.2413,5030977.815,45.41585434,-75.68865401,4151
16--172,2016/01/05,8:45 AM,CAMBRIAN RD/GOLFLINKS DR W @ LONGFIELDS DR (0009702),9702,02 - Intersection related,03 - P.D. only,04 - Sideswipe,01 - Clear,01 - Daylight,05 - Packed snow,11 - Roundabout,01 - Functioning,2,0,0,0,,0,,,,,365383.4413,5013224.542,45.25637134,-75.72810424,4152
16--1720,2016/02/10,11:35 AM,STANLEY AVE btwn QUEEN VICTORIA ST & KEEFER ST (__3ZA8XO),__3ZA8XO,04 - At/near private drive,03 - P.D. only,06 - SMV unattended vehicle,03 - Snow,01 - Daylight,03 - Loose snow,10 - No control,,1,0,0,0,,0,,,,,368291.6951,5033672.638,45.44010226,-75.68842855,4153
16--1721,2016/02/10,11:36 AM,GILLES ST @ HERON RD (0007140),7140,03 - At intersection,03 - P.D. only,02 - Angle,01 - Clear,01 - Daylight,01 - Dry,02 - Stop sign,01 - Functioning,3,0,0,0,,0,,,,,369757.9197,5026818.802,45.37829927,-75.67059186,4154
16--1722,2016/02/10,11:39 PM,HIGHWAY 417 btwn HWY417 IC163 RAMP16 & HWY417 IC169 RAMP61 (__5SPO79),__5SPO79,01 - Non intersection,03 - P.D. only,07 - SMV other,01 - Clear,07 - Dark,01 - Dry,10 - No control,,1,0,0,0,,0,,,,,331300.9104,5021502.157,45.33296759,-76.16189618,4155
16--1723,2016/02/10,11:53 PM,INNES RD @ JEANNE D'ARC BLVD/MER BLEUE RD (0012475),12475,02 - Intersection related,03 - P.D. only,07 - SMV other,05 - Drifting Snow,07 - Dark,03 - Loose snow,01 - Traffic signal,01 - Functioning,1,0,0,0,,0,,,,,382638.2128,5035567.324,45.45569903,-75.50477221,4156
16--1724,2016/02/10,Unknown,SWEETFLAG ST btwn SPRINGBEAUTY AVE & TWAYBLADE AVE (e___1GAC),e___1GAC,01 - Non intersection,03 - P.D. only,06 - SMV unattended vehicle,00 - Unknown,00 - Unknown,00 - Unknown,10 - No control,,1,0,0,0,,0,,,,,365197.047,5016870.597,45.2891945,-75.73003537,4157
16--1725,2016/02/10,2:50 PM,GLADSTONE AVE @ METCALFE ST (0002709),2709,02 - Intersection related,03 - P.D. only,03 - Rear end,03 - Snow,01 - Daylight,04 - Slush,01 - Traffic signal,01 - Functioning,2,0,0,0,,0,,,,,368230.0531,5030751.666,45.41382598,-75.68959259,4158
16--1726,2016/02/10,2:54 PM,MERIVALE RD @ WEST HUNT CLUB RD (0000584),584,02 - Intersection related,03 - P.D. only,04 - Sideswipe,01 - Clear,01 - Daylight,01 - Dry,01 - Traffic signal,01 - Functioning,2,0,0,0,,0,,,,,365612.927,5021941.803,45.33478887,-75.72411166,4159
16--1727,2016/02/10,3:02 PM,GLADSTONE AVE btwn BANK ST & O'CONNOR ST (__3ZA3QP),__3ZA3QP,01 - Non intersection,03 - P.D. only,06 - SMV unattended vehicle,01 - Clear,01 - Daylight,02 - Wet,10 - No control,,1,0,0,0,,0,,,,,368040.305,5030639.258,45.41283174,-75.69203106,4160
16--1728,2016/02/10,3:02 PM,ANTARES DR btwn CAPELLA CRT & AURIGA DR (2) (__3ZA53B),__3ZA53B,01 - Non intersection,03 - P.D. only,03 - Rear end,03 - Snow,01 - Daylight,03 - Loose snow,10 - No control,,2,0,0,0,,0,,,,,366896.4355,5021948.056,45.33473273,-75.70773665,4161
16--1729,2016/02/10,3:14 PM,CHAMPLAIN ST @ PLACE D'ORLEANS DR (0003595),3595,03 - At intersection,03 - P.D. only,04 - Sideswipe,01 - Clear,01 - Daylight,02 - Wet,01 - Traffic signal,01 - Functioning,2,0,0,0,,0,,,,,381596.1483,5038181.035,45.47933031,-75.51768551,4162