Anom_ID,Accident_Date,Accident_Time,Location,Geo_ID,Accident_Location,Classification_of_Accident,Initial_Impact_Type,Environment_Condition,Light,Road_Surface_Condition,Traffic_Control,Traffic_Control_Condition,No__of_Vehicles,No__of_Bicycles,No__of_Motorcycles,No__of_Pedestrians,Max_Injury,No__of_Injuries,No__of_Minimal,No__of_Minor,No__of_Major,No__of_Fatal,X,Y,Latitude,Longitude,ObjectId
16--173,2016/01/05,8:45 AM,HIGHWAY 417 btwn REGIONAL ROAD 174 & HWY417 IC113 RAMP62 (__3ZA280),__3ZA280,01 - Non intersection,03 - P.D. only,03 - Rear end,01 - Clear,01 - Daylight,01 - Dry,10 - No control,,2,0,0,0,,0,,,,,373294.9366,5031734.837,45.42219465,-75.62475228,4163
16--1730,2016/02/10,3:30 PM,ALBION RD @ 210 S OF HIGH RD/EARL ARMSTRONG RD (0012478),12478,03 - At intersection,03 - P.D. only,02 - Angle,01 - Clear,01 - Daylight,02 - Wet,01 - Traffic signal,01 - Functioning,2,0,0,0,,0,,,,,374709.4442,5017555.438,45.29447464,-75.60868491,4164
16--1596,2016/02/06,11:00 AM,TRENHOLM LANE btwn COMO CRES & VARENNES BLVD (__3ZBPME),__3ZBPME,04 - At/near private drive,03 - P.D. only,99 - Other,01 - Clear,01 - Daylight,01 - Dry,10 - No control,,2,0,0,0,,0,,,,,385042.9705,5037790.302,45.47542725,-75.47366733,4165
16--1731,2016/02/10,3:45 PM,ALERT RD/AIRPORT PKWY/UPLANDS DR RAMP 62 @ LES (0003652),3652,02 - Intersection related,03 - P.D. only,03 - Rear end,03 - Snow,01 - Daylight,02 - Wet,01 - Traffic signal,01 - Functioning,2,0,0,0,,0,,,,,371305.5359,5021354.563,45.32898861,-75.65156845,4166
16--1732,2016/02/10,4:25 PM,CLEARVIEW AVE @ ISLAND PARK DR (0006144),6144,02 - Intersection related,03 - P.D. only,03 - Rear end,03 - Snow,01 - Daylight,02 - Wet,02 - Stop sign,00 - Unknown,2,0,0,0,,0,,,,,363546.6203,5029364.6,45.40175428,-75.74958989,4167
16--1733,2016/02/10,4:47 PM,FALLOWFIELD RD btwn MERIVALE RD & WOODROFFE AVE (__3ZA3IN),__3ZA3IN,01 - Non intersection,03 - P.D. only,07 - SMV other,03 - Snow,01 - Daylight,02 - Wet,10 - No control,,1,0,0,0,,0,,,,,365176.4949,5017954.056,45.29894517,-75.73016545,4168
16--1734,2016/02/10,5:05 PM,BASELINE RD @ GREENBANK RD (0002357),2357,02 - Intersection related,03 - P.D. only,03 - Rear end,01 - Clear,01 - Daylight,02 - Wet,01 - Traffic signal,01 - Functioning,2,0,0,0,,0,,,,,360597.9038,5022583.842,45.34098265,-75.78801879,4169
16--1735,2016/02/10,5:15 PM,MCCARTHY RD @ WALKLEY RD (0006969),6969,02 - Intersection related,03 - P.D. only,03 - Rear end,01 - Clear,05 - Dusk,02 - Wet,01 - Traffic signal,01 - Functioning,2,0,0,0,,0,,,,,369249.9418,5025299.849,45.36467908,-75.67727543,4170
16--1736,2016/02/10,5:15 PM,MONTREAL RD btwn BETHAMY LANE & OGILVIE RD (__3ZA2DX),__3ZA2DX,01 - Non intersection,03 - P.D. only,04 - Sideswipe,03 - Snow,05 - Dusk,03 - Loose snow,10 - No control,,2,0,0,0,,0,,,,,375569.1148,5034501.701,45.44686291,-75.59529805,4171
16--1737,2016/02/10,5:37 PM,HIGHWAY 417 btwn HWY417 IC124 RAMP57 & HWY417 IC124 RAMP55 (__3ZA2Y1),__3ZA2Y1,01 - Non intersection,03 - P.D. only,03 - Rear end,01 - Clear,"06 - Dusk, artificial",02 - Wet,10 - No control,,2,0,0,0,,0,,,,,364222.6232,5027231.541,45.38250436,-75.74121249,4172
16--1738,2016/02/10,5:42 PM,ORLEANS BLVD @ MAPLE RUN AVE/BEAUSEJOUR DR S (0003628),3628,02 - Intersection related,03 - P.D. only,03 - Rear end,03 - Snow,07 - Dark,03 - Loose snow,01 - Traffic signal,01 - Functioning,2,0,0,0,,0,,,,,380572.0953,5035316.228,45.45366696,-75.53122412,4173
16--1739,2016/02/10,5:55 PM,COLONEL BY DR/SUSSEX DR @ RIDEAU ST (0007647),7647,02 - Intersection related,03 - P.D. only,04 - Sideswipe,03 - Snow,07 - Dark,02 - Wet,01 - Traffic signal,01 - Functioning,2,0,0,0,,0,,,,,367920.9141,5032043.954,45.42548151,-75.69337632,4174
16--174,2016/01/05,8:46 AM,OGILVIE RD @ BATHGATE DR/CITYPARK DR W (0012430),12430,03 - At intersection,03 - P.D. only,05 - Turning movement,01 - Clear,01 - Daylight,01 - Dry,01 - Traffic signal,01 - Functioning,2,0,0,0,,0,,,,,373828.1289,5032799.933,45.43172542,-75.61779053,4175
16--1740,2016/02/10,5:55 PM,BLACKBURN BYPASS @ NAVAN RD (0004201),4201,02 - Intersection related,02 - Non-fatal injury,03 - Rear end,03 - Snow,07 - Dark,03 - Loose snow,01 - Traffic signal,01 - Functioning,2,0,0,0,01 - Minimal,1,1,,,,379617.214,5033278.931,45.43543974,-75.54374069,4176
16--1741,2016/02/10,5:58 PM,STONEHAVEN DR btwn RICHMOND RD & SAWYER WAY/SUMMITVIEW DR (__3ZA5XW),__3ZA5XW,04 - At/near private drive,03 - P.D. only,02 - Angle,03 - Snow,05 - Dusk,04 - Slush,10 - No control,,2,0,0,0,,0,,,,,356769.5665,5015883.753,45.28098843,-75.83756767,4177
16--1742,2016/02/10,6:00 PM,DORCHESTER AVE btwn PRINCE ST & SILVER ST (__3ZA0EX),__3ZA0EX,01 - Non intersection,03 - P.D. only,06 - SMV unattended vehicle,03 - Snow,07 - Dark,05 - Packed snow,10 - No control,,1,0,0,0,,0,,,,,365042.1431,5026661.254,45.37730303,-75.73081829,4178
16--1743,2016/02/10,6:21 PM,CASTLEFRANK RD @ TERRY FOX DR (0011757),11757,02 - Intersection related,02 - Non-fatal injury,03 - Rear end,01 - Clear,07 - Dark,01 - Dry,01 - Traffic signal,01 - Functioning,2,0,0,0,01 - Minimal,1,1,,,,352992.9113,5016304.588,45.28504426,-75.88566321,4179
16--1744,2016/02/10,7:01 AM,NORTHPARK DR btwn BURNVIEW CRES & BURNVIEW CRES (__3ZA7MV),__3ZA7MV,04 - At/near private drive,03 - P.D. only,99 - Other,03 - Snow,03 - Dawn,03 - Loose snow,10 - No control,,2,0,0,0,,0,,,,,377930.3846,5033253.374,45.43538825,-75.5653014,4180
16--1745,2016/02/10,7:26 PM,BAYSHORE DR btwn WOODRIDGE CRES S & BAYSHORE CS (__3ZAA4OB),__3ZAA4OB,04 - At/near private drive,03 - P.D. only,01 - Approaching,03 - Snow,07 - Dark,04 - Slush,10 - No control,,2,0,0,0,,0,,,,,359176.9785,5023619.114,45.35040963,-75.80603463,4181
16--1746,2016/02/10,7:48 AM,RIVERSIDE DR btwn KIMBERWICK CRES & MALHOTRA CRT (__3ZA1KW),__3ZA1KW,01 - Non intersection,03 - P.D. only,03 - Rear end,01 - Clear,01 - Daylight,01 - Dry,10 - No control,,2,0,0,0,,0,,,,,368201.4151,5022937.481,45.34351867,-75.69096181,4182
16--1747,2016/02/10,7:50 AM,HIGHWAY 417 btwn REGIONAL ROAD 174 & HWY417 IC113 RAMP62 (__3ZA280),__3ZA280,01 - Non intersection,03 - P.D. only,04 - Sideswipe,03 - Snow,01 - Daylight,02 - Wet,10 - No control,,2,0,0,0,,0,,,,,373538.5734,5031851.181,45.42321756,-75.62162316,4183
16--1748,2016/02/10,8:11 AM,BAYVIEW RD @ SCOTT ST/ALBERT ST (0005646),5646,03 - At intersection,02 - Non-fatal injury,05 - Turning movement,03 - Snow,01 - Daylight,04 - Slush,01 - Traffic signal,01 - Functioning,2,0,0,0,02 - Minor,2,1,1,,,365518.8352,5030071.792,45.40794915,-75.72431266,4184
16--1749,2016/02/10,8:12 AM,WEST RIDGE DR btwn BARRACKS WAY & DALEWOOD CRES (__6R1U2S),__6R1U2S,01 - Non intersection,03 - P.D. only,06 - SMV unattended vehicle,01 - Clear,01 - Daylight,01 - Dry,10 - No control,,1,0,0,0,,0,,,,,350729.0687,5011541.314,45.24233428,-75.9149603,4185
16--175,2016/01/05,8:54 AM,BEATRICE DR @ CLARIDGE DR (0009697),9697,03 - At intersection,03 - P.D. only,02 - Angle,01 - Clear,01 - Daylight,06 - Ice,02 - Stop sign,01 - Functioning,2,0,0,0,,0,,,,,365146.1428,5016522.585,45.28606747,-75.73072658,4186
16--1750,2016/02/10,8:23 PM,CASTLEFRANK RD btwn GLAMORGAN DR & SHELDRAKE DR (1) (__3ZACHL),__3ZACHL,01 - Non intersection,03 - P.D. only,06 - SMV unattended vehicle,01 - Clear,07 - Dark,06 - Ice,10 - No control,,1,0,0,0,,0,,,,,353286.5138,5016423.821,45.28609696,-75.88190909,4187
16--1751,2016/02/10,8:24 AM,REGIONAL ROAD 174 btwn OR174 IC109 RAMP56 & OR174 IC109 RAMP86 (__3ZA28W),__3ZA28W,01 - Non intersection,03 - P.D. only,03 - Rear end,03 - Snow,01 - Daylight,03 - Loose snow,10 - No control,,2,0,0,0,,0,,,,,376423.6457,5034921.038,45.4505488,-75.5843142,4188
16--1752,2016/02/10,8:30 AM,HUNT CLUB RD WB btwn 275 E OF HAWTHORNE RD/OC TRANSPO TURNAROUND & HAWTHORNE RD (e___1GZMA),e___1GZMA,01 - Non intersection,03 - P.D. only,04 - Sideswipe,03 - Snow,01 - Daylight,03 - Loose snow,10 - No control,,2,0,0,0,,0,,,,,375592.939,5026464.621,45.37454725,-75.59614776,4189
16--1753,2016/02/10,8:40 AM,NORICE ST @ WOODROFFE AVE (0001542),1542,02 - Intersection related,03 - P.D. only,05 - Turning movement,03 - Snow,01 - Daylight,03 - Loose snow,01 - Traffic signal,01 - Functioning,2,0,0,0,,0,,,,,363195.3426,5022397.273,45.33909252,-75.75490025,4190
16--1754,2016/02/10,8:56 PM,STRANDHERD DR @ CLARIDGE DR (0010893),10893,02 - Intersection related,02 - Non-fatal injury,07 - SMV other,01 - Clear,07 - Dark,01 - Dry,01 - Traffic signal,01 - Functioning,1,0,0,0,02 - Minor,1,,1,,,364948.6414,5015381.412,45.27581616,-75.73338234,4191
16--1755,2016/02/10,9:43 AM,LESTER RD btwn ALBION RD & UPLANDS DR (__3ZA2SC),__3ZA2SC,01 - Non intersection,03 - P.D. only,07 - SMV other,03 - Snow,01 - Daylight,03 - Loose snow,10 - No control,,1,0,0,0,,0,,,,,372611.5379,5022285.295,45.33723806,-75.63478176,4192
16--1756,2016/02/11,1:01 PM,AGES DR @ HAWTHORNE RD (0006397),6397,02 - Intersection related,03 - P.D. only,04 - Sideswipe,01 - Clear,01 - Daylight,02 - Wet,01 - Traffic signal,01 - Functioning,3,0,0,0,,0,,,,,374971.5165,5027718.435,45.38589097,-75.60390262,4193
16--1757,2016/02/11,1:17 PM,HUNTERSWOOD CRES btwn FOLKWAY GT (2) & HUNTERSWOOD CRES (__3ZBOAI),__3ZBOAI,01 - Non intersection,03 - P.D. only,06 - SMV unattended vehicle,01 - Clear,01 - Daylight,05 - Packed snow,10 - No control,,1,0,0,0,,0,,,,,375243.1315,5026803.302,45.37762979,-75.60056508,4194
16--1758,2016/02/11,10:00 AM,MARCH RD @ TALL FOREST DR E (0005758),5758,03 - At intersection,03 - P.D. only,07 - SMV other,01 - Clear,01 - Daylight,03 - Loose snow,02 - Stop sign,01 - Functioning,1,0,0,0,,0,,,,,343831.8788,5023266.298,45.34825683,-76.00188953,4195
16--1759,2016/02/11,10:19 AM,BARNSDALE RD S @ MOODIE DR (0010279),10279,02 - Intersection related,02 - Non-fatal injury,03 - Rear end,01 - Clear,01 - Daylight,06 - Ice,02 - Stop sign,01 - Functioning,3,0,0,0,02 - Minor,4,,4,,,361949.5566,5008824.287,45.2170646,-75.77235735,4196
16--176,2016/01/05,8:59 AM,SOVEREIGN AVE @ CRAIG HENRY DR (0005113),5113,03 - At intersection,03 - P.D. only,02 - Angle,01 - Clear,01 - Daylight,06 - Ice,02 - Stop sign,01 - Functioning,2,0,0,0,,0,,,,,362988.6905,5021886.118,45.33451035,-75.75759692,4197
16--1760,2016/02/11,10:28 PM,WEST HUNT CLUB RD @ CLEOPATRA DR/LANCELOT DR (0000114),114,02 - Intersection related,03 - P.D. only,03 - Rear end,03 - Snow,07 - Dark,06 - Ice,01 - Traffic signal,01 - Functioning,2,0,0,0,,0,,,,,365236.4325,5021731.66,45.33293056,-75.72894043,4198
16--1761,2016/02/11,10:41 AM,HUNT CLUB RD @ RIVERSIDE DR (0002237),2237,02 - Intersection related,03 - P.D. only,03 - Rear end,01 - Clear,01 - Daylight,01 - Dry,01 - Traffic signal,01 - Functioning,2,0,0,0,,0,,,,,368036.0444,5021944.401,45.33459806,-75.69319874,4199
16--1762,2016/02/11,10:50 AM,LEES AVE btwn CHESTNUT ST & HWY417 IC118 RAMP45 (__3ZAZD2),__3ZAZD2,01 - Non intersection,03 - P.D. only,04 - Sideswipe,03 - Snow,01 - Daylight,03 - Loose snow,10 - No control,,2,0,0,0,,0,,,,,369439.0859,5030821.103,45.41434011,-75.674138,4200
16--1763,2016/02/11,10:55 AM,DONALD B. MUNRO DR btwn THOMAS A. DOLAN PKWY & JOHN SHAW RD (__3ZBNAJ),__3ZBNAJ,01 - Non intersection,03 - P.D. only,07 - SMV other,05 - Drifting Snow,01 - Daylight,05 - Packed snow,10 - No control,,1,0,0,0,,0,,,,,334335.4809,5024042.763,45.35570804,-76.12302963,4201
16--1764,2016/02/11,11:56 AM,CATHERINE ST btwn BRONSON AVE & HWY417 IC121A RAMP61 (__3ZA3B4),__3ZA3B4,01 - Non intersection,03 - P.D. only,04 - Sideswipe,01 - Clear,01 - Daylight,02 - Wet,10 - No control,,2,0,0,0,,0,,,,,367352.9585,5029853.944,45.4058275,-75.7009115,4202
16--1765,2016/02/11,12:00 PM,HUNTER'S GLEN CRES btwn LORRY GREENBERG DR & STREAMWOOD LANE (__3ZAZOX),__3ZAZOX,01 - Non intersection,03 - P.D. only,06 - SMV unattended vehicle,01 - Clear,01 - Daylight,03 - Loose snow,10 - No control,,1,0,0,0,,0,,,,,372581.5732,5025075.031,45.36234201,-75.63478166,4203
16--1766,2016/02/11,12:08 PM,CAMPEAU DR @ TERRY FOX DR (0008211),8211,02 - Intersection related,03 - P.D. only,01 - Approaching,06 - Strong wind,01 - Daylight,05 - Packed snow,01 - Traffic signal,01 - Functioning,2,0,0,0,,0,,,,,350455.3812,5019010.236,45.30955987,-75.91775942,4204
16--1767,2016/02/11,12:46 PM,TELFORD AVE btwn SIROIS AVE & STRABY AVE (__3ZA7AC),__3ZA7AC,01 - Non intersection,03 - P.D. only,01 - Approaching,01 - Clear,01 - Daylight,06 - Ice,10 - No control,,2,0,0,0,,0,,,,,371664.5985,5032720.937,45.43122486,-75.64544898,4205
16--1768,2016/02/11,2:20 PM,GREENBANK RD btwn WEST HUNT CLUB RD & FALLOWFIELD RD (__3ZA1NE),__3ZA1NE,01 - Non intersection,03 - P.D. only,05 - Turning movement,01 - Clear,01 - Daylight,02 - Wet,10 - No control,,2,0,0,0,,0,,,,,363061.1367,5016779.656,45.28855652,-75.75727311,4206
16--1769,2016/02/11,2:26 PM,O'CONNOR ST @ SOMERSET ST (0002690),2690,03 - At intersection,03 - P.D. only,99 - Other,01 - Clear,01 - Daylight,02 - Wet,01 - Traffic signal,01 - Functioning,2,0,0,0,,0,,,,,367855.7101,5031013.263,45.41621358,-75.69434139,4207
16--177,2016/01/05,9:01 AM,CARLING AVE @ SHERWOOD DR (0006380),6380,02 - Intersection related,03 - P.D. only,03 - Rear end,01 - Clear,01 - Daylight,06 - Ice,01 - Traffic signal,01 - Functioning,2,0,0,0,,0,,,,,366485.047,5028717.772,45.39568154,-75.71213976,4208
16--1770,2016/02/11,2:27 PM,NAVAN RD btwn DIAMOND WAY & TENTH LINE RD (__3ZA3YY),__3ZA3YY,04 - At/near private drive,03 - P.D. only,05 - Turning movement,01 - Clear,01 - Daylight,01 - Dry,10 - No control,,2,0,0,0,,0,,,,,384343.6156,5032097.155,45.42428548,-75.48353143,4209
16--1771,2016/02/11,2:32 AM,HUNTMAR DR btwn OLD CARP RD & BRADLEY SIDE RD (__3ZACWD),__3ZACWD,01 - Non intersection,03 - P.D. only,07 - SMV other,05 - Drifting Snow,07 - Dark,03 - Loose snow,10 - No control,,1,0,0,0,,0,,,,,347442.9913,5019869.87,45.31748451,-75.95610047,4210
16--1772,2016/02/11,2:43 PM,GEORGE ST btwn WILLIAM ST & DALHOUSIE ST (__3ZA8Z1),__3ZA8Z1,01 - Non intersection,03 - P.D. only,99 - Other,01 - Clear,01 - Daylight,01 - Dry,10 - No control,,2,0,0,0,,0,,,,,368152.9301,5032312.338,45.42787536,-75.69037716,4211
16--1773,2016/02/11,2:46 PM,CHIMO DR @ MCCLURE CRES N (0003489),3489,02 - Intersection related,03 - P.D. only,02 - Angle,01 - Clear,01 - Daylight,01 - Dry,02 - Stop sign,01 - Functioning,2,0,0,0,,0,,,,,352207.7175,5019089.375,45.31015588,-75.89540562,4212
16--1774,2016/02/11,3:05 PM,CALDWELL AVE btwn MORISSET AVE & MEDFORD ST (__3ZAA5Y),__3ZAA5Y,04 - At/near private drive,03 - P.D. only,02 - Angle,01 - Clear,01 - Daylight,02 - Wet,10 - No control,,2,0,0,0,,0,,,,,364433.7439,5026116.092,45.37244979,-75.73865157,4213
16--1775,2016/02/11,3:06 PM,MONTREAL RD @ GRANVILLE ST/LAFONTAINE AVE (0009348),9348,03 - At intersection,03 - P.D. only,02 - Angle,01 - Clear,01 - Daylight,04 - Slush,01 - Traffic signal,01 - Functioning,2,0,0,0,,0,,,,,370826.4939,5033474.372,45.43808356,-75.656058,4214
16--13958,2016/12/30,3:35 PM,ROWANWOOD AVE btwn BYRON AVE & KEENAN AVE (__3ZAA1E),__3ZAA1E,04 - At/near private drive,03 - P.D. only,06 - SMV unattended vehicle,03 - Snow,01 - Daylight,06 - Ice,10 - No control,,1,0,0,0,,0,,,,,362151.7414,5027039.384,45.38094796,-75.76767639,4215
16--1781,2016/02/11,3:50 PM,REGIONAL ROAD 174 EB btwn HWY417 IC113 RAMP65 & OR174 BLAIR IC112 RAMP51 (__3ZAZFJ),__3ZAZFJ,06 - Underpass or tunnel,03 - P.D. only,03 - Rear end,01 - Clear,01 - Daylight,06 - Ice,10 - No control,,3,0,0,0,,0,,,,,374770.8177,5032797.574,45.43161052,-75.60574436,4216
16--13959,2016/12/30,3:45 AM,PERTH ST btwn SHEA RD & EAGLESON RD (__3ZA4YB),__3ZA4YB,01 - Non intersection,03 - P.D. only,07 - SMV other,03 - Snow,07 - Dark,04 - Slush,10 - No control,,1,0,0,0,,0,,,,,358004.0363,5007405.79,45.20460958,-75.82274057,4217
16--1597,2016/02/06,12:01 PM,ST. JOSEPH BLVD @ JEANNE D'ARC BLVD (0012421),12421,03 - At intersection,03 - P.D. only,02 - Angle,01 - Clear,01 - Daylight,01 - Dry,11 - Roundabout,01 - Functioning,2,0,0,0,,0,,,,,379860.2041,5036471.312,45.46413635,-75.54014831,4218
16--1782,2016/02/11,4:16 PM,ALBION RD @ RIDEAU RD (0009356),9356,02 - Intersection related,03 - P.D. only,03 - Rear end,03 - Snow,01 - Daylight,06 - Ice,01 - Traffic signal,01 - Functioning,2,0,0,0,,0,,,,,375093.8621,5016675.57,45.28651954,-75.60390903,4219
16--1396,2016/01/31,10:29 AM,MCARTHUR AVE @ VANIER PKWY (0004626),4626,02 - Intersection related,03 - P.D. only,03 - Rear end,01 - Clear,01 - Daylight,01 - Dry,01 - Traffic signal,01 - Functioning,2,0,0,0,,0,,,,,370219.3636,5032690.805,45.43109043,-75.66392154,4220
16--1598,2016/02/06,12:03 PM,ALERT RD/AIRPORT PKWY/UPLANDS DR RAMP 62 @ LES (0003652),3652,03 - At intersection,03 - P.D. only,02 - Angle,01 - Clear,01 - Daylight,01 - Dry,01 - Traffic signal,01 - Functioning,2,0,0,0,,0,,,,,371306.4182,5021353.282,45.328977,-75.65155737,4221
16--1783,2016/02/11,4:20 PM,SAVILLE ROW btwn WOODROFFE AVE & LOCKHART AVE (__3ZAAC8),__3ZAAC8,04 - At/near private drive,03 - P.D. only,02 - Angle,01 - Clear,01 - Daylight,01 - Dry,10 - No control,,2,0,0,0,,0,,,,,361788.6777,5026189.699,45.3733322,-75.77241003,4222
16--13960,2016/12/30,3:47 PM,BANK ST @ RIVERSIDE DR S (0002704),2704,02 - Intersection related,03 - P.D. only,03 - Rear end,01 - Clear,01 - Daylight,01 - Dry,01 - Traffic signal,00 - Unknown,2,0,0,0,,0,,,,,369307.2016,5027894.139,45.38801646,-75.67620568,4223
16--1599,2016/02/06,12:54 PM,MONTREAL RD @ OLMSTEAD ST (0009345),9345,03 - At intersection,02 - Non-fatal injury,07 - SMV other,01 - Clear,01 - Daylight,02 - Wet,01 - Traffic signal,01 - Functioning,1,0,0,1,02 - Minor,1,,1,,,370331.513,5033214.884,45.43579537,-75.66241864,4224
16--1784,2016/02/11,4:23 PM,THURSTON DR btwn CONROY RD & THOMAS SPRATT PL (__3ZBPM1),__3ZBPM1,01 - Non intersection,03 - P.D. only,05 - Turning movement,01 - Clear,01 - Daylight,01 - Dry,10 - No control,,2,0,0,0,,0,,,,,373293.1375,5026831.187,45.37807403,-75.62545624,4225
16--13961,2016/12/30,4:05 PM,GREENBANK RD @ STRANDHERD DR (0005563),5563,02 - Intersection related,03 - P.D. only,04 - Sideswipe,01 - Clear,05 - Dusk,02 - Wet,01 - Traffic signal,00 - Unknown,2,0,0,0,,0,,,,,363935.3402,5014783.175,45.27051916,-75.74636738,4226
16--16,2016/01/01,4:30 PM,QUINTON ST btwn JUNO AVE & LOUISIANA AVE (__3ZA9RW),__3ZA9RW,01 - Non intersection,03 - P.D. only,06 - SMV unattended vehicle,03 - Snow,05 - Dusk,03 - Loose snow,10 - No control,,1,0,0,0,,0,,,,,372085.2873,5027742.429,45.38639006,-75.64075253,4227
16--160,2016/01/05,5:26 PM,INNES RD btwn 260 E OF BELCOURT BLVD/WALMART SC & JEANNE D'ARC BLVD/ME (__3ZA3JWB),__3ZA3JWB,01 - Non intersection,02 - Non-fatal injury,03 - Rear end,01 - Clear,05 - Dusk,02 - Wet,10 - No control,,3,0,0,0,01 - Minimal,1,1,,,,382396.5065,5035426.448,45.45445843,-75.5078844,4228
16--1600,2016/02/06,2:00 AM,TRAIL SIDE CIRC btwn PINE VISTA DR & PINE VISTA DR (__45C2SF),__45C2SF,01 - Non intersection,03 - P.D. only,06 - SMV unattended vehicle,03 - Snow,07 - Dark,02 - Wet,10 - No control,,1,0,0,0,,0,,,,,387434.6898,5037649.06,45.47387757,-75.44310541,4229
16--1601,2016/02/06,2:11 PM,ST. JOSEPH BLVD @ JEANNE D'ARC BLVD (0012421),12421,02 - Intersection related,03 - P.D. only,03 - Rear end,01 - Clear,01 - Daylight,01 - Dry,11 - Roundabout,01 - Functioning,2,0,0,0,,0,,,,,379860.2041,5036471.85,45.46414119,-75.54014822,4230
16--1602,2016/02/06,2:30 PM,INNES RD btwn SOUTHPARK DR & BEARBROOK RD (__3ZA2AX),__3ZA2AX,04 - At/near private drive,03 - P.D. only,07 - SMV other,01 - Clear,01 - Daylight,01 - Dry,10 - No control,,1,0,0,0,,0,,,,,377890.6724,5032783.98,45.4311691,-75.56587858,4231
16--1603,2016/02/06,4:20 PM,PORTOBELLO BLVD @ SUMMER DAYS WALK/STORMWIND AVE (0013733),13733,03 - At intersection,03 - P.D. only,02 - Angle,01 - Clear,01 - Daylight,01 - Dry,02 - Stop sign,01 - Functioning,2,0,0,0,,0,,,,,385892.806,5035157.596,45.45164258,-75.46323374,4232
16--1604,2016/02/06,5:13 PM,MURRAY ST btwn SUSSEX DR & PARENT AVE (__3ZA3VF),__3ZA3VF,01 - Non intersection,03 - P.D. only,06 - SMV unattended vehicle,01 - Clear,07 - Dark,01 - Dry,10 - No control,,1,0,0,0,,0,,,,,367772.2931,5032435.551,45.42901837,-75.69522529,4233
16--1605,2016/02/06,5:21 AM,HEATHERINGTON RD btwn ALBION RD N & BANNERHILL PRIV (__3ZA9YH),__3ZA9YH,01 - Non intersection,03 - P.D. only,06 - SMV unattended vehicle,01 - Clear,07 - Dark,01 - Dry,10 - No control,,1,0,0,0,,0,,,,,371674.5405,5026248.555,45.37298808,-75.64619961,4234
16--1606,2016/02/06,5:26 PM,BORRISOKANE RD/TARTAN DR @ STRANDHERD DR (0010634),10634,03 - At intersection,03 - P.D. only,05 - Turning movement,01 - Clear,05 - Dusk,01 - Dry,01 - Traffic signal,01 - Functioning,2,0,0,0,,0,,,,,362290.554,5013546.505,45.2595279,-75.76747025,4235
16--1607,2016/02/06,5:42 PM,BLAIR PL @ OGILVIE RD (0004162),4162,02 - Intersection related,03 - P.D. only,03 - Rear end,01 - Clear,07 - Dark,02 - Wet,01 - Traffic signal,01 - Functioning,2,0,0,0,,0,,,,,374798.6248,5033372.24,45.43677826,-75.60530732,4236
16--1608,2016/02/06,5:44 PM,DENALI WAY btwn END & TONY GEORGE PL (__5JZNZW),__5JZNZW,04 - At/near private drive,03 - P.D. only,06 - SMV unattended vehicle,01 - Clear,05 - Dusk,01 - Dry,10 - No control,,1,0,0,0,,0,,,,,349411.406,5015727.21,45.28008526,-75.93136783,4237
16--1609,2016/02/06,5:50 PM,MARCH RD btwn PETER ROBINSON RD & CORKERY RD (__3ZA2RJ),__3ZA2RJ,01 - Non intersection,03 - P.D. only,07 - SMV other,01 - Clear,07 - Dark,01 - Dry,10 - No control,,1,0,0,0,,0,,,,,335927.365,5016118.022,45.28432837,-76.10321046,4238
16--161,2016/01/05,6:00 PM,VANIER PKWY NB btwn RIVERSIDE DR & HWY417 IC117 RAMP26 (__3ZA4TH),__3ZA4TH,01 - Non intersection,03 - P.D. only,03 - Rear end,01 - Clear,07 - Dark,03 - Loose snow,10 - No control,,2,0,0,0,,0,,,,,370803.1894,5031341.126,45.41889173,-75.65664174,4239
16--1610,2016/02/06,6:29 PM,EARL ARMSTRONG RD btwn RIVER RD & SPRATT RD (__3ZAZR4),__3ZAZR4,01 - Non intersection,02 - Non-fatal injury,03 - Rear end,01 - Clear,07 - Dark,01 - Dry,10 - No control,,2,0,0,0,01 - Minimal,1,1,,,,367905.7152,5014709.644,45.26951247,-75.69578232,4240
16--1611,2016/02/06,6:30 PM,HIGHWAY 417 btwn Continuation of HIGHWAY 417 & HWY417 IC144 RAMP16 (__3ZA2Q6),__3ZA2Q6,01 - Non intersection,03 - P.D. only,03 - Rear end,01 - Clear,07 - Dark,01 - Dry,10 - No control,,2,0,0,0,,0,,,,,347354.401,5015825.646,45.28109855,-75.95757747,4241
16--1612,2016/02/06,7:34 PM,ALBERT ST @ ELGIN ST/MACKENZIE KING BRIDGE (0002226),2226,03 - At intersection,03 - P.D. only,07 - SMV other,01 - Clear,07 - Dark,01 - Dry,01 - Traffic signal,01 - Functioning,1,0,0,0,,0,,,,,367851.1193,5031711.936,45.42250042,-75.69431064,4242
16--1613,2016/02/06,7:45 PM,RUSSELL AVE btwn SOMERSET ST E & TEMPLETON ST (__3ZA7G0),__3ZA7G0,04 - At/near private drive,03 - P.D. only,06 - SMV unattended vehicle,01 - Clear,07 - Dark,01 - Dry,10 - No control,,1,0,0,0,,0,,,,,369320.531,5031753.977,45.42274471,-75.67553041,4243
16--1614,2016/02/06,8:05 AM,HIGHWAY 417 btwn HWY417 IC96 RAMP61 & HWY417 IC88 RAMP16 (__3ZA27Z),__3ZA27Z,01 - Non intersection,03 - P.D. only,07 - SMV other,01 - Clear,01 - Daylight,06 - Ice,10 - No control,,1,0,0,0,,0,,,,,392332.8898,5022923.251,45.34079466,-75.38308366,4244