Anom_ID,Accident_Date,Accident_Time,Location,Geo_ID,Accident_Location,Classification_of_Accident,Initial_Impact_Type,Environment_Condition,Light,Road_Surface_Condition,Traffic_Control,Traffic_Control_Condition,No__of_Vehicles,No__of_Bicycles,No__of_Motorcycles,No__of_Pedestrians,Max_Injury,No__of_Injuries,No__of_Minimal,No__of_Minor,No__of_Major,No__of_Fatal,X,Y,Latitude,Longitude,ObjectId
16--1615,2016/02/06,8:17 AM,SAUNDERSON DR @ PLEASANT PARK RD (0008313),8313,03 - At intersection,03 - P.D. only,02 - Angle,01 - Clear,01 - Daylight,01 - Dry,02 - Stop sign,01 - Functioning,2,0,0,0,,0,,,,,373146.0869,5028668.657,45.39462115,-75.62707918,4245
16--1616,2016/02/06,8:54 AM,HIGHWAY 417 btwn RAMP & HWY417 IC88 RAMP51 (__3ZA2W2),__3ZA2W2,01 - Non intersection,02 - Non-fatal injury,07 - SMV other,03 - Snow,01 - Daylight,03 - Loose snow,10 - No control,,1,0,0,0,02 - Minor,1,,1,,,392282.6189,5022902.084,45.34061049,-75.38372873,4246
16--1617,2016/02/06,9:00 AM,HIGHWAY 417 btwn RAMP & HWY417 IC88 RAMP51 (__3ZA2W2),__3ZA2W2,01 - Non intersection,03 - P.D. only,07 - SMV other,03 - Snow,01 - Daylight,06 - Ice,10 - No control,,1,0,0,0,,0,,,,,392290.5564,5022894.147,45.3405381,-75.38362887,4247
16--1618,2016/02/06,9:00 PM,POPPLEWELL CRES btwn COBBLE HILL DR & COBBLE HILL DR (__74S5WK),__74S5WK,04 - At/near private drive,03 - P.D. only,06 - SMV unattended vehicle,01 - Clear,07 - Dark,01 - Dry,10 - No control,,1,0,0,0,,0,,,,,361325.185,5014699.367,45.26997969,-75.77963856,4248
16--1619,2016/02/06,9:12 PM,BANK ST @ HUNT CLUB RD (0002119),2119,03 - At intersection,02 - Non-fatal injury,02 - Angle,01 - Clear,07 - Dark,01 - Dry,01 - Traffic signal,01 - Functioning,4,0,0,0,02 - Minor,1,,1,,,371608.956,5024097.165,45.35363687,-75.6473277,4249
16--162,2016/01/05,6:41 PM,RENAUD RD @ NAVAN RD (0003685),3685,03 - At intersection,03 - P.D. only,02 - Angle,01 - Clear,07 - Dark,01 - Dry,01 - Traffic signal,01 - Functioning,2,0,0,0,,0,,,,,381819.4747,5032737.852,45.43033244,-75.51568175,4250
16--1620,2016/02/06,9:30 PM,CARINA CRES btwn DORADO WAY & SHANLY PRIV S (__8PNLRK),__8PNLRK,01 - Non intersection,03 - P.D. only,06 - SMV unattended vehicle,01 - Clear,07 - Dark,01 - Dry,10 - No control,,1,0,0,0,,0,,,,,364872.975,5013064.159,45.25497198,-75.73462691,4251
16--1621,2016/02/06,9:34 AM,HIGHWAY 417 btwn HWY417 IC96 RAMP61 & HWY417 IC88 RAMP16 (__3ZA27Z),__3ZA27Z,01 - Non intersection,03 - P.D. only,07 - SMV other,03 - Snow,01 - Daylight,03 - Loose snow,10 - No control,,1,0,0,0,,0,,,,,392287.9105,5022941.772,45.34096691,-75.38365421,4252
16--1622,2016/02/06,9:44 AM,REGIONAL ROAD 174 btwn TRANSIT & OR174 IC105 RAMP51 (__3ZA28H),__3ZA28H,01 - Non intersection,02 - Non-fatal injury,07 - SMV other,03 - Snow,01 - Daylight,02 - Wet,10 - No control,,1,0,0,0,03 - Major,2,1,,1,,377254.5758,5035788.971,45.45827223,-75.57356455,4253
16--1623,2016/02/07,1:34 PM,BLAIR RD @ OGILVIE RD (0004120),4120,02 - Intersection related,03 - P.D. only,03 - Rear end,01 - Clear,01 - Daylight,01 - Dry,01 - Traffic signal,01 - Functioning,2,0,0,0,,0,,,,,374508.3896,5033198.797,45.43524671,-75.60904109,4254
16--1624,2016/02/07,10:29 AM,CLEARCREST CRES btwn PRINCESS LOUISE DR & FOXWOOD CRT (2) (__3ZA5UJ),__3ZA5UJ,01 - Non intersection,03 - P.D. only,06 - SMV unattended vehicle,01 - Clear,01 - Daylight,05 - Packed snow,10 - No control,,1,0,0,0,,0,,,,,384320.2445,5038463.147,45.48156355,-75.48280082,4255
16--1625,2016/02/07,10:42 PM,KEITH CRES btwn JODI CRT & AMELIA PL (__5YXHMN),__5YXHMN,04 - At/near private drive,03 - P.D. only,06 - SMV unattended vehicle,01 - Clear,07 - Dark,01 - Dry,10 - No control,,1,0,0,0,,0,,,,,381436.2206,5032115.127,45.42477174,-75.52067596,4256
16--1626,2016/02/07,11:43 AM,ROGER STEVENS DR @ SECOND LINE RD (0011798),11798,03 - At intersection,02 - Non-fatal injury,02 - Angle,01 - Clear,01 - Daylight,01 - Dry,02 - Stop sign,01 - Functioning,2,0,0,0,02 - Minor,4,1,3,,,369956.0274,5001500.656,45.1504717,-75.67138356,4257
16--1627,2016/02/07,11:50 AM,PRINCE OF WALES DR @ WEST HUNT CLUB RD (0000567),567,02 - Intersection related,03 - P.D. only,03 - Rear end,01 - Clear,01 - Daylight,01 - Dry,01 - Traffic signal,01 - Functioning,2,0,0,0,,0,,,,,367458.0517,5021891.284,45.33417198,-75.7005791,4258
16--1628,2016/02/07,Unknown,WOLFGANG DR btwn MERKEL DR & FIELDGATE DR (__3ZA6M8),__3ZA6M8,01 - Non intersection,03 - P.D. only,06 - SMV unattended vehicle,01 - Clear,00 - Unknown,01 - Dry,10 - No control,,1,0,0,0,,0,,,,,363476.8876,5016811.104,45.2888049,-75.75196975,4259
16--1629,2016/02/07,12:07 PM,BANK ST @ WILTON CRES (0007712),7712,02 - Intersection related,02 - Non-fatal injury,03 - Rear end,01 - Clear,01 - Daylight,01 - Dry,02 - Stop sign,01 - Functioning,2,0,0,0,02 - Minor,1,,1,,,368578.6287,5028965.858,45.39772618,-75.6853705,4260
16--163,2016/01/05,7:31 AM,BANK ST btwn SCRIVENS DR & JOHN QUINN RD (__3ZA278),__3ZA278,01 - Non intersection,03 - P.D. only,07 - SMV other,01 - Clear,03 - Dawn,01 - Dry,10 - No control,,1,0,0,0,,0,,,,,383304.0168,5010794.839,45.23273897,-75.50019206,4261
16--1630,2016/02/07,12:28 AM,MARCONI AVE btwn APPLECROSS CRES & KINGHORN CRES/APPLECROSS CRES (__5I62XR),__5I62XR,01 - Non intersection,03 - P.D. only,06 - SMV unattended vehicle,01 - Clear,07 - Dark,01 - Dry,10 - No control,,1,0,0,0,,0,,,,,349832.2761,5024321.78,45.35739468,-75.92522216,4262
16--1631,2016/02/07,2:06 PM,HEATHERINGTON RD btwn ALBION RD N & BANNERHILL PRIV (__3ZA9YH),__3ZA9YH,01 - Non intersection,03 - P.D. only,04 - Sideswipe,01 - Clear,01 - Daylight,01 - Dry,10 - No control,,2,0,0,0,,0,,,,,371276.4928,5026236.106,45.37291394,-75.65128267,4263
16--1632,2016/02/07,3:26 AM,CAMPEAU DR/HWY 417 MARCH IC138R63 @ MARCH RD (0009710),9710,03 - At intersection,03 - P.D. only,07 - SMV other,01 - Clear,07 - Dark,01 - Dry,01 - Traffic signal,01 - Functioning,1,0,0,0,,0,,,,,352840.9714,5020476.486,45.32259436,-75.88719563,4264
16--1633,2016/02/07,4:09 PM,BRONSON AVE btwn SECOND AVE & THIRD AVE (__3ZA3OM),__3ZA3OM,01 - Non intersection,02 - Non-fatal injury,03 - Rear end,01 - Clear,01 - Daylight,01 - Dry,10 - No control,,2,0,0,0,01 - Minimal,1,1,,,,367527.6465,5029142.689,45.3994122,-75.69877063,4265
16--1634,2016/02/07,4:30 PM,ROBERTSON RD btwn VANIER RD & RICHMOND RD (__3ZA4YQ),__3ZA4YQ,01 - Non intersection,03 - P.D. only,04 - Sideswipe,01 - Clear,01 - Daylight,01 - Dry,10 - No control,,2,0,0,0,,0,,,,,357554.8231,5020736.748,45.3245978,-75.8270426,4266
16--1635,2016/02/07,5:46 PM,COWLEY AVE btwn SUNNYMEDE AVE & PREMIER AVE (__3ZBONL),__3ZBONL,04 - At/near private drive,03 - P.D. only,99 - Other,01 - Clear,05 - Dusk,01 - Dry,10 - No control,,2,0,0,0,,0,,,,,363981.8797,5029325.35,45.40136446,-75.74403522,4267
16--1636,2016/02/07,7:31 AM,SEYTON DR btwn FORESTER CRES & RICHMOND RD (__3ZABEQ),__3ZABEQ,01 - Non intersection,03 - P.D. only,07 - SMV other,01 - Clear,03 - Dawn,02 - Wet,10 - No control,,1,0,0,0,,0,,,,,357319.3793,5019330.137,45.31195862,-75.83019493,4268
16--1637,2016/02/07,9:21 AM,OSGOODE ST @ RUSSELL AVE (0008534),8534,02 - Intersection related,03 - P.D. only,06 - SMV unattended vehicle,01 - Clear,01 - Daylight,02 - Wet,02 - Stop sign,01 - Functioning,1,0,0,0,,0,,,,,369147.5686,5032035.685,45.42529534,-75.67770356,4269
16--1638,2016/02/07,9:21 AM,CARLING AVE @ EDGEWORTH AVE (0002718),2718,03 - At intersection,02 - Non-fatal injury,07 - SMV other,01 - Clear,01 - Daylight,01 - Dry,01 - Traffic signal,01 - Functioning,1,0,0,1,02 - Minor,1,,1,,,361262.0135,5025423.858,45.36648385,-75.77922109,4270
16--1639,2016/02/08,1:09 PM,AVIATION PKWY @ OGILVIE RD (0004114),4114,02 - Intersection related,03 - P.D. only,03 - Rear end,01 - Clear,01 - Daylight,01 - Dry,01 - Traffic signal,01 - Functioning,2,0,0,0,,0,,,,,373110.0556,5032376.805,45.42798884,-75.62702544,4271
16--164,2016/01/05,7:38 AM,WEST HUNT CLUB RD @ CLEOPATRA DR/LANCELOT DR (0000114),114,03 - At intersection,03 - P.D. only,02 - Angle,03 - Snow,03 - Dawn,05 - Packed snow,01 - Traffic signal,01 - Functioning,2,0,0,0,,0,,,,,365234.1991,5021732.119,45.33293488,-75.72896886,4272
16--1640,2016/02/08,1:16 PM,CARLING AVE @ TAVISTOCK RD (0002144),2144,03 - At intersection,03 - P.D. only,02 - Angle,01 - Clear,01 - Daylight,01 - Dry,02 - Stop sign,01 - Functioning,2,0,0,0,,0,,,,,360699.3353,5025069.301,45.36333867,-75.78644364,4273
16--1641,2016/02/08,10:03 AM,COLONNADE RD @ PRINCE OF WALES DR (0005249),5249,02 - Intersection related,03 - P.D. only,03 - Rear end,01 - Clear,01 - Daylight,01 - Dry,01 - Traffic signal,01 - Functioning,2,0,0,0,,0,,,,,367398.6397,5023267.496,45.34656018,-75.70116291,4274
16--1642,2016/02/08,10:19 AM,CLEMENTINE BLVD @ HERON RD (0006858),6858,02 - Intersection related,03 - P.D. only,04 - Sideswipe,01 - Clear,01 - Daylight,01 - Dry,01 - Traffic signal,01 - Functioning,2,0,0,0,,0,,,,,369547.5321,5026786.797,45.37803077,-75.67328208,4275
16--1643,2016/02/08,10:26 AM,FISHER AVE btwn 220 S OF TRENT ST & MCCOOEY LANE (__3ZA30SB),__3ZA30SB,01 - Non intersection,03 - P.D. only,03 - Rear end,01 - Clear,01 - Daylight,01 - Dry,10 - No control,,2,0,0,0,,0,,,,,365874.8081,5026717.782,45.37773957,-75.72018068,4276
16--1644,2016/02/08,10:38 PM,CARLING AVE WB btwn RICHMOND RD & POULIN AVE (__3ZAYF6),__3ZAYF6,01 - Non intersection,02 - Non-fatal injury,07 - SMV other,01 - Clear,07 - Dark,01 - Dry,10 - No control,,1,0,0,1,02 - Minor,1,,1,,,360342.8368,5024844.092,45.36134058,-75.79101931,4277
16--1645,2016/02/08,11:00 AM,COOPER ST btwn ELGIN ST & CARTIER ST (__3ZA9U8),__3ZA9U8,01 - Non intersection,03 - P.D. only,06 - SMV unattended vehicle,01 - Clear,01 - Daylight,01 - Dry,10 - No control,,1,0,0,0,,0,,,,,368172.3507,5031304.667,45.41880693,-75.69025863,4278
16--1646,2016/02/08,12:40 PM,FIELDGATE DR btwn BIRDHILL AVE & GROUSE AVE (__3ZABLC),__3ZABLC,01 - Non intersection,03 - P.D. only,03 - Rear end,01 - Clear,01 - Daylight,01 - Dry,10 - No control,,2,0,0,0,,0,,,,,363428.0317,5016591.087,45.28682927,-75.75261852,4279
16--1647,2016/02/08,4:15 PM,REGIONAL RD 174 @ TRIM RD (0012835),12835,02 - Intersection related,03 - P.D. only,03 - Rear end,01 - Clear,01 - Daylight,02 - Wet,01 - Traffic signal,01 - Functioning,2,0,0,0,,0,,,,,384350.9854,5039989.378,45.49529159,-75.48216034,4280
16--1648,2016/02/08,4:55 PM,CANOTEK RD btwn SHEFFORD RD & RAINBOW ST (__3ZA7SS),__3ZA7SS,04 - At/near private drive,02 - Non-fatal injury,02 - Angle,01 - Clear,01 - Daylight,01 - Dry,10 - No control,,2,0,0,0,02 - Minor,1,,1,,,376068.1476,5035107.868,45.45226612,-75.58883148,4281
16--13591,2016/12/20,9:45 AM,FALLOWFIELD RD @ GREENBANK RD (0000549),549,03 - At intersection,02 - Non-fatal injury,02 - Angle,01 - Clear,01 - Daylight,02 - Wet,01 - Traffic signal,01 - Functioning,2,0,0,0,01 - Minimal,1,1,,,,363081.5039,5016733.283,45.28813757,-75.75701893,4282
16--1649,2016/02/08,5:08 PM,BANK ST @ HUNT CLUB RD (0002119),2119,02 - Intersection related,03 - P.D. only,03 - Rear end,01 - Clear,01 - Daylight,01 - Dry,01 - Traffic signal,01 - Functioning,2,0,0,0,,0,,,,,371608.4702,5024096.24,45.3536286,-75.64733402,4283
16--165,2016/01/05,7:40 AM,LYON ST    N btwn QUEEN ST & ALBERT ST (__3ZA30F),__3ZA30F,01 - Non intersection,03 - P.D. only,04 - Sideswipe,01 - Clear,03 - Dawn,01 - Dry,10 - No control,,2,0,0,0,,0,,,,,367050.6739,5031237.11,45.41829977,-75.70459801,4284
16--1650,2016/02/08,5:21 PM,PARKWAY RD btwn PIG ALLY & MEADOW DR (__3ZA7HA),__3ZA7HA,01 - Non intersection,03 - P.D. only,07 - SMV other,01 - Clear,05 - Dusk,01 - Dry,10 - No control,,1,0,0,0,,0,,,,,378506.4286,5014060.617,45.26264171,-75.56080031,4285
16--1651,2016/02/08,6:39 AM,JOHN QUINN RD btwn COOPER HILL RD & STONE SCHOOL RD (__3ZA64I),__3ZA64I,01 - Non intersection,02 - Non-fatal injury,07 - SMV other,01 - Clear,03 - Dawn,01 - Dry,10 - No control,,1,0,0,0,02 - Minor,1,,1,,,382489.6799,5013194.505,45.25442027,-75.5101868,4286
16--1652,2016/02/08,6:46 PM,WALKLEY RD btwn HARDING RD & HALIFAX DR (__3ZA2EK),__3ZA2EK,04 - At/near private drive,02 - Non-fatal injury,02 - Angle,01 - Clear,07 - Dark,01 - Dry,10 - No control,,2,0,0,0,02 - Minor,1,,1,,,373226.1368,5027653.897,45.38548297,-75.6261976,4287
16--1653,2016/02/08,6:50 PM,ROGER STEVENS DR btwn DWYER HILL RD & MALAKOFF RD (__3ZA4ZQ),__3ZA4ZQ,01 - Non intersection,03 - P.D. only,07 - SMV other,01 - Clear,07 - Dark,01 - Dry,10 - No control,,1,0,0,0,,0,,,,,355833.5512,4990648.61,45.05398153,-75.85207738,4288
16--1654,2016/02/08,7:00 AM,JOSHUA ST btwn LUCINDA CRES & LUCINDA CRES (__5YXHP4),__5YXHP4,04 - At/near private drive,03 - P.D. only,06 - SMV unattended vehicle,01 - Clear,03 - Dawn,01 - Dry,10 - No control,,1,0,0,0,,0,,,,,381350.4752,5032223.887,45.42575967,-75.52175463,4289
16--1655,2016/02/08,7:14 PM,GLADSTONE AVE @ ROCHESTER ST (0006496),6496,03 - At intersection,02 - Non-fatal injury,05 - Turning movement,01 - Clear,07 - Dark,01 - Dry,01 - Traffic signal,01 - Functioning,2,1,0,0,02 - Minor,1,,1,,,366661.9475,5029789.442,45.40530854,-75.70974613,4290
16--1656,2016/02/08,7:30 AM,FALLOWFIELD RD @ GREENBANK RD (0000549),549,02 - Intersection related,03 - P.D. only,03 - Rear end,01 - Clear,01 - Daylight,01 - Dry,01 - Traffic signal,01 - Functioning,2,0,0,0,,0,,,,,363080.4562,5016732.675,45.28813218,-75.75703236,4291
16--1657,2016/02/08,7:50 AM,RIVERSIDE DR @ RIVERSIDE HOSPITAL (0011960),11960,02 - Intersection related,03 - P.D. only,07 - SMV other,01 - Clear,01 - Daylight,01 - Dry,01 - Traffic signal,01 - Functioning,1,0,0,0,,0,,,,,369715.9255,5028627.49,45.39457714,-75.67089011,4292
16--1658,2016/02/08,8:50 AM,PRINCE OF WALES DR @ MEADOWLANDS DR/HOG'S BACK (0001629),1629,03 - At intersection,03 - P.D. only,05 - Turning movement,01 - Clear,01 - Daylight,01 - Dry,01 - Traffic signal,01 - Functioning,2,0,0,0,,0,,,,,367372.503,5025694.275,45.36839814,-75.70118922,4293
16--1659,2016/02/08,9:00 AM,BANNER RD btwn PARKMOUNT CRES & GREENBANK RD (__3ZAB4U),__3ZAB4U,04 - At/near private drive,03 - P.D. only,99 - Other,01 - Clear,01 - Daylight,01 - Dry,10 - No control,,2,0,0,0,,0,,,,,361001.2555,5021563.199,45.33176672,-75.78298834,4294
16--166,2016/01/05,7:58 AM,DRAPER AVE btwn CORNELL ST & LISA AVE (__3ZABH5),__3ZABH5,01 - Non intersection,02 - Non-fatal injury,07 - SMV other,01 - Clear,01 - Daylight,05 - Packed snow,10 - No control,,1,0,0,1,02 - Minor,1,,1,,,360442.9284,5022793.818,45.34288433,-75.78997251,4295
16--1660,2016/02/08,9:07 AM,CENTREPOINTE DR btwn REC PATH BEN FRANKLIN PL & PASEO PRIV (__6BWNEJB),__6BWNEJB,01 - Non intersection,03 - P.D. only,04 - Sideswipe,01 - Clear,01 - Daylight,01 - Dry,10 - No control,,2,0,0,0,,0,,,,,362510.6491,5022866.51,45.34337134,-75.76358118,4296
16--1661,2016/02/08,9:10 AM,CARLING AVE/STATION RD @ MARCH RD (0002681),2681,02 - Intersection related,03 - P.D. only,03 - Rear end,01 - Clear,01 - Daylight,01 - Dry,01 - Traffic signal,01 - Functioning,2,0,0,0,,0,,,,,350906.817,5022246.254,45.33864884,-75.91170127,4297
16--1662,2016/02/08,9:43 AM,HERON RD btwn HUNTLEY AVE & CLEMENTINE BLVD (__3ZA36D),__3ZA36D,01 - Non intersection,03 - P.D. only,03 - Rear end,01 - Clear,01 - Daylight,01 - Dry,10 - No control,,2,0,0,0,,0,,,,,369532.5784,5026785.012,45.37801609,-75.67347323,4298
16--1663,2016/02/09,10:19 AM,WALKLEY RD btwn BANK ST & BANFF AVE (__3ZA375),__3ZA375,04 - At/near private drive,03 - P.D. only,04 - Sideswipe,01 - Clear,01 - Daylight,01 - Dry,10 - No control,,2,0,0,0,,0,,,,,370342.9921,5025949.33,45.37042156,-75.66323761,4299
16--1664,2016/02/09,10:36 PM,FERNBANK RD btwn JINKINSON RD & BLACK'S SIDE RD (__3ZACRF),__3ZACRF,01 - Non intersection,03 - P.D. only,07 - SMV other,03 - Snow,07 - Dark,02 - Wet,10 - No control,,1,0,0,0,,0,,,,,346047.2271,5007793.342,45.2088981,-75.97490504,4300
16--1665,2016/02/09,10:40 PM,HIGHWAY 417 btwn HWY417 IC96 RAMP61 & HWY417 IC88 RAMP16 (__3ZA27Z),__3ZA27Z,01 - Non intersection,03 - P.D. only,07 - SMV other,03 - Snow,07 - Dark,02 - Wet,10 - No control,,1,0,0,0,,0,,,,,392326.5615,5022925.57,45.34081632,-75.38316398,4301
16--1666,2016/02/09,10:45 AM,CONROY RD @ WALKLEY RD (0002648),2648,02 - Intersection related,03 - P.D. only,03 - Rear end,03 - Snow,01 - Daylight,03 - Loose snow,01 - Traffic signal,01 - Functioning,2,0,0,0,,0,,,,,372903.9889,5027463.798,45.38380393,-75.63033719,4302
16--1667,2016/02/09,11:06 AM,BANK ST @ SECOND AVE (0007231),7231,03 - At intersection,03 - P.D. only,02 - Angle,03 - Snow,01 - Daylight,03 - Loose snow,02 - Stop sign,01 - Functioning,2,0,0,0,,0,,,,,368305.0468,5029628.341,45.40371186,-75.68877924,4303
16--1668,2016/02/09,11:25 AM,GREENBANK RD btwn HWY 417 IC129 RAMP57 & HWY417 IC129 RAMP53 (__6KDGD3),__6KDGD3,01 - Non intersection,03 - P.D. only,03 - Rear end,01 - Clear,01 - Daylight,02 - Wet,10 - No control,,2,0,0,0,,0,,,,,360526.0401,5023293.175,45.34737094,-75.78885579,4304
16--1669,2016/02/09,12:05 PM,ST. LAURENT BLVD @ TREMBLAY RD (0002573),2573,02 - Intersection related,03 - P.D. only,03 - Rear end,01 - Clear,01 - Daylight,02 - Wet,01 - Traffic signal,01 - Functioning,2,0,0,0,,0,,,,,372595.9334,5031241.356,45.41782263,-75.63375122,4305
16--167,2016/01/05,8:01 AM,BANK ST @ CONROY RD (0012398),12398,02 - Intersection related,02 - Non-fatal injury,07 - SMV other,01 - Clear,01 - Daylight,01 - Dry,01 - Traffic signal,01 - Functioning,1,0,0,0,01 - Minimal,1,1,,,,375044.7501,5022239.625,45.33658776,-75.60374625,4306
16--1670,2016/02/09,12:14 PM,BASELINE RD btwn MERIVALE RD & FARLANE BLVD (__3ZA4ID),__3ZA4ID,04 - At/near private drive,03 - P.D. only,02 - Angle,01 - Clear,01 - Daylight,02 - Wet,10 - No control,,2,0,0,0,,0,,,,,365119.4604,5025363.934,45.36562332,-75.7299896,4307
16--1671,2016/02/09,12:40 PM,INDUSTRIAL AVE @ ALTA VISTA DR/SANDFORD FLEMIN (0006979),6979,02 - Intersection related,03 - P.D. only,03 - Rear end,03 - Snow,01 - Daylight,02 - Wet,01 - Traffic signal,01 - Functioning,2,0,0,0,,0,,,,,370884.0993,5030558.122,45.41183894,-75.65571302,4308
16--1672,2016/02/09,2:00 PM,CATHERINE ST btwn HWY417 IC120B RAMP36 & KENT ST (__3ZBOE0),__3ZBOE0,01 - Non intersection,02 - Non-fatal injury,04 - Sideswipe,01 - Clear,01 - Daylight,02 - Wet,10 - No control,,2,0,0,0,01 - Minimal,1,1,,,,367882.3541,5030174.979,45.40866856,-75.69410829,4309
16--1673,2016/02/09,2:21 PM,BOREALIS CRES btwn SOLACE CRT & MERGANSER ST (__4H4CKL),__4H4CKL,01 - Non intersection,03 - P.D. only,06 - SMV unattended vehicle,01 - Clear,01 - Daylight,02 - Wet,10 - No control,,1,0,0,0,,0,,,,,372519.3015,5033586.845,45.43893363,-75.63440773,4310
16--1674,2016/02/09,2:30 PM,MCARTHUR AVE @ VANIER PKWY (0004626),4626,03 - At intersection,03 - P.D. only,02 - Angle,01 - Clear,01 - Daylight,02 - Wet,01 - Traffic signal,01 - Functioning,2,0,0,0,,0,,,,,370218.1566,5032692.42,45.43110507,-75.66393675,4311
16--1675,2016/02/09,2:55 PM,BASELINE RD @ WOODROFFE AVE (0002225),2225,02 - Intersection related,02 - Non-fatal injury,03 - Rear end,01 - Clear,01 - Daylight,01 - Dry,01 - Traffic signal,01 - Functioning,2,0,0,0,01 - Minimal,1,1,,,,362549.4657,5023769.831,45.35149617,-75.76298042,4312
16--1676,2016/02/09,3:00 PM,GOLDEN AVE @ RICHMOND RD (0006932),6932,03 - At intersection,03 - P.D. only,02 - Angle,01 - Clear,01 - Daylight,01 - Dry,01 - Traffic signal,01 - Functioning,2,0,0,0,,0,,,,,362862.4697,5028026.765,45.38977373,-75.75848572,4313
16--13771,2016/12/25,Unknown,TEMISKAMING CRES btwn FOXRIDGE WAY & TEMAGAMI DR (1) (__61W6Q7),__61W6Q7,01 - Non intersection,03 - P.D. only,06 - SMV unattended vehicle,01 - Clear,00 - Unknown,01 - Dry,10 - No control,,1,0,0,0,,0,,,,,365275.7492,5014676.793,45.26944795,-75.72929943,4314
16--1677,2016/02/09,3:15 PM,BANK ST @ RIVERSIDE DR S (0002704),2704,03 - At intersection,03 - P.D. only,04 - Sideswipe,01 - Clear,01 - Daylight,02 - Wet,01 - Traffic signal,01 - Functioning,2,0,0,0,,0,,,,,369304.5304,5027894.194,45.3880172,-75.67623979,4315
16--1678,2016/02/09,3:27 PM,RIVERSIDE DR NB btwn INDUSTRIAL AVE & TREMBLAY RD (__3ZA4SE),__3ZA4SE,01 - Non intersection,03 - P.D. only,03 - Rear end,01 - Clear,01 - Daylight,01 - Dry,10 - No control,,4,0,0,0,,0,,,,,370692.622,5030616.703,45.41238409,-75.65815123,4316
16--1679,2016/02/09,3:45 AM,BASELINE RD btwn MORLEY BLVD & PRINCE OF WALES DR (__3ZA4JU),__3ZA4JU,01 - Non intersection,03 - P.D. only,07 - SMV other,03 - Snow,07 - Dark,03 - Loose snow,10 - No control,,1,0,0,0,,0,,,,,366695.5218,5026357.894,45.37442936,-75.70974769,4317
16--168,2016/01/05,8:08 AM,CARLING AVE @ GRENON AVE (0002645),2645,02 - Intersection related,03 - P.D. only,03 - Rear end,01 - Clear,01 - Daylight,06 - Ice,01 - Traffic signal,01 - Functioning,3,0,0,0,,0,,,,,359594.1251,5024350.281,45.3569562,-75.80063032,4318
16--1680,2016/02/09,3:48 PM,BLAIR RD @ REGIONAL RD 174 N/OR174 IC112 RAMP61 (0003617),3617,03 - At intersection,02 - Non-fatal injury,05 - Turning movement,01 - Clear,01 - Daylight,01 - Dry,01 - Traffic signal,01 - Functioning,2,0,0,0,01 - Minimal,2,2,,,,374634.5118,5032991.399,45.43336807,-75.60745871,4319
16--1681,2016/02/09,3:52 PM,CYRVILLE RD btwn STAR TOP RD & MEADOWBROOK RD (__3ZA3SN),__3ZA3SN,04 - At/near private drive,03 - P.D. only,02 - Angle,01 - Clear,01 - Daylight,02 - Wet,10 - No control,,2,0,0,0,,0,,,,,374567.2469,5031264.281,45.41783511,-75.60856293,4320
16--1682,2016/02/09,4:07 PM,CUMMINGS AVE btwn DONALD ST & EADY CRT (__3ZBO9T),__3ZBO9T,04 - At/near private drive,03 - P.D. only,05 - Turning movement,01 - Clear,01 - Daylight,02 - Wet,10 - No control,,2,0,0,0,,0,,,,,372655.3322,5032401.7,45.42825709,-75.63283252,4321
16--1683,2016/02/09,4:42 PM,GEORGE ST @ DALHOUSIE ST (0008516),8516,03 - At intersection,02 - Non-fatal injury,07 - SMV other,01 - Clear,01 - Daylight,01 - Dry,01 - Traffic signal,01 - Functioning,1,0,0,2,02 - Minor,2,,2,,,368157.7065,5032315.977,45.42790767,-75.69031565,4322
16--1684,2016/02/09,5:12 PM,APPLE ORCHARD RD @ STAGECOACH RD (0005294),5294,03 - At intersection,03 - P.D. only,02 - Angle,03 - Snow,01 - Daylight,02 - Wet,02 - Stop sign,01 - Functioning,2,0,0,0,,0,,,,,376239.1302,5012603.692,45.24976667,-75.58989695,4323
16--1685,2016/02/09,5:40 PM,REGIONAL ROAD 174 EB btwn OR174 IC109 RAMP55 & TRANSIT (__3ZA28V),__3ZA28V,01 - Non intersection,03 - P.D. only,03 - Rear end,03 - Snow,05 - Dusk,04 - Slush,10 - No control,,3,0,0,0,,0,,,,,376483.5856,5035010.797,45.45135025,-75.58353491,4324
16--1785,2016/02/11,5:10 PM,METCALFE ST btwn COOPER ST & SOMERSET ST W (__3ZBOEV),__3ZBOEV,01 - Non intersection,03 - P.D. only,04 - Sideswipe,01 - Clear,07 - Dark,04 - Slush,10 - No control,,2,0,0,0,,0,,,,,367997.3124,5031123.673,45.41719424,-75.69251817,4325
16--13962,2016/12/30,4:38 PM,HUNTMAR DR @ MAPLE GROVE RD (0003119),3119,02 - Intersection related,03 - P.D. only,07 - SMV other,01 - Clear,05 - Dusk,02 - Wet,01 - Traffic signal,00 - Unknown,1,0,0,0,,0,,,,,350266.7768,5016714.696,45.28891617,-75.92037505,4326
16--13592,2016/12/20,9:45 PM,ELGIN ST @ LAURIER AVE (0002232),2232,02 - Intersection related,03 - P.D. only,99 - Other,01 - Clear,07 - Dark,04 - Slush,01 - Traffic signal,01 - Functioning,2,0,0,0,,0,,,,,367949.5381,5031548.334,45.42101951,-75.6930741,4327
16--1786,2016/02/11,5:15 PM,NEPEAN ST @ O'CONNOR ST (0006942),6942,03 - At intersection,03 - P.D. only,02 - Angle,03 - Snow,05 - Dusk,03 - Loose snow,02 - Stop sign,01 - Functioning,2,0,0,0,,0,,,,,367720.4854,5031226.36,45.41814313,-75.69604177,4328