Anom_ID,Accident_Date,Accident_Time,Location,Geo_ID,Accident_Location,Classification_of_Accident,Initial_Impact_Type,Environment_Condition,Light,Road_Surface_Condition,Traffic_Control,Traffic_Control_Condition,No__of_Vehicles,No__of_Bicycles,No__of_Motorcycles,No__of_Pedestrians,Max_Injury,No__of_Injuries,No__of_Minimal,No__of_Minor,No__of_Major,No__of_Fatal,X,Y,Latitude,Longitude,ObjectId
16--13963,2016/12/30,4:45 PM,MUTUAL ST btwn MAY ST & ST. LAURENT BLVD (__3ZA7C3),__3ZA7C3,01 - Non intersection,03 - P.D. only,06 - SMV unattended vehicle,01 - Clear,05 - Dusk,03 - Loose snow,10 - No control,,1,0,0,0,,0,,,,,371861.2561,5032959.856,45.43335571,-75.64290337,4329
16--13772,2016/12/25,Unknown,BLUE WILLOW CRES btwn DES PRUCHES AVE & DES PRUCHES AVE (__30XH37),__30XH37,01 - Non intersection,03 - P.D. only,06 - SMV unattended vehicle,01 - Clear,00 - Unknown,01 - Dry,10 - No control,,1,0,0,0,,0,,,,,381052.5069,5033198.057,45.43455706,-75.52541099,4330
16--1787,2016/02/11,5:54 PM,FALLOWFIELD RD @ TRANSITWAY/VIARAIL (0012845),12845,03 - At intersection,02 - Non-fatal injury,05 - Turning movement,01 - Clear,07 - Dark,01 - Dry,01 - Traffic signal,01 - Functioning,2,0,0,0,02 - Minor,1,,1,,,364466.9984,5017548.986,45.29536098,-75.73925987,4331
16--13593,2016/12/21,1:15 AM,MANOTICK STATION RD btwn NICK ADAMS RD & HERBERTS CORNERS RD (__3ZAZG9),__3ZAZG9,01 - Non intersection,03 - P.D. only,07 - SMV other,01 - Clear,07 - Dark,02 - Wet,10 - No control,,1,0,0,0,,0,,,,,375274.8433,5009259.948,45.21977773,-75.60265367,4332
16--13773,2016/12/25,Unknown,CHANTENAY DR btwn BEAUCLAIRE DR & BEAUCLAIRE DR (__3ZA7K1),__3ZA7K1,01 - Non intersection,03 - P.D. only,06 - SMV unattended vehicle,01 - Clear,00 - Unknown,06 - Ice,10 - No control,,1,0,0,0,,0,,,,,380640.0415,5038902.764,45.48592834,-75.52980202,4333
16--13964,2016/12/30,5:03 PM,BANTREE ST @ SHEFFIELD RD (0008395),8395,03 - At intersection,03 - P.D. only,05 - Turning movement,01 - Clear,07 - Dark,04 - Slush,03 - Yield sign,01 - Functioning,2,0,0,0,,0,,,,,374647.5691,5030045.783,45.40686368,-75.60770943,4334
16--1788,2016/02/11,6:02 PM,WOODROFFE AVE/HWY 417 WOODROFF IC127R25 @ HWY  (0002348),2348,02 - Intersection related,03 - P.D. only,03 - Rear end,01 - Clear,05 - Dusk,01 - Dry,01 - Traffic signal,01 - Functioning,2,0,0,0,,0,,,,,362180.1342,5024694.013,45.35984221,-75.76758631,4335
16--13594,2016/12/21,1:15 PM,MEADOWLANDS DR btwn TURN LANE & SULLIVAN AVE (__3ZA3GE),__3ZA3GE,04 - At/near private drive,03 - P.D. only,05 - Turning movement,01 - Clear,01 - Daylight,01 - Dry,10 - No control,,2,0,0,0,,0,,,,,363099.9732,5022755.368,45.34232257,-75.75607482,4336
16--13774,2016/12/25,12:54 AM,FAIRLEA CRES btwn HEATHERINGTON RD & GORE PRIV (__3ZBORS),__3ZBORS,01 - Non intersection,03 - P.D. only,06 - SMV unattended vehicle,01 - Clear,07 - Dark,02 - Wet,10 - No control,,2,0,0,0,,0,,,,,372077.4019,5026587.236,45.37599684,-75.64101064,4337
16--13775,2016/12/25,3:00 PM,EVELYN DR/MUSKET WAY @ TODD DR (0000427),427,02 - Intersection related,03 - P.D. only,01 - Approaching,01 - Clear,01 - Daylight,01 - Dry,03 - Yield sign,00 - Unknown,2,0,0,0,,0,,,,,357424.1483,5006725.445,45.19853117,-75.83019357,4338
16--13776,2016/12/25,3:00 PM,VINEYARD DR btwn SAUTERNE PK & SAUTERNE PK (__3ZA67J),__3ZA67J,01 - Non intersection,03 - P.D. only,06 - SMV unattended vehicle,01 - Clear,01 - Daylight,04 - Slush,10 - No control,,1,0,0,0,,0,,,,,379238.6257,5037075.376,45.46963778,-75.5480043,4339
16--13777,2016/12/25,3:00 PM,SUMMERWIND CRES btwn WINDHURST DR & WINDHURST DR (__3ZA1A8),__3ZA1A8,04 - At/near private drive,03 - P.D. only,06 - SMV unattended vehicle,99 - Other,99 - Other,99 - Other,10 - No control,,1,0,0,0,,0,,,,,366071.5869,5015957.24,45.28090047,-75.71900021,4340
16--13778,2016/12/25,5:12 AM,ISLAND PARK DR btwn HARMER AVE S & HURON AVE S (__3ZA23V),__3ZA23V,01 - Non intersection,02 - Non-fatal injury,07 - SMV other,01 - Clear,07 - Dark,02 - Wet,10 - No control,,1,0,0,0,01 - Minimal,1,1,,,,365295.2633,5028061.879,45.38988376,-75.72741506,4341
16--13779,2016/12/25,6:17 AM,FIELDING DR @ MCCARTHY RD (0007057),7057,02 - Intersection related,02 - Non-fatal injury,07 - SMV other,01 - Clear,07 - Dark,02 - Wet,01 - Traffic signal,01 - Functioning,1,0,0,0,02 - Minor,2,,2,,,369366.7197,5025039.931,45.36232967,-75.67581884,4342
16--1378,2016/01/30,2:11 PM,PRINCE OF WALES DR @ STRANDHERD DR (0013339),13339,03 - At intersection,02 - Non-fatal injury,05 - Turning movement,01 - Clear,01 - Daylight,01 - Dry,01 - Traffic signal,01 - Functioning,2,0,0,0,02 - Minor,1,,1,,,367173.9582,5014823.925,45.27060604,-75.70509255,4343
16--13780,2016/12/25,7:30 PM,MAIN ST @ RIVERDALE AVE (0007229),7229,02 - Intersection related,03 - P.D. only,03 - Rear end,01 - Clear,07 - Dark,01 - Dry,01 - Traffic signal,01 - Functioning,2,0,0,0,,0,,,,,369431.7411,5029530.424,45.40272772,-75.67440104,4344
16--13781,2016/12/25,9:00 AM,ROLLING MEADOW CRES btwn ESTERBROOK DR S & KNOTRIDGE ST (__67PTLL),__67PTLL,01 - Non intersection,03 - P.D. only,06 - SMV unattended vehicle,01 - Clear,01 - Daylight,04 - Slush,10 - No control,,1,0,0,0,,0,,,,,381866.1867,5032520.769,45.42837415,-75.51511883,4345
16--13782,2016/12/25,9:46 PM,MARCH RD btwn DUNROBIN RD & MURPHY CRT (__3ZA3DI),__3ZA3DI,01 - Non intersection,03 - P.D. only,07 - SMV other,01 - Clear,07 - Dark,01 - Dry,10 - No control,,1,0,0,0,,0,,,,,347548.0998,5025934.273,45.37204726,-75.9542358,4346
16--13783,2016/12/26,1:00 PM,HIGHWAY 417 btwn HWY417 IC122 RAMP15 & HWY417 IC121B RAMP51 (__3ZA2RB),__3ZA2RB,01 - Non intersection,03 - P.D. only,07 - SMV other,04 - Freezing Rain,01 - Daylight,06 - Ice,10 - No control,,1,0,0,0,,0,,,,,365790.0185,5029171.399,45.39982406,-75.72095996,4347
16--13784,2016/12/26,1:00 PM,HIGHWAY 417 btwn HWY417 IC122 RAMP15 & HWY417 IC121B RAMP51 (__3ZA2RB),__3ZA2RB,01 - Non intersection,03 - P.D. only,07 - SMV other,04 - Freezing Rain,01 - Daylight,06 - Ice,10 - No control,,1,0,0,0,,0,,,,,365836.5853,5029198.916,45.40006759,-75.7203618,4348
16--13785,2016/12/26,1:04 PM,HIGHWAY 417 btwn HWY417 IC119A RAMP67 & HWY417 IC118 RAMP76 (__3ZA2YS),__3ZA2YS,01 - Non intersection,02 - Non-fatal injury,04 - Sideswipe,04 - Freezing Rain,01 - Daylight,06 - Ice,10 - No control,,2,0,0,0,02 - Minor,1,,1,,,368922.6915,5030699.635,45.4132947,-75.68075084,4349
16--13786,2016/12/26,1:10 PM,HIGHWAY 417 btwn HIGHWAY 417 & HIGHWAY 417 (2) (__3ZA2UZ),__3ZA2UZ,01 - Non intersection,03 - P.D. only,07 - SMV other,04 - Freezing Rain,01 - Daylight,06 - Ice,10 - No control,,1,0,0,0,,0,,,,,375376.8444,5030294.928,45.4090322,-75.59835855,4350
16--13787,2016/12/26,1:19 PM,JOHNSTON RD btwn GRANDPARK CIRC & BASLAW DR (__3ZA46V),__3ZA46V,01 - Non intersection,03 - P.D. only,03 - Rear end,04 - Freezing Rain,01 - Daylight,06 - Ice,10 - No control,,2,0,0,0,,0,,,,,373644.3658,5026424.429,45.37437977,-75.62102888,4351
16--13788,2016/12/26,1:24 PM,RIVERSIDE DR NB btwn FROBISHER LANE & HINCKS LANE (__3ZAZR1),__3ZAZR1,01 - Non intersection,03 - P.D. only,07 - SMV other,04 - Freezing Rain,01 - Daylight,06 - Ice,10 - No control,,1,0,0,0,,0,,,,,370135.297,5029650.14,45.40373957,-75.66539898,4352
16--13789,2016/12/26,1:30 PM,HIGHWAY 417 btwn HWY417 IC118 RAMP67 & HWY417 IC117 RAMP36 (__3ZA2YO),__3ZA2YO,01 - Non intersection,03 - P.D. only,04 - Sideswipe,04 - Freezing Rain,01 - Daylight,06 - Ice,10 - No control,,2,0,0,0,,0,,,,,370196.7157,5031121.7,45.41697437,-75.66441927,4353
16--1379,2016/01/30,2:16 AM,ALTA VISTA DR btwn DALE AVE & 75 S OF CALEDON ST (__3ZA97HB),__3ZA97HB,01 - Non intersection,02 - Non-fatal injury,06 - SMV unattended vehicle,01 - Clear,07 - Dark,01 - Dry,10 - No control,,1,0,0,0,03 - Major,2,,1,1,,370727.9892,5030275.958,45.40931487,-75.657745,4354
16--13790,2016/12/26,1:34 PM,INNES RD @ TENTH LINE RD (0004633),4633,02 - Intersection related,03 - P.D. only,03 - Rear end,04 - Freezing Rain,01 - Daylight,06 - Ice,01 - Traffic signal,01 - Functioning,2,0,0,0,,0,,,,,383954.2448,5036158.319,45.46086843,-75.48785311,4355
16--13791,2016/12/26,1:35 PM,HIGHWAY 417 btwn HWY417 IC110 RAMP64 & HWY417 IC104 RAMP16 (__3ZA2W9),__3ZA2W9,01 - Non intersection,03 - P.D. only,07 - SMV other,03 - Snow,01 - Daylight,06 - Ice,10 - No control,,1,0,0,0,,0,,,,,378030.0914,5026427.77,45.37396523,-75.56504086,4356
16--13792,2016/12/26,1:56 PM,HIGHWAY 417 btwn HWY417 IC96 RAMP61 & HIGHWAY 417 (__3ZA271),__3ZA271,01 - Non intersection,03 - P.D. only,07 - SMV other,04 - Freezing Rain,01 - Daylight,06 - Ice,10 - No control,,1,0,0,0,,0,,,,,387509.3903,5023862.365,45.34982926,-75.4444635,4357
16--13793,2016/12/26,1:58 AM,MEADOWLANDS DR @ MERIVALE RD (0000625),625,03 - At intersection,02 - Non-fatal injury,05 - Turning movement,01 - Clear,07 - Dark,01 - Dry,01 - Traffic signal,01 - Functioning,2,0,0,0,01 - Minimal,3,3,,,,364859.5281,5023725.924,45.35090707,-75.73350651,4358
16--13794,2016/12/26,10:17 AM,HUNTMAR DR @ MAPLE GROVE RD (0003119),3119,02 - Intersection related,03 - P.D. only,03 - Rear end,04 - Freezing Rain,01 - Daylight,02 - Wet,01 - Traffic signal,01 - Functioning,3,0,0,0,,0,,,,,350268.4332,5016713.867,45.2889086,-75.92035401,4359
16--13795,2016/12/26,11:12 PM,MILTON RD btwn PERRAULT RD & RUSSELL RD (__3ZBOGV),__3ZBOGV,01 - Non intersection,02 - Non-fatal injury,07 - SMV other,02 - Rain,07 - Dark,04 - Slush,10 - No control,,1,0,0,0,01 - Minimal,1,1,,,,388690.9263,5028155.586,45.38831532,-75.42865834,4360
16--13796,2016/12/26,11:15 PM,INNES RD WB btwn INNES RD E/BLACKBURN BYPASS & ORLEANS BLVD (__3ZA1ZJ),__3ZA1ZJ,01 - Non intersection,03 - P.D. only,03 - Rear end,04 - Freezing Rain,07 - Dark,06 - Ice,10 - No control,,2,0,0,0,,0,,,,,380066.9171,5034062.176,45.44243854,-75.53787396,4361
16--13797,2016/12/26,11:27 AM,RIVERSIDE DR @ TREMBLAY RD/HWY417 IC117 RAMP52 (0010790),10790,02 - Intersection related,03 - P.D. only,03 - Rear end,04 - Freezing Rain,01 - Daylight,06 - Ice,01 - Traffic signal,01 - Functioning,2,0,0,0,,0,,,,,370801.2499,5031015.494,45.41596201,-75.65671014,4362
16--13798,2016/12/26,Unknown,WATERBRIDGE DR btwn CRESTWAY DR & OLDFIELD ST (__4CZRM3),__4CZRM3,01 - Non intersection,03 - P.D. only,06 - SMV unattended vehicle,04 - Freezing Rain,00 - Unknown,06 - Ice,10 - No control,,1,0,0,0,,0,,,,,366554.4923,5016115.194,45.28227947,-75.71282577,4363
16--13799,2016/12/26,Unknown,WOOD ACRES GROVE btwn CEDAR CREEK DR & END (e___1GCX),e___1GCX,01 - Non intersection,03 - P.D. only,06 - SMV unattended vehicle,01 - Clear,00 - Unknown,02 - Wet,10 - No control,,1,0,0,0,,0,,,,,375846.981,5020038.456,45.31670179,-75.59382771,4364
16--138,2016/01/05,11:00 AM,DONALD ST btwn FINDON GT & BELGATE WAY (__3ZBO2T),__3ZBO2T,04 - At/near private drive,03 - P.D. only,02 - Angle,01 - Clear,01 - Daylight,01 - Dry,10 - No control,,2,0,0,0,,0,,,,,372445.3991,5032439.338,45.42861608,-75.63550991,4365
16--1380,2016/01/30,3:10 AM,CHAPEL ST @ STEWART ST (0008494),8494,03 - At intersection,03 - P.D. only,04 - Sideswipe,01 - Clear,07 - Dark,02 - Wet,02 - Stop sign,01 - Functioning,2,0,0,0,,0,,,,,369014.0987,5032437.029,45.42891875,-75.67935667,4366
16--13800,2016/12/26,12:31 PM,HIGHWAY 417 btwn HWY417 IC122 RAMP15 & HWY417 IC121B RAMP51 (__3ZA2RB),__3ZA2RB,01 - Non intersection,03 - P.D. only,07 - SMV other,04 - Freezing Rain,01 - Daylight,06 - Ice,10 - No control,,1,0,0,0,,0,,,,,365796.3686,5029173.516,45.39984255,-75.72087859,4367
16--13801,2016/12/26,12:33 PM,RIDEAU ST btwn KING EDWARD AVE & NELSON ST (__3ZA3VG),__3ZA3VG,04 - At/near private drive,02 - Non-fatal injury,05 - Turning movement,04 - Freezing Rain,01 - Daylight,06 - Ice,10 - No control,,2,0,0,0,01 - Minimal,1,1,,,,368625.3082,5032485.286,45.42938854,-75.68431857,4368
16--13802,2016/12/26,12:37 PM,BAYSHORE DR btwn WOODRIDGE CRES S & BAYSHORE CS (__3ZAA4OB),__3ZAA4OB,04 - At/near private drive,03 - P.D. only,02 - Angle,04 - Freezing Rain,01 - Daylight,06 - Ice,10 - No control,,2,0,0,0,,0,,,,,359180.6669,5023601.431,45.35025023,-75.8059895,4369
16--13803,2016/12/26,12:45 PM,HIGHWAY 417 btwn HWY417 IC123 RAMP62 & HWY417 IC122 RAMP16 (__3ZA2R9),__3ZA2R9,01 - Non intersection,03 - P.D. only,07 - SMV other,04 - Freezing Rain,01 - Daylight,06 - Ice,10 - No control,,1,0,0,0,,0,,,,,365110.5672,5028688.798,45.39554058,-75.72969697,4370
16--13804,2016/12/26,2:27 PM,HIGHWAY 417 btwn HWY417 IC123 RAMP62 & HWY417 IC122 RAMP16 (__3ZA2R9),__3ZA2R9,01 - Non intersection,03 - P.D. only,07 - SMV other,04 - Freezing Rain,01 - Daylight,06 - Ice,10 - No control,,1,0,0,0,,0,,,,,364829.05,5028166.827,45.39086818,-75.73335576,4371
16--13805,2016/12/26,2:35 PM,BAYCREST DR @ CEDARWOOD DR (0006999),6999,03 - At intersection,03 - P.D. only,02 - Angle,04 - Freezing Rain,01 - Daylight,06 - Ice,02 - Stop sign,01 - Functioning,2,0,0,0,,0,,,,,371229.7263,5026790.778,45.37790912,-75.65180507,4372
16--13806,2016/12/26,2:45 PM,HIGHWAY 417 btwn HWY417 IC140 RAMP51 & HWY417 IC140 RAMP35 (__3ZAZEY),__3ZAZEY,01 - Non intersection,02 - Non-fatal injury,04 - Sideswipe,04 - Freezing Rain,01 - Daylight,06 - Ice,10 - No control,,3,0,0,0,02 - Minor,2,,2,,,350778.8002,5018447.074,45.30447129,-75.91368733,4373
16--13807,2016/12/26,2:46 PM,HIGHWAY 417 btwn HWY417 IC138 RAMP26 & HWY417 IC138 RAMP61 (__3ZA20H),__3ZA20H,01 - Non intersection,03 - P.D. only,07 - SMV other,04 - Freezing Rain,01 - Daylight,06 - Ice,10 - No control,,1,0,0,0,,0,,,,,353115.6049,5020357.158,45.32150177,-75.88370428,4374
16--13808,2016/12/26,3:00 PM,HIGHWAY 416 btwn HWY416 IC66 RAMP34 & HWY416 IC66 RAMP63 (__3ZAZM2),__3ZAZM2,01 - Non intersection,03 - P.D. only,07 - SMV other,04 - Freezing Rain,01 - Daylight,06 - Ice,10 - No control,,1,0,0,0,,0,,,,,359902.4984,5014987.587,45.27268604,-75.79773602,4375
16--13809,2016/12/26,3:39 PM,CARP RD btwn MARCH RD & JOHN CAVANAUGH DR (__3ZA3FZ),__3ZA3FZ,01 - Non intersection,03 - P.D. only,01 - Approaching,04 - Freezing Rain,01 - Daylight,06 - Ice,10 - No control,,2,0,0,0,,0,,,,,343926.0835,5019743.63,45.31655335,-76.00096584,4376
16--1381,2016/01/30,3:18 PM,VANIER PKWY NB btwn BEECHWOOD AVE/ ST. PATRICK ST/CRICHTON ST & DESCHA (__3ZA4SV),__3ZA4SV,01 - Non intersection,02 - Non-fatal injury,03 - Rear end,01 - Clear,01 - Daylight,01 - Dry,10 - No control,,3,0,0,0,01 - Minimal,1,1,,,,369222.7657,5033454.275,45.43805235,-75.67655712,4377
16--13810,2016/12/26,4:34 PM,UPPER DWYER HILL RD btwn MARCH RD & OLD ALMONTE RD (__3ZA4QB),__3ZA4QB,01 - Non intersection,03 - P.D. only,07 - SMV other,04 - Freezing Rain,05 - Dusk,06 - Ice,10 - No control,,1,0,0,0,,0,,,,,336742.1012,5011330.014,45.24120653,-76.09313291,4378
16--13811,2016/12/26,4:39 PM,REGIONAL ROAD 174 btwn OR174 IC112 RAMP51 & OR174 IC112 RAMP15 (__3ZA2XE),__3ZA2XE,01 - Non intersection,03 - P.D. only,07 - SMV other,04 - Freezing Rain,05 - Dusk,06 - Ice,10 - No control,,1,0,0,0,,0,,,,,374965.9942,5032949.753,45.43296018,-75.60322855,4379
16--13812,2016/12/26,4:43 PM,STAGECOACH RD btwn OLD STAGECOACH RD & BLANCHFIELD RD (__30LJDU),__30LJDU,01 - Non intersection,03 - P.D. only,07 - SMV other,04 - Freezing Rain,05 - Dusk,06 - Ice,10 - No control,,1,0,0,0,,0,,,,,377826.874,5001260.103,45.14753721,-75.57133434,4380
16--13813,2016/12/26,4:45 PM,HIGHWAY 417 btwn HWY417 IC131 RAMP66 & HWY417 IC130 RAMP26 (__3ZA29A),__3ZA29A,01 - Non intersection,03 - P.D. only,07 - SMV other,04 - Freezing Rain,05 - Dusk,06 - Ice,10 - No control,,1,0,0,0,,0,,,,,359224.5287,5023081.737,45.34557061,-75.80548697,4381
16--13814,2016/12/26,5:00 PM,HIGHWAY 7 btwn ASHTON STATION RD & OVERPASS RD (__3ZA2QE),__3ZA2QE,01 - Non intersection,03 - P.D. only,07 - SMV other,04 - Freezing Rain,07 - Dark,06 - Ice,10 - No control,,1,0,0,0,,0,,,,,340065.4816,5003826.573,45.17352726,-76.05133324,4382
16--13815,2016/12/26,5:00 PM,HIGHWAY 7 btwn ASHTON STATION RD & OVERPASS RD (__3ZA2QE),__3ZA2QE,01 - Non intersection,03 - P.D. only,07 - SMV other,04 - Freezing Rain,07 - Dark,06 - Ice,10 - No control,,1,0,0,0,,0,,,,,340013.3077,5003803.83,45.17332521,-76.05199861,4383
16--13816,2016/12/26,5:05 PM,OSGOODE MAIN ST @ RIVER RD (0001701),1701,02 - Intersection related,02 - Non-fatal injury,02 - Angle,04 - Freezing Rain,07 - Dark,06 - Ice,02 - Stop sign,00 - Unknown,2,0,0,0,02 - Minor,3,,3,,,373031.7035,4999619.303,45.13325288,-75.63253007,4384
16--13817,2016/12/26,5:06 PM,METCALFE ST @ LAURIER AVE (0002231),2231,03 - At intersection,03 - P.D. only,02 - Angle,04 - Freezing Rain,07 - Dark,06 - Ice,01 - Traffic signal,01 - Functioning,2,0,0,0,,0,,,,,367793.5376,5031450.334,45.4201518,-75.69507981,4385
16--13818,2016/12/26,5:09 PM,BLACKBURN BYPASS WB btwn NAVAN RD & 1700 W OF NAVAN RD (__3ZA3J5B),__3ZA3J5B,01 - Non intersection,03 - P.D. only,07 - SMV other,03 - Snow,07 - Dark,04 - Slush,10 - No control,,1,0,0,0,,0,,,,,379469.0805,5033163.342,45.43441559,-75.54565129,4386
16--13819,2016/12/26,5:18 PM,HWY 417 VANIER IC117R63 @ VANIER PKWY (0002101),2101,03 - At intersection,03 - P.D. only,02 - Angle,04 - Freezing Rain,07 - Dark,06 - Ice,01 - Traffic signal,01 - Functioning,2,0,0,0,,0,,,,,370799.4303,5031398.715,45.41941025,-75.65668206,4387
16--1382,2016/01/30,4:40 AM,CAMBRIAN RD btwn BORRISOKANE RD & GRAND CANAL ST (__7N36UU),__7N36UU,01 - Non intersection,02 - Non-fatal injury,07 - SMV other,03 - Snow,07 - Dark,03 - Loose snow,10 - No control,,1,0,0,0,01 - Minimal,1,1,,,,363437.3586,5012083.228,45.2462666,-75.75303183,4388
16--13820,2016/12/26,5:36 PM,VANIER PKWY NB btwn RIVERSIDE DR & HWY417 IC117 RAMP26 (__3ZA4TH),__3ZA4TH,07 - Overpass or bridge,03 - P.D. only,07 - SMV other,04 - Freezing Rain,07 - Dark,06 - Ice,10 - No control,,1,0,0,0,,0,,,,,370809.0715,5031260.351,45.4181644,-75.65657741,4389
16--13821,2016/12/26,6:20 PM,HIGHWAY 417 btwn HWY417 IC117 RAMP25 & HWY417 IC115 RAMP51 (__3ZA2R3),__3ZA2R3,01 - Non intersection,03 - P.D. only,07 - SMV other,04 - Freezing Rain,07 - Dark,06 - Ice,10 - No control,,1,0,0,0,,0,,,,,371529.4067,5031396.749,45.41932332,-75.64735597,4390
16--13822,2016/12/26,6:20 PM,HIGHWAY 417 btwn HWY417 IC140 RAMP61 & HWY417 IC139 RAMP61 (__4BCL0Z),__4BCL0Z,01 - Non intersection,03 - P.D. only,07 - SMV other,04 - Freezing Rain,07 - Dark,06 - Ice,10 - No control,,1,0,0,0,,0,,,,,351694.1906,5019226.997,45.31142871,-75.90194129,4391
16--13823,2016/12/26,6:25 PM,HIGHWAY 417 btwn RAMP & HWY417 IC88 RAMP51 (__3ZA2W2),__3ZA2W2,01 - Non intersection,03 - P.D. only,07 - SMV other,04 - Freezing Rain,07 - Dark,06 - Ice,10 - No control,,1,0,0,0,,0,,,,,392273.3118,5022910.004,45.34068291,-75.38384607,4392
16--13824,2016/12/26,6:39 PM,ISLAND PARK DR @ SCOTT ST (0002126),2126,03 - At intersection,02 - Non-fatal injury,02 - Angle,01 - Clear,07 - Dark,04 - Slush,01 - Traffic signal,01 - Functioning,2,0,0,0,02 - Minor,5,,5,,,363833.8102,5029040.818,45.39881679,-75.74596049,4393
16--13825,2016/12/26,6:50 PM,TARTAN DR btwn SOHO CRES & BENTBROOK CRES (__3ZA5KD),__3ZA5KD,04 - At/near private drive,03 - P.D. only,06 - SMV unattended vehicle,04 - Freezing Rain,07 - Dark,06 - Ice,10 - No control,,1,0,0,0,,0,,,,,363242.5572,5014579.2,45.2687417,-75.7552196,4394
16--13826,2016/12/26,7:00 PM,WARMSTONE DR btwn CENTO WAY & ROSEHILL AVE (e___1G0P),e___1G0P,01 - Non intersection,03 - P.D. only,06 - SMV unattended vehicle,04 - Freezing Rain,07 - Dark,06 - Ice,10 - No control,,1,0,0,0,,0,,,,,350117.11,5016324.159,45.28541166,-75.92231863,4395
16--13827,2016/12/26,7:06 PM,ALBION RD btwn RIDEAU RD & TULLAMORE ST (__5RGNIJ),__5RGNIJ,01 - Non intersection,02 - Non-fatal injury,07 - SMV other,04 - Freezing Rain,07 - Dark,06 - Ice,10 - No control,,1,0,0,0,01 - Minimal,1,1,,,,375507.0042,5015711.54,45.27780408,-75.59878038,4396
16--13828,2016/12/26,7:23 PM,BAYSHORE DR @ WOODRIDGE CRES N (0001209),1209,02 - Intersection related,03 - P.D. only,03 - Rear end,04 - Freezing Rain,07 - Dark,06 - Ice,01 - Traffic signal,00 - Unknown,2,0,0,0,,0,,,,,359072.0428,5023873.008,45.3527023,-75.80734586,4397
16--13829,2016/12/26,9:00 PM,HIGHWAY 417 btwn HWY417 IC120A RAMP52 & HWY417 IC119B RAMP57 (__3ZA2R1),__3ZA2R1,01 - Non intersection,03 - P.D. only,07 - SMV other,02 - Rain,07 - Dark,04 - Slush,10 - No control,,1,0,0,0,,0,,,,,368063.465,5030178.229,45.40868146,-75.69179437,4398
16--1383,2016/01/30,4:42 PM,DALY AVE btwn MACKENZIE AVE & NICHOLAS ST (__3ZA8JX),__3ZA8JX,01 - Non intersection,03 - P.D. only,03 - Rear end,01 - Clear,05 - Dusk,02 - Wet,10 - No control,,2,0,0,0,,0,,,,,368141.4222,5031997.177,45.4250407,-75.69056474,4399
16--13830,2016/12/26,9:07 AM,REMNOR AVE btwn BADGELEY AVE & BADGELEY AVE (__54M2TJ),__54M2TJ,01 - Non intersection,03 - P.D. only,06 - SMV unattended vehicle,04 - Freezing Rain,01 - Daylight,06 - Ice,10 - No control,,1,0,0,0,,0,,,,,349705.7681,5020384.547,45.32197463,-75.92719413,4400
16--13831,2016/12/26,9:30 PM,HIGHWAY 417 btwn HWY417 IC124 RAMP65 & HWY417 IC122 RAMP51 (__3ZA2R8),__3ZA2R8,01 - Non intersection,03 - P.D. only,04 - Sideswipe,02 - Rain,07 - Dark,04 - Slush,10 - No control,,2,0,0,0,,0,,,,,364792.3618,5028047.588,45.38979843,-75.73383877,4401
16--13832,2016/12/26,9:35 PM,FLINT CRT btwn PHEASANT RUN DR & READY WAY (__3ZAB74),__3ZAB74,01 - Non intersection,03 - P.D. only,06 - SMV unattended vehicle,04 - Freezing Rain,07 - Dark,06 - Ice,10 - No control,,1,0,0,0,,0,,,,,361458.2113,5015519.66,45.27735005,-75.77784979,4402
16--13833,2016/12/26,9:39 AM,INDUSTRIAL AVE @ ALTA VISTA DR/SANDFORD FLEMIN (0006979),6979,02 - Intersection related,03 - P.D. only,03 - Rear end,01 - Clear,01 - Daylight,01 - Dry,01 - Traffic signal,01 - Functioning,2,0,0,0,,0,,,,,370884.2504,5030558.28,45.41184035,-75.65571107,4403
16--13834,2016/12/26,9:48 PM,HIGHWAY 417 btwn HWY417 IC124 RAMP65 & HWY417 IC122 RAMP51 (__3ZA2R8),__3ZA2R8,01 - Non intersection,03 - P.D. only,07 - SMV other,02 - Rain,07 - Dark,02 - Wet,10 - No control,,1,0,0,0,,0,,,,,364722.5117,5027926.938,45.38871883,-75.73474539,4404
16--13835,2016/12/27,1:32 PM,CARLING AVE @ BAYSHORE DR/BIRCHDALE AVE (0000021),21,02 - Intersection related,03 - P.D. only,04 - Sideswipe,01 - Clear,01 - Daylight,02 - Wet,01 - Traffic signal,00 - Unknown,2,0,0,0,,0,,,,,359004.4533,5023991.279,45.35377173,-75.80819545,4405
16--13836,2016/12/27,10:36 PM,MONTREAL RD @ VANIER PKWY (0004630),4630,03 - At intersection,03 - P.D. only,02 - Angle,01 - Clear,07 - Dark,01 - Dry,01 - Traffic signal,01 - Functioning,2,0,0,0,,0,,,,,370071.2332,5033067.607,45.43449458,-75.66576454,4406
16--13837,2016/12/27,11:20 AM,DAGMAR AVE @ HANNAH ST (0010022),10022,03 - At intersection,03 - P.D. only,02 - Angle,01 - Clear,01 - Daylight,06 - Ice,02 - Stop sign,01 - Functioning,2,0,0,0,,0,,,,,370133.7061,5033600.18,45.43928061,-75.66489547,4407
16--13838,2016/12/27,12:20 PM,INNES RD btwn VISENEAU DR & BELCOURT BLVD (__3ZA3JX),__3ZA3JX,01 - Non intersection,03 - P.D. only,04 - Sideswipe,01 - Clear,01 - Daylight,02 - Wet,10 - No control,,2,0,0,0,,0,,,,,381924.5809,5035150.241,45.45202559,-75.51396064,4408
16--13839,2016/12/27,12:55 PM,GALLAGHER RD @ HARNETT RD (0003672),3672,02 - Intersection related,03 - P.D. only,07 - SMV other,01 - Clear,01 - Daylight,06 - Ice,10 - No control,00 - Unknown,1,0,0,0,,0,,,,,362456.7943,4990769.977,45.05456565,-75.76798115,4409