Anom_ID,Accident_Date,Accident_Time,Location,Geo_ID,Accident_Location,Classification_of_Accident,Initial_Impact_Type,Environment_Condition,Light,Road_Surface_Condition,Traffic_Control,Traffic_Control_Condition,No__of_Vehicles,No__of_Bicycles,No__of_Motorcycles,No__of_Pedestrians,Max_Injury,No__of_Injuries,No__of_Minimal,No__of_Minor,No__of_Major,No__of_Fatal,X,Y,Latitude,Longitude,ObjectId
16--1384,2016/01/30,5:30 PM,ISLAND PARK DR btwn RICHMOND RD & BASSETT LANE (__3ZA235),__3ZA235,01 - Non intersection,03 - P.D. only,03 - Rear end,01 - Clear,05 - Dusk,02 - Wet,10 - No control,,2,0,0,0,,0,,,,,364144.8226,5028848.144,45.39705686,-75.74201146,4410
16--13840,2016/12/27,2:52 AM,RAMSAYVILLE RD btwn WALKLEY EXTENSION RD & RIDGE RD (__3ZA2ER),__3ZA2ER,01 - Non intersection,03 - P.D. only,07 - SMV other,02 - Rain,07 - Dark,06 - Ice,10 - No control,,1,0,0,0,,0,,,,,376488.7612,5029363.821,45.40054162,-75.58429064,4411
16--13841,2016/12/27,2:59 AM,ISABELLA ST/HWY 417 O'CONN IC119BR57 @ O'CONNO (0001698),1698,02 - Intersection related,03 - P.D. only,03 - Rear end,02 - Rain,07 - Dark,02 - Wet,01 - Traffic signal,01 - Functioning,2,0,0,0,,0,,,,,368297.7422,5030310.125,45.409847,-75.68878473,4412
16--13842,2016/12/27,4:52 PM,PLACE D'ORLEANS DR W @ ST. JOSEPH BLVD (0008776),8776,02 - Intersection related,03 - P.D. only,05 - Turning movement,02 - Rain,07 - Dark,02 - Wet,01 - Traffic signal,00 - Unknown,2,0,0,0,,0,,,,,381601.903,5037683.716,45.47485523,-75.51768966,4413
16--13843,2016/12/27,4:53 PM,FRANK KENNY RD @ RUSSELL RD (0004678),4678,02 - Intersection related,03 - P.D. only,03 - Rear end,03 - Snow,07 - Dark,02 - Wet,02 - Stop sign,01 - Functioning,2,0,0,0,,0,,,,,392567.0638,5026367.616,45.37175415,-75.37948468,4414
16--13844,2016/12/27,4:55 PM,BAYSHORE DR SB btwn WOODRIDGE CRES & BAYSHORE DR SB RAMPS TO RICHMOND  (__3ZAA3G),__3ZAA3G,04 - At/near private drive,03 - P.D. only,04 - Sideswipe,03 - Snow,07 - Dark,06 - Ice,10 - No control,,2,0,0,0,,0,,,,,359259.3419,5023480.106,45.34915244,-75.80499888,4415
16--13845,2016/12/27,5:00 AM,HAWKTREE RDG btwn DOCHART TER & END (__4BZCTM),__4BZCTM,04 - At/near private drive,03 - P.D. only,06 - SMV unattended vehicle,01 - Clear,07 - Dark,01 - Dry,10 - No control,,1,0,0,0,,0,,,,,365951.5667,5012764.45,45.25218229,-75.72092301,4416
16--13846,2016/12/27,5:06 PM,BATEMAN DR btwn BELLMAN DR & DUNBAR CRT (__3ZABQW),__3ZABQW,01 - Non intersection,02 - Non-fatal injury,07 - SMV other,03 - Snow,07 - Dark,03 - Loose snow,10 - No control,,1,0,0,0,01 - Minimal,1,1,,,,361308.0213,5021033.638,45.3269771,-75.7791354,4417
16--13847,2016/12/27,5:43 PM,OLD SECOND LINE RD @ TERRY FOX DR (0013616),13616,02 - Intersection related,03 - P.D. only,07 - SMV other,02 - Rain,07 - Dark,02 - Wet,01 - Traffic signal,00 - Unknown,1,0,0,0,,0,,,,,348795.2,5022408.413,45.34024358,-75.93862864,4418
16--13848,2016/12/27,6:00 PM,HAZELDEAN RD @ 246 E OF CASTLEFRANK RD/FARMBOY (0011366),11366,03 - At intersection,02 - Non-fatal injury,07 - SMV other,04 - Freezing Rain,07 - Dark,03 - Loose snow,01 - Traffic signal,01 - Functioning,1,0,0,1,02 - Minor,1,,1,,,352861.0845,5017842.322,45.2988902,-75.88719457,4419
16--13849,2016/12/27,6:51 PM,BOUNDARY RD @ PARKWAY RD (0001707),1707,03 - At intersection,02 - Non-fatal injury,07 - SMV other,05 - Drifting Snow,07 - Dark,06 - Ice,02 - Stop sign,01 - Functioning,1,0,0,0,02 - Minor,1,,1,,,388799.8253,5020306.702,45.31768516,-75.4286013,4420
16--1385,2016/01/30,5:54 PM,GREENBANK RD @ LISA AVE (0002753),2753,02 - Intersection related,02 - Non-fatal injury,03 - Rear end,01 - Clear,07 - Dark,02 - Wet,01 - Traffic signal,01 - Functioning,2,0,0,0,02 - Minor,1,,1,,,360554.0165,5022894.151,45.3437783,-75.78854378,4421
16--13850,2016/12/27,7:03 AM,BELISLE ST btwn MCARTHUR AVE & END (__3ZA7B7),__3ZA7B7,04 - At/near private drive,03 - P.D. only,06 - SMV unattended vehicle,01 - Clear,03 - Dawn,06 - Ice,10 - No control,,1,0,0,0,,0,,,,,371295.2871,5032919.812,45.43304946,-75.65014151,4422
16--13851,2016/12/27,7:08 PM,MERIVALE RD @ WEST HUNT CLUB RD (0000584),584,02 - Intersection related,03 - P.D. only,03 - Rear end,04 - Freezing Rain,07 - Dark,02 - Wet,01 - Traffic signal,01 - Functioning,3,0,0,0,,0,,,,,365611.867,5021941.256,45.33478404,-75.72412525,4423
16--13852,2016/12/27,7:23 AM,RUSSELL RD btwn HAWTHORNE RD & HYDRO RD (__3ZA1LU),__3ZA1LU,01 - Non intersection,03 - P.D. only,07 - SMV other,01 - Clear,03 - Dawn,02 - Wet,10 - No control,,1,0,0,0,,0,,,,,375061.7403,5028111.539,45.38941889,-75.60269463,4424
16--13853,2016/12/27,7:30 PM,FERNBANK RD btwn JINKINSON RD & BLACK'S SIDE RD (__3ZACRF),__3ZACRF,01 - Non intersection,03 - P.D. only,07 - SMV other,03 - Snow,07 - Dark,03 - Loose snow,10 - No control,,1,0,0,0,,0,,,,,346120.9388,5007867.061,45.20955714,-75.97396059,4425
16--13854,2016/12/27,8:15 PM,CEDARVIEW RD @ JOCKVALE RD (0000788),788,03 - At intersection,02 - Non-fatal injury,02 - Angle,03 - Snow,07 - Dark,05 - Packed snow,11 - Roundabout,01 - Functioning,2,0,0,0,01 - Minimal,1,1,,,,361473.014,5015254.503,45.27496295,-75.7776914,4426
16--13855,2016/12/27,8:33 AM,FLEWELLYN RD btwn WORLEY ST & ORMROD RD (__3ZAC05),__3ZAC05,01 - Non intersection,03 - P.D. only,07 - SMV other,01 - Clear,01 - Daylight,02 - Wet,10 - No control,,1,0,0,0,,0,,,,,341769.9757,5002175.075,45.15857874,-76.02977074,4427
16--13856,2016/12/27,8:35 PM,HWY416 IC75A RAMP26 btwn HIGHWAY 417 & HIGHWAY 416 (__3ZAY4Y),__3ZAY4Y,01 - Non intersection,03 - P.D. only,03 - Rear end,01 - Clear,07 - Dark,02 - Wet,10 - No control,,2,0,0,0,,0,,,,,358185.5969,5022769.034,45.34283674,-75.81877761,4428
16--13857,2016/12/28,1:11 PM,GILMOUR ST btwn METCALFE ST & ELGIN ST (__3ZA9TG),__3ZA9TG,01 - Non intersection,03 - P.D. only,06 - SMV unattended vehicle,03 - Snow,01 - Daylight,03 - Loose snow,10 - No control,,1,0,0,0,,0,,,,,368246.0847,5031050.851,45.41651649,-75.68934927,4429
16--13858,2016/12/28,1:20 PM,HWY 417 MAITLAND IC126R26/62 @ MAITLAND AVE (0008228),8228,03 - At intersection,03 - P.D. only,05 - Turning movement,01 - Clear,01 - Daylight,01 - Dry,01 - Traffic signal,01 - Functioning,2,0,0,0,,0,,,,,363146.046,5025984.456,45.37137375,-75.75510584,4430
16--13859,2016/12/28,1:22 PM,ELGIN ST @ WELLINGTON ST W (0002113),2113,03 - At intersection,03 - P.D. only,04 - Sideswipe,01 - Clear,01 - Daylight,02 - Wet,01 - Traffic signal,01 - Functioning,2,0,0,0,,0,,,,,367663.0475,5031877.991,45.42401145,-75.69669246,4431
16--1386,2016/01/30,6:34 PM,MEADOWLANDS DR btwn ASHWOOD CRES & BAYNE AVE (__3ZA4HS),__3ZA4HS,01 - Non intersection,03 - P.D. only,07 - SMV other,01 - Clear,07 - Dark,02 - Wet,10 - No control,,1,0,0,0,,0,,,,,364725.7228,5023653.836,45.35026987,-75.73522274,4432
16--13860,2016/12/28,10:25 AM,ST. LAURENT BLVD @ TREMBLAY RD (0002573),2573,03 - At intersection,03 - P.D. only,02 - Angle,01 - Clear,01 - Daylight,01 - Dry,01 - Traffic signal,01 - Functioning,2,0,0,0,,0,,,,,372595.7139,5031241.162,45.4178209,-75.63375405,4433
16--1789,2016/02/11,6:14 PM,HIGHWAY 417 btwn HWY417 IC134 RAMP36 & HWY417 IC134 RAMP26 (__3ZA29C),__3ZA29C,01 - Non intersection,03 - P.D. only,03 - Rear end,01 - Clear,07 - Dark,01 - Dry,10 - No control,,2,0,0,0,,0,,,,,356414.8035,5022290.799,45.33866607,-75.84142203,4434
16--179,2016/01/05,9:18 AM,CARLING AVE @ HOLLAND AVE (0002146),2146,03 - At intersection,02 - Non-fatal injury,02 - Angle,01 - Clear,01 - Daylight,02 - Wet,01 - Traffic signal,01 - Functioning,2,0,0,0,01 - Minimal,1,1,,,,365416.2426,5028038.088,45.38965924,-75.72587309,4435
16--1790,2016/02/11,6:15 PM,HWY417 IC131 RAMP66 btwn TRANSIT & HWY417 IC130 RAMP36 (__6KES9I),__6KES9I,01 - Non intersection,03 - P.D. only,03 - Rear end,01 - Clear,"08 - Dark, artificial",02 - Wet,10 - No control,,3,0,0,0,,0,,,,,358193.8157,5022837.646,45.34345349,-75.81866533,4436
16--1791,2016/02/11,6:20 PM,HWY417 IC131 RAMP66 btwn HWY417 IC130 RAMP36 & HWY417 IC131 RAMP63 (__3ZA1SX),__3ZA1SX,01 - Non intersection,03 - P.D. only,03 - Rear end,01 - Clear,"08 - Dark, artificial",01 - Dry,10 - No control,,3,0,0,0,,0,,,,,358361.1082,5022870.525,45.34373658,-75.81652718,4437
16--1792,2016/02/11,6:30 PM,WOODROFFE AVE @ KNOXDALE RD/MEDHURST DR (0000519),519,03 - At intersection,03 - P.D. only,05 - Turning movement,01 - Clear,07 - Dark,02 - Wet,01 - Traffic signal,01 - Functioning,2,0,0,0,,0,,,,,363419.7769,5021826.514,45.33393816,-75.75210442,4438
16--1793,2016/02/11,6:36 PM,HWY417 IC142 RAMP16 btwn TO BE DETERMINED & HIGHWAY 417 (__3ZAY5F),__3ZAY5F,01 - Non intersection,02 - Non-fatal injury,07 - SMV other,01 - Clear,07 - Dark,06 - Ice,10 - No control,,1,0,0,0,02 - Minor,2,1,1,,,348964.305,5017418.535,45.2953326,-75.93691589,4439
16--1794,2016/02/11,6:42 AM,BOUNDARY RD btwn MITCH OWENS RD & DEVINE RD (__3ZA3X6),__3ZA3X6,01 - Non intersection,03 - P.D. only,07 - SMV other,03 - Snow,07 - Dark,03 - Loose snow,10 - No control,,1,0,0,0,,0,,,,,388321.0968,5021548.775,45.32891739,-75.43449683,4440
16--1795,2016/02/11,6:45 AM,MOODIE DR btwn ANWATIN ST & ARNOLD DR (__3ZBNGJ),__3ZBNGJ,01 - Non intersection,03 - P.D. only,01 - Approaching,03 - Snow,03 - Dawn,03 - Loose snow,10 - No control,,2,0,0,0,,0,,,,,357507.4498,5019415.952,45.3127167,-75.82778742,4441
16--1796,2016/02/11,6:50 PM,HIGHWAY 417 btwn HWY417 IC124 RAMP67 & HWY417 IC123 RAMP62 (__3ZA2YZ),__3ZA2YZ,01 - Non intersection,03 - P.D. only,03 - Rear end,01 - Clear,"08 - Dark, artificial",01 - Dry,10 - No control,,2,0,0,0,,0,,,,,364786.6357,5028090.416,45.39018428,-75.73390668,4442
16--1797,2016/02/11,7:00 PM,HIGHWAY 417 btwn HWY417 IC126 RAMP61 & HWY417 IC124 RAMP76 (__3ZA2Y2),__3ZA2Y2,01 - Non intersection,03 - P.D. only,03 - Rear end,03 - Snow,07 - Dark,02 - Wet,10 - No control,,2,0,0,0,,0,,,,,363680.7452,5026543.26,45.37635707,-75.74821339,4443
16--1798,2016/02/11,7:23 PM,BRITTANY DR @ MONTREAL RD (0007685),7685,03 - At intersection,03 - P.D. only,05 - Turning movement,06 - Strong wind,07 - Dark,06 - Ice,01 - Traffic signal,01 - Functioning,2,0,0,0,,0,,,,,371912.4923,5033995.24,45.44266669,-75.64210744,4444
16--1799,2016/02/11,7:30 PM,HIGHWAY 417 btwn HWY417 IC122 RAMP16 & HWY417 IC122 RAMP61 (__3ZA2RA),__3ZA2RA,01 - Non intersection,03 - P.D. only,03 - Rear end,01 - Clear,"08 - Dark, artificial",01 - Dry,10 - No control,,2,0,0,0,,0,,,,,365329.062,5028894.039,45.39736844,-75.72688136,4445
16--18,2016/01/01,5:30 AM,HIGHWAY 417 btwn HWY417 IC110 RAMP64 & HWY417 IC104 RAMP16 (__3ZA2W9),__3ZA2W9,01 - Non intersection,03 - P.D. only,07 - SMV other,03 - Snow,07 - Dark,03 - Loose snow,10 - No control,,1,0,0,0,,0,,,,,379859.5839,5025998.284,45.36990741,-75.54175147,4446
16--13965,2016/12/30,5:03 PM,BANK ST @ LEITRIM RD (0004125),4125,02 - Intersection related,03 - P.D. only,03 - Rear end,01 - Clear,07 - Dark,01 - Dry,01 - Traffic signal,01 - Functioning,3,0,0,0,,0,,,,,375356.926,5021619.083,45.33097306,-75.59985215,4447
16--180,2016/01/05,9:23 AM,HUNTER'S RUN DR @ JEANNE D'ARC BLVD (0012419),12419,02 - Intersection related,03 - P.D. only,03 - Rear end,01 - Clear,01 - Daylight,01 - Dry,01 - Traffic signal,01 - Functioning,2,0,0,0,,0,,,,,380567.0886,5036174.792,45.46139219,-75.53115583,4448
16--1800,2016/02/11,7:32 AM,MARCH RD btwn KLONDIKE RD & MORGAN'S GRANT WAY (__3ZA2EW),__3ZA2EW,01 - Non intersection,02 - Non-fatal injury,04 - Sideswipe,03 - Snow,01 - Daylight,04 - Slush,10 - No control,,2,0,0,0,01 - Minimal,1,1,,,,349465.9473,5023835.908,45.35304613,-75.92994153,4449
16--1801,2016/02/11,7:41 AM,HIGHWAY 417 btwn Continuation of HIGHWAY 417 & HWY417 IC134 RAMP51 (__3ZA29B),__3ZA29B,01 - Non intersection,03 - P.D. only,03 - Rear end,01 - Clear,01 - Daylight,04 - Slush,10 - No control,,2,0,0,0,,0,,,,,354292.8026,5020983.338,45.32705424,-75.86862671,4450
16--1802,2016/02/11,8:05 AM,BOWESVILLE RD/HIGH RD @ LEITRIM RD (0012439),12439,02 - Intersection related,03 - P.D. only,03 - Rear end,01 - Clear,01 - Daylight,02 - Wet,02 - Stop sign,01 - Functioning,3,0,0,0,,0,,,,,371675.3972,5019287.25,45.31035236,-75.64712967,4451
16--1803,2016/02/11,8:26 AM,DEER PARK RD btwn GREENWICH AVE & HIGWOOD DR (__3ZAANZ),__3ZAANZ,01 - Non intersection,03 - P.D. only,04 - Sideswipe,01 - Clear,01 - Daylight,05 - Packed snow,10 - No control,,2,0,0,0,,0,,,,,365921.0507,5024968.362,45.3619946,-75.71980675,4452
16--1804,2016/02/11,8:40 AM,BAYSHORE DR @ RICHMOND RD (0010407),10407,02 - Intersection related,03 - P.D. only,04 - Sideswipe,03 - Snow,01 - Daylight,03 - Loose snow,01 - Traffic signal,01 - Functioning,2,0,0,0,,0,,,,,359372.0266,5023368.745,45.34814166,-75.80357321,4453
16--1805,2016/02/11,8:50 AM,ALTA VISTA DR btwn FAIRCREST RD & SMYTH RD (__3ZA9LC),__3ZA9LC,01 - Non intersection,03 - P.D. only,03 - Rear end,03 - Snow,01 - Daylight,03 - Loose snow,10 - No control,,2,0,0,0,,0,,,,,370437.2052,5029005.239,45.39790875,-75.66162861,4454
16--1806,2016/02/11,8:51 AM,RICHMOND RD btwn PERTH ST & CAMBRIAN RD (__3ZAB98),__3ZAB98,01 - Non intersection,02 - Non-fatal injury,07 - SMV other,03 - Snow,01 - Daylight,03 - Loose snow,10 - No control,,1,0,0,0,03 - Major,1,,,1,,359084.4397,5009401.548,45.2224855,-75.80877108,4455
16--1807,2016/02/11,9:28 AM,MOODIE DR btwn BARNSDALE RD & BROPHY DR (__3ZA4KM),__3ZA4KM,01 - Non intersection,03 - P.D. only,07 - SMV other,05 - Drifting Snow,01 - Daylight,03 - Loose snow,10 - No control,,1,0,0,0,,0,,,,,362559.1787,5007325.943,45.20353256,-75.76476986,4456
16--1808,2016/02/12,1:04 PM,EAGLESON RD @ HAZELDEAN RD/ROBERTSON RD (0002715),2715,02 - Intersection related,03 - P.D. only,03 - Rear end,01 - Clear,01 - Daylight,01 - Dry,01 - Traffic signal,01 - Functioning,3,0,0,0,,0,,,,,353674.2835,5018424.68,45.30407428,-75.87676903,4457
16--1809,2016/02/12,1:48 PM,HWY 416 ACRES IC75R24 @ HOLLY ACRES RD (0005257),5257,02 - Intersection related,03 - P.D. only,99 - Other,01 - Clear,01 - Daylight,01 - Dry,01 - Traffic signal,01 - Functioning,2,0,0,0,,0,,,,,358757.2679,5022869.442,45.34369648,-75.81147242,4458
16--181,2016/01/05,9:23 AM,BEVERLY ST @ STITTSVILLE MAIN ST (0000083),83,02 - Intersection related,03 - P.D. only,03 - Rear end,01 - Clear,01 - Daylight,06 - Ice,01 - Traffic signal,01 - Functioning,2,0,0,0,,0,,,,,349843.6336,5013825.571,45.26294609,-75.92603129,4459
16--1810,2016/02/12,10:01 PM,JOCKVALE RD btwn BLACKLEAF DR & GOLFLINKS DR (__6ZT2B4),__6ZT2B4,01 - Non intersection,03 - P.D. only,07 - SMV other,03 - Snow,07 - Dark,03 - Loose snow,10 - No control,,1,0,0,0,,0,,,,,365664.7984,5012788.071,45.25241969,-75.72457324,4460
16--1811,2016/02/12,10:26 AM,GREENBANK RD btwn GIBBARD AVE & WEST HUNT CLUB RD (__3ZA1Y7),__3ZA1Y7,01 - Non intersection,03 - P.D. only,04 - Sideswipe,01 - Clear,01 - Daylight,01 - Dry,10 - No control,,2,0,0,0,,0,,,,,361434.1195,5020604.826,45.32310849,-75.77757596,4461
16--1812,2016/02/12,10:30 PM,HIGHWAY 417 btwn HWY417 IC110 RAMP64 & HWY417 IC104 RAMP16 (__3ZA2W9),__3ZA2W9,01 - Non intersection,03 - P.D. only,03 - Rear end,01 - Clear,07 - Dark,02 - Wet,10 - No control,,2,0,0,0,,0,,,,,376897.6003,5027296.27,45.38189696,-75.57937114,4462
16--1813,2016/02/12,10:35 AM,CLYDE AVE btwn STARWOOD RD & LOTTA AVE (__3ZA4HC),__3ZA4HC,01 - Non intersection,03 - P.D. only,03 - Rear end,01 - Clear,01 - Daylight,01 - Dry,10 - No control,,3,0,0,0,,0,,,,,364510.2081,5024537.814,45.35824217,-75.73786615,4463
16--1814,2016/02/12,10:54 PM,OR174 IC109 RAMP65 @ MONTREAL RD (0004119),4119,02 - Intersection related,03 - P.D. only,07 - SMV other,01 - Clear,07 - Dark,02 - Wet,01 - Traffic signal,01 - Functioning,1,0,0,0,,0,,,,,376403.0384,5034982.776,45.45110639,-75.58456864,4464
16--1815,2016/02/12,11:04 AM,FISHER AVE btwn CRERAR AVE & TUNIS AVE (__3ZA4N5),__3ZA4N5,01 - Non intersection,03 - P.D. only,03 - Rear end,01 - Clear,01 - Daylight,02 - Wet,10 - No control,,4,0,0,0,,0,,,,,365476.282,5027641.979,45.38608993,-75.7251551,4465
16--1816,2016/02/12,11:13 AM,JEANNE D'ARC BLVD btwn JEANNE D'ARC BLVD N & BALSAM DR (__3ZA7KS),__3ZA7KS,04 - At/near private drive,03 - P.D. only,99 - Other,01 - Clear,01 - Daylight,04 - Slush,10 - No control,,2,0,0,0,,0,,,,,381448.0538,5038749.802,45.48446387,-75.51949076,4466
16--1817,2016/02/12,11:20 AM,COLONEL BY DR btwn CLEGG ST & ECHO DR N (__3ZA22H),__3ZA22H,01 - Non intersection,03 - P.D. only,03 - Rear end,01 - Clear,01 - Daylight,01 - Dry,10 - No control,,2,0,0,0,,0,,,,,368804.5748,5030438.968,45.41096012,-75.68229363,4467
16--13595,2016/12/21,1:43 PM,HILSON AVE @ BYRON AVE (0006298),6298,03 - At intersection,03 - P.D. only,02 - Angle,01 - Clear,01 - Daylight,01 - Dry,02 - Stop sign,01 - Functioning,3,0,0,0,,0,,,,,363969.0296,5028477.307,45.39373501,-75.74430107,4468
16--1818,2016/02/12,11:21 PM,RIDDELL DR btwn MARCH VALLEY RD & SIXTH LINE RD (__3ZA42B),__3ZA42B,01 - Non intersection,03 - P.D. only,07 - SMV other,03 - Snow,07 - Dark,03 - Loose snow,10 - No control,,1,0,0,0,,0,,,,,348205.9981,5027269.494,45.38402142,-75.94571944,4469
16--1819,2016/02/12,11:40 AM,HIGHWAY 417 btwn HWY417 IC127 RAMP35 & HWY417 IC127 RAMP25 (__3ZA2RE),__3ZA2RE,01 - Non intersection,02 - Non-fatal injury,03 - Rear end,01 - Clear,01 - Daylight,01 - Dry,10 - No control,,2,0,0,0,02 - Minor,1,,1,,,362142.6847,5024840.867,45.36116665,-75.76804725,4470
16--182,2016/01/05,9:24 AM,BELCOURT BLVD @ SUNVIEW DR (0012964),12964,03 - At intersection,03 - P.D. only,06 - SMV unattended vehicle,01 - Clear,01 - Daylight,01 - Dry,02 - Stop sign,01 - Functioning,1,0,0,0,,0,,,,,381509.8165,5036784.711,45.46677686,-75.51900763,4471
16--1820,2016/02/12,12:12 PM,"COTE ST btwn MORGAN ST & EGLISE, RUE DE L (__3ZA8S4)",__3ZA8S4,04 - At/near private drive,03 - P.D. only,06 - SMV unattended vehicle,03 - Snow,01 - Daylight,03 - Loose snow,10 - No control,,1,0,0,0,,0,,,,,371319.1279,5033168.934,45.43528868,-75.64980318,4472
16--1821,2016/02/12,12:27 PM,WALKLEY RD btwn BAYCREST DR & HEATHERINGTON RD (__3ZA361),__3ZA361,01 - Non intersection,03 - P.D. only,03 - Rear end,01 - Clear,01 - Daylight,01 - Dry,10 - No control,,2,0,0,0,,0,,,,,371743.2341,5026779.818,45.37776163,-75.64525066,4473
16--1822,2016/02/12,12:37 PM,CHAMPLAIN ST @ PLACE D'ORLEANS DR (0003595),3595,02 - Intersection related,03 - P.D. only,04 - Sideswipe,01 - Clear,01 - Daylight,01 - Dry,01 - Traffic signal,01 - Functioning,2,0,0,0,,0,,,,,381597.2325,5038180.742,45.47932756,-75.51767168,4474
16--1823,2016/02/12,2:02 PM,ALTA VISTA DR btwn KILBORN AVE & CAVENDISH RD (__3ZA9SL),__3ZA9SL,01 - Non intersection,03 - P.D. only,06 - SMV unattended vehicle,01 - Clear,01 - Daylight,01 - Dry,10 - No control,,1,0,0,0,,0,,,,,370343.0957,5028012.728,45.38898731,-75.66296237,4475
16--1824,2016/02/12,2:15 PM,HWY 417 CARLING IC124R57 @ CARLING AVE (0002210),2210,02 - Intersection related,03 - P.D. only,03 - Rear end,01 - Clear,01 - Daylight,01 - Dry,10 - No control,,2,0,0,0,,0,,,,,364235.6014,5027185.449,45.38208853,-75.74105233,4476
16--1825,2016/02/12,2:20 PM,HIGHWAY 417 btwn HWY417 IC104 RAMP15 & HWY417 IC96 RAMP51 (__3ZA2W4),__3ZA2W4,01 - Non intersection,03 - P.D. only,07 - SMV other,01 - Clear,01 - Daylight,01 - Dry,10 - No control,,1,0,0,0,,0,,,,,381422.1284,5025606.788,45.3662159,-75.52186685,4477
16--1826,2016/02/12,2:42 PM,KIRKWOOD AVE @ RICHMOND RD (0002080),2080,03 - At intersection,03 - P.D. only,02 - Angle,01 - Clear,01 - Daylight,02 - Wet,01 - Traffic signal,01 - Functioning,2,0,0,0,,0,,,,,363778.6848,5028642.023,45.39523316,-75.74671223,4478
16--1827,2016/02/12,2:50 PM,MAITLAND AVE btwn GARFIELD AVE & AGINCOURT RD (__3ZA4IG),__3ZA4IG,04 - At/near private drive,03 - P.D. only,04 - Sideswipe,01 - Clear,01 - Daylight,02 - Wet,10 - No control,,2,0,0,0,,0,,,,,363415.1752,5025483.683,45.3668454,-75.75172962,4479
16--1828,2016/02/12,2:50 PM,HWY417 IC130 RAMP26 btwn RICHMOND RD & HIGHWAY 417 (__3ZAYAG),__3ZAYAG,01 - Non intersection,03 - P.D. only,07 - SMV other,01 - Clear,01 - Daylight,01 - Dry,10 - No control,,1,0,0,0,,0,,,,,359429.5549,5023167.81,45.34632916,-75.80286131,4480
16--1829,2016/02/12,2:51 PM,CAMERON ST @ REGIONAL RD 174 (0012883),12883,02 - Intersection related,02 - Non-fatal injury,03 - Rear end,02 - Rain,01 - Daylight,02 - Wet,01 - Traffic signal,01 - Functioning,2,0,0,0,01 - Minimal,1,1,,,,389861.2431,5042618.003,45.51829088,-75.41121417,4481
16--183,2016/01/05,9:26 AM,ABBEYHILL DR @ CASTLEFRANK RD (0003931),3931,03 - At intersection,02 - Non-fatal injury,07 - SMV other,01 - Clear,01 - Daylight,01 - Dry,02 - Stop sign,01 - Functioning,1,0,0,1,02 - Minor,1,,1,,,353223.3779,5017261.013,45.29363457,-75.88263216,4482
16--1830,2016/02/12,2:55 PM,ST. JOSEPH BLVD @ TENTH LINE RD (0009163),9163,03 - At intersection,03 - P.D. only,03 - Rear end,01 - Clear,01 - Daylight,02 - Wet,01 - Traffic signal,01 - Functioning,2,0,0,0,,0,,,,,382890.5843,5038667.55,45.48356396,-75.50105328,4483
16--1831,2016/02/12,2:55 PM,HIGHWAY 417 btwn HWY417 IC126 RAMP61 & HWY417 IC124 RAMP76 (__3ZA2Y2),__3ZA2Y2,01 - Non intersection,03 - P.D. only,03 - Rear end,01 - Clear,01 - Daylight,01 - Dry,10 - No control,,3,0,0,0,,0,,,,,363678.7585,5026542.484,45.37635025,-75.74823885,4484
16--1832,2016/02/12,3:11 PM,CASTLEFRANK RD btwn GLAMORGAN DR & SHELDRAKE DR (2) (__3ZACMJ),__3ZACMJ,04 - At/near private drive,03 - P.D. only,06 - SMV unattended vehicle,01 - Clear,01 - Daylight,01 - Dry,10 - No control,,1,0,0,0,,0,,,,,353405.8388,5016704.751,45.28861659,-75.88036054,4485
16--1833,2016/02/12,3:15 PM,DATA CENTRE RD @ HERON RD (0007176),7176,02 - Intersection related,03 - P.D. only,03 - Rear end,01 - Clear,01 - Daylight,01 - Dry,02 - Stop sign,01 - Functioning,2,0,0,0,,0,,,,,368942.3836,5026732.321,45.37759627,-75.6810151,4486
16--1834,2016/02/12,3:24 PM,ELGIN ST @ LAURIER AVE (0002232),2232,02 - Intersection related,03 - P.D. only,04 - Sideswipe,03 - Snow,01 - Daylight,03 - Loose snow,01 - Traffic signal,01 - Functioning,2,0,0,0,,0,,,,,367947.6122,5031550.234,45.42103678,-75.69309847,4487
16--1835,2016/02/12,3:25 PM,PINECREST RD/HWY 417 PINECRE IC129R63 @ TRANSI (0008264),8264,02 - Intersection related,03 - P.D. only,03 - Rear end,01 - Clear,01 - Daylight,01 - Dry,01 - Traffic signal,01 - Functioning,2,0,0,0,,0,,,,,360388.1345,5023678.161,45.35084598,-75.79057225,4488
16--1836,2016/02/12,3:27 PM,NAVAHO DR @ WOODROFFE AVE/TRANSITWAY N BASELIN (0010359),10359,02 - Intersection related,02 - Non-fatal injury,03 - Rear end,01 - Clear,01 - Daylight,01 - Dry,01 - Traffic signal,01 - Functioning,2,0,0,0,02 - Minor,2,,2,,,362705.1442,5023493.899,45.34900052,-75.76102608,4489
16--1837,2016/02/12,3:27 PM,HWY 417 TERRYFO IC140R52 @ TERRY FOX DR (0003180),3180,02 - Intersection related,03 - P.D. only,03 - Rear end,01 - Clear,01 - Daylight,01 - Dry,01 - Traffic signal,01 - Functioning,2,0,0,0,,0,,,,,351051.7885,5018433.601,45.30433213,-75.91020768,4490
16--1838,2016/02/12,3:33 PM,ST. LAURENT BLVD btwn MONTREAL RD & CAMIL ST (__3ZA3MQ),__3ZA3MQ,04 - At/near private drive,03 - P.D. only,03 - Rear end,01 - Clear,01 - Daylight,06 - Ice,10 - No control,,2,0,0,0,,0,,,,,371552.7282,5033800.471,45.44094869,-75.64673217,4491
16--1839,2016/02/12,3:38 PM,BASELINE RD @ GREENBANK RD (0002357),2357,02 - Intersection related,02 - Non-fatal injury,03 - Rear end,01 - Clear,01 - Daylight,06 - Ice,01 - Traffic signal,01 - Functioning,2,0,0,0,01 - Minimal,1,1,,,,360596.5866,5022585.159,45.34099461,-75.78803545,4492