Anom_ID,Accident_Date,Accident_Time,Location,Geo_ID,Accident_Location,Classification_of_Accident,Initial_Impact_Type,Environment_Condition,Light,Road_Surface_Condition,Traffic_Control,Traffic_Control_Condition,No__of_Vehicles,No__of_Bicycles,No__of_Motorcycles,No__of_Pedestrians,Max_Injury,No__of_Injuries,No__of_Minimal,No__of_Minor,No__of_Major,No__of_Fatal,X,Y,Latitude,Longitude,ObjectId
16--184,2016/01/05,9:40 AM,HAWTHORNE RD @ HUNT CLUB RD (0007651),7651,02 - Intersection related,03 - P.D. only,03 - Rear end,01 - Clear,01 - Daylight,01 - Dry,01 - Traffic signal,01 - Functioning,2,0,0,0,,0,,,,,375509.2508,5026406.154,45.37402964,-75.59722449,4493
16--1840,2016/02/12,3:49 PM,QUEEN ELIZABETH DRWY @ QUEEN ELIZABETH PL (0002124),2124,02 - Intersection related,03 - P.D. only,03 - Rear end,01 - Clear,01 - Daylight,02 - Wet,02 - Stop sign,01 - Functioning,2,0,0,0,,0,,,,,368584.089,5028843.829,45.3966277,-75.68531654,4494
16--1841,2016/02/12,4:00 PM,INDIAN RD @ WITHROW AVE (0001978),1978,03 - At intersection,03 - P.D. only,02 - Angle,03 - Snow,01 - Daylight,02 - Wet,02 - Stop sign,01 - Functioning,2,0,0,0,,0,,,,,363787.7764,5023701.278,45.35077627,-75.74718619,4495
16--1842,2016/02/12,4:04 PM,PARKGLEN DR @ WOODROFFE AVE (0001099),1099,02 - Intersection related,03 - P.D. only,05 - Turning movement,01 - Clear,01 - Daylight,01 - Dry,02 - Stop sign,01 - Functioning,2,0,0,0,,0,,,,,362889.2899,5023126.59,45.34568027,-75.75871938,4496
16--1843,2016/02/12,4:34 PM,CARLING AVE WB btwn KIRKWOOD AVE & HWY417 IC124 RAMP67 (__3ZA4N1),__3ZA4N1,01 - Non intersection,03 - P.D. only,04 - Sideswipe,01 - Clear,01 - Daylight,01 - Dry,10 - No control,,2,0,0,0,,0,,,,,364287.1056,5027500.257,45.38491675,-75.74035678,4497
16--1844,2016/02/12,4:36 PM,MERIVALE RD btwn CLYDE AVE & RITA AVE (__3ZA4H7),__3ZA4H7,04 - At/near private drive,03 - P.D. only,02 - Angle,01 - Clear,01 - Daylight,01 - Dry,10 - No control,,2,0,0,0,,0,,,,,364525.2149,5024496.17,45.35786619,-75.73767966,4498
16--1845,2016/02/12,4:57 AM,VANIER PKWY/CRICHTON ST @ BEECHWOOD AVE/ST. PA (0001604),1604,02 - Intersection related,03 - P.D. only,07 - SMV other,01 - Clear,07 - Dark,06 - Ice,01 - Traffic signal,01 - Functioning,1,0,0,0,,0,,,,,369127.7663,5033487.402,45.43835916,-75.67776693,4499
16--1846,2016/02/12,5:10 PM,MACDONALD-CARTIER BR btwn RAMP & END (1) (__3ZA1QK),__3ZA1QK,01 - Non intersection,03 - P.D. only,03 - Rear end,03 - Snow,01 - Daylight,02 - Wet,10 - No control,,3,0,0,0,,0,,,,,367256.5407,5033284.28,45.43670119,-75.70170821,4500
16--1847,2016/02/12,5:11 PM,O'CONNOR ST @ SLATER ST (0002230),2230,02 - Intersection related,03 - P.D. only,03 - Rear end,03 - Snow,07 - Dark,03 - Loose snow,01 - Traffic signal,01 - Functioning,2,0,0,0,,0,,,,,367580.144,5031451.454,45.42018106,-75.69780611,4501
16--1848,2016/02/12,5:15 PM,BLAIR RD @ OGILVIE RD (0004120),4120,02 - Intersection related,03 - P.D. only,03 - Rear end,03 - Snow,05 - Dusk,03 - Loose snow,01 - Traffic signal,01 - Functioning,2,0,0,0,,0,,,,,374508.8214,5033199.234,45.4352506,-75.60903551,4502
16--1849,2016/02/12,5:15 PM,OTTAWA RIVER PKWY WB btwn TUNNEY'S PASTURE/REMIC RAPIDS ENT & PARKDALE (__3ZA24KA),__3ZA24KA,01 - Non intersection,03 - P.D. only,03 - Rear end,03 - Snow,05 - Dusk,03 - Loose snow,10 - No control,,2,0,0,0,,0,,,,,363427.5186,5029730.293,45.40505471,-75.75106765,4503
16--185,2016/01/05,9:43 AM,STONEWAY DR @ WINDHURST DR E (0005177),5177,02 - Intersection related,03 - P.D. only,03 - Rear end,01 - Clear,01 - Daylight,02 - Wet,02 - Stop sign,01 - Functioning,2,0,0,0,,0,,,,,366315.36,5016173.354,45.28282376,-75.71586646,4504
16--1850,2016/02/12,5:30 PM,VANIER PKWY NB btwn DONALD ST & QUEEN MARY ST (__3ZA25X),__3ZA25X,01 - Non intersection,03 - P.D. only,07 - SMV other,03 - Snow,05 - Dusk,03 - Loose snow,10 - No control,,1,0,0,0,,0,,,,,370335.8291,5032108.847,45.42584331,-75.66251068,4505
16--1851,2016/02/12,5:35 PM,HIGHWAY 7 btwn UPPER DWYER HILL RD & HIGHWAY 7 (__7JQ7LM),__7JQ7LM,01 - Non intersection,03 - P.D. only,07 - SMV other,03 - Snow,"06 - Dusk, artificial",03 - Loose snow,10 - No control,,1,0,0,0,,0,,,,,341099.7859,5007298.812,45.20472021,-76.03792193,4506
16--1852,2016/02/12,5:40 PM,GLADSTONE AVE @ PRESTON ST (0002212),2212,02 - Intersection related,03 - P.D. only,03 - Rear end,03 - Snow,05 - Dusk,03 - Loose snow,01 - Traffic signal,01 - Functioning,2,0,0,0,,0,,,,,366489.4865,5029712.778,45.40463396,-75.71195861,4507
16--1853,2016/02/12,5:44 PM,RICHMOND RD @ STONEHAVEN DR (0010370),10370,02 - Intersection related,03 - P.D. only,03 - Rear end,03 - Snow,07 - Dark,03 - Loose snow,01 - Traffic signal,01 - Functioning,2,0,0,0,,0,,,,,356780.9825,5015890.778,45.2810508,-75.83742143,4508
16--1854,2016/02/12,5:52 PM,TENTH LINE RD @ CHARLEMAGNE BLVD N/TOMPKINS AV (0009222),9222,02 - Intersection related,03 - P.D. only,03 - Rear end,03 - Snow,05 - Dusk,03 - Loose snow,01 - Traffic signal,01 - Functioning,2,0,0,0,,0,,,,,383184.1539,5037978.554,45.4773321,-75.49740843,4509
16--1855,2016/02/12,5:54 PM,COLDREY AVE @ KIRKWOOD AVE (0006736),6736,02 - Intersection related,03 - P.D. only,03 - Rear end,03 - Snow,07 - Dark,03 - Loose snow,01 - Traffic signal,01 - Functioning,2,0,0,0,,0,,,,,364438.0369,5027135.881,45.38162532,-75.7384736,4510
16--1856,2016/02/12,6:00 PM,PARKROSE PRIV btwn Continuation of PARKROSE PRIV & Continuation of PAR (__683KM0),__683KM0,04 - At/near private drive,03 - P.D. only,05 - Turning movement,03 - Snow,07 - Dark,03 - Loose snow,10 - No control,,2,0,0,0,,0,,,,,383573.2911,5039618.82,45.49204589,-75.49216871,4511
16--1857,2016/02/12,6:12 PM,BANK ST @ HUNT CLUB RD (0002119),2119,02 - Intersection related,02 - Non-fatal injury,03 - Rear end,03 - Snow,07 - Dark,06 - Ice,01 - Traffic signal,01 - Functioning,2,0,0,0,01 - Minimal,1,1,,,,371607.6388,5024096.726,45.35363305,-75.64734457,4512
16--1858,2016/02/12,6:18 PM,CAMBRIAN RD @ GREENBANK RD (0001095),1095,03 - At intersection,03 - P.D. only,07 - SMV other,03 - Snow,07 - Dark,04 - Slush,11 - Roundabout,01 - Functioning,1,0,0,0,,0,,,,,364764.0269,5012873.081,45.25326195,-75.73603792,4513
16--1859,2016/02/12,6:24 PM,COLONEL BY DR @ HAWTHORNE AVE/PRETORIA BRIDGE (0002122),2122,03 - At intersection,03 - P.D. only,05 - Turning movement,03 - Snow,07 - Dark,03 - Loose snow,01 - Traffic signal,01 - Functioning,2,0,0,0,,0,,,,,368767.0516,5030526.226,45.41174867,-75.68276164,4514
16--186,2016/01/06,1:05 PM,MELROSE AVE btwn RUSKIN ST & CARLING AVE (__3ZA0KJ),__3ZA0KJ,01 - Non intersection,03 - P.D. only,06 - SMV unattended vehicle,01 - Clear,01 - Daylight,01 - Dry,10 - No control,,1,0,0,0,,0,,,,,365965.452,5028401.682,45.39288302,-75.71881475,4515
16--1860,2016/02/12,6:30 PM,JOCKVALE RD/RIDEAU VALLEY DR @ PRINCE OF WALES (0004638),4638,02 - Intersection related,03 - P.D. only,03 - Rear end,03 - Snow,07 - Dark,03 - Loose snow,01 - Traffic signal,01 - Functioning,2,0,0,0,,0,,,,,366706.8782,5012198.598,45.24702472,-75.71137164,4516
16--1861,2016/02/12,6:59 PM,HIGHWAY 417 btwn HWY417 IC104 RAMP15 & HWY417 IC96 RAMP51 (__3ZA2W4),__3ZA2W4,01 - Non intersection,03 - P.D. only,99 - Other,03 - Snow,07 - Dark,03 - Loose snow,10 - No control,,2,0,0,0,,0,,,,,384831.5583,5024996.97,45.36034825,-75.47844874,4517
16--1862,2016/02/12,7:00 PM,HWY417 IC122 RAMP16 btwn HIGHWAY 417 & WESTMOUNT AVE (__3ZAY94),__3ZAY94,01 - Non intersection,03 - P.D. only,04 - Sideswipe,01 - Clear,"08 - Dark, artificial",03 - Loose snow,10 - No control,,3,0,0,0,,0,,,,,365161.5985,5028759.976,45.39617662,-75.72903653,4518
16--1863,2016/02/12,7:02 PM,HUNTMAR DR @ RICHARDSON SIDE RD (0011853),11853,02 - Intersection related,03 - P.D. only,99 - Other,03 - Snow,07 - Dark,06 - Ice,02 - Stop sign,01 - Functioning,2,0,0,0,,0,,,,,348208.3633,5018982.684,45.30945443,-75.94641655,4519
16--1864,2016/02/12,7:16 AM,CLEARVIEW AVE @ ISLAND PARK DR (0006144),6144,02 - Intersection related,03 - P.D. only,03 - Rear end,01 - Clear,01 - Daylight,06 - Ice,02 - Stop sign,00 - Unknown,3,0,0,0,,0,,,,,363546.6203,5029364.388,45.40175238,-75.74958991,4520
16--1865,2016/02/12,7:20 PM,BANK ST btwn WALKLEY RD & SURREY AVE (__3ZA4TW),__3ZA4TW,04 - At/near private drive,03 - P.D. only,07 - SMV other,03 - Snow,07 - Dark,06 - Ice,10 - No control,,1,0,0,0,,0,,,,,370350.3385,5025911.481,45.37008032,-75.66314885,4521
16--1415,2016/02/01,11:15 AM,HIGHWAY 417 btwn HWY417 IC127 RAMP63 & HWY417 IC127 RAMP67 (__3ZA2RF),__3ZA2RF,01 - Non intersection,03 - P.D. only,04 - Sideswipe,01 - Clear,01 - Daylight,01 - Dry,10 - No control,,2,0,0,0,,0,,,,,362124.0735,5024852.149,45.36126969,-75.76828348,4522
16--1505,2016/02/04,10:05 AM,ELGIN ST btwn GLOUCESTER ST & NEPEAN ST (1) (__3ZA35M),__3ZA35M,01 - Non intersection,03 - P.D. only,04 - Sideswipe,01 - Clear,01 - Daylight,02 - Wet,10 - No control,,2,0,0,0,,0,,,,,368016.3165,5031431.55,45.41996269,-75.69223588,4523
16--13966,2016/12/30,5:11 PM,MERIVALE RD btwn BASIL MACDONALD WAY & VIEWMOUNT DR (__3ZA1N6B),__3ZA1N6B,01 - Non intersection,03 - P.D. only,04 - Sideswipe,01 - Clear,07 - Dark,02 - Wet,10 - No control,,2,0,0,0,,0,,,,,365113.1284,5023132.727,45.3455478,-75.73034264,4524
16--1416,2016/02/01,11:32 AM,DATA CENTRE RD @ RIVERSIDE DR (0010863),10863,02 - Intersection related,03 - P.D. only,03 - Rear end,01 - Clear,01 - Daylight,01 - Dry,01 - Traffic signal,01 - Functioning,2,0,0,0,,0,,,,,368897.363,5027671.985,45.38605521,-75.68146787,4525
16--1506,2016/02/04,10:18 AM,ARLINGTON AVE @ BRONSON AVE (0006759),6759,02 - Intersection related,03 - P.D. only,04 - Sideswipe,01 - Clear,01 - Daylight,02 - Wet,01 - Traffic signal,01 - Functioning,2,0,0,0,,0,,,,,367222.9314,5029867.341,45.40595965,-75.70257069,4526
16--13967,2016/12/30,5:56 PM,JEANNE D'ARC BLVD @ ORLEANS BLVD S (0004154),4154,03 - At intersection,03 - P.D. only,05 - Turning movement,01 - Clear,07 - Dark,02 - Wet,01 - Traffic signal,01 - Functioning,2,0,0,0,,0,,,,,380939.9163,5036251.822,45.46204471,-75.5263772,4527
16--1417,2016/02/01,12:24 PM,RIVERSIDE DR btwn TURN LANE & RAMP (2) (__3ZA3BM),__3ZA3BM,01 - Non intersection,03 - P.D. only,04 - Sideswipe,01 - Clear,01 - Daylight,01 - Dry,10 - No control,,2,0,0,0,,0,,,,,368418.5971,5027249.116,45.38229401,-75.68763566,4528
16--1507,2016/02/04,10:58 AM,GRANT CARMAN DR @ MEADOWLANDS DR (0001111),1111,03 - At intersection,03 - P.D. only,07 - SMV other,01 - Clear,01 - Daylight,02 - Wet,01 - Traffic signal,01 - Functioning,1,0,0,0,,0,,,,,365051.4746,5023902.605,45.35248035,-75.73103553,4529
16--13968,2016/12/30,6:15 PM,WILLOW GARDENS CRES btwn HEARN CRES & HEARN CRES (__3ZA5IK),__3ZA5IK,01 - Non intersection,03 - P.D. only,06 - SMV unattended vehicle,01 - Clear,07 - Dark,03 - Loose snow,10 - No control,,1,0,0,0,,0,,,,,350279.8013,5012692.46,45.25272189,-75.92057742,4530
16--1418,2016/02/01,12:26 PM,HWY417 IC130 RAMP26 btwn RICHMOND RD & HIGHWAY 417 (__3ZAYAG),__3ZAYAG,01 - Non intersection,03 - P.D. only,04 - Sideswipe,01 - Clear,01 - Daylight,01 - Dry,10 - No control,,2,0,0,0,,0,,,,,359332.8038,5023243.825,45.34702067,-75.8040875,4531
16--1508,2016/02/04,11:23 PM,WOODWARD DR btwn COURTWOOD CRES & COURTWOOD CRES (__3ZAA4E),__3ZAA4E,01 - Non intersection,03 - P.D. only,07 - SMV other,01 - Clear,07 - Dark,06 - Ice,10 - No control,,1,0,0,0,,0,,,,,363424.2877,5026001.611,45.37150488,-75.75155184,4532
16--13969,2016/12/30,7:09 PM,INNES RD @ TRIM RD (0012870),12870,03 - At intersection,02 - Non-fatal injury,05 - Turning movement,01 - Clear,07 - Dark,01 - Dry,01 - Traffic signal,01 - Functioning,2,0,0,0,03 - Major,2,,1,1,,386566.3815,5037273.556,45.47060138,-75.45427165,4533
16--1397,2016/01/31,11:05 PM,ALBION RD @ HUNT CLUB RD (0006974),6974,03 - At intersection,03 - P.D. only,02 - Angle,01 - Clear,07 - Dark,02 - Wet,01 - Traffic signal,01 - Functioning,2,0,0,0,,0,,,,,371867.674,5024320.468,45.35562138,-75.6439958,4534
16--13970,2016/12/30,7:23 AM,DONALD ST @ ST. LAURENT BLVD (0008630),8630,02 - Intersection related,03 - P.D. only,03 - Rear end,01 - Clear,03 - Dawn,04 - Slush,01 - Traffic signal,01 - Functioning,2,0,0,0,,0,,,,,372095.3692,5032472.171,45.42894526,-75.63997821,4535
16--13971,2016/12/30,8:12 PM,CARP RD @ STITTSVILLE MAIN ST (0005253),5253,02 - Intersection related,03 - P.D. only,03 - Rear end,01 - Clear,07 - Dark,03 - Loose snow,01 - Traffic signal,01 - Functioning,2,0,0,0,,0,,,,,349524.7861,5014328.961,45.26749612,-75.93004868,4536
16--13972,2016/12/30,8:53 AM,FALLOWFIELD RD @ GREENBANK RD (0000549),549,03 - At intersection,02 - Non-fatal injury,03 - Rear end,01 - Clear,01 - Daylight,02 - Wet,01 - Traffic signal,01 - Functioning,2,0,0,0,01 - Minimal,1,1,,,,363080.9075,5016732.687,45.28813225,-75.7570266,4537
16--13973,2016/12/30,9:00 AM,WEST HUNT CLUB RD btwn MOODIE DR & HWY416 IC72 RAMP53 (__3ZA4YJ),__3ZA4YJ,04 - At/near private drive,03 - P.D. only,04 - Sideswipe,01 - Clear,01 - Daylight,01 - Dry,10 - No control,,2,0,0,0,,0,,,,,357975.4146,5018532.751,45.30473428,-75.82191434,4538
16--13974,2016/12/30,9:00 AM,HIGHWAY 417 btwn HWY417 IC104 RAMP51 & HWY417 IC104 RAMP15 (__3ZA2W7),__3ZA2W7,01 - Non intersection,03 - P.D. only,07 - SMV other,01 - Clear,01 - Daylight,02 - Wet,10 - No control,,1,0,0,0,,0,,,,,379870.0644,5025941.432,45.36939476,-75.54162633,4539
16--13975,2016/12/30,9:15 AM,BANEBERRY CRES btwn ALDBURN PL & STOKES CRES (__3ZBPHG),__3ZBPHG,01 - Non intersection,03 - P.D. only,05 - Turning movement,01 - Clear,01 - Daylight,05 - Packed snow,10 - No control,,2,0,0,0,,0,,,,,353299.3332,5017061.628,45.29183522,-75.88168333,4540
16--13976,2016/12/31,1:00 PM,MONTREAL RD btwn MONA AVE & LAFONTAINE AVE (__3ZA2GN),__3ZA2GN,01 - Non intersection,03 - P.D. only,03 - Rear end,03 - Snow,01 - Daylight,04 - Slush,10 - No control,,2,0,0,0,,0,,,,,370803.4614,5033464.091,45.43799323,-75.65635374,4541
16--13977,2016/12/31,1:26 PM,DONALD B. MUNRO DR btwn DIAMONDVIEW RD & OLD COACH RD (__3ZAC9L),__3ZAC9L,01 - Non intersection,02 - Non-fatal injury,07 - SMV other,03 - Snow,01 - Daylight,03 - Loose snow,10 - No control,,1,0,0,0,02 - Minor,1,,1,,,338198.2828,5022242.329,45.33933361,-76.07385038,4542
16--13978,2016/12/31,1:30 PM,HUNTER'S RUN DR btwn BEAUSEJOUR DR & JEANNE D'ARC BLVD (__3ZA6DU),__3ZA6DU,01 - Non intersection,03 - P.D. only,04 - Sideswipe,03 - Snow,01 - Daylight,03 - Loose snow,10 - No control,,2,0,0,0,,0,,,,,380572.0436,5036127.051,45.46096212,-75.53109984,4543
16--13979,2016/12/31,1:32 PM,REGIONAL ROAD 174 btwn TRANSIT & OR174 IC105 RAMP51 (__3ZA28H),__3ZA28H,01 - Non intersection,03 - P.D. only,07 - SMV other,03 - Snow,01 - Daylight,03 - Loose snow,10 - No control,,1,0,0,0,,0,,,,,377094.0851,5035696.826,45.4574598,-75.57562993,4544
16--1398,2016/01/31,11:31 PM,LOOSESTRIFE WAY btwn FERNSIDE ST & ROTARY WAY (__8A9OQU),__8A9OQU,01 - Non intersection,02 - Non-fatal injury,07 - SMV other,02 - Rain,07 - Dark,06 - Ice,10 - No control,,1,0,0,0,02 - Minor,1,,1,,,376095.425,5021292.795,45.32796262,-75.59047874,4545
16--13980,2016/12/31,1:45 PM,HIGHWAY 417 btwn HWY417 IC131 RAMP66 & HWY417 IC130 RAMP26 (__3ZA29A),__3ZA29A,01 - Non intersection,03 - P.D. only,04 - Sideswipe,03 - Snow,01 - Daylight,03 - Loose snow,10 - No control,,2,0,0,0,,0,,,,,359173.0446,5023073.766,45.34550288,-75.80614479,4546
16--13981,2016/12/31,1:50 PM,OTTAWA RIVER PKWY @ VIMY PLACE PRIV (0012251),12251,03 - At intersection,03 - P.D. only,05 - Turning movement,03 - Snow,01 - Daylight,03 - Loose snow,01 - Traffic signal,01 - Functioning,2,0,0,0,,0,,,,,365975.193,5030797.857,45.41444235,-75.71839309,4547
16--13982,2016/12/31,10:10 PM,BESSERER ST @ WALLER ST (0008859),8859,02 - Intersection related,03 - P.D. only,03 - Rear end,03 - Snow,07 - Dark,03 - Loose snow,01 - Traffic signal,01 - Functioning,3,0,0,0,,0,,,,,368315.2433,5032191.984,45.42677774,-75.68831859,4548
16--13983,2016/12/31,10:11 PM,PAMILLA ST @ PRESTON ST (0006134),6134,02 - Intersection related,03 - P.D. only,01 - Approaching,03 - Snow,07 - Dark,03 - Loose snow,01 - Traffic signal,00 - Unknown,2,0,0,0,,0,,,,,366749.5314,5029120.147,45.39927866,-75.70871148,4549
16--13984,2016/12/31,10:20 PM,PAUL METIVIER DR btwn LEAMINGTON WAY & LONGFIELDS DR (__7JQ6CT),__7JQ6CT,01 - Non intersection,03 - P.D. only,07 - SMV other,03 - Snow,07 - Dark,03 - Loose snow,10 - No control,,1,0,0,0,,0,,,,,365119.767,5014253.671,45.2656541,-75.73133847,4550
16--13985,2016/12/31,10:45 PM,ALBION RD @ MITCH OWENS RD (0004212),4212,03 - At intersection,02 - Non-fatal injury,05 - Turning movement,03 - Snow,07 - Dark,06 - Ice,01 - Traffic signal,01 - Functioning,3,0,0,0,02 - Minor,5,1,4,,,375907.5823,5014804.863,45.2696057,-75.59380517,4551
16--13986,2016/12/31,11:08 PM,NELSON ST btwn SOMERSET ST E & TEMPLETON ST (__3ZA9VQ),__3ZA9VQ,01 - Non intersection,03 - P.D. only,04 - Sideswipe,03 - Snow,07 - Dark,03 - Loose snow,10 - No control,,2,0,0,0,,0,,,,,369126.1766,5031711.473,45.42238017,-75.67801924,4552
16--13987,2016/12/31,11:20 AM,HIGHWAY 416 btwn HWY416 IC66 RAMP52 & HWY416 IC66 RAMP24 (__3ZAZMW),__3ZAZMW,01 - Non intersection,03 - P.D. only,04 - Sideswipe,03 - Snow,01 - Daylight,03 - Loose snow,10 - No control,,2,0,0,0,,0,,,,,360199.4184,5014590.996,45.26909414,-75.7939964,4553
16--13988,2016/12/31,11:20 PM,HIGHWAY 417 btwn RAMP & HWY417 IC88 RAMP51 (__3ZA2W2),__3ZA2W2,01 - Non intersection,03 - P.D. only,07 - SMV other,03 - Snow,07 - Dark,03 - Loose snow,10 - No control,,1,0,0,0,,0,,,,,392236.2632,5022905.272,45.34064496,-75.38431955,4554
16--13989,2016/12/31,11:30 AM,MERIVALE RD btwn COLDREY AVE & THAMES ST (__3ZA4NW),__3ZA4NW,04 - At/near private drive,03 - P.D. only,03 - Rear end,01 - Clear,01 - Daylight,01 - Dry,10 - No control,,2,0,0,0,,0,,,,,364907.6776,5027468.207,45.38457539,-75.73243677,4555
16--1399,2016/01/31,Unknown,CHAPEL ST btwn DALY AVE & STEWART ST (__3ZA82O),__3ZA82O,01 - Non intersection,03 - P.D. only,06 - SMV unattended vehicle,01 - Clear,00 - Unknown,01 - Dry,10 - No control,,1,0,0,0,,0,,,,,368985.5387,5032482.547,45.42933093,-75.67971569,4556
16--13990,2016/12/31,11:35 AM,HIGHWAY 417 btwn HWY417 IC127 RAMP63 & HWY417 IC127 RAMP67 (__3ZA2RF),__3ZA2RF,01 - Non intersection,02 - Non-fatal injury,04 - Sideswipe,03 - Snow,01 - Daylight,03 - Loose snow,10 - No control,,2,0,0,0,02 - Minor,1,,1,,,362160.0906,5024877.17,45.36149188,-75.76782087,4557
16--13991,2016/12/31,11:44 AM,LOLA ST @ PRINCE ALBERT ST (0008260),8260,03 - At intersection,03 - P.D. only,02 - Angle,03 - Snow,01 - Daylight,03 - Loose snow,02 - Stop sign,01 - Functioning,2,0,0,0,,0,,,,,371138.5527,5031972.819,45.42454372,-75.65227204,4558
16--13992,2016/12/31,11:54 PM,CUMBERLAND ST @ GEORGE ST (0008508),8508,03 - At intersection,03 - P.D. only,05 - Turning movement,03 - Snow,07 - Dark,03 - Loose snow,01 - Traffic signal,01 - Functioning,2,0,0,0,,0,,,,,368324.8794,5032417.004,45.42880151,-75.68816644,4559
16--13993,2016/12/31,11:55 PM,BAY ST btwn MACLAREN ST & GILMOUR ST (__3ZA80X),__3ZA80X,01 - Non intersection,03 - P.D. only,04 - Sideswipe,03 - Snow,07 - Dark,04 - Slush,10 - No control,,2,1,0,0,,0,,,,,367298.6218,5030560.147,45.41218656,-75.70151604,4560
16--13994,2016/12/31,Unknown,YORK ST WB btwn CUMBERLAND ST & KING EDWARD AVE (__3ZA7AU),__3ZA7AU,01 - Non intersection,03 - P.D. only,06 - SMV unattended vehicle,03 - Snow,00 - Unknown,05 - Packed snow,10 - No control,,1,0,0,0,,0,,,,,368344.1339,5032594.474,45.43039658,-75.6878975,4561
16--13995,2016/12/31,Unknown,WILLOW ST btwn PRESTON ST & ROCHESTER ST (__3ZAAJ7),__3ZAAJ7,01 - Non intersection,03 - P.D. only,06 - SMV unattended vehicle,03 - Snow,00 - Unknown,03 - Loose snow,10 - No control,,1,0,0,0,,0,,,,,366568.2935,5029922.152,45.4065109,-75.71092577,4562
16--13596,2016/12/21,1:49 PM,DUNNET CRT @ HALKIRK AVE (0011828),11828,03 - At intersection,03 - P.D. only,05 - Turning movement,01 - Clear,01 - Daylight,01 - Dry,03 - Yield sign,01 - Functioning,2,0,0,0,,0,,,,,352461.9458,5016833.647,45.28984108,-75.89238046,4563
16--13996,2016/12/31,Unknown,ALVIN RD btwn DAVENPORT PRIV & LONDON TER (__3GGPL0),__3GGPL0,04 - At/near private drive,03 - P.D. only,06 - SMV unattended vehicle,03 - Snow,00 - Unknown,03 - Loose snow,10 - No control,,1,0,0,0,,0,,,,,371326.7846,5035154.871,45.45315648,-75.64943684,4564
16--13997,2016/12/31,Unknown,ECCLES ST btwn ROCHESTER ST & BOOTH ST (__3ZA0VB),__3ZA0VB,01 - Non intersection,03 - P.D. only,06 - SMV unattended vehicle,01 - Clear,00 - Unknown,03 - Loose snow,10 - No control,,1,0,0,0,,0,,,,,366541.7043,5030151.569,45.40857748,-75.71123668,4565
16--13998,2016/12/31,12:01 PM,CHURCHILL AVE @ RICHMOND RD (0002361),2361,03 - At intersection,02 - Non-fatal injury,07 - SMV other,03 - Snow,01 - Daylight,03 - Loose snow,01 - Traffic signal,01 - Functioning,1,0,0,1,02 - Minor,1,,1,,,363228.522,5028294.622,45.39215342,-75.75377956,4566
16--13999,2016/12/31,12:23 PM,HARKNESS AVE btwn COLMAN ST & WEXFORD WAY (__3ZA0HP),__3ZA0HP,01 - Non intersection,03 - P.D. only,06 - SMV unattended vehicle,01 - Clear,01 - Daylight,03 - Loose snow,10 - No control,,1,0,0,0,,0,,,,,369276.5598,5025412.72,45.36569222,-75.67692095,4567
16--14,2016/01/01,3:21 AM,BANK ST @ RIVERSIDE DR S (0002704),2704,03 - At intersection,03 - P.D. only,02 - Angle,03 - Snow,07 - Dark,03 - Loose snow,01 - Traffic signal,01 - Functioning,2,0,0,0,,0,,,,,369303.7647,5027894.615,45.38802106,-75.67624951,4568
16--140,2016/01/05,11:50 AM,PRINCE OF WALES DR @ WEST HUNT CLUB RD (0000567),567,02 - Intersection related,03 - P.D. only,03 - Rear end,01 - Clear,01 - Daylight,01 - Dry,01 - Traffic signal,01 - Functioning,2,0,0,0,,0,,,,,367457.5516,5021892.199,45.33418026,-75.70058536,4569
16--1400,2016/01/31,12:30 PM,SMYTH RD btwn SAUNDERSON DR & CUBA AVE (__3ZA3R1),__3ZA3R1,01 - Non intersection,03 - P.D. only,04 - Sideswipe,01 - Clear,01 - Daylight,01 - Dry,10 - No control,,2,0,0,0,,0,,,,,372956.5813,5029341.187,45.40069075,-75.62940635,4570
16--14000,2016/12/31,12:42 PM,RIVER RD btwn BRIDGE ST & ROYAL PALM CRES (__3ZA1DB),__3ZA1DB,01 - Non intersection,02 - Non-fatal injury,01 - Approaching,03 - Snow,01 - Daylight,05 - Packed snow,10 - No control,,3,0,0,0,01 - Minimal,1,1,,,,369762.2332,5010632.512,45.23265786,-75.67265817,4571
16--14001,2016/12/31,12:45 PM,HIGHWAY 417 btwn HWY417 IC140 RAMP25 & HWY417 IC139 RAMP15 (__4BCLBK),__4BCLBK,01 - Non intersection,03 - P.D. only,07 - SMV other,05 - Drifting Snow,01 - Daylight,03 - Loose snow,10 - No control,,1,0,0,0,,0,,,,,351367.1857,5018906.465,45.30856624,-75.9061416,4572
16--14002,2016/12/31,12:46 PM,CARLING AVE @ CROYDON AVE (0002642),2642,02 - Intersection related,03 - P.D. only,03 - Rear end,01 - Clear,01 - Daylight,01 - Dry,01 - Traffic signal,01 - Functioning,2,0,0,0,,0,,,,,360659.5088,5025042.103,45.36309711,-75.78695506,4573
16--14003,2016/12/31,12:50 PM,CARLING AVE @ IVANHOE AVE (0002768),2768,03 - At intersection,03 - P.D. only,03 - Rear end,03 - Snow,01 - Daylight,03 - Loose snow,02 - Stop sign,00 - Unknown,2,0,0,0,,0,,,,,360431.0203,5024882.754,45.36168147,-75.78988942,4574
16--14004,2016/12/31,2:09 PM,HERON RD @ WALKLEY RD (0011256),11256,03 - At intersection,03 - P.D. only,01 - Approaching,03 - Snow,01 - Daylight,03 - Loose snow,01 - Traffic signal,01 - Functioning,2,0,0,0,,0,,,,,372267.1751,5027082.212,45.3804322,-75.63852028,4575