Anom_ID,Accident_Date,Accident_Time,Location,Geo_ID,Accident_Location,Classification_of_Accident,Initial_Impact_Type,Environment_Condition,Light,Road_Surface_Condition,Traffic_Control,Traffic_Control_Condition,No__of_Vehicles,No__of_Bicycles,No__of_Motorcycles,No__of_Pedestrians,Max_Injury,No__of_Injuries,No__of_Minimal,No__of_Minor,No__of_Major,No__of_Fatal,X,Y,Latitude,Longitude,ObjectId
16--14005,2016/12/31,2:12 PM,JAMES ST @ KENT ST (0007277),7277,02 - Intersection related,03 - P.D. only,04 - Sideswipe,03 - Snow,01 - Daylight,03 - Loose snow,02 - Stop sign,01 - Functioning,2,0,0,0,,0,,,,,367660.2275,5030597.65,45.41249161,-75.69689182,4576
16--14006,2016/12/31,2:13 PM,BAYSHORE DR @ RICHMOND RD (0010407),10407,02 - Intersection related,03 - P.D. only,04 - Sideswipe,03 - Snow,01 - Daylight,03 - Loose snow,01 - Traffic signal,01 - Functioning,2,0,0,0,,0,,,,,359371.857,5023368.94,45.34814342,-75.80357536,4577
16--14007,2016/12/31,3:10 PM,INNES RD @ TENTH LINE RD (0004633),4633,02 - Intersection related,03 - P.D. only,03 - Rear end,03 - Snow,01 - Daylight,05 - Packed snow,01 - Traffic signal,01 - Functioning,3,0,0,0,,0,,,,,383951.7603,5036158.319,45.46086871,-75.48788487,4578
16--14008,2016/12/31,3:23 PM,BANK ST @ CHAMBERLAIN AVE N/ISABELLA ST (0002132),2132,02 - Intersection related,03 - P.D. only,03 - Rear end,03 - Snow,01 - Daylight,03 - Loose snow,01 - Traffic signal,01 - Functioning,2,0,0,0,,0,,,,,368082.7572,5030167.007,45.40857874,-75.69154937,4579
16--14009,2016/12/31,4:04 PM,MAJESTIC DR btwn KELVIN CRES & KIMDALE ST (__3ZA52A),__3ZA52A,01 - Non intersection,03 - P.D. only,02 - Angle,03 - Snow,05 - Dusk,03 - Loose snow,10 - No control,,2,0,0,0,,0,,,,,362973.8486,5021291.951,45.3291653,-75.7578561,4580
16--1401,2016/01/31,2:10 PM,ROCHESTER ST btwn WILLOW ST & BALSAM ST (__3ZAAJ3),__3ZAAJ3,01 - Non intersection,03 - P.D. only,04 - Sideswipe,01 - Clear,01 - Daylight,01 - Dry,10 - No control,,2,0,0,0,,0,,,,,366606.0016,5029918.029,45.40647047,-75.71044462,4581
16--14010,2016/12/31,4:20 PM,RICHMOND RD btwn ROOSEVELT AVE & WINSTON AVE (__3ZA26V),__3ZA26V,01 - Non intersection,03 - P.D. only,07 - SMV other,03 - Snow,05 - Dusk,03 - Loose snow,10 - No control,,1,0,0,0,,0,,,,,362994.1412,5028126.524,45.39066042,-75.75679253,4582
16--14011,2016/12/31,4:25 PM,ST. LAURENT BLVD btwn THURSTON DR & WALKLEY RD (__3ZA7QN),__3ZA7QN,01 - Non intersection,03 - P.D. only,06 - SMV unattended vehicle,03 - Snow,05 - Dusk,03 - Loose snow,10 - No control,,1,0,0,0,,0,,,,,374026.9737,5027803.791,45.38675296,-75.6159511,4583
16--14012,2016/12/31,4:56 PM,MOONEY'S BAY PL @ RIVERSIDE DR (0011421),11421,03 - At intersection,03 - P.D. only,05 - Turning movement,03 - Snow,07 - Dark,03 - Loose snow,01 - Traffic signal,01 - Functioning,2,0,0,0,,0,,,,,368355.714,5025296.971,45.36473484,-75.68868975,4584
16--14013,2016/12/31,5:20 PM,ST. LAURENT BLVD @ WALKLEY RD (0007653),7653,03 - At intersection,03 - P.D. only,03 - Rear end,03 - Snow,07 - Dark,03 - Loose snow,01 - Traffic signal,01 - Functioning,2,0,0,0,,0,,,,,373909.9725,5028046.855,45.38895149,-75.61741103,4585
16--14014,2016/12/31,5:30 PM,GILMOUR ST btwn ELGIN ST & CARTIER ST (__3ZBORA),__3ZBORA,01 - Non intersection,03 - P.D. only,06 - SMV unattended vehicle,03 - Snow,07 - Dark,03 - Loose snow,10 - No control,,1,0,0,0,,0,,,,,368297.3571,5031080.508,45.41677869,-75.6886904,4586
16--14015,2016/12/31,5:35 PM,MCGIBBON DR btwn ROBARTS CRES & KATIMAVIK RD (__3ZACW1),__3ZACW1,01 - Non intersection,03 - P.D. only,07 - SMV other,03 - Snow,07 - Dark,03 - Loose snow,10 - No control,,1,0,0,0,,0,,,,,351685.1105,5018781.321,45.30741902,-75.90209925,4587
16--14016,2016/12/31,6:20 PM,BRADFORD ST btwn JAMIESON ST & MAUD ST (__3ZA5XD),__3ZA5XD,01 - Non intersection,03 - P.D. only,06 - SMV unattended vehicle,01 - Clear,07 - Dark,03 - Loose snow,10 - No control,,1,0,0,0,,0,,,,,359652.1974,5025658.389,45.36872198,-75.79974397,4588
16--14017,2016/12/31,6:41 PM,ST. LAURENT BLVD @ WALKLEY RD (0007653),7653,02 - Intersection related,03 - P.D. only,04 - Sideswipe,03 - Snow,07 - Dark,03 - Loose snow,01 - Traffic signal,01 - Functioning,2,0,0,0,,0,,,,,373903.5783,5028046.441,45.38894839,-75.61749273,4589
16--14018,2016/12/31,7:14 PM,HWY417 IC140 RAMP35 btwn TERRY FOX DR & HIGHWAY 417 (__3ZAY6Q),__3ZAY6Q,01 - Non intersection,03 - P.D. only,07 - SMV other,03 - Snow,07 - Dark,03 - Loose snow,10 - No control,,1,0,0,0,,0,,,,,350863.8414,5018469.584,45.30466827,-75.91260087,4590
16--14019,2016/12/31,7:21 PM,VIEWMOUNT DR @ MERIVALE RD (0001528),1528,02 - Intersection related,03 - P.D. only,05 - Turning movement,03 - Snow,07 - Dark,05 - Packed snow,01 - Traffic signal,01 - Functioning,2,0,0,0,,0,,,,,365194.5253,5022948.909,45.34388682,-75.72932647,4591
16--1402,2016/01/31,3:00 AM,HWY417 IC115 RAMP61 btwn RAMP & HIGHWAY 417 (__3ZAYAU),__3ZAYAU,01 - Non intersection,03 - P.D. only,07 - SMV other,01 - Clear,"08 - Dark, artificial",01 - Dry,10 - No control,,1,0,0,0,,0,,,,,372641.0965,5031562.54,45.42070811,-75.63313,4592
16--14020,2016/12/31,7:44 PM,TERRY FOX DR @ EDGEWATER ST/WALTER BAKER PL (0002699),2699,02 - Intersection related,03 - P.D. only,03 - Rear end,03 - Snow,07 - Dark,03 - Loose snow,01 - Traffic signal,01 - Functioning,2,0,0,0,,0,,,,,351777.9673,5017612.499,45.29689545,-75.90102592,4593
16--14021,2016/12/31,7:50 PM,FALLOWFIELD RD btwn MUNSTER RD & CONLEY RD (__3ZA3EQ),__3ZA3EQ,01 - Non intersection,03 - P.D. only,07 - SMV other,03 - Snow,07 - Dark,03 - Loose snow,10 - No control,,1,0,0,0,,0,,,,,347174.7253,5005045.391,45.18410372,-75.96078572,4594
16--14022,2016/12/31,7:51 PM,MARCH RD btwn 280 S OF CARLING AVE/STATION RD & RICHARDSON SIDE RD (__3ZA42DB),__3ZA42DB,04 - At/near private drive,03 - P.D. only,02 - Angle,03 - Snow,07 - Dark,03 - Loose snow,10 - No control,,2,0,0,0,,0,,,,,351266.4337,5021858.999,45.33514051,-75.90714936,4595
16--14023,2016/12/31,8:28 PM,WOODWARD DR btwn COURTWOOD CRES & CLYDE AVE (__3ZAA54),__3ZAA54,01 - Non intersection,02 - Non-fatal injury,01 - Approaching,05 - Drifting Snow,07 - Dark,05 - Packed snow,10 - No control,,2,0,0,0,01 - Minimal,1,1,,,,363617.2903,5026203.832,45.37330827,-75.74906394,4596
16--14024,2016/12/31,8:37 PM,COVENTRY RD @ VANIER PKWY (0002139),2139,02 - Intersection related,03 - P.D. only,03 - Rear end,03 - Snow,07 - Dark,03 - Loose snow,01 - Traffic signal,01 - Functioning,2,0,0,0,,0,,,,,370676.3849,5031611.289,45.4213345,-75.65822569,4597
16--14025,2016/12/31,8:42 PM,REGIONAL ROAD 174 btwn OR174 IC101 RAMP36 & OR174 IC101 RAMP26 (__3ZA11R),__3ZA11R,01 - Non intersection,02 - Non-fatal injury,07 - SMV other,03 - Snow,07 - Dark,03 - Loose snow,10 - No control,,1,0,0,0,02 - Minor,1,,1,,,382603.6149,5038837.446,45.48512457,-75.50469675,4598
16--14026,2016/12/31,9:19 PM,ST. JOSEPH BLVD @ TENTH LINE RD (0009163),9163,03 - At intersection,03 - P.D. only,02 - Angle,03 - Snow,07 - Dark,03 - Loose snow,01 - Traffic signal,01 - Functioning,2,0,0,0,,0,,,,,382889.9756,5038665.211,45.48354298,-75.50106143,4599
16--14027,2016/12/31,9:40 PM,HWY417 IC118 RAMP67 btwn HWY417 IC118 RAMP64 & HIGHWAY 417 (__3ZAY9L),__3ZAY9L,01 - Non intersection,03 - P.D. only,03 - Rear end,03 - Snow,07 - Dark,03 - Loose snow,10 - No control,,3,0,0,0,,0,,,,,369647.6023,5031164.953,45.41741465,-75.67142892,4600
16--14028,2016/12/31,9:57 PM,KING EDWARD AVE @ RIDEAU ST (0002121),2121,02 - Intersection related,03 - P.D. only,05 - Turning movement,03 - Snow,07 - Dark,04 - Slush,01 - Traffic signal,01 - Functioning,2,0,0,0,,0,,,,,368510.879,5032414.003,45.42875759,-75.68579004,4601
16--1403,2016/01/31,3:34 PM,PATRICIA AVE @ RICHMOND RD (0005608),5608,02 - Intersection related,03 - P.D. only,03 - Rear end,01 - Clear,01 - Daylight,02 - Wet,01 - Traffic signal,01 - Functioning,2,0,0,0,,0,,,,,363953.4666,5028754.214,45.39622789,-75.74446662,4602
16--1404,2016/01/31,3:38 PM,HWY 417 WOODROFF IC127R36 @ WOODROFFE AVE (0002350),2350,02 - Intersection related,03 - P.D. only,05 - Turning movement,01 - Clear,01 - Daylight,02 - Wet,10 - No control,,2,0,0,0,,0,,,,,362031.5343,5025065.753,45.36319924,-75.76943987,4603
16--1405,2016/01/31,5:21 PM,FERNBANK RD btwn MUNSTER RD & LUCAS LANE (__3ZAC59),__3ZAC59,01 - Non intersection,02 - Non-fatal injury,07 - SMV other,01 - Clear,05 - Dusk,02 - Wet,10 - No control,,1,0,0,0,02 - Minor,1,,1,,,345323.7887,5007158.316,45.20322576,-75.984166,4604
16--1406,2016/01/31,6:25 AM,HIGHWAY 7 btwn DWYER HILL RD & UPPER DWYER HILL RD (__7JQ7L7),__7JQ7L7,01 - Non intersection,03 - P.D. only,07 - SMV other,01 - Clear,07 - Dark,01 - Dry,10 - No control,,1,0,0,0,,0,,,,,340974.8163,5007183.369,45.20368781,-76.03952106,4605
16--1407,2016/01/31,8:00 PM,UPPER DWYER HILL RD btwn MARCH RD & OLD ALMONTE RD (__3ZA4QB),__3ZA4QB,01 - Non intersection,03 - P.D. only,07 - SMV other,01 - Clear,07 - Dark,02 - Wet,10 - No control,,1,0,0,0,,0,,,,,336643.0873,5011437.356,45.24217694,-76.09438721,4606
16--1408,2016/01/31,9:02 PM,MERIVALE RD @ SLACK RD (0000110),110,03 - At intersection,03 - P.D. only,05 - Turning movement,02 - Rain,07 - Dark,02 - Wet,01 - Traffic signal,01 - Functioning,2,0,0,0,,0,,,,,366019.4808,5020955.273,45.32587686,-75.71904709,4607
16--1409,2016/01/31,9:04 PM,STONEHENGE CRES @ WHITTAKER CRES E (0009534),9534,03 - At intersection,02 - Non-fatal injury,02 - Angle,02 - Rain,07 - Dark,02 - Wet,02 - Stop sign,01 - Functioning,2,0,0,0,02 - Minor,1,,1,,,375379.9637,5031470.778,45.41961154,-75.59815032,4608
16--141,2016/01/05,Unknown,CLARENCE ST btwn SUSSEX DR & BY WARD MARKET SQ (__3ZA81R),__3ZA81R,01 - Non intersection,03 - P.D. only,06 - SMV unattended vehicle,01 - Clear,00 - Unknown,01 - Dry,10 - No control,,1,0,0,0,,0,,,,,367816.8576,5032363.671,45.4283676,-75.69466502,4609
16--1410,2016/01/31,9:35 PM,COBDEN RD @ ELMIRA DR (0002948),2948,03 - At intersection,02 - Non-fatal injury,07 - SMV other,02 - Rain,07 - Dark,02 - Wet,03 - Yield sign,01 - Functioning,1,0,0,1,02 - Minor,1,,1,,,361339.467,5023928.169,45.35301949,-75.77840352,4610
16--1411,2016/02/01,1:27 PM,BAY ST @ FLORENCE ST (0007469),7469,03 - At intersection,02 - Non-fatal injury,02 - Angle,01 - Clear,01 - Daylight,02 - Wet,02 - Stop sign,01 - Functioning,2,0,0,0,02 - Minor,2,1,1,,,367420.0516,5030356.351,45.41034201,-75.69999069,4611
16--1412,2016/02/01,1:35 PM,BRONSON AVE @ COMMISSIONER ST/SLATER ST (0001679),1679,03 - At intersection,03 - P.D. only,02 - Angle,01 - Clear,01 - Daylight,01 - Dry,01 - Traffic signal,01 - Functioning,2,0,0,0,,0,,,,,366768.9249,5030948.787,45.41573053,-75.70823394,4612
16--1413,2016/02/01,10:40 AM,HERON RD @ BAYCREST DR (0007191),7191,03 - At intersection,03 - P.D. only,02 - Angle,01 - Clear,01 - Daylight,01 - Dry,01 - Traffic signal,01 - Functioning,2,0,0,0,,0,,,,,371142.6144,5026979.953,45.3796195,-75.6528918,4613
16--1414,2016/02/01,10:43 AM,CARILLON ST @ HANNAH ST (0010006),10006,03 - At intersection,03 - P.D. only,02 - Angle,01 - Clear,01 - Daylight,01 - Dry,02 - Stop sign,01 - Functioning,2,0,0,0,,0,,,,,370154.6067,5033390.813,45.43739486,-75.66465614,4614
16--1419,2016/02/01,12:35 AM,SUMMERHILL ST btwn SOUTHBRIDGE ST & VISION ST/WILHELMINA PL (__86L6Z9),__86L6Z9,01 - Non intersection,03 - P.D. only,07 - SMV other,02 - Rain,07 - Dark,02 - Wet,10 - No control,,1,0,0,0,,0,,,,,367671.889,5014279.639,45.26566426,-75.69881633,4615
16--1509,2016/02/04,12:28 PM,ST. JOSEPH BLVD @ JEANNE D'ARC BLVD (0012421),12421,03 - At intersection,03 - P.D. only,02 - Angle,01 - Clear,01 - Daylight,01 - Dry,11 - Roundabout,01 - Functioning,2,0,0,0,,0,,,,,379861.7774,5036472.357,45.46414559,-75.54012803,4616
16--142,2016/01/05,12:07 PM,KING EDWARD AVE @ RIDEAU ST (0002121),2121,03 - At intersection,03 - P.D. only,05 - Turning movement,01 - Clear,01 - Daylight,01 - Dry,01 - Traffic signal,01 - Functioning,3,0,0,0,,0,,,,,368510.2063,5032413.214,45.42875056,-75.68579874,4617
16--151,2016/01/05,2:54 PM,HUNTERSFIELD DR btwn BURLINGTON CRES & BURLINGTON CRES (__3ZA8MO),__3ZA8MO,01 - Non intersection,03 - P.D. only,06 - SMV unattended vehicle,01 - Clear,01 - Daylight,06 - Ice,10 - No control,,1,0,0,0,,0,,,,,373344.0574,5025287.786,45.36418216,-75.62502032,4618
16--1420,2016/02/01,2:00 AM,HWY416 IC72 RAMP34 btwn HIGHWAY 416 & WEST HUNT CLUB RD (__3ZAY4D),__3ZAY4D,01 - Non intersection,02 - Non-fatal injury,07 - SMV other,01 - Clear,"08 - Dark, artificial",01 - Dry,10 - No control,,1,0,0,0,01 - Minimal,1,1,,,,359349.8837,5019671.35,45.31487408,-75.80426324,4619
16--1510,2016/02/04,12:30 PM,MONTREAL RD @ ST. LAURENT BLVD (0002604),2604,02 - Intersection related,03 - P.D. only,03 - Rear end,01 - Clear,01 - Daylight,01 - Dry,01 - Traffic signal,01 - Functioning,2,0,0,0,,0,,,,,371546.6214,5033817.365,45.44110128,-75.64680793,4620
16--1421,2016/02/01,2:44 PM,KING EDWARD AVE @ GEORGE ST (0008239),8239,02 - Intersection related,02 - Non-fatal injury,03 - Rear end,01 - Clear,01 - Daylight,01 - Dry,02 - Stop sign,01 - Functioning,2,0,0,0,02 - Minor,1,,1,,,368462.6986,5032481.928,45.42937315,-75.68639693,4621
16--1511,2016/02/04,2:05 PM,HIGHWAY 417 btwn HWY417 IC122 RAMP15 & HWY417 IC121B RAMP51 (__3ZA2RB),__3ZA2RB,01 - Non intersection,02 - Non-fatal injury,99 - Other,01 - Clear,01 - Daylight,01 - Dry,10 - No control,,2,0,0,0,02 - Minor,1,,1,,,366562.4999,5029509.82,45.40280136,-75.71105142,4622
16--1422,2016/02/01,3:28 PM,BANK ST @ JOHNSTON RD (0006967),6967,03 - At intersection,02 - Non-fatal injury,05 - Turning movement,01 - Clear,01 - Daylight,01 - Dry,01 - Traffic signal,01 - Functioning,2,0,0,0,02 - Minor,1,,1,,,370851.95,5024838.43,45.36037826,-75.65688914,4623
16--1512,2016/02/04,2:36 AM,RIVER RD btwn OSGOODE MAIN ST & DALMENY RD (__3ZA3TA),__3ZA3TA,01 - Non intersection,02 - Non-fatal injury,07 - SMV other,01 - Clear,07 - Dark,06 - Ice,10 - No control,,1,0,0,0,02 - Minor,1,,1,,,373941.0341,4998508.387,45.1231685,-75.6211241,4624
16--1423,2016/02/01,3:30 PM,CARLING AVE @ RICHMOND RD (0010847),10847,02 - Intersection related,03 - P.D. only,03 - Rear end,01 - Clear,01 - Daylight,01 - Dry,01 - Traffic signal,01 - Functioning,2,0,0,0,,0,,,,,360245.0204,5024782.171,45.36079116,-75.79227475,4625
16--1424,2016/02/01,3:38 PM,INNES RD @ BEARBROOK RD/GLEN PARK DR E (0003630),3630,02 - Intersection related,03 - P.D. only,03 - Rear end,01 - Clear,01 - Daylight,01 - Dry,01 - Traffic signal,01 - Functioning,2,0,0,0,,0,,,,,377994.7336,5032843.01,45.43168933,-75.56454005,4626
16--1425,2016/02/01,4:00 PM,CAMBRIDGE ST    N btwn LAURIER AVE W & PRIMROSE AVE (__3ZA150),__3ZA150,04 - At/near private drive,03 - P.D. only,04 - Sideswipe,01 - Clear,01 - Daylight,01 - Dry,10 - No control,,2,0,0,0,,0,,,,,366775.1087,5030728.297,45.41374608,-75.70818266,4627
16--1426,2016/02/01,5:00 PM,BANK ST @ JOHNSTON RD (0006967),6967,02 - Intersection related,02 - Non-fatal injury,03 - Rear end,01 - Clear,05 - Dusk,01 - Dry,01 - Traffic signal,01 - Functioning,2,0,0,0,02 - Minor,1,,1,,,370851.0719,5024838.869,45.36038229,-75.65690029,4628
16--1427,2016/02/01,5:36 PM,BRONSON AVE @ SOMERSET ST (0002218),2218,03 - At intersection,03 - P.D. only,04 - Sideswipe,01 - Clear,05 - Dusk,02 - Wet,01 - Traffic signal,01 - Functioning,2,0,0,0,,0,,,,,366967.9156,5030477.231,45.41146996,-75.7057512,4629
16--1428,2016/02/01,5:51 PM,ALPINE AVE btwn CARLING AVE & ELMHURST ST (__3ZBNG7),__3ZBNG7,04 - At/near private drive,02 - Non-fatal injury,07 - SMV other,01 - Clear,07 - Dark,01 - Dry,10 - No control,,1,0,0,1,01 - Minimal,1,1,,,,360557.9094,5024781.461,45.36075996,-75.78828128,4630
16--1429,2016/02/01,6:50 AM,KING EDWARD AVE @ SOMERSET ST/MARIE CURIE PRIV (0001696),1696,02 - Intersection related,03 - P.D. only,05 - Turning movement,01 - Clear,03 - Dawn,02 - Wet,01 - Traffic signal,01 - Functioning,2,0,0,0,,0,,,,,368957.9298,5031673.797,45.42205663,-75.68017384,4631
16--143,2016/01/05,12:09 PM,PRESTON ST @ TRANSITWAY (0016447),16447,02 - Intersection related,03 - P.D. only,03 - Rear end,01 - Clear,01 - Daylight,01 - Dry,01 - Traffic signal,01 - Functioning,2,0,0,0,,0,,,,,366119.46,5030624.848,45.41287304,-75.71657156,4632
16--1430,2016/02/01,6:52 PM,HWY417 IC118 RAMP67 btwn HWY417 IC118 RAMP64 & HIGHWAY 417 (__3ZAY9L),__3ZAY9L,01 - Non intersection,03 - P.D. only,07 - SMV other,01 - Clear,07 - Dark,01 - Dry,10 - No control,,1,0,0,0,,0,,,,,369679.2916,5031163.202,45.41739596,-75.67102429,4633
16--1431,2016/02/01,6:55 PM,REGIONAL ROAD 174 btwn OR174 IC109 RAMP54 & OR174 IC109 RAMP55 (__3ZA28X),__3ZA28X,01 - Non intersection,03 - P.D. only,03 - Rear end,01 - Clear,07 - Dark,01 - Dry,10 - No control,,2,0,0,0,,0,,,,,376438.615,5034912.104,45.45046689,-75.58412415,4634
16--1432,2016/02/01,7:10 PM,DOWNPATRICK RD @ UPLANDS DR (0009324),9324,02 - Intersection related,03 - P.D. only,04 - Sideswipe,01 - Clear,07 - Dark,01 - Dry,02 - Stop sign,01 - Functioning,2,0,0,0,,0,,,,,370293.3996,5022804.733,45.34213204,-75.66428728,4635
16--1433,2016/02/01,7:20 AM,GAULTOIS AVE btwn BEDEQUE CRT & LOIRE DR (__3ZA6EM),__3ZA6EM,01 - Non intersection,03 - P.D. only,06 - SMV unattended vehicle,01 - Clear,01 - Daylight,01 - Dry,10 - No control,,1,0,0,0,,0,,,,,380841.7574,5036292.677,45.46242298,-75.52762588,4636
16--1434,2016/02/01,7:25 AM,INNES RD @ STONEHENGE CRES E (0009355),9355,02 - Intersection related,02 - Non-fatal injury,03 - Rear end,01 - Clear,01 - Daylight,02 - Wet,01 - Traffic signal,01 - Functioning,2,0,0,0,02 - Minor,1,,1,,,375363.1128,5031314.25,45.41820489,-75.59838802,4637
16--1435,2016/02/01,7:28 PM,JOHN SUTHERLAND DR btwn RICHMOND RD & TO BE DETERMINED (__3ZAAEC),__3ZAAEC,04 - At/near private drive,03 - P.D. only,04 - Sideswipe,01 - Clear,07 - Dark,02 - Wet,10 - No control,,2,0,0,0,,0,,,,,358982.1833,5022111.178,45.33685626,-75.80868561,4638
16--1436,2016/02/01,7:30 PM,CASTLEFRANK RD @ HAZELDEAN RD (0003608),3608,02 - Intersection related,03 - P.D. only,04 - Sideswipe,01 - Clear,07 - Dark,01 - Dry,01 - Traffic signal,01 - Functioning,2,0,0,0,,0,,,,,352677.6586,5017677.428,45.29741897,-75.88954914,4639
16--13597,2016/12/21,10:00 PM,HAZELDEAN RD btwn GO/KA BOUNDARY & HUNTMAR DR/IBER RD (__3ZA3DJ),__3ZA3DJ,01 - Non intersection,03 - P.D. only,03 - Rear end,01 - Clear,07 - Dark,02 - Wet,10 - No control,,2,0,0,0,,0,,,,,351171.5993,5016280.701,45.28495183,-75.90888126,4640
16--1437,2016/02/01,8:30 AM,ELGIN ST btwn GLOUCESTER ST & NEPEAN ST (1) (__3ZA35M),__3ZA35M,01 - Non intersection,03 - P.D. only,06 - SMV unattended vehicle,01 - Clear,01 - Daylight,02 - Wet,10 - No control,,1,0,0,0,,0,,,,,367992.3982,5031468.566,45.42029791,-75.69253672,4641
16--1438,2016/02/01,8:50 AM,CARLING AVE WB btwn HWY417 IC124 RAMP67 & HWY417 IC124 RAMP65 (__3ZA1Q8),__3ZA1Q8,01 - Non intersection,03 - P.D. only,04 - Sideswipe,01 - Clear,01 - Daylight,02 - Wet,10 - No control,,2,0,0,0,,0,,,,,364424.371,5027552.51,45.38537524,-75.73859776,4642
16--1439,2016/02/01,9:45 AM,PLEASANT PARK RD @ ST. LAURENT BLVD (0008363),8363,02 - Intersection related,03 - P.D. only,03 - Rear end,01 - Clear,01 - Daylight,02 - Wet,01 - Traffic signal,01 - Functioning,2,0,0,0,,0,,,,,373597.5059,5028794.884,45.39571268,-75.6212967,4643
16--144,2016/01/05,12:17 PM,MONTREAL RD @ BETHAMY LANE/FOXBOROUGH PRIV (0012433),12433,02 - Intersection related,03 - P.D. only,03 - Rear end,01 - Clear,01 - Daylight,02 - Wet,01 - Traffic signal,01 - Functioning,2,0,0,0,,0,,,,,375321.7256,5034343.7,45.44546632,-75.59848289,4644
16--1440,2016/02/02,1:00 PM,CURTIS PRIV btwn SAMPSON PRIV & TYLEE PRIV (__3ZA9YB),__3ZA9YB,01 - Non intersection,03 - P.D. only,06 - SMV unattended vehicle,01 - Clear,01 - Daylight,01 - Dry,10 - No control,,1,0,0,0,,0,,,,,369961.1923,5022220.893,45.33690974,-75.66860277,4645
16--1441,2016/02/02,1:20 PM,REGIONAL ROAD 174 btwn MCTEER RD & CANAAN RD (__3ZA27S),__3ZA27S,01 - Non intersection,03 - P.D. only,03 - Rear end,01 - Clear,01 - Daylight,01 - Dry,10 - No control,,2,0,0,0,,0,,,,,395674.1212,5043379.083,45.52440462,-75.33668303,4646
16--1442,2016/02/02,10:30 AM,DOANE ST btwn LATS PRIV & CARLING AVE (__3ZA5YV),__3ZA5YV,01 - Non intersection,03 - P.D. only,06 - SMV unattended vehicle,01 - Clear,01 - Daylight,01 - Dry,10 - No control,,1,0,0,0,,0,,,,,359472.2831,5024353.072,45.35699082,-75.80218503,4647
16--1443,2016/02/02,11:57 AM,KIMBERLEY RD btwn RICHMOND RD & VIRGIL RD (__3ZBNF7),__3ZBNF7,01 - Non intersection,03 - P.D. only,01 - Approaching,01 - Clear,01 - Daylight,01 - Dry,10 - No control,,2,0,0,0,,0,,,,,357685.3063,5020514.608,45.32258914,-75.82540196,4648
16--1444,2016/02/02,12:22 PM,PALMERSTON DR btwn MATHESON RD & PEREZ CRES (__3ZA1DF),__3ZA1DF,01 - Non intersection,03 - P.D. only,07 - SMV other,01 - Clear,01 - Daylight,01 - Dry,10 - No control,,1,0,0,0,,0,,,,,373384.5482,5032528.723,45.42932886,-75.62349679,4649
16--1445,2016/02/02,12:29 PM,BESSERER ST btwn NICHOLAS ST & DALHOUSIE ST (__3ZBOX0),__3ZBOX0,01 - Non intersection,03 - P.D. only,04 - Sideswipe,01 - Clear,01 - Daylight,02 - Wet,10 - No control,,2,0,0,0,,0,,,,,368236.6754,5032146.378,45.42637452,-75.68932841,4650
16--1446,2016/02/02,2:27 PM,RIVERSIDE DR NB btwn BILLINGS BRIDGE SC RAMP SB & BILLINGS BRIDGE SC R (__3ZA1KV),__3ZA1KV,01 - Non intersection,03 - P.D. only,04 - Sideswipe,01 - Clear,01 - Daylight,01 - Dry,10 - No control,,2,0,0,0,,0,,,,,369194.7609,5027792.767,45.38711469,-75.67765469,4651
16--1447,2016/02/02,3:10 PM,DUNROBIN RD btwn WAYBURN AVE & RIDDELL DR (__3ZA3EE),__3ZA3EE,01 - Non intersection,03 - P.D. only,07 - SMV other,01 - Clear,01 - Daylight,01 - Dry,10 - No control,,1,0,0,0,,0,,,,,347114.2807,5026384.905,45.37612849,-75.9597355,4652
16--1448,2016/02/02,3:15 PM,HERON RD @ ALTA VISTA DR (0007188),7188,02 - Intersection related,03 - P.D. only,03 - Rear end,01 - Clear,01 - Daylight,01 - Dry,01 - Traffic signal,01 - Functioning,2,0,0,0,,0,,,,,370492.0638,5026902.757,45.37898622,-75.66120785,4653
16--1449,2016/02/02,4:35 PM,REGIONAL ROAD 174 EB btwn HWY417 IC113 RAMP65 & OR174 BLAIR IC112 RAMP51 (__3ZAZFJ),__3ZAZFJ,01 - Non intersection,02 - Non-fatal injury,03 - Rear end,01 - Clear,01 - Daylight,01 - Dry,10 - No control,,3,0,0,0,01 - Minimal,4,4,,,,374624.2967,5032689.607,45.43065373,-75.60763204,4654
16--145,2016/01/05,12:19 PM,SLATER ST btwn KENT ST & BANK ST (__3ZA349),__3ZA349,01 - Non intersection,03 - P.D. only,06 - SMV unattended vehicle,01 - Clear,01 - Daylight,01 - Dry,10 - No control,,1,0,0,0,,0,,,,,367351.1564,5031307.673,45.41890787,-75.70075004,4655
16--1450,2016/02/02,4:45 PM,KING EDWARD AVE @ ST. PATRICK ST (0002714),2714,02 - Intersection related,03 - P.D. only,03 - Rear end,01 - Clear,01 - Daylight,01 - Dry,01 - Traffic signal,01 - Functioning,2,0,0,0,,0,,,,,368248.0427,5032824.686,45.43247667,-75.68909577,4656
16--1451,2016/02/02,5:10 PM,AVIATION PKWY @ MONTREAL RD (0008799),8799,02 - Intersection related,03 - P.D. only,03 - Rear end,01 - Clear,01 - Daylight,01 - Dry,01 - Traffic signal,01 - Functioning,2,0,0,0,,0,,,,,372147.3752,5034107.924,45.44365797,-75.63908987,4657
16--1452,2016/02/02,5:31 PM,HIGHWAY 17 btwn OTTAWA ROAD 29 & Continuation of HIGHWAY 17 (__5SO0AA),__5SO0AA,01 - Non intersection,03 - P.D. only,07 - SMV other,01 - Clear,07 - Dark,01 - Dry,10 - No control,,1,0,0,0,,0,,,,,318992.477,5031694.041,45.42503698,-76.31863549,4658