Anom_ID,Accident_Date,Accident_Time,Location,Geo_ID,Accident_Location,Classification_of_Accident,Initial_Impact_Type,Environment_Condition,Light,Road_Surface_Condition,Traffic_Control,Traffic_Control_Condition,No__of_Vehicles,No__of_Bicycles,No__of_Motorcycles,No__of_Pedestrians,Max_Injury,No__of_Injuries,No__of_Minimal,No__of_Minor,No__of_Major,No__of_Fatal,X,Y,Latitude,Longitude,ObjectId
16--1453,2016/02/02,5:38 PM,VALENCEVILLE CRES btwn CHARDONNAY DR & CHARDONNAY DR (__4LNNQ9),__4LNNQ9,01 - Non intersection,03 - P.D. only,06 - SMV unattended vehicle,02 - Rain,07 - Dark,02 - Wet,10 - No control,,1,0,0,0,,0,,,,,385210.3373,5036176.004,45.4608841,-75.47179112,4659
16--1454,2016/02/02,5:39 PM,AIRPORT PKWY btwn RAMP & AIRPORT PKWY (2) (__3ZA22Z),__3ZA22Z,01 - Non intersection,03 - P.D. only,03 - Rear end,01 - Clear,07 - Dark,01 - Dry,10 - No control,,2,0,0,0,,0,,,,,370981.4259,5023795.863,45.35098536,-75.65537622,4660
16--1455,2016/02/02,6:05 PM,TENTH LINE RD btwn VANGUARD DR & LAKEPOINTE DR (__4V3JUE),__4V3JUE,01 - Non intersection,03 - P.D. only,04 - Sideswipe,01 - Clear,07 - Dark,01 - Dry,10 - No control,,2,0,0,0,,0,,,,,384185.4557,5035605.333,45.45586694,-75.48498636,4661
16--1456,2016/02/02,6:36 PM,RICHMOND RD @ NORTHSIDE RD E (0010417),10417,02 - Intersection related,03 - P.D. only,02 - Angle,01 - Clear,07 - Dark,01 - Dry,01 - Traffic signal,01 - Functioning,2,0,0,0,,0,,,,,358329.1717,5021226.997,45.32895047,-75.81711246,4662
16--1457,2016/02/02,6:45 PM,HIGHWAY 417 btwn HWY417 IC155 RAMP25 & RAMP (__3ZAZN1),__3ZAZN1,01 - Non intersection,03 - P.D. only,07 - SMV other,01 - Clear,07 - Dark,01 - Dry,10 - No control,,1,0,0,0,,0,,,,,344326.7525,5015433.2,45.2777439,-75.99619929,4663
16--1458,2016/02/02,7:00 PM,SCALA AVE btwn LICHEN AVE & ST. BRUNO ST (__4RPBG2),__4RPBG2,01 - Non intersection,03 - P.D. only,06 - SMV unattended vehicle,01 - Clear,07 - Dark,01 - Dry,10 - No control,,1,0,0,0,,0,,,,,385076.1041,5036380.712,45.46274131,-75.47347386,4664
16--1459,2016/02/02,7:20 PM,PALMADEO DR btwn RODEO DR & ALAMEDA WAY (__37AAW7),__37AAW7,01 - Non intersection,03 - P.D. only,06 - SMV unattended vehicle,01 - Clear,07 - Dark,02 - Wet,10 - No control,,1,0,0,0,,0,,,,,365106.2326,5015804.383,45.27960854,-75.73132258,4665
16--146,2016/01/05,12:26 PM,KALADAR AVE btwn HERON RD & GREGG ST (__3ZA9Y1),__3ZA9Y1,04 - At/near private drive,02 - Non-fatal injury,03 - Rear end,01 - Clear,01 - Daylight,02 - Wet,10 - No control,,2,0,0,0,01 - Minimal,1,1,,,,369688.9825,5026774.545,45.37790745,-75.6714778,4666
16--1460,2016/02/02,7:45 PM,HIGHWAY 417 btwn HWY417 IC118 RAMP57 & HWY417 IC118 RAMP35 (__3ZA2YQ),__3ZA2YQ,01 - Non intersection,03 - P.D. only,07 - SMV other,01 - Clear,"08 - Dark, artificial",01 - Dry,10 - No control,,1,0,0,0,,0,,,,,369456.8824,5031040.272,45.41631047,-75.67388189,4667
16--1461,2016/02/02,8:03 AM,D'AOUST AVE btwn TIMBERMILL ST & ST. BERNARD ST (__3ZA8PQ),__3ZA8PQ,04 - At/near private drive,03 - P.D. only,05 - Turning movement,01 - Clear,01 - Daylight,01 - Dry,10 - No control,,2,0,0,0,,0,,,,,372626.1698,5023604.811,45.3491092,-75.63441417,4668
16--1462,2016/02/02,8:20 AM,TOTTERIDGE AVE @ FAIRLOP WAY (0010932),10932,03 - At intersection,03 - P.D. only,02 - Angle,01 - Clear,01 - Daylight,01 - Dry,03 - Yield sign,01 - Functioning,2,0,0,0,,0,,,,,364690.2521,5016226.373,45.28344116,-75.73657336,4669
16--1463,2016/02/02,8:45 AM,BROADVIEW AVE @ RICHMOND RD (0006612),6612,02 - Intersection related,03 - P.D. only,03 - Rear end,01 - Clear,01 - Daylight,01 - Dry,02 - Stop sign,00 - Unknown,2,0,0,0,,0,,,,,362679.4725,5027865.331,45.38833632,-75.76084151,4670
16--1464,2016/02/02,9:09 PM,MERTON ST @ SCOTT ST (0006492),6492,02 - Intersection related,03 - P.D. only,03 - Rear end,01 - Clear,07 - Dark,01 - Dry,01 - Traffic signal,01 - Functioning,2,0,0,0,,0,,,,,365327.7779,5029955.376,45.40691821,-75.7267675,4671
16--1465,2016/02/03,1:30 PM,BERWICK AVE btwn MAJOR ST & FIELD ST (__3ZAAYR),__3ZAAYR,04 - At/near private drive,03 - P.D. only,02 - Angle,04 - Freezing Rain,01 - Daylight,06 - Ice,10 - No control,,2,0,0,0,,0,,,,,362591.3825,5024385.194,45.3570297,-75.76237358,4672
16--1466,2016/02/03,1:47 PM,SEYTON DR btwn TYRRELL PL & WIFFEN PRIV (__4FODOP),__4FODOP,01 - Non intersection,03 - P.D. only,06 - SMV unattended vehicle,01 - Clear,01 - Daylight,06 - Ice,10 - No control,,1,0,0,0,,0,,,,,357150.4771,5019695.57,45.31525944,-75.83231027,4673
16--1467,2016/02/03,10:04 AM,KIRKWOOD AVE @ SEBRING AVE (0006251),6251,02 - Intersection related,03 - P.D. only,03 - Rear end,04 - Freezing Rain,01 - Daylight,06 - Ice,02 - Stop sign,01 - Functioning,2,0,0,0,,0,,,,,364212.0412,5027636.318,45.38614737,-75.74129889,4674
16--1468,2016/02/03,10:40 PM,HOWIE RD btwn JIULIA LAKE PRIV & PESKETT RD (__3ZA1PC),__3ZA1PC,01 - Non intersection,03 - P.D. only,07 - SMV other,01 - Clear,07 - Dark,02 - Wet,10 - No control,,1,0,0,0,,0,,,,,338864.5857,5015218.049,45.27609373,-76.06583166,4675
16--1469,2016/02/03,2:57 PM,RENFREW AVE btwn BRONSON AVE & IMPERIAL AVE (__3ZA93K),__3ZA93K,01 - Non intersection,03 - P.D. only,06 - SMV unattended vehicle,01 - Clear,01 - Daylight,03 - Loose snow,10 - No control,,1,0,0,0,,0,,,,,367468.3544,5029620.135,45.40371343,-75.69946723,4676
16--147,2016/01/05,12:30 PM,HUNT CLUB RD btwn WEST HUNT CLUB RD & TURN LANE (__3ZBOEO),__3ZBOEO,04 - At/near private drive,03 - P.D. only,02 - Angle,01 - Clear,01 - Daylight,01 - Dry,10 - No control,,2,0,0,0,,0,,,,,367925.6336,5021909.851,45.33429713,-75.69461169,4677
16--1470,2016/02/03,3:35 PM,OTTAWA RIVER PKWY @ REMIC RAPIDS ENT/TUNNEY'S  (0011322),11322,02 - Intersection related,03 - P.D. only,03 - Rear end,01 - Clear,01 - Daylight,02 - Wet,01 - Traffic signal,01 - Functioning,2,0,0,0,,0,,,,,364269.484,5030245.016,45.40961505,-75.74025089,4678
16--1471,2016/02/03,4:00 PM,NELSON ST @ SOMERSET ST (0007312),7312,03 - At intersection,03 - P.D. only,05 - Turning movement,01 - Clear,01 - Daylight,02 - Wet,02 - Stop sign,01 - Functioning,2,0,0,0,,0,,,,,369095.3652,5031761.796,45.42283579,-75.67840635,4679
16--1472,2016/02/03,4:28 PM,CARLING AVE @ CIVIC HOSPITAL (0008793),8793,03 - At intersection,02 - Non-fatal injury,05 - Turning movement,01 - Clear,01 - Daylight,01 - Dry,01 - Traffic signal,01 - Functioning,2,0,0,0,02 - Minor,1,,1,,,365792.171,5028278.029,45.39178553,-75.72104292,4680
16--1473,2016/02/03,4:50 PM,MONTREAL RD btwn PALACE ST & VANIER PKWY (__3ZA3LL),__3ZA3LL,04 - At/near private drive,03 - P.D. only,05 - Turning movement,01 - Clear,01 - Daylight,01 - Dry,10 - No control,,2,0,0,0,,0,,,,,370017.9015,5033037.216,45.43422611,-75.66645013,4681
16--1474,2016/02/03,5:11 PM,JOHNSTON RD @ TAPIOLA CRES E (0012081),12081,02 - Intersection related,03 - P.D. only,03 - Rear end,01 - Clear,07 - Dark,02 - Wet,02 - Stop sign,01 - Functioning,2,0,0,0,,0,,,,,372256.816,5025672.777,45.36775164,-75.63884505,4682
16--1475,2016/02/03,5:37 PM,KENT ST @ SOMERSET ST (0008857),8857,03 - At intersection,02 - Non-fatal injury,07 - SMV other,01 - Clear,07 - Dark,02 - Wet,01 - Traffic signal,01 - Functioning,1,0,0,1,02 - Minor,2,1,1,,,367528.2021,5030817.441,45.41448107,-75.69855045,4683
16--1476,2016/02/03,5:47 PM,BREWER RD @ BRONSON AVE (0002240),2240,03 - At intersection,03 - P.D. only,03 - Rear end,01 - Clear,07 - Dark,02 - Wet,01 - Traffic signal,01 - Functioning,3,0,0,0,,0,,,,,368109.2666,5027766.655,45.3869787,-75.69151881,4684
16--1477,2016/02/03,6:10 PM,ST. PATRICK ST WB btwn FORSEY ST & ISLAND LODGE RD (__3ZA1LB),__3ZA1LB,01 - Non intersection,03 - P.D. only,03 - Rear end,"07 - Fog, mist, smoke, dust",07 - Dark,01 - Dry,10 - No control,,2,0,0,0,,0,,,,,368720.6782,5033246.578,45.43622965,-75.68300104,4685
16--1478,2016/02/03,6:23 PM,FISHER AVE btwn EMPEROR AVE & TRENT ST (__3ZA3AH),__3ZA3AH,01 - Non intersection,03 - P.D. only,04 - Sideswipe,01 - Clear,07 - Dark,02 - Wet,10 - No control,,2,0,0,0,,0,,,,,365686.1199,5027154.858,45.38168871,-75.72253577,4686
16--1479,2016/02/03,6:42 PM,BESSERER ST @ KING EDWARD AVE (0007758),7758,03 - At intersection,02 - Non-fatal injury,07 - SMV other,01 - Clear,07 - Dark,02 - Wet,01 - Traffic signal,01 - Functioning,1,0,0,1,02 - Minor,1,,1,,,368551.4557,5032340.207,45.42808991,-75.68528108,4687
16--148,2016/01/05,12:30 PM,LORETTA AVE   S btwn YOUNG ST & NOLAN AVE (__3ZA04F),__3ZA04F,01 - Non intersection,03 - P.D. only,06 - SMV unattended vehicle,01 - Clear,01 - Daylight,05 - Packed snow,10 - No control,,1,0,0,0,,0,,,,,366296.9456,5029339.416,45.40129149,-75.71446452,4688
16--1480,2016/02/03,6:45 AM,BEVERLY ST @ STITTSVILLE MAIN ST (0000083),83,03 - At intersection,03 - P.D. only,07 - SMV other,01 - Clear,07 - Dark,02 - Wet,01 - Traffic signal,01 - Functioning,1,0,0,0,,0,,,,,349843.8031,5013825.644,45.26294674,-75.92602913,4689
16--1481,2016/02/03,6:45 AM,HIGHWAY 417 btwn HWY417 IC142 RAMP35 & HWY417 IC142 RAMP25 (__3ZA1ZO),__3ZA1ZO,01 - Non intersection,03 - P.D. only,07 - SMV other,04 - Freezing Rain,07 - Dark,06 - Ice,10 - No control,,1,0,0,0,,0,,,,,348950.3001,5017218.257,45.29353131,-75.93711227,4690
16--1482,2016/02/03,6:50 AM,HIGHWAY 417 btwn HWY417 IC138 RAMP36 & HIGHWAY 417 (__3ZA29F),__3ZA29F,01 - Non intersection,03 - P.D. only,07 - SMV other,04 - Freezing Rain,"04 - Dawn, artificial",03 - Loose snow,10 - No control,,1,0,0,0,,0,,,,,352920.1162,5020241.987,45.32047887,-75.88620891,4691
16--1483,2016/02/03,7:00 PM,SEYTON DR btwn HAMMILL CRT & CYMBELINE DR (__3ZAZI3),__3ZAZI3,01 - Non intersection,03 - P.D. only,06 - SMV unattended vehicle,01 - Clear,07 - Dark,04 - Slush,10 - No control,,1,0,0,0,,0,,,,,356905.151,5019969.761,45.31774489,-75.83541016,4692
16--1484,2016/02/03,7:31 AM,TRIM RD btwn WATTERS RD & SPRINGRIDGE DR (__4BQFJ9),__4BQFJ9,01 - Non intersection,03 - P.D. only,07 - SMV other,04 - Freezing Rain,01 - Daylight,06 - Ice,10 - No control,,1,0,0,0,,0,,,,,384999.1197,5038681.791,45.48345304,-75.47408254,4693
16--1485,2016/02/03,7:45 AM,HIGHWAY 7 btwn HWY 7 HAZELDEAN RD IC RAMP 63 & HAZELDEAN RD (__7JQ7JC),__7JQ7JC,01 - Non intersection,03 - P.D. only,07 - SMV other,04 - Freezing Rain,03 - Dawn,06 - Ice,10 - No control,,1,0,0,0,,0,,,,,346357.8034,5012293.076,45.24937061,-75.97057567,4694
16--1486,2016/02/03,7:50 PM,DORCHESTER AVE @ HOLLINGTON ST (0006719),6719,03 - At intersection,02 - Non-fatal injury,07 - SMV other,01 - Clear,07 - Dark,04 - Slush,02 - Stop sign,01 - Functioning,1,0,0,1,01 - Minimal,1,1,,,,365326.5771,5026844.376,45.37892621,-75.72716447,4695
16--1487,2016/02/03,7:59 PM,ST. LAURENT BLVD btwn HWY417 IC115 RAMP36 & TRANSIT (__3ZA1KA),__3ZA1KA,06 - Underpass or tunnel,02 - Non-fatal injury,07 - SMV other,06 - Strong wind,07 - Dark,02 - Wet,10 - No control,,1,0,0,0,01 - Minimal,1,1,,,,372402.5514,5031717.704,45.4221273,-75.63615647,4696
16--1488,2016/02/03,8:13 AM,AIRPORT PKWY btwn RAMP & RAMP (1) (__3ZA223),__3ZA223,01 - Non intersection,02 - Non-fatal injury,07 - SMV other,01 - Clear,01 - Daylight,06 - Ice,10 - No control,,1,0,0,0,02 - Minor,1,,1,,,368933.9214,5026216.079,45.37295205,-75.68119018,4697
16--1489,2016/02/03,8:15 AM,SHEA RD btwn FERNBANK RD & FLEWELLYN RD (__3ZABGL),__3ZABGL,01 - Non intersection,03 - P.D. only,01 - Approaching,04 - Freezing Rain,01 - Daylight,04 - Slush,10 - No control,,2,0,0,0,,0,,,,,352980.2083,5012190.432,45.24802477,-75.88622423,4698
16--149,2016/01/05,2:06 PM,TENTH LINE RD @ CHARLEMAGNE BLVD S/DES EPINETT (0003686),3686,03 - At intersection,02 - Non-fatal injury,02 - Angle,01 - Clear,01 - Daylight,01 - Dry,01 - Traffic signal,01 - Functioning,3,0,0,0,02 - Minor,2,,2,,,383640.9751,5036900.456,45.46758093,-75.49173924,4699
16--1490,2016/02/03,8:15 PM,HIGHWAY 417 btwn HWY417 IC129 RAMP25 & HWY417 IC129 RAMP35 (__3ZAYFR),__3ZAYFR,01 - Non intersection,03 - P.D. only,07 - SMV other,02 - Rain,07 - Dark,02 - Wet,10 - No control,,1,0,0,0,,0,,,,,360445.2617,5023517.438,45.34939526,-75.78986133,4700
16--1491,2016/02/03,8:16 AM,CEDARVIEW RD btwn WEST HUNT CLUB RD & LYTLE AVE (__3ZA1XV),__3ZA1XV,01 - Non intersection,03 - P.D. only,07 - SMV other,04 - Freezing Rain,01 - Daylight,06 - Ice,10 - No control,,1,0,0,0,,0,,,,,359801.5086,5019272.139,45.31124673,-75.79854791,4701
16--1492,2016/02/03,8:21 PM,STAGECOACH RD btwn DALMENY RD & FAWN LANE (__3ZAZ9V),__3ZAZ9V,01 - Non intersection,03 - P.D. only,07 - SMV other,02 - Rain,07 - Dark,02 - Wet,10 - No control,,1,0,0,0,,0,,,,,378773.6702,4997474.783,45.1133791,-75.55985553,4702
16--1493,2016/02/03,9:05 AM,SPRATT RD btwn CANYON WALK DR & OWLS CABIN AVE (__4O3KVR),__4O3KVR,01 - Non intersection,03 - P.D. only,02 - Angle,04 - Freezing Rain,01 - Daylight,04 - Slush,10 - No control,,3,0,0,0,,0,,,,,369177.8545,5016480.784,45.28533365,-75.67934216,4703
16--1494,2016/02/03,9:12 AM,PORTAL ST btwn CAVENDISH RD & MOUNTBATTEN AVE (__3ZA83Z),__3ZA83Z,04 - At/near private drive,03 - P.D. only,06 - SMV unattended vehicle,03 - Snow,01 - Daylight,03 - Loose snow,10 - No control,,1,0,0,0,,0,,,,,370282.6954,5028121.44,45.38997111,-75.66371923,4704
16--1495,2016/02/03,9:13 AM,HIGHWAY 417 btwn HWY417 IC118 RAMP67 & HWY417 IC117 RAMP36 (__3ZA2YO),__3ZA2YO,01 - Non intersection,03 - P.D. only,07 - SMV other,03 - Snow,01 - Daylight,03 - Loose snow,10 - No control,,1,0,0,0,,0,,,,,369838.132,5031153.937,45.41729785,-75.66899619,4705
16--1496,2016/02/03,9:45 AM,HIGHWAY 416 btwn HWY416 IC66 RAMP53 & HWY416 IC57 RAMP34 (__3ZAZLC),__3ZAZLC,01 - Non intersection,03 - P.D. only,07 - SMV other,02 - Rain,01 - Daylight,04 - Slush,10 - No control,,1,0,0,0,,0,,,,,363751.1657,5009948.998,45.22703642,-75.74928757,4706
16--1497,2016/02/03,9:46 AM,GLADSTONE AVE @ ROCHESTER ST (0006496),6496,02 - Intersection related,03 - P.D. only,05 - Turning movement,04 - Freezing Rain,01 - Daylight,02 - Wet,01 - Traffic signal,01 - Functioning,2,0,0,0,,0,,,,,366661.5236,5029787.377,45.40529,-75.70975181,4707
16--1498,2016/02/03,9:47 AM,MANOTICK STATION RD btwn GOUGH RD & ELKWOOD DR (__3ZA6M1),__3ZA6M1,01 - Non intersection,02 - Non-fatal injury,07 - SMV other,04 - Freezing Rain,01 - Daylight,06 - Ice,10 - No control,,1,0,0,0,02 - Minor,1,,1,,,374448.1701,5011219.265,45.23748945,-75.61290411,4708
16--1499,2016/02/03,9:50 AM,HIGHWAY 417 btwn HWY417 IC122 RAMP61 & HWY417 IC121B RAMP16 (__3ZA2Y4),__3ZA2Y4,01 - Non intersection,03 - P.D. only,04 - Sideswipe,03 - Snow,01 - Daylight,06 - Ice,10 - No control,,2,0,0,0,,0,,,,,366070.7256,5029342.403,45.4013382,-75.71735351,4709
16--15,2016/01/01,4:00 PM,CUMBERLAND ST @ ST. PATRICK ST (0008238),8238,03 - At intersection,03 - P.D. only,02 - Angle,03 - Snow,01 - Daylight,02 - Wet,01 - Traffic signal,01 - Functioning,2,0,0,0,,0,,,,,368127.9542,5032748.957,45.43180617,-75.69064016,4710
16--150,2016/01/05,2:47 PM,PARENT AVE @ ST. PATRICK ST (0008240),8240,02 - Intersection related,03 - P.D. only,04 - Sideswipe,01 - Clear,01 - Daylight,01 - Dry,01 - Traffic signal,01 - Functioning,2,0,0,0,,0,,,,,367821.4828,5032555.934,45.4300971,-75.69458131,4711
16--1500,2016/02/03,9:58 AM,HIGHWAY 416 btwn HWY416 IC72 RAMP34 & HWY416 IC72 RAMP63 (__3ZAZER),__3ZAZER,01 - Non intersection,03 - P.D. only,04 - Sideswipe,04 - Freezing Rain,01 - Daylight,04 - Slush,10 - No control,,2,0,0,0,,0,,,,,359532.0594,5019473.745,45.31308184,-75.80196175,4712
16--1501,2016/02/04,1:01 PM,ALTA VISTA DR @ SMYTH RD (0011353),11353,02 - Intersection related,03 - P.D. only,03 - Rear end,01 - Clear,01 - Daylight,02 - Wet,01 - Traffic signal,01 - Functioning,2,0,0,0,,0,,,,,370433.3745,5029081.777,45.39859777,-75.66166735,4713
16--1502,2016/02/04,1:15 PM,STITTSVILLE MAIN ST btwn BANDELIER WAY & HAZELDEAN RD (__5JZN6K),__5JZN6K,04 - At/near private drive,03 - P.D. only,02 - Angle,01 - Clear,01 - Daylight,01 - Dry,10 - No control,,2,0,0,0,,0,,,,,349513.0432,5014922.533,45.27283804,-75.93014487,4714
16--1503,2016/02/04,1:41 AM,MCCARTHY RD btwn SOUTHMORE DR W & PLANTE DR (__3ZA9DP),__3ZA9DP,01 - Non intersection,03 - P.D. only,07 - SMV other,01 - Clear,07 - Dark,06 - Ice,10 - No control,,1,0,0,0,,0,,,,,369634.4964,5024393.367,45.35648735,-75.67248589,4715
16--1504,2016/02/04,10:00 AM,HIGHWAY 417 btwn HWY417 IC96 RAMP61 & HIGHWAY 417 (__3ZA271),__3ZA271,01 - Non intersection,03 - P.D. only,07 - SMV other,01 - Clear,01 - Daylight,01 - Dry,10 - No control,,1,0,0,0,,0,,,,,387456.6584,5023875.919,45.34995742,-75.44513408,4716
16--1513,2016/02/04,3:15 PM,HIGHWAY 417 btwn HWY417 IC144 RAMP35 & HWY417 IC144 RAMP25 (__3ZA2QT),__3ZA2QT,01 - Non intersection,02 - Non-fatal injury,99 - Other,01 - Clear,01 - Daylight,01 - Dry,10 - No control,,2,0,0,0,01 - Minimal,1,1,,,,347408.2488,5015816.796,45.28101565,-75.95689188,4717
16--1514,2016/02/04,3:29 PM,FOURTH AVE @ PERCY ST (0007396),7396,03 - At intersection,03 - P.D. only,02 - Angle,01 - Clear,01 - Daylight,01 - Dry,02 - Stop sign,01 - Functioning,2,0,0,0,,0,,,,,367922.6116,5029212.341,45.40000341,-75.69371727,4718
16--1515,2016/02/04,3:52 PM,HIGHWAY 417 btwn HWY417 IC112 RAMP66 & HWY417 IC112 RAMP56 (__3ZA283),__3ZA283,01 - Non intersection,03 - P.D. only,04 - Sideswipe,01 - Clear,01 - Daylight,01 - Dry,10 - No control,,2,0,0,0,,0,,,,,374479.813,5030847.941,45.41409781,-75.60973884,4719
16--1516,2016/02/04,4:07 PM,RAMSAYVILLE RD @ LOUISEIZE RD (0009406),9406,03 - At intersection,03 - P.D. only,05 - Turning movement,01 - Clear,01 - Daylight,01 - Dry,02 - Stop sign,01 - Functioning,2,0,0,0,,0,,,,,379564.7681,5021851.178,45.33262566,-75.54614174,4720
16--1517,2016/02/04,4:26 PM,WEST HUNT CLUB RD EB btwn 210 W OF MERIVALE RD & MERIVALE RD (__3ZA3JDB),__3ZA3JDB,01 - Non intersection,03 - P.D. only,04 - Sideswipe,01 - Clear,01 - Daylight,01 - Dry,10 - No control,,2,0,0,0,,0,,,,,365531.2462,5021875.539,45.33419971,-75.72516183,4721
16--1518,2016/02/04,5:00 PM,ST. LAURENT BLVD @ TREMBLAY RD (0002573),2573,02 - Intersection related,03 - P.D. only,03 - Rear end,01 - Clear,05 - Dusk,01 - Dry,01 - Traffic signal,01 - Functioning,2,0,0,0,,0,,,,,372595.9334,5031241.356,45.41782263,-75.63375122,4722
16--1519,2016/02/04,5:00 PM,LYON ST @ WELLINGTON ST (0002388),2388,02 - Intersection related,03 - P.D. only,03 - Rear end,01 - Clear,01 - Daylight,04 - Slush,01 - Traffic signal,01 - Functioning,2,0,0,0,,0,,,,,366935.7302,5031426.396,45.42001312,-75.70604268,4723
16--152,2016/01/05,3:40 PM,HIGHWAY 417 btwn HWY417 IC122 RAMP16 & HWY417 IC122 RAMP61 (__3ZA2RA),__3ZA2RA,01 - Non intersection,03 - P.D. only,04 - Sideswipe,01 - Clear,01 - Daylight,01 - Dry,10 - No control,,2,0,0,0,,0,,,,,365320.2469,5028888.651,45.39732072,-75.72699461,4724
16--1520,2016/02/04,5:21 PM,EARL MULLIGAN DR @ WOODROFFE AVE (0000591),591,03 - At intersection,02 - Non-fatal injury,05 - Turning movement,01 - Clear,07 - Dark,01 - Dry,01 - Traffic signal,01 - Functioning,2,0,0,0,02 - Minor,1,,1,,,365250.4817,5017505.362,45.29490149,-75.72927686,4725
16--1521,2016/02/04,5:30 PM,HIGHWAY 417 btwn HWY417 IC123 RAMP62 & HWY417 IC122 RAMP16 (__3ZA2R9),__3ZA2R9,01 - Non intersection,02 - Non-fatal injury,03 - Rear end,01 - Clear,"08 - Dark, artificial",01 - Dry,10 - No control,,2,0,0,0,02 - Minor,1,,1,,,365129.9475,5028709.62,45.39572626,-75.72944691,4726
16--1522,2016/02/04,6:00 PM,BEARBROOK RD/ROCKCLIFFE PKWY @ ST. JOSEPH BLVD (0012382),12382,03 - At intersection,03 - P.D. only,05 - Turning movement,01 - Clear,07 - Dark,01 - Dry,01 - Traffic signal,01 - Functioning,2,0,0,0,,0,,,,,377128.0757,5035239.812,45.45334437,-75.57526259,4727
16--1523,2016/02/04,6:06 PM,KING EDWARD AVE @ SUSSEX DR (0002653),2653,02 - Intersection related,03 - P.D. only,05 - Turning movement,01 - Clear,05 - Dusk,01 - Dry,01 - Traffic signal,01 - Functioning,2,0,0,0,,0,,,,,367663.7,5033503.367,45.43863597,-75.69647661,4728
16--1524,2016/02/04,6:10 PM,HIGHWAY 417 btwn HWY417 IC123 RAMP62 & HWY417 IC122 RAMP16 (__3ZA2R9),__3ZA2R9,01 - Non intersection,03 - P.D. only,03 - Rear end,01 - Clear,07 - Dark,01 - Dry,10 - No control,,2,0,0,0,,0,,,,,365142.9804,5028722.063,45.3958371,-75.72927894,4729
16--1525,2016/02/04,6:15 PM,HIGHWAY 417 btwn HWY417 IC123 RAMP62 & HWY417 IC122 RAMP16 (__3ZA2R9),__3ZA2R9,01 - Non intersection,03 - P.D. only,03 - Rear end,01 - Clear,"08 - Dark, artificial",01 - Dry,10 - No control,,2,0,0,0,,0,,,,,365133.8345,5028718.633,45.39580702,-75.72939617,4730
16--1526,2016/02/04,6:20 AM,MALAKOFF RD btwn MACKEY RD & COWELL RD (__3ZAAZQ),__3ZAAZQ,01 - Non intersection,03 - P.D. only,07 - SMV other,01 - Clear,03 - Dawn,02 - Wet,10 - No control,,1,0,0,0,,0,,,,,365368.2604,4992425.739,45.06922182,-75.73082025,4731
16--1527,2016/02/04,6:23 PM,CYRVILLE RD btwn INNES RD & END (__3ZA795),__3ZA795,04 - At/near private drive,02 - Non-fatal injury,02 - Angle,01 - Clear,07 - Dark,01 - Dry,10 - No control,,2,0,0,0,01 - Minimal,1,1,,,,375061.7396,5031090.069,45.41621816,-75.60227027,4732
16--1528,2016/02/04,6:48 PM,MACKENZIE KING BR/WALLER ST @ NICHOLAS ST/WALL (0011251),11251,02 - Intersection related,03 - P.D. only,03 - Rear end,03 - Snow,07 - Dark,06 - Ice,01 - Traffic signal,01 - Functioning,2,0,0,0,,0,,,,,368372.3029,5031992.853,45.42498085,-75.68761519,4733
16--1529,2016/02/04,7:06 PM,VANIER PKWY NB btwn MCARTHUR AVE & VANIER PKWY (__3ZA4SQ),__3ZA4SQ,01 - Non intersection,03 - P.D. only,03 - Rear end,01 - Clear,07 - Dark,01 - Dry,10 - No control,,3,0,0,0,,0,,,,,370242.9339,5032574.728,45.43004381,-75.66363577,4734
16--153,2016/01/05,3:43 AM,BECKENHAM LANE @ MONTREAL RD (0012434),12434,02 - Intersection related,03 - P.D. only,07 - SMV other,01 - Clear,07 - Dark,01 - Dry,02 - Stop sign,01 - Functioning,1,0,0,0,,0,,,,,374504.2053,5034383.137,45.44590315,-75.60892683,4735
16--1530,2016/02/04,7:20 PM,VANIER PKWY/CRICHTON ST @ BEECHWOOD AVE/ST. PA (0001604),1604,02 - Intersection related,03 - P.D. only,03 - Rear end,01 - Clear,07 - Dark,01 - Dry,01 - Traffic signal,01 - Functioning,2,0,0,0,,0,,,,,369127.9176,5033486.948,45.43835506,-75.67776506,4736
16--1531,2016/02/04,7:28 AM,KIRKWOOD AVE btwn COLDREY AVE & LAPERRIERE AVE (__3ZA3AI),__3ZA3AI,01 - Non intersection,03 - P.D. only,04 - Sideswipe,01 - Clear,01 - Daylight,01 - Dry,10 - No control,,2,0,0,0,,0,,,,,364513.3773,5026969.277,45.38011983,-75.7375318,4737
16--1532,2016/02/04,7:30 AM,CHAMPLAIN BRIDGE/ISLAND PARK DR btwn BATE ISLAND & OTTAWA RIVER PKWY (__3ZA2ZEB),__3ZA2ZEB,01 - Non intersection,03 - P.D. only,04 - Sideswipe,01 - Clear,01 - Daylight,01 - Dry,10 - No control,,2,0,0,0,,0,,,,,363114.5402,5029744.468,45.40520839,-75.75506374,4738
16--1533,2016/02/04,7:43 AM,KIRKWOOD AVE @ MERIVALE RD (0002243),2243,03 - At intersection,03 - P.D. only,07 - SMV other,01 - Clear,01 - Daylight,02 - Wet,01 - Traffic signal,01 - Functioning,1,0,0,0,,0,,,,,364852.6037,5026647.201,45.37719285,-75.73323985,4739
16--1534,2016/02/04,8:02 PM,BAYSHORE DR @ WOODRIDGE CRES N (0001209),1209,03 - At intersection,02 - Non-fatal injury,07 - SMV other,01 - Clear,07 - Dark,01 - Dry,01 - Traffic signal,01 - Functioning,1,0,0,1,02 - Minor,1,,1,,,359072.2653,5023873.476,45.35270649,-75.80734297,4740
16--1535,2016/02/04,8:03 PM,HIGHWAY 416 btwn HWY416 IC66 RAMP24 & HWY416 IC57 RAMP62 (__3ZA1OI),__3ZA1OI,01 - Non intersection,02 - Non-fatal injury,07 - SMV other,01 - Clear,07 - Dark,01 - Dry,10 - No control,,1,0,0,0,02 - Minor,1,,1,,,363806.6584,5009899.141,45.22658316,-75.74858687,4741