Anom_ID,Accident_Date,Accident_Time,Location,Geo_ID,Accident_Location,Classification_of_Accident,Initial_Impact_Type,Environment_Condition,Light,Road_Surface_Condition,Traffic_Control,Traffic_Control_Condition,No__of_Vehicles,No__of_Bicycles,No__of_Motorcycles,No__of_Pedestrians,Max_Injury,No__of_Injuries,No__of_Minimal,No__of_Minor,No__of_Major,No__of_Fatal,X,Y,Latitude,Longitude,ObjectId
16--1536,2016/02/04,8:45 AM,REGIONAL ROAD 174 btwn OR174 IC112 RAMP26 & OR174 IC112 RAMP61 (__3ZA2XF),__3ZA2XF,01 - Non intersection,03 - P.D. only,03 - Rear end,01 - Clear,01 - Daylight,02 - Wet,10 - No control,,2,0,0,0,,0,,,,,374855.1469,5032888.434,45.43241958,-75.60465381,4742
16--1537,2016/02/04,9:00 AM,CARLING AVE @ KIRKWOOD AVE N (0002358),2358,02 - Intersection related,03 - P.D. only,04 - Sideswipe,01 - Clear,01 - Daylight,02 - Wet,01 - Traffic signal,01 - Functioning,2,0,0,0,,0,,,,,364275.0814,5027493.641,45.38485824,-75.74051111,4743
16--1538,2016/02/04,9:00 PM,HIGHWAY 416 btwn HWY416 IC66 RAMP62 & HWY416 IC66 RAMP52 (__3ZAZMX),__3ZAZMX,01 - Non intersection,03 - P.D. only,07 - SMV other,01 - Clear,07 - Dark,01 - Dry,10 - No control,,1,0,0,0,,0,,,,,360038.6958,5014839.258,45.27134067,-75.79601686,4744
16--1539,2016/02/04,9:10 AM,CENTREPOINTE DR @ GEMINI WAY (0010344),10344,03 - At intersection,03 - P.D. only,02 - Angle,01 - Clear,01 - Daylight,02 - Wet,02 - Stop sign,01 - Functioning,2,0,0,0,,0,,,,,362111.8578,5023378.427,45.34801024,-75.76861024,4745
16--154,2016/01/05,3:45 PM,HIGHWAY 417 btwn HWY417 IC126 RAMP61 & HWY417 IC124 RAMP76 (__3ZA2Y2),__3ZA2Y2,01 - Non intersection,03 - P.D. only,03 - Rear end,01 - Clear,01 - Daylight,01 - Dry,10 - No control,,3,0,0,0,,0,,,,,363675.306,5026536.502,45.37629671,-75.74828364,4746
16--1540,2016/02/04,9:30 PM,PARKDALE AVE btwn SPENCER ST & ARMSTRONG ST (__3ZA3Z4),__3ZA3Z4,01 - Non intersection,03 - P.D. only,06 - SMV unattended vehicle,01 - Clear,07 - Dark,01 - Dry,10 - No control,,1,0,0,0,,0,,,,,365066.8423,5029458.363,45.40246872,-75.73016135,4747
16--1541,2016/02/04,9:42 AM,HOLLAND AVE btwn INGLEWOOD PL & CARLING AVE (__3ZA4OM),__3ZA4OM,01 - Non intersection,02 - Non-fatal injury,05 - Turning movement,01 - Clear,01 - Daylight,02 - Wet,10 - No control,,2,0,0,0,01 - Minimal,1,1,,,,365401.588,5028072.886,45.38997361,-75.72605596,4748
16--1542,2016/02/05,1:00 PM,MONTREAL RD btwn PALACE ST & VANIER PKWY (__3ZA3LL),__3ZA3LL,01 - Non intersection,03 - P.D. only,04 - Sideswipe,01 - Clear,01 - Daylight,01 - Dry,10 - No control,,2,0,0,0,,0,,,,,370053.2624,5033054.001,45.43437383,-75.665996,4749
16--1543,2016/02/05,1:15 PM,RIVERSIDE DR btwn RAMP & TURN LANE (1) (__5FDV4W),__5FDV4W,01 - Non intersection,03 - P.D. only,03 - Rear end,01 - Clear,01 - Daylight,01 - Dry,10 - No control,,2,0,0,0,,0,,,,,368379.8214,5027220.806,45.3820428,-75.68813439,4750
16--1544,2016/02/05,1:29 PM,CARLING AVE @ KIRKWOOD AVE S (0002209),2209,02 - Intersection related,03 - P.D. only,03 - Rear end,01 - Clear,01 - Daylight,01 - Dry,01 - Traffic signal,01 - Functioning,2,0,0,0,,0,,,,,364351.0419,5027336.89,45.38344137,-75.73956011,4751
16--1545,2016/02/05,1:47 PM,ST. LAURENT BLVD @ MCARTHUR AVE (0008246),8246,02 - Intersection related,03 - P.D. only,03 - Rear end,04 - Freezing Rain,01 - Daylight,06 - Ice,01 - Traffic signal,01 - Functioning,2,0,0,0,,0,,,,,371921.5731,5032888.608,45.43270887,-75.64214227,4752
16--1546,2016/02/05,1:57 PM,RICHARDSON SIDE RD @ TERRY FOX DR (0013651),13651,03 - At intersection,03 - P.D. only,05 - Turning movement,01 - Clear,01 - Daylight,01 - Dry,01 - Traffic signal,01 - Functioning,2,0,0,0,,0,,,,,348803.086,5019506.072,45.31412702,-75.93878598,4753
16--1547,2016/02/05,10:05 PM,FISHER AVE @ MEADOWLANDS DR (0002120),2120,03 - At intersection,03 - P.D. only,04 - Sideswipe,01 - Clear,07 - Dark,01 - Dry,01 - Traffic signal,01 - Functioning,2,0,0,0,,0,,,,,366573.9672,5025045.226,45.36262897,-75.71146363,4754
16--1548,2016/02/05,10:09 PM,HIGHWAY 417 btwn HWY417 IC118 RAMP35 & HWY417 IC117 RAMP51 (__3ZA2YP),__3ZA2YP,01 - Non intersection,03 - P.D. only,04 - Sideswipe,01 - Clear,07 - Dark,01 - Dry,10 - No control,,2,0,0,0,,0,,,,,369828.2601,5031135.541,45.41713325,-75.66912474,4755
16--1549,2016/02/05,10:29 AM,PRESTON ST btwn SOMERSET ST W & ECCLES ST (__3ZA32V),__3ZA32V,01 - Non intersection,03 - P.D. only,06 - SMV unattended vehicle,01 - Clear,01 - Daylight,01 - Dry,10 - No control,,1,0,0,0,,0,,,,,366321.7935,5030093.688,45.40807604,-75.71405304,4756
16--155,2016/01/05,4:34 PM,FALLOWFIELD RD @ KIMINI DR (0005303),5303,03 - At intersection,03 - P.D. only,05 - Turning movement,01 - Clear,01 - Daylight,06 - Ice,02 - Stop sign,01 - Functioning,2,0,0,0,,0,,,,,352560.7724,5009745.784,45.22605558,-75.89180191,4757
16--1550,2016/02/05,10:39 PM,CLEMENTINE BLVD @ ROCKINGHAM AVE (0011540),11540,02 - Intersection related,03 - P.D. only,03 - Rear end,01 - Clear,07 - Dark,01 - Dry,02 - Stop sign,01 - Functioning,2,0,0,0,,0,,,,,369482.4317,5027286.71,45.38253485,-75.67404773,4758
16--1551,2016/02/05,10:47 PM,STONEWAY DR @ WINDHURST DR E (0005177),5177,03 - At intersection,03 - P.D. only,06 - SMV unattended vehicle,01 - Clear,07 - Dark,01 - Dry,02 - Stop sign,01 - Functioning,1,0,0,0,,0,,,,,366313.6037,5016174.671,45.28283576,-75.71588868,4759
16--1552,2016/02/05,11:00 AM,NICHOLAS ST SB btwn RAMP & LAURIER AVE E (__3ZAZP6),__3ZAZP6,01 - Non intersection,03 - P.D. only,04 - Sideswipe,01 - Clear,01 - Daylight,01 - Dry,10 - No control,,2,0,0,0,,0,,,,,368324.7431,5031887.435,45.42403665,-75.68823648,4760
16--1553,2016/02/05,12:16 PM,WOODFIELD DR btwn LANSFIELD WAY & SHEHYN LANE (__3ZAAYV),__3ZAAYV,01 - Non intersection,03 - P.D. only,07 - SMV other,01 - Clear,01 - Daylight,01 - Dry,10 - No control,,1,0,0,0,,0,,,,,364031.1165,5021868.436,45.33426403,-75.74430035,4761
16--1554,2016/02/05,12:35 PM,BOOTH ST @ RAYMOND ST (0006498),6498,03 - At intersection,03 - P.D. only,02 - Angle,01 - Clear,01 - Daylight,01 - Dry,01 - Traffic signal,01 - Functioning,2,0,0,0,,0,,,,,366860.0403,5029642.22,45.40396634,-75.70723437,4762
16--1555,2016/02/05,2:50 PM,MERIVALE RD btwn VIEWMOUNT DR & COLONNADE RD (__3ZA33F),__3ZA33F,01 - Non intersection,03 - P.D. only,03 - Rear end,01 - Clear,01 - Daylight,01 - Dry,10 - No control,,2,0,0,0,,0,,,,,365286.2255,5022731.178,45.34191981,-75.72818304,4763
16--1556,2016/02/05,2:54 PM,INDUSTRIAL AVE/INNES RD @ ST. LAURENT BLVD (0002203),2203,02 - Intersection related,03 - P.D. only,04 - Sideswipe,01 - Clear,01 - Daylight,01 - Dry,01 - Traffic signal,01 - Functioning,2,0,0,0,,0,,,,,373099.3348,5030006.522,45.40666321,-75.62749096,4764
16--1557,2016/02/05,3:15 PM,REGIONAL RD 174 @ TRIM RD (0012835),12835,02 - Intersection related,03 - P.D. only,03 - Rear end,01 - Clear,01 - Daylight,01 - Dry,01 - Traffic signal,01 - Functioning,2,0,0,0,,0,,,,,384352.1727,5039991.159,45.49530748,-75.48214487,4765
16--1558,2016/02/05,3:16 PM,BELCOURT BLVD @ INNES RD (0004202),4202,02 - Intersection related,03 - P.D. only,03 - Rear end,01 - Clear,01 - Daylight,01 - Dry,01 - Traffic signal,01 - Functioning,2,0,0,0,,0,,,,,382122.2375,5035266.391,45.45304877,-75.51141572,4766
16--1559,2016/02/05,3:30 PM,BLAIR RD @ INNES RD (0004165),4165,02 - Intersection related,03 - P.D. only,03 - Rear end,01 - Clear,01 - Daylight,01 - Dry,01 - Traffic signal,01 - Functioning,2,0,0,0,,0,,,,,375578.9596,5031440.005,45.41931456,-75.59561234,4767
16--156,2016/01/05,5:00 PM,DONALD ST btwn BARNABY PRIV & TELFORD AVE (__3ZAYF3),__3ZAYF3,01 - Non intersection,03 - P.D. only,03 - Rear end,01 - Clear,05 - Dusk,01 - Dry,10 - No control,,2,0,0,0,,0,,,,,371647.1821,5032420.066,45.42851942,-75.64571238,4768
16--1560,2016/02/05,3:38 PM,HIGHWAY 417 btwn HWY417 IC126 RAMP61 & HWY417 IC124 RAMP76 (__3ZA2Y2),__3ZA2Y2,01 - Non intersection,03 - P.D. only,03 - Rear end,01 - Clear,01 - Daylight,01 - Dry,10 - No control,,2,0,0,0,,0,,,,,363189.669,5025909.398,45.37069475,-75.75455783,4769
16--1561,2016/02/05,3:41 PM,DWYER HILL RD btwn ROGER STEVENS DR & FLOOD RD (__3ZBOCI),__3ZBOCI,01 - Non intersection,02 - Non-fatal injury,07 - SMV other,01 - Clear,01 - Daylight,01 - Dry,10 - No control,,1,0,0,0,02 - Minor,4,2,2,,,355184.8953,4988395.752,45.0337554,-75.8605381,4770
16--1562,2016/02/05,3:41 PM,CASTLEFRANK RD @ HAZELDEAN RD (0003608),3608,02 - Intersection related,02 - Non-fatal injury,01 - Approaching,01 - Clear,01 - Daylight,01 - Dry,01 - Traffic signal,01 - Functioning,3,0,0,0,02 - Minor,1,,1,,,352678.3172,5017677.647,45.29742089,-75.88954072,4771
16--1563,2016/02/05,3:50 PM,RIVERSIDE DR NB btwn INDUSTRIAL AVE & TREMBLAY RD (__3ZA4SE),__3ZA4SE,01 - Non intersection,03 - P.D. only,04 - Sideswipe,01 - Clear,01 - Daylight,01 - Dry,10 - No control,,2,0,0,0,,0,,,,,370688.0117,5030604.628,45.41227588,-75.65821174,4772
16--13598,2016/12/21,10:13 AM,CANAAN RD @ REGIONAL RD 174 (0012882),12882,02 - Intersection related,03 - P.D. only,03 - Rear end,01 - Clear,01 - Daylight,02 - Wet,01 - Traffic signal,01 - Functioning,2,0,0,0,,0,,,,,395748.4549,5043403.012,45.5246102,-75.33572721,4773
16--1564,2016/02/05,3:54 PM,HOLMWOOD AVE btwn RALPH ST & MONK ST (__3ZA9M3),__3ZA9M3,04 - At/near private drive,03 - P.D. only,02 - Angle,01 - Clear,01 - Daylight,06 - Ice,10 - No control,,2,0,0,0,,0,,,,,368296.3008,5029087.949,45.39885038,-75.68896052,4774
16--1565,2016/02/05,4:07 PM,CHAMPLAIN BRIDGE/ISLAND PARK DR btwn BATE ISLAND & OTTAWA RIVER PKWY (__3ZA2ZEB),__3ZA2ZEB,01 - Non intersection,03 - P.D. only,03 - Rear end,01 - Clear,01 - Daylight,01 - Dry,10 - No control,,2,0,0,0,,0,,,,,363147.6517,5029570.664,45.40364178,-75.75466137,4775
16--1566,2016/02/05,4:21 PM,ALBION RD @ FINDLAY CREEK DR (0013587),13587,03 - At intersection,03 - P.D. only,05 - Turning movement,01 - Clear,01 - Daylight,01 - Dry,01 - Traffic signal,01 - Functioning,2,0,0,0,,0,,,,,374010.0249,5019208.054,45.30941359,-75.61737042,4776
16--1567,2016/02/05,4:39 PM,PRINCE ST @ SUMMERVILLE AVE (0003061),3061,03 - At intersection,02 - Non-fatal injury,02 - Angle,01 - Clear,01 - Daylight,01 - Dry,02 - Stop sign,01 - Functioning,2,0,0,0,01 - Minimal,1,1,,,,365040.4795,5026545.201,45.37625895,-75.73085369,4777
16--1568,2016/02/05,4:45 PM,BOYER RD @ ST. JOSEPH BLVD (0003643),3643,02 - Intersection related,03 - P.D. only,03 - Rear end,01 - Clear,01 - Daylight,01 - Dry,02 - Stop sign,01 - Functioning,2,0,0,0,,0,,,,,380405.4153,5036833.889,45.46733974,-75.5331215,4778
16--1569,2016/02/05,5:13 PM,BANK ST @ HUNT CLUB RD (0002119),2119,02 - Intersection related,03 - P.D. only,04 - Sideswipe,01 - Clear,01 - Daylight,01 - Dry,01 - Traffic signal,01 - Functioning,2,0,0,0,,0,,,,,371608.517,5024096.287,45.35362902,-75.64733342,4779
16--157,2016/01/05,5:15 PM,PRINCE OF WALES DR @ WATERFORD DR (0000546),546,02 - Intersection related,02 - Non-fatal injury,03 - Rear end,01 - Clear,05 - Dusk,01 - Dry,02 - Stop sign,01 - Functioning,4,0,0,0,02 - Minor,1,,1,,,367364.0274,5021038.364,45.32650594,-75.70188639,4780
16--1570,2016/02/05,5:35 PM,HIGHWAY 417 btwn HWY417 IC115 RAMP36 & HWY417 IC115 RAMP26 (__3ZA2R4),__3ZA2R4,01 - Non intersection,03 - P.D. only,03 - Rear end,01 - Clear,07 - Dark,01 - Dry,10 - No control,,4,0,0,0,,0,,,,,372492.111,5031523.456,45.42037089,-75.63503888,4781
16--1571,2016/02/05,5:50 PM,MANOTICK STATION RD btwn NICK ADAMS RD & HERBERTS CORNERS RD (__3ZAZG9),__3ZAZG9,01 - Non intersection,03 - P.D. only,07 - SMV other,01 - Clear,07 - Dark,02 - Wet,10 - No control,,1,0,0,0,,0,,,,,375870.3381,5007835.757,45.20690337,-75.59527548,4782
16--1572,2016/02/05,6:00 PM,INNES RD @ VISENEAU DR (0012442),12442,02 - Intersection related,03 - P.D. only,99 - Other,01 - Clear,05 - Dusk,01 - Dry,01 - Traffic signal,01 - Functioning,2,0,0,0,,0,,,,,381798.5316,5035072.897,45.45134361,-75.51558405,4783
16--1573,2016/02/05,6:18 PM,REGIONAL ROAD 174 btwn OR174 IC112 RAMP36 & OR174 IC112 RAMP26 (__3ZAZFK),__3ZAZFK,01 - Non intersection,03 - P.D. only,03 - Rear end,01 - Clear,07 - Dark,01 - Dry,10 - No control,,2,0,0,0,,0,,,,,374779.9996,5032830.587,45.43190663,-75.60562234,4784
16--1574,2016/02/05,6:20 PM,HIGHWAY 417 btwn HWY417 IC126 RAMP61 & HWY417 IC124 RAMP76 (__3ZA2Y2),__3ZA2Y2,01 - Non intersection,02 - Non-fatal injury,03 - Rear end,01 - Clear,07 - Dark,02 - Wet,10 - No control,,3,0,0,0,02 - Minor,2,,2,,,363673.3498,5026537.563,45.37630643,-75.74830849,4785
16--1575,2016/02/05,7:18 PM,SHEA RD btwn FERNBANK RD & FLEWELLYN RD (__3ZABGL),__3ZABGL,01 - Non intersection,02 - Non-fatal injury,07 - SMV other,01 - Clear,07 - Dark,01 - Dry,10 - No control,,1,0,0,0,03 - Major,1,,,1,,352666.7499,5012550.646,45.25128748,-75.89018252,4786
16--1576,2016/02/05,7:30 PM,MARCH RD btwn DONALD B. MUNRO DR & TALL FOREST DR (__3ZA3FL),__3ZA3FL,01 - Non intersection,03 - P.D. only,07 - SMV other,03 - Snow,07 - Dark,03 - Loose snow,10 - No control,,1,0,0,0,,0,,,,,343190.2648,5022683.523,45.34304823,-76.01012251,4787
16--1577,2016/02/05,7:46 PM,ST. LAURENT BLVD @ TREMBLAY RD (0002573),2573,03 - At intersection,02 - Non-fatal injury,05 - Turning movement,01 - Clear,07 - Dark,01 - Dry,01 - Traffic signal,01 - Functioning,2,0,0,0,02 - Minor,1,,1,,,372596.8116,5031241.356,45.41782254,-75.63374,4788
16--1578,2016/02/05,8:00 AM,KANATA AVE @ GOLDRIDGE DR/EVANSHEN PL (0011838),11838,02 - Intersection related,03 - P.D. only,03 - Rear end,01 - Clear,01 - Daylight,01 - Dry,02 - Stop sign,01 - Functioning,2,0,0,0,,0,,,,,350287.2512,5019729.044,45.31603881,-75.91983747,4789
16--1579,2016/02/05,8:05 AM,DONALD B. MUNRO DR btwn MARCH RD & ROBERTLEE DR (__3ZAC38),__3ZAC38,01 - Non intersection,03 - P.D. only,03 - Rear end,01 - Clear,01 - Daylight,01 - Dry,10 - No control,,2,0,0,0,,0,,,,,342141.0862,5022880.966,45.34488153,-76.02349513,4790
16--158,2016/01/05,5:15 PM,WEST HUNT CLUB RD WB btwn CEDARVIEW RD & GREENBANK RD (__3ZA199),__3ZA199,01 - Non intersection,03 - P.D. only,03 - Rear end,01 - Clear,05 - Dusk,06 - Ice,10 - No control,,3,0,0,0,,0,,,,,359890.5348,5019657.292,45.31470538,-75.79736979,4791
16--1580,2016/02/05,8:22 AM,OWL VALLEY DR @ SHORELINE DR (0012355),12355,03 - At intersection,02 - Non-fatal injury,03 - Rear end,01 - Clear,01 - Daylight,01 - Dry,02 - Stop sign,01 - Functioning,2,0,0,0,02 - Minor,1,,1,,,368381.7949,5015616.758,45.27763171,-75.68959961,4792
16--1581,2016/02/05,8:33 AM,KINBURN SIDE RD @ STONECREST RD (0002367),2367,03 - At intersection,03 - P.D. only,02 - Angle,01 - Clear,01 - Daylight,01 - Dry,02 - Stop sign,01 - Functioning,2,0,0,0,,0,,,,,334899.7956,5033078.272,45.43698913,-76.11527594,4793
16--1582,2016/02/05,8:33 AM,MAJESTIC DR @ WOODROFFE AVE (0000562),562,02 - Intersection related,03 - P.D. only,03 - Rear end,01 - Clear,01 - Daylight,01 - Dry,01 - Traffic signal,01 - Functioning,2,0,0,0,,0,,,,,363528.3593,5021570.826,45.33162842,-75.75074954,4794
16--1583,2016/02/05,8:40 PM,CHAMPLAIN ST @ PLACE D'ORLEANS DR (0003595),3595,02 - Intersection related,03 - P.D. only,05 - Turning movement,01 - Clear,07 - Dark,01 - Dry,01 - Traffic signal,01 - Functioning,2,0,0,0,,0,,,,,381597.468,5038181.482,45.47933419,-75.51766856,4795
16--1584,2016/02/05,8:44 AM,MERIVALE RD @ EMERALD PLAZA SC (0005311),5311,03 - At intersection,03 - P.D. only,05 - Turning movement,01 - Clear,01 - Daylight,01 - Dry,01 - Traffic signal,01 - Functioning,2,0,0,0,,0,,,,,364736.7686,5024006.459,45.35344178,-75.73503904,4796
16--1585,2016/02/05,8:48 AM,CAMPEAU DR @ KANATA AVE (0012003),12003,02 - Intersection related,03 - P.D. only,03 - Rear end,01 - Clear,01 - Daylight,01 - Dry,01 - Traffic signal,01 - Functioning,2,0,0,0,,0,,,,,350593.7608,5019403.59,45.31309036,-75.91595841,4797
16--1586,2016/02/05,9:26 PM,GARDENGATE WAY btwn WESTPOINTE CRES & WESTPOINTE CRES (__3ZA50F),__3ZA50F,01 - Non intersection,03 - P.D. only,06 - SMV unattended vehicle,01 - Clear,07 - Dark,01 - Dry,10 - No control,,1,0,0,0,,0,,,,,362211.7156,5023043.529,45.34498868,-75.76737487,4798
16--1587,2016/02/05,9:30 PM,THIRD AVE btwn BANK ST & O'CONNOR ST (__3ZA92G),__3ZA92G,04 - At/near private drive,03 - P.D. only,06 - SMV unattended vehicle,01 - Clear,07 - Dark,01 - Dry,10 - No control,,1,0,0,0,,0,,,,,368432.0955,5029607.756,45.40351511,-75.68715912,4799
16--1588,2016/02/05,9:44 AM,ST. JOSEPH BLVD btwn BOYER RD & ORLEANS BLVD (__3ZA2BZ),__3ZA2BZ,04 - At/near private drive,03 - P.D. only,05 - Turning movement,01 - Clear,01 - Daylight,01 - Dry,10 - No control,,2,0,0,0,,0,,,,,380548.5916,5036927.556,45.46816697,-75.53127632,4800
16--1589,2016/02/05,9:50 AM,ST. JOSEPH BLVD @ TENTH LINE RD (0009163),9163,02 - Intersection related,03 - P.D. only,03 - Rear end,01 - Clear,01 - Daylight,01 - Dry,01 - Traffic signal,01 - Functioning,2,0,0,0,,0,,,,,382890.978,5038668.14,45.48356922,-75.50104815,4801
16--159,2016/01/05,5:23 PM,FISHER AVE btwn CRERAR AVE & TUNIS AVE (__3ZA4N5),__3ZA4N5,01 - Non intersection,02 - Non-fatal injury,03 - Rear end,01 - Clear,05 - Dusk,02 - Wet,10 - No control,,3,0,0,0,01 - Minimal,1,1,,,,365494.6789,5027601.697,45.38572589,-75.72492515,4802
16--1590,2016/02/05,9:59 AM,MONTREAL RD @ VANIER PKWY (0004630),4630,02 - Intersection related,03 - P.D. only,04 - Sideswipe,01 - Clear,01 - Daylight,01 - Dry,01 - Traffic signal,01 - Functioning,3,0,0,0,,0,,,,,370072.9293,5033064.933,45.43447036,-75.66574322,4803
16--1591,2016/02/06,1:10 PM,BLAIR RD @ REGIONAL RD 174 S/OR174 IC112 RAMP15 (0012435),12435,02 - Intersection related,03 - P.D. only,04 - Sideswipe,01 - Clear,01 - Daylight,01 - Dry,01 - Traffic signal,01 - Functioning,2,0,0,0,,0,,,,,374906.8968,5032661.49,45.43037248,-75.60402481,4804
16--1592,2016/02/06,1:41 PM,MERIVALE RD @ WOODFIELD DR/ROYDON PL (0009776),9776,02 - Intersection related,03 - P.D. only,03 - Rear end,01 - Clear,01 - Daylight,01 - Dry,01 - Traffic signal,01 - Functioning,2,0,0,0,,0,,,,,365462.0675,5022299.296,45.33801861,-75.72599242,4805
16--1593,2016/02/06,1:59 AM,EAGLESON RD @ PERTH ST/RICHMOND RD (0009376),9376,02 - Intersection related,03 - P.D. only,07 - SMV other,01 - Clear,07 - Dark,01 - Dry,01 - Traffic signal,01 - Functioning,1,0,0,0,,0,,,,,358010.054,5007412.163,45.20466647,-75.82266329,4806
16--1594,2016/02/06,10:35 AM,STITTSVILLE MAIN ST @ HAZELDEAN RD (0000050),50,02 - Intersection related,03 - P.D. only,03 - Rear end,01 - Clear,01 - Daylight,01 - Dry,01 - Traffic signal,01 - Functioning,2,0,0,0,,0,,,,,349557.7395,5014879.815,45.27245081,-75.92957911,4807
16--1595,2016/02/06,10:35 AM,SOMERSET ST    W btwn ARTHUR ST & CAMBRIDGE ST N (__3ZA33I),__3ZA33I,01 - Non intersection,03 - P.D. only,04 - Sideswipe,01 - Clear,01 - Daylight,01 - Dry,10 - No control,,2,0,0,0,,0,,,,,366873.9786,5030417.653,45.41094223,-75.70695871,4808
16--13861,2016/12/28,10:27 AM,REGIONAL ROAD 174 EB btwn OR174 IC109 RAMP55 & TRANSIT (__3ZA28V),__3ZA28V,01 - Non intersection,03 - P.D. only,07 - SMV other,01 - Clear,01 - Daylight,01 - Dry,10 - No control,,1,0,0,0,,0,,,,,376464.5316,5034968.923,45.45097545,-75.58378458,4809
16--13862,2016/12/28,10:41 AM,BELLMAN DR btwn BASIN CRT & GLENCOE ST (__3ZABQ3),__3ZABQ3,01 - Non intersection,03 - P.D. only,02 - Angle,01 - Clear,01 - Daylight,06 - Ice,10 - No control,,2,0,0,0,,0,,,,,361018.5397,5020945.85,45.32621043,-75.78283796,4810
16--13863,2016/12/28,10:57 AM,BASELINE RD @ GUTHRIE ST (0002188),2188,03 - At intersection,02 - Non-fatal injury,07 - SMV other,01 - Clear,01 - Daylight,02 - Wet,01 - Traffic signal,01 - Functioning,1,0,0,1,02 - Minor,1,,1,,,360241.8484,5022370.257,45.33908905,-75.79258564,4811
16--13864,2016/12/28,Unknown,GERRY LALONDE DR btwn AZURE ST/TRIGORIA CRES & NACARAT ST (__87LHOI),__87LHOI,01 - Non intersection,03 - P.D. only,06 - SMV unattended vehicle,01 - Clear,00 - Unknown,06 - Ice,10 - No control,,1,0,0,0,,0,,,,,383604.975,5035011.724,45.45059187,-75.49250227,4812
16--13865,2016/12/28,12:01 PM,RICHMOND RD @ LYNHAR RD/STAFFORD RD (0000155),155,02 - Intersection related,03 - P.D. only,04 - Sideswipe,01 - Clear,01 - Daylight,01 - Dry,01 - Traffic signal,01 - Functioning,2,0,0,0,,0,,,,,358139.5724,5021086.484,45.32770056,-75.8195462,4813
16--13866,2016/12/28,12:25 PM,CYRVILLE RD btwn STAR TOP RD & MEADOWBROOK RD (__3ZA3SN),__3ZA3SN,04 - At/near private drive,02 - Non-fatal injury,05 - Turning movement,01 - Clear,01 - Daylight,02 - Wet,10 - No control,,2,0,0,0,01 - Minimal,4,4,,,,374575.874,5031261.636,45.41781045,-75.60845309,4814
16--13867,2016/12/28,12:30 PM,BUNCHBERRY WAY @ FINDLAY CREEK DR (0014170),14170,02 - Intersection related,03 - P.D. only,03 - Rear end,03 - Snow,01 - Daylight,03 - Loose snow,02 - Stop sign,01 - Functioning,2,0,0,0,,0,,,,,374327.3279,5019387.186,45.31099402,-75.61329923,4815
16--13868,2016/12/28,2:02 PM,MARCH RD @ UPPER DWYER HILL RD (0010832),10832,02 - Intersection related,03 - P.D. only,03 - Rear end,01 - Clear,01 - Daylight,01 - Dry,01 - Traffic signal,01 - Functioning,2,0,0,0,,0,,,,,334082.2701,5014291.914,45.26797524,-76.12683762,4816
16--13869,2016/12/28,2:07 PM,CAMPEAU DR @ KANATA AVE (0012003),12003,03 - At intersection,02 - Non-fatal injury,05 - Turning movement,01 - Clear,01 - Daylight,01 - Dry,01 - Traffic signal,01 - Functioning,2,0,0,0,01 - Minimal,1,1,,,,350596.5234,5019403.186,45.31308655,-75.91592321,4817
16--1387,2016/01/30,7:03 PM,ST. JOSEPH BLVD @ JEANNE D'ARC BLVD (0012421),12421,03 - At intersection,03 - P.D. only,02 - Angle,01 - Clear,07 - Dark,01 - Dry,11 - Roundabout,01 - Functioning,2,0,0,0,,0,,,,,379860.7425,5036472.875,45.46415036,-75.54014118,4818
16--13870,2016/12/28,4:20 PM,OTTAWA RIVER PKWY @ REMIC RAPIDS ENT/TUNNEY'S  (0011322),11322,02 - Intersection related,03 - P.D. only,03 - Rear end,00 - Unknown,05 - Dusk,00 - Unknown,01 - Traffic signal,01 - Functioning,2,0,0,0,,0,,,,,364262.6567,5030244.623,45.40961209,-75.74033815,4819
16--13871,2016/12/28,4:59 PM,COVENTRY RD btwn LOLA ST & BELFAST RD (__3ZA3ME),__3ZA3ME,01 - Non intersection,03 - P.D. only,04 - Sideswipe,01 - Clear,07 - Dark,01 - Dry,10 - No control,,2,0,0,0,,0,,,,,371267.8584,5031615.814,45.42131927,-75.65066802,4820
16--13872,2016/12/28,5:13 PM,RIVERSIDE DR @ TREMBLAY RD/HWY417 IC117 RAMP52 (0010790),10790,02 - Intersection related,03 - P.D. only,04 - Sideswipe,01 - Clear,07 - Dark,01 - Dry,01 - Traffic signal,01 - Functioning,2,0,0,0,,0,,,,,370803.0249,5031015.671,45.41596344,-75.65668744,4821
16--13873,2016/12/28,5:15 PM,LYON ST @ WELLINGTON ST (0002388),2388,03 - At intersection,03 - P.D. only,04 - Sideswipe,01 - Clear,07 - Dark,02 - Wet,01 - Traffic signal,01 - Functioning,2,0,0,0,,0,,,,,366935.271,5031426.58,45.42001482,-75.70604852,4822
16--13874,2016/12/28,5:18 PM,WOODCLIFFE PRIV @ JEANNE D'ARC BLVD (0012420),12420,03 - At intersection,03 - P.D. only,02 - Angle,01 - Clear,07 - Dark,03 - Loose snow,02 - Stop sign,01 - Functioning,2,0,0,0,,0,,,,,380106.1218,5036224.257,45.46188708,-75.53704186,4823
16--13875,2016/12/28,5:35 PM,CAMBRIAN RD @ GREENBANK RD (0001095),1095,03 - At intersection,03 - P.D. only,02 - Angle,03 - Snow,07 - Dark,04 - Slush,11 - Roundabout,01 - Functioning,2,0,0,0,,0,,,,,364765.5137,5012872.837,45.25325962,-75.736019,4824