Anom_ID,Accident_Date,Accident_Time,Location,Geo_ID,Accident_Location,Classification_of_Accident,Initial_Impact_Type,Environment_Condition,Light,Road_Surface_Condition,Traffic_Control,Traffic_Control_Condition,No__of_Vehicles,No__of_Bicycles,No__of_Motorcycles,No__of_Pedestrians,Max_Injury,No__of_Injuries,No__of_Minimal,No__of_Minor,No__of_Major,No__of_Fatal,X,Y,Latitude,Longitude,ObjectId
16--13876,2016/12/28,5:37 PM,BRIAN COBURN BLVD @ TENTH LINE RD (0013966),13966,03 - At intersection,03 - P.D. only,05 - Turning movement,01 - Clear,07 - Dark,01 - Dry,01 - Traffic signal,01 - Functioning,2,0,0,0,,0,,,,,384428.3389,5035022.308,45.45059377,-75.48197576,4825
16--13877,2016/12/28,5:42 PM,GEORGE ST @ SUSSEX DR (0002109),2109,02 - Intersection related,03 - P.D. only,03 - Rear end,01 - Clear,07 - Dark,01 - Dry,01 - Traffic signal,00 - Unknown,2,0,0,0,,0,,,,,367868.3877,5032130.279,45.42626297,-75.69403644,4826
16--13878,2016/12/28,5:50 PM,HIGHWAY 417 btwn HWY417 IC144 RAMP51 & HWY417 IC144 RAMP35 (__3ZA2Q5),__3ZA2Q5,01 - Non intersection,03 - P.D. only,07 - SMV other,01 - Clear,07 - Dark,02 - Wet,10 - No control,,1,0,0,0,,0,,,,,347290.5124,5015706.128,45.28002694,-75.95840202,4827
16--13879,2016/12/28,6:43 PM,JOHN QUINN RD btwn STONE SCHOOL RD & BANK ST (__3ZA645),__3ZA645,01 - Non intersection,03 - P.D. only,07 - SMV other,01 - Clear,07 - Dark,01 - Dry,10 - No control,,1,0,0,0,,0,,,,,383033.3289,5011846.984,45.24223576,-75.50347348,4828
16--1388,2016/01/30,7:54 PM,PLEASANT PARK RD btwn HOLT CRES & CAMROSE ST (__3ZA75V),__3ZA75V,04 - At/near private drive,03 - P.D. only,06 - SMV unattended vehicle,01 - Clear,07 - Dark,01 - Dry,10 - No control,,1,0,0,0,,0,,,,,372586.06,5028606.15,45.39411318,-75.63423964,4829
16--13880,2016/12/28,7:19 PM,BRONSON AVE @ CARLING AVE/GLEBE AVE (0002134),2134,02 - Intersection related,03 - P.D. only,03 - Rear end,01 - Clear,07 - Dark,01 - Dry,01 - Traffic signal,01 - Functioning,2,0,0,0,,0,,,,,367448.5352,5029334.32,45.40114353,-75.69975669,4830
16--13881,2016/12/28,7:50 PM,HUNTMAR DR btwn OLD CARP RD & BRADLEY SIDE RD (__3ZACWD),__3ZACWD,01 - Non intersection,03 - P.D. only,07 - SMV other,01 - Clear,07 - Dark,01 - Dry,10 - No control,,1,0,0,0,,0,,,,,346896.8603,5020496.758,45.32315841,-75.96301263,4831
16--13882,2016/12/28,8:48 AM,MARCH VALLEY RD @ SHIRLEY BLVD (0003545),3545,03 - At intersection,02 - Non-fatal injury,02 - Angle,01 - Clear,01 - Daylight,02 - Wet,02 - Stop sign,01 - Functioning,2,0,0,0,01 - Minimal,1,1,,,,350929.7178,5024278.865,45.35693717,-75.91121949,4832
16--13883,2016/12/28,9:15 AM,TIMBERTRAIL TER btwn RUSTIC HILLS CRES & VALIN ST (__45C2RU),__45C2RU,04 - At/near private drive,03 - P.D. only,06 - SMV unattended vehicle,01 - Clear,01 - Daylight,02 - Wet,10 - No control,,1,0,0,0,,0,,,,,386786.3744,5037612.418,45.47362432,-75.45140205,4833
16--13884,2016/12/28,9:26 AM,PRINCE OF WALES DR btwn TURN LANE & BASELINE RD (__3ZA4JW),__3ZA4JW,01 - Non intersection,03 - P.D. only,04 - Sideswipe,01 - Clear,01 - Daylight,02 - Wet,10 - No control,,2,0,0,0,,0,,,,,366856.3948,5026366.449,45.3744921,-75.70769286,4834
16--13885,2016/12/29,1:00 PM,MOODIE DR @ TIMM DR (0001106),1106,03 - At intersection,03 - P.D. only,02 - Angle,03 - Snow,01 - Daylight,04 - Slush,02 - Stop sign,01 - Functioning,2,0,0,0,,0,,,,,356815.6485,5021083.889,45.32777657,-75.83643464,4835
16--13886,2016/12/29,1:00 PM,HIGHWAY 417 btwn HWY417 IC119B RAMP57 & HWY417 IC119A RAMP75 (__3ZA1QN),__3ZA1QN,01 - Non intersection,03 - P.D. only,04 - Sideswipe,03 - Snow,01 - Daylight,05 - Packed snow,10 - No control,,2,0,0,0,,0,,,,,368271.9627,5030324.818,45.40998154,-75.68911215,4836
16--13887,2016/12/29,1:15 AM,HIGHWAY 417 btwn HWY417 IC155 RAMP61 & HWY417 IC145 RAMP56 (__3ZA2Q2),__3ZA2Q2,01 - Non intersection,03 - P.D. only,07 - SMV other,01 - Clear,07 - Dark,01 - Dry,10 - No control,,1,0,0,0,,0,,,,,344388.5066,5015428.535,45.27769845,-75.99541259,4837
16--13888,2016/12/29,1:16 PM,RIDEAU ST btwn CHARLOTTE ST & WURTEMBURG ST (__3ZA3XQ),__3ZA3XQ,04 - At/near private drive,03 - P.D. only,07 - SMV other,03 - Snow,01 - Daylight,03 - Loose snow,10 - No control,,1,0,0,0,,0,,,,,369336.8304,5032915.237,45.43319178,-75.67516997,4838
16--13889,2016/12/29,1:20 PM,HUNT CLUB RD @ RIVERSIDE DR (0002237),2237,02 - Intersection related,03 - P.D. only,03 - Rear end,03 - Snow,01 - Daylight,05 - Packed snow,01 - Traffic signal,01 - Functioning,2,0,0,0,,0,,,,,368036.703,5021945.913,45.33461161,-75.69319015,4839
16--1389,2016/01/30,8:30 PM,CEDAR CREEK DR btwn HILLMAN MARSH WAY & HILLMAN MARSH WAY (__5GU06B),__5GU06B,01 - Non intersection,03 - P.D. only,03 - Rear end,01 - Clear,07 - Dark,02 - Wet,10 - No control,,2,0,0,0,,0,,,,,375657.1002,5020199.796,45.31817265,-75.59622617,4840
16--13890,2016/12/29,1:30 PM,CRESTWAY DR @ GROVEHURST DR (0009676),9676,02 - Intersection related,03 - P.D. only,03 - Rear end,03 - Snow,01 - Daylight,03 - Loose snow,02 - Stop sign,01 - Functioning,2,0,0,0,,0,,,,,366355.7747,5015682.628,45.2784047,-75.7154122,4841
16--13891,2016/12/29,1:32 PM,OTTAWA RIVER PKWY @ RIVER ST/SLIDELL ST (0005099),5099,02 - Intersection related,01 - Fatal injury,03 - Rear end,03 - Snow,01 - Daylight,03 - Loose snow,01 - Traffic signal,01 - Functioning,3,0,0,0,04 - Fatal,1,,,,1,365159.2183,5030375.561,45.41071349,-75.72886918,4842
16--13892,2016/12/29,1:42 PM,BANK ST @ SLATER ST (0002223),2223,02 - Intersection related,02 - Non-fatal injury,03 - Rear end,03 - Snow,01 - Daylight,03 - Loose snow,01 - Traffic signal,00 - Unknown,2,0,0,0,02 - Minor,1,,1,,,367426.3587,5031354.991,45.4193269,-75.69978322,4843
16--13893,2016/12/29,1:44 PM,CARLING AVE @ BAYSHORE DR/BIRCHDALE AVE (0000021),21,02 - Intersection related,02 - Non-fatal injury,03 - Rear end,01 - Clear,01 - Daylight,06 - Ice,01 - Traffic signal,00 - Unknown,2,0,0,0,01 - Minimal,2,2,,,,359004.0428,5023990.198,45.35376203,-75.80820081,4844
16--13894,2016/12/29,1:59 PM,AIRPORT PKWY @ HUNT CLUB RD (0010856),10856,02 - Intersection related,03 - P.D. only,03 - Rear end,03 - Snow,01 - Daylight,03 - Loose snow,01 - Traffic signal,01 - Functioning,2,0,0,0,,0,,,,,371019.3562,5023700.928,45.35012758,-75.65490491,4845
16--13895,2016/12/29,10:30 AM,ST. JOSEPH BLVD @ JEANNE D'ARC BLVD (0012421),12421,02 - Intersection related,03 - P.D. only,07 - SMV other,03 - Snow,01 - Daylight,03 - Loose snow,11 - Roundabout,01 - Functioning,1,0,0,0,,0,,,,,379862.3988,5036471.995,45.46414226,-75.54012014,4846
16--13896,2016/12/29,11:07 AM,BASELINE RD btwn NAVAHO DR & DEERFIELD DR (__3ZA4H4),__3ZA4H4,01 - Non intersection,03 - P.D. only,03 - Rear end,03 - Snow,01 - Daylight,05 - Packed snow,10 - No control,,3,0,0,0,,0,,,,,363150.287,5024139.328,45.35477113,-75.75526957,4847
16--13897,2016/12/29,11:19 PM,KAKULU RD @ CASTLEFRANK RD (0003540),3540,02 - Intersection related,03 - P.D. only,04 - Sideswipe,01 - Clear,07 - Dark,06 - Ice,01 - Traffic signal,01 - Functioning,2,0,0,0,,0,,,,,352181.2312,5018499.31,45.30484812,-75.8957998,4848
16--13898,2016/12/29,11:47 AM,BOYER RD @ ORLEANS BLVD (0004135),4135,02 - Intersection related,03 - P.D. only,03 - Rear end,03 - Snow,01 - Daylight,05 - Packed snow,02 - Stop sign,01 - Functioning,2,0,0,0,,0,,,,,380978.5746,5035508.982,45.45535702,-75.52599802,4849
16--13899,2016/12/29,11:47 PM,LEITRIM RD @ RIVER RD (0004194),4194,03 - At intersection,03 - P.D. only,03 - Rear end,03 - Snow,07 - Dark,02 - Wet,02 - Stop sign,00 - Unknown,2,0,0,0,,0,,,,,368016.1564,5017177.458,45.29170767,-75.69406067,4850
16--139,2016/01/05,11:28 AM,RICHMOND RD @ STONEHAVEN DR (0010370),10370,02 - Intersection related,02 - Non-fatal injury,03 - Rear end,01 - Clear,01 - Daylight,01 - Dry,01 - Traffic signal,01 - Functioning,2,0,0,0,01 - Minimal,1,1,,,,356781.8631,5015891.215,45.28105466,-75.83741016,4851
16--1390,2016/01/30,9:20 PM,FINDLAY CREEK DR btwn DEVONWOOD CIRC & BANK ST (__45KVBB),__45KVBB,04 - At/near private drive,03 - P.D. only,02 - Angle,01 - Clear,07 - Dark,02 - Wet,10 - No control,,2,0,0,0,,0,,,,,375742.7533,5020398.275,45.31994984,-75.59510538,4852
16--13900,2016/12/29,11:49 AM,LONGFIELDS DR btwn STRANDHERD DR & MARKETPLACE AVE (__5Z2MQN),__5Z2MQN,01 - Non intersection,03 - P.D. only,03 - Rear end,03 - Snow,01 - Daylight,03 - Loose snow,10 - No control,,2,0,0,0,,0,,,,,364615.838,5015001.366,45.2724249,-75.73766946,4853
16--13901,2016/12/29,Unknown,GRACEWOOD CRES btwn CREEKVIEW WAY W & FINDLAY CREEK W (__727TGL),__727TGL,01 - Non intersection,03 - P.D. only,06 - SMV unattended vehicle,01 - Clear,00 - Unknown,01 - Dry,10 - No control,,1,0,0,0,,0,,,,,374351.231,5019522.122,45.31220576,-75.61297549,4854
16--13902,2016/12/29,12:15 PM,MERIVALE RD @ WEST HUNT CLUB RD (0000584),584,02 - Intersection related,03 - P.D. only,03 - Rear end,03 - Snow,01 - Daylight,06 - Ice,01 - Traffic signal,01 - Functioning,2,0,0,0,,0,,,,,365613.5234,5021942.912,45.3347988,-75.72410391,4855
16--13903,2016/12/29,12:33 PM,CONROY RD @ HUNT CLUB RD (0002257),2257,02 - Intersection related,03 - P.D. only,03 - Rear end,03 - Snow,01 - Daylight,03 - Loose snow,01 - Traffic signal,01 - Functioning,2,0,0,0,,0,,,,,373764.5682,5025403.281,45.36518009,-75.61963693,4856
16--13904,2016/12/29,12:39 PM,CYRVILLE RD btwn STAR TOP RD & MEADOWBROOK RD (__3ZA3SN),__3ZA3SN,04 - At/near private drive,02 - Non-fatal injury,05 - Turning movement,03 - Snow,01 - Daylight,03 - Loose snow,10 - No control,,2,0,0,0,01 - Minimal,1,1,,,,374606.8114,5031252.087,45.41772145,-75.6080592,4857
16--13905,2016/12/29,12:45 PM,CASSANDRA ST @ TRUDEAU AVE (0012827),12827,03 - At intersection,03 - P.D. only,02 - Angle,03 - Snow,01 - Daylight,03 - Loose snow,02 - Stop sign,01 - Functioning,2,0,0,0,,0,,,,,395284.3552,5024634.234,45.35581366,-75.3451176,4858
16--13906,2016/12/29,12:46 AM,ROLAND MICHENER DR btwn EARL GREY DR & TRANSITWAY (__3Z0607),__3Z0607,01 - Non intersection,03 - P.D. only,04 - Sideswipe,01 - Clear,07 - Dark,01 - Dry,10 - No control,,2,0,0,0,,0,,,,,350844.641,5018919.023,45.3087137,-75.91280394,4859
16--13907,2016/12/29,2:12 PM,PRINCE OF WALES DR btwn RIDEAU HEIGHTS LANE & STEPHANIE AVE (__3ZA29Q),__3ZA29Q,01 - Non intersection,03 - P.D. only,01 - Approaching,03 - Snow,01 - Daylight,03 - Loose snow,10 - No control,,2,0,0,0,,0,,,,,367509.2955,5022786.323,45.34222079,-75.69981194,4860
16--13908,2016/12/29,2:14 PM,INDUSTRIAL AVE @ ALTA VISTA DR/SANDFORD FLEMIN (0006979),6979,02 - Intersection related,02 - Non-fatal injury,05 - Turning movement,03 - Snow,01 - Daylight,03 - Loose snow,01 - Traffic signal,01 - Functioning,2,0,0,0,01 - Minimal,1,1,,,,370885.1972,5030556.387,45.41182323,-75.65569923,4861
16--13909,2016/12/29,2:15 PM,HIGHWAY 417 btwn HWY417 IC142 RAMP35 & HWY417 IC142 RAMP25 (__3ZA1ZO),__3ZA1ZO,01 - Non intersection,03 - P.D. only,07 - SMV other,03 - Snow,01 - Daylight,04 - Slush,10 - No control,,1,0,0,0,,0,,,,,348967.2912,5017243.815,45.29376022,-75.93689338,4862
16--1391,2016/01/31,1:00 AM,CONROY RD @ HUNT CLUB RD (0002257),2257,02 - Intersection related,03 - P.D. only,04 - Sideswipe,01 - Clear,07 - Dark,02 - Wet,01 - Traffic signal,01 - Functioning,2,0,0,0,,0,,,,,373763.9595,5025404.303,45.36518935,-75.61964456,4863
16--13910,2016/12/29,2:41 PM,RICHMOND RD @ LYNHAR RD/STAFFORD RD (0000155),155,02 - Intersection related,03 - P.D. only,03 - Rear end,01 - Clear,01 - Daylight,05 - Packed snow,01 - Traffic signal,01 - Functioning,2,0,0,0,,0,,,,,358137.063,5021087.739,45.32771204,-75.81957808,4864
16--13911,2016/12/29,3:16 PM,BELFAST RD @ ST. LAURENT BLVD (0007658),7658,02 - Intersection related,03 - P.D. only,02 - Angle,03 - Snow,01 - Daylight,05 - Packed snow,01 - Traffic signal,01 - Functioning,2,0,0,0,,0,,,,,372861.5523,5030578.148,45.41182961,-75.63044931,4865
16--13912,2016/12/29,3:18 PM,FAIRLAWN AVE btwn WOODROFFE AVE & FOX CRES (__3ZA4NJ),__3ZA4NJ,04 - At/near private drive,02 - Non-fatal injury,02 - Angle,03 - Snow,01 - Daylight,03 - Loose snow,10 - No control,,2,0,0,0,02 - Minor,2,,2,,,361947.9295,5025791.61,45.36973726,-75.77042304,4866
16--13913,2016/12/29,4:05 PM,WOODRIDGE CRES @ 220 W OF BAYSHORE DR/BAYSHORE (0005411),5411,02 - Intersection related,03 - P.D. only,02 - Angle,03 - Snow,05 - Dusk,04 - Slush,01 - Traffic signal,00 - Unknown,2,0,0,0,,0,,,,,359041.4625,5023376.97,45.34824131,-75.80779053,4867
16--13914,2016/12/29,4:18 PM,BRONSON AVE @ FIFTH AVE/MADAWASKA DR (0006977),6977,02 - Intersection related,03 - P.D. only,03 - Rear end,01 - Clear,05 - Dusk,05 - Packed snow,01 - Traffic signal,01 - Functioning,2,0,0,0,,0,,,,,367613.7127,5028939.737,45.39757838,-75.69769724,4868
16--13915,2016/12/29,4:50 PM,FIFTH AVE @ QUEEN ELIZABETH DRWY (0006908),6908,02 - Intersection related,02 - Non-fatal injury,03 - Rear end,03 - Snow,07 - Dark,04 - Slush,01 - Traffic signal,01 - Functioning,2,0,0,0,01 - Minimal,1,1,,,,368836.0262,5029657.739,45.40392801,-75.68199332,4869
16--13916,2016/12/29,5:13 PM,DU GRAND BOIS AVE @ INNES RD (0004107),4107,02 - Intersection related,03 - P.D. only,03 - Rear end,03 - Snow,07 - Dark,03 - Loose snow,02 - Stop sign,00 - Unknown,2,0,0,0,,0,,,,,383108.0991,5035762.148,45.45739939,-75.49873422,4870
16--13917,2016/12/29,5:17 PM,HIGHWAY 417 btwn HWY 417 ANDERSON IC104R61 & HWY 417 BOUNDARY IC96R16 (__3ZA2W5),__3ZA2W5,01 - Non intersection,03 - P.D. only,07 - SMV other,03 - Snow,07 - Dark,03 - Loose snow,10 - No control,,1,0,0,0,,0,,,,,384995.4526,5024969.097,45.36007874,-75.4763616,4871
16--13918,2016/12/29,6:00 PM,AMICI TER btwn BRIGITTA ST & LOKOYA ST (__6OD7E5),__6OD7E5,01 - Non intersection,03 - P.D. only,06 - SMV unattended vehicle,03 - Snow,07 - Dark,03 - Loose snow,10 - No control,,1,0,0,0,,0,,,,,354776.2391,5015165.216,45.2746674,-75.86304644,4872
16--13919,2016/12/29,6:05 PM,INNES RD @ VISENEAU DR (0012442),12442,02 - Intersection related,03 - P.D. only,05 - Turning movement,03 - Snow,07 - Dark,05 - Packed snow,01 - Traffic signal,01 - Functioning,2,0,0,0,,0,,,,,381799.5793,5035073.142,45.4513457,-75.51557062,4873
16--1392,2016/01/31,1:08 PM,BANK ST @ CATHERINE ST (0002708),2708,02 - Intersection related,03 - P.D. only,03 - Rear end,01 - Clear,01 - Daylight,01 - Dry,01 - Traffic signal,01 - Functioning,2,0,0,0,,0,,,,,368040.1646,5030267.802,45.40948951,-75.69208051,4874
16--13920,2016/12/29,6:20 PM,BANK ST btwn PHILNOR ST & SALE BARN RD (__3ZA28K),__3ZA28K,01 - Non intersection,03 - P.D. only,07 - SMV other,03 - Snow,07 - Dark,03 - Loose snow,10 - No control,,1,0,0,0,,0,,,,,379964.7752,5013552.59,45.2579164,-75.54229686,4875
16--13921,2016/12/29,6:21 PM,COVENTRY RD @ VANIER PKWY (0002139),2139,02 - Intersection related,03 - P.D. only,03 - Rear end,03 - Snow,07 - Dark,05 - Packed snow,01 - Traffic signal,01 - Functioning,2,0,0,0,,0,,,,,370676.3849,5031610.461,45.42132705,-75.65822581,4876
16--13922,2016/12/29,6:29 PM,BELFAST RD @ COVENTRY RD (0002646),2646,02 - Intersection related,03 - P.D. only,03 - Rear end,03 - Snow,07 - Dark,05 - Packed snow,01 - Traffic signal,01 - Functioning,3,0,0,0,,0,,,,,371523.7211,5031639.494,45.42150797,-75.64739574,4877
16--13923,2016/12/29,6:54 PM,CASSIDY RD btwn BRUIN LANE & GRANGEMILL AVE (__3ZA4YN),__3ZA4YN,01 - Non intersection,03 - P.D. only,06 - SMV unattended vehicle,05 - Drifting Snow,07 - Dark,05 - Packed snow,10 - No control,,1,0,0,0,,0,,,,,358965.7884,5021182.457,45.32850085,-75.80899642,4878
16--13924,2016/12/29,7:29 PM,WEST HUNT CLUB RD WB btwn CEDARVIEW RD & GREENBANK RD (__3ZA199),__3ZA199,01 - Non intersection,03 - P.D. only,07 - SMV other,03 - Snow,07 - Dark,03 - Loose snow,10 - No control,,1,0,0,0,,0,,,,,361051.258,5020256.401,45.32000414,-75.78249893,4879
16--13925,2016/12/29,7:47 AM,BASELINE RD/HERON RD @ PRINCE OF WALES DR (0002345),2345,02 - Intersection related,03 - P.D. only,01 - Approaching,01 - Clear,03 - Dawn,01 - Dry,01 - Traffic signal,00 - Unknown,2,0,0,0,,0,,,,,366874.1215,5026439.143,45.37514462,-75.70745742,4880
16--13926,2016/12/29,8:00 PM,HIGHWAY 417 btwn HWY417 IC138 RAMP61 & HWY417 IC134 RAMP36 (__3ZA20I),__3ZA20I,01 - Non intersection,03 - P.D. only,04 - Sideswipe,01 - Clear,07 - Dark,04 - Slush,10 - No control,,2,0,0,0,,0,,,,,355785.2998,5021921.641,45.33539037,-75.84949168,4881
16--13927,2016/12/29,8:40 AM,SLATER ST btwn LYON ST N & KENT ST (__3ZA3CT),__3ZA3CT,01 - Non intersection,02 - Non-fatal injury,03 - Rear end,03 - Snow,01 - Daylight,03 - Loose snow,10 - No control,,2,0,0,0,01 - Minimal,1,1,,,,367130.0338,5031168.736,45.4176775,-75.70359274,4882
16--13928,2016/12/29,8:43 AM,CARLING AVE @ KIRKWOOD AVE S (0002209),2209,03 - At intersection,03 - P.D. only,02 - Angle,03 - Snow,01 - Daylight,03 - Loose snow,01 - Traffic signal,01 - Functioning,2,0,0,0,,0,,,,,364351.7005,5027337.549,45.38344724,-75.73955162,4883
16--13929,2016/12/29,8:44 PM,CHESTERTON DR @ SOUTHVIEW CRES E (0001974),1974,03 - At intersection,03 - P.D. only,05 - Turning movement,03 - Snow,07 - Dark,04 - Slush,02 - Stop sign,01 - Functioning,2,0,0,0,,0,,,,,365422.145,5023857.487,45.35204244,-75.72631079,4884
16--1393,2016/01/31,1:43 PM,ST. LAURENT BLVD btwn MCARTHUR AVE & DONALD ST (__3ZBOF4),__3ZBOF4,01 - Non intersection,03 - P.D. only,04 - Sideswipe,01 - Clear,01 - Daylight,02 - Wet,10 - No control,,2,0,0,0,,0,,,,,372075.7329,5032520.754,45.42938428,-75.64022249,4885
16--13930,2016/12/29,8:50 PM,HUNT CLUB RD btwn CAHILL DR & LORRY GREENBERG DR (__3ZA3S4),__3ZA3S4,01 - Non intersection,02 - Non-fatal injury,04 - Sideswipe,03 - Snow,07 - Dark,05 - Packed snow,10 - No control,,2,0,0,0,01 - Minimal,2,2,,,,372781.7991,5024778.116,45.3596511,-75.63226695,4886
16--13931,2016/12/29,8:52 AM,HIGHWAY 417 btwn HWY417 IC119A RAMP75 & HWY417 IC118 RAMP57 (__3ZA2R2),__3ZA2R2,01 - Non intersection,03 - P.D. only,04 - Sideswipe,03 - Snow,01 - Daylight,03 - Loose snow,10 - No control,,2,0,0,0,,0,,,,,368733.3969,5030587.285,45.41230113,-75.68318365,4887
16--13932,2016/12/29,8:52 PM,RIVERSIDE DR btwn KIMBERWICK CRES & KIMBERWICK CRES (__3ZA37L),__3ZA37L,01 - Non intersection,03 - P.D. only,04 - Sideswipe,03 - Snow,07 - Dark,03 - Loose snow,10 - No control,,2,0,0,0,,0,,,,,368182.2936,5022696.192,45.34134933,-75.6912367,4888
16--13933,2016/12/29,8:57 PM,KITCHENER AVE @ BANK ST (0011963),11963,03 - At intersection,03 - P.D. only,07 - SMV other,03 - Snow,07 - Dark,03 - Loose snow,01 - Traffic signal,01 - Functioning,1,0,0,0,,0,,,,,370540.0479,5025500.386,45.36636365,-75.66078188,4889
16--13934,2016/12/29,9:00 PM,RIVER RD @ ROYAL PALM CRES N (0005199),5199,02 - Intersection related,03 - P.D. only,03 - Rear end,03 - Snow,07 - Dark,04 - Slush,10 - No control,00 - Unknown,2,0,0,0,,0,,,,,370225.749,5009687.504,45.22411184,-75.66687981,4890
16--13935,2016/12/29,9:45 PM,ALBERT ST @ O'CONNOR ST (0002116),2116,02 - Intersection related,03 - P.D. only,99 - Other,03 - Snow,07 - Dark,04 - Slush,01 - Traffic signal,00 - Unknown,2,0,0,0,,0,,,,,367539.5307,5031519.331,45.42079544,-75.69831636,4891
16--13936,2016/12/29,9:58 AM,PINE VISTA DR btwn TRAIL SIDE CIRC & SIESTA CRT (__45C2TG),__45C2TG,01 - Non intersection,03 - P.D. only,06 - SMV unattended vehicle,03 - Snow,01 - Daylight,06 - Ice,10 - No control,,1,0,0,0,,0,,,,,387074.1654,5037641.587,45.4738529,-75.44771697,4892
16--13937,2016/12/30,1:03 PM,OGILVIE RD @ CITY PARK DR E/CSIS HQ ACCESS (0003696),3696,02 - Intersection related,03 - P.D. only,03 - Rear end,01 - Clear,01 - Daylight,01 - Dry,01 - Traffic signal,01 - Functioning,2,0,0,0,,0,,,,,374188.7282,5033009.335,45.43357382,-75.61315296,4893
16--13938,2016/12/30,1:04 PM,FRANKTOWN RD @ JOY'S RD W (0000007),7,02 - Intersection related,03 - P.D. only,03 - Rear end,01 - Clear,01 - Daylight,01 - Dry,02 - Stop sign,00 - Unknown,2,0,0,0,,0,,,,,355255.7596,5004900.885,45.18227165,-75.85797592,4894
16--13939,2016/12/30,1:11 PM,HUNT CLUB RD btwn LINDBERGH PRIV & NORTH BOWESVILLE RD (__3ZA35F),__3ZA35F,01 - Non intersection,02 - Non-fatal injury,03 - Rear end,01 - Clear,01 - Daylight,03 - Loose snow,10 - No control,,2,0,0,0,02 - Minor,1,,1,,,368532.7646,5022235.757,45.33717468,-75.68682442,4895
16--1394,2016/01/31,1:50 PM,REGIONAL ROAD 174 btwn OR174 IC105 RAMP25 & OR174 IC102 RAMP51 (__3ZA27G),__3ZA27G,01 - Non intersection,03 - P.D. only,03 - Rear end,01 - Clear,01 - Daylight,01 - Dry,10 - No control,,2,0,0,0,,0,,,,,380175.3624,5037433.737,45.47276156,-75.5359711,4896
16--13940,2016/12/30,1:29 PM,MEADOWLANDS DR btwn BAYNE AVE & MERIVALE RD (__3ZA4HT),__3ZA4HT,04 - At/near private drive,03 - P.D. only,02 - Angle,01 - Clear,01 - Daylight,02 - Wet,10 - No control,,2,0,0,0,,0,,,,,364778.4804,5023682.124,45.3505199,-75.73454607,4897
16--13941,2016/12/30,1:33 PM,HWY 417 VANIER IC117R26 @ VANIER PKWY (0002389),2389,02 - Intersection related,02 - Non-fatal injury,03 - Rear end,01 - Clear,01 - Daylight,04 - Slush,10 - No control,00 - Unknown,2,0,0,0,01 - Minimal,1,1,,,,370801.2995,5031359.539,45.41905758,-75.65666342,4898
16--13942,2016/12/30,1:41 PM,GRENON AVE @ RICHMOND RD (0002741),2741,03 - At intersection,02 - Non-fatal injury,05 - Turning movement,03 - Snow,01 - Daylight,04 - Slush,01 - Traffic signal,01 - Functioning,2,0,0,0,01 - Minimal,1,1,,,,359806.3777,5024033.921,45.35409297,-75.79795662,4899
16--13943,2016/12/30,1:43 PM,BANK ST @ RIVERSIDE DR S (0002704),2704,02 - Intersection related,03 - P.D. only,04 - Sideswipe,01 - Clear,01 - Daylight,01 - Dry,01 - Traffic signal,01 - Functioning,2,0,0,0,,0,,,,,369303.0608,5027894.967,45.38802429,-75.67625845,4900
16--13944,2016/12/30,1:52 PM,BLACK'S SIDE RD @ FLEWELLYN RD (0010501),10501,02 - Intersection related,03 - P.D. only,07 - SMV other,01 - Clear,01 - Daylight,05 - Packed snow,02 - Stop sign,01 - Functioning,1,0,0,0,,0,,,,,350714.3763,5010138.618,45.22971324,-75.9152769,4901
16--13945,2016/12/30,10:28 AM,CAMBRIAN RD btwn RICHMOND RD & END (__3ZA2HT),__3ZA2HT,01 - Non intersection,03 - P.D. only,07 - SMV other,03 - Snow,01 - Daylight,06 - Ice,10 - No control,,1,0,0,0,,0,,,,,358420.3283,5009085.475,45.21969226,-75.81726095,4902
16--13946,2016/12/30,10:49 AM,DAZE ST btwn HUNT CLUB RD & 200 W OF BANK ST (__3ZAZYCB),__3ZAZYCB,04 - At/near private drive,03 - P.D. only,02 - Angle,01 - Clear,01 - Daylight,02 - Wet,10 - No control,,2,0,0,0,,0,,,,,371206.0257,5024030.818,45.35307818,-75.65247858,4903
16--13947,2016/12/30,12:12 PM,SNAKE ISLAND RD btwn MANOTICK STATION RD & STAGECOACH RD (__3ZA2C4),__3ZA2C4,01 - Non intersection,03 - P.D. only,07 - SMV other,01 - Clear,01 - Daylight,03 - Loose snow,10 - No control,,1,0,0,0,,0,,,,,377976.6291,5006529.625,45.19493563,-75.5686577,4904
16--13948,2016/12/30,12:17 AM,HIGHWAY 416 btwn HWY416 IC42 RAMP24 & END (__3ZAZJ6),__3ZAZJ6,01 - Non intersection,03 - P.D. only,07 - SMV other,01 - Clear,07 - Dark,02 - Wet,10 - No control,,1,0,0,0,,0,,,,,371963.0286,4994332.762,45.08578669,-75.64682425,4905
16--13949,2016/12/30,12:30 AM,WELLINGTON ST btwn TO BE DETERMINED & BAY ST (__3ZA25L),__3ZA25L,01 - Non intersection,03 - P.D. only,07 - SMV other,03 - Snow,07 - Dark,04 - Slush,10 - No control,,1,0,0,0,,0,,,,,366697.0997,5031279.931,45.41871643,-75.70910995,4906
16--1395,2016/01/31,10:19 AM,ST. JOSEPH BLVD @ TENTH LINE RD (0009163),9163,02 - Intersection related,03 - P.D. only,03 - Rear end,01 - Clear,01 - Daylight,02 - Wet,01 - Traffic signal,01 - Functioning,3,0,0,0,,0,,,,,382891.9015,5038666.672,45.48355591,-75.50103657,4907