Anom_ID,Accident_Date,Accident_Time,Location,Geo_ID,Accident_Location,Classification_of_Accident,Initial_Impact_Type,Environment_Condition,Light,Road_Surface_Condition,Traffic_Control,Traffic_Control_Condition,No__of_Vehicles,No__of_Bicycles,No__of_Motorcycles,No__of_Pedestrians,Max_Injury,No__of_Injuries,No__of_Minimal,No__of_Minor,No__of_Major,No__of_Fatal,X,Y,Latitude,Longitude,ObjectId
16--13950,2016/12/30,12:30 PM,NICHOLAS ST NB btwn HWY417 IC118 RAMP52 & WALLER ST/TRANSITWAY (__6KCFNL),__6KCFNL,01 - Non intersection,03 - P.D. only,04 - Sideswipe,01 - Clear,01 - Daylight,02 - Wet,10 - No control,,2,0,0,0,,0,,,,,369053.6401,5031325.169,45.41891102,-75.67899642,4908
16--13599,2016/12/21,10:24 AM,FISHER AVE @ SHILLINGTON AVE (0006792),6792,02 - Intersection related,03 - P.D. only,03 - Rear end,01 - Clear,01 - Daylight,02 - Wet,01 - Traffic signal,01 - Functioning,2,0,0,0,,0,,,,,365626.6926,5027294.889,45.38295384,-75.72327729,4909
16--136,2016/01/05,10:48 AM,BRONSON AVE btwn PLYMOUTH ST & RENFREW AVE (__3ZA3B1),__3ZA3B1,01 - Non intersection,03 - P.D. only,04 - Sideswipe,01 - Clear,01 - Daylight,01 - Dry,10 - No control,,2,0,0,0,,0,,,,,367319.9707,5029639.178,45.40389804,-75.7013601,4910
16--1360,2016/01/29,8:40 AM,WEST HUNT CLUB RD WB btwn 545 E OF ROYDON PL/SUNDERLAND ST & ANTARES D (__3ZA3JSB),__3ZA3JSB,01 - Non intersection,03 - P.D. only,04 - Sideswipe,03 - Snow,01 - Daylight,03 - Loose snow,10 - No control,,2,0,0,0,,0,,,,,366703.5401,5022540.997,45.34008496,-75.71012331,4911
16--13600,2016/12/21,10:33 AM,CONROY RD @ THURSTON DR (0011389),11389,02 - Intersection related,03 - P.D. only,03 - Rear end,01 - Clear,01 - Daylight,02 - Wet,01 - Traffic signal,01 - Functioning,2,0,0,0,,0,,,,,373205.0039,5026795.653,45.37776292,-75.62658636,4912
16--13601,2016/12/21,11:11 AM,GOUGH RD @ MANOTICK STATION RD (0005342),5342,03 - At intersection,03 - P.D. only,03 - Rear end,01 - Clear,01 - Daylight,02 - Wet,02 - Stop sign,00 - Unknown,3,0,0,0,,0,,,,,374398.2821,5011331.418,45.23850351,-75.61352375,4913
16--13602,2016/12/21,11:15 AM,HIGHLAND AVE @ PRINCETON AVE (0006224),6224,03 - At intersection,03 - P.D. only,02 - Angle,01 - Clear,01 - Daylight,01 - Dry,02 - Stop sign,01 - Functioning,2,0,0,0,,0,,,,,362923.4654,5027492.841,45.3849645,-75.75776969,4914
16--13603,2016/12/21,11:16 AM,BEVERLY ST @ STITTSVILLE MAIN ST (0000083),83,02 - Intersection related,03 - P.D. only,03 - Rear end,01 - Clear,01 - Daylight,01 - Dry,01 - Traffic signal,00 - Unknown,2,0,0,0,,0,,,,,349845.2399,5013823.354,45.26292604,-75.92601103,4915
16--13604,2016/12/21,11:22 AM,BANK ST btwn RIDEAU RD & TURN LANE (__3ZBPH9),__3ZBPH9,01 - Non intersection,02 - Non-fatal injury,03 - Rear end,01 - Clear,01 - Daylight,01 - Dry,10 - No control,,2,0,0,0,02 - Minor,1,,1,,,377066.5537,5017576.564,45.29442626,-75.57863354,4916
16--13605,2016/12/21,11:35 AM,ST. LAURENT BLVD @ COTE ST (0007705),7705,03 - At intersection,03 - P.D. only,03 - Rear end,01 - Clear,01 - Daylight,04 - Slush,01 - Traffic signal,01 - Functioning,2,0,0,0,,0,,,,,371786.2317,5033225.76,45.43575538,-75.64382596,4917
16--13606,2016/12/21,Unknown,RANGE RD btwn LAURIER AVE E & OSGOODE ST (__3ZBOYK),__3ZBOYK,01 - Non intersection,03 - P.D. only,06 - SMV unattended vehicle,01 - Clear,00 - Unknown,01 - Dry,10 - No control,,1,0,0,0,,0,,,,,369394.0184,5032425.542,45.42878041,-75.67450338,4918
16--13607,2016/12/21,Unknown,RANGE RD btwn SOMERSET ST E & TEMPLETON ST (__3ZA8HR),__3ZA8HR,01 - Non intersection,03 - P.D. only,06 - SMV unattended vehicle,03 - Snow,00 - Unknown,03 - Loose snow,10 - No control,,1,0,0,0,,0,,,,,369694.8404,5031933.948,45.4243294,-75.67072412,4919
16--13608,2016/12/21,Unknown,GUIGUES AVE btwn SUSSEX DR & PARENT AVE (__3ZA7AW),__3ZA7AW,01 - Non intersection,03 - P.D. only,06 - SMV unattended vehicle,01 - Clear,00 - Unknown,02 - Wet,10 - No control,,1,0,0,0,,0,,,,,367628.6408,5032533.973,45.42991685,-75.6970484,4920
16--13609,2016/12/21,12:00 PM,FRANK NIGHBOR PL @ SILVER SEVEN RD (0009107),9107,02 - Intersection related,03 - P.D. only,03 - Rear end,01 - Clear,01 - Daylight,04 - Slush,02 - Stop sign,01 - Functioning,2,0,0,0,,0,,,,,350760.4873,5018220.618,45.30243477,-75.91394184,4921
16--1361,2016/01/29,8:46 AM,MONTREAL RD @ BATHGATE DR/BURMA RD (0007650),7650,02 - Intersection related,02 - Non-fatal injury,07 - SMV other,03 - Snow,01 - Daylight,02 - Wet,01 - Traffic signal,01 - Functioning,1,0,0,1,01 - Minimal,1,1,,,,373224.7097,5034516.928,45.44723335,-75.62526289,4922
16--13610,2016/12/21,12:20 PM,COOPER ST btwn METCALFE ST & ELGIN ST (__3ZA9UY),__3ZA9UY,01 - Non intersection,03 - P.D. only,06 - SMV unattended vehicle,01 - Clear,01 - Daylight,04 - Slush,10 - No control,,1,0,0,0,,0,,,,,368108.948,5031264.55,45.41845171,-75.69107383,4923
16--13611,2016/12/21,12:25 PM,BEECHWOOD AVE btwn CHAPLEAU AVE & PUTMAN AVE (__3ZA3AY),__3ZA3AY,04 - At/near private drive,03 - P.D. only,06 - SMV unattended vehicle,01 - Clear,01 - Daylight,02 - Wet,10 - No control,,1,0,0,0,,0,,,,,369568.7021,5033881.948,45.44186841,-75.67207959,4924
16--13612,2016/12/21,12:37 PM,HWY 417 MAITLAND IC126R26/62 @ MAITLAND AVE (0008228),8228,03 - At intersection,03 - P.D. only,02 - Angle,01 - Clear,01 - Daylight,01 - Dry,01 - Traffic signal,01 - Functioning,2,0,0,0,,0,,,,,363145.6594,5025984.125,45.3713708,-75.75511081,4925
16--13613,2016/12/21,2:02 PM,MERIVALE RD @ WOODFIELD DR/ROYDON PL (0009776),9776,02 - Intersection related,03 - P.D. only,03 - Rear end,01 - Clear,01 - Daylight,02 - Wet,01 - Traffic signal,01 - Functioning,3,0,0,0,,0,,,,,365463.5293,5022298.913,45.33801504,-75.72597381,4926
16--13614,2016/12/21,2:29 PM,HAZELDEAN RD @ CARBROOKE ST/IRWIN GATE (0003187),3187,03 - At intersection,03 - P.D. only,05 - Turning movement,01 - Clear,01 - Daylight,02 - Wet,01 - Traffic signal,01 - Functioning,2,0,0,0,,0,,,,,353417.1982,5018265.29,45.3026579,-75.88006275,4927
16--13615,2016/12/21,2:30 AM,LOTTA AVE btwn BASSANO ST & PENDER ST (__3ZAAXH),__3ZAAXH,01 - Non intersection,02 - Non-fatal injury,07 - SMV other,03 - Snow,07 - Dark,04 - Slush,10 - No control,,1,0,0,0,02 - Minor,1,,1,,,364024.036,5024208.742,45.35532246,-75.74411048,4928
16--13616,2016/12/21,2:38 PM,MEADOWLANDS DR btwn BAYNE AVE & MERIVALE RD (__3ZA4HT),__3ZA4HT,04 - At/near private drive,03 - P.D. only,02 - Angle,01 - Clear,01 - Daylight,04 - Slush,10 - No control,,2,0,0,0,,0,,,,,364779.0073,5023683.139,45.35052898,-75.73453923,4929
16--13617,2016/12/21,2:45 PM,EAGLESON RD @ PALOMINO DR S/ROTHESAY DR (0003134),3134,03 - At intersection,03 - P.D. only,05 - Turning movement,01 - Clear,01 - Daylight,02 - Wet,01 - Traffic signal,01 - Functioning,3,0,0,0,,0,,,,,354123.5367,5017288.229,45.29381685,-75.87115368,4930
16--13618,2016/12/21,3:30 PM,OTTAWA RIVER PKWY @ ISLAND PARK DR (0002127),2127,03 - At intersection,03 - P.D. only,04 - Sideswipe,01 - Clear,01 - Daylight,01 - Dry,01 - Traffic signal,01 - Functioning,2,0,0,0,,0,,,,,363298.1093,5029453.86,45.40257824,-75.75275343,4931
16--13619,2016/12/21,3:33 PM,CEDARVIEW RD @ WEST HUNT CLUB RD (0010267),10267,02 - Intersection related,03 - P.D. only,03 - Rear end,01 - Clear,01 - Daylight,03 - Loose snow,01 - Traffic signal,01 - Functioning,2,0,0,0,,0,,,,,359719.5056,5019556.548,45.31381227,-75.79956211,4932
16--1362,2016/01/29,8:50 AM,BLAIR ST btwn DORION AVE & DRAKE AVE (__3ZA96T),__3ZA96T,01 - Non intersection,03 - P.D. only,06 - SMV unattended vehicle,01 - Clear,01 - Daylight,01 - Dry,10 - No control,,1,0,0,0,,0,,,,,370998.0916,5030216.866,45.40875769,-75.65430265,4933
16--13620,2016/12/21,3:45 PM,INDUSTRIAL AVE btwn RUSSELL RD & ST. LAURENT BLVD (__3ZA3R7),__3ZA3R7,04 - At/near private drive,03 - P.D. only,05 - Turning movement,01 - Clear,01 - Daylight,02 - Wet,10 - No control,,2,0,0,0,,0,,,,,373072.3982,5029989.418,45.40651195,-75.6278374,4934
16--13621,2016/12/21,3:57 PM,HAWTHORNE RD @ HUNT CLUB RD (0007651),7651,02 - Intersection related,03 - P.D. only,03 - Rear end,01 - Clear,01 - Daylight,01 - Dry,01 - Traffic signal,01 - Functioning,2,0,0,0,,0,,,,,375506.0936,5026406.115,45.37402961,-75.5972648,4935
16--13622,2016/12/21,4:10 PM,CRESTWAY DR @ PRINCE OF WALES DR (0010323),10323,02 - Intersection related,03 - P.D. only,03 - Rear end,01 - Clear,05 - Dusk,02 - Wet,01 - Traffic signal,01 - Functioning,2,0,0,0,,0,,,,,367369.6978,5016577.323,45.28636558,-75.70237722,4936
16--13623,2016/12/21,4:17 PM,TERRY FOX DR S @ DIDSBURY RD/CENTRUM KANATA SC (0011820),11820,02 - Intersection related,03 - P.D. only,03 - Rear end,01 - Clear,05 - Dusk,04 - Slush,01 - Traffic signal,01 - Functioning,3,0,0,0,,0,,,,,350619.5622,5018915.729,45.30869878,-75.91567447,4937
16--13624,2016/12/21,4:19 PM,MERIVALE RD/LOTTA AVE @ CLYDE AVE (0001112),1112,03 - At intersection,03 - P.D. only,03 - Rear end,01 - Clear,05 - Dusk,02 - Wet,01 - Traffic signal,01 - Functioning,2,0,0,0,,0,,,,,364520.5103,5024508.449,45.35797707,-75.73773822,4938
16--13625,2016/12/21,4:43 PM,ST. JOSEPH BLVD @ JEANNE D'ARC BLVD (0012421),12421,03 - At intersection,03 - P.D. only,04 - Sideswipe,01 - Clear,05 - Dusk,02 - Wet,11 - Roundabout,00 - Unknown,2,0,0,0,,0,,,,,379861.4413,5036470.38,45.46412784,-75.54013263,4939
16--13626,2016/12/21,4:48 PM,BRIAN COBURN BLVD @ ESPRIT DR (0013113),13113,03 - At intersection,03 - P.D. only,02 - Angle,01 - Clear,05 - Dusk,02 - Wet,02 - Stop sign,01 - Functioning,2,0,0,0,,0,,,,,385141.7998,5035343.332,45.45340039,-75.47280341,4940
16--13627,2016/12/21,4:48 PM,BASELINE RD @ FISHER AVE (0002346),2346,03 - At intersection,03 - P.D. only,03 - Rear end,01 - Clear,05 - Dusk,01 - Dry,01 - Traffic signal,01 - Functioning,2,0,0,0,,0,,,,,366168.3499,5026029.775,45.37152338,-75.7165185,4941
16--13628,2016/12/21,5:18 PM,KING EDWARD AVE @ ST. PATRICK ST (0002714),2714,02 - Intersection related,03 - P.D. only,04 - Sideswipe,01 - Clear,07 - Dark,04 - Slush,01 - Traffic signal,01 - Functioning,2,0,0,0,,0,,,,,368247.8731,5032824.003,45.43247054,-75.68909802,4942
16--13629,2016/12/21,5:22 PM,ST. LAURENT BLVD @ WALKLEY RD (0007653),7653,02 - Intersection related,03 - P.D. only,03 - Rear end,01 - Clear,07 - Dark,02 - Wet,01 - Traffic signal,01 - Functioning,2,0,0,0,,0,,,,,373902.7501,5028044.785,45.38893358,-75.61750354,4943
16--1363,2016/01/29,8:52 AM,BRONSON AVE btwn KIPPEWA DR & FOURTH AVE (__3ZA3NG),__3ZA3NG,01 - Non intersection,03 - P.D. only,04 - Sideswipe,03 - Snow,01 - Daylight,02 - Wet,10 - No control,,2,0,0,0,,0,,,,,367578.6641,5029019.44,45.39829867,-75.69813472,4944
16--13630,2016/12/21,5:31 PM,MANOTICK MAIN ST btwn CURRIER ST & EASTMAN AVE (__3ZA383),__3ZA383,01 - Non intersection,03 - P.D. only,07 - SMV other,03 - Snow,07 - Dark,04 - Slush,10 - No control,,1,0,0,0,,0,,,,,369031.6017,5009642.703,45.22381863,-75.68209009,4945
16--13631,2016/12/21,5:45 PM,EARL ARMSTRONG RD @ SPRATT RD (0013063),13063,03 - At intersection,03 - P.D. only,05 - Turning movement,01 - Clear,07 - Dark,02 - Wet,01 - Traffic signal,01 - Functioning,2,0,0,0,,0,,,,,368396.0505,5015012.088,45.27218966,-75.68949539,4946
16--13632,2016/12/21,5:47 PM,MOODIE DR btwn SONGBIRD PRIV & Continuation of MOODIE DR (__3ZABA8),__3ZABA8,01 - Non intersection,03 - P.D. only,06 - SMV unattended vehicle,01 - Clear,07 - Dark,02 - Wet,10 - No control,,1,0,0,0,,0,,,,,357607.4974,5019182.12,45.31060514,-75.82653645,4947
16--13633,2016/12/21,5:48 PM,BANK ST btwn SALE BARN RD & GREY'S CREEK RD (__3ZA28J),__3ZA28J,01 - Non intersection,03 - P.D. only,07 - SMV other,01 - Clear,07 - Dark,01 - Dry,10 - No control,,1,0,0,0,,0,,,,,380318.102,5013059.889,45.25344546,-75.53787049,4948
16--13634,2016/12/21,5:53 PM,MARCH RD btwn DUNROBIN RD & MURPHY CRT (__3ZA3DI),__3ZA3DI,01 - Non intersection,03 - P.D. only,07 - SMV other,01 - Clear,07 - Dark,01 - Dry,10 - No control,,1,0,0,0,,0,,,,,347323.6691,5026057.669,45.37317126,-75.95709035,4949
16--13635,2016/12/21,6:12 PM,MERIVALE RD @ CLEOPATRA DR (0000112),112,02 - Intersection related,03 - P.D. only,04 - Sideswipe,01 - Clear,07 - Dark,02 - Wet,01 - Traffic signal,00 - Unknown,2,0,0,0,,0,,,,,365951.2558,5021121.938,45.32738243,-75.71989674,4950
16--13636,2016/12/21,6:30 PM,BILBERRY DR btwn CHANTENAY DR & JEANNE D'ARC BLVD N (__3ZA7J7),__3ZA7J7,01 - Non intersection,03 - P.D. only,99 - Other,03 - Snow,07 - Dark,04 - Slush,10 - No control,,2,0,0,0,,0,,,,,380399.4617,5038592.374,45.48316181,-75.53292703,4951
16--13637,2016/12/21,6:36 PM,GREENBANK RD @ STRANDHERD DR (0005563),5563,02 - Intersection related,03 - P.D. only,04 - Sideswipe,01 - Clear,07 - Dark,01 - Dry,01 - Traffic signal,01 - Functioning,2,0,0,0,,0,,,,,363933.6839,5014785.659,45.27054165,-75.74638819,4952
16--13638,2016/12/21,6:55 PM,ST. JOSEPH BLVD btwn BOYER RD & ORLEANS BLVD (__3ZA2BZ),__3ZA2BZ,04 - At/near private drive,02 - Non-fatal injury,07 - SMV other,01 - Clear,07 - Dark,02 - Wet,10 - No control,,1,0,0,1,02 - Minor,1,,1,,,380602.7522,5036964.441,45.46849295,-75.53057809,4953
16--13639,2016/12/21,7:07 AM,TRIM RD btwn BRIARGATE PRIV & INNES RD (__6LJ4XY),__6LJ4XY,04 - At/near private drive,03 - P.D. only,05 - Turning movement,01 - Clear,03 - Dawn,02 - Wet,10 - No control,,2,0,0,0,,0,,,,,386519.859,5037385.492,45.47161391,-75.45484793,4954
16--1364,2016/01/29,8:59 AM,INDUSTRIAL AVE btwn SANDFORD FLEMING AVE & NEIGHBORHOOD WAY (__3ZA3PC),__3ZA3PC,01 - Non intersection,03 - P.D. only,04 - Sideswipe,01 - Clear,01 - Daylight,02 - Wet,10 - No control,,2,0,0,0,,0,,,,,370904.3405,5030553.286,45.41179352,-75.6554551,4955
16--13640,2016/12/21,7:14 AM,QUEEN MARY ST @ VANIER PKWY (0007648),7648,02 - Intersection related,03 - P.D. only,03 - Rear end,01 - Clear,03 - Dawn,02 - Wet,01 - Traffic signal,00 - Unknown,2,0,0,0,,0,,,,,370365.3668,5031956.343,45.42446837,-75.66215356,4956
16--13641,2016/12/21,7:30 PM,ROSEMOUNT AVE @ WELLINGTON ST (0006157),6157,02 - Intersection related,03 - P.D. only,02 - Angle,01 - Clear,07 - Dark,02 - Wet,02 - Stop sign,01 - Functioning,2,0,0,0,,0,,,,,365363.1452,5029431.739,45.40220359,-75.72638004,4957
16--13642,2016/12/21,7:51 PM,MERIVALE RD btwn CLYDE AVE & RITA AVE (__3ZA4H7),__3ZA4H7,01 - Non intersection,03 - P.D. only,03 - Rear end,01 - Clear,07 - Dark,02 - Wet,10 - No control,,4,0,0,0,,0,,,,,364562.278,5024415.186,45.35713435,-75.73721643,4958
16--13643,2016/12/21,8:09 PM,ELGIN ST @ LAURIER AVE (0002232),2232,02 - Intersection related,03 - P.D. only,04 - Sideswipe,01 - Clear,07 - Dark,02 - Wet,01 - Traffic signal,01 - Functioning,2,0,0,0,,0,,,,,367947.0536,5031547.505,45.42101227,-75.69310595,4959
16--13644,2016/12/21,8:52 AM,CAMPEAU DR @ TERRY FOX DR (0008211),8211,03 - At intersection,03 - P.D. only,02 - Angle,01 - Clear,01 - Daylight,02 - Wet,01 - Traffic signal,01 - Functioning,2,0,0,0,,0,,,,,350455.6007,5019009.213,45.30955065,-75.91775671,4960
16--13645,2016/12/21,8:54 AM,GARLAND ST @ LOWREY ST (0005958),5958,03 - At intersection,03 - P.D. only,02 - Angle,01 - Clear,01 - Daylight,05 - Packed snow,02 - Stop sign,00 - Unknown,2,0,0,0,,0,,,,,365463.0811,5029953.893,45.40689316,-75.72503936,4961
16--13646,2016/12/21,9:17 AM,SOLARIS DR/CONIFER CREEK CIR @ SUMMERGAZE ST (0015497),15497,03 - At intersection,03 - P.D. only,02 - Angle,01 - Clear,01 - Daylight,02 - Wet,02 - Stop sign,01 - Functioning,2,0,0,0,,0,,,,,356718.77,5015538.201,45.27788284,-75.83825125,4962
16--13647,2016/12/21,9:35 PM,HIGHWAY 416 btwn HWY416 IC66 RAMP53 & HWY416 IC57 RAMP34 (__3ZAZLC),__3ZAZLC,01 - Non intersection,03 - P.D. only,07 - SMV other,01 - Clear,07 - Dark,01 - Dry,10 - No control,,1,0,0,0,,0,,,,,361069.5707,5012618.374,45.25127519,-75.78313156,4963
16--13648,2016/12/21,9:59 AM,BASELINE RD btwn ST. HELEN'S PL & CLYDE AVE (__3ZA4IN),__3ZA4IN,01 - Non intersection,03 - P.D. only,04 - Sideswipe,01 - Clear,01 - Daylight,02 - Wet,10 - No control,,2,0,0,0,,0,,,,,364147.5232,5024756.765,45.36024306,-75.74246872,4964
16--13649,2016/12/22,1:00 AM,CARP RD btwn MARCH RD & JOHN CAVANAUGH DR (__3ZA3FZ),__3ZA3FZ,01 - Non intersection,03 - P.D. only,07 - SMV other,01 - Clear,07 - Dark,02 - Wet,10 - No control,,1,0,0,0,,0,,,,,342500.6676,5021373.237,45.33129518,-76.0190216,4965
16--1365,2016/01/30,1:00 AM,HEATHERINGTON RD btwn ALBION RD N & BANNERHILL PRIV (__3ZA9YH),__3ZA9YH,01 - Non intersection,03 - P.D. only,06 - SMV unattended vehicle,03 - Snow,07 - Dark,05 - Packed snow,10 - No control,,1,0,0,0,,0,,,,,371276.9426,5026236.79,45.37292005,-75.65127684,4966
16--13650,2016/12/22,1:49 AM,PARKDALE AVE @ WESTMOUNT AVE/HWY 417 PARKDAL I (0006516),6516,02 - Intersection related,03 - P.D. only,07 - SMV other,01 - Clear,07 - Dark,04 - Slush,01 - Traffic signal,01 - Functioning,1,0,0,0,,0,,,,,365302.7438,5028922.159,45.39762373,-75.72721404,4967
16--13651,2016/12/22,10:21 AM,MOODIE DR @ ROBERTSON RD (0010545),10545,02 - Intersection related,03 - P.D. only,03 - Rear end,01 - Clear,01 - Daylight,04 - Slush,01 - Traffic signal,01 - Functioning,2,0,0,0,,0,,,,,357064.9958,5020454.236,45.32209237,-75.83332039,4968
16--13652,2016/12/22,10:40 PM,BASELINE RD btwn MCWATTERS RD & ROCKWAY CRES (__3ZA2LT),__3ZA2LT,01 - Non intersection,03 - P.D. only,03 - Rear end,03 - Snow,07 - Dark,02 - Wet,10 - No control,,2,0,0,0,,0,,,,,360804.8064,5022707.804,45.34208158,-75.78536489,4969
16--13653,2016/12/22,10:43 AM,BRIDGESTONE DR @ CEDAROCK DR (0003164),3164,02 - Intersection related,02 - Non-fatal injury,01 - Approaching,03 - Snow,01 - Daylight,03 - Loose snow,02 - Stop sign,00 - Unknown,2,0,0,0,01 - Minimal,1,1,,,,355108.631,5016898.983,45.2902445,-75.85863456,4970
16--13654,2016/12/22,11:18 AM,BEECH ST btwn CHAMPAGNE AVE S & RAILWAY ST (__3ZA045),__3ZA045,01 - Non intersection,03 - P.D. only,07 - SMV other,01 - Clear,01 - Daylight,02 - Wet,10 - No control,,1,0,0,0,,0,,,,,366514.5146,5029198.036,45.40000024,-75.71170334,4971
16--13655,2016/12/22,11:57 AM,BEECHWOOD AVE btwn MACKAY ST & SPRINGFIELD RD (__3ZA3MM),__3ZA3MM,04 - At/near private drive,03 - P.D. only,05 - Turning movement,01 - Clear,01 - Daylight,02 - Wet,10 - No control,,2,0,0,0,,0,,,,,369188.725,5033596.522,45.43933536,-75.67697357,4972
16--13656,2016/12/22,12:06 PM,KING EDWARD AVE btwn MANN AVE & TEMPLETON ST (__3ZA3CB),__3ZA3CB,01 - Non intersection,03 - P.D. only,06 - SMV unattended vehicle,03 - Snow,01 - Daylight,03 - Loose snow,10 - No control,,1,0,0,0,,0,,,,,369091.1569,5031456.32,45.42008762,-75.67849998,4973
16--13657,2016/12/22,12:20 PM,ISABELLA ST/HWY417 IC119AR75 @ METCALFE ST (0011380),11380,02 - Intersection related,03 - P.D. only,04 - Sideswipe,01 - Clear,01 - Daylight,02 - Wet,01 - Traffic signal,01 - Functioning,2,0,0,0,,0,,,,,368449.2935,5030399.268,45.41063531,-75.68683728,4974
16--13658,2016/12/22,12:45 PM,MAXWELL BRIDGE RD btwn CELTIC RIDGE CRES & BRAECREEK AVE (__5J15MK),__5J15MK,04 - At/near private drive,03 - P.D. only,05 - Turning movement,01 - Clear,01 - Daylight,05 - Packed snow,10 - No control,,2,0,0,0,,0,,,,,349429.7944,5024795.957,45.36168716,-75.93031623,4975
16--13659,2016/12/22,2:15 PM,BANK ST/PRETORIA AVE @ CHAMBERLAIN AVE S (0006980),6980,03 - At intersection,02 - Non-fatal injury,07 - SMV other,01 - Clear,01 - Daylight,04 - Slush,02 - Stop sign,01 - Functioning,1,0,0,1,02 - Minor,1,,1,,,368108.0762,5030104.559,45.40801457,-75.69123397,4976
16--1366,2016/01/30,1:30 PM,KENT ST btwn GLADSTONE AVE & MCLEOD ST (__3ZA3P4),__3ZA3P4,01 - Non intersection,03 - P.D. only,04 - Sideswipe,01 - Clear,01 - Daylight,01 - Dry,10 - No control,,2,0,0,0,,0,,,,,367755.4616,5030441.349,45.4110767,-75.69569519,4977
16--13660,2016/12/22,2:26 PM,BANK ST @ HERON RD (0002155),2155,02 - Intersection related,03 - P.D. only,03 - Rear end,03 - Snow,01 - Daylight,03 - Loose snow,01 - Traffic signal,01 - Functioning,2,0,0,0,,0,,,,,369994.8918,5026851.128,45.37856812,-75.66756216,4978
16--13661,2016/12/22,2:26 PM,POWELL AVE btwn LYON ST S & BANK ST (__3ZA946),__3ZA946,01 - Non intersection,02 - Non-fatal injury,02 - Angle,01 - Clear,01 - Daylight,02 - Wet,10 - No control,,2,0,0,0,01 - Minimal,1,1,,,,367966.0723,5029825.018,45.40551217,-75.69308371,4979
16--13662,2016/12/22,2:35 AM,FRANK KENNY RD btwn GIROUX RD & COLONIAL RD (__3ZA6T8),__3ZA6T8,04 - At/near private drive,03 - P.D. only,07 - SMV other,03 - Snow,07 - Dark,02 - Wet,10 - No control,,1,0,0,0,,0,,,,,389748.541,5033137.907,45.43301359,-75.41429575,4980
16--13663,2016/12/22,3:39 PM,HUNT CLUB RD btwn MOUNTAIN CRES & TURN LANE (__3ZA3HU),__3ZA3HU,04 - At/near private drive,03 - P.D. only,05 - Turning movement,01 - Clear,01 - Daylight,02 - Wet,10 - No control,,2,0,0,0,,0,,,,,371553.1931,5024040.524,45.35313255,-75.64804696,4981
16--13664,2016/12/22,4:03 PM,NELSON ST @ STEWART ST (0008624),8624,03 - At intersection,03 - P.D. only,02 - Angle,01 - Clear,05 - Dusk,04 - Slush,02 - Stop sign,01 - Functioning,2,0,0,0,,0,,,,,368770.4959,5032289.677,45.42761526,-75.68248868,4982
16--13665,2016/12/22,4:09 PM,BURLAND ST @ CARLING AVE (0002773),2773,02 - Intersection related,03 - P.D. only,04 - Sideswipe,01 - Clear,05 - Dusk,02 - Wet,02 - Stop sign,00 - Unknown,2,0,0,0,,0,,,,,359279.499,5024164.927,45.3553129,-75.80466621,4983
16--13666,2016/12/22,4:28 PM,GRANGE AVE btwn SPENCER ST & WELLINGTON ST W (__3ZA03A),__3ZA03A,01 - Non intersection,03 - P.D. only,06 - SMV unattended vehicle,01 - Clear,05 - Dusk,04 - Slush,10 - No control,,1,0,0,0,,0,,,,,364590.3935,5029048.109,45.3988182,-75.73629662,4984
16--13667,2016/12/22,4:38 PM,REGIONAL ROAD 174 btwn OR174 IC109 RAMP56 & OR174 IC109 RAMP86 (__3ZA28W),__3ZA28W,01 - Non intersection,02 - Non-fatal injury,03 - Rear end,03 - Snow,05 - Dusk,03 - Loose snow,10 - No control,,2,0,0,0,01 - Minimal,1,1,,,,376389.7145,5034850.225,45.44991515,-75.58475825,4985
16--13668,2016/12/22,6:02 PM,FRANK KENNY RD @ RUSSELL RD (0004678),4678,02 - Intersection related,03 - P.D. only,03 - Rear end,01 - Clear,07 - Dark,01 - Dry,02 - Stop sign,01 - Functioning,2,0,0,0,,0,,,,,392551.0085,5026365.476,45.37173691,-75.37969,4986
16--13669,2016/12/22,6:03 AM,ST. PATRICK ST EB btwn COBOURG ST & VANIER PKWY/CRICHTON ST (__54XYWT),__54XYWT,01 - Non intersection,02 - Non-fatal injury,07 - SMV other,03 - Snow,07 - Dark,03 - Loose snow,10 - No control,,1,0,0,0,01 - Minimal,1,1,,,,368979.9729,5033281.624,45.43652123,-75.67968265,4987
16--1367,2016/01/30,10:05 AM,WEST HUNT CLUB RD btwn PRINCE OF WALES DR & HUNT CLUB RD (__3ZA2T4),__3ZA2T4,01 - Non intersection,03 - P.D. only,07 - SMV other,01 - Clear,01 - Daylight,01 - Dry,10 - No control,,1,0,0,0,,0,,,,,367632.3656,5021884.259,45.33409318,-75.69835623,4988
16--13670,2016/12/22,6:06 PM,RICHMOND RD @ HOLLY ACRES RD/NANAIMO DR (0001068),1068,03 - At intersection,02 - Non-fatal injury,05 - Turning movement,01 - Clear,07 - Dark,02 - Wet,01 - Traffic signal,01 - Functioning,2,0,0,0,02 - Minor,4,3,1,,,359058.4521,5022747.837,45.34257904,-75.80764275,4989
16--13671,2016/12/22,6:12 PM,BANK ST @ WELLINGTON ST (0002039),2039,03 - At intersection,02 - Non-fatal injury,01 - Approaching,01 - Clear,07 - Dark,02 - Wet,01 - Traffic signal,01 - Functioning,4,0,0,0,01 - Minimal,2,2,,,,367259.3633,5031628.159,45.42179971,-75.70188218,4990