Anom_ID,Accident_Date,Accident_Time,Location,Geo_ID,Accident_Location,Classification_of_Accident,Initial_Impact_Type,Environment_Condition,Light,Road_Surface_Condition,Traffic_Control,Traffic_Control_Condition,No__of_Vehicles,No__of_Bicycles,No__of_Motorcycles,No__of_Pedestrians,Max_Injury,No__of_Injuries,No__of_Minimal,No__of_Minor,No__of_Major,No__of_Fatal,X,Y,Latitude,Longitude,ObjectId
16--13672,2016/12/22,6:53 PM,HIGHWAY 417 btwn HWY417 IC124 RAMP67 & HWY417 IC123 RAMP62 (__3ZA2YZ),__3ZA2YZ,01 - Non intersection,03 - P.D. only,03 - Rear end,01 - Clear,07 - Dark,02 - Wet,10 - No control,,2,0,0,0,,0,,,,,364735.0097,5027983.288,45.38922479,-75.73457896,4991
16--13673,2016/12/22,6:58 AM,GREGOIRE RD btwn PRESCOTT/RUSSELL RT 300 & SPRINGHILL RD (__3ZA3YL),__3ZA3YL,01 - Non intersection,03 - P.D. only,07 - SMV other,03 - Snow,03 - Dawn,03 - Loose snow,10 - No control,,1,0,0,0,,0,,,,,392438.7803,5010894.294,45.23255621,-75.38385744,4992
16--13674,2016/12/22,7:09 AM,EAGLESON RD @ MICHAEL COWPLAND DR/STONEHAVEN D (0003544),3544,03 - At intersection,03 - P.D. only,05 - Turning movement,03 - Snow,03 - Dawn,04 - Slush,01 - Traffic signal,01 - Functioning,2,0,0,0,,0,,,,,354384.9019,5016625.419,45.28783435,-75.86788788,4993
16--13675,2016/12/22,7:15 PM,EAGLESON RD @ MICHAEL COWPLAND DR/STONEHAVEN D (0003544),3544,03 - At intersection,02 - Non-fatal injury,05 - Turning movement,01 - Clear,07 - Dark,02 - Wet,01 - Traffic signal,01 - Functioning,2,0,0,0,01 - Minimal,2,2,,,,354382.3314,5016623.36,45.28781601,-75.86792086,4994
16--13676,2016/12/22,7:20 AM,CYRVILLE RD @ INNES RD (0009352),9352,02 - Intersection related,03 - P.D. only,04 - Sideswipe,03 - Snow,03 - Dawn,03 - Loose snow,01 - Traffic signal,00 - Unknown,4,0,0,0,,0,,,,,375049.381,5031119.978,45.4164885,-75.60242389,4995
16--13677,2016/12/22,7:30 PM,CARPENTER WAY btwn BANGS ST & TRURO ST (__3ZA2K0),__3ZA2K0,01 - Non intersection,03 - P.D. only,06 - SMV unattended vehicle,03 - Snow,07 - Dark,04 - Slush,10 - No control,,1,0,0,0,,0,,,,,371576.8191,5034465.355,45.4469287,-75.64633404,4996
16--13678,2016/12/22,7:39 PM,CYRVILLE RD @ ST. LAURENT BLVD (0002647),2647,02 - Intersection related,02 - Non-fatal injury,03 - Rear end,01 - Clear,07 - Dark,03 - Loose snow,01 - Traffic signal,01 - Functioning,2,0,0,0,01 - Minimal,1,1,,,,372241.7208,5032111.166,45.42568301,-75.63815751,4997
16--13679,2016/12/22,7:56 AM,ALBION RD @ BANK ST (0012409),12409,02 - Intersection related,03 - P.D. only,03 - Rear end,03 - Snow,01 - Daylight,03 - Loose snow,01 - Traffic signal,01 - Functioning,2,0,0,0,,0,,,,,371947.2013,5024129.263,45.35389337,-75.64300685,4998
16--1368,2016/01/30,10:18 AM,KENNEVALE DR @ STRANDHERD DR (0010896),10896,02 - Intersection related,03 - P.D. only,03 - Rear end,01 - Clear,01 - Daylight,01 - Dry,01 - Traffic signal,01 - Functioning,2,0,0,0,,0,,,,,361491.6786,5014099.072,45.26456478,-75.77758544,4999
16--13680,2016/12/22,7:58 PM,RICHMOND RD btwn CLIFTON RD & KIRKWOOD AVE (__3ZA4OD),__3ZA4OD,04 - At/near private drive,03 - P.D. only,04 - Sideswipe,03 - Snow,07 - Dark,04 - Slush,10 - No control,,3,0,0,0,,0,,,,,363712.827,5028600.621,45.39486617,-75.74755825,5000
16--2497,2016/02/20,7:30 AM,HIGHWAY 417 btwn HIGHWAY 417 & Continuation of HIGHWAY 417 (__3ZAZOB),__3ZAZOB,01 - Non intersection,03 - P.D. only,07 - SMV other,02 - Rain,01 - Daylight,04 - Slush,10 - No control,,1,0,0,0,,0,,,,,352981.4668,5020223.581,45.32030904,-75.88542819,5001
16--2498,2016/02/20,7:35 AM,ROGER STEVENS DR btwn MCCORDICK RD & CRAIGHURST DR (__3ZA4KX),__3ZA4KX,01 - Non intersection,03 - P.D. only,07 - SMV other,02 - Rain,01 - Daylight,04 - Slush,10 - No control,,1,0,0,0,,0,,,,,364887.4129,4998471.975,45.12366847,-75.73620119,5002
16--2499,2016/02/20,7:40 AM,HIGHWAY 417 btwn HWY417 IC119A RAMP75 & HWY417 IC118 RAMP57 (__3ZA2R2),__3ZA2R2,01 - Non intersection,03 - P.D. only,99 - Other,02 - Rain,01 - Daylight,04 - Slush,10 - No control,,2,0,0,0,,0,,,,,368936.4525,5030689.718,45.41320421,-75.68057633,5003
16--25,2016/01/01,9:34 AM,ELGIN ST btwn MACLAREN ST & GILMOUR ST (__3ZA34X),__3ZA34X,01 - Non intersection,03 - P.D. only,06 - SMV unattended vehicle,01 - Clear,01 - Daylight,04 - Slush,10 - No control,,1,0,0,0,,0,,,,,368239.0175,5031076.425,45.41674724,-75.68943626,5004
16--250,2016/01/07,11:45 AM,CUMMINGS AVE @ OGILVIE RD (0009923),9923,02 - Intersection related,02 - Non-fatal injury,99 - Other,01 - Clear,01 - Daylight,01 - Dry,01 - Traffic signal,01 - Functioning,2,0,0,0,02 - Minor,2,1,1,,,372747.9697,5032171.711,45.42617877,-75.63168051,5005
16--2500,2016/02/20,8:00 AM,HIGHWAY 417 btwn HWY417 IC155 RAMP35 & HWY417 IC155 RAMP25 (__3ZAZNU),__3ZAZNU,01 - Non intersection,03 - P.D. only,04 - Sideswipe,01 - Clear,01 - Daylight,04 - Slush,10 - No control,,2,0,0,0,,0,,,,,339565.2751,5019303.816,45.31282517,-76.05661491,5006
16--2501,2016/02/20,8:00 PM,SOMERSET ST    W btwn BOOTH ST & UPPER LORNE PL (__3ZA328),__3ZA328,01 - Non intersection,03 - P.D. only,06 - SMV unattended vehicle,02 - Rain,07 - Dark,02 - Wet,10 - No control,,1,0,0,0,,0,,,,,366651.5983,5030302.966,45.40993,-75.7098139,5007
16--2502,2016/02/20,8:10 AM,HIGHWAY 417 btwn HWY417 IC155 RAMP35 & HWY417 IC155 RAMP25 (__3ZAZNU),__3ZAZNU,01 - Non intersection,03 - P.D. only,07 - SMV other,02 - Rain,01 - Daylight,04 - Slush,10 - No control,,1,0,0,0,,0,,,,,339543.8739,5019308.543,45.31286876,-76.05688752,5008
16--2503,2016/02/20,8:11 AM,UPPER DWYER HILL RD btwn VAUGHAN SIDE RD & CARROLL SIDE RD (__3ZA4QD),__3ZA4QD,01 - Non intersection,02 - Non-fatal injury,07 - SMV other,02 - Rain,01 - Daylight,04 - Slush,10 - No control,,1,0,0,0,02 - Minor,2,,2,,,333178.7748,5015261.923,45.27674102,-76.13829575,5009
16--2504,2016/02/20,8:24 AM,HIGHWAY 417 btwn HWY417 IC155 RAMP35 & HWY417 IC155 RAMP25 (__3ZAZNU),__3ZAZNU,01 - Non intersection,03 - P.D. only,07 - SMV other,02 - Rain,01 - Daylight,02 - Wet,10 - No control,,1,0,0,0,,0,,,,,339568.1477,5019305.731,45.31284226,-76.05657814,5010
16--2505,2016/02/20,8:35 AM,HWY417 IC118 RAMP67 btwn HWY417 IC118 RAMP64 & HIGHWAY 417 (__3ZAY9L),__3ZAY9L,01 - Non intersection,03 - P.D. only,07 - SMV other,02 - Rain,01 - Daylight,04 - Slush,10 - No control,,1,0,0,0,,0,,,,,369707.0047,5031161.268,45.41737599,-75.67067049,5011
16--2506,2016/02/20,8:50 AM,CARP RD @ STITTSVILLE MAIN ST (0005253),5253,02 - Intersection related,03 - P.D. only,03 - Rear end,02 - Rain,01 - Daylight,02 - Wet,01 - Traffic signal,01 - Functioning,2,0,0,0,,0,,,,,349520.6999,5014330.675,45.26751181,-75.93010059,5012
16--2507,2016/02/20,9:00 AM,BLACKDOME CRES btwn KALBROOK ST & GOLDRIDGE DR (__3ZA17R),__3ZA17R,04 - At/near private drive,03 - P.D. only,07 - SMV other,01 - Clear,01 - Daylight,04 - Slush,10 - No control,,1,0,0,0,,0,,,,,350088.7352,5020055.123,45.31898579,-75.92233948,5013
16--2508,2016/02/20,9:30 AM,HIGHWAY 417 btwn HWY417 IC155 RAMP61 & HWY417 IC145 RAMP56 (__3ZA2Q2),__3ZA2Q2,01 - Non intersection,03 - P.D. only,07 - SMV other,02 - Rain,01 - Daylight,04 - Slush,10 - No control,,1,0,0,0,,0,,,,,346157.9081,5014858.231,45.27246476,-75.97290859,5014
16--2509,2016/02/21,1:26 PM,WILLOW GARDENS CRES btwn ELM CRES & HEARN CRES (1) (__3ZA5IJ),__3ZA5IJ,04 - At/near private drive,03 - P.D. only,06 - SMV unattended vehicle,03 - Snow,01 - Daylight,03 - Loose snow,10 - No control,,1,0,0,0,,0,,,,,350165.9282,5012572.445,45.2516493,-75.92203907,5015
16--251,2016/01/07,Unknown,EASTVALE DR btwn OGILVIE RD & LOYOLA AVE (__3ZA705),__3ZA705,01 - Non intersection,03 - P.D. only,06 - SMV unattended vehicle,01 - Clear,00 - Unknown,01 - Dry,10 - No control,,1,0,0,0,,0,,,,,375663.5972,5035104.281,45.45227499,-75.59400355,5016
16--2510,2016/02/21,10:17 AM,BLAIR RD @ REGIONAL RD 174 S/OR174 IC112 RAMP15 (0012435),12435,02 - Intersection related,02 - Non-fatal injury,05 - Turning movement,01 - Clear,01 - Daylight,02 - Wet,01 - Traffic signal,01 - Functioning,2,0,0,0,02 - Minor,1,,1,,,374907.7436,5032661.676,45.43037407,-75.60401396,5017
16--2511,2016/02/21,10:30 AM,HIGHWAY 417 btwn HWY417 IC127 RAMP25 & HWY417 IC126 RAMP51 (__3ZA2XA),__3ZA2XA,01 - Non intersection,03 - P.D. only,04 - Sideswipe,01 - Clear,01 - Daylight,02 - Wet,10 - No control,,2,0,0,0,,0,,,,,363187.0869,5025861.014,45.37025961,-75.75459651,5018
16--2512,2016/02/21,Unknown,OGILVIE RD btwn CADBORO RD & BATHGATE DR (__3ZA2DN),__3ZA2DN,01 - Non intersection,03 - P.D. only,06 - SMV unattended vehicle,01 - Clear,07 - Dark,02 - Wet,10 - No control,,1,0,0,0,,0,,,,,373645.9549,5032692.501,45.43077676,-75.62013354,5019
16--2513,2016/02/21,12:00 PM,OAKLAND AVE btwn WILTON LANE & MONK ST (__3ZA5ND),__3ZA5ND,01 - Non intersection,03 - P.D. only,06 - SMV unattended vehicle,01 - Clear,01 - Daylight,02 - Wet,10 - No control,,1,0,0,0,,0,,,,,368482.5299,5029004.738,45.39808476,-75.6865928,5020
16--2514,2016/02/21,12:22 PM,ARGYLE AVE btwn CARTIER ST & QUEEN ELIZABETH DRWY (__3ZBOUU),__3ZBOUU,01 - Non intersection,03 - P.D. only,06 - SMV unattended vehicle,01 - Clear,01 - Daylight,01 - Dry,10 - No control,,1,0,0,0,,0,,,,,368670.832,5030742.617,45.41370447,-75.68396277,5021
16--2515,2016/02/21,12:31 AM,MARCH VALLEY RD btwn RIDDELL DR & KLONDIKE RD (__3ZACJC),__3ZACJC,01 - Non intersection,03 - P.D. only,07 - SMV other,04 - Freezing Rain,07 - Dark,06 - Ice,10 - No control,,1,0,0,0,,0,,,,,348918.7811,5026475.569,45.376833,-75.93668882,5022
16--2516,2016/02/21,12:56 PM,REGIONAL RD 174 @ TRIM RD (0012835),12835,02 - Intersection related,02 - Non-fatal injury,03 - Rear end,01 - Clear,01 - Daylight,01 - Dry,01 - Traffic signal,01 - Functioning,2,0,0,0,01 - Minimal,1,1,,,,384350.9854,5039991.159,45.49530762,-75.48216005,5023
16--2517,2016/02/21,2:00 AM,KLONDIKE RD @ MARCH VALLEY RD (0012141),12141,02 - Intersection related,03 - P.D. only,07 - SMV other,01 - Clear,07 - Dark,01 - Dry,02 - Stop sign,01 - Functioning,1,0,0,0,,0,,,,,350278.3945,5024992.745,45.36340335,-75.91946659,5024
16--2518,2016/02/21,2:42 AM,BLOHM DR @ ESSON ST (0008603),8603,03 - At intersection,03 - P.D. only,07 - SMV other,04 - Freezing Rain,07 - Dark,06 - Ice,02 - Stop sign,01 - Functioning,1,0,0,0,,0,,,,,374368.52,5026173.307,45.37204877,-75.61181971,5025
16--2519,2016/02/21,3:06 PM,INNES RD btwn BANTREE ST & STAR TOP RD (__3ZA2XP),__3ZA2XP,01 - Non intersection,02 - Non-fatal injury,03 - Rear end,01 - Clear,01 - Daylight,01 - Dry,10 - No control,,2,0,0,0,02 - Minor,2,,2,,,374017.6481,5030589.757,45.41182067,-75.61567921,5026
16--252,2016/01/07,Unknown,DEERCROFT AVE btwn LONGFIELDS DR & HAYLOCK WAY (__4VGUPL),__4VGUPL,01 - Non intersection,03 - P.D. only,06 - SMV unattended vehicle,01 - Clear,00 - Unknown,01 - Dry,10 - No control,,1,0,0,0,,0,,,,,364584.9039,5015354.629,45.27560618,-75.73802113,5027
16--2520,2016/02/21,3:13 PM,BASELINE RD btwn CORNELL ST & GREENBANK RD (__3ZA4MK),__3ZA4MK,01 - Non intersection,03 - P.D. only,04 - Sideswipe,01 - Clear,01 - Daylight,02 - Wet,10 - No control,,2,0,0,0,,0,,,,,360571.9982,5022566.278,45.34082667,-75.7883513,5028
16--2521,2016/02/21,3:19 AM,LONGFIELDS DR btwn STRANDHERD DR & MARKETPLACE AVE (__5Z2MQN),__5Z2MQN,01 - Non intersection,02 - Non-fatal injury,07 - SMV other,01 - Clear,07 - Dark,01 - Dry,10 - No control,,1,0,0,1,02 - Minor,1,,1,,,364629.9165,5014960.948,45.27206002,-75.73749492,5029
16--2522,2016/02/21,3:46 PM,HIGHWAY 417 btwn HWY417 IC110 RAMP55 & HWY417 IC104 RAMP51 (__3ZA2W8),__3ZA2W8,01 - Non intersection,03 - P.D. only,07 - SMV other,01 - Clear,01 - Daylight,01 - Dry,10 - No control,,1,0,0,0,,0,,,,,379541.8441,5026019.506,45.37013231,-75.54580412,5030
16--2523,2016/02/21,3:52 PM,MAY ST btwn COTE ST & VERNON AVE (__3ZA8RA),__3ZA8RA,04 - At/near private drive,03 - P.D. only,02 - Angle,01 - Clear,01 - Daylight,01 - Dry,10 - No control,,2,0,0,0,,0,,,,,371596.4963,5033192.172,45.43547132,-75.64625531,5031
16--2524,2016/02/21,4:18 AM,VANIER PKWY/CRICHTON ST @ BEECHWOOD AVE/ST. PA (0001604),1604,02 - Intersection related,03 - P.D. only,07 - SMV other,02 - Rain,07 - Dark,02 - Wet,01 - Traffic signal,01 - Functioning,1,0,0,0,,0,,,,,369127.3236,5033486.897,45.43835465,-75.67777265,5032
16--2525,2016/02/21,4:46 PM,ALBION RD @ BANK ST (0012409),12409,02 - Intersection related,03 - P.D. only,03 - Rear end,01 - Clear,01 - Daylight,01 - Dry,01 - Traffic signal,01 - Functioning,2,0,0,0,,0,,,,,371946.062,5024130.609,45.35390559,-75.64302121,5033
16--2526,2016/02/21,4:57 PM,RUSSELL RD btwn ST. LAURENT BLVD & SOUTHVALE CRES (__3ZA3RV),__3ZA3RV,01 - Non intersection,02 - Non-fatal injury,04 - Sideswipe,01 - Clear,01 - Daylight,01 - Dry,10 - No control,,2,0,0,0,01 - Minimal,1,1,,,,373580.9928,5029252.947,45.39983574,-75.62144372,5034
16--2527,2016/02/21,6:00 AM,PANET ST btwn CHRISTINE AVE & EMPEROR AVE (__3ZA0NX),__3ZA0NX,04 - At/near private drive,03 - P.D. only,07 - SMV other,03 - Snow,07 - Dark,03 - Loose snow,10 - No control,,1,0,0,0,,0,,,,,364945.1046,5026717.52,45.37781764,-75.73205033,5035
16--2528,2016/02/21,6:00 PM,ROTHBURY CRES btwn PROVENDER AVE & DRAYTON PRIV (__3ZA1KB),__3ZA1KB,01 - Non intersection,03 - P.D. only,06 - SMV unattended vehicle,01 - Clear,07 - Dark,01 - Dry,10 - No control,,1,0,0,0,,0,,,,,372928.7041,5034730.855,45.44918707,-75.62901694,5036
16--2529,2016/02/21,7:00 AM,DORIMA ST btwn RENAISSANCE DR & END (__30LP6S),__30LP6S,01 - Non intersection,03 - P.D. only,06 - SMV unattended vehicle,01 - Clear,03 - Dawn,05 - Packed snow,10 - No control,,1,0,0,0,,0,,,,,384375.137,5036186.046,45.46107008,-75.48246752,5037
16--253,2016/01/07,12:07 PM,JEANNE D'ARC BLVD @ GREY NUNS DR/YOUVILLE DR (0003147),3147,03 - At intersection,03 - P.D. only,05 - Turning movement,01 - Clear,01 - Daylight,01 - Dry,01 - Traffic signal,01 - Functioning,2,0,0,0,,0,,,,,379669.0674,5036701.447,45.46622744,-75.54255712,5038
16--2530,2016/02/21,7:16 PM,SOUTHPORT DR btwn Continuation of SOUTHPORT DR & Continuation of SOUTH (__3ZAZO3),__3ZAZO3,04 - At/near private drive,03 - P.D. only,06 - SMV unattended vehicle,01 - Clear,07 - Dark,01 - Dry,10 - No control,,1,0,0,0,,0,,,,,372608.3878,5024825.313,45.36009255,-75.63447368,5039
16--2531,2016/02/21,7:30 PM,MCARTHUR AVE btwn LAFONTAINE AVE & EASTWOOD PL (__3ZA3W0),__3ZA3W0,01 - Non intersection,03 - P.D. only,99 - Other,01 - Clear,07 - Dark,02 - Wet,10 - No control,,2,0,0,0,,0,,,,,371020.211,5032778.551,45.43180456,-75.6536758,5040
16--2532,2016/02/21,7:55 AM,HIGHWAY 416 btwn HWY416 IC75B RAMP25 & HWY416 IC75A RAMP26 (__3ZAZLE),__3ZAZLE,01 - Non intersection,03 - P.D. only,07 - SMV other,03 - Snow,01 - Daylight,03 - Loose snow,10 - No control,,1,0,0,0,,0,,,,,358733.7122,5021993.561,45.33581708,-75.81186846,5041
16--2533,2016/02/21,8:15 AM,BANK ST btwn SOMERSET ST W & MACLAREN ST (__3ZA3RM),__3ZA3RM,01 - Non intersection,03 - P.D. only,06 - SMV unattended vehicle,01 - Clear,01 - Daylight,01 - Dry,10 - No control,,1,0,0,0,,0,,,,,367719.1842,5030878.475,45.41501309,-75.69610281,5042
16--2534,2016/02/22,1:30 PM,KING EDWARD AVE NB btwn YORK ST & RIDEAU ST (__3ZA1ZH),__3ZA1ZH,04 - At/near private drive,03 - P.D. only,02 - Angle,01 - Clear,01 - Daylight,01 - Dry,10 - No control,,2,0,0,0,,0,,,,,368426.1143,5032573.329,45.43019887,-75.68685261,5043
16--2535,2016/02/22,1:47 PM,CEDARVIEW RD @ FALLOWFIELD RD (0001603),1603,02 - Intersection related,02 - Non-fatal injury,04 - Sideswipe,01 - Clear,01 - Daylight,01 - Dry,01 - Traffic signal,01 - Functioning,2,0,0,0,01 - Minimal,2,2,,,,361294.8892,5015664.22,45.27866395,-75.77991483,5044
16--2536,2016/02/22,1:49 PM,KANATA AVE @ TERRY FOX DR (0012691),12691,03 - At intersection,02 - Non-fatal injury,05 - Turning movement,01 - Clear,01 - Daylight,01 - Dry,01 - Traffic signal,01 - Functioning,2,0,0,0,02 - Minor,2,,2,,,349305.6428,5019211.585,45.31144547,-75.93240315,5045
16--2537,2016/02/22,10:28 PM,KING EDWARD AVE @ LAURIER AVE (0002170),2170,03 - At intersection,02 - Non-fatal injury,05 - Turning movement,01 - Clear,07 - Dark,01 - Dry,01 - Traffic signal,01 - Functioning,2,0,0,0,02 - Minor,3,1,2,,,368739.4852,5032034.805,45.42532485,-75.68291803,5046
16--2538,2016/02/22,10:43 AM,SPRINGHILL RD btwn 9TH LINE RD & YORKS CORNERS RD (__3ZA6V0),__3ZA6V0,01 - Non intersection,03 - P.D. only,07 - SMV other,01 - Clear,01 - Daylight,01 - Dry,10 - No control,,1,0,0,0,,0,,,,,388663.5658,5008426.79,45.21081502,-75.43234457,5047
16--2539,2016/02/22,10:45 AM,WEST HUNT CLUB RD EB btwn 210 W OF MERIVALE RD & MERIVALE RD (__3ZA3JDB),__3ZA3JDB,01 - Non intersection,03 - P.D. only,04 - Sideswipe,01 - Clear,01 - Daylight,01 - Dry,10 - No control,,2,0,0,0,,0,,,,,365610.0016,5021929.03,45.3346742,-75.72415055,5048
16--254,2016/01/07,12:24 PM,GLADSTONE AVE @ PERCY ST (0007203),7203,02 - Intersection related,03 - P.D. only,04 - Sideswipe,01 - Clear,01 - Daylight,01 - Dry,01 - Traffic signal,01 - Functioning,2,0,0,0,,0,,,,,367330.2094,5030206.941,45.4090057,-75.70115732,5049
16--2540,2016/02/22,10:51 AM,CARLING AVE EB btwn FISHER AVE & ISLAND PARK DR (__3ZA26P),__3ZA26P,01 - Non intersection,03 - P.D. only,04 - Sideswipe,01 - Clear,01 - Daylight,01 - Dry,10 - No control,,2,0,0,0,,0,,,,,365337.0639,5027975.808,45.3891057,-75.72689183,5050
16--2541,2016/02/22,11:45 AM,CUMBERLAND ST @ WILBROD ST/SERAPHIN MARION PRI (0007116),7116,03 - At intersection,03 - P.D. only,05 - Turning movement,01 - Clear,01 - Daylight,01 - Dry,02 - Stop sign,01 - Functioning,2,0,0,0,,0,,,,,368533.7932,5032050.814,45.42548766,-75.68554423,5051
16--2542,2016/02/22,11:53 AM,KING EDWARD AVE @ MURRAY ST (0002713),2713,02 - Intersection related,03 - P.D. only,04 - Sideswipe,01 - Clear,01 - Daylight,01 - Dry,01 - Traffic signal,00 - Unknown,2,0,0,0,,0,,,,,368291.9218,5032753.804,45.43183491,-75.68854416,5052
16--2543,2016/02/22,12:06 PM,STITTSVILLE MAIN ST @ MULKINS ST S/WINTERGREEN (0009338),9338,02 - Intersection related,03 - P.D. only,03 - Rear end,01 - Clear,01 - Daylight,02 - Wet,01 - Traffic signal,01 - Functioning,2,0,0,0,,0,,,,,350006.054,5013640.707,45.2612722,-75.92397858,5053
16--2544,2016/02/22,12:15 PM,MONTREAL RD @ VANIER PKWY (0004630),4630,03 - At intersection,03 - P.D. only,02 - Angle,01 - Clear,01 - Daylight,01 - Dry,01 - Traffic signal,01 - Functioning,2,0,0,0,,0,,,,,370073.3757,5033066.258,45.43448224,-75.66573734,5054
16--2545,2016/02/22,12:24 PM,GREENFIELD AVE btwn MAIN ST & HAVELOCK ST (__3ZA3CH),__3ZA3CH,01 - Non intersection,03 - P.D. only,06 - SMV unattended vehicle,01 - Clear,01 - Daylight,01 - Dry,10 - No control,,1,0,0,0,,0,,,,,368937.6325,5030843.796,45.41459044,-75.68054121,5055
16--2546,2016/02/22,2:00 PM,IRVING PL btwn LAURENTIAN PL & BOTANICA PRIV (__3ZA0YY),__3ZA0YY,01 - Non intersection,03 - P.D. only,06 - SMV unattended vehicle,01 - Clear,01 - Daylight,01 - Dry,10 - No control,,1,0,0,0,,0,,,,,366127.6801,5028655.255,45.39515042,-75.7167115,5056
16--2547,2016/02/22,3:16 PM,INDUSTRIAL AVE @ RIVERSIDE DR (0011905),11905,03 - At intersection,02 - Non-fatal injury,02 - Angle,01 - Clear,01 - Daylight,01 - Dry,01 - Traffic signal,01 - Functioning,4,0,0,0,02 - Minor,4,,4,,,370684.9426,5030593.225,45.41217357,-75.65825247,5057
16--2548,2016/02/22,3:20 PM,HIGHWAY 417 btwn HWY417 IC110 RAMP55 & HWY417 IC110 RAMP65 (__3ZA28Z),__3ZA28Z,01 - Non intersection,03 - P.D. only,04 - Sideswipe,01 - Clear,01 - Daylight,01 - Dry,10 - No control,,2,0,0,0,,0,,,,,375806.2214,5029044.46,45.39773774,-75.59305387,5058
16--2549,2016/02/22,3:25 PM,COLONEL MURRAY ST btwn HAMILTON ST & MARTIN ST (__3ZACJT),__3ZACJT,01 - Non intersection,03 - P.D. only,04 - Sideswipe,01 - Clear,01 - Daylight,01 - Dry,10 - No control,,2,0,0,0,,0,,,,,357116.8306,5006059.872,45.19256501,-75.83417473,5059
16--255,2016/01/07,2:06 PM,MELROSE AVE btwn WELLINGTON ST W & GLADSTONE AVE (__3ZA05Y),__3ZA05Y,01 - Non intersection,03 - P.D. only,06 - SMV unattended vehicle,01 - Clear,01 - Daylight,01 - Dry,10 - No control,,1,0,0,0,,0,,,,,365473.4542,5029544.678,45.40321024,-75.72495721,5060
16--2550,2016/02/22,3:59 PM,WYNDALE CRES btwn FEATHERSTON DR & HADDINGTON CRES (1) (__3ZA9PZ),__3ZA9PZ,01 - Non intersection,02 - Non-fatal injury,07 - SMV other,01 - Clear,01 - Daylight,01 - Dry,10 - No control,,1,0,0,1,02 - Minor,1,,1,,,371533.9778,5027338.769,45.38281082,-75.64784666,5061
16--2551,2016/02/22,4:09 PM,COPE DR @ TERRY FOX (0009143),9143,03 - At intersection,03 - P.D. only,05 - Turning movement,01 - Clear,01 - Daylight,01 - Dry,01 - Traffic signal,01 - Functioning,2,0,0,0,,0,,,,,353996.1602,5015345.53,45.27634492,-75.87297017,5062
16--2552,2016/02/22,4:20 PM,REGIONAL RD 174 @ TRIM RD (0012835),12835,02 - Intersection related,03 - P.D. only,03 - Rear end,01 - Clear,01 - Daylight,01 - Dry,01 - Traffic signal,01 - Functioning,2,0,0,0,,0,,,,,384352.0753,5039990.563,45.49530213,-75.48214621,5063
16--2553,2016/02/22,4:50 PM,HIGHWAY 417 btwn REGIONAL ROAD 174 & HWY417 IC113 RAMP85 (__3ZA289),__3ZA289,01 - Non intersection,03 - P.D. only,04 - Sideswipe,01 - Clear,"02 - Daylight, artificial",01 - Dry,10 - No control,,3,0,0,0,,0,,,,,373606.0604,5031796.025,45.42271466,-75.62076858,5064
16--2554,2016/02/22,5:00 PM,BARRINGTON ST btwn NUGGETT DR & BROMONT WAY (__3ZA6CZ),__3ZA6CZ,01 - Non intersection,03 - P.D. only,06 - SMV unattended vehicle,01 - Clear,07 - Dark,01 - Dry,10 - No control,,1,0,0,0,,0,,,,,381471.5576,5035655.474,45.45662112,-75.51967294,5065
16--2555,2016/02/22,5:05 PM,BANK ST @ WALKLEY RD (0011423),11423,02 - Intersection related,02 - Non-fatal injury,03 - Rear end,01 - Clear,05 - Dusk,01 - Dry,01 - Traffic signal,01 - Functioning,2,0,0,0,02 - Minor,1,,1,,,370338.0765,5025947.959,45.37040968,-75.66330054,5066
16--2556,2016/02/22,5:16 PM,HIGHWAY 417 btwn HWY417 IC122 RAMP61 & HWY417 IC121B RAMP16 (__3ZA2Y4),__3ZA2Y4,01 - Non intersection,03 - P.D. only,03 - Rear end,01 - Clear,05 - Dusk,01 - Dry,10 - No control,,2,0,0,0,,0,,,,,366069.7912,5029343.216,45.40134559,-75.71736535,5067
16--2557,2016/02/22,6:00 AM,HIGHWAY 417 btwn HWY417 IC118 RAMP76 & HWY417 IC118 RAMP67 (__3ZA2YR),__3ZA2YR,01 - Non intersection,03 - P.D. only,04 - Sideswipe,01 - Clear,07 - Dark,01 - Dry,10 - No control,,2,0,0,0,,0,,,,,369479.9184,5031072.713,45.41660023,-75.67358333,5068
16--2558,2016/02/22,6:14 PM,STRANDHERD DR btwn Continuation of STRANDHERD DR & MCKENNA CASEY DR (__3ZAZM9),__3ZAZM9,05 - At railway crossing,02 - Non-fatal injury,03 - Rear end,01 - Clear,07 - Dark,01 - Dry,10 - No control,,2,0,0,0,01 - Minimal,2,2,,,,361892.0424,5013627.104,45.26028559,-75.77253831,5069
16--2559,2016/02/22,6:55 AM,TERRY FOX DR btwn HUNTSVILLE DR & OLD SECOND LINE RD (__8IAYIU),__8IAYIU,01 - Non intersection,02 - Non-fatal injury,01 - Approaching,01 - Clear,03 - Dawn,01 - Dry,10 - No control,,3,0,0,0,03 - Major,3,,1,2,,348664.473,5022290.616,45.3391918,-75.94030706,5070
16--256,2016/01/07,2:08 PM,COLONIAL RD @ HEUVELMANS RD (0004695),4695,02 - Intersection related,03 - P.D. only,03 - Rear end,01 - Clear,01 - Daylight,01 - Dry,02 - Stop sign,01 - Functioning,2,0,0,0,,0,,,,,392776.1781,5033191.186,45.43311861,-75.37559819,5071
16--2560,2016/02/22,6:55 AM,CLEGG ST @ COLONEL BY DR (0008785),8785,02 - Intersection related,02 - Non-fatal injury,04 - Sideswipe,01 - Clear,03 - Dawn,02 - Wet,01 - Traffic signal,01 - Functioning,2,0,0,0,01 - Minimal,1,1,,,,368968.1497,5029741.94,45.40467352,-75.68029477,5072