Anom_ID,Accident_Date,Accident_Time,Location,Geo_ID,Accident_Location,Classification_of_Accident,Initial_Impact_Type,Environment_Condition,Light,Road_Surface_Condition,Traffic_Control,Traffic_Control_Condition,No__of_Vehicles,No__of_Bicycles,No__of_Motorcycles,No__of_Pedestrians,Max_Injury,No__of_Injuries,No__of_Minimal,No__of_Minor,No__of_Major,No__of_Fatal,X,Y,Latitude,Longitude,ObjectId
16--2561,2016/02/22,7:00 AM,CARLING AVE @ KIRKWOOD AVE N (0002358),2358,03 - At intersection,02 - Non-fatal injury,07 - SMV other,01 - Clear,03 - Dawn,02 - Wet,01 - Traffic signal,01 - Functioning,1,0,0,1,02 - Minor,1,,1,,,364275.7005,5027494.216,45.38486336,-75.74050314,5073
16--2562,2016/02/22,7:03 PM,GOLFLINKS DR btwn HAWKTREE RDG & FERGUSLEA LANE (__4BZCRC),__4BZCRC,01 - Non intersection,03 - P.D. only,06 - SMV unattended vehicle,01 - Clear,07 - Dark,01 - Dry,10 - No control,,1,0,0,0,,0,,,,,366160.7881,5012748.068,45.25201667,-75.71825978,5074
16--2563,2016/02/22,7:06 PM,CAMBRIDGE ST    N btwn PRIMROSE AVE & SOMERSET ST W (__3ZA0W7),__3ZA0W7,01 - Non intersection,03 - P.D. only,06 - SMV unattended vehicle,01 - Clear,07 - Dark,04 - Slush,10 - No control,,1,0,0,0,,0,,,,,366826.2542,5030602.651,45.41261102,-75.70754508,5075
16--2564,2016/02/22,7:26 AM,LA VERENDRYE DR btwn GATINEAU VIEW CRES & OGILVIE RD (__3ZA7AJ),__3ZA7AJ,01 - Non intersection,03 - P.D. only,03 - Rear end,01 - Clear,01 - Daylight,01 - Dry,10 - No control,,2,0,0,0,,0,,,,,375223.3329,5035116.596,45.4524303,-75.5996299,5076
16--2565,2016/02/22,7:45 AM,CARRUTHERS AVE @ SCOTT ST (0006480),6480,02 - Intersection related,03 - P.D. only,03 - Rear end,01 - Clear,01 - Daylight,06 - Ice,01 - Traffic signal,01 - Functioning,3,0,0,0,,0,,,,,365153.3758,5029848.963,45.40597579,-75.72900828,5077
16--2566,2016/02/22,8:00 AM,HIGHWAY 417 btwn HWY417 IC134 RAMP35 & HWY417 IC134 RAMP25 (__3ZA29D),__3ZA29D,01 - Non intersection,03 - P.D. only,04 - Sideswipe,01 - Clear,01 - Daylight,01 - Dry,10 - No control,,2,0,0,0,,0,,,,,356437.4123,5022249.929,45.33829665,-75.84113784,5078
16--2567,2016/02/22,8:02 AM,BRONSON AVE @ COMMISSIONER ST/SLATER ST (0001679),1679,03 - At intersection,03 - P.D. only,04 - Sideswipe,01 - Clear,01 - Daylight,01 - Dry,01 - Traffic signal,01 - Functioning,2,0,0,0,,0,,,,,366769.8153,5030948.346,45.41572649,-75.70822262,5079
16--2568,2016/02/22,8:10 AM,BRONSON AVE btwn BRONSON AVE NB ON RAMP 42 & BRONSON AVE SB ON RAMP 43 (__3ZA3NZ),__3ZA3NZ,01 - Non intersection,02 - Non-fatal injury,03 - Rear end,01 - Clear,01 - Daylight,01 - Dry,10 - No control,,2,0,0,0,01 - Minimal,1,1,,,,367759.5713,5028418.427,45.39287468,-75.69590094,5080
16--2569,2016/02/22,8:31 AM,MARCH RD btwn RICHARDSON SIDE RD & HERZBERG RD (__3ZA42C),__3ZA42C,01 - Non intersection,03 - P.D. only,03 - Rear end,01 - Clear,01 - Daylight,01 - Dry,10 - No control,,2,0,0,0,,0,,,,,351798.8559,5021687.807,45.33356463,-75.90037298,5081
16--257,2016/01/07,2:17 PM,BANK ST @ LEITRIM RD (0004125),4125,02 - Intersection related,03 - P.D. only,03 - Rear end,01 - Clear,01 - Daylight,06 - Ice,01 - Traffic signal,01 - Functioning,2,0,0,0,,0,,,,,375356.2533,5021619.872,45.33098023,-75.59986062,5082
16--2570,2016/02/22,8:42 PM,INDUSTRIAL AVE/INNES RD @ ST. LAURENT BLVD (0002203),2203,03 - At intersection,03 - P.D. only,05 - Turning movement,01 - Clear,07 - Dark,02 - Wet,01 - Traffic signal,01 - Functioning,2,0,0,0,,0,,,,,373098.9464,5030007.353,45.40667073,-75.62749581,5083
16--2571,2016/02/22,8:45 AM,UPMINSTER WAY @ GOSPEL OAK DR (0011036),11036,02 - Intersection related,03 - P.D. only,06 - SMV unattended vehicle,01 - Clear,01 - Daylight,01 - Dry,02 - Stop sign,01 - Functioning,1,0,0,0,,0,,,,,364894.3782,5016337.748,45.28442589,-75.73395809,5084
16--2572,2016/02/22,9:00 AM,QUEEN VICTORIA ST btwn STANLEY AVE & RIVER LANE (__3ZA5AE),__3ZA5AE,01 - Non intersection,03 - P.D. only,06 - SMV unattended vehicle,01 - Clear,01 - Daylight,05 - Packed snow,10 - No control,,1,0,0,0,,0,,,,,368272.9812,5033692.511,45.44028277,-75.68866517,5085
16--2573,2016/02/22,9:33 AM,RICHMOND RD @ LYNHAR RD/STAFFORD RD (0000155),155,02 - Intersection related,03 - P.D. only,02 - Angle,01 - Clear,01 - Daylight,01 - Dry,01 - Traffic signal,01 - Functioning,2,0,0,0,,0,,,,,358138.4925,5021085.233,45.32768938,-75.81956011,5086
16--2574,2016/02/23,10:41 AM,RIVERSIDE DR @ RIVERSIDE HOSPITAL (0011960),11960,02 - Intersection related,03 - P.D. only,03 - Rear end,01 - Clear,01 - Daylight,01 - Dry,01 - Traffic signal,01 - Functioning,2,0,0,0,,0,,,,,369715.8355,5028626.035,45.39456406,-75.67089145,5087
16--2575,2016/02/23,11:17 AM,ROSEMOUNT AVE btwn WELLINGTON ST W & GLADSTONE AVE (__3ZA05K),__3ZA05K,04 - At/near private drive,03 - P.D. only,06 - SMV unattended vehicle,01 - Clear,01 - Daylight,01 - Dry,10 - No control,,1,0,0,0,,0,,,,,365375.7089,5029399.981,45.40191675,-75.72622347,5088
16--2576,2016/02/23,11:30 AM,ST. LAURENT BLVD btwn CYRVILLE RD & COVENTRY RD (__3ZA2CE),__3ZA2CE,01 - Non intersection,03 - P.D. only,03 - Rear end,01 - Clear,01 - Daylight,02 - Wet,10 - No control,,2,0,0,0,,0,,,,,372272.2739,5032035.75,45.42500151,-75.63777744,5089
16--2577,2016/02/23,11:39 AM,BASELINE RD @ WOODROFFE AVE (0002225),2225,02 - Intersection related,02 - Non-fatal injury,03 - Rear end,01 - Clear,01 - Daylight,01 - Dry,01 - Traffic signal,01 - Functioning,2,0,0,0,02 - Minor,1,,1,,,362549.6902,5023770.504,45.35150221,-75.76297748,5090
16--2578,2016/02/23,11:49 AM,AVENUE N btwn TREMBLAY RD & END (__3ZA9NE),__3ZA9NE,01 - Non intersection,03 - P.D. only,06 - SMV unattended vehicle,01 - Clear,01 - Daylight,06 - Ice,10 - No control,,1,0,0,0,,0,,,,,371638.7431,5031309.262,45.41852571,-75.64597093,5091
16--2579,2016/02/23,Unknown,DONLAND AVE btwn PARKER AVE & VIEWMOUNT DR (__3ZA0GH),__3ZA0GH,01 - Non intersection,03 - P.D. only,06 - SMV unattended vehicle,01 - Clear,00 - Unknown,06 - Ice,10 - No control,,1,0,0,0,,0,,,,,363805.3577,5022621.863,45.34106232,-75.7470906,5092
16--258,2016/01/07,2:27 PM,BRONSON/HERON RAMP 42/BRONSON/HERON RAMP 52 @  (0002516),2516,02 - Intersection related,03 - P.D. only,03 - Rear end,01 - Clear,01 - Daylight,01 - Dry,02 - Stop sign,01 - Functioning,2,0,0,0,,0,,,,,368751.0561,5026891.64,45.37904727,-75.68343713,5093
16--2580,2016/02/23,12:13 PM,HIGHWAY 417 btwn HWY417 IC112 RAMP66 & HWY417 IC112 RAMP56 (__3ZA283),__3ZA283,01 - Non intersection,03 - P.D. only,04 - Sideswipe,01 - Clear,01 - Daylight,01 - Dry,10 - No control,,2,0,0,0,,0,,,,,374452.3661,5030870.142,45.41430029,-75.61008633,5094
16--2581,2016/02/23,12:31 PM,CONROY RD @ WALKLEY RD (0002648),2648,02 - Intersection related,03 - P.D. only,03 - Rear end,01 - Clear,01 - Daylight,01 - Dry,01 - Traffic signal,01 - Functioning,2,0,0,0,,0,,,,,372903.935,5027464.515,45.38381039,-75.63033777,5095
16--2582,2016/02/23,12:49 PM,CARLING AVE @ CROYDON AVE (0002642),2642,03 - At intersection,03 - P.D. only,99 - Other,01 - Clear,01 - Daylight,01 - Dry,01 - Traffic signal,01 - Functioning,4,0,0,0,,0,,,,,360658.0147,5025043.627,45.36311095,-75.78697396,5096
16--2583,2016/02/23,2:32 AM,TIMM DR btwn HAANEL DR & MOODIE DR (__3ZABFM),__3ZABFM,01 - Non intersection,03 - P.D. only,07 - SMV other,01 - Clear,07 - Dark,01 - Dry,10 - No control,,1,0,0,0,,0,,,,,355238.9515,5020069.009,45.31875962,-75.85665069,5097
16--2584,2016/02/23,3:15 PM,SWANS WAY btwn CURLEW PL & SWANS WAY S (__3ZA51A),__3ZA51A,01 - Non intersection,03 - P.D. only,06 - SMV unattended vehicle,01 - Clear,01 - Daylight,06 - Ice,10 - No control,,1,0,0,0,,0,,,,,373758.5184,5035294.679,45.45417866,-75.61833049,5098
16--2585,2016/02/23,3:26 PM,SECOND AVE btwn O'CONNOR ST & QUEEN ELIZABETH DRWY (__3ZAZDC),__3ZAZDC,01 - Non intersection,03 - P.D. only,06 - SMV unattended vehicle,01 - Clear,01 - Daylight,06 - Ice,10 - No control,,1,0,0,0,,0,,,,,368738.5745,5029885.53,45.4059865,-75.68320852,5099
16--2586,2016/02/23,3:31 PM,ANDRE AUDET AVE btwn DES SOLDATS-RIENDEAU ST & PONDHAWK WAY S/SWITCH GRASS CRES S (__8A9OLC),__8A9OLC,01 - Non intersection,02 - Non-fatal injury,07 - SMV other,01 - Clear,01 - Daylight,01 - Dry,10 - No control,,1,0,0,1,01 - Minimal,1,1,,,,365021.692,5011881.677,45.24431927,-75.73287556,5100
16--2046,2016/02/16,11:09 AM,PANMURE RD @ HWY 417 PANMURE IC163R16 (0010696),10696,03 - At intersection,03 - P.D. only,07 - SMV other,01 - Clear,01 - Daylight,05 - Packed snow,10 - No control,,1,0,0,0,,0,,,,,331523.0154,5021652.508,45.33431211,-76.15905445,5101
16--2406,2016/02/19,Unknown,"EGLISE, RUE DE L btwn MONTREAL RD & COLLEGE CIRC (__3ZAZWS)",__3ZAZWS,01 - Non intersection,03 - P.D. only,06 - SMV unattended vehicle,03 - Snow,00 - Unknown,05 - Packed snow,10 - No control,,1,0,0,0,,0,,,,,371169.8144,5033608.32,45.43925626,-75.65165214,5102
16--2136,2016/02/17,10:52 PM,STRANDHERD DR @ WOODROFFE AVE (0009688),9688,02 - Intersection related,03 - P.D. only,03 - Rear end,03 - Snow,07 - Dark,03 - Loose snow,01 - Traffic signal,01 - Functioning,2,0,0,0,,0,,,,,366105.4954,5015395.369,45.27584183,-75.71863743,5103
16--2047,2016/02/16,11:10 PM,HIGHWAY 417 btwn HWY417 IC115 RAMP36 & HWY417 IC115 RAMP26 (__3ZA2R4),__3ZA2R4,01 - Non intersection,03 - P.D. only,07 - SMV other,01 - Clear,"08 - Dark, artificial",05 - Packed snow,10 - No control,,1,0,0,0,,0,,,,,372500.2881,5031524.714,45.42038141,-75.63493423,5104
16--2137,2016/02/17,11:40 AM,BANK ST @ HERON RD (0002155),2155,02 - Intersection related,03 - P.D. only,05 - Turning movement,01 - Clear,01 - Daylight,02 - Wet,01 - Traffic signal,01 - Functioning,2,0,0,0,,0,,,,,369995.498,5026852.652,45.37858177,-75.66755422,5105
16--2407,2016/02/19,12:06 PM,BANK ST btwn ALTA VISTA DR & ERIE AVE (__3ZA36X),__3ZA36X,04 - At/near private drive,03 - P.D. only,02 - Angle,01 - Clear,01 - Daylight,01 - Dry,10 - No control,,2,0,0,0,,0,,,,,370179.6631,5026364.072,45.37416853,-75.66526765,5106
16--2048,2016/02/16,11:12 AM,HWY417 IC129 RAMP25 btwn GREENBANK RD & HIGHWAY 417 (__3ZAY5J),__3ZAY5J,01 - Non intersection,03 - P.D. only,03 - Rear end,03 - Snow,01 - Daylight,03 - Loose snow,10 - No control,,2,0,0,0,,0,,,,,360711.332,5023709.211,45.35109967,-75.78644435,5107
16--2138,2016/02/17,11:43 PM,EARL MULLIGAN DR @ WOODROFFE AVE (0000591),591,02 - Intersection related,03 - P.D. only,03 - Rear end,01 - Clear,07 - Dark,06 - Ice,01 - Traffic signal,01 - Functioning,2,0,0,0,,0,,,,,365250.0426,5017505.801,45.29490547,-75.72928241,5108
16--2408,2016/02/19,12:15 PM,PRINCE OF WALES DR @ WEST HUNT CLUB RD (0000567),567,02 - Intersection related,03 - P.D. only,03 - Rear end,01 - Clear,01 - Daylight,01 - Dry,01 - Traffic signal,01 - Functioning,3,0,0,0,,0,,,,,367459.8202,5021892.613,45.33418378,-75.70055637,5109
16--2409,2016/02/19,12:27 AM,RIDEAU ST btwn WURTEMBURG ST & RIDEAU PL (__3ZA1LA),__3ZA1LA,07 - Overpass or bridge,03 - P.D. only,07 - SMV other,01 - Clear,07 - Dark,03 - Loose snow,10 - No control,,1,0,0,0,,0,,,,,369443.1396,5032970.11,45.43367568,-75.6738042,5110
16--241,2016/01/06,9:12 PM,SOUTHVALE CRES btwn ERINBROOK CRES & ERINBROOK CRES (__3ZA778),__3ZA778,04 - At/near private drive,02 - Non-fatal injury,02 - Angle,01 - Clear,07 - Dark,02 - Wet,10 - No control,,2,0,0,0,02 - Minor,1,,1,,,374034.4671,5029195.272,45.39927211,-75.61566017,5111
16--2410,2016/02/19,2:04 PM,HAZELDEAN RD @ TERRY FOX DR (0003682),3682,02 - Intersection related,03 - P.D. only,03 - Rear end,01 - Clear,01 - Daylight,02 - Wet,01 - Traffic signal,01 - Functioning,2,0,0,0,,0,,,,,352207.7349,5017242.677,45.29353883,-75.895582,5112
16--2411,2016/02/19,2:48 PM,ALBERT ST @ ELGIN ST/MACKENZIE KING BRIDGE (0002226),2226,02 - Intersection related,03 - P.D. only,04 - Sideswipe,03 - Snow,01 - Daylight,02 - Wet,01 - Traffic signal,01 - Functioning,2,0,0,0,,0,,,,,367851.1022,5031710.019,45.42248317,-75.6943111,5113
16--2412,2016/02/19,3:00 PM,SPARTAN AVE btwn EVE ST & LOLA ST (__3ZA82Z),__3ZA82Z,01 - Non intersection,03 - P.D. only,06 - SMV unattended vehicle,01 - Clear,01 - Daylight,03 - Loose snow,10 - No control,,1,0,0,0,,0,,,,,370983.1828,5032519.64,45.42947849,-75.65418378,5114
16--2413,2016/02/19,3:37 AM,HIGHWAY 417 btwn HWY417 IC119A RAMP67 & HWY417 IC118 RAMP76 (__3ZA2YS),__3ZA2YS,01 - Non intersection,03 - P.D. only,03 - Rear end,01 - Clear,07 - Dark,01 - Dry,10 - No control,,2,0,0,0,,0,,,,,368948.6141,5030715.122,45.41343167,-75.68041766,5115
16--2414,2016/02/19,3:58 PM,ESSON ST @ HUNT CLUB RD (0002152),2152,03 - At intersection,03 - P.D. only,02 - Angle,03 - Snow,01 - Daylight,03 - Loose snow,02 - Stop sign,01 - Functioning,2,0,0,0,,0,,,,,374638.6404,5025907.301,45.3696285,-75.60840912,5116
16--2415,2016/02/19,4:20 PM,BRIDLEWOOD DR btwn SPRUCE MEADOWS DR & CLYDESDALE AVE (__3ZA4WR),__3ZA4WR,01 - Non intersection,03 - P.D. only,02 - Angle,01 - Clear,01 - Daylight,05 - Packed snow,10 - No control,,2,0,0,0,,0,,,,,355001.0387,5017311.452,45.29396368,-75.85996438,5117
16--2416,2016/02/19,4:24 PM,BASELINE RD @ NAVAHO DR (0003158),3158,02 - Intersection related,02 - Non-fatal injury,03 - Rear end,01 - Clear,01 - Daylight,02 - Wet,01 - Traffic signal,01 - Functioning,2,0,0,0,01 - Minimal,2,2,,,,363085.9127,5024097.728,45.35440218,-75.75609602,5118
16--2417,2016/02/19,4:28 PM,RICHMOND RD btwn WEST HUNT CLUB RD & STONEHAVEN DR (__3ZA41H),__3ZA41H,01 - Non intersection,02 - Non-fatal injury,07 - SMV other,01 - Clear,01 - Daylight,06 - Ice,10 - No control,,1,0,0,0,01 - Minimal,1,1,,,,357129.4431,5018076.769,45.30069483,-75.83274945,5119
16--2418,2016/02/19,4:30 PM,CAESAR AVE E @ CLEOPATRA DR E (0000289),289,03 - At intersection,03 - P.D. only,02 - Angle,03 - Snow,01 - Daylight,02 - Wet,03 - Yield sign,01 - Functioning,2,0,0,0,,0,,,,,365794.4952,5021032.682,45.32659296,-75.72190734,5120
16--2419,2016/02/19,4:53 PM,CARLING AVE @ HAMILTON AVE (0006670),6670,02 - Intersection related,03 - P.D. only,04 - Sideswipe,01 - Clear,05 - Dusk,02 - Wet,02 - Stop sign,01 - Functioning,2,0,0,0,,0,,,,,365558.9257,5028129.874,45.39047274,-75.72403976,5121
16--242,2016/01/06,9:15 AM,VARENNES BLVD @ WINTERPORT WAY (0010137),10137,02 - Intersection related,03 - P.D. only,03 - Rear end,01 - Clear,01 - Daylight,06 - Ice,02 - Stop sign,01 - Functioning,2,0,0,0,,0,,,,,385130.2883,5037807.974,45.47557621,-75.4725478,5122
16--2420,2016/02/19,5:09 PM,ARGYLE AVE @ BANK ST (0007251),7251,03 - At intersection,03 - P.D. only,02 - Angle,03 - Snow,01 - Daylight,05 - Packed snow,10 - No control,,2,0,0,0,,0,,,,,367994.9099,5030372.306,45.41043389,-75.69264521,5123
16--2421,2016/02/19,5:24 PM,ST. GEORGES ST btwn BONAIR DR & DES EPINETTES AVE (__3ZA6RU),__3ZA6RU,01 - Non intersection,03 - P.D. only,01 - Approaching,01 - Clear,05 - Dusk,06 - Ice,10 - No control,,2,0,0,0,,0,,,,,382900.6801,5036422.13,45.46336054,-75.50128108,5124
16--2422,2016/02/19,5:45 PM,BRONSON AVE @ IMPERIAL AVE/PLYMOUTH ST (0010859),10859,02 - Intersection related,03 - P.D. only,03 - Rear end,03 - Snow,05 - Dusk,04 - Slush,10 - No control,,2,0,0,0,,0,,,,,367318.6428,5029643.352,45.40393572,-75.70137653,5125
16--2423,2016/02/19,5:50 PM,CATHERINE ST btwn HWY417 IC120B RAMP36 & KENT ST (__3ZBOE0),__3ZBOE0,01 - Non intersection,03 - P.D. only,04 - Sideswipe,03 - Snow,07 - Dark,04 - Slush,10 - No control,,2,0,0,0,,0,,,,,367790.5798,5030118.379,45.40816756,-75.69528784,5126
16--2424,2016/02/19,6:00 PM,MONTREAL RD btwn BETHAMY LANE & OGILVIE RD (__3ZA2DX),__3ZA2DX,04 - At/near private drive,03 - P.D. only,02 - Angle,01 - Clear,05 - Dusk,01 - Dry,10 - No control,,2,0,0,0,,0,,,,,375641.4317,5034547.792,45.44727029,-75.59436704,5127
16--2425,2016/02/19,6:17 PM,ALBION RD/COLLISTON CRES E @ WALKLEY RD (0011422),11422,03 - At intersection,03 - P.D. only,05 - Turning movement,01 - Clear,07 - Dark,01 - Dry,01 - Traffic signal,01 - Functioning,2,0,0,0,,0,,,,,371035.0165,5026354.243,45.37399976,-75.65434946,5128
16--2426,2016/02/19,6:23 PM,GREENBANK RD btwn JOCKVALE RD & CAMBRIAN RD (__3ZA2WE),__3ZA2WE,01 - Non intersection,03 - P.D. only,01 - Approaching,02 - Rain,07 - Dark,03 - Loose snow,10 - No control,,2,0,0,0,,0,,,,,364411.153,5013685.874,45.26060546,-75.74043575,5129
16--2427,2016/02/19,6:27 PM,GREENBANK RD @ 220 N OF STRANDHERD DR (0010452),10452,03 - At intersection,03 - P.D. only,03 - Rear end,03 - Snow,07 - Dark,04 - Slush,01 - Traffic signal,01 - Functioning,2,0,0,0,,0,,,,,363848.1705,5014984.592,45.27233884,-75.74745424,5130
16--2428,2016/02/19,6:43 AM,TERRY FOX DR N @ FLAMBOROUGH WAY/INNOVATION DR (0011795),11795,03 - At intersection,03 - P.D. only,02 - Angle,01 - Clear,03 - Dawn,06 - Ice,01 - Traffic signal,01 - Functioning,2,0,0,0,,0,,,,,349386.24,5022954.525,45.34512031,-75.93103822,5131
16--2429,2016/02/19,6:47 PM,BRONSON AVE @ FIFTH AVE/MADAWASKA DR (0006977),6977,02 - Intersection related,03 - P.D. only,03 - Rear end,03 - Snow,07 - Dark,03 - Loose snow,01 - Traffic signal,01 - Functioning,2,0,0,0,,0,,,,,367613.9322,5028939.651,45.39757759,-75.69769445,5132
16--243,2016/01/06,9:40 AM,CUMBERLAND ST btwn YORK ST & YORK ST (__3ZA7AP),__3ZA7AP,01 - Non intersection,03 - P.D. only,06 - SMV unattended vehicle,01 - Clear,01 - Daylight,01 - Dry,10 - No control,,1,0,0,0,,0,,,,,368259.4056,5032527.527,45.42980191,-75.68898885,5133
16--2430,2016/02/19,6:50 AM,WALKLEY RD @ GLENHAVEN PRIV (0011424),11424,02 - Intersection related,03 - P.D. only,03 - Rear end,01 - Clear,03 - Dawn,03 - Loose snow,01 - Traffic signal,01 - Functioning,2,0,0,0,,0,,,,,370214.0058,5025874.339,45.36975886,-75.66489408,5134
16--2431,2016/02/19,6:55 PM,RENAUD RD @ PAGE RD (0004535),4535,03 - At intersection,03 - P.D. only,02 - Angle,03 - Snow,07 - Dark,03 - Loose snow,02 - Stop sign,01 - Functioning,2,0,0,0,,0,,,,,381704.3101,5032669.902,45.42973375,-75.51716396,5135
16--2432,2016/02/19,7:00 PM,BEECHWOOD AVE @ LOYER ST (0014718),14718,03 - At intersection,03 - P.D. only,02 - Angle,03 - Snow,07 - Dark,04 - Slush,02 - Stop sign,01 - Functioning,2,0,0,0,,0,,,,,369300.7049,5033688.596,45.44015349,-75.67553031,5136
16--2433,2016/02/19,7:20 PM,HIGHWAY 417 btwn HWY417 IC119B RAMP57 & HWY417 IC119A RAMP75 (__3ZA1QN),__3ZA1QN,01 - Non intersection,03 - P.D. only,04 - Sideswipe,03 - Snow,"08 - Dark, artificial",03 - Loose snow,10 - No control,,2,0,0,0,,0,,,,,368287.6438,5030340.001,45.41011673,-75.68890988,5137
16--2434,2016/02/19,7:30 PM,HOLMWOOD AVE btwn BANK ST & ADELAIDE ST (__3ZA9NT),__3ZA9NT,01 - Non intersection,03 - P.D. only,01 - Approaching,03 - Snow,07 - Dark,04 - Slush,10 - No control,,2,0,0,0,,0,,,,,368513.3578,5029215.292,45.39997645,-75.68617188,5138
16--2435,2016/02/19,7:30 PM,HIGHWAY 417 btwn HWY417 IC96 RAMP51 & HIGHWAY 417 (__3ZA2W3),__3ZA2W3,01 - Non intersection,03 - P.D. only,07 - SMV other,03 - Snow,07 - Dark,03 - Loose snow,10 - No control,,1,0,0,0,,0,,,,,387396.8812,5023837.712,45.34962071,-75.44590321,5139
16--2436,2016/02/19,7:40 PM,INNES RD btwn STONEHENGE CRES & BLAIR RD (__3ZA3SK),__3ZA3SK,01 - Non intersection,03 - P.D. only,04 - Sideswipe,03 - Snow,07 - Dark,03 - Loose snow,10 - No control,,2,0,0,0,,0,,,,,375535.0057,5031416.248,45.41910525,-75.59617731,5140
16--2437,2016/02/19,7:42 PM,QUEEN ST @ LYON ST (0002159),2159,03 - At intersection,02 - Non-fatal injury,02 - Angle,03 - Snow,07 - Dark,03 - Loose snow,01 - Traffic signal,01 - Functioning,2,0,0,0,02 - Minor,1,,1,,,367018.3385,5031287.688,45.41875773,-75.70500474,5141
16--2438,2016/02/19,7:45 PM,GLADSTONE AVE @ MELROSE AVE (0006165),6165,03 - At intersection,03 - P.D. only,02 - Angle,01 - Clear,07 - Dark,05 - Packed snow,02 - Stop sign,01 - Functioning,2,0,0,0,,0,,,,,365587.2354,5029280.245,45.40082106,-75.7235365,5142
16--2439,2016/02/19,7:51 PM,CEDAROCK DR @ STONEHAVEN DR (0003166),3166,03 - At intersection,03 - P.D. only,02 - Angle,01 - Clear,07 - Dark,02 - Wet,02 - Stop sign,01 - Functioning,2,0,0,0,,0,,,,,354727.345,5016854.864,45.2898747,-75.86349957,5143
16--244,2016/01/06,9:48 PM,RIVERSIDE DR @ BROOKFIELD RD/HOG'S BACK RD (0001627),1627,03 - At intersection,03 - P.D. only,05 - Turning movement,01 - Clear,07 - Dark,01 - Dry,01 - Traffic signal,01 - Functioning,2,0,0,0,,0,,,,,368165.953,5026222.925,45.37308351,-75.69099311,5144
16--2440,2016/02/19,7:56 PM,COLONEL BY DR @ LEONARD AVE (0006906),6906,02 - Intersection related,03 - P.D. only,03 - Rear end,03 - Snow,07 - Dark,04 - Slush,02 - Stop sign,01 - Functioning,2,0,0,0,,0,,,,,368227.711,5028575.108,45.39424221,-75.68990247,5145
16--2441,2016/02/19,8:00 AM,PRINCE OF WALES DR @ WEST HUNT CLUB RD (0000567),567,02 - Intersection related,03 - P.D. only,03 - Rear end,01 - Clear,01 - Daylight,01 - Dry,01 - Traffic signal,01 - Functioning,2,0,0,0,,0,,,,,367458.7103,5021891.089,45.33417016,-75.70057072,5146
16--2442,2016/02/19,8:00 PM,HIGHWAY 417 btwn HWY417 IC134 RAMP35 & HWY417 IC134 RAMP25 (__3ZA29D),__3ZA29D,01 - Non intersection,03 - P.D. only,06 - SMV unattended vehicle,01 - Clear,07 - Dark,03 - Loose snow,10 - No control,,1,0,0,0,,0,,,,,356476.5431,5022272.538,45.33849721,-75.84063623,5147
16--2443,2016/02/19,8:01 AM,RIVER RD @ RYEBURN DR (0004198),4198,03 - At intersection,03 - P.D. only,05 - Turning movement,01 - Clear,01 - Daylight,01 - Dry,02 - Stop sign,01 - Functioning,2,0,0,0,,0,,,,,368049.0281,5016305.893,45.28386248,-75.69375274,5148
16--2226,2016/02/17,8:14 PM,KIRKWOOD AVE @ MERIVALE RD (0002243),2243,02 - Intersection related,03 - P.D. only,07 - SMV other,01 - Clear,07 - Dark,06 - Ice,01 - Traffic signal,01 - Functioning,1,0,0,0,,0,,,,,364853.9234,5026646.32,45.37718481,-75.73322311,5149
16--2444,2016/02/19,8:10 PM,HIGHWAY 417 btwn HWY417 IC134 RAMP35 & HWY417 IC134 RAMP25 (__3ZA29D),__3ZA29D,01 - Non intersection,03 - P.D. only,04 - Sideswipe,01 - Clear,07 - Dark,03 - Loose snow,10 - No control,,2,0,0,0,,0,,,,,356434.8036,5022251.668,45.33831249,-75.84117094,5150
16--2445,2016/02/19,8:24 AM,GLADSTONE AVE @ O'CONNOR ST (0002710),2710,02 - Intersection related,02 - Non-fatal injury,03 - Rear end,01 - Clear,01 - Daylight,02 - Wet,01 - Traffic signal,01 - Functioning,2,0,0,0,01 - Minimal,2,2,,,,368075.3876,5030657.893,45.41299624,-75.6915805,5151
16--2446,2016/02/19,8:27 AM,REGIONAL ROAD 174 btwn OR174 IC112 RAMP36 & OR174 IC112 RAMP26 (__3ZAZFK),__3ZAZFK,01 - Non intersection,03 - P.D. only,03 - Rear end,01 - Clear,01 - Daylight,06 - Ice,10 - No control,,2,0,0,0,,0,,,,,374652.5506,5032733.292,45.43104396,-75.6072648,5152
16--2447,2016/02/19,8:30 PM,RICHMOND RD @ WEST HUNT CLUB RD (0000598),598,03 - At intersection,02 - Non-fatal injury,05 - Turning movement,03 - Snow,07 - Dark,06 - Ice,01 - Traffic signal,01 - Functioning,3,0,0,0,01 - Minimal,2,2,,,,357145.8693,5018153.128,45.30138069,-75.83253195,5153
16--2448,2016/02/19,8:30 PM,CRAIGHALL CIRC @ JOHNSTON RD (0012199),12199,02 - Intersection related,03 - P.D. only,03 - Rear end,03 - Snow,07 - Dark,05 - Packed snow,02 - Stop sign,01 - Functioning,2,0,0,0,,0,,,,,372889.4842,5025788.513,45.36873181,-75.63075337,5154
16--2449,2016/02/19,8:32 AM,KINBURN SIDE RD @ UPPER DWYER HILL RD (0011481),11481,03 - At intersection,02 - Non-fatal injury,02 - Angle,01 - Clear,01 - Daylight,01 - Dry,02 - Stop sign,01 - Functioning,2,0,0,0,03 - Major,1,,,1,,325038.4303,5024357.148,45.35886704,-76.24167636,5155