Anom_ID,Accident_Date,Accident_Time,Location,Geo_ID,Accident_Location,Classification_of_Accident,Initial_Impact_Type,Environment_Condition,Light,Road_Surface_Condition,Traffic_Control,Traffic_Control_Condition,No__of_Vehicles,No__of_Bicycles,No__of_Motorcycles,No__of_Pedestrians,Max_Injury,No__of_Injuries,No__of_Minimal,No__of_Minor,No__of_Major,No__of_Fatal,X,Y,Latitude,Longitude,ObjectId
16--245,2016/01/06,9:55 AM,HWY417 IC131 RAMP55 btwn HIGHWAY 417 & HWY416 IC75B RAMP25 (__3ZAYG7),__3ZAYG7,01 - Non intersection,03 - P.D. only,04 - Sideswipe,01 - Clear,01 - Daylight,03 - Loose snow,10 - No control,,2,0,0,0,,0,,,,,358383.0555,5022764.451,45.34278045,-75.81625863,5156
16--2450,2016/02/19,8:40 AM,CONROY RD @ WALKLEY RD (0002648),2648,02 - Intersection related,03 - P.D. only,03 - Rear end,01 - Clear,01 - Daylight,06 - Ice,01 - Traffic signal,01 - Functioning,2,0,0,0,,0,,,,,372903.9421,5027463.312,45.38379956,-75.63033785,5157
16--2451,2016/02/19,8:42 PM,BANK ST btwn HOPEWELL AVE & GLEN AVE (__3ZA3N3),__3ZA3N3,01 - Non intersection,03 - P.D. only,06 - SMV unattended vehicle,03 - Snow,07 - Dark,03 - Loose snow,10 - No control,,1,0,0,0,,0,,,,,368787.402,5028468.361,45.39323081,-75.68276868,5158
16--2452,2016/02/19,8:48 PM,ALBERT ST @ BANK ST (0002115),2115,03 - At intersection,03 - P.D. only,07 - SMV other,03 - Snow,07 - Dark,03 - Loose snow,01 - Traffic signal,01 - Functioning,1,0,0,0,,0,,,,,367386.3547,5031423.793,45.41994954,-75.70028558,5159
16--2453,2016/02/19,8:57 PM,DEERCROFT AVE @ LONGFIELDS DR (0011042),11042,03 - At intersection,03 - P.D. only,05 - Turning movement,03 - Snow,07 - Dark,03 - Loose snow,02 - Stop sign,01 - Functioning,2,0,0,0,,0,,,,,364481.0318,5015295.133,45.27507966,-75.73935205,5160
16--2454,2016/02/19,9:00 AM,THIRD AVE btwn BANK ST & O'CONNOR ST (__3ZA92G),__3ZA92G,01 - Non intersection,03 - P.D. only,01 - Approaching,01 - Clear,01 - Daylight,05 - Packed snow,10 - No control,,2,0,0,0,,0,,,,,368421.8919,5029603.813,45.40348056,-75.68728996,5161
16--2455,2016/02/19,9:03 AM,SLACK RD btwn TURN LANE & VAAN DR (__3ZA543),__3ZA543,01 - Non intersection,02 - Non-fatal injury,01 - Approaching,01 - Clear,01 - Daylight,01 - Dry,10 - No control,,2,0,0,0,02 - Minor,2,,2,,,364790.4724,5020284.448,45.31994695,-75.73480491,5162
16--2456,2016/02/19,9:03 AM,HIGHWAY 417 btwn HWY417 IC126 RAMP25 & HWY417 IC124 RAMP57 (__3ZA2R5),__3ZA2R5,01 - Non intersection,03 - P.D. only,03 - Rear end,01 - Clear,01 - Daylight,99 - Other,10 - No control,,2,0,0,0,,0,,,,,363679.9726,5026515.118,45.37610391,-75.74822661,5163
16--2457,2016/02/19,9:04 AM,CULLODEN CRES btwn CULLODEN CRES & CULLODEN CRES (e___1GFG),e___1GFG,01 - Non intersection,03 - P.D. only,06 - SMV unattended vehicle,03 - Snow,01 - Daylight,04 - Slush,10 - No control,,1,0,0,0,,0,,,,,366553.7646,5012519.063,45.24992171,-75.71328216,5164
16--2458,2016/02/19,9:09 AM,CARLING AVE @ WOODROFFE AVE W (0011470),11470,02 - Intersection related,03 - P.D. only,03 - Rear end,01 - Clear,01 - Daylight,04 - Slush,01 - Traffic signal,01 - Functioning,2,0,0,0,,0,,,,,361767.0177,5025725.292,45.36915527,-75.7727401,5165
16--2459,2016/02/19,9:13 PM,BELFAST RD @ ST. LAURENT BLVD (0007658),7658,03 - At intersection,03 - P.D. only,02 - Angle,03 - Snow,07 - Dark,05 - Packed snow,01 - Traffic signal,01 - Functioning,2,0,0,0,,0,,,,,372861.523,5030577.763,45.41182614,-75.63044973,5166
16--246,2016/01/07,1:16 PM,MONTREAL RD @ BATHGATE DR/BURMA RD (0007650),7650,03 - At intersection,02 - Non-fatal injury,05 - Turning movement,01 - Clear,01 - Daylight,02 - Wet,01 - Traffic signal,01 - Functioning,2,0,0,0,02 - Minor,1,,1,,,373224.7097,5034516.427,45.44722884,-75.62526296,5167
16--2460,2016/02/19,9:53 AM,HERON RD @ 155 W OF BANK ST/CANADIAN TIRE SC (0008219),8219,03 - At intersection,03 - P.D. only,02 - Angle,01 - Clear,01 - Daylight,04 - Slush,01 - Traffic signal,01 - Functioning,2,0,0,0,,0,,,,,369847.8238,5026829.279,45.3783852,-75.66944267,5168
16--2461,2016/02/20,1:06 PM,GOULBOURN FORCED RD @ INNOVATION DR (0013945),13945,02 - Intersection related,03 - P.D. only,05 - Turning movement,02 - Rain,01 - Daylight,02 - Wet,02 - Stop sign,00 - Unknown,2,0,0,0,,0,,,,,349438.006,5022666.636,45.34252653,-75.93040365,5169
16--2462,2016/02/20,10:00 AM,HIGHWAY 417 btwn HWY417 IC123 RAMP62 & HWY417 IC122 RAMP16 (__3ZA2R9),__3ZA2R9,01 - Non intersection,03 - P.D. only,03 - Rear end,02 - Rain,01 - Daylight,02 - Wet,10 - No control,,2,0,0,0,,0,,,,,365132.3291,5028711.937,45.3957469,-75.72941621,5170
16--2463,2016/02/20,10:00 PM,HANNAH ST btwn MONTFORT ST & ETHEL ST (__3ZA8VR),__3ZA8VR,01 - Non intersection,02 - Non-fatal injury,07 - SMV other,02 - Rain,07 - Dark,02 - Wet,10 - No control,,1,0,0,1,02 - Minor,1,,1,,,370141.9551,5033514.411,45.43850813,-75.66480143,5171
16--2464,2016/02/20,10:00 PM,WALLER ST btwn RIDEAU ST & BESSERER ST (__3ZAZPB),__3ZAZPB,01 - Non intersection,03 - P.D. only,06 - SMV unattended vehicle,01 - Clear,07 - Dark,01 - Dry,10 - No control,,1,0,0,0,,0,,,,,368308.077,5032211.506,45.42695404,-75.68840765,5172
16--2465,2016/02/20,10:34 AM,HIGHWAY 417 btwn HWY417 IC134 RAMP36 & HWY417 IC134 RAMP26 (__3ZA29C),__3ZA29C,01 - Non intersection,03 - P.D. only,07 - SMV other,02 - Rain,01 - Daylight,02 - Wet,10 - No control,,1,0,0,0,,0,,,,,356427.3934,5022297.049,45.33872138,-75.84126075,5173
16--2466,2016/02/20,10:38 PM,TORWOOD DR btwn VANCES SIDE RD & KERSCOTT HEIGHTS WAY (__3ZA3E0),__3ZA3E0,01 - Non intersection,03 - P.D. only,07 - SMV other,02 - Rain,07 - Dark,06 - Ice,10 - No control,,1,0,0,0,,0,,,,,343362.5895,5036403.112,45.4664911,-76.00685067,5174
16--2467,2016/02/20,10:54 AM,SHADY GROVE ST btwn WOODROFFE AVE & STONELEIGH ST (__44Z0IR),__44Z0IR,04 - At/near private drive,03 - P.D. only,06 - SMV unattended vehicle,03 - Snow,01 - Daylight,04 - Slush,10 - No control,,1,0,0,0,,0,,,,,366521.3925,5014720.396,45.26973207,-75.71342107,5175
16--2468,2016/02/20,11:15 AM,SPRINGRIDGE DR btwn TRIM RD & PEPPERGRASS RD (__4VGRNP),__4VGRNP,04 - At/near private drive,03 - P.D. only,02 - Angle,02 - Rain,01 - Daylight,04 - Slush,10 - No control,,2,0,0,0,,0,,,,,385779.5484,5038262.613,45.4795916,-75.46416995,5176
16--2469,2016/02/20,11:54 AM,COVENTRY RD btwn JETFORM PARK  STADIUM & ARCOLA PRIV (__4BB6YHB),__4BB6YHB,04 - At/near private drive,03 - P.D. only,04 - Sideswipe,02 - Rain,01 - Daylight,02 - Wet,10 - No control,,2,0,0,0,,0,,,,,370864.3982,5031673.19,45.42187373,-75.65581521,5177
16--247,2016/01/07,1:54 PM,JEANNE D'ARC BLVD @ ORLEANS BLVD S (0004154),4154,03 - At intersection,03 - P.D. only,02 - Angle,01 - Clear,01 - Daylight,01 - Dry,01 - Traffic signal,01 - Functioning,2,0,0,0,,0,,,,,380940.2887,5036250.558,45.4620333,-75.52637263,5178
16--2470,2016/02/20,11:56 AM,NICHOLAS ST NB btwn LAURIER AVE E & WALLER ST (__5D2DO8),__5D2DO8,01 - Non intersection,03 - P.D. only,03 - Rear end,03 - Snow,01 - Daylight,03 - Loose snow,10 - No control,,2,0,0,0,,0,,,,,368448.4153,5031737.485,45.42267621,-75.68667565,5179
16--2471,2016/02/20,12:05 PM,TERRY FOX DR @ HALKIRK AVE/WINCHESTER DR (0012574),12574,02 - Intersection related,03 - P.D. only,04 - Sideswipe,01 - Clear,01 - Daylight,02 - Wet,01 - Traffic signal,01 - Functioning,2,0,0,0,,0,,,,,352511.9412,5016869.671,45.29016184,-75.89173966,5180
16--2472,2016/02/20,12:40 PM,FERNBANK RD btwn GO/KA BOUNDARY & SHEA RD (__3ZBNCF),__3ZBNCF,04 - At/near private drive,03 - P.D. only,99 - Other,02 - Rain,01 - Daylight,02 - Wet,10 - No control,,2,0,0,0,,0,,,,,352833.9396,5013827.416,45.26276486,-75.88792924,5181
16--2473,2016/02/20,12:45 PM,CALDWELL AVE @ MERIVALE RD (0011432),11432,03 - At intersection,03 - P.D. only,05 - Turning movement,02 - Rain,01 - Daylight,02 - Wet,01 - Traffic signal,01 - Functioning,2,0,0,0,,0,,,,,364906.3003,5026230.632,45.37344003,-75.73260501,5182
16--2474,2016/02/20,2:00 PM,ROYAL ORCHARD DR btwn QUILLIVAN LANE & WILHAVEN DR (__3ZA5GW),__3ZA5GW,01 - Non intersection,03 - P.D. only,06 - SMV unattended vehicle,01 - Clear,01 - Daylight,04 - Slush,10 - No control,,1,0,0,0,,0,,,,,392677.8466,5041422.218,45.50718349,-75.37538278,5183
16--2475,2016/02/20,2:08 PM,PLAYFAIR DR btwn DORSET DR & RHODES CRES (__3ZA9SD),__3ZA9SD,04 - At/near private drive,03 - P.D. only,02 - Angle,01 - Clear,01 - Daylight,03 - Loose snow,10 - No control,,2,0,0,0,,0,,,,,371449.2021,5028005.397,45.38881696,-75.64883906,5184
16--2476,2016/02/20,2:10 PM,BANTREE ST btwn OLD INNES RD & EDINBURGH PL (__3ZA78D),__3ZA78D,04 - At/near private drive,03 - P.D. only,06 - SMV unattended vehicle,02 - Rain,01 - Daylight,02 - Wet,10 - No control,,1,0,0,0,,0,,,,,373832.3884,5030115.53,45.4075721,-75.61811221,5185
16--2477,2016/02/20,2:15 PM,MADISON AVE btwn WINSTON AVE & CHURCHILL AVE N (__3ZA0JQ),__3ZA0JQ,01 - Non intersection,03 - P.D. only,99 - Other,01 - Clear,01 - Daylight,02 - Wet,10 - No control,,2,0,0,0,,0,,,,,363129.7129,5028326.818,45.39245135,-75.75503759,5186
16--2478,2016/02/20,2:21 PM,ST. CHARLES ST btwn BEECHWOOD AVE & BARRETTE ST (__3ZA8YH),__3ZA8YH,04 - At/near private drive,03 - P.D. only,06 - SMV unattended vehicle,02 - Rain,01 - Daylight,04 - Slush,10 - No control,,1,0,0,0,,0,,,,,369462.9454,5033737.931,45.4405824,-75.67345023,5187
16--2479,2016/02/20,2:30 PM,NELSON ST btwn MURRAY ST & END (__3ZA7CP),__3ZA7CP,01 - Non intersection,03 - P.D. only,06 - SMV unattended vehicle,02 - Rain,01 - Daylight,04 - Slush,10 - No control,,1,0,0,0,,0,,,,,368409.1244,5032876.863,45.4329315,-75.68703051,5188
16--248,2016/01/07,10:54 AM,BLOHM DR @ PITTAWAY AVE/SWAIN AVE (0008585),8585,03 - At intersection,03 - P.D. only,02 - Angle,01 - Clear,01 - Daylight,01 - Dry,02 - Stop sign,01 - Functioning,2,0,0,0,,0,,,,,374262.2369,5025979.913,45.37031924,-75.61320366,5189
16--2480,2016/02/20,2:35 PM,GOULBOURN FORCED RD btwn INNOVATION DR & KANATA ROCKERIES PRIV (__8JUUXR),__8JUUXR,04 - At/near private drive,03 - P.D. only,02 - Angle,02 - Rain,01 - Daylight,04 - Slush,10 - No control,,2,0,0,0,,0,,,,,349304.5584,5022389.194,45.34003852,-75.93213136,5190
16--2481,2016/02/20,2:43 PM,ST. LAURENT BLVD @ MCARTHUR AVE (0008246),8246,03 - At intersection,03 - P.D. only,02 - Angle,02 - Rain,01 - Daylight,02 - Wet,01 - Traffic signal,01 - Functioning,2,0,0,0,,0,,,,,371922.3924,5032886.453,45.4326894,-75.64213209,5191
16--2482,2016/02/20,2:50 PM,CYRVILLE RD btwn STAR TOP RD & MEADOWBROOK RD (__3ZA3SN),__3ZA3SN,04 - At/near private drive,03 - P.D. only,02 - Angle,02 - Rain,01 - Daylight,02 - Wet,10 - No control,,2,0,0,0,,0,,,,,374290.8981,5031328.791,45.41844304,-75.6120844,5192
16--2483,2016/02/20,2:55 PM,DUNDONALD DR @ GREENBANK RD (0013623),13623,03 - At intersection,03 - P.D. only,02 - Angle,02 - Rain,01 - Daylight,02 - Wet,02 - Stop sign,01 - Functioning,2,0,0,0,,0,,,,,365090.6441,5012122.311,45.24647859,-75.73196813,5193
16--2484,2016/02/20,3:30 AM,WEST RIDGE DR btwn BALLYBOY ST & PARLOR PL (__5RG32K),__5RG32K,04 - At/near private drive,03 - P.D. only,02 - Angle,03 - Snow,07 - Dark,05 - Packed snow,10 - No control,,2,0,0,0,,0,,,,,349251.6723,5012998.524,45.25554167,-75.93364798,5194
16--2485,2016/02/20,3:30 PM,ST. JOSEPH BLVD @ TENTH LINE RD (0009163),9163,02 - Intersection related,03 - P.D. only,03 - Rear end,02 - Rain,01 - Daylight,04 - Slush,01 - Traffic signal,01 - Functioning,2,0,0,0,,0,,,,,382891.0258,5038667.119,45.48356003,-75.5010477,5195
16--2486,2016/02/20,3:57 AM,FALLOWFIELD RD @ STRANDHERD DR (0005238),5238,02 - Intersection related,03 - P.D. only,03 - Rear end,02 - Rain,07 - Dark,04 - Slush,01 - Traffic signal,01 - Functioning,2,0,0,0,,0,,,,,360752.4468,5014963.264,45.27240006,-75.78690727,5196
16--2487,2016/02/20,4:17 AM,CLARENCE ST @ CUMBERLAND ST (0008412),8412,03 - At intersection,03 - P.D. only,02 - Angle,03 - Snow,07 - Dark,03 - Loose snow,02 - Stop sign,01 - Functioning,2,0,0,0,,0,,,,,368213.356,5032607.368,45.43052446,-75.68956703,5197
16--2488,2016/02/20,4:30 PM,THIRD AVE btwn BANK ST & O'CONNOR ST (__3ZA92G),__3ZA92G,01 - Non intersection,03 - P.D. only,06 - SMV unattended vehicle,03 - Snow,01 - Daylight,04 - Slush,10 - No control,,1,0,0,0,,0,,,,,368356.2394,5029563.011,45.4031194,-75.68813378,5198
16--2489,2016/02/20,5:07 PM,RIVERSIDE DR @ TREMBLAY RD/HWY417 IC117 RAMP52 (0010790),10790,03 - At intersection,03 - P.D. only,07 - SMV other,02 - Rain,05 - Dusk,02 - Wet,01 - Traffic signal,01 - Functioning,1,0,0,0,,0,,,,,370801.8561,5031016.13,45.41596768,-75.65670231,5199
16--249,2016/01/07,11:34 AM,OGILVIE RD btwn CUMMINGS AVE & BEAULIEU PL (__54PO0D),__54PO0D,01 - Non intersection,02 - Non-fatal injury,04 - Sideswipe,01 - Clear,01 - Daylight,02 - Wet,10 - No control,,2,0,0,0,02 - Minor,1,,1,,,372947.0295,5032280.75,45.42714048,-75.6291219,5200
16--2490,2016/02/20,5:13 PM,BANK ST @ DAVIDSON RD/LESTER RD (0008797),8797,02 - Intersection related,03 - P.D. only,05 - Turning movement,02 - Rain,01 - Daylight,02 - Wet,01 - Traffic signal,01 - Functioning,2,0,0,0,,0,,,,,373672.2083,5022924.186,45.34288325,-75.62116115,5201
16--2491,2016/02/20,5:55 PM,BANK ST @ PORTLAND AVE (0006964),6964,03 - At intersection,02 - Non-fatal injury,02 - Angle,02 - Rain,07 - Dark,02 - Wet,02 - Stop sign,01 - Functioning,2,0,0,0,01 - Minimal,1,1,,,,370106.9396,5026553.633,45.37588092,-75.66617098,5202
16--2492,2016/02/20,6:30 AM,HIGHWAY 417 btwn Continuation of HIGHWAY 417 & HWY417 IC144 RAMP16 (__3ZA2Q6),__3ZA2Q6,01 - Non intersection,03 - P.D. only,07 - SMV other,02 - Rain,03 - Dawn,04 - Slush,10 - No control,,1,0,0,0,,0,,,,,347371.7781,5015837.81,45.28120695,-75.95735493,5203
16--2493,2016/02/20,6:38 AM,HIGHWAY 416 btwn HWY416 IC57 RAMP53 & HWY416 IC49 RAMP34 (__3ZAZJC),__3ZAZJC,01 - Non intersection,03 - P.D. only,07 - SMV other,02 - Rain,03 - Dawn,04 - Slush,10 - No control,,1,0,0,0,,0,,,,,365731.106,5006329.77,45.19430186,-75.72451904,5204
16--2494,2016/02/20,7:14 AM,PRINCE OF WALES DR @ WEST HUNT CLUB RD (0000567),567,03 - At intersection,02 - Non-fatal injury,02 - Angle,02 - Rain,03 - Dawn,04 - Slush,01 - Traffic signal,01 - Functioning,2,0,0,0,02 - Minor,2,,2,,,367458.9298,5021890.845,45.33416795,-75.70056795,5205
16--2495,2016/02/20,7:25 AM,HIGHWAY 417 btwn HWY417 IC144 RAMP35 & HWY417 IC144 RAMP25 (__3ZA2QT),__3ZA2QT,01 - Non intersection,03 - P.D. only,07 - SMV other,02 - Rain,01 - Daylight,04 - Slush,10 - No control,,1,0,0,0,,0,,,,,347410.8767,5015820.432,45.28104821,-75.95685808,5206
16--2496,2016/02/20,7:30 AM,DIAMONDVIEW RD btwn DONALD B. MUNRO DR & WILLIAM HODGINS LANE (__3ZAZNV),__3ZAZNV,01 - Non intersection,03 - P.D. only,07 - SMV other,02 - Rain,01 - Daylight,04 - Slush,10 - No control,,1,0,0,0,,0,,,,,339241.3118,5020889.274,45.3271078,-76.06063626,5207
16--1956,2016/02/13,9:28 AM,AVIATION PKWY @ MONTREAL RD (0008799),8799,03 - At intersection,03 - P.D. only,05 - Turning movement,01 - Clear,01 - Daylight,01 - Dry,01 - Traffic signal,01 - Functioning,2,0,0,0,,0,,,,,372147.0437,5034108.888,45.44366668,-75.63909398,5208
16--2049,2016/02/16,11:23 PM,QUEEN MARY ST btwn QUILL ST & EDITH AVE (__3ZA8J8),__3ZA8J8,01 - Non intersection,03 - P.D. only,06 - SMV unattended vehicle,03 - Snow,07 - Dark,05 - Packed snow,10 - No control,,1,0,0,0,,0,,,,,370896.5388,5032018.364,45.42497642,-75.65535824,5209
16--1957,2016/02/13,9:35 PM,HWY417 IC119A RAMP75 btwn METCALFE ST & HIGHWAY 417 (__3ZAY9U),__3ZAY9U,01 - Non intersection,02 - Non-fatal injury,07 - SMV other,01 - Clear,07 - Dark,01 - Dry,10 - No control,,1,0,0,0,01 - Minimal,1,1,,,,368591.4679,5030506.324,45.41158562,-75.68500723,5210
16--2139,2016/02/17,11:57 AM,INNES RD btwn TENTH LINE RD & 240 E OF TENTH LINE RD/HOME DEPOT E (__3ZBOGOA),__3ZBOGOA,01 - Non intersection,03 - P.D. only,04 - Sideswipe,01 - Clear,01 - Daylight,04 - Slush,10 - No control,,2,0,0,0,,0,,,,,383962.2866,5036164.712,45.46092504,-75.48774927,5211
16--205,2016/01/06,2:40 PM,BRONSON AVE @ CATHERINE ST/RAYMOND ST (0007198),7198,02 - Intersection related,03 - P.D. only,04 - Sideswipe,01 - Clear,01 - Daylight,02 - Wet,01 - Traffic signal,01 - Functioning,2,0,0,0,,0,,,,,367252.928,5029797.225,45.40532609,-75.70219641,5212
16--214,2016/01/06,4:29 PM,WEST HUNT CLUB RD @ ANTARES DR/LASER ST (0000116),116,02 - Intersection related,02 - Non-fatal injury,03 - Rear end,01 - Clear,01 - Daylight,01 - Dry,01 - Traffic signal,01 - Functioning,2,0,0,0,01 - Minimal,1,1,,,,367108.3699,5022082.16,45.33592058,-75.70501604,5213
16--2227,2016/02/17,8:15 AM,BAY ST @ COOPER ST (0006763),6763,03 - At intersection,03 - P.D. only,02 - Angle,03 - Snow,01 - Daylight,03 - Loose snow,02 - Stop sign,01 - Functioning,2,0,0,0,,0,,,,,367202.1601,5030719.877,45.41363237,-75.70272809,5214
16--2050,2016/02/16,11:24 PM,COVENTRY RD @ VANIER PKWY (0002139),2139,03 - At intersection,03 - P.D. only,07 - SMV other,03 - Snow,07 - Dark,03 - Loose snow,01 - Traffic signal,01 - Functioning,1,0,0,0,,0,,,,,370676.6044,5031612.362,45.42134413,-75.65822275,5215
16--2140,2016/02/17,12:19 PM,IRIS ST btwn LAZARD ST & FIELD ST (__3ZAALF),__3ZAALF,04 - At/near private drive,03 - P.D. only,99 - Other,03 - Snow,01 - Daylight,03 - Loose snow,10 - No control,,2,0,0,0,,0,,,,,362584.0002,5024627.768,45.35921297,-75.76243944,5216
16--2228,2016/02/17,8:15 AM,INNES RD @ TENTH LINE RD (0004633),4633,03 - At intersection,03 - P.D. only,03 - Rear end,01 - Clear,01 - Daylight,05 - Packed snow,01 - Traffic signal,01 - Functioning,2,0,0,0,,0,,,,,383951.0884,5036158.889,45.46087392,-75.48789337,5217
16--2051,2016/02/16,11:49 AM,ST. JOSEPH BLVD/OLD MONTREAL RD @ TRIM RD (0004118),4118,03 - At intersection,03 - P.D. only,07 - SMV other,03 - Snow,01 - Daylight,03 - Loose snow,11 - Roundabout,01 - Functioning,1,0,0,0,,0,,,,,384682.1413,5039286.175,45.48892704,-75.47803839,5218
16--2052,2016/02/16,12:15 PM,JOCKVALE RD/RIDEAU VALLEY DR @ PRINCE OF WALES (0004638),4638,03 - At intersection,03 - P.D. only,99 - Other,03 - Snow,01 - Daylight,03 - Loose snow,01 - Traffic signal,01 - Functioning,2,0,0,0,,0,,,,,366707.8524,5012197.713,45.24701667,-75.71135934,5219
16--2053,2016/02/16,12:15 PM,NICHOLAS ST SB btwn LAURIER AVE E & Continuation of NICHOLAS ST (__3ZA3MG),__3ZA3MG,01 - Non intersection,03 - P.D. only,04 - Sideswipe,03 - Snow,01 - Daylight,03 - Loose snow,10 - No control,,2,0,0,0,,0,,,,,368455.086,5031718.577,45.42250548,-75.68659286,5220
16--2054,2016/02/16,12:30 PM,HIGHWAY 417 btwn HWY417 IC134 RAMP36 & HWY417 IC134 RAMP26 (__3ZA29C),__3ZA29C,01 - Non intersection,03 - P.D. only,04 - Sideswipe,03 - Snow,01 - Daylight,03 - Loose snow,10 - No control,,2,0,0,0,,0,,,,,356412.9356,5022290.838,45.33866656,-75.84144586,5221
16--2055,2016/02/16,12:50 PM,BANK ST btwn PATTERSON AVE & POWELL AVE (__3ZA3OE),__3ZA3OE,01 - Non intersection,02 - Non-fatal injury,03 - Rear end,03 - Snow,01 - Daylight,03 - Loose snow,10 - No control,,2,0,0,0,01 - Minimal,1,1,,,,368164.6112,5029966.123,45.40676385,-75.69052959,5222
16--2056,2016/02/16,2:50 PM,MANCINI WAY btwn INFUSION PRIV E & INFUSION PRIV W (__8176PK),__8176PK,04 - At/near private drive,03 - P.D. only,02 - Angle,03 - Snow,01 - Daylight,05 - Packed snow,10 - No control,,2,0,0,0,,0,,,,,364921.741,5014725.701,45.26991838,-75.73380457,5223
16--2057,2016/02/16,2:53 PM,ALBERT ST @ BRONSON AVE (0002160),2160,02 - Intersection related,02 - Non-fatal injury,01 - Approaching,03 - Snow,01 - Daylight,03 - Loose snow,01 - Traffic signal,01 - Functioning,2,0,0,0,01 - Minimal,1,1,,,,366741.082,5031017.722,45.41635326,-75.70858098,5224
16--2058,2016/02/16,2:54 PM,CUMBERLAND ST @ LAURIER AVE (0007751),7751,03 - At intersection,03 - P.D. only,04 - Sideswipe,03 - Snow,01 - Daylight,03 - Loose snow,01 - Traffic signal,01 - Functioning,2,0,0,0,,0,,,,,368598.6226,5031947.436,45.42455159,-75.68472924,5225
16--2059,2016/02/16,3:00 PM,BRONSON AVE btwn BREWER WAY & RIVERSIDE DR RAMPS 34B & 42A-3 (__3ZA3BR),__3ZA3BR,01 - Non intersection,03 - P.D. only,07 - SMV other,03 - Snow,01 - Daylight,05 - Packed snow,10 - No control,,1,0,0,0,,0,,,,,368114.9712,5027754.088,45.38686511,-75.69144758,5226
16--206,2016/01/06,2:48 PM,HERON RD @ BRIAR HILL DR/SANDALWOOD DR (0007190),7190,03 - At intersection,03 - P.D. only,05 - Turning movement,01 - Clear,01 - Daylight,02 - Wet,01 - Traffic signal,01 - Functioning,2,0,0,0,,0,,,,,371452.712,5027013.279,45.37988992,-75.6489282,5227
16--2060,2016/02/16,3:19 PM,INNES RD @ O'TOOLE RD (0004713),4713,03 - At intersection,03 - P.D. only,02 - Angle,03 - Snow,01 - Daylight,05 - Packed snow,02 - Stop sign,03 - Obscured,2,0,0,0,,0,,,,,389105.4436,5038307.223,45.47959928,-75.42162735,5228
16--2061,2016/02/16,3:24 PM,BRONSON AVE @ CATHERINE ST/RAYMOND ST (0007198),7198,03 - At intersection,03 - P.D. only,02 - Angle,03 - Snow,01 - Daylight,03 - Loose snow,01 - Traffic signal,01 - Functioning,2,0,0,0,,0,,,,,367252.9748,5029795.768,45.40531298,-75.702196,5229
16--2062,2016/02/16,3:31 PM,MERIVALE RD @ SHILLINGTON AVE (0011308),11308,03 - At intersection,03 - P.D. only,07 - SMV other,03 - Snow,01 - Daylight,03 - Loose snow,01 - Traffic signal,01 - Functioning,1,0,0,0,,0,,,,,364844.0283,5026810.204,45.37866026,-75.73332951,5230
16--2063,2016/02/16,3:55 PM,DENHAM WAY btwn VICTOR ST & IVA ST (__3ZACRW),__3ZACRW,01 - Non intersection,03 - P.D. only,06 - SMV unattended vehicle,03 - Snow,01 - Daylight,05 - Packed snow,10 - No control,,1,0,0,0,,0,,,,,350435.4861,5015213.934,45.2754009,-75.91836241,5231
16--2064,2016/02/16,4:00 PM,TOPLEY CRES btwn KARSH DR & KEYS WAY (2) (__3ZA8NC),__3ZA8NC,04 - At/near private drive,03 - P.D. only,02 - Angle,03 - Snow,01 - Daylight,03 - Loose snow,10 - No control,,2,0,0,0,,0,,,,,373812.5908,5026381.841,45.37398003,-75.61888727,5232
16--1958,2016/02/13,9:45 AM,ROGER STEVENS DR btwn HWY416 IC49 RAMP24 & SECOND LINE RD S (__3ZAZFF),__3ZAZFF,01 - Non intersection,03 - P.D. only,07 - SMV other,05 - Drifting Snow,01 - Daylight,06 - Ice,10 - No control,,1,0,0,0,,0,,,,,369925.731,5001461.579,45.15012288,-75.67177391,5233
16--2065,2016/02/16,4:04 PM,CORKSTOWN RD btwn MOODIE DR & CRYSTAL BEACH DR (__3ZABA2),__3ZABA2,04 - At/near private drive,03 - P.D. only,07 - SMV other,03 - Snow,01 - Daylight,03 - Loose snow,10 - No control,,1,0,0,0,,0,,,,,356865.5015,5022668.451,45.34203091,-75.835632,5234
16--2066,2016/02/16,4:28 PM,BANK ST @ WALKLEY RD (0011423),11423,03 - At intersection,03 - P.D. only,04 - Sideswipe,03 - Snow,01 - Daylight,03 - Loose snow,01 - Traffic signal,01 - Functioning,2,0,0,0,,0,,,,,370336.7543,5025948.833,45.37041767,-75.6633173,5235
16--2067,2016/02/16,4:30 PM,KINGHAVEN CRES btwn KINGHAVEN CRES & STONEHAVEN DR (__8OCG8Y),__8OCG8Y,04 - At/near private drive,03 - P.D. only,02 - Angle,03 - Snow,01 - Daylight,03 - Loose snow,10 - No control,,2,0,0,0,,0,,,,,355405.949,5017058.29,45.29165663,-75.85482816,5236
16--2068,2016/02/16,4:35 PM,HIGHWAY 417 btwn Continuation of HIGHWAY 417 & HWY417 IC144 RAMP16 (__3ZA2Q6),__3ZA2Q6,01 - Non intersection,03 - P.D. only,99 - Other,03 - Snow,01 - Daylight,05 - Packed snow,10 - No control,,2,0,0,0,,0,,,,,347355.2699,5015827.383,45.28111412,-75.95756624,5237
16--2069,2016/02/16,4:50 PM,HIGHWAY 417 btwn REGIONAL ROAD 174 & HWY417 IC113 RAMP85 (__3ZA289),__3ZA289,01 - Non intersection,02 - Non-fatal injury,04 - Sideswipe,03 - Snow,01 - Daylight,03 - Loose snow,10 - No control,,2,0,0,0,02 - Minor,1,,1,,,373756.1884,5031786.56,45.42261471,-75.61885174,5238