Anom_ID,Accident_Date,Accident_Time,Location,Geo_ID,Accident_Location,Classification_of_Accident,Initial_Impact_Type,Environment_Condition,Light,Road_Surface_Condition,Traffic_Control,Traffic_Control_Condition,No__of_Vehicles,No__of_Bicycles,No__of_Motorcycles,No__of_Pedestrians,Max_Injury,No__of_Injuries,No__of_Minimal,No__of_Minor,No__of_Major,No__of_Fatal,X,Y,Latitude,Longitude,ObjectId
16--207,2016/01/06,3:00 PM,LYON ST    N btwn SPARKS ST & WELLINGTON ST (__5D2JZR),__5D2JZR,01 - Non intersection,03 - P.D. only,03 - Rear end,01 - Clear,01 - Daylight,01 - Dry,10 - No control,,2,0,0,0,,0,,,,,366951.7979,5031424.106,45.41999109,-75.70583768,5239
16--2070,2016/02/16,5:10 PM,HIGHWAY 417 btwn HWY417 IC104 RAMP15 & HWY417 IC96 RAMP51 (__3ZA2W4),__3ZA2W4,01 - Non intersection,03 - P.D. only,07 - SMV other,03 - Snow,05 - Dusk,03 - Loose snow,10 - No control,,1,0,0,0,,0,,,,,384863.0855,5024997.261,45.36034727,-75.47804634,5240
16--2071,2016/02/16,5:15 PM,WESLOCK WAY btwn WALDEN DR & ZOKOL CRES (__3ZA47N),__3ZA47N,01 - Non intersection,03 - P.D. only,06 - SMV unattended vehicle,03 - Snow,05 - Dusk,03 - Loose snow,10 - No control,,1,0,0,0,,0,,,,,350645.0528,5021232.356,45.32954271,-75.91513499,5241
16--2072,2016/02/16,5:25 PM,CYRVILLE RD btwn STAR TOP RD & MEADOWBROOK RD (__3ZA3SN),__3ZA3SN,01 - Non intersection,03 - P.D. only,01 - Approaching,03 - Snow,07 - Dark,03 - Loose snow,10 - No control,,2,0,0,0,,0,,,,,374243.007,5031332.9,45.41848476,-75.61269567,5242
16--2073,2016/02/16,5:46 PM,EAGLESON RD @ PALOMINO DR S/ROTHESAY DR (0003134),3134,03 - At intersection,03 - P.D. only,02 - Angle,03 - Snow,05 - Dusk,03 - Loose snow,01 - Traffic signal,01 - Functioning,2,0,0,0,,0,,,,,354124.8564,5017289.115,45.29382473,-75.87113677,5243
16--2074,2016/02/16,5:51 PM,TENTH LINE RD @ LAKEPOINTE DR (0013369),13369,02 - Intersection related,03 - P.D. only,03 - Rear end,03 - Snow,07 - Dark,05 - Packed snow,01 - Traffic signal,01 - Functioning,2,0,0,0,,0,,,,,384261.7313,5035420.346,45.45419392,-75.48404115,5244
16--2075,2016/02/16,6:00 PM,BEAUSOLEIL DR btwn OLD ST. PATRICK ST & MURRAY ST (__3ZA7CD),__3ZA7CD,01 - Non intersection,03 - P.D. only,06 - SMV unattended vehicle,03 - Snow,05 - Dusk,04 - Slush,10 - No control,,1,0,0,0,,0,,,,,368540.7273,5032948.306,45.43356234,-75.68533946,5245
16--2076,2016/02/16,6:10 AM,INNES RD @ TENTH LINE RD (0004633),4633,02 - Intersection related,03 - P.D. only,03 - Rear end,03 - Snow,07 - Dark,05 - Packed snow,01 - Traffic signal,01 - Functioning,2,0,0,0,,0,,,,,383951.5383,5036159.339,45.46087792,-75.48788755,5246
16--2077,2016/02/16,6:14 PM,TENTH LINE RD btwn TOMPKINS AVE & CANOTIA PL (__3ZA1TD),__3ZA1TD,01 - Non intersection,03 - P.D. only,03 - Rear end,03 - Snow,07 - Dark,03 - Loose snow,10 - No control,,2,0,0,0,,0,,,,,383214.7831,5037884.302,45.47648067,-75.49703176,5247
16--2078,2016/02/16,6:25 AM,HIGHWAY 417 btwn HWY417 IC140 RAMP35 & HWY417 IC140 RAMP25 (__3ZA2QP),__3ZA2QP,01 - Non intersection,03 - P.D. only,04 - Sideswipe,03 - Snow,"08 - Dark, artificial",03 - Loose snow,10 - No control,,2,0,0,0,,0,,,,,350956.5451,5018565.479,45.30552507,-75.91140986,5248
16--2079,2016/02/16,6:29 PM,ERINBROOK CRES @ SOUTHVALE CRES E (0008278),8278,02 - Intersection related,03 - P.D. only,03 - Rear end,03 - Snow,07 - Dark,03 - Loose snow,10 - No control,,3,0,0,0,,0,,,,,374114.4087,5029183.213,45.3991557,-75.61464088,5249
16--208,2016/01/06,3:35 PM,ISABELLA ST btwn O'CONNOR ST & METCALFE ST (__3ZA3PW),__3ZA3PW,01 - Non intersection,03 - P.D. only,04 - Sideswipe,01 - Clear,01 - Daylight,01 - Dry,10 - No control,,2,0,0,0,,0,,,,,368363.5987,5030349.32,45.41019369,-75.68793841,5250
16--2080,2016/02/16,6:30 PM,EAGLE LANE @ MEADOWLANDS DR (0001748),1748,03 - At intersection,03 - P.D. only,02 - Angle,05 - Drifting Snow,07 - Dark,03 - Loose snow,02 - Stop sign,01 - Functioning,2,0,0,0,,0,,,,,365278.8967,5024421.087,45.357126,-75.72806988,5251
16--2081,2016/02/16,6:36 PM,KING EDWARD AVE @ ST. PATRICK ST (0002714),2714,02 - Intersection related,02 - Non-fatal injury,03 - Rear end,03 - Snow,07 - Dark,05 - Packed snow,01 - Traffic signal,01 - Functioning,2,0,0,0,02 - Minor,1,,1,,,368248.4773,5032824.261,45.4324728,-75.68909027,5252
16--2082,2016/02/16,6:49 PM,CHAMBERLAIN AVE @ PERCY ST (0007715),7715,03 - At intersection,03 - P.D. only,02 - Angle,03 - Snow,07 - Dark,03 - Loose snow,01 - Traffic signal,01 - Functioning,2,0,0,0,,0,,,,,367558.9349,5029824.781,45.40554666,-75.69828421,5253
16--2083,2016/02/16,6:50 AM,HAWTHORNE RD/RUSSELL RD @ WALKLEY RD (0002618),2618,02 - Intersection related,03 - P.D. only,03 - Rear end,03 - Snow,03 - Dawn,04 - Slush,01 - Traffic signal,01 - Functioning,2,0,0,0,,0,,,,,374674.1542,5028500.461,45.39295699,-75.60758878,5254
16--2084,2016/02/16,6:52 AM,HAZELDEAN RD @ TERRY FOX DR (0003682),3682,03 - At intersection,02 - Non-fatal injury,02 - Angle,02 - Rain,03 - Dawn,03 - Loose snow,01 - Traffic signal,01 - Functioning,2,0,0,0,01 - Minimal,1,1,,,,352206.9391,5017242.675,45.29353887,-75.89559214,5255
16--2085,2016/02/16,6:55 AM,BLACKBURN BYPASS @ INNES RD E (0009245),9245,02 - Intersection related,03 - P.D. only,07 - SMV other,03 - Snow,03 - Dawn,05 - Packed snow,01 - Traffic signal,01 - Functioning,1,0,0,0,,0,,,,,379792.2387,5033781.81,45.43994553,-75.54142735,5256
16--2086,2016/02/16,6:58 AM,FISHER AVE @ VIEWMOUNT DR (0005076),5076,02 - Intersection related,03 - P.D. only,07 - SMV other,03 - Snow,03 - Dawn,03 - Loose snow,01 - Traffic signal,01 - Functioning,1,0,0,0,,0,,,,,366918.7093,5024209.737,45.35508095,-75.70716846,5257
16--2087,2016/02/16,7:00 PM,MEADOWBROOK RD @ RIDGEBROOK DR N (0008678),8678,02 - Intersection related,03 - P.D. only,06 - SMV unattended vehicle,03 - Snow,07 - Dark,03 - Loose snow,02 - Stop sign,01 - Functioning,1,0,0,0,,0,,,,,374693.5121,5032097.788,45.42532195,-75.60683155,5258
16--2088,2016/02/16,7:01 PM,CARLING AVE btwn ARCHIBALD ST & 73 E OF ARCHIBALD ST/WESTGATE SC W (__3ZA4TFA),__3ZA4TFA,04 - At/near private drive,02 - Non-fatal injury,03 - Rear end,03 - Snow,07 - Dark,03 - Loose snow,10 - No control,,2,0,0,0,01 - Minimal,1,1,,,,364680.0275,5027565.121,45.3854669,-75.7353318,5259
16--2089,2016/02/16,7:06 AM,BANK ST @ CATHERINE ST (0002708),2708,03 - At intersection,03 - P.D. only,02 - Angle,03 - Snow,03 - Dawn,03 - Loose snow,01 - Traffic signal,01 - Functioning,2,0,0,0,,0,,,,,368040.3713,5030267.35,45.40948543,-75.69207793,5260
16--209,2016/01/06,3:45 PM,HERON RD @ FINN CRT (0012186),12186,03 - At intersection,03 - P.D. only,02 - Angle,01 - Clear,01 - Daylight,02 - Wet,01 - Traffic signal,01 - Functioning,2,0,0,0,,0,,,,,370831.4948,5026945.038,45.37933474,-75.65686863,5261
16--2090,2016/02/16,7:18 PM,LEMIEUX ST @ ST. LAURENT BLVD (0002021),2021,03 - At intersection,03 - P.D. only,02 - Angle,03 - Snow,07 - Dark,04 - Slush,01 - Traffic signal,01 - Functioning,2,0,0,0,,0,,,,,372391.0661,5031742.784,45.42235407,-75.63629978,5262
16--2091,2016/02/16,7:23 PM,CYRVILLE RD btwn ST. LAURENT BLVD & CYRVILLE RD (__3ZA2TE),__3ZA2TE,01 - Non intersection,03 - P.D. only,03 - Rear end,03 - Snow,07 - Dark,03 - Loose snow,10 - No control,,2,0,0,0,,0,,,,,372274.4771,5032107.585,45.42564763,-75.63773945,5263
16--2092,2016/02/16,7:25 PM,JEANNE D'ARC BLVD  S btwn OR174 IC105 RAMP52 & OR174 IC105 RAMP53 (__3ZA2BY),__3ZA2BY,01 - Non intersection,02 - Non-fatal injury,03 - Rear end,03 - Snow,07 - Dark,05 - Packed snow,10 - No control,,2,0,0,0,02 - Minor,3,2,1,,,379460.4595,5036907.969,45.4681079,-75.5451931,5264
16--2093,2016/02/16,7:30 AM,CARLSBAD LANE @ RUSSELL RD (0004717),4717,02 - Intersection related,02 - Non-fatal injury,07 - SMV other,03 - Snow,01 - Daylight,05 - Packed snow,02 - Stop sign,01 - Functioning,1,0,0,0,02 - Minor,1,,1,,,388197.4814,5025629.272,45.36564482,-75.4353855,5265
16--2094,2016/02/16,7:30 AM,HIGHWAY 417 btwn HWY417 IC96 RAMP51 & HIGHWAY 417 (__3ZA2W3),__3ZA2W3,01 - Non intersection,02 - Non-fatal injury,07 - SMV other,03 - Snow,01 - Daylight,03 - Loose snow,10 - No control,,1,0,0,0,01 - Minimal,1,1,,,,387341.5912,5023847.045,45.34971119,-75.44660714,5266
16--2095,2016/02/16,7:38 AM,CARLING AVE btwn ULLSWATER DR & SUNNY BRAE AVE (__3ZA4ZB),__3ZA4ZB,04 - At/near private drive,03 - P.D. only,03 - Rear end,03 - Snow,01 - Daylight,04 - Slush,10 - No control,,2,0,0,0,,0,,,,,356862.8874,5023819.619,45.35238939,-75.83554418,5267
16--2096,2016/02/16,7:45 AM,CARLING AVE @ MERIVALE RD (0002148),2148,02 - Intersection related,03 - P.D. only,03 - Rear end,03 - Snow,01 - Daylight,03 - Loose snow,01 - Traffic signal,01 - Functioning,2,0,0,0,,0,,,,,364894.2446,5027699.396,45.38665674,-75.73258014,5268
16--2097,2016/02/16,7:45 AM,CEDARVIEW RD btwn WEST HUNT CLUB RD & LYTLE AVE (__3ZA1XV),__3ZA1XV,04 - At/near private drive,03 - P.D. only,07 - SMV other,03 - Snow,01 - Daylight,05 - Packed snow,10 - No control,,1,0,0,0,,0,,,,,360432.7735,5017670.787,45.29678795,-75.79067752,5269
16--2098,2016/02/16,7:49 PM,GREENBANK RD btwn WEST HUNT CLUB RD & FALLOWFIELD RD (__3ZA1NE),__3ZA1NE,01 - Non intersection,03 - P.D. only,03 - Rear end,03 - Snow,07 - Dark,03 - Loose snow,10 - No control,,2,0,0,0,,0,,,,,363077.1631,5016744.749,45.2882411,-75.75707292,5270
16--2099,2016/02/16,7:51 PM,SOUTHLAND CRES btwn KARSH DR & KARSH DR (__3ZA8NP),__3ZA8NP,01 - Non intersection,02 - Non-fatal injury,07 - SMV other,03 - Snow,07 - Dark,03 - Loose snow,10 - No control,,1,0,0,1,01 - Minimal,1,1,,,,373783.4192,5026134.571,45.37175808,-75.6192942,5271
16--21,2016/01/01,5:50 PM,MCARTHUR AVE btwn LACASSE AVE & CARMEN AVE (__3ZA3W8),__3ZA3W8,01 - Non intersection,03 - P.D. only,04 - Sideswipe,01 - Clear,07 - Dark,01 - Dry,10 - No control,,2,0,0,0,,0,,,,,370860.3599,5032760.816,45.4316601,-75.65572092,5272
16--210,2016/01/06,3:55 PM,REGIONAL ROAD 174 btwn Continuation of REGIONAL ROAD 174 & OR174 IC112 (__3ZA2YI),__3ZA2YI,01 - Non intersection,03 - P.D. only,04 - Sideswipe,01 - Clear,01 - Daylight,01 - Dry,10 - No control,,2,0,0,0,,0,,,,,373979.4184,5032226.032,45.42654681,-75.61593784,5273
16--2100,2016/02/16,7:58 AM,INNES RD @ STAR TOP RD/WINDMILL LANE (0008734),8734,02 - Intersection related,03 - P.D. only,03 - Rear end,03 - Snow,01 - Daylight,05 - Packed snow,01 - Traffic signal,01 - Functioning,2,0,0,0,,0,,,,,374147.9453,5030666.341,45.41249683,-75.61400397,5274
16--2101,2016/02/16,8:00 PM,HIGHWAY 417 btwn HWY417 IC117 RAMP25 & HWY417 IC115 RAMP51 (__3ZA2R3),__3ZA2R3,01 - Non intersection,03 - P.D. only,07 - SMV other,01 - Clear,"08 - Dark, artificial",05 - Packed snow,10 - No control,,1,0,0,0,,0,,,,,371539.0689,5031394.605,45.4193031,-75.64723281,5275
16--2102,2016/02/16,8:05 AM,ALTA VISTA DR btwn CRESTVIEW RD & ROGER RD (__3ZBOSG),__3ZBOSG,01 - Non intersection,03 - P.D. only,03 - Rear end,03 - Snow,01 - Daylight,03 - Loose snow,10 - No control,,2,0,0,0,,0,,,,,370396.279,5028849.349,45.39650994,-75.66217203,5276
16--2103,2016/02/16,8:06 AM,OR174 IC112 RAMP61 btwn OR174 IC112 RAMP36 & REGIONAL ROAD 174 (__3ZAY87),__3ZAY87,01 - Non intersection,03 - P.D. only,03 - Rear end,03 - Snow,01 - Daylight,05 - Packed snow,10 - No control,,2,0,0,0,,0,,,,,374681.054,5033017.261,45.43359611,-75.60686026,5277
16--2104,2016/02/16,8:12 PM,HIGHWAY 417 btwn HWY417 IC104 RAMP15 & HWY417 IC96 RAMP51 (__3ZA2W4),__3ZA2W4,01 - Non intersection,03 - P.D. only,99 - Other,03 - Snow,07 - Dark,03 - Loose snow,10 - No control,,2,0,0,0,,0,,,,,384856.7354,5025005.728,45.36042417,-75.47812601,5278
16--2105,2016/02/16,8:15 AM,HERON RD EB btwn RIVERSIDE DR & BRONSON AVE RAMP 35 (__5FD4WD),__5FD4WD,01 - Non intersection,03 - P.D. only,99 - Other,03 - Snow,01 - Daylight,03 - Loose snow,10 - No control,,2,0,0,0,,0,,,,,368617.6511,5026688.76,45.37723398,-75.68516657,5279
16--2106,2016/02/16,8:30 AM,LAURIER AVE   E btwn RUSSELL AVE & CHAPEL ST (__3ZA3V3),__3ZA3V3,01 - Non intersection,03 - P.D. only,06 - SMV unattended vehicle,03 - Snow,01 - Daylight,05 - Packed snow,10 - No control,,1,0,0,0,,0,,,,,369111.9035,5032260.853,45.4273246,-75.67812988,5280
16--2107,2016/02/16,8:30 PM,HIGHWAY 417 btwn HWY417 IC115 RAMP35 & HIGHWAY 417 (__3ZA2US),__3ZA2US,01 - Non intersection,03 - P.D. only,03 - Rear end,01 - Clear,"08 - Dark, artificial",05 - Packed snow,10 - No control,,2,0,0,0,,0,,,,,372488.043,5031503.305,45.42018997,-75.63509362,5281
16--2108,2016/02/16,8:33 PM,MEADOWLANDS DR btwn BAYNE AVE & MERIVALE RD (__3ZA4HT),__3ZA4HT,04 - At/near private drive,03 - P.D. only,03 - Rear end,03 - Snow,07 - Dark,05 - Packed snow,10 - No control,,2,0,0,0,,0,,,,,364807.86,5023697.515,45.35065587,-75.73416929,5282
16--2109,2016/02/16,8:45 AM,HIGHWAY 417 btwn HWY417 IC96 RAMP51 & HIGHWAY 417 (__3ZA2W3),__3ZA2W3,01 - Non intersection,03 - P.D. only,04 - Sideswipe,03 - Snow,01 - Daylight,03 - Loose snow,10 - No control,,2,0,0,0,,0,,,,,387385.4406,5023840.255,45.34964494,-75.44604876,5283
16--211,2016/01/06,3:57 PM,240 S OF CHARLEMAGNE BLVD/DES EPINETTES AVE @ TENTH LINE RD (0014362),14362,02 - Intersection related,02 - Non-fatal injury,03 - Rear end,01 - Clear,01 - Daylight,02 - Wet,01 - Traffic signal,01 - Functioning,2,0,0,0,01 - Minimal,1,1,,,,383736.1826,5036677.455,45.46556382,-75.49055768,5284
16--2110,2016/02/16,8:50 PM,FALLOWFIELD RD @ WOODROFFE AVE (0010372),10372,02 - Intersection related,03 - P.D. only,04 - Sideswipe,03 - Snow,07 - Dark,03 - Loose snow,01 - Traffic signal,01 - Functioning,2,0,0,0,,0,,,,,365085.15,5017902.48,45.29848894,-75.73133632,5285
16--2111,2016/02/16,9:01 AM,REGIONAL ROAD 174 btwn OLD MONTREAL RD & OLD MONTREAL RD (__3ZA27O),__3ZA27O,01 - Non intersection,02 - Non-fatal injury,07 - SMV other,03 - Snow,01 - Daylight,03 - Loose snow,10 - No control,,1,0,0,0,01 - Minimal,1,1,,,,393417.1421,5042795.102,45.51944132,-75.36567537,5286
16--2112,2016/02/16,9:08 AM,KLONDIKE RD @ MARCH RD (0003096),3096,03 - At intersection,03 - P.D. only,07 - SMV other,03 - Snow,01 - Daylight,03 - Loose snow,01 - Traffic signal,01 - Functioning,1,0,0,0,,0,,,,,349263.6429,5024061.397,45.35508798,-75.93250307,5287
16--2113,2016/02/16,9:23 AM,SLATER ST btwn LYON ST N & KENT ST (__3ZA3CT),__3ZA3CT,01 - Non intersection,03 - P.D. only,03 - Rear end,03 - Snow,01 - Daylight,03 - Loose snow,10 - No control,,2,0,0,0,,0,,,,,367112.1137,5031158.79,45.4175896,-75.70382295,5288
16--2114,2016/02/16,9:30 AM,LANGSTROM CRES btwn JOHNSTON RD & JOHNSTON RD (__3ZBO8M),__3ZBO8M,04 - At/near private drive,03 - P.D. only,06 - SMV unattended vehicle,03 - Snow,01 - Daylight,03 - Loose snow,10 - No control,,1,0,0,0,,0,,,,,373624.6057,5026309.663,45.37334909,-75.62129713,5289
16--2115,2016/02/16,9:32 AM,HIGHWAY 417 btwn HWY417 IC122 RAMP51 & HWY417 IC122 RAMP15 (__3ZA2R0),__3ZA2R0,01 - Non intersection,02 - Non-fatal injury,99 - Other,01 - Clear,01 - Daylight,06 - Ice,10 - No control,,2,0,0,0,01 - Minimal,2,2,,,,365321.7161,5028864.165,45.39710027,-75.72697885,5290
16--2116,2016/02/16,9:36 AM,BALSAM ST btwn PRESTON ST & ROCHESTER ST (__3ZAAJN),__3ZAAJN,04 - At/near private drive,03 - P.D. only,02 - Angle,03 - Snow,01 - Daylight,03 - Loose snow,10 - No control,,2,0,0,0,,0,,,,,366532.4454,5029819.521,45.40559062,-75.71139653,5291
16--2117,2016/02/16,9:45 AM,HIGHWAY 417 btwn HWY417 IC88 RAMP15 & END (__3ZA27T),__3ZA27T,01 - Non intersection,03 - P.D. only,07 - SMV other,03 - Snow,01 - Daylight,03 - Loose snow,10 - No control,,1,0,0,0,,0,,,,,395335.8946,5022448.545,45.3361427,-75.34485998,5292
16--2118,2016/02/16,9:53 AM,OLD SECOND LINE RD @ TERRY FOX DR (0013616),13616,03 - At intersection,03 - P.D. only,07 - SMV other,03 - Snow,01 - Daylight,03 - Loose snow,01 - Traffic signal,01 - Functioning,1,0,0,0,,0,,,,,348795.2,5022408.413,45.34024358,-75.93862864,5293
16--2119,2016/02/17,1:07 PM,RIVER RD btwn RIDEAU RD & KNOTT CRES (__3ZBOG5),__3ZBOG5,01 - Non intersection,02 - Non-fatal injury,01 - Approaching,05 - Drifting Snow,01 - Daylight,03 - Loose snow,10 - No control,,2,0,0,0,01 - Minimal,1,1,,,,368058.8053,5012351.783,45.24828286,-75.69413172,5294
16--212,2016/01/06,4:15 PM,MERIVALE RD @ WEST HUNT CLUB RD (0000584),584,02 - Intersection related,03 - P.D. only,03 - Rear end,01 - Clear,05 - Dusk,01 - Dry,01 - Traffic signal,01 - Functioning,2,0,0,0,,0,,,,,365610.4438,5021943.624,45.33480547,-75.72414311,5295
16--2120,2016/02/17,1:10 PM,GIBBARD AVE @ GREENBANK RD (0000557),557,02 - Intersection related,03 - P.D. only,03 - Rear end,01 - Clear,01 - Daylight,01 - Dry,02 - Stop sign,01 - Functioning,2,0,0,0,,0,,,,,361430.3498,5020617.59,45.32322365,-75.77762258,5296
16--2121,2016/02/17,1:19 PM,CARLING AVE WB btwn SHERBOURNE RD & BROADVIEW AVE (__3ZA4U0),__3ZA4U0,01 - Non intersection,03 - P.D. only,01 - Approaching,03 - Snow,01 - Daylight,03 - Loose snow,10 - No control,,2,0,0,0,,0,,,,,363027.2712,5026540.669,45.37638836,-75.75655651,5297
16--2122,2016/02/17,1:25 PM,BANK ST @ SOMERSET ST (0010858),10858,03 - At intersection,03 - P.D. only,03 - Rear end,03 - Snow,01 - Daylight,03 - Loose snow,01 - Traffic signal,01 - Functioning,2,1,0,0,,0,,,,,367694.7029,5030916.69,45.41535914,-75.69641069,5298
16--2123,2016/02/17,1:27 PM,ST. ANDREW ST btwn CUMBERLAND ST & KING EDWARD AVE (__3ZA7C9),__3ZA7C9,01 - Non intersection,03 - P.D. only,06 - SMV unattended vehicle,03 - Snow,01 - Daylight,05 - Packed snow,10 - No control,,1,0,0,0,,0,,,,,368107.4171,5032936.83,45.43349844,-75.69087845,5299
16--2124,2016/02/17,10:00 AM,FISHER AVE btwn APPLEBY PRIV & TURN LANE (__3ZA34M),__3ZA34M,01 - Non intersection,03 - P.D. only,99 - Other,03 - Snow,01 - Daylight,03 - Loose snow,10 - No control,,2,0,0,0,,0,,,,,366974.6925,5024080.421,45.35391243,-75.70647027,5300
16--2125,2016/02/17,10:02 AM,BOURASSA ST @ ST. LAURENT BLVD (0007731),7731,03 - At intersection,03 - P.D. only,02 - Angle,03 - Snow,01 - Daylight,04 - Slush,01 - Traffic signal,01 - Functioning,2,0,0,0,,0,,,,,373235.6221,5029694.223,45.40383998,-75.62579347,5301
16--2126,2016/02/17,10:05 PM,LOLA ST @ DONALD ST (0008513),8513,03 - At intersection,03 - P.D. only,03 - Rear end,01 - Clear,07 - Dark,06 - Ice,01 - Traffic signal,01 - Functioning,3,0,0,0,,0,,,,,371094.3439,5032359.228,45.42802465,-75.6527849,5302
16--2127,2016/02/17,10:05 PM,CRESTWAY DR @ HATHAWAY DR (0010166),10166,03 - At intersection,03 - P.D. only,03 - Rear end,06 - Strong wind,07 - Dark,06 - Ice,02 - Stop sign,01 - Functioning,2,0,0,0,,0,,,,,366392.8108,5015843.269,45.27984689,-75.71492025,5303
16--2128,2016/02/17,10:11 PM,ALESTHER ST @ DONALD ST (0008493),8493,02 - Intersection related,03 - P.D. only,03 - Rear end,03 - Snow,07 - Dark,06 - Ice,02 - Stop sign,01 - Functioning,2,0,0,0,,0,,,,,371993.1111,5032461.365,45.42885786,-75.64128637,5304
16--2129,2016/02/17,10:17 PM,CUMMINGS AVE @ OGILVIE RD (0009923),9923,02 - Intersection related,02 - Non-fatal injury,03 - Rear end,01 - Clear,07 - Dark,06 - Ice,01 - Traffic signal,01 - Functioning,2,0,0,0,01 - Minimal,1,1,,,,372748.4982,5032170.808,45.42617059,-75.63167388,5305
16--213,2016/01/06,4:15 PM,ROSEWOOD AVE btwn GEORGINA DR & EDGEWORTH AVE (__3ZABX3),__3ZABX3,04 - At/near private drive,03 - P.D. only,06 - SMV unattended vehicle,01 - Clear,01 - Daylight,01 - Dry,10 - No control,,1,0,0,0,,0,,,,,361174.5552,5025229.059,45.3647381,-75.7803597,5306
16--2130,2016/02/17,10:22 PM,PRINCE OF WALES DR btwn CRESTWAY DR & WINDING WAY (__3ZA26E),__3ZA26E,01 - Non intersection,02 - Non-fatal injury,01 - Approaching,01 - Clear,07 - Dark,06 - Ice,10 - No control,,2,0,0,0,02 - Minor,2,,2,,,367394.4826,5016830.238,45.28863907,-75.70202939,5307
16--2131,2016/02/17,10:23 PM,MONTREAL RD @ VANIER PKWY (0004630),4630,02 - Intersection related,03 - P.D. only,99 - Other,01 - Clear,07 - Dark,06 - Ice,01 - Traffic signal,01 - Functioning,2,0,0,0,,0,,,,,370072.0146,5033065.824,45.43447846,-75.66575479,5308
16--2132,2016/02/17,10:37 AM,ST. LAURENT BLVD @ JOLIFFE ST (0008914),8914,02 - Intersection related,02 - Non-fatal injury,03 - Rear end,01 - Clear,01 - Daylight,06 - Ice,01 - Traffic signal,01 - Functioning,3,0,0,0,01 - Minimal,3,3,,,,373751.8326,5028417.48,45.39230179,-75.61937857,5309
16--2133,2016/02/17,10:40 AM,STRANDHERD DR @ WOODROFFE AVE (0009688),9688,02 - Intersection related,03 - P.D. only,03 - Rear end,03 - Snow,01 - Daylight,06 - Ice,01 - Traffic signal,01 - Functioning,2,0,0,0,,0,,,,,366106.3795,5015394.473,45.27583369,-75.71862628,5310
16--2134,2016/02/17,10:46 AM,WEST HUNT CLUB RD WB btwn 210 W OF MERIVALE RD & MERIVALE RD (__3ZA3JCB),__3ZA3JCB,04 - At/near private drive,03 - P.D. only,03 - Rear end,01 - Clear,01 - Daylight,02 - Wet,10 - No control,,2,0,0,0,,0,,,,,365559.9455,5021909.502,45.33450282,-75.72479153,5311
16--2135,2016/02/17,10:47 PM,HIGHWAY 417 btwn HWY417 IC121A RAMP16 & HWY417 IC121A RAMP61 (__3ZA2YY),__3ZA2YY,01 - Non intersection,02 - Non-fatal injury,04 - Sideswipe,01 - Clear,07 - Dark,06 - Ice,10 - No control,,2,0,0,0,01 - Minimal,1,1,,,,367277.0716,5029765.078,45.40503469,-75.70189209,5312
16--2316,2016/02/18,4:20 PM,MACKENZIE AVE btwn 205 N OF RIDEAU ST & RIDEAU ST (__3ZA8H8A),__3ZA8H8A,01 - Non intersection,03 - P.D. only,04 - Sideswipe,01 - Clear,01 - Daylight,05 - Packed snow,10 - No control,,2,0,0,0,,0,,,,,367815.1053,5032097.197,45.42597012,-75.69472151,5313
16--2141,2016/02/17,12:23 PM,GREENBANK RD @ LISA AVE (0002753),2753,03 - At intersection,03 - P.D. only,05 - Turning movement,01 - Clear,01 - Daylight,03 - Loose snow,01 - Traffic signal,01 - Functioning,2,0,0,0,,0,,,,,360553.7566,5022894.181,45.34377859,-75.78854709,5314
16--2317,2016/02/18,4:29 PM,REGIONAL ROAD 174 btwn OR174 IC105 RAMP63 & OR174 IC102 RAMP36 (__3ZA27F),__3ZA27F,01 - Non intersection,03 - P.D. only,03 - Rear end,01 - Clear,01 - Daylight,06 - Ice,10 - No control,,2,0,0,0,,0,,,,,380685.6588,5037753.792,45.47558589,-75.52939606,5315
16--2142,2016/02/17,12:30 PM,IPSWICH TER btwn BEACON WAY & BEACON WAY (__3ZA585),__3ZA585,01 - Non intersection,03 - P.D. only,01 - Approaching,03 - Snow,01 - Daylight,03 - Loose snow,10 - No control,,2,0,0,0,,0,,,,,349130.7416,5023023.952,45.34576123,-75.93429224,5316
16--2229,2016/02/17,8:17 PM,CAMBRIAN RD/GOLFLINKS DR W @ LONGFIELDS DR (0009702),9702,02 - Intersection related,03 - P.D. only,03 - Rear end,01 - Clear,07 - Dark,01 - Dry,11 - Roundabout,01 - Functioning,2,0,0,0,,0,,,,,365382.9103,5013223.636,45.25636323,-75.72811111,5317
16--2143,2016/02/17,12:35 AM,DALHOUSIE ST @ ST. ANDREW ST (0008429),8429,02 - Intersection related,03 - P.D. only,01 - Approaching,01 - Clear,07 - Dark,03 - Loose snow,02 - Stop sign,01 - Functioning,2,0,0,0,,0,,,,,367870.4836,5032783.363,45.43213901,-75.69392601,5318
16--2318,2016/02/18,4:41 PM,RIVERSIDE DR NB btwn HWY417 IC117 RAMP25 & VANIER PKWY (__3ZA4SG),__3ZA4SG,07 - Overpass or bridge,02 - Non-fatal injury,03 - Rear end,01 - Clear,01 - Daylight,02 - Wet,10 - No control,,3,0,0,0,01 - Minimal,1,1,,,,370814.715,5031190.947,45.41753939,-75.65651461,5319
16--2144,2016/02/17,12:50 PM,MCCARTHY RD @ WALKLEY RD (0006969),6969,03 - At intersection,03 - P.D. only,02 - Angle,03 - Snow,01 - Daylight,03 - Loose snow,01 - Traffic signal,01 - Functioning,2,0,0,0,,0,,,,,369249.7652,5025299.487,45.36467584,-75.67727773,5320