Anom_ID,Accident_Date,Accident_Time,Location,Geo_ID,Accident_Location,Classification_of_Accident,Initial_Impact_Type,Environment_Condition,Light,Road_Surface_Condition,Traffic_Control,Traffic_Control_Condition,No__of_Vehicles,No__of_Bicycles,No__of_Motorcycles,No__of_Pedestrians,Max_Injury,No__of_Injuries,No__of_Minimal,No__of_Minor,No__of_Major,No__of_Fatal,X,Y,Latitude,Longitude,ObjectId
16--223,2016/01/06,5:40 PM,HIGHWAY 417 btwn HWY417 IC118 RAMP35 & HWY417 IC117 RAMP51 (__3ZA2YP),__3ZA2YP,01 - Non intersection,03 - P.D. only,03 - Rear end,01 - Clear,07 - Dark,01 - Dry,10 - No control,,3,0,0,0,,0,,,,,369816.7095,5031136.581,45.41714368,-75.66927217,5321
16--2319,2016/02/18,4:46 PM,COOPER ST @ METCALFE ST (0006940),6940,03 - At intersection,03 - P.D. only,02 - Angle,01 - Clear,01 - Daylight,02 - Wet,02 - Stop sign,01 - Functioning,2,0,0,0,,0,,,,,367963.4219,5031178.163,45.41768758,-75.69294417,5322
16--2145,2016/02/17,2:00 PM,HAWTHORNE RD @ HUNT CLUB RD (0007651),7651,02 - Intersection related,03 - P.D. only,03 - Rear end,01 - Clear,01 - Daylight,01 - Dry,01 - Traffic signal,01 - Functioning,2,0,0,0,,0,,,,,375508.1405,5026407.31,45.37404015,-75.5972385,5323
16--2230,2016/02/17,8:20 AM,GENEST ST @ MARQUETTE AVE (0009310),9310,02 - Intersection related,03 - P.D. only,03 - Rear end,01 - Clear,01 - Daylight,05 - Packed snow,02 - Stop sign,01 - Functioning,2,0,0,0,,0,,,,,369841.9294,5033961.821,45.44256171,-75.66857681,5324
16--2231,2016/02/17,8:20 AM,HIGHWAY 417 btwn HIGHWAY 417 & Continuation of HIGHWAY 417 (__3ZAZOB),__3ZAZOB,01 - Non intersection,03 - P.D. only,03 - Rear end,01 - Clear,01 - Daylight,06 - Ice,10 - No control,,2,0,0,0,,0,,,,,352968.1742,5020221.536,45.32029155,-75.88559793,5325
16--2232,2016/02/17,8:21 AM,HIGHWAY 417 btwn HIGHWAY 417 & Continuation of HIGHWAY 417 (__3ZAZOB),__3ZAZOB,01 - Non intersection,03 - P.D. only,04 - Sideswipe,01 - Clear,01 - Daylight,06 - Ice,10 - No control,,2,0,0,0,,0,,,,,352961.0166,5020213.356,45.32021844,-75.88569002,5326
16--2233,2016/02/17,8:25 AM,BUNCHBERRY WAY btwn WILLOWMERE WAY N & WILLOWMERE WAY S (__8A9OOG),__8A9OOG,04 - At/near private drive,03 - P.D. only,02 - Angle,01 - Clear,01 - Daylight,03 - Loose snow,10 - No control,,2,0,0,0,,0,,,,,373943.544,5019726.737,45.31408707,-75.61814577,5327
16--2234,2016/02/17,8:25 AM,HIGHWAY 417 btwn HWY417 IC142 RAMP35 & HWY417 IC142 RAMP25 (__3ZA1ZO),__3ZA1ZO,01 - Non intersection,03 - P.D. only,03 - Rear end,01 - Clear,01 - Daylight,06 - Ice,10 - No control,,2,0,0,0,,0,,,,,348947.4475,5017222.288,45.29356776,-75.93714828,5328
16--2235,2016/02/17,8:25 PM,CHAMPLAIN ST @ JEANNE D'ARC BLVD (0004106),4106,03 - At intersection,03 - P.D. only,02 - Angle,03 - Snow,07 - Dark,06 - Ice,01 - Traffic signal,01 - Functioning,2,0,0,0,,0,,,,,381379.9667,5038724.264,45.48424157,-75.52036561,5329
16--2236,2016/02/17,8:29 AM,INNES RD @ JEANNE D'ARC BLVD/MER BLEUE RD (0012475),12475,03 - At intersection,03 - P.D. only,05 - Turning movement,01 - Clear,01 - Daylight,02 - Wet,01 - Traffic signal,01 - Functioning,2,0,0,0,,0,,,,,382637.5316,5035567.776,45.45570317,-75.50478085,5330
16--2237,2016/02/17,8:29 PM,EARL MULLIGAN DR @ MOUNTSHANNON DR (0000020),20,02 - Intersection related,03 - P.D. only,03 - Rear end,03 - Snow,07 - Dark,06 - Ice,02 - Stop sign,01 - Functioning,3,0,0,0,,0,,,,,364813.0229,5017243.789,45.29258536,-75.73488546,5331
16--2238,2016/02/17,8:29 PM,CYRVILLE RD btwn CYRVILLE RD & OGILVIE RD (__3ZA2CD),__3ZA2CD,04 - At/near private drive,03 - P.D. only,02 - Angle,01 - Clear,07 - Dark,06 - Ice,10 - No control,,2,0,0,0,,0,,,,,372407.5482,5032036.202,45.42499251,-75.63604892,5332
16--2239,2016/02/17,8:33 AM,METCALFE ST @ WELLINGTON ST (0002227),2227,02 - Intersection related,03 - P.D. only,03 - Rear end,03 - Snow,01 - Daylight,05 - Packed snow,01 - Traffic signal,01 - Functioning,2,0,0,0,,0,,,,,367564.7525,5031817.345,45.42347461,-75.69795614,5333
16--224,2016/01/06,6:01 PM,CHAMPLAIN ST @ JEANNE D'ARC BLVD (0004106),4106,03 - At intersection,02 - Non-fatal injury,05 - Turning movement,01 - Clear,07 - Dark,01 - Dry,01 - Traffic signal,01 - Functioning,2,0,0,0,02 - Minor,2,1,1,,,381380.4033,5038723.379,45.48423356,-75.52036017,5334
16--2240,2016/02/17,8:33 AM,CATHERINE ST @ KENT ST (0002707),2707,02 - Intersection related,03 - P.D. only,04 - Sideswipe,01 - Clear,01 - Daylight,03 - Loose snow,01 - Traffic signal,01 - Functioning,2,0,0,0,,0,,,,,367906.3298,5030188.335,45.40878657,-75.69380031,5335
16--2241,2016/02/17,8:33 PM,JEANNE D'ARC BLVD @ ORLEANS BLVD S (0004154),4154,03 - At intersection,02 - Non-fatal injury,02 - Angle,03 - Snow,07 - Dark,03 - Loose snow,01 - Traffic signal,01 - Functioning,2,0,0,0,02 - Minor,1,,1,,,380940.6345,5036250.193,45.46202998,-75.52636827,5336
16--2242,2016/02/17,8:34 PM,EARL MULLIGAN DR @ WOODROFFE AVE (0000591),591,02 - Intersection related,03 - P.D. only,99 - Other,03 - Snow,07 - Dark,06 - Ice,01 - Traffic signal,01 - Functioning,2,0,0,0,,0,,,,,365250.4792,5017505.794,45.29490537,-75.72927684,5337
16--2243,2016/02/17,8:40 AM,ROBERTSON RD @ VANIER RD (0000640),640,02 - Intersection related,03 - P.D. only,03 - Rear end,01 - Clear,01 - Daylight,05 - Packed snow,01 - Traffic signal,01 - Functioning,2,0,0,0,,0,,,,,357394.5561,5020645.703,45.32379059,-75.82909655,5338
16--2244,2016/02/17,8:43 PM,INNES RD @ TENTH LINE RD (0004633),4633,02 - Intersection related,02 - Non-fatal injury,03 - Rear end,01 - Clear,07 - Dark,06 - Ice,01 - Traffic signal,01 - Functioning,4,0,0,0,01 - Minimal,1,1,,,,383951.9823,5036159.783,45.46088186,-75.4878818,5339
16--2245,2016/02/17,8:44 PM,BANK ST btwn BANK ST EXTENSION NB & JOHNSTON RD (__3ZA37U),__3ZA37U,07 - Overpass or bridge,03 - P.D. only,03 - Rear end,04 - Freezing Rain,07 - Dark,06 - Ice,10 - No control,,2,0,0,0,,0,,,,,370763.1622,5025021.193,45.36203106,-75.65799795,5340
16--2246,2016/02/17,8:44 PM,MCCARTHY RD @ PLANTE DR N (0007480),7480,03 - At intersection,03 - P.D. only,02 - Angle,01 - Clear,07 - Dark,06 - Ice,01 - Traffic signal,01 - Functioning,2,0,0,0,,0,,,,,369606.3806,5024193.728,45.35469366,-75.67287088,5341
16--2247,2016/02/17,8:45 PM,GREENBANK RD @ STRANDHERD DR (0005563),5563,02 - Intersection related,03 - P.D. only,99 - Other,03 - Snow,07 - Dark,05 - Packed snow,01 - Traffic signal,01 - Functioning,2,0,0,0,,0,,,,,363933.018,5014785.527,45.27054052,-75.74639669,5342
16--2248,2016/02/17,8:46 PM,INNES RD btwn PAGE RD & 473 E OF PAGE RD/BUILDERS' WAREHOUSE SC (__3ZAYFDA),__3ZAYFDA,04 - At/near private drive,03 - P.D. only,02 - Angle,01 - Clear,07 - Dark,05 - Packed snow,10 - No control,,2,0,0,0,,0,,,,,380974.0975,5034591.387,45.44710171,-75.52619735,5343
16--2249,2016/02/17,8:46 PM,TENTH LINE RD btwn AMIENS ST & 275 N OF DES EPINETTES AVE/FALLINGBROOK (__3ZA3YNA),__3ZA3YNA,01 - Non intersection,03 - P.D. only,03 - Rear end,03 - Snow,07 - Dark,06 - Ice,10 - No control,,2,0,0,0,,0,,,,,383430.8633,5037383.985,45.47195497,-75.49434848,5344
16--225,2016/01/06,6:35 AM,ST. LAURENT BLVD @ TREMBLAY RD (0002573),2573,03 - At intersection,03 - P.D. only,05 - Turning movement,01 - Clear,07 - Dark,01 - Dry,01 - Traffic signal,01 - Functioning,2,0,0,0,,0,,,,,372595.7241,5031241.884,45.4178274,-75.63375382,5345
16--2250,2016/02/17,8:48 PM,BANK ST btwn BANK ST EXTENSION NB & JOHNSTON RD (__3ZA37U),__3ZA37U,01 - Non intersection,03 - P.D. only,03 - Rear end,03 - Snow,07 - Dark,06 - Ice,10 - No control,,2,0,0,0,,0,,,,,370808.4453,5024933.424,45.36123708,-75.65743171,5346
16--2251,2016/02/17,8:50 PM,CUMMINGS AVE @ OGILVIE RD (0009923),9923,03 - At intersection,03 - P.D. only,05 - Turning movement,01 - Clear,07 - Dark,06 - Ice,01 - Traffic signal,01 - Functioning,2,0,0,0,,0,,,,,372750.0979,5032170.356,45.42616637,-75.6316535,5347
16--2252,2016/02/17,8:50 PM,HIGHWAY 417 btwn HWY417 IC122 RAMP16 & HWY417 IC122 RAMP61 (__3ZA2RA),__3ZA2RA,01 - Non intersection,03 - P.D. only,04 - Sideswipe,06 - Strong wind,07 - Dark,06 - Ice,10 - No control,,2,0,0,0,,0,,,,,365327.5928,5028889.631,45.3973289,-75.72690067,5348
16--2253,2016/02/17,8:50 PM,HIGHWAY 417 btwn HWY417 IC122 RAMP16 & HWY417 IC122 RAMP61 (__3ZA2RA),__3ZA2RA,01 - Non intersection,03 - P.D. only,03 - Rear end,01 - Clear,07 - Dark,06 - Ice,10 - No control,,2,0,0,0,,0,,,,,365328.5723,5028891.59,45.39734644,-75.72688792,5349
16--2254,2016/02/17,8:55 AM,GREENBANK RD @ WEST HUNT CLUB RD (0005167),5167,02 - Intersection related,03 - P.D. only,03 - Rear end,01 - Clear,01 - Daylight,04 - Slush,01 - Traffic signal,01 - Functioning,2,0,0,0,,0,,,,,361479.4575,5020501.821,45.32217799,-75.77700947,5350
16--2255,2016/02/17,8:56 PM,MONTREAL RD @ VANIER PKWY (0004630),4630,02 - Intersection related,03 - P.D. only,03 - Rear end,01 - Clear,07 - Dark,06 - Ice,01 - Traffic signal,01 - Functioning,2,0,0,0,,0,,,,,370073.3757,5033065.814,45.43447824,-75.6657374,5351
16--2256,2016/02/17,8:58 AM,BAY ST @ GLADSTONE AVE (0007724),7724,03 - At intersection,03 - P.D. only,02 - Angle,01 - Clear,01 - Daylight,04 - Slush,02 - Stop sign,01 - Functioning,2,0,0,0,,0,,,,,367462.4887,5030288.342,45.40972629,-75.69945723,5352
16--2257,2016/02/17,9:00 PM,MARQUIS AVE E @ NASKAPI DR E (0009945),9945,03 - At intersection,03 - P.D. only,02 - Angle,03 - Snow,07 - Dark,05 - Packed snow,02 - Stop sign,01 - Functioning,2,0,0,0,,0,,,,,375275.9467,5034648.817,45.4482162,-75.59902433,5353
16--2258,2016/02/17,9:00 PM,COLONEL BY DR @ MAIN ST (0002626),2626,02 - Intersection related,03 - P.D. only,03 - Rear end,04 - Freezing Rain,07 - Dark,06 - Ice,02 - Stop sign,01 - Functioning,2,0,0,0,,0,,,,,368860.0997,5030914.131,45.41523039,-75.68152257,5354
16--2259,2016/02/17,9:02 PM,CUMMINGS AVE @ OGILVIE RD (0009923),9923,02 - Intersection related,03 - P.D. only,03 - Rear end,05 - Drifting Snow,07 - Dark,06 - Ice,01 - Traffic signal,01 - Functioning,2,0,0,0,,0,,,,,372748.5007,5032170.805,45.42617057,-75.63167385,5355
16--226,2016/01/06,6:43 AM,HAMMILL CRT E @ SEYTON DR (0010892),10892,03 - At intersection,03 - P.D. only,02 - Angle,01 - Clear,07 - Dark,03 - Loose snow,10 - No control,,2,0,0,0,,0,,,,,356864.6674,5019947.125,45.31754421,-75.83592886,5356
16--2260,2016/02/17,9:05 AM,HIGHWAY 417 btwn HWY417 IC144 RAMP35 & HWY417 IC144 RAMP25 (__3ZA2QT),__3ZA2QT,01 - Non intersection,03 - P.D. only,99 - Other,01 - Clear,01 - Daylight,06 - Ice,10 - No control,,2,0,0,0,,0,,,,,347420.1843,5015823.772,45.2810777,-75.95673915,5357
16--2261,2016/02/17,9:10 AM,DUNROBIN RD btwn DUNROBIN RD & MURPHY SIDE RD (__3ZA3EB),__3ZA3EB,01 - Non intersection,03 - P.D. only,03 - Rear end,05 - Drifting Snow,01 - Daylight,03 - Loose snow,10 - No control,,2,0,0,0,,0,,,,,343635.0342,5029952.868,45.40843545,-76.00387559,5358
16--2262,2016/02/17,9:17 AM,HOLLAND AVE/TUNNEY'S PASTURE @ SCOTT ST (0006494),6494,02 - Intersection related,03 - P.D. only,03 - Rear end,01 - Clear,01 - Daylight,05 - Packed snow,01 - Traffic signal,01 - Functioning,2,0,0,0,,0,,,,,364737.3033,5029595.809,45.40373372,-75.73435374,5359
16--2263,2016/02/17,9:17 PM,STRANDHERD DR btwn MCGARRY TER & LONGFIELDS DR (__4BRV6M),__4BRV6M,01 - Non intersection,03 - P.D. only,99 - Other,03 - Snow,07 - Dark,06 - Ice,10 - No control,,3,0,0,0,,0,,,,,364443.304,5015116.533,45.27347582,-75.73985431,5360
16--2264,2016/02/17,9:26 AM,DERBY ST btwn BYRON ST & END (__3ZA642),__3ZA642,04 - At/near private drive,03 - P.D. only,02 - Angle,01 - Clear,01 - Daylight,03 - Loose snow,10 - No control,,2,0,0,0,,0,,,,,385359.1727,5010876.176,45.23323868,-75.47400909,5361
16--2265,2016/02/17,9:26 AM,BEECH ST btwn PRESTON ST & ROCHESTER ST (__3ZA05Q),__3ZA05Q,01 - Non intersection,03 - P.D. only,06 - SMV unattended vehicle,03 - Snow,01 - Daylight,05 - Packed snow,10 - No control,,1,0,0,0,,0,,,,,366830.9782,5029331.487,45.40117303,-75.70764467,5362
16--2266,2016/02/17,9:28 PM,TENTH LINE RD @ CHARLEMAGNE BLVD S/DES EPINETT (0003686),3686,03 - At intersection,03 - P.D. only,02 - Angle,03 - Snow,07 - Dark,06 - Ice,01 - Traffic signal,01 - Functioning,2,0,0,0,,0,,,,,383640.9751,5036900.456,45.46758093,-75.49173924,5363
16--2267,2016/02/17,9:33 PM,BOOTH ST @ GLADSTONE AVE (0002211),2211,02 - Intersection related,03 - P.D. only,03 - Rear end,03 - Snow,07 - Dark,05 - Packed snow,01 - Traffic signal,01 - Functioning,2,0,0,0,,0,,,,,366769.3713,5029851.228,45.40585497,-75.70836622,5364
16--2268,2016/02/17,9:39 PM,WEST RIDGE DR @ FERNBANK RD (0010602),10602,03 - At intersection,03 - P.D. only,02 - Angle,03 - Snow,07 - Dark,05 - Packed snow,02 - Stop sign,01 - Functioning,2,0,0,0,,0,,,,,350380.5932,5011669.127,45.24350704,-75.9193872,5365
16--2269,2016/02/17,9:52 AM,ADELINE ST @ PRESTON ST (0006113),6113,02 - Intersection related,03 - P.D. only,03 - Rear end,01 - Clear,01 - Daylight,01 - Dry,02 - Stop sign,01 - Functioning,2,0,0,0,,0,,,,,366778.9015,5029050.821,45.39865228,-75.70834508,5366
16--227,2016/01/06,6:43 PM,WILLOW GLEN DR @ BLUEMEADOW WAY N/HAWLEY CRES  (0004006),4006,03 - At intersection,03 - P.D. only,02 - Angle,01 - Clear,07 - Dark,01 - Dry,02 - Stop sign,01 - Functioning,2,0,0,0,,0,,,,,354428.5467,5017075.688,45.29188289,-75.86728648,5367
16--2270,2016/02/17,9:57 AM,PORTOBELLO BLVD @ CELESTE WAY/NESTING WAY (0009152),9152,02 - Intersection related,03 - P.D. only,03 - Rear end,01 - Clear,01 - Daylight,05 - Packed snow,02 - Stop sign,01 - Functioning,2,0,0,0,,0,,,,,385532.6516,5037116.339,45.46930715,-75.46751591,5368
16--2271,2016/02/18,1:20 PM,MARCH RD @ TERON RD (0011926),11926,03 - At intersection,02 - Non-fatal injury,02 - Angle,01 - Clear,01 - Daylight,02 - Wet,01 - Traffic signal,01 - Functioning,2,0,0,0,02 - Minor,2,,2,,,351415.7097,5021778.72,45.33440824,-75.90525246,5369
16--2272,2016/02/18,1:36 PM,PARKDALE AVE btwn HWY417 IC122 RAMP51 & SHERWOOD DR (__3ZA4PK),__3ZA4PK,04 - At/near private drive,03 - P.D. only,02 - Angle,01 - Clear,01 - Daylight,01 - Dry,10 - No control,,2,0,0,0,,0,,,,,365340.5184,5028837.015,45.39685436,-75.72674204,5370
16--2273,2016/02/18,1:46 PM,EARL ARMSTRONG RD @ SPRATT RD (0013063),13063,03 - At intersection,02 - Non-fatal injury,05 - Turning movement,01 - Clear,01 - Daylight,01 - Dry,01 - Traffic signal,01 - Functioning,2,0,0,0,03 - Major,1,,,1,,368396.9311,5015011.651,45.27218565,-75.68948422,5371
16--2274,2016/02/18,1:49 PM,PRESTON ST @ SIDNEY ST (0011959),11959,02 - Intersection related,03 - P.D. only,04 - Sideswipe,03 - Snow,01 - Daylight,04 - Slush,02 - Stop sign,01 - Functioning,2,0,0,0,,0,,,,,366809.6148,5028986.004,45.39806636,-75.70796096,5372
16--2275,2016/02/18,10:00 AM,LENESTER AVE @ MAITLAND AVE (0010867),10867,03 - At intersection,03 - P.D. only,02 - Angle,01 - Clear,01 - Daylight,05 - Packed snow,02 - Stop sign,01 - Functioning,2,0,0,0,,0,,,,,363078.9074,5026145.865,45.37283167,-75.75594387,5373
16--2276,2016/02/18,10:00 PM,CARLOTTA AVE btwn NORTH RIVER RD & MARGUERITE AVE (__3ZA7AX),__3ZA7AX,01 - Non intersection,03 - P.D. only,06 - SMV unattended vehicle,03 - Snow,07 - Dark,05 - Packed snow,10 - No control,,1,0,0,0,,0,,,,,369899.6147,5032580.634,45.43012899,-75.66802216,5374
16--2277,2016/02/18,10:01 AM,HENRI LAUZON ST btwn GREENRIDGE ST & BRYARTON ST (__5IBY9O),__5IBY9O,04 - At/near private drive,03 - P.D. only,02 - Angle,01 - Clear,01 - Daylight,05 - Packed snow,10 - No control,,2,0,0,0,,0,,,,,380488.9277,5036356.452,45.4630351,-75.53212718,5375
16--2278,2016/02/18,10:03 AM,KEYWORTH AVE btwn PONTIAC ST & CLEARVIEW AVE (__3ZAAIK),__3ZAAIK,04 - At/near private drive,03 - P.D. only,06 - SMV unattended vehicle,01 - Clear,01 - Daylight,05 - Packed snow,10 - No control,,1,0,0,0,,0,,,,,363729.8495,5029662.193,45.40441657,-75.74721402,5376
16--2279,2016/02/18,10:06 AM,LISGAR ST btwn BRONSON AVE & PERCY ST (__3ZA0XH),__3ZA0XH,01 - Non intersection,03 - P.D. only,06 - SMV unattended vehicle,01 - Clear,01 - Daylight,01 - Dry,10 - No control,,1,0,0,0,,0,,,,,366980.7546,5030689.494,45.4133787,-75.7055604,5377
16--228,2016/01/06,6:43 PM,BRONSON/HERON RAMP 42/BRONSON/HERON RAMP 52 @  (0002516),2516,02 - Intersection related,03 - P.D. only,03 - Rear end,01 - Clear,07 - Dark,01 - Dry,02 - Stop sign,01 - Functioning,2,0,0,0,,0,,,,,368752.5651,5026894.028,45.37906862,-75.68341755,5378
16--2280,2016/02/18,10:08 AM,EYE BRIGHT CRES btwn ROYAL FERN WAY & ROYAL FERN WAY (__6N37B1),__6N37B1,04 - At/near private drive,03 - P.D. only,06 - SMV unattended vehicle,01 - Clear,01 - Daylight,05 - Packed snow,10 - No control,,1,0,0,0,,0,,,,,369747.9638,5015906.188,45.28011108,-75.67215064,5379
16--2281,2016/02/18,10:29 AM,SECOND AVE @ BRONSON AVE (0007717),7717,03 - At intersection,03 - P.D. only,02 - Angle,01 - Clear,01 - Daylight,01 - Dry,02 - Stop sign,01 - Functioning,2,0,0,0,,0,,,,,367519.0998,5029162.141,45.39958799,-75.69887731,5380
16--2282,2016/02/18,10:34 AM,OGILVIE RD @ MATHESON RD/PALMERSTON DR (0012348),12348,03 - At intersection,03 - P.D. only,05 - Turning movement,01 - Clear,01 - Daylight,02 - Wet,01 - Traffic signal,01 - Functioning,2,0,0,0,,0,,,,,373380.0816,5032536.509,45.42939935,-75.62355278,5381
16--2283,2016/02/18,10:39 AM,CARLING AVE @ KIRKWOOD AVE N (0002358),2358,02 - Intersection related,03 - P.D. only,07 - SMV other,03 - Snow,01 - Daylight,05 - Packed snow,01 - Traffic signal,01 - Functioning,1,0,0,0,,0,,,,,364276.0267,5027493.534,45.38485719,-75.74049906,5382
16--2284,2016/02/18,10:45 PM,MAYFIELD ST @ MCARTHUR AVE (0009190),9190,03 - At intersection,02 - Non-fatal injury,02 - Angle,01 - Clear,07 - Dark,06 - Ice,02 - Stop sign,01 - Functioning,2,0,0,0,02 - Minor,1,,1,,,370065.7993,5032675.177,45.43096416,-75.665886,5383
16--2285,2016/02/18,11:02 PM,ALESTHER ST @ DONALD ST (0008493),8493,03 - At intersection,03 - P.D. only,02 - Angle,01 - Clear,07 - Dark,05 - Packed snow,02 - Stop sign,01 - Functioning,2,0,0,0,,0,,,,,371992.94,5032461.681,45.42886072,-75.64128851,5384
16--2286,2016/02/18,11:10 AM,GEORGE ST @ DALHOUSIE ST (0008516),8516,02 - Intersection related,03 - P.D. only,03 - Rear end,01 - Clear,01 - Daylight,06 - Ice,01 - Traffic signal,01 - Functioning,2,0,0,0,,0,,,,,368157.4731,5032314.916,45.42789815,-75.69031877,5385
16--2287,2016/02/18,11:33 AM,MCCARTHY RD btwn PLANTE DR & HUNT CLUB RD (__3ZA9BW),__3ZA9BW,01 - Non intersection,03 - P.D. only,99 - Other,01 - Clear,01 - Daylight,02 - Wet,10 - No control,,2,0,0,0,,0,,,,,370420.1431,5023601.497,45.34928925,-75.66256447,5386
16--2288,2016/02/18,11:44 AM,MERIVALE RD/LOTTA AVE @ CLYDE AVE (0001112),1112,02 - Intersection related,03 - P.D. only,03 - Rear end,03 - Snow,01 - Daylight,03 - Loose snow,01 - Traffic signal,01 - Functioning,2,0,0,0,,0,,,,,364522.5838,5024507.517,45.35796851,-75.73771187,5387
16--2289,2016/02/18,11:45 AM,CAVAN ST @ LAROSE AVE (0003070),3070,03 - At intersection,03 - P.D. only,02 - Angle,01 - Clear,01 - Daylight,02 - Wet,02 - Stop sign,01 - Functioning,2,0,0,0,,0,,,,,364480.5941,5026738.35,45.37804478,-75.73797828,5388
16--229,2016/01/06,7:20 AM,RICHMOND RD @ WEST HUNT CLUB RD (0000598),598,03 - At intersection,03 - P.D. only,05 - Turning movement,01 - Clear,03 - Dawn,02 - Wet,01 - Traffic signal,01 - Functioning,2,0,0,0,,0,,,,,357146.3978,5018150.586,45.30135778,-75.83252548,5389
16--2290,2016/02/18,Unknown,FELICITY CRES btwn FOUNTAINHEAD DR & SADDLERIDGE DR (__67PTI0),__67PTI0,01 - Non intersection,03 - P.D. only,06 - SMV unattended vehicle,01 - Clear,00 - Unknown,03 - Loose snow,10 - No control,,1,0,0,0,,0,,,,,381514.9831,5032134.102,45.42493383,-75.51966666,5390
16--2291,2016/02/18,Unknown,MAPLE GROVE RD btwn MONTSERRAT ST & LEVECHE WAY (__6O5EZS),__6O5EZS,01 - Non intersection,03 - P.D. only,06 - SMV unattended vehicle,01 - Clear,00 - Unknown,02 - Wet,10 - No control,,1,0,0,0,,0,,,,,350142.3694,5016599.573,45.28788829,-75.92197148,5391
16--2292,2016/02/18,Unknown,DALY AVE btwn CHARLOTTE ST & WURTEMBURG ST (__3ZA8IM),__3ZA8IM,01 - Non intersection,03 - P.D. only,06 - SMV unattended vehicle,01 - Clear,00 - Unknown,04 - Slush,10 - No control,,1,0,0,0,,0,,,,,369347.1248,5032729.241,45.43151731,-75.6750628,5392
16--2293,2016/02/18,12:00 PM,EDEN AVE @ RICHMOND RD (0006991),6991,02 - Intersection related,03 - P.D. only,04 - Sideswipe,01 - Clear,01 - Daylight,01 - Dry,02 - Stop sign,01 - Functioning,2,0,0,0,,0,,,,,363331.2306,5028361.24,45.39274426,-75.75246002,5393
16--2294,2016/02/18,12:00 PM,ERIN CRES btwn LILLICO DR & LILLICO DR (__3ZA9Z4),__3ZA9Z4,01 - Non intersection,03 - P.D. only,06 - SMV unattended vehicle,03 - Snow,01 - Daylight,05 - Packed snow,10 - No control,,1,0,0,0,,0,,,,,369882.5034,5023031.725,45.3442127,-75.6695,5394
16--2295,2016/02/18,12:15 PM,BRONSON AVE btwn CLEMOW AVE & CARLING AVE (__3ZA3OV),__3ZA3OV,01 - Non intersection,02 - Non-fatal injury,01 - Approaching,01 - Clear,01 - Daylight,01 - Dry,10 - No control,,4,0,0,0,02 - Minor,1,,1,,,367426.0587,5029383.984,45.4015924,-75.70003746,5395
16--2296,2016/02/18,12:15 PM,BOOTH ST btwn NORMAN ST & CARLING AVE (__3ZA4PF),__3ZA4PF,01 - Non intersection,03 - P.D. only,06 - SMV unattended vehicle,01 - Clear,01 - Daylight,01 - Dry,10 - No control,,1,0,0,0,,0,,,,,367053.6581,5029198.547,45.3999571,-75.70481731,5396
16--2297,2016/02/18,12:45 AM,BASELINE RD btwn FERGUSON ST & CORDOVA ST (__3ZA4HA),__3ZA4HA,04 - At/near private drive,03 - P.D. only,02 - Angle,01 - Clear,07 - Dark,02 - Wet,10 - No control,,2,0,0,0,,0,,,,,363508.6716,5024356.918,45.35669907,-75.75067002,5397
16--2298,2016/02/18,12:57 PM,HERON RD @ BRIAR HILL DR/SANDALWOOD DR (0007190),7190,03 - At intersection,03 - P.D. only,02 - Angle,01 - Clear,01 - Daylight,02 - Wet,01 - Traffic signal,01 - Functioning,2,0,0,0,,0,,,,,371451.8388,5027011.549,45.37987444,-75.64893958,5398
16--2299,2016/02/18,2:00 PM,MERIVALE RD @ CLEOPATRA DR (0000112),112,03 - At intersection,03 - P.D. only,05 - Turning movement,01 - Clear,01 - Daylight,02 - Wet,01 - Traffic signal,01 - Functioning,2,0,0,0,,0,,,,,365950.0174,5021122.684,45.32738925,-75.71991244,5399
16--23,2016/01/01,8:39 PM,CUBA AVE @ RUSSELL RD (0008390),8390,02 - Intersection related,03 - P.D. only,04 - Sideswipe,03 - Snow,07 - Dark,03 - Loose snow,02 - Stop sign,01 - Functioning,2,0,0,0,,0,,,,,373002.7504,5029505.54,45.40216503,-75.62879395,5400
16--230,2016/01/06,7:20 AM,HWY417 IC121A RAMP61 btwn CATHERINE ST & HIGHWAY 417 (__3ZAY9W),__3ZAY9W,01 - Non intersection,03 - P.D. only,03 - Rear end,01 - Clear,03 - Dawn,06 - Ice,10 - No control,,2,0,0,0,,0,,,,,367456.2614,5029872.723,45.40598723,-75.6995896,5401
16--2300,2016/02/18,2:04 PM,RUSSELL RD @ THIRSK ST (0008398),8398,03 - At intersection,03 - P.D. only,02 - Angle,03 - Snow,01 - Daylight,02 - Wet,02 - Stop sign,01 - Functioning,2,0,0,0,,0,,,,,372542.6471,5029955.251,45.406256,-75.63460875,5402
16--2301,2016/02/18,2:10 PM,REGIONAL ROAD 174 btwn OR174 IC112 RAMP36 & OR174 IC112 RAMP26 (__3ZAZFK),__3ZAZFK,01 - Non intersection,02 - Non-fatal injury,03 - Rear end,01 - Clear,01 - Daylight,02 - Wet,10 - No control,,3,0,0,0,02 - Minor,1,,1,,,374544.2672,5032651.771,45.43032129,-75.60866007,5403
16--2302,2016/02/18,2:14 PM,MONTREAL RD @ OGILVIE RD (0009279),9279,02 - Intersection related,03 - P.D. only,03 - Rear end,01 - Clear,01 - Daylight,01 - Dry,01 - Traffic signal,01 - Functioning,2,0,0,0,,0,,,,,375653.9068,5034554.516,45.44732952,-75.59420662,5404