Anom_ID,Accident_Date,Accident_Time,Location,Geo_ID,Accident_Location,Classification_of_Accident,Initial_Impact_Type,Environment_Condition,Light,Road_Surface_Condition,Traffic_Control,Traffic_Control_Condition,No__of_Vehicles,No__of_Bicycles,No__of_Motorcycles,No__of_Pedestrians,Max_Injury,No__of_Injuries,No__of_Minimal,No__of_Minor,No__of_Major,No__of_Fatal,X,Y,Latitude,Longitude,ObjectId
16--2303,2016/02/18,2:26 PM,COLONEL BY DR btwn RIDEAU ST & MACKENZIE AVE (__3ZA8JW),__3ZA8JW,04 - At/near private drive,02 - Non-fatal injury,99 - Other,01 - Clear,01 - Daylight,02 - Wet,10 - No control,,2,0,0,2,03 - Major,2,,1,1,,367969.8656,5031965.467,45.42477089,-75.6927609,5405
16--2304,2016/02/18,2:54 PM,EMOND ST btwn DESCHAMPS AVE & MONTREAL RD (__3ZA8SU),__3ZA8SU,01 - Non intersection,03 - P.D. only,01 - Approaching,01 - Clear,01 - Daylight,05 - Packed snow,10 - No control,,2,0,0,0,,0,,,,,370172.1793,5033173.961,45.43544208,-75.66446036,5406
16--2305,2016/02/18,3:15 PM,DALHOUSIE ST btwn CLARENCE ST & YORK ST (__3ZA82M),__3ZA82M,01 - Non intersection,03 - P.D. only,04 - Sideswipe,01 - Clear,01 - Daylight,02 - Wet,10 - No control,,2,0,0,0,,0,,,,,368047.4346,5032496.608,45.42954291,-75.69170154,5407
16--2306,2016/02/18,3:22 PM,CAHILL DR @ MCCARTHY RD (0007022),7022,03 - At intersection,03 - P.D. only,02 - Angle,01 - Clear,01 - Daylight,02 - Wet,02 - Stop sign,01 - Functioning,2,0,0,0,,0,,,,,370272.0765,5023736.672,45.35051936,-75.66443597,5408
16--2307,2016/02/18,3:30 PM,LYON ST @ WELLINGTON ST (0002388),2388,02 - Intersection related,03 - P.D. only,03 - Rear end,01 - Clear,01 - Daylight,06 - Ice,01 - Traffic signal,01 - Functioning,2,0,0,0,,0,,,,,366935.3238,5031426.311,45.4200124,-75.70604788,5409
16--2308,2016/02/18,3:30 PM,MANN AVE btwn CHAPEL ST & NANCY SMITH PRIV (__3ZBPMR),__3ZBPMR,01 - Non intersection,03 - P.D. only,04 - Sideswipe,03 - Snow,01 - Daylight,02 - Wet,10 - No control,,2,0,0,0,,0,,,,,369564.9353,5031558.946,45.42096731,-75.67243327,5410
16--2309,2016/02/18,3:34 PM,BEECHWOOD AVE btwn SPRINGFIELD RD & LOYER ST (__3ZA3MO),__3ZA3MO,01 - Non intersection,03 - P.D. only,05 - Turning movement,01 - Clear,01 - Daylight,02 - Wet,10 - No control,,2,0,0,0,,0,,,,,369241.8068,5033656.475,45.43986991,-75.67628729,5411
16--231,2016/01/06,7:20 AM,HWY417 IC131 RAMP55 btwn HIGHWAY 417 & HWY416 IC75B RAMP25 (__3ZAYG7),__3ZAYG7,01 - Non intersection,03 - P.D. only,07 - SMV other,01 - Clear,03 - Dawn,06 - Ice,10 - No control,,1,0,0,0,,0,,,,,358645.319,5022886.4,45.34385767,-75.81289901,5412
16--2310,2016/02/18,3:36 PM,FEATHERSTON DR E @ KILBORN AVE E (0008288),8288,03 - At intersection,03 - P.D. only,02 - Angle,01 - Clear,01 - Daylight,01 - Dry,02 - Stop sign,01 - Functioning,2,0,0,0,,0,,,,,372290.4853,5027963.91,45.38836311,-75.63810212,5413
16--2311,2016/02/18,3:46 PM,MOODIE DR @ HWY 417 MOODIE IC134R63 (0000649),649,03 - At intersection,03 - P.D. only,04 - Sideswipe,01 - Clear,01 - Daylight,02 - Wet,01 - Traffic signal,01 - Functioning,2,0,0,0,,0,,,,,356390.7604,5022479.546,45.3403662,-75.84170911,5414
16--2312,2016/02/18,3:50 PM,LAKERIDGE DR btwn HARVEST VALLEY AVE E & LAKERIDGE DR N (__5Z1RSW),__5Z1RSW,01 - Non intersection,03 - P.D. only,04 - Sideswipe,01 - Clear,01 - Daylight,01 - Dry,10 - No control,,2,0,0,0,,0,,,,,385056.7432,5034600.596,45.44672772,-75.47401189,5415
16--2313,2016/02/18,3:54 PM,CARLING AVE @ PARKDALE AVE (0008792),8792,03 - At intersection,03 - P.D. only,03 - Rear end,01 - Clear,01 - Daylight,05 - Packed snow,01 - Traffic signal,01 - Functioning,3,0,0,0,,0,,,,,365624.6023,5028172.181,45.39084771,-75.72319586,5416
16--2314,2016/02/18,4:00 PM,BOOTH ST btwn NORMAN ST & CARLING AVE (__3ZA4PF),__3ZA4PF,01 - Non intersection,03 - P.D. only,06 - SMV unattended vehicle,03 - Snow,01 - Daylight,05 - Packed snow,10 - No control,,1,0,0,0,,0,,,,,367017.2146,5029280.215,45.40069517,-75.70527247,5417
16--2315,2016/02/18,4:18 PM,ALBERT ST @ O'CONNOR ST (0002116),2116,02 - Intersection related,03 - P.D. only,04 - Sideswipe,01 - Clear,01 - Daylight,01 - Dry,01 - Traffic signal,01 - Functioning,2,0,0,0,,0,,,,,367537.2824,5031520.81,45.42080895,-75.6983449,5418
16--1959,2016/02/13,9:48 PM,HIGHWAY 417 btwn HWY417 IC119B RAMP57 & HWY417 IC119A RAMP75 (__3ZA1QN),__3ZA1QN,01 - Non intersection,03 - P.D. only,07 - SMV other,01 - Clear,07 - Dark,06 - Ice,10 - No control,,1,0,0,0,,0,,,,,368595.4367,5030519.818,45.41170667,-75.68495479,5419
16--2677,2016/02/25,10:33 PM,WOODROFFE AVE btwn KNOXDALE RD/MEDHURST DR & NORICE ST (__3ZA3JO),__3ZA3JO,01 - Non intersection,03 - P.D. only,03 - Rear end,03 - Snow,07 - Dark,06 - Ice,10 - No control,,2,0,0,0,,0,,,,,363382.14,5021926.354,45.33483965,-75.75257275,5420
16--2146,2016/02/17,2:00 PM,HIGHWAY 417 btwn HIGHWAY 417 & Continuation of HIGHWAY 417 (__3ZAZOB),__3ZAZOB,01 - Non intersection,03 - P.D. only,07 - SMV other,01 - Clear,01 - Daylight,02 - Wet,10 - No control,,1,0,0,0,,0,,,,,352973.2867,5020222.559,45.32030041,-75.88553263,5421
16--232,2016/01/06,7:21 PM,COVENTRY RD @ VANIER PKWY (0002139),2139,02 - Intersection related,03 - P.D. only,03 - Rear end,01 - Clear,07 - Dark,02 - Wet,01 - Traffic signal,01 - Functioning,2,0,0,0,,0,,,,,370675.8034,5031612.382,45.42134439,-75.65823298,5422
16--2678,2016/02/25,10:53 AM,COBOURG ST btwn RIDEAU ST & END (__3ZAZON),__3ZAZON,01 - Non intersection,03 - P.D. only,06 - SMV unattended vehicle,03 - Snow,01 - Daylight,03 - Loose snow,10 - No control,,1,0,0,0,,0,,,,,369134.7736,5032778.587,45.43198087,-75.67777,5423
16--2147,2016/02/17,2:05 PM,VANIER PKWY SB btwn PRESLAND RD & COVENTRY RD (__3ZA4S5B),__3ZA4S5B,01 - Non intersection,03 - P.D. only,07 - SMV other,03 - Snow,01 - Daylight,03 - Loose snow,10 - No control,,1,0,0,0,,0,,,,,370639.9414,5031609.947,45.42132585,-75.6586915,5424
16--2320,2016/02/18,4:57 PM,WELLINGTON ST    W btwn GRANGE AVE & WARREN AVE (__3ZA4PA),__3ZA4PA,01 - Non intersection,03 - P.D. only,06 - SMV unattended vehicle,01 - Clear,05 - Dusk,05 - Packed snow,10 - No control,,1,0,0,0,,0,,,,,364603.2277,5029045.899,45.39879721,-75.73613297,5425
16--2148,2016/02/17,2:06 PM,GLOUCESTER ST btwn BANK ST & O'CONNOR ST (__3ZBOR8),__3ZBOR8,01 - Non intersection,03 - P.D. only,06 - SMV unattended vehicle,03 - Snow,01 - Daylight,03 - Loose snow,10 - No control,,1,0,0,0,,0,,,,,367611.5672,5031251.717,45.41838107,-75.69743009,5426
16--2679,2016/02/25,11:20 PM,HIGHWAY 417 btwn HWY417 IC122 RAMP51 & HWY417 IC122 RAMP15 (__3ZA2R0),__3ZA2R0,01 - Non intersection,02 - Non-fatal injury,07 - SMV other,01 - Clear,"08 - Dark, artificial",02 - Wet,10 - No control,,1,0,0,0,01 - Minimal,1,1,,,,365314.3701,5028860.737,45.39707006,-75.72707309,5427
16--2321,2016/02/18,4:58 PM,GLADSTONE AVE @ ROSEMOUNT AVE (0006156),6156,02 - Intersection related,02 - Non-fatal injury,03 - Rear end,01 - Clear,01 - Daylight,02 - Wet,02 - Stop sign,01 - Functioning,2,0,0,0,01 - Minimal,1,1,,,,365454.3665,5029222.783,45.40031556,-75.72524061,5428
16--2149,2016/02/17,2:07 PM,GOLDRIDGE DR btwn CHELTONIA WAY & INSMILL CRES (2) (__3ZA47S),__3ZA47S,01 - Non intersection,03 - P.D. only,04 - Sideswipe,01 - Clear,01 - Daylight,03 - Loose snow,10 - No control,,2,0,0,0,,0,,,,,349744.0431,5019337.81,45.31255336,-75.9268009,5429
16--268,2016/01/07,5:20 PM,BASELINE RD btwn MORLEY BLVD & PRINCE OF WALES DR (__3ZA4JU),__3ZA4JU,01 - Non intersection,03 - P.D. only,03 - Rear end,01 - Clear,05 - Dusk,01 - Dry,10 - No control,,2,0,0,0,,0,,,,,366694.0406,5026355.729,45.37441001,-75.70976687,5430
16--2322,2016/02/18,5:07 AM,MERIVALE RD btwn LEASIDE AVE & COLDREY AVE (__3ZA3AT),__3ZA3AT,01 - Non intersection,03 - P.D. only,02 - Angle,01 - Clear,07 - Dark,04 - Slush,10 - No control,,2,0,0,0,,0,,,,,364893.1022,5027381.673,45.38379802,-75.73263341,5431
16--215,2016/01/06,4:45 PM,KING EDWARD AVE @ MURRAY ST (0002713),2713,03 - At intersection,03 - P.D. only,02 - Angle,02 - Rain,05 - Dusk,02 - Wet,01 - Traffic signal,01 - Functioning,2,0,0,0,,0,,,,,368291.6998,5032753.957,45.43183631,-75.68854698,5432
16--2150,2016/02/17,2:44 PM,BAYCREST DR btwn CEDARWOOD DR & SANDALWOOD DR (__3ZA9YY),__3ZA9YY,01 - Non intersection,03 - P.D. only,04 - Sideswipe,01 - Clear,01 - Daylight,02 - Wet,10 - No control,,2,0,0,0,,0,,,,,371237.4955,5026781.767,45.3778273,-75.6517071,5433
16--2151,2016/02/17,2:45 PM,COBB CRT btwn THARE CRES & END (__3ZA53E),__3ZA53E,04 - At/near private drive,03 - P.D. only,99 - Other,01 - Clear,01 - Daylight,01 - Dry,10 - No control,,2,0,0,0,,0,,,,,363965.5108,5016925.988,45.28979766,-75.74572747,5434
16--2152,2016/02/17,3:15 PM,RUSSELL RD btwn THIRSK ST & HAIG DR (__3ZA78B),__3ZA78B,01 - Non intersection,03 - P.D. only,06 - SMV unattended vehicle,03 - Snow,01 - Daylight,05 - Packed snow,10 - No control,,1,0,0,0,,0,,,,,372569.9195,5029903.285,45.40578579,-75.63426753,5435
16--2153,2016/02/17,3:30 PM,BANK ST @ ROCKINGHAM AVE (0007880),7880,02 - Intersection related,03 - P.D. only,03 - Rear end,01 - Clear,01 - Daylight,02 - Wet,02 - Stop sign,01 - Functioning,2,0,0,0,,0,,,,,369714.8364,5027322.77,45.3828378,-75.67107564,5436
16--2154,2016/02/17,3:44 PM,BARRETTE ST @ ST. CHARLES ST (0010059),10059,03 - At intersection,02 - Non-fatal injury,02 - Angle,03 - Snow,01 - Daylight,03 - Loose snow,02 - Stop sign,01 - Functioning,2,0,0,0,01 - Minimal,2,2,,,,369470.6063,5033730.836,45.44051785,-75.67335325,5437
16--2155,2016/02/17,3:45 PM,CENTENNIAL BLVD btwn BULLOCK AVE & RIDEAU GARDEN DR (__3ZA891),__3ZA891,01 - Non intersection,03 - P.D. only,06 - SMV unattended vehicle,01 - Clear,01 - Daylight,01 - Dry,10 - No control,,1,0,0,0,,0,,,,,369691.7529,5029539.616,45.40278637,-75.67107882,5438
16--2156,2016/02/17,3:56 PM,MONTREAL RD @ MONTFORT HOSPITAL (0011388),11388,02 - Intersection related,02 - Non-fatal injury,03 - Rear end,03 - Snow,01 - Daylight,03 - Loose snow,01 - Traffic signal,01 - Functioning,2,0,0,0,02 - Minor,1,,1,,,372221.9829,5034143.849,45.44397402,-75.63813134,5439
16--2157,2016/02/17,3:58 PM,MAPLE GROVE RD btwn HUNTMAR DR & ROSEHILL AVE (__6O5Y3X),__6O5Y3X,01 - Non intersection,03 - P.D. only,07 - SMV other,03 - Snow,01 - Daylight,05 - Packed snow,10 - No control,,1,0,0,0,,0,,,,,350381.4785,5016814.008,45.28980238,-75.91890375,5440
16--2158,2016/02/17,3:59 PM,ALBERT ST @ ELGIN ST/MACKENZIE KING BRIDGE (0002226),2226,03 - At intersection,03 - P.D. only,04 - Sideswipe,03 - Snow,01 - Daylight,05 - Packed snow,01 - Traffic signal,01 - Functioning,2,0,0,0,,0,,,,,367851.3775,5031711.803,45.4224992,-75.69430736,5441
16--2159,2016/02/17,4:00 PM,ABERDEEN ST @ PRESTON ST (0005695),5695,03 - At intersection,03 - P.D. only,02 - Angle,03 - Snow,01 - Daylight,04 - Slush,02 - Stop sign,01 - Functioning,2,0,0,0,,0,,,,,366651.4752,5029342.66,45.40128944,-75.70993594,5442
16--216,2016/01/06,4:46 PM,FROBISHER LANE W @ RIVERSIDE DR (0011961),11961,03 - At intersection,03 - P.D. only,05 - Turning movement,01 - Clear,05 - Dusk,02 - Wet,01 - Traffic signal,01 - Functioning,2,0,0,0,,0,,,,,370117.2142,5029602.352,45.40331128,-75.66563628,5443
16--2160,2016/02/17,4:05 PM,OTTAWA RIVER PKWY WB btwn TUNNEY'S PASTURE/REMIC RAPIDS ENT & PARKDALE (__3ZA24KA),__3ZA24KA,01 - Non intersection,03 - P.D. only,03 - Rear end,03 - Snow,01 - Daylight,05 - Packed snow,10 - No control,,3,0,0,0,,0,,,,,364130.6877,5030110.25,45.40841423,-75.74204013,5444
16--2161,2016/02/17,4:10 PM,ELGIN ST NB @ WELLINGTON ST/RIDEAU ST (0011369),11369,02 - Intersection related,03 - P.D. only,03 - Rear end,03 - Snow,01 - Daylight,03 - Loose snow,01 - Traffic signal,00 - Unknown,2,0,0,0,,0,,,,,367802.9195,5031965.727,45.42478829,-75.69489403,5445
16--2162,2016/02/17,4:12 PM,RICHMOND RD @ SEYTON DR (0000599),599,02 - Intersection related,02 - Non-fatal injury,05 - Turning movement,01 - Clear,01 - Daylight,03 - Loose snow,01 - Traffic signal,01 - Functioning,2,0,0,0,01 - Minimal,1,1,,,,357399.3138,5019314.696,45.3118137,-75.8291772,5446
16--2163,2016/02/17,4:18 PM,LAROUCHE ST btwn MCARTHUR AVE & STEVENS AVE (__3ZA822),__3ZA822,01 - Non intersection,03 - P.D. only,06 - SMV unattended vehicle,01 - Clear,01 - Daylight,03 - Loose snow,10 - No control,,1,0,0,0,,0,,,,,370416.1759,5032551.422,45.42981788,-75.66142507,5447
16--2164,2016/02/17,4:19 PM,COUNTRY GLEN WAY btwn CALVINGTON AVE & CAMPEAU DR (__8A9OOZ),__8A9OOZ,01 - Non intersection,03 - P.D. only,99 - Other,03 - Snow,01 - Daylight,03 - Loose snow,10 - No control,,2,0,0,0,,0,,,,,349219.6846,5018338.083,45.30359088,-75.93357764,5448
16--2165,2016/02/17,4:30 PM,BEARBROOK RD/ROCKCLIFFE PKWY @ ST. JOSEPH BLVD (0012382),12382,02 - Intersection related,03 - P.D. only,05 - Turning movement,03 - Snow,01 - Daylight,03 - Loose snow,01 - Traffic signal,01 - Functioning,2,0,0,0,,0,,,,,377126.9632,5035241.22,45.45335716,-75.5752766,5449
16--2166,2016/02/17,4:39 PM,RIDEAU ST btwn RIDEAU PL & MONTREAL RD (__3ZBPLT),__3ZBPLT,01 - Non intersection,03 - P.D. only,01 - Approaching,05 - Drifting Snow,01 - Daylight,06 - Ice,10 - No control,,3,0,0,0,,0,,,,,369534.2462,5032961.821,45.43359267,-75.67264099,5450
16--2167,2016/02/17,4:41 PM,VANIER PKWY/CRICHTON ST @ BEECHWOOD AVE/ST. PA (0001604),1604,02 - Intersection related,03 - P.D. only,03 - Rear end,01 - Clear,01 - Daylight,01 - Dry,01 - Traffic signal,01 - Functioning,2,0,0,0,,0,,,,,369127.7474,5033487.272,45.43835799,-75.67776719,5451
16--2168,2016/02/17,4:42 PM,PRESTON ST @ SOMERSET ST (0002215),2215,03 - At intersection,03 - P.D. only,02 - Angle,03 - Snow,01 - Daylight,04 - Slush,01 - Traffic signal,01 - Functioning,2,0,0,0,,0,,,,,366307.7483,5030127.453,45.40838109,-75.71422824,5452
16--2169,2016/02/17,4:45 PM,KING EDWARD AVE btwn RAMP & BOLTON ST (__7TR60Q),__7TR60Q,01 - Non intersection,03 - P.D. only,07 - SMV other,03 - Snow,01 - Daylight,06 - Ice,10 - No control,,1,0,0,0,,0,,,,,368002.5742,5033232.405,45.4361674,-75.69218035,5453
16--217,2016/01/06,5:13 PM,MONTREAL RD btwn MARIER AVE & BEGIN ST (__3ZA3L4),__3ZA3L4,01 - Non intersection,03 - P.D. only,04 - Sideswipe,01 - Clear,05 - Dusk,04 - Slush,10 - No control,,2,0,0,0,,0,,,,,370423.3829,5033263.861,45.43622743,-75.66123802,5454
16--2170,2016/02/17,4:45 PM,MONTREAL RD @ DEN HAAG DR/LANG'S RD (0010798),10798,02 - Intersection related,03 - P.D. only,03 - Rear end,03 - Snow,01 - Daylight,03 - Loose snow,01 - Traffic signal,01 - Functioning,2,0,0,0,,0,,,,,372386.4985,5034221.364,45.44465557,-75.63601789,5455
16--2171,2016/02/17,4:46 PM,CYRVILLE RD btwn MEADOWBROOK RD & MAXIME ST (__3ZA3RF),__3ZA3RF,04 - At/near private drive,03 - P.D. only,02 - Angle,01 - Clear,01 - Daylight,03 - Loose snow,10 - No control,,2,0,0,0,,0,,,,,374723.8506,5031209.704,45.41732842,-75.60656995,5456
16--2172,2016/02/17,4:48 PM,BANK ST @ RIVERDALE AVE (0007210),7210,02 - Intersection related,03 - P.D. only,03 - Rear end,01 - Clear,01 - Daylight,04 - Slush,01 - Traffic signal,01 - Functioning,2,0,0,0,,0,,,,,369077.3156,5028115.888,45.39003282,-75.67911227,5457
16--2173,2016/02/17,4:49 PM,BASELINE RD @ MERIVALE RD (0002342),2342,02 - Intersection related,03 - P.D. only,03 - Rear end,03 - Snow,01 - Daylight,05 - Packed snow,01 - Traffic signal,01 - Functioning,2,0,0,0,,0,,,,,365054.4744,5025325.293,45.36528122,-75.73082382,5458
16--2174,2016/02/17,5:03 PM,REGIONAL ROAD 174 btwn TRANSIT & OR174 IC109 RAMP54 (__3ZAZ6V),__3ZAZ6V,01 - Non intersection,03 - P.D. only,03 - Rear end,03 - Snow,01 - Daylight,05 - Packed snow,10 - No control,,3,0,0,0,,0,,,,,376365.8293,5034752.921,45.44904211,-75.58507773,5459
16--2175,2016/02/17,5:04 PM,MER BLEUE RD btwn 210 S OF INNES RD & INNES RD (__3ZA2S1A),__3ZA2S1A,01 - Non intersection,02 - Non-fatal injury,07 - SMV other,03 - Snow,01 - Daylight,06 - Ice,10 - No control,,1,0,0,1,02 - Minor,1,,1,,,382725.5585,5035388.192,45.45407762,-75.50368398,5460
16--2176,2016/02/17,5:04 PM,PRINCE OF WALES DR @ STRANDHERD DR (0013339),13339,02 - Intersection related,03 - P.D. only,03 - Rear end,03 - Snow,01 - Daylight,06 - Ice,01 - Traffic signal,01 - Functioning,3,0,0,0,,0,,,,,367175.0678,5014824.413,45.27061034,-75.70507835,5461
16--2177,2016/02/17,5:20 PM,PLEASANT PARK RD @ ALTA VISTA DR (0008005),8005,03 - At intersection,03 - P.D. only,05 - Turning movement,03 - Snow,05 - Dusk,02 - Wet,01 - Traffic signal,01 - Functioning,2,0,0,0,,0,,,,,370365.9936,5028467.68,45.39307866,-75.66260953,5462
16--2178,2016/02/17,5:29 PM,BANK ST @ SOUTHKEYS SC (0009010),9010,02 - Intersection related,03 - P.D. only,03 - Rear end,03 - Snow,05 - Dusk,03 - Loose snow,01 - Traffic signal,01 - Functioning,2,0,0,0,,0,,,,,371084.1574,5024522.32,45.35751209,-75.65396788,5463
16--2179,2016/02/17,5:45 AM,FISHER AVE btwn SHILLINGTON AVE & EMPEROR AVE (__3ZA3AP),__3ZA3AP,04 - At/near private drive,03 - P.D. only,03 - Rear end,01 - Clear,07 - Dark,03 - Loose snow,10 - No control,,2,0,0,0,,0,,,,,365664.7477,5027204.094,45.38213358,-75.72280258,5464
16--218,2016/01/06,5:24 PM,BANK ST btwn ARENA PL & WHITE ALDER AVE (__3ZA29N),__3ZA29N,01 - Non intersection,03 - P.D. only,03 - Rear end,01 - Clear,05 - Dusk,02 - Wet,10 - No control,,2,0,0,0,,0,,,,,375477.0517,5021332.779,45.32838493,-75.59836068,5465
16--2180,2016/02/17,5:55 PM,KLONDIKE RD @ SECOND LINE RD (0003546),3546,02 - Intersection related,03 - P.D. only,03 - Rear end,03 - Snow,07 - Dark,06 - Ice,02 - Stop sign,03 - Obscured,2,0,0,0,,0,,,,,348189.2751,5023075.384,45.3462829,-75.94630128,5466
16--2181,2016/02/17,6:00 PM,FISHER AVE @ SHILLINGTON AVE (0006792),6792,02 - Intersection related,03 - P.D. only,03 - Rear end,01 - Clear,07 - Dark,06 - Ice,01 - Traffic signal,01 - Functioning,2,0,0,0,,0,,,,,365626.034,5027297.643,45.38297868,-75.72328536,5467
16--2182,2016/02/17,6:01 PM,MOSS GROVE ST btwn SORENTO ST & PAUL METIVIER DR (__5A5DEY),__5A5DEY,04 - At/near private drive,03 - P.D. only,06 - SMV unattended vehicle,03 - Snow,07 - Dark,03 - Loose snow,10 - No control,,1,0,0,0,,0,,,,,366231.8509,5014874.925,45.27114787,-75.71709153,5468
16--2183,2016/02/17,6:06 PM,BERRIGAN DR @ LONGFIELDS DR (0010453),10453,02 - Intersection related,03 - P.D. only,03 - Rear end,01 - Clear,07 - Dark,06 - Ice,11 - Roundabout,01 - Functioning,2,0,0,0,,0,,,,,364305.9036,5015647.46,45.27826474,-75.74154167,5469
16--2184,2016/02/17,6:08 PM,CLYDE AVE btwn MAITLAND AVE & BASELINE RD (__3ZA4IR),__3ZA4IR,01 - Non intersection,03 - P.D. only,05 - Turning movement,03 - Snow,05 - Dusk,04 - Slush,10 - No control,,2,0,0,0,,0,,,,,364290.7616,5025047.154,45.3628438,-75.74060559,5470
16--2185,2016/02/17,6:10 PM,IRVING AVE @ LAUREL ST (0006284),6284,03 - At intersection,03 - P.D. only,05 - Turning movement,01 - Clear,07 - Dark,03 - Loose snow,10 - No control,,2,0,0,0,,0,,,,,365712.5799,5029607.832,45.40375772,-75.7218951,5471
16--2186,2016/02/17,6:10 PM,WALKLEY RD btwn RIVERSIDE DR & RIVER GARDEN PRIV (__3ZAZ6F),__3ZAZ6F,01 - Non intersection,03 - P.D. only,04 - Sideswipe,04 - Freezing Rain,05 - Dusk,06 - Ice,10 - No control,,2,0,0,0,,0,,,,,368433.3743,5024848.202,45.36068988,-75.68775628,5472
16--2187,2016/02/17,6:13 PM,LEEDS AVE @ SHEFFIELD RD (0007680),7680,03 - At intersection,03 - P.D. only,02 - Angle,03 - Snow,07 - Dark,05 - Packed snow,03 - Yield sign,01 - Functioning,2,0,0,0,,0,,,,,374863.4055,5029551.219,45.40239228,-75.60502277,5473
16--2188,2016/02/17,6:23 PM,MEADOW LANE RD btwn LILAC LANE & BELLA VISTA DR (__3ZBO55),__3ZBO55,04 - At/near private drive,03 - P.D. only,06 - SMV unattended vehicle,03 - Snow,07 - Dark,03 - Loose snow,10 - No control,,1,0,0,0,,0,,,,,386278.736,5042004.145,45.5131959,-75.45716455,5474
16--2189,2016/02/17,6:34 PM,MERIVALE RD btwn WOODFIELD DR & 170 N OF WEST HUNT CLUB RD/COSTCO SC (__3ZA33DA),__3ZA33DA,01 - Non intersection,03 - P.D. only,04 - Sideswipe,03 - Snow,07 - Dark,04 - Slush,10 - No control,,2,0,0,0,,0,,,,,365478.2394,5022261.651,45.33767849,-75.72579071,5475
16--219,2016/01/06,5:25 PM,MOODIE DR btwn 325 N OF CORKSTOWN RD/NORTEL S ENTRANCE & CORKSTOWN RD (__3ZA4Z7D),__3ZA4Z7D,01 - Non intersection,03 - P.D. only,04 - Sideswipe,01 - Clear,05 - Dusk,02 - Wet,10 - No control,,2,0,0,0,,0,,,,,356342.2654,5022776.45,45.34304133,-75.84229692,5476
16--2190,2016/02/17,6:40 PM,NAVAN RD btwn ORLEANS BLVD & PAGE RD (__3ZA3J1),__3ZA3J1,04 - At/near private drive,03 - P.D. only,03 - Rear end,03 - Snow,07 - Dark,06 - Ice,10 - No control,,2,0,0,0,,0,,,,,381608.9276,5032779.651,45.43073167,-75.51836565,5477
16--2191,2016/02/17,6:49 AM,KING EDWARD AVE @ MURRAY ST (0002713),2713,02 - Intersection related,02 - Non-fatal injury,03 - Rear end,01 - Clear,03 - Dawn,06 - Ice,01 - Traffic signal,01 - Functioning,3,0,0,0,02 - Minor,1,,1,,,368291.0339,5032754.248,45.43183899,-75.68855545,5478
16--2192,2016/02/17,6:49 AM,HIGHWAY 417 btwn HWY417 IC163 RAMP61 & HWY417 IC155 RAMP36 (__3ZA2QB),__3ZA2QB,01 - Non intersection,03 - P.D. only,07 - SMV other,01 - Clear,03 - Dawn,06 - Ice,10 - No control,,1,0,0,0,,0,,,,,336124.0424,5020239.699,45.32140865,-76.10044297,5479
16--2193,2016/02/17,6:49 PM,MERIVALE RD @ SHILLINGTON AVE (0011308),11308,02 - Intersection related,03 - P.D. only,03 - Rear end,03 - Snow,07 - Dark,04 - Slush,01 - Traffic signal,01 - Functioning,2,0,0,0,,0,,,,,364844.4747,5026810.636,45.37866411,-75.73332376,5480
16--2194,2016/02/17,6:50 PM,KIRKWOOD AVE @ MERIVALE RD (0002243),2243,02 - Intersection related,03 - P.D. only,03 - Rear end,01 - Clear,07 - Dark,04 - Slush,01 - Traffic signal,01 - Functioning,2,0,0,0,,0,,,,,364853.4794,5026646.764,45.37718885,-75.73322872,5481
16--2195,2016/02/17,6:50 PM,BERRIGAN DR @ LONGFIELDS DR (0010453),10453,02 - Intersection related,03 - P.D. only,03 - Rear end,03 - Snow,07 - Dark,05 - Packed snow,11 - Roundabout,01 - Functioning,2,0,0,0,,0,,,,,364305.9036,5015646.128,45.27825276,-75.74154183,5482
16--2196,2016/02/17,6:55 AM,AIRPORT PKWY @ HUNT CLUB RD (0010856),10856,02 - Intersection related,03 - P.D. only,04 - Sideswipe,01 - Clear,03 - Dawn,02 - Wet,01 - Traffic signal,00 - Unknown,2,0,0,0,,0,,,,,371018.528,5023702.309,45.35014009,-75.65491529,5483
16--2197,2016/02/17,7:00 PM,WALKLEY RD @ SPRINGLAND DR/OTTERSON DR (0006968),6968,03 - At intersection,03 - P.D. only,02 - Angle,01 - Clear,07 - Dark,06 - Ice,01 - Traffic signal,01 - Functioning,2,0,0,0,,0,,,,,368721.5838,5024982.211,45.36186944,-75.68406049,5484
16--2198,2016/02/17,7:00 PM,HIGHWAY 417 btwn HWY417 IC122 RAMP16 & HWY417 IC122 RAMP61 (__3ZA2RA),__3ZA2RA,01 - Non intersection,03 - P.D. only,07 - SMV other,01 - Clear,07 - Dark,06 - Ice,10 - No control,,1,0,0,0,,0,,,,,365327.946,5028891.238,45.39734333,-75.72689596,5485
16--2199,2016/02/17,7:05 PM,GRANT CARMAN DR @ MEADOWLANDS DR (0001111),1111,03 - At intersection,03 - P.D. only,05 - Turning movement,06 - Strong wind,07 - Dark,06 - Ice,01 - Traffic signal,01 - Functioning,2,0,0,0,,0,,,,,365052.3365,5023900.564,45.35246191,-75.73102478,5486
16--22,2016/01/01,6:00 AM,UPPER DWYER HILL RD btwn HAMILTON SIDE RD & MCARTON RD (__3ZA4E9),__3ZA4E9,01 - Non intersection,03 - P.D. only,07 - SMV other,01 - Clear,07 - Dark,03 - Loose snow,10 - No control,,1,0,0,0,,0,,,,,338758.6478,5009104.145,45.22108242,-76.06759948,5487
16--220,2016/01/06,5:27 PM,RIVERSIDE DR btwn RIVERSIDE DR RAMP 42A & RIVERSIDE DR SPLIT (__3ZAZQJ),__3ZAZQJ,01 - Non intersection,03 - P.D. only,04 - Sideswipe,01 - Clear,05 - Dusk,02 - Wet,10 - No control,,2,0,0,0,,0,,,,,368503.3331,5027324.638,45.38296583,-75.686544,5488