Anom_ID,Accident_Date,Accident_Time,Location,Geo_ID,Accident_Location,Classification_of_Accident,Initial_Impact_Type,Environment_Condition,Light,Road_Surface_Condition,Traffic_Control,Traffic_Control_Condition,No__of_Vehicles,No__of_Bicycles,No__of_Motorcycles,No__of_Pedestrians,Max_Injury,No__of_Injuries,No__of_Minimal,No__of_Minor,No__of_Major,No__of_Fatal,X,Y,Latitude,Longitude,ObjectId
16--2200,2016/02/17,7:15 PM,BANTREE ST @ INNES RD (0007684),7684,02 - Intersection related,03 - P.D. only,04 - Sideswipe,01 - Clear,07 - Dark,06 - Ice,01 - Traffic signal,01 - Functioning,3,0,0,0,,0,,,,,373705.7232,5030405.313,45.41019191,-75.61968966,5489
16--2201,2016/02/17,7:19 PM,CAHILL DR @ HUNT CLUB RD (0011394),11394,03 - At intersection,03 - P.D. only,02 - Angle,03 - Snow,07 - Dark,06 - Ice,01 - Traffic signal,01 - Functioning,2,0,0,0,,0,,,,,372406.9633,5024541.848,45.35756149,-75.6370832,5490
16--2202,2016/02/17,7:23 PM,HUNT CLUB RD btwn CAHILL DR & LORRY GREENBERG DR (__3ZA3S4),__3ZA3S4,01 - Non intersection,03 - P.D. only,07 - SMV other,01 - Clear,07 - Dark,06 - Ice,10 - No control,,1,0,0,0,,0,,,,,372471.8856,5024581.799,45.35791469,-75.63624917,5491
16--2203,2016/02/17,7:25 PM,HIGHWAY 417 btwn HWY417 IC123 RAMP62 & HWY417 IC122 RAMP16 (__3ZA2R9),__3ZA2R9,01 - Non intersection,03 - P.D. only,03 - Rear end,06 - Strong wind,07 - Dark,06 - Ice,10 - No control,,2,0,0,0,,0,,,,,365135.3544,5028715.883,45.39578215,-75.72937709,5492
16--2204,2016/02/17,7:28 PM,COLLINS AVE @ EDGE HILL PL (0006860),6860,03 - At intersection,03 - P.D. only,02 - Angle,03 - Snow,07 - Dark,03 - Loose snow,02 - Stop sign,01 - Functioning,2,0,0,0,,0,,,,,370265.6169,5026724.762,45.37740587,-75.66412254,5493
16--2205,2016/02/17,7:29 PM,RIVERSIDE DR btwn GARDENVIEW PRIV & WALKLEY RD (__3ZA2FG),__3ZA2FG,01 - Non intersection,03 - P.D. only,03 - Rear end,01 - Clear,07 - Dark,06 - Ice,10 - No control,,2,0,0,0,,0,,,,,368412.5086,5024836.215,45.36058392,-75.68802413,5494
16--2206,2016/02/17,7:30 AM,HUNT CLUB RD @ CANADAIR PRIV (0010852),10852,02 - Intersection related,03 - P.D. only,03 - Rear end,01 - Clear,01 - Daylight,04 - Slush,01 - Traffic signal,01 - Functioning,2,0,0,0,,0,,,,,368661.6197,5022311.274,45.33784245,-75.68517076,5495
16--2207,2016/02/17,7:31 PM,ALBERT ST @ BOOTH ST (0002162),2162,03 - At intersection,03 - P.D. only,02 - Angle,01 - Clear,07 - Dark,03 - Loose snow,01 - Traffic signal,01 - Functioning,2,0,0,0,,0,,,,,366429.0838,5030626.567,45.4128613,-75.71261591,5496
16--2208,2016/02/17,7:32 PM,WOODROFFE AVE btwn QUEENSBURY DR & DEERFOX DR (__3ZA1W3),__3ZA1W3,01 - Non intersection,03 - P.D. only,07 - SMV other,03 - Snow,07 - Dark,06 - Ice,10 - No control,,1,0,0,0,,0,,,,,365876.2996,5015962.465,45.28096448,-75.72148857,5497
16--2209,2016/02/17,7:39 PM,CROYDON AVE @ RICHMOND RD (0002652),2652,03 - At intersection,02 - Non-fatal injury,03 - Rear end,01 - Clear,07 - Dark,06 - Ice,01 - Traffic signal,01 - Functioning,3,0,0,0,01 - Minimal,2,2,,,,360545.4648,5025271.854,45.36517348,-75.78838479,5498
16--221,2016/01/06,5:30 PM,HIGHWAY 417 btwn HWY417 IC122 RAMP16 & HWY417 IC122 RAMP61 (__3ZA2RA),__3ZA2RA,01 - Non intersection,03 - P.D. only,04 - Sideswipe,01 - Clear,05 - Dusk,01 - Dry,10 - No control,,2,0,0,0,,0,,,,,365322.2058,5028889.141,45.39732496,-75.72696953,5499
16--2210,2016/02/17,7:40 PM,MONTREAL RD @ ST. LAURENT BLVD (0002604),2604,02 - Intersection related,03 - P.D. only,03 - Rear end,01 - Clear,07 - Dark,05 - Packed snow,01 - Traffic signal,01 - Functioning,3,0,0,0,,0,,,,,371544.593,5033817.817,45.44110554,-75.6468338,5500
16--2211,2016/02/17,7:45 AM,BASELINE RD @ GREENBANK RD (0002357),2357,02 - Intersection related,03 - P.D. only,03 - Rear end,01 - Clear,01 - Daylight,04 - Slush,01 - Traffic signal,01 - Functioning,2,0,0,0,,0,,,,,360597.4648,5022584.281,45.34098664,-75.78802434,5501
16--2212,2016/02/17,7:51 PM,HALTON TER @ KLONDIKE RD (0011767),11767,03 - At intersection,03 - P.D. only,02 - Angle,03 - Snow,07 - Dark,03 - Loose snow,02 - Stop sign,03 - Obscured,2,0,0,0,,0,,,,,348632.7228,5023474.684,45.34984833,-75.94060724,5502
16--2213,2016/02/17,7:54 AM,ANGLEHART AVE E @ DES ARBRES ST E (0004956),4956,03 - At intersection,03 - P.D. only,02 - Angle,01 - Clear,01 - Daylight,05 - Packed snow,03 - Yield sign,01 - Functioning,2,0,0,0,,0,,,,,383242.1456,5036179.594,45.46114016,-75.49695393,5503
16--2214,2016/02/17,7:54 PM,FALLOWFIELD RD @ GREENBANK RD (0000549),549,02 - Intersection related,03 - P.D. only,03 - Rear end,01 - Clear,07 - Dark,06 - Ice,01 - Traffic signal,01 - Functioning,2,0,0,0,,0,,,,,363080.471,5016732.195,45.28812786,-75.75703222,5504
16--2215,2016/02/17,7:55 AM,CAMPEAU DR @ TERON RD/COLCHESTER SQ (0009033),9033,02 - Intersection related,03 - P.D. only,03 - Rear end,03 - Snow,01 - Daylight,05 - Packed snow,01 - Traffic signal,01 - Functioning,2,0,0,0,,0,,,,,352563.0566,5020467.748,45.3225347,-75.89074131,5505
16--2216,2016/02/17,7:56 PM,PRINCE OF WALES DR btwn FALLOWFIELD RD & AMBERWOOD CRES (__3ZA27I),__3ZA27I,01 - Non intersection,03 - P.D. only,03 - Rear end,03 - Snow,07 - Dark,03 - Loose snow,10 - No control,,2,0,0,0,,0,,,,,367459.6514,5020554.479,45.32214349,-75.70072789,5506
16--2217,2016/02/17,7:58 PM,HIGHWAY 417 btwn HWY417 IC122 RAMP16 & HWY417 IC122 RAMP61 (__3ZA2RA),__3ZA2RA,01 - Non intersection,03 - P.D. only,07 - SMV other,01 - Clear,07 - Dark,06 - Ice,10 - No control,,1,0,0,0,,0,,,,,365327.1031,5028892.569,45.39735538,-75.72690656,5507
16--2218,2016/02/17,8:00 AM,VANIER PKWY/CRICHTON ST @ BEECHWOOD AVE/ST. PA (0001604),1604,02 - Intersection related,03 - P.D. only,03 - Rear end,03 - Snow,01 - Daylight,02 - Wet,01 - Traffic signal,01 - Functioning,2,0,0,0,,0,,,,,369131.3968,5033489.803,45.43838043,-75.67772022,5508
16--2219,2016/02/17,8:00 PM,JEANNE D'ARC BLVD @ ORLEANS BLVD S (0004154),4154,03 - At intersection,03 - P.D. only,02 - Angle,03 - Snow,07 - Dark,06 - Ice,01 - Traffic signal,01 - Functioning,2,0,0,0,,0,,,,,380939.9167,5036250.08,45.46202904,-75.52637746,5509
16--222,2016/01/06,5:31 PM,ALBION RD btwn LESTER RD & LEITRIM RD (__3ZA3SQ),__3ZA3SQ,01 - Non intersection,03 - P.D. only,03 - Rear end,01 - Clear,05 - Dusk,01 - Dry,10 - No control,,2,0,0,0,,0,,,,,373085.9993,5021400.25,45.32922872,-75.62885083,5510
16--2220,2016/02/17,8:01 PM,FISHER AVE btwn SHILLINGTON AVE & EMPEROR AVE (__3ZA3AP),__3ZA3AP,01 - Non intersection,03 - P.D. only,01 - Approaching,03 - Snow,07 - Dark,03 - Loose snow,10 - No control,,2,0,0,0,,0,,,,,365638.9013,5027266.135,45.38269406,-75.72312495,5511
16--2221,2016/02/17,8:02 PM,INNES RD btwn DU GRAND BOIS AVE & 298 E OF WILDFLOWER DR (__3ZA3Y4A),__3ZA3Y4A,01 - Non intersection,03 - P.D. only,03 - Rear end,03 - Snow,07 - Dark,06 - Ice,10 - No control,,2,0,0,0,,0,,,,,383111.2234,5035762.964,45.45740638,-75.49869414,5512
16--2222,2016/02/17,8:03 AM,EAGLESON RD btwn ABBEYHILL DR & PALOMINO DR (__3ZA41M),__3ZA41M,01 - Non intersection,03 - P.D. only,03 - Rear end,01 - Clear,01 - Daylight,03 - Loose snow,10 - No control,,2,0,0,0,,0,,,,,354007.1864,5017583.884,45.29648538,-75.87260765,5513
16--2223,2016/02/17,8:09 PM,KIRKWOOD AVE @ LAPERRIERE AVE (0006742),6742,03 - At intersection,03 - P.D. only,02 - Angle,03 - Snow,07 - Dark,06 - Ice,01 - Traffic signal,01 - Functioning,2,0,0,0,,0,,,,,364519.4745,5026959.201,45.38002865,-75.73745518,5514
16--2224,2016/02/17,8:10 PM,BLAIR PL @ OGILVIE RD (0004162),4162,02 - Intersection related,03 - P.D. only,03 - Rear end,01 - Clear,07 - Dark,06 - Ice,01 - Traffic signal,01 - Functioning,3,0,0,0,,0,,,,,374799.9445,5033372.248,45.4367782,-75.60529045,5515
16--2225,2016/02/17,8:13 AM,HERON RD EB btwn BRONSON AVE RAMP 52 & HERON RD SPLIT (__5FD5QU),__5FD5QU,01 - Non intersection,03 - P.D. only,03 - Rear end,01 - Clear,01 - Daylight,04 - Slush,10 - No control,,2,0,0,0,,0,,,,,368700.4717,5026699.131,45.37731974,-75.68410786,5516
16--196,2016/01/06,11:28 AM,PINECREST RD/HWY 417 PINECRE IC129R63 @ TRANSI (0008264),8264,03 - At intersection,03 - P.D. only,02 - Angle,01 - Clear,01 - Daylight,01 - Dry,01 - Traffic signal,01 - Functioning,2,0,0,0,,0,,,,,360389.0386,5023679.25,45.3508557,-75.79056059,5517
16--2680,2016/02/25,11:23 PM,LIMEBANK RD @ SPRATT RD (0012970),12970,02 - Intersection related,03 - P.D. only,03 - Rear end,05 - Drifting Snow,07 - Dark,06 - Ice,01 - Traffic signal,01 - Functioning,2,0,0,0,,0,,,,,369776.3407,5016878.51,45.28885725,-75.67166166,5518
16--2323,2016/02/18,5:12 PM,RICHMOND RD btwn WINSTON AVE & CHURCHILL AVE N (__3ZA4OS),__3ZA4OS,01 - Non intersection,03 - P.D. only,04 - Sideswipe,02 - Rain,05 - Dusk,02 - Wet,10 - No control,,2,0,0,0,,0,,,,,363054.6827,5028172.937,45.391073,-75.75601393,5519
16--2681,2016/02/25,11:30 AM,CARLING AVE @ BROADVIEW AVE (0006707),6707,03 - At intersection,03 - P.D. only,05 - Turning movement,01 - Clear,01 - Daylight,04 - Slush,01 - Traffic signal,01 - Functioning,2,0,0,0,,0,,,,,363180.9061,5026637.883,45.3772503,-75.75458358,5520
16--2682,2016/02/25,11:43 AM,ANTARES DR btwn CAPELLA CRT & AURIGA DR (1) (__3ZA52F),__3ZA52F,04 - At/near private drive,03 - P.D. only,02 - Angle,03 - Snow,01 - Daylight,02 - Wet,10 - No control,,2,0,0,0,,0,,,,,366753.9252,5021565.711,45.33130504,-75.70960256,5521
16--2324,2016/02/18,5:17 PM,EAGLESON RD btwn COPE DR & Continuation of EAGLESON RD (__5VUCMW),__5VUCMW,01 - Non intersection,03 - P.D. only,03 - Rear end,01 - Clear,05 - Dusk,06 - Ice,10 - No control,,2,0,0,0,,0,,,,,354696.4648,5015841.21,45.28075582,-75.86399516,5522
16--2683,2016/02/25,11:55 AM,AMBERWOOD CRES btwn WEATHERWOOD CRES & CALAIS CRT (__3ZA6N6),__3ZA6N6,01 - Non intersection,03 - P.D. only,06 - SMV unattended vehicle,03 - Snow,01 - Daylight,06 - Ice,10 - No control,,1,0,0,0,,0,,,,,366537.7567,5020466.755,45.32143584,-75.71249717,5523
16--2325,2016/02/18,5:24 PM,BANK ST btwn POPHAM ST & LAWRENCE ST (__3ZA27A),__3ZA27A,04 - At/near private drive,03 - P.D. only,03 - Rear end,01 - Clear,05 - Dusk,01 - Dry,10 - No control,,2,0,0,0,,0,,,,,386377.8453,5002908.791,45.16143539,-75.46234139,5524
16--2326,2016/02/18,5:28 PM,CALDWELL AVE btwn MORISSET AVE & MEDFORD ST (__3ZAA5Y),__3ZAA5Y,04 - At/near private drive,03 - P.D. only,02 - Angle,01 - Clear,05 - Dusk,06 - Ice,10 - No control,,2,0,0,0,,0,,,,,364409.8101,5026150.609,45.37276241,-75.73895294,5525
16--2327,2016/02/18,5:45 PM,HIGHWAY 417 btwn HWY417 IC115 RAMP36 & HWY417 IC115 RAMP26 (__3ZA2R4),__3ZA2R4,01 - Non intersection,03 - P.D. only,03 - Rear end,01 - Clear,07 - Dark,01 - Dry,10 - No control,,2,0,0,0,,0,,,,,372473.5553,5031522.513,45.4203642,-75.63527608,5526
16--2328,2016/02/18,5:59 AM,GEORGE ST @ DALHOUSIE ST (0008516),8516,02 - Intersection related,03 - P.D. only,03 - Rear end,03 - Snow,07 - Dark,03 - Loose snow,01 - Traffic signal,01 - Functioning,2,0,0,0,,0,,,,,368157.4122,5032315.977,45.4279077,-75.69031941,5527
16--2329,2016/02/18,6:00 PM,BASELINE RD @ CORDOVA ST (0003208),3208,02 - Intersection related,03 - P.D. only,03 - Rear end,01 - Clear,05 - Dusk,04 - Slush,01 - Traffic signal,01 - Functioning,2,0,0,0,,0,,,,,363593.6882,5024409.083,45.35716132,-75.7495788,5528
16--233,2016/01/06,7:26 AM,CEDARVIEW RD @ FALLOWFIELD RD (0001603),1603,03 - At intersection,03 - P.D. only,05 - Turning movement,01 - Clear,03 - Dawn,01 - Dry,01 - Traffic signal,01 - Functioning,2,0,0,0,,0,,,,,361293.9167,5015664.067,45.27866265,-75.77992724,5529
16--2330,2016/02/18,6:21 PM,CARLING AVE @ CIVIC HOSPITAL (0008793),8793,03 - At intersection,03 - P.D. only,05 - Turning movement,01 - Clear,07 - Dark,02 - Wet,01 - Traffic signal,01 - Functioning,3,0,0,0,,0,,,,,365792.0535,5028278.5,45.39178978,-75.72104436,5530
16--2331,2016/02/18,6:29 PM,MILTON RD @ SMITH RD (0004068),4068,03 - At intersection,03 - P.D. only,05 - Turning movement,01 - Clear,07 - Dark,06 - Ice,02 - Stop sign,01 - Functioning,2,0,0,0,,0,,,,,387573.9153,5031062.297,45.41460006,-75.44243299,5531
16--2332,2016/02/18,6:30 PM,ACACIA AVE btwn RIDEAU TER & CARSDALE AVE (__3ZA8CQ),__3ZA8CQ,04 - At/near private drive,03 - P.D. only,05 - Turning movement,01 - Clear,07 - Dark,03 - Loose snow,10 - No control,,2,0,0,0,,0,,,,,369553.6307,5034148.584,45.44426889,-75.67223714,5532
16--2333,2016/02/18,6:37 AM,HIGHWAY 417 btwn HWY417 IC134 RAMP36 & HWY417 IC134 RAMP26 (__3ZA29C),__3ZA29C,01 - Non intersection,03 - P.D. only,03 - Rear end,01 - Clear,07 - Dark,01 - Dry,10 - No control,,2,0,0,0,,0,,,,,356435.5733,5022300.073,45.33874799,-75.84115607,5533
16--2334,2016/02/18,6:39 AM,MARCH RD btwn CARP RD & DONALD B. MUNRO DR (__3ZA3FJ),__3ZA3FJ,01 - Non intersection,03 - P.D. only,07 - SMV other,01 - Clear,03 - Dawn,06 - Ice,10 - No control,,1,0,0,0,,0,,,,,342242.4687,5021801.986,45.33516706,-76.0222831,5534
16--2335,2016/02/18,6:45 AM,CARLING AVE @ KIRKWOOD AVE N (0002358),2358,02 - Intersection related,03 - P.D. only,03 - Rear end,01 - Clear,03 - Dawn,06 - Ice,01 - Traffic signal,01 - Functioning,2,0,0,0,,0,,,,,364275.1994,5027492.393,45.384847,-75.74050976,5535
16--2336,2016/02/18,6:46 AM,PRESTON ST btwn ABERDEEN ST & BEECH ST (__3ZA3ZP),__3ZA3ZP,01 - Non intersection,03 - P.D. only,03 - Rear end,05 - Drifting Snow,03 - Dawn,03 - Loose snow,10 - No control,,2,0,0,0,,0,,,,,366680.7007,5029276.215,45.400689,-75.70957099,5536
16--2337,2016/02/18,6:46 PM,AQUAVIEW DR/LAKERIDGE DR @ BRIAN COBURN BLVD (0013114),13114,03 - At intersection,03 - P.D. only,02 - Angle,01 - Clear,07 - Dark,06 - Ice,02 - Stop sign,01 - Functioning,2,0,0,0,,0,,,,,384775.1329,5035180.014,45.45197307,-75.47751717,5537
16--2338,2016/02/18,6:55 AM,KENT ST btwn MCLEOD ST & FLORA ST (__3ZA3PX),__3ZA3PX,01 - Non intersection,03 - P.D. only,07 - SMV other,01 - Clear,03 - Dawn,06 - Ice,10 - No control,,1,0,0,0,,0,,,,,367796.8685,5030374.11,45.41046798,-75.69517483,5538
16--2339,2016/02/18,7:00 AM,CLYDE AVE @ DOHENY ST (0003079),3079,02 - Intersection related,03 - P.D. only,03 - Rear end,01 - Clear,03 - Dawn,06 - Ice,01 - Traffic signal,01 - Functioning,2,0,0,0,,0,,,,,363590.472,5026700.872,45.37778282,-75.74934713,5539
16--234,2016/01/06,7:30 AM,SIXTH LINE RD btwn BERRY SIDE RD & RIDDELL DR (__3ZBPHD),__3ZBPHD,01 - Non intersection,03 - P.D. only,07 - SMV other,01 - Clear,03 - Dawn,01 - Dry,10 - No control,,1,0,0,0,,0,,,,,348472.4715,5030956.631,45.41718232,-75.94199032,5540
16--2340,2016/02/18,7:05 PM,HIGHWAY 417 btwn HWY417 IC119A RAMP75 & HWY417 IC118 RAMP57 (__3ZA2R2),__3ZA2R2,01 - Non intersection,03 - P.D. only,04 - Sideswipe,01 - Clear,07 - Dark,01 - Dry,10 - No control,,2,0,0,0,,0,,,,,368935.7133,5030691.538,45.41322065,-75.68058554,5541
16--2341,2016/02/18,7:08 AM,HAMLET RD btwn HAIG DR & SAUNDERSON DR (__3ZA78J),__3ZA78J,01 - Non intersection,03 - P.D. only,06 - SMV unattended vehicle,01 - Clear,03 - Dawn,01 - Dry,10 - No control,,1,0,0,0,,0,,,,,372576.139,5029212.815,45.39957265,-75.63428299,5542
16--2342,2016/02/18,7:12 PM,CLYDE AVE @ DOHENY ST (0003079),3079,02 - Intersection related,02 - Non-fatal injury,03 - Rear end,04 - Freezing Rain,07 - Dark,06 - Ice,01 - Traffic signal,01 - Functioning,2,0,0,0,01 - Minimal,1,1,,,,363590.4245,5026702.191,45.37779469,-75.74934758,5543
16--2343,2016/02/18,7:15 AM,CHURCHILL AVE @ SCOTT ST (0005132),5132,02 - Intersection related,03 - P.D. only,07 - SMV other,01 - Clear,01 - Daylight,06 - Ice,02 - Stop sign,01 - Functioning,1,0,0,0,,0,,,,,363095.7873,5028584.769,45.39477518,-75.75544035,5544
16--2344,2016/02/18,7:22 AM,INDUSTRIAL AVE btwn TRAINYARDS DR & RUSSELL RD (__3ZA3R9),__3ZA3R9,04 - At/near private drive,03 - P.D. only,03 - Rear end,01 - Clear,01 - Daylight,06 - Ice,10 - No control,,2,0,0,0,,0,,,,,372118.7969,5030425.475,45.41052776,-75.63995848,5545
16--2345,2016/02/18,7:28 PM,PALLADIUM DR btwn SILVER SEVEN RD & TERRY FOX DR (__3ZA2I4),__3ZA2I4,04 - At/near private drive,03 - P.D. only,02 - Angle,01 - Clear,07 - Dark,01 - Dry,10 - No control,,2,0,0,0,,0,,,,,351175.2081,5017988.654,45.30032024,-75.90867557,5546
16--2346,2016/02/18,7:33 AM,CARA CRES S @ WILKIE DR S (0004749),4749,03 - At intersection,03 - P.D. only,01 - Approaching,01 - Clear,01 - Daylight,05 - Packed snow,03 - Yield sign,01 - Functioning,2,0,0,0,,0,,,,,383940.5451,5037313.857,45.47126645,-75.4878422,5547
16--2347,2016/02/18,7:46 AM,KIRKWOOD AVE btwn CARLING AVE & COLDREY AVE (__3ZA30X),__3ZA30X,01 - Non intersection,03 - P.D. only,04 - Sideswipe,01 - Clear,01 - Daylight,06 - Ice,10 - No control,,2,0,0,0,,0,,,,,364417.1639,5027182.489,45.38204647,-75.73873448,5548
16--2348,2016/02/18,7:47 AM,JEANNE D'ARC BLVD @ GREY NUNS DR/YOUVILLE DR (0003147),3147,02 - Intersection related,03 - P.D. only,03 - Rear end,01 - Clear,01 - Daylight,06 - Ice,01 - Traffic signal,01 - Functioning,3,0,0,0,,0,,,,,379672.3327,5036701.605,45.46622851,-75.54251534,5549
16--2349,2016/02/18,7:49 AM,INNES RD btwn CASABELLA DR & ORCHARDVIEW AVE (__30LQUN),__30LQUN,01 - Non intersection,02 - Non-fatal injury,03 - Rear end,01 - Clear,01 - Daylight,05 - Packed snow,10 - No control,,2,0,0,0,01 - Minimal,1,1,,,,384835.2197,5036556.786,45.46435309,-75.47652499,5550
16--235,2016/01/06,7:40 AM,COBOURG ST @ OLD ST. PATRICK ST (0007613),7613,03 - At intersection,02 - Non-fatal injury,07 - SMV other,01 - Clear,03 - Dawn,03 - Loose snow,02 - Stop sign,01 - Functioning,1,0,0,1,02 - Minor,1,,1,,,368820.7057,5033173.968,45.43556718,-75.68173212,5551
16--2350,2016/02/18,7:50 AM,GIBBARD AVE btwn GREENBANK RD & ATKINSON GT (__3ZA4YP),__3ZA4YP,04 - At/near private drive,03 - P.D. only,02 - Angle,01 - Clear,01 - Daylight,05 - Packed snow,10 - No control,,2,0,0,0,,0,,,,,361445.4442,5020630.021,45.32333428,-75.77742863,5552
16--2351,2016/02/18,7:50 AM,VARENNES BLVD @ WATTERS RD (0004623),4623,02 - Intersection related,02 - Non-fatal injury,03 - Rear end,01 - Clear,01 - Daylight,06 - Ice,02 - Stop sign,01 - Functioning,2,0,0,0,01 - Minimal,2,2,,,,384835.7505,5038434.235,45.48124452,-75.47621239,5553
16--2352,2016/02/18,7:52 AM,HAZELDEAN RD @ CARBROOKE ST/IRWIN GATE (0003187),3187,02 - Intersection related,03 - P.D. only,03 - Rear end,01 - Clear,01 - Daylight,02 - Wet,01 - Traffic signal,01 - Functioning,3,0,0,0,,0,,,,,353417.5911,5018265.137,45.30265649,-75.88005776,5554
16--2353,2016/02/18,7:55 AM,CUMMINGS AVE @ OGILVIE RD (0009923),9923,02 - Intersection related,03 - P.D. only,03 - Rear end,03 - Snow,01 - Daylight,06 - Ice,01 - Traffic signal,01 - Functioning,2,0,0,0,,0,,,,,372748.0543,5032170.808,45.42617064,-75.63167955,5555
16--2354,2016/02/18,7:55 PM,BANK ST btwn FOURTH AVE & FIFTH AVE (__3ZA3OW),__3ZA3OW,01 - Non intersection,03 - P.D. only,06 - SMV unattended vehicle,01 - Clear,07 - Dark,05 - Packed snow,10 - No control,,1,0,0,0,,0,,,,,368394.7187,5029408.281,45.40172369,-75.68766225,5556
16--2355,2016/02/18,7:59 AM,OGILVIE WALK CRES btwn AMBASSADOR AVE & AMBASSADOR AVE (__3ZAZRH),__3ZAZRH,04 - At/near private drive,03 - P.D. only,02 - Angle,01 - Clear,01 - Daylight,05 - Packed snow,10 - No control,,2,0,0,0,,0,,,,,374071.9804,5032666.418,45.43050001,-75.61469316,5557
16--2356,2016/02/18,8:00 AM,CHAMPLAIN ST @ JEANNE D'ARC BLVD (0004106),4106,02 - Intersection related,03 - P.D. only,03 - Rear end,01 - Clear,01 - Daylight,06 - Ice,01 - Traffic signal,01 - Functioning,2,0,0,0,,0,,,,,381380.8546,5038724.264,45.48424147,-75.52035425,5558
16--2357,2016/02/18,8:01 AM,AVIATION PKWY @ OGILVIE RD (0004114),4114,02 - Intersection related,03 - P.D. only,03 - Rear end,01 - Clear,01 - Daylight,06 - Ice,01 - Traffic signal,01 - Functioning,3,0,0,0,,0,,,,,373110.0408,5032375.912,45.4279808,-75.62702575,5559
16--2358,2016/02/18,8:03 AM,OLD TENTH LINE RD/OR174 IC101 RAMP63 @ ST. JOS (0009233),9233,03 - At intersection,03 - P.D. only,02 - Angle,01 - Clear,01 - Daylight,02 - Wet,01 - Traffic signal,01 - Functioning,2,0,0,0,,0,,,,,383119.2167,5038786.098,45.48460493,-75.49811012,5560
16--2359,2016/02/18,8:12 AM,LEITRIM RD btwn HIGH RD & ALBION RD (__4B2G24),__4B2G24,01 - Non intersection,03 - P.D. only,02 - Angle,01 - Clear,01 - Daylight,02 - Wet,10 - No control,,2,0,0,0,,0,,,,,373402.0273,5020346.78,45.31971913,-75.62496557,5561
16--236,2016/01/06,8:02 AM,FALLOWFIELD RD @ 482 E OF HOLITMAN DR/BARRHAVE (0010441),10441,03 - At intersection,03 - P.D. only,07 - SMV other,01 - Clear,01 - Daylight,06 - Ice,01 - Traffic signal,01 - Functioning,1,0,0,0,,0,,,,,364167.174,5017377.592,45.29384418,-75.74310274,5562
16--2360,2016/02/18,8:17 AM,PARKDALE AVE @ KENILWORTH ST (0006366),6366,03 - At intersection,03 - P.D. only,02 - Angle,01 - Clear,01 - Daylight,01 - Dry,02 - Stop sign,01 - Functioning,2,0,0,0,,0,,,,,365445.4803,5028596.648,45.39468251,-75.72543108,5563
16--2361,2016/02/18,8:20 AM,CYRVILLE RD @ MEADOWBROOK RD (0012477),12477,02 - Intersection related,03 - P.D. only,03 - Rear end,01 - Clear,01 - Daylight,06 - Ice,01 - Traffic signal,01 - Functioning,2,0,0,0,,0,,,,,374629.9569,5031243.228,45.41763943,-75.60776475,5564
16--2362,2016/02/18,8:20 AM,HIGHWAY 417 btwn HWY417 IC124 RAMP67 & HWY417 IC123 RAMP62 (__3ZA2YZ),__3ZA2YZ,01 - Non intersection,03 - P.D. only,04 - Sideswipe,01 - Clear,01 - Daylight,02 - Wet,10 - No control,,2,0,0,0,,0,,,,,364722.3056,5027968.852,45.38909598,-75.73474294,5565
16--2363,2016/02/18,8:22 AM,JEANNE D'ARC BLVD @ GREY NUNS DR/YOUVILLE DR (0003147),3147,02 - Intersection related,02 - Non-fatal injury,07 - SMV other,01 - Clear,01 - Daylight,06 - Ice,01 - Traffic signal,01 - Functioning,1,0,0,1,02 - Minor,1,,1,,,379671.4895,5036702.629,45.46623782,-75.54252597,5566
16--2364,2016/02/18,8:23 AM,CATHERINE ST/HWY 417 O'CONN IC119BR76 @ O'CONN (0001697),1697,02 - Intersection related,03 - P.D. only,07 - SMV other,03 - Snow,01 - Daylight,06 - Ice,01 - Traffic signal,01 - Functioning,1,0,0,0,,0,,,,,368243.6444,5030392.631,45.41059427,-75.68946517,5567
16--2365,2016/02/18,8:25 AM,BEARBROOK RD/ROCKCLIFFE PKWY @ ST. JOSEPH BLVD (0012382),12382,02 - Intersection related,03 - P.D. only,03 - Rear end,01 - Clear,01 - Daylight,06 - Ice,01 - Traffic signal,00 - Unknown,2,0,0,0,,0,,,,,377129.4133,5035238.77,45.45333486,-75.57524564,5568
16--2366,2016/02/18,8:30 AM,ST. LAURENT BLVD @ MCARTHUR AVE (0008246),8246,02 - Intersection related,03 - P.D. only,03 - Rear end,01 - Clear,01 - Daylight,02 - Wet,01 - Traffic signal,01 - Functioning,2,0,0,0,,0,,,,,371920.9201,5032886.776,45.43269245,-75.64215086,5569
16--2367,2016/02/18,8:34 AM,EAGLESON RD btwn PALOMINO DR & ROTHESAY DR (__3ZA41K),__3ZA41K,01 - Non intersection,03 - P.D. only,03 - Rear end,01 - Clear,01 - Daylight,06 - Ice,10 - No control,,2,0,0,0,,0,,,,,354114.6455,5017312.644,45.29403717,-75.8712646,5570
16--2368,2016/02/18,8:36 AM,CARLING AVE @ BAYSHORE DR/BIRCHDALE AVE (0000021),21,02 - Intersection related,03 - P.D. only,04 - Sideswipe,01 - Clear,01 - Daylight,02 - Wet,01 - Traffic signal,01 - Functioning,2,0,0,0,,0,,,,,359004.8377,5023990.536,45.35376501,-75.80819063,5571
16--2369,2016/02/18,8:44 PM,BASELINE RD btwn SOUTHWOOD DR & COBDEN RD (__3ZA4MP),__3ZA4MP,01 - Non intersection,03 - P.D. only,03 - Rear end,01 - Clear,07 - Dark,05 - Packed snow,10 - No control,,2,0,0,0,,0,,,,,361249.0488,5022972.015,45.34442333,-75.77966654,5572