Anom_ID,Accident_Date,Accident_Time,Location,Geo_ID,Accident_Location,Classification_of_Accident,Initial_Impact_Type,Environment_Condition,Light,Road_Surface_Condition,Traffic_Control,Traffic_Control_Condition,No__of_Vehicles,No__of_Bicycles,No__of_Motorcycles,No__of_Pedestrians,Max_Injury,No__of_Injuries,No__of_Minimal,No__of_Minor,No__of_Major,No__of_Fatal,X,Y,Latitude,Longitude,ObjectId
16--237,2016/01/06,8:13 AM,BELFAST RD @ ST. LAURENT BLVD (0007658),7658,02 - Intersection related,03 - P.D. only,99 - Other,01 - Clear,01 - Daylight,02 - Wet,01 - Traffic signal,01 - Functioning,2,0,0,0,,0,,,,,372859.2232,5030578.937,45.41183693,-75.63047895,5573
16--2370,2016/02/18,8:45 AM,BELLMAN DR @ GLENCOE ST (0000891),891,02 - Intersection related,03 - P.D. only,03 - Rear end,01 - Clear,01 - Daylight,06 - Ice,02 - Stop sign,01 - Functioning,2,0,0,0,,0,,,,,361075.0167,5020965.15,45.32637957,-75.78211536,5574
16--2371,2016/02/18,8:45 AM,REGIONAL ROAD 174 btwn OR174 IC112 RAMP61 & TRANSIT (__3ZA2W0),__3ZA2W0,01 - Non intersection,03 - P.D. only,03 - Rear end,01 - Clear,01 - Daylight,01 - Dry,10 - No control,,2,0,0,0,,0,,,,,375197.1771,5033147.777,45.43471865,-75.60024592,5575
16--2372,2016/02/18,8:45 AM,VALIN ST @ JERSEY ST (0013146),13146,03 - At intersection,03 - P.D. only,02 - Angle,01 - Clear,01 - Daylight,06 - Ice,02 - Stop sign,01 - Functioning,2,0,0,0,,0,,,,,385545.3033,5037628.625,45.47391474,-75.46726995,5576
16--2373,2016/02/18,8:51 AM,TENTH LINE RD btwn OLD TENTH LINE RD & TOMPKINS AVE (__3ZBPKU),__3ZBPKU,01 - Non intersection,02 - Non-fatal injury,03 - Rear end,03 - Snow,01 - Daylight,06 - Ice,10 - No control,,2,0,0,0,01 - Minimal,1,1,,,,383177.9088,5037999.391,45.47752027,-75.49748497,5577
16--2374,2016/02/18,8:59 AM,DONALD ST @ ST. LAURENT BLVD (0008630),8630,02 - Intersection related,03 - P.D. only,03 - Rear end,04 - Freezing Rain,01 - Daylight,06 - Ice,01 - Traffic signal,01 - Functioning,2,0,0,0,,0,,,,,372093.7129,5032470.515,45.42893052,-75.6399996,5578
16--2375,2016/02/18,9:00 AM,ST. LAURENT BLVD btwn MCARTHUR AVE & DONALD ST (__3ZBOF4),__3ZBOF4,04 - At/near private drive,03 - P.D. only,03 - Rear end,01 - Clear,01 - Daylight,06 - Ice,10 - No control,,2,0,0,0,,0,,,,,372049.0649,5032585.341,45.42996796,-75.64055444,5579
16--2376,2016/02/18,9:07 AM,CYRVILLE RD @ OGILVIE RD (0003554),3554,02 - Intersection related,03 - P.D. only,03 - Rear end,01 - Clear,01 - Daylight,06 - Ice,01 - Traffic signal,01 - Functioning,3,0,0,0,,0,,,,,372453.4971,5032006.236,45.42471845,-75.63546592,5580
16--2377,2016/02/18,9:12 AM,BASELINE RD btwn MERIVALE RD & FARLANE BLVD (__3ZA4ID),__3ZA4ID,01 - Non intersection,03 - P.D. only,03 - Rear end,01 - Clear,01 - Daylight,06 - Ice,10 - No control,,3,0,0,0,,0,,,,,365157.4711,5025389.222,45.36584758,-75.72950133,5581
16--2378,2016/02/18,9:13 AM,HIGHWAY 417 btwn HWY417 IC122 RAMP61 & HWY417 IC121B RAMP16 (__3ZA2Y4),__3ZA2Y4,01 - Non intersection,03 - P.D. only,99 - Other,01 - Clear,01 - Daylight,06 - Ice,10 - No control,,2,0,0,0,,0,,,,,366077.3942,5029347.192,45.4013807,-75.71726774,5582
16--2379,2016/02/18,9:18 AM,CRESTWAY DR @ STRANDHERD DR (0010538),10538,02 - Intersection related,03 - P.D. only,03 - Rear end,01 - Clear,01 - Daylight,06 - Ice,01 - Traffic signal,01 - Functioning,3,0,0,0,,0,,,,,366347.5687,5015472.243,45.27651239,-75.71554287,5583
16--238,2016/01/06,8:13 AM,HWY416 IC75A RAMP26 btwn HIGHWAY 417 & HIGHWAY 416 (__3ZAY4Y),__3ZAY4Y,01 - Non intersection,01 - Fatal injury,07 - SMV other,00 - Unknown,01 - Daylight,00 - Unknown,10 - No control,,1,0,0,0,04 - Fatal,1,,,,1,358303.2911,5022702.397,45.34222817,-75.81728309,5584
16--2380,2016/02/18,9:20 AM,HIGHWAY 417 btwn HWY417 IC122 RAMP15 & HWY417 IC121B RAMP51 (__3ZA2RB),__3ZA2RB,01 - Non intersection,03 - P.D. only,03 - Rear end,01 - Clear,01 - Daylight,01 - Dry,10 - No control,,2,0,0,0,,0,,,,,366569.3974,5029510.426,45.4028062,-75.71096325,5585
16--2381,2016/02/18,9:20 AM,HIGHWAY 417 btwn HWY417 IC122 RAMP16 & HWY417 IC122 RAMP61 (__3ZA2RA),__3ZA2RA,01 - Non intersection,03 - P.D. only,04 - Sideswipe,01 - Clear,01 - Daylight,06 - Ice,10 - No control,,2,0,0,0,,0,,,,,365325.1442,5028890.61,45.39733792,-75.72693182,5586
16--2382,2016/02/18,9:29 AM,ALTA VISTA DR @ KILBORN AVE (0008082),8082,02 - Intersection related,02 - Non-fatal injury,03 - Rear end,01 - Clear,01 - Daylight,01 - Dry,01 - Traffic signal,01 - Functioning,2,0,0,0,02 - Minor,1,,1,,,370366.833,5027751.761,45.386637,-75.66269393,5587
16--2383,2016/02/18,9:30 AM,DONALD ST btwn 48 E  PAUL EMILE LAMARCHE & FRANCES ST (__3ZA81SB),__3ZA81SB,01 - Non intersection,03 - P.D. only,01 - Approaching,01 - Clear,01 - Daylight,06 - Ice,10 - No control,,2,0,0,0,,0,,,,,371478.0604,5032402.68,45.42837914,-75.64787582,5588
16--2384,2016/02/18,9:30 AM,SOMERSET ST    W btwn BELL ST N & ARTHUR ST (__3ZA33H),__3ZA33H,04 - At/near private drive,03 - P.D. only,04 - Sideswipe,01 - Clear,01 - Daylight,01 - Dry,10 - No control,,2,0,0,0,,0,,,,,366783.834,5030370.002,45.41052147,-75.70811625,5589
16--2385,2016/02/18,9:30 AM,GREENBANK RD btwn MONTEREY DR & MEADOWBANK DR (__3ZA4LG),__3ZA4LG,01 - Non intersection,03 - P.D. only,03 - Rear end,01 - Clear,01 - Daylight,02 - Wet,10 - No control,,2,0,0,0,,0,,,,,360757.7744,5022204.943,45.33756059,-75.78602185,5590
16--2386,2016/02/18,9:44 AM,HOLLAND AVE @ TYNDALL ST (0006087),6087,02 - Intersection related,03 - P.D. only,03 - Rear end,01 - Clear,01 - Daylight,06 - Ice,01 - Traffic signal,01 - Functioning,2,0,0,0,,0,,,,,365031.4949,5028917.669,45.39760672,-75.73067886,5591
16--2387,2016/02/18,9:58 AM,WOODROFFE AVE @ HWY 417 WOODROFF IC127R26/HWY4 (0002355),2355,02 - Intersection related,03 - P.D. only,03 - Rear end,01 - Clear,01 - Daylight,02 - Wet,01 - Traffic signal,01 - Functioning,2,0,0,0,,0,,,,,362082.9064,5024939.298,45.36205721,-75.76879882,5592
16--2388,2016/02/19,1:30 PM,INDUSTRIAL AVE btwn TRAINYARDS DR & RUSSELL RD (__3ZA3R9),__3ZA3R9,01 - Non intersection,03 - P.D. only,04 - Sideswipe,01 - Clear,01 - Daylight,01 - Dry,10 - No control,,2,0,0,0,,0,,,,,371785.8429,5030523.093,45.41143804,-75.64419844,5593
16--2389,2016/02/19,1:50 AM,HUNT CLUB RD btwn NORTH BOWESVILLE RD & BILLY BISHOP PRIV (__5G43Y1),__5G43Y1,01 - Non intersection,03 - P.D. only,99 - Other,01 - Clear,07 - Dark,05 - Packed snow,10 - No control,,2,0,0,0,,0,,,,,368934.3458,5022474.158,45.33928317,-75.68167021,5594
16--239,2016/01/06,8:38 AM,SMYTH RD btwn ROGER GUINDON AVE & BOTSFORD ST (__3ZA3BW),__3ZA3BW,01 - Non intersection,03 - P.D. only,03 - Rear end,01 - Clear,01 - Daylight,02 - Wet,10 - No control,,3,0,0,0,,0,,,,,372034.4729,5029239.295,45.39986313,-75.64119739,5595
16--2390,2016/02/19,10:00 PM,KING EDWARD AVE @ OSGOODE ST/THOMAS MORE PRIV (0007750),7750,03 - At intersection,03 - P.D. only,05 - Turning movement,03 - Snow,07 - Dark,03 - Loose snow,01 - Traffic signal,01 - Functioning,2,0,0,0,,0,,,,,368848.5778,5031852.182,45.42367169,-75.68154783,5596
16--2391,2016/02/19,10:15 PM,ROGER STEVENS DR btwn DWYER HILL RD & MALAKOFF RD (__3ZA4ZQ),__3ZA4ZQ,01 - Non intersection,03 - P.D. only,02 - Angle,01 - Clear,07 - Dark,02 - Wet,10 - No control,,2,0,0,0,,0,,,,,361283.4725,4995301.124,45.09543323,-75.78236647,5597
16--2392,2016/02/19,10:15 PM,HWY417 IC142 RAMP61 btwn HWY417 IC142 RAMP63 & HIGHWAY 417 (__3ZAY78),__3ZAY78,01 - Non intersection,03 - P.D. only,07 - SMV other,01 - Clear,07 - Dark,06 - Ice,10 - No control,,1,0,0,0,,0,,,,,349034.0981,5017457.696,45.29568059,-75.9360226,5598
16--1960,2016/02/13,9:50 PM,HIGHWAY 417 btwn HWY417 IC122 RAMP15 & HWY417 IC121B RAMP51 (__3ZA2RB),__3ZA2RB,01 - Non intersection,03 - P.D. only,07 - SMV other,01 - Clear,"08 - Dark, artificial",06 - Ice,10 - No control,,1,0,0,0,,0,,,,,365821.7625,5029192.955,45.40001525,-75.72055186,5599
16--2393,2016/02/19,10:21 AM,EAGLESON RD @ FERNBANK RD (0011846),11846,03 - At intersection,03 - P.D. only,02 - Angle,03 - Snow,01 - Daylight,03 - Loose snow,01 - Traffic signal,01 - Functioning,2,0,0,0,,0,,,,,354798.8513,5015587.647,45.27846692,-75.86271571,5600
16--2394,2016/02/19,10:22 AM,FALLOWFIELD RD @ WOODROFFE AVE (0010372),10372,02 - Intersection related,02 - Non-fatal injury,03 - Rear end,01 - Clear,01 - Daylight,01 - Dry,01 - Traffic signal,01 - Functioning,2,0,0,0,02 - Minor,1,,1,,,365084.4841,5017904.3,45.29850537,-75.73134458,5601
16--2587,2016/02/23,3:38 PM,TERRY FOX DR @ WESTPHALIAN AVE (0014366),14366,02 - Intersection related,03 - P.D. only,04 - Sideswipe,01 - Clear,01 - Daylight,01 - Dry,01 - Traffic signal,01 - Functioning,2,0,0,0,,0,,,,,353455.2261,5015759.789,45.28011017,-75.87982363,5602
16--2395,2016/02/19,10:30 PM,BANK ST @ HUNT CLUB RD (0002119),2119,02 - Intersection related,03 - P.D. only,03 - Rear end,03 - Snow,07 - Dark,03 - Loose snow,01 - Traffic signal,01 - Functioning,2,0,0,0,,0,,,,,371608.961,5024095.833,45.35362489,-75.64732782,5603
16--2396,2016/02/19,10:40 AM,WEST HUNT CLUB RD @ WOODROFFE AVE (0000576),576,03 - At intersection,03 - P.D. only,02 - Angle,03 - Snow,01 - Daylight,02 - Wet,01 - Traffic signal,01 - Functioning,2,0,0,0,,0,,,,,363671.3569,5021246.711,45.32870007,-75.74896389,5604
16--2397,2016/02/19,10:50 AM,AGINCOURT RD @ MAITLAND AVE (0003375),3375,03 - At intersection,03 - P.D. only,02 - Angle,01 - Clear,01 - Daylight,02 - Wet,02 - Stop sign,01 - Functioning,2,0,0,0,,0,,,,,363446.0124,5025450.527,45.36654448,-75.75133993,5605
16--2398,2016/02/19,10:51 AM,ALBERT ST @ PRESTON ST (0002217),2217,02 - Intersection related,03 - P.D. only,03 - Rear end,01 - Clear,01 - Daylight,01 - Dry,01 - Traffic signal,01 - Functioning,3,0,0,0,,0,,,,,366161.1803,5030464.475,45.41142639,-75.71605855,5606
16--2399,2016/02/19,10:52 AM,BANK ST @ HUNT CLUB RD (0002119),2119,02 - Intersection related,03 - P.D. only,04 - Sideswipe,01 - Clear,01 - Daylight,01 - Dry,01 - Traffic signal,01 - Functioning,2,0,0,0,,0,,,,,371608.956,5024096.726,45.35363292,-75.64732776,5607
16--24,2016/01/01,8:57 PM,BRONSON AVE @ MACLAREN ST (0006338),6338,03 - At intersection,03 - P.D. only,02 - Angle,03 - Snow,07 - Dark,03 - Loose snow,02 - Stop sign,01 - Functioning,2,0,0,0,,0,,,,,366999.4801,5030399.784,45.41077031,-75.70535774,5608
16--240,2016/01/06,8:40 AM,BREWER RD @ BRONSON AVE (0002240),2240,02 - Intersection related,03 - P.D. only,05 - Turning movement,01 - Clear,01 - Daylight,02 - Wet,01 - Traffic signal,01 - Functioning,2,0,0,0,,0,,,,,368109.0471,5027765.31,45.38696662,-75.69152179,5609
16--2400,2016/02/19,10:56 AM,VALIN ST btwn GLANDRIEL CRES & TIMBERTRAIL TER (__45C2PR),__45C2PR,01 - Non intersection,03 - P.D. only,06 - SMV unattended vehicle,03 - Snow,01 - Daylight,03 - Loose snow,10 - No control,,1,0,0,0,,0,,,,,386820.6546,5037750.891,45.47486613,-75.45094057,5610
16--2401,2016/02/19,11:00 PM,LESTER RD btwn ALBION RD & UPLANDS DR (__3ZA2SC),__3ZA2SC,01 - Non intersection,02 - Non-fatal injury,07 - SMV other,03 - Snow,07 - Dark,05 - Packed snow,10 - No control,,1,0,0,0,01 - Minimal,2,2,,,,372531.6258,5022215.921,45.33662158,-75.63581075,5611
16--2402,2016/02/19,11:05 AM,MAIN ST btwn CENTENNIAL BLVD & TORONTO ST (__3ZA3OT),__3ZA3OT,01 - Non intersection,03 - P.D. only,04 - Sideswipe,01 - Clear,01 - Daylight,05 - Packed snow,10 - No control,,2,0,0,0,,0,,,,,369507.6606,5029356.602,45.40115672,-75.67345416,5612
16--2403,2016/02/19,11:35 PM,MITCH OWENS RD btwn TURN LANE & SALE BARN RD (__3ZA2CS),__3ZA2CS,01 - Non intersection,03 - P.D. only,07 - SMV other,03 - Snow,07 - Dark,03 - Loose snow,10 - No control,,1,0,0,0,,0,,,,,378518.3757,5016436.012,45.28401327,-75.56029542,5613
16--2404,2016/02/19,11:45 AM,KANATA AVE @ LORD BYNG WAY/MARITIME WAY (0009115),9115,02 - Intersection related,03 - P.D. only,03 - Rear end,01 - Clear,01 - Daylight,01 - Dry,01 - Traffic signal,01 - Functioning,2,0,0,0,,0,,,,,351428.8055,5019330.962,45.31238189,-75.90531587,5614
16--2405,2016/02/19,11:53 AM,PRINCE OF WALES DR @ WEST HUNT CLUB RD (0000567),567,02 - Intersection related,03 - P.D. only,03 - Rear end,01 - Clear,01 - Daylight,01 - Dry,01 - Traffic signal,01 - Functioning,2,0,0,0,,0,,,,,367458.0517,5021892.162,45.33417988,-75.70057899,5615
16--2684,2016/02/25,12:14 PM,PRINCE OF WALES DR btwn MEADOWLANDS DR & NESBITT PL (__3ZA36V),__3ZA36V,04 - At/near private drive,03 - P.D. only,02 - Angle,03 - Snow,01 - Daylight,02 - Wet,10 - No control,,2,0,0,0,,0,,,,,367381.4601,5025603.677,45.36758216,-75.70108636,5616
16--1961,2016/02/13,9:57 PM,BANK ST btwn BANK ST EXTENSION NB & JOHNSTON RD (__3ZA37U),__3ZA37U,01 - Non intersection,02 - Non-fatal injury,07 - SMV other,01 - Clear,07 - Dark,01 - Dry,10 - No control,,1,0,0,0,02 - Minor,1,,1,,,370835.2651,5024876.63,45.36072354,-75.65709699,5617
16--2588,2016/02/23,3:50 PM,MARCH RD @ SOLANDT RD (0003172),3172,02 - Intersection related,03 - P.D. only,03 - Rear end,01 - Clear,01 - Daylight,01 - Dry,01 - Traffic signal,01 - Functioning,2,0,0,0,,0,,,,,350488.9426,5022711.612,45.34286357,-75.91698987,5618
16--2685,2016/02/25,12:34 PM,PRESTON ST btwn NORMAN ST & PAMILLA ST (__3ZA4QJ),__3ZA4QJ,04 - At/near private drive,03 - P.D. only,02 - Angle,03 - Snow,01 - Daylight,04 - Slush,10 - No control,,2,0,0,0,,0,,,,,366721.7574,5029181.484,45.39983301,-75.7090585,5619
16--2589,2016/02/23,4:15 PM,LABELLE ST/RAMP @ LEMIEUX ST/HWY417 IC115 RAMP (0012538),12538,03 - At intersection,03 - P.D. only,02 - Angle,01 - Clear,01 - Daylight,01 - Dry,02 - Stop sign,01 - Functioning,2,0,0,0,,0,,,,,372541.9444,5031689.689,45.42186175,-75.63437933,5620
16--259,2016/01/07,3:17 AM,AIRPORT PKWY btwn BROOKFIELD RAMP 34 & BROOKFIELD RAMP 52B (__3ZA228),__3ZA228,01 - Non intersection,03 - P.D. only,07 - SMV other,01 - Clear,07 - Dark,02 - Wet,10 - No control,,1,0,0,0,,0,,,,,368795.7406,5026413.892,45.37474455,-75.68292854,5621
16--2686,2016/02/25,12:51 PM,GLADSTONE AVE btwn CAMBRIDGE ST N & BRONSON AVE (__3ZBODM),__3ZBODM,04 - At/near private drive,03 - P.D. only,02 - Angle,01 - Clear,01 - Daylight,01 - Dry,10 - No control,,2,0,0,0,,0,,,,,367069.0954,5030040.082,45.40752763,-75.70451388,5622
16--2590,2016/02/23,4:16 PM,HIGHWAY 417 btwn HWY417 IC127 RAMP25 & HWY417 IC126 RAMP51 (__3ZA2XA),__3ZA2XA,01 - Non intersection,03 - P.D. only,03 - Rear end,01 - Clear,01 - Daylight,01 - Dry,10 - No control,,2,0,0,0,,0,,,,,363197.868,5025874.211,45.37037746,-75.75445733,5623
16--1962,2016/02/14,1:30 PM,METCALFE ST btwn CATHERINE ST & CATHERINE ST (__3ZA3PB),__3ZA3PB,01 - Non intersection,03 - P.D. only,03 - Rear end,01 - Clear,01 - Daylight,06 - Ice,10 - No control,,2,0,0,0,,0,,,,,368398.9766,5030479.207,45.41135915,-75.68746973,5624
16--2687,2016/02/25,2:18 AM,KING EDWARD AVE NB btwn RAMP & CATHCART ST (__7TR60M),__7TR60M,01 - Non intersection,03 - P.D. only,07 - SMV other,03 - Snow,07 - Dark,02 - Wet,10 - No control,,1,0,0,0,,0,,,,,368031.2452,5033243.019,45.43626031,-75.69181256,5625
16--2591,2016/02/23,4:22 AM,OTTAWA RIVER PKWY EB btwn TURN LANE & TRANSIT (__3ZA23J),__3ZA23J,01 - Non intersection,03 - P.D. only,07 - SMV other,01 - Clear,07 - Dark,01 - Dry,10 - No control,,1,0,0,0,,0,,,,,361451.7302,5027093.338,45.38149038,-75.77660791,5626
16--1963,2016/02/14,10:00 AM,BESSERER ST @ CHARLOTTE ST (0008425),8425,02 - Intersection related,03 - P.D. only,07 - SMV other,01 - Clear,01 - Daylight,06 - Ice,02 - Stop sign,01 - Functioning,1,0,0,0,,0,,,,,369292.933,5032791.811,45.43208529,-75.67574712,5627
16--2688,2016/02/25,2:29 PM,LEMIEUX ST @ ST. LAURENT BLVD (0002021),2021,03 - At intersection,03 - P.D. only,02 - Angle,03 - Snow,01 - Daylight,03 - Loose snow,01 - Traffic signal,01 - Functioning,2,0,0,0,,0,,,,,372391.7333,5031742.564,45.42235202,-75.63629128,5628
16--2592,2016/02/23,4:30 PM,HIGHWAY 417 btwn HWY417 IC120A RAMP52 & HWY417 IC119B RAMP57 (__3ZA2R1),__3ZA2R1,01 - Non intersection,03 - P.D. only,04 - Sideswipe,01 - Clear,01 - Daylight,01 - Dry,10 - No control,,2,0,0,0,,0,,,,,368080.2402,5030191.632,45.40880054,-75.69157836,5629
16--1964,2016/02/14,10:41 AM,WINDHURST DR btwn STONEWAY DR & STONEPOINTE AVE (__3ZA1A5),__3ZA1A5,01 - Non intersection,03 - P.D. only,07 - SMV other,01 - Clear,01 - Daylight,01 - Dry,10 - No control,,1,0,0,0,,0,,,,,366412.0876,5016133.834,45.28245969,-75.7146385,5630
16--2689,2016/02/25,2:35 AM,HIGHWAY 416 btwn HWY416 IC72 RAMP34 & HWY416 IC72 RAMP63 (__3ZAZER),__3ZAZER,01 - Non intersection,03 - P.D. only,07 - SMV other,04 - Freezing Rain,"08 - Dark, artificial",06 - Ice,10 - No control,,1,0,0,0,,0,,,,,359525.7862,5019483.782,45.31317265,-75.80204064,5631
16--2593,2016/02/23,5:04 PM,SPRINGFIELD RD btwn BUENA VISTA RD & PARK RD (__3ZA8PD),__3ZA8PD,01 - Non intersection,03 - P.D. only,06 - SMV unattended vehicle,01 - Clear,01 - Daylight,01 - Dry,10 - No control,,1,0,0,0,,0,,,,,369010.4387,5034857.162,45.45069449,-75.67908771,5632
16--1965,2016/02/14,10:45 AM,ST. ANTHONY ST btwn PRESTON ST & END (__3ZA4AP),__3ZA4AP,01 - Non intersection,03 - P.D. only,06 - SMV unattended vehicle,01 - Clear,01 - Daylight,05 - Packed snow,10 - No control,,1,0,0,0,,0,,,,,366509.2337,5029540.239,45.40307976,-75.71172797,5633
16--1966,2016/02/14,11:04 AM,INNES RD btwn 173 W OF ORIENT PARK DR & ORIENT PARK DR (__3ZA2AZB),__3ZA2AZB,04 - At/near private drive,02 - Non-fatal injury,02 - Angle,01 - Clear,01 - Daylight,01 - Dry,10 - No control,,2,0,0,0,02 - Minor,1,,1,,,378183.9673,5032955.559,45.43268214,-75.56210512,5634
16--1967,2016/02/14,11:12 AM,BILL LEATHEM DR @ LEIKIN DR S (0005135),5135,02 - Intersection related,03 - P.D. only,07 - SMV other,05 - Drifting Snow,01 - Daylight,06 - Ice,02 - Stop sign,01 - Functioning,1,0,0,0,,0,,,,,366925.9234,5017440.112,45.29416824,-75.70792574,5635
16--1968,2016/02/14,11:19 PM,BANK ST btwn RIDEAU RD & TURN LANE (__3ZBPH9),__3ZBPH9,01 - Non intersection,03 - P.D. only,07 - SMV other,01 - Clear,07 - Dark,01 - Dry,10 - No control,,1,0,0,0,,0,,,,,377363.3689,5016861.377,45.28796072,-75.5749544,5636
16--1969,2016/02/14,11:33 PM,WOODROFFE AVE @ KNOXDALE RD/MEDHURST DR (0000519),519,03 - At intersection,03 - P.D. only,05 - Turning movement,01 - Clear,07 - Dark,01 - Dry,01 - Traffic signal,01 - Functioning,2,0,0,0,,0,,,,,363419.2561,5021825.993,45.33393351,-75.75211112,5637
16--197,2016/01/06,12:15 PM,LYON ST    N btwn QUEEN ST & ALBERT ST (__3ZA30F),__3ZA30F,04 - At/near private drive,03 - P.D. only,04 - Sideswipe,01 - Clear,01 - Daylight,02 - Wet,10 - No control,,2,0,0,0,,0,,,,,367038.7442,5031256.246,45.41847301,-75.70474801,5638
16--1970,2016/02/14,11:43 PM,FRENCH HILL RD @ SARSFIELD RD (0004788),4788,03 - At intersection,03 - P.D. only,07 - SMV other,03 - Snow,07 - Dark,06 - Ice,02 - Stop sign,01 - Functioning,1,0,0,0,,0,,,,,393597.431,5038168.286,45.47779247,-75.36420538,5639
16--1971,2016/02/14,11:50 AM,HWY 417 VANIER IC117R63 @ VANIER PKWY (0002101),2101,02 - Intersection related,03 - P.D. only,03 - Rear end,01 - Clear,01 - Daylight,01 - Dry,01 - Traffic signal,01 - Functioning,2,0,0,0,,0,,,,,370799.3867,5031398.384,45.41940727,-75.65668266,5640
16--1972,2016/02/14,12:14 AM,HWY417 IC121A RAMP61 btwn CATHERINE ST & HIGHWAY 417 (__3ZAY9W),__3ZAY9W,01 - Non intersection,03 - P.D. only,07 - SMV other,01 - Clear,00 - Unknown,06 - Ice,10 - No control,,1,0,0,0,,0,,,,,367503.7149,5029880.562,45.40605351,-75.69898246,5641
16--1973,2016/02/14,12:29 AM,DAZE ST btwn HUNT CLUB RD & 200 W OF BANK ST (__3ZAZYCB),__3ZAZYCB,04 - At/near private drive,03 - P.D. only,05 - Turning movement,01 - Clear,07 - Dark,01 - Dry,10 - No control,,2,0,0,0,,0,,,,,371199.5247,5024045.679,45.35321251,-75.65255954,5642
16--1974,2016/02/14,12:39 AM,MONTREAL RD @ BATHGATE DR/BURMA RD (0007650),7650,03 - At intersection,03 - P.D. only,02 - Angle,01 - Clear,07 - Dark,02 - Wet,01 - Traffic signal,01 - Functioning,2,0,0,0,,0,,,,,373224.5029,5034517.251,45.44723628,-75.62526549,5643
16--1975,2016/02/14,12:50 PM,CHURCHILL AVE   N btwn RAVENHILL AVE & KENWOOD AVE (__3ZA4OJ),__3ZA4OJ,04 - At/near private drive,03 - P.D. only,99 - Other,01 - Clear,01 - Daylight,01 - Dry,10 - No control,,2,0,0,0,,0,,,,,363329.9859,5028053.792,45.389978,-75.75251239,5644
16--1976,2016/02/14,12:50 PM,MACLAREN ST @ O'CONNOR ST (0007174),7174,02 - Intersection related,02 - Non-fatal injury,07 - SMV other,01 - Clear,01 - Daylight,01 - Dry,02 - Stop sign,01 - Functioning,1,0,0,1,02 - Minor,1,,1,,,367898.543,5030939.015,45.41554166,-75.69380368,5645
16--1977,2016/02/14,2:15 PM,ASHENVALE WAY btwn EMERILLON RIDGE & RAVENSWOOD WAY (__7JQ60K),__7JQ60K,04 - At/near private drive,03 - P.D. only,05 - Turning movement,01 - Clear,01 - Daylight,06 - Ice,10 - No control,,2,0,0,0,,0,,,,,385773.758,5034904.765,45.44938165,-75.46479713,5646
16--1978,2016/02/14,2:31 PM,LEMIEUX ST @ ST. LAURENT BLVD (0002021),2021,03 - At intersection,02 - Non-fatal injury,03 - Rear end,01 - Clear,01 - Daylight,01 - Dry,01 - Traffic signal,01 - Functioning,2,0,0,0,01 - Minimal,3,3,,,,372392.8224,5031743.662,45.4223618,-75.63627722,5647
16--1979,2016/02/14,2:46 AM,MURRAY ST @ SUSSEX DR (0011912),11912,03 - At intersection,02 - Non-fatal injury,02 - Angle,01 - Clear,07 - Dark,01 - Dry,01 - Traffic signal,01 - Functioning,2,0,0,0,01 - Minimal,1,1,,,,367706.8705,5032393.4,45.42864499,-75.69606668,5648
16--198,2016/01/06,12:22 AM,RIVERSIDE DR NB btwn HWY417 IC117 RAMP25 & VANIER PKWY (__3ZA4SG),__3ZA4SG,07 - Overpass or bridge,03 - P.D. only,04 - Sideswipe,01 - Clear,07 - Dark,01 - Dry,10 - No control,,2,0,0,0,,0,,,,,370816.3164,5031164.651,45.41730264,-75.65649767,5649
16--1980,2016/02/14,3:00 AM,STAGECOACH RD btwn SNAKE ISLAND RD & HERBERTS CORNERS RD (__3ZA2CV),__3ZA2CV,01 - Non intersection,03 - P.D. only,07 - SMV other,06 - Strong wind,07 - Dark,01 - Dry,10 - No control,,1,0,0,0,,0,,,,,377952.1319,5008599.679,45.21356392,-75.56866556,5650
16--1981,2016/02/14,3:07 PM,RIVERSIDE DR @ SMYTH RD NORTH SIDE RAMP (0011479),11479,02 - Intersection related,03 - P.D. only,04 - Sideswipe,01 - Clear,01 - Daylight,01 - Dry,01 - Traffic signal,01 - Functioning,2,0,0,0,,0,,,,,369937.9509,5029316.527,45.40075623,-75.6679637,5651
16--1982,2016/02/14,3:30 PM,HIGHWAY 417 btwn HWY417 IC124 RAMP65 & HWY417 IC122 RAMP51 (__3ZA2R8),__3ZA2R8,01 - Non intersection,03 - P.D. only,03 - Rear end,01 - Clear,01 - Daylight,01 - Dry,10 - No control,,2,0,0,0,,0,,,,,365132.7879,5028677.326,45.39543544,-75.72941459,5652
16--1983,2016/02/14,3:33 AM,HERON RD EB btwn PRINCE OF WALES DR & HERON RD EB OFF RAMP/VINCENT MAS (__3ZAZWA),__3ZAZWA,01 - Non intersection,03 - P.D. only,07 - SMV other,01 - Clear,07 - Dark,06 - Ice,10 - No control,,1,0,0,0,,0,,,,,367072.8845,5026450.046,45.37522508,-75.70491855,5653
16--1984,2016/02/14,3:34 PM,GREENBANK RD @ IRIS ST/HWY 417 IC129 RAMP51 (0009073),9073,02 - Intersection related,03 - P.D. only,03 - Rear end,01 - Clear,01 - Daylight,01 - Dry,01 - Traffic signal,01 - Functioning,2,0,0,0,,0,,,,,360531.9008,5023312.517,45.34754451,-75.78877883,5654
16--1985,2016/02/14,3:45 PM,PRINCE OF WALES DR @ MEADOWLANDS DR/HOG'S BACK (0001629),1629,03 - At intersection,03 - P.D. only,04 - Sideswipe,01 - Clear,01 - Daylight,01 - Dry,01 - Traffic signal,01 - Functioning,2,0,0,0,,0,,,,,367371.0167,5025692.554,45.36838279,-75.70120841,5655
16--1986,2016/02/14,4:26 PM,CANON SMITH DR @ GALETTA SIDE RD (0002371),2371,03 - At intersection,03 - P.D. only,02 - Angle,01 - Clear,01 - Daylight,01 - Dry,02 - Stop sign,01 - Functioning,2,0,0,0,,0,,,,,329165.8034,5036251.45,45.46576592,-76.18840723,5656