Anom_ID,Accident_Date,Accident_Time,Location,Geo_ID,Accident_Location,Classification_of_Accident,Initial_Impact_Type,Environment_Condition,Light,Road_Surface_Condition,Traffic_Control,Traffic_Control_Condition,No__of_Vehicles,No__of_Bicycles,No__of_Motorcycles,No__of_Pedestrians,Max_Injury,No__of_Injuries,No__of_Minimal,No__of_Minor,No__of_Major,No__of_Fatal,X,Y,Latitude,Longitude,ObjectId
16--1987,2016/02/14,4:45 PM,CARLING AVE @ MAITLAND AVE/SHERBOURNE RD (0002641),2641,02 - Intersection related,03 - P.D. only,03 - Rear end,01 - Clear,05 - Dusk,01 - Dry,01 - Traffic signal,01 - Functioning,2,0,0,0,,0,,,,,362942.4784,5026489.625,45.37593611,-75.75764506,5657
16--1988,2016/02/14,5:20 PM,BANK ST @ SOMERSET ST (0010858),10858,02 - Intersection related,03 - P.D. only,03 - Rear end,01 - Clear,07 - Dark,01 - Dry,01 - Traffic signal,01 - Functioning,2,0,0,0,,0,,,,,367693.6052,5030915.784,45.41535108,-75.69642483,5658
16--1989,2016/02/14,5:39 PM,COLONEL BY DR @ HAWTHORNE AVE/PRETORIA BRIDGE (0002122),2122,02 - Intersection related,03 - P.D. only,03 - Rear end,01 - Clear,07 - Dark,01 - Dry,01 - Traffic signal,01 - Functioning,2,0,0,0,,0,,,,,368768.5091,5030525.833,45.411745,-75.68274307,5659
16--199,2016/01/06,12:40 PM,HIGHWAY 417 btwn HWY417 IC163 RAMP16 & HWY417 IC169 RAMP61 (__5SPO79),__5SPO79,01 - Non intersection,03 - P.D. only,07 - SMV other,01 - Clear,01 - Daylight,01 - Dry,10 - No control,,1,0,0,0,,0,,,,,329632.5505,5022036.839,45.33783998,-76.18315427,5660
16--1990,2016/02/14,6:00 PM,HWY417 IC117 RAMP26 btwn HIGHWAY 417 & VANIER PKWY (__3ZAY6W),__3ZAY6W,01 - Non intersection,03 - P.D. only,04 - Sideswipe,01 - Clear,"08 - Dark, artificial",01 - Dry,10 - No control,,2,0,0,0,,0,,,,,370817.1653,5031377.694,45.41921944,-75.65645829,5661
16--1991,2016/02/14,6:29 AM,VANIER PKWY/CRICHTON ST @ BEECHWOOD AVE/ST. PA (0001604),1604,02 - Intersection related,03 - P.D. only,03 - Rear end,01 - Clear,03 - Dawn,01 - Dry,01 - Traffic signal,01 - Functioning,2,0,0,0,,0,,,,,369127.6539,5033487.146,45.43835686,-75.6777684,5662
16--1992,2016/02/14,6:30 PM,HIGHWAY 417 btwn HWY417 IC110 RAMP64 & HWY417 IC104 RAMP16 (__3ZA2W9),__3ZA2W9,01 - Non intersection,03 - P.D. only,07 - SMV other,01 - Clear,07 - Dark,01 - Dry,10 - No control,,1,0,0,0,,0,,,,,376896.209,5027300.444,45.38193466,-75.5793883,5663
16--1993,2016/02/14,6:30 PM,HIGHWAY 417 btwn HWY417 IC110 RAMP64 & HWY417 IC104 RAMP16 (__3ZA2W9),__3ZA2W9,01 - Non intersection,03 - P.D. only,07 - SMV other,01 - Clear,07 - Dark,01 - Dry,10 - No control,,1,0,0,0,,0,,,,,376902.47,5027290.705,45.38184639,-75.57930978,5664
16--1994,2016/02/14,6:45 PM,RIVERSIDE DR @ PLEASANT PARK RD (0007296),7296,02 - Intersection related,03 - P.D. only,03 - Rear end,01 - Clear,07 - Dark,01 - Dry,01 - Traffic signal,01 - Functioning,3,0,0,0,,0,,,,,369561.7868,5028415.161,45.39268095,-75.67288644,5665
16--1995,2016/02/14,7:10 PM,CUMMINGS AVE @ MONTREAL RD (0007748),7748,02 - Intersection related,03 - P.D. only,04 - Sideswipe,03 - Snow,07 - Dark,02 - Wet,01 - Traffic signal,01 - Functioning,2,0,0,0,,0,,,,,372008.2361,5034041.839,45.44307676,-75.64087733,5666
16--1996,2016/02/14,7:13 AM,ORIENT PARK DR btwn KELDEN CRES & FALKIRK CRES (__3ZBO37),__3ZBO37,01 - Non intersection,03 - P.D. only,06 - SMV unattended vehicle,01 - Clear,01 - Daylight,06 - Ice,10 - No control,,1,0,0,0,,0,,,,,378550.8626,5032964.423,45.4327233,-75.55741526,5667
16--1997,2016/02/14,7:28 PM,BASELINE RD @ CORDOVA ST (0003208),3208,03 - At intersection,03 - P.D. only,05 - Turning movement,01 - Clear,07 - Dark,02 - Wet,01 - Traffic signal,01 - Functioning,2,0,0,0,,0,,,,,363593.4687,5024409.307,45.35716336,-75.74958157,5668
16--1998,2016/02/14,8:14 AM,BLACKBURN AVE @ LAURIER AVE (0007757),7757,03 - At intersection,03 - P.D. only,02 - Angle,01 - Clear,01 - Daylight,06 - Ice,02 - Stop sign,00 - Unknown,2,0,0,0,,0,,,,,369187.7146,5032308.909,45.42775002,-75.67715487,5669
16--1999,2016/02/14,9:45 AM,HIGHWAY 417 btwn HWY417 IC163 RAMP16 & HWY417 IC169 RAMP61 (__5SPO79),__5SPO79,01 - Non intersection,03 - P.D. only,07 - SMV other,01 - Clear,01 - Daylight,05 - Packed snow,10 - No control,,1,0,0,0,,0,,,,,331309.3569,5021500.321,45.33295075,-76.16178851,5670
16--20,2016/01/01,5:35 PM,HIGHWAY 417 btwn HWY417 IC130 RAMP35 & HWY417 IC130 RAMP25 (__3ZA298),__3ZA298,01 - Non intersection,03 - P.D. only,99 - Other,03 - Snow,05 - Dusk,02 - Wet,10 - No control,,2,0,0,0,,0,,,,,359211.8189,5023063.377,45.3454064,-75.80565117,5671
16--200,2016/01/06,12:43 PM,FISHER AVE @ SHILLINGTON AVE (0006792),6792,02 - Intersection related,03 - P.D. only,03 - Rear end,01 - Clear,01 - Daylight,01 - Dry,01 - Traffic signal,01 - Functioning,4,0,0,0,,0,,,,,365626.6926,5027298.421,45.38298562,-75.72327685,5672
16--2000,2016/02/15,1:00 PM,DALHOUSIE ST btwn RIDEAU ST & BESSERER ST (__3ZBOX9),__3ZBOX9,01 - Non intersection,03 - P.D. only,06 - SMV unattended vehicle,01 - Clear,01 - Daylight,01 - Dry,10 - No control,,1,0,0,0,,0,,,,,368212.4171,5032218.8,45.42702835,-75.68962906,5673
16--2001,2016/02/15,10:00 PM,ASHTON STATION RD @ FRANKTOWN RD (0010368),10368,02 - Intersection related,02 - Non-fatal injury,07 - SMV other,01 - Clear,07 - Dark,02 - Wet,02 - Stop sign,01 - Functioning,1,0,0,0,02 - Minor,1,,1,,,346299.4954,4996556.597,45.10776839,-75.97262728,5674
16--2002,2016/02/15,10:15 PM,ANDERSON RD btwn DOLMAN RIDGE RD & RIDGE RD (__3ZA2B6),__3ZA2B6,01 - Non intersection,03 - P.D. only,07 - SMV other,01 - Clear,07 - Dark,01 - Dry,10 - No control,,1,0,0,0,,0,,,,,379011.8648,5028562.183,45.39306608,-75.55218699,5675
16--2003,2016/02/15,10:33 AM,EAGLESON RD @ HOPE SIDE RD/TERRY FOX DR (0000509),509,03 - At intersection,03 - P.D. only,05 - Turning movement,01 - Clear,01 - Daylight,01 - Dry,01 - Traffic signal,01 - Functioning,2,0,0,0,,0,,,,,355187.043,5014616.671,45.26970215,-75.85786668,5676
16--2004,2016/02/15,10:35 AM,RICHMOND RD btwn WINSTON AVE & CHURCHILL AVE N (__3ZA4OS),__3ZA4OS,01 - Non intersection,03 - P.D. only,06 - SMV unattended vehicle,01 - Clear,01 - Daylight,01 - Dry,10 - No control,,1,0,0,0,,0,,,,,363085.7413,5028195.997,45.39127791,-75.75561458,5677
16--2005,2016/02/15,11:25 AM,MAURICE ST @ RENAUD RD (0004449),4449,03 - At intersection,02 - Non-fatal injury,04 - Sideswipe,01 - Clear,01 - Daylight,01 - Dry,02 - Stop sign,01 - Functioning,2,0,0,0,02 - Minor,1,,1,,,378422.415,5031676.78,45.42115147,-75.55924916,5678
16--2006,2016/02/15,11:40 AM,BLOHM DR @ HUNT CLUB RD (0011392),11392,03 - At intersection,03 - P.D. only,03 - Rear end,01 - Clear,01 - Daylight,01 - Dry,01 - Traffic signal,01 - Functioning,2,0,0,0,,0,,,,,375127.6352,5026191.453,45.37213627,-75.60212671,5679
16--2007,2016/02/15,11:41 AM,MARTHA AVE @ SUSAN ST (0008291),8291,03 - At intersection,02 - Non-fatal injury,02 - Angle,01 - Clear,01 - Daylight,05 - Packed snow,02 - Stop sign,01 - Functioning,2,0,0,0,01 - Minimal,1,1,,,,373903.5554,5028260.634,45.39087561,-75.61746303,5680
16--2008,2016/02/15,12:15 PM,ALBERT ST @ PRESTON ST (0002217),2217,02 - Intersection related,03 - P.D. only,03 - Rear end,01 - Clear,01 - Daylight,06 - Ice,01 - Traffic signal,01 - Functioning,2,0,0,0,,0,,,,,366160.3312,5030464.475,45.41142646,-75.71606939,5681
16--2009,2016/02/15,12:15 PM,LEITRIM RD btwn FENTON RD & BANK ST (__3ZA3SF),__3ZA3SF,01 - Non intersection,03 - P.D. only,07 - SMV other,01 - Clear,01 - Daylight,01 - Dry,10 - No control,,1,0,0,0,,0,,,,,375132.8929,5021429.264,45.32928763,-75.60273692,5682
16--201,2016/01/06,12:52 PM,ADMIRAL AVE @ SHILLINGTON AVE (0006768),6768,02 - Intersection related,02 - Non-fatal injury,07 - SMV other,01 - Clear,01 - Daylight,02 - Wet,02 - Stop sign,01 - Functioning,1,0,0,1,01 - Minimal,1,1,,,,365271.4462,5027076.67,45.38102111,-75.7278399,5683
16--2010,2016/02/15,12:48 PM,MERIVALE RD btwn CLYDE AVE & GILBEY DR (__3ZA4HD),__3ZA4HD,04 - At/near private drive,03 - P.D. only,05 - Turning movement,01 - Clear,01 - Daylight,01 - Dry,10 - No control,,2,0,0,0,,0,,,,,364541.1802,5024517.447,45.35805628,-75.73747333,5684
16--2011,2016/02/15,12:50 PM,ROGER STEVENS DR btwn SECOND LINE RD S & DORACK DR (__3ZA39U),__3ZA39U,01 - Non intersection,03 - P.D. only,07 - SMV other,01 - Clear,01 - Daylight,01 - Dry,10 - No control,,1,0,0,0,,0,,,,,370508.0734,5001844.534,45.15351477,-75.66431849,5685
16--2012,2016/02/15,2:03 PM,COLONEL BY DR @ HAWTHORNE AVE/PRETORIA BRIDGE (0002122),2122,03 - At intersection,03 - P.D. only,02 - Angle,01 - Clear,01 - Daylight,04 - Slush,01 - Traffic signal,01 - Functioning,2,0,0,0,,0,,,,,368767.9297,5030526.226,45.41174859,-75.68275042,5686
16--2013,2016/02/15,4:20 AM,HIGHWAY 417 btwn HWY417 IC119B RAMP76 & HWY417 IC119A RAMP67 (__3ZA2YT),__3ZA2YT,01 - Non intersection,03 - P.D. only,03 - Rear end,01 - Clear,"08 - Dark, artificial",01 - Dry,10 - No control,,2,0,0,0,,0,,,,,368431.1742,5030444.096,45.41104031,-75.68706295,5687
16--2014,2016/02/15,4:25 PM,JOCKVALE RD btwn GOLFLINKS DR & PRINCE OF WALES DR (__3ZA4J7),__3ZA4J7,01 - Non intersection,03 - P.D. only,07 - SMV other,03 - Snow,01 - Daylight,04 - Slush,10 - No control,,1,0,0,0,,0,,,,,366635.5997,5012207.61,45.24711208,-75.71227845,5688
16--2015,2016/02/15,4:30 PM,HIGHWAY 417 btwn Continuation of HIGHWAY 417 & HWY417 IC144 RAMP16 (__3ZA2Q6),__3ZA2Q6,01 - Non intersection,03 - P.D. only,07 - SMV other,01 - Clear,01 - Daylight,01 - Dry,10 - No control,,1,0,0,0,,0,,,,,347367.1907,5015835.68,45.28118806,-75.95741359,5689
16--2016,2016/02/15,4:47 PM,HWY 417 ST.LAURE IC115R51 @ ST. LAURENT BLVD (0002712),2712,02 - Intersection related,03 - P.D. only,03 - Rear end,03 - Snow,05 - Dusk,06 - Ice,01 - Traffic signal,01 - Functioning,2,0,0,0,,0,,,,,372530.1853,5031410.244,45.41934857,-75.63456799,5690
16--2017,2016/02/15,5:22 PM,HAWTHORNE RD @ HUNT CLUB RD (0007651),7651,02 - Intersection related,03 - P.D. only,03 - Rear end,01 - Clear,05 - Dusk,01 - Dry,01 - Traffic signal,01 - Functioning,2,0,0,0,,0,,,,,375507.0913,5026406.749,45.37403521,-75.59725197,5691
16--2018,2016/02/15,5:40 PM,RICHMOND RD @ STONEHAVEN DR (0010370),10370,03 - At intersection,02 - Non-fatal injury,05 - Turning movement,01 - Clear,07 - Dark,01 - Dry,01 - Traffic signal,01 - Functioning,2,0,0,0,02 - Minor,2,,2,,,356780.9752,5015892.547,45.28106671,-75.83742134,5692
16--2019,2016/02/15,5:56 PM,AVIATION PKWY @ MONTREAL RD (0008799),8799,02 - Intersection related,03 - P.D. only,03 - Rear end,01 - Clear,05 - Dusk,01 - Dry,01 - Traffic signal,01 - Functioning,2,0,0,0,,0,,,,,372146.0447,5034108.359,45.44366201,-75.63910682,5693
16--202,2016/01/06,2:01 PM,MERIVALE RD @ 110 S OF BURRIS LANE/LOBLAWS SC (0004606),4606,03 - At intersection,03 - P.D. only,05 - Turning movement,01 - Clear,01 - Daylight,03 - Loose snow,01 - Traffic signal,01 - Functioning,2,0,0,0,,0,,,,,364814.9788,5024951.767,45.36194084,-75.73392618,5694
16--2020,2016/02/15,6:15 PM,ST. JOSEPH BLVD btwn R.C.M.P. COMPLEX & YOUVILLE DR (__3ZA2BHB),__3ZA2BHB,04 - At/near private drive,02 - Non-fatal injury,05 - Turning movement,03 - Snow,07 - Dark,02 - Wet,10 - No control,,2,0,0,0,02 - Minor,2,1,1,,,378430.6467,5036026.843,45.46028949,-75.5584932,5695
16--2021,2016/02/15,6:16 PM,BRIDGESTONE DR/STEEPLE CHASE DR @ STONEHAVEN D (0002781),2781,03 - At intersection,03 - P.D. only,02 - Angle,03 - Snow,07 - Dark,06 - Ice,11 - Roundabout,01 - Functioning,2,0,0,0,,0,,,,,355105.9527,5016985.164,45.29102017,-75.85865997,5696
16--2022,2016/02/15,6:29 PM,DALMENY RD btwn STAGECOACH RD & 4TH LINE RD (__3ZA2C7),__3ZA2C7,01 - Non intersection,03 - P.D. only,07 - SMV other,01 - Clear,07 - Dark,02 - Wet,10 - No control,,1,0,0,0,,0,,,,,378860.0393,4999842.388,45.13467333,-75.5584076,5697
16--2023,2016/02/15,7:17 AM,ST. JOSEPH BLVD btwn PRESTONE DR & TENTH LINE RD (__3ZA11U),__3ZA11U,01 - Non intersection,03 - P.D. only,04 - Sideswipe,01 - Clear,01 - Daylight,01 - Dry,10 - No control,,2,0,0,0,,0,,,,,382867.0524,5038659.128,45.48349082,-75.50135559,5698
16--2024,2016/02/15,9:43 AM,FALLOWFIELD RD @ GREENBANK RD (0000549),549,02 - Intersection related,03 - P.D. only,03 - Rear end,01 - Clear,01 - Daylight,01 - Dry,01 - Traffic signal,01 - Functioning,2,0,0,0,,0,,,,,363080.8977,5016733.565,45.28814015,-75.75702662,5699
16--2025,2016/02/16,1:00 PM,INNES RD @ STAR TOP RD/WINDMILL LANE (0008734),8734,02 - Intersection related,03 - P.D. only,04 - Sideswipe,03 - Snow,01 - Daylight,05 - Packed snow,01 - Traffic signal,01 - Functioning,2,0,0,0,,0,,,,,374148.185,5030666.331,45.41249672,-75.61400091,5700
16--2026,2016/02/16,1:00 PM,FERNBANK RD @ ROMINA ST/TEMPLEFORD AVE (0012540),12540,03 - At intersection,03 - P.D. only,02 - Angle,03 - Snow,01 - Daylight,05 - Packed snow,02 - Stop sign,01 - Functioning,2,0,0,0,,0,,,,,354466.9803,5015278.788,45.27571126,-75.86697638,5701
16--2027,2016/02/16,1:00 PM,CONROY RD @ WALKLEY RD (0002648),2648,02 - Intersection related,03 - P.D. only,03 - Rear end,03 - Snow,01 - Daylight,05 - Packed snow,01 - Traffic signal,01 - Functioning,2,0,0,0,,0,,,,,372903.4981,5027464.205,45.38380764,-75.6303434,5702
16--2028,2016/02/16,1:00 PM,HIGHWAY 417 btwn HWY417 IC104 RAMP15 & HWY417 IC96 RAMP51 (__3ZA2W4),__3ZA2W4,01 - Non intersection,03 - P.D. only,07 - SMV other,03 - Snow,01 - Daylight,03 - Loose snow,10 - No control,,1,0,0,0,,0,,,,,384872.9736,5024990.67,45.36028684,-75.47792121,5703
16--2029,2016/02/16,1:09 PM,INNES RD @ ORCHARDVIEW AVE/ESPRIT DR (0012279),12279,02 - Intersection related,03 - P.D. only,03 - Rear end,03 - Snow,01 - Daylight,03 - Loose snow,01 - Traffic signal,01 - Functioning,2,0,0,0,,0,,,,,384844.5401,5036560.335,45.46438396,-75.47640525,5704
16--203,2016/01/06,2:31 PM,WESTERN AVE btwn SPENCER ST & GARRISON ST (__3ZA03C),__3ZA03C,01 - Non intersection,03 - P.D. only,99 - Other,01 - Clear,01 - Daylight,05 - Packed snow,10 - No control,,2,0,0,0,,0,,,,,364299.2755,5029059.226,45.39894302,-75.7400134,5705
16--2030,2016/02/16,1:09 PM,BAYSHORE DR @ WOODRIDGE CRES N (0001209),1209,03 - At intersection,02 - Non-fatal injury,07 - SMV other,03 - Snow,01 - Daylight,03 - Loose snow,01 - Traffic signal,01 - Functioning,1,0,0,1,01 - Minimal,1,1,,,,359070.1462,5023875.783,45.35272741,-75.80736976,5706
16--2031,2016/02/16,1:13 PM,INDUSTRIAL AVE/INNES RD @ ST. LAURENT BLVD (0002203),2203,02 - Intersection related,03 - P.D. only,03 - Rear end,03 - Snow,01 - Daylight,03 - Loose snow,01 - Traffic signal,01 - Functioning,2,0,0,0,,0,,,,,373099.4705,5030004.921,45.4066488,-75.62748945,5707
16--2032,2016/02/16,1:20 PM,CARRISON DR btwn REVELL DR & SCHARFGATE DR (__3ZA4EN),__3ZA4EN,01 - Non intersection,03 - P.D. only,07 - SMV other,03 - Snow,01 - Daylight,03 - Loose snow,10 - No control,,1,0,0,0,,0,,,,,367580.3641,5008883.119,45.21711473,-75.70066375,5708
16--2033,2016/02/16,1:35 PM,HWY417 IC138 RAMP61 btwn HWY417 IC138 RAMP62 & HIGHWAY 417 (__3ZAYB2),__3ZAYB2,01 - Non intersection,03 - P.D. only,03 - Rear end,05 - Drifting Snow,01 - Daylight,03 - Loose snow,10 - No control,,2,0,0,0,,0,,,,,353381.2366,5020542.711,45.32315308,-75.88029798,5709
16--2034,2016/02/16,1:37 PM,NORMAN ST btwn PRESTON ST & ROCHESTER ST (__3ZA049),__3ZA049,01 - Non intersection,03 - P.D. only,06 - SMV unattended vehicle,03 - Snow,01 - Daylight,04 - Slush,10 - No control,,1,0,0,0,,0,,,,,366798.6027,5029230.39,45.40026625,-75.70807089,5710
16--2035,2016/02/16,1:50 PM,BESSERER ST @ CHARLOTTE ST (0008425),8425,03 - At intersection,03 - P.D. only,02 - Angle,03 - Snow,01 - Daylight,03 - Loose snow,02 - Stop sign,01 - Functioning,2,0,0,0,,0,,,,,369292.9295,5032791.364,45.43208127,-75.67574723,5711
16--2036,2016/02/16,10:00 AM,HEMLO CRES btwn GOLDRIDGE DR & GRENGOLD WAY (1) (__3ZAZZX),__3ZAZZX,01 - Non intersection,03 - P.D. only,07 - SMV other,03 - Snow,01 - Daylight,05 - Packed snow,10 - No control,,1,0,0,0,,0,,,,,350301.1329,5019352.22,45.31264714,-75.91969503,5712
16--2037,2016/02/16,10:13 AM,BANTREE ST @ INNES RD (0007684),7684,02 - Intersection related,03 - P.D. only,03 - Rear end,03 - Snow,01 - Daylight,05 - Packed snow,01 - Traffic signal,01 - Functioning,3,0,0,0,,0,,,,,373705.6578,5030405.978,45.4101979,-75.6196904,5713
16--2038,2016/02/16,10:14 AM,REGIONAL ROAD 174 btwn OR174 IC109 RAMP64 & OR174 IC105 RAMP16 (__3ZA2XD),__3ZA2XD,01 - Non intersection,03 - P.D. only,04 - Sideswipe,03 - Snow,01 - Daylight,03 - Loose snow,10 - No control,,2,0,0,0,,0,,,,,376588.4967,5035283.528,45.45379334,-75.582154,5714
16--2039,2016/02/16,10:21 PM,ECHO DR @ HARVEY ST (0007768),7768,02 - Intersection related,03 - P.D. only,06 - SMV unattended vehicle,03 - Snow,07 - Dark,03 - Loose snow,10 - No control,,1,0,0,0,,0,,,,,368800.7118,5030716.131,45.41345429,-75.68230698,5715
16--204,2016/01/06,2:39 PM,RIVERSIDE DR NB btwn BILLINGS BRIDGE SC RAMP SB & BANK ST (__3ZA3NN),__3ZA3NN,04 - At/near private drive,03 - P.D. only,04 - Sideswipe,01 - Clear,01 - Daylight,02 - Wet,10 - No control,,2,0,0,0,,0,,,,,369258.1165,5027843.122,45.38756194,-75.67683913,5716
16--2040,2016/02/16,10:26 PM,GREENBANK RD btwn LISA AVE & BASELINE RD (__3ZA4ML),__3ZA4ML,04 - At/near private drive,03 - P.D. only,03 - Rear end,03 - Snow,07 - Dark,03 - Loose snow,10 - No control,,2,0,0,0,,0,,,,,360594.5766,5022592.935,45.34106474,-75.78806022,5717
16--2041,2016/02/16,10:30 AM,HIGHWAY 417 btwn HWY417 IC122 RAMP51 & HWY417 IC122 RAMP15 (__3ZA2R0),__3ZA2R0,01 - Non intersection,03 - P.D. only,07 - SMV other,03 - Snow,01 - Daylight,03 - Loose snow,10 - No control,,1,0,0,0,,0,,,,,365335.4286,5028874.449,45.39719162,-75.72680245,5718
16--2042,2016/02/16,10:38 AM,CARLING AVE @ SCRIVENS ST (0002720),2720,02 - Intersection related,03 - P.D. only,03 - Rear end,03 - Snow,01 - Daylight,03 - Loose snow,01 - Traffic signal,01 - Functioning,2,0,0,0,,0,,,,,359424.3339,5024259.178,45.3561497,-75.80280737,5719
16--2043,2016/02/16,10:48 AM,PRESTONE DR btwn LAURIN CRES & MOUNTAINSIDE CRES (__3ZA6AK),__3ZA6AK,01 - Non intersection,03 - P.D. only,07 - SMV other,05 - Drifting Snow,01 - Daylight,03 - Loose snow,10 - No control,,1,0,0,0,,0,,,,,382933.4666,5038106.967,45.47851554,-75.50059399,5720
16--2044,2016/02/16,11:00 AM,CARLING AVE @ PARKDALE AVE (0008792),8792,02 - Intersection related,03 - P.D. only,03 - Rear end,03 - Snow,01 - Daylight,03 - Loose snow,01 - Traffic signal,01 - Functioning,2,0,0,0,,0,,,,,365625.3214,5028172.211,45.39084792,-75.72318667,5721
16--2045,2016/02/16,11:02 AM,MARCH RD @ SOLANDT RD (0003172),3172,03 - At intersection,03 - P.D. only,05 - Turning movement,03 - Snow,01 - Daylight,03 - Loose snow,01 - Traffic signal,01 - Functioning,2,0,0,0,,0,,,,,350489.389,5022711.161,45.34285948,-75.91698422,5722
16--269,2016/01/07,5:30 PM,BLAIR RD btwn BEAVERPOND DR & INNES RD (__3ZA2EZ),__3ZA2EZ,01 - Non intersection,03 - P.D. only,03 - Rear end,01 - Clear,05 - Dusk,02 - Wet,10 - No control,,3,0,0,0,,0,,,,,375413.9999,5031841.417,45.42294291,-75.59766234,5723
16--2690,2016/02/25,2:35 PM,HERON RD EB btwn BRONSON AVE RAMP 35 & BRONSON AVE RAMP 52 (__5FD5BB),__5FD5BB,01 - Non intersection,03 - P.D. only,03 - Rear end,04 - Freezing Rain,01 - Daylight,06 - Ice,10 - No control,,2,0,0,0,,0,,,,,368678.5202,5026696.459,45.3772977,-75.68438846,5724
16--2691,2016/02/25,2:50 PM,HIGHWAY 417 btwn HWY417 IC122 RAMP61 & HWY417 IC121B RAMP16 (__3ZA2Y4),__3ZA2Y4,01 - Non intersection,03 - P.D. only,03 - Rear end,03 - Snow,01 - Daylight,02 - Wet,10 - No control,,2,0,0,0,,0,,,,,365816.8495,5029209.098,45.40016092,-75.72061261,5725
16--2692,2016/02/25,3:30 PM,HUNTMAR DR @ MAPLE GROVE RD (0003119),3119,02 - Intersection related,03 - P.D. only,05 - Turning movement,02 - Rain,01 - Daylight,02 - Wet,01 - Traffic signal,01 - Functioning,2,0,0,0,,0,,,,,350267.8245,5016714.112,45.28891084,-75.92036175,5726
16--2693,2016/02/25,3:34 PM,SOMERSET ST    W btwn O'CONNOR ST & METCALFE ST (__3ZBOEW),__3ZBOEW,04 - At/near private drive,03 - P.D. only,02 - Angle,01 - Clear,01 - Daylight,02 - Wet,10 - No control,,2,0,0,0,,0,,,,,367984.5005,5031089.119,45.41688449,-75.69268629,5727
16--2694,2016/02/25,3:43 PM,PORTAGE BRIDGE SB btwn PROVINCIAL BOUNDARY & WELLINGTON ST (__6TE1GY),__6TE1GY,01 - Non intersection,03 - P.D. only,03 - Rear end,01 - Clear,01 - Daylight,02 - Wet,10 - No control,,3,0,0,0,,0,,,,,366397.8743,5031512.487,45.42083531,-75.71290387,5728
16--2695,2016/02/25,3:49 PM,FISHER AVE btwn TUNIS AVE & SHILLINGTON AVE (__3ZA3AU),__3ZA3AU,01 - Non intersection,03 - P.D. only,99 - Other,02 - Rain,01 - Daylight,06 - Ice,10 - No control,,2,0,0,0,,0,,,,,365553.7221,5027460.783,45.38445286,-75.72418858,5729
16--2696,2016/02/25,4:00 PM,HUNT CLUB RD @ LORRY GREENBERG DR/SABLE RIDGE  (0008203),8203,02 - Intersection related,03 - P.D. only,03 - Rear end,03 - Snow,01 - Daylight,04 - Slush,01 - Traffic signal,01 - Functioning,2,0,0,0,,0,,,,,372824.5376,5024807.238,45.35990898,-75.63171748,5730
16--2697,2016/02/25,4:17 PM,SOUTHGATE RD btwn CLEARWATER CRES & CLEARWATER CRES (__3ZA9DF),__3ZA9DF,01 - Non intersection,03 - P.D. only,06 - SMV unattended vehicle,01 - Clear,01 - Daylight,01 - Dry,10 - No control,,1,0,0,0,,0,,,,,371164.3459,5024691.027,45.35902247,-75.65292184,5731
16--2698,2016/02/25,4:40 PM,GREY NUNS DR @ ST. JOSEPH BLVD (0003642),3642,03 - At intersection,03 - P.D. only,02 - Angle,03 - Snow,01 - Daylight,02 - Wet,01 - Traffic signal,01 - Functioning,2,0,0,0,,0,,,,,380156.8331,5036666.37,45.4658594,-75.53632572,5732
16--2699,2016/02/25,4:45 PM,COLONEL BY DR @ HAWTHORNE AVE/PRETORIA BRIDGE (0002122),2122,03 - At intersection,03 - P.D. only,05 - Turning movement,03 - Snow,01 - Daylight,04 - Slush,01 - Traffic signal,01 - Functioning,2,0,0,0,,0,,,,,368767.0368,5030525.342,45.41174071,-75.68276194,5733
16--27,2016/01/02,1:46 PM,WOODROFFE AVE btwn FOX CRES & GEORGINA DR (__3ZA4MF),__3ZA4MF,01 - Non intersection,03 - P.D. only,03 - Rear end,01 - Clear,01 - Daylight,02 - Wet,10 - No control,,3,0,0,0,,0,,,,,361831.6378,5025555.435,45.36762165,-75.77193482,5734
16--2594,2016/02/23,5:55 PM,CARLSEN AVE btwn GREGG ST & BROOKFIELD RD (__3ZA0TW),__3ZA0TW,04 - At/near private drive,03 - P.D. only,99 - Other,01 - Clear,05 - Dusk,03 - Loose snow,10 - No control,,2,0,0,0,,0,,,,,369389.2567,5026568.012,45.37607682,-75.6753314,5735
16--270,2016/01/07,5:35 PM,CARLING AVE WB btwn SHERBOURNE RD & BROADVIEW AVE (__3ZA4U0),__3ZA4U0,04 - At/near private drive,03 - P.D. only,02 - Angle,01 - Clear,05 - Dusk,02 - Wet,10 - No control,,2,0,0,0,,0,,,,,363056.8196,5026560.163,45.37656131,-75.75617697,5736
16--2700,2016/02/25,5:02 PM,NAVY PRIV @ PRINCE OF WALES DR (0006476),6476,02 - Intersection related,03 - P.D. only,03 - Rear end,03 - Snow,01 - Daylight,06 - Ice,02 - Stop sign,01 - Functioning,2,0,0,0,,0,,,,,366839.7247,5028678.42,45.39529613,-75.70761509,5737
16--2595,2016/02/23,6:05 PM,HIGHWAY 417 btwn HWY417 IC122 RAMP15 & HWY417 IC121B RAMP51 (__3ZA2RB),__3ZA2RB,01 - Non intersection,03 - P.D. only,03 - Rear end,01 - Clear,07 - Dark,01 - Dry,10 - No control,,2,0,0,0,,0,,,,,365802.9901,5029181.308,45.39991208,-75.72079306,5738