Anom_ID,Accident_Date,Accident_Time,Location,Geo_ID,Accident_Location,Classification_of_Accident,Initial_Impact_Type,Environment_Condition,Light,Road_Surface_Condition,Traffic_Control,Traffic_Control_Condition,No__of_Vehicles,No__of_Bicycles,No__of_Motorcycles,No__of_Pedestrians,Max_Injury,No__of_Injuries,No__of_Minimal,No__of_Minor,No__of_Major,No__of_Fatal,X,Y,Latitude,Longitude,ObjectId
16--2701,2016/02/25,5:17 PM,HIGHWAY 417 btwn HWY417 IC96 RAMP61 & HWY417 IC88 RAMP16 (__3ZA27Z),__3ZA27Z,01 - Non intersection,03 - P.D. only,07 - SMV other,03 - Snow,01 - Daylight,03 - Loose snow,10 - No control,,1,0,0,0,,0,,,,,392417.5382,5022907.741,45.34064455,-75.3820065,5739
16--2702,2016/02/25,5:26 PM,PAUL METIVIER DR btwn LEAMINGTON WAY & LONGFIELDS DR (__7JQ6CT),__7JQ6CT,01 - Non intersection,03 - P.D. only,06 - SMV unattended vehicle,04 - Freezing Rain,07 - Dark,06 - Ice,10 - No control,,1,0,0,0,,0,,,,,365153.82,5014303.02,45.26609522,-75.73089857,5740
16--2703,2016/02/25,5:44 PM,BANK ST @ HERON RD (0002155),2155,02 - Intersection related,03 - P.D. only,03 - Rear end,02 - Rain,05 - Dusk,04 - Slush,01 - Traffic signal,01 - Functioning,2,0,0,0,,0,,,,,369995.0466,5026851.318,45.37856981,-75.66756015,5741
16--2704,2016/02/25,5:45 PM,INNES RD EB btwn INNES RD & INNES RD W (__3ZA3HD),__3ZA3HD,01 - Non intersection,02 - Non-fatal injury,99 - Other,03 - Snow,05 - Dusk,06 - Ice,10 - No control,,2,0,0,0,02 - Minor,2,1,1,,,376758.1661,5032114.836,45.425266,-75.58044824,5742
16--2705,2016/02/25,5:50 PM,SMYTH RD btwn RIVERSIDE HOSPITAL & ALTA VISTA DR (__3ZA1M4B),__3ZA1M4B,01 - Non intersection,03 - P.D. only,04 - Sideswipe,04 - Freezing Rain,07 - Dark,06 - Ice,10 - No control,,2,0,0,0,,0,,,,,370406.5908,5029084.412,45.39862399,-75.66200907,5743
16--2706,2016/02/25,5:57 PM,TENTH LINE RD btwn BLACKBURN BYPS & SOUTHFIELD WAY (__7N415I),__7N415I,01 - Non intersection,03 - P.D. only,07 - SMV other,03 - Snow,07 - Dark,06 - Ice,10 - No control,,1,0,0,0,,0,,,,,384544.5512,5034746.129,45.44809572,-75.48053503,5744
16--2707,2016/02/25,6:00 PM,ST. LAURENT BLVD btwn TO BE DETERMINED & DWELLINGHAM PRIV (__3ZA1L3),__3ZA1L3,01 - Non intersection,03 - P.D. only,01 - Approaching,04 - Freezing Rain,07 - Dark,06 - Ice,10 - No control,,2,0,0,0,,0,,,,,373490.9259,5029097.575,45.39844661,-75.62261566,5745
16--2708,2016/02/25,6:00 PM,MCKITRICK DR btwn RICKEY PL & MELANIE CRES (__3ZABZZ),__3ZABZZ,01 - Non intersection,03 - P.D. only,06 - SMV unattended vehicle,03 - Snow,07 - Dark,06 - Ice,10 - No control,,1,0,0,0,,0,,,,,352825.7363,5016982.725,45.29115775,-75.8877285,5746
16--2709,2016/02/25,6:01 PM,DUMAURIER AVE @ PINECREST RD (0002743),2743,03 - At intersection,03 - P.D. only,03 - Rear end,04 - Freezing Rain,07 - Dark,06 - Ice,01 - Traffic signal,01 - Functioning,2,0,0,0,,0,,,,,360321.4334,5023834.372,45.35225684,-75.7914059,5747
16--271,2016/01/07,5:43 PM,MARCH RD btwn SOLANDT RD & STATION RD (__3ZA3CD),__3ZA3CD,01 - Non intersection,03 - P.D. only,03 - Rear end,01 - Clear,07 - Dark,02 - Wet,10 - No control,,2,0,0,0,,0,,,,,350538.3178,5022654.61,45.34234744,-75.91636513,5748
16--2710,2016/02/25,6:09 PM,PRINCE OF WALES DR btwn BASELINE RD & TURN LANE (__3ZA4J1),__3ZA4J1,01 - Non intersection,03 - P.D. only,01 - Approaching,03 - Snow,07 - Dark,06 - Ice,10 - No control,,2,0,0,0,,0,,,,,366881.706,5026472.717,45.37544604,-75.70735637,5749
16--2711,2016/02/25,6:10 PM,MONTREAL RD @ BATHGATE DR/BURMA RD (0007650),7650,03 - At intersection,03 - P.D. only,05 - Turning movement,04 - Freezing Rain,05 - Dusk,06 - Ice,01 - Traffic signal,01 - Functioning,3,0,0,0,,0,,,,,373224.9684,5034516.203,45.4472268,-75.62525968,5750
16--2712,2016/02/25,6:13 PM,BLAIR RD @ MONTREAL RD (0009277),9277,02 - Intersection related,03 - P.D. only,03 - Rear end,03 - Snow,05 - Dusk,06 - Ice,01 - Traffic signal,01 - Functioning,3,0,0,0,,0,,,,,374020.8179,5034439.365,45.4464571,-75.61509762,5751
16--2713,2016/02/25,6:15 PM,BANK ST @ JOHNSTON RD (0006967),6967,02 - Intersection related,02 - Non-fatal injury,03 - Rear end,01 - Clear,05 - Dusk,06 - Ice,01 - Traffic signal,01 - Functioning,2,0,0,0,01 - Minimal,3,3,,,,370851.511,5024839.308,45.3603862,-75.65689463,5752
16--2714,2016/02/25,6:15 PM,AGES DR @ HAWTHORNE RD (0006397),6397,03 - At intersection,03 - P.D. only,02 - Angle,03 - Snow,07 - Dark,06 - Ice,01 - Traffic signal,01 - Functioning,2,0,0,0,,0,,,,,374971.0753,5027717.314,45.38588093,-75.60390841,5753
16--2715,2016/02/25,6:20 PM,HIGHWAY 417 btwn HIGHWAY 417 & Continuation of HIGHWAY 417 (__3ZAZOB),__3ZAZOB,01 - Non intersection,03 - P.D. only,07 - SMV other,04 - Freezing Rain,"08 - Dark, artificial",04 - Slush,10 - No control,,1,0,0,0,,0,,,,,352979.142,5020220.813,45.32028429,-75.88545811,5754
16--2716,2016/02/25,6:28 PM,BLAIR RD @ MONTREAL RD (0009277),9277,02 - Intersection related,03 - P.D. only,03 - Rear end,06 - Strong wind,07 - Dark,06 - Ice,01 - Traffic signal,01 - Functioning,2,0,0,0,,0,,,,,374020.6585,5034440.04,45.44646319,-75.61509956,5755
16--2717,2016/02/25,6:30 PM,OTTAWA RIVER PKWY EB btwn TUNNEY'S PASTURE/REMIC RAPIDS ENT & ISLAND P (__3ZA24JA),__3ZA24JA,01 - Non intersection,03 - P.D. only,99 - Other,03 - Snow,07 - Dark,06 - Ice,10 - No control,,3,0,0,0,,0,,,,,363996.5554,5029943.372,45.40692406,-75.74377358,5756
16--2718,2016/02/25,6:30 PM,HIGHWAY 417 btwn HWY417 IC129 RAMP76 & HWY417 IC129 RAMP26 (__3ZA2RG),__3ZA2RG,01 - Non intersection,03 - P.D. only,07 - SMV other,03 - Snow,"08 - Dark, artificial",03 - Loose snow,10 - No control,,1,0,0,0,,0,,,,,360453.0382,5023555.786,45.3497397,-75.78975778,5757
16--2719,2016/02/25,6:30 PM,HIGHWAY 417 btwn HWY417 IC155 RAMP35 & HWY417 IC155 RAMP25 (__3ZAZNU),__3ZAZNU,01 - Non intersection,02 - Non-fatal injury,04 - Sideswipe,03 - Snow,07 - Dark,06 - Ice,10 - No control,,2,0,0,0,02 - Minor,2,1,1,,,339571.3632,5019303.452,45.31282159,-76.0565373,5758
16--272,2016/01/07,5:47 PM,CRAIG HENRY DR btwn BERTONA ST & SOVEREIGN AVE (__3ZAAYX),__3ZAAYX,04 - At/near private drive,03 - P.D. only,05 - Turning movement,01 - Clear,07 - Dark,01 - Dry,10 - No control,,2,0,0,0,,0,,,,,362771.0168,5021938.154,45.33499659,-75.7603678,5759
16--2720,2016/02/25,6:31 PM,RIVERSIDE DR @ TRANSITWAY - RIVERSIDE H (0008880),8880,02 - Intersection related,03 - P.D. only,03 - Rear end,04 - Freezing Rain,07 - Dark,06 - Ice,01 - Traffic signal,01 - Functioning,2,0,0,0,,0,,,,,369770.5277,5028800.817,45.39613161,-75.67016998,5760
16--2721,2016/02/25,6:34 PM,BASELINE RD @ GREENBANK RD (0002357),2357,02 - Intersection related,03 - P.D. only,04 - Sideswipe,03 - Snow,07 - Dark,06 - Ice,01 - Traffic signal,01 - Functioning,3,0,0,0,,0,,,,,360597.4648,5022584.72,45.34099059,-75.78802429,5761
16--2596,2016/02/23,6:14 PM,GREENBANK RD btwn WEST HUNT CLUB RD & FALLOWFIELD RD (__3ZA1NE),__3ZA1NE,01 - Non intersection,03 - P.D. only,04 - Sideswipe,01 - Clear,07 - Dark,01 - Dry,10 - No control,,2,0,0,0,,0,,,,,363078.0941,5016739.864,45.28819707,-75.75706162,5762
16--2722,2016/02/25,6:38 PM,HIGHWAY 417 btwn Continuation of HIGHWAY 417 & HWY417 IC155 RAMP26 (__3ZA1M3),__3ZA1M3,01 - Non intersection,03 - P.D. only,99 - Other,03 - Snow,07 - Dark,06 - Ice,10 - No control,,2,0,0,0,,0,,,,,339571.9778,5019337.33,45.31312641,-76.05652708,5763
16--2723,2016/02/25,6:45 PM,HIGHWAY 417 btwn HWY417 IC134 RAMP35 & HWY417 IC134 RAMP25 (__3ZA29D),__3ZA29D,01 - Non intersection,03 - P.D. only,99 - Other,03 - Snow,"08 - Dark, artificial",03 - Loose snow,10 - No control,,2,0,0,0,,0,,,,,356410.7352,5022236.598,45.33817866,-75.84147959,5764
16--2724,2016/02/25,6:48 PM,SLACK RD @ WOODROFFE AVE (0000102),102,02 - Intersection related,03 - P.D. only,04 - Sideswipe,01 - Clear,07 - Dark,06 - Ice,01 - Traffic signal,01 - Functioning,2,0,0,0,,0,,,,,364233.464,5019975.576,45.31721512,-75.74194614,5765
16--2725,2016/02/25,6:49 PM,CEDARVIEW RD @ FALLOWFIELD RD (0001603),1603,02 - Intersection related,02 - Non-fatal injury,03 - Rear end,03 - Snow,07 - Dark,04 - Slush,01 - Traffic signal,01 - Functioning,2,0,0,0,01 - Minimal,1,1,,,,361295.4954,5015665.684,45.27867708,-75.77990693,5766
16--2726,2016/02/25,6:50 AM,HIGHWAY 417 btwn HWY417 IC155 RAMP25 & RAMP (__3ZAZN1),__3ZAZN1,01 - Non intersection,03 - P.D. only,03 - Rear end,02 - Rain,07 - Dark,06 - Ice,10 - No control,,2,0,0,0,,0,,,,,342125.2618,5017589.908,45.29727127,-76.02409583,5767
16--2727,2016/02/25,6:50 PM,WEST HUNT CLUB RD @ WOODROFFE AVE (0000576),576,02 - Intersection related,03 - P.D. only,04 - Sideswipe,04 - Freezing Rain,07 - Dark,06 - Ice,01 - Traffic signal,01 - Functioning,2,0,0,0,,0,,,,,363671.7887,5021246.269,45.32869606,-75.74895843,5768
16--2728,2016/02/25,6:52 PM,JEANNE D'ARC BLVD  S btwn ST. JOSEPH BLVD & WOODCLIFFE PRIV (__4FNS33),__4FNS33,01 - Non intersection,03 - P.D. only,99 - Other,03 - Snow,07 - Dark,03 - Loose snow,10 - No control,,2,0,0,0,,0,,,,,379919.4497,5036384.638,45.46335016,-75.53940404,5769
16--2729,2016/02/25,6:54 AM,HWY417 IC142 RAMP16 btwn TO BE DETERMINED & HIGHWAY 417 (__3ZAY5F),__3ZAY5F,01 - Non intersection,03 - P.D. only,07 - SMV other,02 - Rain,"04 - Dawn, artificial",06 - Ice,10 - No control,,1,0,0,0,,0,,,,,348909.4292,5017442.794,45.29555433,-75.93761335,5770
16--273,2016/01/07,6:20 PM,CUMBERLAND ST @ YORK ST (0008416),8416,03 - At intersection,03 - P.D. only,02 - Angle,01 - Clear,07 - Dark,02 - Wet,01 - Traffic signal,01 - Functioning,2,0,0,0,,0,,,,,368262.2395,5032521.37,45.42974625,-75.68895343,5771
16--2730,2016/02/25,7:00 PM,CAMPEAU DR @ GRAY CRES (0012111),12111,02 - Intersection related,03 - P.D. only,03 - Rear end,03 - Snow,07 - Dark,04 - Slush,02 - Stop sign,01 - Functioning,2,0,0,0,,0,,,,,352098.0576,5020078.828,45.3190666,-75.89670958,5772
16--2731,2016/02/25,7:00 PM,ST. JOSEPH BLVD @ TENTH LINE RD (0009163),9163,02 - Intersection related,03 - P.D. only,07 - SMV other,03 - Snow,07 - Dark,06 - Ice,01 - Traffic signal,01 - Functioning,1,0,0,0,,0,,,,,382891.263,5038665.764,45.48354781,-75.50104488,5773
16--2732,2016/02/25,7:00 PM,BEATRICE DR btwn GLEESON WAY & DEERFOX DR (__3ZADKN),__3ZADKN,01 - Non intersection,03 - P.D. only,06 - SMV unattended vehicle,01 - Clear,07 - Dark,02 - Wet,10 - No control,,1,0,0,0,,0,,,,,365377.8035,5015718.232,45.27881001,-75.7278719,5774
16--2733,2016/02/25,7:00 PM,HIGHWAY 417 btwn HWY417 IC142 RAMP35 & HWY417 IC142 RAMP25 (__3ZA1ZO),__3ZA1ZO,01 - Non intersection,03 - P.D. only,04 - Sideswipe,01 - Clear,"08 - Dark, artificial",06 - Ice,10 - No control,,2,0,0,0,,0,,,,,348949.5868,5017217.544,45.29352494,-75.93712143,5775
16--2734,2016/02/25,7:00 PM,HIGHWAY 417 btwn HWY417 IC119B RAMP76 & HWY417 IC119A RAMP67 (__3ZA2YT),__3ZA2YT,01 - Non intersection,03 - P.D. only,04 - Sideswipe,03 - Snow,07 - Dark,06 - Ice,10 - No control,,2,0,0,0,,0,,,,,368281.7792,5030352.282,45.41022776,-75.68898322,5776
16--2735,2016/02/25,7:00 PM,HIGHWAY 417 btwn HWY417 IC119A RAMP67 & HWY417 IC118 RAMP76 (__3ZA2YS),__3ZA2YS,01 - Non intersection,03 - P.D. only,04 - Sideswipe,04 - Freezing Rain,"08 - Dark, artificial",04 - Slush,10 - No control,,2,0,0,0,,0,,,,,368757.1072,5030622.316,45.41261416,-75.68287621,5777
16--2736,2016/02/25,7:01 PM,HUNT CLUB RD @ RIVERSIDE DR (0002237),2237,02 - Intersection related,03 - P.D. only,03 - Rear end,01 - Clear,07 - Dark,02 - Wet,01 - Traffic signal,01 - Functioning,2,0,0,0,,0,,,,,368036.481,5021945.277,45.33460591,-75.69319306,5778
16--2737,2016/02/25,7:02 PM,HIGHWAY 417 btwn HWY417 IC121B RAMP16 & HWY417 IC121A RAMP16 (__3ZA2YX),__3ZA2YX,01 - Non intersection,03 - P.D. only,07 - SMV other,03 - Snow,07 - Dark,06 - Ice,10 - No control,,1,0,0,0,,0,,,,,366876.6989,5029619.284,45.40375849,-75.70702448,5779
16--2738,2016/02/25,7:04 PM,LYON ST @ WELLINGTON ST (0002388),2388,03 - At intersection,02 - Non-fatal injury,05 - Turning movement,03 - Snow,07 - Dark,04 - Slush,01 - Traffic signal,01 - Functioning,2,0,0,0,02 - Minor,2,1,1,,,366935.9454,5031426.451,45.4200136,-75.70603992,5780
16--2739,2016/02/25,7:13 PM,LESTER RD btwn ALBION RD & UPLANDS DR (__3ZA2SC),__3ZA2SC,01 - Non intersection,02 - Non-fatal injury,03 - Rear end,03 - Snow,07 - Dark,05 - Packed snow,10 - No control,,2,0,0,0,01 - Minimal,2,2,,,,371512.6451,5021468.44,45.32999359,-75.64891124,5781
16--274,2016/01/07,6:35 AM,BANK ST @ BLAIS RD (0009264),9264,03 - At intersection,03 - P.D. only,03 - Rear end,01 - Clear,07 - Dark,01 - Dry,02 - Stop sign,01 - Functioning,2,0,0,0,,0,,,,,376154.0058,5019727.099,45.31386919,-75.58995708,5782
16--2740,2016/02/25,7:15 PM,HIGHWAY 417 btwn HWY417 IC123 RAMP62 & HWY417 IC122 RAMP16 (__3ZA2R9),__3ZA2R9,01 - Non intersection,03 - P.D. only,07 - SMV other,01 - Clear,"08 - Dark, artificial",06 - Ice,10 - No control,,1,0,0,0,,0,,,,,365134.9777,5028714.06,45.39576578,-75.72938213,5783
16--2741,2016/02/25,7:28 PM,ALBERT ST @ BOOTH ST (0002162),2162,02 - Intersection related,03 - P.D. only,03 - Rear end,01 - Clear,07 - Dark,02 - Wet,01 - Traffic signal,01 - Functioning,2,0,0,0,,0,,,,,366427.5955,5030626.347,45.41285946,-75.71263495,5784
16--2742,2016/02/25,7:35 AM,BANK ST @ HERON RD (0002155),2155,02 - Intersection related,03 - P.D. only,03 - Rear end,04 - Freezing Rain,01 - Daylight,06 - Ice,01 - Traffic signal,01 - Functioning,2,0,0,0,,0,,,,,369995.9445,5026851.318,45.37856973,-75.66754869,5785
16--2743,2016/02/25,7:41 AM,AIRPORT PKWY @ HUNT CLUB RD (0010856),10856,02 - Intersection related,03 - P.D. only,03 - Rear end,04 - Freezing Rain,01 - Daylight,06 - Ice,01 - Traffic signal,01 - Functioning,2,0,0,0,,0,,,,,371018.7576,5023703.145,45.35014759,-75.65491225,5786
16--2744,2016/02/25,7:41 AM,WALKLEY RD btwn SHEFFIELD RD & WALKLEY EXTENSION RD (__3ZA12T),__3ZA12T,01 - Non intersection,03 - P.D. only,03 - Rear end,04 - Freezing Rain,01 - Daylight,06 - Ice,10 - No control,,2,0,0,0,,0,,,,,375347.7461,5028833.276,45.39588396,-75.59893934,5787
16--2745,2016/02/25,7:43 AM,BLAIR RD @ INNES RD (0004165),4165,02 - Intersection related,03 - P.D. only,03 - Rear end,02 - Rain,01 - Daylight,06 - Ice,01 - Traffic signal,01 - Functioning,4,0,0,0,,0,,,,,375578.7349,5031440.014,45.41931466,-75.59561521,5788
16--2746,2016/02/25,7:45 AM,BLAIR RD @ CLAVER ST (0009248),9248,02 - Intersection related,03 - P.D. only,03 - Rear end,02 - Rain,01 - Daylight,06 - Ice,02 - Stop sign,01 - Functioning,3,0,0,0,,0,,,,,374416.9478,5033434.797,45.43737921,-75.61017631,5789
16--2747,2016/02/25,7:47 AM,INDUSTRIAL AVE @ RIVERSIDE DR (0011905),11905,02 - Intersection related,03 - P.D. only,04 - Sideswipe,04 - Freezing Rain,01 - Daylight,06 - Ice,01 - Traffic signal,01 - Functioning,2,0,0,0,,0,,,,,370685.3845,5030592.331,45.41216548,-75.65824694,5790
16--2748,2016/02/25,7:47 PM,STRANDHERD DR @ CLARIDGE DR (0010893),10893,03 - At intersection,03 - P.D. only,05 - Turning movement,01 - Clear,07 - Dark,04 - Slush,01 - Traffic signal,01 - Functioning,2,0,0,0,,0,,,,,364949.3498,5015381.176,45.27581397,-75.73337334,5791
16--2749,2016/02/25,7:48 PM,SMYTH RD btwn SAUNDERSON DR & CUBA AVE (__3ZA3R1),__3ZA3R1,01 - Non intersection,03 - P.D. only,03 - Rear end,03 - Snow,07 - Dark,06 - Ice,10 - No control,,3,0,0,0,,0,,,,,372814.1484,5029326.844,45.40057555,-75.63122748,5792
16--275,2016/01/07,6:40 AM,EAGLESON RD @ FLEWELLYN RD (0000121),121,02 - Intersection related,03 - P.D. only,07 - SMV other,"07 - Fog, mist, smoke, dust",07 - Dark,02 - Wet,02 - Stop sign,01 - Functioning,1,0,0,0,,0,,,,,355348.0019,5014259.702,45.26647851,-75.85585188,5793
16--2750,2016/02/25,7:50 AM,TERRY FOX DR @ WESTPHALIAN AVE (0014366),14366,02 - Intersection related,03 - P.D. only,03 - Rear end,01 - Clear,01 - Daylight,02 - Wet,01 - Traffic signal,01 - Functioning,2,0,0,0,,0,,,,,353455.2261,5015759.789,45.28011017,-75.87982363,5794
16--2751,2016/02/25,7:50 AM,BLAIR RD @ INNES RD (0004165),4165,02 - Intersection related,03 - P.D. only,03 - Rear end,04 - Freezing Rain,01 - Daylight,06 - Ice,01 - Traffic signal,01 - Functioning,2,0,0,0,,0,,,,,375578.7349,5031440.885,45.4193225,-75.59561509,5795
16--2752,2016/02/25,7:59 AM,KATIMAVIK RD @ CHIMO DR E/HEARST WAY (0003437),3437,02 - Intersection related,03 - P.D. only,03 - Rear end,02 - Rain,01 - Daylight,02 - Wet,01 - Traffic signal,01 - Functioning,2,0,0,0,,0,,,,,352960.2878,5019610.249,45.31479161,-75.88575795,5796
16--2753,2016/02/25,8:00 PM,KANATA AVE @ LORD BYNG WAY/MARITIME WAY (0009115),9115,02 - Intersection related,03 - P.D. only,04 - Sideswipe,04 - Freezing Rain,07 - Dark,06 - Ice,01 - Traffic signal,01 - Functioning,2,0,0,0,,0,,,,,351429.3154,5019331.529,45.31238695,-75.90530932,5797
16--2754,2016/02/25,8:00 PM,CAMBRIAN RD/GOLFLINKS DR W @ LONGFIELDS DR (0009702),9702,02 - Intersection related,03 - P.D. only,03 - Rear end,04 - Freezing Rain,07 - Dark,06 - Ice,11 - Roundabout,01 - Functioning,2,0,0,0,,0,,,,,365382.4688,5013223.195,45.2563593,-75.72811679,5798
16--2755,2016/02/25,8:04 AM,INNES RD @ PORTOBELLO BLVD (0009187),9187,02 - Intersection related,03 - P.D. only,03 - Rear end,02 - Rain,01 - Daylight,06 - Ice,01 - Traffic signal,01 - Functioning,2,0,0,0,,0,,,,,385631.5502,5036893.21,45.46728822,-75.46628801,5799
16--2756,2016/02/25,8:06 AM,ROWE DR btwn MCGIBBON DR & MCGIBBON DR (__3ZACY9),__3ZACY9,01 - Non intersection,03 - P.D. only,01 - Approaching,02 - Rain,01 - Daylight,06 - Ice,10 - No control,,2,0,0,0,,0,,,,,351207.8988,5018353.331,45.30359954,-75.90822462,5800
16--2757,2016/02/25,8:09 PM,HAWTHORNE RD @ HUNT CLUB RD (0007651),7651,02 - Intersection related,03 - P.D. only,03 - Rear end,01 - Clear,07 - Dark,06 - Ice,01 - Traffic signal,01 - Functioning,2,0,0,0,,0,,,,,375507.0765,5026406.754,45.37403526,-75.59725216,5801
16--2758,2016/02/25,8:10 PM,MERIVALE RD btwn 210 S OF MEADOWLANDS DR/MERIVALE PL SC & FAMILY BROWN (__3ZBPLPB),__3ZBPLPB,01 - Non intersection,03 - P.D. only,99 - Other,04 - Freezing Rain,07 - Dark,06 - Ice,10 - No control,,2,0,0,0,,0,,,,,364996.4858,5023406.646,45.3480225,-75.73179764,5802
16--2759,2016/02/25,8:11 AM,WALKLEY RD btwn LANCASTER RD & SHEFFIELD RD (__3ZA1UM),__3ZA1UM,01 - Non intersection,03 - P.D. only,06 - SMV unattended vehicle,04 - Freezing Rain,01 - Daylight,02 - Wet,10 - No control,,1,0,0,0,,0,,,,,374937.6319,5028617.995,45.39398817,-75.60420742,5803
16--276,2016/01/07,7:11 AM,STAGECOACH RD btwn CABIN RD & SNAKE ISLAND RD (__3ZBOGH),__3ZBOGH,01 - Non intersection,03 - P.D. only,01 - Approaching,01 - Clear,03 - Dawn,01 - Dry,10 - No control,,2,0,0,0,,0,,,,,378078.095,5006328.865,45.19311871,-75.56739599,5804
16--2760,2016/02/25,8:20 PM,COLONEL BY DR @ MAIN ST (0002626),2626,02 - Intersection related,03 - P.D. only,03 - Rear end,03 - Snow,07 - Dark,06 - Ice,02 - Stop sign,01 - Functioning,2,0,0,0,,0,,,,,368860.4784,5030914.51,45.41523376,-75.68151768,5805
16--2761,2016/02/25,8:22 AM,FISHER AVE @ MEADOWLANDS DR (0002120),2120,03 - At intersection,02 - Non-fatal injury,05 - Turning movement,02 - Rain,01 - Daylight,02 - Wet,01 - Traffic signal,01 - Functioning,2,0,0,0,02 - Minor,1,,1,,,366575.5241,5025045.216,45.36262874,-75.71144376,5806
16--2762,2016/02/25,8:24 PM,MEADOWLANDS DR @ MERIVALE RD (0000625),625,03 - At intersection,02 - Non-fatal injury,05 - Turning movement,04 - Freezing Rain,07 - Dark,06 - Ice,01 - Traffic signal,01 - Functioning,3,0,0,0,02 - Minor,1,,1,,,364858.0413,5023724.852,45.35089755,-75.73352561,5807
16--2763,2016/02/25,8:28 AM,WALKLEY EXTENSION RD btwn HWY417 IC110 RAMP57 & HWY417 IC110 RAMP65 (__3ZAZE5),__3ZAZE5,07 - Overpass or bridge,03 - P.D. only,03 - Rear end,04 - Freezing Rain,01 - Daylight,06 - Ice,10 - No control,,2,0,0,0,,0,,,,,375713.6561,5029029.799,45.39761521,-75.59423814,5808
16--2764,2016/02/25,8:28 PM,COLONNADE RD @ PRINCE OF WALES DR (0005249),5249,03 - At intersection,02 - Non-fatal injury,99 - Other,04 - Freezing Rain,07 - Dark,06 - Ice,01 - Traffic signal,01 - Functioning,2,0,0,0,01 - Minimal,1,1,,,,367394.194,5023263.05,45.34652057,-75.7012202,5809
16--2765,2016/02/25,8:28 PM,PRINCE OF WALES DR btwn FALLOWFIELD RD & AMBERWOOD CRES (__3ZA27I),__3ZA27I,01 - Non intersection,03 - P.D. only,07 - SMV other,03 - Snow,07 - Dark,03 - Loose snow,10 - No control,,1,0,0,0,,0,,,,,367390.7089,5019268.117,45.31057515,-75.70176974,5810
16--2766,2016/02/25,8:29 AM,CYRVILLE RD btwn STAR TOP RD & MEADOWBROOK RD (__3ZA3SN),__3ZA3SN,01 - Non intersection,02 - Non-fatal injury,01 - Approaching,04 - Freezing Rain,01 - Daylight,06 - Ice,10 - No control,,2,0,0,0,01 - Minimal,1,1,,,,373963.8667,5031470.045,45.41974637,-75.6162427,5811
16--2597,2016/02/23,6:30 AM,CLOVER ST @ HERON RD (0006837),6837,02 - Intersection related,03 - P.D. only,03 - Rear end,01 - Clear,03 - Dawn,01 - Dry,01 - Traffic signal,01 - Functioning,2,0,0,0,,0,,,,,369292.9377,5026764.322,45.37785203,-75.67653543,5812
16--2598,2016/02/23,6:35 PM,CARLING AVE @ PARKDALE AVE (0008792),8792,02 - Intersection related,03 - P.D. only,03 - Rear end,03 - Snow,07 - Dark,06 - Ice,01 - Traffic signal,01 - Functioning,2,0,0,0,,0,,,,,365626.6534,5028171.748,45.39084364,-75.72316972,5813
16--2599,2016/02/23,7:42 PM,HIGHWAY 417 btwn HWY417 IC121B RAMP16 & HWY417 IC121A RAMP16 (__3ZA2YX),__3ZA2YX,01 - Non intersection,03 - P.D. only,07 - SMV other,01 - Clear,07 - Dark,01 - Dry,10 - No control,,1,0,0,0,,0,,,,,366595.5139,5029539.752,45.40306776,-75.710626,5814
16--26,2016/01/02,1:02 PM,MAITLAND AVE btwn TARA DR & ERINDALE DR (__3ZA4I7),__3ZA4I7,01 - Non intersection,03 - P.D. only,04 - Sideswipe,01 - Clear,01 - Daylight,01 - Dry,10 - No control,,2,0,0,0,,0,,,,,363510.4636,5025370.688,45.36582071,-75.75052672,5815
16--260,2016/01/07,3:40 PM,HIGHWAY 417 btwn HWY417 IC115 RAMP35 & HIGHWAY 417 (__3ZA2US),__3ZA2US,01 - Non intersection,03 - P.D. only,03 - Rear end,01 - Clear,01 - Daylight,01 - Dry,10 - No control,,2,0,0,0,,0,,,,,372501.8606,5031505.844,45.42021148,-75.63491673,5816
16--2600,2016/02/23,7:50 AM,AVIATION PKWY SB @ LA CITE PRIV (0008822),8822,03 - At intersection,02 - Non-fatal injury,07 - SMV other,01 - Clear,01 - Daylight,01 - Dry,02 - Stop sign,01 - Functioning,1,0,0,1,02 - Minor,1,,1,,,372462.8621,5033233.813,45.43576269,-75.63517759,5817
16--2601,2016/02/23,7:59 PM,INNES RD @ ORLEANS BLVD (0003611),3611,02 - Intersection related,02 - Non-fatal injury,03 - Rear end,01 - Clear,07 - Dark,05 - Packed snow,01 - Traffic signal,01 - Functioning,2,0,0,0,01 - Minimal,3,3,,,,380461.0191,5034296.179,45.44450138,-75.53280095,5818
16--2602,2016/02/23,8:18 AM,INNES RD btwn INDUSTRIAL AVE & BANTREE ST (__3ZA2XQ),__3ZA2XQ,01 - Non intersection,02 - Non-fatal injury,03 - Rear end,01 - Clear,01 - Daylight,01 - Dry,10 - No control,,3,0,0,0,02 - Minor,1,,1,,,373502.9359,5030283.644,45.40911713,-75.62229703,5819
16--2603,2016/02/23,9:20 PM,COLONEL BY DR btwn N.D.H.Q. & OTTAWA UNIV. PED. XING (__3ZA8HKB),__3ZA8HKB,01 - Non intersection,02 - Non-fatal injury,07 - SMV other,01 - Clear,07 - Dark,01 - Dry,10 - No control,,1,0,0,1,03 - Major,1,,,1,,368260.355,5031745.526,45.42276565,-75.68907748,5820
16--2604,2016/02/23,9:35 AM,BRONSON AVE @ FIFTH AVE/MADAWASKA DR (0006977),6977,02 - Intersection related,02 - Non-fatal injury,03 - Rear end,01 - Clear,01 - Daylight,01 - Dry,01 - Traffic signal,01 - Functioning,2,0,0,0,01 - Minimal,1,1,,,,367613.0541,5028938.334,45.39756582,-75.69770583,5821