Anom_ID,Accident_Date,Accident_Time,Location,Geo_ID,Accident_Location,Classification_of_Accident,Initial_Impact_Type,Environment_Condition,Light,Road_Surface_Condition,Traffic_Control,Traffic_Control_Condition,No__of_Vehicles,No__of_Bicycles,No__of_Motorcycles,No__of_Pedestrians,Max_Injury,No__of_Injuries,No__of_Minimal,No__of_Minor,No__of_Major,No__of_Fatal,X,Y,Latitude,Longitude,ObjectId
16--2605,2016/02/24,1:00 PM,HIGHWAY 417 btwn HWY417 IC110 RAMP55 & HWY417 IC104 RAMP51 (__3ZA2W8),__3ZA2W8,01 - Non intersection,03 - P.D. only,07 - SMV other,03 - Snow,01 - Daylight,06 - Ice,10 - No control,,1,0,0,0,,0,,,,,377106.0713,5026929.246,45.37857319,-75.57676323,5822
16--2606,2016/02/24,1:05 PM,HIGHWAY 417 btwn HWY417 IC140 RAMP35 & HWY417 IC140 RAMP25 (__3ZA2QP),__3ZA2QP,01 - Non intersection,03 - P.D. only,04 - Sideswipe,03 - Snow,01 - Daylight,03 - Loose snow,10 - No control,,3,0,0,0,,0,,,,,350972.6357,5018570.552,45.30556966,-75.91120421,5823
16--2607,2016/02/24,10:03 PM,RIVERSIDE DR @ WALKLEY RD (0002158),2158,02 - Intersection related,03 - P.D. only,07 - SMV other,04 - Freezing Rain,07 - Dark,04 - Slush,01 - Traffic signal,01 - Functioning,1,0,0,0,,0,,,,,368419.3825,5024852.432,45.36072921,-75.68793431,5824
16--2608,2016/02/24,10:04 PM,ROCKDALE RD btwn DEVINE RD & FRANK KENNY RD (__4H5QRO),__4H5QRO,01 - Non intersection,03 - P.D. only,07 - SMV other,01 - Clear,07 - Dark,01 - Dry,10 - No control,,1,0,0,0,,0,,,,,394891.2858,5024088.088,45.35095068,-75.35023297,5825
16--2609,2016/02/24,10:15 PM,WEST HUNT CLUB RD WB btwn CEDARVIEW RD & GREENBANK RD (__3ZA199),__3ZA199,01 - Non intersection,03 - P.D. only,07 - SMV other,02 - Rain,07 - Dark,04 - Slush,10 - No control,,1,0,0,0,,0,,,,,359896.3032,5019663.317,45.31475914,-75.79729555,5826
16--261,2016/01/07,3:51 PM,HIGHWAY 417 btwn HWY417 IC119B RAMP76 & HWY417 IC119A RAMP67 (__3ZA2YT),__3ZA2YT,01 - Non intersection,03 - P.D. only,03 - Rear end,02 - Rain,01 - Daylight,02 - Wet,10 - No control,,4,0,0,0,,0,,,,,368426.5965,5030440.767,45.41101077,-75.68712186,5827
16--2610,2016/02/24,10:22 PM,TEWSLEY DR btwn RIVERSEDGE CRES & RIVERSEDGE CRES (__51NHBN),__51NHBN,01 - Non intersection,03 - P.D. only,06 - SMV unattended vehicle,04 - Freezing Rain,07 - Dark,06 - Ice,10 - No control,,1,0,0,0,,0,,,,,367689.2621,5015495.803,45.27660565,-75.69844094,5828
16--2611,2016/02/24,10:27 PM,FISHER AVE btwn TRENT ST & 220 S OF TRENT ST (__3ZA30SA),__3ZA30SA,01 - Non intersection,03 - P.D. only,03 - Rear end,04 - Freezing Rain,07 - Dark,06 - Ice,10 - No control,,2,0,0,0,,0,,,,,365852.4151,5026769.813,45.37820968,-75.72046014,5829
16--2612,2016/02/24,10:27 PM,BAY ST @ WELLINGTON ST (0010737),10737,02 - Intersection related,03 - P.D. only,04 - Sideswipe,02 - Rain,07 - Dark,02 - Wet,01 - Traffic signal,01 - Functioning,2,0,0,0,,0,,,,,366814.0394,5031351.347,45.41934865,-75.70760691,5830
16--2613,2016/02/24,10:30 PM,HIGHWAY 417 btwn Continuation of HIGHWAY 417 & HWY417 IC144 RAMP16 (__3ZA2Q6),__3ZA2Q6,01 - Non intersection,02 - Non-fatal injury,07 - SMV other,04 - Freezing Rain,"08 - Dark, artificial",06 - Ice,10 - No control,,1,0,0,0,02 - Minor,1,,1,,,347378.0682,5015845.84,45.28127883,-75.95727407,5831
16--2614,2016/02/24,10:31 AM,INNES RD btwn ANDERSON RD & INNES RD (__3ZA3J2),__3ZA3J2,01 - Non intersection,03 - P.D. only,07 - SMV other,03 - Snow,01 - Daylight,03 - Loose snow,10 - No control,,1,0,0,0,,0,,,,,376294.133,5031848.37,45.42291607,-75.58641602,5832
16--2615,2016/02/24,10:51 PM,CLYDE AVE @ STARWOOD RD (0001670),1670,03 - At intersection,03 - P.D. only,02 - Angle,04 - Freezing Rain,07 - Dark,02 - Wet,02 - Stop sign,01 - Functioning,2,0,0,0,,0,,,,,364459.4762,5024656.862,45.35931767,-75.73849926,5833
16--2616,2016/02/24,11:00 AM,HIGHWAY 417 btwn HWY417 IC118 RAMP67 & HWY417 IC117 RAMP36 (__3ZA2YO),__3ZA2YO,01 - Non intersection,03 - P.D. only,04 - Sideswipe,03 - Snow,01 - Daylight,03 - Loose snow,10 - No control,,2,0,0,0,,0,,,,,369851.923,5031155.255,45.41730843,-75.66881983,5834
16--2617,2016/02/24,11:08 AM,HIGHWAY 417 btwn Continuation of HIGHWAY 417 & HWY417 IC155 RAMP26 (__3ZA1M3),__3ZA1M3,01 - Non intersection,03 - P.D. only,04 - Sideswipe,03 - Snow,01 - Daylight,04 - Slush,10 - No control,,2,0,0,0,,0,,,,,339560.054,5019339.859,45.31314976,-76.05667897,5835
16--2618,2016/02/24,11:16 AM,WOODROFFE AVE @ HWY 417 WOODROFF IC127R26/HWY4 (0002355),2355,02 - Intersection related,03 - P.D. only,03 - Rear end,03 - Snow,01 - Daylight,02 - Wet,01 - Traffic signal,01 - Functioning,2,0,0,0,,0,,,,,362082.4649,5024939.296,45.36205723,-75.76880445,5836
16--2619,2016/02/24,11:28 AM,ST. LOUIS DR btwn BUCKSKIN WAY & ST. ANDRE DR (__3ZBO3F),__3ZBO3F,01 - Non intersection,03 - P.D. only,06 - SMV unattended vehicle,03 - Snow,01 - Daylight,03 - Loose snow,10 - No control,,1,0,0,0,,0,,,,,379612.1167,5038303.95,45.48065162,-75.54304131,5837
16--262,2016/01/07,4:01 PM,GLADSTONE AVE @ CAMBRIDGE ST (0006328),6328,02 - Intersection related,03 - P.D. only,02 - Angle,01 - Clear,01 - Daylight,01 - Dry,02 - Stop sign,01 - Functioning,2,0,0,0,,0,,,,,367065.6078,5030036.919,45.40749948,-75.70455883,5838
16--2620,2016/02/24,11:40 AM,STRACHAN ST btwn LENNOX ST & MCBEAN ST (__3ZACI9),__3ZACI9,04 - At/near private drive,03 - P.D. only,99 - Other,03 - Snow,01 - Daylight,03 - Loose snow,10 - No control,,2,0,0,0,,0,,,,,357123.3766,5005759.985,45.18986605,-75.83412289,5839
16--2621,2016/02/24,11:47 AM,POWER RD btwn RIDEAU RD & END (__3ZA6GV),__3ZA6GV,04 - At/near private drive,03 - P.D. only,05 - Turning movement,06 - Strong wind,01 - Daylight,03 - Loose snow,10 - No control,,2,0,0,0,,0,,,,,378369.5574,5018570.656,45.30323544,-75.56187555,5840
16--2622,2016/02/24,12:00 PM,LEES AVE btwn ROBINSON AVE & CHAPEL CRES (__3ZA5XC),__3ZA5XC,07 - Overpass or bridge,03 - P.D. only,07 - SMV other,03 - Snow,01 - Daylight,03 - Loose snow,10 - No control,,1,0,0,0,,0,,,,,369664.8058,5031284.755,45.41849099,-75.67119336,5841
16--2623,2016/02/24,12:26 PM,ESSON ST @ HUNT CLUB RD (0002152),2152,02 - Intersection related,03 - P.D. only,03 - Rear end,03 - Snow,01 - Daylight,04 - Slush,02 - Stop sign,01 - Functioning,2,0,0,0,,0,,,,,374639.5136,5025906.848,45.36962433,-75.60839803,5842
16--2624,2016/02/24,12:47 PM,RICHMOND RD @ LYNHAR RD/STAFFORD RD (0000155),155,03 - At intersection,03 - P.D. only,02 - Angle,03 - Snow,01 - Daylight,03 - Loose snow,01 - Traffic signal,01 - Functioning,2,0,0,0,,0,,,,,358137.7726,5021086.012,45.32769645,-75.81956921,5843
16--2625,2016/02/24,12:52 PM,LYON ST    N btwn MACLAREN ST & GILMOUR ST (__3ZA3QR),__3ZA3QR,01 - Non intersection,03 - P.D. only,06 - SMV unattended vehicle,03 - Snow,01 - Daylight,03 - Loose snow,10 - No control,,1,0,0,0,,0,,,,,367415.2369,5030634.879,45.41284855,-75.70001681,5844
16--2626,2016/02/24,2:29 PM,CARP RD @ HAZELDEAN RD (0000086),86,03 - At intersection,03 - P.D. only,02 - Angle,03 - Snow,01 - Daylight,03 - Loose snow,01 - Traffic signal,01 - Functioning,2,0,0,0,,0,,,,,348804.3539,5014360.658,45.26782679,-75.93922627,5845
16--2627,2016/02/24,2:39 PM,BEAVER RDG btwn COMMANCHE DR & LEAVER AVE (__3ZAAKB),__3ZAAKB,01 - Non intersection,03 - P.D. only,01 - Approaching,03 - Snow,01 - Daylight,06 - Ice,10 - No control,,2,0,0,0,,0,,,,,364950.8702,5024571.389,45.35850661,-75.73223802,5846
16--2628,2016/02/24,2:46 PM,REGIONAL ROAD 174 btwn OR174 IC112 RAMP15 & TRANSIT (__3ZA2WA),__3ZA2WA,01 - Non intersection,03 - P.D. only,07 - SMV other,03 - Snow,01 - Daylight,04 - Slush,10 - No control,,1,0,0,0,,0,,,,,375582.1677,5033417.658,45.43710802,-75.59528712,5847
16--2629,2016/02/24,2:50 PM,CADBORO RD @ OGILVIE RD (0012429),12429,03 - At intersection,03 - P.D. only,03 - Rear end,03 - Snow,01 - Daylight,06 - Ice,01 - Traffic signal,01 - Functioning,2,0,0,0,,0,,,,,373602.0998,5032663.415,45.43051938,-75.62069802,5848
16--263,2016/01/07,4:17 PM,RENAUD RD @ NAVAN RD (0003685),3685,02 - Intersection related,03 - P.D. only,03 - Rear end,01 - Clear,01 - Daylight,01 - Dry,01 - Traffic signal,01 - Functioning,2,0,0,0,,0,,,,,381819.4935,5032735.81,45.43031407,-75.51568183,5849
16--2630,2016/02/24,3:00 PM,HWY416 IC66 RAMP34 btwn HIGHWAY 416 & FALLOWFIELD RD (__3ZAY40),__3ZAY40,01 - Non intersection,03 - P.D. only,04 - Sideswipe,04 - Freezing Rain,01 - Daylight,04 - Slush,10 - No control,,2,0,0,0,,0,,,,,359802.3877,5014870.276,45.2716383,-75.7990248,5850
16--2631,2016/02/24,3:00 PM,HIGHWAY 417 btwn Continuation of HIGHWAY 417 & HWY417 IC155 RAMP26 (__3ZA1M3),__3ZA1M3,01 - Non intersection,03 - P.D. only,04 - Sideswipe,02 - Rain,01 - Daylight,04 - Slush,10 - No control,,2,0,0,0,,0,,,,,339541.3369,5019346.905,45.31321409,-76.05691718,5851
16--2632,2016/02/24,3:08 PM,PRESTWICK DR @ ROXDALE AVE (0004753),4753,03 - At intersection,03 - P.D. only,02 - Angle,03 - Snow,01 - Daylight,06 - Ice,02 - Stop sign,01 - Functioning,2,0,0,0,,0,,,,,383058.5165,5037352.391,45.47171254,-75.49911492,5852
16--2633,2016/02/24,3:09 PM,ROBERTSON RD btwn MOODIE DR & VANIER RD (__3ZBOCN),__3ZBOCN,04 - At/near private drive,03 - P.D. only,02 - Angle,03 - Snow,01 - Daylight,03 - Loose snow,10 - No control,,2,0,0,0,,0,,,,,357213.3208,5020542.032,45.32287131,-75.83141923,5853
16--2634,2016/02/24,3:10 PM,MOODIE DR btwn HWY417 IC134 RAMP53 & TIMM DR (__3ZA4ZX),__3ZA4ZX,01 - Non intersection,03 - P.D. only,04 - Sideswipe,02 - Rain,01 - Daylight,03 - Loose snow,10 - No control,,2,0,0,0,,0,,,,,356535.9264,5021752.773,45.33381594,-75.83993292,5854
16--2635,2016/02/24,3:21 PM,STEVENAGE DR @ SWANSEA CRES (0011458),11458,03 - At intersection,03 - P.D. only,02 - Angle,04 - Freezing Rain,01 - Daylight,06 - Ice,10 - No control,,2,0,0,0,,0,,,,,374414.9619,5026771.373,45.37742528,-75.61114256,5855
16--2636,2016/02/24,3:25 PM,LISGAR ST @ METCALFE ST (0006941),6941,02 - Intersection related,03 - P.D. only,05 - Turning movement,03 - Snow,01 - Daylight,03 - Loose snow,01 - Traffic signal,01 - Functioning,2,0,0,0,,0,,,,,367915.4868,5031252.067,45.41835687,-75.69354712,5856
16--2637,2016/02/24,3:30 PM,ST. PATRICK ST WB btwn FORSEY ST & ISLAND LODGE RD (__3ZA1LB),__3ZA1LB,04 - At/near private drive,03 - P.D. only,02 - Angle,03 - Snow,01 - Daylight,02 - Wet,10 - No control,,2,0,0,0,,0,,,,,368640.4894,5033236.171,45.43614334,-75.68402721,5857
16--2638,2016/02/24,3:40 PM,COMPASS ST/MARKINCH RD @ RENAUD RD (0014566),14566,03 - At intersection,03 - P.D. only,02 - Angle,04 - Freezing Rain,01 - Daylight,04 - Slush,02 - Stop sign,01 - Functioning,2,0,0,0,,0,,,,,382358.0101,5033070.714,45.43326775,-75.50874781,5858
16--2639,2016/02/24,4:08 PM,WALDEN DR btwn CHARLESWORTH CRT & IRONSIDE CRT (__3ZA4XU),__3ZA4XU,04 - At/near private drive,03 - P.D. only,06 - SMV unattended vehicle,03 - Snow,01 - Daylight,03 - Loose snow,10 - No control,,1,0,0,0,,0,,,,,349994.169,5021038.299,45.32783875,-75.92345588,5859
16--264,2016/01/07,4:25 PM,TENTH LINE RD btwn OLD TENTH LINE RD & TOMPKINS AVE (__3ZBPKU),__3ZBPKU,01 - Non intersection,03 - P.D. only,07 - SMV other,01 - Clear,01 - Daylight,02 - Wet,10 - No control,,1,0,0,0,,0,,,,,383050.2703,5038340.592,45.48060441,-75.49906296,5860
16--2640,2016/02/24,4:09 PM,CHURCHILL AVE   N btwn WHITBY AVE & MADISON AVE (__3ZA4O1),__3ZA4O1,04 - At/near private drive,03 - P.D. only,05 - Turning movement,04 - Freezing Rain,01 - Daylight,04 - Slush,10 - No control,,2,0,0,0,,0,,,,,363187.7585,5028380.819,45.39293241,-75.75428993,5861
16--2641,2016/02/24,4:12 PM,CONROY RD btwn CONROY RD & ROSEBELLA AVE (__3ZA3S2),__3ZA3S2,01 - Non intersection,03 - P.D. only,03 - Rear end,04 - Freezing Rain,01 - Daylight,04 - Slush,10 - No control,,2,0,0,0,,0,,,,,374286.0537,5024196.341,45.35426906,-75.61315041,5862
16--2642,2016/02/24,4:46 PM,STEVENAGE DR @ SWANSEA CRES E (0008201),8201,03 - At intersection,03 - P.D. only,02 - Angle,03 - Snow,01 - Daylight,06 - Ice,02 - Stop sign,01 - Functioning,2,0,0,0,,0,,,,,374906.9165,5027199.906,45.38123197,-75.60480111,5863
16--2643,2016/02/24,5:21 PM,AVIATION PKWY btwn MONTREAL RD & LA CITE PRIV (2) (__3ZBPNZ),__3ZBPNZ,01 - Non intersection,03 - P.D. only,03 - Rear end,03 - Snow,05 - Dusk,04 - Slush,10 - No control,,3,0,0,0,,0,,,,,372389.2889,5033580.905,45.43889277,-75.63607019,5864
16--2644,2016/02/24,5:30 PM,HIGHWAY 417 btwn HWY417 IC142 RAMP35 & HWY417 IC142 RAMP25 (__3ZA1ZO),__3ZA1ZO,01 - Non intersection,03 - P.D. only,03 - Rear end,04 - Freezing Rain,05 - Dusk,04 - Slush,10 - No control,,3,0,0,0,,0,,,,,348948.1388,5017222.98,45.29357395,-75.93713941,5865
16--2645,2016/02/24,5:31 PM,CORKSTOWN RD btwn MARCH RD & MOODIE DR (__3ZA2LR),__3ZA2LR,01 - Non intersection,03 - P.D. only,03 - Rear end,04 - Freezing Rain,05 - Dusk,04 - Slush,10 - No control,,2,0,0,0,,0,,,,,356303.8107,5022744.79,45.34275928,-75.84279089,5866
16--2646,2016/02/24,6:10 PM,LESTER RD btwn ALADDIN LANE & MEANDERING BROOK DR (__589X5P),__589X5P,01 - Non intersection,03 - P.D. only,01 - Approaching,04 - Freezing Rain,07 - Dark,04 - Slush,10 - No control,,2,0,0,0,,0,,,,,372878.3936,5022444.352,45.33864336,-75.63135541,5867
16--2647,2016/02/24,6:15 AM,HIGHWAY 417 btwn HWY417 IC163 RAMP15 & HWY417 IC155 RAMP51 (__3ZAZNS),__3ZAZNS,01 - Non intersection,03 - P.D. only,07 - SMV other,03 - Snow,07 - Dark,03 - Loose snow,10 - No control,,1,0,0,0,,0,,,,,336018.9365,5020220.437,45.32124001,-76.10178484,5868
16--2648,2016/02/24,6:22 PM,EAGLESON RD @ KAKULU RD (0003188),3188,03 - At intersection,03 - P.D. only,07 - SMV other,04 - Freezing Rain,07 - Dark,04 - Slush,01 - Traffic signal,01 - Functioning,1,0,0,0,,0,,,,,353382.7153,5019150.371,45.31062443,-75.88041567,5869
16--2649,2016/02/24,6:39 PM,ROCKCLIFFE PKWY btwn ACACIA AVE & HILLSDALE RD (__3ZA21Z),__3ZA21Z,01 - Non intersection,03 - P.D. only,01 - Approaching,03 - Snow,07 - Dark,06 - Ice,10 - No control,,2,0,0,0,,0,,,,,368892.3988,5035568.247,45.45710338,-75.68050399,5870
16--265,2016/01/07,4:30 PM,MARK AVE btwn NORTH RIVER RD & GREENSWAY AVE (__3ZA7DI),__3ZA7DI,01 - Non intersection,03 - P.D. only,06 - SMV unattended vehicle,03 - Snow,05 - Dusk,05 - Packed snow,10 - No control,,1,0,0,0,,0,,,,,369745.6419,5032968.512,45.43363328,-75.66993857,5871
16--2650,2016/02/24,6:50 PM,HIGHWAY 417 btwn HWY417 IC134 RAMP36 & HWY417 IC134 RAMP26 (__3ZA29C),__3ZA29C,01 - Non intersection,03 - P.D. only,04 - Sideswipe,02 - Rain,07 - Dark,04 - Slush,10 - No control,,2,0,0,0,,0,,,,,356453.972,5022312.032,45.33885424,-75.84092008,5872
16--2651,2016/02/24,6:53 AM,KINBURN SIDE RD btwn FARMVIEW RD & MOHRS RD (__3ZA4RZ),__3ZA4RZ,01 - Non intersection,02 - Non-fatal injury,07 - SMV other,03 - Snow,03 - Dawn,03 - Loose snow,10 - No control,,1,0,0,0,02 - Minor,1,,1,,,328108.8603,5027068.19,45.38316704,-76.20235791,5873
16--2652,2016/02/24,7:00 PM,VANIER PKWY SB btwn QUEEN MARY ST & PRESLAND RD (__3ZA4S5A),__3ZA4S5A,01 - Non intersection,03 - P.D. only,04 - Sideswipe,04 - Freezing Rain,07 - Dark,04 - Slush,10 - No control,,2,0,0,0,,0,,,,,370353.7216,5031932.946,45.42425895,-75.66230547,5874
16--2653,2016/02/24,7:10 PM,HIGHWAY 417 btwn HWY417 IC129 RAMP76 & HWY417 IC129 RAMP26 (__3ZA2RG),__3ZA2RG,01 - Non intersection,03 - P.D. only,04 - Sideswipe,02 - Rain,"08 - Dark, artificial",04 - Slush,10 - No control,,2,0,0,0,,0,,,,,360432.7921,5023534.785,45.34955234,-75.7900185,5875
16--2654,2016/02/24,7:21 PM,CAMPEAU DR/HWY 417 MARCH IC138R63 @ MARCH RD (0009710),9710,03 - At intersection,03 - P.D. only,04 - Sideswipe,02 - Rain,07 - Dark,02 - Wet,01 - Traffic signal,01 - Functioning,2,0,0,0,,0,,,,,352841.6693,5020476.452,45.32259401,-75.88718673,5876
16--2655,2016/02/24,7:30 AM,HIGHWAY 417 btwn HWY417 IC155 RAMP25 & RAMP (__3ZAZN1),__3ZAZN1,01 - Non intersection,03 - P.D. only,07 - SMV other,03 - Snow,01 - Daylight,03 - Loose snow,10 - No control,,1,0,0,0,,0,,,,,344311.8456,5015454.348,45.27793504,-75.9963876,5877
16--2656,2016/02/24,7:52 AM,CARP RD btwn MARCH RD & JOHN CAVANAUGH DR (__3ZA3FZ),__3ZA3FZ,04 - At/near private drive,03 - P.D. only,05 - Turning movement,03 - Snow,01 - Daylight,05 - Packed snow,10 - No control,,2,0,0,0,,0,,,,,343828.74,5019854.184,45.31755357,-76.00219865,5878
16--2657,2016/02/24,7:53 AM,HAWTHORNE RD btwn DAVIDSON RD & LEITRIM RD (__3ZBPIY),__3ZBPIY,01 - Non intersection,02 - Non-fatal injury,07 - SMV other,03 - Snow,01 - Daylight,03 - Loose snow,10 - No control,,1,0,0,0,02 - Minor,1,,1,,,376298.9232,5024457.296,45.35641465,-75.58742568,5879
16--2658,2016/02/24,7:54 PM,LIMEBANK RD btwn EARL ARMSTRONG RD & RIDEAU RD (__3ZA6L5),__3ZA6L5,01 - Non intersection,03 - P.D. only,03 - Rear end,04 - Freezing Rain,07 - Dark,06 - Ice,10 - No control,,3,0,0,0,,0,,,,,370762.6655,5014349.832,45.26601279,-75.65942505,5880
16--2659,2016/02/24,7:56 AM,JOCKVALE RD @ LONGFIELDS DR (0013613),13613,03 - At intersection,03 - P.D. only,02 - Angle,03 - Snow,01 - Daylight,03 - Loose snow,02 - Stop sign,01 - Functioning,2,0,0,0,,0,,,,,364829.2929,5014001.028,45.26340567,-75.73507021,5881
16--266,2016/01/07,5:03 PM,MARCH RD btwn GREY FOX DR & HOWIE RD (__3ZA2QF),__3ZA2QF,01 - Non intersection,03 - P.D. only,07 - SMV other,01 - Clear,05 - Dusk,01 - Dry,10 - No control,,1,0,0,0,,0,,,,,336406.4461,5016517.895,45.28790526,-76.09707815,5882
16--2660,2016/02/24,8:12 AM,RUSSELL RD btwn THIRSK ST & HAIG DR (__3ZA78B),__3ZA78B,04 - At/near private drive,02 - Non-fatal injury,07 - SMV other,03 - Snow,01 - Daylight,03 - Loose snow,10 - No control,,1,0,0,1,02 - Minor,1,,1,,,372702.6051,5029700.604,45.4039493,-75.63260064,5883
16--2661,2016/02/24,8:13 PM,HIGHWAY 417 btwn HWY417 IC163 RAMP15 & HWY417 IC155 RAMP51 (__3ZAZNS),__3ZAZNS,01 - Non intersection,02 - Non-fatal injury,07 - SMV other,02 - Rain,07 - Dark,04 - Slush,10 - No control,,1,0,0,0,02 - Minor,2,1,1,,,336014.7366,5020225.64,45.32128701,-76.10183809,5884
16--2662,2016/02/24,8:52 PM,MERIVALE RD btwn AMBERWOOD CRES & FALLOWFIELD RD (__3ZA3I9),__3ZA3I9,01 - Non intersection,03 - P.D. only,07 - SMV other,04 - Freezing Rain,07 - Dark,06 - Ice,10 - No control,,1,0,0,0,,0,,,,,366871.7346,5018892.548,45.30724189,-75.70843472,5885
16--2663,2016/02/24,9:08 PM,BRONSON AVE btwn BREWER WAY & RIVERSIDE DR RAMPS 34B & 42A-3 (__3ZA3BR),__3ZA3BR,01 - Non intersection,03 - P.D. only,07 - SMV other,04 - Freezing Rain,07 - Dark,06 - Ice,10 - No control,,1,0,0,0,,0,,,,,368126.0709,5027733.819,45.38668173,-75.69130845,5886
16--2664,2016/02/24,9:18 AM,STIKINE DR btwn KEYROCK DR & NORTOBA CRES (__4V72FK),__4V72FK,01 - Non intersection,03 - P.D. only,04 - Sideswipe,03 - Snow,01 - Daylight,03 - Loose snow,10 - No control,,2,0,0,0,,0,,,,,349780.6752,5020114.545,45.31954029,-75.92626321,5887
16--2665,2016/02/24,9:20 AM,WOODROFFE AVE btwn VAAN DR & PINELAND AVE (__3ZA3JJ),__3ZA3JJ,01 - Non intersection,03 - P.D. only,07 - SMV other,03 - Snow,01 - Daylight,05 - Packed snow,10 - No control,,1,0,0,0,,0,,,,,363994.0342,5020529.164,45.32221649,-75.74493356,5888
16--2666,2016/02/24,9:34 AM,BRONSON AVE @ POWELL AVE (0007212),7212,02 - Intersection related,03 - P.D. only,03 - Rear end,03 - Snow,01 - Daylight,04 - Slush,01 - Traffic signal,01 - Functioning,2,0,0,0,,0,,,,,367388.1034,5029477.887,45.40244071,-75.70051032,5889
16--2667,2016/02/24,9:35 AM,HONEYWELL AVE btwn LOCKHART AVE & SHERBOURNE RD (__3ZAAZC),__3ZAAZC,04 - At/near private drive,03 - P.D. only,06 - SMV unattended vehicle,03 - Snow,01 - Daylight,05 - Packed snow,10 - No control,,1,0,0,0,,0,,,,,361911.9367,5026859.133,45.37934567,-75.77075905,5890
16--2668,2016/02/24,9:35 PM,HIGHWAY 417 btwn HWY417 IC104 RAMP51 & HWY417 IC104 RAMP15 (__3ZA2W7),__3ZA2W7,01 - Non intersection,03 - P.D. only,07 - SMV other,02 - Rain,07 - Dark,04 - Slush,10 - No control,,1,0,0,0,,0,,,,,380059.7868,5025904.639,45.36904338,-75.53921021,5891
16--2669,2016/02/24,9:43 PM,HIGHWAY 417 btwn Continuation of HIGHWAY 417 & HWY417 IC155 RAMP26 (__3ZA1M3),__3ZA1M3,01 - Non intersection,03 - P.D. only,07 - SMV other,04 - Freezing Rain,"08 - Dark, artificial",06 - Ice,10 - No control,,1,0,0,0,,0,,,,,339534.0849,5019348.405,45.31322794,-76.05700957,5892
16--267,2016/01/07,5:14 PM,SOUTHBRIDGE ST btwn BALLINVILLE CIR & TENNANT WAY (__86L65I),__86L65I,01 - Non intersection,03 - P.D. only,05 - Turning movement,01 - Clear,05 - Dusk,05 - Packed snow,10 - No control,,2,0,0,0,,0,,,,,367681.517,5014392.825,45.26668184,-75.69867933,5893
16--2670,2016/02/24,9:45 AM,NICHOLAS ST NB btwn HWY417 IC118 RAMP52 & WALLER ST/TRANSITWAY (__6KCFNL),__6KCFNL,01 - Non intersection,03 - P.D. only,04 - Sideswipe,03 - Snow,01 - Daylight,05 - Packed snow,10 - No control,,2,0,0,0,,0,,,,,368772.4515,5031500.926,45.42051818,-75.68256613,5894
16--2671,2016/02/24,9:47 AM,MARCH RD @ TERON RD (0011926),11926,03 - At intersection,03 - P.D. only,02 - Angle,03 - Snow,01 - Daylight,03 - Loose snow,01 - Traffic signal,01 - Functioning,2,0,0,0,,0,,,,,351413.4539,5021780.981,45.33442874,-75.90528103,5895
16--2672,2016/02/24,9:50 PM,HIGHWAY 417 btwn HWY417 IC138 RAMP36 & HIGHWAY 417 (__3ZA29F),__3ZA29F,01 - Non intersection,03 - P.D. only,07 - SMV other,02 - Rain,07 - Dark,06 - Ice,10 - No control,,1,0,0,0,,0,,,,,352921.7758,5020246.242,45.32051704,-75.88618733,5896
16--2673,2016/02/25,1:11 PM,BOYCE AVE btwn WALTER ST & CARLING AVE (__3ZABUD),__3ZABUD,01 - Non intersection,03 - P.D. only,06 - SMV unattended vehicle,04 - Freezing Rain,01 - Daylight,02 - Wet,10 - No control,,1,0,0,0,,0,,,,,359342.4275,5024226.973,45.3558663,-75.80385625,5897
16--2674,2016/02/25,1:54 AM,BANK ST btwn OHIO ST & BELANGER AVE (__3ZA3BQ),__3ZA3BQ,01 - Non intersection,02 - Non-fatal injury,07 - SMV other,02 - Rain,07 - Dark,04 - Slush,10 - No control,,1,0,0,1,02 - Minor,1,,1,,,369634.9971,5027462.748,45.38410468,-75.67207665,5898
16--2675,2016/02/25,10:00 PM,FOREST VALLEY DR btwn RIVERCREST DR & MEADOWGLEN DR (__3ZA62A),__3ZA62A,04 - At/near private drive,03 - P.D. only,03 - Rear end,01 - Clear,07 - Dark,06 - Ice,10 - No control,,2,0,0,0,,0,,,,,379776.5002,5035281.772,45.45344277,-75.54139993,5899
16--2676,2016/02/25,10:18 PM,WOODROFFE AVE @ QUEENSBURY DR/RIDEAUCREST DR (0000043),43,03 - At intersection,03 - P.D. only,07 - SMV other,01 - Clear,07 - Dark,06 - Ice,01 - Traffic signal,01 - Functioning,1,0,0,0,,0,,,,,365727.4864,5016328.63,45.28427212,-75.7233403,5900
16--1866,2016/02/12,7:55 AM,HIGHWAY 417 btwn HWY417 IC127 RAMP35 & HWY417 IC127 RAMP25 (__3ZA2RE),__3ZA2RE,01 - Non intersection,03 - P.D. only,03 - Rear end,01 - Clear,01 - Daylight,01 - Dry,10 - No control,,2,0,0,0,,0,,,,,362141.6708,5024841.538,45.36117277,-75.76806011,5901
16--1867,2016/02/12,8:00 PM,STRANDHERD DR @ WOODROFFE AVE (0009688),9688,02 - Intersection related,03 - P.D. only,03 - Rear end,03 - Snow,07 - Dark,04 - Slush,01 - Traffic signal,01 - Functioning,2,0,0,0,,0,,,,,366106.3735,5015395.808,45.2758457,-75.71862619,5902
16--1868,2016/02/12,8:11 AM,HIGHWAY 417 btwn HWY417 IC96 RAMP61 & HIGHWAY 417 (__3ZA271),__3ZA271,01 - Non intersection,03 - P.D. only,07 - SMV other,03 - Snow,01 - Daylight,03 - Loose snow,10 - No control,,1,0,0,0,,0,,,,,387461.3378,5023870.453,45.34990769,-75.44507529,5903
16--1869,2016/02/12,8:30 AM,HWY 417 CASTLEFR IC139R61 @ KANATA AVE (0012625),12625,02 - Intersection related,03 - P.D. only,03 - Rear end,03 - Snow,01 - Daylight,03 - Loose snow,01 - Traffic signal,01 - Functioning,2,0,0,0,,0,,,,,351616.0951,5019225.184,45.31141761,-75.90293738,5904