Anom_ID,Accident_Date,Accident_Time,Location,Geo_ID,Accident_Location,Classification_of_Accident,Initial_Impact_Type,Environment_Condition,Light,Road_Surface_Condition,Traffic_Control,Traffic_Control_Condition,No__of_Vehicles,No__of_Bicycles,No__of_Motorcycles,No__of_Pedestrians,Max_Injury,No__of_Injuries,No__of_Minimal,No__of_Minor,No__of_Major,No__of_Fatal,X,Y,Latitude,Longitude,ObjectId
16--187,2016/01/06,1:06 PM,FLEWELLYN RD @ MUNSTER RD E (0005442),5442,03 - At intersection,03 - P.D. only,02 - Angle,01 - Clear,01 - Daylight,03 - Loose snow,02 - Stop sign,01 - Functioning,3,0,0,0,,0,,,,,346144.1924,5006068.185,45.19336854,-75.9738138,5905
16--1870,2016/02/12,8:31 PM,PORTOBELLO BLVD btwn INNES RD & CHAREST WAY (__4BQ966),__4BQ966,04 - At/near private drive,03 - P.D. only,05 - Turning movement,03 - Snow,07 - Dark,03 - Loose snow,10 - No control,,2,0,0,0,,0,,,,,385659.2121,5036818.128,45.4666095,-75.46594666,5906
16--1871,2016/02/12,8:35 AM,JEANNE D'ARC BLVD @ MONTCERF CRT (0004155),4155,03 - At intersection,02 - Non-fatal injury,03 - Rear end,01 - Clear,01 - Daylight,01 - Dry,01 - Traffic signal,01 - Functioning,2,0,0,0,02 - Minor,1,,1,,,381117.26,5036287.084,45.46234262,-75.52410431,5907
16--1872,2016/02/12,8:40 AM,HWY417 IC129 RAMP25 btwn GREENBANK RD & HIGHWAY 417 (__3ZAY5J),__3ZAY5J,01 - Non intersection,03 - P.D. only,03 - Rear end,01 - Clear,01 - Daylight,02 - Wet,10 - No control,,2,0,0,0,,0,,,,,360864.5011,5023841.468,45.35227749,-75.78447472,5908
16--1873,2016/02/12,8:50 AM,HIGHWAY 417 btwn HWY417 IC118 RAMP67 & HWY417 IC117 RAMP36 (__3ZA2YO),__3ZA2YO,01 - Non intersection,03 - P.D. only,04 - Sideswipe,01 - Clear,01 - Daylight,01 - Dry,10 - No control,,2,0,0,0,,0,,,,,369860.4676,5031152.614,45.41728387,-75.66871101,5909
16--1874,2016/02/12,8:52 AM,FALAISE RD @ FISHER AVE (0003207),3207,03 - At intersection,03 - P.D. only,05 - Turning movement,01 - Clear,01 - Daylight,02 - Wet,02 - Stop sign,00 - Unknown,3,0,0,0,,0,,,,,366775.4862,5024561.299,45.35825691,-75.70895219,5910
16--1875,2016/02/12,9:00 AM,DALY AVE @ WALLER ST (0008233),8233,03 - At intersection,02 - Non-fatal injury,07 - SMV other,01 - Clear,01 - Daylight,01 - Dry,01 - Traffic signal,01 - Functioning,1,0,0,1,02 - Minor,1,,1,,,368341.0809,5032120.89,45.42613571,-75.68799761,5911
16--1876,2016/02/12,9:00 AM,BEECH ST btwn BAYSWATER AVE & BREEZEHILL AVE S (__3ZA035),__3ZA035,04 - At/near private drive,03 - P.D. only,07 - SMV other,01 - Clear,01 - Daylight,06 - Ice,10 - No control,,1,0,0,0,,0,,,,,366237.601,5029078.044,45.39894494,-75.71525505,5912
16--1877,2016/02/12,9:20 PM,BASELINE RD @ 207 E OF CLYDE AVE (0008213),8213,03 - At intersection,03 - P.D. only,05 - Turning movement,03 - Snow,07 - Dark,04 - Slush,01 - Traffic signal,01 - Functioning,3,0,0,0,,0,,,,,364535.6351,5025003.446,45.3624297,-75.73748536,5913
16--1878,2016/02/12,9:27 AM,MOODIE DR @ WEST HUNT CLUB RD (0010414),10414,02 - Intersection related,02 - Non-fatal injury,03 - Rear end,01 - Clear,01 - Daylight,04 - Slush,01 - Traffic signal,01 - Functioning,2,0,0,0,01 - Minimal,1,1,,,,357906.9931,5018497.797,45.30442494,-75.82279053,5914
16--1879,2016/02/12,9:38 PM,MCCALLUM DR/SUNLAND DR N @ NORTHLANDS DR (0004318),4318,03 - At intersection,03 - P.D. only,02 - Angle,01 - Clear,07 - Dark,03 - Loose snow,02 - Stop sign,01 - Functioning,2,0,0,0,,0,,,,,384931.3004,5037517.342,45.47298424,-75.47513991,5915
16--188,2016/01/06,1:29 PM,GLADSTONE AVE btwn METCALFE ST & ELGIN ST (__3ZA3QC),__3ZA3QC,01 - Non intersection,03 - P.D. only,06 - SMV unattended vehicle,03 - Snow,01 - Daylight,05 - Packed snow,10 - No control,,1,0,0,0,,0,,,,,368358.2824,5030828.588,45.41450646,-75.68794452,5916
16--1880,2016/02/12,9:38 PM,PRINCE OF WALES DR btwn 187 N OF MEADOWLANDS DR & MEADOWLANDS DR/HOG'S (__3ZA36WA),__3ZA36WA,01 - Non intersection,03 - P.D. only,04 - Sideswipe,01 - Clear,07 - Dark,04 - Slush,10 - No control,,2,0,0,0,,0,,,,,367341.8421,5025790.733,45.36926879,-75.7015684,5917
16--1881,2016/02/12,9:41 AM,CARLING AVE @ CLYDE AVE/COLE AVE (0006984),6984,02 - Intersection related,02 - Non-fatal injury,05 - Turning movement,01 - Clear,01 - Daylight,02 - Wet,01 - Traffic signal,01 - Functioning,2,0,0,0,02 - Minor,1,,1,,,363520.4711,5026850.762,45.37913737,-75.75022302,5918
16--1882,2016/02/13,1:00 PM,WELLINGTON ST    W btwn HAMPTON AVE & ROSS AVE (__3ZA4P7),__3ZA4P7,01 - Non intersection,03 - P.D. only,99 - Other,01 - Clear,01 - Daylight,01 - Dry,10 - No control,,2,0,0,0,,0,,,,,364457.9903,5029002.657,45.39842052,-75.73799315,5919
16--1883,2016/02/13,1:15 PM,HIGHWAY 417 btwn HWY417 IC127 RAMP63 & HWY417 IC127 RAMP67 (__3ZA2RF),__3ZA2RF,01 - Non intersection,03 - P.D. only,99 - Other,01 - Clear,01 - Daylight,01 - Dry,10 - No control,,2,0,0,0,,0,,,,,362107.293,5024841.346,45.36117386,-75.76849891,5920
16--1884,2016/02/13,1:29 PM,HERZBERG RD @ MARCH RD (0003170),3170,02 - Intersection related,03 - P.D. only,03 - Rear end,03 - Snow,01 - Daylight,06 - Ice,01 - Traffic signal,01 - Functioning,3,0,0,0,,0,,,,,352321.9659,5021530.559,45.33211445,-75.89371444,5921
16--1885,2016/02/13,1:45 PM,BEAUSEJOUR DR @ JEANNE D'ARC BLVD (0003636),3636,03 - At intersection,03 - P.D. only,02 - Angle,01 - Clear,01 - Daylight,01 - Dry,01 - Traffic signal,01 - Functioning,3,0,0,0,,0,,,,,381420.5276,5036060.352,45.46026948,-75.52026222,5922
16--1886,2016/02/13,1:45 PM,COBOURG ST @ HENEY ST (0008435),8435,03 - At intersection,03 - P.D. only,02 - Angle,01 - Clear,01 - Daylight,02 - Wet,02 - Stop sign,01 - Functioning,2,0,0,0,,0,,,,,368992.3684,5032991.805,45.43391241,-75.67956202,5923
16--1887,2016/02/13,10:00 AM,HIGHWAY 417 btwn HWY417 IC124 RAMP76 & HWY417 IC124 RAMP67 (__3ZA2R7),__3ZA2R7,01 - Non intersection,03 - P.D. only,03 - Rear end,01 - Clear,01 - Daylight,06 - Ice,10 - No control,,2,0,0,0,,0,,,,,364366.6107,5027457.464,45.38452495,-75.73934677,5924
16--1888,2016/02/13,10:00 PM,ALBERT ST btwn BRONSON AVE & BAY ST (__3ZA339),__3ZA339,01 - Non intersection,03 - P.D. only,04 - Sideswipe,01 - Clear,07 - Dark,02 - Wet,10 - No control,,2,0,0,0,,0,,,,,366937.646,5031142.489,45.41745844,-75.706054,5925
16--1889,2016/02/13,10:04 AM,RICHMOND RD btwn BASELINE RD TURN LANE & NORTHSIDE RD (__3ZA4LJ),__3ZA4LJ,06 - Underpass or tunnel,02 - Non-fatal injury,07 - SMV other,01 - Clear,01 - Daylight,06 - Ice,10 - No control,,1,0,0,0,02 - Minor,1,,1,,,358426.1909,5021365.989,45.33019372,-75.81585979,5926
16--189,2016/01/06,1:34 PM,HERON RD @ BAYCREST DR (0007191),7191,02 - Intersection related,03 - P.D. only,03 - Rear end,01 - Clear,01 - Daylight,02 - Wet,01 - Traffic signal,01 - Functioning,2,0,0,0,,0,,,,,371143.7293,5026979.92,45.3796191,-75.65287757,5927
16--1890,2016/02/13,10:08 AM,EAGLESON RD @ FALLOWFIELD RD (0000118),118,03 - At intersection,03 - P.D. only,05 - Turning movement,01 - Clear,01 - Daylight,06 - Ice,01 - Traffic signal,01 - Functioning,2,0,0,0,,0,,,,,355961.8536,5012595.064,45.25145532,-75.8482013,5928
16--1891,2016/02/13,10:08 AM,BUNCHBERRY WAY @ FINDLAY CREEK DR (0014170),14170,02 - Intersection related,03 - P.D. only,07 - SMV other,01 - Clear,01 - Daylight,06 - Ice,02 - Stop sign,01 - Functioning,1,0,0,0,,0,,,,,374327.3279,5019387.186,45.31099402,-75.61329923,5929
16--1892,2016/02/13,10:10 PM,HIGHWAY 417 btwn HWY417 IC119A RAMP67 & HWY417 IC118 RAMP76 (__3ZA2YS),__3ZA2YS,01 - Non intersection,03 - P.D. only,07 - SMV other,01 - Clear,"08 - Dark, artificial",06 - Ice,10 - No control,,1,0,0,0,,0,,,,,368943.3592,5030714.26,45.41342439,-75.68048491,5930
16--1893,2016/02/13,10:12 AM,DALY AVE @ NICHOLAS ST (0011451),11451,02 - Intersection related,02 - Non-fatal injury,05 - Turning movement,01 - Clear,01 - Daylight,06 - Ice,01 - Traffic signal,01 - Functioning,2,0,0,0,01 - Minimal,1,1,,,,368227.701,5032047.722,45.42548766,-75.68945579,5931
16--1894,2016/02/13,10:14 AM,KITCHENER AVE @ BANK ST (0011963),11963,03 - At intersection,02 - Non-fatal injury,05 - Turning movement,01 - Clear,01 - Daylight,03 - Loose snow,01 - Traffic signal,01 - Functioning,3,0,0,0,02 - Minor,2,,2,,,370540.2175,5025499.752,45.36635793,-75.6607798,5932
16--1895,2016/02/13,10:15 AM,CHARLTON DR @ MATHESON RD (0009377),9377,03 - At intersection,03 - P.D. only,02 - Angle,01 - Clear,01 - Daylight,06 - Ice,02 - Stop sign,01 - Functioning,2,0,0,0,,0,,,,,373199.0632,5033127.798,45.43473719,-75.62578377,5933
16--1896,2016/02/13,10:44 AM,REGIONAL ROAD 174 btwn OR174 IC109 RAMP56 & OR174 IC109 RAMP86 (__3ZA28W),__3ZA28W,07 - Overpass or bridge,02 - Non-fatal injury,04 - Sideswipe,01 - Clear,01 - Daylight,01 - Dry,10 - No control,,2,0,0,0,01 - Minimal,1,1,,,,376338.3988,5034732.069,45.44885731,-75.5854314,5934
16--1897,2016/02/13,10:47 AM,COLDREY AVE @ KIRKWOOD AVE (0006736),6736,03 - At intersection,03 - P.D. only,02 - Angle,01 - Clear,01 - Daylight,02 - Wet,01 - Traffic signal,01 - Functioning,2,0,0,0,,0,,,,,364438.0296,5027136.318,45.38162925,-75.73847364,5935
16--1898,2016/02/13,10:56 AM,LESTER RD btwn ALBION RD & UPLANDS DR (__3ZA2SC),__3ZA2SC,01 - Non intersection,02 - Non-fatal injury,01 - Approaching,01 - Clear,01 - Daylight,02 - Wet,10 - No control,,2,0,0,0,02 - Minor,2,1,1,,,371815.7943,5021869.381,45.33357225,-75.64498995,5936
16--1899,2016/02/13,11:04 AM,HIGHWAY 417 btwn HWY417 IC122 RAMP15 & HWY417 IC121B RAMP51 (__3ZA2RB),__3ZA2RB,01 - Non intersection,03 - P.D. only,03 - Rear end,01 - Clear,01 - Daylight,06 - Ice,10 - No control,,4,0,0,0,,0,,,,,366080.6919,5029325.775,45.40118771,-75.71722829,5937
16--19,2016/01/01,5:33 PM,STITTSVILLE MAIN ST @ HAZELDEAN RD (0000050),50,03 - At intersection,03 - P.D. only,02 - Angle,01 - Clear,05 - Dusk,01 - Dry,01 - Traffic signal,01 - Functioning,2,0,0,0,,0,,,,,349558.2485,5014878.256,45.27243675,-75.92957276,5938
16--190,2016/01/06,1:37 PM,CLEGG ST @ COLONEL BY DR (0008785),8785,02 - Intersection related,03 - P.D. only,03 - Rear end,01 - Clear,01 - Daylight,02 - Wet,01 - Traffic signal,01 - Functioning,2,0,0,0,,0,,,,,368968.8478,5029742.653,45.40467987,-75.68028576,5939
16--1900,2016/02/13,11:15 AM,HWY 417 VANIER IC117R63 @ VANIER PKWY (0002101),2101,03 - At intersection,02 - Non-fatal injury,02 - Angle,01 - Clear,01 - Daylight,02 - Wet,01 - Traffic signal,01 - Functioning,2,0,0,0,02 - Minor,4,2,2,,,370799.4644,5031396.977,45.41939461,-75.65668185,5940
16--1901,2016/02/13,11:19 AM,ANOKA ST @ BANK ST (0006957),6957,02 - Intersection related,03 - P.D. only,03 - Rear end,01 - Clear,01 - Daylight,02 - Wet,02 - Stop sign,01 - Functioning,2,0,0,0,,0,,,,,370022.0664,5026775.203,45.37788244,-75.66722524,5941
16--1902,2016/02/13,11:45 AM,REGINA ST btwn DON ST & CROYDON AVE (__3ZABYR),__3ZABYR,04 - At/near private drive,03 - P.D. only,03 - Rear end,01 - Clear,01 - Daylight,06 - Ice,10 - No control,,2,0,0,0,,0,,,,,360360.1182,5025356.701,45.36595165,-75.7907411,5942
16--1903,2016/02/13,11:50 AM,HIGHWAY 417 btwn HWY417 IC124 RAMP57 & HWY417 IC124 RAMP55 (__3ZA2Y1),__3ZA2Y1,01 - Non intersection,03 - P.D. only,03 - Rear end,01 - Clear,01 - Daylight,01 - Dry,10 - No control,,3,0,0,0,,0,,,,,364418.5439,5027495.619,45.38486384,-75.73867904,5943
16--1904,2016/02/13,Unknown,BALLANTYNE DR btwn SERENITY AVE & VENUS AVE (__30LOFM),__30LOFM,01 - Non intersection,03 - P.D. only,06 - SMV unattended vehicle,01 - Clear,00 - Unknown,06 - Ice,10 - No control,,1,0,0,0,,0,,,,,385797.8988,5037023.296,45.46843933,-75.46413957,5944
16--1905,2016/02/13,12:07 PM,CARLING AVE btwn DAVIDSON'S SIDE RD & GRANDVIEW RD (__3ZA4Z8),__3ZA4Z8,01 - Non intersection,03 - P.D. only,07 - SMV other,01 - Clear,01 - Daylight,01 - Dry,10 - No control,,1,0,0,0,,0,,,,,355149.9482,5024076.807,45.35482868,-75.85737807,5945
16--1906,2016/02/13,12:18 PM,INDUSTRIAL AVE btwn NEIGHBORHOOD WAY & TRAINYARDS DR (__6N4VKM),__6N4VKM,04 - At/near private drive,03 - P.D. only,02 - Angle,01 - Clear,01 - Daylight,01 - Dry,10 - No control,,2,0,0,0,,0,,,,,371644.7459,5030545.77,45.41165557,-75.6459978,5946
16--1907,2016/02/13,12:45 PM,UPPER DWYER HILL RD btwn MARCH RD & OLD ALMONTE RD (__3ZA4QB),__3ZA4QB,01 - Non intersection,03 - P.D. only,03 - Rear end,03 - Snow,01 - Daylight,03 - Loose snow,10 - No control,,2,0,0,0,,0,,,,,334094.8558,5014276.619,45.26783708,-76.12667814,5947
16--1908,2016/02/13,2:00 AM,CARLING AVE @ RICHARDSON SIDE RD (0011927),11927,02 - Intersection related,03 - P.D. only,07 - SMV other,01 - Clear,07 - Dark,03 - Loose snow,02 - Stop sign,01 - Functioning,1,0,0,0,,0,,,,,351834.3475,5022269.69,45.33879815,-75.89986489,5948
16--1909,2016/02/13,2:02 PM,BASELINE RD @ WOODROFFE AVE (0002225),2225,02 - Intersection related,03 - P.D. only,03 - Rear end,01 - Clear,01 - Daylight,01 - Dry,01 - Traffic signal,01 - Functioning,2,0,0,0,,0,,,,,362548.5925,5023771.163,45.35150823,-75.76299141,5949
16--191,2016/01/06,1:44 PM,MEADOWLANDS DR @ MERIVALE RD (0000625),625,02 - Intersection related,03 - P.D. only,03 - Rear end,01 - Clear,01 - Daylight,02 - Wet,01 - Traffic signal,01 - Functioning,2,0,0,0,,0,,,,,364859.597,5023725.705,45.35090509,-75.73350565,5950
16--1910,2016/02/13,2:03 PM,DAVID DR btwn HOWDEN AVE & SULLIVAN AVE (__3ZAAS2),__3ZAAS2,04 - At/near private drive,03 - P.D. only,05 - Turning movement,01 - Clear,01 - Daylight,01 - Dry,10 - No control,,2,0,0,0,,0,,,,,363267.0099,5023065.42,45.34509849,-75.75390692,5951
16--1911,2016/02/13,2:05 PM,BEAUSEJOUR DR @ JEANNE D'ARC BLVD (0003636),3636,02 - Intersection related,03 - P.D. only,03 - Rear end,01 - Clear,01 - Daylight,01 - Dry,01 - Traffic signal,01 - Functioning,2,0,0,0,,0,,,,,381420.9666,5036061.669,45.46028128,-75.52025641,5952
16--1912,2016/02/13,2:25 PM,COLONEL BY DR btwn CLEGG ST & ECHO DR S (__3ZBPHH),__3ZBPHH,01 - Non intersection,02 - Non-fatal injury,03 - Rear end,01 - Clear,01 - Daylight,06 - Ice,10 - No control,,2,0,0,0,02 - Minor,1,,1,,,369017.1495,5029637.526,45.40372954,-75.67968249,5953
16--1913,2016/02/13,2:30 PM,FALLOWFIELD RD btwn ASHDALE AVE & PRINCE OF WALES DR (__3ZA3IQ),__3ZA3IQ,01 - Non intersection,03 - P.D. only,01 - Approaching,01 - Clear,01 - Daylight,03 - Loose snow,10 - No control,,2,0,0,0,,0,,,,,367364.8033,5019146.053,45.30947914,-75.7021155,5954
16--1914,2016/02/13,2:33 PM,TRIM RD btwn NORTH SERVICE RD & REGIONAL ROAD 174 (__3ZA11M),__3ZA11M,01 - Non intersection,03 - P.D. only,07 - SMV other,01 - Clear,01 - Daylight,05 - Packed snow,10 - No control,,1,0,0,0,,0,,,,,384275.1781,5040173.764,45.49695916,-75.48310027,5955
16--1915,2016/02/13,2:40 PM,HWY416 IC66 RAMP63 btwn FALLOWFIELD RD & HIGHWAY 416 (__3ZAY43),__3ZAY43,01 - Non intersection,03 - P.D. only,07 - SMV other,06 - Strong wind,01 - Daylight,05 - Packed snow,10 - No control,,1,0,0,0,,0,,,,,359960.6279,5014879.397,45.27170798,-75.79700725,5956
16--1916,2016/02/13,2:49 PM,MAPLE GROVE RD @ TERRY FOX DR (0003177),3177,02 - Intersection related,03 - P.D. only,03 - Rear end,05 - Drifting Snow,01 - Daylight,06 - Ice,01 - Traffic signal,01 - Functioning,2,0,0,0,,0,,,,,351554.4342,5017865.835,45.29918995,-75.90385195,5957
16--1917,2016/02/13,2:50 PM,HWY417 IC126 RAMP52 btwn MAITLAND AVE & HWY417 IC126 RAMP51 (__3ZAYAD),__3ZAYAD,01 - Non intersection,02 - Non-fatal injury,03 - Rear end,01 - Clear,01 - Daylight,01 - Dry,10 - No control,,2,0,0,0,01 - Minimal,1,1,,,,363254.6381,5025802.844,45.36973058,-75.75374107,5958
16--1918,2016/02/13,3:00 PM,FARMERS WAY btwn LEITRIM RD & EIGHTH LINE RD (__3ZA6B1),__3ZA6B1,01 - Non intersection,02 - Non-fatal injury,07 - SMV other,01 - Clear,01 - Daylight,01 - Dry,10 - No control,,1,0,0,0,01 - Minimal,1,1,,,,381442.2825,5025475.893,45.36503599,-75.52162991,5959
16--1919,2016/02/13,3:03 PM,SPRATT RD btwn RIDEAU RD & BLACK CANARY DR (__4CZSRR),__4CZSRR,01 - Non intersection,03 - P.D. only,07 - SMV other,05 - Drifting Snow,01 - Daylight,06 - Ice,10 - No control,,1,0,0,0,,0,,,,,369481.666,5012097.275,45.2458635,-75.67604054,5960
16--192,2016/01/06,1:54 PM,RIVERDALE AVE @ SUNNYSIDE AVE (0008017),8017,03 - At intersection,03 - P.D. only,05 - Turning movement,01 - Clear,01 - Daylight,01 - Dry,01 - Traffic signal,01 - Functioning,2,0,0,0,,0,,,,,369074.5849,5028786.736,45.39606915,-75.67905975,5961
16--1920,2016/02/13,3:08 PM,MERIVALE RD/LOTTA AVE @ CLYDE AVE (0001112),1112,03 - At intersection,02 - Non-fatal injury,05 - Turning movement,01 - Clear,01 - Daylight,02 - Wet,01 - Traffic signal,01 - Functioning,2,0,0,0,02 - Minor,2,1,1,,,364520.5814,5024507.682,45.35797017,-75.7377374,5962
16--1921,2016/02/13,3:40 PM,ST. JOSEPH BLVD btwn R.C.M.P. COMPLEX & YOUVILLE DR (__3ZA2BHB),__3ZA2BHB,04 - At/near private drive,03 - P.D. only,07 - SMV other,01 - Clear,01 - Daylight,01 - Dry,10 - No control,,1,0,0,0,,0,,,,,378431.0762,5036027.42,45.46029463,-75.55848762,5963
16--1922,2016/02/13,3:43 PM,LOYOLA AVE @ SHEFFORD RD (0009494),9494,03 - At intersection,03 - P.D. only,02 - Angle,01 - Clear,01 - Daylight,03 - Loose snow,02 - Stop sign,01 - Functioning,2,0,0,0,,0,,,,,376000.0686,5035168.683,45.45282024,-75.58969296,5964
16--1923,2016/02/13,3:55 PM,EARL ARMSTRONG RD @ HIGH RD (0013001),13001,02 - Intersection related,03 - P.D. only,07 - SMV other,01 - Clear,01 - Daylight,05 - Packed snow,10 - No control,,1,0,0,0,,0,,,,,373764.4004,5018173.806,45.30013192,-75.62064637,5965
16--1924,2016/02/13,4:15 PM,CRESTHAVEN DR @ STRANDHERD DR (0010929),10929,03 - At intersection,03 - P.D. only,03 - Rear end,01 - Clear,01 - Daylight,05 - Packed snow,01 - Traffic signal,01 - Functioning,2,0,0,0,,0,,,,,366813.2476,5015028.729,45.27248076,-75.70966351,5966
16--1925,2016/02/13,4:17 PM,RUSSELL RD btwn BIRCHGROVE RD & CANAAN RD (__3ZA3KU),__3ZA3KU,01 - Non intersection,03 - P.D. only,07 - SMV other,03 - Snow,01 - Daylight,06 - Ice,10 - No control,,1,0,0,0,,0,,,,,401142.976,5030069.392,45.40393085,-75.26929833,5967
16--1926,2016/02/13,4:28 PM,COVENTRY RD @ VANIER PKWY (0002139),2139,02 - Intersection related,03 - P.D. only,04 - Sideswipe,01 - Clear,01 - Daylight,01 - Dry,01 - Traffic signal,01 - Functioning,2,0,0,0,,0,,,,,370676.824,5031612.142,45.42134213,-75.65821997,5968
16--1927,2016/02/13,4:40 PM,HUNT CLUB RD @ RIVERSIDE DR (0002237),2237,02 - Intersection related,02 - Non-fatal injury,03 - Rear end,01 - Clear,05 - Dusk,01 - Dry,01 - Traffic signal,01 - Functioning,2,0,0,0,02 - Minor,1,,1,,,368036.0444,5021945.718,45.33460991,-75.69319857,5969
16--1928,2016/02/13,4:52 PM,BASELINE RD @ MERIVALE RD (0002342),2342,02 - Intersection related,03 - P.D. only,03 - Rear end,06 - Strong wind,05 - Dusk,06 - Ice,01 - Traffic signal,01 - Functioning,2,0,0,0,,0,,,,,365055.1556,5025325.285,45.36528109,-75.73081513,5970
16--1929,2016/02/13,5:00 PM,BLAIR PL @ OGILVIE RD (0004162),4162,02 - Intersection related,03 - P.D. only,03 - Rear end,01 - Clear,07 - Dark,01 - Dry,01 - Traffic signal,01 - Functioning,2,0,0,0,,0,,,,,374799.942,5033371.801,45.43677417,-75.60529055,5971
16--193,2016/01/06,10:21 PM,NICHOLAS ST NB OFF RAMP TO NICHOLAS ST SB @ SB RAMP FROM WALLER/NICHOLAS/MACKENZIE KING BR (0015517),15517,03 - At intersection,03 - P.D. only,02 - Angle,01 - Clear,07 - Dark,02 - Wet,03 - Yield sign,01 - Functioning,2,0,0,0,,0,,,,,368343.7671,5031925.152,45.42437429,-75.68798854,5972
16--1930,2016/02/13,5:00 PM,HWY417 IC118 RAMP76 btwn HIGHWAY 417 & HWY417 IC118 RAMP43 (__3ZAY9N),__3ZAY9N,01 - Non intersection,03 - P.D. only,07 - SMV other,01 - Clear,01 - Daylight,06 - Ice,10 - No control,,1,0,0,0,,0,,,,,369384.2662,5031067.238,45.41655981,-75.67480607,5973
16--1931,2016/02/13,5:46 PM,MACLAREN ST @ O'CONNOR ST (0007174),7174,03 - At intersection,03 - P.D. only,02 - Angle,01 - Clear,05 - Dusk,06 - Ice,02 - Stop sign,01 - Functioning,2,0,0,0,,0,,,,,367899.9344,5030940.357,45.41555361,-75.69378573,5974
16--1932,2016/02/13,5:54 PM,CURRIER ST @ MANOTICK MAIN ST (0008829),8829,03 - At intersection,03 - P.D. only,02 - Angle,01 - Clear,05 - Dusk,01 - Dry,02 - Stop sign,01 - Functioning,2,0,0,0,,0,,,,,368987.4874,5009680.162,45.22415971,-75.68264694,5975
16--1933,2016/02/13,6:03 PM,MARCH VALLEY RD btwn RIDDELL DR & KLONDIKE RD (__3ZACJC),__3ZACJC,01 - Non intersection,03 - P.D. only,07 - SMV other,01 - Clear,07 - Dark,03 - Loose snow,10 - No control,,1,0,0,0,,0,,,,,348335.3065,5027115.158,45.38262465,-75.9440819,5976
16--1934,2016/02/13,6:34 AM,JOCKVALE RD btwn BLACKLEAF DR & GOLFLINKS DR (__6ZT2B4),__6ZT2B4,01 - Non intersection,02 - Non-fatal injury,07 - SMV other,06 - Strong wind,03 - Dawn,05 - Packed snow,10 - No control,,1,0,0,0,02 - Minor,1,,1,,,365977.6574,5012632.34,45.25099129,-75.7206069,5977
16--1935,2016/02/13,6:50 PM,BRONSON AVE btwn LAKESIDE AVE & LAKEVIEW TER (__3ZA3NB),__3ZA3NB,01 - Non intersection,03 - P.D. only,04 - Sideswipe,01 - Clear,07 - Dark,01 - Dry,10 - No control,,2,0,0,0,,0,,,,,367662.5702,5028823.113,45.39652465,-75.69708812,5978
16--1936,2016/02/13,7:00 PM,ELGIN ST @ QUEEN ST (0007144),7144,02 - Intersection related,03 - P.D. only,03 - Rear end,01 - Clear,07 - Dark,06 - Ice,01 - Traffic signal,01 - Functioning,2,0,0,0,,0,,,,,367804.483,5031779.358,45.42311126,-75.69489789,5979
16--1937,2016/02/13,7:10 PM,HIGHWAY 417 btwn HWY417 IC119B RAMP57 & HWY417 IC119A RAMP75 (__3ZA1QN),__3ZA1QN,01 - Non intersection,03 - P.D. only,99 - Other,01 - Clear,07 - Dark,06 - Ice,10 - No control,,2,0,0,0,,0,,,,,368587.9517,5030516.528,45.41167775,-75.68505083,5980
16--1938,2016/02/13,7:20 PM,LIMEBANK RD @ SPRATT RD (0012970),12970,03 - At intersection,03 - P.D. only,02 - Angle,01 - Clear,07 - Dark,02 - Wet,01 - Traffic signal,01 - Functioning,2,0,0,0,,0,,,,,369776.7798,5016878.51,45.28885721,-75.67165606,5981
16--1939,2016/02/13,7:26 PM,CATHERINE ST @ KENT ST (0002707),2707,03 - At intersection,03 - P.D. only,05 - Turning movement,01 - Clear,07 - Dark,01 - Dry,01 - Traffic signal,01 - Functioning,2,0,0,0,,0,,,,,367908.8052,5030188.784,45.40879039,-75.69376863,5982
16--194,2016/01/06,10:51 AM,TERRY FOX DR @ EDGEWATER ST/WALTER BAKER PL (0002699),2699,02 - Intersection related,03 - P.D. only,03 - Rear end,01 - Clear,01 - Daylight,02 - Wet,01 - Traffic signal,01 - Functioning,2,0,0,0,,0,,,,,351781.7056,5017609.991,45.29687263,-75.9009785,5983
16--1940,2016/02/13,7:54 AM,OTTAWA RIVER PKWY EB btwn TUNNEY'S PASTURE/REMIC RAPIDS ENT & ISLAND P (__3ZA24JA),__3ZA24JA,01 - Non intersection,02 - Non-fatal injury,07 - SMV other,01 - Clear,01 - Daylight,06 - Ice,10 - No control,,1,0,0,0,01 - Minimal,1,1,,,,364183.6045,5030057.334,45.40793362,-75.74137055,5984
16--1941,2016/02/13,7:57 PM,MERIVALE RD @ EMERALD PLAZA SC (0005311),5311,02 - Intersection related,03 - P.D. only,04 - Sideswipe,01 - Clear,07 - Dark,06 - Ice,01 - Traffic signal,01 - Functioning,2,0,0,0,,0,,,,,364736.3539,5024007.22,45.35344867,-75.73504424,5985
16--1942,2016/02/13,8:00 AM,PRINCE OF WALES DR btwn BASELINE RD/HERON RD & GREEN VALLEY CRES (__3ZA3G7),__3ZA3G7,01 - Non intersection,03 - P.D. only,07 - SMV other,01 - Clear,01 - Daylight,05 - Packed snow,10 - No control,,1,0,0,0,,0,,,,,366902.7573,5026538.873,45.37603943,-75.7070793,5986
16--1943,2016/02/13,8:01 PM,HUNT CLUB RD @ RIVERSIDE DR (0002237),2237,02 - Intersection related,03 - P.D. only,03 - Rear end,03 - Snow,07 - Dark,06 - Ice,01 - Traffic signal,01 - Functioning,2,0,0,0,,0,,,,,368036.4835,5021945.718,45.33460988,-75.69319297,5987