Anom_ID,Accident_Date,Accident_Time,Location,Geo_ID,Accident_Location,Classification_of_Accident,Initial_Impact_Type,Environment_Condition,Light,Road_Surface_Condition,Traffic_Control,Traffic_Control_Condition,No__of_Vehicles,No__of_Bicycles,No__of_Motorcycles,No__of_Pedestrians,Max_Injury,No__of_Injuries,No__of_Minimal,No__of_Minor,No__of_Major,No__of_Fatal,X,Y,Latitude,Longitude,ObjectId
16--1944,2016/02/13,8:08 AM,WEST HUNT CLUB RD EB btwn ROYDON PL/SUNDERLAND ST & 545 E OF ROYDON PL (__3ZA3JPA),__3ZA3JPA,01 - Non intersection,02 - Non-fatal injury,07 - SMV other,01 - Clear,01 - Daylight,06 - Ice,10 - No control,,1,0,0,0,01 - Minimal,1,1,,,,366082.2036,5022224.705,45.33729356,-75.71808987,5988
16--1945,2016/02/13,8:15 PM,HIGHWAY 417 btwn HWY417 IC96 RAMP61 & HIGHWAY 417 (__3ZA271),__3ZA271,01 - Non intersection,03 - P.D. only,07 - SMV other,03 - Snow,07 - Dark,03 - Loose snow,10 - No control,,1,0,0,0,,0,,,,,387478.5873,5023869.273,45.34989504,-75.44485538,5989
16--1946,2016/02/13,8:15 PM,HIGHWAY 417 btwn HWY417 IC119A RAMP75 & HWY417 IC118 RAMP57 (__3ZA2R2),__3ZA2R2,01 - Non intersection,03 - P.D. only,07 - SMV other,01 - Clear,"08 - Dark, artificial",06 - Ice,10 - No control,,1,0,0,0,,0,,,,,368933.6264,5030688.301,45.41319172,-75.68061262,5990
16--1947,2016/02/13,8:17 AM,HIGHWAY 416 btwn HWY416 IC66 RAMP24 & HWY416 IC57 RAMP62 (__3ZA1OI),__3ZA1OI,01 - Non intersection,03 - P.D. only,07 - SMV other,01 - Clear,01 - Daylight,06 - Ice,10 - No control,,1,0,0,0,,0,,,,,360930.2761,5013045.335,45.25512816,-75.7848578,5991
16--1948,2016/02/13,8:33 AM,MARCH RD btwn HERZBERG RD & CORKSTOWN RD (__3ZA2XV),__3ZA2XV,01 - Non intersection,03 - P.D. only,07 - SMV other,05 - Drifting Snow,01 - Daylight,06 - Ice,10 - No control,,1,0,0,0,,0,,,,,352358.4684,5021505.159,45.33188342,-75.89325121,5992
16--1949,2016/02/13,8:35 AM,ABBEYHILL DR @ EAGLESON RD (0003404),3404,02 - Intersection related,03 - P.D. only,03 - Rear end,01 - Clear,01 - Daylight,06 - Ice,01 - Traffic signal,01 - Functioning,2,0,0,0,,0,,,,,353827.4054,5018035.554,45.30056217,-75.87485507,5993
16--195,2016/01/06,11:00 AM,HINCKS LANE @ RIVERSIDE DR (0011354),11354,02 - Intersection related,02 - Non-fatal injury,03 - Rear end,01 - Clear,01 - Daylight,01 - Dry,01 - Traffic signal,01 - Functioning,3,0,0,0,02 - Minor,4,1,3,,,370166.7159,5030206.009,45.40873814,-75.66492398,5994
16--1950,2016/02/13,8:38 AM,HIGHWAY 416 btwn HWY416 IC66 RAMP24 & HWY416 IC57 RAMP62 (__3ZA1OI),__3ZA1OI,01 - Non intersection,02 - Non-fatal injury,04 - Sideswipe,01 - Clear,01 - Daylight,06 - Ice,10 - No control,,3,0,0,1,01 - Minimal,2,2,,,,360929.7469,5013049.171,45.25516272,-75.78486411,5995
16--1951,2016/02/13,8:50 PM,BUTTERFLY WALK btwn CONTOUR ST & MORNINGSTAR WAY (__8IAYHV),__8IAYHV,01 - Non intersection,03 - P.D. only,06 - SMV unattended vehicle,01 - Clear,07 - Dark,05 - Packed snow,10 - No control,,1,0,0,0,,0,,,,,381733.721,5032987.916,45.43259176,-75.51673846,5996
16--1952,2016/02/13,8:55 PM,TERRY FOX DR S @ DIDSBURY RD/CENTRUM KANATA SC (0011820),11820,03 - At intersection,03 - P.D. only,03 - Rear end,01 - Clear,07 - Dark,06 - Ice,01 - Traffic signal,01 - Functioning,2,0,0,0,,0,,,,,350623.2268,5018915.404,45.30869561,-75.91562777,5997
16--1953,2016/02/13,9:00 AM,HWY417 IC126 RAMP52 btwn MAITLAND AVE & HWY417 IC126 RAMP51 (__3ZAYAD),__3ZAYAD,01 - Non intersection,03 - P.D. only,03 - Rear end,01 - Clear,01 - Daylight,06 - Ice,10 - No control,,3,0,0,0,,0,,,,,363228.085,5025814.056,45.36983367,-75.7540787,5998
16--1954,2016/02/13,9:09 AM,CRESTHAVEN DR @ STRANDHERD DR (0010929),10929,03 - At intersection,03 - P.D. only,02 - Angle,01 - Clear,01 - Daylight,05 - Packed snow,01 - Traffic signal,01 - Functioning,2,0,0,0,,0,,,,,366813.6867,5015027.851,45.27247282,-75.70965802,5999
16--1955,2016/02/13,9:18 AM,HERON RD WB btwn HERON RD WB OFF RAMP/VINCENT MASSEY PARK & RIVERSIDE  (__3ZAZKM),__3ZAZKM,01 - Non intersection,03 - P.D. only,07 - SMV other,01 - Clear,01 - Daylight,05 - Packed snow,10 - No control,,1,0,0,0,,0,,,,,368021.8238,5026636.578,45.37681847,-75.6927801,6000
16--3578,2016/03/19,7:17 PM,OR174 IC112 RAMP36 btwn REGIONAL ROAD 174 & BLAIR RD (__3ZAY96),__3ZAY96,01 - Non intersection,03 - P.D. only,07 - SMV other,01 - Clear,07 - Dark,01 - Dry,10 - No control,,1,0,0,0,,0,,,,,374696.0472,5032870.172,45.43227119,-75.60668954,6001
16--3398,2016/03/13,11:08 AM,CARLING AVE @ CROYDON AVE (0002642),2642,03 - At intersection,02 - Non-fatal injury,05 - Turning movement,01 - Clear,01 - Daylight,01 - Dry,01 - Traffic signal,01 - Functioning,2,0,0,0,01 - Minimal,1,1,,,,360659.3465,5025042.739,45.36310285,-75.78695706,6002
16--3579,2016/03/19,8:01 PM,CAMPEAU DR @ TERON RD/COLCHESTER SQ (0009033),9033,03 - At intersection,03 - P.D. only,05 - Turning movement,01 - Clear,07 - Dark,01 - Dry,01 - Traffic signal,01 - Functioning,2,0,0,0,,0,,,,,352563.4985,5020468.198,45.32253872,-75.89073563,6003
16--358,2016/01/09,5:00 PM,EARL ARMSTRONG RD btwn BOWESVILLE RD & HIGH RD (__3ZA7ZZ),__3ZA7ZZ,01 - Non intersection,03 - P.D. only,07 - SMV other,02 - Rain,05 - Dusk,06 - Ice,10 - No control,,1,0,0,0,,0,,,,,372594.0373,5017482.639,45.2940269,-75.63566225,6004
16--3580,2016/03/19,9:00 AM,FLINT CRT btwn READY WAY & RAFTUS SQ (__3ZAB7A),__3ZAB7A,04 - At/near private drive,02 - Non-fatal injury,07 - SMV other,01 - Clear,01 - Daylight,01 - Dry,10 - No control,,1,0,0,1,02 - Minor,1,,1,,,361570.138,5015555.812,45.27766632,-75.77641918,6005
16--3581,2016/03/19,9:01 AM,JOCKVALE RD @ LAMING ST/WEYBRIDGE DR W (0000813),813,03 - At intersection,03 - P.D. only,05 - Turning movement,01 - Clear,01 - Daylight,01 - Dry,02 - Stop sign,01 - Functioning,2,0,0,0,,0,,,,,361915.9795,5015396.558,45.27620533,-75.77202983,6006
16--3582,2016/03/19,9:14 PM,SCOTT ST @ WESTERN AVE (0006132),6132,03 - At intersection,02 - Non-fatal injury,02 - Angle,01 - Clear,07 - Dark,01 - Dry,02 - Stop sign,01 - Functioning,2,0,0,0,02 - Minor,2,1,1,,,364203.7055,5029270.575,45.40085282,-75.74120856,6007
16--3583,2016/03/19,9:30 PM,KENNEVALE DR btwn BOURNE ST & CONSTABLE ST (__3ZAB6H),__3ZAB6H,01 - Non intersection,03 - P.D. only,06 - SMV unattended vehicle,01 - Clear,07 - Dark,01 - Dry,10 - No control,,1,0,0,0,,0,,,,,362442.4807,5014748.059,45.27032714,-75.76539516,6008
16--3584,2016/03/19,9:30 PM,BLACKDOME CRES btwn KALBROOK ST & KALBROOK ST (__3ZA2I2),__3ZA2I2,01 - Non intersection,03 - P.D. only,06 - SMV unattended vehicle,01 - Clear,07 - Dark,01 - Dry,10 - No control,,1,0,0,0,,0,,,,,350114.0147,5020172.137,45.32003708,-75.92200635,6009
16--3585,2016/03/19,9:41 PM,KING EDWARD AVE @ MURRAY ST (0002713),2713,02 - Intersection related,02 - Non-fatal injury,03 - Rear end,01 - Clear,07 - Dark,01 - Dry,01 - Traffic signal,01 - Functioning,2,0,0,0,02 - Minor,1,,1,,,368291.9238,5032753.806,45.43183493,-75.68854414,6010
16--3586,2016/03/19,9:50 PM,WALKLEY RD btwn SPRINGLAND DR & MCCARTHY RD (__3ZA37W),__3ZA37W,01 - Non intersection,03 - P.D. only,07 - SMV other,01 - Clear,07 - Dark,06 - Ice,10 - No control,,1,0,0,0,,0,,,,,369160.8035,5025254.61,45.36428023,-75.67841909,6011
16--3587,2016/03/20,1:10 PM,BOISFRANC CIRC @ BRIAN COBURN BLVD (0013757),13757,03 - At intersection,03 - P.D. only,05 - Turning movement,01 - Clear,01 - Daylight,01 - Dry,02 - Stop sign,01 - Functioning,2,0,0,0,,0,,,,,385410.743,5035431.659,45.45416411,-75.46935097,6012
16--3588,2016/03/20,2:40 PM,LAFONTAINE AVE @ MCARTHUR AVE (0009806),9806,03 - At intersection,02 - Non-fatal injury,05 - Turning movement,01 - Clear,01 - Daylight,01 - Dry,01 - Traffic signal,01 - Functioning,2,0,0,0,01 - Minimal,1,1,,,,370950.375,5032772.776,45.4317592,-75.65456901,6013
16--3589,2016/03/20,3:03 PM,MONTREAL RD btwn MONTREAL SQUARE SC & CENTER ST (__3ZA3AWB),__3ZA3AWB,01 - Non intersection,02 - Non-fatal injury,03 - Rear end,01 - Clear,01 - Daylight,01 - Dry,10 - No control,,2,0,1,0,01 - Minimal,1,1,,,,371816.109,5033949.572,45.44226503,-75.64334558,6014
16--359,2016/01/09,5:05 PM,VIEWMOUNT DR @ MERIVALE RD (0001528),1528,03 - At intersection,03 - P.D. only,05 - Turning movement,01 - Clear,05 - Dusk,01 - Dry,01 - Traffic signal,01 - Functioning,2,0,0,0,,0,,,,,365192.8102,5022948.052,45.34387926,-75.72934845,6015
16--3590,2016/03/20,3:09 AM,OTTAWA ROAD 29 btwn GALETTA SIDE RD & WALTER BRADLEY RD (__3ZAZ58),__3ZAZ58,01 - Non intersection,02 - Non-fatal injury,07 - SMV other,01 - Clear,07 - Dark,01 - Dry,10 - No control,,1,0,0,0,02 - Minor,2,,2,,,318958.3291,5026958.248,45.38242244,-76.31920784,6016
16--3591,2016/03/20,3:18 PM,BANK ST btwn WALKLEY RD & SURREY AVE (__3ZA4TW),__3ZA4TW,01 - Non intersection,03 - P.D. only,04 - Sideswipe,01 - Clear,01 - Daylight,01 - Dry,10 - No control,,2,0,0,0,,0,,,,,370369.431,5025852.102,45.36954426,-75.66291301,6017
16--3592,2016/03/20,4:08 AM,RIVER RD btwn SUMMERSIDE DR & EDGEWATER DR (__3ZA3T7),__3ZA3T7,04 - At/near private drive,03 - P.D. only,07 - SMV other,01 - Clear,07 - Dark,01 - Dry,10 - No control,,1,0,0,0,,0,,,,,373329.3394,5005356.953,45.18485106,-75.62795928,6018
16--3593,2016/03/20,4:09 PM,LEES AVE btwn TRANSIT & CHAPEL CRES (2) (__3ZA5XBB),__3ZA5XBB,04 - At/near private drive,03 - P.D. only,02 - Angle,01 - Clear,01 - Daylight,01 - Dry,10 - No control,,2,0,0,0,,0,,,,,369719.8562,5030989.043,45.41582518,-75.67052899,6019
16--3594,2016/03/20,4:38 AM,RENAUD RD @ RENAUD RD N (0003684),3684,03 - At intersection,03 - P.D. only,07 - SMV other,01 - Clear,07 - Dark,01 - Dry,10 - No control,,1,0,0,0,,0,,,,,379765.5175,5032026.668,45.42415689,-75.54203608,6020
16--3595,2016/03/20,4:40 PM,KING EDWARD AVE @ MURRAY ST (0002713),2713,02 - Intersection related,03 - P.D. only,03 - Rear end,01 - Clear,01 - Daylight,01 - Dry,01 - Traffic signal,01 - Functioning,2,0,0,0,,0,,,,,368292.3732,5032754.704,45.43184297,-75.68853828,6021
16--3596,2016/03/20,4:55 PM,INNES RD EB btwn ORLEANS BLVD & INNES RD (__3ZA3KL),__3ZA3KL,01 - Non intersection,03 - P.D. only,03 - Rear end,01 - Clear,01 - Daylight,01 - Dry,10 - No control,,2,0,0,0,,0,,,,,380553.4999,5034333.889,45.44483065,-75.5316131,6022
16--3597,2016/03/20,5:00 PM,HEMMINGWOOD WAY btwn CENTREPOINTE DR & COVINGTON PL (__3ZAA3L),__3ZAA3L,01 - Non intersection,03 - P.D. only,06 - SMV unattended vehicle,01 - Clear,01 - Daylight,01 - Dry,10 - No control,,1,0,0,0,,0,,,,,361724.6536,5023004.603,45.34467812,-75.7735942,6023
16--3598,2016/03/20,5:53 PM,DAVIDSON RD btwn BANK ST & CONROY RD (__3ZA8OR),__3ZA8OR,04 - At/near private drive,02 - Non-fatal injury,07 - SMV other,01 - Clear,01 - Daylight,01 - Dry,10 - No control,,1,0,0,0,01 - Minimal,1,1,,,,373894.7477,5023057.526,45.34406111,-75.61830316,6024
16--3599,2016/03/20,6:00 PM,WESTERN AVE btwn GARRISON ST & WELLINGTON ST W (__3ZA03N),__3ZA03N,01 - Non intersection,03 - P.D. only,06 - SMV unattended vehicle,01 - Clear,01 - Daylight,01 - Dry,10 - No control,,1,0,0,0,,0,,,,,364333.8874,5028976.843,45.39819882,-75.73958128,6025
16--36,2016/01/02,4:42 PM,COLONEL BY DR/SUSSEX DR @ RIDEAU ST (0007647),7647,03 - At intersection,03 - P.D. only,02 - Angle,01 - Clear,05 - Dusk,01 - Dry,01 - Traffic signal,01 - Functioning,2,0,0,0,,0,,,,,367922.5585,5032045.074,45.42549144,-75.69335516,6026
16--360,2016/01/09,5:10 AM,HIGHWAY 417 btwn HWY417 IC126 RAMP16 & HWY417 IC126 RAMP61 (__3ZA2RC),__3ZA2RC,01 - Non intersection,03 - P.D. only,07 - SMV other,03 - Snow,07 - Dark,03 - Loose snow,10 - No control,,1,0,0,0,,0,,,,,363174.0814,5025876.77,45.37040247,-75.75476067,6027
16--3600,2016/03/20,9:06 AM,BOOTH ST @ RAYMOND ST (0006498),6498,02 - Intersection related,03 - P.D. only,02 - Angle,01 - Clear,01 - Daylight,01 - Dry,01 - Traffic signal,01 - Functioning,2,0,0,0,,0,,,,,366860.2718,5029641.737,45.40396198,-75.70723148,6028
16--3601,2016/03/20,9:50 PM,WEST HUNT CLUB RD @ ROYDON PL/SUNDERLAND ST (0009775),9775,03 - At intersection,03 - P.D. only,07 - SMV other,01 - Clear,07 - Dark,01 - Dry,01 - Traffic signal,01 - Functioning,1,0,0,0,,0,,,,,365974.8795,5022170.271,45.33681313,-75.71946584,6029
16--3602,2016/03/21,1:07 PM,KING EDWARD AVE @ OSGOODE ST/THOMAS MORE PRIV (0007750),7750,02 - Intersection related,03 - P.D. only,03 - Rear end,01 - Clear,01 - Daylight,01 - Dry,01 - Traffic signal,01 - Functioning,2,0,0,0,,0,,,,,368848.587,5031853.695,45.4236853,-75.68154751,6030
16--3603,2016/03/21,10:09 AM,HWY 417 TERRYFO IC140R52 @ TERRY FOX DR (0003180),3180,03 - At intersection,03 - P.D. only,02 - Angle,01 - Clear,01 - Daylight,01 - Dry,01 - Traffic signal,01 - Functioning,2,0,0,0,,0,,,,,351052.9092,5018434.963,45.30434431,-75.91019326,6031
16--3604,2016/03/21,11:12 AM,BANK ST @ CHAMBERLAIN AVE N/ISABELLA ST (0002132),2132,03 - At intersection,03 - P.D. only,05 - Turning movement,01 - Clear,01 - Daylight,01 - Dry,01 - Traffic signal,01 - Functioning,2,0,0,0,,0,,,,,368083.3855,5030166.338,45.40857267,-75.69154143,6032
16--3605,2016/03/21,11:15 AM,PALLISTER PRIV btwn DALKOWSKI PRIV & TO BE DETERMINED (__589EV4),__589EV4,04 - At/near private drive,03 - P.D. only,06 - SMV unattended vehicle,01 - Clear,01 - Daylight,01 - Dry,10 - No control,,1,0,0,0,,0,,,,,362752.0656,5022873.326,45.34341277,-75.76050004,6033
16--3606,2016/03/21,11:39 AM,PRINCE OF WALES DR @ WEST HUNT CLUB RD (0000567),567,02 - Intersection related,03 - P.D. only,03 - Rear end,01 - Clear,01 - Daylight,01 - Dry,01 - Traffic signal,01 - Functioning,2,0,0,0,,0,,,,,367458.9766,5021891.77,45.33417627,-75.70056724,6034
16--3607,2016/03/21,12:15 PM,GLADSTONE AVE @ ST. FRANCIS ST (0002261),2261,02 - Intersection related,03 - P.D. only,99 - Other,01 - Clear,01 - Daylight,01 - Dry,02 - Stop sign,01 - Functioning,2,0,0,0,,0,,,,,365661.7067,5029312.789,45.40110742,-75.72258132,6035
16--3608,2016/03/21,2:14 PM,CHARLOTTE ST @ WILBROD ST (0007739),7739,02 - Intersection related,02 - Non-fatal injury,07 - SMV other,01 - Clear,01 - Daylight,01 - Dry,02 - Stop sign,01 - Functioning,1,0,0,0,03 - Major,1,,,1,,369416.8093,5032590.393,45.43026157,-75.67419052,6036
16--3609,2016/03/21,3:26 PM,CARLING AVE WB btwn KIRKWOOD AVE & HWY417 IC124 RAMP67 (__3ZA4N1),__3ZA4N1,01 - Non intersection,03 - P.D. only,04 - Sideswipe,01 - Clear,01 - Daylight,01 - Dry,10 - No control,,2,0,0,0,,0,,,,,364323.1612,5027517.774,45.3850713,-75.73989429,6037
16--361,2016/01/09,5:30 PM,SLACK RD @ WOODROFFE AVE (0000102),102,02 - Intersection related,03 - P.D. only,03 - Rear end,01 - Clear,05 - Dusk,01 - Dry,01 - Traffic signal,01 - Functioning,2,0,0,0,,0,,,,,364232.1826,5019974.103,45.31720197,-75.74196266,6038
16--3610,2016/03/21,3:28 PM,FALLOWFIELD RD @ MERIVALE RD (0000587),587,02 - Intersection related,03 - P.D. only,03 - Rear end,01 - Clear,01 - Daylight,01 - Dry,01 - Traffic signal,01 - Functioning,2,0,0,0,,0,,,,,366890.381,5018845.268,45.30681482,-75.70820288,6039
16--3611,2016/03/21,3:30 PM,RIVERSIDE DR NB btwn HINCKS LANE & SAN REMO PRIV (__3ZA4SC),__3ZA4SC,01 - Non intersection,03 - P.D. only,04 - Sideswipe,01 - Clear,01 - Daylight,01 - Dry,10 - No control,,2,0,0,0,,0,,,,,370339.5104,5030383.619,45.41032005,-75.66269311,6040
16--3612,2016/03/21,3:37 PM,FALLOWFIELD RD @ MOODIE DR (0010412),10412,02 - Intersection related,02 - Non-fatal injury,03 - Rear end,01 - Clear,01 - Daylight,01 - Dry,01 - Traffic signal,01 - Functioning,3,0,0,0,01 - Minimal,1,1,,,,359502.4548,5014635.081,45.26954538,-75.8028729,6041
16--3613,2016/03/21,3:40 PM,ABBEYHILL DR btwn ALDBURN PL & SHERWOOD ST (__3ZAB1B),__3ZAB1B,04 - At/near private drive,03 - P.D. only,02 - Angle,01 - Clear,01 - Daylight,01 - Dry,10 - No control,,2,0,0,0,,0,,,,,353350.0615,5017468.252,45.29549061,-75.88099683,6042
16--3614,2016/03/21,4:59 PM,FERNBANK RD btwn DWYER HILL RD & MUNSTER RD (__3ZAC55),__3ZAC55,01 - Non intersection,03 - P.D. only,07 - SMV other,01 - Clear,01 - Daylight,01 - Dry,10 - No control,,1,0,0,0,,0,,,,,343309.7298,5005417.945,45.18767779,-76.00993676,6043
16--3615,2016/03/21,5:20 PM,ALBION RD @ QUINN RD/FENTON RD (0003552),3552,02 - Intersection related,03 - P.D. only,05 - Turning movement,01 - Clear,01 - Daylight,01 - Dry,02 - Stop sign,01 - Functioning,2,0,0,0,,0,,,,,373630.4062,5020103.781,45.31751035,-75.62208666,6044
16--3616,2016/03/21,5:25 PM,HIGHWAY 417 btwn HWY417 IC124 RAMP57 & HWY417 IC124 RAMP55 (__3ZA2Y1),__3ZA2Y1,01 - Non intersection,03 - P.D. only,03 - Rear end,01 - Clear,01 - Daylight,01 - Dry,10 - No control,,2,0,0,0,,0,,,,,364325.0183,5027376.275,45.38379796,-75.73988764,6045
16--3617,2016/03/21,5:35 PM,FALLOWFIELD RD @ RICHMOND RD (0000634),634,02 - Intersection related,03 - P.D. only,03 - Rear end,01 - Clear,01 - Daylight,01 - Dry,01 - Traffic signal,01 - Functioning,2,0,0,0,,0,,,,,357720.8367,5013528.617,45.25972554,-75.82569409,6046
16--3618,2016/03/21,6:44 PM,TENTH LINE RD btwn ST. JOSEPH BLVD & OLD TENTH LINE RD (__3ZA1TE),__3ZA1TE,01 - Non intersection,03 - P.D. only,03 - Rear end,01 - Clear,05 - Dusk,01 - Dry,10 - No control,,2,0,0,0,,0,,,,,382932.6851,5038581.122,45.48278165,-75.50052855,6047
16--3619,2016/03/21,7:30 AM,FAIRBAIRN ST btwn SUNNYSIDE AVE & BELMONT AVE (__3ZA9I4),__3ZA9I4,01 - Non intersection,03 - P.D. only,04 - Sideswipe,01 - Clear,01 - Daylight,01 - Dry,10 - No control,,2,0,0,0,,0,,,,,368875.6453,5028650.334,45.39486008,-75.68161814,6048
16--362,2016/01/09,5:34 AM,WOODROFFE AVE btwn 260 N OF FALLOWFIELD RD/TRANSITWAY & FALLOWFIELD RD (__3ZA3IOB),__3ZA3IOB,01 - Non intersection,03 - P.D. only,07 - SMV other,03 - Snow,07 - Dark,03 - Loose snow,10 - No control,,1,0,0,0,,0,,,,,365067.1387,5017950.845,45.29892567,-75.73156007,6049
16--3620,2016/03/21,7:39 AM,FLAMBOROUGH WAY @ ProposedMCPEAKE PL (0012545),12545,02 - Intersection related,03 - P.D. only,03 - Rear end,01 - Clear,01 - Daylight,01 - Dry,02 - Stop sign,01 - Functioning,2,0,0,0,,0,,,,,349344.9068,5023001.183,45.34554278,-75.93156144,6050
16--3621,2016/03/21,8:37 AM,WALKLEY RD btwn SPRINGLAND DR & MCCARTHY RD (__3ZA37W),__3ZA37W,01 - Non intersection,03 - P.D. only,03 - Rear end,01 - Clear,01 - Daylight,06 - Ice,10 - No control,,2,0,0,0,,0,,,,,368898.7618,5025073.843,45.36267774,-75.68178721,6051
16--3622,2016/03/21,8:38 AM,WOODROFFE AVE btwn TECUMSEH ST & DOMALATCHY PL (__3ZA3GR),__3ZA3GR,01 - Non intersection,02 - Non-fatal injury,03 - Rear end,01 - Clear,01 - Daylight,01 - Dry,10 - No control,,2,0,0,0,01 - Minimal,1,1,,,,362381.7606,5024200.404,45.35538422,-75.76507041,6052
16--3623,2016/03/21,9:00 AM,ALBERT ST @ PRESTON ST (0002217),2217,03 - At intersection,02 - Non-fatal injury,05 - Turning movement,01 - Clear,01 - Daylight,01 - Dry,01 - Traffic signal,01 - Functioning,2,0,0,0,02 - Minor,1,,1,,,366160.3078,5030464.664,45.41142816,-75.71606967,6053
16--3624,2016/03/21,9:16 AM,INNES RD @ JEANNE D'ARC BLVD/MER BLEUE RD (0012475),12475,03 - At intersection,03 - P.D. only,05 - Turning movement,01 - Clear,01 - Daylight,01 - Dry,01 - Traffic signal,01 - Functioning,2,0,0,0,,0,,,,,382638.43,5035567.328,45.45569904,-75.50476944,6054
16--3625,2016/03/21,9:26 AM,CYRVILLE RD @ INNES RD (0009352),9352,02 - Intersection related,03 - P.D. only,03 - Rear end,01 - Clear,01 - Daylight,01 - Dry,01 - Traffic signal,01 - Functioning,2,0,0,0,,0,,,,,375047.0429,5031119.11,45.41648093,-75.60245389,6055
16--3626,2016/03/22,1:45 PM,ST. JOSEPH BLVD btwn COUSINEAU ST & DUSSERE ST (__3ZA2AL),__3ZA2AL,04 - At/near private drive,03 - P.D. only,02 - Angle,01 - Clear,01 - Daylight,01 - Dry,10 - No control,,2,0,0,0,,0,,,,,380781.922,5037077.35,45.46948935,-75.52826961,6056
16--3627,2016/03/22,1:50 PM,HUNT CLUB RD btwn BANK ST & TURN LANE (1) (__3ZA3HK),__3ZA3HK,01 - Non intersection,03 - P.D. only,04 - Sideswipe,01 - Clear,01 - Daylight,01 - Dry,10 - No control,,2,0,0,0,,0,,,,,371622.0632,5024122.756,45.35386589,-75.64715697,6057
16--3628,2016/03/22,10:23 PM,ST. LAURENT BLVD @ MCARTHUR AVE (0008246),8246,03 - At intersection,02 - Non-fatal injury,05 - Turning movement,02 - Rain,07 - Dark,02 - Wet,01 - Traffic signal,01 - Functioning,2,0,0,0,01 - Minimal,1,1,,,,371922.2963,5032887.421,45.43269812,-75.64213319,6058
16--3629,2016/03/22,10:29 PM,LAURIER AVE @ QUEEN ELIZABETH DRWY/LAURIER AVE (0011416),11416,03 - At intersection,02 - Non-fatal injury,07 - SMV other,02 - Rain,07 - Dark,02 - Wet,01 - Traffic signal,01 - Functioning,1,0,0,1,02 - Minor,1,,1,,,368076.8812,5031625.433,45.42170171,-75.69143717,6059
16--363,2016/01/09,5:48 PM,WALKLEY RD btwn 152 E OF HEATHERINGTON RD & HOLLY LANE (__3ZA2LVB),__3ZA2LVB,01 - Non intersection,03 - P.D. only,03 - Rear end,02 - Rain,07 - Dark,06 - Ice,10 - No control,,3,0,0,0,,0,,,,,372113.8372,5026995.85,45.37966989,-75.64048979,6060
16--3630,2016/03/22,10:55 PM,HIGHWAY 417 btwn HWY417 IC104 RAMP15 & HWY417 IC96 RAMP51 (__3ZA2W4),__3ZA2W4,01 - Non intersection,03 - P.D. only,07 - SMV other,03 - Snow,07 - Dark,02 - Wet,10 - No control,,1,0,0,0,,0,,,,,380217.3516,5025865.67,45.36867582,-75.53720492,6061
16--3631,2016/03/22,11:30 AM,MITCH OWENS RD btwn LIMEBANK RD & DOWNEY RD (__3ZA3H4),__3ZA3H4,01 - Non intersection,03 - P.D. only,99 - Other,01 - Clear,01 - Daylight,01 - Dry,10 - No control,,2,0,0,0,,0,,,,,371860.0912,5012227.766,45.24681505,-75.64572825,6062
16--3632,2016/03/22,Unknown,RIVER MIST RD btwn DUNDONALD DR & WHITE ARCTIC (__8PNLJR),__8PNLJR,01 - Non intersection,03 - P.D. only,06 - SMV unattended vehicle,01 - Clear,00 - Unknown,01 - Dry,10 - No control,,1,0,0,0,,0,,,,,364719.378,5011990.823,45.24532717,-75.73671305,6063
16--3633,2016/03/22,Unknown,BRETTONWOOD RIDGE btwn HALYARD WAY/FALLENGALE CRES & SWEETWATER LANE/FALLENGALE CRES (e___2HIQ),e___2HIQ,01 - Non intersection,03 - P.D. only,06 - SMV unattended vehicle,01 - Clear,00 - Unknown,01 - Dry,10 - No control,,1,0,0,0,,0,,,,,348956.3964,5018411.237,45.30426574,-75.93692831,6064
16--3634,2016/03/22,12:06 PM,MCARTHUR AVE @ VANIER PKWY (0004626),4626,02 - Intersection related,02 - Non-fatal injury,03 - Rear end,01 - Clear,01 - Daylight,01 - Dry,01 - Traffic signal,01 - Functioning,2,0,0,0,01 - Minimal,1,1,,,,370217.5852,5032691.706,45.4310987,-75.66394415,6065
16--3635,2016/03/22,12:14 PM,BASELINE RD @ FISHER AVE (0002346),2346,03 - At intersection,03 - P.D. only,03 - Rear end,01 - Clear,01 - Daylight,01 - Dry,01 - Traffic signal,01 - Functioning,2,0,0,0,,0,,,,,366167.0842,5026026.97,45.37149825,-75.71653501,6066
16--3636,2016/03/22,12:21 PM,SLACK RD @ WOODROFFE AVE (0000102),102,02 - Intersection related,03 - P.D. only,04 - Sideswipe,01 - Clear,01 - Daylight,01 - Dry,01 - Traffic signal,01 - Functioning,2,0,0,0,,0,,,,,364233.9498,5019974.212,45.3172028,-75.74194011,6067
16--3637,2016/03/22,12:35 PM,QUEEN ST btwn LYON ST N & KENT ST (__3ZA2FS),__3ZA2FS,01 - Non intersection,03 - P.D. only,03 - Rear end,01 - Clear,01 - Daylight,01 - Dry,10 - No control,,2,0,0,0,,0,,,,,367162.3434,5031375.826,45.41953795,-75.70315374,6068
16--3638,2016/03/22,12:49 PM,MEADOWLANDS DR @ MERIVALE RD (0000625),625,03 - At intersection,03 - P.D. only,05 - Turning movement,01 - Clear,01 - Daylight,01 - Dry,01 - Traffic signal,01 - Functioning,2,0,0,0,,0,,,,,364858.8782,5023725.729,45.35090537,-75.73351482,6069
16--3639,2016/03/22,2:39 PM,TERRY FOX DR @ PALLADIUM DR/KATIMAVIK RD (0011858),11858,02 - Intersection related,02 - Non-fatal injury,03 - Rear end,01 - Clear,01 - Daylight,01 - Dry,01 - Traffic signal,01 - Functioning,2,0,0,0,01 - Minimal,1,1,,,,351269.9843,5018181.509,45.30204934,-75.90744908,6070