Anom_ID,Accident_Date,Accident_Time,Location,Geo_ID,Accident_Location,Classification_of_Accident,Initial_Impact_Type,Environment_Condition,Light,Road_Surface_Condition,Traffic_Control,Traffic_Control_Condition,No__of_Vehicles,No__of_Bicycles,No__of_Motorcycles,No__of_Pedestrians,Max_Injury,No__of_Injuries,No__of_Minimal,No__of_Minor,No__of_Major,No__of_Fatal,X,Y,Latitude,Longitude,ObjectId
16--364,2016/01/09,6:15 PM,OGILVIE RD @ BATHGATE DR/CITYPARK DR W (0012430),12430,02 - Intersection related,03 - P.D. only,99 - Other,01 - Clear,07 - Dark,02 - Wet,01 - Traffic signal,01 - Functioning,2,0,0,0,,0,,,,,373829.8198,5032800.357,45.43172907,-75.61776887,6071
16--3640,2016/03/22,3:57 PM,KIRKWOOD AVE btwn WILBER AVE & RICHMOND RD (__3ZA1G2),__3ZA1G2,04 - At/near private drive,03 - P.D. only,06 - SMV unattended vehicle,01 - Clear,01 - Daylight,01 - Dry,10 - No control,,1,0,0,0,,0,,,,,363763.6121,5028695.214,45.39571303,-75.74689837,6072
16--3641,2016/03/22,4:43 PM,PINECREST RD @ RICHMOND RD (0002353),2353,02 - Intersection related,03 - P.D. only,04 - Sideswipe,01 - Clear,01 - Daylight,01 - Dry,01 - Traffic signal,01 - Functioning,2,0,0,0,,0,,,,,360071.7836,5024470.182,45.35799757,-75.79452074,6073
16--3642,2016/03/22,4:53 PM,FALLOWFIELD RD btwn MERIVALE RD & WOODROFFE AVE (__3ZA3IN),__3ZA3IN,01 - Non intersection,03 - P.D. only,05 - Turning movement,01 - Clear,01 - Daylight,01 - Dry,10 - No control,,2,0,0,0,,0,,,,,365338.4535,5018077.658,45.3000434,-75.72808548,6074
16--3643,2016/03/22,5:27 PM,WOODROFFE AVE btwn KNOXDALE RD/MEDHURST DR & NORICE ST (__3ZA3JO),__3ZA3JO,01 - Non intersection,02 - Non-fatal injury,03 - Rear end,01 - Clear,01 - Daylight,01 - Dry,10 - No control,,3,0,0,0,02 - Minor,1,,1,,,363205.6582,5022369.945,45.33884577,-75.75477186,6075
16--3644,2016/03/22,6:16 PM,INNES RD btwn PRESTWICK DR & TENTH LINE RD (__3ZA3Y7),__3ZA3Y7,04 - At/near private drive,03 - P.D. only,02 - Angle,01 - Clear,05 - Dusk,01 - Dry,10 - No control,,2,0,0,0,,0,,,,,383815.1425,5036100.706,45.46036583,-75.48964079,6076
16--3645,2016/03/22,6:45 AM,HIGHWAY 417 btwn HWY417 IC155 RAMP35 & HWY417 IC155 RAMP25 (__3ZAZNU),__3ZAZNU,01 - Non intersection,03 - P.D. only,04 - Sideswipe,01 - Clear,01 - Daylight,01 - Dry,10 - No control,,2,0,0,0,,0,,,,,339561.445,5019305.731,45.31284259,-76.05666363,6077
16--3646,2016/03/22,6:45 PM,KANATA AVE @ EARL GREY DR (0012608),12608,02 - Intersection related,03 - P.D. only,03 - Rear end,02 - Rain,05 - Dusk,02 - Wet,01 - Traffic signal,01 - Functioning,2,0,0,0,,0,,,,,350950.6357,5019285.7,45.3120062,-75.91141814,6078
16--3647,2016/03/22,6:59 AM,MOODIE DR btwn TRAIL RD & BARNSDALE RD (__3ZA4YE),__3ZA4YE,01 - Non intersection,02 - Non-fatal injury,07 - SMV other,01 - Clear,03 - Dawn,01 - Dry,10 - No control,,1,0,0,0,02 - Minor,1,,1,,,361169.0659,5010696.093,45.23397029,-75.78208199,6079
16--3648,2016/03/22,7:27 PM,ALTA VISTA DR @ SMYTH RD (0011353),11353,03 - At intersection,03 - P.D. only,05 - Turning movement,02 - Rain,07 - Dark,02 - Wet,01 - Traffic signal,01 - Functioning,2,0,0,0,,0,,,,,370432.9634,5029082.472,45.39860406,-75.66167251,6080
16--3649,2016/03/22,7:31 AM,LEITRIM RD S @ RAMSAYVILLE RD (0013708),13708,03 - At intersection,03 - P.D. only,02 - Angle,01 - Clear,01 - Daylight,06 - Ice,02 - Stop sign,01 - Functioning,2,0,0,0,,0,,,,,378785.7671,5023729.505,45.3496084,-75.55579808,6081
16--365,2016/01/09,6:18 PM,HWY417 IC144 RAMP61 btwn HWY417 IC144 RAMP63 & HIGHWAY 417 (__3ZAY8I),__3ZAY8I,01 - Non intersection,03 - P.D. only,03 - Rear end,01 - Clear,07 - Dark,02 - Wet,10 - No control,,2,0,0,0,,0,,,,,347479.531,5016039.019,45.28301097,-75.95596421,6082
16--3650,2016/03/22,8:05 PM,WELLINGTON ST    W btwn ISLAND PARK DR & PICCADILLY AVE (__3ZA4PP),__3ZA4PP,01 - Non intersection,03 - P.D. only,04 - Sideswipe,03 - Snow,07 - Dark,02 - Wet,10 - No control,,2,0,0,0,,0,,,,,364175.7035,5028893.313,45.39746066,-75.74161162,6083
16--3651,2016/03/22,8:49 AM,BAYCREST DR @ WALKLEY RD (0006958),6958,03 - At intersection,03 - P.D. only,03 - Rear end,01 - Clear,01 - Daylight,01 - Dry,01 - Traffic signal,01 - Functioning,2,0,0,0,,0,,,,,371420.9317,5026590.261,45.37608678,-75.64939102,6084
16--3652,2016/03/22,8:56 AM,BLAIR RD @ MEADOWBROOK RD (0004163),4163,03 - At intersection,02 - Non-fatal injury,02 - Angle,01 - Clear,01 - Daylight,01 - Dry,01 - Traffic signal,01 - Functioning,2,0,0,0,02 - Minor,1,,1,,,375194.0626,5032310.449,45.42718517,-75.60040542,6085
16--3653,2016/03/22,9:05 PM,GEORGE ST @ PRESTON ST (0006190),6190,02 - Intersection related,03 - P.D. only,02 - Angle,02 - Rain,07 - Dark,02 - Wet,01 - Traffic signal,01 - Functioning,2,1,0,0,,0,,,,,366618.7393,5029417.264,45.4019636,-75.7103447,6086
16--3654,2016/03/23,1:23 AM,ST. PATRICK ST @ SUSSEX DR (0011910),11910,03 - At intersection,02 - Non-fatal injury,02 - Angle,01 - Clear,07 - Dark,02 - Wet,01 - Traffic signal,01 - Functioning,2,0,0,0,02 - Minor,3,,3,,,367666.8231,5032462.335,45.42926885,-75.69656963,6087
16--3655,2016/03/23,1:59 PM,L'ALLEMAND ST @ MONTREAL RD (0009796),9796,02 - Intersection related,03 - P.D. only,02 - Angle,01 - Clear,01 - Daylight,01 - Dry,02 - Stop sign,00 - Unknown,2,0,0,0,,0,,,,,370571.9946,5033349.113,45.43698053,-75.65932736,6088
16--3656,2016/03/23,10:16 AM,CARLING AVE/STATION RD @ MARCH RD (0002681),2681,02 - Intersection related,03 - P.D. only,03 - Rear end,03 - Snow,01 - Daylight,02 - Wet,01 - Traffic signal,01 - Functioning,2,0,0,0,,0,,,,,350907.8831,5022246.241,45.33864865,-75.91168767,6089
16--3657,2016/03/23,10:52 AM,INNES RD @ PAGE RD (0012476),12476,02 - Intersection related,03 - P.D. only,03 - Rear end,01 - Clear,01 - Daylight,01 - Dry,01 - Traffic signal,01 - Functioning,2,0,0,0,,0,,,,,380887.973,5034540.331,45.44665173,-75.52730609,6090
16--3658,2016/03/23,11:19 AM,RIVERSIDE DR NB btwn DATA CENTRE RD & BILLINGS BRIDGESC RAMP NB (__3ZAZ3J),__3ZAZ3J,01 - Non intersection,03 - P.D. only,03 - Rear end,01 - Clear,01 - Daylight,01 - Dry,10 - No control,,4,0,0,0,,0,,,,,368939.7782,5027705.278,45.38635089,-75.68092195,6091
16--3659,2016/03/23,Unknown,SCOTT ST btwn TUNNEY'S PASTURE DRWY & PARKDALE AVE (__3ZA31N),__3ZA31N,01 - Non intersection,03 - P.D. only,06 - SMV unattended vehicle,01 - Clear,00 - Unknown,01 - Dry,10 - No control,,1,0,0,0,,0,,,,,364832.6839,5029654.055,45.40424963,-75.73312836,6092
16--366,2016/01/09,6:50 AM,HIGHWAY 417 btwn HWY417 IC117 RAMP51 & HWY417 IC117 RAMP35 (__3ZA2YN),__3ZA2YN,01 - Non intersection,03 - P.D. only,07 - SMV other,02 - Rain,07 - Dark,04 - Slush,10 - No control,,1,0,0,0,,0,,,,,370822.3504,5031199.683,45.41761728,-75.65641589,6093
16--3660,2016/03/23,12:04 PM,INNES RD btwn 260 E OF BELCOURT BLVD/WALMART SC & JEANNE D'ARC BLVD/ME (__3ZA3JWB),__3ZA3JWB,01 - Non intersection,02 - Non-fatal injury,03 - Rear end,01 - Clear,01 - Daylight,01 - Dry,10 - No control,,3,0,0,0,02 - Minor,3,1,2,,,382379.7834,5035414.371,45.45435163,-75.50810008,6094
16--3661,2016/03/23,12:15 PM,BROADVIEW AVE @ RICHMOND RD (0006612),6612,03 - At intersection,03 - P.D. only,05 - Turning movement,01 - Clear,01 - Daylight,01 - Dry,02 - Stop sign,01 - Functioning,2,0,0,0,,0,,,,,362679.468,5027866.222,45.38834433,-75.76084147,6095
16--3662,2016/03/23,12:20 PM,PRINCE OF WALES DR btwn WELLSMERE CRT & RIDEAU HEIGHTS LANE (__3ZA29P),__3ZA29P,01 - Non intersection,03 - P.D. only,03 - Rear end,01 - Clear,01 - Daylight,01 - Dry,10 - No control,,2,0,0,0,,0,,,,,367389.1169,5022407.634,45.33882415,-75.70139321,6096
16--3663,2016/03/23,2:06 PM,WOODROFFE AVE @ HWY 417 WOODROFF IC127R26/HWY4 (0002355),2355,02 - Intersection related,03 - P.D. only,03 - Rear end,01 - Clear,01 - Daylight,01 - Dry,01 - Traffic signal,01 - Functioning,2,0,0,0,,0,,,,,362082.4206,5024939.784,45.36206163,-75.76880496,6097
16--3664,2016/03/23,2:45 AM,HIGHWAY 417 btwn HWY417 IC124 RAMP65 & HWY417 IC122 RAMP51 (__3ZA2R8),__3ZA2R8,01 - Non intersection,03 - P.D. only,07 - SMV other,03 - Snow,07 - Dark,02 - Wet,10 - No control,,1,0,0,0,,0,,,,,365132.8825,5028677.62,45.39543808,-75.72941334,6098
16--3665,2016/03/23,3:03 PM,TENTH LINE RD @ LAKEPOINTE DR (0013369),13369,03 - At intersection,03 - P.D. only,02 - Angle,01 - Clear,01 - Daylight,01 - Dry,01 - Traffic signal,01 - Functioning,2,0,0,0,,0,,,,,384261.8618,5035420.423,45.4541946,-75.48403947,6099
16--3666,2016/03/23,3:11 PM,BELFAST RD @ ST. LAURENT BLVD (0007658),7658,03 - At intersection,03 - P.D. only,05 - Turning movement,01 - Clear,01 - Daylight,01 - Dry,01 - Traffic signal,01 - Functioning,2,0,0,0,,0,,,,,372856.6315,5030581.707,45.41186211,-75.63051168,6100
16--3667,2016/03/23,3:50 PM,ST. JOSEPH BLVD @ JEANNE D'ARC BLVD (0012421),12421,03 - At intersection,03 - P.D. only,04 - Sideswipe,01 - Clear,01 - Daylight,01 - Dry,11 - Roundabout,01 - Functioning,2,0,0,0,,0,,,,,379860.7425,5036471.956,45.46414209,-75.54014132,6101
16--3217,2016/03/07,8:58 AM,VALEWOOD CRES btwn PAXTON LANE & WESTPARK DR (__3ZA6ZG),__3ZA6ZG,01 - Non intersection,03 - P.D. only,06 - SMV unattended vehicle,01 - Clear,01 - Daylight,01 - Dry,10 - No control,,1,0,0,0,,0,,,,,377374.0756,5033772.041,45.44011284,-75.57233432,6102
16--2767,2016/02/25,8:30 AM,HIGHWAY 417 btwn HWY417 IC124 RAMP65 & HWY417 IC122 RAMP51 (__3ZA2R8),__3ZA2R8,01 - Non intersection,02 - Non-fatal injury,07 - SMV other,01 - Clear,01 - Daylight,06 - Ice,10 - No control,,1,0,0,0,02 - Minor,1,,1,,,364829.6228,5028126.714,45.3905072,-75.73335333,6103
16--2857,2016/02/27,12:30 PM,INNES RD @ VISENEAU DR (0012442),12442,02 - Intersection related,02 - Non-fatal injury,03 - Rear end,01 - Clear,01 - Daylight,01 - Dry,01 - Traffic signal,01 - Functioning,2,0,0,0,01 - Minimal,1,1,,,,381798.5291,5035073.778,45.45135154,-75.51558395,6104
16--3218,2016/03/07,9:06 AM,BLAKE BLVD @ LAFONTAINE AVE (0009882),9882,03 - At intersection,03 - P.D. only,02 - Angle,01 - Clear,01 - Daylight,04 - Slush,02 - Stop sign,01 - Functioning,2,0,0,0,,0,,,,,370941.3638,5033036.492,45.43413286,-75.65464874,6105
16--3399,2016/03/13,2:06 PM,RICHARDSON SIDE RD btwn BEAVERTAIL RD & SPRUCE RIDGE RD (__3ZAC5K),__3ZAC5K,01 - Non intersection,03 - P.D. only,07 - SMV other,01 - Clear,01 - Daylight,01 - Dry,10 - No control,,1,0,0,0,,0,,,,,343155.1328,5014354.165,45.26809913,-76.01121534,6106
16--2768,2016/02/25,8:33 PM,DUMAURIER AVE @ PINECREST RD (0002743),2743,02 - Intersection related,03 - P.D. only,03 - Rear end,01 - Clear,07 - Dark,06 - Ice,01 - Traffic signal,01 - Functioning,3,0,0,0,,0,,,,,360322.3376,5023833.413,45.35224814,-75.79139447,6107
16--2858,2016/02/27,2:03 AM,YORK ST EB btwn CUMBERLAND ST & SPLIT (__3ZA82Y),__3ZA82Y,01 - Non intersection,03 - P.D. only,02 - Angle,01 - Clear,07 - Dark,01 - Dry,10 - No control,,2,0,0,0,,0,,,,,368252.0439,5032514.496,45.42968532,-75.68908461,6108
16--3219,2016/03/07,9:15 PM,FALLOWFIELD RD @ VIA PARK PL/275 W OF WOODROFFE AVE (0010154),10154,03 - At intersection,02 - Non-fatal injury,07 - SMV other,01 - Clear,07 - Dark,01 - Dry,01 - Traffic signal,01 - Functioning,1,0,0,1,01 - Minimal,1,1,,,,364847.9032,5017764.911,45.29727142,-75.73437771,6109
16--34,2016/01/02,4:30 PM,QUEEN MARY ST btwn NAUGHTON ST & FRANCES ST (__3ZA8KM),__3ZA8KM,01 - Non intersection,03 - P.D. only,06 - SMV unattended vehicle,01 - Clear,05 - Dusk,05 - Packed snow,10 - No control,,1,0,0,0,,0,,,,,371393.0678,5032074.152,45.42543128,-75.6490063,6110
16--2769,2016/02/25,8:40 AM,CRAIG HENRY DR @ IVYLEA ST/WOODVALE GR (0004600),4600,03 - At intersection,03 - P.D. only,02 - Angle,01 - Clear,01 - Daylight,02 - Wet,02 - Stop sign,01 - Functioning,2,0,0,0,,0,,,,,363035.3181,5021803.635,45.33376431,-75.75701178,6111
16--277,2016/01/07,7:15 AM,HIGHWAY 417 btwn HWY417 IC129 RAMP25 & HWY417 IC129 RAMP35 (__3ZAYFR),__3ZAYFR,01 - Non intersection,03 - P.D. only,03 - Rear end,01 - Clear,"04 - Dawn, artificial",99 - Other,10 - No control,,3,0,0,0,,0,,,,,360458.2166,5023523.804,45.34945152,-75.78969529,6112
16--2770,2016/02/25,8:58 AM,HERON RD btwn WILDWOOD AVE & BANK ST (__3ZA2FC),__3ZA2FC,01 - Non intersection,03 - P.D. only,04 - Sideswipe,01 - Clear,01 - Daylight,02 - Wet,10 - No control,,2,0,0,0,,0,,,,,369982.0275,5026850.869,45.37856698,-75.66772643,6113
16--2771,2016/02/25,9:01 PM,CRESTWAY DR @ PRINCE OF WALES DR (0010323),10323,03 - At intersection,03 - P.D. only,03 - Rear end,04 - Freezing Rain,07 - Dark,06 - Ice,01 - Traffic signal,01 - Functioning,2,0,0,0,,0,,,,,367370.526,5016577.139,45.28636385,-75.70236668,6114
16--2772,2016/02/25,9:03 PM,CASTLEFRANK RD @ KATIMAVIK RD (0003228),3228,03 - At intersection,03 - P.D. only,02 - Angle,05 - Drifting Snow,07 - Dark,05 - Packed snow,01 - Traffic signal,01 - Functioning,2,0,0,0,,0,,,,,351949.7555,5018943.752,45.30886289,-75.89870911,6115
16--2773,2016/02/25,9:04 AM,CONROY RD @ HUNT CLUB RD (0002257),2257,02 - Intersection related,03 - P.D. only,03 - Rear end,04 - Freezing Rain,01 - Daylight,06 - Ice,01 - Traffic signal,01 - Functioning,2,0,0,0,,0,,,,,373763.74,5025403.192,45.36517937,-75.61964751,6116
16--2774,2016/02/25,9:10 PM,WOODROFFE AVE btwn TURN LANE & KNOXDALE RD (__3ZA3JN),__3ZA3JN,01 - Non intersection,03 - P.D. only,04 - Sideswipe,02 - Rain,07 - Dark,06 - Ice,10 - No control,,2,0,0,0,,0,,,,,363412.4118,5021844.932,45.3341045,-75.7521962,6117
16--2775,2016/02/25,9:40 PM,KANATA AVE @ LORD BYNG WAY/MARITIME WAY (0009115),9115,02 - Intersection related,03 - P.D. only,03 - Rear end,01 - Clear,07 - Dark,06 - Ice,01 - Traffic signal,01 - Functioning,2,0,0,0,,0,,,,,351429.4539,5019331.652,45.31238805,-75.90530754,6118
16--2776,2016/02/25,9:56 PM,EARL ARMSTRONG RD @ LIMEBANK RD (0004456),4456,02 - Intersection related,03 - P.D. only,04 - Sideswipe,03 - Snow,07 - Dark,06 - Ice,01 - Traffic signal,01 - Functioning,2,0,0,0,,0,,,,,370155.0623,5015959.353,45.28055172,-75.66695517,6119
16--2777,2016/02/26,1:00 PM,HIGHWAY 417 btwn HWY417 IC124 RAMP65 & HWY417 IC122 RAMP51 (__3ZA2R8),__3ZA2R8,01 - Non intersection,03 - P.D. only,07 - SMV other,01 - Clear,01 - Daylight,01 - Dry,10 - No control,,1,0,0,0,,0,,,,,364806.4296,5028082.64,45.39011262,-75.73365486,6120
16--2778,2016/02/26,1:18 PM,LORRY GREENBERG DR btwn HEARTLEAF PRIV & HUNT CLUB RD (__3ZAZLZ),__3ZAZLZ,04 - At/near private drive,03 - P.D. only,02 - Angle,01 - Clear,01 - Daylight,01 - Dry,10 - No control,,2,0,0,0,,0,,,,,372813.4204,5024831.435,45.36012778,-75.63185604,6121
16--2779,2016/02/26,1:30 AM,ROLLAND AVE btwn SANTA CRUZ PRIV & BLAIR ST (__3ZAZQ6),__3ZAZQ6,01 - Non intersection,03 - P.D. only,06 - SMV unattended vehicle,01 - Clear,07 - Dark,05 - Packed snow,10 - No control,,1,0,0,0,,0,,,,,371038.7993,5030305.822,45.40955423,-75.6537707,6122
16--278,2016/01/07,7:16 AM,LEITRIM RD @ ALBION RD (0012479),12479,02 - Intersection related,03 - P.D. only,03 - Rear end,01 - Clear,03 - Dawn,02 - Wet,01 - Traffic signal,01 - Functioning,2,0,0,0,,0,,,,,373496.2706,5020417.875,45.3203496,-75.62375376,6123
16--2780,2016/02/26,1:30 PM,RICHMOND RD btwn WINSTON AVE & CHURCHILL AVE N (__3ZA4OS),__3ZA4OS,04 - At/near private drive,03 - P.D. only,06 - SMV unattended vehicle,01 - Clear,01 - Daylight,06 - Ice,10 - No control,,1,0,0,0,,0,,,,,363077.1182,5028189.685,45.39122183,-75.75572544,6124
16--2781,2016/02/26,1:41 PM,RUSSELL RD btwn BIRCHGROVE RD & CANAAN RD (__3ZA3KU),__3ZA3KU,01 - Non intersection,03 - P.D. only,07 - SMV other,01 - Clear,01 - Daylight,01 - Dry,10 - No control,,1,0,0,0,,0,,,,,401090.1022,5030042.348,45.40369483,-75.26997887,6125
16--2782,2016/02/26,1:44 PM,BRONSON AVE @ FIFTH AVE/MADAWASKA DR (0006977),6977,03 - At intersection,03 - P.D. only,05 - Turning movement,01 - Clear,01 - Daylight,01 - Dry,01 - Traffic signal,01 - Functioning,2,0,0,0,,0,,,,,367613.0393,5028937.431,45.39755769,-75.69770614,6126
16--2783,2016/02/26,1:50 AM,MONTREAL RD @ BATHGATE DR/BURMA RD (0007650),7650,02 - Intersection related,03 - P.D. only,03 - Rear end,01 - Clear,07 - Dark,06 - Ice,01 - Traffic signal,01 - Functioning,2,0,0,0,,0,,,,,373224.6249,5034516.989,45.44723391,-75.62526397,6127
16--2784,2016/02/26,1:55 PM,ISABELLA ST/HWY417 IC119AR75 @ METCALFE ST (0011380),11380,02 - Intersection related,03 - P.D. only,03 - Rear end,01 - Clear,01 - Daylight,01 - Dry,01 - Traffic signal,01 - Functioning,2,0,0,0,,0,,,,,368448.2948,5030399.675,45.41063907,-75.68684998,6128
16--2785,2016/02/26,1:55 PM,INNES RD @ STAR TOP RD/WINDMILL LANE (0008734),8734,03 - At intersection,02 - Non-fatal injury,05 - Turning movement,01 - Clear,01 - Daylight,01 - Dry,01 - Traffic signal,01 - Functioning,2,0,0,0,01 - Minimal,1,1,,,,374146.0367,5030667.186,45.41250462,-75.61402823,6129
16--2786,2016/02/26,10:00 AM,PARKWOOD CRES btwn WESTPARK DR & WESTPARK DR (__3ZA7M1),__3ZA7M1,04 - At/near private drive,03 - P.D. only,06 - SMV unattended vehicle,01 - Clear,01 - Daylight,05 - Packed snow,10 - No control,,1,0,0,0,,0,,,,,377320.8133,5033351.688,45.4363363,-75.57307697,6130
16--2787,2016/02/26,10:19 PM,DUNROBIN RD btwn KINBURN SIDE RD & VANCES SIDE RD (__3ZA3FG),__3ZA3FG,01 - Non intersection,03 - P.D. only,99 - Other,01 - Clear,07 - Dark,01 - Dry,10 - No control,,2,0,0,0,,0,,,,,338760.7732,5035104.158,45.45504171,-76.06578791,6131
16--2788,2016/02/26,10:20 PM,LABELLE ST/RAMP @ LEMIEUX ST/HWY417 IC115 RAMP (0012538),12538,03 - At intersection,03 - P.D. only,02 - Angle,01 - Clear,07 - Dark,01 - Dry,02 - Stop sign,01 - Functioning,2,0,0,0,,0,,,,,372542.379,5031688.789,45.42185361,-75.6343739,6132
16--2789,2016/02/26,10:28 AM,PINECREST RD @ LISA AVE (0002577),2577,03 - At intersection,03 - P.D. only,02 - Angle,01 - Clear,01 - Daylight,01 - Dry,02 - Stop sign,01 - Functioning,2,0,0,0,,0,,,,,360694.6255,5022916.662,45.34396966,-75.78674711,6133
16--279,2016/01/07,7:26 AM,ELLENDALE CRES @ LANARK AVE (0011274),11274,02 - Intersection related,03 - P.D. only,07 - SMV other,01 - Clear,03 - Dawn,06 - Ice,02 - Stop sign,01 - Functioning,1,0,0,0,,0,,,,,363463.6947,5029087.328,45.39926639,-75.75068204,6134
16--2790,2016/02/26,10:30 AM,HWY417 IC118 RAMP35 btwn HWY417 IC118 RAMP45 & MANN AVE OVERPASS (__3ZAYAW),__3ZAYAW,01 - Non intersection,03 - P.D. only,04 - Sideswipe,01 - Clear,01 - Daylight,01 - Dry,10 - No control,,2,0,0,0,,0,,,,,369492.3836,5030958.081,45.41556767,-75.67343913,6135
16--2791,2016/02/26,10:30 PM,GREENBANK RD @ IRIS ST/HWY 417 IC129 RAMP51 (0009073),9073,03 - At intersection,03 - P.D. only,04 - Sideswipe,01 - Clear,07 - Dark,06 - Ice,01 - Traffic signal,01 - Functioning,2,0,0,0,,0,,,,,360531.5285,5023312.714,45.34754631,-75.78878355,6136
16--2792,2016/02/26,10:44 PM,TAWNEY RD @ WALKLEY RD (0005717),5717,03 - At intersection,03 - P.D. only,04 - Sideswipe,01 - Clear,07 - Dark,01 - Dry,02 - Stop sign,01 - Functioning,2,0,0,0,,0,,,,,374126.3135,5028179.182,45.39012072,-75.61462992,6137
16--2793,2016/02/26,11:00 PM,CARLING AVE btwn TURN LANE & MOODIE DR (__3ZA4ZF),__3ZA4ZF,01 - Non intersection,03 - P.D. only,07 - SMV other,01 - Clear,07 - Dark,01 - Dry,10 - No control,,1,0,0,0,,0,,,,,355984.1188,5023944.392,45.3535768,-75.84674586,6138
16--2794,2016/02/26,11:29 AM,INDUSTRIAL AVE/INNES RD @ ST. LAURENT BLVD (0002203),2203,02 - Intersection related,03 - P.D. only,03 - Rear end,01 - Clear,01 - Daylight,01 - Dry,01 - Traffic signal,01 - Functioning,2,0,0,0,,0,,,,,373099.5571,5030005.517,45.40665415,-75.62748826,6139
16--2795,2016/02/26,11:41 AM,KING EDWARD AVE @ ST. PATRICK ST (0002714),2714,02 - Intersection related,03 - P.D. only,03 - Rear end,01 - Clear,01 - Daylight,01 - Dry,01 - Traffic signal,01 - Functioning,2,0,0,0,,0,,,,,368249.3672,5032824.255,45.43247267,-75.6890789,6140
16--2796,2016/02/26,11:48 AM,PALLADIUM DR @ SILVER SEVEN RD (0011839),11839,02 - Intersection related,03 - P.D. only,03 - Rear end,01 - Clear,01 - Daylight,06 - Ice,01 - Traffic signal,01 - Functioning,2,0,0,0,,0,,,,,351052.5262,5017886.758,45.29941144,-75.91024929,6141
16--2797,2016/02/26,11:53 AM,MERIVALE RD @ WEST HUNT CLUB RD (0000584),584,02 - Intersection related,03 - P.D. only,03 - Rear end,02 - Rain,01 - Daylight,02 - Wet,01 - Traffic signal,01 - Functioning,2,0,0,0,,0,,,,,365612.7874,5021942.507,45.33479522,-75.72411335,6142
16--2798,2016/02/26,11:58 AM,WEST HUNT CLUB RD EB btwn KNOXDALE RD & WOODROFFE AVE (__3ZA17C),__3ZA17C,01 - Non intersection,03 - P.D. only,04 - Sideswipe,01 - Clear,01 - Daylight,01 - Dry,10 - No control,,2,0,0,0,,0,,,,,363656.7065,5021236.056,45.32860543,-75.74915204,6143
16--2799,2016/02/26,12:06 PM,BLAIR RD @ MONTREAL RD (0009277),9277,03 - At intersection,03 - P.D. only,05 - Turning movement,02 - Rain,01 - Daylight,06 - Ice,01 - Traffic signal,01 - Functioning,2,0,0,0,,0,,,,,374019.4982,5034439.807,45.4464612,-75.61511443,6144
16--28,2016/01/02,10:51 PM,RADCLIFFE GT @ WEYBRIDGE DR (0000612),612,02 - Intersection related,02 - Non-fatal injury,03 - Rear end,01 - Clear,07 - Dark,06 - Ice,02 - Stop sign,01 - Functioning,2,0,0,0,02 - Minor,1,,1,,,362112.889,5014897.648,45.27170008,-75.76957792,6145
16--280,2016/01/07,7:36 PM,RIOCAN AVE @ STRANDHERD DR (0010997),10997,02 - Intersection related,03 - P.D. only,03 - Rear end,01 - Clear,07 - Dark,06 - Ice,01 - Traffic signal,01 - Functioning,2,0,0,0,,0,,,,,364171.2121,5014944.802,45.27195361,-75.74334232,6146
16--2800,2016/02/26,12:10 PM,INDUSTRIAL AVE @ ALTA VISTA DR/SANDFORD FLEMIN (0006979),6979,02 - Intersection related,03 - P.D. only,03 - Rear end,01 - Clear,01 - Daylight,01 - Dry,01 - Traffic signal,01 - Functioning,3,0,0,0,,0,,,,,370884.9483,5030557.794,45.41183591,-75.65570222,6147
16--2801,2016/02/26,12:12 PM,BASIL MACDONALD WAY @ GRANT CARMAN DR (0010302),10302,03 - At intersection,03 - P.D. only,02 - Angle,01 - Clear,01 - Daylight,01 - Dry,02 - Stop sign,01 - Functioning,2,0,0,0,,0,,,,,365350.0942,5023323.042,45.34723981,-75.72729569,6148
16--2802,2016/02/26,12:19 PM,GLADSTONE AVE @ KENT ST (0002251),2251,02 - Intersection related,03 - P.D. only,03 - Rear end,01 - Clear,01 - Daylight,01 - Dry,01 - Traffic signal,01 - Functioning,2,0,0,0,,0,,,,,367744.0383,5030459.792,45.41124367,-75.69583876,6149
16--2803,2016/02/26,12:24 PM,MERIVALE RD btwn VIEWMOUNT DR & COLONNADE RD (__3ZA33F),__3ZA33F,01 - Non intersection,03 - P.D. only,03 - Rear end,01 - Clear,01 - Daylight,06 - Ice,10 - No control,,4,0,0,0,,0,,,,,365343.0513,5022594.441,45.34068456,-75.72747473,6150
16--2804,2016/02/26,12:56 PM,FALLOWFIELD RD @ GREENBANK RD (0000549),549,03 - At intersection,03 - P.D. only,02 - Angle,01 - Clear,01 - Daylight,06 - Ice,01 - Traffic signal,01 - Functioning,2,0,0,0,,0,,,,,363080.4537,5016732.233,45.28812821,-75.75703244,6151
16--2805,2016/02/26,2:06 PM,BANK ST @ RIVERSIDE DR N (0010778),10778,03 - At intersection,03 - P.D. only,04 - Sideswipe,01 - Clear,01 - Daylight,01 - Dry,01 - Traffic signal,01 - Functioning,2,0,0,0,,0,,,,,369225.9379,5027984.656,45.38883838,-75.67723154,6152
16--2806,2016/02/26,2:09 PM,JOHN QUINN RD btwn PARKWAY RD & IVESON DR (__3ZAZX0),__3ZAZX0,01 - Non intersection,03 - P.D. only,07 - SMV other,01 - Clear,01 - Daylight,06 - Ice,10 - No control,,1,0,0,0,,0,,,,,381579.6853,5015379.837,45.27418266,-75.5214412,6153