Anom_ID,Accident_Date,Accident_Time,Location,Geo_ID,Accident_Location,Classification_of_Accident,Initial_Impact_Type,Environment_Condition,Light,Road_Surface_Condition,Traffic_Control,Traffic_Control_Condition,No__of_Vehicles,No__of_Bicycles,No__of_Motorcycles,No__of_Pedestrians,Max_Injury,No__of_Injuries,No__of_Minimal,No__of_Minor,No__of_Major,No__of_Fatal,X,Y,Latitude,Longitude,ObjectId
16--2807,2016/02/26,2:19 AM,BANK ST @ MCLEOD ST (0007255),7255,03 - At intersection,03 - P.D. only,05 - Turning movement,04 - Freezing Rain,07 - Dark,06 - Ice,02 - Stop sign,01 - Functioning,2,0,0,0,,0,,,,,367949.3818,5030487.797,45.41147716,-75.693212,6154
16--2808,2016/02/26,2:30 PM,BANK ST @ NOTTING HILL AVE (0011312),11312,02 - Intersection related,03 - P.D. only,05 - Turning movement,01 - Clear,01 - Daylight,01 - Dry,02 - Stop sign,01 - Functioning,2,0,0,0,,0,,,,,370410.0983,5025744.511,45.36857238,-75.66240818,6155
16--2809,2016/02/26,2:34 PM,CAVANMORE RD btwn WESCAR LANE & CARP RD (__3ZA1P8),__3ZA1P8,01 - Non intersection,03 - P.D. only,06 - SMV unattended vehicle,01 - Clear,01 - Daylight,01 - Dry,10 - No control,,1,0,0,0,,0,,,,,345421.4996,5017276.231,45.29426584,-75.98209552,6156
16--281,2016/01/07,7:45 AM,DEAKIN ST @ PRINCE OF WALES DR (0001073),1073,02 - Intersection related,03 - P.D. only,03 - Rear end,01 - Clear,03 - Dawn,02 - Wet,01 - Traffic signal,01 - Functioning,2,0,0,0,,0,,,,,367389.6134,5021522.829,45.33086279,-75.70149877,6157
16--2810,2016/02/26,2:44 PM,VANIER PKWY NB btwn COVENTRY RD & HWY417 IC117 RAMP62 (__3ZA4TL),__3ZA4TL,01 - Non intersection,03 - P.D. only,04 - Sideswipe,01 - Clear,01 - Daylight,01 - Dry,10 - No control,,2,0,0,0,,0,,,,,370691.6487,5031598.684,45.42121965,-75.65803236,6158
16--2811,2016/02/26,2:54 PM,CARLING AVE @ KIRKWOOD AVE N (0002358),2358,03 - At intersection,03 - P.D. only,04 - Sideswipe,01 - Clear,01 - Daylight,01 - Dry,01 - Traffic signal,01 - Functioning,2,0,0,0,,0,,,,,364276.0367,5027494.755,45.38486818,-75.74049878,6159
16--2812,2016/02/26,3:00 PM,AMIENS ST @ TENTH LINE RD (0004168),4168,02 - Intersection related,03 - P.D. only,03 - Rear end,01 - Clear,01 - Daylight,01 - Dry,01 - Traffic signal,01 - Functioning,2,0,0,0,,0,,,,,383352.5059,5037568.891,45.47362741,-75.49532092,6160
16--2813,2016/02/26,3:09 PM,DEER PARK RD @ MEADOWLANDS DR (0001119),1119,02 - Intersection related,03 - P.D. only,01 - Approaching,01 - Clear,01 - Daylight,01 - Dry,01 - Traffic signal,01 - Functioning,2,0,0,0,,0,,,,,365979.1575,5024860.567,45.36101961,-75.71907844,6161
16--2814,2016/02/26,3:12 PM,GREENBANK RD @ WEST HUNT CLUB RD (0005167),5167,02 - Intersection related,03 - P.D. only,03 - Rear end,03 - Snow,01 - Daylight,03 - Loose snow,01 - Traffic signal,01 - Functioning,2,0,0,0,,0,,,,,361480.3429,5020503.145,45.32218984,-75.77699802,6162
16--2815,2016/02/26,3:17 PM,HWY 417 INNES IC112R57 @ INNES RD (0012298),12298,03 - At intersection,03 - P.D. only,03 - Rear end,01 - Clear,01 - Daylight,06 - Ice,01 - Traffic signal,01 - Functioning,2,0,0,0,,0,,,,,374298.9861,5030754.281,45.41327309,-75.61206209,6163
16--2816,2016/02/26,3:21 PM,ALTA VISTA DR @ RIDGEMONT AVE (0007000),7000,03 - At intersection,03 - P.D. only,04 - Sideswipe,01 - Clear,01 - Daylight,01 - Dry,01 - Traffic signal,01 - Functioning,2,0,0,0,,0,,,,,370517.9426,5026673.745,45.37692322,-75.66090793,6164
16--2817,2016/02/26,3:37 PM,ARTHUR ST @ SOMERSET ST (0005109),5109,03 - At intersection,03 - P.D. only,04 - Sideswipe,01 - Clear,01 - Daylight,01 - Dry,01 - Traffic signal,01 - Functioning,2,0,0,0,,0,,,,,366827.9958,5030392.162,45.41071695,-75.70754932,6165
16--2818,2016/02/26,3:41 PM,FOURTH AVE btwn LYON ST S & BANK ST (__3ZA92L),__3ZA92L,01 - Non intersection,03 - P.D. only,06 - SMV unattended vehicle,01 - Clear,01 - Daylight,01 - Dry,10 - No control,,1,0,0,0,,0,,,,,368282.3156,5029424.974,45.40188409,-75.68909576,6166
16--2819,2016/02/26,3:44 PM,ALTA VISTA DR btwn CLUNY ST & ABBEY RD (__3ZA94W),__3ZA94W,01 - Non intersection,03 - P.D. only,03 - Rear end,01 - Clear,01 - Daylight,01 - Dry,10 - No control,,2,0,0,0,,0,,,,,370552.4703,5029853.406,45.40552942,-75.66004343,6167
16--282,2016/01/07,7:52 AM,BASELINE RD @ COLLEGE SQUARE SC (0008826),8826,03 - At intersection,03 - P.D. only,05 - Turning movement,01 - Clear,03 - Dawn,01 - Dry,01 - Traffic signal,01 - Functioning,2,0,0,0,,0,,,,,362760.3742,5023898.707,45.35263839,-75.76027385,6168
16--2820,2016/02/26,3:46 PM,MURRAY ST btwn PARENT AVE & DALHOUSIE ST (__3ZA3WK),__3ZA3WK,01 - Non intersection,03 - P.D. only,06 - SMV unattended vehicle,01 - Clear,01 - Daylight,01 - Dry,10 - No control,,1,0,0,0,,0,,,,,367931.6878,5032531.329,45.42986577,-75.69317618,6169
16--2821,2016/02/26,3:50 PM,HIGHWAY 417 btwn HWY417 IC127 RAMP63 & HWY417 IC127 RAMP67 (__3ZA2RF),__3ZA2RF,01 - Non intersection,02 - Non-fatal injury,03 - Rear end,01 - Clear,01 - Daylight,01 - Dry,10 - No control,,2,0,0,0,03 - Major,2,,1,1,,362123.088,5024850.83,45.3612579,-75.76829621,6170
16--2822,2016/02/26,3:55 PM,WOODROFFE AVE/HWY 417 WOODROFF IC127R25 @ HWY  (0002348),2348,02 - Intersection related,03 - P.D. only,03 - Rear end,01 - Clear,01 - Daylight,01 - Dry,01 - Traffic signal,01 - Functioning,2,0,0,0,,0,,,,,362179.7861,5024694.825,45.35984954,-75.76759066,6171
16--2823,2016/02/26,4:08 PM,CEDARVIEW RD btwn BRUIN RD & HWY416 IC72 RAMP62 (__3ZAZO7),__3ZAZO7,01 - Non intersection,03 - P.D. only,05 - Turning movement,01 - Clear,01 - Daylight,02 - Wet,10 - No control,,2,0,0,0,,0,,,,,359590.3499,5019774.631,45.31578469,-75.80118511,6172
16--2824,2016/02/26,4:47 PM,HUNT CLUB RD @ DOWNPATRICK RD/MCCARTHY RD (0006931),6931,03 - At intersection,03 - P.D. only,02 - Angle,01 - Clear,01 - Daylight,01 - Dry,01 - Traffic signal,01 - Functioning,2,0,0,0,,0,,,,,370507.9158,5023399.465,45.34746321,-75.66147129,6173
16--2825,2016/02/26,4:48 PM,ST. JOSEPH BLVD @ JEANNE D'ARC BLVD (0012421),12421,02 - Intersection related,03 - P.D. only,03 - Rear end,01 - Clear,01 - Daylight,01 - Dry,11 - Roundabout,01 - Functioning,2,0,0,0,,0,,,,,379860.9903,5036470.597,45.46412984,-75.54013836,6174
16--2826,2016/02/26,5:05 PM,ST. LAURENT BLVD btwn MCARTHUR AVE & DONALD ST (__3ZBOF4),__3ZBOF4,01 - Non intersection,03 - P.D. only,04 - Sideswipe,01 - Clear,01 - Daylight,01 - Dry,10 - No control,,2,0,0,0,,0,,,,,371925.9365,5032876.698,45.43260129,-75.64208813,6175
16--2827,2016/02/26,5:05 PM,"EGLISE, RUE DE L @ MONTREAL RD (0011441)",11441,02 - Intersection related,03 - P.D. only,04 - Sideswipe,01 - Clear,05 - Dusk,01 - Dry,01 - Traffic signal,01 - Functioning,2,0,0,0,,0,,,,,371158.1008,5033633.587,45.43948471,-75.65179844,6176
16--2828,2016/02/26,5:06 PM,NEWPORT CRES btwn HUNTERSFIELD DR & HUNTERSFIELD DR (__3ZA456),__3ZA456,01 - Non intersection,03 - P.D. only,07 - SMV other,04 - Freezing Rain,01 - Daylight,06 - Ice,10 - No control,,1,0,0,0,,0,,,,,373196.4032,5025145.332,45.36291484,-75.62692466,6177
16--2829,2016/02/26,5:31 PM,PRINCE OF WALES DR btwn RIDEAU GLEN DR & FALLOWFIELD RD (__3ZA2X1),__3ZA2X1,01 - Non intersection,03 - P.D. only,01 - Approaching,03 - Snow,07 - Dark,04 - Slush,10 - No control,,2,0,0,0,,0,,,,,367401.7257,5019155.048,45.30955679,-75.70164354,6178
16--283,2016/01/07,7:55 AM,MONTREAL RD @ OGILVIE RD (0009279),9279,02 - Intersection related,02 - Non-fatal injury,07 - SMV other,01 - Clear,01 - Daylight,01 - Dry,01 - Traffic signal,01 - Functioning,1,0,0,1,02 - Minor,1,,1,,,375654.735,5034555.919,45.44734206,-75.59419583,6179
16--2830,2016/02/26,5:46 AM,RUSSELL RD btwn CLAYTON RD & RUISSELLET RD (__3ZA3KR),__3ZA3KR,01 - Non intersection,03 - P.D. only,07 - SMV other,01 - Clear,07 - Dark,06 - Ice,10 - No control,,1,0,0,0,,0,,,,,398377.9878,5028802.271,45.3929061,-75.3048513,6180
16--2831,2016/02/26,6:29 PM,KIRKWOOD AVE @ LAROSE AVE (0006721),6721,03 - At intersection,03 - P.D. only,02 - Angle,01 - Clear,07 - Dark,01 - Dry,02 - Stop sign,01 - Functioning,2,0,0,0,,0,,,,,364646.9007,5026842.21,45.37896511,-75.73584243,6181
16--2832,2016/02/26,6:30 PM,HIGHWAY 417 btwn HWY417 IC155 RAMP61 & HWY417 IC145 RAMP56 (__3ZA2Q2),__3ZA2Q2,01 - Non intersection,03 - P.D. only,07 - SMV other,01 - Clear,07 - Dark,01 - Dry,10 - No control,,1,0,0,0,,0,,,,,344371.2741,5015435.609,45.27776307,-75.99563166,6182
16--2833,2016/02/26,7:17 AM,ROGER STEVENS DR btwn DWYER HILL RD & MALAKOFF RD (__3ZA4ZQ),__3ZA4ZQ,01 - Non intersection,02 - Non-fatal injury,03 - Rear end,01 - Clear,01 - Daylight,06 - Ice,10 - No control,,2,0,0,0,02 - Minor,1,,1,,,362047.327,4995969.122,45.10138272,-75.77258601,6183
16--2834,2016/02/26,7:20 AM,MITCH OWENS RD btwn MANOTICK STATION RD & BOWESVILLE RD (__3ZA3TN),__3ZA3TN,04 - At/near private drive,03 - P.D. only,03 - Rear end,01 - Clear,01 - Daylight,05 - Packed snow,10 - No control,,2,0,0,0,,0,,,,,373761.5,5013432.03,45.25746701,-75.62134214,6184
16--2835,2016/02/26,7:26 AM,FALLOWFIELD RD btwn EAGLESON RD & RICHMOND RD (__3ZA4Y2),__3ZA4Y2,01 - Non intersection,03 - P.D. only,99 - Other,04 - Freezing Rain,01 - Daylight,06 - Ice,10 - No control,,2,0,0,0,,0,,,,,356112.7995,5012611.942,45.2515962,-75.84627664,6185
16--2836,2016/02/26,8:00 AM,BASELINE RD @ WOODROFFE AVE (0002225),2225,02 - Intersection related,02 - Non-fatal injury,03 - Rear end,01 - Clear,01 - Daylight,01 - Dry,01 - Traffic signal,01 - Functioning,2,0,0,0,01 - Minimal,1,1,,,,362549.2996,5023769.723,45.35149521,-75.76298256,6186
16--2837,2016/02/26,8:15 PM,FABLE ST btwn SHERWAY DR & BERKSHIRE WAY (__3ZAAB4),__3ZAAB4,04 - At/near private drive,03 - P.D. only,06 - SMV unattended vehicle,01 - Clear,07 - Dark,01 - Dry,10 - No control,,1,0,0,0,,0,,,,,362586.5729,5015313.968,45.27540739,-75.76349312,6187
16--2838,2016/02/26,8:21 AM,REGIONAL ROAD 174 btwn OR174 IC105 RAMP63 & OR174 IC102 RAMP36 (__3ZA27F),__3ZA27F,01 - Non intersection,03 - P.D. only,03 - Rear end,01 - Clear,01 - Daylight,01 - Dry,10 - No control,,2,0,0,0,,0,,,,,380691.5831,5037763.415,45.47567182,-75.52931881,6188
16--2839,2016/02/26,8:30 AM,BEATRICE DR @ CLARIDGE DR (0009697),9697,03 - At intersection,03 - P.D. only,02 - Angle,01 - Clear,01 - Daylight,06 - Ice,02 - Stop sign,01 - Functioning,2,0,0,0,,0,,,,,365145.9115,5016523.61,45.28607672,-75.73072941,6189
16--284,2016/01/07,8:08 AM,BRONSON AVE @ FIFTH AVE/MADAWASKA DR (0006977),6977,03 - At intersection,03 - P.D. only,04 - Sideswipe,01 - Clear,01 - Daylight,01 - Dry,01 - Traffic signal,01 - Functioning,2,0,0,0,,0,,,,,367613.7127,5028938.178,45.39756435,-75.69769744,6190
16--2840,2016/02/26,8:42 AM,PALLADIUM DR @ SILVER SEVEN RD (0011839),11839,02 - Intersection related,02 - Non-fatal injury,03 - Rear end,01 - Clear,01 - Daylight,06 - Ice,01 - Traffic signal,01 - Functioning,2,0,0,0,02 - Minor,1,,1,,,351051.8297,5017888.113,45.29942368,-75.91025805,6191
16--2841,2016/02/26,8:58 PM,JOHN QUINN RD btwn MITCH OWENS RD & PARKWAY RD (__3ZA2SV),__3ZA2SV,01 - Non intersection,03 - P.D. only,07 - SMV other,03 - Snow,07 - Dark,06 - Ice,10 - No control,,1,0,0,0,,0,,,,,380983.7883,5016779.101,45.28683734,-75.52882004,6192
16--2842,2016/02/26,9:09 AM,BRONSON AVE RAMP 52 btwn HERON RD EB & BRONSON AVE RAMP 62 (__3ZAYBG),__3ZAYBG,01 - Non intersection,02 - Non-fatal injury,04 - Sideswipe,01 - Clear,01 - Daylight,06 - Ice,10 - No control,,2,0,0,0,01 - Minimal,1,1,,,,368876.5035,5026636.25,45.37673788,-75.68186865,6193
16--2843,2016/02/26,9:15 PM,BRONSON AVE btwn SOMERSET ST W & MACLAREN ST (__3ZBODK),__3ZBODK,01 - Non intersection,03 - P.D. only,01 - Approaching,01 - Clear,07 - Dark,01 - Dry,10 - No control,,2,0,0,0,,0,,,,,366973.7567,5030458.839,45.41130396,-75.7056789,6194
16--2844,2016/02/26,9:32 AM,BRONSON AVE btwn BRONSON AVE SB ON RAMP 43 & SUNNYSIDE AVE/UNIVERSITY  (__3ZA3NU),__3ZA3NU,01 - Non intersection,03 - P.D. only,03 - Rear end,04 - Freezing Rain,01 - Daylight,06 - Ice,10 - No control,,2,0,0,0,,0,,,,,367894.8762,5028141.828,45.39037375,-75.69420842,6195
16--2845,2016/02/27,1:58 PM,HWY 417 TERRYFO IC140R61 @ TERRY FOX DR (0011777),11777,02 - Intersection related,03 - P.D. only,03 - Rear end,01 - Clear,01 - Daylight,01 - Dry,01 - Traffic signal,01 - Functioning,2,0,0,0,,0,,,,,350810.1525,5018709.464,45.30683029,-75.9132632,6196
16--2846,2016/02/27,10:11 AM,HERON RD btwn FINN CRT & BAYCREST DR (__3ZBOFO),__3ZBOFO,04 - At/near private drive,03 - P.D. only,05 - Turning movement,01 - Clear,01 - Daylight,01 - Dry,10 - No control,,2,0,0,0,,0,,,,,370941.0948,5026958.249,45.37944327,-75.65546757,6197
16--2847,2016/02/27,10:19 PM,STITTSVILLE MAIN ST btwn ABBOTT ST W & ORVILLE ST (__3ZA3DX),__3ZA3DX,01 - Non intersection,03 - P.D. only,07 - SMV other,01 - Clear,07 - Dark,02 - Wet,10 - No control,,1,0,0,0,,0,,,,,350275.8873,5013290.795,45.25810618,-75.92057253,6198
16--2848,2016/02/27,10:30 AM,OSSINGTON AVE btwn GROSVENOR AVE & BANK ST (__3ZA9NU),__3ZA9NU,01 - Non intersection,03 - P.D. only,06 - SMV unattended vehicle,01 - Clear,01 - Daylight,05 - Packed snow,10 - No control,,1,0,0,0,,0,,,,,368706.4669,5028207.959,45.39089519,-75.68383599,6199
16--2849,2016/02/27,10:51 AM,BANK ST btwn KITCHENER AVE & TO BE DETERMINED (__3ZA4TQ),__3ZA4TQ,04 - At/near private drive,03 - P.D. only,02 - Angle,01 - Clear,01 - Daylight,01 - Dry,10 - No control,,2,0,0,0,,0,,,,,370542.852,5025496.679,45.36633003,-75.66074658,6200
16--285,2016/01/07,8:11 PM,STRANDHERD DR @ LONGFIELDS DR (0010935),10935,02 - Intersection related,03 - P.D. only,03 - Rear end,01 - Clear,07 - Dark,02 - Wet,01 - Traffic signal,01 - Functioning,2,0,0,0,,0,,,,,364547.3096,5015173.7,45.27398138,-75.73852201,6201
16--2850,2016/02/27,10:58 PM,HAIG DR @ HAMLET RD (0008379),8379,02 - Intersection related,03 - P.D. only,99 - Other,01 - Clear,07 - Dark,02 - Wet,02 - Stop sign,01 - Functioning,2,0,0,0,,0,,,,,372567.3491,5029212.815,45.3995735,-75.63439525,6202
16--2851,2016/02/27,11:01 AM,TERRY FOX DR btwn HWY417 IC140 RAMP25 & PALLADIUM DR (__3ZA3DO),__3ZA3DO,01 - Non intersection,03 - P.D. only,03 - Rear end,01 - Clear,01 - Daylight,01 - Dry,10 - No control,,4,0,0,0,,0,,,,,351220.4456,5018242.729,45.30260349,-75.90807499,6203
16--2852,2016/02/27,11:21 PM,MONTREAL RD @ NORTH RIVER RD (0009805),9805,03 - At intersection,02 - Non-fatal injury,02 - Angle,01 - Clear,07 - Dark,02 - Wet,01 - Traffic signal,01 - Functioning,2,0,0,0,02 - Minor,1,,1,,,369738.5988,5032888.695,45.43291577,-75.67003911,6204
16--2853,2016/02/27,11:28 AM,CLARENCE ST btwn SUSSEX DR & BY WARD MARKET SQ (__3ZA81R),__3ZA81R,01 - Non intersection,03 - P.D. only,06 - SMV unattended vehicle,01 - Clear,01 - Daylight,01 - Dry,10 - No control,,1,0,0,0,,0,,,,,367855.1982,5032385.491,45.42856047,-75.69417229,6205
16--2854,2016/02/27,11:55 AM,HIGHWAY 417 btwn HWY417 IC119B RAMP76 & HWY417 IC119A RAMP67 (__3ZA2YT),__3ZA2YT,01 - Non intersection,03 - P.D. only,99 - Other,01 - Clear,01 - Daylight,01 - Dry,10 - No control,,2,0,0,0,,0,,,,,368587.9517,5030533.893,45.411834,-75.68504858,6206
16--2855,2016/02/27,12:10 PM,STRANDHERD DR @ WOODROFFE AVE (0009688),9688,02 - Intersection related,03 - P.D. only,04 - Sideswipe,01 - Clear,01 - Daylight,01 - Dry,01 - Traffic signal,01 - Functioning,2,0,0,0,,0,,,,,366105.9543,5015394.949,45.27583801,-75.71863164,6207
16--2856,2016/02/27,12:28 AM,HIGHWAY 417 btwn HWY417 IC134 RAMP35 & HWY417 IC134 RAMP25 (__3ZA29D),__3ZA29D,01 - Non intersection,03 - P.D. only,07 - SMV other,01 - Clear,00 - Unknown,01 - Dry,10 - No control,,1,0,0,0,,0,,,,,356415.8745,5022239.057,45.33820041,-75.84141376,6208
16--3488,2016/03/17,12:20 PM,ARGYLE AVE E @ METCALFE ST (0007280),7280,02 - Intersection related,03 - P.D. only,04 - Sideswipe,02 - Rain,01 - Daylight,02 - Wet,10 - No control,,2,0,0,0,,0,,,,,368442.5019,5030641.367,45.41281426,-75.68689277,6209
16--3127,2016/03/04,8:22 PM,INNES RD @ TENTH LINE RD (0004633),4633,02 - Intersection related,03 - P.D. only,03 - Rear end,01 - Clear,07 - Dark,01 - Dry,01 - Traffic signal,01 - Functioning,2,0,0,0,,0,,,,,383952.4262,5036159.339,45.46087781,-75.4878762,6210
16--2859,2016/02/27,2:15 AM,HWY417 IC112 RAMP64 btwn HWY417 IC112 RAMP68 & HIGHWAY 417 (__3ZAYAQ),__3ZAYAQ,01 - Non intersection,03 - P.D. only,04 - Sideswipe,01 - Clear,07 - Dark,01 - Dry,10 - No control,,3,0,0,0,,0,,,,,374814.6141,5030751.476,45.41319645,-75.60547549,6211
16--3489,2016/03/17,12:26 PM,DALY AVE @ WALLER ST (0008233),8233,02 - Intersection related,03 - P.D. only,03 - Rear end,02 - Rain,01 - Daylight,02 - Wet,01 - Traffic signal,01 - Functioning,2,0,0,0,,0,,,,,368341.8459,5032120.671,45.42613367,-75.68798787,6212
16--340,2016/01/09,11:30 AM,WHITBY AVE btwn WINSTON AVE & CHURCHILL AVE N (__3ZA0JF),__3ZA0JF,01 - Non intersection,03 - P.D. only,06 - SMV unattended vehicle,03 - Snow,01 - Daylight,03 - Loose snow,10 - No control,,1,0,0,0,,0,,,,,363142.1122,5028428.953,45.39336931,-75.75486716,6213
16--3400,2016/03/13,2:12 PM,PRESTONE DR @ ST. JOSEPH BLVD (0003551),3551,03 - At intersection,03 - P.D. only,02 - Angle,01 - Clear,01 - Daylight,02 - Wet,01 - Traffic signal,01 - Functioning,2,0,0,0,,0,,,,,382325.9664,5038273.363,45.48008034,-75.50833709,6214
16--322,2016/01/08,6:45 PM,DORCHESTER AVE btwn HOLLINGTON ST & CHEVRIER ST (__3ZA0OT),__3ZA0OT,01 - Non intersection,03 - P.D. only,06 - SMV unattended vehicle,01 - Clear,07 - Dark,03 - Loose snow,10 - No control,,1,0,0,0,,0,,,,,365428.6588,5026908.427,45.3794937,-75.72585329,6215
16--286,2016/01/07,8:12 AM,MONTREAL RD btwn OR174 IC109 RAMP56 & OR174 IC109 RAMP66 (__3ZA2DH),__3ZA2DH,01 - Non intersection,03 - P.D. only,03 - Rear end,01 - Clear,01 - Daylight,06 - Ice,10 - No control,,2,0,0,0,,0,,,,,376260.0645,5034918.49,45.45054262,-75.58640564,6216
16--349,2016/01/09,3:17 AM,WALKLEY EXTENSION RD btwn HWY417 IC110 RAMP64 & HWY417 IC110 RAMP66 (__3ZA3RW),__3ZA3RW,01 - Non intersection,02 - Non-fatal injury,07 - SMV other,03 - Snow,07 - Dark,06 - Ice,10 - No control,,1,0,0,0,02 - Minor,1,,1,,,375996.2445,5029178.472,45.39892421,-75.59060771,6217
16--3401,2016/03/13,2:12 PM,STONEHAVEN DR @ HARNESS LANE/BLUEMEADOW WAY (0004046),4046,02 - Intersection related,03 - P.D. only,03 - Rear end,01 - Clear,01 - Daylight,01 - Dry,01 - Traffic signal,01 - Functioning,2,0,0,0,,0,,,,,354572.6504,5016743.578,45.2888843,-75.86548274,6218
16--3220,2016/03/07,9:45 PM,BANK ST @ RIDEAU RD (0009263),9263,03 - At intersection,02 - Non-fatal injury,05 - Turning movement,01 - Clear,07 - Dark,02 - Wet,01 - Traffic signal,01 - Functioning,2,0,0,0,02 - Minor,1,,1,,,376955.4184,5017843.807,45.29684223,-75.5800114,6219
16--2860,2016/02/27,2:40 AM,CLARENCE ST btwn SUSSEX DR & BY WARD MARKET SQ (__3ZA81R),__3ZA81R,01 - Non intersection,03 - P.D. only,07 - SMV other,01 - Clear,07 - Dark,01 - Dry,10 - No control,,1,0,0,0,,0,,,,,367761.4461,5032327.948,45.42805117,-75.69537766,6220
16--2861,2016/02/27,2:47 PM,BANK ST btwn GLADSTONE AVE & MCLEOD ST (__3ZA3PF),__3ZA3PF,01 - Non intersection,03 - P.D. only,06 - SMV unattended vehicle,01 - Clear,01 - Daylight,01 - Dry,10 - No control,,1,0,0,0,,0,,,,,367922.767,5030550.674,45.4120453,-75.69354395,6221
16--2862,2016/02/27,2:47 PM,HIGHWAY 417 btwn HWY417 IC126 RAMP61 & HWY417 IC124 RAMP76 (__3ZA2Y2),__3ZA2Y2,01 - Non intersection,03 - P.D. only,04 - Sideswipe,01 - Clear,01 - Daylight,01 - Dry,10 - No control,,2,0,0,0,,0,,,,,363188.1284,5025904.065,45.37064689,-75.75457813,6222
16--2863,2016/02/27,3:15 PM,RIVERSIDE DR NB btwn SAN REMO PRIV & INDUSTRIAL AVE (__3ZAZ0A),__3ZAZ0A,01 - Non intersection,03 - P.D. only,04 - Sideswipe,01 - Clear,01 - Daylight,01 - Dry,10 - No control,,2,0,0,0,,0,,,,,370679.1692,5030576.349,45.41202227,-75.65832848,6223
16--2864,2016/02/27,3:22 PM,LIMEBANK RD btwn EARL ARMSTRONG RD & RIDEAU RD (__3ZA6L5),__3ZA6L5,01 - Non intersection,03 - P.D. only,01 - Approaching,05 - Drifting Snow,01 - Daylight,03 - Loose snow,10 - No control,,2,0,0,0,,0,,,,,370305.0073,5015589.323,45.2772083,-75.66509294,6224
16--2865,2016/02/27,3:39 PM,ST. LAURENT BLVD btwn COVENTRY RD & LEMIEUX ST (__3ZA2C9),__3ZA2C9,01 - Non intersection,03 - P.D. only,03 - Rear end,01 - Clear,01 - Daylight,01 - Dry,10 - No control,,3,0,0,0,,0,,,,,372384.919,5031757.713,45.42248898,-75.63637627,6225
16--2866,2016/02/27,4:29 PM,GREENBANK RD btwn WEST HUNT CLUB RD & FALLOWFIELD RD (__3ZA1NE),__3ZA1NE,01 - Non intersection,03 - P.D. only,07 - SMV other,01 - Clear,01 - Daylight,02 - Wet,10 - No control,,1,0,0,0,,0,,,,,361871.4658,5019590.721,45.31394816,-75.77211447,6226
16--2867,2016/02/27,4:30 AM,HWY 7 HAZELDEAN RD IC RAMP 34 btwn HAZELDEAN RD & HIGHWAY 7 (__7JQ7KQ),__7JQ7KQ,01 - Non intersection,03 - P.D. only,07 - SMV other,01 - Clear,07 - Dark,01 - Dry,10 - No control,,1,0,0,0,,0,,,,,346317.8366,5012637.832,45.25247524,-75.97105601,6227
16--2868,2016/02/27,4:49 PM,FRANK KENNY RD btwn REGIMBALD RD & GIROUX RD (__3ZA6TF),__3ZA6TF,01 - Non intersection,03 - P.D. only,07 - SMV other,05 - Drifting Snow,01 - Daylight,03 - Loose snow,10 - No control,,1,0,0,0,,0,,,,,389103.9609,5034774.105,45.44781236,-75.42225223,6228
16--2869,2016/02/27,6:30 PM,RUSSELL RD btwn DUNNING RD & CLAYTON RD (__3ZBOGZ),__3ZBOGZ,01 - Non intersection,02 - Non-fatal injury,07 - SMV other,05 - Drifting Snow,07 - Dark,06 - Ice,10 - No control,,1,0,0,0,01 - Minimal,1,1,,,,396483.4905,5028079.167,45.38665112,-75.32917643,6229
16--287,2016/01/07,8:30 AM,PRINCE OF WALES DR btwn COLONNADE RD & STEPHANIE AVE (__3ZA29R),__3ZA29R,01 - Non intersection,03 - P.D. only,03 - Rear end,01 - Clear,01 - Daylight,02 - Wet,10 - No control,,2,0,0,0,,0,,,,,367489.7406,5022981.792,45.34398133,-75.70003667,6230
16--2870,2016/02/27,6:55 PM,HIGHWAY 417 btwn Continuation of HIGHWAY 417 & HWY417 IC155 RAMP26 (__3ZA1M3),__3ZA1M3,01 - Non intersection,03 - P.D. only,07 - SMV other,01 - Clear,07 - Dark,01 - Dry,10 - No control,,1,0,0,0,,0,,,,,339569.7936,5019336.477,45.31311884,-76.056555,6231
16--2871,2016/02/27,7:00 PM,TERRY FOX DR S @ DIDSBURY RD/CENTRUM KANATA SC (0011820),11820,02 - Intersection related,03 - P.D. only,04 - Sideswipe,01 - Clear,07 - Dark,01 - Dry,01 - Traffic signal,01 - Functioning,2,0,0,0,,0,,,,,350623.5758,5018918.139,45.3087202,-75.91562307,6232
16--2872,2016/02/27,7:30 AM,HWY417 IC127 RAMP35 btwn HIGHWAY 417 & WOODROFFE AVE (__3ZAYBQ),__3ZAYBQ,01 - Non intersection,03 - P.D. only,07 - SMV other,01 - Clear,01 - Daylight,01 - Dry,10 - No control,,1,0,0,0,,0,,,,,362091.3365,5024664.453,45.35958349,-75.76872308,6233
16--2873,2016/02/27,7:39 AM,HIGHWAY 416 btwn HWY416 IC72 RAMP62 & HWY416 IC72 RAMP24 (__3ZAZEQ),__3ZAZEQ,01 - Non intersection,02 - Non-fatal injury,99 - Other,01 - Clear,01 - Daylight,02 - Wet,10 - No control,,2,0,0,0,01 - Minimal,1,1,,,,359568.9146,5019469.275,45.31303875,-75.80149224,6234
16--3037,2016/03/03,10:26 AM,CAMPEAU DR @ KANATA AVE (0012003),12003,03 - At intersection,03 - P.D. only,05 - Turning movement,01 - Clear,01 - Daylight,01 - Dry,01 - Traffic signal,01 - Functioning,2,0,0,0,,0,,,,,350594.6451,5019401.722,45.3130735,-75.9159473,6235
16--2874,2016/02/27,7:57 AM,WOODROFFE AVE btwn MAJESTIC DR & TO BE DETERMINED (__3ZA247),__3ZA247,01 - Non intersection,02 - Non-fatal injury,07 - SMV other,01 - Clear,01 - Daylight,01 - Dry,10 - No control,,1,0,0,1,02 - Minor,1,,1,,,363581.3386,5021451.012,45.3305459,-75.75008792,6236