Anom_ID,Accident_Date,Accident_Time,Location,Geo_ID,Accident_Location,Classification_of_Accident,Initial_Impact_Type,Environment_Condition,Light,Road_Surface_Condition,Traffic_Control,Traffic_Control_Condition,No__of_Vehicles,No__of_Bicycles,No__of_Motorcycles,No__of_Pedestrians,Max_Injury,No__of_Injuries,No__of_Minimal,No__of_Minor,No__of_Major,No__of_Fatal,X,Y,Latitude,Longitude,ObjectId
16--2875,2016/02/27,9:16 AM,DES EPINETTES AVE @ JEANNE D'ARC BLVD (0004221),4221,03 - At intersection,02 - Non-fatal injury,02 - Angle,01 - Clear,01 - Daylight,01 - Dry,01 - Traffic signal,01 - Functioning,2,0,0,0,01 - Minimal,2,2,,,,382225.8296,5035957.883,45.45925877,-75.5099826,6237
16--2876,2016/02/27,9:29 AM,INNES RD @ TRIM RD (0012870),12870,03 - At intersection,03 - P.D. only,05 - Turning movement,01 - Clear,01 - Daylight,01 - Dry,01 - Traffic signal,01 - Functioning,2,0,0,0,,0,,,,,386566.9941,5037273.778,45.4706033,-75.45426378,6238
16--2877,2016/02/27,9:30 AM,CAMPEAU DR btwn KANATA AVE & STONECROFT TER (__3ZA5R3),__3ZA5R3,01 - Non intersection,03 - P.D. only,03 - Rear end,01 - Clear,01 - Daylight,01 - Dry,10 - No control,,2,0,0,0,,0,,,,,351087.5635,5019630.879,45.31510319,-75.90963968,6239
16--2878,2016/02/27,9:38 AM,PANMURE RD btwn MORNINGDOVE DR & DEERWOOD DR (__3ZACDB),__3ZACDB,01 - Non intersection,02 - Non-fatal injury,07 - SMV other,05 - Drifting Snow,01 - Daylight,06 - Ice,10 - No control,,1,0,0,0,02 - Minor,1,,1,,,332763.3484,5022723.484,45.34390097,-76.14316943,6240
16--2879,2016/02/27,9:45 AM,CAMPEAU DR btwn GRAY CRES & DRYSDALE ST (__4V71YI),__4V71YI,01 - Non intersection,02 - Non-fatal injury,03 - Rear end,01 - Clear,01 - Daylight,01 - Dry,10 - No control,,2,0,0,0,01 - Minimal,1,1,,,,351959.3466,5019941.814,45.31784304,-75.8984918,6241
16--288,2016/01/07,8:44 AM,STONEHAVEN DR btwn TANDALEE CRES & GRASSY PLAINS DR (__3ZAZHZ),__3ZAZHZ,04 - At/near private drive,03 - P.D. only,03 - Rear end,01 - Clear,01 - Daylight,06 - Ice,10 - No control,,2,0,0,0,,0,,,,,356157.3169,5016036.757,45.28241018,-75.84535539,6242
16--2880,2016/02/27,9:55 PM,BLAIR RD @ REGIONAL RD 174 S/OR174 IC112 RAMP15 (0012435),12435,03 - At intersection,03 - P.D. only,05 - Turning movement,01 - Clear,07 - Dark,02 - Wet,01 - Traffic signal,02 - Not functioning,2,0,0,0,,0,,,,,374908.4839,5032660.248,45.43036115,-75.6040047,6243
16--2881,2016/02/28,1:00 PM,BREEZEHILL AVE   S btwn HICKORY ST & LINDENPARK PRIV (__61MBMJ),__61MBMJ,01 - Non intersection,03 - P.D. only,06 - SMV unattended vehicle,01 - Clear,01 - Daylight,05 - Packed snow,10 - No control,,1,0,0,0,,0,,,,,366400.6449,5028830.317,45.39670163,-75.71320362,6244
16--2882,2016/02/28,1:16 PM,COLONIAL RD @ ROCKDALE RD (0004608),4608,03 - At intersection,02 - Non-fatal injury,05 - Turning movement,01 - Clear,01 - Daylight,02 - Wet,02 - Stop sign,00 - Unknown,2,0,0,0,02 - Minor,1,,1,,,391420.6203,5032661.704,45.42852415,-75.3930131,6245
16--2883,2016/02/28,10:13 AM,BOUNDARY RD btwn INDCUM RD & ENTREPRENEUR CRES (__3ZAZ0U),__3ZAZ0U,01 - Non intersection,03 - P.D. only,07 - SMV other,03 - Snow,01 - Daylight,03 - Loose snow,10 - No control,,1,0,0,0,,0,,,,,387913.9757,5022563.129,45.33809202,-75.43951936,6246
16--2884,2016/02/28,11:00 AM,PRINCE CHARLES RD btwn LOCKHART AVE & SAVILLE ROW (__3ZAADN),__3ZAADN,04 - At/near private drive,03 - P.D. only,06 - SMV unattended vehicle,01 - Clear,01 - Daylight,02 - Wet,10 - No control,,1,0,0,0,,0,,,,,361822.6896,5026534.952,45.37643599,-75.77193596,6247
16--2885,2016/02/28,11:00 AM,ORLEANS BLVD @ PINEGLADE CRES/CRESTMONT PL (0003612),3612,02 - Intersection related,03 - P.D. only,01 - Approaching,03 - Snow,01 - Daylight,04 - Slush,02 - Stop sign,01 - Functioning,2,0,0,0,,0,,,,,380610.8146,5034137.679,45.44305909,-75.53091076,6248
16--2886,2016/02/28,12:08 PM,HERON RD @ ALTA VISTA DR (0007188),7188,03 - At intersection,03 - P.D. only,02 - Angle,03 - Snow,01 - Daylight,02 - Wet,01 - Traffic signal,02 - Not functioning,2,0,0,0,,0,,,,,370492.7794,5026901.53,45.37897511,-75.66119888,6249
16--3128,2016/03/04,8:30 AM,CARLING AVE @ KIRKWOOD AVE S (0002209),2209,02 - Intersection related,03 - P.D. only,03 - Rear end,01 - Clear,01 - Daylight,01 - Dry,01 - Traffic signal,01 - Functioning,2,0,0,0,,0,,,,,364351.4785,5027336.883,45.38344127,-75.73955453,6250
16--2887,2016/02/28,12:45 PM,CEDARWOOD DR @ WALKLEY RD (0002235),2235,03 - At intersection,03 - P.D. only,05 - Turning movement,03 - Snow,01 - Daylight,03 - Loose snow,01 - Traffic signal,01 - Functioning,2,0,0,0,,0,,,,,371194.9526,5026455.748,45.37489793,-75.65229407,6251
16--2888,2016/02/28,12:58 PM,GALETTA SIDE RD btwn MOHRS RD & MORNING DEW DR (__4B1MVN),__4B1MVN,01 - Non intersection,03 - P.D. only,07 - SMV other,03 - Snow,01 - Daylight,06 - Ice,10 - No control,,1,0,0,0,,0,,,,,323931.0655,5031724.192,45.42519066,-76.25552501,6252
16--2889,2016/02/28,2:39 PM,GLADSTONE AVE @ PERCY ST (0007203),7203,02 - Intersection related,03 - P.D. only,03 - Rear end,01 - Clear,01 - Daylight,02 - Wet,01 - Traffic signal,01 - Functioning,2,0,0,0,,0,,,,,367328.928,5030206.347,45.40900046,-75.70117376,6253
16--289,2016/01/07,8:54 AM,DUNROBIN RD btwn CONSTANCE BAY RD & KINBURN SIDE RD (__3ZA3FF),__3ZA3FF,01 - Non intersection,03 - P.D. only,07 - SMV other,01 - Clear,01 - Daylight,01 - Dry,10 - No control,,1,0,0,0,,0,,,,,337087.4411,5036915.221,45.47141745,-76.0870631,6254
16--2890,2016/02/28,3:43 PM,BRONSON AVE @ BRONSON AVE SB ON RAMP 43 (0011236),11236,02 - Intersection related,03 - P.D. only,07 - SMV other,01 - Clear,01 - Daylight,02 - Wet,03 - Yield sign,01 - Functioning,1,0,0,0,,0,,,,,367796.6102,5028318.773,45.39197469,-75.69544067,6255
16--2891,2016/02/28,6:55 PM,HWY 417 MOODIE IC134R52 @ MOODIE DR (0000553),553,02 - Intersection related,03 - P.D. only,07 - SMV other,01 - Clear,07 - Dark,01 - Dry,01 - Traffic signal,00 - Unknown,1,0,0,0,,0,,,,,356459.4673,5022043.555,45.33643806,-75.84087799,6256
16--2892,2016/02/28,7:34 AM,GLADSTONE AVE @ METCALFE ST (0002709),2709,03 - At intersection,03 - P.D. only,02 - Angle,03 - Snow,01 - Daylight,06 - Ice,01 - Traffic signal,01 - Functioning,2,0,0,0,,0,,,,,368229.614,5030751.227,45.41382207,-75.68959825,6257
16--2893,2016/02/28,7:53 PM,WEST HUNT CLUB RD @ WOODROFFE AVE (0000576),576,03 - At intersection,02 - Non-fatal injury,05 - Turning movement,04 - Freezing Rain,07 - Dark,02 - Wet,01 - Traffic signal,01 - Functioning,2,0,0,0,02 - Minor,1,,1,,,363670.4715,5021245.83,45.32869222,-75.74897529,6258
16--2894,2016/02/28,7:57 PM,HALTON TERR/MAXWELL BRIDGE RD @ MARCH RD (0011852),11852,03 - At intersection,03 - P.D. only,05 - Turning movement,04 - Freezing Rain,07 - Dark,06 - Ice,01 - Traffic signal,01 - Functioning,2,0,0,0,,0,,,,,348932.2627,5024422.659,45.35835964,-75.93670007,6259
16--2895,2016/02/28,9:00 AM,DON REID DR @ ST. LAURENT BLVD (0002268),2268,03 - At intersection,03 - P.D. only,02 - Angle,03 - Snow,01 - Daylight,03 - Loose snow,02 - Stop sign,01 - Functioning,2,0,0,0,,0,,,,,372713.4201,5027039.5,45.38000477,-75.63282877,6260
16--2896,2016/02/28,9:00 PM,QUEEN MARY ST btwn BERNARD ST & ALESTHER ST (__3ZA8K2),__3ZA8K2,01 - Non intersection,03 - P.D. only,06 - SMV unattended vehicle,04 - Freezing Rain,07 - Dark,06 - Ice,10 - No control,,1,0,0,0,,0,,,,,372085.9214,5032149.887,45.42604641,-75.64014296,6261
16--2897,2016/02/28,9:19 PM,WEST HUNT CLUB RD @ WOODROFFE AVE (0000576),576,03 - At intersection,03 - P.D. only,02 - Angle,01 - Clear,07 - Dark,02 - Wet,01 - Traffic signal,01 - Functioning,2,0,0,0,,0,,,,,363670.6548,5021246.49,45.32869814,-75.74897287,6262
16--2898,2016/02/28,9:21 PM,GALETTA SIDE RD btwn HARBOUR ST & CANON SMITH DR (__3ZA4QE),__3ZA4QE,01 - Non intersection,03 - P.D. only,07 - SMV other,02 - Rain,07 - Dark,02 - Wet,10 - No control,,1,0,0,0,,0,,,,,328681.8576,5035820.51,45.46190488,-76.19461683,6263
16--2899,2016/02/28,9:37 AM,CARP RD @ HAZELDEAN RD (0000086),86,03 - At intersection,03 - P.D. only,02 - Angle,01 - Clear,01 - Daylight,02 - Wet,01 - Traffic signal,01 - Functioning,2,0,0,0,,0,,,,,348804.3539,5014361.546,45.26783478,-75.93922619,6264
16--29,2016/01/02,11:00 AM,JACKMAN TER btwn AIRD PL & AIRD PL (__3ZA50U),__3ZA50U,01 - Non intersection,03 - P.D. only,06 - SMV unattended vehicle,01 - Clear,01 - Daylight,02 - Wet,10 - No control,,1,0,0,0,,0,,,,,351894.3168,5019088.671,45.31017063,-75.89940229,6265
16--290,2016/01/07,9:08 AM,MAIN ST @ RIVERDALE AVE (0007229),7229,02 - Intersection related,03 - P.D. only,03 - Rear end,01 - Clear,01 - Daylight,03 - Loose snow,01 - Traffic signal,01 - Functioning,2,0,0,0,,0,,,,,369431.0677,5029532.27,45.40274439,-75.6744094,6266
16--2900,2016/02/28,9:45 AM,CLIFTON RD @ RICHMOND RD (0006388),6388,03 - At intersection,03 - P.D. only,02 - Angle,01 - Clear,01 - Daylight,02 - Wet,02 - Stop sign,01 - Functioning,2,0,0,0,,0,,,,,363708.9082,5028599.661,45.39485786,-75.74760841,6267
16--2901,2016/02/28,9:45 AM,HIGHWAY 417 btwn HWY417 IC115 RAMP36 & HWY417 IC115 RAMP26 (__3ZA2R4),__3ZA2R4,01 - Non intersection,03 - P.D. only,04 - Sideswipe,03 - Snow,01 - Daylight,04 - Slush,10 - No control,,2,0,0,0,,0,,,,,372501.3545,5031525.237,45.42038602,-75.63492053,6268
16--2902,2016/02/29,1:02 PM,BRONSON AVE @ POWELL AVE (0007212),7212,03 - At intersection,02 - Non-fatal injury,02 - Angle,01 - Clear,01 - Daylight,02 - Wet,01 - Traffic signal,01 - Functioning,2,0,0,0,01 - Minimal,1,1,,,,367388.5448,5029476.992,45.40243261,-75.70050479,6269
16--2903,2016/02/29,1:05 PM,BELANGER AVE btwn CLEMENTINE BLVD & BANK ST (__3ZBOUA),__3ZBOUA,01 - Non intersection,03 - P.D. only,06 - SMV unattended vehicle,01 - Clear,01 - Daylight,02 - Wet,10 - No control,,1,0,0,0,,0,,,,,369633.024,5027421.446,45.38373324,-75.67210727,6270
16--2904,2016/02/29,1:22 PM,ST. LAURENT BLVD btwn MCARTHUR AVE & DONALD ST (__3ZBOF4),__3ZBOF4,01 - Non intersection,03 - P.D. only,04 - Sideswipe,01 - Clear,01 - Daylight,01 - Dry,10 - No control,,2,0,0,0,,0,,,,,372088.2629,5032484.731,45.42905895,-75.6400673,6271
16--2905,2016/02/29,10:06 AM,SHERBOURNE RD btwn COURTENAY AVE & COURTENAY AVE (__3ZBOL6),__3ZBOL6,04 - At/near private drive,02 - Non-fatal injury,02 - Angle,01 - Clear,01 - Daylight,01 - Dry,10 - No control,,2,0,0,0,02 - Minor,1,,1,,,362396.7778,5026620.623,45.37715989,-75.76459663,6272
16--2906,2016/02/29,10:25 PM,GREENBANK RD btwn WEST HUNT CLUB RD & FALLOWFIELD RD (__3ZA1NE),__3ZA1NE,01 - Non intersection,03 - P.D. only,07 - SMV other,06 - Strong wind,07 - Dark,05 - Packed snow,10 - No control,,1,0,0,0,,0,,,,,362982.3185,5016965.422,45.29023457,-75.75825603,6273
16--2907,2016/02/29,10:31 PM,HIGHWAY 416 btwn HWY416 IC66 RAMP62 & HWY416 IC66 RAMP52 (__3ZAZMX),__3ZAZMX,01 - Non intersection,03 - P.D. only,07 - SMV other,01 - Clear,07 - Dark,01 - Dry,10 - No control,,1,0,0,0,,0,,,,,360042.8644,5014835.784,45.27130909,-75.79596412,6274
16--2908,2016/02/29,12:27 PM,RICHMOND RD btwn CHURCHILL AVE N & WINONA AVE (__3ZA4OX),__3ZA4OX,01 - Non intersection,03 - P.D. only,06 - SMV unattended vehicle,01 - Clear,01 - Daylight,01 - Dry,10 - No control,,1,0,0,0,,0,,,,,363291.4831,5028335.702,45.3925178,-75.75297065,6275
16--2909,2016/02/29,12:34 PM,HIGHWAY 417 btwn HWY417 IC119B RAMP57 & HWY417 IC119A RAMP75 (__3ZA1QN),__3ZA1QN,01 - Non intersection,03 - P.D. only,03 - Rear end,01 - Clear,01 - Daylight,01 - Dry,10 - No control,,3,0,0,0,,0,,,,,368279.2078,5030335.568,45.41007761,-75.68901822,6276
16--291,2016/01/07,9:20 AM,INNES RD @ ORCHARDVIEW AVE/ESPRIT DR (0012279),12279,02 - Intersection related,03 - P.D. only,03 - Rear end,02 - Rain,01 - Daylight,02 - Wet,01 - Traffic signal,01 - Functioning,2,0,0,0,,0,,,,,384844.5451,5036560.34,45.464384,-75.47640518,6277
16--2910,2016/02/29,12:50 PM,AARON AVE @ CARLING AVE (0002779),2779,03 - At intersection,02 - Non-fatal injury,07 - SMV other,01 - Clear,01 - Daylight,02 - Wet,02 - Stop sign,01 - Functioning,1,0,0,1,01 - Minimal,1,1,,,,362119.9364,5025949.91,45.37114758,-75.76820893,6278
16--2911,2016/02/29,2:41 PM,PRINCE OF WALES DR @ WEST HUNT CLUB RD (0000567),567,02 - Intersection related,03 - P.D. only,03 - Rear end,01 - Clear,01 - Daylight,02 - Wet,01 - Traffic signal,01 - Functioning,2,0,0,0,,0,,,,,367459.7446,5021891.488,45.33417366,-75.70055748,6279
16--2912,2016/02/29,3:49 PM,CUMMINGS AVE btwn OGILVIE RD & LABELLE ST (__3ZA7QG),__3ZA7QG,04 - At/near private drive,03 - P.D. only,02 - Angle,01 - Clear,01 - Daylight,01 - Dry,10 - No control,,2,0,0,0,,0,,,,,372752.0872,5032164.525,45.42611371,-75.63162889,6280
16--2913,2016/02/29,4:13 PM,DUNNING RD btwn LOOKOUT DR & BRICKLAND DR (__3ZA3MZ),__3ZA3MZ,01 - Non intersection,02 - Non-fatal injury,07 - SMV other,01 - Clear,01 - Daylight,02 - Wet,10 - No control,,1,0,0,0,02 - Minor,1,,1,,,390610.341,5041812.105,45.51094863,-75.40176852,6281
16--2914,2016/02/29,4:23 PM,CATHERINE ST @ HWY 417 BRONSON IC121AR61 (0002694),2694,02 - Intersection related,03 - P.D. only,04 - Sideswipe,01 - Clear,01 - Daylight,01 - Dry,10 - No control,,2,0,0,0,,0,,,,,367354.0413,5029856.672,45.40585195,-75.70089733,6282
16--2915,2016/02/29,4:35 PM,LIARD ST btwn MORNINGSUN CRES & FERNBANK RD (__3ZABCW),__3ZABCW,01 - Non intersection,03 - P.D. only,07 - SMV other,04 - Freezing Rain,01 - Daylight,06 - Ice,10 - No control,,1,0,0,0,,0,,,,,351486.5469,5012643.906,45.25220596,-75.9052086,6283
16--2916,2016/02/29,4:45 AM,PRINCE OF WALES DR @ WEST HUNT CLUB RD (0000567),567,03 - At intersection,02 - Non-fatal injury,07 - SMV other,02 - Rain,07 - Dark,02 - Wet,01 - Traffic signal,01 - Functioning,1,0,0,0,02 - Minor,1,,1,,,367458.5139,5021891.398,45.33417296,-75.70057319,6284
16--2917,2016/02/29,5:15 PM,SLATER ST btwn BAY ST & LYON ST N (__3ZA33A),__3ZA33A,01 - Non intersection,03 - P.D. only,04 - Sideswipe,01 - Clear,01 - Daylight,01 - Dry,10 - No control,,2,0,0,0,,0,,,,,367085.4207,5031142.037,45.41744124,-75.70416609,6285
16--2918,2016/02/29,5:17 PM,REGIONAL ROAD 174 btwn TRANSIT & OR174 IC109 RAMP56 (__3ZAZ6U),__3ZAZ6U,01 - Non intersection,03 - P.D. only,03 - Rear end,01 - Clear,01 - Daylight,01 - Dry,10 - No control,,2,0,0,0,,0,,,,,376293.4494,5034638.772,45.44802248,-75.58601953,6286
16--2919,2016/02/29,5:36 PM,BANK ST btwn BLAIS RD & RIDEAU RD (__3ZA29L),__3ZA29L,04 - At/near private drive,03 - P.D. only,03 - Rear end,01 - Clear,05 - Dusk,02 - Wet,10 - No control,,2,0,0,0,,0,,,,,376528.432,5018842.391,45.30587081,-75.58531035,6287
16--292,2016/01/07,9:32 AM,MONTREAL RD @ OLMSTEAD ST (0009345),9345,02 - Intersection related,03 - P.D. only,04 - Sideswipe,01 - Clear,01 - Daylight,04 - Slush,01 - Traffic signal,01 - Functioning,2,0,0,0,,0,,,,,370333.3792,5033213.364,45.43578152,-75.66239499,6288
16--2920,2016/02/29,6:35 AM,HIGHWAY 7 btwn DWYER HILL RD & UPPER DWYER HILL RD (__7JQ7L7),__7JQ7L7,01 - Non intersection,02 - Non-fatal injury,07 - SMV other,04 - Freezing Rain,07 - Dark,02 - Wet,10 - No control,,1,0,0,0,03 - Major,1,,,1,,340972.0624,5007166.914,45.20353988,-76.03955731,6289
16--2921,2016/02/29,7:30 AM,HIGHWAY 416 btwn HWY416 IC66 RAMP53 & HWY416 IC57 RAMP34 (__3ZAZLC),__3ZAZLC,01 - Non intersection,02 - Non-fatal injury,07 - SMV other,04 - Freezing Rain,01 - Daylight,04 - Slush,10 - No control,,1,0,0,0,01 - Minimal,1,1,,,,363760.2589,5009910.234,45.22668686,-75.74917638,6290
16--2922,2016/02/29,7:40 AM,RIDEAU VALLEY DR    N btwn RIDEAU NARROWS DR & PHELAN RD E (__3ZA395),__3ZA395,01 - Non intersection,03 - P.D. only,07 - SMV other,04 - Freezing Rain,01 - Daylight,06 - Ice,10 - No control,,1,0,0,0,,0,,,,,372486.3749,5005721.144,45.18820941,-75.63863542,6291
16--2923,2016/02/29,7:42 AM,BINSCARTH CRES E @ SHELDRAKE DR E (0004023),4023,02 - Intersection related,03 - P.D. only,06 - SMV unattended vehicle,04 - Freezing Rain,01 - Daylight,06 - Ice,03 - Yield sign,01 - Functioning,1,0,0,0,,0,,,,,353363.7019,5016950.168,45.29082783,-75.88087366,6292
16--2924,2016/02/29,7:45 AM,MONTREAL RD/HANNAH ST @ CODY AVE (0009349),9349,02 - Intersection related,03 - P.D. only,07 - SMV other,03 - Snow,01 - Daylight,03 - Loose snow,01 - Traffic signal,01 - Functioning,1,0,0,0,,0,,,,,370254.7581,5033169.638,45.43539545,-75.66340558,6293
16--2925,2016/02/29,7:45 PM,ST. LAURENT BLVD @ COVENTRY RD/OGILVIE RD (0002151),2151,02 - Intersection related,02 - Non-fatal injury,03 - Rear end,01 - Clear,07 - Dark,02 - Wet,01 - Traffic signal,01 - Functioning,2,0,0,0,01 - Minimal,2,2,,,,372305.0536,5031951.353,45.42423898,-75.63737017,6294
16--2926,2016/02/29,8:10 PM,PORTAGE BRIDGE SB btwn PROVINCIAL BOUNDARY & WELLINGTON ST (__6TE1GY),__6TE1GY,01 - Non intersection,03 - P.D. only,03 - Rear end,03 - Snow,07 - Dark,05 - Packed snow,10 - No control,,2,0,0,0,,0,,,,,366340.379,5031666.932,45.42223002,-75.71361918,6295
16--2927,2016/02/29,8:13 PM,JOHN SUTHERLAND DR @ RICHMOND RD (0000578),578,03 - At intersection,03 - P.D. only,05 - Turning movement,05 - Drifting Snow,07 - Dark,02 - Wet,01 - Traffic signal,01 - Functioning,2,0,0,0,,0,,,,,358786.8869,5022150.716,45.33722708,-75.81117292,6296
16--2928,2016/02/29,8:39 AM,FOXLEIGH CRES btwn EQUESTRIAN DR & BLUEGRASS DR (__3ZABGB),__3ZABGB,01 - Non intersection,03 - P.D. only,01 - Approaching,02 - Rain,01 - Daylight,06 - Ice,10 - No control,,2,0,0,0,,0,,,,,354778.7273,5016230.549,45.28425333,-75.86290745,6297
16--2929,2016/02/29,8:40 AM,BRONSON AVE @ SUNNYSIDE AVE/UNIVERSITY RD - CA (0007209),7209,02 - Intersection related,03 - P.D. only,04 - Sideswipe,01 - Clear,01 - Daylight,01 - Dry,01 - Traffic signal,01 - Functioning,2,0,0,0,,0,,,,,367922.4856,5028092.221,45.38992491,-75.69386219,6298
16--293,2016/01/07,9:45 PM,HIGHWAY 417 btwn HWY417 IC163 RAMP15 & HWY417 IC155 RAMP51 (__3ZAZNS),__3ZAZNS,01 - Non intersection,03 - P.D. only,07 - SMV other,01 - Clear,07 - Dark,01 - Dry,10 - No control,,1,0,0,0,,0,,,,,331378.9861,5021437.811,45.33238562,-76.16090354,6299
16--2930,2016/02/29,8:46 AM,HIGHWAY 416 btwn HWY416 IC49 RAMP43 & HWY416 IC42 RAMP34 (__3ZAZJ7),__3ZAZJ7,01 - Non intersection,03 - P.D. only,07 - SMV other,01 - Clear,01 - Daylight,04 - Slush,10 - No control,,1,0,0,0,,0,,,,,369671.3743,4998819.882,45.12637611,-75.67535103,6300
16--2931,2016/02/29,8:50 AM,JOHNSTON RD btwn SOUTHGATE RD & ALBION RD S (__3ZA9FX),__3ZA9FX,04 - At/near private drive,02 - Non-fatal injury,03 - Rear end,01 - Clear,01 - Daylight,04 - Slush,10 - No control,,3,0,0,0,01 - Minimal,1,1,,,,371196.4945,5025045.587,45.36220964,-75.65246391,6301
16--2932,2016/02/29,8:56 AM,SHANNONDOE CRES E @ STONEMEADOW DR (0011776),11776,03 - At intersection,03 - P.D. only,02 - Angle,04 - Freezing Rain,01 - Daylight,06 - Ice,02 - Stop sign,01 - Functioning,2,0,0,0,,0,,,,,355759.4072,5016489.206,45.28651036,-75.85038069,6302
16--2933,2016/02/29,9:46 AM,CARP RD @ HAZELDEAN RD (0000086),86,03 - At intersection,02 - Non-fatal injury,07 - SMV other,01 - Clear,01 - Daylight,04 - Slush,01 - Traffic signal,01 - Functioning,1,0,0,0,03 - Major,1,,,1,,348804.7979,5014361.102,45.26783076,-75.93922057,6303
16--2934,2016/03/01,10:08 PM,RIVERSIDE DR btwn RAMP & TURN LANE (1) (__5FDV4W),__5FDV4W,01 - Non intersection,02 - Non-fatal injury,07 - SMV other,03 - Snow,07 - Dark,04 - Slush,10 - No control,,1,0,0,0,01 - Minimal,1,1,,,,368354.668,5027196.705,45.38182823,-75.68845865,6304
16--2935,2016/03/01,10:16 AM,CHESTERTON DR/COOLSPRING CRES W @ VIEWMOUNT DR (0000518),518,02 - Intersection related,02 - Non-fatal injury,07 - SMV other,01 - Clear,01 - Daylight,01 - Dry,02 - Stop sign,01 - Functioning,1,0,0,1,01 - Minimal,1,1,,,,366230.292,5023515.171,45.34889201,-75.71604031,6305
16--2936,2016/03/01,10:30 PM,ERIC CZAPNIK WAY btwn Continuation of ERIC CZAPNIK WAY & TENTH LINE RD (__8XI2Y1),__8XI2Y1,01 - Non intersection,03 - P.D. only,01 - Approaching,03 - Snow,07 - Dark,05 - Packed snow,10 - No control,,2,0,0,0,,0,,,,,382945.337,5038899.683,45.48564635,-75.50031604,6306
16--2937,2016/03/01,11:03 AM,BOYER RD @ ST. JOSEPH BLVD (0003643),3643,03 - At intersection,03 - P.D. only,03 - Rear end,01 - Clear,01 - Daylight,03 - Loose snow,02 - Stop sign,01 - Functioning,2,0,0,0,,0,,,,,380405.52,5036833.364,45.467335,-75.53312024,6307
16--2938,2016/03/01,11:04 AM,PICTON AVE @ WINONA AVE (0006297),6297,02 - Intersection related,03 - P.D. only,99 - Other,01 - Clear,01 - Daylight,01 - Dry,10 - No control,,2,0,0,0,,0,,,,,363261.2356,5028416.856,45.39325053,-75.75334731,6308
16--2939,2016/03/01,11:30 PM,OTTAWA RIVER PKWY WB btwn TUNNEY'S PASTURE/REMIC RAPIDS ENT & PARKDALE (__3ZA24KA),__3ZA24KA,01 - Non intersection,03 - P.D. only,07 - SMV other,03 - Snow,07 - Dark,03 - Loose snow,10 - No control,,1,0,0,0,,0,,,,,363959.302,5030000.946,45.40744525,-75.74424254,6309
16--294,2016/01/07,9:53 AM,BLACKBURN BYPASS @ INNES RD W (0009340),9340,02 - Intersection related,03 - P.D. only,03 - Rear end,01 - Clear,01 - Daylight,01 - Dry,01 - Traffic signal,01 - Functioning,2,0,0,0,,0,,,,,377186.5266,5032175.466,45.42576731,-75.57496604,6310
16--2940,2016/03/01,11:46 AM,ST. LAURENT BLVD btwn BOURASSA ST & SMYTH RD (__3ZA3R6),__3ZA3R6,01 - Non intersection,03 - P.D. only,03 - Rear end,01 - Clear,01 - Daylight,02 - Wet,10 - No control,,3,0,0,0,,0,,,,,373273.8019,5029600.993,45.40299741,-75.62531876,6311
16--2941,2016/03/01,12:04 PM,HERON RD @ JEFFERSON ST (0007192),7192,03 - At intersection,03 - P.D. only,02 - Angle,01 - Clear,01 - Daylight,01 - Dry,01 - Traffic signal,01 - Functioning,2,0,0,0,,0,,,,,371809.3912,5027053.651,45.38021915,-75.64436888,6312
16--2942,2016/03/01,12:05 AM,HIGHWAY 417 btwn HWY417 IC117 RAMP51 & HWY417 IC117 RAMP35 (__3ZA2YN),__3ZA2YN,01 - Non intersection,03 - P.D. only,07 - SMV other,01 - Clear,"08 - Dark, artificial",01 - Dry,10 - No control,,1,0,0,0,,0,,,,,370842.8593,5031207.285,45.41768374,-75.65615285,6313
16--2943,2016/03/01,12:09 PM,WALKLEY RD btwn BANFF AVE & AYERS AVE (__3ZA1RR),__3ZA1RR,01 - Non intersection,03 - P.D. only,04 - Sideswipe,01 - Clear,01 - Daylight,01 - Dry,10 - No control,,2,0,0,0,,0,,,,,370512.7302,5026048.799,45.37130065,-75.66105763,6314
16--2944,2016/03/01,12:39 PM,CATHERINE ST btwn BRONSON AVE & HWY417 IC121A RAMP61 (__3ZA3B4),__3ZA3B4,01 - Non intersection,03 - P.D. only,04 - Sideswipe,01 - Clear,01 - Daylight,01 - Dry,10 - No control,,2,0,0,0,,0,,,,,367294.6838,5029818.789,45.40551639,-75.70166032,6315
16--2945,2016/03/01,12:40 PM,MERIVALE RD btwn BURRIS LANE & OT/NE BOUNDARY (__3ZAZ7D),__3ZAZ7D,04 - At/near private drive,03 - P.D. only,02 - Angle,01 - Clear,01 - Daylight,01 - Dry,10 - No control,,2,0,0,0,,0,,,,,364920.119,5025133.857,45.36357025,-75.73256207,6316
16--2946,2016/03/01,2:19 PM,SMYTH RD @ RIVERSIDE HOSPITAL (0009069),9069,02 - Intersection related,03 - P.D. only,03 - Rear end,01 - Clear,01 - Daylight,01 - Dry,01 - Traffic signal,01 - Functioning,2,0,0,0,,0,,,,,369988.9576,5029120.049,45.39898365,-75.66733821,6317
16--3490,2016/03/17,12:42 PM,SMYTH RD E/LANCASTER RD @ ST. LAURENT BLVD N/R (0002256),2256,03 - At intersection,03 - P.D. only,03 - Rear end,01 - Clear,01 - Daylight,01 - Dry,01 - Traffic signal,01 - Functioning,3,0,0,0,,0,,,,,373364.8597,5029424.191,45.40139771,-75.62418031,6318
16--3402,2016/03/13,2:50 PM,WOODSIDE DR btwn TARA DR & NAVAHO DR (__3ZAAOQ),__3ZAAOQ,04 - At/near private drive,03 - P.D. only,07 - SMV other,01 - Clear,01 - Daylight,01 - Dry,10 - No control,,1,0,0,1,,0,,,,,363522.991,5025089.47,45.36328929,-75.75040023,6319