Anom_ID,Accident_Date,Accident_Time,Location,Geo_ID,Accident_Location,Classification_of_Accident,Initial_Impact_Type,Environment_Condition,Light,Road_Surface_Condition,Traffic_Control,Traffic_Control_Condition,No__of_Vehicles,No__of_Bicycles,No__of_Motorcycles,No__of_Pedestrians,Max_Injury,No__of_Injuries,No__of_Minimal,No__of_Minor,No__of_Major,No__of_Fatal,X,Y,Latitude,Longitude,ObjectId
16--3221,2016/03/07,9:55 AM,ALTA VISTA DR btwn PALEN AVE & WESMAR DR (__3ZBOUL),__3ZBOUL,01 - Non intersection,03 - P.D. only,99 - Other,01 - Clear,01 - Daylight,01 - Dry,10 - No control,,2,0,0,0,,0,,,,,370473.2955,5026999.214,45.37985586,-75.66143464,6320
16--3491,2016/03/17,12:52 PM,ALBERT ST @ METCALFE ST (0002117),2117,03 - At intersection,02 - Non-fatal injury,07 - SMV other,02 - Rain,01 - Daylight,02 - Wet,01 - Traffic signal,01 - Functioning,1,0,0,1,02 - Minor,1,,1,,,367691.7005,5031614.249,45.42163582,-75.69636002,6321
16--2947,2016/03/01,2:35 PM,HUNTER'S RUN DR @ JEANNE D'ARC BLVD (0012419),12419,02 - Intersection related,03 - P.D. only,03 - Rear end,01 - Clear,01 - Daylight,01 - Dry,01 - Traffic signal,01 - Functioning,3,0,0,0,,0,,,,,380567.5277,5036174.792,45.46139214,-75.53115022,6322
16--3403,2016/03/13,3:45 AM,HIGHWAY 417 btwn REGIONAL ROAD 174 & HWY417 IC113 RAMP85 (__3ZA289),__3ZA289,01 - Non intersection,03 - P.D. only,07 - SMV other,01 - Clear,07 - Dark,01 - Dry,10 - No control,,1,0,0,0,,0,,,,,373528.2142,5031788.389,45.4226536,-75.62176428,6323
16--3038,2016/03/03,10:56 PM,BEARBROOK RD/ROCKCLIFFE PKWY @ ST. JOSEPH BLVD (0012382),12382,03 - At intersection,03 - P.D. only,05 - Turning movement,01 - Clear,07 - Dark,02 - Wet,01 - Traffic signal,01 - Functioning,2,0,0,0,,0,,,,,377131.0269,5035244.004,45.45338178,-75.57522424,6324
16--3222,2016/03/08,1:05 PM,BASELINE RD @ SANDCASTLE DR (0001122),1122,03 - At intersection,02 - Non-fatal injury,05 - Turning movement,01 - Clear,01 - Daylight,02 - Wet,01 - Traffic signal,01 - Functioning,2,0,0,0,01 - Minimal,1,1,,,,359629.447,5021988.159,45.33569905,-75.80044137,6325
16--3492,2016/03/17,2:18 PM,RIVERSIDE DR NB btwn BANK ST & RIVERSIDE DR NB RAMP FROM EB TO WB (__3ZBOEF),__3ZBOEF,04 - At/near private drive,03 - P.D. only,04 - Sideswipe,02 - Rain,01 - Daylight,02 - Wet,10 - No control,,2,0,0,0,,0,,,,,369356.8823,5027972.078,45.38871315,-75.6755611,6326
16--3039,2016/03/03,11:00 PM,HIGHWAY 417 btwn HWY417 IC124 RAMP57 & HWY417 IC124 RAMP55 (__3ZA2Y1),__3ZA2Y1,01 - Non intersection,03 - P.D. only,03 - Rear end,02 - Rain,"08 - Dark, artificial",02 - Wet,10 - No control,,2,0,0,0,,0,,,,,364310.438,5027353.598,45.38359515,-75.74007654,6327
16--3404,2016/03/13,3:45 PM,CAMBRIAN RD @ GREENBANK RD (0001095),1095,03 - At intersection,03 - P.D. only,03 - Rear end,01 - Clear,01 - Daylight,01 - Dry,11 - Roundabout,01 - Functioning,2,0,0,0,,0,,,,,364764.9095,5012873.094,45.25326199,-75.73602667,6328
16--3223,2016/03/08,1:08 PM,PRINCE OF WALES DR @ STRANDHERD DR (0013339),13339,02 - Intersection related,03 - P.D. only,03 - Rear end,01 - Clear,01 - Daylight,02 - Wet,01 - Traffic signal,01 - Functioning,2,0,0,0,,0,,,,,367175.5143,5014824.864,45.27061436,-75.7050726,6329
16--3307,2016/03/10,3:54 PM,CONROY RD @ WALKLEY RD (0002648),2648,02 - Intersection related,02 - Non-fatal injury,03 - Rear end,01 - Clear,01 - Daylight,02 - Wet,01 - Traffic signal,01 - Functioning,2,0,0,0,02 - Minor,2,1,1,,,372904.3885,5027463.753,45.38380349,-75.63033209,6330
16--3493,2016/03/17,3:00 PM,BRONSON AVE @ CATHERINE ST/RAYMOND ST (0007198),7198,02 - Intersection related,03 - P.D. only,03 - Rear end,01 - Clear,01 - Daylight,01 - Dry,01 - Traffic signal,01 - Functioning,2,0,0,0,,0,,,,,367252.4865,5029797.232,45.40532619,-75.70220205,6331
16--3494,2016/03/17,3:02 PM,ST. JOSEPH BLVD btwn JEANNE D'ARC BLVD S & NOTRE DAME ST (__3ZA2BU),__3ZA2BU,04 - At/near private drive,03 - P.D. only,03 - Rear end,01 - Clear,01 - Daylight,02 - Wet,10 - No control,,2,0,0,0,,0,,,,,379932.6881,5036517.934,45.46454803,-75.5392144,6332
16--3495,2016/03/17,3:37 PM,ST. JOSEPH BLVD @ JEANNE D'ARC BLVD (0012421),12421,03 - At intersection,03 - P.D. only,04 - Sideswipe,01 - Clear,01 - Daylight,01 - Dry,11 - Roundabout,01 - Functioning,2,0,0,0,,0,,,,,379859.3648,5036472.729,45.46414919,-75.54015882,6333
16--3496,2016/03/17,3:44 PM,"EGLISE, RUE DE L @ MONTREAL RD (0011441)",11441,02 - Intersection related,02 - Non-fatal injury,07 - SMV other,02 - Rain,01 - Daylight,02 - Wet,01 - Traffic signal,01 - Functioning,1,0,0,1,01 - Minimal,1,1,,,,371156.2093,5033634.713,45.43949503,-75.65182247,6334
16--3497,2016/03/17,4:20 PM,HIGHWAY 417 btwn HWY417 IC124 RAMP67 & HWY417 IC123 RAMP62 (__3ZA2YZ),__3ZA2YZ,01 - Non intersection,03 - P.D. only,03 - Rear end,01 - Clear,01 - Daylight,02 - Wet,10 - No control,,2,0,0,0,,0,,,,,364722.4115,5027964.061,45.38905286,-75.73474217,6335
16--3498,2016/03/17,4:30 PM,HIGHWAY 417 btwn HWY417 IC122 RAMP61 & HWY417 IC121B RAMP16 (__3ZA2Y4),__3ZA2Y4,01 - Non intersection,03 - P.D. only,03 - Rear end,01 - Clear,01 - Daylight,02 - Wet,10 - No control,,3,0,0,0,,0,,,,,366561.8174,5029528.711,45.40297139,-75.71105778,6336
16--3499,2016/03/17,4:35 PM,ST. JOSEPH BLVD/OLD MONTREAL RD @ TRIM RD (0004118),4118,02 - Intersection related,02 - Non-fatal injury,03 - Rear end,01 - Clear,01 - Daylight,02 - Wet,11 - Roundabout,01 - Functioning,2,0,0,0,01 - Minimal,1,1,,,,384679.0556,5039285.582,45.48892205,-75.47807795,6337
16--35,2016/01/02,4:40 PM,OTTAWA RIVER PKWY @ ISLAND PARK DR (0002127),2127,02 - Intersection related,03 - P.D. only,03 - Rear end,01 - Clear,05 - Dusk,02 - Wet,01 - Traffic signal,01 - Functioning,2,0,0,0,,0,,,,,363299.4484,5029453.328,45.40257334,-75.75273638,6338
16--350,2016/01/09,3:40 AM,HALIFAX DR @ WALKLEY RD (0008803),8803,03 - At intersection,03 - P.D. only,07 - SMV other,03 - Snow,07 - Dark,03 - Loose snow,01 - Traffic signal,01 - Functioning,1,0,0,0,,0,,,,,373642.2361,5027901.42,45.3876693,-75.62085011,6339
16--3500,2016/03/17,4:44 PM,HOLLY ACRES RD btwn HWY416 IC75C RAMP24 & RICHMOND RD (__3ZA2IK),__3ZA2IK,01 - Non intersection,03 - P.D. only,03 - Rear end,01 - Clear,01 - Daylight,01 - Dry,10 - No control,,2,0,0,0,,0,,,,,359013.1666,5022768.252,45.34276624,-75.80821833,6340
16--3501,2016/03/17,4:44 PM,STAR TOP RD btwn Continuation of STAR TOP RD & INNES RD (__3ZBN0V),__3ZBN0V,01 - Non intersection,03 - P.D. only,05 - Turning movement,01 - Clear,01 - Daylight,01 - Dry,10 - No control,,2,0,0,0,,0,,,,,374127.3451,5030715.161,45.41293813,-75.61426026,6341
16--3502,2016/03/17,4:45 PM,HIGHWAY 417 btwn HWY417 IC122 RAMP16 & HWY417 IC122 RAMP61 (__3ZA2RA),__3ZA2RA,01 - Non intersection,02 - Non-fatal injury,03 - Rear end,01 - Clear,01 - Daylight,01 - Dry,10 - No control,,2,0,0,0,01 - Minimal,1,1,,,,365330.5312,5028895.018,45.39737712,-75.72686248,6342
16--3503,2016/03/17,5:00 PM,PRINCE OF WALES DR @ MEADOWLANDS DR/HOG'S BACK (0001629),1629,02 - Intersection related,03 - P.D. only,03 - Rear end,01 - Clear,01 - Daylight,02 - Wet,01 - Traffic signal,01 - Functioning,2,0,0,0,,0,,,,,367370.747,5025693.477,45.36839112,-75.70121174,6343
16--3504,2016/03/17,5:13 PM,HAWTHORNE RD @ LEITRIM RD (0009269),9269,02 - Intersection related,02 - Non-fatal injury,03 - Rear end,01 - Clear,01 - Daylight,01 - Dry,01 - Traffic signal,01 - Functioning,3,0,0,0,02 - Minor,1,,1,,,377037.9628,5022709.769,45.34061552,-75.57824944,6344
16--2948,2016/03/01,3:00 PM,CHURCHILL AVE   N btwn CARLING AVE & END (__3ZA0OP),__3ZA0OP,01 - Non intersection,03 - P.D. only,06 - SMV unattended vehicle,01 - Clear,01 - Daylight,02 - Wet,10 - No control,,1,0,0,0,,0,,,,,363806.4251,5026902.232,45.37957647,-75.74656596,6345
16--3505,2016/03/17,5:37 PM,INNES RD btwn 298 E OF WILDFLOWER DR & LANTHIER DR/PRESTWICK DR (__3ZA3Y4B),__3ZA3Y4B,04 - At/near private drive,03 - P.D. only,02 - Angle,02 - Rain,01 - Daylight,02 - Wet,10 - No control,,2,0,0,0,,0,,,,,383404.4952,5035931.149,45.45888663,-75.49491799,6346
16--3506,2016/03/17,6:05 PM,BANK ST btwn CHAMBERLAIN AVE & ROSEBERY AVE (__3ZA3PI),__3ZA3PI,01 - Non intersection,02 - Non-fatal injury,04 - Sideswipe,01 - Clear,05 - Dusk,01 - Dry,10 - No control,,2,0,0,0,01 - Minimal,1,1,,,,368110.9666,5030096.548,45.40794222,-75.69119807,6347
16--3507,2016/03/17,6:10 PM,REMINGTON WAY btwn NICKERSON WAY & COLLIER CRES (__3ZA55B),__3ZA55B,04 - At/near private drive,03 - P.D. only,02 - Angle,01 - Clear,05 - Dusk,01 - Dry,10 - No control,,2,0,0,0,,0,,,,,378092.0867,5014355.928,45.2653421,-75.56603576,6348
16--3508,2016/03/17,6:15 PM,AYLMER AVE @ BANK ST (0007222),7222,02 - Intersection related,03 - P.D. only,03 - Rear end,01 - Clear,05 - Dusk,01 - Dry,01 - Traffic signal,01 - Functioning,3,0,0,0,,0,,,,,368673.8956,5028730.181,45.39559695,-75.68418431,6349
16--3509,2016/03/17,6:31 PM,CROYDON AVE @ RICHMOND RD (0002652),2652,03 - At intersection,03 - P.D. only,02 - Angle,01 - Clear,05 - Dusk,01 - Dry,01 - Traffic signal,01 - Functioning,2,0,0,0,,0,,,,,360546.0841,5025273.669,45.36518976,-75.78837668,6350
16--351,2016/01/09,3:41 PM,CHARLEMAGNE BLVD @ PRINCESS LOUISE DR E (0012957),12957,02 - Intersection related,02 - Non-fatal injury,03 - Rear end,01 - Clear,01 - Daylight,02 - Wet,02 - Stop sign,01 - Functioning,2,0,0,0,02 - Minor,3,1,2,,,384092.0066,5038137.438,45.47865908,-75.48577249,6351
16--3510,2016/03/17,6:35 AM,DIAMONDVIEW RD btwn THOMAS A. DOLAN PKWY & OLD COACH RD (__3ZACEL),__3ZACEL,01 - Non intersection,03 - P.D. only,07 - SMV other,"07 - Fog, mist, smoke, dust",03 - Dawn,06 - Ice,10 - No control,,1,0,0,0,,0,,,,,335667.2703,5025124.155,45.36538152,-76.10596445,6352
16--3511,2016/03/17,6:50 AM,AIRPORT PKWY btwn BROOKFIELD RAMP 34 & BRONSON AVE RAMP 24C (__3ZA229),__3ZA229,01 - Non intersection,03 - P.D. only,04 - Sideswipe,01 - Clear,03 - Dawn,01 - Dry,10 - No control,,2,0,0,0,,0,,,,,368711.454,5026668.503,45.37704316,-75.68397162,6353
16--3512,2016/03/17,6:55 AM,UPPER DWYER HILL RD btwn HAMILTON SIDE RD & MCARTON RD (__3ZA4E9),__3ZA4E9,01 - Non intersection,03 - P.D. only,07 - SMV other,01 - Clear,01 - Daylight,06 - Ice,10 - No control,,1,0,0,0,,0,,,,,340057.5674,5007611.478,45.20758668,-76.05116631,6354
16--3513,2016/03/17,6:57 AM,TENTH LINE RD btwn 275 N OF DES EPINETTES AVE/FALLINGBROOK SC & DES EP (__3ZA3YNB),__3ZA3YNB,01 - Non intersection,03 - P.D. only,04 - Sideswipe,01 - Clear,01 - Daylight,02 - Wet,10 - No control,,2,0,0,0,,0,,,,,383629.647,5036923.893,45.46779308,-75.49188033,6355
16--3514,2016/03/17,7:00 AM,NIXON DR btwn TAYLOR WAY & OSGOODE MAIN ST (__3ZA7E6),__3ZA7E6,01 - Non intersection,03 - P.D. only,07 - SMV other,01 - Clear,03 - Dawn,02 - Wet,10 - No control,,1,0,0,0,,0,,,,,374393.4531,5000487.86,45.14093529,-75.61509851,6356
16--3515,2016/03/17,7:20 AM,ANDERSON RD btwn RIDGE RD & RUSSELL RD (__3ZA2B4),__3ZA2B4,01 - Non intersection,03 - P.D. only,07 - SMV other,01 - Clear,01 - Daylight,06 - Ice,10 - No control,,1,0,0,0,,0,,,,,379545.6507,5027240.204,45.38111499,-75.54557077,6357
16--3516,2016/03/17,7:26 PM,BLACKBURN BYPASS @ NAVAN RD (0004201),4201,03 - At intersection,03 - P.D. only,05 - Turning movement,02 - Rain,07 - Dark,02 - Wet,01 - Traffic signal,01 - Functioning,2,0,0,0,,0,,,,,379617.8041,5033274.605,45.43540076,-75.54373381,6358
16--3517,2016/03/17,7:45 AM,DWYER HILL RD btwn PADEN RD & DONNELLY DR (__3ZA4ZU),__3ZA4ZU,01 - Non intersection,03 - P.D. only,07 - SMV other,01 - Clear,01 - Daylight,06 - Ice,10 - No control,,1,0,0,0,,0,,,,,360047.4203,4982854.714,44.98353195,-75.79943768,6359
16--3518,2016/03/17,7:50 AM,ST. LAURENT BLVD btwn HWY417 IC115 RAMP35 & HWY417 IC115 RAMP26 (__3ZAZEA),__3ZAZEA,01 - Non intersection,03 - P.D. only,03 - Rear end,01 - Clear,01 - Daylight,01 - Dry,10 - No control,,2,0,0,0,,0,,,,,372488.0968,5031515.861,45.42030294,-75.63509121,6360
16--3129,2016/03/04,8:55 AM,RIDEAU ST btwn NELSON ST & FRIEL ST (__3ZA3WJ),__3ZA3WJ,01 - Non intersection,02 - Non-fatal injury,03 - Rear end,01 - Clear,01 - Daylight,02 - Wet,10 - No control,,3,0,0,0,01 - Minimal,1,1,,,,368668.8982,5032509.701,45.42960424,-75.68375838,6361
16--3519,2016/03/17,7:54 AM,FRANKTOWN RD btwn DWYER HILL RD & MATILDA GT (__3ZA3E7),__3ZA3E7,01 - Non intersection,03 - P.D. only,07 - SMV other,01 - Clear,01 - Daylight,01 - Dry,10 - No control,,1,0,0,0,,0,,,,,348472.9662,4998792.931,45.12776142,-75.94481311,6362
16--352,2016/01/09,3:55 PM,KENT ST @ SOMERSET ST (0008857),8857,03 - At intersection,02 - Non-fatal injury,07 - SMV other,02 - Rain,01 - Daylight,02 - Wet,01 - Traffic signal,01 - Functioning,1,0,0,2,02 - Minor,2,1,1,,,367527.4517,5030817.441,45.41448114,-75.69856004,6363
16--3520,2016/03/17,8:12 AM,DUNROBIN RD btwn LILLIAN WAY & HARWOOD LANE (__3ZBOB6),__3ZBOB6,01 - Non intersection,03 - P.D. only,07 - SMV other,01 - Clear,01 - Daylight,01 - Dry,10 - No control,,1,0,0,0,,0,,,,,345636.8115,5027814.995,45.38908446,-75.97848058,6364
16--3521,2016/03/17,8:14 AM,ALTA VISTA DR @ SMYTH RD (0011353),11353,03 - At intersection,03 - P.D. only,05 - Turning movement,01 - Clear,01 - Daylight,01 - Dry,01 - Traffic signal,01 - Functioning,3,0,0,0,,0,,,,,370432.9414,5029082.234,45.39860192,-75.66167282,6365
16--3522,2016/03/17,8:15 AM,FLEWELLYN RD btwn CONLEY RD & NO NAME (__5RG4JY),__5RG4JY,01 - Non intersection,03 - P.D. only,07 - SMV other,01 - Clear,01 - Daylight,06 - Ice,10 - No control,,1,0,0,0,,0,,,,,348903.0494,5008502.637,45.21510773,-75.93848809,6366
16--3523,2016/03/17,8:48 AM,CUMBERLAND ST @ ST. PATRICK ST (0008238),8238,03 - At intersection,03 - P.D. only,02 - Angle,01 - Clear,01 - Daylight,01 - Dry,01 - Traffic signal,01 - Functioning,2,0,0,0,,0,,,,,368128.9267,5032749.691,45.43181268,-75.69062763,6367
16--3524,2016/03/18,1:03 PM,CASTLEFRANK RD btwn MACNEIL CRT & HAZELDEAN RD (__3ZA1XG),__3ZA1XG,04 - At/near private drive,03 - P.D. only,02 - Angle,01 - Clear,01 - Daylight,01 - Dry,10 - No control,,2,0,0,0,,0,,,,,352636.4189,5017732.314,45.29791565,-75.89006963,6368
16--3525,2016/03/18,10:15 AM,CARLING AVE @ KIRKWOOD AVE N (0002358),2358,02 - Intersection related,03 - P.D. only,04 - Sideswipe,01 - Clear,01 - Daylight,01 - Dry,01 - Traffic signal,01 - Functioning,2,0,0,0,,0,,,,,364275.8017,5027493.874,45.38486027,-75.74050189,6369
16--3526,2016/03/18,10:30 PM,MADAWASKA BLVD btwn CONNIFER LANE & Continuation of MADAWASKA BLVD (__5SPK8W),__5SPK8W,01 - Non intersection,03 - P.D. only,07 - SMV other,01 - Clear,07 - Dark,01 - Dry,10 - No control,,1,0,0,0,,0,,,,,318617.4632,5031799.577,45.42599416,-76.32342478,6370
16--3527,2016/03/18,10:55 AM,INDUSTRIAL AVE btwn NEIGHBORHOOD WAY & TRAINYARDS DR (__6N4VKM),__6N4VKM,04 - At/near private drive,03 - P.D. only,02 - Angle,01 - Clear,01 - Daylight,01 - Dry,10 - No control,,2,0,0,0,,0,,,,,371336.0112,5030550.478,45.41172735,-75.64994109,6371
16--3528,2016/03/18,11:10 AM,VANIER PKWY/CRICHTON ST @ BEECHWOOD AVE/ST. PA (0001604),1604,02 - Intersection related,03 - P.D. only,05 - Turning movement,01 - Clear,01 - Daylight,01 - Dry,01 - Traffic signal,01 - Functioning,2,0,0,0,,0,,,,,369128.2489,5033486.195,45.43834825,-75.67776092,6372
16--3529,2016/03/18,11:13 PM,MEADOWLANDS DR btwn INDIAN RD & LAIRD ST (__3ZA4HK),__3ZA4HK,01 - Non intersection,03 - P.D. only,06 - SMV unattended vehicle,01 - Clear,07 - Dark,01 - Dry,10 - No control,,1,0,0,0,,0,,,,,364058.402,5023281.209,45.34697372,-75.74378305,6373
16--353,2016/01/09,4:20 PM,HWY 417 VANIER IC117R63 @ VANIER PKWY (0002101),2101,02 - Intersection related,03 - P.D. only,04 - Sideswipe,02 - Rain,05 - Dusk,02 - Wet,01 - Traffic signal,01 - Functioning,2,0,0,0,,0,,,,,370801.9524,5031399.111,45.41941357,-75.65664978,6374
16--3530,2016/03/18,11:25 AM,BLACKBURN BYPASS EB btwn NAVAN RD & INNES RD E (__3ZA3JA),__3ZA3JA,01 - Non intersection,03 - P.D. only,04 - Sideswipe,01 - Clear,01 - Daylight,01 - Dry,10 - No control,,2,0,0,0,,0,,,,,379782.6469,5033677.902,45.43901167,-75.54156577,6375
16--3531,2016/03/18,11:43 AM,VANIER PKWY SB btwn DONALD ST & QUEEN MARY ST (__3ZA25W),__3ZA25W,01 - Non intersection,03 - P.D. only,03 - Rear end,01 - Clear,01 - Daylight,01 - Dry,10 - No control,,3,0,0,0,,0,,,,,370307.5998,5032204.512,45.42670671,-75.66285867,6376
16--3532,2016/03/18,11:47 AM,CARLING AVE @ KIRKWOOD AVE S (0002209),2209,02 - Intersection related,03 - P.D. only,02 - Angle,01 - Clear,01 - Daylight,01 - Dry,01 - Traffic signal,00 - Unknown,2,0,0,0,,0,,,,,364350.8136,5027338.879,45.38345928,-75.73956278,6377
16--3533,2016/03/18,12:10 PM,MERIVALE RD btwn CLEOPATRA DR & SLACK RD (__3ZBOG3),__3ZBOG3,04 - At/near private drive,03 - P.D. only,02 - Angle,01 - Clear,01 - Daylight,01 - Dry,10 - No control,,2,0,0,0,,0,,,,,366000.3884,5021005.438,45.3263299,-75.71928442,6378
16--3534,2016/03/18,12:26 PM,UPPER DWYER HILL RD btwn MARCH RD & OLD ALMONTE RD (__3ZA4QB),__3ZA4QB,01 - Non intersection,03 - P.D. only,07 - SMV other,01 - Clear,01 - Daylight,01 - Dry,10 - No control,,1,0,0,0,,0,,,,,334562.5783,5013784.227,45.2633866,-76.1207473,6379
16--3535,2016/03/18,12:37 PM,ST. LAURENT BLVD btwn FOLEY AVE & WALKLEY RD (__3ZA73H),__3ZA73H,04 - At/near private drive,03 - P.D. only,03 - Rear end,01 - Clear,01 - Daylight,01 - Dry,10 - No control,,2,0,0,0,,0,,,,,373871.9981,5028115.766,45.38957526,-75.61788629,6380
16--3536,2016/03/18,12:47 PM,BANK ST btwn HOLMWOOD AVE & LANSDOWNE PARK (__3ZA3NFA),__3ZA3NFA,01 - Non intersection,03 - P.D. only,04 - Sideswipe,01 - Clear,01 - Daylight,01 - Dry,10 - No control,,2,0,0,0,,0,,,,,368489.9211,5029178.691,45.39964926,-75.68647594,6381
16--3537,2016/03/18,2:07 PM,PRINCE OF WALES DR @ WEST HUNT CLUB RD (0000567),567,02 - Intersection related,03 - P.D. only,03 - Rear end,01 - Clear,01 - Daylight,01 - Dry,01 - Traffic signal,01 - Functioning,2,0,0,0,,0,,,,,367458.9766,5021890.704,45.33416668,-75.70056737,6382
16--3538,2016/03/18,2:14 PM,MOODIE DR btwn RICHMOND RD & RICHMOND RD (__3ZBOCV),__3ZBOCV,01 - Non intersection,02 - Non-fatal injury,04 - Sideswipe,01 - Clear,01 - Daylight,01 - Dry,10 - No control,,2,0,0,0,01 - Minimal,1,1,,,,357412.1445,5019635.771,45.3147018,-75.82897948,6383
16--3539,2016/03/18,3:23 PM,MONTREAL RD btwn CLOVELLY RD & ELWOOD ST (__3ZA2DZ),__3ZA2DZ,01 - Non intersection,03 - P.D. only,04 - Sideswipe,01 - Clear,01 - Daylight,01 - Dry,10 - No control,,2,0,0,0,,0,,,,,374381.0376,5034400.5,45.44607165,-75.61049871,6384
16--354,2016/01/09,4:21 PM,ORANGEVILLE ST/HWY 417 ROCHEST IC121BR51 @ ROC (0006465),6465,03 - At intersection,03 - P.D. only,02 - Angle,02 - Rain,05 - Dusk,02 - Wet,01 - Traffic signal,01 - Functioning,2,0,0,0,,0,,,,,366778.2244,5029520.966,45.40288258,-75.70829464,6385
16--3540,2016/03/18,3:26 PM,RIVERSIDE DR @ HERON RD (0002236),2236,02 - Intersection related,03 - P.D. only,03 - Rear end,01 - Clear,01 - Daylight,01 - Dry,01 - Traffic signal,01 - Functioning,2,0,0,0,,0,,,,,368121.1049,5026647.665,45.37690927,-75.69151117,6386
16--3541,2016/03/18,3:30 PM,DONALD ST @ ST. LAURENT BLVD (0008630),8630,02 - Intersection related,03 - P.D. only,03 - Rear end,01 - Clear,01 - Daylight,01 - Dry,01 - Traffic signal,01 - Functioning,2,0,0,0,,0,,,,,372093.9374,5032473.258,45.42895518,-75.63999635,6387
16--3542,2016/03/18,3:45 PM,LEMIEUX ST @ ST. LAURENT BLVD (0002021),2021,03 - At intersection,03 - P.D. only,03 - Rear end,01 - Clear,01 - Daylight,01 - Dry,01 - Traffic signal,01 - Functioning,2,0,0,0,,0,,,,,372390.8378,5031743.008,45.4223561,-75.63630266,6388
16--3543,2016/03/18,3:57 PM,ST. LAURENT BLVD btwn TREMBLAY RD & SHORE ST (__3ZA2GT),__3ZA2GT,01 - Non intersection,03 - P.D. only,03 - Rear end,01 - Clear,01 - Daylight,01 - Dry,10 - No control,,2,0,0,0,,0,,,,,372787.3234,5030767.788,45.41354311,-75.63137138,6389
16--3544,2016/03/18,4:10 PM,KING EDWARD AVE @ ST. PATRICK ST (0002714),2714,02 - Intersection related,03 - P.D. only,03 - Rear end,01 - Clear,01 - Daylight,01 - Dry,01 - Traffic signal,01 - Functioning,3,0,0,0,,0,,,,,368249.3755,5032823.139,45.43246263,-75.68907893,6390
16--3545,2016/03/18,4:20 PM,CHAMPLAIN BRIDGE/ISLAND PARK DR btwn BATE ISLAND & PROVINCIAL BOUNDARY (__3ZA2ZEA),__3ZA2ZEA,07 - Overpass or bridge,02 - Non-fatal injury,03 - Rear end,01 - Clear,01 - Daylight,01 - Dry,10 - No control,,2,0,0,0,01 - Minimal,1,1,,,,362884.8516,5030134.506,45.40873699,-75.75795169,6391
16--3546,2016/03/18,4:40 PM,INNES RD @ PROVENCE AVE (0009244),9244,03 - At intersection,03 - P.D. only,04 - Sideswipe,01 - Clear,01 - Daylight,01 - Dry,01 - Traffic signal,01 - Functioning,2,0,0,0,,0,,,,,386109.964,5037083.96,45.46894887,-75.46013928,6392
16--3547,2016/03/18,5:20 PM,STRANDHERD DR btwn MARAVISTA DR & KENNEVALE DR (__6NF1SR),__6NF1SR,01 - Non intersection,02 - Non-fatal injury,03 - Rear end,01 - Clear,01 - Daylight,01 - Dry,10 - No control,,2,0,0,0,02 - Minor,1,,1,,,361450.9713,5014190.28,45.26538876,-75.77809373,6393
16--3548,2016/03/18,5:45 PM,WOODROFFE AVE @ FIRESTATION (0008642),8642,02 - Intersection related,03 - P.D. only,03 - Rear end,01 - Clear,01 - Daylight,01 - Dry,01 - Traffic signal,01 - Functioning,3,0,0,0,,0,,,,,362494.9602,5023913.208,45.35279075,-75.76365926,6394
16--3549,2016/03/18,5:55 AM,MACKENZIE AVE btwn MURRAY ST & 205 N OF RIDEAU ST (__3ZA8H8B),__3ZA8H8B,01 - Non intersection,03 - P.D. only,07 - SMV other,01 - Clear,03 - Dawn,01 - Dry,10 - No control,,1,0,0,0,,0,,,,,367732.4035,5032228.506,45.42715904,-75.69576148,6395
16--355,2016/01/09,4:26 AM,KING EDWARD AVE @ ST. PATRICK ST (0002714),2714,02 - Intersection related,03 - P.D. only,07 - SMV other,03 - Snow,07 - Dark,03 - Loose snow,01 - Traffic signal,01 - Functioning,1,0,0,0,,0,,,,,368248.4818,5032823.808,45.43246873,-75.68909027,6396
16--3550,2016/03/18,6:43 PM,GREENBANK RD @ MARKETPLACE AVE (0010406),10406,03 - At intersection,03 - P.D. only,05 - Turning movement,01 - Clear,07 - Dark,01 - Dry,01 - Traffic signal,01 - Functioning,2,0,0,0,,0,,,,,364008.0896,5014601.923,45.26888213,-75.74546194,6397
16--3551,2016/03/18,6:47 AM,REGIONAL ROAD 174 btwn TRANSIT & OR174 IC109 RAMP56 (__3ZAZ6U),__3ZAZ6U,01 - Non intersection,03 - P.D. only,07 - SMV other,01 - Clear,01 - Daylight,02 - Wet,10 - No control,,1,0,0,0,,0,,,,,376259.5189,5034556.079,45.44728193,-75.58646525,6398
16--3552,2016/03/18,6:47 PM,MONTREAL RD @ BATHGATE DR/BURMA RD (0007650),7650,03 - At intersection,02 - Non-fatal injury,05 - Turning movement,01 - Clear,05 - Dusk,01 - Dry,01 - Traffic signal,01 - Functioning,3,0,0,0,02 - Minor,1,,1,,,373224.0565,5034516.814,45.44723239,-75.62527126,6399
16--3553,2016/03/18,8:00 AM,FALLOWFIELD RD btwn HOLITMAN DR & 482 E OF HOLITMAN DR/BARRHAVEN CROSS (__5UXZZVA),__5UXZZVA,01 - Non intersection,03 - P.D. only,03 - Rear end,01 - Clear,01 - Daylight,01 - Dry,10 - No control,,2,0,0,0,,0,,,,,363939.3645,5017252.373,45.29273667,-75.74602186,6400
16--3554,2016/03/18,8:20 AM,CYMBELINE DR btwn OBERON ST & SEYTON DR (__3ZBNDI),__3ZBNDI,04 - At/near private drive,03 - P.D. only,02 - Angle,01 - Clear,01 - Daylight,01 - Dry,10 - No control,,2,0,0,0,,0,,,,,356856.0776,5020040.284,45.3183831,-75.83602862,6401
16--3555,2016/03/18,8:55 AM,HIGHWAY 417 btwn HWY417 IC163 RAMP61 & HWY417 IC155 RAMP36 (__3ZA2QB),__3ZA2QB,01 - Non intersection,03 - P.D. only,07 - SMV other,01 - Clear,01 - Daylight,01 - Dry,10 - No control,,1,0,0,0,,0,,,,,336160.3086,5020219.827,45.32122822,-76.09998164,6402