Anom_ID,Accident_Date,Accident_Time,Location,Geo_ID,Accident_Location,Classification_of_Accident,Initial_Impact_Type,Environment_Condition,Light,Road_Surface_Condition,Traffic_Control,Traffic_Control_Condition,No__of_Vehicles,No__of_Bicycles,No__of_Motorcycles,No__of_Pedestrians,Max_Injury,No__of_Injuries,No__of_Minimal,No__of_Minor,No__of_Major,No__of_Fatal,X,Y,Latitude,Longitude,ObjectId
16--3556,2016/03/18,8:58 PM,INDUSTRIAL AVE btwn NEIGHBORHOOD WAY & TRAINYARDS DR (__6N4VKM),__6N4VKM,01 - Non intersection,03 - P.D. only,04 - Sideswipe,01 - Clear,07 - Dark,01 - Dry,10 - No control,,2,0,0,0,,0,,,,,371673.3025,5030541.477,45.41161421,-75.64563358,6403
16--3557,2016/03/18,9:02 AM,HUNT CLUB RD @ RIVERSIDE DR (0002237),2237,02 - Intersection related,03 - P.D. only,03 - Rear end,01 - Clear,01 - Daylight,01 - Dry,01 - Traffic signal,01 - Functioning,2,0,0,0,,0,,,,,368036.9693,5021945.232,45.33460546,-75.69318684,6404
16--3558,2016/03/18,9:14 PM,WALKLEY RD btwn SPRINGLAND DR & MCCARTHY RD (__3ZA37W),__3ZA37W,01 - Non intersection,03 - P.D. only,07 - SMV other,01 - Clear,07 - Dark,06 - Ice,10 - No control,,1,0,0,0,,0,,,,,369156.5707,5025252.08,45.36425785,-75.67847344,6405
16--3559,2016/03/19,10:26 PM,OTTAWA RIVER PKWY @ ISLAND PARK DR (0002127),2127,02 - Intersection related,03 - P.D. only,03 - Rear end,01 - Clear,07 - Dark,01 - Dry,01 - Traffic signal,01 - Functioning,2,0,0,0,,0,,,,,363299.0993,5029453.677,45.40257651,-75.7527408,6406
16--356,2016/01/09,4:26 AM,REGIONAL ROAD 174 btwn HIGHWAY 417 & HWY417 IC113 RAMP65 (__3ZA2YL),__3ZA2YL,01 - Non intersection,03 - P.D. only,07 - SMV other,03 - Snow,07 - Dark,03 - Loose snow,10 - No control,,1,0,0,0,,0,,,,,373304.1497,5031719.155,45.42205265,-75.62463675,6407
16--3560,2016/03/19,10:41 AM,BANK ST @ CECIL AVE (0002601),2601,03 - At intersection,03 - P.D. only,02 - Angle,01 - Clear,01 - Daylight,01 - Dry,02 - Stop sign,01 - Functioning,2,0,0,0,,0,,,,,369944.4869,5026988.869,45.37981215,-75.66818751,6408
16--3561,2016/03/19,10:55 AM,MACKENZIE KING BR/WALLER ST @ NICHOLAS ST/WALL (0011251),11251,03 - At intersection,03 - P.D. only,05 - Turning movement,01 - Clear,01 - Daylight,01 - Dry,01 - Traffic signal,01 - Functioning,2,0,0,0,,0,,,,,368371.0485,5031993.007,45.42498235,-75.6876312,6409
16--3562,2016/03/19,11:43 AM,GALETTA SIDE RD btwn IVY ACRES RD & UPPER DWYER HILL RD (__3ZA4SO),__3ZA4SO,01 - Non intersection,02 - Non-fatal injury,05 - Turning movement,01 - Clear,01 - Daylight,01 - Dry,10 - No control,,2,0,0,0,02 - Minor,2,,2,,,320840.0323,5028838.651,45.39930278,-76.2951188,6410
16--3563,2016/03/19,11:45 PM,HIGHWAY 417 btwn Continuation of HIGHWAY 417 & HWY417 IC144 RAMP16 (__3ZA2Q6),__3ZA2Q6,01 - Non intersection,03 - P.D. only,07 - SMV other,01 - Clear,"08 - Dark, artificial",01 - Dry,10 - No control,,1,0,0,0,,0,,,,,347378.0682,5015844.362,45.28126553,-75.9572742,6411
16--3564,2016/03/19,11:48 PM,MULBERRY CRES btwn MARQUIS AVE & MARQUIS AVE (__3ZA7YC),__3ZA7YC,04 - At/near private drive,03 - P.D. only,07 - SMV other,01 - Clear,07 - Dark,01 - Dry,10 - No control,,1,0,0,0,,0,,,,,375011.9851,5034664.968,45.44838808,-75.60239613,6412
16--3565,2016/03/19,11:53 AM,BANK ST btwn ST. PAUL AVE & KITCHENER AVE (__3ZA4TR),__3ZA4TR,04 - At/near private drive,03 - P.D. only,03 - Rear end,01 - Clear,01 - Daylight,01 - Dry,10 - No control,,2,0,0,0,,0,,,,,370524.0792,5025528.097,45.36661448,-75.66098203,6413
16--3566,2016/03/19,11:56 AM,CYRVILLE RD @ ST. LAURENT BLVD (0002647),2647,03 - At intersection,02 - Non-fatal injury,07 - SMV other,01 - Clear,01 - Daylight,01 - Dry,01 - Traffic signal,01 - Functioning,1,0,0,1,01 - Minimal,1,1,,,,372241.9481,5032111.58,45.42568671,-75.63815455,6414
16--3567,2016/03/19,12:00 PM,HIGHWAY 417 btwn HWY417 IC126 RAMP25 & HWY417 IC124 RAMP57 (__3ZA2R5),__3ZA2R5,01 - Non intersection,03 - P.D. only,03 - Rear end,01 - Clear,01 - Daylight,01 - Dry,10 - No control,,2,0,0,0,,0,,,,,363665.594,5026500.082,45.37596983,-75.74841197,6415
16--3568,2016/03/19,12:02 AM,HIGHWAY 417 btwn HWY417 IC104 RAMP15 & HWY417 IC96 RAMP51 (__3ZA2W4),__3ZA2W4,01 - Non intersection,02 - Non-fatal injury,07 - SMV other,01 - Clear,07 - Dark,01 - Dry,10 - No control,,1,0,0,0,01 - Minimal,1,1,,,,381434.5027,5025602.312,45.36617428,-75.5217096,6416
16--3569,2016/03/19,12:12 AM,BRIDGESTONE DR @ EQUESTRIAN DR N (0011928),11928,02 - Intersection related,03 - P.D. only,07 - SMV other,01 - Clear,07 - Dark,01 - Dry,03 - Yield sign,01 - Functioning,1,0,0,0,,0,,,,,355115.7505,5016815.105,45.28948924,-75.85855231,6417
16--357,2016/01/09,4:30 PM,OTHELLO AVE @ WESTON DR (0008356),8356,03 - At intersection,03 - P.D. only,02 - Angle,01 - Clear,05 - Dusk,02 - Wet,02 - Stop sign,01 - Functioning,2,0,0,0,,0,,,,,373384.2287,5028906.425,45.39673719,-75.62400492,6418
16--3570,2016/03/19,2:35 PM,WELLINGTON ST    W btwn SMIRLE AVE & JULIAN AVE (__3ZA4PE),__3ZA4PE,01 - Non intersection,03 - P.D. only,04 - Sideswipe,01 - Clear,01 - Daylight,01 - Dry,10 - No control,,2,0,0,0,,0,,,,,364683.7116,5029069.671,45.39900423,-75.73510215,6419
16--3571,2016/03/19,2:46 PM,BRUYERE ST btwn SUSSEX DR & PARENT AVE (__3ZBOXN),__3ZBOXN,01 - Non intersection,02 - Non-fatal injury,07 - SMV other,01 - Clear,01 - Daylight,01 - Dry,10 - No control,,1,0,0,1,02 - Minor,1,,1,,,367627.2105,5032723.21,45.43161967,-75.69704254,6420
16--3572,2016/03/19,3:08 PM,ST. LAURENT BLVD btwn FOLEY AVE & WALKLEY RD (__3ZA73H),__3ZA73H,04 - At/near private drive,03 - P.D. only,03 - Rear end,01 - Clear,01 - Daylight,01 - Dry,10 - No control,,2,0,0,0,,0,,,,,373861.6265,5028139.439,45.38978929,-75.61801541,6421
16--3573,2016/03/19,3:29 PM,WOODROFFE AVE @ PRINCE OF WALES DR (0010326),10326,02 - Intersection related,03 - P.D. only,05 - Turning movement,01 - Clear,01 - Daylight,01 - Dry,02 - Stop sign,01 - Functioning,2,0,0,0,,0,,,,,366802.3039,5014048.033,45.26365747,-75.7099254,6422
16--3574,2016/03/19,3:40 PM,MEADOWLANDS DR/TALLWOOD DR @ WOODROFFE AVE (0000095),95,02 - Intersection related,03 - P.D. only,03 - Rear end,01 - Clear,01 - Daylight,01 - Dry,01 - Traffic signal,01 - Functioning,3,0,0,0,,0,,,,,363056.4801,5022730.394,45.34210146,-75.7566327,6423
16--3575,2016/03/19,5:52 PM,MERIVALE RD @ 110 S OF BURRIS LANE/LOBLAWS SC (0004606),4606,03 - At intersection,03 - P.D. only,02 - Angle,01 - Clear,01 - Daylight,01 - Dry,01 - Traffic signal,01 - Functioning,2,0,0,0,,0,,,,,364815.0188,5024953.588,45.36195722,-75.73392545,6424
16--3576,2016/03/19,6:11 PM,DATA CENTRE RD @ RIVERSIDE DR (0010863),10863,02 - Intersection related,03 - P.D. only,03 - Rear end,01 - Clear,05 - Dusk,01 - Dry,01 - Traffic signal,01 - Functioning,2,0,0,0,,0,,,,,368897.2243,5027671.458,45.38605048,-75.68146971,6425
16--3577,2016/03/19,7:02 PM,CYCLONE TAYLOR BLVD @ PALLADIUM DR (0003236),3236,02 - Intersection related,03 - P.D. only,03 - Rear end,01 - Clear,07 - Dark,01 - Dry,01 - Traffic signal,01 - Functioning,2,0,0,0,,0,,,,,350164.1526,5017577.13,45.29668324,-75.92160439,6426
16--3405,2016/03/13,4:47 PM,REGIONAL ROAD 174 btwn OR174 IC101 RAMP36 & OR174 IC101 RAMP26 (__3ZA11R),__3ZA11R,01 - Non intersection,03 - P.D. only,03 - Rear end,01 - Clear,01 - Daylight,01 - Dry,10 - No control,,2,0,0,0,,0,,,,,382332.0262,5038680.739,45.48374488,-75.50819527,6427
16--304,2016/01/08,12:15 PM,BANTREE ST @ BLACKWELL ST (0008392),8392,03 - At intersection,02 - Non-fatal injury,02 - Angle,01 - Clear,01 - Daylight,02 - Wet,02 - Stop sign,01 - Functioning,2,0,0,0,01 - Minimal,1,1,,,,374450.0692,5029962.65,45.40613537,-75.61024389,6428
16--3406,2016/03/13,8:43 AM,INNES RD btwn ANDERSON RD & INNES RD (__3ZA3J2),__3ZA3J2,01 - Non intersection,02 - Non-fatal injury,03 - Rear end,01 - Clear,01 - Daylight,01 - Dry,10 - No control,,4,0,0,0,01 - Minimal,2,2,,,,376446.7101,5031935.473,45.42368417,-75.58445391,6429
16--3224,2016/03/08,11:01 PM,BRONSON AVE @ JAMES ST (0005694),5694,03 - At intersection,03 - P.D. only,02 - Angle,01 - Clear,07 - Dark,01 - Dry,02 - Stop sign,01 - Functioning,2,0,0,0,,0,,,,,367066.4787,5030242.235,45.40934677,-75.70452177,6430
16--3407,2016/03/13,9:44 PM,COCKBURN ST btwn MARTIN ST & STRACHAN ST (__3ZBNC4),__3ZBNC4,04 - At/near private drive,02 - Non-fatal injury,03 - Rear end,01 - Clear,07 - Dark,01 - Dry,10 - No control,,2,1,0,0,02 - Minor,1,,1,,,357330.5538,5006049.451,45.19245535,-75.831456,6431
16--3040,2016/03/03,11:14 AM,DEERFOX DR btwn BEATRICE DR & SETTLER'S RIDGE WAY (__3ZAZ1G),__3ZAZ1G,04 - At/near private drive,03 - P.D. only,06 - SMV unattended vehicle,03 - Snow,01 - Daylight,05 - Packed snow,10 - No control,,1,0,0,0,,0,,,,,365479.4258,5015706.305,45.27869393,-75.72657819,6432
16--3225,2016/03/08,11:03 AM,CALAVERAS AVE btwn PALMADEO DR & BEATRICE DR (__37YYUT),__37YYUT,04 - At/near private drive,03 - P.D. only,06 - SMV unattended vehicle,01 - Clear,01 - Daylight,02 - Wet,10 - No control,,1,0,0,0,,0,,,,,365163.8727,5015975.035,45.28113912,-75.73056719,6433
16--3408,2016/03/14,1:15 AM,HIGHWAY 417 btwn HIGHWAY 417 & Continuation of HIGHWAY 417 (__3ZAZOB),__3ZAZOB,99 - Other,03 - P.D. only,07 - SMV other,01 - Clear,"08 - Dark, artificial",00 - Unknown,10 - No control,,1,0,0,0,,0,,,,,352959.0819,5020215.044,45.32023376,-75.88571453,6434
16--3041,2016/03/03,Unknown,SUMNER ST btwn MELANIE CRES & TURRET CRT (__3ZAB1K),__3ZAB1K,01 - Non intersection,03 - P.D. only,06 - SMV unattended vehicle,01 - Clear,00 - Unknown,01 - Dry,10 - No control,,1,0,0,0,,0,,,,,352853.1913,5017179.336,45.29292503,-75.88735945,6435
16--3226,2016/03/08,11:13 AM,MEADOWBREEZE DR btwn HILLSBORO PRIV & CROWNRIDGE DR (__5IOX3S),__5IOX3S,01 - Non intersection,03 - P.D. only,06 - SMV unattended vehicle,01 - Clear,01 - Daylight,03 - Loose snow,10 - No control,,1,0,0,0,,0,,,,,355976.8228,5015112.115,45.27410323,-75.8477513,6436
16--3409,2016/03/14,1:25 AM,CARLING AVE EB btwn HWY417 IC124 RAMP57 & KIRKWOOD AVE (__3ZA30Y),__3ZA30Y,01 - Non intersection,03 - P.D. only,07 - SMV other,01 - Clear,07 - Dark,01 - Dry,10 - No control,,1,0,0,0,,0,,,,,364291.5451,5027255.64,45.38271535,-75.74032958,6437
16--3042,2016/03/03,12:03 PM,BROADVIEW AVE btwn KERR AVE & NADOLNY SACHS PRIV (__4IHR2H),__4IHR2H,04 - At/near private drive,03 - P.D. only,99 - Other,01 - Clear,01 - Daylight,01 - Dry,10 - No control,,2,0,0,0,,0,,,,,363280.5,5026435.571,45.37542161,-75.75333602,6438
16--3227,2016/03/08,Unknown,WALLFORD WAY btwn BEAVERTON AVE & PARTHIA AVE (__3ZAANF),__3ZAANF,01 - Non intersection,03 - P.D. only,06 - SMV unattended vehicle,01 - Clear,00 - Unknown,01 - Dry,10 - No control,,1,0,0,0,,0,,,,,365535.7288,5025080.794,45.36303973,-75.724711,6439
16--3228,2016/03/08,Unknown,SHILLINGTON AVE btwn ADMIRAL AVE & SPROULE ST (__3ZA0Q9),__3ZA0Q9,01 - Non intersection,03 - P.D. only,06 - SMV unattended vehicle,00 - Unknown,00 - Unknown,99 - Other,10 - No control,,1,0,0,0,,0,,,,,365307.6018,5027099.086,45.38121968,-75.72737552,6440
16--3229,2016/03/08,Unknown,MACLAREN ST btwn KENT ST & BANK ST (__3ZA9T1),__3ZA9T1,01 - Non intersection,03 - P.D. only,06 - SMV unattended vehicle,02 - Rain,00 - Unknown,02 - Wet,10 - No control,,1,0,0,0,,0,,,,,367715.1514,5030829.341,45.41457136,-75.69616061,6441
16--323,2016/01/08,7:30 PM,CRAIG ST btwn FINDLAY AVE & BROADWAY AVE (__3ZA9KA),__3ZA9KA,01 - Non intersection,03 - P.D. only,06 - SMV unattended vehicle,01 - Clear,07 - Dark,01 - Dry,10 - No control,,1,0,0,0,,0,,,,,368119.1751,5028819.326,45.39644943,-75.69125721,6442
16--3230,2016/03/08,12:20 AM,INNES RD btwn BLAIR RD & ANDERSON RD (__3ZA3JZ),__3ZA3JZ,01 - Non intersection,03 - P.D. only,07 - SMV other,01 - Clear,07 - Dark,01 - Dry,10 - No control,,1,0,0,0,,0,,,,,375741.0779,5031552.539,45.42031066,-75.59352491,6443
16--3231,2016/03/08,12:23 PM,DONALD ST @ ST. LAURENT BLVD (0008630),8630,02 - Intersection related,03 - P.D. only,03 - Rear end,01 - Clear,01 - Daylight,02 - Wet,01 - Traffic signal,01 - Functioning,2,0,0,0,,0,,,,,372094.3788,5032472.807,45.42895108,-75.63999077,6444
16--3232,2016/03/08,12:37 PM,BANK ST btwn BLAIS RD & RIDEAU RD (__3ZA29L),__3ZA29L,04 - At/near private drive,03 - P.D. only,03 - Rear end,01 - Clear,01 - Daylight,02 - Wet,10 - No control,,2,0,0,0,,0,,,,,376661.9667,5018535.838,45.30309892,-75.58365216,6445
16--3233,2016/03/08,2:08 AM,OR174 IC105 RAMP51 btwn REGIONAL ROAD 174 & OR174 IC105 RAMP53 (__3ZAY8B),__3ZAY8B,01 - Non intersection,03 - P.D. only,04 - Sideswipe,01 - Clear,07 - Dark,02 - Wet,10 - No control,,2,0,0,0,,0,,,,,379364.5367,5036855.154,45.46764296,-75.54642766,6446
16--3234,2016/03/08,2:15 PM,BRONSON AVE @ SUNNYSIDE AVE/UNIVERSITY RD - CA (0007209),7209,02 - Intersection related,03 - P.D. only,03 - Rear end,01 - Clear,01 - Daylight,02 - Wet,01 - Traffic signal,01 - Functioning,2,0,0,0,,0,,,,,367922.9341,5028092.219,45.38992485,-75.69385647,6447
16--3235,2016/03/08,2:29 PM,MONTREAL RD btwn BURMA RD & MONTREAL RD (__3ZA2D6),__3ZA2D6,01 - Non intersection,02 - Non-fatal injury,03 - Rear end,01 - Clear,01 - Daylight,02 - Wet,10 - No control,,3,0,0,0,02 - Minor,2,1,1,,,373256.3674,5034515.288,45.4472155,-75.62485846,6448
16--3236,2016/03/08,3:00 PM,HERON RD @ KALADAR AVE (0006960),6960,02 - Intersection related,03 - P.D. only,03 - Rear end,01 - Clear,01 - Daylight,01 - Dry,01 - Traffic signal,01 - Functioning,2,0,0,0,,0,,,,,369685.7234,5026804.981,45.3781816,-75.67151541,6449
16--3237,2016/03/08,3:20 PM,PRINCETON AVE btwn HILLCREST AVE & BROADVIEW AVE (__3ZA07L),__3ZA07L,01 - Non intersection,03 - P.D. only,04 - Sideswipe,01 - Clear,01 - Daylight,03 - Loose snow,10 - No control,,2,0,0,0,,0,,,,,362847.6455,5027442.744,45.38452002,-75.75874371,6450
16--3238,2016/03/08,3:45 PM,EARL MULLIGAN DR @ WOODROFFE AVE (0000591),591,02 - Intersection related,03 - P.D. only,05 - Turning movement,01 - Clear,01 - Daylight,01 - Dry,01 - Traffic signal,01 - Functioning,2,0,0,0,,0,,,,,365250.027,5017506.011,45.29490737,-75.72928258,6451
16--3239,2016/03/08,3:50 PM,BANK ST btwn HERON RD & ANOKA ST (__3ZA360),__3ZA360,01 - Non intersection,03 - P.D. only,04 - Sideswipe,01 - Clear,01 - Daylight,01 - Dry,10 - No control,,2,0,0,0,,0,,,,,370005.821,5026825.28,45.37833453,-75.66742604,6452
16--324,2016/01/08,7:45 PM,CAMPEAU DR/HWY 417 MARCH IC138R63 @ MARCH RD (0009710),9710,02 - Intersection related,02 - Non-fatal injury,03 - Rear end,01 - Clear,07 - Dark,01 - Dry,01 - Traffic signal,01 - Functioning,2,0,0,0,02 - Minor,1,,1,,,352841.6249,5020477.592,45.32260427,-75.88718718,6453
16--3240,2016/03/08,4:06 PM,ROBERTSON RD btwn VANIER RD & RICHMOND RD (__3ZA4YQ),__3ZA4YQ,04 - At/near private drive,03 - P.D. only,02 - Angle,01 - Clear,01 - Daylight,01 - Dry,10 - No control,,2,0,0,0,,0,,,,,357435.3874,5020669.234,45.32399927,-75.82857323,6454
16--3241,2016/03/08,4:25 PM,BASELINE RD @ MERIVALE RD (0002342),2342,02 - Intersection related,02 - Non-fatal injury,03 - Rear end,01 - Clear,01 - Daylight,01 - Dry,01 - Traffic signal,01 - Functioning,2,0,0,0,02 - Minor,1,,1,,,365054.4719,5025325.739,45.36528524,-75.7308238,6455
16--3242,2016/03/08,4:46 PM,MCARTHUR AVE btwn MAYFIELD ST & VANIER PKWY (__3ZA3WT),__3ZA3WT,04 - At/near private drive,03 - P.D. only,02 - Angle,01 - Clear,01 - Daylight,01 - Dry,10 - No control,,2,0,0,0,,0,,,,,370196.0635,5032688.366,45.43107066,-75.66421962,6456
16--3243,2016/03/08,5:23 PM,TERRY FOX DR btwn HWY417 IC140 RAMP53 & HWY417 IC140 RAMP25 (__3ZA3DP),__3ZA3DP,01 - Non intersection,02 - Non-fatal injury,03 - Rear end,01 - Clear,01 - Daylight,01 - Dry,10 - No control,,2,0,0,0,01 - Minimal,2,2,,,,351111.2011,5018368.2,45.30373972,-75.90945621,6457
16--3244,2016/03/08,5:37 PM,FISHER AVE @ 220 S OF TRENT ST (0008825),8825,02 - Intersection related,03 - P.D. only,03 - Rear end,02 - Rain,01 - Daylight,02 - Wet,01 - Traffic signal,01 - Functioning,2,0,0,0,,0,,,,,365873.1569,5026727.08,45.37782337,-75.72020061,6458
16--3245,2016/03/08,6:06 PM,BASELINE RD @ GREENBANK RD (0002357),2357,03 - At intersection,03 - P.D. only,02 - Angle,02 - Rain,05 - Dusk,02 - Wet,01 - Traffic signal,01 - Functioning,2,0,0,0,,0,,,,,360596.7658,5022584.271,45.34098661,-75.78803326,6459
16--3246,2016/03/08,6:22 PM,ELGIN ST @ SOMERSET ST (0006936),6936,02 - Intersection related,03 - P.D. only,05 - Turning movement,01 - Clear,07 - Dark,01 - Dry,01 - Traffic signal,01 - Functioning,2,0,0,0,,0,,,,,368164.9331,5031198.796,45.41785501,-75.69036701,6460
16--3247,2016/03/08,6:34 PM,WOODROFFE AVE btwn SPORTSPLEX S/TRANSIT & VAAN DR (__3ZA3JKB),__3ZA3JKB,01 - Non intersection,03 - P.D. only,03 - Rear end,02 - Rain,07 - Dark,02 - Wet,10 - No control,,2,0,0,0,,0,,,,,363845.3128,5020871.285,45.3253074,-75.74678966,6461
16--3248,2016/03/08,7:00 PM,NORTHLANDS DR btwn SACRAMENTO DR & SUNLAND DR (__3ZA5UA),__3ZA5UA,01 - Non intersection,03 - P.D. only,06 - SMV unattended vehicle,01 - Clear,07 - Dark,01 - Dry,10 - No control,,1,0,0,0,,0,,,,,384863.0713,5037165.903,45.46983016,-75.47606967,6462
16--3249,2016/03/08,7:15 AM,FALLOWFIELD RD @ WOODROFFE AVE (0010372),10372,02 - Intersection related,03 - P.D. only,03 - Rear end,01 - Clear,01 - Daylight,01 - Dry,01 - Traffic signal,01 - Functioning,2,0,0,0,,0,,,,,365084.928,5017904.3,45.29850533,-75.73133893,6463
16--325,2016/01/08,8:06 AM,BRIDGESTONE DR @ SPUR AVE (0011815),11815,02 - Intersection related,03 - P.D. only,99 - Other,01 - Clear,01 - Daylight,04 - Slush,02 - Stop sign,01 - Functioning,2,0,0,0,,0,,,,,355424.3256,5015853.583,45.28081511,-75.85471681,6464
16--3250,2016/03/08,7:28 AM,BEECHWOOD AVE btwn DOUGLAS AVE & LANGEVIN AVE (__3ZA3MR),__3ZA3MR,01 - Non intersection,03 - P.D. only,03 - Rear end,01 - Clear,01 - Daylight,01 - Dry,10 - No control,,2,0,0,0,,0,,,,,369309.6281,5033694.348,45.44020442,-75.6754155,6465
16--3251,2016/03/08,7:33 AM,BEAUFORT DR @ HERSCHEL CRES E (0003987),3987,03 - At intersection,03 - P.D. only,02 - Angle,01 - Clear,01 - Daylight,02 - Wet,02 - Stop sign,01 - Functioning,2,0,0,0,,0,,,,,352563.413,5019280.461,45.31185121,-75.89085125,6466
16--3252,2016/03/08,7:45 PM,BAYSHORE DR @ RICHMOND RD (0010407),10407,02 - Intersection related,03 - P.D. only,03 - Rear end,01 - Clear,07 - Dark,02 - Wet,01 - Traffic signal,01 - Functioning,2,0,0,0,,0,,,,,359372.8528,5023368.38,45.34813831,-75.80356271,6467
16--3253,2016/03/08,8:06 AM,INDUSTRIAL AVE btwn SANDFORD FLEMING AVE & NEIGHBORHOOD WAY (__3ZA3PC),__3ZA3PC,01 - Non intersection,03 - P.D. only,03 - Rear end,01 - Clear,01 - Daylight,01 - Dry,10 - No control,,2,0,0,0,,0,,,,,370987.0816,5030538.308,45.41165093,-75.65440013,6468
16--313,2016/01/08,5:18 PM,KAKULU RD @ CASTLEFRANK RD (0003540),3540,02 - Intersection related,03 - P.D. only,03 - Rear end,01 - Clear,05 - Dusk,01 - Dry,01 - Traffic signal,01 - Functioning,2,0,0,0,,0,,,,,352179.0191,5018498.705,45.30484282,-75.89582806,6469
16--3308,2016/03/10,5:13 PM,LAURIER AVE   W btwn ELGIN ST & QUEEN ELIZABETH DRWY/LAURIER AVE WB ON (__3ZA35Z),__3ZA35Z,01 - Non intersection,03 - P.D. only,01 - Approaching,02 - Rain,01 - Daylight,02 - Wet,10 - No control,,2,0,0,0,,0,,,,,368045.4035,5031607.871,45.42154654,-75.69184161,6470
16--2949,2016/03/01,3:04 PM,COVINGTON PL btwn HEMMINGWOOD WAY & HEMMINGWOOD WAY (__3ZA59A),__3ZA59A,01 - Non intersection,03 - P.D. only,06 - SMV unattended vehicle,01 - Clear,01 - Daylight,05 - Packed snow,10 - No control,,1,0,0,0,,0,,,,,361768.4987,5023186.137,45.346308,-75.77301383,6471
16--3254,2016/03/08,8:20 AM,INDUSTRIAL AVE/INNES RD @ ST. LAURENT BLVD (0002203),2203,02 - Intersection related,03 - P.D. only,03 - Rear end,01 - Clear,01 - Daylight,01 - Dry,01 - Traffic signal,01 - Functioning,2,0,0,0,,0,,,,,373100.4707,5030006.608,45.40666388,-75.62747644,6472
16--3255,2016/03/08,8:20 AM,INNES RD btwn STONEHENGE CRES & STONEHENGE CRES (__3ZA3RG),__3ZA3RG,01 - Non intersection,02 - Non-fatal injury,03 - Rear end,01 - Clear,01 - Daylight,01 - Dry,10 - No control,,2,0,0,0,01 - Minimal,1,1,,,,375288.9593,5031269.018,45.41780539,-75.59934186,6473
16--3256,2016/03/08,8:25 AM,VIEWMOUNT DR btwn GLENMANOR DR & MERIVALE RD (__3ZAASQ),__3ZAASQ,04 - At/near private drive,03 - P.D. only,02 - Angle,01 - Clear,01 - Daylight,01 - Dry,10 - No control,,2,0,0,0,,0,,,,,365144.201,5022920.948,45.34363957,-75.72997199,6474
16--3257,2016/03/08,8:30 AM,DEERFIELD DR btwn NAVAHO DR & DEERFIELD DR (__3ZAAVG),__3ZAAVG,04 - At/near private drive,03 - P.D. only,99 - Other,01 - Clear,01 - Daylight,01 - Dry,10 - No control,,2,0,0,0,,0,,,,,363284.0812,5023933.464,45.35290764,-75.75358644,6475
16--3258,2016/03/08,8:35 AM,JOCKVALE RD/RIDEAU VALLEY DR @ PRINCE OF WALES (0004638),4638,03 - At intersection,02 - Non-fatal injury,05 - Turning movement,01 - Clear,01 - Daylight,01 - Dry,01 - Traffic signal,01 - Functioning,3,0,0,0,02 - Minor,1,,1,,,366707.977,5012198.395,45.2470228,-75.71135767,6476
16--3259,2016/03/08,9:06 AM,TENTH LINE RD btwn ST. JOSEPH BLVD & OLD TENTH LINE RD (__3ZA1TE),__3ZA1TE,01 - Non intersection,03 - P.D. only,03 - Rear end,01 - Clear,01 - Daylight,02 - Wet,10 - No control,,3,0,0,0,,0,,,,,382954.1404,5038532.396,45.48234085,-75.50026189,6477
16--326,2016/01/08,8:10 AM,ANDERSON RD @ INNES RD (0004200),4200,02 - Intersection related,02 - Non-fatal injury,03 - Rear end,01 - Clear,01 - Daylight,02 - Wet,01 - Traffic signal,01 - Functioning,2,0,0,0,01 - Minimal,1,1,,,,376280.5216,5031840.905,45.4228503,-75.58659102,6478
16--3260,2016/03/08,9:15 PM,HWY417 IC104 RAMP61 btwn ANDERSON RD & HIGHWAY 417 (__3ZAY0E),__3ZAY0E,01 - Non intersection,03 - P.D. only,07 - SMV other,01 - Clear,"08 - Dark, artificial",01 - Dry,10 - No control,,1,0,0,0,,0,,,,,380236.7248,5026013.261,45.37000167,-75.5369351,6479
16--3261,2016/03/08,9:59 AM,CONROY RD @ HUNT CLUB RD (0002257),2257,02 - Intersection related,03 - P.D. only,04 - Sideswipe,01 - Clear,01 - Daylight,01 - Dry,01 - Traffic signal,01 - Functioning,2,0,0,0,,0,,,,,373763.0957,5025405.131,45.36519688,-75.61965547,6480
16--3262,2016/03/09,1:10 PM,ABBOTT ST @ JONATHAN PACK ST (0000391),391,03 - At intersection,03 - P.D. only,02 - Angle,02 - Rain,01 - Daylight,02 - Wet,02 - Stop sign,01 - Functioning,2,0,0,0,,0,,,,,349857.3565,5012980.301,45.25533917,-75.92593309,6481
16--3263,2016/03/09,1:44 PM,CARLING AVE WB btwn HWY417 IC124 RAMP76 & KIRKWOOD AVE (__3ZBOD8),__3ZBOD8,01 - Non intersection,02 - Non-fatal injury,04 - Sideswipe,02 - Rain,01 - Daylight,02 - Wet,10 - No control,,2,0,0,0,01 - Minimal,1,1,,,,364268.4597,5027490.49,45.38483045,-75.74059605,6482
16--3264,2016/03/09,10:06 AM,CARLING AVE @ RICHMOND RD (0010847),10847,02 - Intersection related,03 - P.D. only,03 - Rear end,01 - Clear,01 - Daylight,02 - Wet,01 - Traffic signal,01 - Functioning,2,0,0,0,,0,,,,,360246.7988,5024781.736,45.36078711,-75.7922521,6483
16--3265,2016/03/09,10:36 AM,BLAIR PL btwn OGILVIE RD & END (__3ZA4B6),__3ZA4B6,04 - At/near private drive,03 - P.D. only,02 - Angle,01 - Clear,01 - Daylight,01 - Dry,10 - No control,,2,0,0,0,,0,,,,,374832.954,5033286.844,45.43600647,-75.60488074,6484
16--3266,2016/03/09,10:46 AM,BANK ST @ LEITRIM RD (0004125),4125,03 - At intersection,02 - Non-fatal injury,05 - Turning movement,01 - Clear,01 - Daylight,02 - Wet,01 - Traffic signal,01 - Functioning,2,0,0,0,01 - Minimal,1,1,,,,375357.5322,5021618.831,45.33097073,-75.59984445,6485