Anom_ID,Accident_Date,Accident_Time,Location,Geo_ID,Accident_Location,Classification_of_Accident,Initial_Impact_Type,Environment_Condition,Light,Road_Surface_Condition,Traffic_Control,Traffic_Control_Condition,No__of_Vehicles,No__of_Bicycles,No__of_Motorcycles,No__of_Pedestrians,Max_Injury,No__of_Injuries,No__of_Minimal,No__of_Minor,No__of_Major,No__of_Fatal,X,Y,Latitude,Longitude,ObjectId
16--3073,2016/03/03,8:58 AM,LAURIER AVE   W btwn ELGIN ST & QUEEN ELIZABETH DRWY/LAURIER AVE WB ON (__3ZA35Z),__3ZA35Z,01 - Non intersection,03 - P.D. only,99 - Other,01 - Clear,01 - Daylight,02 - Wet,10 - No control,,2,0,0,0,,0,,,,,367975.1377,5031565.701,45.42117346,-75.6927448,6653
16--3074,2016/03/03,9:00 AM,BERRIGAN DR btwn CROXLEY WAY & CLARIDGE DR (__4O3JPX),__4O3JPX,01 - Non intersection,03 - P.D. only,06 - SMV unattended vehicle,01 - Clear,01 - Daylight,01 - Dry,10 - No control,,1,0,0,0,,0,,,,,364430.2152,5015718.042,45.27888931,-75.73994886,6654
16--3075,2016/03/03,9:15 AM,INNES RD btwn BLACKBURN BYPASS & CLEROUX CRES (__3ZA3KN),__3ZA3KN,01 - Non intersection,03 - P.D. only,03 - Rear end,01 - Clear,01 - Daylight,06 - Ice,10 - No control,,2,0,0,0,,0,,,,,379697.4964,5033808.978,45.44020013,-75.54263407,6655
16--3076,2016/03/03,9:17 AM,YORK ST EB btwn BY WARD MARKET SQ & SUSSEX DR (__3ZA8ZZ),__3ZA8ZZ,01 - Non intersection,03 - P.D. only,99 - Other,01 - Clear,01 - Daylight,01 - Dry,10 - No control,,2,0,0,0,,0,,,,,367877.7385,5032284.172,45.42764681,-75.69389724,6656
16--3077,2016/03/03,9:35 AM,HWY417 IC127 RAMP25 btwn WOODROFFE AVE & HIGHWAY 417 (__3ZAY8A),__3ZAY8A,01 - Non intersection,03 - P.D. only,03 - Rear end,01 - Clear,01 - Daylight,02 - Wet,10 - No control,,2,0,0,0,,0,,,,,362183.1131,5024809.055,45.3608771,-75.76753493,6657
16--3078,2016/03/03,9:44 AM,GLADSTONE AVE btwn METCALFE ST & ELGIN ST (__3ZA3QC),__3ZA3QC,04 - At/near private drive,02 - Non-fatal injury,02 - Angle,01 - Clear,01 - Daylight,05 - Packed snow,10 - No control,,3,0,0,0,02 - Minor,1,,1,,,368302.3631,5030794.623,45.41420593,-75.68866328,6658
16--3079,2016/03/03,9:57 AM,DAZE ST @ 200 W OF BANK ST/SOUTHKEYS SC (0012179),12179,03 - At intersection,03 - P.D. only,05 - Turning movement,01 - Clear,01 - Daylight,01 - Dry,01 - Traffic signal,00 - Unknown,2,0,0,0,,0,,,,,371194.7939,5024143.688,45.35409481,-75.65260675,6659
16--308,2016/01/08,3:41 PM,LAFONTAINE AVE @ MCARTHUR AVE (0009806),9806,03 - At intersection,03 - P.D. only,05 - Turning movement,01 - Clear,01 - Daylight,02 - Wet,01 - Traffic signal,01 - Functioning,2,0,0,0,,0,,,,,370949.7123,5032771.198,45.43174507,-75.65457769,6660
16--3080,2016/03/04,1:02 PM,HAZELDEAN RD @ EDGEWATER ST (0003176),3176,03 - At intersection,02 - Non-fatal injury,05 - Turning movement,01 - Clear,01 - Daylight,01 - Dry,01 - Traffic signal,01 - Functioning,2,0,0,0,02 - Minor,2,,2,,,352323.8297,5017352.117,45.29451576,-75.89409146,6661
16--3081,2016/03/04,1:07 PM,BEARBROOK RD/ROCKCLIFFE PKWY @ ST. JOSEPH BLVD (0012382),12382,02 - Intersection related,03 - P.D. only,03 - Rear end,01 - Clear,01 - Daylight,01 - Dry,01 - Traffic signal,01 - Functioning,2,0,0,0,,0,,,,,377129.1249,5035238.811,45.45333526,-75.57524932,6662
16--3082,2016/03/04,1:33 PM,CENTREPOINTE DR @ HEMMINGWOOD WAY W (0001187),1187,03 - At intersection,02 - Non-fatal injury,02 - Angle,01 - Clear,01 - Daylight,01 - Dry,02 - Stop sign,01 - Functioning,2,0,0,0,01 - Minimal,1,1,,,,361701.4349,5022998.51,45.34462518,-75.77389116,6663
16--3083,2016/03/04,10:05 AM,STAFFORD RD btwn BEXLEY PL & END (__3ZABSA),__3ZABSA,01 - Non intersection,03 - P.D. only,06 - SMV unattended vehicle,01 - Clear,01 - Daylight,01 - Dry,10 - No control,,1,0,0,0,,0,,,,,357913.2592,5021237.281,45.3290746,-75.8224169,6664
16--3084,2016/03/04,10:09 AM,BASELINE RD @ GREENBANK RD (0002357),2357,03 - At intersection,03 - P.D. only,02 - Angle,01 - Clear,01 - Daylight,01 - Dry,01 - Traffic signal,01 - Functioning,2,0,0,0,,0,,,,,360597.9083,5022584.276,45.34098656,-75.78801868,6665
16--3085,2016/03/04,10:49 AM,MERIVALE RD btwn WOODFIELD DR & 170 N OF WEST HUNT CLUB RD/COSTCO SC (__3ZA33DA),__3ZA33DA,04 - At/near private drive,03 - P.D. only,02 - Angle,01 - Clear,01 - Daylight,01 - Dry,10 - No control,,2,0,0,0,,0,,,,,365491.1446,5022231.086,45.33740235,-75.72562981,6666
16--3086,2016/03/04,10:50 PM,HWY417 IC130 RAMP26 btwn RICHMOND RD & HIGHWAY 417 (__3ZAYAG),__3ZAYAG,01 - Non intersection,03 - P.D. only,04 - Sideswipe,01 - Clear,07 - Dark,01 - Dry,10 - No control,,2,0,0,0,,0,,,,,359379.0846,5023249.271,45.34706608,-75.80349633,6667
16--3087,2016/03/04,11:05 AM,PERTH ST btwn GAMBLE DR & SHEA RD (__3ZA42H),__3ZA42H,04 - At/near private drive,03 - P.D. only,02 - Angle,01 - Clear,01 - Daylight,02 - Wet,10 - No control,,2,0,0,0,,0,,,,,357484.0537,5006930.409,45.20037102,-75.82940948,6668
16--3088,2016/03/04,11:19 AM,CARLING AVE @ CHURCHILL AVE (0002149),2149,03 - At intersection,03 - P.D. only,03 - Rear end,01 - Clear,01 - Daylight,01 - Dry,01 - Traffic signal,01 - Functioning,3,0,0,0,,0,,,,,363775.6956,5027013.767,45.38058263,-75.74694498,6669
16--3089,2016/03/04,11:30 AM,HWY417 IC131 RAMP66 btwn TRANSIT & HWY417 IC130 RAMP36 (__6KES9I),__6KES9I,01 - Non intersection,03 - P.D. only,99 - Other,01 - Clear,01 - Daylight,01 - Dry,10 - No control,,2,0,0,0,,0,,,,,358200.3596,5022842.076,45.34349285,-75.81858136,6670
16--309,2016/01/08,4:20 PM,CAMPEAU DR @ TERRY FOX DR (0008211),8211,02 - Intersection related,03 - P.D. only,03 - Rear end,01 - Clear,01 - Daylight,01 - Dry,01 - Traffic signal,01 - Functioning,2,0,0,0,,0,,,,,350454.5298,5019011.794,45.30957394,-75.91777013,6671
16--3090,2016/03/04,11:31 AM,BRONSON/HERON RAMP 42/BRONSON/HERON RAMP 52 @  (0002516),2516,02 - Intersection related,02 - Non-fatal injury,03 - Rear end,01 - Clear,01 - Daylight,01 - Dry,02 - Stop sign,01 - Functioning,2,0,0,0,01 - Minimal,1,1,,,,368752.3288,5026892.813,45.37905771,-75.68342073,6672
16--3091,2016/03/04,11:35 AM,ST. JOSEPH BLVD btwn JEANNE D'ARC BLVD S & NOTRE DAME ST (__3ZA2BU),__3ZA2BU,04 - At/near private drive,03 - P.D. only,03 - Rear end,01 - Clear,01 - Daylight,04 - Slush,10 - No control,,2,0,0,0,,0,,,,,379880.1234,5036485.04,45.46425773,-75.53989152,6673
16--3092,2016/03/04,11:47 PM,BRONSON AVE @ GLOUCESTER ST (0005124),5124,02 - Intersection related,03 - P.D. only,06 - SMV unattended vehicle,01 - Clear,07 - Dark,02 - Wet,01 - Traffic signal,01 - Functioning,1,0,0,0,,0,,,,,366834.6206,5030792.343,45.41431708,-75.70741433,6674
16--3093,2016/03/04,Unknown,THOMAS SPRATT PL btwn THURSTON DR & END (__3ZAZAP),__3ZAZAP,01 - Non intersection,03 - P.D. only,06 - SMV unattended vehicle,01 - Clear,00 - Unknown,01 - Dry,10 - No control,,1,0,0,0,,0,,,,,373824.8915,5027212.3,45.38145093,-75.61861415,6675
16--3094,2016/03/04,12:11 PM,PRINCE OF WALES DR btwn VILLA CRES & MARYLAND AVE (__3ZA3G1),__3ZA3G1,04 - At/near private drive,03 - P.D. only,04 - Sideswipe,02 - Rain,01 - Daylight,02 - Wet,10 - No control,,2,0,0,0,,0,,,,,366923.1345,5026022.056,45.37138742,-75.70688416,6676
16--3095,2016/03/04,2:29 PM,SHOREHAM AVE btwn BENTWORTH CRES & BENTWORTH CRES (__3ZABTY),__3ZABTY,04 - At/near private drive,03 - P.D. only,99 - Other,01 - Clear,01 - Daylight,01 - Dry,10 - No control,,2,0,0,0,,0,,,,,361488.8391,5021429.454,45.33052407,-75.7767836,6677
16--3096,2016/03/04,2:34 PM,INDUSTRIAL AVE @ RIVERSIDE DR (0011905),11905,02 - Intersection related,02 - Non-fatal injury,03 - Rear end,01 - Clear,01 - Daylight,02 - Wet,01 - Traffic signal,01 - Functioning,2,0,0,0,01 - Minimal,1,1,,,,370685.8905,5030593.335,45.41217447,-75.65824035,6678
16--3097,2016/03/04,2:55 PM,BANK ST @ CHAMBERLAIN AVE N/ISABELLA ST (0002132),2132,03 - At intersection,03 - P.D. only,02 - Angle,01 - Clear,01 - Daylight,01 - Dry,01 - Traffic signal,01 - Functioning,2,0,0,0,,0,,,,,368082.8897,5030167.03,45.40857894,-75.69154767,6679
16--3098,2016/03/04,3:06 PM,BROADVIEW AVE btwn BYRON AVE & KENWOOD AVE (__3ZA083),__3ZA083,04 - At/near private drive,03 - P.D. only,02 - Angle,01 - Clear,01 - Daylight,01 - Dry,10 - No control,,2,0,0,0,,0,,,,,362731.2847,5027746.418,45.38726207,-75.76019385,6680
16--3099,2016/03/04,3:10 PM,CYRVILLE RD @ INNES RD (0009352),9352,02 - Intersection related,02 - Non-fatal injury,03 - Rear end,01 - Clear,01 - Daylight,02 - Wet,01 - Traffic signal,01 - Functioning,2,0,0,0,01 - Minimal,2,2,,,,375046.9419,5031120.536,45.41649377,-75.60245497,6681
16--31,2016/01/02,3:09 PM,FALLOWFIELD RD btwn MERIVALE RD & WOODROFFE AVE (__3ZA3IN),__3ZA3IN,01 - Non intersection,03 - P.D. only,01 - Approaching,05 - Drifting Snow,01 - Daylight,03 - Loose snow,10 - No control,,3,0,0,0,,0,,,,,366798.6544,5018808.822,45.30649498,-75.70937705,6682
16--310,2016/01/08,4:55 PM,INNES RD @ TRIM RD (0012870),12870,03 - At intersection,03 - P.D. only,05 - Turning movement,01 - Clear,05 - Dusk,01 - Dry,01 - Traffic signal,01 - Functioning,2,0,0,0,,0,,,,,386567.8698,5037273.336,45.47059922,-75.45425266,6683
16--3100,2016/03/04,3:15 PM,HOLLAND AVE @ ISLAND PARK DR/N.C.C. DRIVEWAY (0010787),10787,03 - At intersection,03 - P.D. only,05 - Turning movement,01 - Clear,01 - Daylight,02 - Wet,01 - Traffic signal,01 - Functioning,3,0,0,0,,0,,,,,365425.4703,5027917.081,45.38856964,-75.72577012,6684
16--3101,2016/03/04,3:15 PM,HIGHWAY 417 btwn HWY417 IC119A RAMP75 & HWY417 IC118 RAMP57 (__3ZA2R2),__3ZA2R2,01 - Non intersection,03 - P.D. only,03 - Rear end,01 - Clear,01 - Daylight,01 - Dry,10 - No control,,2,0,0,0,,0,,,,,368746.9545,5030593.55,45.41235626,-75.68300964,6685
16--2950,2016/03/01,3:07 PM,CONROY RD btwn HUNT CLUB RD & CONROY RD (__3ZA2TB),__3ZA2TB,01 - Non intersection,03 - P.D. only,04 - Sideswipe,01 - Clear,01 - Daylight,01 - Dry,10 - No control,,2,0,0,0,,0,,,,,373767.9575,5025394.978,45.36510505,-75.61959483,6686
16--3102,2016/03/04,3:34 PM,TENTH LINE RD @ VANGUARD DR (0004632),4632,03 - At intersection,03 - P.D. only,05 - Turning movement,01 - Clear,01 - Daylight,01 - Dry,01 - Traffic signal,01 - Functioning,2,0,0,0,,0,,,,,384072.1046,5035874.344,45.45830012,-75.48639206,6687
16--3103,2016/03/04,3:46 PM,ROUGEMOUNT CRES btwn HARROWSMITH WAY & GARDENWAY DR (2) (__3ZA6RL),__3ZA6RL,04 - At/near private drive,03 - P.D. only,06 - SMV unattended vehicle,01 - Clear,01 - Daylight,01 - Dry,10 - No control,,1,0,0,0,,0,,,,,384157.5042,5036359.037,45.46265125,-75.48522204,6688
16--3104,2016/03/04,4:10 PM,GREENBANK RD @ WEST HUNT CLUB RD (0005167),5167,02 - Intersection related,03 - P.D. only,03 - Rear end,01 - Clear,01 - Daylight,01 - Dry,01 - Traffic signal,01 - Functioning,2,0,0,0,,0,,,,,361479.0111,5020501.813,45.32217796,-75.77701516,6689
16--3105,2016/03/04,4:39 PM,HIGHWAY 417 btwn HWY417 IC117 RAMP36 & HWY417 IC117 RAMP26 (__3ZAZE0),__3ZAZE0,01 - Non intersection,03 - P.D. only,03 - Rear end,01 - Clear,01 - Daylight,01 - Dry,10 - No control,,3,0,0,0,,0,,,,,370762.8586,5031197.57,45.41760388,-75.65717623,6690
16--3106,2016/03/04,4:50 PM,HIGHWAY 417 btwn HWY417 IC118 RAMP67 & HWY417 IC117 RAMP36 (__3ZA2YO),__3ZA2YO,01 - Non intersection,03 - P.D. only,99 - Other,01 - Clear,01 - Daylight,01 - Dry,10 - No control,,2,0,0,0,,0,,,,,369841.8267,5031154.12,45.41729915,-75.66894897,6691
16--3107,2016/03/04,4:52 PM,FALLOWFIELD RD @ VIA PARK PL/275 W OF WOODROFFE AVE (0010154),10154,03 - At intersection,02 - Non-fatal injury,05 - Turning movement,01 - Clear,01 - Daylight,01 - Dry,01 - Traffic signal,01 - Functioning,2,0,0,0,02 - Minor,2,1,1,,,364846.1175,5017767.141,45.29729163,-75.73440021,6692
16--3108,2016/03/04,5:00 PM,BLACKBURN BYPASS EB btwn 1700 W OF NAVAN RD & NAVAN RD (__3ZA3J6B),__3ZA3J6B,01 - Non intersection,03 - P.D. only,03 - Rear end,01 - Clear,01 - Daylight,01 - Dry,10 - No control,,2,0,0,0,,0,,,,,379473.2026,5033136.839,45.43417669,-75.54560263,6693
16--3109,2016/03/04,5:07 PM,CALDWELL AVE @ MERIVALE RD (0011432),11432,02 - Intersection related,03 - P.D. only,03 - Rear end,01 - Clear,01 - Daylight,03 - Loose snow,01 - Traffic signal,01 - Functioning,2,0,0,0,,0,,,,,364906.9388,5026230.642,45.37344007,-75.73259685,6694
16--311,2016/01/08,4:59 PM,PRINCE OF WALES DR @ MERIVALE RD (0000564),564,02 - Intersection related,03 - P.D. only,03 - Rear end,01 - Clear,05 - Dusk,01 - Dry,01 - Traffic signal,01 - Functioning,2,0,0,0,,0,,,,,367450.809,5017615.802,45.29570247,-75.70121217,6695
16--3110,2016/03/04,5:10 PM,BRONSON AVE btwn BRONSON AVE SB ON RAMP 43 & SUNNYSIDE AVE/UNIVERSITY  (__3ZA3NU),__3ZA3NU,01 - Non intersection,03 - P.D. only,04 - Sideswipe,01 - Clear,01 - Daylight,01 - Dry,10 - No control,,2,0,0,0,,0,,,,,367912.7212,5028109.971,45.3900855,-75.69398461,6696
16--3111,2016/03/04,5:28 PM,REVELSTOKE DR @ RIVERSIDE DR (0006918),6918,02 - Intersection related,03 - P.D. only,03 - Rear end,01 - Clear,01 - Daylight,04 - Slush,01 - Traffic signal,01 - Functioning,2,0,0,0,,0,,,,,368217.2732,5024423.957,45.35689221,-75.69056884,6697
16--3112,2016/03/04,5:30 PM,ALPINE AVE @ CARLING AVE (0011382),11382,03 - At intersection,03 - P.D. only,05 - Turning movement,01 - Clear,01 - Daylight,01 - Dry,01 - Traffic signal,01 - Functioning,2,0,0,0,,0,,,,,360496.455,5024942.741,45.36221603,-75.78904747,6698
16--3113,2016/03/04,5:47 PM,BRONSON AVE btwn FINDLAY AVE & BRONSON AVE SB OFF RAMP 34 (__3ZA3N5),__3ZA3N5,01 - Non intersection,03 - P.D. only,04 - Sideswipe,01 - Clear,01 - Daylight,01 - Dry,10 - No control,,2,0,0,0,,0,,,,,367742.7864,5028568.578,45.39422721,-75.69609614,6699
16--3114,2016/03/04,6:00 PM,HOLLOW TRAIL GT btwn SPRATT RD & ROCKY HARBOUR CRES (__3EX1UZ),__3EX1UZ,01 - Non intersection,03 - P.D. only,07 - SMV other,01 - Clear,05 - Dusk,04 - Slush,10 - No control,,1,0,0,0,,0,,,,,368914.2209,5016288.942,45.28363158,-75.68272728,6700
16--3115,2016/03/04,6:13 PM,TENTH LINE RD btwn DES EPINETTES AVE & INNES RD (__3ZA3Y8),__3ZA3Y8,01 - Non intersection,03 - P.D. only,03 - Rear end,01 - Clear,05 - Dusk,01 - Dry,10 - No control,,2,0,0,0,,0,,,,,383683.6811,5036795.825,45.46663474,-75.49120997,6701
16--331,2016/01/08,9:00 PM,HUNT CLUB RD btwn DAZE ST & TURN LANE (__5AFH5U),__5AFH5U,04 - At/near private drive,03 - P.D. only,02 - Angle,01 - Clear,07 - Dark,01 - Dry,10 - No control,,2,0,0,0,,0,,,,,371544.9626,5024011.655,45.35287358,-75.64815589,6702
16--3131,2016/03/04,9:00 PM,ELEANOR DR btwn GREENCREST PL & NORTHVIEW RD (__3ZAAOZ),__3ZAAOZ,01 - Non intersection,03 - P.D. only,07 - SMV other,01 - Clear,07 - Dark,01 - Dry,10 - No control,,1,0,0,0,,0,,,,,365347.8987,5025153.685,45.36371184,-75.72709949,6703
16--3116,2016/03/04,6:33 PM,FITZGERALD RD @ ROBERTSON RD (0005301),5301,03 - At intersection,02 - Non-fatal injury,07 - SMV other,01 - Clear,05 - Dusk,01 - Dry,01 - Traffic signal,01 - Functioning,1,0,0,1,01 - Minimal,1,1,,,,356789.9485,5020289.492,45.32063041,-75.83684588,6704
16--3117,2016/03/04,6:42 PM,BANK ST @ FIFTH AVE (0007247),7247,02 - Intersection related,03 - P.D. only,04 - Sideswipe,01 - Clear,05 - Dusk,01 - Dry,01 - Traffic signal,01 - Functioning,2,0,0,0,,0,,,,,368398.9407,5029400.104,45.40164974,-75.68760938,6705
16--3118,2016/03/04,7:00 PM,ALBION RD/COLLISTON CRES E @ WALKLEY RD (0011422),11422,02 - Intersection related,03 - P.D. only,03 - Rear end,01 - Clear,07 - Dark,01 - Dry,01 - Traffic signal,01 - Functioning,2,0,0,0,,0,,,,,371034.5177,5026355.457,45.37401073,-75.65435567,6706
16--3119,2016/03/04,7:11 AM,STONEHAVEN DR btwn RICHMOND RD & SAWYER WAY/SUMMITVIEW DR (__3ZA5XW),__3ZA5XW,04 - At/near private drive,03 - P.D. only,02 - Angle,01 - Clear,01 - Daylight,01 - Dry,10 - No control,,2,0,0,0,,0,,,,,356710.7782,5015864.13,45.2808162,-75.83831902,6707
16--312,2016/01/08,5:07 PM,STITTSVILLE MAIN ST btwn RAVENSCROFT CRT & HOBIN ST (__3ZA2GF),__3ZA2GF,04 - At/near private drive,03 - P.D. only,02 - Angle,01 - Clear,05 - Dusk,01 - Dry,10 - No control,,2,0,0,0,,0,,,,,349628.8037,5014082.09,45.26526807,-75.92874548,6708
16--3120,2016/03/04,7:20 PM,BASELINE RD @ WOODROFFE AVE (0002225),2225,02 - Intersection related,03 - P.D. only,03 - Rear end,03 - Snow,07 - Dark,05 - Packed snow,01 - Traffic signal,01 - Functioning,3,0,0,0,,0,,,,,362549.4585,5023770.273,45.35150015,-75.76298046,6709
16--3121,2016/03/04,7:30 AM,HALTON TER btwn NEWCASTLE AVE & PEPPERIDGE WAY (__3ZAZ2D),__3ZAZ2D,01 - Non intersection,03 - P.D. only,07 - SMV other,01 - Clear,01 - Daylight,06 - Ice,10 - No control,,1,0,0,0,,0,,,,,348898.1403,5023267.276,45.34796538,-75.93723864,6710
16--3122,2016/03/04,7:40 AM,KITTIWAKE DR btwn DEW GT & SMOKETREE CRES (__4O077V),__4O077V,01 - Non intersection,03 - P.D. only,03 - Rear end,01 - Clear,01 - Daylight,01 - Dry,10 - No control,,2,0,0,0,,0,,,,,348410.7924,5013949.35,45.2641502,-75.94427753,6711
16--3123,2016/03/04,7:54 PM,BRITTANY DR btwn KRISTIN WAY & MONTREAL RD (__3ZA8IX),__3ZA8IX,01 - Non intersection,03 - P.D. only,06 - SMV unattended vehicle,01 - Clear,07 - Dark,01 - Dry,10 - No control,,1,0,0,0,,0,,,,,371874.6292,5034081.133,45.44344314,-75.64257968,6712
16--3124,2016/03/04,8:00 AM,DECARIE DR @ JEANNE D'ARC BLVD (0003852),3852,03 - At intersection,03 - P.D. only,02 - Angle,01 - Clear,01 - Daylight,01 - Dry,01 - Traffic signal,01 - Functioning,2,0,0,0,,0,,,,,380868.5467,5038509.736,45.48236734,-75.52694013,6713
16--3125,2016/03/04,8:00 AM,RICHMOND RD @ STONEHAVEN DR (0010370),10370,02 - Intersection related,03 - P.D. only,03 - Rear end,01 - Clear,01 - Daylight,01 - Dry,01 - Traffic signal,01 - Functioning,2,0,0,0,,0,,,,,356781.6411,5015890.994,45.28105269,-75.83741301,6714
16--3126,2016/03/04,8:16 AM,DYLAN WAY @ STONEWAY DR (0010411),10411,02 - Intersection related,03 - P.D. only,99 - Other,01 - Clear,01 - Daylight,03 - Loose snow,02 - Stop sign,01 - Functioning,2,0,0,0,,0,,,,,366388.9716,5016615.178,45.28679282,-75.71487338,6715
16--3132,2016/03/04,9:03 AM,ST. LOUIS DR btwn ST. ANDRE DR & ORLEANS BLVD (__3ZBO3E),__3ZBO3E,01 - Non intersection,03 - P.D. only,01 - Approaching,01 - Clear,01 - Daylight,01 - Dry,10 - No control,,2,0,0,0,,0,,,,,379759.2779,5038373.628,45.48126274,-75.54114853,6716
16--3133,2016/03/04,9:05 AM,JEANNE D'ARC BLVD @ GREY NUNS DR/YOUVILLE DR (0003147),3147,02 - Intersection related,03 - P.D. only,03 - Rear end,01 - Clear,01 - Daylight,01 - Dry,01 - Traffic signal,01 - Functioning,2,0,0,0,,0,,,,,379671.0665,5036699.38,45.46620863,-75.54253187,6717
16--3134,2016/03/04,9:37 AM,MITCH OWENS RD @ STAGECOACH RD (0003576),3576,02 - Intersection related,03 - P.D. only,02 - Angle,01 - Clear,01 - Daylight,01 - Dry,01 - Traffic signal,01 - Functioning,2,0,0,0,,0,,,,,375400.021,5014485.79,45.26678592,-75.60031809,6718
16--3135,2016/03/04,9:40 PM,ADIRONDACK DR btwn DOMALATCHY PL & WOODROFFE AVE (__3ZA0BR),__3ZA0BR,01 - Non intersection,03 - P.D. only,07 - SMV other,01 - Clear,07 - Dark,05 - Packed snow,10 - No control,,1,0,0,0,,0,,,,,362353.0947,5023963.631,45.35325611,-75.76546382,6719
16--3136,2016/03/04,9:58 PM,NORTHVIEW RD btwn WALLFORD WAY & GREENCREST PL (__3ZAANL),__3ZAANL,01 - Non intersection,03 - P.D. only,06 - SMV unattended vehicle,03 - Snow,07 - Dark,03 - Loose snow,10 - No control,,1,0,0,0,,0,,,,,365175.3856,5024938.261,45.36178837,-75.72932776,6720
16--3137,2016/03/05,1:43 PM,GREENBANK RD @ BELLMAN DR/BATEMAN DR (0000153),153,02 - Intersection related,03 - P.D. only,03 - Rear end,01 - Clear,01 - Daylight,01 - Dry,01 - Traffic signal,01 - Functioning,2,0,0,0,,0,,,,,361256.4535,5021018.155,45.32684194,-75.77979496,6721
16--3138,2016/03/05,1:57 AM,SOMERSET ST    W btwn BANK ST & O'CONNOR ST (__3ZA3AV),__3ZA3AV,01 - Non intersection,02 - Non-fatal injury,01 - Approaching,01 - Clear,07 - Dark,01 - Dry,10 - No control,,2,0,0,0,03 - Major,1,,,1,,367729.4174,5030936.841,45.41553733,-75.69596463,6722
16--3139,2016/03/05,10:02 AM,LEMIEUX ST btwn JOSEPH CYR ST & RAMP (__3ZA8L0),__3ZA8L0,01 - Non intersection,03 - P.D. only,04 - Sideswipe,01 - Clear,01 - Daylight,01 - Dry,10 - No control,,2,0,0,0,,0,,,,,372533.1232,5031705.494,45.42200481,-75.63448986,6723
16--314,2016/01/08,5:34 PM,CATHERINE ST btwn TO BE DETERMINED & METCALFE ST (2) (__3ZBOE6),__3ZBOE6,01 - Non intersection,02 - Non-fatal injury,03 - Rear end,01 - Clear,05 - Dusk,02 - Wet,10 - No control,,2,0,0,0,01 - Minimal,2,2,,,,368344.1757,5030454.668,45.41114334,-75.68817295,6724
16--3140,2016/03/05,10:16 AM,BANNER RD @ GREENBANK RD (0000644),644,02 - Intersection related,02 - Non-fatal injury,03 - Rear end,01 - Clear,01 - Daylight,01 - Dry,01 - Traffic signal,01 - Functioning,2,0,0,0,01 - Minimal,1,1,,,,361021.4506,5021566.714,45.33179673,-75.78273032,6725
16--3141,2016/03/05,10:19 AM,ELGIN ST @ WELLINGTON ST W (0002113),2113,02 - Intersection related,02 - Non-fatal injury,03 - Rear end,01 - Clear,01 - Daylight,01 - Dry,01 - Traffic signal,01 - Functioning,2,0,0,0,01 - Minimal,1,1,,,,367664.3132,5031879.14,45.42402168,-75.69667614,6726
16--3142,2016/03/05,10:23 PM,CLOVER ST @ HERON RD (0006837),6837,03 - At intersection,03 - P.D. only,05 - Turning movement,01 - Clear,07 - Dark,01 - Dry,01 - Traffic signal,01 - Functioning,2,0,0,0,,0,,,,,369292.0498,5026764.766,45.37785611,-75.6765467,6727
16--3143,2016/03/05,10:33 PM,BASELINE RD @ NAVAHO DR (0003158),3158,02 - Intersection related,03 - P.D. only,03 - Rear end,01 - Clear,07 - Dark,01 - Dry,01 - Traffic signal,01 - Functioning,3,0,0,0,,0,,,,,363086.8626,5024099.069,45.35441416,-75.75608374,6728
16--3144,2016/03/05,11:12 AM,REGIONAL ROAD 174 btwn OR174 IC105 RAMP35 & OR174 IC105 RAMP25 (__3ZA27E),__3ZA27E,01 - Non intersection,03 - P.D. only,99 - Other,01 - Clear,01 - Daylight,01 - Dry,10 - No control,,2,0,0,0,,0,,,,,379503.1638,5037055.533,45.469431,-75.54462461,6729
16--3145,2016/03/05,11:49 AM,BANK ST @ HERON RD (0002155),2155,03 - At intersection,03 - P.D. only,05 - Turning movement,01 - Clear,01 - Daylight,01 - Dry,01 - Traffic signal,01 - Functioning,2,0,0,0,,0,,,,,369995.942,5026851.764,45.37857374,-75.66754866,6730
16--3146,2016/03/05,Unknown,MCCARTHY RD btwn PLANTE DR & HUNT CLUB RD (__3ZA9BW),__3ZA9BW,01 - Non intersection,03 - P.D. only,06 - SMV unattended vehicle,01 - Clear,00 - Unknown,01 - Dry,10 - No control,,1,0,0,0,,0,,,,,370451.5428,5023536.886,45.34870496,-75.66217237,6731
16--3147,2016/03/05,Unknown,FIFTH AVE btwn CRAIG ST & MORRIS ST (__3ZA9NM),__3ZA9NM,01 - Non intersection,03 - P.D. only,06 - SMV unattended vehicle,01 - Clear,00 - Unknown,05 - Packed snow,10 - No control,,1,0,0,0,,0,,,,,368053.2265,5029195.254,45.39983788,-75.69205124,6732
16--3148,2016/03/05,2:15 PM,HIGHWAY 417 btwn HWY417 IC115 RAMP36 & HWY417 IC115 RAMP26 (__3ZA2R4),__3ZA2R4,01 - Non intersection,03 - P.D. only,07 - SMV other,01 - Clear,01 - Daylight,01 - Dry,10 - No control,,1,0,0,0,,0,,,,,372502.4896,5031525.973,45.42039253,-75.63490593,6733
16--3149,2016/03/05,2:22 PM,ST. JOSEPH BLVD @ DUFORD DR/PLACE D'ORLEANS DR (0003629),3629,02 - Intersection related,02 - Non-fatal injury,03 - Rear end,01 - Clear,01 - Daylight,01 - Dry,01 - Traffic signal,01 - Functioning,2,0,0,0,01 - Minimal,1,1,,,,381997.36,5037996.399,45.47762487,-75.51258331,6734
16--315,2016/01/08,5:35 PM,OSSINGTON AVE btwn GROSVENOR AVE & BANK ST (__3ZA9NU),__3ZA9NU,01 - Non intersection,03 - P.D. only,06 - SMV unattended vehicle,01 - Clear,05 - Dusk,01 - Dry,10 - No control,,1,0,0,0,,0,,,,,368815.7466,5028273.785,45.39147749,-75.68243195,6735