Anom_ID,Accident_Date,Accident_Time,Location,Geo_ID,Accident_Location,Classification_of_Accident,Initial_Impact_Type,Environment_Condition,Light,Road_Surface_Condition,Traffic_Control,Traffic_Control_Condition,No__of_Vehicles,No__of_Bicycles,No__of_Motorcycles,No__of_Pedestrians,Max_Injury,No__of_Injuries,No__of_Minimal,No__of_Minor,No__of_Major,No__of_Fatal,X,Y,Latitude,Longitude,ObjectId
16--3150,2016/03/05,3:15 PM,INNES RD @ JEANNE D'ARC BLVD/MER BLEUE RD (0012475),12475,02 - Intersection related,03 - P.D. only,03 - Rear end,01 - Clear,01 - Daylight,01 - Dry,01 - Traffic signal,01 - Functioning,2,0,0,0,,0,,,,,382638.4195,5035567.332,45.45569908,-75.50476957,6736
16--3151,2016/03/05,3:25 AM,HWY417 IC130 RAMP36 btwn RICHMOND RD & HWY417 IC131 RAMP66 (__3ZAY7U),__3ZAY7U,01 - Non intersection,03 - P.D. only,07 - SMV other,01 - Clear,"08 - Dark, artificial",01 - Dry,10 - No control,,1,0,0,0,,0,,,,,358577.5143,5022948.694,45.34442339,-75.8137574,6737
16--3152,2016/03/05,4:05 PM,BELFAST RD @ COVENTRY RD (0002646),2646,03 - At intersection,03 - P.D. only,05 - Turning movement,01 - Clear,01 - Daylight,01 - Dry,01 - Traffic signal,01 - Functioning,2,0,0,0,,0,,,,,371524.387,5031642.674,45.42153652,-75.6473868,6738
16--3153,2016/03/05,4:30 PM,CUMMINGS AVE @ OGILVIE RD (0009923),9923,03 - At intersection,02 - Non-fatal injury,07 - SMV other,01 - Clear,01 - Daylight,01 - Dry,01 - Traffic signal,01 - Functioning,1,0,0,1,02 - Minor,1,,1,,,372747.9697,5032170.21,45.42616527,-75.63168072,6739
16--3154,2016/03/05,4:51 AM,GALETTA SIDE RD btwn MOHRS RD & MORNING DEW DR (__4B1MVN),__4B1MVN,01 - Non intersection,02 - Non-fatal injury,07 - SMV other,01 - Clear,07 - Dark,01 - Dry,10 - No control,,1,0,0,0,02 - Minor,1,,1,,,324129.1274,5031958.902,45.42729724,-76.25298479,6740
16--3155,2016/03/05,5:41 AM,BOURASSA ST btwn ST. LAURENT BLVD & GLADWIN CRES (__3ZA78C),__3ZA78C,01 - Non intersection,03 - P.D. only,06 - SMV unattended vehicle,01 - Clear,03 - Dawn,05 - Packed snow,10 - No control,,1,0,0,0,,0,,,,,373247.2583,5029698.708,45.4038792,-75.62564422,6741
16--3156,2016/03/05,6:27 PM,VANIER PKWY/CRICHTON ST @ BEECHWOOD AVE/ST. PA (0001604),1604,02 - Intersection related,03 - P.D. only,03 - Rear end,01 - Clear,07 - Dark,01 - Dry,01 - Traffic signal,01 - Functioning,2,0,0,0,,0,,,,,369126.9879,5033486.936,45.43835504,-75.67777694,6742
16--3157,2016/03/05,6:38 PM,BRONSON AVE @ IMPERIAL AVE/PLYMOUTH ST (0010859),10859,03 - At intersection,03 - P.D. only,05 - Turning movement,01 - Clear,07 - Dark,01 - Dry,10 - No control,,2,0,0,0,,0,,,,,367318.7241,5029644.223,45.40394355,-75.70137538,6743
16--3158,2016/03/05,6:47 PM,EARL GREY DR btwn ROLAND MICHENER DR & END (__3ZA1UO),__3ZA1UO,04 - At/near private drive,03 - P.D. only,03 - Rear end,01 - Clear,07 - Dark,01 - Dry,10 - No control,,2,0,0,0,,0,,,,,350769.9562,5018935.932,45.30887074,-75.91375476,6744
16--3159,2016/03/05,6:49 PM,CINNABAR WAY btwn GRAPHITE RD & SLATE ST (__381LS5),__381LS5,01 - Non intersection,03 - P.D. only,06 - SMV unattended vehicle,01 - Clear,05 - Dusk,01 - Dry,10 - No control,,1,0,0,0,,0,,,,,351525.4042,5014799.888,45.27160361,-75.9045108,6745
16--316,2016/01/08,5:42 PM,HIGHWAY 417 btwn HWY417 IC126 RAMP61 & HWY417 IC124 RAMP76 (__3ZA2Y2),__3ZA2Y2,01 - Non intersection,03 - P.D. only,03 - Rear end,01 - Clear,"08 - Dark, artificial",01 - Dry,10 - No control,,3,0,0,0,,0,,,,,363190.8101,5025905.333,45.37065808,-75.75454374,6746
16--3160,2016/03/05,7:03 PM,WALKLEY RD btwn CONROY RD & HARDING RD (__3ZA2EJ),__3ZA2EJ,04 - At/near private drive,03 - P.D. only,03 - Rear end,01 - Clear,07 - Dark,02 - Wet,10 - No control,,2,0,0,0,,0,,,,,373057.9956,5027556.539,45.38462339,-75.62835798,6747
16--3161,2016/03/05,7:48 PM,ROSSLAND AVE btwn PENDER ST & ST. HELEN'S PL (__3ZAAWJ),__3ZAAWJ,01 - Non intersection,03 - P.D. only,06 - SMV unattended vehicle,01 - Clear,07 - Dark,04 - Slush,10 - No control,,1,0,0,0,,0,,,,,364501.9425,5024048.636,45.35384132,-75.73803072,6748
16--3162,2016/03/05,7:54 PM,HIGHWAY 417 btwn HWY417 IC117 RAMP25 & HWY417 IC115 RAMP51 (__3ZA2R3),__3ZA2R3,01 - Non intersection,03 - P.D. only,04 - Sideswipe,01 - Clear,"08 - Dark, artificial",01 - Dry,10 - No control,,2,0,0,0,,0,,,,,371539.2022,5031397.598,45.41933002,-75.64723071,6749
16--3163,2016/03/05,7:55 PM,HIGHWAY 417 btwn HWY417 IC115 RAMP35 & HIGHWAY 417 (__3ZA2US),__3ZA2US,01 - Non intersection,03 - P.D. only,04 - Sideswipe,01 - Clear,07 - Dark,01 - Dry,10 - No control,,2,0,0,0,,0,,,,,372473.2408,5031501.756,45.42017746,-75.63528295,6750
16--3164,2016/03/05,8:00 AM,PRINCE CHARLES RD btwn SAVILLE ROW & IROQUOIS RD (__3ZAAEY),__3ZAAEY,01 - Non intersection,03 - P.D. only,03 - Rear end,01 - Clear,01 - Daylight,01 - Dry,10 - No control,,2,0,0,0,,0,,,,,362259.5022,5026462.673,45.37574994,-75.76636762,6751
16--3165,2016/03/05,8:40 AM,WHITECHAPEL CRES btwn BERRIGAN DR & LONGFIELDS DR (__3ZACFA),__3ZACFA,01 - Non intersection,03 - P.D. only,06 - SMV unattended vehicle,01 - Clear,01 - Daylight,01 - Dry,10 - No control,,1,0,0,0,,0,,,,,364222.1042,5015765.7,45.27933576,-75.74259552,6752
16--3166,2016/03/05,9:00 AM,GREENBANK RD @ JOCKVALE RD (0010360),10360,02 - Intersection related,03 - P.D. only,03 - Rear end,01 - Clear,01 - Daylight,01 - Dry,01 - Traffic signal,01 - Functioning,2,0,0,0,,0,,,,,364121.0219,5014331.079,45.26643556,-75.74405522,6753
16--3167,2016/03/05,9:30 AM,MAITLAND AVE @ WOODWARD DR (0003185),3185,02 - Intersection related,03 - P.D. only,03 - Rear end,01 - Clear,01 - Daylight,01 - Dry,01 - Traffic signal,01 - Functioning,2,0,0,0,,0,,,,,363273.9609,5025661.728,45.36845922,-75.75351111,6754
16--3168,2016/03/06,1:28 PM,ROGER STEVENS DR btwn DWYER HILL RD & MALAKOFF RD (__3ZA4ZQ),__3ZA4ZQ,01 - Non intersection,03 - P.D. only,07 - SMV other,01 - Clear,01 - Daylight,01 - Dry,10 - No control,,1,0,0,0,,0,,,,,354625.0807,4989622.845,45.04483709,-75.86752093,6755
16--3169,2016/03/06,10:31 PM,TERRY FOX DR @ EDGEWATER ST/WALTER BAKER PL (0002699),2699,02 - Intersection related,03 - P.D. only,03 - Rear end,01 - Clear,07 - Dark,99 - Other,01 - Traffic signal,01 - Functioning,2,0,0,0,,0,,,,,351777.1058,5017614.948,45.29691755,-75.90103667,6756
16--317,2016/01/08,5:55 PM,SOMERSET ST    W btwn BRONSON AVE & PERCY ST (__3ZA33M),__3ZA33M,04 - At/near private drive,03 - P.D. only,02 - Angle,01 - Clear,07 - Dark,02 - Wet,10 - No control,,2,0,0,0,,0,,,,,367095.6873,5030556.265,45.41216972,-75.70410897,6757
16--3170,2016/03/06,10:58 AM,CARLING AVE @ KIRKWOOD AVE N (0002358),2358,02 - Intersection related,03 - P.D. only,03 - Rear end,01 - Clear,01 - Daylight,01 - Dry,01 - Traffic signal,01 - Functioning,2,0,0,0,,0,,,,,364276.0187,5027493.004,45.38485243,-75.74049922,6758
16--3171,2016/03/06,11:02 AM,PRESTONE DR @ TOMPKINS AVE (0004842),4842,03 - At intersection,03 - P.D. only,02 - Angle,01 - Clear,01 - Daylight,01 - Dry,02 - Stop sign,01 - Functioning,2,0,0,0,,0,,,,,382892.4599,5037915.92,45.47680126,-75.50114879,6759
16--3172,2016/03/06,11:30 AM,INDUSTRIAL AVE/INNES RD @ ST. LAURENT BLVD (0002203),2203,02 - Intersection related,03 - P.D. only,03 - Rear end,01 - Clear,01 - Daylight,01 - Dry,01 - Traffic signal,01 - Functioning,2,0,0,0,,0,,,,,373096.5638,5030008.237,45.40667892,-75.62752612,6760
16--3173,2016/03/06,11:32 AM,GREY NUNS DR @ SUNDOWN CRES (0003776),3776,03 - At intersection,03 - P.D. only,02 - Angle,01 - Clear,01 - Daylight,01 - Dry,02 - Stop sign,01 - Functioning,2,0,0,0,,0,,,,,380125.5624,5036952.587,45.46843793,-75.53668169,6761
16--3174,2016/03/06,11:45 AM,CARILLON ST @ DUROCHER ST (0010005),10005,02 - Intersection related,03 - P.D. only,06 - SMV unattended vehicle,03 - Snow,01 - Daylight,03 - Loose snow,02 - Stop sign,01 - Functioning,1,0,0,0,,0,,,,,370017.0706,5033375.588,45.43727072,-75.66641592,6762
16--3175,2016/03/06,12:03 PM,MARCH RD @ MORGAN'S GRANT WAY/SHIRLEY'S BROOK  (0002651),2651,03 - At intersection,02 - Non-fatal injury,05 - Turning movement,01 - Clear,01 - Daylight,01 - Dry,01 - Traffic signal,01 - Functioning,2,0,0,0,01 - Minimal,1,1,,,,349661.3872,5023617.732,45.35107046,-75.9274671,6763
16--3176,2016/03/06,12:06 PM,GREENBANK RD @ MALVERN DR/FOXFIELD DR (0009821),9821,02 - Intersection related,03 - P.D. only,03 - Rear end,01 - Clear,01 - Daylight,01 - Dry,01 - Traffic signal,01 - Functioning,2,0,0,0,,0,,,,,363311.5044,5016194.689,45.28327218,-75.75415061,6764
16--3177,2016/03/06,2:18 AM,NICHOLAS ST SB btwn Continuation of WALLER ST & HWY417 IC118 RAMP35 (__6KCDVW),__6KCDVW,01 - Non intersection,03 - P.D. only,03 - Rear end,01 - Clear,07 - Dark,02 - Wet,10 - No control,,4,0,0,0,,0,,,,,368766.3358,5031495.918,45.42047368,-75.68264492,6765
16--3178,2016/03/06,2:35 PM,WEST HUNT CLUB RD btwn MOODIE DR & HWY416 IC72 RAMP53 (__3ZA4YJ),__3ZA4YJ,01 - Non intersection,03 - P.D. only,03 - Rear end,01 - Clear,01 - Daylight,01 - Dry,10 - No control,,2,0,0,0,,0,,,,,358338.4619,5018751.419,45.3066743,-75.81726152,6766
16--3179,2016/03/06,2:45 PM,ROBERTSON RD btwn MOODIE DR & VANIER RD (__3ZBOCN),__3ZBOCN,04 - At/near private drive,02 - Non-fatal injury,03 - Rear end,01 - Clear,01 - Daylight,01 - Dry,10 - No control,,2,0,0,0,02 - Minor,1,,1,,,357196.0417,5020529.918,45.32276359,-75.8316409,6767
16--318,2016/01/08,6:04 PM,ANALDEA DR/ WHITE ALDER AVE @ BANK ST (0009265),9265,03 - At intersection,03 - P.D. only,04 - Sideswipe,01 - Clear,07 - Dark,03 - Loose snow,01 - Traffic signal,01 - Functioning,2,0,0,0,,0,,,,,375697.5304,5020814.148,45.32369626,-75.59562261,6768
16--3180,2016/03/06,3:47 PM,LOGGERS WAY @ THYMES DR (0011613),11613,03 - At intersection,02 - Non-fatal injury,07 - SMV other,01 - Clear,01 - Daylight,01 - Dry,02 - Stop sign,01 - Functioning,1,0,0,0,03 - Major,1,,,1,,327689.1156,5029599.478,45.40595864,-76.20760032,6769
16--3181,2016/03/06,3:53 PM,HIGHWAY 417 btwn HWY417 IC123 RAMP62 & HWY417 IC122 RAMP16 (__3ZA2R9),__3ZA2R9,01 - Non intersection,02 - Non-fatal injury,03 - Rear end,01 - Clear,01 - Daylight,01 - Dry,10 - No control,,2,0,0,0,01 - Minimal,1,1,,,,365128.5648,5028709.199,45.39572259,-75.72946462,6770
16--2951,2016/03/01,3:25 PM,CYRVILLE RD @ INNES RD (0009352),9352,03 - At intersection,02 - Non-fatal injury,02 - Angle,01 - Clear,01 - Daylight,01 - Dry,01 - Traffic signal,01 - Functioning,3,0,0,0,02 - Minor,3,,3,,,375047.0588,5031119.786,45.41648701,-75.60245359,6771
16--3182,2016/03/06,4:28 PM,CARLING AVE @ BAYSHORE DR/BIRCHDALE AVE (0000021),21,02 - Intersection related,03 - P.D. only,03 - Rear end,01 - Clear,01 - Daylight,01 - Dry,01 - Traffic signal,01 - Functioning,2,0,0,0,,0,,,,,359004.4804,5023990.612,45.35376573,-75.80819518,6772
16--3183,2016/03/06,4:50 PM,VIEWMOUNT DR @ MERIVALE RD (0001528),1528,03 - At intersection,03 - P.D. only,02 - Angle,01 - Clear,01 - Daylight,01 - Dry,01 - Traffic signal,01 - Functioning,2,0,0,0,,0,,,,,365191.9363,5022950.298,45.34389954,-75.72935933,6773
16--3184,2016/03/06,5:07 PM,GREENBANK RD @ IRIS ST/HWY 417 IC129 RAMP51 (0009073),9073,03 - At intersection,03 - P.D. only,04 - Sideswipe,01 - Clear,01 - Daylight,02 - Wet,01 - Traffic signal,00 - Unknown,2,0,0,0,,0,,,,,360532.4988,5023313.695,45.34755506,-75.78877106,6774
16--3185,2016/03/06,5:24 PM,CUMBERLAND ST btwn CLARENCE ST & YORK ST (__3ZA7AT),__3ZA7AT,04 - At/near private drive,03 - P.D. only,02 - Angle,01 - Clear,01 - Daylight,01 - Dry,10 - No control,,2,0,0,0,,0,,,,,368223.1303,5032590.94,45.43037576,-75.68944424,6775
16--3186,2016/03/06,5:42 PM,HAZELDEAN RD btwn EDGEWATER ST & YOUNG RD (__3ZA3DM),__3ZA3DM,01 - Non intersection,03 - P.D. only,03 - Rear end,01 - Clear,01 - Daylight,01 - Dry,10 - No control,,2,0,0,0,,0,,,,,352453.9559,5017470.237,45.29556982,-75.89242115,6776
16--3187,2016/03/06,7:45 PM,HIGHWAY 417 btwn HWY417 IC122 RAMP51 & HWY417 IC122 RAMP15 (__3ZA2R0),__3ZA2R0,01 - Non intersection,03 - P.D. only,04 - Sideswipe,01 - Clear,"08 - Dark, artificial",01 - Dry,10 - No control,,2,0,0,0,,0,,,,,365318.7777,5028866.614,45.39712256,-75.72701607,6777
16--3188,2016/03/06,8:24 PM,MEADOWLANDS DR @ VIEWMOUNT DR (0001752),1752,02 - Intersection related,03 - P.D. only,04 - Sideswipe,01 - Clear,07 - Dark,01 - Dry,01 - Traffic signal,01 - Functioning,2,0,0,0,,0,,,,,363739.9054,5023104.845,45.34541365,-75.74786816,6778
16--3189,2016/03/06,8:40 AM,DALHOUSIE ST @ YORK ST (0008500),8500,03 - At intersection,03 - P.D. only,05 - Turning movement,01 - Clear,01 - Daylight,02 - Wet,01 - Traffic signal,01 - Functioning,2,0,0,0,,0,,,,,368094.373,5032419.812,45.42884768,-75.6911116,6779
16--319,2016/01/08,6:15 PM,COLONEL BY DR @ ECHO DR S (0011370),11370,02 - Intersection related,03 - P.D. only,05 - Turning movement,01 - Clear,07 - Dark,02 - Wet,10 - No control,,2,0,0,0,,0,,,,,368543.3881,5028773.341,45.39599718,-75.68584545,6780
16--3190,2016/03/06,8:55 AM,BANK ST @ RIVERSIDE DR N (0010778),10778,03 - At intersection,03 - P.D. only,02 - Angle,01 - Clear,01 - Daylight,01 - Dry,01 - Traffic signal,01 - Functioning,2,0,0,0,,0,,,,,369225.05,5027984.656,45.38883846,-75.67724288,6781
16--3191,2016/03/06,9:14 AM,BASELINE RD @ MERIVALE RD (0002342),2342,02 - Intersection related,02 - Non-fatal injury,03 - Rear end,01 - Clear,01 - Daylight,01 - Dry,01 - Traffic signal,01 - Functioning,2,0,0,0,01 - Minimal,1,1,,,,365054.4744,5025325.293,45.36528122,-75.73082382,6782
16--3192,2016/03/06,9:30 PM,HIGHWAY 417 btwn HWY417 IC134 RAMP36 & HWY417 IC134 RAMP26 (__3ZA29C),__3ZA29C,01 - Non intersection,03 - P.D. only,99 - Other,01 - Clear,07 - Dark,01 - Dry,10 - No control,,2,0,0,0,,0,,,,,356429.6068,5022301.548,45.3387617,-75.84123204,6783
16--3193,2016/03/06,9:31 AM,CEDARVIEW RD btwn LYTLE AVE & CEDARHILL DR (__3ZA4XG),__3ZA4XG,04 - At/near private drive,02 - Non-fatal injury,03 - Rear end,01 - Clear,01 - Daylight,01 - Dry,10 - No control,,2,0,0,0,02 - Minor,2,,2,,,360585.1174,5017316.05,45.29358393,-75.78877517,6784
16--3194,2016/03/07,1:30 AM,CARRUTHERS AVE btwn LADOUCEUR ST & ARMSTRONG ST (__3ZAAHI),__3ZAAHI,01 - Non intersection,03 - P.D. only,06 - SMV unattended vehicle,01 - Clear,07 - Dark,02 - Wet,10 - No control,,1,0,0,0,,0,,,,,365228.1155,5029669.759,45.40435691,-75.72807556,6785
16--3195,2016/03/07,1:39 PM,ELIZABETH ST btwn JILL ST & ANNETTE ST (__3ZA7FK),__3ZA7FK,04 - At/near private drive,03 - P.D. only,06 - SMV unattended vehicle,01 - Clear,01 - Daylight,01 - Dry,10 - No control,,1,0,0,0,,0,,,,,375220.0292,5000797.623,45.14364059,-75.604546,6786
16--3196,2016/03/07,10:05 AM,HIGHWAY 17 btwn THOMAS ELLIOT RD & GALETTA SIDE RD (__3ZA2RQ),__3ZA2RQ,01 - Non intersection,03 - P.D. only,07 - SMV other,01 - Clear,01 - Daylight,04 - Slush,10 - No control,,1,0,0,0,,0,,,,,321696.2004,5029916.272,45.40897964,-76.28414602,6787
16--3197,2016/03/07,10:42 AM,BRISBANE RD @ MAYO AVE (0000268),268,03 - At intersection,03 - P.D. only,02 - Angle,01 - Clear,01 - Daylight,02 - Wet,03 - Yield sign,01 - Functioning,2,0,0,0,,0,,,,,366907.9724,5020908.7,45.32537974,-75.70771987,6788
16--3198,2016/03/07,11:30 AM,CHARLOTTE ST @ RIDEAU ST (0002622),2622,02 - Intersection related,03 - P.D. only,02 - Angle,01 - Clear,01 - Daylight,01 - Dry,01 - Traffic signal,01 - Functioning,2,0,0,0,,0,,,,,369250.8364,5032859.367,45.43269701,-75.67627624,6789
16--3199,2016/03/07,11:30 AM,RIVERSIDE DR @ WALKLEY RD (0002158),2158,02 - Intersection related,03 - P.D. only,03 - Rear end,01 - Clear,01 - Daylight,01 - Dry,01 - Traffic signal,01 - Functioning,2,0,0,0,,0,,,,,368418.4994,5024852.856,45.36073311,-75.68794553,6790
16--32,2016/01/02,3:41 PM,BANK ST btwn GLADSTONE AVE & MCLEOD ST (__3ZA3PF),__3ZA3PF,01 - Non intersection,03 - P.D. only,04 - Sideswipe,01 - Clear,01 - Daylight,01 - Dry,10 - No control,,2,0,0,0,,0,,,,,367919.9503,5030556.728,45.41210003,-75.69357915,6791
16--320,2016/01/08,6:20 PM,HIGHWAY 417 btwn HWY417 IC122 RAMP61 & HWY417 IC121B RAMP16 (__3ZA2Y4),__3ZA2Y4,01 - Non intersection,03 - P.D. only,03 - Rear end,01 - Clear,07 - Dark,01 - Dry,10 - No control,,7,0,0,0,,0,,,,,366071.9713,5029345.397,45.40136503,-75.71733723,6792
16--3200,2016/03/07,12:13 AM,HOCHELAGA ST btwn GULF PL & BERMUDA AVE (__3ZA7X1),__3ZA7X1,04 - At/near private drive,03 - P.D. only,06 - SMV unattended vehicle,01 - Clear,07 - Dark,01 - Dry,10 - No control,,1,0,0,0,,0,,,,,373042.8658,5034293.791,45.44524346,-75.62761825,6793
16--3201,2016/03/07,12:30 PM,PRINCE OF WALES DR @ FALLOWFIELD RD (0000566),566,02 - Intersection related,03 - P.D. only,03 - Rear end,01 - Clear,01 - Daylight,01 - Dry,01 - Traffic signal,01 - Functioning,2,0,0,0,,0,,,,,367399.932,5019165.804,45.30965373,-75.70166506,6794
16--3202,2016/03/07,3:26 PM,CARLING AVE @ MAITLAND AVE/SHERBOURNE RD (0002641),2641,02 - Intersection related,03 - P.D. only,03 - Rear end,01 - Clear,01 - Daylight,01 - Dry,01 - Traffic signal,01 - Functioning,2,0,0,0,,0,,,,,362942.3862,5026489.042,45.37593088,-75.75764631,6795
16--3203,2016/03/07,3:31 PM,BRONSON AVE @ JAMES ST (0005694),5694,03 - At intersection,03 - P.D. only,02 - Angle,01 - Clear,01 - Daylight,01 - Dry,02 - Stop sign,01 - Functioning,2,0,0,0,,0,,,,,367067.295,5030241.931,45.40934397,-75.70451138,6796
16--3204,2016/03/07,3:41 PM,BEAVER RDG @ EAGLE LANE (0001902),1902,03 - At intersection,03 - P.D. only,05 - Turning movement,01 - Clear,01 - Daylight,01 - Dry,02 - Stop sign,01 - Functioning,2,0,0,0,,0,,,,,365232.8194,5024490.851,45.3577577,-75.72864941,6797
16--3205,2016/03/07,4:27 PM,WEST HUNT CLUB RD WB btwn 210 W OF MERIVALE RD & MERIVALE RD (__3ZA3JCB),__3ZA3JCB,01 - Non intersection,03 - P.D. only,07 - SMV other,01 - Clear,01 - Daylight,01 - Dry,10 - No control,,1,0,0,0,,0,,,,,365604.0382,5021937.393,45.33474996,-75.7242256,6798
16--3206,2016/03/07,4:27 PM,INNES RD @ STONEHENGE CRES W (0009354),9354,02 - Intersection related,03 - P.D. only,03 - Rear end,01 - Clear,01 - Daylight,02 - Wet,01 - Traffic signal,01 - Functioning,2,0,0,0,,0,,,,,375199.7412,5031217.881,45.41735427,-75.60048899,6799
16--3207,2016/03/07,5:01 PM,FROBISHER LANE W @ RIVERSIDE DR (0011961),11961,03 - At intersection,03 - P.D. only,05 - Turning movement,02 - Rain,01 - Daylight,02 - Wet,01 - Traffic signal,01 - Functioning,2,0,0,0,,0,,,,,370119.3885,5029601.002,45.40329893,-75.66560869,6800
16--3208,2016/03/07,5:07 AM,HIGHWAY 417 btwn HWY417 IC130 RAMP35 & HWY417 IC130 RAMP25 (__3ZA298),__3ZA298,01 - Non intersection,03 - P.D. only,07 - SMV other,03 - Snow,07 - Dark,03 - Loose snow,10 - No control,,1,0,0,0,,0,,,,,359180.1548,5023060.601,45.34538387,-75.80605551,6801
16--3209,2016/03/07,5:53 PM,ST. JOSEPH BLVD @ TENTH LINE RD (0009163),9163,02 - Intersection related,02 - Non-fatal injury,03 - Rear end,01 - Clear,01 - Daylight,02 - Wet,01 - Traffic signal,01 - Functioning,4,0,0,0,02 - Minor,1,,1,,,382891.4697,5038665.787,45.483548,-75.50104223,6802
16--321,2016/01/08,6:41 PM,HIGHWAY 417 btwn HWY417 IC122 RAMP15 & HWY417 IC121B RAMP51 (__3ZA2RB),__3ZA2RB,01 - Non intersection,03 - P.D. only,03 - Rear end,01 - Clear,"08 - Dark, artificial",01 - Dry,10 - No control,,3,0,0,0,,0,,,,,365815.052,5029190.473,45.3999935,-75.72063787,6803
16--3210,2016/03/07,6:59 PM,SADDLERIDGE DR btwn PRAIRIE ST & DOVEHAVEN ST (__67PTJD),__67PTJD,01 - Non intersection,03 - P.D. only,06 - SMV unattended vehicle,01 - Clear,07 - Dark,01 - Dry,10 - No control,,1,0,0,0,,0,,,,,381646.0211,5032441.033,45.42768098,-75.5179445,6804
16--3211,2016/03/07,7:47 AM,MONTREAL RD btwn THOMSON ST & AVIATION PKWY (__3ZA3UF),__3ZA3UF,04 - At/near private drive,03 - P.D. only,02 - Angle,01 - Clear,01 - Daylight,01 - Dry,10 - No control,,2,0,0,0,,0,,,,,372122.8885,5034095.302,45.44354676,-75.63940458,6805
16--3212,2016/03/07,7:50 AM,WOODROFFE AVE btwn CARLING AVE & FOX CRES (__3ZA4NI),__3ZA4NI,01 - Non intersection,03 - P.D. only,03 - Rear end,02 - Rain,01 - Daylight,02 - Wet,10 - No control,,2,0,0,0,,0,,,,,361776.4719,5025702.344,45.36894802,-75.77262207,6806
16--3213,2016/03/07,8:01 AM,BELL ST @ GLADSTONE AVE (0006488),6488,02 - Intersection related,03 - P.D. only,06 - SMV unattended vehicle,03 - Snow,01 - Daylight,06 - Ice,02 - Stop sign,01 - Functioning,1,0,0,0,,0,,,,,366944.9436,5029970.07,45.40690871,-75.70610859,6807
16--3214,2016/03/07,8:41 AM,SOMERSET ST    W btwn METCALFE ST & ELGIN ST (__3ZA341),__3ZA341,01 - Non intersection,03 - P.D. only,04 - Sideswipe,01 - Clear,01 - Daylight,01 - Dry,10 - No control,,2,0,0,0,,0,,,,,368159.3335,5031195.436,45.41782528,-75.69043898,6808
16--3215,2016/03/07,8:45 AM,BANK ST @ JOHNSTON RD (0006967),6967,03 - At intersection,03 - P.D. only,02 - Angle,01 - Clear,01 - Daylight,04 - Slush,01 - Traffic signal,01 - Functioning,2,0,0,0,,0,,,,,370851.7305,5024839.298,45.36038609,-75.65689183,6809
16--3216,2016/03/07,8:48 PM,GEORGE ST @ DALHOUSIE ST (0008516),8516,02 - Intersection related,03 - P.D. only,03 - Rear end,01 - Clear,07 - Dark,02 - Wet,01 - Traffic signal,01 - Functioning,2,0,0,0,,0,,,,,368157.8811,5032315.781,45.42790589,-75.69031345,6810
16--3310,2016/03/10,5:47 PM,PRINCE OF WALES DR @ 257 S OF PRESTON ST/SIR J (0008629),8629,02 - Intersection related,02 - Non-fatal injury,03 - Rear end,01 - Clear,01 - Daylight,01 - Dry,01 - Traffic signal,01 - Functioning,2,0,0,0,01 - Minimal,1,1,,,,366776.9071,5028558.227,45.39422023,-75.70843244,6811
16--3311,2016/03/10,7:10 AM,WILHAVEN DR btwn DUNNING RD & SARSFIELD RD (__3ZA5GU),__3ZA5GU,01 - Non intersection,03 - P.D. only,01 - Approaching,01 - Clear,01 - Daylight,02 - Wet,10 - No control,,2,0,0,0,,0,,,,,392185.4449,5040876.007,45.50233125,-75.38178039,6812
16--3312,2016/03/10,7:21 AM,HIGHWAY 417 btwn HWY417 IC112 RAMP65 & HWY417 IC112 RAMP55 (__3ZA281),__3ZA281,01 - Non intersection,03 - P.D. only,07 - SMV other,"07 - Fog, mist, smoke, dust",01 - Daylight,02 - Wet,10 - No control,,1,0,0,0,,0,,,,,374413.8658,5030844.597,45.41407428,-75.61058178,6813
16--3313,2016/03/10,7:38 PM,BANK ST btwn FOURTH AVE & FIFTH AVE (__3ZA3OW),__3ZA3OW,01 - Non intersection,02 - Non-fatal injury,03 - Rear end,02 - Rain,07 - Dark,02 - Wet,10 - No control,,2,0,0,0,02 - Minor,1,,1,,,368371.2679,5029466.355,45.40224835,-75.68795429,6814
16--3314,2016/03/10,8:01 AM,WELLINGTON ST btwn BANK ST & O'CONNOR ST (__3ZA3MF),__3ZA3MF,01 - Non intersection,02 - Non-fatal injury,01 - Approaching,01 - Clear,01 - Daylight,02 - Wet,10 - No control,,3,0,0,0,02 - Minor,4,,4,,,367280.5705,5031642.114,45.42192338,-75.70160945,6815
16--3315,2016/03/10,8:10 AM,BEATRICE DR @ CLARIDGE DR (0009697),9697,02 - Intersection related,03 - P.D. only,03 - Rear end,01 - Clear,01 - Daylight,02 - Wet,02 - Stop sign,01 - Functioning,2,0,0,0,,0,,,,,365145.9056,5016523.021,45.28607142,-75.73072955,6816
16--3316,2016/03/10,8:10 PM,WOODROFFE AVE btwn EARL MULLIGAN DR & LONGFIELDS DR (__3ZA3II),__3ZA3II,01 - Non intersection,03 - P.D. only,07 - SMV other,02 - Rain,07 - Dark,02 - Wet,10 - No control,,1,0,0,0,,0,,,,,365380.5484,5017201.728,45.2921582,-75.72765579,6817
16--3317,2016/03/10,8:20 AM,NOTRE DAME ST @ ORLEANS BLVD (0004105),4105,02 - Intersection related,02 - Non-fatal injury,03 - Rear end,01 - Clear,01 - Daylight,02 - Wet,02 - Stop sign,00 - Unknown,2,0,0,0,01 - Minimal,1,1,,,,380689.4735,5036865.248,45.46759108,-75.52948451,6818
16--3318,2016/03/10,8:31 AM,CAMBRIAN RD @ KILBIRNIE DR/TUCANA WAY (0013607),13607,03 - At intersection,03 - P.D. only,02 - Angle,01 - Clear,01 - Daylight,02 - Wet,02 - Stop sign,01 - Functioning,2,0,0,0,,0,,,,,365113.837,5013068.716,45.25499238,-75.73155788,6819