Anom_ID,Accident_Date,Accident_Time,Location,Geo_ID,Accident_Location,Classification_of_Accident,Initial_Impact_Type,Environment_Condition,Light,Road_Surface_Condition,Traffic_Control,Traffic_Control_Condition,No__of_Vehicles,No__of_Bicycles,No__of_Motorcycles,No__of_Pedestrians,Max_Injury,No__of_Injuries,No__of_Minimal,No__of_Minor,No__of_Major,No__of_Fatal,X,Y,Latitude,Longitude,ObjectId
16--3319,2016/03/10,8:39 AM,DES SOLDATS-RIENDEAU ST btwn ANDRE AUDET AVE & WHIMBREL WAY (__8A9OLG),__8A9OLG,01 - Non intersection,03 - P.D. only,06 - SMV unattended vehicle,01 - Clear,01 - Daylight,01 - Dry,10 - No control,,1,0,0,0,,0,,,,,365008.659,5011825.46,45.24381454,-75.73304837,6820
16--332,2016/01/08,9:20 AM,LONGFIELDS DR btwn DEERCROFT AVE & STRANDHERD DR (__4VGUPF),__4VGUPF,04 - At/near private drive,03 - P.D. only,05 - Turning movement,01 - Clear,01 - Daylight,02 - Wet,10 - No control,,2,0,0,0,,0,,,,,364523.2946,5015217.978,45.27438184,-75.73882273,6821
16--3320,2016/03/10,9:10 AM,ARENA PL @ BANK ST (0004129),4129,03 - At intersection,03 - P.D. only,02 - Angle,01 - Clear,01 - Daylight,02 - Wet,02 - Stop sign,01 - Functioning,3,0,0,0,,0,,,,,375400.5307,5021519.709,45.33007455,-75.59931009,6822
16--3321,2016/03/10,9:15 PM,KING EDWARD AVE btwn BESSERER ST & DALY AVE (__3ZA3V6),__3ZA3V6,01 - Non intersection,03 - P.D. only,04 - Sideswipe,02 - Rain,07 - Dark,02 - Wet,10 - No control,,2,0,0,0,,0,,,,,368568.6607,5032307.179,45.42779116,-75.68506551,6823
16--3322,2016/03/10,9:23 AM,BLAIR RD @ INNES RD (0004165),4165,02 - Intersection related,03 - P.D. only,05 - Turning movement,01 - Clear,01 - Daylight,01 - Dry,01 - Traffic signal,01 - Functioning,2,0,0,0,,0,,,,,375579.0012,5031439.821,45.4193129,-75.59561184,6824
16--3323,2016/03/10,9:45 AM,HIGHWAY 417 btwn HWY417 IC127 RAMP63 & HWY417 IC127 RAMP67 (__3ZA2RF),__3ZA2RF,01 - Non intersection,03 - P.D. only,04 - Sideswipe,01 - Clear,01 - Daylight,01 - Dry,10 - No control,,2,0,0,0,,0,,,,,362125.6062,5024853.75,45.36128397,-75.76826373,6825
16--3324,2016/03/11,1:04 AM,ALBION RD @ MITCH OWENS RD (0004212),4212,03 - At intersection,02 - Non-fatal injury,07 - SMV other,01 - Clear,07 - Dark,02 - Wet,01 - Traffic signal,01 - Functioning,1,0,0,0,02 - Minor,1,,1,,,375906.0882,5014804.227,45.26960013,-75.5938243,6826
16--3325,2016/03/11,1:10 PM,BESSERER ST @ WALLER ST (0008859),8859,02 - Intersection related,03 - P.D. only,04 - Sideswipe,01 - Clear,01 - Daylight,01 - Dry,01 - Traffic signal,01 - Functioning,3,0,0,0,,0,,,,,368316.1553,5032192.644,45.4267836,-75.68830686,6827
16--3326,2016/03/11,1:27 PM,ALBERT ST btwn ELGIN ST & ELGIN ST (__3ZA350),__3ZA350,01 - Non intersection,03 - P.D. only,04 - Sideswipe,01 - Clear,01 - Daylight,01 - Dry,10 - No control,,2,0,0,0,,0,,,,,367866.2172,5031715.177,45.42252822,-75.69411732,6828
16--3327,2016/03/11,1:30 PM,JOCKVALE RD @ LAMING ST/WEYBRIDGE DR W (0000813),813,03 - At intersection,02 - Non-fatal injury,07 - SMV other,01 - Clear,01 - Daylight,01 - Dry,02 - Stop sign,01 - Functioning,1,0,0,1,01 - Minimal,1,1,,,,361914.3314,5015397.284,45.276212,-75.77205075,6829
16--3328,2016/03/11,1:46 PM,ST. LAURENT BLVD/GUY ST @ RIDEAU SS (0007214),7214,02 - Intersection related,03 - P.D. only,03 - Rear end,01 - Clear,01 - Daylight,01 - Dry,01 - Traffic signal,01 - Functioning,2,0,0,0,,0,,,,,371859.9505,5033043.659,45.43410986,-75.64290864,6830
16--3329,2016/03/11,10:20 AM,KING EDWARD AVE @ RIDEAU ST (0002121),2121,02 - Intersection related,03 - P.D. only,04 - Sideswipe,01 - Clear,01 - Daylight,01 - Dry,01 - Traffic signal,01 - Functioning,2,0,0,0,,0,,,,,368511.7072,5032413.36,45.42875173,-75.68577954,6831
16--333,2016/01/08,9:25 PM,MAIN ST @ RIVERDALE AVE (0007229),7229,03 - At intersection,02 - Non-fatal injury,05 - Turning movement,01 - Clear,07 - Dark,05 - Packed snow,01 - Traffic signal,01 - Functioning,2,0,0,0,02 - Minor,3,1,2,,,369430.9906,5029533.62,45.40275655,-75.67441021,6832
16--3330,2016/03/11,11:04 AM,WELLINGTON ST    W btwn HOLLAND AVE & HINTON AVE N (__3ZA4QR),__3ZA4QR,01 - Non intersection,03 - P.D. only,03 - Rear end,01 - Clear,01 - Daylight,02 - Wet,10 - No control,,2,0,0,0,,0,,,,,364934.6397,5029155.35,45.39975364,-75.73188688,6833
16--3331,2016/03/11,11:21 AM,MERIVALE RD @ WEST HUNT CLUB RD (0000584),584,02 - Intersection related,03 - P.D. only,03 - Rear end,01 - Clear,01 - Daylight,01 - Dry,01 - Traffic signal,01 - Functioning,2,0,0,0,,0,,,,,365613.3611,5021942.276,45.33479309,-75.72410606,6834
16--3332,2016/03/11,Unknown,STRANDHERD DR @ WOODROFFE AVE (0009688),9688,03 - At intersection,03 - P.D. only,04 - Sideswipe,01 - Clear,07 - Dark,02 - Wet,01 - Traffic signal,01 - Functioning,2,0,0,0,,0,,,,,366105.4881,5015395.815,45.27584584,-75.71863747,6835
16--3333,2016/03/11,Unknown,"PIN ROUGE, VOIE DU WAY btwn GOSSAMER ST & JOSHUA ST (__807KLO)",__807KLO,01 - Non intersection,03 - P.D. only,06 - SMV unattended vehicle,01 - Clear,07 - Dark,01 - Dry,10 - No control,,1,0,0,0,,0,,,,,381503.975,5032433.872,45.42763214,-75.51976063,6836
16--3334,2016/03/11,12:09 PM,MOODIE DR @ CORKSTOWN RD (0000577),577,03 - At intersection,02 - Non-fatal injury,02 - Angle,01 - Clear,01 - Daylight,01 - Dry,01 - Traffic signal,01 - Functioning,2,0,0,0,02 - Minor,3,1,2,,,356344.5411,5022761.719,45.34290862,-75.84226942,6837
16--3335,2016/03/11,12:13 PM,BRONSON AVE @ PRIMROSE AVE (0006344),6344,02 - Intersection related,03 - P.D. only,03 - Rear end,01 - Clear,01 - Daylight,01 - Dry,01 - Traffic signal,01 - Functioning,2,0,0,0,,0,,,,,366885.9215,5030668.905,45.41320187,-75.7067745,6838
16--3336,2016/03/11,12:46 PM,COLONEL BY DR @ HOG'S BACK RD (0002635),2635,03 - At intersection,02 - Non-fatal injury,05 - Turning movement,01 - Clear,01 - Daylight,01 - Dry,01 - Traffic signal,01 - Functioning,2,0,0,0,01 - Minimal,2,2,,,,367603.5288,5025874.879,45.37000251,-75.69821724,6839
16--3337,2016/03/11,2:12 PM,BARNSDALE RD btwn MOODIE DR & TRAIL RD (__3ZA1CA),__3ZA1CA,01 - Non intersection,03 - P.D. only,07 - SMV other,01 - Clear,01 - Daylight,01 - Dry,10 - No control,,1,0,0,0,,0,,,,,362230.8014,5008994.563,45.21857389,-75.76875713,6840
16--3338,2016/03/11,2:19 PM,PARKDALE AVE btwn WELLINGTON ST W & GLADSTONE AVE (__3ZA4QM),__3ZA4QM,01 - Non intersection,03 - P.D. only,03 - Rear end,01 - Clear,01 - Daylight,01 - Dry,10 - No control,,3,0,0,0,,0,,,,,365159.6895,5029250.356,45.40058912,-75.7290009,6841
16--3339,2016/03/11,3:04 PM,STRANDHERD DR @ WOODROFFE AVE (0009688),9688,02 - Intersection related,03 - P.D. only,03 - Rear end,01 - Clear,01 - Daylight,01 - Dry,01 - Traffic signal,01 - Functioning,3,0,0,0,,0,,,,,366106.8199,5015396.259,45.27584972,-75.71862044,6842
16--334,2016/01/09,1:46 PM,BIRCHMOUNT DR @ CEDARCROFT CRES W (0009925),9925,02 - Intersection related,03 - P.D. only,06 - SMV unattended vehicle,01 - Clear,01 - Daylight,02 - Wet,02 - Stop sign,01 - Functioning,1,0,0,0,,0,,,,,374129.5914,5032164.275,45.42597629,-75.61402766,6843
16--3340,2016/03/11,3:15 PM,ARNOT RD btwn FISHER AVE & DYNES RD (__3ZAAQW),__3ZAAQW,01 - Non intersection,03 - P.D. only,06 - SMV unattended vehicle,01 - Clear,01 - Daylight,01 - Dry,10 - No control,,1,0,0,0,,0,,,,,366544.9757,5025639.359,45.36797741,-75.71175942,6844
16--3341,2016/03/11,3:16 PM,HIGHWAY 417 btwn HWY417 IC121B RAMP16 & HWY417 IC121A RAMP16 (__3ZA2YX),__3ZA2YX,01 - Non intersection,03 - P.D. only,03 - Rear end,01 - Clear,01 - Daylight,01 - Dry,10 - No control,,2,0,0,0,,0,,,,,366764.331,5029587.232,45.40348005,-75.70846377,6845
16--3342,2016/03/11,3:30 PM,BASELINE RD @ CENTREPOINTE DR E/HIGHGATE RD (0011468),11468,02 - Intersection related,02 - Non-fatal injury,03 - Rear end,01 - Clear,01 - Daylight,01 - Dry,01 - Traffic signal,01 - Functioning,3,0,0,0,01 - Minimal,1,1,,,,362061.0207,5023466.615,45.3488079,-75.76924874,6846
16--3343,2016/03/11,3:30 PM,MONTAVISTA AVE btwn BENLARK RD & BARTLEY CRES (__3ZAAAO),__3ZAAAO,04 - At/near private drive,03 - P.D. only,99 - Other,01 - Clear,01 - Daylight,01 - Dry,10 - No control,,2,0,0,0,,0,,,,,363755.7819,5014918.928,45.27175575,-75.74863939,6847
16--3344,2016/03/11,3:32 PM,ALPINE AVE @ CARLING AVE (0011382),11382,03 - At intersection,03 - P.D. only,03 - Rear end,01 - Clear,01 - Daylight,01 - Dry,01 - Traffic signal,01 - Functioning,2,0,0,0,,0,,,,,360496.453,5024942.743,45.36221605,-75.7890475,6848
16--3345,2016/03/11,3:40 PM,HAWTHORNE RD/RUSSELL RD @ WALKLEY RD (0002618),2618,02 - Intersection related,02 - Non-fatal injury,03 - Rear end,01 - Clear,01 - Daylight,01 - Dry,01 - Traffic signal,01 - Functioning,2,0,0,0,01 - Minimal,1,1,,,,374672.9701,5028497.324,45.39292889,-75.60760434,6849
16--3346,2016/03/11,3:54 PM,ALESTHER ST @ DONALD ST (0008493),8493,02 - Intersection related,03 - P.D. only,03 - Rear end,01 - Clear,01 - Daylight,02 - Wet,02 - Stop sign,00 - Unknown,2,0,0,0,,0,,,,,371990.7674,5032461.365,45.42885809,-75.64131632,6850
16--3347,2016/03/11,3:58 PM,MELFORT ST @ WALKLEY RD (0008805),8805,02 - Intersection related,03 - P.D. only,03 - Rear end,01 - Clear,01 - Daylight,01 - Dry,01 - Traffic signal,01 - Functioning,3,0,0,0,,0,,,,,374445.0717,5028374.205,45.39184382,-75.61053201,6851
16--3348,2016/03/11,4:45 PM,BOURASSA ST @ ST. LAURENT BLVD (0007731),7731,03 - At intersection,03 - P.D. only,04 - Sideswipe,01 - Clear,01 - Daylight,01 - Dry,01 - Traffic signal,01 - Functioning,2,0,0,0,,0,,,,,373235.9331,5029693.823,45.40383635,-75.62578955,6852
16--3349,2016/03/11,4:58 PM,FRIEL ST @ RIDEAU ST (0011917),11917,03 - At intersection,02 - Non-fatal injury,07 - SMV other,01 - Clear,01 - Daylight,01 - Dry,01 - Traffic signal,01 - Functioning,1,0,0,1,02 - Minor,1,,1,,,368771.7024,5032570.209,45.43013927,-75.68243682,6853
16--335,2016/01/09,10:20 AM,CYRVILLE RD @ MEADOWBROOK RD (0012477),12477,03 - At intersection,02 - Non-fatal injury,02 - Angle,02 - Rain,01 - Daylight,02 - Wet,01 - Traffic signal,01 - Functioning,2,0,0,0,02 - Minor,1,,1,,,374629.5109,5031243.222,45.41763942,-75.60777045,6854
16--3350,2016/03/11,5:14 PM,CAMPEAU DR btwn TERRY FOX DR & HERLIHEY WAY (__5ZYNI8),__5ZYNI8,04 - At/near private drive,03 - P.D. only,02 - Angle,01 - Clear,01 - Daylight,01 - Dry,10 - No control,,2,0,0,0,,0,,,,,350470.0684,5019067.956,45.31007829,-75.9175668,6855
16--3351,2016/03/11,5:23 PM,GREY'S CREEK RD @ SNAKE ISLAND RD (0005705),5705,03 - At intersection,02 - Non-fatal injury,02 - Angle,01 - Clear,01 - Daylight,01 - Dry,02 - Stop sign,01 - Functioning,2,0,0,0,02 - Minor,1,,1,,,381963.5615,5009058.08,45.21726056,-75.51753046,6856
16--3352,2016/03/11,5:47 PM,TRIM RD @ WATTERS RD (0012847),12847,03 - At intersection,03 - P.D. only,02 - Angle,01 - Clear,01 - Daylight,01 - Dry,01 - Traffic signal,01 - Functioning,2,0,0,0,,0,,,,,384965.324,5038718.696,45.48378895,-75.47450876,6857
16--3353,2016/03/11,6:05 PM,CAMPEAU DR @ TERRY FOX DR (0008211),8211,03 - At intersection,02 - Non-fatal injury,05 - Turning movement,01 - Clear,05 - Dusk,01 - Dry,01 - Traffic signal,01 - Functioning,2,0,0,0,02 - Minor,1,,1,,,350455.8247,5019011.575,45.30957189,-75.91775364,6858
16--3354,2016/03/11,6:24 PM,DES EPINETTES AVE @ SILVER BARK AVE (0004096),4096,03 - At intersection,03 - P.D. only,02 - Angle,01 - Clear,07 - Dark,01 - Dry,02 - Stop sign,01 - Functioning,2,0,0,0,,0,,,,,382359.0795,5036181.839,45.46125895,-75.5082437,6859
16--3355,2016/03/11,6:40 AM,BANKFIELD RD btwn LOCKMASTER CRES & COLONY HEIGHTS RD (__3ZA386),__3ZA386,01 - Non intersection,03 - P.D. only,99 - Other,01 - Clear,01 - Daylight,01 - Dry,10 - No control,,2,0,0,0,,0,,,,,367775.9102,5009786.094,45.22522224,-75.69806003,6860
16--3356,2016/03/11,6:45 AM,HAWTHORNE AVE/ISABELLA ST @ QUEEN ELIZABETH DR (0002105),2105,02 - Intersection related,03 - P.D. only,03 - Rear end,01 - Clear,01 - Daylight,01 - Dry,01 - Traffic signal,01 - Functioning,2,0,0,0,,0,,,,,368663.9888,5030475.371,45.4113005,-75.68408482,6861
16--3357,2016/03/11,7:20 AM,INDUSTRIAL AVE @ RIVERSIDE DR (0011905),11905,02 - Intersection related,03 - P.D. only,03 - Rear end,01 - Clear,01 - Daylight,01 - Dry,01 - Traffic signal,01 - Functioning,2,0,0,0,,0,,,,,370684.4523,5030592.287,45.41216517,-75.65825886,6862
16--3358,2016/03/11,7:21 PM,CARLING AVE @ RICHMOND RD (0010847),10847,02 - Intersection related,02 - Non-fatal injury,03 - Rear end,01 - Clear,07 - Dark,01 - Dry,01 - Traffic signal,01 - Functioning,2,0,0,0,01 - Minimal,1,1,,,,360245.2771,5024782.033,45.3607899,-75.79227148,6863
16--3359,2016/03/11,7:40 AM,ALTA VISTA DR @ SMYTH RD (0011353),11353,03 - At intersection,03 - P.D. only,04 - Sideswipe,01 - Clear,01 - Daylight,01 - Dry,01 - Traffic signal,01 - Functioning,3,0,0,0,,0,,,,,370432.9379,5029081.779,45.39859783,-75.66167293,6864
16--336,2016/01/09,10:30 AM,CHARLEMAGNE BLVD @ PRINCESS LOUISE DR W/VALADE (0003731),3731,02 - Intersection related,03 - P.D. only,04 - Sideswipe,02 - Rain,01 - Daylight,04 - Slush,01 - Traffic signal,01 - Functioning,2,0,0,0,,0,,,,,383520.5307,5037972.466,45.47723948,-75.49310756,6865
16--3360,2016/03/11,7:41 AM,JUSTIN AVE btwn DUNLOE AVE & HEMLOCK RD (__3ZA8FP),__3ZA8FP,01 - Non intersection,03 - P.D. only,03 - Rear end,01 - Clear,01 - Daylight,02 - Wet,10 - No control,,2,0,0,0,,0,,,,,370515.566,5034769.785,45.44976841,-75.65985881,6866
16--3361,2016/03/11,7:42 AM,HUNT CLUB RD btwn NORTH BOWESVILLE RD & BILLY BISHOP PRIV (__5G43Y1),__5G43Y1,04 - At/near private drive,03 - P.D. only,02 - Angle,01 - Clear,01 - Daylight,01 - Dry,10 - No control,,2,0,0,0,,0,,,,,368799.1116,5022393.241,45.33856745,-75.68340604,6867
16--3362,2016/03/11,7:50 AM,PORTOBELLO BLVD btwn CAPREOL ST & AQUAVIEW DR (__3ZACEX),__3ZACEX,01 - Non intersection,03 - P.D. only,99 - Other,01 - Clear,01 - Daylight,01 - Dry,10 - No control,,2,0,0,0,,0,,,,,385729.6133,5036002.008,45.4592587,-75.46518085,6868
16--3363,2016/03/11,7:52 AM,MAPLE GROVE RD @ TERRY FOX DR (0003177),3177,02 - Intersection related,03 - P.D. only,03 - Rear end,01 - Clear,01 - Daylight,01 - Dry,01 - Traffic signal,01 - Functioning,2,0,0,0,,0,,,,,351553.8326,5017864.241,45.29917564,-75.90385977,6869
16--3364,2016/03/11,8:17 PM,ISABELLA ST btwn O'CONNOR ST & METCALFE ST (__3ZA3PW),__3ZA3PW,01 - Non intersection,03 - P.D. only,04 - Sideswipe,01 - Clear,07 - Dark,01 - Dry,10 - No control,,2,0,0,0,,0,,,,,368339.6623,5030334.035,45.41005833,-75.68824615,6870
16--3365,2016/03/11,8:17 PM,BEARBROOK RD/ROCKCLIFFE PKWY @ ST. JOSEPH BLVD (0012382),12382,03 - At intersection,03 - P.D. only,05 - Turning movement,01 - Clear,07 - Dark,01 - Dry,01 - Traffic signal,01 - Functioning,2,0,0,0,,0,,,,,377121.0879,5035244.004,45.45338281,-75.5753513,6871
16--3366,2016/03/11,8:25 AM,HAIG DR btwn RAGLAN AVE & SAUNDERSON DR (__3ZA78U),__3ZA78U,01 - Non intersection,03 - P.D. only,06 - SMV unattended vehicle,01 - Clear,01 - Daylight,01 - Dry,10 - No control,,1,0,0,0,,0,,,,,372548.4766,5029467.812,45.40186968,-75.63460126,6872
16--3367,2016/03/11,8:31 AM,BAY ST @ SOMERSET ST (0007204),7204,03 - At intersection,03 - P.D. only,02 - Angle,01 - Clear,01 - Daylight,01 - Dry,02 - Stop sign,01 - Functioning,2,0,0,0,,0,,,,,367244.4754,5030645.24,45.41295703,-75.70219696,6873
16--3368,2016/03/11,8:52 AM,WOODROFFE AVE @ TECUMSEH ST (0005767),5767,02 - Intersection related,03 - P.D. only,03 - Rear end,01 - Clear,01 - Daylight,01 - Dry,02 - Stop sign,01 - Functioning,2,0,0,0,,0,,,,,362369.0354,5024229.778,45.35564957,-75.76522939,6874
16--3369,2016/03/11,8:52 AM,MCARTHUR AVE btwn LAROUCHE ST & OLMSTEAD ST (__3ZA3WY),__3ZA3WY,04 - At/near private drive,03 - P.D. only,05 - Turning movement,01 - Clear,01 - Daylight,01 - Dry,10 - No control,,2,0,0,0,,0,,,,,370470.455,5032718.391,45.4313151,-75.66070919,6875
16--337,2016/01/09,10:30 AM,WELLINGTON ST    W btwn IRVING AVE & GARLAND ST (__3ZA311),__3ZA311,01 - Non intersection,03 - P.D. only,03 - Rear end,04 - Freezing Rain,01 - Daylight,04 - Slush,10 - No control,,2,0,0,0,,0,,,,,365647.4201,5029837.02,45.40582556,-75.7226991,6876
16--3370,2016/03/11,9:00 AM,BASELINE RD btwn SANDCASTLE DR & MONTEREY DR (__3ZA4LL),__3ZA4LL,01 - Non intersection,03 - P.D. only,03 - Rear end,01 - Clear,01 - Daylight,01 - Dry,10 - No control,,2,0,0,0,,0,,,,,359657.0991,5022006.934,45.33586582,-75.80008651,6877
16--3371,2016/03/11,9:23 AM,BRONSON AVE @ SUNNYSIDE AVE/UNIVERSITY RD - CA (0007209),7209,03 - At intersection,03 - P.D. only,03 - Rear end,01 - Clear,01 - Daylight,01 - Dry,01 - Traffic signal,01 - Functioning,2,0,0,0,,0,,,,,367921.8232,5028091.104,45.38991492,-75.69387079,6878
16--3372,2016/03/11,9:24 PM,FISHER AVE @ VIEWMOUNT DR (0005076),5076,03 - At intersection,03 - P.D. only,07 - SMV other,01 - Clear,07 - Dark,01 - Dry,01 - Traffic signal,01 - Functioning,1,0,0,0,,0,,,,,366917.5994,5024209.729,45.35508098,-75.70718263,6879
16--3373,2016/03/11,9:25 AM,PARKIN CIRC btwn STEDMAN ST & MAASS GT (__45KTK8),__45KTK8,04 - At/near private drive,03 - P.D. only,06 - SMV unattended vehicle,01 - Clear,01 - Daylight,01 - Dry,10 - No control,,1,0,0,0,,0,,,,,372587.4064,5022806.005,45.34192557,-75.63501828,6880
16--3374,2016/03/11,9:33 PM,MONTREAL RD @ NORTH RIVER RD (0009805),9805,02 - Intersection related,03 - P.D. only,03 - Rear end,01 - Clear,07 - Dark,01 - Dry,01 - Traffic signal,01 - Functioning,2,0,0,0,,0,,,,,369738.8218,5032888.028,45.43290975,-75.67003635,6881
16--3375,2016/03/12,1:43 PM,OGILVIE RD @ BATHGATE DR/CITYPARK DR W (0012430),12430,02 - Intersection related,03 - P.D. only,05 - Turning movement,01 - Clear,01 - Daylight,01 - Dry,01 - Traffic signal,01 - Functioning,2,0,0,0,,0,,,,,373828.9884,5032801.375,45.43173831,-75.61777935,6882
16--3376,2016/03/12,10:35 AM,BAY ST @ SLATER ST (0005127),5127,03 - At intersection,03 - P.D. only,05 - Turning movement,01 - Clear,01 - Daylight,01 - Dry,01 - Traffic signal,01 - Functioning,2,0,0,0,,0,,,,,366983.4758,5031077.904,45.41687326,-75.70547663,6883
16--3377,2016/03/12,10:57 AM,HWY417 IC110 RAMP54 btwn HWY417 IC110 RAMP58 & HIGHWAY 417 (__3ZAYAO),__3ZAYAO,01 - Non intersection,03 - P.D. only,07 - SMV other,01 - Clear,01 - Daylight,02 - Wet,10 - No control,,1,0,0,0,,0,,,,,375656.0942,5029229.562,45.39941839,-75.59494458,6884
16--3378,2016/03/12,11:30 PM,STORMONT ST btwn ORTONA AVE & APELDOORN AVE (__3ZAA03),__3ZAA03,01 - Non intersection,03 - P.D. only,06 - SMV unattended vehicle,01 - Clear,07 - Dark,01 - Dry,10 - No control,,1,0,0,0,,0,,,,,367224.5932,5024652.786,45.35904025,-75.70320885,6885
16--3379,2016/03/12,11:37 AM,DESCHAMPS AVE @ HANNAH ST (0009996),9996,02 - Intersection related,02 - Non-fatal injury,06 - SMV unattended vehicle,01 - Clear,01 - Daylight,01 - Dry,02 - Stop sign,01 - Functioning,1,0,0,0,02 - Minor,1,,1,,,370163.4833,5033319.365,45.43675117,-75.66455219,6886
16--338,2016/01/09,11:11 AM,BLACKLEAF DR @ JOCKVALE RD (0013602),13602,03 - At intersection,02 - Non-fatal injury,02 - Angle,02 - Rain,01 - Daylight,02 - Wet,02 - Stop sign,01 - Functioning,2,0,0,0,01 - Minimal,2,2,,,,365567.3359,5012899.706,45.25343261,-75.72580116,6887
16--3380,2016/03/12,11:50 AM,HUNT CLUB RD @ RIVERSIDE DR (0002237),2237,02 - Intersection related,03 - P.D. only,03 - Rear end,01 - Clear,01 - Daylight,01 - Dry,01 - Traffic signal,01 - Functioning,2,0,0,0,,0,,,,,368037.322,5021946.505,45.33461688,-75.69318217,6888
16--3381,2016/03/12,12:15 AM,CARLING AVE @ KIRKWOOD AVE N (0002358),2358,02 - Intersection related,02 - Non-fatal injury,03 - Rear end,01 - Clear,07 - Dark,06 - Ice,01 - Traffic signal,01 - Functioning,2,0,0,0,02 - Minor,2,1,1,,,364275.5629,5027492.71,45.38484982,-75.74050508,6889
16--3382,2016/03/12,12:16 PM,FAIRLEA CRES btwn HEATHERINGTON RD & GORE PRIV (__3ZBORS),__3ZBORS,01 - Non intersection,03 - P.D. only,06 - SMV unattended vehicle,01 - Clear,01 - Daylight,01 - Dry,10 - No control,,1,0,0,0,,0,,,,,372062.9864,5026703.646,45.37704564,-75.64117882,6890
16--3383,2016/03/12,2:11 PM,STONEHAVEN DR @ SAWYER WAY/SUMMITVIEW DR (0008287),8287,02 - Intersection related,03 - P.D. only,03 - Rear end,01 - Clear,01 - Daylight,01 - Dry,02 - Stop sign,01 - Functioning,2,0,0,0,,0,,,,,356562.7861,5015860.379,45.28079336,-75.84020567,6891
16--3384,2016/03/12,2:20 PM,PICKFORD DR @ BUJOLD CRT/HEWITT WAY (0003972),3972,03 - At intersection,03 - P.D. only,02 - Angle,01 - Clear,01 - Daylight,01 - Dry,02 - Stop sign,01 - Functioning,2,0,0,0,,0,,,,,352762.1624,5018688.275,45.30650904,-75.88837396,6892
16--3385,2016/03/12,3:20 PM,ST. JOSEPH BLVD @ TENTH LINE RD (0009163),9163,03 - At intersection,03 - P.D. only,05 - Turning movement,01 - Clear,01 - Daylight,01 - Dry,01 - Traffic signal,01 - Functioning,2,0,0,0,,0,,,,,382891.0701,5038665.654,45.48354685,-75.50104736,6893
16--3386,2016/03/12,5:00 AM,RAMSAYVILLE RD btwn RUSSELL RD & RUSSELL RD (__3ZA2CL),__3ZA2CL,01 - Non intersection,03 - P.D. only,07 - SMV other,01 - Clear,07 - Dark,01 - Dry,10 - No control,,1,0,0,0,,0,,,,,377902.9173,5026659.88,45.3760669,-75.56662997,6894
16--3387,2016/03/12,5:10 PM,MONTREAL RD btwn NORTH RIVER RD & MONTGOMERY ST (__3ZA3XR),__3ZA3XR,01 - Non intersection,02 - Non-fatal injury,04 - Sideswipe,01 - Clear,01 - Daylight,01 - Dry,10 - No control,,2,1,0,0,01 - Minimal,1,1,,,,369804.7282,5032915.901,45.43315441,-75.66919043,6895
16--3388,2016/03/12,5:30 PM,210 W OF MERIVALE RD @ WEST HUNT CLUB RD (0004688),4688,03 - At intersection,03 - P.D. only,05 - Turning movement,01 - Clear,01 - Daylight,01 - Dry,01 - Traffic signal,01 - Functioning,2,0,0,0,,0,,,,,365430.7265,5021830.451,45.33380271,-75.72644971,6896
16--2952,2016/03/01,3:27 PM,ALBION RD @ KITCHENER AVE (0012080),12080,03 - At intersection,03 - P.D. only,02 - Angle,01 - Clear,01 - Daylight,01 - Dry,02 - Stop sign,01 - Functioning,2,0,0,0,,0,,,,,371219.0634,5025904.641,45.36993698,-75.65206037,6897
16--3389,2016/03/12,7:00 PM,BORDEN ST @ LION ST W (0005392),5392,02 - Intersection related,03 - P.D. only,06 - SMV unattended vehicle,01 - Clear,07 - Dark,01 - Dry,10 - No control,,1,0,0,0,,0,,,,,374915.5837,5000831.345,45.14397431,-75.6084121,6898
16--339,2016/01/09,11:14 PM,CARLING AVE @ RICHMOND RD (0010847),10847,03 - At intersection,03 - P.D. only,02 - Angle,01 - Clear,07 - Dark,02 - Wet,01 - Traffic signal,01 - Functioning,2,0,0,0,,0,,,,,360246.3449,5024781.29,45.36078313,-75.79225794,6899
16--3390,2016/03/12,7:11 PM,EAGLESON RD @ COPE DR/CADENCE GT (0011923),11923,03 - At intersection,02 - Non-fatal injury,05 - Turning movement,01 - Clear,07 - Dark,01 - Dry,01 - Traffic signal,01 - Functioning,2,0,0,0,02 - Minor,2,1,1,,,354620.8443,5016028.093,45.28244279,-75.86494023,6900
16--3391,2016/03/12,7:15 PM,LAURIER AVE   E btwn COPERNICUS ST & RING LANE (__3ZA2GV),__3ZA2GV,01 - Non intersection,03 - P.D. only,06 - SMV unattended vehicle,02 - Rain,07 - Dark,02 - Wet,10 - No control,,1,0,0,0,,0,,,,,368683.1237,5032000.192,45.42501856,-75.68364269,6901
16--3392,2016/03/12,7:31 PM,REGIONAL ROAD 174 btwn HIGHWAY 417 & HWY417 IC113 RAMP65 (__3ZA2YL),__3ZA2YL,01 - Non intersection,03 - P.D. only,03 - Rear end,01 - Clear,07 - Dark,01 - Dry,10 - No control,,3,0,0,0,,0,,,,,373592.8413,5031824.19,45.42296937,-75.62093355,6902