Anom_ID,Accident_Date,Accident_Time,Location,Geo_ID,Accident_Location,Classification_of_Accident,Initial_Impact_Type,Environment_Condition,Light,Road_Surface_Condition,Traffic_Control,Traffic_Control_Condition,No__of_Vehicles,No__of_Bicycles,No__of_Motorcycles,No__of_Pedestrians,Max_Injury,No__of_Injuries,No__of_Minimal,No__of_Minor,No__of_Major,No__of_Fatal,X,Y,Latitude,Longitude,ObjectId
16--3393,2016/03/12,8:35 AM,HIGHWAY 417 btwn HWY417 IC112 RAMP65 & HWY417 IC112 RAMP55 (__3ZA281),__3ZA281,01 - Non intersection,03 - P.D. only,03 - Rear end,01 - Clear,01 - Daylight,02 - Wet,10 - No control,,2,0,0,0,,0,,,,,374417.0908,5030842.576,45.41405578,-75.61054086,6903
16--3394,2016/03/12,9:07 PM,INNES RD @ ORLEANS BLVD (0003611),3611,02 - Intersection related,03 - P.D. only,02 - Angle,01 - Clear,07 - Dark,01 - Dry,01 - Traffic signal,01 - Functioning,2,0,0,0,,0,,,,,380460.5288,5034296.669,45.44450584,-75.53280714,6904
16--3395,2016/03/12,9:45 PM,KENT ST @ SLATER ST (0002114),2114,02 - Intersection related,02 - Non-fatal injury,04 - Sideswipe,01 - Clear,07 - Dark,01 - Dry,01 - Traffic signal,01 - Functioning,2,0,1,0,02 - Minor,2,1,1,,,367261.0415,5031252.809,45.41842228,-75.70190833,6905
16--3396,2016/03/13,1:23 PM,KEYROCK DR btwn LAUGHLIN CIRC & LAUGHLIN CIRC (__6E55PN),__6E55PN,01 - Non intersection,03 - P.D. only,06 - SMV unattended vehicle,01 - Clear,01 - Daylight,01 - Dry,10 - No control,,1,0,0,0,,0,,,,,349132.1207,5020373.925,45.32191551,-75.93451201,6906
16--3397,2016/03/13,10:53 PM,BELMEADE RD btwn STAGECOACH RD & 3RD LINE RD (__3ZA7JM),__3ZA7JM,01 - Non intersection,03 - P.D. only,07 - SMV other,01 - Clear,07 - Dark,01 - Dry,10 - No control,,1,0,0,0,,0,,,,,380198.4283,4996871.854,45.10780359,-75.54184133,6907
16--2953,2016/03/01,3:39 PM,SIMARD DR @ VISENEAU DR (0004350),4350,03 - At intersection,03 - P.D. only,02 - Angle,01 - Clear,01 - Daylight,01 - Dry,02 - Stop sign,01 - Functioning,2,0,0,0,,0,,,,,381285.6334,5035389.343,45.45424706,-75.52209122,6908
16--2954,2016/03/01,3:40 PM,BEARBROOK RD/ROCKCLIFFE PKWY @ ST. JOSEPH BLVD (0012382),12382,02 - Intersection related,03 - P.D. only,03 - Rear end,01 - Clear,01 - Daylight,01 - Dry,01 - Traffic signal,01 - Functioning,2,0,0,0,,0,,,,,377128.0757,5035239.372,45.45334041,-75.57526265,6909
16--2955,2016/03/01,4:06 PM,EAGLESON RD btwn CAMBRIAN RD & PERTH ST (__3ZA4YC),__3ZA4YC,01 - Non intersection,03 - P.D. only,07 - SMV other,06 - Strong wind,01 - Daylight,06 - Ice,10 - No control,,1,0,0,0,,0,,,,,358008.2687,5007431.291,45.20483872,-75.82268398,6910
16--2956,2016/03/01,4:20 PM,"MCARTHUR AVE @ EGLISE, RUE DE L/MOORVALE ST (0007763)",7763,03 - At intersection,03 - P.D. only,04 - Sideswipe,01 - Clear,01 - Daylight,02 - Wet,01 - Traffic signal,01 - Functioning,2,0,0,0,,0,,,,,371446.3826,5032824.357,45.43217621,-75.64822354,6911
16--2957,2016/03/01,4:20 PM,HIGHWAY 417 btwn HWY417 IC119B RAMP57 & HWY417 IC119A RAMP75 (__3ZA1QN),__3ZA1QN,01 - Non intersection,02 - Non-fatal injury,03 - Rear end,01 - Clear,01 - Daylight,01 - Dry,10 - No control,,4,0,0,0,02 - Minor,1,,1,,,368582.0111,5030512.872,45.4116454,-75.68512719,6912
16--2958,2016/03/01,4:23 PM,ALBION RD @ MITCH OWENS RD (0004212),4212,02 - Intersection related,03 - P.D. only,03 - Rear end,03 - Snow,01 - Daylight,03 - Loose snow,01 - Traffic signal,01 - Functioning,2,0,0,0,,0,,,,,375907.4283,5014804.899,45.26960604,-75.59380713,6913
16--2959,2016/03/01,4:23 PM,BUCKLAND RD btwn ST. JULIE ST & ROCKDALE RD (__3ZA5L3),__3ZA5L3,01 - Non intersection,03 - P.D. only,06 - SMV unattended vehicle,03 - Snow,01 - Daylight,05 - Packed snow,10 - No control,,1,0,0,0,,0,,,,,394647.8064,5024604.766,45.35563039,-75.3532458,6914
16--296,2016/01/08,1:52 PM,ROYDON PL btwn WOODFIELD DR & WEST HUNT CLUB RD (__3ZAYGP),__3ZAYGP,04 - At/near private drive,02 - Non-fatal injury,02 - Angle,01 - Clear,01 - Daylight,01 - Dry,10 - No control,,2,0,0,0,01 - Minimal,1,1,,,,365480.4308,5022308.876,45.33810322,-75.72575696,6915
16--2960,2016/03/01,4:49 PM,MACLAREN ST @ O'CONNOR ST (0007174),7174,02 - Intersection related,02 - Non-fatal injury,07 - SMV other,01 - Clear,01 - Daylight,02 - Wet,02 - Stop sign,01 - Functioning,1,0,0,1,02 - Minor,1,,1,,,367899.4171,5030940.437,45.41555437,-75.69379233,6916
16--2961,2016/03/01,5:23 PM,WEST HUNT CLUB RD WB btwn KNOXDALE RD & WOODROFFE AVE (__3ZA17D),__3ZA17D,01 - Non intersection,03 - P.D. only,07 - SMV other,03 - Snow,05 - Dusk,03 - Loose snow,10 - No control,,1,0,0,0,,0,,,,,363140.9171,5020987.089,45.3264083,-75.75576086,6917
16--2962,2016/03/01,6:13 PM,GOULBOURN FORCED RD btwn TERRY FOX DR & KANATA ROCKERIES PRIV (__5UAEGG),__5UAEGG,01 - Non intersection,03 - P.D. only,07 - SMV other,03 - Snow,05 - Dusk,06 - Ice,10 - No control,,1,0,0,0,,0,,,,,349477.8789,5021053.512,45.3280087,-75.93004052,6918
16--2963,2016/03/01,6:30 AM,DALHOUSIE ST @ RIDEAU ST (0007646),7646,02 - Intersection related,03 - P.D. only,05 - Turning movement,01 - Clear,03 - Dawn,01 - Dry,01 - Traffic signal,01 - Functioning,2,0,0,0,,0,,,,,368206.558,5032228.186,45.42711333,-75.68970272,6919
16--2964,2016/03/01,6:30 PM,KING EDWARD AVE btwn STEWART ST & WILBROD ST (__3ZA3VW),__3ZA3VW,01 - Non intersection,03 - P.D. only,06 - SMV unattended vehicle,03 - Snow,07 - Dark,04 - Slush,10 - No control,,1,0,0,0,,0,,,,,368665.1586,5032155.52,45.42641779,-75.6838521,6920
16--2965,2016/03/01,6:45 PM,IRIS ST @ WOODROFFE AVE (0002736),2736,02 - Intersection related,02 - Non-fatal injury,03 - Rear end,03 - Snow,05 - Dusk,03 - Loose snow,01 - Traffic signal,01 - Functioning,2,0,0,0,01 - Minimal,1,1,,,,362281.5822,5024441.298,45.35755999,-75.7663209,6921
16--2966,2016/03/01,6:56 PM,HAWTHORNE RD/RUSSELL RD @ WALKLEY RD (0002618),2618,03 - At intersection,03 - P.D. only,05 - Turning movement,03 - Snow,07 - Dark,04 - Slush,01 - Traffic signal,01 - Functioning,2,0,0,0,,0,,,,,374675.7743,5028499.839,45.39295123,-75.60756817,6922
16--2967,2016/03/01,6:57 AM,RICHMOND RD btwn ROBERTSON RD & STINSON AVE (__3ZA4YR),__3ZA4YR,04 - At/near private drive,03 - P.D. only,02 - Angle,01 - Clear,01 - Daylight,01 - Dry,10 - No control,,2,0,0,0,,0,,,,,357750.5741,5020854.476,45.32564239,-75.82453312,6923
16--2968,2016/03/01,7:14 PM,KIRKWOOD AVE btwn LAPERRIERE AVE & WOODWARD AVE (__3ZBOD0),__3ZBOD0,01 - Non intersection,03 - P.D. only,03 - Rear end,03 - Snow,07 - Dark,03 - Loose snow,10 - No control,,2,0,0,0,,0,,,,,364523.6896,5026953.659,45.37997842,-75.73740203,6924
16--2969,2016/03/01,7:28 AM,UPLANDS DR btwn LILLICO DR & CAHILL DR W (__3ZA9BH),__3ZA9BH,01 - Non intersection,03 - P.D. only,05 - Turning movement,01 - Clear,01 - Daylight,02 - Wet,10 - No control,,2,0,0,0,,0,,,,,370051.9836,5023269.822,45.34633928,-75.66730613,6925
16--297,2016/01/08,1:54 PM,RIVERSIDE DR @ TREMBLAY RD/HWY417 IC117 RAMP52 (0010790),10790,02 - Intersection related,03 - P.D. only,04 - Sideswipe,01 - Clear,01 - Daylight,01 - Dry,01 - Traffic signal,01 - Functioning,2,0,0,0,,0,,,,,370801.0343,5031014.797,45.41595576,-75.65671299,6926
16--2970,2016/03/01,7:35 AM,LAURIER AVE @ NICHOLAS ST (0010711),10711,02 - Intersection related,03 - P.D. only,03 - Rear end,01 - Clear,01 - Daylight,01 - Dry,01 - Traffic signal,01 - Functioning,2,0,0,0,,0,,,,,368374.0165,5031798.772,45.42323442,-75.68761834,6927
16--2971,2016/03/01,7:35 AM,HWY417 IC127 RAMP53 btwn HWY417 IC127 RAMP51 & WOODROFFE AVE (__3ZAYBN),__3ZAYBN,01 - Non intersection,03 - P.D. only,03 - Rear end,01 - Clear,01 - Daylight,01 - Dry,10 - No control,,2,0,0,0,,0,,,,,362149.6811,5024665.375,45.35958702,-75.76797831,6928
16--2972,2016/03/01,7:47 AM,JEANNE D'ARC BLVD  S btwn HENRI LAUZON ST & BOYER RD (__3ZA2BL),__3ZA2BL,01 - Non intersection,03 - P.D. only,03 - Rear end,01 - Clear,01 - Daylight,01 - Dry,10 - No control,,2,0,0,0,,0,,,,,380673.7323,5036191.132,45.46152763,-75.52978984,6929
16--2973,2016/03/01,7:55 PM,GREENBANK RD @ BERRIGAN DR/WESSEX RD (0004726),4726,03 - At intersection,03 - P.D. only,05 - Turning movement,03 - Snow,07 - Dark,03 - Loose snow,01 - Traffic signal,01 - Functioning,2,0,0,0,,0,,,,,363722.0912,5015276.54,45.27497637,-75.74902628,6930
16--2974,2016/03/01,8:02 AM,PRINCE OF WALES DR btwn RIDEAU SHORE CRT & COLONNADE RD (__3ZBPHP),__3ZBPHP,01 - Non intersection,03 - P.D. only,04 - Sideswipe,01 - Clear,01 - Daylight,02 - Wet,10 - No control,,2,0,0,0,,0,,,,,367389.9978,5023276.617,45.34664302,-75.70127203,6931
16--2975,2016/03/01,8:45 AM,KING EDWARD AVE @ WILBROD ST (0002259),2259,02 - Intersection related,03 - P.D. only,03 - Rear end,01 - Clear,01 - Daylight,01 - Dry,01 - Traffic signal,01 - Functioning,2,0,0,0,,0,,,,,368675.0351,5032138.909,45.42626743,-75.68372805,6932
16--2976,2016/03/01,9:00 AM,BRONSON AVE btwn GLADSTONE AVE & MCLEOD ST (__3ZA30A),__3ZA30A,01 - Non intersection,03 - P.D. only,04 - Sideswipe,01 - Clear,01 - Daylight,01 - Dry,10 - No control,,2,0,0,0,,0,,,,,367139.0291,5030066.47,45.40775883,-75.70361723,6933
16--2977,2016/03/02,1:00 PM,PARKDALE AVE btwn BULLMAN ST & OXFORD ST (__3ZA31J),__3ZA31J,01 - Non intersection,03 - P.D. only,06 - SMV unattended vehicle,01 - Clear,01 - Daylight,01 - Dry,10 - No control,,1,0,0,0,,0,,,,,365030.563,5029546.091,45.4032612,-75.73061402,6934
16--2978,2016/03/02,1:43 PM,CARLING AVE @ BROADVIEW AVE (0006707),6707,03 - At intersection,02 - Non-fatal injury,02 - Angle,01 - Clear,01 - Daylight,01 - Dry,01 - Traffic signal,01 - Functioning,2,0,0,0,02 - Minor,2,1,1,,,363180.6862,5026638.593,45.3772567,-75.75458631,6935
16--2979,2016/03/02,10:52 AM,NAUGHTON ST @ QUEEN MARY ST (0008556),8556,03 - At intersection,03 - P.D. only,02 - Angle,01 - Clear,01 - Daylight,05 - Packed snow,02 - Stop sign,01 - Functioning,2,0,0,0,,0,,,,,371333.4964,5032068.035,45.42538191,-75.6497683,6936
16--298,2016/01/08,10:00 AM,PLACE D'ORLEANS DR W @ ST. JOSEPH BLVD (0008776),8776,02 - Intersection related,03 - P.D. only,03 - Rear end,01 - Clear,01 - Daylight,01 - Dry,01 - Traffic signal,01 - Functioning,2,0,0,0,,0,,,,,381599.9671,5037680.765,45.47482889,-75.51771488,6937
16--2980,2016/03/02,10:54 AM,BANK ST btwn VANCOUVER AVE & FOXBAR AVE (__3ZA4TT),__3ZA4TT,04 - At/near private drive,03 - P.D. only,05 - Turning movement,03 - Snow,01 - Daylight,05 - Packed snow,10 - No control,,2,0,0,0,,0,,,,,370448.0149,5025669.983,45.36789825,-75.66193409,6938
16--2981,2016/03/02,10:55 AM,HIGHWAY 417 btwn HWY417 IC144 RAMP61 & HWY417 IC142 RAMP16 (__3ZA20K),__3ZA20K,01 - Non intersection,03 - P.D. only,07 - SMV other,03 - Snow,01 - Daylight,04 - Slush,10 - No control,,1,0,0,0,,0,,,,,348826.6771,5017164.975,45.29305962,-75.93869304,6939
16--2982,2016/03/02,11:05 AM,OTTAWA RIVER PKWY btwn TRANSITWAY - TIME POINT & VIMY PLACE PRIV (__5VHJ2QA),__5VHJ2QA,01 - Non intersection,03 - P.D. only,07 - SMV other,03 - Snow,01 - Daylight,06 - Ice,10 - No control,,1,0,0,0,,0,,,,,365723.8294,5030498.504,45.41177078,-75.72164135,6940
16--2983,2016/03/02,11:20 AM,CYRVILLE RD btwn STAR TOP RD & MEADOWBROOK RD (__3ZA3SN),__3ZA3SN,01 - Non intersection,03 - P.D. only,04 - Sideswipe,05 - Drifting Snow,01 - Daylight,03 - Loose snow,10 - No control,,2,0,0,0,,0,,,,,374057.052,5031418.451,45.41927294,-75.61505939,6941
16--2984,2016/03/02,11:20 AM,HAZELDEAN RD @ TERRY FOX DR (0003682),3682,02 - Intersection related,03 - P.D. only,03 - Rear end,01 - Clear,01 - Daylight,01 - Dry,01 - Traffic signal,01 - Functioning,2,0,0,0,,0,,,,,352207.833,5017241.785,45.2935308,-75.89558083,6942
16--2985,2016/03/02,11:59 AM,ST. LAURENT BLVD btwn TREMBLAY RD & SHORE ST (__3ZA2GT),__3ZA2GT,01 - Non intersection,03 - P.D. only,03 - Rear end,03 - Snow,01 - Daylight,03 - Loose snow,10 - No control,,3,0,0,0,,0,,,,,372672.9371,5031042.774,45.41602841,-75.63279478,6943
16--2986,2016/03/02,12:02 AM,AIRPORT PKWY btwn BROOKFIELD RAMP 34 & BRONSON AVE RAMP 24C (__3ZA229),__3ZA229,01 - Non intersection,03 - P.D. only,04 - Sideswipe,01 - Clear,07 - Dark,01 - Dry,10 - No control,,2,0,0,0,,0,,,,,368757.1904,5026535.448,45.3758418,-75.68340494,6944
16--2987,2016/03/02,12:27 PM,ST. PATRICK ST WB btwn FORSEY ST & ISLAND LODGE RD (__3ZA1LB),__3ZA1LB,04 - At/near private drive,03 - P.D. only,03 - Rear end,01 - Clear,01 - Daylight,02 - Wet,10 - No control,,2,0,0,0,,0,,,,,368635.6622,5033234.195,45.436126,-75.68408916,6945
16--2988,2016/03/02,12:29 PM,"MONTREAL RD btwn EGLISE, RUE DE L & ST. LAURENT BLVD (__3ZA3ML)",__3ZA3ML,04 - At/near private drive,03 - P.D. only,05 - Turning movement,03 - Snow,01 - Daylight,03 - Loose snow,10 - No control,,2,0,0,0,,0,,,,,371392.2661,5033745.311,45.44046769,-75.64879052,6946
16--2989,2016/03/02,12:32 PM,LYON ST @ SOMERSET ST (0010860),10860,03 - At intersection,02 - Non-fatal injury,02 - Angle,05 - Drifting Snow,01 - Daylight,04 - Slush,01 - Traffic signal,01 - Functioning,2,0,0,0,02 - Minor,2,,2,,,367366.8779,5030716.882,45.41359071,-75.70062418,6947
16--299,2016/01/08,10:20 AM,ELMHURST ST @ TAVISTOCK RD (0003009),3009,03 - At intersection,03 - P.D. only,02 - Angle,03 - Snow,01 - Daylight,02 - Wet,02 - Stop sign,01 - Functioning,2,0,0,0,,0,,,,,360818.901,5024771.302,45.36064774,-75.78495128,6948
16--2990,2016/03/02,12:39 PM,ROBERTSON RD btwn VANIER RD & RICHMOND RD (__3ZA4YQ),__3ZA4YQ,01 - Non intersection,03 - P.D. only,04 - Sideswipe,03 - Snow,01 - Daylight,03 - Loose snow,10 - No control,,2,0,0,0,,0,,,,,357518.4522,5020714.382,45.32439928,-75.82750891,6949
16--2991,2016/03/02,12:44 PM,REGIONAL ROAD 174 btwn OR174 IC109 RAMP56 & OR174 IC109 RAMP86 (__3ZA28W),__3ZA28W,01 - Non intersection,03 - P.D. only,03 - Rear end,01 - Clear,01 - Daylight,04 - Slush,10 - No control,,2,0,0,0,,0,,,,,376469.6206,5035030.927,45.4515328,-75.58371049,6950
16--2992,2016/03/02,12:53 PM,DALY AVE @ FRIEL ST (0008521),8521,03 - At intersection,03 - P.D. only,02 - Angle,01 - Clear,01 - Daylight,05 - Packed snow,02 - Stop sign,01 - Functioning,2,0,0,0,,0,,,,,368850.4828,5032432.813,45.42889582,-75.68144798,6951
16--2993,2016/03/02,2:15 PM,SARSFIELD RD btwn REGIMBALD RD & DESSAINT ST (__3ZA6HO),__3ZA6HO,04 - At/near private drive,02 - Non-fatal injury,02 - Angle,03 - Snow,01 - Daylight,03 - Loose snow,10 - No control,,2,0,0,0,01 - Minimal,1,1,,,,394272.988,5036594.184,45.46354453,-75.35585276,6952
16--2994,2016/03/02,2:29 PM,BLAIR RD @ MONTREAL RD (0009277),9277,02 - Intersection related,03 - P.D. only,03 - Rear end,01 - Clear,01 - Daylight,02 - Wet,01 - Traffic signal,01 - Functioning,2,0,0,0,,0,,,,,374021.494,5034437.368,45.44643906,-75.61508926,6953
16--2995,2016/03/02,2:35 PM,MAITLAND AVE btwn CARLING AVE & DUNCAN PL (__3ZA4JY),__3ZA4JY,04 - At/near private drive,03 - P.D. only,02 - Angle,03 - Snow,01 - Daylight,02 - Wet,10 - No control,,2,0,0,0,,0,,,,,362949.1352,5026471.435,45.37577189,-75.75756222,6954
16--2996,2016/03/02,2:47 PM,CUMBERLAND ST @ ST. PATRICK ST (0008238),8238,03 - At intersection,03 - P.D. only,02 - Angle,01 - Clear,01 - Daylight,01 - Dry,01 - Traffic signal,01 - Functioning,2,0,0,0,,0,,,,,368129.3706,5032749.247,45.43180865,-75.69062202,6955
16--2997,2016/03/02,3:00 PM,KING EDWARD AVE @ RIDEAU ST (0002121),2121,02 - Intersection related,03 - P.D. only,04 - Sideswipe,01 - Clear,01 - Daylight,02 - Wet,01 - Traffic signal,01 - Functioning,2,0,0,0,,0,,,,,368512.3731,5032412.923,45.42874774,-75.68577108,6956
16--2998,2016/03/02,3:10 PM,CAMPEAU DR btwn KANATA AVE & STONECROFT TER (__3ZA5R3),__3ZA5R3,04 - At/near private drive,02 - Non-fatal injury,03 - Rear end,01 - Clear,01 - Daylight,02 - Wet,10 - No control,,3,0,0,0,01 - Minimal,3,3,,,,350881.482,5019612.949,45.31495541,-75.91226961,6957
16--2999,2016/03/02,3:15 PM,FALLOWFIELD RD @ GREENBANK RD (0000549),549,02 - Intersection related,03 - P.D. only,03 - Rear end,03 - Snow,01 - Daylight,03 - Loose snow,01 - Traffic signal,01 - Functioning,2,0,0,0,,0,,,,,363079.5559,5016732.679,45.28813229,-75.75704383,6958
16--30,2016/01/02,2:30 PM,HWY417 IC129 RAMP51 btwn HIGHWAY 417 & ASHLEY ST (__3ZAYBJ),__3ZAYBJ,01 - Non intersection,03 - P.D. only,04 - Sideswipe,01 - Clear,01 - Daylight,02 - Wet,10 - No control,,2,0,0,0,,0,,,,,360176.2385,5023296.048,45.34742449,-75.7933191,6959
16--300,2016/01/08,11:00 PM,RIVERSIDE DR @ TREMBLAY RD/HWY417 IC117 RAMP52 (0010790),10790,02 - Intersection related,03 - P.D. only,05 - Turning movement,01 - Clear,07 - Dark,02 - Wet,01 - Traffic signal,01 - Functioning,2,0,0,0,,0,,,,,370801.7075,5031014.928,45.41595688,-75.65670437,6960
16--3000,2016/03/02,3:21 PM,MITCH OWENS RD btwn SPRATT RD & LIMEBANK RD (__3ZA3H3),__3ZA3H3,04 - At/near private drive,03 - P.D. only,04 - Sideswipe,01 - Clear,01 - Daylight,01 - Dry,10 - No control,,2,0,0,0,,0,,,,,370566.1979,5011429.34,45.239753,-75.66231484,6961
16--3001,2016/03/02,3:48 PM,CARLING AVE @ KIRKWOOD AVE N (0002358),2358,02 - Intersection related,03 - P.D. only,04 - Sideswipe,01 - Clear,01 - Daylight,02 - Wet,01 - Traffic signal,01 - Functioning,2,0,0,0,,0,,,,,364276.3125,5027494.09,45.38486217,-75.74049534,6962
16--3002,2016/03/02,4:08 PM,WEST HUNT CLUB RD btwn MOODIE DR & HWY416 IC72 RAMP53 (__3ZA4YJ),__3ZA4YJ,01 - Non intersection,03 - P.D. only,03 - Rear end,06 - Strong wind,01 - Daylight,02 - Wet,10 - No control,,2,0,0,0,,0,,,,,358252.7793,5018702.185,45.30623782,-75.8183594,6963
16--3003,2016/03/02,4:36 PM,BRONSON AVE btwn BREWER WAY & RIVERSIDE DR RAMPS 34B & 42A-3 (__3ZA3BR),__3ZA3BR,01 - Non intersection,02 - Non-fatal injury,03 - Rear end,01 - Clear,01 - Daylight,01 - Dry,10 - No control,,3,0,0,0,02 - Minor,1,,1,,,368156.7719,5027678.756,45.38618351,-75.6909235,6964
16--3004,2016/03/02,4:38 PM,KENT ST btwn WELLINGTON ST & SPARKS ST (__3ZA3C1),__3ZA3C1,01 - Non intersection,03 - P.D. only,07 - SMV other,01 - Clear,01 - Daylight,06 - Ice,10 - No control,,1,0,0,0,,0,,,,,367123.225,5031483.732,45.42051234,-75.70363989,6965
16--3005,2016/03/02,4:40 PM,SHAUGHNESSY CRES btwn KNUDSON DR & WINDEYER CRES (2) (__3ZA5JC),__3ZA5JC,01 - Non intersection,03 - P.D. only,06 - SMV unattended vehicle,01 - Clear,01 - Daylight,05 - Packed snow,10 - No control,,1,0,0,0,,0,,,,,350695.7807,5020260.765,45.32079678,-75.91457792,6966
16--3006,2016/03/02,4:42 AM,RAMSAYVILLE RD @ WALKLEY EXTENSION RD (0004172),4172,03 - At intersection,03 - P.D. only,02 - Angle,03 - Snow,07 - Dark,03 - Loose snow,10 - No control,,2,0,0,0,,0,,,,,376463.6347,5029421.66,45.40106459,-75.58460315,6967
16--3007,2016/03/02,5:07 PM,THURSTON DR btwn CONROY RD & THOMAS SPRATT PL (__3ZBPM1),__3ZBPM1,04 - At/near private drive,03 - P.D. only,02 - Angle,01 - Clear,01 - Daylight,03 - Loose snow,10 - No control,,2,0,0,0,,0,,,,,373254.0266,5026813.558,45.37791923,-75.62595801,6968
16--3008,2016/03/02,5:14 PM,RIDEAU VALLEY DR    N btwn RIDEAU NARROWS DR & PHELAN RD E (__3ZA395),__3ZA395,01 - Non intersection,03 - P.D. only,07 - SMV other,01 - Clear,01 - Daylight,05 - Packed snow,10 - No control,,1,0,0,0,,0,,,,,372473.3734,5005803.052,45.18894766,-75.63878974,6969
16--3009,2016/03/02,5:30 PM,TENTH LINE RD @ TENTH LINE RD (0009412),9412,03 - At intersection,02 - Non-fatal injury,05 - Turning movement,01 - Clear,05 - Dusk,01 - Dry,01 - Traffic signal,01 - Functioning,2,0,0,0,01 - Minimal,1,1,,,,383529.7653,5037155.506,45.46988818,-75.49312037,6970
16--301,2016/01/08,11:46 AM,BANK ST @ HUNT CLUB RD (0002119),2119,02 - Intersection related,03 - P.D. only,04 - Sideswipe,01 - Clear,01 - Daylight,01 - Dry,01 - Traffic signal,01 - Functioning,2,0,0,0,,0,,,,,371608.5021,5024096.57,45.35363156,-75.64733357,6971
16--3010,2016/03/02,5:43 PM,ST. LAURENT BLVD btwn HWY417 IC115 RAMP35 & HWY417 IC115 RAMP26 (__3ZAZEA),__3ZAZEA,01 - Non intersection,03 - P.D. only,03 - Rear end,03 - Snow,01 - Daylight,02 - Wet,10 - No control,,2,0,0,0,,0,,,,,372489.7496,5031511,45.42025904,-75.63507076,6972
16--3011,2016/03/02,6:00 AM,HIGHWAY 417 btwn HWY417 IC129 RAMP76 & HWY417 IC129 RAMP26 (__3ZA2RG),__3ZA2RG,01 - Non intersection,03 - P.D. only,07 - SMV other,03 - Snow,07 - Dark,03 - Loose snow,10 - No control,,1,0,0,0,,0,,,,,360462.7344,5023562.472,45.34979909,-75.78963329,6973
16--3012,2016/03/02,6:24 PM,BAYVIEW RD @ SCOTT ST/ALBERT ST (0005646),5646,03 - At intersection,02 - Non-fatal injury,07 - SMV other,01 - Clear,05 - Dusk,02 - Wet,01 - Traffic signal,01 - Functioning,1,0,0,1,03 - Major,1,,,1,,365520.5379,5030071.939,45.40795032,-75.72429089,6974
16--3013,2016/03/02,6:42 AM,SUSSEX DR btwn BOTELER ST & LADY GREY DR (__3ZA3UB),__3ZA3UB,01 - Non intersection,03 - P.D. only,03 - Rear end,03 - Snow,01 - Daylight,03 - Loose snow,10 - No control,,2,0,0,0,,0,,,,,367453.1569,5032965.475,45.4338151,-75.69923597,6975
16--3014,2016/03/02,6:48 PM,AVIATION PKWY @ MONTREAL RD (0008799),8799,03 - At intersection,03 - P.D. only,05 - Turning movement,01 - Clear,07 - Dark,02 - Wet,01 - Traffic signal,01 - Functioning,2,0,0,0,,0,,,,,372146.8096,5034108.92,45.44366699,-75.63909696,6976
16--3015,2016/03/02,6:53 PM,OGILVIE RD btwn JASMINE CRES & ELMRIDGE DR (__3ZA2DT),__3ZA2DT,01 - Non intersection,03 - P.D. only,07 - SMV other,01 - Clear,05 - Dusk,06 - Ice,10 - No control,,1,0,0,0,,0,,,,,375369.3857,5033739.231,45.44002285,-75.59796038,6977
16--3016,2016/03/02,7:10 AM,ALERT RD/AIRPORT PKWY/UPLANDS DR RAMP 62 @ LES (0003652),3652,03 - At intersection,02 - Non-fatal injury,05 - Turning movement,03 - Snow,01 - Daylight,03 - Loose snow,01 - Traffic signal,01 - Functioning,2,0,0,0,01 - Minimal,1,1,,,,371307.3555,5021353.044,45.32897477,-75.65154544,6978
16--3017,2016/03/02,7:35 PM,MARCH RD @ SOLANDT RD (0003172),3172,03 - At intersection,03 - P.D. only,05 - Turning movement,01 - Clear,07 - Dark,02 - Wet,01 - Traffic signal,01 - Functioning,2,0,0,0,,0,,,,,350489.3865,5022710.28,45.34285156,-75.91698433,6979
16--3018,2016/03/02,7:37 AM,ISLAND VIEW DR N @ MANOTICK MAIN ST (0009335),9335,03 - At intersection,03 - P.D. only,05 - Turning movement,03 - Snow,01 - Daylight,05 - Packed snow,02 - Stop sign,01 - Functioning,2,0,0,0,,0,,,,,369787.4899,5009020.167,45.21814776,-75.67254705,6980
16--3019,2016/03/02,7:38 PM,BANK ST @ GLADSTONE AVE (0002253),2253,02 - Intersection related,03 - P.D. only,02 - Angle,01 - Clear,07 - Dark,02 - Wet,01 - Traffic signal,01 - Functioning,2,0,0,0,,0,,,,,367916.2018,5030561.841,45.41214637,-75.69362638,6981
16--302,2016/01/08,11:48 AM,MITCH OWENS RD btwn MANOTICK STATION RD & BOWESVILLE RD (__3ZA3TN),__3ZA3TN,04 - At/near private drive,03 - P.D. only,03 - Rear end,01 - Clear,01 - Daylight,01 - Dry,10 - No control,,2,0,0,0,,0,,,,,373760.1212,5013433.637,45.2574816,-75.62135948,6982
16--3020,2016/03/02,7:53 PM,OGILVIE RD btwn JASMINE CRES & ELMRIDGE DR (__3ZA2DT),__3ZA2DT,01 - Non intersection,03 - P.D. only,07 - SMV other,01 - Clear,07 - Dark,06 - Ice,10 - No control,,1,0,0,0,,0,,,,,375402.1459,5033794.866,45.44052012,-75.59753371,6983
16--3021,2016/03/02,8:15 AM,HWY417 IC117 RAMP51 btwn HIGHWAY 417 & HWY417 IC117 RAMP53 (__3ZAY9J),__3ZAY9J,01 - Non intersection,03 - P.D. only,07 - SMV other,03 - Snow,01 - Daylight,05 - Packed snow,10 - No control,,1,0,0,0,,0,,,,,370577.7141,5031126.141,45.41697862,-75.65955115,6984
16--3022,2016/03/02,8:19 AM,MONTREAL RD @ CARSON'S RD/CODD'S RD (0010801),10801,02 - Intersection related,03 - P.D. only,03 - Rear end,03 - Snow,01 - Daylight,04 - Slush,01 - Traffic signal,01 - Functioning,2,0,0,0,,0,,,,,372770.7184,5034398.137,45.44620883,-75.63108242,6985