Anom_ID,Accident_Date,Accident_Time,Location,Geo_ID,Accident_Location,Classification_of_Accident,Initial_Impact_Type,Environment_Condition,Light,Road_Surface_Condition,Traffic_Control,Traffic_Control_Condition,No__of_Vehicles,No__of_Bicycles,No__of_Motorcycles,No__of_Pedestrians,Max_Injury,No__of_Injuries,No__of_Minimal,No__of_Minor,No__of_Major,No__of_Fatal,X,Y,Latitude,Longitude,ObjectId
16--3023,2016/03/02,8:37 AM,ELGIN ST @ SLATER ST (0002228),2228,02 - Intersection related,03 - P.D. only,03 - Rear end,03 - Snow,01 - Daylight,04 - Slush,01 - Traffic signal,01 - Functioning,2,0,0,0,,0,,,,,367891.5946,5031646.132,45.42190469,-75.69380191,6986
16--3024,2016/03/02,8:39 AM,RIDEAU ST btwn AUGUSTA ST & COBOURG ST (__3ZA3W7),__3ZA3W7,04 - At/near private drive,03 - P.D. only,05 - Turning movement,03 - Snow,01 - Daylight,03 - Loose snow,10 - No control,,2,0,0,0,,0,,,,,369117.0071,5032781.109,45.4320052,-75.67799671,6987
16--3025,2016/03/02,8:41 PM,CAMPEAU DR @ HERLIHEY WAY (0012766),12766,02 - Intersection related,03 - P.D. only,02 - Angle,03 - Snow,07 - Dark,03 - Loose snow,01 - Traffic signal,01 - Functioning,2,0,0,0,,0,,,,,350509.6948,5019177.706,45.31106328,-75.91705135,6988
16--3026,2016/03/02,8:44 AM,HIGHWAY 417 btwn HWY417 IC126 RAMP61 & HWY417 IC124 RAMP76 (__3ZA2Y2),__3ZA2Y2,01 - Non intersection,03 - P.D. only,04 - Sideswipe,03 - Snow,01 - Daylight,03 - Loose snow,10 - No control,,2,0,0,0,,0,,,,,363679.1613,5026540.463,45.37633203,-75.74823395,6989
16--3027,2016/03/02,8:45 AM,LECKIE PRIV btwn CONVAIR PRIV & ALOUETTE PRIV (__3ZA2MG),__3ZA2MG,04 - At/near private drive,03 - P.D. only,02 - Angle,05 - Drifting Snow,01 - Daylight,03 - Loose snow,10 - No control,,2,0,0,0,,0,,,,,369650.9722,5021102.321,45.32687383,-75.67270703,6990
16--3028,2016/03/02,8:46 AM,KING EDWARD AVE @ SOMERSET ST/MARIE CURIE PRIV (0001696),1696,02 - Intersection related,03 - P.D. only,03 - Rear end,01 - Clear,01 - Daylight,05 - Packed snow,01 - Traffic signal,01 - Functioning,2,0,0,0,,0,,,,,368957.0444,5031673.8,45.42205674,-75.68018515,6991
16--3029,2016/03/02,8:50 AM,WOODFIELD DR btwn STRATHEARN CRT & DALEHURST DR (__3ZA0XB),__3ZA0XB,01 - Non intersection,03 - P.D. only,03 - Rear end,03 - Snow,01 - Daylight,03 - Loose snow,10 - No control,,2,0,0,0,,0,,,,,363720.4845,5021905.155,45.33462058,-75.74825883,6992
16--303,2016/01/08,12:00 PM,BESSERER ST @ DALHOUSIE ST (0011452),11452,03 - At intersection,03 - P.D. only,04 - Sideswipe,01 - Clear,01 - Daylight,01 - Dry,01 - Traffic signal,01 - Functioning,2,0,0,0,,0,,,,,368253.3603,5032156.916,45.42646783,-75.68911386,6993
16--3030,2016/03/02,8:50 PM,CHERRY DR btwn SUNNYSIDE DR & SPINDLE WAY (__3ZACN0),__3ZACN0,04 - At/near private drive,03 - P.D. only,06 - SMV unattended vehicle,01 - Clear,07 - Dark,04 - Slush,10 - No control,,1,0,0,0,,0,,,,,351149.8455,5012766.618,45.25333242,-75.90948653,6994
16--3031,2016/03/02,8:55 AM,HIGHWAY 417 btwn HWY417 IC127 RAMP25 & HWY417 IC126 RAMP51 (__3ZA2XA),__3ZA2XA,01 - Non intersection,03 - P.D. only,03 - Rear end,03 - Snow,01 - Daylight,03 - Loose snow,10 - No control,,2,0,0,0,,0,,,,,363204.0171,5025881.727,45.37044457,-75.75437794,6995
16--3032,2016/03/02,8:57 AM,PRINCE OF WALES DR @ WEST HUNT CLUB RD (0000567),567,02 - Intersection related,03 - P.D. only,03 - Rear end,03 - Snow,01 - Daylight,03 - Loose snow,01 - Traffic signal,01 - Functioning,2,0,0,0,,0,,,,,367457.5516,5021891.272,45.33417191,-75.70058548,6996
16--3033,2016/03/02,9:19 AM,HOLLAND AVE/TUNNEY'S PASTURE @ SCOTT ST (0006494),6494,02 - Intersection related,03 - P.D. only,03 - Rear end,03 - Snow,01 - Daylight,05 - Packed snow,01 - Traffic signal,01 - Functioning,3,0,0,0,,0,,,,,364738.0458,5029596.552,45.40374034,-75.73434417,6997
16--3034,2016/03/02,9:30 AM,STEVENAGE DR btwn SWANSEA CRES & SWANSEA CRES (__3ZA1DT),__3ZA1DT,01 - Non intersection,03 - P.D. only,02 - Angle,03 - Snow,01 - Daylight,03 - Loose snow,10 - No control,,2,0,0,0,,0,,,,,374408.7539,5026810.448,45.37777748,-75.61121631,6998
16--3035,2016/03/02,9:50 AM,REGIONAL ROAD 174 btwn OR174 IC112 RAMP36 & OR174 IC112 RAMP26 (__3ZAZFK),__3ZAZFK,01 - Non intersection,03 - P.D. only,03 - Rear end,03 - Snow,01 - Daylight,04 - Slush,10 - No control,,2,0,0,0,,0,,,,,374687.9876,5032765.342,45.43132879,-75.60680741,6999
16--3036,2016/03/02,9:51 AM,DUMAURIER AVE @ PINECREST RD (0002743),2743,03 - At intersection,03 - P.D. only,07 - SMV other,03 - Snow,01 - Daylight,03 - Loose snow,01 - Traffic signal,01 - Functioning,1,0,0,0,,0,,,,,360321.457,5023835.177,45.35226409,-75.79140551,7000
16--3758,2016/03/24,9:19 AM,GREY NUNS DR @ ST. JOSEPH BLVD (0003642),3642,03 - At intersection,03 - P.D. only,05 - Turning movement,03 - Snow,01 - Daylight,03 - Loose snow,01 - Traffic signal,01 - Functioning,2,0,0,0,,0,,,,,380154.947,5036665.953,45.46585585,-75.5363499,7001
16--3759,2016/03/24,9:34 PM,MONTREAL RD @ MONTFORT HOSPITAL (0011388),11388,03 - At intersection,03 - P.D. only,02 - Angle,03 - Snow,07 - Dark,03 - Loose snow,01 - Traffic signal,01 - Functioning,2,0,0,0,,0,,,,,372222.1994,5034144.019,45.44397552,-75.63812855,7002
16--376,2016/01/10,10:40 AM,HIGHWAY 416 btwn HWY416 IC66 RAMP52 & HWY416 IC66 RAMP24 (__3ZAZMW),__3ZAZMW,01 - Non intersection,03 - P.D. only,07 - SMV other,02 - Rain,01 - Daylight,02 - Wet,10 - No control,,1,0,0,0,,0,,,,,360069.8019,5014785.917,45.27085826,-75.7956264,7003
16--3760,2016/03/24,9:35 AM,MURRAY ST btwn PARENT AVE & DALHOUSIE ST (__3ZA3WK),__3ZA3WK,01 - Non intersection,03 - P.D. only,04 - Sideswipe,04 - Freezing Rain,01 - Daylight,02 - Wet,10 - No control,,2,0,0,0,,0,,,,,367979.3508,5032561.01,45.43012853,-75.6925633,7004
16--3938,2016/03/31,3:45 PM,PARKDALE AVE @ TYNDALL ST (0006515),6515,02 - Intersection related,03 - P.D. only,03 - Rear end,02 - Rain,01 - Daylight,02 - Wet,02 - Stop sign,01 - Functioning,2,0,0,0,,0,,,,,365263.9246,5029013.785,45.39845151,-75.72769859,7005
16--3761,2016/03/24,9:40 AM,WOODROFFE AVE btwn GRENFELL CRES & 260 N OF FALLOWFIELD RD/TRANSITWAY  (__3ZA3IO),__3ZA3IO,05 - At railway crossing,02 - Non-fatal injury,03 - Rear end,05 - Drifting Snow,01 - Daylight,03 - Loose snow,10 - No control,,2,0,0,0,02 - Minor,1,,1,,,364876.6088,5018420.667,45.30316942,-75.73393228,7006
16--3762,2016/03/24,9:41 AM,GREENBANK RD @ LARKIN DR (0001101),1101,03 - At intersection,03 - P.D. only,05 - Turning movement,05 - Drifting Snow,01 - Daylight,03 - Loose snow,01 - Traffic signal,01 - Functioning,2,0,0,0,,0,,,,,363176.9019,5016506.229,45.28608661,-75.7558296,7007
16--3763,2016/03/24,9:45 AM,CARP RD btwn MARCH RD & JOHN CAVANAUGH DR (__3ZA3FZ),__3ZA3FZ,01 - Non intersection,03 - P.D. only,07 - SMV other,03 - Snow,01 - Daylight,03 - Loose snow,10 - No control,,1,0,0,0,,0,,,,,342185.8319,5021708.992,45.33433328,-76.02301272,7008
16--3764,2016/03/24,9:50 AM,DYNES RD btwn CLAYMOR AVE & MORLEY BLVD (__3ZAAQE),__3ZAAQE,04 - At/near private drive,03 - P.D. only,02 - Angle,03 - Snow,01 - Daylight,03 - Loose snow,10 - No control,,2,0,0,0,,0,,,,,367032.0067,5025853.911,45.36986483,-75.70551552,7009
16--3765,2016/03/24,9:53 AM,CEDARVIEW RD btwn WEST HUNT CLUB RD & LYTLE AVE (__3ZA1XV),__3ZA1XV,01 - Non intersection,03 - P.D. only,07 - SMV other,03 - Snow,01 - Daylight,03 - Loose snow,10 - No control,,1,0,0,0,,0,,,,,360411.3261,5017717.838,45.29721302,-75.79094567,7010
16--3766,2016/03/25,1:05 AM,HIGHWAY 417 btwn HWY417 IC180 RAMP35 & HWY417 IC169 RAMP51 (__5SO6CL),__5SO6CL,01 - Non intersection,03 - P.D. only,07 - SMV other,03 - Snow,07 - Dark,03 - Loose snow,10 - No control,,1,0,0,0,,0,,,,,321304.2283,5029309.252,45.40352671,-76.28917386,7011
16--3767,2016/03/25,1:19 PM,NORTHWESTERN AVE btwn CLEARVIEW AVE & PREMIER AVE (__3ZA05C),__3ZA05C,04 - At/near private drive,03 - P.D. only,02 - Angle,01 - Clear,01 - Daylight,02 - Wet,10 - No control,,2,0,0,0,,0,,,,,364142.749,5029371.672,45.40176764,-75.74197495,7012
16--3768,2016/03/25,1:35 PM,BESSERER ST @ WALLER ST (0008859),8859,03 - At intersection,03 - P.D. only,04 - Sideswipe,01 - Clear,01 - Daylight,02 - Wet,01 - Traffic signal,01 - Functioning,2,0,0,0,,0,,,,,368315.7078,5032191.752,45.42677561,-75.68831269,7013
16--3769,2016/03/25,10:21 PM,BOOTH ST @ SIR JOHN A. MACDONALD PKWY/WELLINGTON ST (0012252),12252,02 - Intersection related,03 - P.D. only,04 - Sideswipe,01 - Clear,07 - Dark,01 - Dry,01 - Traffic signal,01 - Functioning,2,0,0,0,,0,,,,,366262.8503,5031006.22,45.41629194,-75.71469219,7014
16--377,2016/01/10,10:56 AM,TERREBONNE DR btwn MARYGROVE CIRC & MAITLAND AVE (__3ZBOKK),__3ZBOKK,04 - At/near private drive,03 - P.D. only,06 - SMV unattended vehicle,02 - Rain,01 - Daylight,02 - Wet,10 - No control,,1,0,0,0,,0,,,,,364009.6299,5025107.389,45.36340959,-75.74418668,7015
16--3770,2016/03/25,10:52 PM,HUNT CLUB RD btwn NORTH BOWESVILLE RD & BILLY BISHOP PRIV (__5G43Y1),__5G43Y1,04 - At/near private drive,03 - P.D. only,07 - SMV other,01 - Clear,07 - Dark,01 - Dry,10 - No control,,1,0,0,0,,0,,,,,368883.0192,5022445.554,45.33903049,-75.68232876,7016
16--3771,2016/03/25,11:42 AM,BANK ST btwn HERON RD & ANOKA ST (__3ZA360),__3ZA360,01 - Non intersection,03 - P.D. only,02 - Angle,01 - Clear,01 - Daylight,02 - Wet,10 - No control,,2,0,0,0,,0,,,,,369999.7514,5026838.104,45.37845048,-75.66750183,7017
16--3772,2016/03/25,12:53 PM,BENLEA DR btwn ANCROFT CRT & WOODFIELD DR (__3ZA0X8),__3ZA0X8,01 - Non intersection,03 - P.D. only,06 - SMV unattended vehicle,01 - Clear,01 - Daylight,01 - Dry,10 - No control,,1,0,0,0,,0,,,,,364523.7853,5021856.214,45.3341123,-75.73801667,7018
16--3773,2016/03/25,2:17 AM,HIGHWAY 417 btwn HWY417 IC126 RAMP25 & HWY417 IC124 RAMP57 (__3ZA2R5),__3ZA2R5,01 - Non intersection,03 - P.D. only,07 - SMV other,01 - Clear,"08 - Dark, artificial",02 - Wet,10 - No control,,1,0,0,0,,0,,,,,363672.048,5026506.426,45.37602637,-75.74832882,7019
16--3774,2016/03/25,2:20 PM,HIGHWAY 417 btwn HWY417 IC134 RAMP36 & HWY417 IC134 RAMP26 (__3ZA29C),__3ZA29C,01 - Non intersection,02 - Non-fatal injury,99 - Other,03 - Snow,01 - Daylight,03 - Loose snow,10 - No control,,2,0,0,0,02 - Minor,2,1,1,,,356428.2139,5022297.313,45.33872369,-75.84125025,7020
16--3775,2016/03/25,2:27 AM,INNES RD btwn ANDERSON RD & INNES RD (__3ZA3J2),__3ZA3J2,01 - Non intersection,03 - P.D. only,07 - SMV other,04 - Freezing Rain,07 - Dark,06 - Ice,10 - No control,,1,0,0,0,,0,,,,,376413.5519,5031915.248,45.42350559,-75.58488051,7021
16--3776,2016/03/25,2:30 PM,HIGHWAY 417 btwn HWY417 IC118 RAMP76 & HWY417 IC118 RAMP67 (__3ZA2YR),__3ZA2YR,01 - Non intersection,03 - P.D. only,07 - SMV other,01 - Clear,01 - Daylight,01 - Dry,10 - No control,,1,0,0,0,,0,,,,,369475.295,5031069.441,45.41657122,-75.67364283,7022
16--3777,2016/03/25,2:36 PM,CYRVILLE RD @ INNES RD (0009352),9352,02 - Intersection related,03 - P.D. only,03 - Rear end,01 - Clear,01 - Daylight,02 - Wet,01 - Traffic signal,01 - Functioning,2,0,0,0,,0,,,,,375047.6581,5031119.364,45.41648315,-75.60244599,7023
16--3778,2016/03/25,3:15 AM,HAWTHORNE RD @ HUNT CLUB RD (0007651),7651,02 - Intersection related,03 - P.D. only,07 - SMV other,04 - Freezing Rain,07 - Dark,06 - Ice,01 - Traffic signal,01 - Functioning,1,0,0,0,,0,,,,,375507.078,5026406.305,45.37403122,-75.5972522,7024
16--3779,2016/03/25,3:30 AM,HWY417 IC118 RAMP52 btwn HWY417 IC118 RAMP57 & HWY417 IC118 RAMP62 (__6KCF0O),__6KCF0O,01 - Non intersection,03 - P.D. only,04 - Sideswipe,02 - Rain,07 - Dark,02 - Wet,10 - No control,,2,0,0,0,,0,,,,,369495.4284,5030892.368,45.41497612,-75.67340886,7025
16--378,2016/01/10,11:01 PM,CATHERINE ST @ KENT ST (0002707),2707,03 - At intersection,02 - Non-fatal injury,02 - Angle,01 - Clear,07 - Dark,02 - Wet,01 - Traffic signal,01 - Functioning,2,0,0,0,02 - Minor,1,,1,,,367907.7075,5030188.94,45.40879189,-75.69378264,7026
16--3780,2016/03/25,3:35 AM,HIGHWAY 417 btwn HWY417 IC117 RAMP25 & HWY417 IC115 RAMP51 (__3ZA2R3),__3ZA2R3,01 - Non intersection,03 - P.D. only,04 - Sideswipe,02 - Rain,"08 - Dark, artificial",02 - Wet,10 - No control,,2,0,0,0,,0,,,,,371522.9472,5031395.178,45.4193098,-75.64743871,7027
16--3781,2016/03/25,6:04 AM,HIGHWAY 417 btwn HWY417 IC138 RAMP35 & HIGHWAY 417 (__3ZA29G),__3ZA29G,01 - Non intersection,03 - P.D. only,04 - Sideswipe,04 - Freezing Rain,07 - Dark,06 - Ice,10 - No control,,2,0,0,0,,0,,,,,352932.3863,5020201.086,45.32010999,-75.88605638,7028
16--3782,2016/03/25,6:24 AM,STEWART ST btwn NELSON ST & FRIEL ST (__3ZBOX3),__3ZBOX3,01 - Non intersection,03 - P.D. only,07 - SMV other,01 - Clear,01 - Daylight,01 - Dry,10 - No control,,1,0,0,0,,0,,,,,368848.5926,5032337.38,45.42803732,-75.68148454,7029
16--3783,2016/03/25,6:28 PM,BANK ST @ WALKLEY RD (0011423),11423,03 - At intersection,03 - P.D. only,02 - Angle,01 - Clear,05 - Dusk,01 - Dry,01 - Traffic signal,01 - Functioning,2,0,0,0,,0,,,,,370338.7705,5025948.424,45.3704138,-75.66329162,7030
16--3784,2016/03/25,7:40 AM,OTTAWA RIVER PKWY WB btwn WOODROFFE AVE & TRANSIT (__3ZA23K),__3ZA23K,01 - Non intersection,02 - Non-fatal injury,07 - SMV other,04 - Freezing Rain,01 - Daylight,04 - Slush,10 - No control,,1,0,0,0,01 - Minimal,1,1,,,,362388.6374,5027965.465,45.38926128,-75.76454367,7031
16--3785,2016/03/25,7:51 AM,SMYTH RD btwn ROGER GUINDON AVE & BOTSFORD ST (__3ZA3BW),__3ZA3BW,01 - Non intersection,03 - P.D. only,04 - Sideswipe,04 - Freezing Rain,01 - Daylight,06 - Ice,10 - No control,,2,0,0,0,,0,,,,,372026.8837,5029238.49,45.39985661,-75.64129443,7032
16--3786,2016/03/25,8:00 AM,HIGHWAY 417 btwn HWY417 IC127 RAMP25 & HWY417 IC126 RAMP51 (__3ZA2XA),__3ZA2XA,01 - Non intersection,03 - P.D. only,99 - Other,01 - Clear,01 - Daylight,04 - Slush,10 - No control,,2,0,0,0,,0,,,,,363187.4533,5025859.914,45.37024968,-75.75459196,7033
16--3787,2016/03/25,8:31 PM,CHIPPEWA AVE btwn ST. HELEN'S PL & END (__3ZAAL3),__3ZAAL3,01 - Non intersection,03 - P.D. only,06 - SMV unattended vehicle,01 - Clear,07 - Dark,01 - Dry,10 - No control,,1,0,0,0,,0,,,,,364256.1454,5024627.818,45.35907361,-75.74109787,7034
16--3788,2016/03/25,9:40 AM,CARLING AVE WB btwn HINTON AVE S & HAMILTON AVE S (__3ZA4UO),__3ZA4UO,04 - At/near private drive,02 - Non-fatal injury,03 - Rear end,01 - Clear,01 - Daylight,01 - Dry,10 - No control,,2,0,0,0,01 - Minimal,1,1,,,,365525.7051,5028110.568,45.39030191,-75.72446636,7035
16--3789,2016/03/26,1:15 PM,ALBION RD @ HUNT CLUB RD (0006974),6974,02 - Intersection related,03 - P.D. only,03 - Rear end,02 - Rain,01 - Daylight,02 - Wet,01 - Traffic signal,01 - Functioning,2,0,0,0,,0,,,,,371868.1243,5024320.518,45.35562179,-75.64399005,7036
16--379,2016/01/10,11:50 PM,RICHARDSON SIDE RD btwn OAK CREEK RD & HUNTMAR DR (__3ZACYD),__3ZACYD,04 - At/near private drive,03 - P.D. only,03 - Rear end,04 - Freezing Rain,07 - Dark,06 - Ice,10 - No control,,2,0,0,0,,0,,,,,347473.9398,5018329.879,45.30362528,-75.95583837,7037
16--3790,2016/03/26,1:41 PM,WEST HUNT CLUB RD @ WOODROFFE AVE (0000576),576,02 - Intersection related,03 - P.D. only,03 - Rear end,01 - Clear,01 - Daylight,02 - Wet,01 - Traffic signal,01 - Functioning,2,0,0,0,,0,,,,,363670.6623,5021246.507,45.32869829,-75.74897277,7038
16--3791,2016/03/26,10:18 PM,EAGLESON RD btwn OTTAWA ST & BROPHY DR (__3ZA4ZN),__3ZA4ZN,04 - At/near private drive,03 - P.D. only,03 - Rear end,01 - Clear,07 - Dark,01 - Dry,10 - No control,,3,0,0,0,,0,,,,,359058.0046,5004793.654,45.18102454,-75.80960933,7039
16--3792,2016/03/26,10:20 AM,CYRVILLE RD @ OGILVIE RD (0003554),3554,02 - Intersection related,03 - P.D. only,04 - Sideswipe,01 - Clear,01 - Daylight,02 - Wet,01 - Traffic signal,01 - Functioning,2,0,0,0,,0,,,,,372452.2467,5032005.815,45.42471478,-75.63548196,7040
16--3793,2016/03/26,10:22 AM,BRIDGE ST @ DICKINSON ST (0009326),9326,02 - Intersection related,03 - P.D. only,03 - Rear end,01 - Clear,01 - Daylight,01 - Dry,01 - Traffic signal,01 - Functioning,3,0,0,0,,0,,,,,368855.6417,5010077.373,45.2277458,-75.68427455,7041
16--3794,2016/03/26,10:41 AM,CYRVILLE RD @ INNES RD (0009352),9352,02 - Intersection related,03 - P.D. only,03 - Rear end,01 - Clear,01 - Daylight,01 - Dry,01 - Traffic signal,01 - Functioning,2,0,0,0,,0,,,,,375047.493,5031119.332,45.41648288,-75.6024481,7042
16--3795,2016/03/26,10:50 AM,QUEEN MARY ST btwn LOLA ST & NAUGHTON ST (__3ZA8KI),__3ZA8KI,04 - At/near private drive,03 - P.D. only,02 - Angle,01 - Clear,01 - Daylight,06 - Ice,10 - No control,,2,0,0,0,,0,,,,,371228.1844,5032056.398,45.42528722,-75.6511155,7043
16--3796,2016/03/26,11:19 AM,ST. LAURENT BLVD @ COVENTRY RD/OGILVIE RD (0002151),2151,02 - Intersection related,03 - P.D. only,03 - Rear end,01 - Clear,01 - Daylight,01 - Dry,01 - Traffic signal,01 - Functioning,3,0,0,0,,0,,,,,372306.3914,5031951.351,45.42423883,-75.63735307,7044
16--3797,2016/03/26,11:20 AM,MERIVALE RD @ EMERALD PLAZA SC (0005311),5311,03 - At intersection,03 - P.D. only,05 - Turning movement,01 - Clear,01 - Daylight,01 - Dry,01 - Traffic signal,01 - Functioning,2,0,0,0,,0,,,,,364736.9615,5024006.011,45.35343774,-75.73503664,7045
16--3798,2016/03/26,12:07 PM,BLAIR RD @ DUNHAM ST (0009287),9287,02 - Intersection related,02 - Non-fatal injury,03 - Rear end,01 - Clear,01 - Daylight,01 - Dry,02 - Stop sign,01 - Functioning,2,0,0,0,01 - Minimal,1,1,,,,374306.4964,5033710.36,45.43986957,-75.61154898,7046
16--3799,2016/03/26,12:11 PM,HERON RD btwn JEFFERSON ST & TURN LANE (__3ZA3BI),__3ZA3BI,04 - At/near private drive,03 - P.D. only,01 - Approaching,01 - Clear,01 - Daylight,01 - Dry,10 - No control,,2,0,0,0,,0,,,,,372169.9714,5027096.504,45.38057014,-75.63975937,7047
16--38,2016/01/02,5:07 PM,HIGHWAY 417 btwn HWY417 IC122 RAMP15 & HWY417 IC121B RAMP51 (__3ZA2RB),__3ZA2RB,01 - Non intersection,03 - P.D. only,04 - Sideswipe,02 - Rain,05 - Dusk,02 - Wet,10 - No control,,2,0,0,0,,0,,,,,365813.3401,5029190.148,45.39999072,-75.72065978,7048
16--380,2016/01/10,12:02 AM,HWY417 HUNT CLUB IC109 RAMP53 btwn HIGHWAY 417 WB & HUNT CLUB RD WB (e___1GZN),e___1GZN,01 - Non intersection,03 - P.D. only,03 - Rear end,03 - Snow,"08 - Dark, artificial",06 - Ice,10 - No control,,2,0,0,0,,0,,,,,376385.688,5027431.597,45.38316706,-75.58588739,7049
16--3800,2016/03/26,12:12 PM,MERIVALE RD btwn BENTLEY AVE & ENTERPRISE AVE (__3ZA3I4),__3ZA3I4,01 - Non intersection,02 - Non-fatal injury,03 - Rear end,01 - Clear,01 - Daylight,01 - Dry,10 - No control,,2,0,0,0,01 - Minimal,1,1,,,,365803.871,5021479.564,45.33061313,-75.72173268,7050
16--3801,2016/03/26,12:14 PM,HIGHWAY 417 btwn HWY417 IC163 RAMP15 & HWY417 IC155 RAMP51 (__3ZAZNS),__3ZAZNS,01 - Non intersection,02 - Non-fatal injury,07 - SMV other,01 - Clear,01 - Daylight,01 - Dry,10 - No control,,1,0,0,0,03 - Major,1,,,1,,331282.64,5021459.399,45.33258352,-76.16213156,7051
16--3802,2016/03/26,12:23 PM,BAYSHORE DR @ BAYSHORE CS (0005412),5412,02 - Intersection related,03 - P.D. only,04 - Sideswipe,01 - Clear,01 - Daylight,01 - Dry,01 - Traffic signal,01 - Functioning,2,0,0,0,,0,,,,,359143.8594,5023738.621,45.35148752,-75.80644413,7052
16--3803,2016/03/26,12:28 PM,MEADOWLANDS DR/TALLWOOD DR @ WOODROFFE AVE (0000095),95,02 - Intersection related,03 - P.D. only,03 - Rear end,01 - Clear,01 - Daylight,02 - Wet,01 - Traffic signal,01 - Functioning,2,0,0,0,,0,,,,,363057.1375,5022730.494,45.34210231,-75.7566243,7053
16--3804,2016/03/26,12:30 PM,BYRON AVE @ CHURCHILL AVE (0006651),6651,02 - Intersection related,03 - P.D. only,03 - Rear end,01 - Clear,01 - Daylight,01 - Dry,01 - Traffic signal,01 - Functioning,2,0,0,0,,0,,,,,363272.7396,5028179.769,45.3911163,-75.75322849,7054
16--3805,2016/03/26,2:15 PM,ISLAND PARK DR btwn BYRON AVE & IONA ST (__3ZA233),__3ZA233,01 - Non intersection,03 - P.D. only,03 - Rear end,01 - Clear,01 - Daylight,02 - Wet,10 - No control,,2,0,0,0,,0,,,,,364273.8461,5028562.71,45.39447763,-75.74039804,7055
16--3806,2016/03/26,2:34 PM,BASELINE RD @ 207 E OF CLYDE AVE (0008213),8213,02 - Intersection related,03 - P.D. only,03 - Rear end,01 - Clear,01 - Daylight,01 - Dry,01 - Traffic signal,01 - Functioning,2,0,0,0,,0,,,,,364536.2566,5025002.073,45.36241729,-75.73747759,7056
16--3807,2016/03/26,3:08 PM,LORRY GREENBERG DR btwn CONROY RD & BLOHM DR (__3ZA8MD),__3ZA8MD,01 - Non intersection,03 - P.D. only,04 - Sideswipe,01 - Clear,01 - Daylight,01 - Dry,10 - No control,,2,0,0,0,,0,,,,,373585.4312,5025889.157,45.3695694,-75.62185578,7057
16--3808,2016/03/26,3:14 PM,BOUNDARY RD btwn NINTH LINE RD & INDCUM RD (__3ZA3XU),__3ZA3XU,04 - At/near private drive,02 - Non-fatal injury,05 - Turning movement,01 - Clear,01 - Daylight,01 - Dry,10 - No control,,2,0,0,0,01 - Minimal,3,3,,,,387608.0079,5023340.03,45.3451181,-75.44329261,7058
16--3809,2016/03/26,3:56 PM,BANK ST btwn CAHILL DR & TURN LANE (1) (__3ZA3HV),__3ZA3HV,04 - At/near private drive,03 - P.D. only,07 - SMV other,01 - Clear,01 - Daylight,01 - Dry,10 - No control,,1,0,0,0,,0,,,,,371441.9576,5024181.579,45.35441229,-75.64944746,7059
16--381,2016/01/10,12:08 AM,COOPER ST @ METCALFE ST (0006940),6940,03 - At intersection,02 - Non-fatal injury,02 - Angle,02 - Rain,07 - Dark,02 - Wet,02 - Stop sign,01 - Functioning,2,0,0,0,01 - Minimal,1,1,,,,367962.0414,5031179.68,45.41770135,-75.69296161,7060
16--3810,2016/03/26,5:25 PM,BATON CRT btwn AIRD PL & END (__3ZA50V),__3ZA50V,04 - At/near private drive,03 - P.D. only,06 - SMV unattended vehicle,01 - Clear,01 - Daylight,01 - Dry,10 - No control,,1,0,0,0,,0,,,,,351812.3711,5018990.124,45.30928937,-75.90045664,7061
16--3811,2016/03/26,6:13 PM,PRESTON ST @ PRINCE OF WALES DR/QUEEN ELIZABET (0006904),6904,02 - Intersection related,03 - P.D. only,03 - Rear end,01 - Clear,05 - Dusk,01 - Dry,01 - Traffic signal,01 - Functioning,2,0,0,0,,0,,,,,366901.8834,5028776.548,45.39617355,-75.70680891,7062
16--3812,2016/03/26,6:45 PM,PARKDALE AVE @ KENILWORTH ST (0006366),6366,03 - At intersection,03 - P.D. only,02 - Angle,01 - Clear,05 - Dusk,01 - Dry,02 - Stop sign,01 - Functioning,2,0,0,0,,0,,,,,365445.6066,5028595.007,45.39466773,-75.72542967,7063
16--3813,2016/03/26,7:57 PM,ST. LAURENT BLVD @ 125 N OF QUEEN MARY ST/ZELL (0008532),8532,02 - Intersection related,03 - P.D. only,04 - Sideswipe,01 - Clear,07 - Dark,02 - Wet,01 - Traffic signal,01 - Functioning,3,0,0,0,,0,,,,,372169.9515,5032286.906,45.42727115,-75.63905051,7064
16--3814,2016/03/26,8:29 PM,BASELINE RD @ CLYDE AVE (0002343),2343,03 - At intersection,02 - Non-fatal injury,02 - Angle,01 - Clear,07 - Dark,01 - Dry,01 - Traffic signal,01 - Functioning,4,0,0,0,02 - Minor,3,,3,,,364359.8132,5024890.735,45.3614305,-75.73974308,7065
16--3815,2016/03/26,9:04 PM,BASELINE RD @ CLYDE AVE (0002343),2343,02 - Intersection related,03 - P.D. only,03 - Rear end,01 - Clear,07 - Dark,01 - Dry,01 - Traffic signal,01 - Functioning,2,0,0,0,,0,,,,,364359.5022,5024890.247,45.36142614,-75.73974711,7066
16--3816,2016/03/26,9:39 AM,BECKWITH BOUNDARY RD @ ASHTON STATION RD (0004029),4029,02 - Intersection related,03 - P.D. only,07 - SMV other,01 - Clear,01 - Daylight,06 - Ice,02 - Stop sign,01 - Functioning,1,0,0,0,,0,,,,,348809.8318,4993484.731,45.07997399,-75.94099733,7067
16--3817,2016/03/27,1:20 PM,EARL ARMSTRONG RD @ RIVER RD (0012470),12470,02 - Intersection related,03 - P.D. only,03 - Rear end,01 - Clear,01 - Daylight,01 - Dry,01 - Traffic signal,01 - Functioning,2,0,0,0,,0,,,,,367572.4522,5014684.131,45.26931273,-75.70003222,7068