Anom_ID,Accident_Date,Accident_Time,Location,Geo_ID,Accident_Location,Classification_of_Accident,Initial_Impact_Type,Environment_Condition,Light,Road_Surface_Condition,Traffic_Control,Traffic_Control_Condition,No__of_Vehicles,No__of_Bicycles,No__of_Motorcycles,No__of_Pedestrians,Max_Injury,No__of_Injuries,No__of_Minimal,No__of_Minor,No__of_Major,No__of_Fatal,X,Y,Latitude,Longitude,ObjectId
16--3818,2016/03/27,1:29 PM,CARLING AVE @ WOODROFFE AVE W (0011470),11470,02 - Intersection related,03 - P.D. only,04 - Sideswipe,01 - Clear,01 - Daylight,01 - Dry,01 - Traffic signal,01 - Functioning,2,0,0,0,,0,,,,,361767.4641,5025725.294,45.36915525,-75.77273441,7069
16--3819,2016/03/27,1:38 AM,TENTH LINE RD @ CHARLEMAGNE BLVD S/DES EPINETT (0003686),3686,03 - At intersection,02 - Non-fatal injury,07 - SMV other,01 - Clear,07 - Dark,01 - Dry,01 - Traffic signal,01 - Functioning,1,0,0,0,03 - Major,1,,,1,,383640.9751,5036900.456,45.46758093,-75.49173924,7070
16--382,2016/01/10,2:25 AM,HIGHWAY 416 btwn HWY416 IC66 RAMP34 & HWY416 IC72 RAMP53 (__3ZAZM6),__3ZAZM6,01 - Non intersection,03 - P.D. only,07 - SMV other,01 - Clear,07 - Dark,01 - Dry,10 - No control,,1,0,0,0,,0,,,,,359833.8814,5017249.008,45.29303991,-75.79835967,7071
16--3820,2016/03/27,11:01 AM,HAZELDEAN RD btwn CASTLEFRANK RD & 246 E OF CASTLEFRANK RD (__3ZA41NA),__3ZA41NA,04 - At/near private drive,03 - P.D. only,02 - Angle,01 - Clear,01 - Daylight,01 - Dry,10 - No control,,2,0,0,0,,0,,,,,352685.045,5017683.488,45.29747299,-75.88945438,7072
16--3821,2016/03/27,11:17 PM,REGIONAL ROAD 174 btwn OLD MONTREAL RD & OLD MONTREAL RD (__3ZA27O),__3ZA27O,01 - Non intersection,02 - Non-fatal injury,07 - SMV other,01 - Clear,07 - Dark,01 - Dry,10 - No control,,1,0,0,0,02 - Minor,2,,2,,,394528.8284,5043022.855,45.52134814,-75.35140663,7073
16--3822,2016/03/27,12:05 AM,KENT ST @ LISGAR ST (0007733),7733,02 - Intersection related,03 - P.D. only,05 - Turning movement,01 - Clear,07 - Dark,01 - Dry,02 - Stop sign,01 - Functioning,2,0,0,0,,0,,,,,367437.9213,5030963.35,45.415802,-75.69968527,7074
16--3823,2016/03/27,12:36 PM,MERIVALE RD btwn TURN LANE & MEADOWLANDS DR W (__3ZA4HW),__3ZA4HW,01 - Non intersection,03 - P.D. only,03 - Rear end,01 - Clear,01 - Daylight,01 - Dry,10 - No control,,3,0,0,0,,0,,,,,364849.0694,5023746.787,45.35109568,-75.73363744,7075
16--3824,2016/03/27,12:56 PM,GLEBE AVE btwn LYON ST S & BANK ST (__3ZA933),__3ZA933,01 - Non intersection,03 - P.D. only,06 - SMV unattended vehicle,01 - Clear,01 - Daylight,01 - Dry,10 - No control,,1,0,0,0,,0,,,,,368019.4389,5029655.609,45.40398306,-75.69242376,7076
16--3825,2016/03/27,2:28 AM,ELGIN ST @ GLADSTONE AVE (0007272),7272,03 - At intersection,02 - Non-fatal injury,07 - SMV other,01 - Clear,07 - Dark,01 - Dry,01 - Traffic signal,01 - Functioning,1,0,0,1,01 - Minimal,1,1,,,,368384.5878,5030844.226,45.41464478,-75.68760645,7077
16--3826,2016/03/27,2:30 PM,VIEWMOUNT DR btwn GLENRIDGE RD & GLENMANOR DR (__3ZAARC),__3ZAARC,04 - At/near private drive,03 - P.D. only,02 - Angle,01 - Clear,01 - Daylight,01 - Dry,10 - No control,,2,0,0,0,,0,,,,,365072.1893,5022885.968,45.34333101,-75.73089508,7078
16--3827,2016/03/27,4:19 PM,GREENBANK RD btwn FALLOWFIELD RD & LARKIN DR (__3ZA3HF),__3ZA3HF,01 - Non intersection,02 - Non-fatal injury,07 - SMV other,01 - Clear,01 - Daylight,01 - Dry,10 - No control,,1,0,0,0,03 - Major,1,,,1,,363085.7857,5016723.843,45.28805227,-75.75696546,7079
16--3828,2016/03/27,4:30 PM,BANK ST btwn CENOTE RD & STONE SCHOOL RD (__3ZAZBJ),__3ZAZBJ,01 - Non intersection,03 - P.D. only,07 - SMV other,01 - Clear,01 - Daylight,01 - Dry,10 - No control,,1,0,0,0,,0,,,,,382112.5357,5011535.084,45.23953116,-75.51524917,7080
16--3829,2016/03/27,7:37 AM,MCCORDICK RD btwn COWELL RD & DILWORTH RD (__3ZA0MG),__3ZA0MG,04 - At/near private drive,03 - P.D. only,07 - SMV other,01 - Clear,01 - Daylight,01 - Dry,10 - No control,,1,0,0,0,,0,,,,,368308.2383,4994227.807,45.08517966,-75.69325981,7081
16--383,2016/01/10,2:37 PM,MERIVALE RD btwn BASIL MACDONALD WAY & VIEWMOUNT DR (__3ZA1N6B),__3ZA1N6B,01 - Non intersection,03 - P.D. only,04 - Sideswipe,02 - Rain,01 - Daylight,02 - Wet,10 - No control,,2,0,0,0,,0,,,,,365152.7131,5023042.256,45.34473035,-75.72984858,7082
16--3830,2016/03/27,8:55 PM,RIVERSIDE DR @ BROOKFIELD RD/HOG'S BACK RD (0001627),1627,02 - Intersection related,03 - P.D. only,03 - Rear end,01 - Clear,07 - Dark,01 - Dry,01 - Traffic signal,01 - Functioning,2,0,0,0,,0,,,,,368165.1035,5026223.701,45.37309057,-75.69100385,7083
16--3831,2016/03/27,9:00 PM,DUNTROON CIRC btwn SHELLBROOK WAY & SHELLBROOK WAY (__4WKB8Q),__4WKB8Q,01 - Non intersection,03 - P.D. only,06 - SMV unattended vehicle,02 - Rain,07 - Dark,02 - Wet,10 - No control,,1,0,0,0,,0,,,,,372858.5926,5025833.238,45.36913723,-75.63114153,7084
16--3832,2016/03/27,9:24 AM,NORTON AVE btwn CARLING AVE & SACKVILLE ST (__3ZABW8),__3ZABW8,04 - At/near private drive,03 - P.D. only,06 - SMV unattended vehicle,01 - Clear,01 - Daylight,01 - Dry,10 - No control,,1,0,0,0,,0,,,,,360664.6846,5024938.372,45.36216334,-75.78690072,7085
16--3833,2016/03/28,1:05 PM,RIVERSIDE DR @ WALKLEY RD (0002158),2158,02 - Intersection related,03 - P.D. only,03 - Rear end,02 - Rain,01 - Daylight,02 - Wet,01 - Traffic signal,01 - Functioning,2,0,0,0,,0,,,,,368418.9479,5024853.305,45.36073711,-75.68793975,7086
16--3834,2016/03/28,1:10 PM,ALTA VISTA DR @ KILBORN AVE (0008082),8082,03 - At intersection,03 - P.D. only,02 - Angle,02 - Rain,01 - Daylight,02 - Wet,01 - Traffic signal,01 - Functioning,2,0,0,0,,0,,,,,370365.9894,5027751.273,45.38663268,-75.66270477,7087
16--3835,2016/03/28,1:40 PM,CAMERON ST btwn FERRY ROAD LANE & END (__3ZA3MW),__3ZA3MW,01 - Non intersection,03 - P.D. only,04 - Sideswipe,01 - Clear,01 - Daylight,01 - Dry,10 - No control,,2,0,0,0,,0,,,,,389761.9756,5042913.865,45.52096479,-75.41243328,7088
16--3836,2016/03/28,1:57 PM,HUNT CLUB RD @ RIVERSIDE DR (0002237),2237,02 - Intersection related,02 - Non-fatal injury,03 - Rear end,02 - Rain,01 - Daylight,02 - Wet,01 - Traffic signal,01 - Functioning,2,0,0,0,01 - Minimal,1,1,,,,368036.4785,5021945.723,45.33460992,-75.69319303,7089
16--3837,2016/03/28,10:02 AM,HAZELDEAN RD @ EDGEWATER ST (0003176),3176,03 - At intersection,03 - P.D. only,02 - Angle,02 - Rain,01 - Daylight,02 - Wet,01 - Traffic signal,01 - Functioning,2,0,0,0,,0,,,,,352320.8398,5017351.816,45.29451325,-75.8941296,7090
16--3838,2016/03/28,10:38 AM,HIGHWAY 417 btwn HWY417 IC122 RAMP15 & HWY417 IC121B RAMP51 (__3ZA2RB),__3ZA2RB,01 - Non intersection,02 - Non-fatal injury,07 - SMV other,02 - Rain,01 - Daylight,02 - Wet,10 - No control,,1,0,0,0,02 - Minor,1,,1,,,366059.3912,5029315.673,45.40109868,-75.7175016,7091
16--3839,2016/03/28,11:00 AM,METCALFE ST btwn SPARKS ST & QUEEN ST (__3ZA1Z8),__3ZA1Z8,01 - Non intersection,03 - P.D. only,06 - SMV unattended vehicle,01 - Clear,01 - Daylight,05 - Packed snow,10 - No control,,1,0,0,0,,0,,,,,367611.5071,5031741.08,45.4227842,-75.69736847,7092
16--384,2016/01/10,2:49 PM,RIDGEVALLEY DR btwn KEVIN AVE & FIRWOOD CRES (__3ZAA4S),__3ZAA4S,04 - At/near private drive,03 - P.D. only,02 - Angle,02 - Rain,01 - Daylight,02 - Wet,10 - No control,,2,0,0,0,,0,,,,,359409.9575,5023578.578,45.35002678,-75.80306602,7093
16--3840,2016/03/28,11:17 AM,MERIVALE RD @ BASIL MACDONALD WAY/MERIVALE MAL (0010301),10301,03 - At intersection,02 - Non-fatal injury,05 - Turning movement,02 - Rain,01 - Daylight,02 - Wet,01 - Traffic signal,01 - Functioning,2,0,0,0,01 - Minimal,1,1,,,,365096.1343,5023171.917,45.34590188,-75.7305547,7094
16--3841,2016/03/28,11:25 AM,BANK ST @ RIVERSIDE DR N (0010778),10778,03 - At intersection,02 - Non-fatal injury,02 - Angle,02 - Rain,01 - Daylight,02 - Wet,01 - Traffic signal,01 - Functioning,2,0,0,0,01 - Minimal,1,1,,,,369226.6028,5027983.103,45.38882435,-75.67722326,7095
16--3842,2016/03/28,11:27 AM,CARLING AVE @ KIRKWOOD AVE S (0002209),2209,03 - At intersection,03 - P.D. only,04 - Sideswipe,01 - Clear,01 - Daylight,01 - Dry,01 - Traffic signal,01 - Functioning,2,0,0,0,,0,,,,,364351.925,5027336.427,45.38343712,-75.73954889,7096
16--3843,2016/03/28,12:21 PM,LAURIER AVE @ NICHOLAS ST (0010711),10711,03 - At intersection,03 - P.D. only,05 - Turning movement,02 - Rain,01 - Daylight,02 - Wet,01 - Traffic signal,01 - Functioning,2,0,0,0,,0,,,,,368373.9033,5031798.004,45.42322752,-75.68761989,7097
16--3844,2016/03/28,12:55 PM,STRANDHERD DR btwn GREENBANK RD & Continuation of STRANDHERD DR (__5U4IBT),__5U4IBT,01 - Non intersection,03 - P.D. only,03 - Rear end,02 - Rain,01 - Daylight,02 - Wet,10 - No control,,2,0,0,0,,0,,,,,364023.8918,5014839.763,45.27102089,-75.74523221,7098
16--3845,2016/03/28,2:20 PM,WOODROFFE AVE btwn MEADOWLANDS DR/TALLWOOD DR & NORICE ST (__3ZBOCG),__3ZBOCG,01 - Non intersection,03 - P.D. only,03 - Rear end,02 - Rain,01 - Daylight,02 - Wet,10 - No control,,2,0,0,0,,0,,,,,363132.5594,5022544.187,45.34041967,-75.75568395,7099
16--3846,2016/03/28,2:43 PM,FEATHERSTON DR E @ KILBORN AVE E (0008288),8288,03 - At intersection,03 - P.D. only,02 - Angle,04 - Freezing Rain,01 - Daylight,05 - Packed snow,02 - Stop sign,01 - Functioning,2,0,0,0,,0,,,,,372291.1915,5027962.851,45.38835352,-75.63809325,7100
16--3847,2016/03/28,3:16 PM,BESSERER ST @ WALLER ST (0008859),8859,03 - At intersection,03 - P.D. only,04 - Sideswipe,02 - Rain,01 - Daylight,02 - Wet,01 - Traffic signal,01 - Functioning,2,0,0,0,,0,,,,,368316.1573,5032192.202,45.42677962,-75.68830689,7101
16--3939,2016/03/31,3:51 PM,WOODROFFE AVE @ GEORGINA DR/LENESTER AVE (0002351),2351,03 - At intersection,02 - Non-fatal injury,05 - Turning movement,02 - Rain,01 - Daylight,02 - Wet,01 - Traffic signal,01 - Functioning,2,0,0,0,02 - Minor,1,,1,,,361908.979,5025371.233,45.36595792,-75.77096885,7102
16--394,2016/01/11,10:00 AM,CARLING AVE @ CARLINGWOOD SC (0008881),8881,03 - At intersection,01 - Fatal injury,07 - SMV other,01 - Clear,01 - Daylight,01 - Dry,01 - Traffic signal,01 - Functioning,1,0,0,1,04 - Fatal,1,,,,1,362072.9145,5025918.443,45.37086829,-75.76881285,7103
16--3940,2016/03/31,4:10 PM,INDUSTRIAL AVE @ RIVERSIDE DR (0011905),11905,02 - Intersection related,03 - P.D. only,03 - Rear end,02 - Rain,01 - Daylight,02 - Wet,01 - Traffic signal,01 - Functioning,2,0,0,0,,0,,,,,370686.6717,5030591.772,45.41216033,-75.65823058,7104
16--3941,2016/03/31,4:19 PM,BANK ST btwn AYLMER AVE & EUCLID AVE (__3ZA3N7),__3ZA3N7,01 - Non intersection,03 - P.D. only,04 - Sideswipe,01 - Clear,01 - Daylight,01 - Dry,10 - No control,,2,0,0,0,,0,,,,,368675.5081,5028723.258,45.39553451,-75.68416462,7105
16--3942,2016/03/31,5:10 PM,MARCH RD btwn HWY417 IC138 RAMP36 & HWY417 IC138 RAMP26 (__3ZAZEW),__3ZAZEW,01 - Non intersection,03 - P.D. only,03 - Rear end,02 - Rain,01 - Daylight,02 - Wet,10 - No control,,2,0,0,0,,0,,,,,352866.663,5020421.932,45.32210171,-75.88687322,7106
16--3943,2016/03/31,5:48 PM,BREWER RD @ BRONSON AVE (0002240),2240,03 - At intersection,02 - Non-fatal injury,05 - Turning movement,02 - Rain,01 - Daylight,02 - Wet,01 - Traffic signal,01 - Functioning,3,0,0,0,02 - Minor,2,,2,,,368108.7808,5027766.702,45.38697917,-75.69152501,7107
16--3944,2016/03/31,6:09 PM,BASELINE RD @ 207 E OF CLYDE AVE (0008213),8213,02 - Intersection related,03 - P.D. only,03 - Rear end,02 - Rain,05 - Dusk,02 - Wet,01 - Traffic signal,01 - Functioning,2,0,0,0,,0,,,,,364535.2144,5025000.709,45.36240511,-75.73749106,7108
16--3945,2016/03/31,6:37 PM,HWY 417 MAITLAND IC126R26/62 @ MAITLAND AVE (0008228),8228,03 - At intersection,03 - P.D. only,02 - Angle,02 - Rain,05 - Dusk,02 - Wet,01 - Traffic signal,01 - Functioning,2,0,0,0,,0,,,,,363145.9735,5025983.603,45.37136608,-75.75510686,7109
16--3946,2016/03/31,7:32 PM,BANK ST btwn STONE SCHOOL RD & SCRIVENS DR (__3ZA28T),__3ZA28T,01 - Non intersection,03 - P.D. only,07 - SMV other,04 - Freezing Rain,07 - Dark,02 - Wet,10 - No control,,1,0,0,0,,0,,,,,382408.9518,5011306.592,45.23744269,-75.51150985,7110
16--3947,2016/03/31,8:01 PM,HUNT CLUB RD btwn MALAK ST & ESSON ST (__3ZA3S7),__3ZA3S7,01 - Non intersection,03 - P.D. only,07 - SMV other,02 - Rain,07 - Dark,02 - Wet,10 - No control,,1,0,0,0,,0,,,,,374627.4201,5025901.026,45.36957316,-75.60855323,7111
16--3948,2016/03/31,8:25 AM,PRINCE OF WALES DR @ MEADOWLANDS DR/HOG'S BACK (0001629),1629,02 - Intersection related,03 - P.D. only,03 - Rear end,01 - Clear,01 - Daylight,02 - Wet,01 - Traffic signal,01 - Functioning,2,0,0,0,,0,,,,,367373.0908,5025695.04,45.36840498,-75.70118162,7112
16--3949,2016/03/31,8:27 AM,BANK ST @ JOHNSTON RD (0006967),6967,03 - At intersection,02 - Non-fatal injury,02 - Angle,02 - Rain,01 - Daylight,02 - Wet,01 - Traffic signal,01 - Functioning,2,1,0,0,03 - Major,1,,,1,,370851.5061,5024839.77,45.36039036,-75.65689463,7113
16--395,2016/01/11,10:10 AM,NICHOLAS ST SB btwn Continuation of WALLER ST & HWY417 IC118 RAMP35 (__6KCDVW),__6KCDVW,01 - Non intersection,02 - Non-fatal injury,03 - Rear end,01 - Clear,01 - Daylight,01 - Dry,10 - No control,,3,0,0,0,02 - Minor,2,1,1,,,368608.2652,5031613.808,45.42154885,-75.68464925,7114
16--3950,2016/03/31,8:45 AM,WALKLEY EXTENSION RD btwn WALKLEY RD & HWY417 IC110 RAMP55 (__3ZA1UK),__3ZA1UK,01 - Non intersection,03 - P.D. only,04 - Sideswipe,02 - Rain,01 - Daylight,02 - Wet,10 - No control,,2,0,0,0,,0,,,,,375479.1895,5028906.157,45.39652645,-75.59725027,7115
16--3951,2016/03/31,8:53 AM,REGIONAL ROAD 174 btwn QUIGLEY HILL RD & REGIONAL ROAD 174 DIVIDED (__3ZA2Y5),__3ZA2Y5,01 - Non intersection,03 - P.D. only,07 - SMV other,03 - Snow,01 - Daylight,02 - Wet,10 - No control,,1,0,0,0,,0,,,,,385540.8033,5041567.65,45.5093546,-75.46667957,7116
16--3952,2016/04/01,1:03 PM,RICHMOND RD @ WOODROFFE AVE (0011466),11466,02 - Intersection related,03 - P.D. only,03 - Rear end,01 - Clear,01 - Daylight,01 - Dry,01 - Traffic signal,01 - Functioning,3,0,0,0,,0,,,,,361584.9111,5026654.973,45.37753524,-75.77495786,7117
16--3953,2016/04/01,10:07 PM,AIRPORT PKWY @ HUNT CLUB RD (0010856),10856,02 - Intersection related,03 - P.D. only,03 - Rear end,02 - Rain,07 - Dark,02 - Wet,01 - Traffic signal,01 - Functioning,2,0,0,0,,0,,,,,371018.514,5023703.025,45.35014653,-75.65491537,7118
16--3954,2016/04/01,11:00 AM,ST. LAURENT BLVD btwn INDUSTRIAL AVE & BOURASSA ST (__3ZBOFB),__3ZBOFB,01 - Non intersection,03 - P.D. only,04 - Sideswipe,01 - Clear,01 - Daylight,01 - Dry,10 - No control,,2,0,0,0,,0,,,,,373104.4203,5029995.398,45.40656263,-75.62742754,7119
16--3955,2016/04/01,11:04 PM,CYCLONE TAYLOR BLVD @ PALLADIUM DR (0003236),3236,03 - At intersection,03 - P.D. only,04 - Sideswipe,01 - Clear,07 - Dark,01 - Dry,01 - Traffic signal,01 - Functioning,2,0,0,0,,0,,,,,350164.7217,5017572.68,45.29664316,-75.92159754,7120
16--3956,2016/04/01,12:26 PM,INNES RD btwn 298 E OF WILDFLOWER DR & LANTHIER DR/PRESTWICK DR (__3ZA3Y4B),__3ZA3Y4B,01 - Non intersection,03 - P.D. only,03 - Rear end,01 - Clear,01 - Daylight,01 - Dry,10 - No control,,2,0,0,0,,0,,,,,383499.7475,5035972.158,45.45924487,-75.49369367,7121
16--3957,2016/04/01,12:55 PM,HWY416 IC42 RAMP43 btwn DILWORTH RD & HIGHWAY 416 (__3ZAY4V),__3ZAY4V,01 - Non intersection,03 - P.D. only,07 - SMV other,01 - Clear,01 - Daylight,01 - Dry,10 - No control,,1,0,0,0,,0,,,,,371327.4536,4995246.663,45.09407009,-75.65477583,7122
16--3958,2016/04/01,2:17 PM,FRANK ST @ O'CONNOR ST (0007268),7268,02 - Intersection related,03 - P.D. only,05 - Turning movement,01 - Clear,01 - Daylight,01 - Dry,02 - Stop sign,00 - Unknown,2,0,0,0,,0,,,,,368052.5056,5030697.307,45.41335295,-75.69186775,7123
16--3959,2016/04/01,2:24 PM,FRANK KENNY RD btwn INNES RD & FRENCH HILL RD (__61W6X7),__61W6X7,01 - Non intersection,03 - P.D. only,99 - Other,01 - Clear,01 - Daylight,01 - Dry,10 - No control,,3,0,0,0,,0,,,,,388542.1069,5036114.265,45.45993723,-75.42920556,7124
16--396,2016/01/11,10:19 AM,CATHERINE ST @ METCALFE ST (0011239),11239,02 - Intersection related,03 - P.D. only,03 - Rear end,03 - Snow,01 - Daylight,06 - Ice,01 - Traffic signal,01 - Functioning,2,0,0,0,,0,,,,,368394.3653,5030485.904,45.41141983,-75.68752777,7125
16--3960,2016/04/01,2:34 PM,HUNTLEY RD btwn BROWNLEE RD & GARVIN RD (__3ZA42I),__3ZA42I,01 - Non intersection,02 - Non-fatal injury,07 - SMV other,01 - Clear,01 - Daylight,01 - Dry,10 - No control,,1,0,0,0,02 - Minor,2,,2,,,355586.3269,5007924.084,45.2094517,-75.8534619,7126
16--3961,2016/04/01,3:55 PM,HIGHWAY 417 btwn HWY417 IC119A RAMP75 & HWY417 IC118 RAMP57 (__3ZA2R2),__3ZA2R2,01 - Non intersection,03 - P.D. only,03 - Rear end,01 - Clear,01 - Daylight,01 - Dry,10 - No control,,2,0,0,0,,0,,,,,368942.1675,5030693.034,45.41323352,-75.68050289,7127
16--3962,2016/04/01,4:00 PM,BLAIR RD @ REGIONAL RD 174 N/OR174 IC112 RAMP61 (0003617),3617,02 - Intersection related,02 - Non-fatal injury,03 - Rear end,01 - Clear,01 - Daylight,01 - Dry,01 - Traffic signal,01 - Functioning,2,0,0,0,02 - Minor,1,,1,,,374634.465,5032991.309,45.43336727,-75.60745932,7128
16--3963,2016/04/01,4:37 PM,DONALD ST @ ST. LAURENT BLVD (0008630),8630,02 - Intersection related,03 - P.D. only,03 - Rear end,01 - Clear,01 - Daylight,01 - Dry,01 - Traffic signal,01 - Functioning,2,0,0,0,,0,,,,,372093.6879,5032472.617,45.42894943,-75.63999963,7129
16--3964,2016/04/01,4:46 PM,BASELINE RD btwn TURN LANE & PRINCE OF WALES DR (__3ZA4JZ),__3ZA4JZ,01 - Non intersection,03 - P.D. only,04 - Sideswipe,01 - Clear,01 - Daylight,01 - Dry,10 - No control,,2,0,0,0,,0,,,,,366852.3666,5026436.231,45.37512034,-75.70773552,7130
16--3965,2016/04/01,4:56 PM,BASELINE RD @ FISHER AVE (0002346),2346,02 - Intersection related,02 - Non-fatal injury,07 - SMV other,01 - Clear,01 - Daylight,01 - Dry,01 - Traffic signal,00 - Unknown,1,0,0,2,01 - Minimal,2,2,,,,366166.303,5026028.533,45.37151238,-75.71654478,7131
16--3966,2016/04/01,6:17 PM,BASELINE RD @ MERIVALE RD (0002342),2342,02 - Intersection related,03 - P.D. only,04 - Sideswipe,01 - Clear,01 - Daylight,01 - Dry,01 - Traffic signal,01 - Functioning,2,0,0,0,,0,,,,,365055.087,5025325.515,45.36528317,-75.73081597,7132
16--3967,2016/04/01,6:23 AM,GLADSTONE AVE @ PRESTON ST (0002212),2212,03 - At intersection,02 - Non-fatal injury,07 - SMV other,01 - Clear,03 - Dawn,02 - Wet,01 - Traffic signal,01 - Functioning,1,0,0,1,02 - Minor,1,,1,,,366489.1255,5029712.423,45.4046308,-75.71196327,7133
16--3968,2016/04/01,6:31 PM,BANK ST @ WILTON CRES (0007712),7712,03 - At intersection,03 - P.D. only,02 - Angle,01 - Clear,05 - Dusk,01 - Dry,02 - Stop sign,01 - Functioning,2,0,0,0,,0,,,,,368577.4439,5028967.345,45.39773967,-75.68538544,7134
16--3969,2016/04/01,7:52 PM,HIGHWAY 7 btwn UPPER DWYER HILL RD & HIGHWAY 7 (__7JQ7LM),__7JQ7LM,01 - Non intersection,03 - P.D. only,07 - SMV other,01 - Clear,05 - Dusk,01 - Dry,10 - No control,,1,0,0,0,,0,,,,,341072.412,5007274.395,45.2045019,-76.03827216,7135
16--397,2016/01/11,10:46 PM,SOMERSET ST    W btwn BECKINGTON PRIV & BANK ST (__3ZAZQ1),__3ZAZQ1,01 - Non intersection,03 - P.D. only,06 - SMV unattended vehicle,01 - Clear,07 - Dark,02 - Wet,10 - No control,,1,0,0,0,,0,,,,,367619.7617,5030872.72,45.41497024,-75.69737371,7136
16--3970,2016/04/01,7:59 PM,MITCH OWENS RD btwn EMERALD LINKS DR & STAGECOACH RD (__3ZA1DE),__3ZA1DE,01 - Non intersection,03 - P.D. only,07 - SMV other,01 - Clear,07 - Dark,01 - Dry,10 - No control,,1,0,0,0,,0,,,,,375144.3619,5014322.807,45.26534506,-75.60359873,7137
16--3971,2016/04/01,8:30 PM,HIGHWAY 417 btwn HWY417 IC155 RAMP61 & HWY417 IC145 RAMP56 (__3ZA2Q2),__3ZA2Q2,01 - Non intersection,03 - P.D. only,07 - SMV other,01 - Clear,07 - Dark,01 - Dry,10 - No control,,1,0,0,0,,0,,,,,344373.7239,5015429.562,45.27770852,-75.99560091,7138
16--3972,2016/04/01,8:32 PM,HIGHWAY 417 btwn HWY417 IC155 RAMP61 & HWY417 IC145 RAMP56 (__3ZA2Q2),__3ZA2Q2,01 - Non intersection,03 - P.D. only,07 - SMV other,01 - Clear,07 - Dark,01 - Dry,10 - No control,,1,0,0,0,,0,,,,,344373.027,5015432.084,45.27773126,-75.99560959,7139
16--3973,2016/04/01,9:04 AM,KING EDWARD AVE @ SOMERSET ST/MARIE CURIE PRIV (0001696),1696,02 - Intersection related,03 - P.D. only,04 - Sideswipe,01 - Clear,01 - Daylight,01 - Dry,01 - Traffic signal,01 - Functioning,2,0,0,0,,0,,,,,368957.9766,5031672.779,45.42204746,-75.68017337,7140
16--3974,2016/04/01,9:31 AM,MERIVALE RD @ SLACK RD (0000110),110,02 - Intersection related,03 - P.D. only,03 - Rear end,01 - Clear,01 - Daylight,01 - Dry,01 - Traffic signal,01 - Functioning,2,0,0,0,,0,,,,,366019.9666,5020955.227,45.3258764,-75.71904089,7141
16--3975,2016/04/01,9:34 PM,DALHOUSIE ST @ RIDEAU ST (0007646),7646,02 - Intersection related,03 - P.D. only,03 - Rear end,01 - Clear,07 - Dark,01 - Dry,01 - Traffic signal,01 - Functioning,2,0,0,0,,0,,,,,368207.2446,5032227.849,45.42711024,-75.68969399,7142
16--3976,2016/04/01,9:40 AM,KING EDWARD AVE btwn MARIE CURIE PRIV & TEMPLETON ST (__3ZA3MD),__3ZA3MD,01 - Non intersection,03 - P.D. only,03 - Rear end,01 - Clear,01 - Daylight,01 - Dry,10 - No control,,2,0,0,0,,0,,,,,369047.3633,5031524.417,45.42070435,-75.67905063,7143
16--3977,2016/04/01,9:47 PM,NELSON ST @ RIDEAU ST (0007626),7626,03 - At intersection,02 - Non-fatal injury,05 - Turning movement,01 - Clear,07 - Dark,01 - Dry,01 - Traffic signal,01 - Functioning,2,1,0,0,02 - Minor,1,,1,,,368651.4403,5032497.803,45.42949878,-75.68398301,7144
16--3978,2016/04/02,1:37 PM,FALLOWFIELD RD @ MOODIE DR (0010412),10412,03 - At intersection,02 - Non-fatal injury,03 - Rear end,01 - Clear,01 - Daylight,01 - Dry,01 - Traffic signal,01 - Functioning,2,0,0,0,01 - Minimal,2,2,,,,359501.3896,5014635.614,45.26955026,-75.80288642,7145
16--3979,2016/04/02,1:38 PM,CONROY RD @ WALKLEY RD (0002648),2648,02 - Intersection related,03 - P.D. only,03 - Rear end,01 - Clear,01 - Daylight,02 - Wet,01 - Traffic signal,01 - Functioning,2,0,0,0,,0,,,,,372904.8945,5027465.094,45.3838155,-75.63032544,7146
16--398,2016/01/11,11:26 AM,BASELINE RD @ WOODROFFE AVE (0002225),2225,02 - Intersection related,03 - P.D. only,03 - Rear end,01 - Clear,01 - Daylight,06 - Ice,01 - Traffic signal,01 - Functioning,2,0,0,0,,0,,,,,362549.6902,5023771.63,45.35151234,-75.76297735,7147
16--3980,2016/04/02,1:40 PM,EARL MULLIGAN DR @ WOODPARK WAY (0000251),251,02 - Intersection related,03 - P.D. only,03 - Rear end,01 - Clear,01 - Daylight,01 - Dry,02 - Stop sign,00 - Unknown,3,0,0,0,,0,,,,,365105.9703,5017423.196,45.29417458,-75.73112916,7148
16--3981,2016/04/02,1:45 PM,BANK ST btwn CAHILL DR & TURN LANE (1) (__3ZA3HV),__3ZA3HV,04 - At/near private drive,03 - P.D. only,05 - Turning movement,01 - Clear,01 - Daylight,01 - Dry,10 - No control,,2,0,0,0,,0,,,,,371423.834,5024201.539,45.35459361,-75.64967606,7149
16--3982,2016/04/02,10:00 AM,MONTREAL RD @ VANIER PKWY (0004630),4630,03 - At intersection,03 - P.D. only,04 - Sideswipe,01 - Clear,01 - Daylight,01 - Dry,01 - Traffic signal,01 - Functioning,2,0,0,0,,0,,,,,370073.0427,5033064.593,45.43446729,-75.66574181,7150
16--3983,2016/04/02,10:32 AM,INNES RD @ TRIM RD (0012870),12870,03 - At intersection,03 - P.D. only,05 - Turning movement,01 - Clear,01 - Daylight,01 - Dry,01 - Traffic signal,01 - Functioning,2,0,0,0,,0,,,,,386567.4448,5037273.107,45.47059721,-75.45425813,7151