Anom_ID,Accident_Date,Accident_Time,Location,Geo_ID,Accident_Location,Classification_of_Accident,Initial_Impact_Type,Environment_Condition,Light,Road_Surface_Condition,Traffic_Control,Traffic_Control_Condition,No__of_Vehicles,No__of_Bicycles,No__of_Motorcycles,No__of_Pedestrians,Max_Injury,No__of_Injuries,No__of_Minimal,No__of_Minor,No__of_Major,No__of_Fatal,X,Y,Latitude,Longitude,ObjectId
16--3984,2016/04/02,11:00 PM,BROMLEY RD btwn CARLING AVE & MCKELLAR AVE (__3ZA0D2),__3ZA0D2,01 - Non intersection,03 - P.D. only,06 - SMV unattended vehicle,01 - Clear,07 - Dark,01 - Dry,10 - No control,,1,0,0,0,,0,,,,,362705.9358,5026443.553,45.37554115,-75.76067035,7152
16--3985,2016/04/02,11:40 AM,WOODROFFE AVE btwn EARL MULLIGAN DR & LONGFIELDS DR (__3ZA3II),__3ZA3II,01 - Non intersection,03 - P.D. only,07 - SMV other,02 - Rain,01 - Daylight,02 - Wet,10 - No control,,1,0,0,0,,0,,,,,365412.3063,5017129.218,45.29150302,-75.72725981,7153
16--3986,2016/04/02,11:43 AM,TENTH LINE RD @ CHARLEMAGNE BLVD N/TOMPKINS AV (0009222),9222,02 - Intersection related,03 - P.D. only,04 - Sideswipe,01 - Clear,01 - Daylight,01 - Dry,01 - Traffic signal,01 - Functioning,2,0,0,0,,0,,,,,383183.0137,5037977.401,45.47732186,-75.49742319,7154
16--3987,2016/04/02,11:50 AM,MAPLE GROVE RD btwn Continuation of MAPLE GROVE RD & SILVER SEVEN RD (__3ZA1RI),__3ZA1RI,04 - At/near private drive,03 - P.D. only,02 - Angle,02 - Rain,01 - Daylight,02 - Wet,10 - No control,,2,0,0,0,,0,,,,,351126.8247,5017474.48,45.29569675,-75.90934051,7155
16--3988,2016/04/02,12:46 PM,LEMIEUX ST @ ST. LAURENT BLVD (0002021),2021,02 - Intersection related,03 - P.D. only,03 - Rear end,01 - Clear,01 - Daylight,01 - Dry,01 - Traffic signal,01 - Functioning,2,0,0,0,,0,,,,,372391.9492,5031743.238,45.42235807,-75.63628843,7156
16--3989,2016/04/02,2:15 PM,CENTER ST btwn MONTREAL RD & PAUL AVE (__3ZA8W2),__3ZA8W2,01 - Non intersection,03 - P.D. only,06 - SMV unattended vehicle,01 - Clear,01 - Daylight,01 - Dry,10 - No control,,1,0,0,0,,0,,,,,371887.028,5033784.584,45.44077375,-75.64246162,7157
16--399,2016/01/11,11:54 AM,BILLINGS BRIDGESC RAMP NB @ RIVERSIDE DR WB (0008841),8841,02 - Intersection related,02 - Non-fatal injury,02 - Angle,01 - Clear,01 - Daylight,01 - Dry,03 - Yield sign,01 - Functioning,2,0,0,0,02 - Minor,2,1,1,,,369023.4721,5027794.025,45.38714174,-75.67984173,7158
16--3990,2016/04/02,3:31 AM,LEES AVE @ KING EDWARD AVE/MANN AVE (0011413),11413,02 - Intersection related,02 - Non-fatal injury,04 - Sideswipe,01 - Clear,07 - Dark,01 - Dry,01 - Traffic signal,01 - Functioning,2,0,0,0,01 - Minimal,1,1,,,,369177.6632,5031336.281,45.4189996,-75.67741042,7159
16--3991,2016/04/02,3:50 AM,HIGHWAY 417 btwn HWY 417 ANDERSON IC104R61 & HWY 417 BOUNDARY IC96R16 (__3ZA2W5),__3ZA2W5,01 - Non intersection,03 - P.D. only,07 - SMV other,01 - Clear,07 - Dark,01 - Dry,10 - No control,,1,0,0,0,,0,,,,,381531.3933,5025630.66,45.36641873,-75.52046851,7160
16--3992,2016/04/02,4:44 PM,ST. LAURENT BLVD @ COVENTRY RD/OGILVIE RD (0002151),2151,02 - Intersection related,03 - P.D. only,03 - Rear end,01 - Clear,01 - Daylight,01 - Dry,01 - Traffic signal,01 - Functioning,2,0,0,0,,0,,,,,372305.9858,5031950.776,45.4242337,-75.63735833,7161
16--3993,2016/04/02,4:48 PM,BANK ST @ HUNT CLUB RD (0002119),2119,03 - At intersection,03 - P.D. only,03 - Rear end,01 - Clear,01 - Daylight,01 - Dry,01 - Traffic signal,01 - Functioning,3,0,0,0,,0,,,,,371609.0028,5024095.707,45.35362375,-75.6473273,7162
16--3994,2016/04/02,5:30 PM,HARNESS LANE btwn STONEHAVEN DR & EQUESTRIAN DR (__3ZBNEK),__3ZBNEK,01 - Non intersection,03 - P.D. only,06 - SMV unattended vehicle,01 - Clear,01 - Daylight,01 - Dry,10 - No control,,1,0,0,0,,0,,,,,354621.0591,5016705.338,45.28853678,-75.86486949,7163
16--3995,2016/04/02,5:47 PM,DIAMONDVIEW RD @ DONALD B. MUNRO DR (0011597),11597,03 - At intersection,03 - P.D. only,02 - Angle,01 - Clear,01 - Daylight,01 - Dry,02 - Stop sign,01 - Functioning,2,0,0,0,,0,,,,,338123.7386,5022170.837,45.33869384,-76.07480633,7164
16--3996,2016/04/02,6:16 PM,INNES RD @ LANTHIER DR/PRESTWICK DR (0004251),4251,03 - At intersection,02 - Non-fatal injury,02 - Angle,01 - Clear,01 - Daylight,01 - Dry,01 - Traffic signal,01 - Functioning,2,0,0,0,01 - Minimal,1,1,,,,383541.3312,5035988.249,45.45938495,-75.49315946,7165
16--3997,2016/04/02,6:27 PM,HERON RD @ WALKLEY RD (0011256),11256,02 - Intersection related,02 - Non-fatal injury,03 - Rear end,01 - Clear,01 - Daylight,01 - Dry,01 - Traffic signal,01 - Functioning,2,0,0,0,02 - Minor,1,,1,,,372267.5657,5027083.455,45.38044334,-75.63851513,7166
16--3998,2016/04/02,6:35 PM,HIGHWAY 417 btwn HWY417 IC155 RAMP61 & HWY417 IC145 RAMP56 (__3ZA2Q2),__3ZA2Q2,01 - Non intersection,03 - P.D. only,07 - SMV other,01 - Clear,01 - Daylight,01 - Dry,10 - No control,,1,0,0,0,,0,,,,,344373.3708,5015426.324,45.27767941,-75.99560567,7167
16--3999,2016/04/02,7:00 PM,MCCORDICK RD btwn DOBSON LANE & MCCORDICK RD (__3ZA2O6),__3ZA2O6,04 - At/near private drive,03 - P.D. only,05 - Turning movement,01 - Clear,01 - Daylight,01 - Dry,10 - No control,,2,0,0,0,,0,,,,,359424.65,5004318.893,45.17672421,-75.80499638,7168
16--40,2016/01/02,5:30 PM,FERIAND ST btwn JOLLIET AVE & END (__3ZBOVA),__3ZBOVA,01 - Non intersection,03 - P.D. only,06 - SMV unattended vehicle,01 - Clear,05 - Dusk,03 - Loose snow,10 - No control,,1,0,0,0,,0,,,,,369843.4427,5034070.929,45.44354328,-75.66854305,7169
16--400,2016/01/11,11:54 AM,RIVERSIDE DR btwn RIVERGATE WAY & MALHOTRA CRT (__3ZA37M),__3ZA37M,04 - At/near private drive,03 - P.D. only,03 - Rear end,01 - Clear,01 - Daylight,01 - Dry,10 - No control,,2,0,0,0,,0,,,,,368169.2001,5023060.968,45.34463269,-75.69135703,7170
16--4000,2016/04/02,9:46 PM,FLEWELLYN RD btwn NO NAME & BLACK'S SIDE RD (__3ZACRE),__3ZACRE,01 - Non intersection,03 - P.D. only,07 - SMV other,01 - Clear,07 - Dark,01 - Dry,10 - No control,,1,0,0,0,,0,,,,,349945.6977,5009456.777,45.22362745,-75.92512743,7171
16--4001,2016/04/03,1:44 PM,FRANK ST @ METCALFE ST (0007271),7271,02 - Intersection related,03 - P.D. only,05 - Turning movement,01 - Clear,01 - Daylight,01 - Dry,02 - Stop sign,00 - Unknown,2,0,0,0,,0,,,,,368202.8198,5030792.242,45.41419354,-75.68993528,7172
16--4002,2016/04/03,10:15 AM,DYNES RD @ PRINCE OF WALES DR (0003321),3321,03 - At intersection,03 - P.D. only,02 - Angle,01 - Clear,01 - Daylight,01 - Dry,01 - Traffic signal,01 - Functioning,2,0,0,0,,0,,,,,367115.513,5025922.734,45.37047666,-75.70444086,7173
16--4003,2016/04/03,10:15 AM,HIGHWAY 417 btwn HWY417 IC88 RAMP15 & END (__3ZA27T),__3ZA27T,01 - Non intersection,03 - P.D. only,07 - SMV other,01 - Clear,01 - Daylight,01 - Dry,10 - No control,,1,0,0,0,,0,,,,,395276.0764,5022446.716,45.33613396,-75.34562338,7174
16--4004,2016/04/03,10:40 AM,HUNT CLUB RD @ RIVERSIDE DR (0002237),2237,02 - Intersection related,03 - P.D. only,03 - Rear end,01 - Clear,01 - Daylight,01 - Dry,01 - Traffic signal,01 - Functioning,2,0,0,0,,0,,,,,368036.4785,5021945.274,45.33460588,-75.69319309,7175
16--4005,2016/04/03,10:45 AM,ST. JOSEPH BLVD @ JEANNE D'ARC BLVD (0012421),12421,03 - At intersection,03 - P.D. only,04 - Sideswipe,01 - Clear,01 - Daylight,01 - Dry,11 - Roundabout,01 - Functioning,2,0,0,0,,0,,,,,379860.2833,5036472.729,45.46414909,-75.54014708,7176
16--4006,2016/04/03,11:28 AM,EAGLESON RD @ KAKULU RD (0003188),3188,02 - Intersection related,03 - P.D. only,04 - Sideswipe,01 - Clear,01 - Daylight,01 - Dry,01 - Traffic signal,01 - Functioning,2,0,0,0,,0,,,,,353380.8187,5019150.67,45.31062725,-75.88043983,7177
16--4007,2016/04/03,11:54 PM,LAURIER AVE   E btwn GOULBURN AVE & MARLBOROUGH AVE (__3ZA3V9),__3ZA3V9,04 - At/near private drive,03 - P.D. only,05 - Turning movement,01 - Clear,07 - Dark,01 - Dry,10 - No control,,2,0,0,0,,0,,,,,369289.2749,5032368.017,45.42827249,-75.67584937,7178
16--4008,2016/04/03,Unknown,SCOUT ST btwn NIKI WAY & WHITESTONE DR (__30KGYS),__30KGYS,01 - Non intersection,03 - P.D. only,06 - SMV unattended vehicle,01 - Clear,00 - Unknown,01 - Dry,10 - No control,,1,0,0,0,,0,,,,,364546.7066,5025328.021,45.36534923,-75.7373048,7179
16--4009,2016/04/03,12:20 PM,CRICHTON ST btwn VAUGHAN ST & ST. PATRICK ST (__3ZA8V4),__3ZA8V4,01 - Non intersection,03 - P.D. only,05 - Turning movement,01 - Clear,01 - Daylight,01 - Dry,10 - No control,,2,0,0,0,,0,,,,,369111.08,5033503.568,45.43850615,-75.67797808,7180
16--401,2016/01/11,12:57 AM,CAHILL DR btwn SANDHAMN PRIV & VERDON PRIV (__3ZA9XN),__3ZA9XN,01 - Non intersection,03 - P.D. only,07 - SMV other,05 - Drifting Snow,07 - Dark,06 - Ice,10 - No control,,1,0,0,0,,0,,,,,371883.9979,5024767.104,45.3596385,-75.64372686,7181
16--4010,2016/04/03,12:27 PM,EAGLESON RD @ HAZELDEAN RD/ROBERTSON RD (0002715),2715,02 - Intersection related,03 - P.D. only,99 - Other,01 - Clear,01 - Daylight,01 - Dry,01 - Traffic signal,01 - Functioning,2,0,0,0,,0,,,,,353673.8496,5018424.46,45.30407233,-75.87677459,7182
16--4011,2016/04/03,2:30 PM,PAUL ANKA DR btwn UPLANDS DR & MCCARTHY RD (__3ZA9CH),__3ZA9CH,01 - Non intersection,03 - P.D. only,06 - SMV unattended vehicle,01 - Clear,01 - Daylight,01 - Dry,10 - No control,,1,0,0,0,,0,,,,,369555.2746,5023696.553,45.35022493,-75.6735882,7183
16--4012,2016/04/03,2:31 PM,BANK ST @ MITCH OWENS RD (0001640),1640,03 - At intersection,03 - P.D. only,05 - Turning movement,01 - Clear,01 - Daylight,01 - Dry,01 - Traffic signal,01 - Functioning,2,0,0,0,,0,,,,,377759.032,5015947.726,45.2796991,-75.57004544,7184
16--4013,2016/04/03,2:36 PM,HWY417 IC142 RAMP51 btwn HIGHWAY 417 & HWY417 IC142 RAMP52 (__3ZAY5G),__3ZAY5G,01 - Non intersection,03 - P.D. only,03 - Rear end,01 - Clear,01 - Daylight,01 - Dry,10 - No control,,2,0,0,0,,0,,,,,348740.3233,5016967.578,45.29128878,-75.93981142,7185
16--4014,2016/04/03,2:50 PM,HIGHWAY 416 btwn HWY416 IC49 RAMP42 & HWY416 IC49 RAMP24 (__3ZAZGH),__3ZAZGH,01 - Non intersection,03 - P.D. only,07 - SMV other,01 - Clear,01 - Daylight,01 - Dry,10 - No control,,1,0,0,0,,0,,,,,369254.7412,5000972.124,45.14578029,-75.68036936,7186
16--4015,2016/04/03,3:09 PM,ABBEYHILL DR @ EAGLESON RD (0003404),3404,03 - At intersection,03 - P.D. only,05 - Turning movement,01 - Clear,01 - Daylight,01 - Dry,01 - Traffic signal,01 - Functioning,2,0,0,0,,0,,,,,353827.8912,5018034.19,45.30054987,-75.87484901,7187
16--4016,2016/04/03,3:53 AM,ABETTI RDG/RIVERSTONE DR @ JOCKVALE RD (0009699),9699,02 - Intersection related,03 - P.D. only,07 - SMV other,01 - Clear,07 - Dark,01 - Dry,01 - Traffic signal,01 - Functioning,1,0,0,0,,0,,,,,365163.4976,5013549.479,45.25931403,-75.73086682,7188
16--4017,2016/04/03,4:10 PM,TENTH LINE RD @ CHARLEMAGNE BLVD N/TOMPKINS AV (0009222),9222,02 - Intersection related,03 - P.D. only,07 - SMV other,01 - Clear,01 - Daylight,01 - Dry,01 - Traffic signal,01 - Functioning,1,0,0,0,,0,,,,,383183.3199,5037979.695,45.47734246,-75.49741891,7189
16--4018,2016/04/03,4:12 PM,GREENBANK RD @ WEST HUNT CLUB RD (0005167),5167,02 - Intersection related,03 - P.D. only,03 - Rear end,01 - Clear,01 - Daylight,01 - Dry,01 - Traffic signal,01 - Functioning,2,0,0,0,,0,,,,,361478.8781,5020501.68,45.32217677,-75.77701687,7190
16--4019,2016/04/03,4:28 PM,GRANT CARMAN DR @ MEADOWLANDS DR (0001111),1111,03 - At intersection,03 - P.D. only,05 - Turning movement,01 - Clear,01 - Daylight,01 - Dry,01 - Traffic signal,01 - Functioning,2,0,0,0,,0,,,,,365050.8952,5023900.708,45.35246333,-75.73104316,7191
16--402,2016/01/11,2:05 PM,GLADSTONE AVE @ LYON ST (0002705),2705,02 - Intersection related,03 - P.D. only,04 - Sideswipe,01 - Clear,01 - Daylight,01 - Dry,01 - Traffic signal,01 - Functioning,2,0,0,0,,0,,,,,367583.6879,5030361.946,45.41037769,-75.69789963,7192
16--4020,2016/04/03,5:09 PM,BELCOURT BLVD @ INNES RD (0004202),4202,03 - At intersection,02 - Non-fatal injury,05 - Turning movement,01 - Clear,01 - Daylight,01 - Dry,01 - Traffic signal,01 - Functioning,3,0,0,0,01 - Minimal,1,1,,,,382123.7842,5035270.449,45.45308511,-75.51139531,7193
16--4021,2016/04/03,6:30 PM,OSGOODE ST btwn RUSSELL AVE & CHAPEL ST (__3ZA8KO),__3ZA8KO,01 - Non intersection,03 - P.D. only,06 - SMV unattended vehicle,01 - Clear,01 - Daylight,01 - Dry,10 - No control,,1,0,0,0,,0,,,,,369220.9034,5032079.071,45.42567897,-75.67676084,7194
16--4022,2016/04/03,7:23 AM,LASIANDRA LANE btwn LADY SLIPPER WAY & WHITETAIL DR (__4YNEK7),__4YNEK7,01 - Non intersection,02 - Non-fatal injury,07 - SMV other,01 - Clear,01 - Daylight,01 - Dry,10 - No control,,1,0,0,0,02 - Minor,2,,2,,,344020.4707,5012153.55,45.24824923,-76.00036189,7195
16--4023,2016/04/03,9:15 PM,HAZELDEAN RD @ YOUNG RD (0003049),3049,02 - Intersection related,03 - P.D. only,03 - Rear end,01 - Clear,07 - Dark,01 - Dry,02 - Stop sign,01 - Functioning,2,0,0,0,,0,,,,,352464.3867,5017480.224,45.29565898,-75.8922872,7196
16--4024,2016/04/04,1:00 PM,CUMBERLAND ST btwn BRUYERE ST & ST. ANDREW ST (__3ZBOWF),__3ZBOWF,01 - Non intersection,03 - P.D. only,06 - SMV unattended vehicle,03 - Snow,01 - Daylight,03 - Loose snow,10 - No control,,1,0,0,0,,0,,,,,368025.0943,5032921.133,45.43336465,-75.69193251,7197
16--4025,2016/04/04,1:34 PM,INNES RD @ VISENEAU DR (0012442),12442,02 - Intersection related,03 - P.D. only,03 - Rear end,01 - Clear,01 - Daylight,01 - Dry,01 - Traffic signal,01 - Functioning,2,0,0,0,,0,,,,,381798.9751,5035074.676,45.45135957,-75.51557811,7198
16--4026,2016/04/04,11:12 PM,JOHNSTON RD btwn CELLINI CRT & BLOHM DR (__3ZA462),__3ZA462,01 - Non intersection,03 - P.D. only,07 - SMV other,01 - Clear,07 - Dark,01 - Dry,10 - No control,,1,0,0,0,,0,,,,,374523.7468,5026512.691,45.37508696,-75.60979026,7199
16--4027,2016/04/04,Unknown,WAYMARK CRES btwn BRIDGESTONE DR & BRIDGESTONE DR (__5QC4HL),__5QC4HL,01 - Non intersection,03 - P.D. only,06 - SMV unattended vehicle,01 - Clear,00 - Unknown,01 - Dry,10 - No control,,1,0,0,0,,0,,,,,355344.6374,5016055.024,45.28263346,-75.85571198,7200
16--3668,2016/03/23,4:10 PM,HIGHWAY 417 btwn HWY417 IC134 RAMP35 & HWY417 IC134 RAMP25 (__3ZA29D),__3ZA29D,01 - Non intersection,03 - P.D. only,99 - Other,01 - Clear,01 - Daylight,01 - Dry,10 - No control,,2,0,0,0,,0,,,,,356436.528,5022251.767,45.33831326,-75.84114893,7201
16--3669,2016/03/23,4:40 PM,CASTLEBROOK LANE btwn MILLRISE LANE & TO BE DETERMINED (__3ZA00B),__3ZA00B,01 - Non intersection,03 - P.D. only,01 - Approaching,04 - Freezing Rain,01 - Daylight,04 - Slush,10 - No control,,2,0,0,0,,0,,,,,362512.8828,5022618.729,45.34114164,-75.76358159,7202
16--367,2016/01/09,7:00 AM,MARCH RD btwn DUNROBIN RD & MURPHY CRT (__3ZA3DI),__3ZA3DI,01 - Non intersection,02 - Non-fatal injury,07 - SMV other,02 - Rain,03 - Dawn,04 - Slush,10 - No control,,1,0,0,0,02 - Minor,2,1,1,,,347582.9595,5025890.578,45.37165196,-75.95379455,7203
16--3670,2016/03/23,4:55 PM,TERRY FOX DR @ PALLADIUM DR/KATIMAVIK RD (0011858),11858,02 - Intersection related,03 - P.D. only,03 - Rear end,01 - Clear,01 - Daylight,01 - Dry,01 - Traffic signal,01 - Functioning,2,0,0,0,,0,,,,,351270.1086,5018182.556,45.30205875,-75.90744739,7204
16--3671,2016/03/23,5:56 PM,FISHER AVE btwn MCCOOEY LANE & BASELINE RD (__3ZA4JS),__3ZA4JS,01 - Non intersection,02 - Non-fatal injury,03 - Rear end,01 - Clear,01 - Daylight,01 - Dry,10 - No control,,2,0,0,0,01 - Minimal,1,1,,,,366107.3431,5026168.958,45.37278106,-75.71728002,7205
16--3672,2016/03/23,6:33 PM,BEAVERTAIL RD btwn OLD ALMONTE RD & RICHARDSON SIDE RD (__3ZACCJ),__3ZACCJ,01 - Non intersection,01 - Fatal injury,07 - SMV other,01 - Clear,07 - Dark,01 - Dry,10 - No control,,1,0,0,0,04 - Fatal,1,,,,1,341477.0464,5014417.376,45.26875745,-76.0325949,7206
16--3673,2016/03/23,7:08 AM,BANTREE ST btwn OLD INNES RD & EDINBURGH PL (__3ZA78D),__3ZA78D,04 - At/near private drive,03 - P.D. only,02 - Angle,02 - Rain,01 - Daylight,02 - Wet,10 - No control,,2,0,0,0,,0,,,,,373887.6841,5029986.06,45.40640174,-75.61742403,7207
16--3674,2016/03/23,7:45 AM,HUNT CLUB RD @ BRIDLE PATH DR/DAZE ST (0008214),8214,02 - Intersection related,03 - P.D. only,03 - Rear end,01 - Clear,01 - Daylight,01 - Dry,01 - Traffic signal,01 - Functioning,2,0,0,0,,0,,,,,371291.9952,5023863.705,45.3515664,-75.65140397,7208
16--3675,2016/03/23,8:09 AM,REGIONAL ROAD 174 btwn OR174 IC112 RAMP36 & OR174 IC112 RAMP26 (__3ZAZFK),__3ZAZFK,01 - Non intersection,03 - P.D. only,03 - Rear end,01 - Clear,01 - Daylight,02 - Wet,10 - No control,,2,0,0,0,,0,,,,,374691.971,5032763.566,45.43131241,-75.60675676,7209
16--3676,2016/03/23,8:30 PM,MARCHANT DR btwn PINARD WAY & LICHEN AVE (__3ZAZ1N),__3ZAZ1N,01 - Non intersection,03 - P.D. only,06 - SMV unattended vehicle,01 - Clear,07 - Dark,01 - Dry,10 - No control,,1,0,0,0,,0,,,,,385498.8317,5036772.92,45.46622131,-75.46800475,7210
16--3677,2016/03/23,8:31 AM,HIGHWAY 417 btwn HWY417 IC118 RAMP67 & HWY417 IC117 RAMP36 (__3ZA2YO),__3ZA2YO,01 - Non intersection,03 - P.D. only,99 - Other,01 - Clear,01 - Daylight,01 - Dry,10 - No control,,3,0,0,0,,0,,,,,369841.4614,5031155.595,45.41731246,-75.66895344,7211
16--3678,2016/03/23,8:34 AM,GALLAGHER RD @ HARNETT RD (0003672),3672,03 - At intersection,03 - P.D. only,02 - Angle,03 - Snow,01 - Daylight,03 - Loose snow,10 - No control,,2,0,0,0,,0,,,,,362458.9333,4990770.427,45.05456952,-75.76795394,7212
16--3679,2016/03/23,8:52 PM,HUNT CLUB RD @ RIVERSIDE DR (0002237),2237,02 - Intersection related,03 - P.D. only,03 - Rear end,01 - Clear,07 - Dark,01 - Dry,01 - Traffic signal,01 - Functioning,2,0,0,0,,0,,,,,368035.6053,5021946.596,45.33461785,-75.69320406,7213
16--368,2016/01/09,7:10 PM,YORK ST btwn WILLIAM ST & DALHOUSIE ST (__3ZA817),__3ZA817,01 - Non intersection,03 - P.D. only,02 - Angle,02 - Rain,07 - Dark,02 - Wet,10 - No control,,2,0,0,0,,0,,,,,368011.6025,5032368.457,45.42839309,-75.69217588,7214
16--3680,2016/03/23,9:04 AM,BERRIGAN DR btwn LONGFIELDS DR & CROXLEY WAY (__4O3JP9),__4O3JP9,01 - Non intersection,03 - P.D. only,03 - Rear end,01 - Clear,01 - Daylight,02 - Wet,10 - No control,,2,0,0,0,,0,,,,,364309.941,5015648.366,45.27827256,-75.7414901,7215
16--3681,2016/03/23,9:30 PM,INNES RD @ TENTH LINE RD (0004633),4633,02 - Intersection related,03 - P.D. only,99 - Other,01 - Clear,07 - Dark,01 - Dry,01 - Traffic signal,01 - Functioning,2,0,0,0,,0,,,,,383952.1994,5036159.122,45.46087589,-75.48787913,7216
16--3682,2016/03/23,9:55 AM,RICHMOND RD @ NORTHSIDE RD E (0010417),10417,02 - Intersection related,03 - P.D. only,03 - Rear end,01 - Clear,01 - Daylight,01 - Dry,01 - Traffic signal,01 - Functioning,3,0,0,0,,0,,,,,358328.7223,5021225.674,45.3289386,-75.81711834,7217
16--3683,2016/03/24,1:23 PM,CARP RD btwn BAIRD SIDE RD & THOMAS A. DOLAN PKWY (__3ZBOB2),__3ZBOB2,04 - At/near private drive,03 - P.D. only,07 - SMV other,04 - Freezing Rain,01 - Daylight,06 - Ice,10 - No control,,1,0,0,0,,0,,,,,335933.8046,5026412.26,45.37696064,-76.1024809,7218
16--3684,2016/03/24,1:26 PM,ANDERSON RD @ INNES RD (0004200),4200,02 - Intersection related,03 - P.D. only,02 - Angle,04 - Freezing Rain,01 - Daylight,06 - Ice,01 - Traffic signal,01 - Functioning,2,0,0,0,,0,,,,,376280.9986,5031840.887,45.42285009,-75.58658492,7219
16--3685,2016/03/24,1:35 PM,HIGHWAY 417 btwn HIGHWAY 417 & Continuation of HIGHWAY 417 (__3ZAZOB),__3ZAZOB,01 - Non intersection,03 - P.D. only,07 - SMV other,04 - Freezing Rain,01 - Daylight,04 - Slush,10 - No control,,1,0,0,0,,0,,,,,352967.9614,5020217.996,45.32025971,-75.88560099,7220
16--3686,2016/03/24,1:36 PM,ABERDEEN ST @ PRESTON ST (0005695),5695,03 - At intersection,02 - Non-fatal injury,02 - Angle,03 - Snow,01 - Daylight,04 - Slush,02 - Stop sign,01 - Functioning,2,0,0,0,02 - Minor,1,,1,,,366651.0228,5029340.891,45.40127356,-75.70994194,7221
16--3687,2016/03/24,1:56 PM,BURTON RD btwn FRONTIER RD & TO BE DETERMINED (__3ZA6VX),__3ZA6VX,01 - Non intersection,03 - P.D. only,07 - SMV other,04 - Freezing Rain,01 - Daylight,06 - Ice,10 - No control,,1,0,0,0,,0,,,,,390323.5824,5020359.96,45.31798037,-75.40916044,7222
16--3688,2016/03/24,10:00 PM,WOODROFFE AVE btwn FIELD ST & ADIRONDACK DR (__3ZA34N),__3ZA34N,01 - Non intersection,03 - P.D. only,07 - SMV other,04 - Freezing Rain,07 - Dark,06 - Ice,10 - No control,,1,0,0,0,,0,,,,,362446.6748,5024034.726,45.35388813,-75.76426129,7223
16--3689,2016/03/24,10:15 AM,BLAIR RD @ MEADOWBROOK RD (0004163),4163,02 - Intersection related,03 - P.D. only,03 - Rear end,04 - Freezing Rain,01 - Daylight,03 - Loose snow,01 - Traffic signal,01 - Functioning,2,0,0,0,,0,,,,,375195.825,5032311.854,45.42719763,-75.6003827,7224
16--369,2016/01/09,8:00 PM,CLARIDGE DR btwn BEATRICE DR & SLEAFORD GT (__31EM6X),__31EM6X,01 - Non intersection,03 - P.D. only,06 - SMV unattended vehicle,02 - Rain,07 - Dark,02 - Wet,10 - No control,,1,0,0,0,,0,,,,,365238.9438,5016533.071,45.28615385,-75.72954242,7225
16--3690,2016/03/24,10:30 PM,HIGHWAY 417 btwn HWY417 IC134 RAMP51 & HWY417 IC134 RAMP35 (__3ZAZET),__3ZAZET,01 - Non intersection,02 - Non-fatal injury,07 - SMV other,04 - Freezing Rain,07 - Dark,04 - Slush,10 - No control,,1,0,0,0,02 - Minor,1,,1,,,356265.7445,5022153.792,45.33744422,-75.84333807,7226
16--3691,2016/03/24,10:45 PM,HIGHWAY 417 btwn HWY417 IC163 RAMP61 & HWY417 IC155 RAMP36 (__3ZA2QB),__3ZA2QB,01 - Non intersection,03 - P.D. only,07 - SMV other,03 - Snow,07 - Dark,03 - Loose snow,10 - No control,,1,0,0,0,,0,,,,,334863.1046,5020568.71,45.3244244,-76.11650665,7227
16--3692,2016/03/24,10:49 AM,BLAIR RD @ INNES RD (0004165),4165,02 - Intersection related,02 - Non-fatal injury,03 - Rear end,04 - Freezing Rain,01 - Daylight,06 - Ice,01 - Traffic signal,01 - Functioning,2,0,0,0,01 - Minimal,1,1,,,,375579.5338,5031438.756,45.41930326,-75.59560519,7228
16--3693,2016/03/24,11:10 AM,TENTH LINE RD btwn 275 N OF DES EPINETTES AVE/FALLINGBROOK SC & DES EP (__3ZA3YNB),__3ZA3YNB,01 - Non intersection,03 - P.D. only,04 - Sideswipe,03 - Snow,01 - Daylight,04 - Slush,10 - No control,,2,0,0,0,,0,,,,,383634.4801,5036917.701,45.46773682,-75.49181952,7229
16--3694,2016/03/24,11:12 AM,CUMMINGS AVE @ DONALD ST (0009936),9936,02 - Intersection related,03 - P.D. only,03 - Rear end,03 - Snow,01 - Daylight,03 - Loose snow,01 - Traffic signal,01 - Functioning,2,0,0,0,,0,,,,,372650.9466,5032412.028,45.42835045,-75.63288713,7230
16--3695,2016/03/24,11:19 PM,BRITTANY DR btwn BANGS ST & TRURO ST (__3ZA8DJ),__3ZA8DJ,01 - Non intersection,03 - P.D. only,06 - SMV unattended vehicle,03 - Snow,07 - Dark,06 - Ice,10 - No control,,1,0,0,0,,0,,,,,371710.7026,5034359.041,45.44595934,-75.64463714,7231
16--3696,2016/03/24,11:20 AM,HIGHWAY 417 btwn HWY417 IC112 RAMP66 & HWY417 IC112 RAMP56 (__3ZA283),__3ZA283,01 - Non intersection,02 - Non-fatal injury,07 - SMV other,03 - Snow,01 - Daylight,03 - Loose snow,10 - No control,,1,0,0,0,01 - Minimal,1,1,,,,374479.7787,5030848.904,45.41410648,-75.60973914,7232
16--3697,2016/03/24,11:30 AM,FOREST HILL AVE @ PRINCE OF WALES DR (0006264),6264,02 - Intersection related,03 - P.D. only,04 - Sideswipe,03 - Snow,01 - Daylight,03 - Loose snow,02 - Stop sign,00 - Unknown,2,0,0,0,,0,,,,,366818.5411,5026288.966,45.37379828,-75.70818584,7233
16--3698,2016/03/24,11:30 PM,HIGHWAY 416 btwn HWY416 IC66 RAMP62 & HWY416 IC66 RAMP52 (__3ZAZMX),__3ZAZMX,01 - Non intersection,03 - P.D. only,07 - SMV other,04 - Freezing Rain,07 - Dark,05 - Packed snow,10 - No control,,1,0,0,0,,0,,,,,360052.5913,5014817.025,45.27113953,-75.79584226,7234