Anom_ID,Accident_Date,Accident_Time,Location,Geo_ID,Accident_Location,Classification_of_Accident,Initial_Impact_Type,Environment_Condition,Light,Road_Surface_Condition,Traffic_Control,Traffic_Control_Condition,No__of_Vehicles,No__of_Bicycles,No__of_Motorcycles,No__of_Pedestrians,Max_Injury,No__of_Injuries,No__of_Minimal,No__of_Minor,No__of_Major,No__of_Fatal,X,Y,Latitude,Longitude,ObjectId
16--3699,2016/03/24,11:32 AM,BANK ST btwn AYLMER AVE & EUCLID AVE (__3ZA3N7),__3ZA3N7,04 - At/near private drive,03 - P.D. only,05 - Turning movement,03 - Snow,01 - Daylight,04 - Slush,10 - No control,,2,0,0,0,,0,,,,,368684.6866,5028702.892,45.39535043,-75.68405004,7235
16--37,2016/01/02,4:54 PM,GREENBANK RD btwn GREENBANK SQUARE SC & GIBBARD AVE (__3ZA4YOB),__3ZA4YOB,04 - At/near private drive,03 - P.D. only,02 - Angle,01 - Clear,05 - Dusk,02 - Wet,10 - No control,,2,0,0,0,,0,,,,,361406.8815,5020667.958,45.32367875,-75.77791616,7236
16--370,2016/01/09,8:30 PM,DUNNING RD btwn RUSSELL RD & DEVINE RD (__3ZA5F1),__3ZA5F1,01 - Non intersection,03 - P.D. only,07 - SMV other,04 - Freezing Rain,07 - Dark,06 - Ice,10 - No control,,1,0,0,0,,0,,,,,396328.4715,5027664.157,45.38293766,-75.33123261,7237
16--3700,2016/03/24,11:48 AM,HWY417 IC110 RAMP56 btwn HIGHWAY 417 & WALKLEY EXTENSION RD (__3ZAY6U),__3ZAY6U,01 - Non intersection,03 - P.D. only,07 - SMV other,03 - Snow,01 - Daylight,03 - Loose snow,10 - No control,,1,0,0,0,,0,,,,,375988.1761,5028999.736,45.39731686,-75.59073655,7238
16--3701,2016/03/24,11:55 AM,BOWESVILLE RD @ RIDEAU RD (0009410),9410,03 - At intersection,02 - Non-fatal injury,02 - Angle,03 - Snow,01 - Daylight,05 - Packed snow,02 - Stop sign,01 - Functioning,2,0,0,0,02 - Minor,1,,1,,,373361.5113,5015567.125,45.27671716,-75.62614318,7239
16--3702,2016/03/24,Unknown,CONSTANCE LAKE RD btwn MURPHY SIDE RD & END (__3ZAC3Z),__3ZAC3Z,01 - Non intersection,03 - P.D. only,06 - SMV unattended vehicle,04 - Freezing Rain,00 - Unknown,06 - Ice,10 - No control,,1,0,0,0,,0,,,,,345529.7723,5028972.736,45.39950831,-75.97975192,7240
16--3703,2016/03/24,Unknown,BRUYERE ST btwn DALHOUSIE ST & CUMBERLAND ST (__3ZA7CX),__3ZA7CX,01 - Non intersection,03 - P.D. only,06 - SMV unattended vehicle,01 - Clear,00 - Unknown,05 - Packed snow,10 - No control,,1,0,0,0,,0,,,,,367912.0911,5032905.301,45.43323241,-75.69337867,7241
16--3704,2016/03/24,12:14 PM,FEATHERSTON DR E @ KILBORN AVE E (0008288),8288,03 - At intersection,03 - P.D. only,02 - Angle,03 - Snow,01 - Daylight,05 - Packed snow,02 - Stop sign,01 - Functioning,2,0,0,0,,0,,,,,372290.6148,5027963.467,45.38835912,-75.63810053,7242
16--3705,2016/03/24,12:27 PM,MERIVALE RD @ WEST HUNT CLUB RD (0000584),584,02 - Intersection related,03 - P.D. only,03 - Rear end,04 - Freezing Rain,01 - Daylight,04 - Slush,01 - Traffic signal,01 - Functioning,2,0,0,0,,0,,,,,365612.9197,5021941.825,45.33478907,-75.72411175,7243
16--3706,2016/03/24,2:10 PM,HIGHWAY 417 btwn HWY417 IC134 RAMP35 & HWY417 IC134 RAMP25 (__3ZA29D),__3ZA29D,01 - Non intersection,03 - P.D. only,07 - SMV other,03 - Snow,01 - Daylight,04 - Slush,10 - No control,,1,0,0,0,,0,,,,,356431.8936,5022247.637,45.33827643,-75.84120849,7244
16--3707,2016/03/24,2:21 PM,TRIM RD @ DAIRY DR/TAYLOR CREEK DR (0012921),12921,02 - Intersection related,02 - Non-fatal injury,03 - Rear end,03 - Snow,01 - Daylight,04 - Slush,11 - Roundabout,01 - Functioning,2,0,0,0,01 - Minimal,1,1,,,,384535.1252,5039595.56,45.49172739,-75.47986866,7245
16--3708,2016/03/24,2:31 PM,BANK ST btwn QUEENSDALE AVE & LESTER RD (__3ZA2LF),__3ZA2LF,04 - At/near private drive,02 - Non-fatal injury,02 - Angle,03 - Snow,01 - Daylight,03 - Loose snow,10 - No control,,2,0,0,0,01 - Minimal,1,1,,,,373427.0322,5023349.083,45.34673035,-75.62423038,7246
16--3709,2016/03/24,2:55 PM,HIGHWAY 417 btwn HWY417 IC142 RAMP35 & HWY417 IC142 RAMP25 (__3ZA1ZO),__3ZA1ZO,01 - Non intersection,03 - P.D. only,07 - SMV other,04 - Freezing Rain,01 - Daylight,04 - Slush,10 - No control,,1,0,0,0,,0,,,,,348950.3001,5017220.397,45.29355057,-75.93711208,7247
16--371,2016/01/09,9:20 PM,WILHAVEN DR btwn ROYAL ORCHARD DR & LOUGH DR (__3ZA5GB),__3ZA5GB,01 - Non intersection,03 - P.D. only,99 - Other,02 - Rain,07 - Dark,06 - Ice,10 - No control,,2,0,0,0,,0,,,,,392961.4981,5040978.997,45.50316018,-75.37183312,7248
16--3710,2016/03/24,3:00 PM,PARKDALE AVE @ WELLINGTON ST (0002260),2260,03 - At intersection,03 - P.D. only,04 - Sideswipe,04 - Freezing Rain,01 - Daylight,03 - Loose snow,01 - Traffic signal,01 - Functioning,2,0,0,0,,0,,,,,365149.4751,5029270.33,45.40076972,-75.72912892,7249
16--3711,2016/03/24,3:20 PM,WEST HUNT CLUB RD @ WOODROFFE AVE (0000576),576,02 - Intersection related,03 - P.D. only,03 - Rear end,03 - Snow,01 - Daylight,03 - Loose snow,01 - Traffic signal,01 - Functioning,2,0,0,0,,0,,,,,363670.915,5021246.265,45.32869609,-75.74896958,7250
16--3712,2016/03/24,3:27 PM,RENAUD RD btwn Continuation of RENAUD RD & PERCIFOR WAY (__54PNN5),__54PNN5,01 - Non intersection,03 - P.D. only,07 - SMV other,04 - Freezing Rain,01 - Daylight,06 - Ice,10 - No control,,1,0,0,0,,0,,,,,380992.9266,5032223.444,45.42579472,-75.52632318,7251
16--3713,2016/03/24,3:30 PM,COLONEL BY DR @ HOG'S BACK RD (0002635),2635,02 - Intersection related,03 - P.D. only,07 - SMV other,02 - Rain,01 - Daylight,04 - Slush,01 - Traffic signal,01 - Functioning,1,0,0,0,,0,,,,,367601.9105,5025874.337,45.36999778,-75.69823797,7252
16--3714,2016/03/24,3:31 PM,HWY417 IC126 RAMP16 btwn HIGHWAY 417 & HWY417 IC126 RAMP26 (__3ZAYA0),__3ZAYA0,01 - Non intersection,03 - P.D. only,04 - Sideswipe,04 - Freezing Rain,01 - Daylight,03 - Loose snow,10 - No control,,2,0,0,0,,0,,,,,363082.278,5025801.28,45.36973086,-75.7559415,7253
16--3715,2016/03/24,3:44 PM,GREENBANK RD btwn STRANDHERD DR & MARKETPLACE AVE (__4NMF9S),__4NMF9S,01 - Non intersection,03 - P.D. only,03 - Rear end,04 - Freezing Rain,01 - Daylight,06 - Ice,10 - No control,,2,0,0,0,,0,,,,,363990.1054,5014646.766,45.26928715,-75.74568576,7254
16--3716,2016/03/24,3:48 PM,WALKLEY RD @ HEATHERINGTON RD (0006928),6928,03 - At intersection,02 - Non-fatal injury,03 - Rear end,03 - Snow,01 - Daylight,04 - Slush,01 - Traffic signal,01 - Functioning,2,0,0,0,02 - Minor,3,,3,,,371766.8117,5026794.077,45.37788767,-75.64494772,7255
16--3717,2016/03/24,3:51 PM,RIVERSIDE DR btwn RIVERSIDE DR RAMP 42A & RIVERSIDE DR SPLIT (__3ZAZQJ),__3ZAZQJ,01 - Non intersection,03 - P.D. only,01 - Approaching,03 - Snow,01 - Daylight,04 - Slush,10 - No control,,2,0,0,0,,0,,,,,368473.0967,5027294.843,45.38270049,-75.68693391,7256
16--4479,2016/04/16,12:32 PM,PANSY AVE @ SENECA ST (0007371),7371,03 - At intersection,03 - P.D. only,06 - SMV unattended vehicle,01 - Clear,01 - Daylight,01 - Dry,02 - Stop sign,01 - Functioning,1,0,0,0,,0,,,,,368182.6269,5028343.867,45.39216565,-75.69050794,7257
16--3718,2016/03/24,4:00 PM,BANK ST @ ROSEBELLA AVE (0009238),9238,03 - At intersection,03 - P.D. only,02 - Angle,03 - Snow,01 - Daylight,03 - Loose snow,01 - Traffic signal,01 - Functioning,2,0,0,0,,0,,,,,373206.4173,5023550.963,45.34856834,-75.62701746,7258
16--3719,2016/03/24,4:10 PM,HWY417 IC131 RAMP55 btwn HIGHWAY 417 & HWY416 IC75B RAMP25 (__3ZAYG7),__3ZAYG7,01 - Non intersection,02 - Non-fatal injury,04 - Sideswipe,04 - Freezing Rain,01 - Daylight,04 - Slush,10 - No control,,2,0,0,0,02 - Minor,1,,1,,,358692.3513,5022915.707,45.34411776,-75.8122957,7259
16--372,2016/01/09,9:25 PM,INNES RD btwn BLAIR RD & ANDERSON RD (__3ZA3JZ),__3ZA3JZ,01 - Non intersection,03 - P.D. only,03 - Rear end,02 - Rain,07 - Dark,02 - Wet,10 - No control,,2,0,0,0,,0,,,,,376012.6756,5031692.508,45.42154243,-75.59003468,7260
16--3720,2016/03/24,4:15 PM,CARLING AVE @ CIVIC HOSPITAL (0008793),8793,03 - At intersection,03 - P.D. only,05 - Turning movement,03 - Snow,01 - Daylight,03 - Loose snow,01 - Traffic signal,01 - Functioning,2,0,0,0,,0,,,,,365791.8758,5028278.322,45.3917882,-75.72104665,7261
16--3721,2016/03/24,4:25 PM,HWY417 IC117 RAMP36 btwn HIGHWAY 417 & VANIER PKWY (__3ZAYAX),__3ZAYAX,01 - Non intersection,03 - P.D. only,03 - Rear end,03 - Snow,01 - Daylight,04 - Slush,10 - No control,,2,0,0,0,,0,,,,,370748.7683,5031285.483,45.41839621,-75.65734448,7262
16--3722,2016/03/24,4:31 PM,LIMEBANK RD btwn RIDEAU RD & MITCH OWENS RD (__3ZA6LY),__3ZA6LY,01 - Non intersection,03 - P.D. only,07 - SMV other,03 - Snow,01 - Daylight,03 - Loose snow,10 - No control,,1,0,0,0,,0,,,,,371011.5803,5013639.358,45.25959667,-75.65634812,7263
16--3723,2016/03/24,4:42 PM,HIGHWAY 417 btwn Continuation of HIGHWAY 417 & HWY417 IC134 RAMP51 (__3ZA29B),__3ZA29B,01 - Non intersection,03 - P.D. only,04 - Sideswipe,03 - Snow,01 - Daylight,03 - Loose snow,10 - No control,,2,0,0,0,,0,,,,,353738.2676,5020665.579,45.32423387,-75.87573182,7264
16--3724,2016/03/24,4:45 PM,OR174 IC112 RAMP36 btwn REGIONAL ROAD 174 & BLAIR RD (__3ZAY96),__3ZAY96,01 - Non intersection,02 - Non-fatal injury,07 - SMV other,04 - Freezing Rain,01 - Daylight,06 - Ice,10 - No control,,1,0,0,0,01 - Minimal,1,1,,,,374624.1358,5032744.426,45.43114698,-75.60762633,7265
16--3725,2016/03/24,4:47 PM,REGIONAL ROAD 174 btwn OR174 IC101 RAMP45 & RAMP (__3ZA1ZF),__3ZA1ZF,01 - Non intersection,03 - P.D. only,07 - SMV other,04 - Freezing Rain,01 - Daylight,06 - Ice,10 - No control,,1,0,0,0,,0,,,,,384179.7912,5039847.99,45.49403902,-75.48437326,7266
16--3726,2016/03/24,4:48 PM,LONGFIELDS DR @ VIA VERONA AVE (0015389),15389,03 - At intersection,03 - P.D. only,04 - Sideswipe,04 - Freezing Rain,01 - Daylight,06 - Ice,02 - Stop sign,01 - Functioning,2,0,0,0,,0,,,,,364068.1159,5016055.452,45.28195594,-75.74452351,7267
16--3727,2016/03/24,4:49 PM,MARCH RD btwn DIAMONDVIEW RD & THOMAS ARGUE RD (__3ZA3GN),__3ZA3GN,01 - Non intersection,03 - P.D. only,07 - SMV other,03 - Snow,01 - Daylight,04 - Slush,10 - No control,,1,0,0,0,,0,,,,,340706.5124,5020407.24,45.32269683,-76.04198042,7268
16--3728,2016/03/24,4:50 PM,REGIONAL ROAD 174 btwn OR174 IC112 RAMP61 & TRANSIT (__3ZA2W0),__3ZA2W0,01 - Non intersection,03 - P.D. only,04 - Sideswipe,04 - Freezing Rain,01 - Daylight,03 - Loose snow,10 - No control,,2,0,0,0,,0,,,,,375432.9496,5033323.751,45.43627819,-75.59720761,7269
16--3729,2016/03/24,5:02 PM,FISHER AVE @ 220 S OF TRENT ST (0008825),8825,02 - Intersection related,03 - P.D. only,03 - Rear end,04 - Freezing Rain,01 - Daylight,03 - Loose snow,01 - Traffic signal,01 - Functioning,2,0,0,0,,0,,,,,365870.8997,5026728.374,45.37783521,-75.72022926,7270
16--373,2016/01/09,9:26 PM,MCARTHUR AVE btwn VANIER PKWY & ENFIELD AVE (__3ZA3WV),__3ZA3WV,04 - At/near private drive,03 - P.D. only,02 - Angle,02 - Rain,07 - Dark,02 - Wet,10 - No control,,2,0,0,0,,0,,,,,370307.6398,5032701.37,45.43117722,-75.66279206,7271
16--3730,2016/03/24,5:05 PM,CARLING AVE WB btwn CARLINGWOOD SC & IROQUOIS RD (__3ZA4WIB),__3ZA4WIB,01 - Non intersection,02 - Non-fatal injury,04 - Sideswipe,03 - Snow,01 - Daylight,04 - Slush,10 - No control,,2,0,0,0,02 - Minor,1,,1,,,362166.8775,5026000.222,45.37159645,-75.76760385,7272
16--3731,2016/03/24,5:07 PM,HAWTHORNE AVE/ISABELLA ST @ QUEEN ELIZABETH DR (0002105),2105,03 - At intersection,03 - P.D. only,05 - Turning movement,03 - Snow,01 - Daylight,04 - Slush,01 - Traffic signal,01 - Functioning,2,0,0,0,,0,,,,,368666.3839,5030477.428,45.41131879,-75.68405395,7273
16--3732,2016/03/24,5:31 PM,KNOXDALE RD @ WEST HUNT CLUB RD (0005165),5165,02 - Intersection related,03 - P.D. only,04 - Sideswipe,03 - Snow,01 - Daylight,03 - Loose snow,01 - Traffic signal,01 - Functioning,3,0,0,0,,0,,,,,361864.1449,5020584.247,45.3228885,-75.77209338,7274
16--3733,2016/03/24,5:52 PM,FALLOWFIELD RD @ WOODROFFE AVE (0010372),10372,02 - Intersection related,03 - P.D. only,07 - SMV other,04 - Freezing Rain,01 - Daylight,03 - Loose snow,01 - Traffic signal,01 - Functioning,1,0,0,0,,0,,,,,365084.926,5017903.414,45.29849736,-75.73133906,7275
16--3734,2016/03/24,5:56 PM,RUSSELL RD @ SOUTHVALE CRES N (0002650),2650,02 - Intersection related,03 - P.D. only,07 - SMV other,03 - Snow,01 - Daylight,06 - Ice,01 - Traffic signal,01 - Functioning,1,0,0,0,,0,,,,,373797.3233,5029097.02,45.39841149,-75.61870261,7276
16--3735,2016/03/24,6:05 PM,HIGHWAY 417 btwn HWY417 IC124 RAMP57 & HWY417 IC124 RAMP55 (__3ZA2Y1),__3ZA2Y1,01 - Non intersection,03 - P.D. only,99 - Other,04 - Freezing Rain,05 - Dusk,04 - Slush,10 - No control,,2,0,0,0,,0,,,,,364377.082,5027439.151,45.38435928,-75.73921527,7277
16--3736,2016/03/24,6:12 PM,CONROY RD @ DAVIDSON RD N (0009364),9364,02 - Intersection related,02 - Non-fatal injury,07 - SMV other,04 - Freezing Rain,05 - Dusk,04 - Slush,02 - Stop sign,01 - Functioning,1,0,0,0,01 - Minimal,1,1,,,,374572.833,5023515.28,45.34811268,-75.6095868,7278
16--3737,2016/03/24,6:15 PM,AIRPORT PKWY btwn AIRPORT PARKWAY PRIV & RAMP (__3ZA23H),__3ZA23H,07 - Overpass or bridge,02 - Non-fatal injury,01 - Approaching,04 - Freezing Rain,05 - Dusk,05 - Packed snow,10 - No control,,2,0,0,0,02 - Minor,1,,1,,,371152.5902,5021373.989,45.32917788,-75.65351681,7279
16--3738,2016/03/24,6:20 PM,PRINCE OF WALES DR btwn FALLOWFIELD RD & AMBERWOOD CRES (__3ZA27I),__3ZA27I,01 - Non intersection,02 - Non-fatal injury,01 - Approaching,04 - Freezing Rain,07 - Dark,05 - Packed snow,10 - No control,,2,0,0,0,02 - Minor,2,,2,,,367379.7772,5019362.887,45.31142885,-75.70189717,7280
16--3739,2016/03/24,6:50 PM,HIGHWAY 416 btwn HWY416 IC49 RAMP42 & HWY416 IC49 RAMP24 (__3ZAZGH),__3ZAZGH,01 - Non intersection,03 - P.D. only,07 - SMV other,04 - Freezing Rain,05 - Dusk,06 - Ice,10 - No control,,1,0,0,0,,0,,,,,369273.8083,5000911.864,45.14523632,-75.68013469,7281
16--374,2016/01/09,9:41 PM,OLD MONTREAL RD btwn QUIGLEY HILL RD & CHEVALIER CRT (__3ZA3M2),__3ZA3M2,01 - Non intersection,03 - P.D. only,07 - SMV other,04 - Freezing Rain,07 - Dark,06 - Ice,10 - No control,,1,0,0,0,,0,,,,,389400.3519,5042155.963,45.51419007,-75.41719226,7282
16--3740,2016/03/24,6:51 PM,REGIONAL ROAD 174 btwn OR174 IC112 RAMP61 & TRANSIT (__3ZA2W0),__3ZA2W0,01 - Non intersection,02 - Non-fatal injury,04 - Sideswipe,03 - Snow,07 - Dark,06 - Ice,10 - No control,,2,0,0,0,01 - Minimal,2,2,,,,375194.6851,5033145.152,45.43469529,-75.60027814,7283
16--3741,2016/03/24,6:51 PM,MONTREAL RD @ VANIER PKWY (0004630),4630,03 - At intersection,03 - P.D. only,05 - Turning movement,01 - Clear,05 - Dusk,04 - Slush,01 - Traffic signal,01 - Functioning,2,0,0,0,,0,,,,,370073.8817,5033066.373,45.43448323,-75.66573086,7284
16--3742,2016/03/24,6:53 PM,PAGE RD btwn MONTPELIER PL & NAVAN RD (__3ZA6LL),__3ZA6LL,01 - Non intersection,03 - P.D. only,07 - SMV other,03 - Snow,07 - Dark,06 - Ice,10 - No control,,1,0,0,0,,0,,,,,381617.8787,5032863.943,45.43148908,-75.51823812,7285
16--3743,2016/03/24,6:55 PM,HIGHWAY 417 btwn HWY417 IC134 RAMP51 & HWY417 IC134 RAMP35 (__3ZAZET),__3ZAZET,01 - Non intersection,03 - P.D. only,99 - Other,03 - Snow,07 - Dark,03 - Loose snow,10 - No control,,2,0,0,0,,0,,,,,356208.6281,5022125.474,45.33719359,-75.84406972,7286
16--3744,2016/03/24,7:30 PM,PRINCE OF WALES DR @ WEST HUNT CLUB RD (0000567),567,03 - At intersection,03 - P.D. only,02 - Angle,04 - Freezing Rain,07 - Dark,05 - Packed snow,01 - Traffic signal,01 - Functioning,3,0,0,0,,0,,,,,367458.0384,5021892.623,45.33418403,-75.7005791,7287
16--3745,2016/03/24,7:30 PM,HIGHWAY 417 btwn HWY417 IC126 RAMP61 & HWY417 IC124 RAMP76 (__3ZA2Y2),__3ZA2Y2,01 - Non intersection,03 - P.D. only,07 - SMV other,03 - Snow,07 - Dark,03 - Loose snow,10 - No control,,1,0,0,0,,0,,,,,363210.8944,5025934.912,45.37092255,-75.75428386,7288
16--3746,2016/03/24,7:47 PM,MOODIE DR btwn SONGBIRD PRIV & Continuation of MOODIE DR (__3ZABA8),__3ZABA8,01 - Non intersection,02 - Non-fatal injury,07 - SMV other,04 - Freezing Rain,07 - Dark,04 - Slush,10 - No control,,1,0,0,0,02 - Minor,2,,2,,,357704.0954,5018959.282,45.30859275,-75.8253284,7289
16--3747,2016/03/24,7:50 AM,HIGHWAY 417 btwn HWY417 IC131 RAMP66 & HWY417 IC130 RAMP26 (__3ZA29A),__3ZA29A,01 - Non intersection,03 - P.D. only,07 - SMV other,03 - Snow,01 - Daylight,02 - Wet,10 - No control,,1,0,0,0,,0,,,,,359235.967,5023084.999,45.34559908,-75.80534066,7290
16--3748,2016/03/24,7:50 PM,HIGHWAY 417 btwn HWY417 IC124 RAMP76 & HWY417 IC124 RAMP67 (__3ZA2R7),__3ZA2R7,01 - Non intersection,03 - P.D. only,99 - Other,04 - Freezing Rain,07 - Dark,04 - Slush,10 - No control,,2,0,0,0,,0,,,,,364478.602,5027602.789,45.38582302,-75.73789922,7291
16--3749,2016/03/24,7:55 PM,HIGHWAY 417 btwn HWY417 IC121B RAMP16 & HWY417 IC121A RAMP16 (__3ZA2YX),__3ZA2YX,01 - Non intersection,03 - P.D. only,03 - Rear end,03 - Snow,07 - Dark,03 - Loose snow,10 - No control,,2,0,0,0,,0,,,,,366764.2519,5029587.789,45.40348507,-75.70846471,7292
16--375,2016/01/09,9:45 AM,BASELINE RD @ CLYDE AVE (0002343),2343,02 - Intersection related,03 - P.D. only,03 - Rear end,02 - Rain,01 - Daylight,02 - Wet,01 - Traffic signal,01 - Functioning,2,0,0,0,,0,,,,,364357.2024,5024892.389,45.36144561,-75.7397762,7293
16--3750,2016/03/24,7:55 PM,HIGHWAY 416 btwn HWY416 IC72 RAMP34 & HWY416 IC72 RAMP63 (__3ZAZER),__3ZAZER,01 - Non intersection,03 - P.D. only,07 - SMV other,03 - Snow,07 - Dark,03 - Loose snow,10 - No control,,1,0,0,0,,0,,,,,359399.7686,5019703.604,45.31516043,-75.8036235,7294
16--3751,2016/03/24,8:02 AM,RICHMOND RD @ WOODROFFE AVE (0011466),11466,02 - Intersection related,02 - Non-fatal injury,07 - SMV other,03 - Snow,01 - Daylight,02 - Wet,01 - Traffic signal,01 - Functioning,1,0,0,1,02 - Minor,1,,1,,,361584.4201,5026654.257,45.37752883,-75.77496421,7295
16--3752,2016/03/24,8:20 PM,RUSSELL RD btwn HERBERT DR & FORCED RD (__3ZA3KB),__3ZA3KB,04 - At/near private drive,03 - P.D. only,99 - Other,02 - Rain,07 - Dark,03 - Loose snow,10 - No control,,2,0,0,0,,0,,,,,395114.2556,5027499.234,45.38161147,-75.34676446,7296
16--3753,2016/03/24,8:35 PM,HERON RD WB btwn PRINCE OF WALES DR & HERON RD WB ON RAMP/VINCENT MASS (__3ZA37C),__3ZA37C,01 - Non intersection,03 - P.D. only,04 - Sideswipe,04 - Freezing Rain,07 - Dark,04 - Slush,10 - No control,,2,0,0,0,,0,,,,,367075.5186,5026474.436,45.3754443,-75.70488184,7297
16--3754,2016/03/24,8:45 PM,HIGHWAY 417 btwn HWY417 IC127 RAMP67 & HWY417 IC126 RAMP16 (__3ZA2X0),__3ZA2X0,01 - Non intersection,03 - P.D. only,07 - SMV other,02 - Rain,07 - Dark,04 - Slush,10 - No control,,1,0,0,0,,0,,,,,362841.6242,5025427.518,45.36638776,-75.75905745,7298
16--3755,2016/03/24,8:49 AM,NICHOLAS ST btwn RIDEAU ST & BESSERER ST (__3ZA3VT),__3ZA3VT,01 - Non intersection,03 - P.D. only,03 - Rear end,02 - Rain,01 - Daylight,02 - Wet,10 - No control,,2,0,0,0,,0,,,,,368142.9524,5032180.096,45.4266864,-75.69052166,7299
16--3756,2016/03/24,8:54 PM,CRESTHAVEN DR btwn STRANDHERD DR & BARNSTONE DR (__44Z9OK),__44Z9OK,01 - Non intersection,03 - P.D. only,06 - SMV unattended vehicle,04 - Freezing Rain,07 - Dark,06 - Ice,10 - No control,,1,0,0,0,,0,,,,,366850.2343,5015054.633,45.27271058,-75.70918893,7300
16--3757,2016/03/24,8:59 AM,JOCKVALE RD @ FABLE ST/WEYBRIDGE DR E (0000722),722,02 - Intersection related,03 - P.D. only,03 - Rear end,03 - Snow,01 - Daylight,03 - Loose snow,11 - Roundabout,01 - Functioning,2,0,0,0,,0,,,,,362513.4789,5015143.698,45.27388129,-75.76444444,7301
16--3848,2016/03/28,3:45 PM,INNES RD @ ORCHARDVIEW AVE/ESPRIT DR (0012279),12279,02 - Intersection related,02 - Non-fatal injury,03 - Rear end,02 - Rain,01 - Daylight,02 - Wet,01 - Traffic signal,01 - Functioning,2,0,0,0,02 - Minor,2,1,1,,,384845.4365,5036561.231,45.46439192,-75.47639364,7302
16--3849,2016/03/28,3:59 PM,BILL LEATHEM DR @ LEIKIN DR S (0005135),5135,02 - Intersection related,03 - P.D. only,03 - Rear end,01 - Clear,01 - Daylight,02 - Wet,02 - Stop sign,01 - Functioning,2,0,0,0,,0,,,,,366925.4376,5017438.655,45.29415517,-75.70793212,7303
16--385,2016/01/10,3:32 PM,INNES RD btwn PRESTWICK DR & TENTH LINE RD (__3ZA3Y7),__3ZA3Y7,04 - At/near private drive,02 - Non-fatal injury,03 - Rear end,02 - Rain,01 - Daylight,02 - Wet,10 - No control,,2,0,0,0,02 - Minor,1,,1,,,383765.0788,5036082.535,45.460208,-75.49028377,7304
16--448,2016/01/11,9:47 AM,WELLINGTON ST    W btwn FAIRMONT AVE & IRVING AVE (__3ZA31T),__3ZA31T,01 - Non intersection,03 - P.D. only,06 - SMV unattended vehicle,02 - Rain,01 - Daylight,02 - Wet,10 - No control,,1,0,0,0,,0,,,,,365610.1562,5029781.534,45.40532955,-75.72318194,7305
16--3850,2016/03/28,5:55 PM,MEADOWLANDS DR @ MERIVALE RD (0000625),625,03 - At intersection,03 - P.D. only,05 - Turning movement,02 - Rain,01 - Daylight,02 - Wet,01 - Traffic signal,01 - Functioning,2,0,0,0,,0,,,,,364858.9239,5023725.286,45.35090138,-75.73351429,7306
16--4299,2016/04/09,5:38 PM,INNES RD @ 215 W OF CYRVILLE RD/HOME DEPOT W (0012457),12457,02 - Intersection related,03 - P.D. only,03 - Rear end,01 - Clear,01 - Daylight,01 - Dry,01 - Traffic signal,01 - Functioning,2,0,0,0,,0,,,,,374862.9885,5031001.719,45.41544316,-75.60482195,7307
16--4480,2016/04/16,12:53 PM,BAY ST btwn SLATER ST & LAURIER AVE W (__3ZA0XO),__3ZA0XO,01 - Non intersection,03 - P.D. only,04 - Sideswipe,01 - Clear,01 - Daylight,01 - Dry,10 - No control,,2,0,0,0,,0,,,,,367019.6661,5031020.244,45.41635123,-75.70502155,7308
16--4481,2016/04/16,2:03 PM,BRIDLE PATH DR @ CAROUSEL CRES (0009307),9307,03 - At intersection,03 - P.D. only,05 - Turning movement,01 - Clear,01 - Daylight,01 - Dry,10 - No control,,2,0,0,0,,0,,,,,371900.5158,5023641.844,45.34951221,-75.64366877,7309
16--4482,2016/04/16,2:36 AM,CLARENCE ST @ DALHOUSIE ST (0008415),8415,02 - Intersection related,03 - P.D. only,03 - Rear end,01 - Clear,07 - Dark,01 - Dry,01 - Traffic signal,01 - Functioning,2,0,0,0,,0,,,,,368041.5772,5032502.925,45.42960028,-75.69177558,7310
16--4483,2016/04/16,2:50 PM,CATHERINE ST @ PERCY ST (0007199),7199,03 - At intersection,03 - P.D. only,04 - Sideswipe,01 - Clear,01 - Daylight,01 - Dry,01 - Traffic signal,01 - Functioning,2,0,0,0,,0,,,,,367491.478,5029937.335,45.40656543,-75.69913155,7311
16--4484,2016/04/16,3:00 PM,HAIG DR @ SMYTH RD (0007736),7736,03 - At intersection,02 - Non-fatal injury,02 - Angle,01 - Clear,01 - Daylight,01 - Dry,01 - Traffic signal,01 - Functioning,2,0,0,0,02 - Minor,1,,1,,,372564.9494,5029297.875,45.40033906,-75.63441421,7312
16--4485,2016/04/16,3:20 PM,PORTAGE BRIDGE SB btwn PROVINCIAL BOUNDARY & WELLINGTON ST (__6TE1GY),__6TE1GY,01 - Non intersection,03 - P.D. only,04 - Sideswipe,01 - Clear,01 - Daylight,01 - Dry,10 - No control,,2,0,0,0,,0,,,,,366422.8171,5031484.935,45.42058521,-75.71258863,7313
16--4486,2016/04/16,3:37 AM,TERRY FOX DR btwn LEGGET DR & HELMSDALE DR (__3ZAZO8),__3ZAZO8,01 - Non intersection,03 - P.D. only,07 - SMV other,01 - Clear,07 - Dark,01 - Dry,10 - No control,,1,0,0,0,,0,,,,,350284.4083,5023483.675,45.34982405,-75.91952868,7314
16--4487,2016/04/16,3:50 PM,ST. JOSEPH BLVD @ JEANNE D'ARC BLVD (0012421),12421,03 - At intersection,03 - P.D. only,02 - Angle,01 - Clear,01 - Daylight,01 - Dry,11 - Roundabout,01 - Functioning,2,0,0,0,,0,,,,,379859.824,5036471.351,45.46413675,-75.54015316,7315
16--4488,2016/04/16,6:24 PM,ALBION RD btwn LESTER RD & LEITRIM RD (__3ZA3SQ),__3ZA3SQ,01 - Non intersection,03 - P.D. only,07 - SMV other,01 - Clear,01 - Daylight,01 - Dry,10 - No control,,1,0,0,0,,0,,,,,372771.2864,5022145.964,45.33596895,-75.63276287,7316