Anom_ID,Accident_Date,Accident_Time,Location,Geo_ID,Accident_Location,Classification_of_Accident,Initial_Impact_Type,Environment_Condition,Light,Road_Surface_Condition,Traffic_Control,Traffic_Control_Condition,No__of_Vehicles,No__of_Bicycles,No__of_Motorcycles,No__of_Pedestrians,Max_Injury,No__of_Injuries,No__of_Minimal,No__of_Minor,No__of_Major,No__of_Fatal,X,Y,Latitude,Longitude,ObjectId
16--4489,2016/04/16,6:27 PM,GOOSE RIVER AVE btwn GOLDENEYE WAY & ROCKY HARBOUR CRES (__3EX1VD),__3EX1VD,04 - At/near private drive,03 - P.D. only,06 - SMV unattended vehicle,01 - Clear,01 - Daylight,01 - Dry,10 - No control,,1,0,0,0,,0,,,,,368842.8689,5016240.969,45.28320643,-75.68364291,7317
16--449,2016/01/11,9:53 AM,ST. LAURENT BLVD @ COVENTRY RD/OGILVIE RD (0002151),2151,02 - Intersection related,03 - P.D. only,04 - Sideswipe,01 - Clear,01 - Daylight,02 - Wet,01 - Traffic signal,01 - Functioning,2,0,0,0,,0,,,,,372305.7211,5031951.882,45.42424367,-75.63736157,7318
16--4490,2016/04/16,6:45 PM,LAURIER AVE   W btwn BANK ST & O'CONNOR ST (__3ZA34B),__3ZA34B,01 - Non intersection,03 - P.D. only,06 - SMV unattended vehicle,01 - Clear,05 - Dusk,01 - Dry,10 - No control,,1,0,0,0,,0,,,,,367617.7294,5031346.99,45.41923775,-75.69733921,7319
16--4491,2016/04/16,7:10 PM,BANK ST @ WALKLEY RD (0011423),11423,02 - Intersection related,03 - P.D. only,03 - Rear end,01 - Clear,01 - Daylight,01 - Dry,01 - Traffic signal,01 - Functioning,2,0,0,0,,0,,,,,370337.6265,5025947.509,45.37040567,-75.66330634,7320
16--4492,2016/04/16,7:12 AM,CHAMPLAIN BRIDGE/ISLAND PARK DR btwn BATE ISLAND & OTTAWA RIVER PKWY (__3ZA2ZEB),__3ZA2ZEB,07 - Overpass or bridge,03 - P.D. only,01 - Approaching,00 - Unknown,01 - Daylight,06 - Ice,10 - No control,,2,0,0,0,,0,,,,,363106.1538,5029795.059,45.4056643,-75.75516488,7321
16--4493,2016/04/16,8:26 PM,DUNTROON CIRC btwn SHELLBROOK WAY & SHELLBROOK WAY (__4WKB8Q),__4WKB8Q,01 - Non intersection,03 - P.D. only,06 - SMV unattended vehicle,01 - Clear,07 - Dark,01 - Dry,10 - No control,,1,0,0,0,,0,,,,,372840.4766,5025917.692,45.36989887,-75.63136115,7322
16--4494,2016/04/16,8:42 AM,KENT ST btwn COOPER ST & SOMERSET ST W (__3ZA3RI),__3ZA3RI,04 - At/near private drive,03 - P.D. only,07 - SMV other,01 - Clear,01 - Daylight,01 - Dry,10 - No control,,1,0,0,0,,0,,,,,367490.112,5030876.767,45.41501828,-75.69902952,7323
16--4495,2016/04/16,9:42 AM,ROBERTSON RD btwn HAZELDEAN RD & HAANEL DR (__3ZA41S),__3ZA41S,01 - Non intersection,03 - P.D. only,07 - SMV other,01 - Clear,01 - Daylight,01 - Dry,10 - No control,,1,0,0,0,,0,,,,,353754.0199,5018468.992,45.30446746,-75.87574794,7324
16--4496,2016/04/16,9:45 AM,LEMIEUX ST @ ST. LAURENT BLVD (0002021),2021,02 - Intersection related,03 - P.D. only,03 - Rear end,01 - Clear,01 - Daylight,01 - Dry,01 - Traffic signal,01 - Functioning,2,0,0,0,,0,,,,,372390.6011,5031743.014,45.42235618,-75.63630569,7325
16--4497,2016/04/17,1:20 AM,MURRAY ST btwn DALHOUSIE ST & CUMBERLAND ST (__3ZA3WO),__3ZA3WO,01 - Non intersection,03 - P.D. only,04 - Sideswipe,01 - Clear,07 - Dark,01 - Dry,10 - No control,,2,0,0,0,,0,,,,,368018.6565,5032583.471,45.43032707,-75.69205814,7326
16--4498,2016/04/17,1:29 PM,HERON RD btwn TURN LANE & RIVERSIDE DR (1) (__3ZA4T3),__3ZA4T3,01 - Non intersection,03 - P.D. only,04 - Sideswipe,01 - Clear,01 - Daylight,01 - Dry,10 - No control,,2,0,0,0,,0,,,,,368070.5147,5026642.106,45.37686382,-75.69215776,7327
16--4499,2016/04/17,10:30 PM,EARL ARMSTRONG RD btwn CANYON WALK DR & LIMEBANK RD (__5SPCQJ),__5SPCQJ,01 - Non intersection,03 - P.D. only,07 - SMV other,01 - Clear,07 - Dark,01 - Dry,10 - No control,,1,0,0,0,,0,,,,,370041.9162,5015908.599,45.28010555,-75.6684039,7328
16--45,2016/01/02,8:58 AM,MONTREAL RD @ VANIER PKWY (0004630),4630,02 - Intersection related,03 - P.D. only,03 - Rear end,03 - Snow,01 - Daylight,03 - Loose snow,01 - Traffic signal,01 - Functioning,3,0,0,0,,0,,,,,370071.7684,5033066.24,45.43448223,-75.66575788,7329
16--450,2016/01/12,1:00 PM,DUMAURIER AVE @ PINECREST RD (0002743),2743,02 - Intersection related,03 - P.D. only,03 - Rear end,03 - Snow,01 - Daylight,06 - Ice,01 - Traffic signal,01 - Functioning,2,0,0,0,,0,,,,,360321.679,5023835.637,45.35226821,-75.79140263,7330
16--4500,2016/04/17,11:00 PM,BRONSON AVE @ GLADSTONE AVE (0002110),2110,03 - At intersection,03 - P.D. only,03 - Rear end,01 - Clear,07 - Dark,01 - Dry,01 - Traffic signal,01 - Functioning,2,0,0,0,,0,,,,,367133.477,5030080.665,45.40788705,-75.70368635,7331
16--4501,2016/04/17,3:39 AM,KING EDWARD AVE btwn MANN AVE & TEMPLETON ST (__3ZA3CB),__3ZA3CB,01 - Non intersection,03 - P.D. only,07 - SMV other,01 - Clear,07 - Dark,01 - Dry,10 - No control,,1,0,0,0,,0,,,,,369149.0375,5031363.988,45.41925153,-75.67777253,7332
16--4502,2016/04/17,4:00 AM,HWY416 IC42 RAMP34 btwn HIGHWAY 416 & DILWORTH RD (__3ZAY4T),__3ZAY4T,01 - Non intersection,03 - P.D. only,07 - SMV other,01 - Clear,07 - Dark,01 - Dry,10 - No control,,1,0,0,0,,0,,,,,371259.7723,4995174.836,45.09343014,-75.65564514,7333
16--4503,2016/04/17,4:18 PM,VANIER PKWY NB btwn MONTREAL RD & MCARTHUR AVE (__3ZA4SS),__3ZA4SS,01 - Non intersection,02 - Non-fatal injury,03 - Rear end,01 - Clear,01 - Daylight,01 - Dry,10 - No control,,2,0,0,0,02 - Minor,1,,1,,,370213.0933,5032722.685,45.43137786,-75.66399744,7334
16--4504,2016/04/17,4:33 PM,TRIM RD @ DAIRY DR/TAYLOR CREEK DR (0012921),12921,03 - At intersection,03 - P.D. only,02 - Angle,01 - Clear,01 - Daylight,01 - Dry,11 - Roundabout,01 - Functioning,2,0,0,0,,0,,,,,384534.3776,5039595.167,45.49172394,-75.47987829,7335
16--4505,2016/04/17,5:15 PM,MARCH RD btwn DUNROBIN RD & MURPHY CRT (__3ZA3DI),__3ZA3DI,04 - At/near private drive,02 - Non-fatal injury,05 - Turning movement,01 - Clear,01 - Daylight,01 - Dry,10 - No control,,2,0,0,0,01 - Minimal,2,2,,,,347712.9482,5025754.798,45.37042223,-75.95214687,7336
16--4506,2016/04/17,6:20 PM,BASELINE RD @ GREENBANK RD (0002357),2357,02 - Intersection related,03 - P.D. only,03 - Rear end,01 - Clear,01 - Daylight,01 - Dry,01 - Traffic signal,01 - Functioning,2,0,0,0,,0,,,,,360598.8562,5022585.281,45.34099553,-75.78800648,7337
16--4507,2016/04/17,7:10 PM,COLONEL BY DR @ COLONEL BY DR SB ON RAMP 43 (0002623),2623,02 - Intersection related,03 - P.D. only,03 - Rear end,01 - Clear,07 - Dark,01 - Dry,02 - Stop sign,01 - Functioning,2,0,0,0,,0,,,,,367640.6466,5028439.849,45.39307811,-75.69741693,7338
16--4508,2016/04/17,7:17 PM,HIGHWAY 417 btwn HWY417 IC104 RAMP51 & HWY417 IC104 RAMP15 (__3ZA2W7),__3ZA2W7,01 - Non intersection,03 - P.D. only,07 - SMV other,01 - Clear,01 - Daylight,01 - Dry,10 - No control,,1,0,0,0,,0,,,,,380034.5494,5025911.512,45.36910793,-75.5395313,7339
16--4509,2016/04/17,7:31 PM,OR174 IC109 RAMP65 @ MONTREAL RD (0004119),4119,03 - At intersection,03 - P.D. only,02 - Angle,01 - Clear,05 - Dusk,01 - Dry,01 - Traffic signal,01 - Functioning,2,0,0,0,,0,,,,,376402.7716,5034982.552,45.4511044,-75.58457208,7340
16--451,2016/01/12,1:19 PM,HEMLOCK RD btwn BEECHWOOD AVE & LANSDOWNE RD S (__3ZA1HP),__3ZA1HP,01 - Non intersection,03 - P.D. only,01 - Approaching,03 - Snow,01 - Daylight,03 - Loose snow,10 - No control,,2,0,0,0,,0,,,,,369776.0529,5034324.89,45.44583458,-75.66937087,7341
16--4510,2016/04/17,8:06 PM,LONGFIELDS DR @ NORTH HARROW DR (0010539),10539,02 - Intersection related,03 - P.D. only,99 - Other,01 - Clear,07 - Dark,01 - Dry,02 - Stop sign,01 - Functioning,2,0,0,0,,0,,,,,364209.8924,5015850.926,45.28010365,-75.74274096,7342
16--4511,2016/04/17,8:25 PM,MONTREAL RD btwn SHEFFORD RD & OR174 IC109 RAMP56 (__3ZAZPW),__3ZAZPW,01 - Non intersection,03 - P.D. only,04 - Sideswipe,01 - Clear,07 - Dark,01 - Dry,10 - No control,,2,0,0,0,,0,,,,,376147.9527,5034864.125,45.45006493,-75.58784665,7343
16--4512,2016/04/17,8:30 PM,HIGHWAY 416 btwn HWY416 IC49 RAMP34 & HWY416 IC49 RAMP43 (__3ZAZJB),__3ZAZJB,01 - Non intersection,03 - P.D. only,07 - SMV other,01 - Clear,07 - Dark,01 - Dry,10 - No control,,1,0,0,0,,0,,,,,369213.3106,5001008.686,45.14611306,-75.68089144,7344
16--4513,2016/04/17,9:30 PM,CHAPMAN MILLS DR btwn BEATRICE DR & MEADGATE GT (__4FP83C),__4FP83C,01 - Non intersection,03 - P.D. only,06 - SMV unattended vehicle,01 - Clear,07 - Dark,01 - Dry,10 - No control,,1,0,0,0,,0,,,,,365611.0245,5014953.349,45.27190748,-75.72499322,7345
16--4514,2016/04/18,10:14 AM,CARLING AVE @ CROYDON AVE (0002642),2642,03 - At intersection,03 - P.D. only,05 - Turning movement,01 - Clear,01 - Daylight,01 - Dry,01 - Traffic signal,01 - Functioning,2,0,0,0,,0,,,,,360658.6545,5025042.52,45.36310093,-75.78696592,7346
16--4515,2016/04/18,10:34 AM,ROCKY HILL DR btwn ASHMORE DR & BEARMAN ST (__44Z96C),__44Z96C,04 - At/near private drive,03 - P.D. only,06 - SMV unattended vehicle,01 - Clear,01 - Daylight,01 - Dry,10 - No control,,1,0,0,0,,0,,,,,366841.5238,5014463.317,45.26739072,-75.70937381,7347
16--4516,2016/04/18,12:15 PM,HAZELDEAN RD btwn GO/KA BOUNDARY & HUNTMAR DR/IBER RD (__3ZA3DJ),__3ZA3DJ,04 - At/near private drive,03 - P.D. only,99 - Other,01 - Clear,01 - Daylight,01 - Dry,10 - No control,,2,0,0,0,,0,,,,,351202.6796,5016316.962,45.28527607,-75.9084817,7348
16--4517,2016/04/18,12:57 PM,STITTSVILLE MAIN ST btwn BELL ST & LIARD ST (__3ZA3DA),__3ZA3DA,04 - At/near private drive,03 - P.D. only,99 - Other,01 - Clear,01 - Daylight,01 - Dry,10 - No control,,2,0,0,0,,0,,,,,350790.0767,5012721.171,45.25294708,-75.91407408,7349
16--4518,2016/04/18,12:58 PM,MONTREAL RD @ GRANVILLE ST/LAFONTAINE AVE (0009348),9348,03 - At intersection,02 - Non-fatal injury,07 - SMV other,01 - Clear,01 - Daylight,01 - Dry,01 - Traffic signal,01 - Functioning,1,0,0,1,02 - Minor,1,,1,,,370825.9629,5033475.717,45.43809572,-75.65606461,7350
16--4519,2016/04/18,2:52 PM,NIXON DR btwn BUCKLES ST & DALMENY RD (__3ZA726),__3ZA726,01 - Non intersection,02 - Non-fatal injury,07 - SMV other,01 - Clear,01 - Daylight,01 - Dry,10 - No control,,1,0,0,0,02 - Minor,1,,1,,,374980.119,4999135.04,45.12870469,-75.60782962,7351
16--452,2016/01/12,1:20 PM,HWY417 IC122 RAMP51 btwn HIGHWAY 417 & PARKDALE AVE (__3ZAYA8),__3ZAYA8,01 - Non intersection,03 - P.D. only,03 - Rear end,01 - Clear,01 - Daylight,04 - Slush,10 - No control,,2,0,0,0,,0,,,,,365324.1647,5028836.25,45.39684889,-75.726951,7352
16--4520,2016/04/18,3:40 PM,BOYER RD @ JEANNE D'ARC BLVD (0003638),3638,02 - Intersection related,03 - P.D. only,03 - Rear end,01 - Clear,01 - Daylight,01 - Dry,02 - Stop sign,01 - Functioning,2,0,0,0,,0,,,,,380683.0617,5036193.706,45.46154978,-75.52967016,7353
16--4521,2016/04/18,3:59 PM,ST. LAURENT BLVD btwn TRANSIT & HWY417 IC115 RAMP35 (__3ZA1LL),__3ZA1LL,01 - Non intersection,03 - P.D. only,04 - Sideswipe,01 - Clear,01 - Daylight,01 - Dry,10 - No control,,2,0,0,0,,0,,,,,372475.9676,5031542.421,45.42054309,-75.63524253,7354
16--4522,2016/04/18,4:08 PM,MITCH OWENS RD @ STAGECOACH RD (0003576),3576,02 - Intersection related,03 - P.D. only,03 - Rear end,01 - Clear,01 - Daylight,01 - Dry,01 - Traffic signal,01 - Functioning,2,0,0,0,,0,,,,,375399.5302,5014483.785,45.26676793,-75.60032463,7355
16--4523,2016/04/18,4:38 PM,STALWART CRES E @ WHITE ALDER AVE (0014154),14154,03 - At intersection,03 - P.D. only,05 - Turning movement,01 - Clear,01 - Daylight,01 - Dry,02 - Stop sign,01 - Functioning,2,0,0,0,,0,,,,,375560.514,5020782.201,45.32342264,-75.59737475,7356
16--4524,2016/04/18,5:00 PM,ST. JOSEPH BLVD @ JEANNE D'ARC BLVD (0012421),12421,02 - Intersection related,03 - P.D. only,03 - Rear end,01 - Clear,01 - Daylight,01 - Dry,11 - Roundabout,01 - Functioning,2,0,0,0,,0,,,,,379859.992,5036472.707,45.46414893,-75.5401508,7357
16--4525,2016/04/18,5:00 PM,BOURASSA ST @ ST. LAURENT BLVD (0007731),7731,02 - Intersection related,03 - P.D. only,03 - Rear end,01 - Clear,01 - Daylight,01 - Dry,01 - Traffic signal,01 - Functioning,2,0,0,0,,0,,,,,373236.0734,5029692.459,45.40382407,-75.62578795,7358
16--4526,2016/04/18,5:00 PM,BRONSON AVE @ HWY 417 BRONSON IC121AR51 (0002693),2693,02 - Intersection related,03 - P.D. only,04 - Sideswipe,01 - Clear,01 - Daylight,01 - Dry,01 - Traffic signal,01 - Functioning,2,0,0,0,,0,,,,,367287.2551,5029711.328,45.40455015,-75.70176883,7359
16--4527,2016/04/18,5:08 AM,MACDONALD-CARTIER BR RAMP SB-2 btwn BOTELER ST & MACDONALD-CARTIER BR (__3ZAYB8),__3ZAYB8,01 - Non intersection,03 - P.D. only,04 - Sideswipe,01 - Clear,07 - Dark,01 - Dry,10 - No control,,2,0,0,0,,0,,,,,367663.8178,5033114.926,45.43514091,-75.69652471,7360
16--4528,2016/04/18,6:00 PM,WENDLER TER btwn LEGRAND CRES & LEGRAND CRES (__3ZA6P0),__3ZA6P0,01 - Non intersection,03 - P.D. only,06 - SMV unattended vehicle,01 - Clear,01 - Daylight,01 - Dry,10 - No control,,1,0,0,0,,0,,,,,382820.5549,5035741.791,45.4572484,-75.50241349,7361
16--4529,2016/04/18,6:13 PM,ROBERTSON RD btwn HAZELDEAN RD & HAANEL DR (__3ZA41S),__3ZA41S,01 - Non intersection,03 - P.D. only,07 - SMV other,01 - Clear,01 - Daylight,01 - Dry,10 - No control,,1,0,0,0,,0,,,,,353941.712,5018577.855,45.30543392,-75.87334388,7362
16--453,2016/01/12,10:00 PM,SERENA WAY btwn WOODROFFE AVE & TACOM CIRC (__6XB3ZK),__6XB3ZK,01 - Non intersection,03 - P.D. only,06 - SMV unattended vehicle,00 - Unknown,00 - Unknown,05 - Packed snow,10 - No control,,1,0,0,0,,0,,,,,366333.8259,5015073.315,45.27292406,-75.71576746,7363
16--4530,2016/04/18,6:26 AM,WEST HUNT CLUB RD btwn MOODIE DR & HWY416 IC72 RAMP53 (__3ZA4YJ),__3ZA4YJ,01 - Non intersection,03 - P.D. only,04 - Sideswipe,01 - Clear,01 - Daylight,01 - Dry,10 - No control,,2,0,0,0,,0,,,,,359185.6603,5019251.954,45.31111307,-75.80640365,7364
16--4531,2016/04/18,7:00 PM,EARL ARMSTRONG RD @ LIMEBANK RD (0004456),4456,02 - Intersection related,03 - P.D. only,03 - Rear end,01 - Clear,01 - Daylight,01 - Dry,01 - Traffic signal,01 - Functioning,2,0,0,0,,0,,,,,370155.4964,5015960.675,45.28056358,-75.66694946,7365
16--4532,2016/04/18,7:15 PM,REGIONAL ROAD 174 btwn TRANSIT & OR174 IC109 RAMP54 (__3ZAZ6V),__3ZAZ6V,01 - Non intersection,03 - P.D. only,07 - SMV other,02 - Rain,01 - Daylight,02 - Wet,10 - No control,,1,0,0,0,,0,,,,,376077.185,5034117.454,45.44335407,-75.58885944,7366
16--4533,2016/04/18,7:28 PM,MCTEER RD @ REGIONAL RD 174 (0012881),12881,02 - Intersection related,03 - P.D. only,05 - Turning movement,02 - Rain,01 - Daylight,02 - Wet,02 - Stop sign,01 - Functioning,2,0,0,0,,0,,,,,394937.5864,5043119.229,45.52216245,-75.34615758,7367
16--4534,2016/04/18,7:31 PM,BANK ST btwn FINDLAY CREEK DR & BLAIS RD (__3ZA29M),__3ZA29M,01 - Non intersection,03 - P.D. only,07 - SMV other,02 - Rain,05 - Dusk,02 - Wet,10 - No control,,1,0,0,0,,0,,,,,376144.3709,5019750.147,45.31407755,-75.59007663,7368
16--4535,2016/04/18,7:34 AM,WALKLEY RD btwn RUSSELL RD & LANCASTER RD (__3ZA1UN),__3ZA1UN,01 - Non intersection,03 - P.D. only,03 - Rear end,01 - Clear,01 - Daylight,01 - Dry,10 - No control,,2,0,0,0,,0,,,,,374903.1035,5028601.865,45.39384649,-75.60465066,7369
16--4536,2016/04/18,7:39 AM,CARP RD btwn MARCH RD & JOHN CAVANAUGH DR (__3ZA3FZ),__3ZA3FZ,01 - Non intersection,03 - P.D. only,03 - Rear end,01 - Clear,01 - Daylight,01 - Dry,10 - No control,,2,0,0,0,,0,,,,,343230.7214,5020541.761,45.32377365,-76.00977259,7370
16--4537,2016/04/18,9:01 PM,BASELINE RD btwn ST. HELEN'S PL & CLYDE AVE (__3ZA4IN),__3ZA4IN,01 - Non intersection,03 - P.D. only,07 - SMV other,02 - Rain,07 - Dark,02 - Wet,10 - No control,,1,0,0,0,,0,,,,,364332.262,5024872.922,45.36127256,-75.74009687,7371
16--4538,2016/04/18,9:39 AM,MONTREAL RD @ ST. LAURENT BLVD (0002604),2604,02 - Intersection related,03 - P.D. only,03 - Rear end,01 - Clear,01 - Daylight,01 - Dry,01 - Traffic signal,01 - Functioning,2,0,0,0,,0,,,,,371546.0935,5033818.376,45.44111043,-75.64681454,7372
16--4539,2016/04/18,9:53 AM,BLOHM DR btwn MARNIE PRIV & HUNT CLUB RD (__3ZAZFP),__3ZAZFP,01 - Non intersection,03 - P.D. only,06 - SMV unattended vehicle,01 - Clear,01 - Daylight,01 - Dry,10 - No control,,1,0,0,0,,0,,,,,375117.6366,5026211.393,45.37231668,-75.6022515,7373
16--454,2016/01/12,10:03 PM,MOODIE DR @ ROBERTSON RD (0010545),10545,02 - Intersection related,03 - P.D. only,03 - Rear end,03 - Snow,07 - Dark,03 - Loose snow,01 - Traffic signal,01 - Functioning,2,0,0,0,,0,,,,,357066.1929,5020455.708,45.32210552,-75.83330496,7374
16--4540,2016/04/19,1:48 PM,INNES RD @ TENTH LINE RD (0004633),4633,02 - Intersection related,03 - P.D. only,03 - Rear end,01 - Clear,01 - Daylight,01 - Dry,01 - Traffic signal,01 - Functioning,2,0,0,0,,0,,,,,383951.3697,5036160.342,45.46088696,-75.48788954,7375
16--4541,2016/04/19,10:00 PM,FALLOWFIELD RD btwn KOLO DR & BILTMORE CRES (__4LVLON),__4LVLON,01 - Non intersection,03 - P.D. only,07 - SMV other,01 - Clear,07 - Dark,01 - Dry,10 - No control,,1,0,0,0,,0,,,,,346341.3762,5004329.389,45.17771031,-75.97144917,7376
16--4542,2016/04/19,10:30 AM,NOTRE DAME ST btwn HENRI LAUZON ST & BOYER RD (__3ZA6EZ),__3ZA6EZ,01 - Non intersection,03 - P.D. only,06 - SMV unattended vehicle,01 - Clear,01 - Daylight,01 - Dry,10 - No control,,1,0,0,0,,0,,,,,380218.1516,5036606.222,45.46531161,-75.53555091,7377
16--4543,2016/04/19,10:44 PM,HUNT CLUB RD btwn PIKE ST & CONROY RD (__3ZBN9X),__3ZBN9X,01 - Non intersection,03 - P.D. only,04 - Sideswipe,01 - Clear,07 - Dark,01 - Dry,10 - No control,,2,0,0,0,,0,,,,,373309.6913,5025096.635,45.36246562,-75.62548546,7378
16--4544,2016/04/19,11:11 AM,FISHER AVE @ TUNIS AVE (0006208),6208,03 - At intersection,03 - P.D. only,03 - Rear end,01 - Clear,01 - Daylight,01 - Dry,02 - Stop sign,01 - Functioning,3,0,0,0,,0,,,,,365497.3809,5027595.625,45.38567102,-75.72489139,7379
16--4545,2016/04/19,Unknown,QUEEN MARY ST btwn FRANCES ST & ISIDORE ST (__3ZA8KQ),__3ZA8KQ,01 - Non intersection,03 - P.D. only,06 - SMV unattended vehicle,02 - Rain,00 - Unknown,02 - Wet,10 - No control,,1,0,0,0,,0,,,,,371655.3159,5032102.216,45.42565877,-75.64565159,7380
16--4546,2016/04/19,Unknown,ASHBURN DR btwn WIGAN DR & NESS ST (__3ZAA0A),__3ZAA0A,01 - Non intersection,03 - P.D. only,06 - SMV unattended vehicle,01 - Clear,00 - Unknown,01 - Dry,10 - No control,,1,0,0,0,,0,,,,,366293.2259,5024633.827,45.35895197,-75.7150981,7381
16--4547,2016/04/19,12:23 PM,JAMIE AVE @ SUNDERLAND ST (0004576),4576,02 - Intersection related,03 - P.D. only,02 - Angle,01 - Clear,01 - Daylight,01 - Dry,02 - Stop sign,01 - Functioning,2,0,0,0,,0,,,,,366064.2439,5022023.195,45.33548197,-75.71834394,7382
16--4548,2016/04/19,2:00 PM,BANK ST @ HUNT CLUB RD (0002119),2119,03 - At intersection,03 - P.D. only,05 - Turning movement,01 - Clear,01 - Daylight,01 - Dry,01 - Traffic signal,01 - Functioning,2,0,0,0,,0,,,,,371609.4318,5024097.201,45.35363715,-75.64732162,7383
16--4549,2016/04/19,2:10 PM,ST. LAURENT BLVD btwn BELFAST RD & INDUSTRIAL AVE (__3ZA3R8),__3ZA3R8,01 - Non intersection,03 - P.D. only,04 - Sideswipe,01 - Clear,01 - Daylight,01 - Dry,10 - No control,,2,0,0,0,,0,,,,,373078.1411,5030056.235,45.40711258,-75.62775479,7384
16--455,2016/01/12,10:06 PM,CONROY RD btwn CONROY RD & ROSEBELLA AVE (__3ZA3S2),__3ZA3S2,01 - Non intersection,03 - P.D. only,07 - SMV other,03 - Snow,07 - Dark,03 - Loose snow,10 - No control,,1,0,0,0,,0,,,,,373964.7619,5024942.33,45.36101292,-75.61714619,7385
16--4550,2016/04/19,2:40 PM,BANK ST @ WILTON CRES (0007712),7712,02 - Intersection related,03 - P.D. only,03 - Rear end,01 - Clear,01 - Daylight,01 - Dry,02 - Stop sign,01 - Functioning,2,0,0,0,,0,,,,,368578.3836,5028965.873,45.39772634,-75.68537362,7386
16--4551,2016/04/19,3:00 PM,BANK ST @ WALKLEY RD (0011423),11423,03 - At intersection,03 - P.D. only,05 - Turning movement,01 - Clear,01 - Daylight,01 - Dry,01 - Traffic signal,01 - Functioning,2,0,0,0,,0,,,,,370336.9335,5025947.965,45.37040984,-75.66331513,7387
16--4552,2016/04/19,3:22 PM,CALDWELL AVE @ MERIVALE RD (0011432),11432,02 - Intersection related,03 - P.D. only,03 - Rear end,01 - Clear,01 - Daylight,01 - Dry,01 - Traffic signal,01 - Functioning,2,0,0,0,,0,,,,,364908.3165,5026230.642,45.37343995,-75.73257927,7388
16--4553,2016/04/19,3:53 PM,MCBEAN ST btwn RICHLAND DR & DOBSON LANE (__3ZA4ZK),__3ZA4ZK,04 - At/near private drive,02 - Non-fatal injury,05 - Turning movement,01 - Clear,01 - Daylight,01 - Dry,10 - No control,,2,0,0,0,02 - Minor,1,,1,,,358266.7522,5004368.355,45.17725798,-75.81972226,7389
16--4554,2016/04/19,4:00 PM,LIMEBANK RD btwn SPRATT RD & EARL ARMSTRONG RD (__3ZA6LE),__3ZA6LE,01 - Non intersection,03 - P.D. only,99 - Other,01 - Clear,01 - Daylight,01 - Dry,10 - No control,,2,0,0,0,,0,,,,,370138.359,5016005.321,45.28096689,-75.667162,7390
16--4555,2016/04/19,4:27 PM,BEAUSOLEIL DR @ OLD ST. PATRICK ST (0008436),8436,02 - Intersection related,03 - P.D. only,03 - Rear end,01 - Clear,01 - Daylight,01 - Dry,02 - Stop sign,01 - Functioning,2,0,0,0,,0,,,,,368516.8086,5032987.591,45.43391799,-75.68564004,7391
16--4556,2016/04/19,4:41 PM,WALKLEY RD btwn TURN LANE & RYDER ST (__3ZA2DF),__3ZA2DF,01 - Non intersection,03 - P.D. only,03 - Rear end,01 - Clear,01 - Daylight,01 - Dry,10 - No control,,2,0,0,0,,0,,,,,372516.8653,5027232.607,45.3817613,-75.63531176,7392
16--4557,2016/04/19,4:43 PM,CONROY RD @ WALKLEY RD (0002648),2648,02 - Intersection related,03 - P.D. only,03 - Rear end,01 - Clear,01 - Daylight,01 - Dry,01 - Traffic signal,01 - Functioning,3,0,0,0,,0,,,,,372904.8462,5027463.531,45.38380145,-75.63032628,7393
16--4558,2016/04/19,4:51 PM,WEST HUNT CLUB RD @ ROYDON PL/SUNDERLAND ST (0009775),9775,03 - At intersection,03 - P.D. only,02 - Angle,01 - Clear,01 - Daylight,01 - Dry,01 - Traffic signal,01 - Functioning,2,0,0,0,,0,,,,,365974,5022170.108,45.33681174,-75.71947708,7394
16--4559,2016/04/19,5:00 PM,HIGHWAY 417 btwn HWY417 IC119B RAMP57 & HWY417 IC119A RAMP75 (__3ZA1QN),__3ZA1QN,01 - Non intersection,03 - P.D. only,03 - Rear end,01 - Clear,01 - Daylight,01 - Dry,10 - No control,,3,0,0,0,,0,,,,,368585.6668,5030515.614,45.41166974,-75.68508014,7395
16--456,2016/01/12,10:30 PM,LAURIER AVE @ NICHOLAS ST (0010711),10711,02 - Intersection related,03 - P.D. only,03 - Rear end,03 - Snow,07 - Dark,03 - Loose snow,01 - Traffic signal,01 - Functioning,2,0,0,0,,0,,,,,368372.6963,5031798.658,45.42323351,-75.68763522,7396
16--4560,2016/04/19,5:11 PM,HUNT CLUB RD @ RIVERSIDE DR (0002237),2237,03 - At intersection,03 - P.D. only,05 - Turning movement,01 - Clear,01 - Daylight,01 - Dry,01 - Traffic signal,01 - Functioning,2,0,0,0,,0,,,,,368036.703,5021945.499,45.33460788,-75.6931902,7397
16--4561,2016/04/19,5:27 PM,BANK ST btwn CECIL AVE & HERON RD (__3ZA3AC),__3ZA3AC,01 - Non intersection,03 - P.D. only,04 - Sideswipe,01 - Clear,01 - Daylight,01 - Dry,10 - No control,,2,0,0,0,,0,,,,,369991.3292,5026863.836,45.37868279,-75.66760596,7398
16--4562,2016/04/19,5:35 PM,CARLING AVE @ MOODIE DR/JAMES CUMMINGS AVE W (0000158),158,03 - At intersection,02 - Non-fatal injury,05 - Turning movement,01 - Clear,01 - Daylight,01 - Dry,01 - Traffic signal,01 - Functioning,2,0,0,0,02 - Minor,3,,3,,,356001.4304,5023937.735,45.35351564,-75.84652562,7399
16--4563,2016/04/19,5:40 PM,HIGHWAY 417 btwn HWY417 IC126 RAMP61 & HWY417 IC124 RAMP76 (__3ZA2Y2),__3ZA2Y2,01 - Non intersection,03 - P.D. only,03 - Rear end,01 - Clear,01 - Daylight,01 - Dry,10 - No control,,2,0,0,0,,0,,,,,363187.6404,5025903.888,45.37064534,-75.75458438,7400