Anom_ID,Accident_Date,Accident_Time,Location,Geo_ID,Accident_Location,Classification_of_Accident,Initial_Impact_Type,Environment_Condition,Light,Road_Surface_Condition,Traffic_Control,Traffic_Control_Condition,No__of_Vehicles,No__of_Bicycles,No__of_Motorcycles,No__of_Pedestrians,Max_Injury,No__of_Injuries,No__of_Minimal,No__of_Minor,No__of_Major,No__of_Fatal,X,Y,Latitude,Longitude,ObjectId
16--4564,2016/04/19,5:47 PM,DUMAURIER AVE @ BARWELL AVE/GRENON AVE (0002440),2440,03 - At intersection,03 - P.D. only,02 - Angle,01 - Clear,01 - Daylight,01 - Dry,02 - Stop sign,01 - Functioning,2,0,0,0,,0,,,,,359729.5676,5023650.252,45.35064674,-75.79897949,7401
16--4565,2016/04/19,5:54 AM,LAURIER AVE @ LYON ST (0002206),2206,03 - At intersection,03 - P.D. only,02 - Angle,01 - Clear,07 - Dark,01 - Dry,01 - Traffic signal,01 - Functioning,3,0,0,0,,0,,,,,367153.1101,5031068.8,45.41677625,-75.70331056,7402
16--4566,2016/04/19,6:13 AM,MONTREAL RD @ NORTH RIVER RD (0009805),9805,02 - Intersection related,03 - P.D. only,04 - Sideswipe,01 - Clear,01 - Daylight,01 - Dry,01 - Traffic signal,01 - Functioning,2,0,0,0,,0,,,,,369740.0993,5032888.366,45.43291267,-75.67001998,7403
16--4567,2016/04/19,6:28 PM,ST. JOSEPH BLVD btwn HART RD & R.C.M.P. COMPLEX (__3ZA2BHA),__3ZA2BHA,01 - Non intersection,03 - P.D. only,99 - Other,01 - Clear,01 - Daylight,01 - Dry,10 - No control,,2,0,0,0,,0,,,,,377816.998,5035742.003,45.4577911,-75.5663811,7404
16--4568,2016/04/19,6:48 AM,BELFAST RD @ ST. LAURENT BLVD (0007658),7658,03 - At intersection,03 - P.D. only,05 - Turning movement,01 - Clear,01 - Daylight,01 - Dry,01 - Traffic signal,01 - Functioning,2,0,0,0,,0,,,,,372861.4059,5030579.017,45.41183744,-75.63045106,7405
16--4118,2016/04/06,3:40 PM,HIGHWAY 416 btwn HWY416 IC49 RAMP34 & HWY416 IC49 RAMP43 (__3ZAZJB),__3ZAZJB,01 - Non intersection,03 - P.D. only,07 - SMV other,03 - Snow,01 - Daylight,04 - Slush,10 - No control,,1,0,0,0,,0,,,,,369201.0408,5001047.835,45.14646644,-75.68104241,7406
16--3851,2016/03/28,6:40 AM,BANK ST @ HUNT CLUB RD (0002119),2119,02 - Intersection related,03 - P.D. only,03 - Rear end,02 - Rain,01 - Daylight,02 - Wet,01 - Traffic signal,01 - Functioning,2,0,0,0,,0,,,,,371608.4702,5024096.773,45.35363339,-75.64733395,7407
16--4119,2016/04/06,4:00 PM,FRANK KENNY RD btwn WALL RD & REGIMBALD RD (__3ZA6UJ),__3ZA6UJ,01 - Non intersection,02 - Non-fatal injury,07 - SMV other,03 - Snow,01 - Daylight,03 - Loose snow,10 - No control,,1,0,0,0,01 - Minimal,1,1,,,,388981.4126,5035049.307,45.4503031,-75.42377152,7408
16--43,2016/01/02,7:42 PM,KING EDWARD AVE @ MURRAY ST (0002713),2713,02 - Intersection related,02 - Non-fatal injury,04 - Sideswipe,01 - Clear,07 - Dark,01 - Dry,01 - Traffic signal,01 - Functioning,2,0,0,0,02 - Minor,1,,1,,,368291.5128,5032754.624,45.43184233,-75.68854928,7409
16--3852,2016/03/28,6:49 PM,MARKETPLACE AVE @ RIOCAN AVE (0010995),10995,03 - At intersection,03 - P.D. only,02 - Angle,02 - Rain,05 - Dusk,02 - Wet,02 - Stop sign,01 - Functioning,2,0,0,0,,0,,,,,364287.1014,5014761.371,45.2702933,-75.74188747,7410
16--412,2016/01/11,3:57 PM,HUNT CLUB RD @ RIVERSIDE DR (0002237),2237,02 - Intersection related,03 - P.D. only,03 - Rear end,01 - Clear,01 - Daylight,02 - Wet,01 - Traffic signal,01 - Functioning,2,0,0,0,,0,,,,,368035.6053,5021945.718,45.33460995,-75.69320417,7411
16--3853,2016/03/28,7:20 AM,HIGHWAY 417 btwn HWY417 IC155 RAMP61 & HWY417 IC145 RAMP56 (__3ZA2Q2),__3ZA2Q2,01 - Non intersection,03 - P.D. only,07 - SMV other,02 - Rain,01 - Daylight,02 - Wet,10 - No control,,1,0,0,0,,0,,,,,344367.1885,5015438.098,45.2777857,-75.99568353,7412
16--430,2016/01/11,6:43 AM,HAWTHORNE RD @ LEITRIM RD (0009269),9269,02 - Intersection related,03 - P.D. only,03 - Rear end,01 - Clear,07 - Dark,06 - Ice,01 - Traffic signal,01 - Functioning,2,0,0,0,,0,,,,,377038.0112,5022709.878,45.34061649,-75.57824881,7413
16--4120,2016/04/06,4:00 PM,HIGHWAY 417 btwn HWY417 IC104 RAMP51 & HWY417 IC104 RAMP15 (__3ZA2W7),__3ZA2W7,01 - Non intersection,03 - P.D. only,07 - SMV other,03 - Snow,01 - Daylight,03 - Loose snow,10 - No control,,1,0,0,0,,0,,,,,380085.9192,5025901.426,45.36901166,-75.53887713,7414
16--3854,2016/03/28,7:41 AM,LOCKHART AVE btwn NEEPAWA AVE & SAVILLE ROW (__3ZAAC0),__3ZAAC0,04 - At/near private drive,03 - P.D. only,06 - SMV unattended vehicle,02 - Rain,01 - Daylight,02 - Wet,10 - No control,,1,0,0,0,,0,,,,,361910.0004,5026302.265,45.37433518,-75.77084818,7415
16--3855,2016/03/28,9:00 PM,TRAINYARDS DR @ RAILMARKET (0012246),12246,03 - At intersection,02 - Non-fatal injury,02 - Angle,01 - Clear,07 - Dark,02 - Wet,01 - Traffic signal,01 - Functioning,2,0,0,0,01 - Minimal,2,2,,,,371756.5353,5030716.14,45.41317779,-75.6445466,7416
16--3856,2016/03/28,9:12 PM,DONALD ST @ VANIER PKWY (0007644),7644,03 - At intersection,03 - P.D. only,05 - Turning movement,02 - Rain,07 - Dark,02 - Wet,01 - Traffic signal,01 - Functioning,2,0,0,0,,0,,,,,370312.8329,5032271.705,45.42731079,-75.66278286,7417
16--3857,2016/03/28,9:30 AM,CLEARBROOK DR/MARKETPLACE AVE @ LONGFIELDS DR (0011162),11162,03 - At intersection,03 - P.D. only,05 - Turning movement,02 - Rain,01 - Daylight,02 - Wet,01 - Traffic signal,01 - Functioning,2,0,0,0,,0,,,,,364632.0964,5014954.383,45.27200076,-75.73746793,7418
16--3858,2016/03/28,9:30 PM,SILVER BARK AVE btwn TO BE DETERMINED & DES EPINETTES AVE (__3ZA5SB),__3ZA5SB,01 - Non intersection,03 - P.D. only,06 - SMV unattended vehicle,01 - Clear,07 - Dark,01 - Dry,10 - No control,,1,0,0,0,,0,,,,,382319.7494,5036275.898,45.46210958,-75.50873171,7419
16--3859,2016/03/29,1:01 PM,ST. LAURENT BLVD @ CONNERY AVE (0008348),8348,02 - Intersection related,03 - P.D. only,03 - Rear end,01 - Clear,01 - Daylight,01 - Dry,02 - Stop sign,01 - Functioning,2,0,0,0,,0,,,,,373626.8229,5028723.897,45.39507109,-75.6209322,7420
16--386,2016/01/10,6:16 PM,BRONSON AVE btwn RENFREW AVE & POWELL AVE (__3ZA3BZ),__3ZA3BZ,01 - Non intersection,03 - P.D. only,04 - Sideswipe,02 - Rain,07 - Dark,02 - Wet,10 - No control,,2,0,0,0,,0,,,,,367367.0299,5029526.755,45.40288229,-75.70077328,7421
16--3860,2016/03/29,1:18 PM,ST. LAURENT BLVD btwn HWY417 IC115 RAMP25 & TREMBLAY RD (__3ZA3SJ),__3ZA3SJ,01 - Non intersection,03 - P.D. only,03 - Rear end,01 - Clear,01 - Daylight,01 - Dry,10 - No control,,2,0,0,0,,0,,,,,372581.6259,5031280.669,45.41817773,-75.6339286,7422
16--3861,2016/03/29,1:51 PM,CONSTELLATION CRES @ BASELINE RD (0011415),11415,03 - At intersection,03 - P.D. only,04 - Sideswipe,01 - Clear,01 - Daylight,01 - Dry,01 - Traffic signal,01 - Functioning,2,0,0,0,,0,,,,,362274.0462,5023597.191,45.34996539,-75.7665152,7423
16--3862,2016/03/29,10:30 AM,RUSSELL RD @ SOUTHVALE CRES S (0002649),2649,03 - At intersection,02 - Non-fatal injury,07 - SMV other,01 - Clear,01 - Daylight,01 - Dry,01 - Traffic signal,01 - Functioning,1,0,0,1,02 - Minor,1,,1,,,374457.5149,5028633.768,45.39417801,-75.61033647,7424
16--3863,2016/03/29,10:31 AM,EAGLESON RD @ HAZELDEAN RD/ROBERTSON RD (0002715),2715,02 - Intersection related,03 - P.D. only,03 - Rear end,01 - Clear,01 - Daylight,01 - Dry,01 - Traffic signal,01 - Functioning,2,0,0,0,,0,,,,,353673.8912,5018423.661,45.30406514,-75.87677414,7425
16--3864,2016/03/29,10:35 AM,PRESTON ST btwn LAUREL ST & WILLOW ST (__3ZA317),__3ZA317,04 - At/near private drive,03 - P.D. only,03 - Rear end,01 - Clear,01 - Daylight,01 - Dry,10 - No control,,2,0,0,0,,0,,,,,366420.7832,5029870.745,45.40606135,-75.71281642,7426
16--3865,2016/03/29,11:00 AM,HUNT CLUB RD @ RIVERSIDE DR (0002237),2237,02 - Intersection related,03 - P.D. only,03 - Rear end,01 - Clear,01 - Daylight,02 - Wet,01 - Traffic signal,01 - Functioning,2,0,0,0,,0,,,,,368037.3764,5021944.825,45.33460176,-75.69318169,7427
16--3866,2016/03/29,11:26 AM,ISABELLA ST btwn METCALFE ST & ELGIN ST (__3ZA258),__3ZA258,04 - At/near private drive,03 - P.D. only,05 - Turning movement,01 - Clear,01 - Daylight,01 - Dry,10 - No control,,2,0,0,0,,0,,,,,368486.5926,5030419.745,45.41081616,-75.68635816,7428
16--3867,2016/03/29,11:59 PM,KEMPSTER AVE btwn WALTER ST & CARLING AVE (__3ZABU7),__3ZABU7,01 - Non intersection,03 - P.D. only,04 - Sideswipe,01 - Clear,07 - Dark,01 - Dry,10 - No control,,2,0,0,0,,0,,,,,359201.3674,5024140.818,45.35510203,-75.805666,7429
16--3868,2016/03/29,Unknown,ST. PATRICK ST btwn SUSSEX DR & PARENT AVE (__3ZA3WI),__3ZA3WI,01 - Non intersection,03 - P.D. only,06 - SMV unattended vehicle,01 - Clear,00 - Unknown,02 - Wet,10 - No control,,1,0,0,0,,0,,,,,367684.6075,5032473.338,45.42936625,-75.69634096,7430
16--3869,2016/03/29,Unknown,BOOKTON PL btwn GREY SEAL CIRC & GREY SEAL CIRC (__4CPJMG),__4CPJMG,01 - Non intersection,03 - P.D. only,06 - SMV unattended vehicle,02 - Rain,07 - Dark,02 - Wet,10 - No control,,1,0,0,0,,0,,,,,369253.2761,5016361.67,45.28425497,-75.67839629,7431
16--387,2016/01/10,7:40 PM,GLACIER ST btwn AVERY CRES & AMHERST CRES (__3ZAABP),__3ZAABP,04 - At/near private drive,03 - P.D. only,06 - SMV unattended vehicle,03 - Snow,07 - Dark,03 - Loose snow,10 - No control,,1,0,0,0,,0,,,,,363387.6444,5015279.507,45.27503102,-75.75328816,7432
16--3870,2016/03/29,12:05 AM,HOPE SIDE RD btwn CROWNRIDGE DR & RICHMOND RD (__3ZA2TR),__3ZA2TR,01 - Non intersection,03 - P.D. only,04 - Sideswipe,01 - Clear,07 - Dark,01 - Dry,10 - No control,,2,0,0,0,,0,,,,,356119.926,5015008.029,45.27315621,-75.84593833,7433
16--4389,2016/04/13,10:54 AM,HUNT CLUB RD @ CANADAIR PRIV (0010852),10852,02 - Intersection related,03 - P.D. only,03 - Rear end,01 - Clear,01 - Daylight,01 - Dry,01 - Traffic signal,01 - Functioning,2,0,0,0,,0,,,,,368662.2349,5022311.68,45.33784605,-75.68516286,7434
16--3871,2016/03/29,12:07 PM,LOLA ST @ DONALD ST (0008513),8513,02 - Intersection related,02 - Non-fatal injury,03 - Rear end,01 - Clear,01 - Daylight,01 - Dry,01 - Traffic signal,01 - Functioning,2,0,0,0,02 - Minor,4,3,1,,,371095.3979,5032360.256,45.4280338,-75.65277129,7435
16--3872,2016/03/29,12:46 AM,HIGHWAY 417 btwn HWY417 IC118 RAMP57 & HWY417 IC118 RAMP35 (__3ZA2YQ),__3ZA2YQ,01 - Non intersection,02 - Non-fatal injury,07 - SMV other,01 - Clear,07 - Dark,01 - Dry,10 - No control,,1,0,0,0,03 - Major,1,,,1,,369461.034,5031042.027,45.41632588,-75.67382862,7436
16--3873,2016/03/29,12:46 PM,CONROY RD @ HUNT CLUB RD (0002257),2257,02 - Intersection related,03 - P.D. only,03 - Rear end,01 - Clear,01 - Daylight,01 - Dry,01 - Traffic signal,01 - Functioning,2,0,0,0,,0,,,,,373763.9655,5025403.846,45.36518523,-75.61964454,7437
16--3874,2016/03/29,12:53 PM,BASELINE RD @ CLYDE AVE (0002343),2343,02 - Intersection related,03 - P.D. only,03 - Rear end,01 - Clear,01 - Daylight,01 - Dry,01 - Traffic signal,01 - Functioning,3,0,0,0,,0,,,,,364359.1478,5024890.62,45.36142952,-75.73975158,7438
16--3875,2016/03/29,12:53 PM,LADOUCEUR ST btwn MERTON ST & GARLAND ST (__3ZAAJK),__3ZAAJK,01 - Non intersection,03 - P.D. only,06 - SMV unattended vehicle,01 - Clear,01 - Daylight,01 - Dry,10 - No control,,1,0,0,0,,0,,,,,365510.9232,5029895.137,45.40636034,-75.72443548,7439
16--3876,2016/03/29,2:20 PM,ROGER STEVENS DR btwn DWYER HILL RD & MALAKOFF RD (__3ZA4ZQ),__3ZA4ZQ,01 - Non intersection,03 - P.D. only,07 - SMV other,01 - Clear,01 - Daylight,01 - Dry,10 - No control,,1,0,0,0,,0,,,,,357433.7949,4991945.631,45.06553573,-75.83162606,7440
16--3877,2016/03/29,2:35 PM,BANK ST @ FOURTH AVE (0007249),7249,03 - At intersection,03 - P.D. only,02 - Angle,01 - Clear,01 - Daylight,01 - Dry,02 - Stop sign,01 - Functioning,2,0,0,0,,0,,,,,368368.1069,5029475.784,45.40233348,-75.68799345,7441
16--3878,2016/03/29,3:00 PM,WOODROFFE AVE @ FIRESTATION (0008642),8642,02 - Intersection related,03 - P.D. only,03 - Rear end,01 - Clear,01 - Daylight,01 - Dry,01 - Traffic signal,01 - Functioning,2,0,0,0,,0,,,,,362496.2524,5023912.865,45.35278756,-75.7636428,7442
16--3879,2016/03/29,4:24 PM,ALBERT ST btwn KENT ST & BANK ST (__3ZA3CA),__3ZA3CA,01 - Non intersection,03 - P.D. only,03 - Rear end,01 - Clear,01 - Daylight,01 - Dry,10 - No control,,2,0,0,0,,0,,,,,367377.4094,5031419.766,45.4199141,-75.70040038,7443
16--388,2016/01/10,8:40 PM,GREENBANK RD btwn CAMBRIAN RD & DUNDONALD DR (__5DCY38),__5DCY38,04 - At/near private drive,03 - P.D. only,03 - Rear end,02 - Rain,07 - Dark,02 - Wet,10 - No control,,2,0,0,0,,0,,,,,364789.7078,5012813.601,45.25272456,-75.73571794,7444
16--3880,2016/03/29,4:37 PM,PRINCE OF WALES DR btwn FISHER AVE & NE/OT BOUNDARY (__3ZA2TZ),__3ZA2TZ,04 - At/near private drive,03 - P.D. only,05 - Turning movement,01 - Clear,01 - Daylight,01 - Dry,10 - No control,,2,0,0,0,,0,,,,,367159.308,5023962.485,45.35283487,-75.70412915,7445
16--3881,2016/03/29,4:45 PM,HIGHWAY 417 btwn HWY417 IC124 RAMP65 & HWY417 IC122 RAMP51 (__3ZA2R8),__3ZA2R8,01 - Non intersection,02 - Non-fatal injury,03 - Rear end,01 - Clear,01 - Daylight,01 - Dry,10 - No control,,6,0,0,0,01 - Minimal,2,2,,,,365130.385,5028675.204,45.39541655,-75.72944553,7446
16--3882,2016/03/29,5:04 PM,COLONNADE RD @ PRINCE OF WALES DR (0005249),5249,02 - Intersection related,03 - P.D. only,03 - Rear end,01 - Clear,01 - Daylight,01 - Dry,01 - Traffic signal,01 - Functioning,2,0,0,0,,0,,,,,367394.9363,5023266.516,45.34655169,-75.70121029,7447
16--3883,2016/03/29,5:09 PM,O'CONNOR ST btwn FRANK ST & GLADSTONE AVE (__3ZBOE2),__3ZBOE2,01 - Non intersection,03 - P.D. only,04 - Sideswipe,01 - Clear,01 - Daylight,01 - Dry,10 - No control,,2,0,0,0,,0,,,,,368064.4795,5030677.589,45.41317445,-75.69171732,7448
16--3884,2016/03/29,5:17 PM,DUNROBIN RD @ MARCH RD (0003175),3175,02 - Intersection related,03 - P.D. only,03 - Rear end,01 - Clear,01 - Daylight,01 - Dry,01 - Traffic signal,01 - Functioning,2,0,0,0,,0,,,,,347174.8248,5026065.76,45.37325309,-75.9589899,7449
16--3885,2016/03/29,5:30 PM,HIGHWAY 417 btwn HWY417 IC117 RAMP25 & HWY417 IC115 RAMP51 (__3ZA2R3),__3ZA2R3,01 - Non intersection,03 - P.D. only,03 - Rear end,01 - Clear,01 - Daylight,01 - Dry,10 - No control,,2,0,0,0,,0,,,,,371542.6701,5031398.934,45.41934171,-75.64718622,7450
16--3886,2016/03/29,5:45 PM,HIGHWAY 417 btwn HWY417 IC122 RAMP15 & HWY417 IC121B RAMP51 (__3ZA2RB),__3ZA2RB,01 - Non intersection,03 - P.D. only,03 - Rear end,01 - Clear,01 - Daylight,01 - Dry,10 - No control,,2,0,0,0,,0,,,,,365801.4084,5029182.427,45.39992229,-75.72081312,7451
16--3887,2016/03/29,5:50 PM,DOYLE RD btwn RIVER RD & TO BE DETERMINED (__3ZA5PX),__3ZA5PX,01 - Non intersection,03 - P.D. only,07 - SMV other,01 - Clear,01 - Daylight,01 - Dry,10 - No control,,1,0,0,0,,0,,,,,374848.6658,5004540.894,45.17735903,-75.60874264,7452
16--3888,2016/03/29,6:15 PM,CONROY RD @ WALKLEY RD (0002648),2648,03 - At intersection,03 - P.D. only,04 - Sideswipe,01 - Clear,05 - Dusk,01 - Dry,01 - Traffic signal,01 - Functioning,2,0,0,0,,0,,,,,372903.4986,5027464.203,45.38380762,-75.63034339,7453
16--3889,2016/03/29,7:23 PM,FOURTH LINE RD btwn POLLOCK RD & PHELAN RD W (__3ZBOC1),__3ZBOC1,01 - Non intersection,02 - Non-fatal injury,07 - SMV other,01 - Clear,07 - Dark,01 - Dry,10 - No control,,1,0,0,0,02 - Minor,1,,1,,,364583.8945,5001433.477,45.15034244,-75.73970496,7454
16--389,2016/01/11,1:05 PM,INDUSTRIAL AVE @ ALTA VISTA DR/SANDFORD FLEMIN (0006979),6979,02 - Intersection related,03 - P.D. only,04 - Sideswipe,02 - Rain,01 - Daylight,06 - Ice,01 - Traffic signal,01 - Functioning,2,0,0,0,,0,,,,,370883.2229,5030557.945,45.41183743,-75.65572424,7455
16--3890,2016/03/29,7:24 AM,PRINCE OF WALES DR btwn WILLIAM MCEWEN DR & CARSONBY RD W (__3ZAZ7Y),__3ZAZ7Y,01 - Non intersection,03 - P.D. only,07 - SMV other,01 - Clear,01 - Daylight,01 - Dry,10 - No control,,1,0,0,0,,0,,,,,365817.048,5005542.119,45.18720707,-75.72352172,7456
16--3891,2016/03/29,7:46 AM,CARLING AVE EB btwn DUNDEE AVE & IVANHOE AVE (__3ZA4V1),__3ZA4V1,01 - Non intersection,02 - Non-fatal injury,03 - Rear end,01 - Clear,01 - Daylight,01 - Dry,10 - No control,,2,0,0,0,01 - Minimal,1,1,,,,360421.2544,5024875.465,45.36161666,-75.79001489,7457
16--3892,2016/03/29,7:59 AM,BAYFIELD AVE @ CARLING AVE (0000580),580,02 - Intersection related,03 - P.D. only,02 - Angle,01 - Clear,01 - Daylight,01 - Dry,02 - Stop sign,01 - Functioning,2,0,0,0,,0,,,,,352347.4257,5022371.233,45.33967727,-75.89330887,7458
16--3893,2016/03/29,8:17 PM,SNAKE ISLAND RD btwn GREY'S CREEK RD & SCRIVENS DR (__3ZA205),__3ZA205,01 - Non intersection,03 - P.D. only,07 - SMV other,01 - Clear,07 - Dark,01 - Dry,10 - No control,,1,0,0,0,,0,,,,,382003.3692,5009086.077,45.21750811,-75.51701935,7459
16--3894,2016/03/29,8:20 AM,REGIONAL ROAD 174 btwn OR174 IC105 RAMP26 & OR174 IC105 RAMP63 (__3ZA2XB),__3ZA2XB,01 - Non intersection,03 - P.D. only,03 - Rear end,01 - Clear,01 - Daylight,01 - Dry,10 - No control,,2,0,0,0,,0,,,,,379397.1104,5037034.786,45.46925567,-75.54598389,7460
16--3895,2016/03/29,8:26 PM,CARLING AVE @ BAYSHORE DR/BIRCHDALE AVE (0000021),21,02 - Intersection related,03 - P.D. only,03 - Rear end,01 - Clear,07 - Dark,01 - Dry,01 - Traffic signal,01 - Functioning,2,0,0,0,,0,,,,,359004.0721,5023990.346,45.35376336,-75.80820042,7461
16--3896,2016/03/29,8:38 AM,HAWTHORNE AVE btwn ISABELLA ST & COLONEL BY DR (__3ZA2FY),__3ZA2FY,07 - Overpass or bridge,03 - P.D. only,03 - Rear end,01 - Clear,01 - Daylight,06 - Ice,10 - No control,,2,0,0,0,,0,,,,,368722.2809,5030500.683,45.41152293,-75.68333688,7462
16--3897,2016/03/29,8:40 AM,HIGHWAY 417 btwn HWY417 IC138 RAMP36 & HIGHWAY 417 (__3ZA29F),__3ZA29F,01 - Non intersection,03 - P.D. only,03 - Rear end,01 - Clear,01 - Daylight,01 - Dry,10 - No control,,3,0,0,0,,0,,,,,352920.1162,5020247.099,45.32052487,-75.88620841,7463
16--3898,2016/03/29,9:08 AM,HUNT CLUB RD @ RIVERSIDE DR (0002237),2237,02 - Intersection related,03 - P.D. only,03 - Rear end,01 - Clear,01 - Daylight,01 - Dry,01 - Traffic signal,01 - Functioning,2,0,0,0,,0,,,,,368036.4785,5021944.825,45.33460184,-75.69319315,7464
16--3899,2016/03/29,9:20 PM,HARBOUR ST btwn LEARMONTH AVE & TO BE DETERMINED (__3ZA3HA),__3ZA3HA,01 - Non intersection,03 - P.D. only,07 - SMV other,01 - Clear,07 - Dark,01 - Dry,10 - No control,,1,0,0,0,,0,,,,,327717.1447,5035837.579,45.46209079,-76.20695189,7465
16--39,2016/01/02,5:27 PM,MADISON AVE btwn WINSTON AVE & CHURCHILL AVE N (__3ZA0JQ),__3ZA0JQ,01 - Non intersection,03 - P.D. only,06 - SMV unattended vehicle,01 - Clear,05 - Dusk,03 - Loose snow,10 - No control,,1,0,0,0,,0,,,,,363189.0312,5028364.33,45.39278394,-75.75427562,7466
16--390,2016/01/11,1:17 PM,ST. LAURENT BLVD btwn MEADOW PARK PL & KAREN WAY (__3ZA3A6),__3ZA3A6,01 - Non intersection,02 - Non-fatal injury,03 - Rear end,01 - Clear,01 - Daylight,06 - Ice,10 - No control,,4,0,0,0,01 - Minimal,1,1,,,,371248.9403,5034529.004,45.44753263,-75.65051653,7467
16--3900,2016/03/29,9:59 PM,LYON ST    N btwn LAURIER AVE W & GLOUCESTER ST (__3ZA30D),__3ZA30D,01 - Non intersection,03 - P.D. only,04 - Sideswipe,01 - Clear,07 - Dark,01 - Dry,10 - No control,,2,0,0,0,,0,,,,,367161.2605,5031056.344,45.41666344,-75.70320801,7468
16--3901,2016/03/30,11:16 AM,EARL MULLIGAN DR @ WOODROFFE AVE (0000591),591,02 - Intersection related,02 - Non-fatal injury,04 - Sideswipe,01 - Clear,01 - Daylight,01 - Dry,01 - Traffic signal,01 - Functioning,3,0,0,0,02 - Minor,2,,2,,,365250.7012,5017507.79,45.29492331,-75.72927377,7469
16--3902,2016/03/30,11:25 AM,MEADOWLANDS DR btwn VIEWMOUNT DR & INDIAN RD (__3ZA4HJ),__3ZA4HJ,04 - At/near private drive,03 - P.D. only,02 - Angle,01 - Clear,01 - Daylight,01 - Dry,10 - No control,,2,0,0,0,,0,,,,,363876.2867,5023181.017,45.34608757,-75.74611885,7470
16--3903,2016/03/30,11:33 AM,HERON RD btwn FINN CRT & BAYCREST DR (__3ZBOFO),__3ZBOFO,01 - Non intersection,03 - P.D. only,03 - Rear end,01 - Clear,01 - Daylight,01 - Dry,10 - No control,,2,0,0,0,,0,,,,,370936.9695,5026956.323,45.37942633,-75.6555205,7471
16--3904,2016/03/30,11:45 AM,BRONSON AVE @ HWY 417 BRONSON IC121AR51 (0002693),2693,03 - At intersection,02 - Non-fatal injury,07 - SMV other,01 - Clear,01 - Daylight,01 - Dry,01 - Traffic signal,01 - Functioning,1,0,0,1,01 - Minimal,1,1,,,,367288.7124,5029710.933,45.40454647,-75.70175027,7472
16--3905,2016/03/30,12:05 PM,CLARENCE ST    E btwn COBOURG ST & CHARLOTTE ST (__3ZA8R0),__3ZA8R0,01 - Non intersection,03 - P.D. only,02 - Angle,01 - Clear,01 - Daylight,01 - Dry,10 - No control,,2,0,0,0,,0,,,,,368982.7962,5033076.42,45.43467462,-75.67967332,7473
16--3906,2016/03/30,12:45 PM,PARENT AVE @ ST. PATRICK ST (0008240),8240,03 - At intersection,03 - P.D. only,05 - Turning movement,01 - Clear,01 - Daylight,01 - Dry,01 - Traffic signal,01 - Functioning,2,0,0,0,,0,,,,,367822.5012,5032556.327,45.43010054,-75.69456825,7474
16--3907,2016/03/30,2:46 PM,HIGHWAY 417 btwn HWY417 IC96 RAMP61 & HIGHWAY 417 (__3ZA271),__3ZA271,01 - Non intersection,03 - P.D. only,07 - SMV other,01 - Clear,01 - Daylight,01 - Dry,10 - No control,,1,0,0,0,,0,,,,,387461.9177,5023871.174,45.34991411,-75.44506777,7475
16--3908,2016/03/30,3:23 PM,MERIVALE RD btwn FAMILY BROWN LANE & BASIL MACDONALD WAY (__4BBET2),__4BBET2,01 - Non intersection,03 - P.D. only,03 - Rear end,01 - Clear,01 - Daylight,01 - Dry,10 - No control,,2,0,0,0,,0,,,,,365076.3904,5023214.634,45.34628794,-75.73080143,7476
16--3909,2016/03/30,3:30 PM,RIVERSIDE DR @ BROOKFIELD RD/HOG'S BACK RD (0001627),1627,02 - Intersection related,03 - P.D. only,03 - Rear end,01 - Clear,01 - Daylight,01 - Dry,01 - Traffic signal,01 - Functioning,2,0,0,0,,0,,,,,368166.9121,5026222.788,45.37308219,-75.69098088,7477
16--391,2016/01/11,1:32 PM,NEPEAN ST @ O'CONNOR ST (0006942),6942,02 - Intersection related,03 - P.D. only,04 - Sideswipe,01 - Clear,01 - Daylight,01 - Dry,02 - Stop sign,01 - Functioning,2,0,0,0,,0,,,,,367720.8544,5031226.06,45.4181404,-75.69603709,7478
16--3910,2016/03/30,3:44 PM,210 W OF MERIVALE RD @ WEST HUNT CLUB RD (0004688),4688,03 - At intersection,02 - Non-fatal injury,05 - Turning movement,01 - Clear,01 - Daylight,01 - Dry,01 - Traffic signal,01 - Functioning,2,0,0,0,01 - Minimal,1,1,,,,365431.439,5021830.23,45.33380066,-75.72644065,7479
16--3911,2016/03/30,5:42 PM,KING EDWARD AVE NB btwn YORK ST & RIDEAU ST (__3ZA1ZH),__3ZA1ZH,01 - Non intersection,03 - P.D. only,04 - Sideswipe,01 - Clear,01 - Daylight,01 - Dry,10 - No control,,2,0,0,0,,0,,,,,368485.0764,5032479.712,45.42935117,-75.68611126,7480
16--3912,2016/03/30,6:42 PM,BASELINE RD @ GREENBANK RD (0002357),2357,02 - Intersection related,03 - P.D. only,03 - Rear end,01 - Clear,05 - Dusk,01 - Dry,01 - Traffic signal,01 - Functioning,2,0,0,0,,0,,,,,360597.0109,5022584.725,45.34099067,-75.78803008,7481
16--3913,2016/03/30,7:10 PM,ESSON ST @ HUNT CLUB RD (0002152),2152,02 - Intersection related,03 - P.D. only,07 - SMV other,01 - Clear,07 - Dark,01 - Dry,02 - Stop sign,00 - Unknown,1,0,0,0,,0,,,,,374640.537,5025907.255,45.36962789,-75.60838491,7482
16--3914,2016/03/30,7:31 AM,CARLING AVE @ HOLLAND AVE (0002146),2146,02 - Intersection related,03 - P.D. only,03 - Rear end,01 - Clear,01 - Daylight,01 - Dry,01 - Traffic signal,01 - Functioning,2,0,0,0,,0,,,,,365416.4767,5028037.881,45.38965735,-75.72587013,7483