Anom_ID,Accident_Date,Accident_Time,Location,Geo_ID,Accident_Location,Classification_of_Accident,Initial_Impact_Type,Environment_Condition,Light,Road_Surface_Condition,Traffic_Control,Traffic_Control_Condition,No__of_Vehicles,No__of_Bicycles,No__of_Motorcycles,No__of_Pedestrians,Max_Injury,No__of_Injuries,No__of_Minimal,No__of_Minor,No__of_Major,No__of_Fatal,X,Y,Latitude,Longitude,ObjectId
16--3915,2016/03/30,7:34 PM,HWY 417 TERRYFO IC140R61 @ TERRY FOX DR (0011777),11777,03 - At intersection,03 - P.D. only,04 - Sideswipe,01 - Clear,07 - Dark,01 - Dry,01 - Traffic signal,01 - Functioning,2,0,0,0,,0,,,,,350809.188,5018709.56,45.30683122,-75.91327549,7484
16--3916,2016/03/30,7:44 AM,HAWTHORNE AVE/ISABELLA ST @ QUEEN ELIZABETH DR (0002105),2105,03 - At intersection,03 - P.D. only,02 - Angle,01 - Clear,01 - Daylight,02 - Wet,01 - Traffic signal,01 - Functioning,2,0,0,0,,0,,,,,368665.4452,5030476.839,45.41131358,-75.68406602,7485
16--3917,2016/03/30,8:42 PM,BEECHWOOD AVE btwn ST. PATRICK ST & MACKAY ST (__3ZBOFT),__3ZBOFT,01 - Non intersection,03 - P.D. only,06 - SMV unattended vehicle,01 - Clear,07 - Dark,01 - Dry,10 - No control,,1,0,0,0,,0,,,,,369160.8263,5033546.825,45.43889078,-75.67733663,7486
16--3918,2016/03/30,9:13 AM,SMYTH RD btwn MAIN ST & RAMP (__3ZA3OL),__3ZA3OL,01 - Non intersection,03 - P.D. only,04 - Sideswipe,01 - Clear,01 - Daylight,01 - Dry,10 - No control,,2,0,0,0,,0,,,,,369787.88,5029158.223,45.39934582,-75.66990128,7487
16--3919,2016/03/30,9:16 PM,RIVERSIDE DR @ BROOKFIELD RD/HOG'S BACK RD (0001627),1627,03 - At intersection,03 - P.D. only,05 - Turning movement,01 - Clear,07 - Dark,01 - Dry,01 - Traffic signal,01 - Functioning,2,0,0,0,,0,,,,,368167.4447,5026222.255,45.37307735,-75.69097415,7488
16--392,2016/01/11,1:39 AM,BANK ST @ CHAMBERLAIN AVE N/ISABELLA ST (0002132),2132,02 - Intersection related,03 - P.D. only,02 - Angle,03 - Snow,07 - Dark,03 - Loose snow,01 - Traffic signal,01 - Functioning,2,0,0,0,,0,,,,,368083.654,5030165.768,45.40856751,-75.69153807,7489
16--3920,2016/03/31,1:45 PM,ALBION RD btwn LESTER RD & LEITRIM RD (__3ZA3SQ),__3ZA3SQ,01 - Non intersection,02 - Non-fatal injury,04 - Sideswipe,02 - Rain,01 - Daylight,02 - Wet,10 - No control,,2,0,0,0,02 - Minor,1,,1,,,373114.3734,5021336.081,45.32864858,-75.62849775,7490
16--3921,2016/03/31,1:59 PM,HAZEL ST @ MAIN ST (0007202),7202,03 - At intersection,03 - P.D. only,02 - Angle,02 - Rain,01 - Daylight,02 - Wet,01 - Traffic signal,01 - Functioning,2,0,0,0,,0,,,,,369166.9384,5030174.225,45.40854482,-75.67769921,7491
16--3922,2016/03/31,10:00 AM,OTTAWA RIVER PKWY @ ISLAND PARK DR (0002127),2127,02 - Intersection related,03 - P.D. only,03 - Rear end,02 - Rain,01 - Daylight,02 - Wet,01 - Traffic signal,01 - Functioning,2,0,0,0,,0,,,,,363298.7447,5029453.537,45.40257528,-75.75274535,7492
16--3923,2016/03/31,10:05 AM,HIGHWAY 417 btwn HWY417 IC126 RAMP25 & HWY417 IC124 RAMP57 (__3ZA2R5),__3ZA2R5,01 - Non intersection,03 - P.D. only,04 - Sideswipe,02 - Rain,01 - Daylight,02 - Wet,10 - No control,,2,0,0,0,,0,,,,,363666.7002,5026501.126,45.37597913,-75.74839772,7493
16--3924,2016/03/31,10:43 AM,ST. JOSEPH BLVD btwn MONTREAL RD & OR174 IC109 RAMP55 (__3ZA2DJ),__3ZA2DJ,01 - Non intersection,03 - P.D. only,03 - Rear end,02 - Rain,01 - Daylight,02 - Wet,10 - No control,,2,0,0,0,,0,,,,,376488.4375,5035023.19,45.45146126,-75.58347108,7494
16--3925,2016/03/31,10:50 AM,EAGLESON RD @ FALLOWFIELD RD (0000118),118,02 - Intersection related,03 - P.D. only,02 - Angle,02 - Rain,01 - Daylight,02 - Wet,01 - Traffic signal,01 - Functioning,2,0,0,0,,0,,,,,355961.3678,5012595.205,45.25145663,-75.84820747,7495
16--3926,2016/03/31,11:07 PM,FALLOWFIELD RD btwn STEEPLE HILL CRES & MOODIE DR (__3ZA4Y5),__3ZA4Y5,01 - Non intersection,03 - P.D. only,07 - SMV other,02 - Rain,07 - Dark,02 - Wet,10 - No control,,1,0,0,0,,0,,,,,358802.0962,5014256.47,45.26619271,-75.81183878,7496
16--3927,2016/03/31,11:14 AM,LYON ST    N btwn COOPER ST & SOMERSET ST W (__3ZA3BE),__3ZA3BE,01 - Non intersection,03 - P.D. only,04 - Sideswipe,02 - Rain,01 - Daylight,02 - Wet,10 - No control,,2,0,0,0,,0,,,,,367328.8961,5030783.242,45.4141912,-75.70110099,7497
16--3928,2016/03/31,11:24 AM,RENAUD RD btwn IDA ST & Continuation of RENAUD RD (__3ZA6FE),__3ZA6FE,01 - Non intersection,03 - P.D. only,07 - SMV other,02 - Rain,01 - Daylight,02 - Wet,10 - No control,,1,0,0,0,,0,,,,,379694.9404,5032013.581,45.4240467,-75.54293983,7498
16--3929,2016/03/31,11:30 AM,GLOUCESTER ST @ O'CONNOR ST (0006943),6943,03 - At intersection,02 - Non-fatal injury,07 - SMV other,02 - Rain,01 - Daylight,02 - Wet,01 - Traffic signal,01 - Functioning,1,0,0,1,02 - Minor,1,,1,,,367678.7094,5031292.956,45.41874609,-75.69656701,7499
16--393,2016/01/11,1:50 PM,HIGHWAY 417 btwn HWY417 IC123 RAMP62 & HWY417 IC122 RAMP16 (__3ZA2R9),__3ZA2R9,01 - Non intersection,03 - P.D. only,07 - SMV other,01 - Clear,01 - Daylight,01 - Dry,10 - No control,,1,0,0,0,,0,,,,,365123.5454,5028695.768,45.39560217,-75.72953037,7500
16--3930,2016/03/31,Unknown,DALHOUSIE ST btwn CLARENCE ST & YORK ST (__3ZA82M),__3ZA82M,01 - Non intersection,03 - P.D. only,06 - SMV unattended vehicle,02 - Rain,00 - Unknown,02 - Wet,10 - No control,,1,0,0,0,,0,,,,,368065.2173,5032466.556,45.4292709,-75.69147816,7501
16--3931,2016/03/31,12:53 PM,HIGHWAY 417 btwn HWY417 IC131 RAMP66 & HWY417 IC130 RAMP26 (__3ZA29A),__3ZA29A,01 - Non intersection,03 - P.D. only,99 - Other,01 - Clear,01 - Daylight,01 - Dry,10 - No control,,2,0,0,0,,0,,,,,359232.5033,5023080.899,45.34556246,-75.8053853,7502
16--3932,2016/03/31,2:10 PM,COLONEL BY DR btwn UNIVERSITY RD & HOG'S BACK RD (__3ZA22V),__3ZA22V,01 - Non intersection,03 - P.D. only,07 - SMV other,02 - Rain,01 - Daylight,02 - Wet,10 - No control,,1,0,0,0,,0,,,,,367332.8841,5026518.568,45.37581847,-75.7015906,7503
16--3933,2016/03/31,3:00 PM,HIGHWAY 417 btwn RAMP & HWY417 IC88 RAMP51 (__3ZA2W2),__3ZA2W2,01 - Non intersection,03 - P.D. only,04 - Sideswipe,01 - Clear,01 - Daylight,01 - Dry,10 - No control,,2,0,0,0,,0,,,,,392265.5926,5022900.986,45.34060274,-75.38394614,7504
16--3934,2016/03/31,3:10 AM,HIGHWAY 417 btwn HWY417 IC155 RAMP61 & HWY417 IC145 RAMP56 (__3ZA2Q2),__3ZA2Q2,01 - Non intersection,03 - P.D. only,07 - SMV other,02 - Rain,07 - Dark,02 - Wet,10 - No control,,1,0,0,0,,0,,,,,344363.4059,5015435,45.27775804,-75.99573199,7505
16--3935,2016/03/31,3:15 PM,CARLING AVE EB btwn HWY417 IC124 RAMP57 & KIRKWOOD AVE (__3ZA30Y),__3ZA30Y,01 - Non intersection,03 - P.D. only,04 - Sideswipe,02 - Rain,01 - Daylight,02 - Wet,10 - No control,,2,0,0,0,,0,,,,,364260.5258,5027217.994,45.38237925,-75.74073017,7506
16--3936,2016/03/31,3:29 PM,"MCARTHUR AVE @ EGLISE, RUE DE L/MOORVALE ST (0007763)",7763,03 - At intersection,03 - P.D. only,02 - Angle,02 - Rain,01 - Daylight,02 - Wet,01 - Traffic signal,01 - Functioning,2,1,0,0,,0,,,,,371445.8027,5032823.309,45.43216684,-75.64823109,7507
16--3937,2016/03/31,3:40 PM,HIGHWAY 417 btwn HWY417 IC117 RAMP26 & HWY417 IC117 RAMP61 (__3ZA2YM),__3ZA2YM,01 - Non intersection,03 - P.D. only,03 - Rear end,02 - Rain,01 - Daylight,02 - Wet,10 - No control,,3,0,0,0,,0,,,,,370826.8908,5031215.226,45.4177567,-75.6563558,7508
16--4300,2016/04/09,6:15 PM,RIVERDALE AVE btwn ECHO DR & GLENVIEW AVE (__3ZA9MY),__3ZA9MY,01 - Non intersection,03 - P.D. only,06 - SMV unattended vehicle,01 - Clear,05 - Dusk,01 - Dry,10 - No control,,1,0,0,0,,0,,,,,369204.2999,5029217.999,45.39993759,-75.67734685,7509
16--4121,2016/04/06,4:10 PM,HIGHWAY 417 btwn HWY417 IC140 RAMP25 & HWY417 IC139 RAMP15 (__4BCLBK),__4BCLBK,01 - Non intersection,03 - P.D. only,07 - SMV other,03 - Snow,01 - Daylight,04 - Slush,10 - No control,,1,0,0,0,,0,,,,,351674.8486,5019169.612,45.31091364,-75.90219338,7510
16--439,2016/01/11,8:11 AM,CHARLEMAGNE BLVD btwn MERKLEY DR & VALIN ST (__3ZA5U5),__3ZA5U5,01 - Non intersection,03 - P.D. only,04 - Sideswipe,01 - Clear,01 - Daylight,06 - Ice,10 - No control,,2,0,0,0,,0,,,,,384702.7744,5037724.896,45.4748778,-75.47802848,7511
16--4301,2016/04/09,7:43 PM,MARCH RD @ TERON RD (0011926),11926,03 - At intersection,03 - P.D. only,02 - Angle,01 - Clear,07 - Dark,01 - Dry,01 - Traffic signal,01 - Functioning,2,0,0,0,,0,,,,,351414.836,5021780.52,45.3344245,-75.90526344,7512
16--4122,2016/04/06,4:16 PM,RIVERSIDE DR @ 175 S OF HUNT CLUB  RD/RUNWAY C (0011890),11890,03 - At intersection,03 - P.D. only,02 - Angle,03 - Snow,01 - Daylight,03 - Loose snow,01 - Traffic signal,01 - Functioning,2,0,0,0,,0,,,,,368028.276,5021765.628,45.3329902,-75.69332068,7513
16--4302,2016/04/09,9:14 AM,BASELINE RD @ GREENBANK RD (0002357),2357,02 - Intersection related,03 - P.D. only,04 - Sideswipe,01 - Clear,01 - Daylight,01 - Dry,01 - Traffic signal,01 - Functioning,2,0,0,0,,0,,,,,360598.8066,5022584.276,45.34098649,-75.78800722,7514
16--4390,2016/04/13,10:57 AM,THURSTON DR btwn ST. LAURENT BLVD & THOMAS SPRATT PL (__3ZBO1K),__3ZBO1K,04 - At/near private drive,03 - P.D. only,02 - Angle,01 - Clear,01 - Daylight,01 - Dry,10 - No control,,2,0,0,0,,0,,,,,373719.0857,5027422.608,45.3833536,-75.61993568,7515
16--4123,2016/04/06,4:20 PM,HUNT CLUB RD @ PAUL ANKA DR (0008224),8224,02 - Intersection related,03 - P.D. only,03 - Rear end,03 - Snow,01 - Daylight,04 - Slush,01 - Traffic signal,01 - Functioning,2,0,0,0,,0,,,,,369777.54,5022897.645,45.34301601,-75.67085688,7516
16--4303,2016/04/09,9:26 AM,ALBION RD @ HUNT CLUB RD (0006974),6974,02 - Intersection related,03 - P.D. only,03 - Rear end,01 - Clear,01 - Daylight,01 - Dry,01 - Traffic signal,01 - Functioning,2,0,0,0,,0,,,,,371868.4071,5024320.293,45.35561974,-75.64398647,7517
16--4391,2016/04/13,Unknown,MARCONI AVE btwn KLONDIKE RD & APPLECROSS CRES (__61NR1L),__61NR1L,01 - Non intersection,03 - P.D. only,06 - SMV unattended vehicle,01 - Clear,00 - Unknown,01 - Dry,10 - No control,,1,0,0,0,,0,,,,,349711.6889,5024446.04,45.35852053,-75.92674993,7518
16--4124,2016/04/06,4:22 PM,MOODIE DR btwn FALLOWFIELD RD & BRIDE PRIV (__6KFIGW),__6KFIGW,01 - Non intersection,03 - P.D. only,07 - SMV other,03 - Snow,01 - Daylight,03 - Loose snow,10 - No control,,1,0,0,0,,0,,,,,359533.6252,5014561.908,45.26888453,-75.80248376,7519
16--4304,2016/04/09,9:45 AM,HIGHWAY 417 btwn HWY417 IC127 RAMP35 & HWY417 IC127 RAMP25 (__3ZA2RE),__3ZA2RE,01 - Non intersection,03 - P.D. only,04 - Sideswipe,01 - Clear,01 - Daylight,01 - Dry,10 - No control,,2,0,0,0,,0,,,,,362117.3366,5024823.172,45.36100951,-75.76837283,7520
16--4392,2016/04/13,2:10 PM,HIGHWAY 417 btwn HWY417 IC126 RAMP25 & HWY417 IC124 RAMP57 (__3ZA2R5),__3ZA2R5,01 - Non intersection,03 - P.D. only,07 - SMV other,01 - Clear,01 - Daylight,01 - Dry,10 - No control,,1,0,0,0,,0,,,,,363663.8812,5026498.526,45.37595597,-75.74843402,7521
16--4125,2016/04/06,4:47 PM,QUEEN ELIZABETH DRWY btwn PRESTON ST & CRESCENT HGTS (__3ZA217),__3ZA217,01 - Non intersection,03 - P.D. only,03 - Rear end,03 - Snow,01 - Daylight,03 - Loose snow,10 - No control,,2,0,0,0,,0,,,,,367098.8094,5028958.076,45.3977894,-75.70427101,7522
16--4305,2016/04/10,1:12 PM,WALKLEY RD @ DON REID DR/RYDER ST (0008218),8218,03 - At intersection,02 - Non-fatal injury,02 - Angle,01 - Clear,01 - Daylight,01 - Dry,01 - Traffic signal,01 - Functioning,2,0,0,0,02 - Minor,2,,2,,,372601.7781,5027284.786,45.38222257,-75.63422045,7523
16--4306,2016/04/10,1:14 PM,BASELINE RD btwn COLLEGE SQUARE SC & WOODROFFE AVE (__3ZAZDQA),__3ZAZDQA,01 - Non intersection,03 - P.D. only,03 - Rear end,01 - Clear,01 - Daylight,01 - Dry,10 - No control,,2,0,0,0,,0,,,,,362664.1433,5023833.786,45.35206218,-75.7615095,7524
16--4307,2016/04/10,1:18 PM,DUBLIN AVE btwn LAZARD ST & FIELD ST (__3ZAAMF),__3ZAAMF,04 - At/near private drive,03 - P.D. only,06 - SMV unattended vehicle,01 - Clear,01 - Daylight,01 - Dry,10 - No control,,1,0,0,0,,0,,,,,362470.8962,5024802.48,45.36079433,-75.7638626,7525
16--4308,2016/04/10,1:42 PM,NELSON ST btwn YORK ST & RIDEAU ST (__3ZA82D),__3ZA82D,01 - Non intersection,03 - P.D. only,06 - SMV unattended vehicle,01 - Clear,01 - Daylight,01 - Dry,10 - No control,,1,0,0,0,,0,,,,,368628.8433,5032533.217,45.42981948,-75.68426718,7526
16--4309,2016/04/10,10:40 AM,BASELINE RD @ CLYDE AVE (0002343),2343,03 - At intersection,03 - P.D. only,03 - Rear end,01 - Clear,01 - Daylight,01 - Dry,01 - Traffic signal,01 - Functioning,2,0,0,0,,0,,,,,364358.928,5024890.513,45.36142858,-75.7397544,7527
16--431,2016/01/11,6:45 AM,HIGHWAY 417 btwn HWY417 IC96 RAMP61 & HWY417 IC88 RAMP16 (__3ZA27Z),__3ZA27Z,01 - Non intersection,03 - P.D. only,04 - Sideswipe,01 - Clear,07 - Dark,02 - Wet,10 - No control,,2,0,0,0,,0,,,,,392506.611,5022899.795,45.34056193,-75.38087156,7528
16--4310,2016/04/10,10:52 PM,RIVERSIDE DR btwn FROBISHER LANE & END (__3ZA241),__3ZA241,01 - Non intersection,03 - P.D. only,06 - SMV unattended vehicle,01 - Clear,07 - Dark,01 - Dry,10 - No control,,1,0,0,0,,0,,,,,370162.0372,5029556.108,45.40289101,-75.6650699,7529
16--4311,2016/04/10,11:50 AM,BURLINGTON CRES btwn HUNTERSFIELD DR & HUNTERSFIELD DR (__3ZA8MN),__3ZA8MN,04 - At/near private drive,03 - P.D. only,02 - Angle,01 - Clear,01 - Daylight,01 - Dry,10 - No control,,2,0,0,0,,0,,,,,373400.1898,5025223.264,45.36359613,-75.62431282,7530
16--4312,2016/04/10,12:00 PM,MAPLE GROVE RD @ TERRY FOX DR (0003177),3177,03 - At intersection,02 - Non-fatal injury,02 - Angle,01 - Clear,01 - Daylight,01 - Dry,01 - Traffic signal,01 - Functioning,2,0,0,0,01 - Minimal,5,5,,,,351553.3841,5017865.138,45.29918375,-75.9038654,7531
16--4313,2016/04/10,12:00 PM,LEEDS AVE @ SHEFFIELD RD (0007680),7680,02 - Intersection related,03 - P.D. only,03 - Rear end,01 - Clear,01 - Daylight,01 - Dry,03 - Yield sign,01 - Functioning,2,0,0,0,,0,,,,,374863.413,5029551.226,45.40239234,-75.60502267,7532
16--4314,2016/04/10,12:33 AM,ELGIN ST @ SOMERSET ST (0006936),6936,03 - At intersection,02 - Non-fatal injury,07 - SMV other,01 - Clear,07 - Dark,01 - Dry,01 - Traffic signal,01 - Functioning,1,0,0,1,02 - Minor,1,,1,,,368164.9331,5031198.796,45.41785501,-75.69036701,7533
16--4315,2016/04/10,12:53 PM,VANIER PKWY SB btwn MONTREAL RD & MCARTHUR AVE (__3ZA4SR),__3ZA4SR,01 - Non intersection,03 - P.D. only,04 - Sideswipe,01 - Clear,01 - Daylight,01 - Dry,10 - No control,,2,0,0,0,,0,,,,,370112.5962,5032973.898,45.43364756,-75.66524836,7534
16--4316,2016/04/10,2:30 AM,BANK ST @ LAURIER AVE (0002221),2221,02 - Intersection related,03 - P.D. only,03 - Rear end,01 - Clear,07 - Dark,01 - Dry,01 - Traffic signal,01 - Functioning,2,0,0,0,,0,,,,,367481.8722,5031264.807,45.41851048,-75.69908543,7535
16--4317,2016/04/10,3:13 PM,COURTYARD CRES btwn COURTYARD CRES & TO BE DETERMINED (__3ZA502),__3ZA502,04 - At/near private drive,03 - P.D. only,06 - SMV unattended vehicle,01 - Clear,01 - Daylight,01 - Dry,10 - No control,,1,0,0,0,,0,,,,,372731.7424,5024661.96,45.35861082,-75.63292178,7536
16--4318,2016/04/10,3:38 AM,MURRAY ST btwn PARENT AVE & DALHOUSIE ST (__3ZA3WK),__3ZA3WK,01 - Non intersection,03 - P.D. only,06 - SMV unattended vehicle,01 - Clear,07 - Dark,01 - Dry,10 - No control,,1,0,0,0,,0,,,,,367874.7448,5032497.292,45.42956466,-75.6939082,7537
16--4319,2016/04/10,3:53 PM,ST. LAURENT BLVD btwn HEMLOCK RD & MEADOW PARK PL (__3ZA3UG),__3ZA3UG,04 - At/near private drive,03 - P.D. only,99 - Other,01 - Clear,01 - Daylight,01 - Dry,10 - No control,,2,0,0,0,,0,,,,,371203.7471,5034641.438,45.44854855,-75.65107904,7538
16--432,2016/01/11,6:45 PM,EAGLESON RD @ HWY 417 EAGLESO IC138R51/PARK AN (0009698),9698,03 - At intersection,03 - P.D. only,05 - Turning movement,01 - Clear,07 - Dark,02 - Wet,01 - Traffic signal,01 - Functioning,2,0,0,0,,0,,,,,353037.5975,5020012.278,45.31840384,-75.88473285,7539
16--4320,2016/04/10,4:50 PM,GREENBANK RD @ BELLMAN DR/BATEMAN DR (0000153),153,02 - Intersection related,03 - P.D. only,03 - Rear end,01 - Clear,01 - Daylight,01 - Dry,01 - Traffic signal,01 - Functioning,2,0,0,0,,0,,,,,361257.7978,5021017.264,45.32683381,-75.77977791,7540
16--4321,2016/04/10,5:52 PM,MONTREAL RD @ GRANVILLE ST/LAFONTAINE AVE (0009348),9348,03 - At intersection,02 - Non-fatal injury,02 - Angle,01 - Clear,01 - Daylight,01 - Dry,01 - Traffic signal,01 - Functioning,2,0,0,0,02 - Minor,1,,1,,,370826.4889,5033473.918,45.43807948,-75.65605812,7541
16--4322,2016/04/10,5:59 PM,COLONEL BY DR btwn HAWTHORNE AVE & MAIN ST (__3ZA218),__3ZA218,04 - At/near private drive,03 - P.D. only,02 - Angle,01 - Clear,01 - Daylight,01 - Dry,10 - No control,,2,0,0,0,,0,,,,,368762.6321,5030546.661,45.41193294,-75.68281545,7542
16--4323,2016/04/10,6:11 AM,ROBERTSON RD btwn HAZELDEAN RD & HAANEL DR (__3ZA41S),__3ZA41S,01 - Non intersection,02 - Non-fatal injury,07 - SMV other,01 - Clear,03 - Dawn,01 - Dry,10 - No control,,1,0,0,0,02 - Minor,1,,1,,,354110.2785,5018673.317,45.3062811,-75.87118495,7543
16--4324,2016/04/10,8:20 PM,MOODIE DR @ WEST HUNT CLUB RD (0010414),10414,02 - Intersection related,03 - P.D. only,07 - SMV other,01 - Clear,05 - Dusk,01 - Dry,01 - Traffic signal,01 - Functioning,1,0,0,0,,0,,,,,357906.9783,5018497.333,45.30442077,-75.82279076,7544
16--4325,2016/04/10,9:45 AM,BASELINE RD/HWY 416 RICHMOND IC75R53 @ RICHMON (0000148),148,03 - At intersection,03 - P.D. only,05 - Turning movement,01 - Clear,01 - Daylight,01 - Dry,01 - Traffic signal,01 - Functioning,2,0,0,0,,0,,,,,358636.3383,5021821.262,45.3342742,-75.81312949,7545
16--4326,2016/04/10,9:47 AM,EAGLESON RD btwn AKINS RD & RUSHMORE RD (__3ZA42M),__3ZA42M,01 - Non intersection,02 - Non-fatal injury,07 - SMV other,01 - Clear,01 - Daylight,01 - Dry,10 - No control,,1,0,0,0,02 - Minor,1,,1,,,356722.3081,5010592.209,45.23337745,-75.83872292,7546
16--4327,2016/04/11,1:25 PM,ANTARES DR N @ AURIGA DR N (0005321),5321,02 - Intersection related,03 - P.D. only,02 - Angle,01 - Clear,01 - Daylight,01 - Dry,02 - Stop sign,01 - Functioning,2,0,0,0,,0,,,,,366968.7389,5021995.483,45.33515306,-75.70680829,7547
16--4328,2016/04/11,10:02 PM,FLEWELLYN RD btwn SHEA RD & FAULKNER TR (__3ZABGO),__3ZABGO,01 - Non intersection,03 - P.D. only,07 - SMV other,01 - Clear,07 - Dark,01 - Dry,10 - No control,,1,0,0,0,,0,,,,,353036.8253,5012211.359,45.2482092,-75.88550099,7548
16--4329,2016/04/11,10:45 PM,CAMPEAU DR/HWY 417 MARCH IC138R63 @ MARCH RD (0009710),9710,02 - Intersection related,02 - Non-fatal injury,03 - Rear end,02 - Rain,07 - Dark,02 - Wet,01 - Traffic signal,01 - Functioning,2,0,0,0,02 - Minor,3,,3,,,352841.3416,5020481.087,45.32263574,-75.88719046,7549
16--433,2016/01/11,6:49 PM,SOUTHMORE DR    E btwn SOUTHMORE DR W & WELLAND ST (__3ZA9FN),__3ZA9FN,01 - Non intersection,03 - P.D. only,06 - SMV unattended vehicle,01 - Clear,07 - Dark,04 - Slush,10 - No control,,1,0,0,0,,0,,,,,369494.0002,5024862.668,45.36072297,-75.6742175,7550
16--4330,2016/04/11,Unknown,BUNCHBERRY WAY btwn WILLOWMERE WAY N & WILLOWMERE WAY S (__8A9OOG),__8A9OOG,01 - Non intersection,03 - P.D. only,06 - SMV unattended vehicle,03 - Snow,00 - Unknown,03 - Loose snow,10 - No control,,1,0,0,0,,0,,,,,373961.348,5019652.57,45.31341799,-75.61792907,7551
16--4331,2016/04/11,12:41 AM,LYON ST @ SOMERSET ST (0010860),10860,03 - At intersection,03 - P.D. only,02 - Angle,03 - Snow,07 - Dark,02 - Wet,01 - Traffic signal,01 - Functioning,2,0,0,0,,0,,,,,367367.11,5030717.042,45.41359213,-75.7006212,7552
16--4332,2016/04/11,12:44 PM,SMYTH RD E/LANCASTER RD @ ST. LAURENT BLVD N/R (0002256),2256,02 - Intersection related,03 - P.D. only,04 - Sideswipe,01 - Clear,01 - Daylight,01 - Dry,01 - Traffic signal,01 - Functioning,2,0,0,0,,0,,,,,373364.9539,5029423.877,45.40139488,-75.62417915,7553
16--4333,2016/04/11,2:28 PM,ELGIN ST btwn COOPER ST & SOMERSET ST W (__3ZA346),__3ZA346,01 - Non intersection,03 - P.D. only,06 - SMV unattended vehicle,01 - Clear,01 - Daylight,02 - Wet,10 - No control,,1,0,0,0,,0,,,,,368157.0767,5031209.795,45.41795468,-75.69046597,7554
16--4334,2016/04/11,2:45 PM,PARKDALE AVE @ TYNDALL ST (0006515),6515,02 - Intersection related,03 - P.D. only,03 - Rear end,02 - Rain,01 - Daylight,04 - Slush,02 - Stop sign,01 - Functioning,2,0,0,0,,0,,,,,365263.042,5029012.902,45.39844364,-75.72770997,7555
16--4335,2016/04/11,2:49 PM,WEST HUNT CLUB RD @ ROYDON PL/SUNDERLAND ST (0009775),9775,03 - At intersection,03 - P.D. only,02 - Angle,01 - Clear,01 - Daylight,02 - Wet,01 - Traffic signal,01 - Functioning,2,0,0,0,,0,,,,,365974.8274,5022169.714,45.33680813,-75.71946657,7556
16--4336,2016/04/11,3:01 PM,ALBION RD @ MITCH OWENS RD (0004212),4212,03 - At intersection,03 - P.D. only,05 - Turning movement,01 - Clear,01 - Daylight,02 - Wet,01 - Traffic signal,01 - Functioning,2,0,0,0,,0,,,,,375906.9796,5014803.322,45.2695919,-75.59381307,7557
16--4337,2016/04/11,3:08 PM,CRICHTON ST btwn THE MEWS LANE & ELECTRIC ST (__3ZA4GE),__3ZA4GE,01 - Non intersection,03 - P.D. only,04 - Sideswipe,02 - Rain,01 - Daylight,02 - Wet,10 - No control,,2,0,0,0,,0,,,,,368930.3161,5033561.464,45.43904368,-75.68028082,7558
16--4338,2016/04/11,4:00 PM,OTTAWA RIVER PKWY WB btwn TUNNEY'S PASTURE/REMIC RAPIDS ENT & PARKDALE (__3ZA24KA),__3ZA24KA,01 - Non intersection,03 - P.D. only,03 - Rear end,01 - Clear,01 - Daylight,02 - Wet,10 - No control,,2,0,0,0,,0,,,,,363379.8616,5029645.41,45.40429494,-75.75168647,7559
16--4339,2016/04/11,4:48 PM,HAZELDEAN RD @ CARBROOKE ST/IRWIN GATE (0003187),3187,02 - Intersection related,03 - P.D. only,03 - Rear end,01 - Clear,01 - Daylight,01 - Dry,01 - Traffic signal,01 - Functioning,2,0,0,0,,0,,,,,353419.5541,5018266.06,45.30266466,-75.88003264,7560
16--434,2016/01/11,7:26 PM,PRINCE OF WALES DR @ RIDEAU HEIGHTS LANE (0010334),10334,02 - Intersection related,03 - P.D. only,04 - Sideswipe,01 - Clear,07 - Dark,01 - Dry,02 - Stop sign,01 - Functioning,2,0,0,0,,0,,,,,367478.5588,5022689.312,45.34135065,-75.7002164,7561
16--4340,2016/04/11,5:10 AM,ALBION RD btwn LESTER RD & LEITRIM RD (__3ZA3SQ),__3ZA3SQ,01 - Non intersection,03 - P.D. only,07 - SMV other,03 - Snow,03 - Dawn,03 - Loose snow,10 - No control,,1,0,0,0,,0,,,,,373000.4071,5021611.748,45.33114003,-75.6299135,7562
16--4341,2016/04/11,5:45 PM,HIGHWAY 417 btwn HWY417 IC124 RAMP65 & HWY417 IC122 RAMP51 (__3ZA2R8),__3ZA2R8,01 - Non intersection,03 - P.D. only,07 - SMV other,01 - Clear,01 - Daylight,02 - Wet,10 - No control,,1,0,0,0,,0,,,,,364728.5808,5027941.33,45.38884781,-75.73466615,7563
16--4342,2016/04/11,6:01 AM,ALTA VISTA DR @ CUNNINGHAM AVE (0008112),8112,02 - Intersection related,03 - P.D. only,01 - Approaching,03 - Snow,03 - Dawn,05 - Packed snow,02 - Stop sign,01 - Functioning,2,0,0,0,,0,,,,,370344.4984,5028016.871,45.38902445,-75.66294391,7564
16--4343,2016/04/11,6:10 AM,WOODROFFE AVE btwn GRENFELL CRES & 260 N OF FALLOWFIELD RD/TRANSITWAY  (__3ZA3IO),__3ZA3IO,01 - Non intersection,03 - P.D. only,07 - SMV other,03 - Snow,01 - Daylight,03 - Loose snow,10 - No control,,1,0,0,0,,0,,,,,364587.4593,5019133.424,45.30960743,-75.73753307,7565
16--4344,2016/04/11,6:23 AM,UPPER DWYER HILL RD btwn MARCH RD & OLD ALMONTE RD (__3ZA4QB),__3ZA4QB,01 - Non intersection,02 - Non-fatal injury,07 - SMV other,03 - Snow,01 - Daylight,04 - Slush,10 - No control,,1,0,0,0,02 - Minor,1,,1,,,336001.4416,5012176.975,45.24886123,-76.10251379,7566
16--4345,2016/04/11,6:41 AM,KING EDWARD AVE NB btwn YORK ST & RIDEAU ST (__3ZA1ZH),__3ZA1ZH,01 - Non intersection,02 - Non-fatal injury,99 - Other,04 - Freezing Rain,01 - Daylight,02 - Wet,10 - No control,,4,0,0,0,02 - Minor,2,,2,,,368511.4827,5032427.731,45.42888106,-75.68578055,7567