Anom_ID,Accident_Date,Accident_Time,Location,Geo_ID,Accident_Location,Classification_of_Accident,Initial_Impact_Type,Environment_Condition,Light,Road_Surface_Condition,Traffic_Control,Traffic_Control_Condition,No__of_Vehicles,No__of_Bicycles,No__of_Motorcycles,No__of_Pedestrians,Max_Injury,No__of_Injuries,No__of_Minimal,No__of_Minor,No__of_Major,No__of_Fatal,X,Y,Latitude,Longitude,ObjectId
16--4346,2016/04/11,6:49 AM,DUNROBIN RD @ KERWIN RD (0008846),8846,03 - At intersection,03 - P.D. only,99 - Other,02 - Rain,03 - Dawn,04 - Slush,02 - Stop sign,01 - Functioning,2,0,0,0,,0,,,,,346291.726,5027173.421,45.38327293,-75.97017108,7568
16--4347,2016/04/11,6:59 AM,ALBION RD @ RIDEAU RD (0009356),9356,02 - Intersection related,03 - P.D. only,03 - Rear end,04 - Freezing Rain,01 - Daylight,04 - Slush,01 - Traffic signal,01 - Functioning,2,0,0,0,,0,,,,,375093.4241,5016675.132,45.28651564,-75.60391467,7569
16--4348,2016/04/11,7:29 PM,RICHMOND RD btwn EDGEWORTH AVE/MCEWEN AVE & REGINA LANE (__3ZA4L9),__3ZA4L9,04 - At/near private drive,03 - P.D. only,05 - Turning movement,01 - Clear,05 - Dusk,01 - Dry,10 - No control,,2,0,0,0,,0,,,,,360866.8283,5025668.818,45.36871971,-75.78423772,7570
16--4349,2016/04/11,7:38 AM,LIMEBANK RD btwn RIVER RD & BALMORAL DR (__7IFXUJ),__7IFXUJ,01 - Non intersection,03 - P.D. only,07 - SMV other,03 - Snow,01 - Daylight,06 - Ice,10 - No control,,1,0,0,0,,0,,,,,368429.4209,5020387.349,45.32055246,-75.68838044,7571
16--435,2016/01/11,7:29 AM,PAUL METIVIER DR @ BEATRICE DR (0011190),11190,03 - At intersection,03 - P.D. only,02 - Angle,01 - Clear,03 - Dawn,01 - Dry,02 - Stop sign,01 - Functioning,2,0,0,0,,0,,,,,365704.3211,5014605.004,45.26876501,-75.72384703,7572
16--4350,2016/04/11,7:40 AM,ROGER STEVENS DR btwn MALAKOFF RD & MCCORDICK RD (__3ZA4KW),__3ZA4KW,04 - At/near private drive,03 - P.D. only,05 - Turning movement,02 - Rain,01 - Daylight,02 - Wet,10 - No control,,2,0,0,0,,0,,,,,363863.6958,4997578.816,45.11571787,-75.7493184,7573
16--4351,2016/04/11,8:55 AM,COLONIAL RD btwn BIRCHGROVE RD & CANAAN RD (__3ZA2UL),__3ZA2UL,01 - Non intersection,03 - P.D. only,07 - SMV other,02 - Rain,01 - Daylight,04 - Slush,10 - No control,,1,0,0,0,,0,,,,,397946.1505,5035314.943,45.45155567,-75.30913405,7574
16--4352,2016/04/11,9:04 AM,INNES RD @ STAR TOP RD/WINDMILL LANE (0008734),8734,02 - Intersection related,03 - P.D. only,02 - Angle,02 - Rain,01 - Daylight,02 - Wet,01 - Traffic signal,01 - Functioning,2,0,0,0,,0,,,,,374148.8494,5030667.01,45.41250276,-75.61399233,7575
16--4353,2016/04/11,9:40 AM,RUSSLAND RD btwn ROCKDALE RD & DUNNING RD (__3ZA3KV),__3ZA3KV,01 - Non intersection,02 - Non-fatal injury,01 - Approaching,04 - Freezing Rain,01 - Daylight,06 - Ice,10 - No control,,2,0,0,0,02 - Minor,2,,2,,,395420.8064,5022973.51,45.34085477,-75.34368068,7576
16--4354,2016/04/12,1:00 PM,CARP RD @ STITTSVILLE MAIN ST (0005253),5253,02 - Intersection related,03 - P.D. only,03 - Rear end,01 - Clear,01 - Daylight,01 - Dry,01 - Traffic signal,01 - Functioning,2,0,0,0,,0,,,,,349525.9084,5014330.428,45.26750925,-75.93003424,7577
16--4355,2016/04/12,1:17 AM,MCARTHUR AVE @ VANIER PKWY (0004626),4626,03 - At intersection,01 - Fatal injury,02 - Angle,01 - Clear,07 - Dark,02 - Wet,01 - Traffic signal,01 - Functioning,2,0,0,0,04 - Fatal,3,,,2,1,370219.3792,5032691.035,45.4310925,-75.66392131,7578
16--4356,2016/04/12,1:27 AM,HIGHWAY 416 btwn HWY416 IC49 RAMP43 & HWY416 IC42 RAMP34 (__3ZAZJ7),__3ZAZJ7,01 - Non intersection,03 - P.D. only,07 - SMV other,01 - Clear,07 - Dark,01 - Dry,10 - No control,,1,0,0,0,,0,,,,,369675.5517,4998834.871,45.1265106,-75.67529599,7579
16--4357,2016/04/12,1:32 PM,GLENMANOR DR E @ VIEWMOUNT DR E (0001939),1939,03 - At intersection,03 - P.D. only,02 - Angle,01 - Clear,01 - Daylight,01 - Dry,02 - Stop sign,01 - Functioning,2,0,0,0,,0,,,,,365107.1803,5022900.406,45.34345791,-75.73044686,7580
16--4358,2016/04/12,1:33 PM,HIGHWAY 417 btwn HWY417 IC118 RAMP57 & HWY417 IC118 RAMP35 (__3ZA2YQ),__3ZA2YQ,01 - Non intersection,03 - P.D. only,04 - Sideswipe,01 - Clear,01 - Daylight,01 - Dry,10 - No control,,2,0,0,0,,0,,,,,369459.4977,5031040.292,45.41631041,-75.67384848,7581
16--4359,2016/04/12,1:50 PM,HWY417 IC144 RAMP63 btwn CARP RD & HWY417 IC144 RAMP62 (__3ZAY8P),__3ZAY8P,01 - Non intersection,03 - P.D. only,03 - Rear end,01 - Clear,01 - Daylight,02 - Wet,10 - No control,,2,0,0,0,,0,,,,,347368.7685,5015987.664,45.28255557,-75.95738044,7582
16--436,2016/01/11,7:45 PM,CAMPEAU DR @ TERON RD/COLCHESTER SQ (0009033),9033,03 - At intersection,02 - Non-fatal injury,05 - Turning movement,01 - Clear,07 - Dark,01 - Dry,01 - Traffic signal,01 - Functioning,2,0,0,0,01 - Minimal,2,2,,,,352563.7225,5020468.652,45.32254279,-75.89073273,7583
16--4360,2016/04/12,10:16 AM,BRONSON AVE @ COMMISSIONER ST/SLATER ST (0001679),1679,03 - At intersection,03 - P.D. only,05 - Turning movement,01 - Clear,01 - Daylight,01 - Dry,01 - Traffic signal,01 - Functioning,2,0,0,0,,0,,,,,366768.3938,5030948.866,45.41573129,-75.70824071,7584
16--4361,2016/04/12,10:29 AM,KING EDWARD AVE SB btwn ST. PATRICK ST & MURRAY ST (__3ZA3WE),__3ZA3WE,01 - Non intersection,03 - P.D. only,04 - Sideswipe,01 - Clear,01 - Daylight,01 - Dry,10 - No control,,2,0,0,0,,0,,,,,368256.5576,5032810.345,45.43234686,-75.6889888,7585
16--4362,2016/04/12,10:44 AM,CHARLOTTE ST @ RIDEAU ST (0002622),2622,03 - At intersection,03 - P.D. only,04 - Sideswipe,01 - Clear,01 - Daylight,02 - Wet,01 - Traffic signal,01 - Functioning,2,0,0,0,,0,,,,,369249.2498,5032859.363,45.43269712,-75.67629652,7586
16--4363,2016/04/12,10:57 AM,SMYTH RD btwn SAUNDERSON DR & CUBA AVE (__3ZA3R1),__3ZA3R1,01 - Non intersection,03 - P.D. only,04 - Sideswipe,01 - Clear,01 - Daylight,01 - Dry,10 - No control,,2,0,0,0,,0,,,,,372960.8203,5029341.942,45.40069713,-75.62935211,7587
16--4364,2016/04/12,2:18 PM,ST. JOSEPH BLVD @ FOREST VALLEY DR/YOUVILLE DR (0004440),4440,02 - Intersection related,03 - P.D. only,04 - Sideswipe,01 - Clear,01 - Daylight,01 - Dry,01 - Traffic signal,01 - Functioning,2,0,0,0,,0,,,,,379164.5166,5036156.815,45.46138115,-75.54909092,7588
16--4365,2016/04/12,4:15 PM,REGIONAL ROAD 174 btwn OR174 IC109 RAMP64 & OR174 IC105 RAMP16 (__3ZA2XD),__3ZA2XD,01 - Non intersection,03 - P.D. only,99 - Other,01 - Clear,01 - Daylight,01 - Dry,10 - No control,,2,0,0,0,,0,,,,,376952.0538,5035635.528,45.45692296,-75.57745473,7589
16--4366,2016/04/12,4:38 PM,SOMERSET ST    W btwn O'CONNOR ST & METCALFE ST (__3ZBOEW),__3ZBOEW,04 - At/near private drive,02 - Non-fatal injury,07 - SMV other,01 - Clear,01 - Daylight,01 - Dry,10 - No control,,1,0,0,1,02 - Minor,1,,1,,,367991.9426,5031093.316,45.41692158,-75.69259067,7590
16--4367,2016/04/12,5:09 PM,RICHMOND RD @ ROBERTSON RD (0000639),639,02 - Intersection related,03 - P.D. only,07 - SMV other,01 - Clear,01 - Daylight,01 - Dry,01 - Traffic signal,01 - Functioning,1,0,0,0,,0,,,,,357578.7774,5020748.808,45.32470451,-75.82673577,7591
16--4368,2016/04/12,5:15 PM,CARLING AVE @ CONNAUGHT AVE (0002143),2143,02 - Intersection related,03 - P.D. only,03 - Rear end,01 - Clear,01 - Daylight,01 - Dry,01 - Traffic signal,01 - Functioning,2,0,0,0,,0,,,,,360769.5539,5025117.739,45.36376891,-75.78554188,7592
16--4369,2016/04/12,5:21 PM,NEPEAN ST btwn O'CONNOR ST & METCALFE ST (__3ZA9U6),__3ZA9U6,01 - Non intersection,03 - P.D. only,04 - Sideswipe,01 - Clear,01 - Daylight,01 - Dry,10 - No control,,2,0,0,0,,0,,,,,367857.8603,5031310.135,45.41888454,-75.69427593,7593
16--437,2016/01/11,7:52 PM,ALTA VISTA DR @ SMYTH RD (0011353),11353,02 - Intersection related,02 - Non-fatal injury,03 - Rear end,01 - Clear,07 - Dark,01 - Dry,01 - Traffic signal,01 - Functioning,2,0,0,0,01 - Minimal,2,2,,,,370431.829,5029082.888,45.39860791,-75.66168694,7594
16--4370,2016/04/12,5:30 PM,ESSON ST btwn CHRIS LUND PRIV & HUNT CLUB RD (__3ZA46P),__3ZA46P,01 - Non intersection,03 - P.D. only,06 - SMV unattended vehicle,01 - Clear,01 - Daylight,01 - Dry,10 - No control,,1,0,0,0,,0,,,,,374627.4049,5025927.515,45.36981149,-75.60854968,7595
16--4371,2016/04/12,6:15 PM,MARCH RD btwn HERZBERG RD & CORKSTOWN RD (__3ZA2XV),__3ZA2XV,01 - Non intersection,03 - P.D. only,03 - Rear end,01 - Clear,01 - Daylight,01 - Dry,10 - No control,,2,0,0,0,,0,,,,,352647.5121,5020903.912,45.32645364,-75.88962192,7596
16--4372,2016/04/12,6:21 AM,HAWTHORNE RD/RUSSELL RD @ WALKLEY RD (0002618),2618,03 - At intersection,02 - Non-fatal injury,02 - Angle,01 - Clear,01 - Daylight,01 - Dry,01 - Traffic signal,01 - Functioning,2,0,0,0,02 - Minor,1,,1,,,374675.0301,5028500.461,45.39295691,-75.60757759,7597
16--4373,2016/04/12,6:30 PM,NORTHPARK DR @ RIDGEBURN GT (0004549),4549,02 - Intersection related,03 - P.D. only,07 - SMV other,03 - Snow,01 - Daylight,05 - Packed snow,02 - Stop sign,01 - Functioning,1,0,0,0,,0,,,,,378072.7462,5033304.723,45.43583535,-75.56347444,7598
16--4374,2016/04/12,6:41 PM,INNES RD @ ORLEANS BLVD (0003611),3611,02 - Intersection related,02 - Non-fatal injury,03 - Rear end,01 - Clear,01 - Daylight,01 - Dry,01 - Traffic signal,01 - Functioning,2,0,0,0,01 - Minimal,2,2,,,,380461.682,5034295.073,45.44449136,-75.53279265,7599
16--4375,2016/04/12,6:50 AM,HIGHWAY 417 btwn HWY417 IC134 RAMP35 & HWY417 IC134 RAMP25 (__3ZA29D),__3ZA29D,01 - Non intersection,03 - P.D. only,07 - SMV other,01 - Clear,01 - Daylight,01 - Dry,10 - No control,,1,0,0,0,,0,,,,,356411.9027,5022240.646,45.338215,-75.84146427,7600
16--4376,2016/04/12,7:27 AM,JEANNE D'ARC BLVD  S btwn BOYER RD & ORLEANS BLVD (__3ZA2BO),__3ZA2BO,01 - Non intersection,03 - P.D. only,03 - Rear end,01 - Clear,01 - Daylight,01 - Dry,10 - No control,,3,0,0,0,,0,,,,,380784.0718,5036215.255,45.46173268,-75.52837539,7601
16--4377,2016/04/12,7:53 AM,WEST HUNT CLUB RD EB btwn ANTARES DR/LASER ST & PRINCE OF WALES DR (__3ZA3KH),__3ZA3KH,01 - Non intersection,03 - P.D. only,04 - Sideswipe,01 - Clear,01 - Daylight,01 - Dry,10 - No control,,2,0,0,0,,0,,,,,367351.0551,5021899.321,45.33425384,-75.70194306,7602
16--4378,2016/04/12,8:08 AM,EAGLESON RD @ FLEWELLYN RD (0000121),121,02 - Intersection related,03 - P.D. only,03 - Rear end,01 - Clear,01 - Daylight,02 - Wet,02 - Stop sign,00 - Unknown,2,0,0,0,,0,,,,,355332.7446,5014248.792,45.26638143,-75.85604741,7603
16--4379,2016/04/12,8:20 AM,PARKDALE AVE btwn INGLEWOOD PL & CARLING AVE (__3ZA4OR),__3ZA4OR,04 - At/near private drive,03 - P.D. only,02 - Angle,01 - Clear,01 - Daylight,01 - Dry,10 - No control,,2,0,0,0,,0,,,,,365591.4286,5028255.956,45.39160438,-75.72360917,7604
16--438,2016/01/11,7:57 AM,MCCARTHY RD @ PLANTE DR N (0007480),7480,02 - Intersection related,03 - P.D. only,03 - Rear end,01 - Clear,01 - Daylight,03 - Loose snow,01 - Traffic signal,01 - Functioning,2,0,0,0,,0,,,,,369605.5509,5024193.155,45.35468858,-75.67288154,7605
16--4380,2016/04/12,8:30 AM,OLMSTEAD ST @ JEANNE MANCE ST (0009887),9887,03 - At intersection,03 - P.D. only,02 - Angle,01 - Clear,01 - Daylight,01 - Dry,02 - Stop sign,01 - Functioning,2,0,0,0,,0,,,,,370466.9616,5032942.833,45.43333486,-75.6607239,7606
16--4381,2016/04/12,8:40 AM,CRICHTON ST btwn VAUGHAN ST & ST. PATRICK ST (__3ZA8V4),__3ZA8V4,01 - Non intersection,03 - P.D. only,04 - Sideswipe,01 - Clear,01 - Daylight,01 - Dry,10 - No control,,2,0,0,0,,0,,,,,369110.7405,5033501.656,45.43848897,-75.67798267,7607
16--4382,2016/04/12,8:46 AM,AIRPORT PKWY btwn RAMP & AIRPORT PKWY (2) (__3ZA22Z),__3ZA22Z,01 - Non intersection,03 - P.D. only,03 - Rear end,01 - Clear,01 - Daylight,01 - Dry,10 - No control,,2,0,0,0,,0,,,,,370834.4652,5024041.809,45.35321216,-75.65721872,7608
16--4383,2016/04/12,9:36 PM,LEITRIM RD btwn RAMSAYVILLE RD & ANDERSON RD (__3ZA2BA),__3ZA2BA,01 - Non intersection,03 - P.D. only,03 - Rear end,01 - Clear,07 - Dark,01 - Dry,10 - No control,,2,0,0,0,,0,,,,,378918.9814,5023995.476,45.3519874,-75.55405838,7609
16--4384,2016/04/12,9:39 PM,ST. LAURENT BLVD btwn PLEASANT PARK RD & CONNERY AVE (__3ZA76H),__3ZA76H,04 - At/near private drive,03 - P.D. only,05 - Turning movement,01 - Clear,07 - Dark,01 - Dry,10 - No control,,2,0,0,0,,0,,,,,373605.1436,5028776.674,45.39554808,-75.6212017,7610
16--4385,2016/04/12,9:58 AM,GREENBANK RD @ STRANDHERD DR (0005563),5563,02 - Intersection related,02 - Non-fatal injury,03 - Rear end,01 - Clear,01 - Daylight,01 - Dry,01 - Traffic signal,01 - Functioning,2,0,0,0,01 - Minimal,1,1,,,,363933.2247,5014783.728,45.27052432,-75.74639427,7611
16--4386,2016/04/13,1:26 PM,ST. JOSEPH BLVD/OLD MONTREAL RD @ TRIM RD (0004118),4118,03 - At intersection,03 - P.D. only,03 - Rear end,01 - Clear,01 - Daylight,01 - Dry,11 - Roundabout,01 - Functioning,2,0,0,0,,0,,,,,384681.8906,5039284.069,45.48890812,-75.47804194,7612
16--4387,2016/04/13,10:23 PM,EAGLESON RD @ HAZELDEAN RD/ROBERTSON RD (0002715),2715,03 - At intersection,03 - P.D. only,03 - Rear end,01 - Clear,07 - Dark,01 - Dry,01 - Traffic signal,01 - Functioning,2,0,0,0,,0,,,,,353672.738,5018424.903,45.3040764,-75.87678872,7613
16--4388,2016/04/13,10:35 AM,SLATER ST btwn BAY ST & LYON ST N (__3ZA33A),__3ZA33A,01 - Non intersection,03 - P.D. only,04 - Sideswipe,01 - Clear,01 - Daylight,01 - Dry,10 - No control,,2,0,0,0,,0,,,,,367091.2824,5031144.749,45.41746512,-75.70409086,7614
16--4393,2016/04/13,3:05 PM,BANK ST btwn CATHERINE ST & CHAMBERLAIN AVE N/ISABELLA ST (__3ZA3PO),__3ZA3PO,01 - Non intersection,02 - Non-fatal injury,03 - Rear end,01 - Clear,01 - Daylight,01 - Dry,10 - No control,,3,0,0,0,01 - Minimal,1,1,,,,368051.1532,5030240.412,45.40924207,-75.69194366,7615
16--4126,2016/04/06,4:49 PM,AIRPORT PKWY btwn RAMP & AIRPORT PKWY (2) (__3ZA22Z),__3ZA22Z,01 - Non intersection,03 - P.D. only,04 - Sideswipe,01 - Clear,01 - Daylight,03 - Loose snow,10 - No control,,2,0,0,0,,0,,,,,371029.0129,5023669.448,45.34984342,-75.6547859,7616
16--4394,2016/04/13,3:20 PM,REGIONAL ROAD 174 EB btwn HWY417 IC113 RAMP65 & OR174 BLAIR IC112 RAMP51 (__3ZAZFJ),__3ZAZFJ,01 - Non intersection,02 - Non-fatal injury,04 - Sideswipe,01 - Clear,01 - Daylight,01 - Dry,10 - No control,,2,0,0,0,02 - Minor,1,,1,,,374627.8321,5032694.975,45.43070168,-75.6075861,7617
16--4127,2016/04/06,4:50 PM,GOULBOURN FORCED RD btwn KANATA ROCKERIES PRIV & KANATA AVE (__3ZA2H6),__3ZA2H6,01 - Non intersection,03 - P.D. only,07 - SMV other,03 - Snow,01 - Daylight,03 - Loose snow,10 - No control,,1,0,0,0,,0,,,,,349610.6662,5020577.063,45.32371302,-75.92838974,7618
16--4395,2016/04/13,3:24 PM,CONROY RD @ HUNT CLUB RD (0002257),2257,02 - Intersection related,03 - P.D. only,03 - Rear end,01 - Clear,01 - Daylight,01 - Dry,01 - Traffic signal,01 - Functioning,2,0,0,0,,0,,,,,373764.5457,5025404.055,45.36518706,-75.61963711,7619
16--4128,2016/04/06,4:55 PM,GREENBANK RD btwn WEST HUNT CLUB RD & FALLOWFIELD RD (__3ZA1NE),__3ZA1NE,01 - Non intersection,03 - P.D. only,01 - Approaching,03 - Snow,01 - Daylight,03 - Loose snow,10 - No control,,2,0,0,0,,0,,,,,362923.2762,5017101.94,45.29146785,-75.75899268,7620
16--4396,2016/04/13,3:47 PM,FISHER AVE btwn EMPEROR AVE & TRENT ST (__3ZA3AH),__3ZA3AH,01 - Non intersection,03 - P.D. only,03 - Rear end,01 - Clear,01 - Daylight,01 - Dry,10 - No control,,3,0,0,0,,0,,,,,365763.2193,5026976.27,45.38007511,-75.72157342,7621
16--4129,2016/04/06,5:00 PM,ANDERSON RD btwn DOLMAN RIDGE RD & RIDGE RD (__3ZA2B6),__3ZA2B6,01 - Non intersection,03 - P.D. only,01 - Approaching,03 - Snow,01 - Daylight,03 - Loose snow,10 - No control,,3,0,0,0,,0,,,,,378851.0062,5028982.095,45.39686122,-75.55417812,7622
16--4397,2016/04/13,4:00 PM,NAVAHO DR @ WOODROFFE AVE/TRANSITWAY N BASELIN (0010359),10359,03 - At intersection,03 - P.D. only,05 - Turning movement,01 - Clear,01 - Daylight,01 - Dry,01 - Traffic signal,01 - Functioning,2,0,0,0,,0,,,,,362706.4664,5023492.577,45.34898851,-75.76100936,7623
16--4398,2016/04/13,4:20 PM,REVELSTOKE DR @ RIVERSIDE DR (0006918),6918,02 - Intersection related,03 - P.D. only,03 - Rear end,01 - Clear,01 - Daylight,01 - Dry,01 - Traffic signal,01 - Functioning,2,0,0,0,,0,,,,,368217.4878,5024423.742,45.35689025,-75.69056613,7624
16--413,2016/01/11,4:00 PM,MONTREAL RD @ SHEFFORD RD (0012423),12423,03 - At intersection,03 - P.D. only,05 - Turning movement,01 - Clear,05 - Dusk,01 - Dry,01 - Traffic signal,01 - Functioning,2,0,0,0,,0,,,,,376124.98,5034853.95,45.44997573,-75.58814179,7625
16--4399,2016/04/13,4:30 PM,INDUSTRIAL AVE btwn RUSSELL RD & ST. LAURENT BLVD (__3ZA3R7),__3ZA3R7,04 - At/near private drive,03 - P.D. only,05 - Turning movement,01 - Clear,01 - Daylight,01 - Dry,10 - No control,,2,0,0,0,,0,,,,,373013.1124,5029963.208,45.4062819,-75.6285983,7626
16--4130,2016/04/06,5:02 PM,FALLOWFIELD RD @ MERIVALE RD (0000587),587,02 - Intersection related,03 - P.D. only,03 - Rear end,03 - Snow,01 - Daylight,04 - Slush,01 - Traffic signal,01 - Functioning,2,0,0,0,,0,,,,,366891.04,5018844.918,45.30681161,-75.70819452,7627
16--44,2016/01/02,7:45 AM,PRESTON ST btwn PAMILLA ST & ADELINE ST (__3ZBODV),__3ZBODV,01 - Non intersection,03 - P.D. only,06 - SMV unattended vehicle,01 - Clear,03 - Dawn,02 - Wet,10 - No control,,1,0,0,0,,0,,,,,366763.4227,5029083.614,45.39894871,-75.70853865,7628
16--4131,2016/04/06,5:05 PM,HAZELDEAN RD @ SWEETNAM DR (0005271),5271,03 - At intersection,03 - P.D. only,05 - Turning movement,03 - Snow,01 - Daylight,03 - Loose snow,02 - Stop sign,01 - Functioning,2,0,0,0,,0,,,,,350475.3623,5015656.217,45.27937812,-75.91781351,7629
16--4132,2016/04/06,5:09 PM,BAYFIELD AVE @ CARLING AVE (0000580),580,03 - At intersection,03 - P.D. only,03 - Rear end,03 - Snow,01 - Daylight,03 - Loose snow,02 - Stop sign,01 - Functioning,2,0,0,0,,0,,,,,352345.5291,5022370.841,45.33967387,-75.89333311,7630
16--4133,2016/04/06,5:19 PM,RUSSELL RD btwn ANDERSON RD & FARMERS WAY (__3ZA2CI),__3ZA2CI,01 - Non intersection,02 - Non-fatal injury,01 - Approaching,03 - Snow,01 - Daylight,03 - Loose snow,10 - No control,,2,0,0,0,01 - Minimal,1,1,,,,381364.2265,5026224.215,45.37177742,-75.52251021,7631
16--4134,2016/04/06,5:19 PM,FALLOWFIELD RD @ LARKIN DR (0000555),555,02 - Intersection related,03 - P.D. only,03 - Rear end,03 - Snow,01 - Daylight,03 - Loose snow,01 - Traffic signal,01 - Functioning,2,0,0,0,,0,,,,,361721.4422,5015913.66,45.28087402,-75.7744498,7632
16--4135,2016/04/06,5:22 PM,HAZELDEAN RD @ HUNTMAR DR/IBER RD (0000075),75,02 - Intersection related,03 - P.D. only,03 - Rear end,03 - Snow,01 - Daylight,04 - Slush,01 - Traffic signal,01 - Functioning,2,0,0,0,,0,,,,,350946.2547,5016080.422,45.28316449,-75.9117723,7633
16--4136,2016/04/06,5:25 PM,COLONEL BY DR/SUSSEX DR @ RIDEAU ST (0007647),7647,02 - Intersection related,03 - P.D. only,03 - Rear end,03 - Snow,01 - Daylight,04 - Slush,01 - Traffic signal,01 - Functioning,2,0,0,0,,0,,,,,367923.2565,5032045.308,45.42549348,-75.69334622,7634
16--4137,2016/04/06,5:29 PM,FIRST LINE RD/RIDEAU VALLEY DR @ ROGER STEVENS (0003086),3086,03 - At intersection,03 - P.D. only,02 - Angle,03 - Snow,01 - Daylight,03 - Loose snow,02 - Stop sign,01 - Functioning,2,0,0,0,,0,,,,,371491.391,5002404.374,45.15846002,-75.65173919,7635
16--4138,2016/04/06,5:31 PM,BOWESVILLE RD btwn HIGH RD & EARL ARMSTRONG RD (__3ZA7ZY),__3ZA7ZY,01 - Non intersection,03 - P.D. only,07 - SMV other,03 - Snow,01 - Daylight,03 - Loose snow,10 - No control,,1,0,0,0,,0,,,,,371773.3081,5019181.302,45.30938974,-75.64589546,7636
16--4139,2016/04/06,5:34 PM,ProposedCANYON WALK DR @ EARL ARMSTRONG RD (0013180),13180,02 - Intersection related,03 - P.D. only,05 - Turning movement,03 - Snow,01 - Daylight,03 - Loose snow,01 - Traffic signal,01 - Functioning,2,0,0,0,,0,,,,,369397.0839,5015631.712,45.27767371,-75.67665833,7637
16--414,2016/01/11,4:10 PM,OGILVIE RD btwn BLAIR RD & DUNHAM ST (__3ZA2DP),__3ZA2DP,01 - Non intersection,03 - P.D. only,04 - Sideswipe,01 - Clear,01 - Daylight,01 - Dry,10 - No control,,4,0,0,0,,0,,,,,374703.7464,5033315.032,45.43627302,-75.60652799,7638
16--4140,2016/04/06,5:36 PM,REGIONAL ROAD 174 EB btwn HWY417 IC113 RAMP65 & OR174 BLAIR IC112 RAMP51 (__3ZAZFJ),__3ZAZFJ,01 - Non intersection,03 - P.D. only,03 - Rear end,03 - Snow,01 - Daylight,05 - Packed snow,10 - No control,,2,0,0,0,,0,,,,,374783.7422,5032807.087,45.43169481,-75.60557785,7639
16--4141,2016/04/06,5:37 PM,RIDEAU VALLEY DR btwn BARNSDALE RD & BANKFIELD RD (__3ZAZ7W),__3ZAZ7W,01 - Non intersection,03 - P.D. only,01 - Approaching,03 - Snow,01 - Daylight,03 - Loose snow,10 - No control,,2,0,0,0,,0,,,,,367529.8422,5010966.944,45.23586947,-75.70104432,7640
16--4142,2016/04/06,5:37 PM,WELLINGTON ST @ LETT ST (0012269),12269,03 - At intersection,03 - P.D. only,02 - Angle,03 - Snow,01 - Daylight,04 - Slush,01 - Traffic signal,01 - Functioning,2,0,0,0,,0,,,,,366355.6598,5031111.035,45.41722687,-75.71349339,7641
16--4143,2016/04/06,5:41 PM,RIVERSIDE DR btwn RIVERSIDE DR & RIVER RD (__7IFXUL),__7IFXUL,01 - Non intersection,02 - Non-fatal injury,07 - SMV other,03 - Snow,01 - Daylight,03 - Loose snow,10 - No control,,1,0,0,0,02 - Minor,1,,1,,,368399.9686,5020499.528,45.32156449,-75.68874167,7642
16--4144,2016/04/06,5:41 PM,LEES AVE / GRAHAM AVE @ MAIN ST (0002252),2252,02 - Intersection related,03 - P.D. only,03 - Rear end,03 - Snow,01 - Daylight,03 - Loose snow,01 - Traffic signal,01 - Functioning,2,0,0,0,,0,,,,,369002.8291,5030560.346,45.41203408,-75.67974523,7643
16--4145,2016/04/06,5:42 PM,BATHGATE DR btwn LEIGH CRES & LEIGH CRES (__3ZA7U7),__3ZA7U7,01 - Non intersection,03 - P.D. only,99 - Other,03 - Snow,01 - Daylight,04 - Slush,10 - No control,,2,0,0,0,,0,,,,,373802.7699,5032992.077,45.43345674,-75.61808767,7644
16--4146,2016/04/06,5:42 PM,RIDEAU RD btwn BOWESVILLE RD & ALBION RD (__3ZBOY3),__3ZBOY3,01 - Non intersection,03 - P.D. only,03 - Rear end,03 - Snow,01 - Daylight,04 - Slush,10 - No control,,2,0,0,0,,0,,,,,373489.9059,5015642.098,45.27737922,-75.62449653,7645
16--4147,2016/04/06,5:44 PM,CARLING AVE btwn DAVIDSON'S SIDE RD & GRANDVIEW RD (__3ZA4Z8),__3ZA4Z8,01 - Non intersection,02 - Non-fatal injury,01 - Approaching,03 - Snow,01 - Daylight,03 - Loose snow,10 - No control,,2,0,0,0,02 - Minor,2,1,1,,,355630.7001,5024088.651,45.35490057,-75.85124136,7646
16--4148,2016/04/06,5:45 PM,DUNROBIN RD @ PORCUPINE TR (0001685),1685,02 - Intersection related,03 - P.D. only,03 - Rear end,03 - Snow,01 - Daylight,03 - Loose snow,02 - Stop sign,01 - Functioning,2,0,0,0,,0,,,,,341947.2736,5031874.811,45.4258212,-76.02529139,7647
16--4149,2016/04/06,5:45 PM,55 S OF RIDEAU ST @ COLONEL BY DR (0016433),16433,02 - Intersection related,03 - P.D. only,03 - Rear end,03 - Snow,01 - Daylight,04 - Slush,01 - Traffic signal,01 - Functioning,2,0,0,0,,0,,,,,367938.6397,5031987.914,45.42497568,-75.69315701,7648
16--415,2016/01/11,4:33 PM,CUMBERLAND ST btwn CLARENCE ST & YORK ST (__3ZA7AT),__3ZA7AT,01 - Non intersection,01 - Fatal injury,04 - Sideswipe,01 - Clear,01 - Daylight,01 - Dry,10 - No control,,3,1,0,0,04 - Fatal,1,,,,1,368224.1859,5032587.848,45.43034785,-75.68943115,7649
16--4150,2016/04/06,5:45 PM,ORCHARDVIEW AVE @ GARDENWAY DR (0012937),12937,02 - Intersection related,03 - P.D. only,03 - Rear end,03 - Snow,01 - Daylight,03 - Loose snow,02 - Stop sign,01 - Functioning,2,0,0,0,,0,,,,,384736.8178,5036807.429,45.46661941,-75.47774238,7650