Anom_ID,Accident_Date,Accident_Time,Location,Geo_ID,Accident_Location,Classification_of_Accident,Initial_Impact_Type,Environment_Condition,Light,Road_Surface_Condition,Traffic_Control,Traffic_Control_Condition,No__of_Vehicles,No__of_Bicycles,No__of_Motorcycles,No__of_Pedestrians,Max_Injury,No__of_Injuries,No__of_Minimal,No__of_Minor,No__of_Major,No__of_Fatal,X,Y,Latitude,Longitude,ObjectId
16--4151,2016/04/06,5:48 PM,HINES RD @ SOLANDT RD (0011896),11896,03 - At intersection,03 - P.D. only,02 - Angle,03 - Snow,01 - Daylight,03 - Loose snow,10 - No control,,2,0,0,0,,0,,,,,350331.0175,5022568.193,45.34158332,-75.91901816,7651
16--4152,2016/04/06,5:51 PM,ANDERSON RD btwn RIDGE RD & RUSSELL RD (__3ZA2B4),__3ZA2B4,01 - Non intersection,03 - P.D. only,03 - Rear end,03 - Snow,01 - Daylight,06 - Ice,10 - No control,,2,0,0,0,,0,,,,,379037.4039,5028488.432,45.39239981,-75.55187195,7652
16--4153,2016/04/06,5:51 PM,FRANK BENDER ST @ JEANNE D'ARC BLVD (0003635),3635,02 - Intersection related,03 - P.D. only,03 - Rear end,03 - Snow,01 - Daylight,05 - Packed snow,01 - Traffic signal,01 - Functioning,2,0,0,0,,0,,,,,381870.5262,5035883.35,45.45862746,-75.51453674,7653
16--4154,2016/04/06,5:51 PM,CRESTWAY DR btwn GRAND GALA DR & PRINCE OF WALES DR (__3ZADK2),__3ZADK2,04 - At/near private drive,03 - P.D. only,05 - Turning movement,03 - Snow,01 - Daylight,03 - Loose snow,10 - No control,,2,0,0,0,,0,,,,,367356.4163,5016579.373,45.28638521,-75.70254625,7654
16--4155,2016/04/06,5:52 PM,COPE DR @ TERRY FOX (0009143),9143,02 - Intersection related,03 - P.D. only,03 - Rear end,03 - Snow,01 - Daylight,03 - Loose snow,01 - Traffic signal,01 - Functioning,2,0,0,0,,0,,,,,353997.4941,5015345.532,45.27634485,-75.87295317,7655
16--4156,2016/04/06,5:57 PM,HERON RD btwn FINN CRT & BAYCREST DR (__3ZBOFO),__3ZBOFO,04 - At/near private drive,03 - P.D. only,02 - Angle,03 - Snow,01 - Daylight,03 - Loose snow,10 - No control,,2,0,0,0,,0,,,,,371044.3848,5026968.021,45.37952143,-75.65414753,7656
16--4157,2016/04/06,5:58 PM,STEEPLE HILL CRES btwn FALLOWFIELD RD & RUSHMORE RD (__3ZAB48),__3ZAB48,01 - Non intersection,02 - Non-fatal injury,07 - SMV other,03 - Snow,01 - Daylight,03 - Loose snow,10 - No control,,1,0,0,0,02 - Minor,1,,1,,,358586.0793,5013952.752,45.26347636,-75.81462422,7657
16--4158,2016/04/06,6:00 PM,NAVAN RD btwn MER BLEUE RD & DIAMOND WAY (__3ZA3YZ),__3ZA3YZ,01 - Non intersection,02 - Non-fatal injury,01 - Approaching,03 - Snow,01 - Daylight,05 - Packed snow,10 - No control,,2,0,0,0,01 - Minimal,1,1,,,,384151.8018,5032184.355,45.42509182,-75.48596813,7658
16--4159,2016/04/06,6:00 PM,MERIVALE RD @ PINEGLEN CRES (0000053),53,02 - Intersection related,03 - P.D. only,03 - Rear end,03 - Snow,01 - Daylight,03 - Loose snow,02 - Stop sign,01 - Functioning,2,0,0,0,,0,,,,,366242.4856,5020412.705,45.32097541,-75.71626989,7659
16--416,2016/01/11,4:40 PM,HIGHWAY 417 btwn HWY417 IC96 RAMP61 & HIGHWAY 417 (__3ZA271),__3ZA271,01 - Non intersection,03 - P.D. only,07 - SMV other,01 - Clear,05 - Dusk,01 - Dry,10 - No control,,1,0,0,0,,0,,,,,387465.4084,5023877.216,45.34996806,-75.44502221,7660
16--4160,2016/04/06,6:06 PM,PINECREST RD @ RICHMOND RD (0002353),2353,02 - Intersection related,03 - P.D. only,03 - Rear end,03 - Snow,01 - Daylight,03 - Loose snow,01 - Traffic signal,01 - Functioning,2,0,0,0,,0,,,,,360071.9986,5024470.393,45.35799945,-75.79451797,7661
16--4161,2016/04/06,6:09 PM,PAUL ANKA DR btwn UPLANDS DR & SAMPLE RD (__3ZA9BL),__3ZA9BL,01 - Non intersection,03 - P.D. only,06 - SMV unattended vehicle,03 - Snow,05 - Dusk,06 - Ice,10 - No control,,1,0,0,0,,0,,,,,369415.001,5023489.45,45.34837441,-75.67540525,7662
16--4162,2016/04/06,6:18 PM,CENTER ST @ MONTREAL RD (0002691),2691,03 - At intersection,03 - P.D. only,05 - Turning movement,03 - Snow,05 - Dusk,03 - Loose snow,02 - Stop sign,01 - Functioning,2,0,0,0,,0,,,,,371822.3815,5033951.812,45.44228459,-75.6432651,7663
16--4163,2016/04/06,6:19 PM,DORION AVE btwn ALTA VISTA DR & BLAIR ST (__3ZA96S),__3ZA96S,01 - Non intersection,03 - P.D. only,01 - Approaching,03 - Snow,05 - Dusk,05 - Packed snow,10 - No control,,2,0,0,0,,0,,,,,370792.1125,5030102.793,45.40775076,-75.65694907,7664
16--4164,2016/04/06,6:20 PM,DATA CENTRE RD @ RIVERSIDE DR (0010863),10863,02 - Intersection related,03 - P.D. only,04 - Sideswipe,03 - Snow,01 - Daylight,04 - Slush,01 - Traffic signal,01 - Functioning,2,0,0,0,,0,,,,,368897.6685,5027671.688,45.38605251,-75.68146401,7665
16--4165,2016/04/06,6:25 PM,PLACE D'ORLEANS @ CENTRUM BLVD/PLACE D'ORLEANS (0004167),4167,02 - Intersection related,03 - P.D. only,03 - Rear end,03 - Snow,01 - Daylight,03 - Loose snow,01 - Traffic signal,01 - Functioning,2,0,0,0,,0,,,,,381964.1293,5038137.843,45.47890114,-75.51298608,7666
16--4166,2016/04/06,6:26 PM,SLATER ST btwn BANK ST & O'CONNOR ST (__3ZA35K),__3ZA35K,01 - Non intersection,03 - P.D. only,03 - Rear end,03 - Snow,01 - Daylight,03 - Loose snow,10 - No control,,2,0,0,0,,0,,,,,367436.5992,5031361.535,45.41938486,-75.69965155,7667
16--4167,2016/04/06,6:27 PM,BIRCH AVE @ HEMLOCK RD (0007169),7169,02 - Intersection related,03 - P.D. only,03 - Rear end,03 - Snow,05 - Dusk,04 - Slush,01 - Traffic signal,01 - Functioning,2,0,0,0,,0,,,,,370286.4877,5034693.498,45.44910351,-75.6627973,7668
16--4168,2016/04/06,6:30 PM,DUNROBIN RD btwn CONSTANCE BAY RD & KINBURN SIDE RD (__3ZA3FF),__3ZA3FF,01 - Non intersection,03 - P.D. only,07 - SMV other,03 - Snow,05 - Dusk,03 - Loose snow,10 - No control,,1,0,0,0,,0,,,,,336824.1677,5037162.13,45.47365132,-76.09041403,7669
16--4169,2016/04/06,6:30 PM,HIGHWAY 417 btwn HWY417 IC115 RAMP35 & HIGHWAY 417 (__3ZA2US),__3ZA2US,01 - Non intersection,03 - P.D. only,03 - Rear end,03 - Snow,01 - Daylight,03 - Loose snow,10 - No control,,2,0,0,0,,0,,,,,372473.5553,5031501.127,45.42017177,-75.63527902,7670
16--417,2016/01/11,4:51 PM,HAWTHORNE RD btwn HUNT CLUB RD & HAWTHORNE RD (__3ZA8MK),__3ZA8MK,01 - Non intersection,03 - P.D. only,04 - Sideswipe,01 - Clear,05 - Dusk,01 - Dry,10 - No control,,2,0,0,0,,0,,,,,375519.7574,5026379.137,45.37378549,-75.59709423,7671
16--4170,2016/04/06,6:32 PM,RIVERSIDE DR @ UPLANDS DR/KIMBERWICK CRES N (0006890),6890,03 - At intersection,03 - P.D. only,05 - Turning movement,03 - Snow,01 - Daylight,03 - Loose snow,01 - Traffic signal,01 - Functioning,2,0,0,0,,0,,,,,368194.4913,5022793.5,45.34222378,-75.6910686,7672
16--4171,2016/04/06,6:38 PM,VANIER PKWY SB btwn VANIER PKWY & DONALD ST (__3ZA2TN),__3ZA2TN,01 - Non intersection,03 - P.D. only,07 - SMV other,03 - Snow,01 - Daylight,05 - Packed snow,10 - No control,,1,0,0,0,,0,,,,,370286.1239,5032336.579,45.427897,-75.66311552,7673
16--4172,2016/04/06,6:58 PM,MONTREAL RD @ NORTH RIVER RD (0009805),9805,02 - Intersection related,02 - Non-fatal injury,03 - Rear end,03 - Snow,05 - Dusk,05 - Packed snow,01 - Traffic signal,01 - Functioning,4,0,0,0,02 - Minor,1,,1,,,369738.6886,5032888.021,45.4329097,-75.67003805,7674
16--4173,2016/04/06,7:00 PM,ELGIN ST @ SLATER ST (0002228),2228,02 - Intersection related,03 - P.D. only,04 - Sideswipe,03 - Snow,05 - Dusk,03 - Loose snow,01 - Traffic signal,01 - Functioning,2,0,0,0,,0,,,,,367891.8275,5031647.247,45.4219147,-75.69379879,7675
16--4174,2016/04/06,7:00 PM,INNES RD @ 215 W OF CYRVILLE RD/HOME DEPOT W (0012457),12457,02 - Intersection related,03 - P.D. only,03 - Rear end,03 - Snow,05 - Dusk,03 - Loose snow,01 - Traffic signal,01 - Functioning,2,0,0,0,,0,,,,,374864.0568,5031001.004,45.41543662,-75.6048084,7676
16--4175,2016/04/06,7:00 PM,CONSTELLATION CRES @ BASELINE RD (0011415),11415,03 - At intersection,03 - P.D. only,02 - Angle,03 - Snow,05 - Dusk,04 - Slush,01 - Traffic signal,01 - Functioning,2,0,0,0,,0,,,,,362272.4369,5023595.628,45.34995146,-75.76653592,7677
16--4176,2016/04/06,7:00 PM,OTTAWA RIVER PKWY WB btwn RAMP & RAMP (__3ZA24R),__3ZA24R,01 - Non intersection,03 - P.D. only,03 - Rear end,03 - Snow,05 - Dusk,05 - Packed snow,10 - No control,,3,0,0,0,,0,,,,,364742.7525,5030441.883,45.41134604,-75.73418127,7678
16--4177,2016/04/06,7:01 PM,EAGLESON RD @ FALLOWFIELD RD (0000118),118,02 - Intersection related,03 - P.D. only,03 - Rear end,03 - Snow,05 - Dusk,03 - Loose snow,01 - Traffic signal,01 - Functioning,2,0,0,0,,0,,,,,355961.4099,5012594.406,45.25144943,-75.84820702,7679
16--4178,2016/04/06,7:09 PM,LESTER RD btwn ALBION RD & UPLANDS DR (__3ZA2SC),__3ZA2SC,01 - Non intersection,03 - P.D. only,01 - Approaching,03 - Snow,07 - Dark,03 - Loose snow,10 - No control,,2,0,0,0,,0,,,,,372364.283,5022106.323,45.33565159,-75.6379606,7680
16--4179,2016/04/06,7:20 AM,CALAVERAS AVE btwn PALMADEO DR & BEATRICE DR (__37YYUT),__37YYUT,04 - At/near private drive,03 - P.D. only,99 - Other,01 - Clear,01 - Daylight,01 - Dry,10 - No control,,2,0,0,0,,0,,,,,365206.1384,5015999.686,45.28135729,-75.7300255,7681
16--418,2016/01/11,4:59 PM,BRADY AVE btwn HUNTERBROOK ST N & STATEWOOD DR (__5GN1MP),__5GN1MP,04 - At/near private drive,03 - P.D. only,06 - SMV unattended vehicle,01 - Clear,05 - Dusk,01 - Dry,10 - No control,,1,0,0,0,,0,,,,,348649.8126,5022840.116,45.34413726,-75.94044541,7682
16--4180,2016/04/06,7:20 PM,MONTREAL RD @ NORTH RIVER RD (0009805),9805,02 - Intersection related,03 - P.D. only,03 - Rear end,03 - Snow,01 - Daylight,03 - Loose snow,01 - Traffic signal,01 - Functioning,2,0,0,0,,0,,,,,369739.0353,5032886.463,45.43289565,-75.67003382,7683
16--4181,2016/04/06,7:22 PM,GREENBANK RD btwn WEST HUNT CLUB RD & FALLOWFIELD RD (__3ZA1NE),__3ZA1NE,01 - Non intersection,03 - P.D. only,07 - SMV other,03 - Snow,05 - Dusk,03 - Loose snow,10 - No control,,1,0,0,0,,0,,,,,361882.2779,5019588.113,45.31392381,-75.77197689,7684
16--4182,2016/04/06,7:25 PM,BOYER RD btwn HARTLAND ST & BEAUSEJOUR DR (__3ZA6D1),__3ZA6D1,04 - At/near private drive,03 - P.D. only,02 - Angle,03 - Snow,07 - Dark,05 - Packed snow,10 - No control,,2,0,0,0,,0,,,,,380741.9394,5036051.713,45.46026584,-75.52893933,7685
16--4183,2016/04/06,7:26 PM,ST. JOSEPH BLVD/OLD MONTREAL RD @ TRIM RD (0004118),4118,03 - At intersection,03 - P.D. only,07 - SMV other,03 - Snow,07 - Dark,03 - Loose snow,11 - Roundabout,01 - Functioning,1,0,0,0,,0,,,,,384679.6216,5039284.069,45.48890838,-75.47807096,7686
16--4184,2016/04/06,7:30 PM,CHARLEMAGNE BLVD btwn TENTH LINE RD & VALADE CRES (__3ZA1V1),__3ZA1V1,01 - Non intersection,03 - P.D. only,01 - Approaching,03 - Snow,07 - Dark,03 - Loose snow,10 - No control,,2,0,0,0,,0,,,,,383201.0769,5037986.04,45.47739755,-75.49719081,7687
16--4185,2016/04/06,7:35 AM,HAWTHORNE RD btwn LEITRIM RD & LOUISEIZE RD (__3ZBO24),__3ZBO24,01 - Non intersection,03 - P.D. only,99 - Other,01 - Clear,01 - Daylight,01 - Dry,10 - No control,,2,0,0,0,,0,,,,,377593.061,5021403.918,45.32880873,-75.57135944,7688
16--4186,2016/04/06,7:37 PM,HWY417 IC134 RAMP35 btwn HIGHWAY 417 & MOODIE DR (__3ZAY6M),__3ZAY6M,01 - Non intersection,03 - P.D. only,04 - Sideswipe,03 - Snow,07 - Dark,04 - Slush,10 - No control,,2,0,0,0,,0,,,,,356334.3808,5022179.562,45.33767106,-75.8424597,7689
16--4187,2016/04/06,7:47 AM,HIGHWAY 7 btwn HWY 7 HAZELDEAN RD IC RAMP 34 & HAZELDEAN RD IC RAMP 63 (__7JQ7KU),__7JQ7KU,01 - Non intersection,03 - P.D. only,07 - SMV other,03 - Snow,01 - Daylight,03 - Loose snow,10 - No control,,1,0,0,0,,0,,,,,346363.3752,5012322.869,45.24963837,-75.9705022,7690
16--4188,2016/04/06,7:49 PM,BAYSWATER AVE @ SOMERSET ST (0006486),6486,02 - Intersection related,03 - P.D. only,07 - SMV other,03 - Snow,07 - Dark,03 - Loose snow,01 - Traffic signal,01 - Functioning,1,0,0,0,,0,,,,,365813.3739,5029912.241,45.40648793,-75.72057,7691
16--4189,2016/04/06,8:10 PM,STRANDHERD DR @ LONGFIELDS DR (0010935),10935,03 - At intersection,03 - P.D. only,02 - Angle,03 - Snow,07 - Dark,03 - Loose snow,01 - Traffic signal,01 - Functioning,2,0,0,0,,0,,,,,364550.4283,5015174.122,45.27398491,-75.73848222,7692
16--419,2016/01/11,5:00 AM,MCLEOD ST btwn LYON ST N & KENT ST (__3ZA97A),__3ZA97A,01 - Non intersection,03 - P.D. only,06 - SMV unattended vehicle,03 - Snow,07 - Dark,03 - Loose snow,10 - No control,,1,0,0,0,,0,,,,,367753.1152,5030366.634,45.41040465,-75.6957347,7693
16--4190,2016/04/06,8:10 PM,INNES RD @ VISENEAU DR (0012442),12442,02 - Intersection related,03 - P.D. only,02 - Angle,03 - Snow,07 - Dark,03 - Loose snow,01 - Traffic signal,01 - Functioning,2,0,0,0,,0,,,,,381799.199,5035074.004,45.4513535,-75.51557535,7694
16--4191,2016/04/06,8:19 AM,BILBERRY DR W @ JEANNE D'ARC BLVD (0004408),4408,02 - Intersection related,03 - P.D. only,03 - Rear end,01 - Clear,01 - Daylight,01 - Dry,01 - Traffic signal,01 - Functioning,2,0,0,0,,0,,,,,380449.0068,5038399.863,45.48142438,-75.53232299,7695
16--4192,2016/04/06,8:26 PM,GREENBANK RD btwn JOCKVALE RD & CAMBRIAN RD (__3ZA2WE),__3ZA2WE,01 - Non intersection,03 - P.D. only,07 - SMV other,03 - Snow,07 - Dark,05 - Packed snow,10 - No control,,1,0,0,0,,0,,,,,364375.4709,5013405.45,45.25808522,-75.74092399,7696
16--4193,2016/04/06,8:29 PM,BRITTANY DR btwn ST. LAURENT BLVD & COLEFORD PL (__3ZA8DK),__3ZA8DK,04 - At/near private drive,03 - P.D. only,06 - SMV unattended vehicle,03 - Snow,07 - Dark,05 - Packed snow,10 - No control,,1,0,0,0,,0,,,,,371417.7701,5034362.128,45.44601509,-75.64838105,7697
16--4194,2016/04/06,8:30 AM,HIGHWAY 417 btwn HWY417 IC124 RAMP76 & HWY417 IC124 RAMP67 (__3ZA2R7),__3ZA2R7,01 - Non intersection,03 - P.D. only,99 - Other,01 - Clear,01 - Daylight,01 - Dry,10 - No control,,5,0,0,0,,0,,,,,364380.5553,5027469.321,45.38463045,-75.73916728,7698
16--4195,2016/04/06,8:30 PM,REPIN btwn RIVERSIDE DR & TURN LANE (1) (__5FDVCT),__5FDVCT,01 - Non intersection,03 - P.D. only,99 - Other,03 - Snow,07 - Dark,05 - Packed snow,10 - No control,,2,0,0,0,,0,,,,,368455.5091,5027247.068,45.38227222,-75.68716463,7699
16--4196,2016/04/06,8:30 PM,HIGHWAY 417 btwn HWY417 IC134 RAMP35 & HWY417 IC134 RAMP25 (__3ZA29D),__3ZA29D,01 - Non intersection,03 - P.D. only,04 - Sideswipe,03 - Snow,07 - Dark,03 - Loose snow,10 - No control,,2,0,0,0,,0,,,,,356410.7352,5022240.277,45.33821177,-75.84147921,7700
16--4197,2016/04/06,8:42 PM,EAGLESON RD btwn EAGLESON BUSINESS CENTRE & MICHAEL COWPLAND DR/STONEH (__3ZA41JB),__3ZA41JB,04 - At/near private drive,03 - P.D. only,02 - Angle,03 - Snow,07 - Dark,03 - Loose snow,10 - No control,,2,0,0,0,,0,,,,,354361.6459,5016674.667,45.28827914,-75.86817941,7701
16--4198,2016/04/06,8:45 AM,HIGHWAY 417 btwn HWY417 IC124 RAMP57 & HWY417 IC124 RAMP55 (__3ZA2Y1),__3ZA2Y1,01 - Non intersection,03 - P.D. only,03 - Rear end,01 - Clear,01 - Daylight,01 - Dry,10 - No control,,2,0,0,0,,0,,,,,364309.0224,5027353.838,45.38359743,-75.74009459,7702
16--4199,2016/04/06,8:45 PM,RUSSELL RD btwn SMYTH RD & ST. LAURENT BLVD (__3ZA3R3),__3ZA3R3,01 - Non intersection,03 - P.D. only,04 - Sideswipe,03 - Snow,07 - Dark,02 - Wet,10 - No control,,2,0,0,0,,0,,,,,373379.6266,5029404.871,45.40122243,-75.62399439,7703
16--42,2016/01/02,7:16 PM,CARTWRIGHT RD @ VICTORIA ST (0001709),1709,02 - Intersection related,02 - Non-fatal injury,01 - Approaching,01 - Clear,07 - Dark,02 - Wet,02 - Stop sign,01 - Functioning,2,0,0,0,02 - Minor,2,,2,,,390240.1853,5014189.225,45.26247157,-75.41128676,7704
16--420,2016/01/11,5:06 PM,AVIATION PKWY @ OGILVIE RD (0004114),4114,02 - Intersection related,03 - P.D. only,03 - Rear end,04 - Freezing Rain,05 - Dusk,02 - Wet,01 - Traffic signal,01 - Functioning,2,0,0,0,,0,,,,,373110.7142,5032376.142,45.42798281,-75.62701712,7705
16--4200,2016/04/06,9:00 PM,TRIM RD btwn SPRINGRIDGE DR & PORTOBELLO BLVD (__4NCHX7),__4NCHX7,01 - Non intersection,03 - P.D. only,07 - SMV other,03 - Snow,07 - Dark,04 - Slush,10 - No control,,1,0,0,0,,0,,,,,385628.7102,5038143.735,45.47853953,-75.4661186,7706
16--4201,2016/04/06,9:03 PM,EDINBURGH PL @ BANTREE ST (0008399),8399,03 - At intersection,03 - P.D. only,07 - SMV other,03 - Snow,07 - Dark,03 - Loose snow,02 - Stop sign,01 - Functioning,1,0,0,0,,0,,,,,374175.5364,5029841.801,45.4050753,-75.61376754,7707
16--4202,2016/04/06,9:09 PM,JEANNE D'ARC BLVD  S btwn BELCOURT BLVD & DES EPINETTES AVE (__3ZA3Y6),__3ZA3Y6,01 - Non intersection,03 - P.D. only,04 - Sideswipe,03 - Snow,07 - Dark,04 - Slush,10 - No control,,2,0,0,0,,0,,,,,382200.9054,5035961.268,45.45929198,-75.51030071,7708
16--4203,2016/04/06,9:15 PM,HWY417 IC134 RAMP61 btwn HWY417 IC134 RAMP63 & HIGHWAY 417 (__3ZAYBY),__3ZAYBY,01 - Non intersection,03 - P.D. only,04 - Sideswipe,03 - Snow,07 - Dark,03 - Loose snow,10 - No control,,2,0,0,0,,0,,,,,356855.8839,5022529.657,45.34078274,-75.83576932,7709
16--4204,2016/04/06,9:18 PM,REPIN btwn RIVERSIDE DR & TURN LANE (1) (__5FDVCT),__5FDVCT,01 - Non intersection,03 - P.D. only,04 - Sideswipe,03 - Snow,07 - Dark,05 - Packed snow,10 - No control,,2,0,0,0,,0,,,,,368455.4003,5027246.875,45.3822705,-75.68716604,7710
16--4205,2016/04/06,9:18 PM,MARCH RD btwn CARP RD & DONALD B. MUNRO DR (__3ZA3FJ),__3ZA3FJ,01 - Non intersection,03 - P.D. only,07 - SMV other,03 - Snow,07 - Dark,04 - Slush,10 - No control,,1,0,0,0,,0,,,,,342303.0014,5021856.919,45.33565813,-76.02150665,7711
16--4206,2016/04/06,9:20 AM,RIVERSIDE DR btwn MOONEY'S BAY PL & WALKLEY RD (__3ZA36Q),__3ZA36Q,01 - Non intersection,03 - P.D. only,04 - Sideswipe,01 - Clear,01 - Daylight,01 - Dry,10 - No control,,2,0,0,0,,0,,,,,368421.1903,5024866.534,45.36085593,-75.68790943,7712
16--4207,2016/04/06,9:20 PM,EASTVALE DR S @ OGILVIE RD (0009416),9416,02 - Intersection related,03 - P.D. only,02 - Angle,03 - Snow,07 - Dark,03 - Loose snow,01 - Traffic signal,01 - Functioning,2,0,0,0,,0,,,,,375467.4193,5035026.105,45.45159147,-75.59652262,7713
16--440,2016/01/11,8:47 AM,BOURASSA ST @ ST. LAURENT BLVD (0007731),7731,02 - Intersection related,02 - Non-fatal injury,03 - Rear end,01 - Clear,01 - Daylight,06 - Ice,01 - Traffic signal,01 - Functioning,2,0,0,0,02 - Minor,1,,1,,,373235.9815,5029692.431,45.40382382,-75.62578913,7714
16--4400,2016/04/13,4:30 PM,HWY417 IC122 RAMP15 btwn HWY417 IC122 RAMP51 & HIGHWAY 417 (__3ZAY93),__3ZAY93,01 - Non intersection,03 - P.D. only,03 - Rear end,01 - Clear,01 - Daylight,01 - Dry,10 - No control,,2,0,0,0,,0,,,,,365482.3481,5028960.152,45.39795004,-75.72491553,7715
16--4401,2016/04/13,4:41 PM,PRINCE OF WALES DR @ FALLOWFIELD RD (0000566),566,02 - Intersection related,03 - P.D. only,03 - Rear end,01 - Clear,01 - Daylight,01 - Dry,01 - Traffic signal,01 - Functioning,2,0,0,0,,0,,,,,367399.9345,5019166.246,45.3096577,-75.70166497,7716
16--4402,2016/04/13,5:19 PM,BASELINE RD @ CLYDE AVE (0002343),2343,02 - Intersection related,03 - P.D. only,04 - Sideswipe,01 - Clear,01 - Daylight,01 - Dry,01 - Traffic signal,01 - Functioning,2,0,0,0,,0,,,,,364359.8256,5024889.84,45.36142245,-75.73974303,7717
16--4403,2016/04/13,5:56 PM,WESTPHALIAN AVE btwn ANDALUSIAN CRES/LOSINO CRES & TERRY FOX DR (e___1GE1),e___1GE1,04 - At/near private drive,03 - P.D. only,02 - Angle,01 - Clear,01 - Daylight,01 - Dry,10 - No control,,2,0,0,0,,0,,,,,353427.255,5015734.309,45.27988283,-75.88018264,7718
16--4404,2016/04/13,6:06 PM,STRANDHERD DR @ LONGFIELDS DR (0010935),10935,02 - Intersection related,03 - P.D. only,03 - Rear end,01 - Clear,01 - Daylight,01 - Dry,01 - Traffic signal,01 - Functioning,2,0,0,0,,0,,,,,364547.4278,5015173.372,45.27397842,-75.73852055,7719
16--4405,2016/04/13,6:24 PM,CARLING AVE btwn RIFLE RD & DAVIDSON'S SIDE RD (__3ZBOCR),__3ZBOCR,01 - Non intersection,02 - Non-fatal injury,03 - Rear end,01 - Clear,01 - Daylight,01 - Dry,10 - No control,,3,0,0,0,02 - Minor,1,,1,,,354248.7649,5023535.456,45.35002167,-75.86893341,7720
16--4406,2016/04/13,7:04 PM,LEITRIM RD btwn LIMEBANK RD & HIGH RD (__3ZBOEL),__3ZBOEL,01 - Non intersection,03 - P.D. only,03 - Rear end,01 - Clear,01 - Daylight,01 - Dry,10 - No control,,2,0,0,0,,0,,,,,369785.1346,5018135.688,45.30016829,-75.67138483,7721
16--4407,2016/04/13,7:10 PM,HIGHWAY 417 btwn HWY417 IC155 RAMP35 & HWY417 IC155 RAMP25 (__3ZAZNU),__3ZAZNU,01 - Non intersection,03 - P.D. only,07 - SMV other,01 - Clear,01 - Daylight,01 - Dry,10 - No control,,1,0,0,0,,0,,,,,339546.4376,5019309.574,45.31287791,-76.05685475,7722
16--4408,2016/04/13,8:30 AM,HWY417 IC127 RAMP53 btwn HWY417 IC127 RAMP51 & WOODROFFE AVE (__3ZAYBN),__3ZAYBN,01 - Non intersection,02 - Non-fatal injury,03 - Rear end,01 - Clear,01 - Daylight,01 - Dry,10 - No control,,2,0,0,0,01 - Minimal,1,1,,,,362202.3278,5024629.978,45.35926421,-75.76731048,7723
16--4409,2016/04/13,8:33 PM,MULDER AVE @ PROVENCE AVE (0010071),10071,02 - Intersection related,02 - Non-fatal injury,07 - SMV other,01 - Clear,07 - Dark,01 - Dry,02 - Stop sign,01 - Functioning,1,0,0,1,01 - Minimal,1,1,,,,386072.5021,5037271.922,45.47064432,-75.46058721,7724
16--441,2016/01/11,8:55 AM,FEATHERSTON DR btwn JEFFERSON ST & VIRGINIA DR (__3ZA9QT),__3ZA9QT,01 - Non intersection,03 - P.D. only,03 - Rear end,01 - Clear,01 - Daylight,02 - Wet,10 - No control,,2,0,0,0,,0,,,,,371822.8609,5027374.283,45.38310279,-75.64415338,7725
16--4410,2016/04/13,9:00 AM,LORRY GREENBERG DR btwn ZAIDAN DR & SIREN PRIV (__3ZBN0Z),__3ZBN0Z,01 - Non intersection,03 - P.D. only,06 - SMV unattended vehicle,01 - Clear,01 - Daylight,01 - Dry,10 - No control,,1,0,0,0,,0,,,,,372801.6289,5025386.942,45.36512716,-75.63193009,7726
16--4411,2016/04/13,9:12 PM,HUNT CLUB RD btwn TURN LANE & TURN LANE (2) (__5AEEAQ),__5AEEAQ,04 - At/near private drive,02 - Non-fatal injury,03 - Rear end,01 - Clear,07 - Dark,01 - Dry,10 - No control,,2,0,0,0,01 - Minimal,1,1,,,,371672.7096,5024213.543,45.35467793,-75.64649837,7727
16--4412,2016/04/13,9:24 AM,HWY417 IC126 RAMP51 btwn HIGHWAY 417 & HWY417 IC126 RAMP52 (__3ZAYAE),__3ZAYAE,01 - Non intersection,02 - Non-fatal injury,03 - Rear end,01 - Clear,01 - Daylight,01 - Dry,10 - No control,,2,0,0,0,01 - Minimal,1,1,,,,363245.0118,5025920.672,45.37079158,-75.75385001,7728
16--4413,2016/04/14,1:12 PM,TREMBLAY RD btwn AVENUE K & AVENUE L (__3ZA3CU),__3ZA3CU,04 - At/near private drive,03 - P.D. only,03 - Rear end,01 - Clear,01 - Daylight,01 - Dry,10 - No control,,2,0,0,0,,0,,,,,371457.4841,5031309.565,45.41854573,-75.64828666,7729
16--4414,2016/04/14,10:23 AM,HWY 417 WOODROFF IC127R62 @ WOODROFFE AVE (0002349),2349,03 - At intersection,03 - P.D. only,04 - Sideswipe,01 - Clear,01 - Daylight,01 - Dry,03 - Yield sign,00 - Unknown,2,0,0,0,,0,,,,,362050.7579,5025020.671,45.36279203,-75.76919972,7730
16--4415,2016/04/14,10:55 AM,RIVERSIDE DR NB btwn HINCKS LANE & SAN REMO PRIV (__3ZA4SC),__3ZA4SC,01 - Non intersection,02 - Non-fatal injury,03 - Rear end,01 - Clear,01 - Daylight,01 - Dry,10 - No control,,2,0,0,0,02 - Minor,1,,1,,,370328.1076,5030379.079,45.41028027,-75.66283938,7731
16--4416,2016/04/14,11:25 AM,ST. JOSEPH BLVD @ JEANNE D'ARC BLVD (0012421),12421,03 - At intersection,03 - P.D. only,02 - Angle,01 - Clear,01 - Daylight,01 - Dry,11 - Roundabout,01 - Functioning,2,0,0,0,,0,,,,,379860.967,5036470.908,45.46413264,-75.54013861,7732
16--4417,2016/04/14,11:37 AM,HUNT CLUB RD @ RIVERSIDE DR (0002237),2237,02 - Intersection related,03 - P.D. only,04 - Sideswipe,01 - Clear,01 - Daylight,01 - Dry,01 - Traffic signal,01 - Functioning,2,0,0,0,,0,,,,,368036.0296,5021945.274,45.33460592,-75.69319882,7733