Anom_ID,Accident_Date,Accident_Time,Location,Geo_ID,Accident_Location,Classification_of_Accident,Initial_Impact_Type,Environment_Condition,Light,Road_Surface_Condition,Traffic_Control,Traffic_Control_Condition,No__of_Vehicles,No__of_Bicycles,No__of_Motorcycles,No__of_Pedestrians,Max_Injury,No__of_Injuries,No__of_Minimal,No__of_Minor,No__of_Major,No__of_Fatal,X,Y,Latitude,Longitude,ObjectId
16--4418,2016/04/14,11:37 AM,BANKFIELD RD btwn LOCKMASTER CRES & COLONY HEIGHTS RD (__3ZA386),__3ZA386,01 - Non intersection,03 - P.D. only,03 - Rear end,01 - Clear,01 - Daylight,01 - Dry,10 - No control,,2,0,0,0,,0,,,,,367978.5943,5009900.26,45.22623136,-75.6954648,7734
16--4419,2016/04/14,11:41 AM,BRONSON AVE @ SOMERSET ST (0002218),2218,02 - Intersection related,03 - P.D. only,04 - Sideswipe,01 - Clear,01 - Daylight,01 - Dry,01 - Traffic signal,01 - Functioning,2,0,0,0,,0,,,,,366967.4714,5030477.022,45.41146812,-75.7057569,7735
16--442,2016/01/11,8:56 AM,MONTREAL RD @ BETHAMY LANE/FOXBOROUGH PRIV (0012433),12433,02 - Intersection related,03 - P.D. only,03 - Rear end,01 - Clear,01 - Daylight,06 - Ice,01 - Traffic signal,01 - Functioning,2,0,0,0,,0,,,,,375319.5873,5034347.774,45.44550319,-75.59850964,7736
16--4420,2016/04/14,Unknown,STIRLING AVE btwn LADOUCEUR ST & ARMSTRONG ST (__3ZAAHS),__3ZAAHS,01 - Non intersection,03 - P.D. only,06 - SMV unattended vehicle,01 - Clear,00 - Unknown,01 - Dry,10 - No control,,1,0,0,0,,0,,,,,365295.5113,5029695.916,45.40458644,-75.7272115,7737
16--4421,2016/04/14,12:01 AM,HUNT CLUB RD EB btwn 275 E OF HAWTHORNE RD/OC TRANSPO TURNAROUND & HWY417 HUNT CLUB IC109 RAMP25 (e___2HF3B),e___2HF3B,01 - Non intersection,03 - P.D. only,03 - Rear end,01 - Clear,07 - Dark,01 - Dry,10 - No control,,2,0,0,0,,0,,,,,375769.842,5026551.018,45.37530671,-75.59387701,7738
16--4422,2016/04/14,12:08 PM,GREENBANK RD @ BELLMAN DR/BATEMAN DR (0000153),153,03 - At intersection,02 - Non-fatal injury,02 - Angle,01 - Clear,01 - Daylight,01 - Dry,01 - Traffic signal,01 - Functioning,2,1,0,0,01 - Minimal,1,1,,,,361256.5393,5021018.198,45.32684232,-75.77979386,7739
16--4423,2016/04/14,12:15 PM,BESSERER ST @ WALLER ST (0008859),8859,03 - At intersection,03 - P.D. only,05 - Turning movement,01 - Clear,01 - Daylight,01 - Dry,01 - Traffic signal,01 - Functioning,2,0,0,0,,0,,,,,368315.4741,5032191.748,45.4267756,-75.68831568,7740
16--4424,2016/04/14,2:18 PM,WEST HUNT CLUB RD @ WOODROFFE AVE (0000576),576,02 - Intersection related,03 - P.D. only,03 - Rear end,01 - Clear,01 - Daylight,01 - Dry,01 - Traffic signal,01 - Functioning,2,0,0,0,,0,,,,,363671.8133,5021245.367,45.32868794,-75.74895823,7741
16--4425,2016/04/14,3:45 PM,HIGHWAY 417 btwn HWY417 IC118 RAMP35 & HWY417 IC117 RAMP51 (__3ZA2YP),__3ZA2YP,01 - Non intersection,02 - Non-fatal injury,03 - Rear end,01 - Clear,01 - Daylight,01 - Dry,10 - No control,,2,0,0,0,01 - Minimal,1,1,,,,369821.857,5031136.012,45.41713808,-75.66920649,7742
16--4426,2016/04/14,3:53 AM,REGIONAL ROAD 174 btwn OR174 IC112 RAMP26 & OR174 IC112 RAMP61 (__3ZA2XF),__3ZA2XF,01 - Non intersection,03 - P.D. only,07 - SMV other,01 - Clear,07 - Dark,01 - Dry,10 - No control,,1,0,0,0,,0,,,,,375093.8673,5033068.057,45.43401177,-75.60157755,7743
16--4427,2016/04/14,4:10 PM,MARCH RD @ TERON RD (0011926),11926,02 - Intersection related,03 - P.D. only,03 - Rear end,01 - Clear,01 - Daylight,01 - Dry,01 - Traffic signal,01 - Functioning,2,0,0,0,,0,,,,,351412.3487,5021775.625,45.33438062,-75.90529563,7744
16--4428,2016/04/14,4:29 PM,BASELINE RD/HWY 416 RICHMOND IC75R53 @ RICHMON (0000148),148,03 - At intersection,03 - P.D. only,03 - Rear end,01 - Clear,01 - Daylight,01 - Dry,01 - Traffic signal,01 - Functioning,2,0,0,0,,0,,,,,358636.0004,5021821.672,45.33427792,-75.81313376,7745
16--4429,2016/04/14,4:30 PM,HIGHWAY 417 btwn HWY417 IC124 RAMP65 & HWY417 IC122 RAMP51 (__3ZA2R8),__3ZA2R8,01 - Non intersection,03 - P.D. only,07 - SMV other,01 - Clear,01 - Daylight,01 - Dry,10 - No control,,1,0,0,0,,0,,,,,365025.4356,5028492.031,45.39377744,-75.73080821,7746
16--443,2016/01/11,9:00 PM,KING EDWARD AVE @ ST. PATRICK ST (0002714),2714,03 - At intersection,03 - P.D. only,02 - Angle,01 - Clear,07 - Dark,01 - Dry,01 - Traffic signal,01 - Functioning,2,0,0,0,,0,,,,,368249.5882,5032823.145,45.43246266,-75.68907622,7747
16--4430,2016/04/14,5:00 PM,PRINCE OF WALES DR btwn TURN LANE & JAMES CRAIG ST (__3ZA4K9),__3ZA4K9,01 - Non intersection,03 - P.D. only,07 - SMV other,01 - Clear,01 - Daylight,01 - Dry,10 - No control,,1,0,0,0,,0,,,,,366374.7263,4999634.375,45.13399995,-75.71715395,7748
16--4431,2016/04/14,5:40 AM,HWY417 IC104 RAMP16 btwn ANDERSON RD & HIGHWAY 417 (__3ZAY0F),__3ZAY0F,01 - Non intersection,03 - P.D. only,03 - Rear end,01 - Clear,07 - Dark,01 - Dry,10 - No control,,2,0,0,0,,0,,,,,380147.6897,5025985.995,45.36976592,-75.53807576,7749
16--4432,2016/04/14,5:50 PM,CARLING AVE WB btwn ALPINE AVE & FOREST ST (__3ZA260),__3ZA260,01 - Non intersection,03 - P.D. only,04 - Sideswipe,01 - Clear,01 - Daylight,01 - Dry,10 - No control,,2,0,0,0,,0,,,,,360507.0025,5024949.253,45.36227379,-75.78891211,7750
16--4433,2016/04/14,6:33 AM,BAY ST @ QUEEN ST (0006360),6360,02 - Intersection related,02 - Non-fatal injury,04 - Sideswipe,01 - Clear,01 - Daylight,01 - Dry,01 - Traffic signal,01 - Functioning,2,0,0,0,01 - Minimal,1,1,,,,366898.81,5031211.253,45.41808061,-75.7065415,7751
16--4434,2016/04/14,6:47 AM,ELGIN ST @ SLATER ST (0002228),2228,03 - At intersection,03 - P.D. only,07 - SMV other,01 - Clear,01 - Daylight,01 - Dry,01 - Traffic signal,01 - Functioning,1,0,0,0,,0,,,,,367891.3811,5031645.453,45.4218986,-75.69380472,7752
16--4435,2016/04/14,6:50 AM,SHEFFORD RD btwn EMARD CRES & LOYOLA AVE (__3ZA7UH),__3ZA7UH,01 - Non intersection,02 - Non-fatal injury,03 - Rear end,01 - Clear,01 - Daylight,01 - Dry,10 - No control,,2,1,0,0,03 - Major,1,,,1,,375920.2311,5035372.047,45.45465811,-75.59068417,7753
16--4436,2016/04/14,7:01 PM,LONG ISLAND RD @ SUNRISE AVE (0008148),8148,03 - At intersection,03 - P.D. only,07 - SMV other,01 - Clear,01 - Daylight,01 - Dry,02 - Stop sign,01 - Functioning,1,0,0,0,,0,,,,,368773.831,5010510.18,45.23164761,-75.68526064,7754
16--4437,2016/04/14,7:03 AM,PRINCE OF WALES DR @ WEST HUNT CLUB RD (0000567),567,02 - Intersection related,02 - Non-fatal injury,03 - Rear end,01 - Clear,01 - Daylight,01 - Dry,01 - Traffic signal,01 - Functioning,2,0,0,0,01 - Minimal,1,1,,,,367457.9114,5021891.237,45.33417157,-75.7005809,7755
16--4438,2016/04/14,7:40 AM,MARCH RD @ TERRY FOX DR (0003173),3173,02 - Intersection related,02 - Non-fatal injury,03 - Rear end,01 - Clear,01 - Daylight,01 - Dry,01 - Traffic signal,01 - Functioning,2,0,0,0,01 - Minimal,1,1,,,,349863.9352,5023399.284,45.34909183,-75.92490217,7756
16--4439,2016/04/14,8:07 AM,WOODROFFE AVE @ SPORTSPLEX S (0010592),10592,02 - Intersection related,03 - P.D. only,03 - Rear end,01 - Clear,01 - Daylight,01 - Dry,01 - Traffic signal,01 - Functioning,3,0,0,0,,0,,,,,363831.451,5020899.904,45.32556608,-75.74696306,7757
16--444,2016/01/11,9:02 AM,BRONSON AVE @ FINDLAY AVE (0007220),7220,02 - Intersection related,03 - P.D. only,03 - Rear end,03 - Snow,01 - Daylight,06 - Ice,02 - Stop sign,01 - Functioning,2,0,0,0,,0,,,,,367727.9602,5028661.932,45.39506851,-75.69627357,7758
16--4440,2016/04/14,8:18 PM,RIDEAU ST btwn CUMBERLAND ST & KING EDWARD AVE (__3ZBOFX),__3ZBOFX,04 - At/near private drive,02 - Non-fatal injury,02 - Angle,01 - Clear,07 - Dark,01 - Dry,10 - No control,,2,0,0,0,01 - Minimal,1,1,,,,368436.2313,5032366.781,45.4283395,-75.68675002,7759
16--4441,2016/04/14,8:30 PM,VIENNA TER btwn MONTMORENCY WAY & MONTMORENCY WAY (__6REWR7),__6REWR7,01 - Non intersection,03 - P.D. only,06 - SMV unattended vehicle,01 - Clear,07 - Dark,01 - Dry,10 - No control,,1,0,0,0,,0,,,,,384719.0583,5034608.249,45.44683527,-75.47832686,7760
16--4442,2016/04/14,8:34 AM,PARKDALE AVE btwn LYNDALE AVE & SCOTT ST (__3ZA31W),__3ZA31W,04 - At/near private drive,03 - P.D. only,02 - Angle,01 - Clear,01 - Daylight,01 - Dry,10 - No control,,2,0,0,0,,0,,,,,364918.5027,5029798.614,45.40554298,-75.73201456,7761
16--4443,2016/04/14,8:40 AM,MARCH RD btwn CARLING AVE/STATION RD & 280 S OF CARLING AVE/STATION RD (__3ZA42DA),__3ZA42DA,05 - At railway crossing,03 - P.D. only,05 - Turning movement,01 - Clear,01 - Daylight,01 - Dry,10 - No control,,2,0,0,0,,0,,,,,351021.4411,5022120.562,45.33751029,-75.91025055,7762
16--4444,2016/04/14,8:55 AM,RIDEAU ST btwn CUMBERLAND ST & KING EDWARD AVE (__3ZBOFX),__3ZBOFX,04 - At/near private drive,03 - P.D. only,05 - Turning movement,01 - Clear,01 - Daylight,01 - Dry,10 - No control,,2,0,0,0,,0,,,,,368422.4604,5032357.67,45.42825878,-75.68692717,7763
16--4445,2016/04/15,1:07 PM,KIRKWOOD AVE btwn CHATELAIN AVE & LEPAGE AVE (__3ZA3G9),__3ZA3G9,01 - Non intersection,03 - P.D. only,04 - Sideswipe,01 - Clear,01 - Daylight,01 - Dry,10 - No control,,2,0,0,0,,0,,,,,364760.6076,5026670.905,45.37741402,-75.73441149,7764
16--4446,2016/04/15,12:53 PM,HAWTHORNE RD @ LEITRIM RD (0009269),9269,02 - Intersection related,03 - P.D. only,03 - Rear end,01 - Clear,01 - Daylight,01 - Dry,01 - Traffic signal,01 - Functioning,2,0,0,0,,0,,,,,377038.9864,5022710.401,45.3406211,-75.57823629,7765
16--4447,2016/04/15,2:03 PM,THURSTON DR btwn CONROY RD & THOMAS SPRATT PL (__3ZBPM1),__3ZBPM1,01 - Non intersection,03 - P.D. only,06 - SMV unattended vehicle,01 - Clear,01 - Daylight,01 - Dry,10 - No control,,1,0,0,0,,0,,,,,373518.8347,5026957.347,45.37918706,-75.62255725,7766
16--4448,2016/04/15,2:56 PM,HERZBERG RD @ MARCH RD (0003170),3170,02 - Intersection related,02 - Non-fatal injury,04 - Sideswipe,01 - Clear,01 - Daylight,01 - Dry,01 - Traffic signal,01 - Functioning,2,1,0,0,02 - Minor,1,,1,,,352323.9936,5021528.557,45.3320963,-75.89368877,7767
16--4449,2016/04/15,3:20 PM,HIGHWAY 417 btwn HWY417 IC117 RAMP51 & HWY417 IC117 RAMP35 (__3ZA2YN),__3ZA2YN,01 - Non intersection,03 - P.D. only,03 - Rear end,01 - Clear,01 - Daylight,02 - Wet,10 - No control,,2,0,0,0,,0,,,,,370807.8525,5031194.12,45.41756859,-75.65660186,7768
16--445,2016/01/11,9:08 PM,BANK ST @ CHAMBERLAIN AVE N/ISABELLA ST (0002132),2132,03 - At intersection,02 - Non-fatal injury,07 - SMV other,01 - Clear,07 - Dark,02 - Wet,01 - Traffic signal,01 - Functioning,1,0,0,1,02 - Minor,1,,1,,,368082.8936,5030166.56,45.40857471,-75.69154768,7769
16--4450,2016/04/15,3:34 PM,MONTREAL RD @ VANIER PKWY (0004630),4630,02 - Intersection related,02 - Non-fatal injury,07 - SMV other,01 - Clear,01 - Daylight,01 - Dry,01 - Traffic signal,01 - Functioning,1,0,0,1,01 - Minimal,1,1,,,,370072.9082,5033065.544,45.43447586,-75.66574341,7770
16--4451,2016/04/15,4:50 PM,BESSERER ST btwn KING EDWARD AVE & NELSON ST (__3ZBOXZ),__3ZBOXZ,01 - Non intersection,03 - P.D. only,03 - Rear end,01 - Clear,01 - Daylight,01 - Dry,10 - No control,,2,0,0,0,,0,,,,,368681.4987,5032420.197,45.42879776,-75.68360898,7771
16--4452,2016/04/15,5:20 PM,HAZELDEAN RD @ EDGEWATER ST (0003176),3176,03 - At intersection,02 - Non-fatal injury,05 - Turning movement,01 - Clear,01 - Daylight,01 - Dry,01 - Traffic signal,01 - Functioning,2,1,0,0,02 - Minor,1,,1,,,352323.6057,5017352.571,45.29451986,-75.89409427,7772
16--4453,2016/04/15,5:21 PM,HUNT CLUB RD btwn NORTH BOWESVILLE RD & BILLY BISHOP PRIV (__5G43Y1),__5G43Y1,01 - Non intersection,02 - Non-fatal injury,03 - Rear end,01 - Clear,01 - Daylight,01 - Dry,10 - No control,,2,0,0,0,01 - Minimal,1,1,,,,368900.42,5022457.742,45.33913856,-75.68210517,7773
16--4454,2016/04/15,6:10 PM,BRONSON AVE @ CARLING AVE/GLEBE AVE (0002134),2134,03 - At intersection,03 - P.D. only,04 - Sideswipe,01 - Clear,01 - Daylight,01 - Dry,01 - Traffic signal,01 - Functioning,2,0,0,0,,0,,,,,367447.0306,5029334.886,45.40114875,-75.69977583,7774
16--4455,2016/04/15,6:16 PM,JOBIN CRES btwn TONILEE DR & TONILEE DR (__3ZA1UV),__3ZA1UV,04 - At/near private drive,03 - P.D. only,02 - Angle,01 - Clear,01 - Daylight,01 - Dry,10 - No control,,2,0,0,0,,0,,,,,373763.8274,5032535.048,45.42934847,-75.61864933,7775
16--4456,2016/04/15,6:17 PM,ALBION RD btwn 210 S OF HIGH RD/EARL ARMSTRONG RD/RIDEAU CARLETON RACE (__3ZA3S0B),__3ZA3S0B,01 - Non intersection,02 - Non-fatal injury,05 - Turning movement,01 - Clear,01 - Daylight,01 - Dry,10 - No control,,2,0,0,0,02 - Minor,1,,1,,,374864.948,5017190.937,45.2911795,-75.60675403,7776
16--4457,2016/04/15,6:32 PM,FIFTH AVE @ QUEEN ELIZABETH DRWY (0006908),6908,03 - At intersection,03 - P.D. only,05 - Turning movement,01 - Clear,01 - Daylight,01 - Dry,01 - Traffic signal,01 - Functioning,2,0,0,0,,0,,,,,368836.5237,5029657.388,45.4039248,-75.68198701,7777
16--4458,2016/04/15,7:26 AM,ISABELLA ST/HWY417 IC119AR75 @ METCALFE ST (0011380),11380,02 - Intersection related,03 - P.D. only,03 - Rear end,01 - Clear,01 - Daylight,01 - Dry,01 - Traffic signal,01 - Functioning,2,0,0,0,,0,,,,,368448.6054,5030399.52,45.41063764,-75.68684603,7778
16--4459,2016/04/15,7:50 PM,SIOUX CRES btwn OKANAGAN DR & OKANAGAN DR (__3ZAAFS),__3ZAAFS,04 - At/near private drive,03 - P.D. only,99 - Other,01 - Clear,07 - Dark,01 - Dry,10 - No control,,2,0,0,0,,0,,,,,359358.304,5021990.583,45.33574199,-75.80390031,7779
16--446,2016/01/11,9:17 AM,GREELY LANE @ PARKWAY RD (0001895),1895,03 - At intersection,03 - P.D. only,07 - SMV other,01 - Clear,01 - Daylight,02 - Wet,02 - Stop sign,01 - Functioning,1,0,0,0,,0,,,,,377741.0026,5013583.219,45.25842605,-75.5706225,7780
16--4460,2016/04/15,7:58 PM,IRIS ST btwn HIGHGATE RD & GATEWAY RD (__3ZABUN),__3ZABUN,01 - Non intersection,03 - P.D. only,01 - Approaching,01 - Clear,07 - Dark,01 - Dry,10 - No control,,2,0,0,0,,0,,,,,361672.9235,5023968.511,45.35335552,-75.77414341,7781
16--4461,2016/04/15,8:15 AM,COMPATA WAY @ GLEN PARK DR (0003735),3735,02 - Intersection related,03 - P.D. only,04 - Sideswipe,01 - Clear,01 - Daylight,01 - Dry,10 - No control,,2,0,0,0,,0,,,,,377925.063,5032585.688,45.4293814,-75.56546856,7782
16--4462,2016/04/15,8:30 PM,STRANDHERD DR @ LONGFIELDS DR (0010935),10935,02 - Intersection related,03 - P.D. only,03 - Rear end,01 - Clear,05 - Dusk,01 - Dry,01 - Traffic signal,01 - Functioning,2,0,0,0,,0,,,,,364548.1779,5015174.122,45.27398511,-75.7385109,7783
16--4463,2016/04/15,9:00 AM,NORMANDY CRES btwn NORMANDY CRES & FISHER AVE (2) (__3ZAAMU),__3ZAAMU,01 - Non intersection,03 - P.D. only,03 - Rear end,01 - Clear,01 - Daylight,01 - Dry,10 - No control,,2,0,0,0,,0,,,,,366660.5782,5024765.161,45.36010137,-75.71039321,7784
16--4464,2016/04/15,9:03 AM,ALBERT ST btwn ELGIN ST & SLATER ST (__3ZA3NJ),__3ZA3NJ,01 - Non intersection,03 - P.D. only,03 - Rear end,01 - Clear,01 - Daylight,01 - Dry,10 - No control,,2,0,0,0,,0,,,,,367905.9305,5031719.213,45.42256095,-75.69360938,7785
16--4465,2016/04/15,9:08 AM,MARCH RD @ TERON RD (0011926),11926,03 - At intersection,03 - P.D. only,05 - Turning movement,01 - Clear,01 - Daylight,01 - Dry,01 - Traffic signal,01 - Functioning,2,0,0,0,,0,,,,,351419.1535,5021780.728,45.33442608,-75.90520833,7786
16--4466,2016/04/15,9:11 AM,ALBERT ST @ METCALFE ST (0002117),2117,03 - At intersection,03 - P.D. only,05 - Turning movement,01 - Clear,01 - Daylight,01 - Dry,01 - Traffic signal,01 - Functioning,2,0,0,0,,0,,,,,367691.476,5031613.806,45.42163185,-75.69636294,7787
16--4467,2016/04/15,9:20 PM,RUSSELL RD S @ ST. LAURENT BLVD (0007734),7734,03 - At intersection,03 - P.D. only,05 - Turning movement,01 - Clear,07 - Dark,01 - Dry,01 - Traffic signal,01 - Functioning,2,0,0,0,,0,,,,,373569.5824,5029260.228,45.39990237,-75.62158843,7788
16--4468,2016/04/16,1:03 PM,LEMIEUX ST @ ST. LAURENT BLVD (0002021),2021,02 - Intersection related,03 - P.D. only,03 - Rear end,01 - Clear,01 - Daylight,01 - Dry,01 - Traffic signal,01 - Functioning,2,0,0,0,,0,,,,,372392.3981,5031741.891,45.4223459,-75.63628288,7789
16--4469,2016/04/16,1:30 PM,OWL VALLEY DR btwn Continuation of OWL VALLEY DR & Continuation of OWL (__3ZA1JD),__3ZA1JD,01 - Non intersection,03 - P.D. only,06 - SMV unattended vehicle,01 - Clear,01 - Daylight,01 - Dry,10 - No control,,1,0,0,0,,0,,,,,368393.2245,5015672.061,45.27812828,-75.68944686,7790
16--447,2016/01/11,9:44 AM,GLADSTONE AVE @ LYON ST (0002705),2705,03 - At intersection,03 - P.D. only,02 - Angle,01 - Clear,01 - Daylight,01 - Dry,01 - Traffic signal,01 - Functioning,2,0,0,0,,0,,,,,367583.0476,5030361.793,45.41037637,-75.69790783,7791
16--4470,2016/04/16,10:00 PM,DALHOUSIE ST btwn MURRAY ST & CLARENCE ST (__3ZA83M),__3ZA83M,01 - Non intersection,03 - P.D. only,06 - SMV unattended vehicle,01 - Clear,07 - Dark,01 - Dry,10 - No control,,1,0,0,0,,0,,,,,368036.3893,5032513.662,45.42969735,-75.6918405,7792
16--4471,2016/04/16,10:15 PM,STRANDHERD DR btwn LONGFIELDS DR & CLARIDGE DR (__4BRV9S),__4BRV9S,01 - Non intersection,03 - P.D. only,04 - Sideswipe,01 - Clear,07 - Dark,01 - Dry,10 - No control,,2,0,0,0,,0,,,,,364556.3354,5015181.08,45.27404702,-75.7384061,7793
16--4472,2016/04/16,10:20 AM,BANK ST @ WALKLEY RD (0011423),11423,02 - Intersection related,03 - P.D. only,03 - Rear end,01 - Clear,01 - Daylight,01 - Dry,01 - Traffic signal,01 - Functioning,2,0,0,0,,0,,,,,370336.7246,5025946.608,45.37039765,-75.66331798,7794
16--4473,2016/04/16,10:21 AM,MAITLAND AVE btwn GLENMOUNT AVE & AMESBROOKE DR (__3ZA4I4),__3ZA4I4,01 - Non intersection,03 - P.D. only,04 - Sideswipe,01 - Clear,01 - Daylight,01 - Dry,10 - No control,,2,0,0,0,,0,,,,,363741.8081,5025191.77,45.36419141,-75.74759507,7795
16--4474,2016/04/16,10:40 AM,MCKENNA CASEY DR btwn MOODIE DR & STRANDHERD DR (__3ZA1OJ),__3ZA1OJ,01 - Non intersection,03 - P.D. only,03 - Rear end,01 - Clear,01 - Daylight,01 - Dry,10 - No control,,2,0,0,0,,0,,,,,361407.0807,5013305.84,45.25743402,-75.77875375,7796
16--4475,2016/04/16,10:46 AM,ST. LAURENT BLVD @ MCARTHUR AVE (0008246),8246,02 - Intersection related,03 - P.D. only,03 - Rear end,01 - Clear,01 - Daylight,01 - Dry,01 - Traffic signal,01 - Functioning,2,0,0,0,,0,,,,,371921.3953,5032887.115,45.43269545,-75.64214475,7797
16--4476,2016/04/16,11:57 AM,JASMINE CRES S @ OGILVIE RD (0009282),9282,02 - Intersection related,03 - P.D. only,04 - Sideswipe,01 - Clear,01 - Daylight,01 - Dry,02 - Stop sign,01 - Functioning,2,0,0,0,,0,,,,,375348.5735,5033721.334,45.43986393,-75.59822894,7798
16--4477,2016/04/16,Unknown,BANK ST btwn LANSDOWNE PARK & WILTON CRES (__3ZA3NFB),__3ZA3NFB,01 - Non intersection,03 - P.D. only,06 - SMV unattended vehicle,01 - Clear,00 - Unknown,01 - Dry,10 - No control,,1,0,0,0,,0,,,,,368534.5483,5029072.954,45.39869381,-75.68591963,7799
16--4478,2016/04/16,12:25 PM,CELEBRATION ST btwn TRUMP AVE & FESTIVE PRIV (__3ZAZIS),__3ZAZIS,01 - Non intersection,03 - P.D. only,06 - SMV unattended vehicle,01 - Clear,01 - Daylight,01 - Dry,10 - No control,,1,0,0,0,,0,,,,,364723.3823,5026013.347,45.3715006,-75.73496653,7800
16--4208,2016/04/06,9:26 PM,GREENBANK RD @ 207 S OF BELLMAN DR/GREENBANK S (0004604),4604,02 - Intersection related,03 - P.D. only,03 - Rear end,03 - Snow,07 - Dark,05 - Packed snow,01 - Traffic signal,01 - Functioning,2,0,0,0,,0,,,,,361338.157,5020827.231,45.32511743,-75.77877457,7801
16--4209,2016/04/06,9:30 PM,HWY417 IC126 RAMP25 btwn HWY417 IC126 RAMP55 & HIGHWAY 417 (__3ZAYAC),__3ZAYAC,01 - Non intersection,02 - Non-fatal injury,04 - Sideswipe,03 - Snow,07 - Dark,03 - Loose snow,10 - No control,,2,0,0,0,01 - Minimal,1,1,,,,363316.1731,5025964.227,45.37117754,-75.75293644,7802
16--421,2016/01/11,5:15 PM,LANTHIER DR @ VANTAGE DR (0004631),4631,02 - Intersection related,03 - P.D. only,03 - Rear end,01 - Clear,05 - Dusk,06 - Ice,02 - Stop sign,01 - Functioning,2,0,0,0,,0,,,,,383599.2605,5035850.437,45.45813851,-75.49244094,7803
16--4210,2016/04/06,9:46 PM,RIVERSIDE DR @ TREMBLAY RD/HWY417 IC117 RAMP52 (0010790),10790,02 - Intersection related,03 - P.D. only,03 - Rear end,03 - Snow,07 - Dark,04 - Slush,01 - Traffic signal,01 - Functioning,2,0,0,0,,0,,,,,370801.4047,5031016.581,45.41597178,-75.65670802,7804
16--4211,2016/04/06,9:57 PM,LEES AVE btwn CHAPEL CRES & TRANSIT (__3ZA5XB),__3ZA5XB,01 - Non intersection,03 - P.D. only,01 - Approaching,03 - Snow,07 - Dark,03 - Loose snow,10 - No control,,2,0,0,0,,0,,,,,369815.0954,5031221.581,45.41790863,-75.66928158,7805
16--4212,2016/04/06,9:58 PM,EARL ARMSTRONG RD btwn LIMEBANK RD & BOWESVILLE RD (__3ZA6LB),__3ZA6LB,01 - Non intersection,03 - P.D. only,07 - SMV other,03 - Snow,07 - Dark,03 - Loose snow,10 - No control,,1,0,0,0,,0,,,,,370754.1849,5016312.48,45.28367314,-75.65927238,7806
16--4213,2016/04/07,1:07 PM,ST. JOSEPH BLVD btwn MONTREAL RD & OR174 IC109 RAMP55 (__3ZA2DJ),__3ZA2DJ,01 - Non intersection,03 - P.D. only,04 - Sideswipe,01 - Clear,01 - Daylight,01 - Dry,10 - No control,,2,0,0,0,,0,,,,,376531.3703,5035043.778,45.45164209,-75.58291925,7807
16--4214,2016/04/07,1:44 PM,BOOTH ST @ SIR JOHN A. MACDONALD PKWY/WELLINGTON ST (0012252),12252,02 - Intersection related,03 - P.D. only,03 - Rear end,03 - Snow,01 - Daylight,03 - Loose snow,01 - Traffic signal,01 - Functioning,2,0,0,0,,0,,,,,366265.3611,5031006.551,45.41629469,-75.71466007,7808
16--4215,2016/04/07,11:06 AM,MONTREAL RD @ GRANVILLE ST/LAFONTAINE AVE (0009348),9348,03 - At intersection,03 - P.D. only,05 - Turning movement,02 - Rain,01 - Daylight,02 - Wet,01 - Traffic signal,01 - Functioning,2,0,0,0,,0,,,,,370826.3395,5033474.321,45.43808312,-75.65605998,7809
16--4216,2016/04/07,11:41 AM,DALHOUSIE ST btwn MURRAY ST & CLARENCE ST (__3ZA83M),__3ZA83M,01 - Non intersection,03 - P.D. only,04 - Sideswipe,01 - Clear,01 - Daylight,02 - Wet,10 - No control,,2,0,0,0,,0,,,,,368034.2955,5032517.901,45.42973568,-75.69186671,7810
16--4217,2016/04/07,11:51 AM,DES EPINETTES AVE @ JEANNE D'ARC BLVD (0004221),4221,03 - At intersection,03 - P.D. only,05 - Turning movement,01 - Clear,01 - Daylight,02 - Wet,01 - Traffic signal,01 - Functioning,2,0,0,0,,0,,,,,382226.7481,5035957.883,45.45925866,-75.50997085,7811
16--4218,2016/04/07,11:54 PM,MERIVALE RD @ WEST HUNT CLUB RD (0000584),584,02 - Intersection related,02 - Non-fatal injury,07 - SMV other,01 - Clear,07 - Dark,02 - Wet,01 - Traffic signal,01 - Functioning,1,0,0,0,02 - Minor,1,,1,,,365612.9197,5021942.723,45.33479715,-75.72411164,7812
16--4219,2016/04/07,12:24 PM,IBER RD btwn HUNTMAR DR & HARRY DOUGLAS DR (__3ZA4XQ),__3ZA4XQ,04 - At/near private drive,02 - Non-fatal injury,02 - Angle,01 - Clear,01 - Daylight,01 - Dry,10 - No control,,2,0,0,0,02 - Minor,4,3,1,,,351580.4734,5015335.056,45.27641555,-75.90375858,7813
16--422,2016/01/11,5:16 PM,CASTLEFRANK RD btwn HAZELDEAN RD & TO BE DETERMINED (__3ZA1Z2),__3ZA1Z2,04 - At/near private drive,03 - P.D. only,03 - Rear end,01 - Clear,05 - Dusk,01 - Dry,10 - No control,,2,0,0,0,,0,,,,,352707.1464,5017641.122,45.29709027,-75.88917669,7814
16--4220,2016/04/07,12:29 PM,MAJESTIC DR @ WOODROFFE AVE (0000562),562,02 - Intersection related,02 - Non-fatal injury,03 - Rear end,01 - Clear,01 - Daylight,02 - Wet,01 - Traffic signal,01 - Functioning,3,0,0,0,01 - Minimal,2,2,,,,363527.9179,5021571.717,45.33163647,-75.75075506,7815
16--4221,2016/04/07,12:56 PM,MARCH RD @ TERON RD (0011926),11926,03 - At intersection,03 - P.D. only,05 - Turning movement,01 - Clear,01 - Daylight,01 - Dry,01 - Traffic signal,01 - Functioning,2,0,0,0,,0,,,,,351414.3917,5021778.809,45.33440913,-75.90526927,7816