Anom_ID,Accident_Date,Accident_Time,Location,Geo_ID,Accident_Location,Classification_of_Accident,Initial_Impact_Type,Environment_Condition,Light,Road_Surface_Condition,Traffic_Control,Traffic_Control_Condition,No__of_Vehicles,No__of_Bicycles,No__of_Motorcycles,No__of_Pedestrians,Max_Injury,No__of_Injuries,No__of_Minimal,No__of_Minor,No__of_Major,No__of_Fatal,X,Y,Latitude,Longitude,ObjectId
16--4222,2016/04/07,2:08 PM,RICHMOND RD btwn ASSALY RD & REGINA LANE (__5DCTF8),__5DCTF8,04 - At/near private drive,03 - P.D. only,02 - Angle,01 - Clear,01 - Daylight,01 - Dry,10 - No control,,2,0,0,0,,0,,,,,360781.8977,5025581.504,45.36794085,-75.78533178,7817
16--4223,2016/04/07,2:36 PM,CHARLEMAGNE BLVD @ ORCHARDVIEW AVE (0004812),4812,02 - Intersection related,03 - P.D. only,99 - Other,02 - Rain,01 - Daylight,04 - Slush,02 - Stop sign,01 - Functioning,2,0,0,0,,0,,,,,384506.9812,5037242.351,45.47055869,-75.48061059,7818
16--4224,2016/04/07,3:00 AM,HIGHWAY 417 btwn HWY417 IC134 RAMP35 & HWY417 IC134 RAMP25 (__3ZA29D),__3ZA29D,01 - Non intersection,03 - P.D. only,07 - SMV other,02 - Rain,"08 - Dark, artificial",03 - Loose snow,10 - No control,,1,0,0,0,,0,,,,,356409.8152,5022237.518,45.33818701,-75.84149123,7819
16--4225,2016/04/07,3:39 PM,ST. LAURENT BLVD @ COVENTRY RD/OGILVIE RD (0002151),2151,02 - Intersection related,03 - P.D. only,04 - Sideswipe,01 - Clear,01 - Daylight,01 - Dry,01 - Traffic signal,01 - Functioning,2,0,0,0,,0,,,,,372305.495,5031951.35,45.42423891,-75.63736453,7820
16--4226,2016/04/07,4:01 PM,REGIONAL RD 174 EB btwn REGIONAL RD 174 & TRIM RD (__3ZA1L6),__3ZA1L6,01 - Non intersection,03 - P.D. only,99 - Other,01 - Clear,01 - Daylight,01 - Dry,10 - No control,,2,0,0,0,,0,,,,,384391.8184,5039992.227,45.49531257,-75.48163751,7821
16--4227,2016/04/07,4:07 PM,BASELINE RD @ WOODROFFE AVE (0002225),2225,02 - Intersection related,03 - P.D. only,03 - Rear end,01 - Clear,01 - Daylight,02 - Wet,01 - Traffic signal,01 - Functioning,2,0,0,0,,0,,,,,362549.9142,5023770.281,45.35150018,-75.76297465,7822
16--4228,2016/04/07,4:45 PM,DALMENY RD btwn CAMPBELLCROFT RD & BANK ST (__3ZA2AJ),__3ZA2AJ,01 - Non intersection,03 - P.D. only,07 - SMV other,"07 - Fog, mist, smoke, dust",01 - Daylight,02 - Wet,10 - No control,,1,0,0,0,,0,,,,,384228.9181,5003386.527,45.16597891,-75.48959513,7823
16--4229,2016/04/07,4:50 AM,HWY417 IC112 RAMP66 btwn HIGHWAY 417 & INNES RD (__3ZAY83),__3ZAY83,01 - Non intersection,03 - P.D. only,07 - SMV other,03 - Snow,07 - Dark,05 - Packed snow,10 - No control,,1,0,0,0,,0,,,,,374783.3036,5030973.143,45.41519402,-75.605844,7824
16--423,2016/01/11,5:30 PM,CARLING AVE WB btwn ANCASTER AVE & WOODROFFE AVE (__3ZA4VG),__3ZA4VG,01 - Non intersection,03 - P.D. only,03 - Rear end,01 - Clear,05 - Dusk,01 - Dry,10 - No control,,3,0,0,0,,0,,,,,361895.3196,5025825.181,45.37004362,-75.77109075,7825
16--4230,2016/04/07,5:00 PM,HAZELDEAN RD @ TERRY FOX DR (0003682),3682,02 - Intersection related,03 - P.D. only,03 - Rear end,01 - Clear,01 - Daylight,02 - Wet,01 - Traffic signal,01 - Functioning,2,0,0,0,,0,,,,,352206.9376,5017242.227,45.29353484,-75.8955922,7826
16--4231,2016/04/07,5:03 PM,FISHER AVE @ MEADOWLANDS DR (0002120),2120,02 - Intersection related,03 - P.D. only,03 - Rear end,01 - Clear,01 - Daylight,02 - Wet,01 - Traffic signal,01 - Functioning,2,0,0,0,,0,,,,,366575.2894,5025044.773,45.36262478,-75.71144681,7827
16--4232,2016/04/07,5:20 PM,HALTON TER btwn BEAULY ST & SCAMPTON DR (__4OEHEB),__4OEHEB,01 - Non intersection,03 - P.D. only,04 - Sideswipe,01 - Clear,01 - Daylight,01 - Dry,10 - No control,,2,0,0,0,,0,,,,,348567.8254,5023544.225,45.35047813,-75.94142926,7828
16--4233,2016/04/07,5:41 PM,COLONIAL RD @ FRANK KENNY RD (0012888),12888,03 - At intersection,03 - P.D. only,02 - Angle,02 - Rain,01 - Daylight,02 - Wet,02 - Stop sign,01 - Functioning,2,0,0,0,,0,,,,,390201.4847,5032047.953,45.4231522,-75.40869686,7829
16--4234,2016/04/07,5:55 PM,STRANDHERD DR @ WOODROFFE AVE (0009688),9688,02 - Intersection related,03 - P.D. only,99 - Other,01 - Clear,01 - Daylight,01 - Dry,01 - Traffic signal,01 - Functioning,2,0,0,0,,0,,,,,366106.9049,5015395.52,45.27584306,-75.71861945,7830
16--4235,2016/04/07,6:51 PM,TENTH LINE RD btwn ST. JOSEPH BLVD & OLD TENTH LINE RD (__3ZA1TE),__3ZA1TE,01 - Non intersection,03 - P.D. only,99 - Other,03 - Snow,01 - Daylight,05 - Packed snow,10 - No control,,2,0,0,0,,0,,,,,382893.7219,5038660.841,45.48350325,-75.50101421,7831
16--4236,2016/04/07,7:27 AM,ELGIN ST @ GLADSTONE AVE (0007272),7272,02 - Intersection related,03 - P.D. only,04 - Sideswipe,03 - Snow,01 - Daylight,04 - Slush,01 - Traffic signal,01 - Functioning,2,0,0,0,,0,,,,,368384.0324,5030845.349,45.41465493,-75.6876134,7832
16--4237,2016/04/07,7:27 PM,RICHMOND RD @ LYNHAR RD/STAFFORD RD (0000155),155,02 - Intersection related,03 - P.D. only,03 - Rear end,01 - Clear,01 - Daylight,01 - Dry,01 - Traffic signal,01 - Functioning,2,0,0,0,,0,,,,,358135.7217,5021089.409,45.32772717,-75.81959501,7833
16--4238,2016/04/07,7:35 AM,HAWTHORNE RD btwn HAWTHORNE RD & WHYTE SIDE RD (__3ZA2PE),__3ZA2PE,01 - Non intersection,03 - P.D. only,07 - SMV other,02 - Rain,01 - Daylight,02 - Wet,10 - No control,,1,0,0,0,,0,,,,,376205.7616,5024695.15,45.35856424,-75.58858023,7834
16--4239,2016/04/07,7:38 PM,BRONSON AVE @ POWELL AVE (0007212),7212,03 - At intersection,02 - Non-fatal injury,05 - Turning movement,02 - Rain,07 - Dark,02 - Wet,01 - Traffic signal,01 - Functioning,3,0,0,0,01 - Minimal,1,1,,,,367389.0012,5029478.336,45.40244467,-75.70049879,7835
16--424,2016/01/11,5:30 PM,CEDARVIEW RD @ FALLOWFIELD RD (0001603),1603,02 - Intersection related,03 - P.D. only,99 - Other,01 - Clear,05 - Dusk,02 - Wet,01 - Traffic signal,01 - Functioning,2,0,0,0,,0,,,,,361293.9167,5015665.568,45.27867616,-75.77992707,7836
16--4240,2016/04/07,7:43 PM,FOXHALL WAY btwn BRIDGESTONE DR & KINGBROOK DR (__54Y8F6),__54Y8F6,04 - At/near private drive,03 - P.D. only,02 - Angle,01 - Clear,05 - Dusk,01 - Dry,10 - No control,,2,0,0,0,,0,,,,,355357.7575,5016508.95,45.28671703,-75.8554985,7837
16--4241,2016/04/07,8:15 PM,BLAIR RD @ INNES RD (0004165),4165,02 - Intersection related,03 - P.D. only,03 - Rear end,02 - Rain,07 - Dark,02 - Wet,01 - Traffic signal,01 - Functioning,2,0,0,0,,0,,,,,375579.4083,5031439.78,45.41931249,-75.59560664,7838
16--4242,2016/04/07,8:28 AM,MOODIE DR @ HWY 417 MOODIE IC134R63 (0000649),649,02 - Intersection related,03 - P.D. only,04 - Sideswipe,01 - Clear,01 - Daylight,04 - Slush,01 - Traffic signal,01 - Functioning,2,0,0,0,,0,,,,,356391.7327,5022483.246,45.34039942,-75.84169632,7839
16--4243,2016/04/07,8:55 AM,MERIVALE RD btwn CALDWELL AVE & CENTRAL PARK DR (__3ZA3GW),__3ZA3GW,01 - Non intersection,03 - P.D. only,03 - Rear end,03 - Snow,01 - Daylight,03 - Loose snow,10 - No control,,2,0,0,0,,0,,,,,364927.5895,5026072.439,45.37201481,-75.73235248,7840
16--4244,2016/04/07,9:14 AM,PRESTON ST @ PRIMROSE AVE (0005108),5108,02 - Intersection related,02 - Non-fatal injury,03 - Rear end,02 - Rain,01 - Daylight,02 - Wet,02 - Stop sign,01 - Functioning,3,0,0,0,01 - Minimal,1,1,,,,366211.197,5030347.781,45.41037202,-75.71543414,7841
16--4245,2016/04/08,10:06 PM,STRANDHERD DR @ WOODROFFE AVE (0009688),9688,02 - Intersection related,03 - P.D. only,03 - Rear end,01 - Clear,07 - Dark,01 - Dry,01 - Traffic signal,01 - Functioning,3,0,0,0,,0,,,,,366105.9295,5015395.373,45.27584182,-75.7186319,7842
16--4246,2016/04/08,10:24 AM,CARLING AVE @ KIRKWOOD AVE N (0002358),2358,03 - At intersection,03 - P.D. only,05 - Turning movement,01 - Clear,01 - Daylight,01 - Dry,01 - Traffic signal,01 - Functioning,2,0,0,0,,0,,,,,364275.3818,5027493.778,45.38485944,-75.74050726,7843
16--4247,2016/04/08,11:34 AM,BANK ST btwn SURREY AVE & NOTTING HILL AVE (__3ZA4TV),__3ZA4TV,01 - Non intersection,03 - P.D. only,03 - Rear end,03 - Snow,01 - Daylight,02 - Wet,10 - No control,,3,0,0,0,,0,,,,,370400.0293,5025759.856,45.36871139,-75.66253468,7844
16--4248,2016/04/08,11:56 AM,REGIONAL ROAD 174 btwn OR174 IC109 RAMP64 & OR174 IC105 RAMP16 (__3ZA2XD),__3ZA2XD,01 - Non intersection,03 - P.D. only,03 - Rear end,03 - Snow,01 - Daylight,02 - Wet,10 - No control,,2,0,0,0,,0,,,,,378915.0545,5036756.084,45.46679944,-75.55219004,7845
16--4249,2016/04/08,12:30 PM,GLADSTONE AVE @ KENT ST (0002251),2251,03 - At intersection,03 - P.D. only,02 - Angle,01 - Clear,01 - Daylight,01 - Dry,01 - Traffic signal,01 - Functioning,2,0,0,0,,0,,,,,367744.4787,5030459.345,45.41123961,-75.69583319,7846
16--425,2016/01/11,5:36 PM,CARLING AVE WB btwn PARKDALE AVE & CIVIC HOSPITAL (__3ZA4UQA),__3ZA4UQA,04 - At/near private drive,03 - P.D. only,02 - Angle,01 - Clear,05 - Dusk,01 - Dry,10 - No control,,2,0,0,0,,0,,,,,365711.5335,5028228.029,45.39134266,-75.72207885,7847
16--4250,2016/04/08,12:30 PM,HWY417 IC134 RAMP36 btwn HIGHWAY 417 & HWY417 IC134 RAMP66 (__3ZAYBW),__3ZAYBW,01 - Non intersection,03 - P.D. only,07 - SMV other,05 - Drifting Snow,01 - Daylight,01 - Dry,10 - No control,,1,0,0,0,,0,,,,,356265.2371,5022221.233,45.33805109,-75.84333753,7848
16--4251,2016/04/08,12:43 PM,WOODROFFE AVE btwn HWY417 IC127 RAMP26 & HWY417 IC127 RAMP63 (__3ZA4MC),__3ZA4MC,01 - Non intersection,03 - P.D. only,04 - Sideswipe,01 - Clear,01 - Daylight,01 - Dry,10 - No control,,2,0,0,0,,0,,,,,362086.9518,5024931.212,45.36198413,-75.76874812,7849
16--4252,2016/04/08,12:54 PM,WEST HUNT CLUB RD @ WOODROFFE AVE (0000576),576,02 - Intersection related,03 - P.D. only,03 - Rear end,01 - Clear,01 - Daylight,02 - Wet,01 - Traffic signal,01 - Functioning,2,0,0,0,,0,,,,,363670.0176,5021246.713,45.3287002,-75.74898097,7850
16--4253,2016/04/08,2:06 PM,MONTREAL RD btwn OR174 IC109 RAMP66 & OR174 IC109 RAMP65 (__3ZA2DA),__3ZA2DA,01 - Non intersection,03 - P.D. only,03 - Rear end,03 - Snow,01 - Daylight,02 - Wet,10 - No control,,2,0,0,0,,0,,,,,376391.3043,5034978.021,45.45106481,-75.58471933,7851
16--4254,2016/04/08,2:26 PM,LAURIER AVE @ LYON ST (0002206),2206,03 - At intersection,03 - P.D. only,02 - Angle,01 - Clear,01 - Daylight,02 - Wet,01 - Traffic signal,01 - Functioning,2,0,0,0,,0,,,,,367153.4717,5031069.241,45.41678018,-75.70330589,7852
16--4255,2016/04/08,2:30 PM,ISABELLA ST/HWY 417 O'CONN IC119BR57 @ O'CONNO (0001698),1698,02 - Intersection related,03 - P.D. only,03 - Rear end,01 - Clear,01 - Daylight,01 - Dry,01 - Traffic signal,00 - Unknown,2,0,0,0,,0,,,,,368298.0786,5030309.566,45.40984194,-75.68878051,7853
16--4256,2016/04/08,2:38 AM,GEORGE ST @ DALHOUSIE ST (0008516),8516,02 - Intersection related,02 - Non-fatal injury,07 - SMV other,01 - Clear,07 - Dark,01 - Dry,01 - Traffic signal,01 - Functioning,1,0,0,1,02 - Minor,1,,1,,,368155.9238,5032316.92,45.42791632,-75.69033831,7854
16--4257,2016/04/08,3:00 AM,MONTREAL RD @ VANIER PKWY (0004630),4630,02 - Intersection related,03 - P.D. only,99 - Other,01 - Clear,07 - Dark,02 - Wet,01 - Traffic signal,01 - Functioning,2,0,0,0,,0,,,,,370071.5875,5033064.919,45.43447036,-75.66576037,7855
16--4258,2016/04/08,3:12 PM,HUNT CLUB RD @ RIVERSIDE DR (0002237),2237,02 - Intersection related,03 - P.D. only,03 - Rear end,01 - Clear,01 - Daylight,01 - Dry,01 - Traffic signal,01 - Functioning,2,0,0,0,,0,,,,,368035.5832,5021945.275,45.33460597,-75.69320451,7856
16--4259,2016/04/08,3:30 PM,ISLAND PARK DR @ MERIVALE RD (0002103),2103,02 - Intersection related,03 - P.D. only,03 - Rear end,01 - Clear,01 - Daylight,01 - Dry,01 - Traffic signal,01 - Functioning,2,0,0,0,,0,,,,,364653.9693,5028023.538,45.38959388,-75.73560894,7857
16--426,2016/01/11,5:44 PM,HIGHWAY 417 btwn HWY417 IC119B RAMP76 & HWY417 IC119A RAMP67 (__3ZA2YT),__3ZA2YT,01 - Non intersection,03 - P.D. only,03 - Rear end,01 - Clear,07 - Dark,01 - Dry,10 - No control,,2,0,0,0,,0,,,,,368588.4086,5030532.065,45.41181751,-75.68504298,7858
16--4260,2016/04/08,3:40 PM,KENNEVALE DR @ STRANDHERD DR (0010896),10896,03 - At intersection,02 - Non-fatal injury,05 - Turning movement,01 - Clear,01 - Daylight,01 - Dry,01 - Traffic signal,01 - Functioning,2,0,0,0,01 - Minimal,1,1,,,,361491.4949,5014099.923,45.26457246,-75.77758768,7859
16--4261,2016/04/08,3:45 PM,RIDEAU ST @ WALLER ST (0011913),11913,02 - Intersection related,03 - P.D. only,03 - Rear end,03 - Snow,01 - Daylight,02 - Wet,01 - Traffic signal,01 - Functioning,2,0,0,0,,0,,,,,368282.9734,5032275.261,45.42752997,-75.68872021,7860
16--4262,2016/04/08,3:58 PM,TERRY FOX DR @ WESTPHALIAN AVE (0014366),14366,02 - Intersection related,03 - P.D. only,99 - Other,03 - Snow,01 - Daylight,02 - Wet,01 - Traffic signal,01 - Functioning,2,0,0,0,,0,,,,,353455.2261,5015759.789,45.28011017,-75.87982363,7861
16--4263,2016/04/08,4:23 PM,HARDING RD @ WALKLEY RD (0007652),7652,03 - At intersection,03 - P.D. only,05 - Turning movement,01 - Clear,01 - Daylight,02 - Wet,01 - Traffic signal,01 - Functioning,2,0,0,0,,0,,,,,373148.9547,5027608.759,45.38508437,-75.62718935,7862
16--4264,2016/04/08,4:27 PM,TERRY FOX DR S @ DIDSBURY RD/CENTRUM KANATA SC (0011820),11820,03 - At intersection,03 - P.D. only,05 - Turning movement,03 - Snow,01 - Daylight,02 - Wet,01 - Traffic signal,01 - Functioning,2,0,0,0,,0,,,,,350620.416,5018917.111,45.30871116,-75.91566346,7863
16--4265,2016/04/08,4:30 PM,ELGIN ST @ QUEEN ST (0007144),7144,03 - At intersection,03 - P.D. only,05 - Turning movement,01 - Clear,01 - Daylight,02 - Wet,01 - Traffic signal,01 - Functioning,2,0,0,0,,0,,,,,367804.3684,5031779.32,45.42311093,-75.69489936,7864
16--4266,2016/04/08,4:34 PM,BASELINE RD btwn ST. HELEN'S PL & CLYDE AVE (__3ZA4IN),__3ZA4IN,01 - Non intersection,03 - P.D. only,04 - Sideswipe,01 - Clear,01 - Daylight,01 - Dry,10 - No control,,2,0,0,0,,0,,,,,364189.2308,5024786.136,45.36050381,-75.74193287,7865
16--4267,2016/04/08,4:39 PM,DONALD ST btwn MARGUERITE AVE & VANIER PKWY (__3ZA8ZQ),__3ZA8ZQ,01 - Non intersection,03 - P.D. only,06 - SMV unattended vehicle,01 - Clear,01 - Daylight,02 - Wet,10 - No control,,1,0,0,0,,0,,,,,370189.6526,5032256.028,45.42718126,-75.66435895,7866
16--4268,2016/04/08,4:45 PM,CAPILANO DR btwn WITHROW AVE & KERRY CRES (__3ZBOK5),__3ZBOK5,01 - Non intersection,03 - P.D. only,03 - Rear end,01 - Clear,01 - Daylight,01 - Dry,10 - No control,,2,0,0,0,,0,,,,,364650.9683,5024236.758,45.35552131,-75.73610612,7867
16--4269,2016/04/08,5:28 PM,OGILVIE RD btwn MATHESON RD & CADBORO RD (__3ZA2DM),__3ZA2DM,01 - Non intersection,03 - P.D. only,04 - Sideswipe,01 - Clear,01 - Daylight,02 - Wet,10 - No control,,2,0,0,0,,0,,,,,373582.0914,5032654.462,45.43044079,-75.62095495,7868
16--427,2016/01/11,5:50 AM,HIGHWAY 417 btwn HWY 417 ANDERSON IC104R61 & HWY 417 BOUNDARY IC96R16 (__3ZA2W5),__3ZA2W5,01 - Non intersection,03 - P.D. only,07 - SMV other,01 - Clear,07 - Dark,06 - Ice,10 - No control,,1,0,0,0,,0,,,,,387161.5741,5023916.201,45.35035456,-75.4488926,7869
16--4270,2016/04/08,6:25 PM,HERON RD @ 155 W OF BANK ST/CANADIAN TIRE SC (0008219),8219,03 - At intersection,03 - P.D. only,02 - Angle,03 - Snow,01 - Daylight,03 - Loose snow,01 - Traffic signal,01 - Functioning,2,0,0,0,,0,,,,,369852.2971,5026826.59,45.37836059,-75.66938591,7870
16--4271,2016/04/08,6:35 PM,REGIONAL ROAD 174 btwn RAMP & TRIM RD (__3ZA273),__3ZA273,01 - Non intersection,03 - P.D. only,03 - Rear end,03 - Snow,01 - Daylight,02 - Wet,10 - No control,,2,0,0,0,,0,,,,,384342.2503,5039957.34,45.49500434,-75.48227728,7871
16--4272,2016/04/08,6:57 AM,OTTAWA RIVER PKWY EB btwn TRANSIT & TURN LANE (2) (__3ZA24U),__3ZA24U,01 - Non intersection,03 - P.D. only,04 - Sideswipe,01 - Clear,01 - Daylight,02 - Wet,10 - No control,,2,0,0,0,,0,,,,,361392.9926,5026927.179,45.38000005,-75.77737693,7872
16--4273,2016/04/08,7:00 PM,LISGAR ST btwn BRONSON AVE & PERCY ST (__3ZA0XH),__3ZA0XH,01 - Non intersection,03 - P.D. only,06 - SMV unattended vehicle,01 - Clear,05 - Dusk,01 - Dry,10 - No control,,1,0,0,0,,0,,,,,367003.4409,5030703.846,45.41350582,-75.70526877,7873
16--4274,2016/04/08,7:05 PM,REGIONAL ROAD 174 btwn MORIN RD & OLD MONTREAL RD (__3ZA27P),__3ZA27P,01 - Non intersection,03 - P.D. only,03 - Rear end,01 - Clear,07 - Dark,01 - Dry,10 - No control,,2,0,0,0,,0,,,,,392434.2402,5042752.897,45.51918584,-75.37826189,7874
16--4275,2016/04/08,7:19 AM,8TH LINE RD @ MITCH OWENS RD (0003574),3574,03 - At intersection,03 - P.D. only,02 - Angle,01 - Clear,01 - Daylight,01 - Dry,02 - Stop sign,01 - Functioning,2,0,0,0,,0,,,,,382362.1195,5018775.6,45.30464992,-75.51093963,7875
16--4276,2016/04/08,7:49 AM,MCARTHUR AVE btwn MAY ST & ST. LAURENT BLVD (__3ZA3XL),__3ZA3XL,04 - At/near private drive,03 - P.D. only,05 - Turning movement,01 - Clear,01 - Daylight,01 - Dry,10 - No control,,2,0,0,0,,0,,,,,371805.4816,5032865.85,45.43251523,-75.64362893,7876
16--4277,2016/04/08,8:15 AM,GREENBANK RD btwn PINECREST RD & HWY417 IC129 RAMP35 (__3ZAZYB),__3ZAZYB,01 - Non intersection,03 - P.D. only,03 - Rear end,03 - Snow,01 - Daylight,02 - Wet,10 - No control,,2,0,0,0,,0,,,,,360460.3856,5023495.877,45.34920006,-75.78967076,7877
16--4278,2016/04/08,8:28 AM,WOODROFFE AVE @ DEERFOX DR/STONEWAY DR (0004601),4601,03 - At intersection,03 - P.D. only,02 - Angle,01 - Clear,01 - Daylight,01 - Dry,01 - Traffic signal,01 - Functioning,2,0,0,0,,0,,,,,365885.2997,5015939.628,45.28075821,-75.72137667,7878
16--4279,2016/04/08,8:41 PM,MEADOWLANDS DR @ MERIVALE RD (0000625),625,03 - At intersection,02 - Non-fatal injury,05 - Turning movement,03 - Snow,07 - Dark,02 - Wet,01 - Traffic signal,01 - Functioning,2,0,0,0,02 - Minor,2,1,1,,,364858.0265,5023726.184,45.35090953,-75.73352564,7879
16--428,2016/01/11,5:50 PM,CARLING AVE @ KIRKWOOD AVE N (0002358),2358,02 - Intersection related,03 - P.D. only,99 - Other,01 - Clear,07 - Dark,01 - Dry,01 - Traffic signal,01 - Functioning,2,0,0,0,,0,,,,,364277.4041,5027492.521,45.38484796,-75.74048159,7880
16--4280,2016/04/08,8:58 AM,MACLAREN ST @ METCALFE ST (0006950),6950,02 - Intersection related,03 - P.D. only,03 - Rear end,03 - Snow,01 - Daylight,02 - Wet,01 - Traffic signal,01 - Functioning,2,0,0,0,,0,,,,,368051.482,5031032.576,45.41636968,-75.6918378,7881
16--4281,2016/04/08,9:01 AM,CHAPEL ST @ LAURIER AVE (0007756),7756,03 - At intersection,03 - P.D. only,03 - Rear end,01 - Clear,01 - Daylight,01 - Dry,01 - Traffic signal,01 - Functioning,2,0,0,0,,0,,,,,369117.7907,5032263.437,45.42734731,-75.67805431,7882
16--4282,2016/04/08,9:06 PM,LAURIER AVE @ NICHOLAS ST (0010711),10711,03 - At intersection,03 - P.D. only,04 - Sideswipe,01 - Clear,07 - Dark,01 - Dry,01 - Traffic signal,01 - Functioning,2,0,0,0,,0,,,,,368373.4145,5031798.33,45.4232305,-75.68762609,7883
16--4283,2016/04/08,9:17 AM,IRIS ST @ SOUTHWOOD DR (0011578),11578,02 - Intersection related,03 - P.D. only,03 - Rear end,02 - Rain,01 - Daylight,02 - Wet,02 - Stop sign,01 - Functioning,2,0,0,0,,0,,,,,360845.8928,5023442.9,45.34869267,-75.78475736,7884
16--4284,2016/04/09,1:30 PM,HWY417 IC127 RAMP51 btwn HIGHWAY 417 & HWY417 IC127 RAMP53 (__3ZAYBM),__3ZAYBM,01 - Non intersection,02 - Non-fatal injury,03 - Rear end,01 - Clear,01 - Daylight,01 - Dry,10 - No control,,2,0,0,0,01 - Minimal,1,1,,,,361966.0353,5024665.279,45.35960115,-75.77032222,7885
16--4285,2016/04/09,1:42 PM,KING EDWARD AVE @ SUSSEX DR (0002653),2653,03 - At intersection,03 - P.D. only,05 - Turning movement,01 - Clear,01 - Daylight,01 - Dry,01 - Traffic signal,01 - Functioning,2,0,0,0,,0,,,,,367664.0906,5033502.816,45.43863098,-75.69647169,7886
16--4286,2016/04/09,10:21 AM,HWY 417 INNES IC112R68 @ INNES RD (0012300),12300,02 - Intersection related,03 - P.D. only,03 - Rear end,01 - Clear,01 - Daylight,01 - Dry,01 - Traffic signal,01 - Functioning,3,0,0,0,,0,,,,,374641.2248,5030921.784,45.41474612,-75.60766635,7887
16--4287,2016/04/09,10:22 PM,SOMERSET ST    W btwn BAY ST & LYON ST N (__3ZA3BB),__3ZA3BB,04 - At/near private drive,03 - P.D. only,02 - Angle,01 - Clear,07 - Dark,01 - Dry,10 - No control,,2,0,0,0,,0,,,,,367311.0621,5030683.753,45.41329762,-75.70134144,7888
16--4288,2016/04/09,10:57 AM,ROOSEVELT AVE @ RICHMOND RD (0006899),6899,02 - Intersection related,03 - P.D. only,03 - Rear end,01 - Clear,01 - Daylight,01 - Dry,01 - Traffic signal,01 - Functioning,3,0,0,0,,0,,,,,362979.3669,5028118.228,45.390587,-75.75698217,7889
16--4289,2016/04/09,11:09 PM,LAURIER AVE   E btwn RUSSELL AVE & CHAPEL ST (__3ZA3V3),__3ZA3V3,01 - Non intersection,03 - P.D. only,07 - SMV other,01 - Clear,07 - Dark,01 - Dry,10 - No control,,1,0,0,0,,0,,,,,369109.6338,5032259.275,45.42731061,-75.67815908,7890
16--429,2016/01/11,6:10 AM,MARCH RD btwn BEARHILL RD & ROB LYTLE'S LANE (__3ZA2QA),__3ZA2QA,01 - Non intersection,03 - P.D. only,07 - SMV other,01 - Clear,07 - Dark,02 - Wet,10 - No control,,1,0,0,0,,0,,,,,338186.2422,5018000.242,45.30116189,-76.07428997,7891
16--4290,2016/04/09,11:15 AM,NAVAHO DR @ WOODROFFE AVE/TRANSITWAY N BASELIN (0010359),10359,02 - Intersection related,03 - P.D. only,03 - Rear end,01 - Clear,01 - Daylight,01 - Dry,01 - Traffic signal,01 - Functioning,3,0,0,0,,0,,,,,362706.0174,5023493.026,45.34899259,-75.76101504,7892
16--4291,2016/04/09,11:27 AM,BAYSHORE DR @ WOODRIDGE CRES N (0001209),1209,02 - Intersection related,03 - P.D. only,05 - Turning movement,01 - Clear,01 - Daylight,01 - Dry,01 - Traffic signal,01 - Functioning,2,0,0,0,,0,,,,,359072.1991,5023874.854,45.3527189,-75.80734367,7893
16--4292,2016/04/09,12:09 PM,BRONSON AVE btwn BREWER WAY & RIVERSIDE DR RAMPS 34B & 42A-3 (__3ZA3BR),__3ZA3BR,01 - Non intersection,03 - P.D. only,07 - SMV other,01 - Clear,01 - Daylight,01 - Dry,10 - No control,,1,0,0,0,,0,,,,,368410.995,5027195.394,45.38181132,-75.68773964,7894
16--4293,2016/04/09,2:10 PM,JOHN QUINN RD btwn PARKWAY RD & IVESON DR (__3ZAZX0),__3ZAZX0,01 - Non intersection,02 - Non-fatal injury,07 - SMV other,01 - Clear,01 - Daylight,01 - Dry,10 - No control,,1,0,0,0,02 - Minor,1,,1,,,381704.7022,5015114.289,45.27177974,-75.51988922,7895
16--4294,2016/04/09,3:08 PM,BASELINE RD @ CORDOVA ST (0003208),3208,03 - At intersection,03 - P.D. only,05 - Turning movement,02 - Rain,01 - Daylight,02 - Wet,01 - Traffic signal,01 - Functioning,2,0,0,0,,0,,,,,363593.0901,5024409.99,45.35716953,-75.74958632,7896
16--4295,2016/04/09,3:11 PM,MONTREAL RD btwn BETHAMY LANE & OGILVIE RD (__3ZA2DX),__3ZA2DX,04 - At/near private drive,03 - P.D. only,02 - Angle,01 - Clear,01 - Daylight,01 - Dry,10 - No control,,2,0,0,0,,0,,,,,375529.4825,5034478.023,45.44665389,-75.59580805,7897
16--4296,2016/04/09,3:21 PM,FISHER AVE btwn TUNIS AVE & SHILLINGTON AVE (__3ZA3AU),__3ZA3AU,04 - At/near private drive,03 - P.D. only,02 - Angle,01 - Clear,01 - Daylight,01 - Dry,10 - No control,,2,0,0,0,,0,,,,,365562.5795,5027451.816,45.3843714,-75.72407658,7898
16--4297,2016/04/09,3:24 PM,BESSERER ST @ KING EDWARD AVE (0007758),7758,03 - At intersection,03 - P.D. only,02 - Angle,01 - Clear,01 - Daylight,01 - Dry,01 - Traffic signal,01 - Functioning,2,0,0,0,,0,,,,,368550.3146,5032339.02,45.42807933,-75.68529582,7899
16--4298,2016/04/09,4:30 PM,EARL ARMSTRONG RD @ RIVER RD (0012470),12470,02 - Intersection related,03 - P.D. only,03 - Rear end,01 - Clear,01 - Daylight,01 - Dry,01 - Traffic signal,01 - Functioning,2,0,0,0,,0,,,,,367572.944,5014684.172,45.26931306,-75.70002595,7900