Anom_ID,Accident_Date,Accident_Time,Location,Geo_ID,Accident_Location,Classification_of_Accident,Initial_Impact_Type,Environment_Condition,Light,Road_Surface_Condition,Traffic_Control,Traffic_Control_Condition,No__of_Vehicles,No__of_Bicycles,No__of_Motorcycles,No__of_Pedestrians,Max_Injury,No__of_Injuries,No__of_Minimal,No__of_Minor,No__of_Major,No__of_Fatal,X,Y,Latitude,Longitude,ObjectId
16--4028,2016/04/04,Unknown,MACLAREN ST btwn PERCY ST & BAY ST (__3ZA80Z),__3ZA80Z,01 - Non intersection,03 - P.D. only,06 - SMV unattended vehicle,01 - Clear,00 - Unknown,01 - Dry,10 - No control,,1,0,0,0,,0,,,,,367166.5412,5030499.267,45.41165056,-75.70321104,7901
16--4029,2016/04/04,12:00 PM,PARKDALE AVE btwn OXFORD ST & SPENCER ST (__3ZA3ZB),__3ZA3ZB,01 - Non intersection,03 - P.D. only,06 - SMV unattended vehicle,01 - Clear,01 - Daylight,01 - Dry,10 - No control,,1,0,0,0,,0,,,,,365061.0332,5029471.434,45.40258683,-75.73023395,7902
16--403,2016/01/11,2:10 PM,CARLING AVE EB @ SAIGON CRT (0008796),8796,02 - Intersection related,03 - P.D. only,04 - Sideswipe,01 - Clear,01 - Daylight,01 - Dry,02 - Stop sign,01 - Functioning,2,0,0,0,,0,,,,,364068.9825,5027114.619,45.38146533,-75.74318825,7903
16--4030,2016/04/04,12:04 AM,CHAINE CRT btwn Continuation of CHAINE CRT & SIMARD DR (__3ZA62P),__3ZA62P,04 - At/near private drive,03 - P.D. only,02 - Angle,01 - Clear,07 - Dark,01 - Dry,10 - No control,,2,0,0,0,,0,,,,,381320.3338,5035003.989,45.45077616,-75.52170757,7904
16--4031,2016/04/04,12:24 PM,WELLINGTON ST @ LETT ST (0012269),12269,02 - Intersection related,03 - P.D. only,03 - Rear end,01 - Clear,01 - Daylight,01 - Dry,01 - Traffic signal,01 - Functioning,2,0,0,0,,0,,,,,366354.4959,5031110.844,45.41722526,-75.71350828,7905
16--4032,2016/04/04,12:58 PM,BANK ST @ RIVERSIDE DR N (0010778),10778,02 - Intersection related,02 - Non-fatal injury,03 - Rear end,01 - Clear,01 - Daylight,01 - Dry,01 - Traffic signal,01 - Functioning,2,0,0,0,01 - Minimal,1,1,,,,369225.9399,5027984.218,45.38883444,-75.67723158,7906
16--4033,2016/04/04,12:58 PM,HAMILTON AVE   N btwn ARMSTRONG ST & WELLINGTON ST W (__3ZA05N),__3ZA05N,01 - Non intersection,03 - P.D. only,99 - Other,01 - Clear,01 - Daylight,01 - Dry,10 - No control,,2,0,0,0,,0,,,,,365046.2839,5029306.19,45.40110127,-75.73044253,7907
16--4034,2016/04/04,2:30 PM,MAITLAND AVE btwn TARA DR & ERINDALE DR (__3ZA4I7),__3ZA4I7,01 - Non intersection,03 - P.D. only,04 - Sideswipe,01 - Clear,01 - Daylight,01 - Dry,10 - No control,,2,0,0,0,,0,,,,,363668.7973,5025235.4,45.36459012,-75.74852179,7908
16--4035,2016/04/04,3:35 PM,CENTRAL PARK DR S @ MERIVALE RD (0009113),9113,02 - Intersection related,03 - P.D. only,03 - Rear end,01 - Clear,01 - Daylight,01 - Dry,01 - Traffic signal,01 - Functioning,2,0,0,0,,0,,,,,364986.7225,5025598.425,45.36774464,-75.73165535,7909
16--4036,2016/04/04,4:00 PM,KING EDWARD AVE @ SUSSEX DR (0002653),2653,02 - Intersection related,03 - P.D. only,03 - Rear end,01 - Clear,01 - Daylight,01 - Dry,01 - Traffic signal,01 - Functioning,2,0,0,0,,0,,,,,367663.0281,5033503.821,45.43864012,-75.69648514,7910
16--4037,2016/04/04,4:00 PM,BROADVIEW AVE @ BYRON AVE (0006231),6231,03 - At intersection,03 - P.D. only,02 - Angle,01 - Clear,01 - Daylight,01 - Dry,02 - Stop sign,01 - Functioning,2,0,0,0,,0,,,,,362696.3424,5027832.499,45.3880395,-75.76062994,7911
16--4038,2016/04/04,4:53 PM,MACDONALD-CARTIER BR btwn RAMP & END (1) (__3ZA1QK),__3ZA1QK,07 - Overpass or bridge,03 - P.D. only,03 - Rear end,01 - Clear,01 - Daylight,01 - Dry,10 - No control,,2,0,0,0,,0,,,,,367307.1088,5033264.716,45.43652064,-75.70106442,7912
16--4039,2016/04/04,5:08 PM,CAMBRIAN RD/GOLFLINKS DR W @ LONGFIELDS DR (0009702),9702,03 - At intersection,03 - P.D. only,03 - Rear end,01 - Clear,01 - Daylight,01 - Dry,11 - Roundabout,01 - Functioning,2,0,0,0,,0,,,,,365383.3627,5013222.745,45.25635518,-75.72810546,7913
16--404,2016/01/11,2:35 PM,LEES AVE @ KING EDWARD AVE/MANN AVE (0011413),11413,02 - Intersection related,03 - P.D. only,03 - Rear end,01 - Clear,01 - Daylight,01 - Dry,01 - Traffic signal,01 - Functioning,2,0,0,0,,0,,,,,369178.4437,5031334.952,45.41898757,-75.67740062,7914
16--4040,2016/04/04,5:43 PM,FALLOWFIELD RD @ GREENBANK RD (0000549),549,02 - Intersection related,03 - P.D. only,03 - Rear end,01 - Clear,01 - Daylight,01 - Dry,01 - Traffic signal,01 - Functioning,2,0,0,0,,0,,,,,363080.4512,5016733.129,45.28813627,-75.75703237,7915
16--4041,2016/04/04,6:05 PM,RICHMOND RD @ WOODROFFE AVE (0011466),11466,03 - At intersection,03 - P.D. only,05 - Turning movement,01 - Clear,01 - Daylight,01 - Dry,01 - Traffic signal,01 - Functioning,2,0,0,0,,0,,,,,361584.6864,5026653.193,45.37751924,-75.77496094,7916
16--4042,2016/04/04,6:17 PM,HERON RD btwn FINN CRT & BAYCREST DR (__3ZBOFO),__3ZBOFO,04 - At/near private drive,03 - P.D. only,02 - Angle,01 - Clear,05 - Dusk,01 - Dry,10 - No control,,2,0,0,0,,0,,,,,371092.0732,5026974.373,45.37957408,-75.65353783,7917
16--4043,2016/04/04,7:15 AM,KING EDWARD AVE @ ST. PATRICK ST (0002714),2714,02 - Intersection related,03 - P.D. only,03 - Rear end,01 - Clear,01 - Daylight,01 - Dry,01 - Traffic signal,01 - Functioning,2,0,0,0,,0,,,,,368248.4766,5032824.488,45.43247485,-75.68909025,7918
16--4044,2016/04/04,7:43 AM,ALBION RD @ QUINN RD/FENTON RD (0003552),3552,02 - Intersection related,03 - P.D. only,03 - Rear end,01 - Clear,01 - Daylight,01 - Dry,02 - Stop sign,01 - Functioning,2,0,0,0,,0,,,,,373630.1439,5020103.591,45.31750867,-75.62209003,7919
16--4045,2016/04/04,7:47 AM,CEDARVIEW RD @ HWY 416 WESTHUNT IC72R24 (0005514),5514,03 - At intersection,02 - Non-fatal injury,02 - Angle,01 - Clear,01 - Daylight,01 - Dry,02 - Stop sign,01 - Functioning,2,0,0,0,02 - Minor,1,,1,,,359607.2849,5019744.455,45.31551184,-75.80097247,7920
16--4046,2016/04/04,7:59 PM,CEDARVIEW RD btwn CAMBRIAN RD & BARNSDALE RD (__3ZA1T5),__3ZA1T5,01 - Non intersection,03 - P.D. only,07 - SMV other,01 - Clear,07 - Dark,01 - Dry,10 - No control,,1,0,0,0,,0,,,,,363897.0836,5010046.665,45.22790301,-75.74741795,7921
16--4047,2016/04/04,8:51 AM,HARDING RD @ WALKLEY RD (0007652),7652,02 - Intersection related,03 - P.D. only,03 - Rear end,01 - Clear,01 - Daylight,01 - Dry,01 - Traffic signal,01 - Functioning,2,0,0,0,,0,,,,,373148.5062,5027607.413,45.3850723,-75.62719527,7922
16--4048,2016/04/04,8:52 AM,BANK ST @ HERON RD (0002155),2155,02 - Intersection related,03 - P.D. only,03 - Rear end,01 - Clear,01 - Daylight,01 - Dry,01 - Traffic signal,01 - Functioning,2,0,0,0,,0,,,,,369995.9445,5026851.767,45.37857377,-75.66754863,7923
16--4049,2016/04/04,9:14 AM,GLADSTONE AVE @ O'CONNOR ST (0002710),2710,02 - Intersection related,03 - P.D. only,99 - Other,01 - Clear,01 - Daylight,01 - Dry,01 - Traffic signal,01 - Functioning,2,0,0,0,,0,,,,,368074.9359,5030659.019,45.41300642,-75.69158612,7924
16--405,2016/01/11,2:48 PM,GOLDENBROOK WAY @ HARVEST VALLEY AVE (0013443),13443,03 - At intersection,03 - P.D. only,02 - Angle,01 - Clear,01 - Daylight,02 - Wet,01 - Traffic signal,01 - Functioning,2,0,0,0,,0,,,,,384940.0209,5034498.827,45.44582549,-75.47552038,7925
16--4050,2016/04/04,9:18 AM,BOOTH ST @ 148 N OF MIDDLE ST/E.B.EDDY S (0012189),12189,02 - Intersection related,03 - P.D. only,03 - Rear end,01 - Clear,01 - Daylight,01 - Dry,01 - Traffic signal,01 - Functioning,2,0,0,0,,0,,,,,366034.5085,5031416.756,45.42000585,-75.71755841,7926
16--4051,2016/04/04,9:38 PM,HIGHWAY 416 btwn HWY416 IC66 RAMP62 & HWY416 IC66 RAMP52 (__3ZAZMX),__3ZAZMX,01 - Non intersection,03 - P.D. only,07 - SMV other,01 - Clear,07 - Dark,01 - Dry,10 - No control,,1,0,0,0,,0,,,,,360050.5069,5014816.33,45.27113344,-75.7958689,7927
16--4052,2016/04/05,10:50 AM,WOODROFFE AVE btwn HWY417 IC127 RAMP53 & IRIS ST (__3ZA4L2),__3ZA4L2,01 - Non intersection,03 - P.D. only,04 - Sideswipe,01 - Clear,01 - Daylight,01 - Dry,10 - No control,,2,0,0,0,,0,,,,,362208.7787,5024621.265,45.35918528,-75.76722916,7928
16--4053,2016/04/05,11:05 AM,FALLOWFIELD RD @ VIA PARK PL/275 W OF WOODROFFE AVE (0010154),10154,02 - Intersection related,03 - P.D. only,03 - Rear end,01 - Clear,01 - Daylight,01 - Dry,01 - Traffic signal,01 - Functioning,2,0,0,0,,0,,,,,364846.4384,5017765.755,45.29727913,-75.73439628,7929
16--4054,2016/04/05,12:30 PM,HWY 416 ACRES IC75R24 @ HOLLY ACRES RD (0005257),5257,02 - Intersection related,03 - P.D. only,03 - Rear end,01 - Clear,01 - Daylight,01 - Dry,01 - Traffic signal,01 - Functioning,2,0,0,0,,0,,,,,358756.3505,5022867.93,45.34368294,-75.81148429,7930
16--4055,2016/04/05,3:04 PM,CONROY RD @ HUNT CLUB RD (0002257),2257,02 - Intersection related,03 - P.D. only,03 - Rear end,01 - Clear,01 - Daylight,01 - Dry,01 - Traffic signal,01 - Functioning,2,0,0,0,,0,,,,,373764.4134,5025403.849,45.36518522,-75.61963883,7931
16--4056,2016/04/05,3:07 PM,PRESTON ST @ SOMERSET ST (0002215),2215,02 - Intersection related,03 - P.D. only,03 - Rear end,01 - Clear,01 - Daylight,01 - Dry,01 - Traffic signal,01 - Functioning,3,0,0,0,,0,,,,,366307.9259,5030128.023,45.4083862,-75.7142259,7932
16--4057,2016/04/05,4:09 PM,LAURIER AVE   W btwn METCALFE ST & ELGIN ST (__3ZA35P),__3ZA35P,01 - Non intersection,03 - P.D. only,03 - Rear end,01 - Clear,01 - Daylight,01 - Dry,10 - No control,,2,0,0,0,,0,,,,,367937.474,5031541.935,45.42096302,-75.69322906,7933
16--4058,2016/04/05,4:10 PM,FRANK KENNY RD W @ INNES RD (0010153),10153,03 - At intersection,03 - P.D. only,02 - Angle,01 - Clear,01 - Daylight,01 - Dry,02 - Stop sign,01 - Functioning,2,0,0,0,,0,,,,,387531.705,5037627.667,45.47367361,-75.4418684,7934
16--4059,2016/04/05,4:14 PM,LEGGET DR @ TERRY FOX DR (0011817),11817,03 - At intersection,02 - Non-fatal injury,02 - Angle,01 - Clear,01 - Daylight,01 - Dry,02 - Stop sign,01 - Functioning,2,0,0,0,02 - Minor,2,,2,,,350175.4459,5023445.275,45.34948558,-75.92092271,7935
16--406,2016/01/11,3:01 PM,KING EDWARD AVE @ ST. PATRICK ST (0002714),2714,02 - Intersection related,03 - P.D. only,03 - Rear end,01 - Clear,01 - Daylight,01 - Dry,01 - Traffic signal,01 - Functioning,2,0,0,0,,0,,,,,368249.3599,5032822.93,45.43246075,-75.68907916,7936
16--4060,2016/04/05,4:19 PM,KANATA AVE/CASTLEFRANK RD @ AIRD PL (0011976),11976,02 - Intersection related,03 - P.D. only,03 - Rear end,01 - Clear,01 - Daylight,01 - Dry,01 - Traffic signal,01 - Functioning,2,0,0,0,,0,,,,,351811.5196,5019069.992,45.3100081,-75.90045993,7937
16--4061,2016/04/05,4:35 PM,ANDERSON RD btwn INNES RD & DESJARDINS ST (__3ZBOG0),__3ZBOG0,01 - Non intersection,03 - P.D. only,04 - Sideswipe,01 - Clear,01 - Daylight,01 - Dry,10 - No control,,2,0,0,0,,0,,,,,376284.7815,5031838.87,45.42283155,-75.58653688,7938
16--4062,2016/04/05,5:06 PM,MELETTE CRES btwn SCALA AVE & SCALA AVE (__4LK0NK),__4LK0NK,04 - At/near private drive,03 - P.D. only,06 - SMV unattended vehicle,01 - Clear,01 - Daylight,01 - Dry,10 - No control,,1,0,0,0,,0,,,,,385467.6094,5036284.058,45.46182661,-75.46848418,7939
16--4063,2016/04/05,5:23 PM,KAKULU RD @ CASTLEFRANK RD (0003540),3540,02 - Intersection related,03 - P.D. only,03 - Rear end,01 - Clear,01 - Daylight,01 - Dry,01 - Traffic signal,01 - Functioning,2,0,0,0,,0,,,,,352180.5156,5018499.572,45.30485053,-75.8958089,7940
16--4064,2016/04/05,5:40 PM,HIGHWAY 417 btwn HWY417 IC117 RAMP51 & HWY417 IC117 RAMP35 (__3ZA2YN),__3ZA2YN,01 - Non intersection,03 - P.D. only,03 - Rear end,01 - Clear,01 - Daylight,01 - Dry,10 - No control,,2,0,0,0,,0,,,,,370792.5263,5031189.452,45.41752804,-75.65679829,7941
16--4065,2016/04/05,5:45 AM,MARCH RD btwn 280 S OF CARLING AVE/STATION RD & RICHARDSON SIDE RD (__3ZA42DB),__3ZA42DB,01 - Non intersection,03 - P.D. only,07 - SMV other,01 - Clear,07 - Dark,01 - Dry,10 - No control,,1,0,0,0,,0,,,,,351388.532,5021787.533,45.33448935,-75.90559836,7942
16--4066,2016/04/05,6:13 PM,CRESTHAVEN DR btwn LEIKIN DR & VERSILIA DR (__4CZRNW),__4CZRNW,04 - At/near private drive,03 - P.D. only,02 - Angle,01 - Clear,01 - Daylight,01 - Dry,10 - No control,,2,0,0,0,,0,,,,,366965.6213,5016465.4,45.28539436,-75.70754181,7943
16--4067,2016/04/05,6:56 PM,BRONSON AVE @ CATHERINE ST/RAYMOND ST (0007198),7198,03 - At intersection,03 - P.D. only,05 - Turning movement,01 - Clear,01 - Daylight,01 - Dry,01 - Traffic signal,01 - Functioning,2,0,0,0,,0,,,,,367253.2254,5029795.889,45.40531404,-75.70219278,7944
16--4068,2016/04/05,7:16 PM,ST. JOSEPH BLVD btwn ST. JEAN ST & BELCOURT BLVD (__3ZA2AP),__3ZA2AP,01 - Non intersection,03 - P.D. only,04 - Sideswipe,01 - Clear,01 - Daylight,01 - Dry,10 - No control,,2,0,0,0,,0,,,,,381181.4972,5037340.942,45.47181735,-75.52311923,7945
16--4069,2016/04/05,7:20 AM,COLONEL BY DR/SUSSEX DR @ RIDEAU ST (0007647),7647,03 - At intersection,03 - P.D. only,04 - Sideswipe,01 - Clear,01 - Daylight,01 - Dry,01 - Traffic signal,01 - Functioning,2,0,0,0,,0,,,,,367922.4956,5032044.317,45.42548464,-75.69335606,7946
16--407,2016/01/11,3:14 PM,BARLOW CRES btwn VANCES SIDE RD & HEATHER ST (__3ZBN0M),__3ZBN0M,04 - At/near private drive,03 - P.D. only,02 - Angle,01 - Clear,01 - Daylight,01 - Dry,10 - No control,,2,0,0,0,,0,,,,,345005.8416,5036980.08,45.47159007,-75.98578993,7947
16--4070,2016/04/05,7:22 PM,BEARBROOK RD/ROCKCLIFFE PKWY @ ST. JOSEPH BLVD (0012382),12382,03 - At intersection,03 - P.D. only,05 - Turning movement,01 - Clear,01 - Daylight,01 - Dry,01 - Traffic signal,01 - Functioning,2,0,0,0,,0,,,,,377129.4077,5035239.368,45.45334024,-75.57524562,7948
16--4071,2016/04/05,7:31 AM,PRINCE OF WALES DR @ WEST HUNT CLUB RD (0000567),567,02 - Intersection related,03 - P.D. only,03 - Rear end,01 - Clear,01 - Daylight,01 - Dry,01 - Traffic signal,01 - Functioning,2,0,0,0,,0,,,,,367458.444,5021891.77,45.33417632,-75.70057403,7949
16--4072,2016/04/05,7:45 AM,HWY417 IC129 RAMP26 btwn PINECREST RD & HIGHWAY 417 (__3ZAY8Z),__3ZAY8Z,01 - Non intersection,02 - Non-fatal injury,03 - Rear end,01 - Clear,01 - Daylight,01 - Dry,10 - No control,,2,0,0,0,01 - Minimal,1,1,,,,360476.1265,5023706.991,45.35109841,-75.78944612,7950
16--4073,2016/04/05,8:16 PM,RIVERSIDE DR @ HERON RD (0002236),2236,02 - Intersection related,03 - P.D. only,03 - Rear end,01 - Clear,07 - Dark,01 - Dry,01 - Traffic signal,01 - Functioning,2,0,0,0,,0,,,,,368121.3558,5026647.114,45.37690429,-75.69150804,7951
16--4074,2016/04/05,8:20 AM,RIVERSIDE DR NB btwn SAN REMO PRIV & INDUSTRIAL AVE (__3ZAZ0A),__3ZAZ0A,01 - Non intersection,03 - P.D. only,04 - Sideswipe,01 - Clear,01 - Daylight,01 - Dry,10 - No control,,2,0,0,0,,0,,,,,370650.7342,5030516.772,45.41148889,-75.65869968,7952
16--4075,2016/04/05,8:25 AM,AVIATION PKWY btwn RAMP & MONTREAL RD (__3ZA2SR),__3ZA2SR,04 - At/near private drive,02 - Non-fatal injury,02 - Angle,01 - Clear,01 - Daylight,01 - Dry,10 - No control,,2,0,0,0,02 - Minor,1,,1,,,371929.6729,5034383.286,45.44615648,-75.64183491,7953
16--4076,2016/04/05,8:26 AM,MARCH RD @ TERRY FOX DR (0003173),3173,02 - Intersection related,03 - P.D. only,03 - Rear end,01 - Clear,01 - Daylight,01 - Dry,01 - Traffic signal,01 - Functioning,2,0,0,0,,0,,,,,349864.8331,5023399.284,45.34909177,-75.92489071,7954
16--4077,2016/04/05,8:27 AM,CAMBRIAN RD @ GREENBANK RD (0001095),1095,03 - At intersection,03 - P.D. only,03 - Rear end,01 - Clear,01 - Daylight,01 - Dry,11 - Roundabout,01 - Functioning,2,0,0,0,,0,,,,,364764.0136,5012873.094,45.25326207,-75.73603808,7955
16--4078,2016/04/05,8:27 AM,CARLING AVE EB btwn EDGEWORTH AVE & FOX CRES (__3ZA4V0),__3ZA4V0,01 - Non intersection,03 - P.D. only,03 - Rear end,01 - Clear,01 - Daylight,01 - Dry,10 - No control,,2,0,0,0,,0,,,,,361483.3051,5025550.36,45.36760425,-75.77638185,7956
16--4079,2016/04/05,8:47 AM,MACDONALD-CARTIER BR btwn RAMP & END (2) (__3ZA3UC),__3ZA3UC,01 - Non intersection,03 - P.D. only,03 - Rear end,01 - Clear,01 - Daylight,01 - Dry,10 - No control,,2,0,0,0,,0,,,,,367333.4604,5033244.293,45.43633453,-75.70073023,7957
16--408,2016/01/11,3:18 PM,CARLING AVE @ PARKDALE AVE (0008792),8792,02 - Intersection related,03 - P.D. only,04 - Sideswipe,01 - Clear,01 - Daylight,01 - Dry,01 - Traffic signal,01 - Functioning,2,0,0,0,,0,,,,,365625.98,5028172.495,45.39085042,-75.72317823,7958
16--4080,2016/04/05,8:50 AM,REGIONAL ROAD 174 btwn OR174 IC112 RAMP26 & OR174 IC112 RAMP61 (__3ZA2XF),__3ZA2XF,01 - Non intersection,03 - P.D. only,03 - Rear end,01 - Clear,01 - Daylight,01 - Dry,10 - No control,,2,0,0,0,,0,,,,,374856.0362,5032889.045,45.43242499,-75.60464236,7959
16--4081,2016/04/05,8:59 PM,ORLEANS BLVD @ ST. JOSEPH BLVD (0004144),4144,03 - At intersection,02 - Non-fatal injury,05 - Turning movement,01 - Clear,07 - Dark,01 - Dry,01 - Traffic signal,01 - Functioning,2,0,0,0,01 - Minimal,1,1,,,,380630.9388,5036980.856,45.46863758,-75.53021514,7960
16--4082,2016/04/05,9:00 AM,MERIVALE RD btwn CARLING AVE & TO BE DETERMINED (__3ZA4N8),__3ZA4N8,01 - Non intersection,03 - P.D. only,06 - SMV unattended vehicle,01 - Clear,01 - Daylight,01 - Dry,10 - No control,,1,0,0,0,,0,,,,,364902.2933,5027689.275,45.38656498,-75.7324786,7961
16--4083,2016/04/05,9:01 AM,HUNT CLUB RD @ LORRY GREENBERG DR/SABLE RIDGE  (0008203),8203,02 - Intersection related,03 - P.D. only,04 - Sideswipe,01 - Clear,01 - Daylight,01 - Dry,01 - Traffic signal,01 - Functioning,2,0,0,0,,0,,,,,372823.8363,5024807.799,45.3599141,-75.63172636,7962
16--4084,2016/04/05,9:04 AM,REGIONAL ROAD 174 btwn OR174 IC109 RAMP56 & OR174 IC109 RAMP86 (__3ZA28W),__3ZA28W,01 - Non intersection,02 - Non-fatal injury,03 - Rear end,01 - Clear,01 - Daylight,01 - Dry,10 - No control,,3,0,0,0,02 - Minor,2,,2,,,376381.1825,5034827.808,45.44971433,-75.58487058,7963
16--4085,2016/04/05,9:28 AM,INDUSTRIAL AVE @ ALTA VISTA DR/SANDFORD FLEMIN (0006979),6979,02 - Intersection related,03 - P.D. only,04 - Sideswipe,01 - Clear,01 - Daylight,01 - Dry,01 - Traffic signal,01 - Functioning,2,0,0,0,,0,,,,,370884.4575,5030557.304,45.41183155,-75.65570856,7964
16--4086,2016/04/05,9:30 AM,BANK ST btwn ST. PAUL AVE & KITCHENER AVE (__3ZA4TR),__3ZA4TR,01 - Non intersection,03 - P.D. only,03 - Rear end,01 - Clear,01 - Daylight,01 - Dry,10 - No control,,2,0,0,0,,0,,,,,370524.3128,5025530.14,45.36663284,-75.66097877,7965
16--4087,2016/04/05,9:45 AM,STEDMAN ST btwn PARKIN CIRC & PARKIN CIRC (__45KTLN),__45KTLN,01 - Non intersection,03 - P.D. only,07 - SMV other,01 - Clear,01 - Daylight,01 - Dry,10 - No control,,1,0,0,0,,0,,,,,372717.7629,5022901.218,45.34276965,-75.63334202,7966
16--4088,2016/04/05,9:45 PM,CLAREY AVE @ BANK ST (0007243),7243,03 - At intersection,02 - Non-fatal injury,05 - Turning movement,01 - Clear,07 - Dark,01 - Dry,02 - Stop sign,00 - Unknown,2,0,0,0,02 - Minor,2,,2,,,368452.6861,5029269.94,45.40047368,-75.68693973,7967
16--4089,2016/04/05,9:58 AM,CATHERINE ST @ ELGIN ST (0002638),2638,02 - Intersection related,02 - Non-fatal injury,03 - Rear end,01 - Clear,01 - Daylight,01 - Dry,01 - Traffic signal,01 - Functioning,2,0,0,0,01 - Minimal,1,1,,,,368551.8227,5030577.128,45.41222631,-75.68550452,7968
16--409,2016/01/11,3:21 PM,BANK ST btwn ORVILLE KEMP ST & LEITRIM RD (__3ZA28B),__3ZA28B,04 - At/near private drive,03 - P.D. only,02 - Angle,01 - Clear,01 - Daylight,02 - Wet,10 - No control,,2,0,0,0,,0,,,,,375350.2495,5021636.383,45.33112939,-75.59993485,7969
16--4090,2016/04/06,1:36 PM,HAWTHORNE RD @ STEVENAGE DR (0008802),8802,03 - At intersection,03 - P.D. only,05 - Turning movement,03 - Snow,01 - Daylight,02 - Wet,01 - Traffic signal,01 - Functioning,2,0,0,0,,0,,,,,375136.4467,5027310.362,45.38220279,-75.60185485,7970
16--4091,2016/04/06,10:00 PM,HIGHWAY 417 btwn HWY417 IC117 RAMP51 & HWY417 IC117 RAMP35 (__3ZA2YN),__3ZA2YN,01 - Non intersection,03 - P.D. only,99 - Other,03 - Snow,"08 - Dark, artificial",03 - Loose snow,10 - No control,,2,0,0,0,,0,,,,,370796.2526,5031190.224,45.41753463,-75.65675058,7971
16--4092,2016/04/06,10:14 PM,CARLING AVE @ HOLLAND AVE (0002146),2146,03 - At intersection,03 - P.D. only,02 - Angle,03 - Snow,07 - Dark,05 - Packed snow,01 - Traffic signal,01 - Functioning,2,0,0,0,,0,,,,,365415.7802,5028037.858,45.38965721,-75.72587903,7972
16--4093,2016/04/06,10:15 PM,HIGHWAY 417 btwn HWY417 IC117 RAMP61 & HWY417 IC115 RAMP36 (__3ZA2RZ),__3ZA2RZ,01 - Non intersection,03 - P.D. only,04 - Sideswipe,03 - Snow,"08 - Dark, artificial",04 - Slush,10 - No control,,2,0,0,0,,0,,,,,371554.5536,5031422.327,45.41955106,-75.64703122,7973
16--4094,2016/04/06,10:39 PM,HIGHWAY 417 btwn HWY417 IC124 RAMP57 & HWY417 IC124 RAMP55 (__3ZA2Y1),__3ZA2Y1,01 - Non intersection,03 - P.D. only,07 - SMV other,03 - Snow,07 - Dark,03 - Loose snow,10 - No control,,1,0,0,0,,0,,,,,364281.3654,5027318.305,45.38328006,-75.740452,7974
16--4095,2016/04/06,10:43 AM,VALEMONT ST btwn CRESTHAVEN DR & CAMBERLEY ST (__4N79WN),__4N79WN,01 - Non intersection,03 - P.D. only,06 - SMV unattended vehicle,01 - Clear,01 - Daylight,01 - Dry,10 - No control,,1,0,0,0,,0,,,,,366828.8096,5015377.116,45.27561415,-75.70942167,7975
16--4096,2016/04/06,11:00 AM,FOUR SEASONS DR btwn CHESTERTON DR & SCHOLARS CRT (__3ZA0A7),__3ZA0A7,01 - Non intersection,03 - P.D. only,06 - SMV unattended vehicle,01 - Clear,01 - Daylight,01 - Dry,10 - No control,,1,0,0,0,,0,,,,,366229.502,5023923.782,45.35256869,-75.71599963,7976
16--4097,2016/04/06,11:00 PM,NICHOLAS ST SB btwn RAMP & LAURIER AVE E (__3ZAZP6),__3ZAZP6,01 - Non intersection,03 - P.D. only,03 - Rear end,03 - Snow,07 - Dark,03 - Loose snow,10 - No control,,2,0,0,0,,0,,,,,368360.6744,5031821.577,45.42344082,-75.68778587,7977
16--4098,2016/04/06,11:01 PM,RIVERSIDE DR RAMP 34 @ RIVERSIDE DR (0010857),10857,02 - Intersection related,03 - P.D. only,07 - SMV other,03 - Snow,07 - Dark,03 - Loose snow,03 - Yield sign,01 - Functioning,1,0,0,0,,0,,,,,368338.9167,5027182.294,45.38169999,-75.68866162,7978
16--4099,2016/04/06,11:04 PM,COLONEL BY DR @ HOG'S BACK RD (0002635),2635,02 - Intersection related,02 - Non-fatal injury,02 - Angle,02 - Rain,07 - Dark,02 - Wet,01 - Traffic signal,01 - Functioning,2,0,0,0,01 - Minimal,1,1,,,,367602.3188,5025871.975,45.36997649,-75.69823305,7979
16--41,2016/01/02,7:00 AM,HIGHWAY 417 btwn HWY417 IC119B RAMP57 & HWY417 IC119A RAMP75 (__3ZA1QN),__3ZA1QN,01 - Non intersection,03 - P.D. only,04 - Sideswipe,01 - Clear,"04 - Dawn, artificial",01 - Dry,10 - No control,,2,0,0,0,,0,,,,,368432.0065,5030429.946,45.41091292,-75.68705415,7980
16--410,2016/01/11,3:36 PM,HERON RD @ WALKLEY RD (0011256),11256,02 - Intersection related,03 - P.D. only,03 - Rear end,01 - Clear,01 - Daylight,01 - Dry,01 - Traffic signal,01 - Functioning,2,0,0,0,,0,,,,,372266.7459,5027083.907,45.38044749,-75.63852553,7981
16--4100,2016/04/06,11:15 PM,HUNT CLUB RD btwn CAHILL DR & LORRY GREENBERG DR (__3ZA3S4),__3ZA3S4,01 - Non intersection,03 - P.D. only,03 - Rear end,03 - Snow,07 - Dark,03 - Loose snow,10 - No control,,2,0,0,0,,0,,,,,372448.9537,5024568.558,45.35779777,-75.63654365,7982
16--4101,2016/04/06,11:32 PM,HIGHWAY 416 btwn HWY416 IC49 RAMP42 & HWY416 IC49 RAMP24 (__3ZAZGH),__3ZAZGH,01 - Non intersection,03 - P.D. only,07 - SMV other,03 - Snow,07 - Dark,03 - Loose snow,10 - No control,,1,0,0,0,,0,,,,,369247.2708,5000999.768,45.14602971,-75.68046078,7983
16--4102,2016/04/06,11:41 AM,LEGGET DR @ 386 W OF SCHNEIDER RD/MITEL ACCESS (0011779),11779,02 - Intersection related,03 - P.D. only,03 - Rear end,01 - Clear,01 - Daylight,01 - Dry,01 - Traffic signal,01 - Functioning,2,0,0,0,,0,,,,,351153.6007,5022465.85,45.34060855,-75.90853204,7984