Anom_ID,Accident_Date,Accident_Time,Location,Geo_ID,Accident_Location,Classification_of_Accident,Initial_Impact_Type,Environment_Condition,Light,Road_Surface_Condition,Traffic_Control,Traffic_Control_Condition,No__of_Vehicles,No__of_Bicycles,No__of_Motorcycles,No__of_Pedestrians,Max_Injury,No__of_Injuries,No__of_Minimal,No__of_Minor,No__of_Major,No__of_Fatal,X,Y,Latitude,Longitude,ObjectId
16--4103,2016/04/06,11:45 AM,HIGHWAY 417 btwn HWY417 IC140 RAMP36 & HWY417 IC140 RAMP16 (__3ZA20N),__3ZA20N,01 - Non intersection,03 - P.D. only,99 - Other,01 - Clear,01 - Daylight,02 - Wet,10 - No control,,2,0,0,0,,0,,,,,350924.0162,5018593.994,45.30578379,-75.91182199,7985
16--4104,2016/04/06,11:45 PM,HWY417 IC118 RAMP45 btwn HWY417 IC118 RAMP35 & LEES AVE (__3ZAY9P),__3ZAY9P,01 - Non intersection,02 - Non-fatal injury,04 - Sideswipe,03 - Snow,"08 - Dark, artificial",03 - Loose snow,10 - No control,,2,0,0,0,01 - Minimal,1,1,,,,369526.1931,5031051.758,45.41640741,-75.6729949,7986
16--4105,2016/04/06,Unknown,CAHILL DR    W btwn UPLANDS DR & TWYFORD ST (__3ZBN64),__3ZBN64,01 - Non intersection,03 - P.D. only,06 - SMV unattended vehicle,02 - Rain,00 - Unknown,02 - Wet,10 - No control,,1,0,0,0,,0,,,,,370210.3866,5023360.336,45.34713895,-75.66527296,7987
16--4106,2016/04/06,12:46 PM,HOLLAND AVE btwn RUSKIN ST & INGLEWOOD PL (__3ZA4OT),__3ZA4OT,01 - Non intersection,03 - P.D. only,04 - Sideswipe,01 - Clear,01 - Daylight,01 - Dry,10 - No control,,2,0,0,0,,0,,,,,365282.6204,5028343.149,45.39241566,-75.72754203,7988
16--4107,2016/04/06,2:43 PM,REGIONAL ROAD 174 btwn HIGHWAY 417 & HWY417 IC113 RAMP67 (__3ZA2YK),__3ZA2YK,01 - Non intersection,03 - P.D. only,03 - Rear end,03 - Snow,01 - Daylight,04 - Slush,10 - No control,,2,0,0,0,,0,,,,,373285.3402,5031742.707,45.4222664,-75.6248738,7989
16--4108,2016/04/06,2:49 PM,BLACKBURN BYPASS EB btwn 1700 W OF NAVAN RD & NAVAN RD (__3ZA3J6B),__3ZA3J6B,01 - Non intersection,02 - Non-fatal injury,03 - Rear end,03 - Snow,01 - Daylight,05 - Packed snow,10 - No control,,3,0,0,0,02 - Minor,1,,1,,,379575.7494,5033208.475,45.43481027,-75.54428129,7990
16--4109,2016/04/06,2:49 PM,HIGHWAY 416 btwn HWY416 IC72 RAMP62 & HWY416 IC72 RAMP24 (__3ZAZEQ),__3ZAZEQ,01 - Non intersection,03 - P.D. only,07 - SMV other,03 - Snow,01 - Daylight,04 - Slush,10 - No control,,1,0,0,0,,0,,,,,359558.407,5019488.8,45.31321526,-75.80162408,7991
16--411,2016/01/11,3:50 PM,WEST HUNT CLUB RD WB btwn 545 E OF ROYDON PL/SUNDERLAND ST & ANTARES D (__3ZA3JSB),__3ZA3JSB,04 - At/near private drive,03 - P.D. only,03 - Rear end,01 - Clear,01 - Daylight,01 - Dry,10 - No control,,2,0,0,0,,0,,,,,366398.1368,5022434.931,45.33915747,-75.71403303,7992
16--4110,2016/04/06,2:50 PM,BRONSON AVE @ LAURIER AVE (0006342),6342,02 - Intersection related,03 - P.D. only,03 - Rear end,03 - Snow,01 - Daylight,04 - Slush,01 - Traffic signal,01 - Functioning,2,0,0,0,,0,,,,,366805.1304,5030861.728,45.414944,-75.70778235,7993
16--4111,2016/04/06,2:50 PM,BRONSON AVE @ LAKESIDE AVE (0007223),7223,02 - Intersection related,03 - P.D. only,02 - Angle,03 - Snow,01 - Daylight,03 - Loose snow,02 - Stop sign,01 - Functioning,2,0,0,0,,0,,,,,367654.6154,5028837.885,45.39665828,-75.69718783,7994
16--4112,2016/04/06,2:54 PM,WALKLEY RD btwn CONROY RD & HARDING RD (__3ZA2EJ),__3ZA2EJ,04 - At/near private drive,03 - P.D. only,05 - Turning movement,03 - Snow,01 - Daylight,03 - Loose snow,10 - No control,,2,0,0,0,,0,,,,,373027.4619,5027540.34,45.38448061,-75.62875008,7995
16--4113,2016/04/06,2:57 PM,HWY 417 WALKLEY IC110R57 @ WALKLEY EXTENSION R (0004164),4164,03 - At intersection,03 - P.D. only,02 - Angle,03 - Snow,01 - Daylight,04 - Slush,02 - Stop sign,01 - Functioning,2,0,0,0,,0,,,,,375656.8259,5028998.611,45.39734035,-75.59496841,7996
16--4114,2016/04/06,3:10 PM,HIGHWAY 417 btwn HWY417 IC134 RAMP35 & HWY417 IC134 RAMP25 (__3ZA29D),__3ZA29D,01 - Non intersection,03 - P.D. only,04 - Sideswipe,03 - Snow,01 - Daylight,04 - Slush,10 - No control,,2,0,0,0,,0,,,,,356420.8544,5022243.957,45.33824413,-75.84134972,7997
16--4115,2016/04/06,3:15 PM,REGIONAL ROAD 174 btwn OR174 IC109 RAMP54 & OR174 IC109 RAMP55 (__3ZA28X),__3ZA28X,01 - Non intersection,03 - P.D. only,07 - SMV other,03 - Snow,01 - Daylight,04 - Slush,10 - No control,,1,0,0,0,,0,,,,,376447.7547,5034933.021,45.45065415,-75.58400427,7998
16--4116,2016/04/06,3:21 PM,DUNNING RD btwn FRENCH HILL RD & INNES RD (__3ZBOGY),__3ZBOGY,01 - Non intersection,02 - Non-fatal injury,07 - SMV other,03 - Snow,01 - Daylight,03 - Loose snow,10 - No control,,1,0,0,0,02 - Minor,1,,1,,,392038.3658,5038424.941,45.48029806,-75.38409772,7999
16--4117,2016/04/06,3:34 PM,HIGHWAY 417 btwn HWY417 IC117 RAMP61 & HWY417 IC115 RAMP36 (__3ZA2RZ),__3ZA2RZ,01 - Non intersection,03 - P.D. only,03 - Rear end,03 - Snow,01 - Daylight,03 - Loose snow,10 - No control,,2,0,0,0,,0,,,,,371557.619,5031422.274,45.41955029,-75.64699207,8000
16--4839,2016/04/29,1:29 PM,MERIVALE RD @ WEST HUNT CLUB RD (0000584),584,02 - Intersection related,02 - Non-fatal injury,03 - Rear end,01 - Clear,01 - Daylight,01 - Dry,01 - Traffic signal,01 - Functioning,2,0,0,0,01 - Minimal,1,1,,,,365612.4707,5021941.825,45.33478911,-75.72411748,8001
16--484,2016/01/12,3:58 PM,STRANDHERD DR btwn ANDORA AVE & JOCKVALE RD (__3ZAZMN),__3ZAZMN,01 - Non intersection,03 - P.D. only,07 - SMV other,03 - Snow,01 - Daylight,03 - Loose snow,10 - No control,,1,0,0,0,,0,,,,,363474.2287,5014526.849,45.26825136,-75.75227366,8002
16--5019,2016/05/04,6:40 AM,TENTH LINE RD btwn ST. JOSEPH BLVD & OLD TENTH LINE RD (__3ZA1TE),__3ZA1TE,01 - Non intersection,03 - P.D. only,03 - Rear end,01 - Clear,01 - Daylight,01 - Dry,10 - No control,,3,0,0,0,,0,,,,,382955.7476,5038533.419,45.48234988,-75.50024117,8003
16--4840,2016/04/29,1:30 PM,GEORGE ST btwn BY WARD MARKET SQ & WILLIAM ST (__3ZA8ZU),__3ZA8ZU,01 - Non intersection,03 - P.D. only,06 - SMV unattended vehicle,01 - Clear,01 - Daylight,01 - Dry,10 - No control,,1,0,0,0,,0,,,,,368027.7636,5032217.765,45.42703575,-75.69198871,8004
16--4841,2016/04/29,10:40 PM,TERRY FOX DR btwn HALKIRK AVE & CASTLEFRANK RD (__30IMA5),__30IMA5,01 - Non intersection,03 - P.D. only,07 - SMV other,01 - Clear,07 - Dark,01 - Dry,10 - No control,,1,0,0,0,,0,,,,,352958.4621,5016348.558,45.28544227,-75.88609806,8005
16--4842,2016/04/29,10:41 AM,BRIAN COBURN BLVD btwn GERRY LALONDE DR & STRASBOURG ST (__6ZT4QS),__6ZT4QS,01 - Non intersection,03 - P.D. only,03 - Rear end,01 - Clear,01 - Daylight,01 - Dry,10 - No control,,2,0,0,0,,0,,,,,384037.478,5034846.321,45.44905482,-75.48700036,8006
16--4843,2016/04/29,11:13 AM,BOUNDARY RD btwn RUSSELL RD & EIGHTH LINE RD (__3ZA3YC),__3ZA3YC,05 - At railway crossing,03 - P.D. only,07 - SMV other,01 - Clear,01 - Daylight,01 - Dry,10 - No control,,1,0,0,0,,0,,,,,386573.974,5025988.954,45.36907221,-75.45604744,8007
16--4844,2016/04/29,12:45 AM,ST. HELEN'S PL @ STARWOOD RD (0001161),1161,03 - At intersection,03 - P.D. only,02 - Angle,01 - Clear,07 - Dark,01 - Dry,02 - Stop sign,01 - Functioning,2,0,0,0,,0,,,,,364236.7721,5024523.015,45.35813225,-75.74135773,8008
16--4845,2016/04/29,12:45 PM,RIVERSIDE DR NB btwn NEIL WAY & PLEASANT PARK RD (__3ZA4S7),__3ZA4S7,01 - Non intersection,03 - P.D. only,04 - Sideswipe,01 - Clear,01 - Daylight,01 - Dry,10 - No control,,2,0,0,0,,0,,,,,369532.2953,5028377.733,45.39234691,-75.67326797,8009
16--4846,2016/04/29,12:46 AM,BANK ST @ HUNT CLUB RD (0002119),2119,03 - At intersection,03 - P.D. only,02 - Angle,01 - Clear,07 - Dark,01 - Dry,01 - Traffic signal,01 - Functioning,2,0,0,0,,0,,,,,371608.961,5024096.731,45.35363297,-75.64732769,8010
16--538,2016/01/13,12:39 PM,GARFIELD AVE @ MAITLAND AVE (0002031),2031,02 - Intersection related,03 - P.D. only,03 - Rear end,01 - Clear,01 - Daylight,06 - Ice,01 - Traffic signal,01 - Functioning,2,0,0,0,,0,,,,,363342.9982,5025562.946,45.36756463,-75.75264155,8011
16--4847,2016/04/29,12:51 PM,HUNT CLUB RD btwn MCCARTHY RD & RAMP (__3ZA36L),__3ZA36L,01 - Non intersection,03 - P.D. only,04 - Sideswipe,01 - Clear,01 - Daylight,01 - Dry,10 - No control,,2,0,0,0,,0,,,,,370933.904,5023652.942,45.34970388,-75.65600175,8012
16--4848,2016/04/29,12:52 PM,FOURTH LINE RD btwn DILWORTH RD & DONNELLY DR (__3ZA30I),__3ZA30I,01 - Non intersection,03 - P.D. only,07 - SMV other,01 - Clear,01 - Daylight,01 - Dry,10 - No control,,1,0,0,0,,0,,,,,371900.2604,4993196.874,45.0755718,-75.64777348,8013
16--4849,2016/04/29,2:04 PM,RIVERSIDE DR NB btwn SMYTH RD SOUTH SIDE RAMP & TRANSITWAY - RIVERSIDE H (__3ZA4SA),__3ZA4SA,01 - Non intersection,03 - P.D. only,05 - Turning movement,01 - Clear,01 - Daylight,01 - Dry,10 - No control,,2,0,0,0,,0,,,,,370077.0901,5029510.549,45.40248901,-75.66616092,8014
16--485,2016/01/12,4:10 PM,BANK ST @ GLOUCESTER ST (0006939),6939,02 - Intersection related,03 - P.D. only,04 - Sideswipe,03 - Snow,05 - Dusk,02 - Wet,01 - Traffic signal,01 - Functioning,2,0,0,0,,0,,,,,367523.4875,5031197.484,45.417901,-75.69856231,8015
16--4850,2016/04/29,2:08 PM,HENDERSON AVE @ OSGOODE ST (0008461),8461,03 - At intersection,02 - Non-fatal injury,07 - SMV other,01 - Clear,01 - Daylight,01 - Dry,02 - Stop sign,01 - Functioning,1,0,0,1,02 - Minor,1,,1,,,368918.377,5031896.246,45.42406177,-75.68065025,8016
16--4851,2016/04/29,2:30 PM,DRAPER AVE btwn CORNELL ST & LISA AVE (__3ZABH5),__3ZABH5,04 - At/near private drive,03 - P.D. only,02 - Angle,01 - Clear,01 - Daylight,01 - Dry,10 - No control,,2,0,0,0,,0,,,,,360436.6074,5022671.61,45.3417852,-75.7900669,8017
16--4852,2016/04/29,2:40 AM,CLARENCE ST btwn WILLIAM ST & DALHOUSIE ST (__3ZA82W),__3ZA82W,01 - Non intersection,02 - Non-fatal injury,07 - SMV other,01 - Clear,07 - Dark,01 - Dry,10 - No control,,1,0,0,1,02 - Minor,1,,1,,,368016.8858,5032486.763,45.42945709,-75.69209318,8018
16--4853,2016/04/29,3:16 PM,RIVERSIDE DR NB btwn SMYTH RD SOUTH SIDE RAMP & TRANSITWAY - RIVERSIDE H (__3ZA4SA),__3ZA4SA,01 - Non intersection,03 - P.D. only,04 - Sideswipe,01 - Clear,01 - Daylight,01 - Dry,10 - No control,,2,0,0,0,,0,,,,,369989.2343,5029376.816,45.40129392,-75.66730074,8019
16--4854,2016/04/29,3:59 PM,INNES RD btwn STONEHENGE CRES & STONEHENGE CRES (__3ZA3RG),__3ZA3RG,01 - Non intersection,03 - P.D. only,04 - Sideswipe,01 - Clear,01 - Daylight,01 - Dry,10 - No control,,2,0,0,0,,0,,,,,375322.6651,5031290.882,45.41799871,-75.59890812,8020
16--4855,2016/04/29,4:12 PM,HIGHWAY 417 btwn HWY417 IC118 RAMP67 & HWY417 IC117 RAMP36 (__3ZA2YO),__3ZA2YO,01 - Non intersection,03 - P.D. only,04 - Sideswipe,01 - Clear,01 - Daylight,01 - Dry,10 - No control,,2,0,0,0,,0,,,,,369848.5421,5031154.477,45.41730174,-75.66886313,8021
16--4856,2016/04/29,4:15 PM,BELCOURT BLVD @ INNES RD (0004202),4202,02 - Intersection related,03 - P.D. only,05 - Turning movement,01 - Clear,01 - Daylight,01 - Dry,01 - Traffic signal,01 - Functioning,2,0,0,0,,0,,,,,382122.2523,5035265.937,45.45304469,-75.5114156,8022
16--4857,2016/04/29,4:43 AM,STAGECOACH RD btwn OLD STAGECOACH RD & BLANCHFIELD RD (__30LJDU),__30LJDU,01 - Non intersection,03 - P.D. only,07 - SMV other,01 - Clear,07 - Dark,01 - Dry,10 - No control,,1,0,0,0,,0,,,,,377718.9547,5000191.369,45.13793208,-75.57286244,8023
16--4858,2016/04/29,4:54 PM,LEVIS AVE @ MONA AVE (0009976),9976,03 - At intersection,03 - P.D. only,02 - Angle,01 - Clear,01 - Daylight,01 - Dry,02 - Stop sign,01 - Functioning,2,0,0,0,,0,,,,,370843.9377,5033228.812,45.43587248,-75.655868,8024
16--4859,2016/04/29,5:25 PM,TARTAN DR btwn HOULAHAN ST & STRANDHERD DR (__308IMW),__308IMW,04 - At/near private drive,03 - P.D. only,02 - Angle,01 - Clear,01 - Daylight,01 - Dry,10 - No control,,2,0,0,0,,0,,,,,362293.2196,5013637.45,45.26034602,-75.76742577,8025
16--486,2016/01/12,4:22 PM,WALKLEY RD btwn HERON RD & HOLLY LANE (__3ZA1V8),__3ZA1V8,04 - At/near private drive,02 - Non-fatal injury,07 - SMV other,01 - Clear,05 - Dusk,03 - Loose snow,10 - No control,,1,0,0,0,02 - Minor,1,,1,,,372204.9308,5027048.706,45.38013671,-75.63931956,8026
16--4860,2016/04/29,5:26 PM,SMYTH RD E/LANCASTER RD @ ST. LAURENT BLVD N/R (0002256),2256,02 - Intersection related,03 - P.D. only,03 - Rear end,01 - Clear,01 - Daylight,01 - Dry,01 - Traffic signal,01 - Functioning,2,0,0,0,,0,,,,,373364.833,5029424.752,45.40140276,-75.62418057,8027
16--4861,2016/04/29,5:46 PM,MERIVALE RD @ 170 N OF HUNTCLUB RD/COSTCO/CANA (0004681),4681,02 - Intersection related,03 - P.D. only,03 - Rear end,01 - Clear,01 - Daylight,01 - Dry,01 - Traffic signal,01 - Functioning,2,0,0,0,,0,,,,,365546.9346,5022099.319,45.3362119,-75.72493422,8028
16--4862,2016/04/29,6:00 PM,BANK ST SB btwn 80 S OF HUNT CLUB RD & 112 N OF ALBION RD (__3ZA3HHB),__3ZA3HHB,01 - Non intersection,03 - P.D. only,03 - Rear end,01 - Clear,01 - Daylight,01 - Dry,10 - No control,,2,0,0,0,,0,,,,,371797.9064,5024107.277,45.35370983,-75.64491505,8029
16--4863,2016/04/29,6:07 PM,FOX CRES @ WOODROFFE AVE (0002751),2751,03 - At intersection,03 - P.D. only,03 - Rear end,01 - Clear,01 - Daylight,01 - Dry,02 - Stop sign,01 - Functioning,2,0,0,0,,0,,,,,361805.0019,5025625.861,45.36825751,-75.7722667,8030
16--4864,2016/04/29,7:38 PM,IBER RD btwn HUNTMAR DR & HARRY DOUGLAS DR (__3ZA4XQ),__3ZA4XQ,04 - At/near private drive,03 - P.D. only,03 - Rear end,01 - Clear,01 - Daylight,01 - Dry,10 - No control,,2,0,0,0,,0,,,,,351167.2346,5015814.767,45.28075951,-75.90898043,8031
16--4865,2016/04/29,7:45 PM,DUNROBIN RD btwn HARWOOD LANE & KERWIN RD (__3ZA3FH),__3ZA3FH,01 - Non intersection,03 - P.D. only,07 - SMV other,01 - Clear,05 - Dusk,01 - Dry,10 - No control,,1,0,0,0,,0,,,,,346016.7381,5027443.638,45.38572064,-75.97365982,8032
16--4866,2016/04/29,8:05 PM,HIGHWAY 417 btwn HWY417 IC124 RAMP65 & HWY417 IC122 RAMP51 (__3ZA2R8),__3ZA2R8,01 - Non intersection,03 - P.D. only,07 - SMV other,01 - Clear,07 - Dark,01 - Dry,10 - No control,,1,0,0,0,,0,,,,,364727.6118,5027939.392,45.38883045,-75.73467875,8033
16--4867,2016/04/29,8:16 AM,WEST HUNT CLUB RD EB btwn MERIVALE RD & SUNDERLAND ST (__3ZA3JQ),__3ZA3JQ,01 - Non intersection,03 - P.D. only,03 - Rear end,01 - Clear,01 - Daylight,01 - Dry,10 - No control,,3,0,0,0,,0,,,,,365725.5028,5022000.161,45.33530421,-75.7226683,8034
16--4868,2016/04/29,9:21 AM,DONALD ST @ OKEE ST (0007823),7823,03 - At intersection,03 - P.D. only,03 - Rear end,01 - Clear,01 - Daylight,01 - Dry,02 - Stop sign,01 - Functioning,2,0,0,0,,0,,,,,371885.4988,5032446.909,45.42873813,-75.64266345,8035
16--4869,2016/04/30,1:00 PM,NICHOLAS ST NB btwn HWY417 IC118 RAMP52 & WALLER ST/TRANSITWAY (__6KCFNL),__6KCFNL,01 - Non intersection,03 - P.D. only,03 - Rear end,01 - Clear,01 - Daylight,01 - Dry,10 - No control,,3,0,0,0,,0,,,,,369027.04,5031335.585,45.41900718,-75.67933491,8036
16--487,2016/01/12,4:38 PM,TERRY FOX DR btwn 329 N OF CAMPEAU DR/SIGNATURE CENTRE & CAMPEAU DR (__49GU9G),__49GU9G,04 - At/near private drive,02 - Non-fatal injury,02 - Angle,03 - Snow,05 - Dusk,03 - Loose snow,10 - No control,,2,0,0,0,02 - Minor,1,,1,,,350289.429,5019038.271,45.3098229,-75.91987311,8037
16--4870,2016/04/30,1:41 PM,BASELINE RD/HERON RD @ PRINCE OF WALES DR (0002345),2345,02 - Intersection related,03 - P.D. only,03 - Rear end,01 - Clear,01 - Daylight,01 - Dry,01 - Traffic signal,01 - Functioning,2,0,0,0,,0,,,,,366874.0403,5026438.837,45.37514187,-75.7074585,8038
16--4871,2016/04/30,10:00 AM,CARLING AVE btwn DAVIDSON'S SIDE RD & GRANDVIEW RD (__3ZA4Z8),__3ZA4Z8,01 - Non intersection,03 - P.D. only,07 - SMV other,01 - Clear,01 - Daylight,01 - Dry,10 - No control,,1,0,0,0,,0,,,,,355673.9196,5024071.603,45.35474403,-75.85069153,8039
16--4872,2016/04/30,10:15 AM,HIGHWAY 416 btwn HWY416 IC66 RAMP52 & HWY416 IC66 RAMP24 (__3ZAZMW),__3ZAZMW,01 - Non intersection,02 - Non-fatal injury,07 - SMV other,01 - Clear,01 - Daylight,01 - Dry,10 - No control,,1,0,0,0,03 - Major,1,,,1,,360098.4464,5014739.905,45.27044199,-75.7952665,8040
16--4873,2016/04/30,10:50 AM,BAYSHORE DR btwn CARLING AVE & WOODRIDGE CRES N (__3ZAAD2),__3ZAAD2,04 - At/near private drive,03 - P.D. only,05 - Turning movement,01 - Clear,01 - Daylight,01 - Dry,10 - No control,,2,0,0,0,,0,,,,,359033.5893,5023938.153,45.35329145,-75.80782945,8041
16--4874,2016/04/30,11:07 AM,STITTSVILLE MAIN ST @ HAZELDEAN RD (0000050),50,02 - Intersection related,03 - P.D. only,03 - Rear end,01 - Clear,01 - Daylight,01 - Dry,01 - Traffic signal,01 - Functioning,2,0,0,0,,0,,,,,349558.5137,5014878.924,45.27244274,-75.92956932,8042
16--4875,2016/04/30,11:20 AM,CARLING AVE @ PINECREST  RD/GREENVIEW AVE (0001630),1630,02 - Intersection related,03 - P.D. only,03 - Rear end,01 - Clear,01 - Daylight,01 - Dry,01 - Traffic signal,01 - Functioning,2,0,0,0,,0,,,,,360006.4512,5024632.304,45.35946149,-75.79533646,8043
16--4876,2016/04/30,11:25 AM,HWY 416 WESTHUNT IC72R34 @ WEST HUNT CLUB RD (0005218),5218,03 - At intersection,03 - P.D. only,05 - Turning movement,01 - Clear,01 - Daylight,01 - Dry,01 - Traffic signal,00 - Unknown,2,0,0,0,,0,,,,,359369.7921,5019363.255,45.31210028,-75.80404328,8044
16--4877,2016/04/30,11:26 AM,GREENBANK RD btwn JOCKVALE RD & CAMBRIAN RD (__3ZA2WE),__3ZA2WE,01 - Non intersection,02 - Non-fatal injury,06 - SMV unattended vehicle,01 - Clear,01 - Daylight,01 - Dry,10 - No control,,1,0,0,0,02 - Minor,1,,1,,,364370.9219,5013407.505,45.2581041,-75.7409817,8045
16--4878,2016/04/30,11:41 AM,INNES RD @ VISENEAU DR (0012442),12442,02 - Intersection related,03 - P.D. only,03 - Rear end,01 - Clear,01 - Daylight,01 - Dry,01 - Traffic signal,01 - Functioning,2,0,0,0,,0,,,,,381797.6534,5035073.336,45.45134766,-75.51559521,8046
16--4879,2016/04/30,11:44 AM,HAZELDEAN RD btwn STITTSVILLE MAIN ST & TURN LANE (__3ZA3EL),__3ZA3EL,01 - Non intersection,03 - P.D. only,04 - Sideswipe,01 - Clear,01 - Daylight,01 - Dry,10 - No control,,2,0,0,0,,0,,,,,349561.9896,5014880.513,45.27245682,-75.92952488,8047
16--488,2016/01/12,4:52 PM,DONALD ST @ ST. LAURENT BLVD (0008630),8630,02 - Intersection related,03 - P.D. only,03 - Rear end,03 - Snow,05 - Dusk,04 - Slush,01 - Traffic signal,01 - Functioning,2,0,0,0,,0,,,,,372093.4934,5032471.487,45.42893929,-75.64000227,8048
16--4880,2016/04/30,11:48 PM,WILBERT COX DR @ WILBERT COX DR (0013755),13755,03 - At intersection,02 - Non-fatal injury,07 - SMV other,01 - Clear,07 - Dark,01 - Dry,03 - Yield sign,01 - Functioning,1,0,0,0,02 - Minor,2,,2,,,344804.549,5016457.46,45.2869336,-75.99002706,8049
16--4881,2016/04/30,Unknown,WELKIN CRES btwn SEYMOUR AVE & SEYMOUR AVE (__3ZBOML),__3ZBOML,01 - Non intersection,03 - P.D. only,06 - SMV unattended vehicle,01 - Clear,00 - Unknown,01 - Dry,10 - No control,,1,0,0,0,,0,,,,,365717.8034,5024197.273,45.35507416,-75.72249593,8050
16--4882,2016/04/30,Unknown,SYCAMORE DR btwn ANWATIN ST & RIDGEFIELD CRES (__3ZABNP),__3ZABNP,01 - Non intersection,03 - P.D. only,06 - SMV unattended vehicle,01 - Clear,00 - Unknown,01 - Dry,10 - No control,,1,0,0,0,,0,,,,,358029.0816,5019651.295,45.31479499,-75.82110989,8051
16--4883,2016/04/30,12:22 PM,TEMPLETON ST btwn BLACKBURN AVE & GOULBURN AVE (__3ZA9O0),__3ZA9O0,01 - Non intersection,03 - P.D. only,06 - SMV unattended vehicle,01 - Clear,01 - Daylight,01 - Dry,10 - No control,,1,0,0,0,,0,,,,,369516.8771,5031783.275,45.42299019,-75.67301783,8052
16--4884,2016/04/30,2:43 PM,ST. JOSEPH BLVD @ JEANNE D'ARC BLVD (0012421),12421,03 - At intersection,03 - P.D. only,04 - Sideswipe,01 - Clear,01 - Daylight,01 - Dry,11 - Roundabout,01 - Functioning,2,0,0,0,,0,,,,,379861.493,5036471.956,45.46414201,-75.54013173,8053
16--4885,2016/04/30,2:50 PM,TENTH LINE RD @ CHARLEMAGNE BLVD N/TOMPKINS AV (0009222),9222,03 - At intersection,03 - P.D. only,03 - Rear end,01 - Clear,01 - Daylight,01 - Dry,01 - Traffic signal,01 - Functioning,2,0,0,0,,0,,,,,383184.2262,5037976.976,45.4773179,-75.49740775,8054
16--4886,2016/04/30,3:08 PM,WALKLEY RD btwn RUSSELL RD & LANCASTER RD (__3ZA1UN),__3ZA1UN,01 - Non intersection,02 - Non-fatal injury,03 - Rear end,01 - Clear,01 - Daylight,01 - Dry,10 - No control,,2,0,0,0,01 - Minimal,1,1,,,,374768.162,5028540.424,45.39330717,-75.60638262,8055
16--4887,2016/04/30,4:18 PM,RUSSELL RD btwn CARLSBAD LANE & MILTON RD (__3ZA3XY),__3ZA3XY,01 - Non intersection,03 - P.D. only,04 - Sideswipe,01 - Clear,01 - Daylight,01 - Dry,10 - No control,,2,0,0,0,,0,,,,,389650.9844,5025323.143,45.36271613,-75.41688661,8056
16--4888,2016/04/30,5:20 PM,ALBION RD btwn BADEN AVE & ALADDIN LANE (__3ZA8OL),__3ZA8OL,01 - Non intersection,03 - P.D. only,07 - SMV other,01 - Clear,01 - Daylight,01 - Dry,10 - No control,,1,0,0,0,,0,,,,,372581.3263,5022601.046,45.340082,-75.63512393,8057
16--4889,2016/04/30,5:47 PM,FRANK ST @ O'CONNOR ST (0007268),7268,03 - At intersection,02 - Non-fatal injury,02 - Angle,01 - Clear,01 - Daylight,01 - Dry,02 - Stop sign,01 - Functioning,2,1,0,0,02 - Minor,1,,1,,,368051.0303,5030698.701,45.41336562,-75.69188642,8058
16--489,2016/01/12,4:54 PM,HIGHWAY 417 btwn HWY 417 ANDERSON IC104R61 & HWY 417 BOUNDARY IC96R16 (__3ZA2W5),__3ZA2W5,01 - Non intersection,02 - Non-fatal injury,07 - SMV other,03 - Snow,05 - Dusk,03 - Loose snow,10 - No control,,1,0,0,0,01 - Minimal,1,1,,,,384918.7867,5025034.201,45.36067326,-75.47732947,8059
16--4890,2016/04/30,5:58 PM,TERRY FOX DR @ PALLADIUM DR/KATIMAVIK RD (0011858),11858,02 - Intersection related,03 - P.D. only,03 - Rear end,01 - Clear,01 - Daylight,01 - Dry,01 - Traffic signal,01 - Functioning,2,0,0,0,,0,,,,,351267.7596,5018182.421,45.30205769,-75.90747736,8060
16--4891,2016/04/30,7:32 PM,KIRKWOOD AVE @ MERIVALE RD (0002243),2243,02 - Intersection related,03 - P.D. only,03 - Rear end,01 - Clear,07 - Dark,01 - Dry,01 - Traffic signal,01 - Functioning,2,0,0,0,,0,,,,,364853.2422,5026646.313,45.37718481,-75.73323181,8061
16--4892,2016/04/30,7:41 AM,SOMERSET ST @ PERCY ST (0006762),6762,03 - At intersection,02 - Non-fatal injury,02 - Angle,01 - Clear,01 - Daylight,01 - Dry,01 - Traffic signal,01 - Functioning,2,0,0,0,02 - Minor,1,,1,,,367115.4024,5030568.57,45.41227869,-75.70385556,8062
16--4893,2016/04/30,7:48 PM,HALTON TER btwn KLONDIKE RD & WIMBLEDON WAY (__30WA8D),__30WA8D,01 - Non intersection,03 - P.D. only,06 - SMV unattended vehicle,01 - Clear,07 - Dark,01 - Dry,10 - No control,,1,0,0,0,,0,,,,,348647.6539,5023459.319,45.34970913,-75.94041806,8063
16--4894,2016/04/30,9:21 AM,HWY417 IC129 RAMP35 btwn HIGHWAY 417 & GREENBANK RD (__3ZAYBL),__3ZAYBL,01 - Non intersection,03 - P.D. only,07 - SMV other,01 - Clear,01 - Daylight,01 - Dry,10 - No control,,1,0,0,0,,0,,,,,360375.7612,5023445.349,45.34875212,-75.79075632,8064
16--4895,2016/05/01,1:10 PM,FLORA ST @ KENT ST (0007260),7260,03 - At intersection,03 - P.D. only,02 - Angle,02 - Rain,01 - Daylight,02 - Wet,02 - Stop sign,01 - Functioning,2,0,0,0,,0,,,,,367828.4939,5030324.226,45.41001629,-75.69477721,8065
16--4896,2016/05/01,1:12 PM,FISHER AVE btwn 220 S OF TRENT ST & MCCOOEY LANE (__3ZA30SB),__3ZA30SB,01 - Non intersection,03 - P.D. only,07 - SMV other,02 - Rain,01 - Daylight,02 - Wet,10 - No control,,1,0,0,0,,0,,,,,365890.6149,5026680.109,45.37739922,-75.71998353,8066