Anom_ID,Accident_Date,Accident_Time,Location,Geo_ID,Accident_Location,Classification_of_Accident,Initial_Impact_Type,Environment_Condition,Light,Road_Surface_Condition,Traffic_Control,Traffic_Control_Condition,No__of_Vehicles,No__of_Bicycles,No__of_Motorcycles,No__of_Pedestrians,Max_Injury,No__of_Injuries,No__of_Minimal,No__of_Minor,No__of_Major,No__of_Fatal,X,Y,Latitude,Longitude,ObjectId
16--4897,2016/05/01,1:19 PM,BREWER RD @ BRONSON AVE (0002240),2240,02 - Intersection related,03 - P.D. only,03 - Rear end,02 - Rain,01 - Daylight,02 - Wet,01 - Traffic signal,01 - Functioning,2,0,0,0,,0,,,,,368108.8226,5027765.314,45.38696667,-75.69152466,8067
16--4898,2016/05/01,1:20 PM,ST. JOSEPH BLVD @ JEANNE D'ARC BLVD (0012421),12421,03 - At intersection,03 - P.D. only,02 - Angle,02 - Rain,01 - Daylight,02 - Wet,11 - Roundabout,01 - Functioning,2,0,0,0,,0,,,,,379861.661,5036471.351,45.46413655,-75.54012967,8068
16--4899,2016/05/01,1:43 PM,WOODROFFE AVE @ CLARIDGE DR/STONEWAY DR N (0009791),9791,02 - Intersection related,03 - P.D. only,03 - Rear end,02 - Rain,01 - Daylight,02 - Wet,01 - Traffic signal,01 - Functioning,2,0,0,0,,0,,,,,365577.362,5016708.249,45.28770091,-75.7252073,8069
16--49,2016/01/03,10:02 AM,FRONTIER RD btwn DEVINE RD & BURTON RD (__3ZA6VZ),__3ZA6VZ,01 - Non intersection,03 - P.D. only,07 - SMV other,03 - Snow,01 - Daylight,03 - Loose snow,10 - No control,,1,0,0,0,,0,,,,,390153.0236,5020617.583,45.32031899,-75.4112911,8070
16--490,2016/01/12,5:16 PM,OLD SECOND LINE RD @ TERRY FOX DR (0013616),13616,03 - At intersection,03 - P.D. only,05 - Turning movement,03 - Snow,05 - Dusk,03 - Loose snow,01 - Traffic signal,01 - Functioning,3,0,0,0,,0,,,,,348795.2,5022408.413,45.34024358,-75.93862864,8071
16--4900,2016/05/01,1:46 PM,LAURIER AVE @ NICHOLAS ST (0010711),10711,02 - Intersection related,03 - P.D. only,03 - Rear end,02 - Rain,01 - Daylight,02 - Wet,01 - Traffic signal,01 - Functioning,2,0,0,0,,0,,,,,368373.5695,5031798.495,45.42323197,-75.68762409,8072
16--4901,2016/05/01,1:56 PM,WALKLEY EXTENSION RD btwn HWY417 IC110 RAMP65 & HWY417 IC110 RAMP56 (__3ZAZE6),__3ZAZE6,01 - Non intersection,03 - P.D. only,07 - SMV other,02 - Rain,01 - Daylight,02 - Wet,10 - No control,,1,0,0,0,,0,,,,,375819.7218,5029084.037,45.39809246,-75.59287576,8073
16--4902,2016/05/01,10:14 PM,BOUNDARY RD @ HWY 417 BOUNDARY IC96R15 (0004217),4217,03 - At intersection,03 - P.D. only,07 - SMV other,02 - Rain,07 - Dark,02 - Wet,10 - No control,,1,0,0,0,,0,,,,,387502.7652,5023611.77,45.3475754,-75.44458994,8074
16--4903,2016/05/01,11:08 AM,PICKERING PL @ TREMBLAY RD (0006463),6463,03 - At intersection,03 - P.D. only,02 - Angle,02 - Rain,01 - Daylight,02 - Wet,02 - Stop sign,01 - Functioning,2,0,0,0,,0,,,,,371287.9447,5031298.898,45.41846588,-75.65045415,8075
16--4904,2016/05/01,11:11 PM,CONROY RD btwn 212 N OF HUNT CLUB RD & HUNT CLUB RD (__3ZA3S5A),__3ZA3S5A,01 - Non intersection,02 - Non-fatal injury,07 - SMV other,02 - Rain,07 - Dark,02 - Wet,10 - No control,,1,0,0,0,03 - Major,1,,,1,,373742.4157,5025452.783,45.36562767,-75.61991278,8076
16--4905,2016/05/01,11:43 PM,CLARIDGE DR btwn TOTTERIDGE AVE & FAIRLOP WAY (__4O3JXF),__4O3JXF,01 - Non intersection,03 - P.D. only,06 - SMV unattended vehicle,01 - Clear,07 - Dark,01 - Dry,10 - No control,,1,0,0,0,,0,,,,,364542.2336,5016061.689,45.28197193,-75.73847983,8077
16--4906,2016/05/01,Unknown,APOLLO WAY btwn PROULX DR & MATHIEU WAY (__3ZA60X),__3ZA60X,01 - Non intersection,03 - P.D. only,06 - SMV unattended vehicle,01 - Clear,00 - Unknown,01 - Dry,10 - No control,,1,0,0,0,,0,,,,,384109.9616,5037919.751,45.4766985,-75.48557801,8078
16--4907,2016/05/01,12:03 PM,CLARENCE ST @ CUMBERLAND ST (0008412),8412,03 - At intersection,03 - P.D. only,02 - Angle,02 - Rain,01 - Daylight,02 - Wet,02 - Stop sign,01 - Functioning,2,0,0,0,,0,,,,,368212.9169,5032607.368,45.4305245,-75.68957264,8079
16--4908,2016/05/01,12:10 PM,ST. JOSEPH BLVD/OLD MONTREAL RD @ TRIM RD (0004118),4118,02 - Intersection related,03 - P.D. only,07 - SMV other,02 - Rain,01 - Daylight,02 - Wet,11 - Roundabout,01 - Functioning,1,0,0,0,,0,,,,,384681.9551,5039285.316,45.48891933,-75.47804091,8080
16--4909,2016/05/01,12:11 PM,PRESTON ST btwn GEORGE ST W & ABERDEEN ST (__3ZA3ZV),__3ZA3ZV,01 - Non intersection,03 - P.D. only,04 - Sideswipe,02 - Rain,01 - Daylight,02 - Wet,10 - No control,,2,0,0,0,,0,,,,,366629.0269,5029392.317,45.40173822,-75.71021643,8081
16--491,2016/01/12,5:18 PM,MARCH RD @ TERRY FOX DR (0003173),3173,02 - Intersection related,03 - P.D. only,03 - Rear end,01 - Clear,05 - Dusk,02 - Wet,01 - Traffic signal,01 - Functioning,2,0,0,0,,0,,,,,349865.7448,5023399.223,45.34909116,-75.92487908,8082
16--4910,2016/05/01,2:19 AM,HIGHWAY 417 btwn HWY417 IC121A RAMP51 & HWY417 IC120A RAMP52 (__3ZA2R6),__3ZA2R6,01 - Non intersection,02 - Non-fatal injury,07 - SMV other,01 - Clear,"08 - Dark, artificial",01 - Dry,10 - No control,,1,0,0,0,01 - Minimal,1,1,,,,367511.6601,5029843.104,45.40571576,-75.69888573,8083
16--4911,2016/05/01,2:52 PM,RIVERSIDE DR NB btwn INDUSTRIAL AVE & TREMBLAY RD (__3ZA4SE),__3ZA4SE,01 - Non intersection,02 - Non-fatal injury,04 - Sideswipe,02 - Rain,01 - Daylight,02 - Wet,10 - No control,,2,0,0,0,01 - Minimal,2,2,,,,370731.4804,5030735.912,45.41345302,-75.65763888,8084
16--4912,2016/05/01,3:04 PM,HUNT CLUB RD @ UPLANDS DR (0010844),10844,03 - At intersection,03 - P.D. only,02 - Angle,02 - Rain,01 - Daylight,02 - Wet,01 - Traffic signal,01 - Functioning,2,0,0,0,,0,,,,,370156.9519,5023121.942,45.34499893,-75.66598629,8085
16--4913,2016/05/01,3:22 PM,HIGHWAY 417 btwn HWY417 IC124 RAMP67 & HWY417 IC123 RAMP62 (__3ZA2YZ),__3ZA2YZ,01 - Non intersection,03 - P.D. only,03 - Rear end,02 - Rain,01 - Daylight,02 - Wet,10 - No control,,3,0,0,0,,0,,,,,364725.6739,5027970.399,45.38910961,-75.73469974,8086
16--4914,2016/05/01,3:23 PM,PEACOCK CRES btwn FLANDERS ST & FLANDERS ST (__3ZAB56),__3ZAB56,04 - At/near private drive,03 - P.D. only,06 - SMV unattended vehicle,01 - Clear,01 - Daylight,01 - Dry,10 - No control,,1,0,0,0,,0,,,,,361882.3215,5014471.797,45.267887,-75.7725651,8087
16--4915,2016/05/01,3:30 PM,MOODIE DR @ WEST HUNT CLUB RD (0010414),10414,02 - Intersection related,03 - P.D. only,03 - Rear end,02 - Rain,01 - Daylight,02 - Wet,01 - Traffic signal,01 - Functioning,2,0,0,0,,0,,,,,357908.3103,5018498.236,45.30442879,-75.82277368,8088
16--4916,2016/05/01,3:35 PM,COPE DR @ TERRY FOX (0009143),9143,02 - Intersection related,03 - P.D. only,03 - Rear end,01 - Clear,01 - Daylight,02 - Wet,01 - Traffic signal,01 - Functioning,2,0,0,0,,0,,,,,353997.9287,5015346.405,45.27635267,-75.87294755,8089
16--4917,2016/05/01,3:40 PM,WOODROFFE AVE @ SPORTSPLEX N (0005568),5568,02 - Intersection related,03 - P.D. only,03 - Rear end,02 - Rain,01 - Daylight,02 - Wet,01 - Traffic signal,01 - Functioning,2,0,0,0,,0,,,,,363763.556,5021066.906,45.32707446,-75.7478092,8090
16--4918,2016/05/01,3:44 PM,BRIAN COBURN BLVD @ TENTH LINE RD (0013966),13966,02 - Intersection related,02 - Non-fatal injury,03 - Rear end,02 - Rain,01 - Daylight,02 - Wet,01 - Traffic signal,01 - Functioning,3,0,0,0,02 - Minor,1,,1,,,384428.3389,5035022.308,45.45059377,-75.48197576,8091
16--4919,2016/05/01,3:48 PM,FALLOWFIELD RD @ MERIVALE RD (0000587),587,02 - Intersection related,03 - P.D. only,03 - Rear end,02 - Rain,01 - Daylight,02 - Wet,01 - Traffic signal,01 - Functioning,3,0,0,0,,0,,,,,366891.4881,5018844.694,45.30680956,-75.70818883,8092
16--492,2016/01/12,5:26 PM,CAMPEAU DR @ KANATA AVE (0012003),12003,02 - Intersection related,03 - P.D. only,03 - Rear end,03 - Snow,05 - Dusk,04 - Slush,01 - Traffic signal,01 - Functioning,2,0,0,0,,0,,,,,350594.1166,5019403.07,45.31308566,-75.91595392,8093
16--4920,2016/05/01,4:01 PM,ST. LAURENT BLVD btwn DONALD ST & 125 N OF QUEEN MARY ST (__3ZA2CFA),__3ZA2CFA,01 - Non intersection,02 - Non-fatal injury,03 - Rear end,02 - Rain,01 - Daylight,02 - Wet,10 - No control,,4,0,0,0,01 - Minimal,2,2,,,,372132.0967,5032379.88,45.42811133,-75.63952151,8094
16--4921,2016/05/01,4:51 PM,BANK ST @ COLLINS AVE/WILDWOOD AVE (0006959),6959,03 - At intersection,03 - P.D. only,04 - Sideswipe,02 - Rain,01 - Daylight,02 - Wet,02 - Stop sign,01 - Functioning,2,0,0,0,,0,,,,,370050.4238,5026697.456,45.37718026,-75.66687348,8095
16--4922,2016/05/01,5:12 PM,LISGAR ST btwn METCALFE ST & ELGIN ST (__3ZA9U7),__3ZA9U7,01 - Non intersection,03 - P.D. only,06 - SMV unattended vehicle,01 - Clear,01 - Daylight,01 - Dry,10 - No control,,1,0,0,0,,0,,,,,368047.9996,5031330.537,45.41905095,-75.69184405,8096
16--4923,2016/05/01,5:41 PM,INNES RD btwn VISENEAU DR & BELCOURT BLVD (__3ZA3JX),__3ZA3JX,01 - Non intersection,03 - P.D. only,04 - Sideswipe,02 - Rain,01 - Daylight,02 - Wet,10 - No control,,2,0,0,0,,0,,,,,382085.4397,5035245.286,45.45286296,-75.51188943,8097
16--4924,2016/05/01,6:28 PM,JOSEPH CYR ST @ LEMIEUX ST (0009480),9480,03 - At intersection,02 - Non-fatal injury,07 - SMV other,01 - Clear,01 - Daylight,01 - Dry,02 - Stop sign,01 - Functioning,1,0,0,1,01 - Minimal,1,1,,,,372494.4466,5031752.452,45.42243106,-75.63497757,8098
16--4925,2016/05/01,6:30 PM,MONTREAL RD @ SINCLAIR ST (0008675),8675,02 - Intersection related,03 - P.D. only,04 - Sideswipe,02 - Rain,01 - Daylight,02 - Wet,01 - Traffic signal,01 - Functioning,2,0,0,0,,0,,,,,375968.5075,5034756.82,45.44911777,-75.59015602,8099
16--4926,2016/05/01,7:19 PM,CARLING AVE @ KIRKWOOD AVE S (0002209),2209,03 - At intersection,03 - P.D. only,05 - Turning movement,02 - Rain,01 - Daylight,02 - Wet,01 - Traffic signal,01 - Functioning,2,0,0,0,,0,,,,,364350.5782,5027336.876,45.38344128,-75.73956603,8100
16--4927,2016/05/01,7:25 PM,GROVEHURST DR btwn RUTLEGE ST & OLDFIELD ST (__30LKX3),__30LKX3,01 - Non intersection,02 - Non-fatal injury,05 - Turning movement,02 - Rain,01 - Daylight,02 - Wet,10 - No control,,2,0,0,0,02 - Minor,1,,1,,,366460.9054,5015652.097,45.27812077,-75.71407613,8101
16--4928,2016/05/01,9:19 PM,ELGIN ST @ GLADSTONE AVE (0007272),7272,03 - At intersection,02 - Non-fatal injury,07 - SMV other,02 - Rain,07 - Dark,02 - Wet,01 - Traffic signal,01 - Functioning,1,0,0,1,01 - Minimal,1,1,,,,368384.9407,5030845.017,45.41465186,-75.68760184,8102
16--4749,2016/04/25,9:57 AM,DAVID MANCHESTER RD @ RICHARDSON SIDE RD (0005808),5808,02 - Intersection related,03 - P.D. only,05 - Turning movement,01 - Clear,01 - Daylight,01 - Dry,02 - Stop sign,01 - Functioning,2,0,0,0,,0,,,,,344201.7682,5015306.233,45.27660841,-75.99780233,8103
16--52,2016/01/03,10:31 AM,FLEWELLYN RD btwn WORLEY ST & ORMROD RD (__3ZAC05),__3ZAC05,01 - Non intersection,03 - P.D. only,06 - SMV unattended vehicle,03 - Snow,01 - Daylight,03 - Loose snow,10 - No control,,1,0,0,0,,0,,,,,341768.8776,5002175.83,45.15858559,-76.02978465,8104
16--5380,2016/05/14,8:00 PM,REGIONAL RD 174 @ TRIM RD (0012835),12835,02 - Intersection related,02 - Non-fatal injury,03 - Rear end,02 - Rain,01 - Daylight,02 - Wet,01 - Traffic signal,01 - Functioning,2,0,0,0,01 - Minimal,1,1,,,,384352.5275,5039991.24,45.49530817,-75.48214031,8105
16--520,2016/01/12,9:23 PM,HIGHWAY 417 btwn HWY417 IC110 RAMP66 & HWY417 IC110 RAMP56 (__3ZA2XR),__3ZA2XR,01 - Non intersection,03 - P.D. only,99 - Other,03 - Snow,07 - Dark,03 - Loose snow,10 - No control,,2,0,0,0,,0,,,,,375843.2721,5029085.869,45.39810655,-75.59257473,8106
16--475,2016/01/12,2:33 PM,OGILVIE RD @ 240 W OF BLAIR RD (0012431),12431,02 - Intersection related,03 - P.D. only,03 - Rear end,03 - Snow,01 - Daylight,03 - Loose snow,01 - Traffic signal,01 - Functioning,2,0,0,0,,0,,,,,374300.2514,5033077.136,45.43417279,-75.6117182,8107
16--5381,2016/05/14,9:01 PM,CARLING AVE @ ISLAND PARK DR (0010785),10785,03 - At intersection,03 - P.D. only,05 - Turning movement,01 - Clear,07 - Dark,01 - Dry,01 - Traffic signal,01 - Functioning,2,0,0,0,,0,,,,,365349.3737,5027997.093,45.38929616,-75.72673203,8108
16--5200,2016/05/10,12:54 PM,LAURIER AVE @ NELSON ST (0008234),8234,02 - Intersection related,03 - P.D. only,03 - Rear end,01 - Clear,01 - Daylight,01 - Dry,01 - Traffic signal,01 - Functioning,2,0,0,0,,0,,,,,368878.1087,5032116.799,45.42604991,-75.68113608,8109
16--4750,2016/04/26,1:44 PM,BESSERER ST btwn NELSON ST & FRIEL ST (__3ZA82K),__3ZA82K,01 - Non intersection,03 - P.D. only,06 - SMV unattended vehicle,01 - Clear,01 - Daylight,01 - Dry,10 - No control,,1,0,0,0,,0,,,,,368772.3249,5032476.926,45.42929989,-75.68244099,8110
16--502,2016/01/12,6:10 AM,MURRAY ST btwn ALEXANDRA BR & MACKENZIE AVE (__3ZA8IH),__3ZA8IH,01 - Non intersection,03 - P.D. only,04 - Sideswipe,01 - Clear,07 - Dark,01 - Dry,10 - No control,,2,0,0,0,,0,,,,,367589.0927,5032392.909,45.42865116,-75.69757177,8111
16--5382,2016/05/14,9:49 AM,LEITRIM RD N @ RAMSAYVILLE RD (0004149),4149,03 - At intersection,02 - Non-fatal injury,02 - Angle,01 - Clear,01 - Daylight,01 - Dry,02 - Stop sign,01 - Functioning,2,0,0,0,02 - Minor,1,,1,,,378727.4483,5023873.73,45.35091221,-75.55652068,8112
16--4751,2016/04/26,1:51 AM,BAY ST @ SLATER ST (0005127),5127,03 - At intersection,03 - P.D. only,02 - Angle,01 - Clear,07 - Dark,01 - Dry,01 - Traffic signal,01 - Functioning,2,0,0,0,,0,,,,,366983.9223,5031077.897,45.41687315,-75.70547093,8113
16--4752,2016/04/26,10:30 AM,PRINCE OF WALES DR @ FALAISE RD/KOCHAR DR N (0006962),6962,02 - Intersection related,03 - P.D. only,03 - Rear end,01 - Clear,01 - Daylight,01 - Dry,01 - Traffic signal,01 - Functioning,2,0,0,0,,0,,,,,367460.0322,5024904.514,45.36128424,-75.70017207,8114
16--4753,2016/04/26,12:37 PM,NICHOLAS ST SB btwn RAMP & LAURIER AVE E (__3ZAZP6),__3ZAZP6,01 - Non intersection,03 - P.D. only,04 - Sideswipe,01 - Clear,01 - Daylight,01 - Dry,10 - No control,,2,0,0,0,,0,,,,,368330.9521,5031878.68,45.42395731,-75.68815828,8115
16--4754,2016/04/26,2:50 PM,OGILVIE RD btwn BEAULIEU PL & AVIATION PKWY (__3ZA2DK),__3ZA2DK,01 - Non intersection,03 - P.D. only,04 - Sideswipe,01 - Clear,01 - Daylight,01 - Dry,10 - No control,,2,0,0,0,,0,,,,,373103.3068,5032372.321,45.42794915,-75.6271123,8116
16--4755,2016/04/26,3:12 PM,PRINCE OF WALES DR btwn LODGE RD & STRANDHERD DR (__441HNW),__441HNW,01 - Non intersection,03 - P.D. only,04 - Sideswipe,01 - Clear,01 - Daylight,01 - Dry,10 - No control,,2,0,0,0,,0,,,,,367158.9037,5014793.439,45.27033307,-75.70528822,8117
16--4756,2016/04/26,3:16 PM,PRINCE OF WALES DR btwn MAPLEHILL WAY & LODGE RD (__3ZA29Y),__3ZA29Y,01 - Non intersection,03 - P.D. only,04 - Sideswipe,01 - Clear,01 - Daylight,01 - Dry,10 - No control,,2,0,0,0,,0,,,,,366773.6722,5012694.897,45.25148453,-75.71045897,8118
16--4757,2016/04/26,3:35 PM,MONTREAL RD @ SINCLAIR ST (0008675),8675,02 - Intersection related,03 - P.D. only,03 - Rear end,01 - Clear,01 - Daylight,01 - Dry,01 - Traffic signal,01 - Functioning,2,0,0,0,,0,,,,,375968.0586,5034757.269,45.44912185,-75.59016169,8119
16--4758,2016/04/26,3:52 PM,REGIONAL ROAD 174 EB btwn HWY417 IC113 RAMP65 & OR174 BLAIR IC112 RAMP51 (__3ZAZFJ),__3ZAZFJ,01 - Non intersection,03 - P.D. only,03 - Rear end,01 - Clear,01 - Daylight,01 - Dry,10 - No control,,2,0,0,0,,0,,,,,374705.2614,5032751.172,45.43119957,-75.60658869,8120
16--4759,2016/04/26,4:11 PM,ALBERT ST @ ELGIN ST/MACKENZIE KING BRIDGE (0002226),2226,02 - Intersection related,03 - P.D. only,07 - SMV other,01 - Clear,01 - Daylight,01 - Dry,01 - Traffic signal,01 - Functioning,1,0,0,0,,0,,,,,367850.9361,5031712.255,45.42250331,-75.69431294,8121
16--476,2016/01/12,3:10 PM,FIFTH AVE @ QUEEN ELIZABETH DRWY (0006908),6908,02 - Intersection related,03 - P.D. only,03 - Rear end,03 - Snow,01 - Daylight,01 - Dry,01 - Traffic signal,01 - Functioning,2,0,0,0,,0,,,,,368836.6526,5029657.444,45.40392529,-75.68198536,8122
16--4760,2016/04/26,4:46 PM,CARLING AVE EB btwn CARLING AVE EB OFF RAMP/OTTAWA RIVER PKWY & TRANSI (__3ZGKXW),__3ZGKXW,01 - Non intersection,03 - P.D. only,03 - Rear end,01 - Clear,01 - Daylight,01 - Dry,10 - No control,,2,0,0,0,,0,,,,,360932.3968,5025198.543,45.36448295,-75.78345415,8123
16--4761,2016/04/26,6:19 PM,CARLING AVE @ ISLAND PARK DR (0010785),10785,03 - At intersection,02 - Non-fatal injury,05 - Turning movement,01 - Clear,01 - Daylight,01 - Dry,01 - Traffic signal,01 - Functioning,2,1,0,0,02 - Minor,1,,1,,,365348.6995,5027998.669,45.38931039,-75.72674044,8124
16--4762,2016/04/26,6:35 AM,HIGHWAY 417 btwn HWY417 IC134 RAMP35 & HWY417 IC134 RAMP25 (__3ZA29D),__3ZA29D,01 - Non intersection,03 - P.D. only,04 - Sideswipe,01 - Clear,03 - Dawn,01 - Dry,10 - No control,,3,0,0,0,,0,,,,,356442.0128,5022253.156,45.33832535,-75.84107881,8125
16--4763,2016/04/26,6:54 PM,RIVERSIDE DR @ SMYTH RD SOUTH SIDE RAMP (0011480),11480,02 - Intersection related,03 - P.D. only,03 - Rear end,01 - Clear,01 - Daylight,01 - Dry,01 - Traffic signal,01 - Functioning,2,0,0,0,,0,,,,,369789.1183,5028998.649,45.39790991,-75.66990649,8126
16--4764,2016/04/26,7:01 PM,GLADSTONE AVE @ PERCY ST (0007203),7203,03 - At intersection,03 - P.D. only,02 - Angle,01 - Clear,01 - Daylight,01 - Dry,01 - Traffic signal,01 - Functioning,2,0,0,0,,0,,,,,367328.484,5030207.24,45.40900854,-75.70117932,8127
16--4765,2016/04/26,7:11 AM,PORTAGE BRIDGE NB btwn PROVINCIAL BOUNDARY & WELLINGTON ST (__6TE2PA),__6TE2PA,07 - Overpass or bridge,03 - P.D. only,03 - Rear end,01 - Clear,01 - Daylight,01 - Dry,10 - No control,,2,0,0,0,,0,,,,,366407.9289,5031517.094,45.42087588,-75.71277483,8128
16--4766,2016/04/26,7:20 PM,RIDEAU RD btwn ALBION RD & BANK ST (__3ZA7ZV),__3ZA7ZV,04 - At/near private drive,03 - P.D. only,05 - Turning movement,01 - Clear,01 - Daylight,01 - Dry,10 - No control,,2,0,0,0,,0,,,,,376912.7772,5017816.414,45.29660014,-75.58055899,8129
16--4767,2016/04/26,7:27 PM,O'CONNOR ST btwn FRANK ST & GLADSTONE AVE (__3ZBOE2),__3ZBOE2,01 - Non intersection,03 - P.D. only,06 - SMV unattended vehicle,01 - Clear,01 - Daylight,01 - Dry,10 - No control,,1,0,0,0,,0,,,,,368072.2914,5030662.277,45.41303597,-75.69161949,8130
16--4768,2016/04/26,7:28 AM,MARCH RD btwn 280 S OF CARLING AVE/STATION RD & RICHARDSON SIDE RD (__3ZA42DB),__3ZA42DB,04 - At/near private drive,02 - Non-fatal injury,07 - SMV other,01 - Clear,01 - Daylight,01 - Dry,10 - No control,,1,0,0,0,02 - Minor,1,,1,,,351184.0754,5021945.196,45.33592158,-75.90819201,8131
16--4769,2016/04/26,8:25 AM,ANDERSON RD @ INNES RD (0004200),4200,02 - Intersection related,03 - P.D. only,03 - Rear end,01 - Clear,01 - Daylight,01 - Dry,01 - Traffic signal,01 - Functioning,2,0,0,0,,0,,,,,376280.0677,5031840.442,45.42284618,-75.58659688,8132
16--477,2016/01/12,3:10 PM,HIGHWAY 416 btwn HWY416 IC66 RAMP62 & HWY416 IC72 RAMP24 (__3ZAZMZ),__3ZAZMZ,01 - Non intersection,02 - Non-fatal injury,07 - SMV other,01 - Clear,01 - Daylight,06 - Ice,10 - No control,,1,0,0,0,01 - Minimal,1,1,,,,360311.1902,5017866.747,45.29856083,-75.79220566,8133
16--4770,2016/04/26,9:09 PM,MAITLAND AVE btwn AGINCOURT RD & 30 S OF AGINCOURT RD/TRINITY UNITED C (__3ZA4IEA),__3ZA4IEA,04 - At/near private drive,02 - Non-fatal injury,05 - Turning movement,01 - Clear,07 - Dark,01 - Dry,10 - No control,,2,0,0,0,01 - Minimal,2,2,,,,363450.0536,5025446.711,45.36650981,-75.7512888,8134
16--4771,2016/04/26,9:26 PM,ALBERT ST @ ELGIN ST/MACKENZIE KING BRIDGE (0002226),2226,03 - At intersection,03 - P.D. only,07 - SMV other,02 - Rain,07 - Dark,02 - Wet,01 - Traffic signal,01 - Functioning,1,0,0,0,,0,,,,,367852.0893,5031711.352,45.42249508,-75.69429832,8135
16--4772,2016/04/27,1:39 PM,REGIONAL ROAD 174 EB btwn HWY417 IC113 RAMP65 & OR174 BLAIR IC112 RAMP51 (__3ZAZFJ),__3ZAZFJ,01 - Non intersection,03 - P.D. only,04 - Sideswipe,01 - Clear,01 - Daylight,01 - Dry,10 - No control,,2,0,0,0,,0,,,,,374659.1807,5032716.489,45.43089212,-75.60718246,8136
16--4773,2016/04/27,1:53 PM,INNES RD @ STONEHENGE CRES E (0009355),9355,03 - At intersection,03 - P.D. only,04 - Sideswipe,01 - Clear,01 - Daylight,01 - Dry,01 - Traffic signal,01 - Functioning,2,0,0,0,,0,,,,,375363.0691,5031314.675,45.41820872,-75.59838852,8137
16--4774,2016/04/27,10:17 AM,GRENFELL CRES btwn WOODROFFE AVE & PRATT AVE (__3ZA54K),__3ZA54K,04 - At/near private drive,03 - P.D. only,99 - Other,01 - Clear,01 - Daylight,01 - Dry,10 - No control,,2,0,0,0,,0,,,,,365225.7049,5019606.974,45.31381377,-75.72933654,8138
16--4775,2016/04/27,10:30 AM,RIVERSIDE DR RAMP 42A @ RIVERSIDE DR (0010862),10862,02 - Intersection related,03 - P.D. only,04 - Sideswipe,01 - Clear,01 - Daylight,01 - Dry,03 - Yield sign,01 - Functioning,2,0,0,0,,0,,,,,368442.982,5027268.294,45.38246435,-75.68732184,8139
16--4776,2016/04/27,11:21 PM,RIVERSIDE DR btwn FROBISHER LANE & HINCKS LANE (__3ZA242),__3ZA242,01 - Non intersection,03 - P.D. only,07 - SMV other,01 - Clear,07 - Dark,01 - Dry,10 - No control,,1,0,0,0,,0,,,,,370267.4294,5030188.442,45.40857067,-75.66363981,8140
16--4777,2016/04/27,11:42 AM,BARNSDALE RD @ PRINCE OF WALES DR (0001082),1082,03 - At intersection,02 - Non-fatal injury,02 - Angle,01 - Clear,01 - Daylight,01 - Dry,02 - Stop sign,01 - Functioning,2,0,0,0,02 - Minor,1,,1,,,366646.6962,5011532.184,45.24103363,-75.71222111,8141
16--4778,2016/04/27,11:43 AM,WALKLEY RD btwn HALIFAX DR & ST. LAURENT BLVD (__3ZA2EL),__3ZA2EL,04 - At/near private drive,03 - P.D. only,05 - Turning movement,01 - Clear,01 - Daylight,01 - Dry,10 - No control,,2,0,0,0,,0,,,,,373845.5367,5028014.242,45.38866441,-75.61823839,8142
16--4779,2016/04/27,Unknown,MARCH RD btwn JACOB'S GT & BEARHILL RD (__3ZA2Q0),__3ZA2Q0,01 - Non intersection,03 - P.D. only,07 - SMV other,01 - Clear,07 - Dark,01 - Dry,10 - No control,,1,0,0,0,,0,,,,,337672.772,5017600.038,45.29758486,-76.08086362,8143
16--478,2016/01/12,3:15 PM,OGILVIE RD btwn NASKAPI DR & MONTREAL RD (__3ZA7ZH),__3ZA7ZH,01 - Non intersection,03 - P.D. only,03 - Rear end,03 - Snow,01 - Daylight,03 - Loose snow,10 - No control,,2,0,0,0,,0,,,,,375641.9337,5034594.131,45.44768717,-75.59435396,8144
16--4780,2016/04/27,12:01 AM,CORKERY RD btwn CORKERY WOODS DR & MARCH RD (__3ZAC02),__3ZAC02,01 - Non intersection,03 - P.D. only,07 - SMV other,01 - Clear,07 - Dark,01 - Dry,10 - No control,,1,0,0,0,,0,,,,,335904.9128,5016221.081,45.28525674,-76.1034902,8145
16--4781,2016/04/27,12:20 AM,RIVERSIDE DR NB btwn HINCKS LANE & SAN REMO PRIV (__3ZA4SC),__3ZA4SC,01 - Non intersection,03 - P.D. only,07 - SMV other,01 - Clear,07 - Dark,01 - Dry,10 - No control,,1,0,0,0,,0,,,,,370174.7072,5030236.201,45.40900905,-75.6648179,8146
16--4782,2016/04/27,12:20 PM,BANK ST btwn BLAIS RD & RIDEAU RD (__3ZA29L),__3ZA29L,01 - Non intersection,03 - P.D. only,03 - Rear end,01 - Clear,01 - Daylight,01 - Dry,10 - No control,,2,0,0,0,,0,,,,,376755.8559,5018306.408,45.30102499,-75.58248838,8147
16--4783,2016/04/27,2:11 PM,KENT ST @ SOMERSET ST (0008857),8857,03 - At intersection,02 - Non-fatal injury,05 - Turning movement,01 - Clear,01 - Daylight,01 - Dry,01 - Traffic signal,01 - Functioning,2,0,0,0,01 - Minimal,1,1,,,,367527.8235,5030816.238,45.41447028,-75.69855544,8148
16--4784,2016/04/27,3:00 PM,QUEEN ELIZABETH DRWY btwn BRONSON AVE OVERPASS & LAKEVIEW TER (__3ZBPHJ),__3ZBPHJ,01 - Non intersection,03 - P.D. only,03 - Rear end,01 - Clear,01 - Daylight,01 - Dry,10 - No control,,2,0,0,0,,0,,,,,367709.4771,5028567.661,45.39422195,-75.69652164,8149