Anom_ID,Accident_Date,Accident_Time,Location,Geo_ID,Accident_Location,Classification_of_Accident,Initial_Impact_Type,Environment_Condition,Light,Road_Surface_Condition,Traffic_Control,Traffic_Control_Condition,No__of_Vehicles,No__of_Bicycles,No__of_Motorcycles,No__of_Pedestrians,Max_Injury,No__of_Injuries,No__of_Minimal,No__of_Minor,No__of_Major,No__of_Fatal,X,Y,Latitude,Longitude,ObjectId
16--4785,2016/04/27,3:10 PM,BANK ST btwn LISGAR ST & COOPER ST (__3ZA34T),__3ZA34T,01 - Non intersection,03 - P.D. only,04 - Sideswipe,01 - Clear,01 - Daylight,01 - Dry,10 - No control,,2,0,0,0,,0,,,,,367642.6497,5031001.122,45.4161235,-75.69706493,8150
16--4786,2016/04/27,3:20 AM,OTTAWA RIVER PKWY WB btwn RAMP & RIVER ST (__3ZA24N),__3ZA24N,01 - Non intersection,03 - P.D. only,07 - SMV other,01 - Clear,07 - Dark,01 - Dry,10 - No control,,1,0,0,0,,0,,,,,365064.1393,5030356.237,45.41054782,-75.73008613,8151
16--4787,2016/04/27,3:39 AM,RIVERSIDE DR SB btwn FROBISHER LANE & HINCKS LANE (__3ZAZRX),__3ZAZRX,01 - Non intersection,03 - P.D. only,07 - SMV other,01 - Clear,07 - Dark,08 - Loose sand or gravel,10 - No control,,1,0,0,0,,0,,,,,370150.2665,5030195.236,45.40864274,-75.66513553,8152
16--4788,2016/04/27,3:50 PM,ISLAND PARK DR btwn RICHMOND RD & BASSETT LANE (__3ZA235),__3ZA235,04 - At/near private drive,03 - P.D. only,05 - Turning movement,01 - Clear,01 - Daylight,01 - Dry,10 - No control,,2,0,0,0,,0,,,,,364155.1527,5028827.139,45.39686698,-75.74188205,8153
16--4789,2016/04/27,4:05 PM,NAVAN RD W @ MER BLEUE RD (0004182),4182,03 - At intersection,02 - Non-fatal injury,03 - Rear end,01 - Clear,01 - Daylight,01 - Dry,02 - Stop sign,01 - Functioning,2,0,0,0,02 - Minor,1,,1,,,384007.5254,5032256.969,45.42576149,-75.48779987,8154
16--479,2016/01/12,3:17 PM,LANTHIER DR @ VANTAGE DR (0004631),4631,02 - Intersection related,03 - P.D. only,03 - Rear end,04 - Freezing Rain,01 - Daylight,06 - Ice,02 - Stop sign,01 - Functioning,2,0,0,0,,0,,,,,383600.0109,5035849.687,45.45813168,-75.49243146,8155
16--4790,2016/04/27,4:15 PM,BANTREE ST @ INNES RD (0007684),7684,02 - Intersection related,03 - P.D. only,03 - Rear end,01 - Clear,01 - Daylight,01 - Dry,01 - Traffic signal,01 - Functioning,2,0,0,0,,0,,,,,373705.4987,5030407.678,45.41021321,-75.6196922,8156
16--4791,2016/04/27,4:40 PM,HIGHWAY 417 btwn HWY417 IC110 RAMP55 & HWY417 IC110 RAMP65 (__3ZA28Z),__3ZA28Z,01 - Non intersection,03 - P.D. only,03 - Rear end,01 - Clear,01 - Daylight,01 - Dry,10 - No control,,2,0,0,0,,0,,,,,375800.1934,5029053.226,45.39781722,-75.59312959,8157
16--4792,2016/04/27,5:20 PM,MAITLAND AVE @ WOODWARD DR (0003185),3185,02 - Intersection related,03 - P.D. only,04 - Sideswipe,01 - Clear,01 - Daylight,01 - Dry,01 - Traffic signal,01 - Functioning,2,0,0,0,,0,,,,,363273.9191,5025662.303,45.3684644,-75.75351158,8158
16--4793,2016/04/27,5:22 AM,LEES AVE btwn ROSEMERE AVE & CONCORD ST S (__3ZA3QX),__3ZA3QX,01 - Non intersection,03 - P.D. only,07 - SMV other,01 - Clear,03 - Dawn,01 - Dry,10 - No control,,1,0,0,0,,0,,,,,369199.3796,5030672.645,45.41302644,-75.67721969,8159
16--4794,2016/04/27,5:37 PM,STRANDHERD DR @ WOODROFFE AVE (0009688),9688,02 - Intersection related,03 - P.D. only,03 - Rear end,01 - Clear,01 - Daylight,01 - Dry,01 - Traffic signal,01 - Functioning,2,0,0,0,,0,,,,,366106.3785,5015395.373,45.27584179,-75.71862618,8160
16--4795,2016/04/27,5:40 PM,FISHER AVE btwn EMPEROR AVE & TRENT ST (__3ZA3AH),__3ZA3AH,01 - Non intersection,03 - P.D. only,03 - Rear end,01 - Clear,01 - Daylight,01 - Dry,10 - No control,,3,0,0,0,,0,,,,,365743.9688,5027017.653,45.38044914,-75.7218141,8161
16--4796,2016/04/27,5:42 PM,KING EDWARD AVE @ SUSSEX DR (0002653),2653,03 - At intersection,03 - P.D. only,05 - Turning movement,01 - Clear,01 - Daylight,01 - Dry,01 - Traffic signal,01 - Functioning,2,0,0,0,,0,,,,,367664.3764,5033503.822,45.43864001,-75.69646791,8162
16--4797,2016/04/27,6:20 PM,PARKDALE AVE btwn WELLINGTON ST W & GLADSTONE AVE (__3ZA4QM),__3ZA4QM,01 - Non intersection,03 - P.D. only,04 - Sideswipe,01 - Clear,01 - Daylight,01 - Dry,10 - No control,,2,0,0,0,,0,,,,,365154.8633,5029260.006,45.40067637,-75.72906136,8163
16--4798,2016/04/27,6:45 AM,RAYMOND ST/HWY 417 ROCHEST IC121BR16 @ ROCHEST (0006495),6495,03 - At intersection,03 - P.D. only,02 - Angle,01 - Clear,01 - Daylight,01 - Dry,01 - Traffic signal,01 - Functioning,2,0,0,0,,0,,,,,366737.2692,5029618.663,45.40376526,-75.70880548,8164
16--4799,2016/04/27,7:09 PM,GREENBANK RD @ HARRISON ST/ASHGROVE CRES (0000627),627,02 - Intersection related,02 - Non-fatal injury,03 - Rear end,01 - Clear,01 - Daylight,01 - Dry,01 - Traffic signal,01 - Functioning,2,0,0,0,01 - Minimal,1,1,,,,360839.5231,5022007.401,45.33577659,-75.78500125,8165
16--48,2016/01/03,1:55 PM,PLANTE DR btwn IMPALA CRES & CONDOR DR (__3ZA9D5),__3ZA9D5,04 - At/near private drive,03 - P.D. only,06 - SMV unattended vehicle,03 - Snow,01 - Daylight,03 - Loose snow,10 - No control,,1,0,0,0,,0,,,,,369874.5166,5024408.9,45.35660488,-75.66942068,8166
16--480,2016/01/12,3:20 PM,WEST HUNT CLUB RD @ ANTARES DR/LASER ST (0000116),116,02 - Intersection related,03 - P.D. only,03 - Rear end,03 - Snow,01 - Daylight,02 - Wet,01 - Traffic signal,01 - Functioning,2,0,0,0,,0,,,,,367106.2104,5022081.877,45.33591823,-75.70504363,8167
16--4800,2016/04/27,7:15 AM,GEORGE ST @ DALHOUSIE ST (0008516),8516,02 - Intersection related,03 - P.D. only,03 - Rear end,01 - Clear,01 - Daylight,01 - Dry,01 - Traffic signal,01 - Functioning,2,0,0,0,,0,,,,,368157.4731,5032315.814,45.42790623,-75.69031866,8168
16--4801,2016/04/27,7:54 AM,ST. LAURENT BLVD btwn NERTA ST & JOLIFFE ST (__3ZA74S),__3ZA74S,01 - Non intersection,02 - Non-fatal injury,03 - Rear end,01 - Clear,01 - Daylight,01 - Dry,10 - No control,,2,0,0,0,01 - Minimal,1,1,,,,373747.4482,5028427.239,45.39239003,-75.6194332,8169
16--4802,2016/04/27,8:05 AM,CRESTWAY DR @ LEIKIN DR (0009767),9767,03 - At intersection,03 - P.D. only,02 - Angle,01 - Clear,01 - Daylight,01 - Dry,02 - Stop sign,01 - Functioning,2,0,0,0,,0,,,,,366938.7309,5016514.34,45.2858371,-75.70787843,8170
16--4803,2016/04/27,9:08 AM,HUNTER'S RUN DR @ JEANNE D'ARC BLVD (0012419),12419,02 - Intersection related,03 - P.D. only,03 - Rear end,01 - Clear,01 - Daylight,01 - Dry,01 - Traffic signal,01 - Functioning,2,0,0,0,,0,,,,,380567.0621,5036174.536,45.46138989,-75.53115621,8171
16--4804,2016/04/27,9:39 AM,WEST HUNT CLUB RD @ WOODROFFE AVE (0000576),576,02 - Intersection related,03 - P.D. only,03 - Rear end,01 - Clear,01 - Daylight,01 - Dry,01 - Traffic signal,01 - Functioning,2,0,0,0,,0,,,,,363670.9155,5021246.265,45.32869609,-75.74896957,8172
16--4805,2016/04/27,9:46 PM,CONROY RD btwn DAVIDSON RD & PARK LANE (__3ZA3SX),__3ZA3SX,01 - Non intersection,03 - P.D. only,07 - SMV other,01 - Clear,07 - Dark,01 - Dry,10 - No control,,1,0,0,0,,0,,,,,374650.2947,5023330.325,45.34644082,-75.6086245,8173
16--4806,2016/04/28,1:22 PM,LEITRIM RD @ LIMEBANK RD (0012318),12318,02 - Intersection related,03 - P.D. only,03 - Rear end,01 - Clear,01 - Daylight,01 - Dry,01 - Traffic signal,01 - Functioning,2,0,0,0,,0,,,,,369321.624,5017960.093,45.29863104,-75.67731722,8174
16--4807,2016/04/28,10:03 AM,LAPERRIERE AVE btwn CLYDE AVE & BELLEVUE AVE (__3ZAA6K),__3ZAA6K,04 - At/near private drive,03 - P.D. only,02 - Angle,01 - Clear,01 - Daylight,01 - Dry,10 - No control,,2,0,0,0,,0,,,,,363821.8033,5026522.97,45.37616263,-75.74641495,8175
16--4808,2016/04/28,10:10 AM,GLADSTONE AVE @ ROCHESTER ST (0006496),6496,03 - At intersection,02 - Non-fatal injury,02 - Angle,01 - Clear,01 - Daylight,01 - Dry,01 - Traffic signal,01 - Functioning,2,0,0,0,02 - Minor,1,,1,,,366662.9227,5029788.464,45.40529965,-75.7097338,8176
16--4809,2016/04/28,10:29 AM,ARGYLE AVE @ O'CONNOR ST (0007254),7254,03 - At intersection,03 - P.D. only,04 - Sideswipe,01 - Clear,01 - Daylight,01 - Dry,01 - Traffic signal,01 - Functioning,2,0,0,0,,0,,,,,368184.4863,5030485.349,45.41143388,-75.69020896,8177
16--481,2016/01/12,3:30 PM,HIGHWAY 416 btwn HWY416 IC66 RAMP62 & HWY416 IC72 RAMP24 (__3ZAZMZ),__3ZAZMZ,01 - Non intersection,03 - P.D. only,04 - Sideswipe,03 - Snow,01 - Daylight,02 - Wet,10 - No control,,2,0,0,0,,0,,,,,360295.0503,5017785.888,45.29783453,-75.79242048,8178
16--4810,2016/04/28,10:30 AM,INNES RD @ ORLEANS BLVD (0003611),3611,03 - At intersection,03 - P.D. only,05 - Turning movement,01 - Clear,01 - Daylight,01 - Dry,01 - Traffic signal,01 - Functioning,2,0,0,0,,0,,,,,380460.5704,5034296.403,45.44450345,-75.53280665,8179
16--4811,2016/04/28,10:35 AM,BLAIR RD @ INNES RD (0004165),4165,02 - Intersection related,03 - P.D. only,03 - Rear end,01 - Clear,01 - Daylight,01 - Dry,01 - Traffic signal,01 - Functioning,2,0,0,0,,0,,,,,375579.8572,5031440.677,45.41932052,-75.59560078,8180
16--4812,2016/04/28,11:23 AM,WEST HUNT CLUB RD @ CLEOPATRA DR/LANCELOT DR (0000114),114,02 - Intersection related,02 - Non-fatal injury,03 - Rear end,01 - Clear,01 - Daylight,01 - Dry,01 - Traffic signal,01 - Functioning,2,0,0,0,02 - Minor,1,,1,,,365235.5984,5021733.642,45.33294847,-75.72895083,8181
16--4813,2016/04/28,2:03 PM,KENT ST @ SLATER ST (0002114),2114,02 - Intersection related,02 - Non-fatal injury,03 - Rear end,01 - Clear,01 - Daylight,01 - Dry,01 - Traffic signal,01 - Functioning,2,0,1,0,02 - Minor,1,,1,,,367261.0332,5031253.037,45.41842433,-75.7019084,8182
16--4814,2016/04/28,2:05 PM,MONTREAL RD @ ST. LAURENT BLVD (0002604),2604,03 - At intersection,03 - P.D. only,05 - Turning movement,01 - Clear,01 - Daylight,01 - Dry,01 - Traffic signal,01 - Functioning,2,0,0,0,,0,,,,,371544.9003,5033817.881,45.44110609,-75.64682986,8183
16--4815,2016/04/28,2:33 PM,NICHOLAS ST NB btwn HWY417 IC118 RAMP52 & WALLER ST/TRANSITWAY (__6KCFNL),__6KCFNL,01 - Non intersection,03 - P.D. only,03 - Rear end,01 - Clear,01 - Daylight,01 - Dry,10 - No control,,2,0,0,0,,0,,,,,368774.1562,5031499.602,45.42050611,-75.68254452,8184
16--4816,2016/04/28,3:33 PM,CHAMPLAIN BRIDGE/ISLAND PARK DR btwn BATE ISLAND & PROVINCIAL BOUNDARY (__3ZA2ZEA),__3ZA2ZEA,01 - Non intersection,03 - P.D. only,03 - Rear end,01 - Clear,01 - Daylight,01 - Dry,10 - No control,,3,0,0,0,,0,,,,,362887.0016,5030136.647,45.40875607,-75.75792398,8185
16--4817,2016/04/28,3:57 PM,CARLING AVE/STATION RD @ MARCH RD (0002681),2681,02 - Intersection related,03 - P.D. only,03 - Rear end,01 - Clear,01 - Daylight,01 - Dry,01 - Traffic signal,01 - Functioning,2,0,0,0,,0,,,,,350906.6271,5022248.346,45.33866768,-75.9117035,8186
16--4818,2016/04/28,4:13 PM,HIGHWAY 417 btwn HWY417 IC124 RAMP76 & HWY417 IC124 RAMP67 (__3ZA2R7),__3ZA2R7,01 - Non intersection,03 - P.D. only,07 - SMV other,01 - Clear,01 - Daylight,01 - Dry,10 - No control,,1,0,0,0,,0,,,,,364451.4297,5027565.091,45.38548614,-75.73825074,8187
16--4819,2016/04/28,4:18 PM,INNES RD @ TENTH LINE RD (0004633),4633,03 - At intersection,03 - P.D. only,02 - Angle,01 - Clear,01 - Daylight,01 - Dry,01 - Traffic signal,01 - Functioning,2,0,0,0,,0,,,,,383950.638,5036160.234,45.46088607,-75.48789892,8188
16--482,2016/01/12,3:35 PM,BRONSON AVE btwn PLYMOUTH ST & RENFREW AVE (__3ZA3B1),__3ZA3B1,04 - At/near private drive,03 - P.D. only,02 - Angle,03 - Snow,01 - Daylight,04 - Slush,10 - No control,,2,0,0,0,,0,,,,,367325.1919,5029629.236,45.40380812,-75.70129467,8189
16--4820,2016/04/28,4:30 PM,CLARE ST btwn KIRKWOOD AVE & HILSON AVE (__3ZA00K),__3ZA00K,01 - Non intersection,03 - P.D. only,99 - Other,01 - Clear,01 - Daylight,01 - Dry,10 - No control,,2,0,0,0,,0,,,,,364074.5526,5027976.918,45.38922368,-75.74301357,8190
16--4821,2016/04/28,4:43 PM,LOLA ST @ DONALD ST (0008513),8513,02 - Intersection related,03 - P.D. only,05 - Turning movement,01 - Clear,01 - Daylight,01 - Dry,01 - Traffic signal,01 - Functioning,2,0,0,0,,0,,,,,371094.3439,5032359.387,45.42802608,-75.65278488,8191
16--4822,2016/04/28,5:00 PM,CARLING AVE @ FAIRLAWN AVE/WOODROFFE AVE E (0002393),2393,03 - At intersection,03 - P.D. only,05 - Turning movement,01 - Clear,01 - Daylight,01 - Dry,01 - Traffic signal,01 - Functioning,2,0,0,0,,0,,,,,361934.6841,5025830.528,45.37008852,-75.77058762,8192
16--4823,2016/04/28,5:15 PM,INNES RD @ TENTH LINE RD (0004633),4633,03 - At intersection,03 - P.D. only,03 - Rear end,01 - Clear,01 - Daylight,01 - Dry,01 - Traffic signal,01 - Functioning,2,0,0,0,,0,,,,,383950.104,5036158.319,45.4608689,-75.48790605,8193
16--4824,2016/04/28,5:29 PM,CATHERINE ST @ ELGIN ST (0002638),2638,03 - At intersection,03 - P.D. only,02 - Angle,01 - Clear,01 - Daylight,01 - Dry,01 - Traffic signal,01 - Functioning,2,0,0,0,,0,,,,,368552.9341,5030577.347,45.41222817,-75.6854903,8194
16--4825,2016/04/28,6:00 PM,MCCURDY DR btwn HUMPHREY WAY & PARSONS RIDGE RD (__3ZACXD),__3ZACXD,01 - Non intersection,03 - P.D. only,06 - SMV unattended vehicle,01 - Clear,01 - Daylight,01 - Dry,10 - No control,,1,0,0,0,,0,,,,,352276.6636,5017983.525,45.30020052,-75.89463232,8195
16--4826,2016/04/28,6:08 AM,DUNROBIN RD btwn CONSTANCE BAY RD & CONSTANCE BAY RD (__3ZA4E0),__3ZA4E0,01 - Non intersection,03 - P.D. only,07 - SMV other,01 - Clear,01 - Daylight,01 - Dry,10 - No control,,1,0,0,0,,0,,,,,336745.0004,5037250.186,45.47444729,-76.09142082,8196
16--4827,2016/04/28,7:00 AM,RIVERSIDE DR @ TREMBLAY RD/HWY417 IC117 RAMP52 (0010790),10790,02 - Intersection related,03 - P.D. only,03 - Rear end,01 - Clear,01 - Daylight,01 - Dry,01 - Traffic signal,01 - Functioning,2,0,1,0,,0,,,,,370803.2004,5031016.581,45.41597161,-75.65668507,8197
16--4828,2016/04/28,7:09 PM,REGIONAL ROAD 174 EB btwn OR174 IC109 RAMP55 & TRANSIT (__3ZA28V),__3ZA28V,01 - Non intersection,03 - P.D. only,03 - Rear end,01 - Clear,01 - Daylight,01 - Dry,10 - No control,,3,0,0,0,,0,,,,,376477.549,5034996.082,45.45121847,-75.58361422,8198
16--4829,2016/04/28,7:10 AM,HWY417 IC131 RAMP55 btwn HIGHWAY 417 & HWY416 IC75B RAMP25 (__3ZAYG7),__3ZAYG7,01 - Non intersection,03 - P.D. only,07 - SMV other,01 - Clear,01 - Daylight,01 - Dry,10 - No control,,1,0,0,0,,0,,,,,358428.5637,5022784.825,45.3429603,-75.81567576,8199
16--483,2016/01/12,3:48 PM,CASTLEFRANK RD @ HAZELDEAN RD (0003608),3608,02 - Intersection related,03 - P.D. only,03 - Rear end,03 - Snow,01 - Daylight,04 - Slush,01 - Traffic signal,01 - Functioning,2,0,0,0,,0,,,,,352677.8781,5017677.895,45.29742315,-75.8895463,8200
16--4830,2016/04/28,7:13 PM,PRINCE OF WALES DR btwn MEADOWLANDS DR & NESBITT PL (__3ZA36V),__3ZA36V,04 - At/near private drive,03 - P.D. only,02 - Angle,01 - Clear,01 - Daylight,01 - Dry,10 - No control,,2,0,0,0,,0,,,,,367374.1874,5025669.606,45.36817603,-75.70117085,8201
16--4831,2016/04/28,7:30 PM,RICHMOND RD btwn ATHLONE AVE & TWEEDSMUIR AVE (__3ZA4O6),__3ZA4O6,01 - Non intersection,02 - Non-fatal injury,04 - Sideswipe,01 - Clear,05 - Dusk,01 - Dry,10 - No control,,2,1,0,0,01 - Minimal,1,1,,,,363507.9666,5028474.792,45.39375119,-75.7501895,8202
16--4832,2016/04/28,7:34 AM,WOODROFFE AVE btwn HWY417 IC127 RAMP63 & HWY417 IC127 RAMP35 (__3ZA25N),__3ZA25N,01 - Non intersection,03 - P.D. only,03 - Rear end,01 - Clear,01 - Daylight,01 - Dry,10 - No control,,2,0,0,0,,0,,,,,362121.0707,5024845.825,45.36121303,-75.76832254,8203
16--4833,2016/04/28,7:48 AM,OGILVIE RD btwn KENDER AVE & LA VERENDRYE DR (__3ZA7NY),__3ZA7NY,04 - At/near private drive,02 - Non-fatal injury,03 - Rear end,01 - Clear,01 - Daylight,01 - Dry,10 - No control,,2,0,0,0,02 - Minor,2,1,1,,,375337.4067,5035376.073,45.45475341,-75.59813442,8204
16--4834,2016/04/28,8:19 PM,BANK ST @ SNAKE ISLAND RD/VICTORIA ST (0001080),1080,03 - At intersection,03 - P.D. only,05 - Turning movement,01 - Clear,07 - Dark,01 - Dry,01 - Traffic signal,01 - Functioning,3,0,0,0,,0,,,,,383696.7319,5010121.116,45.22663327,-75.49529812,8205
16--4835,2016/04/28,8:57 AM,GREENBANK RD @ IRIS ST/HWY 417 IC129 RAMP51 (0009073),9073,03 - At intersection,03 - P.D. only,04 - Sideswipe,01 - Clear,01 - Daylight,01 - Dry,01 - Traffic signal,01 - Functioning,2,0,0,0,,0,,,,,360531.177,5023313.124,45.34755003,-75.78878799,8206
16--4836,2016/04/28,9:08 AM,TRIM RD @ WATTERS RD (0012847),12847,03 - At intersection,03 - P.D. only,02 - Angle,01 - Clear,01 - Daylight,01 - Dry,01 - Traffic signal,01 - Functioning,2,0,0,0,,0,,,,,384964.8766,5038718.698,45.48378902,-75.47451448,8207
16--4837,2016/04/28,9:20 PM,HIGHWAY 417 btwn HWY417 IC129 RAMP25 & HWY417 IC129 RAMP35 (__3ZAYFR),__3ZAYFR,01 - Non intersection,03 - P.D. only,04 - Sideswipe,01 - Clear,"08 - Dark, artificial",01 - Dry,10 - No control,,2,0,0,0,,0,,,,,360448.5741,5023518.255,45.34940235,-75.78981896,8208
16--4838,2016/04/28,9:36 PM,GREENBANK RD btwn JOCKVALE RD & CAMBRIAN RD (__3ZA2WE),__3ZA2WE,01 - Non intersection,03 - P.D. only,03 - Rear end,01 - Clear,07 - Dark,01 - Dry,10 - No control,,2,0,0,0,,0,,,,,364125.9527,5014320.312,45.26633826,-75.74399368,8209
16--5020,2016/05/04,7:00 PM,ALBION RD @ BANK ST (0012409),12409,02 - Intersection related,03 - P.D. only,03 - Rear end,01 - Clear,01 - Daylight,01 - Dry,01 - Traffic signal,01 - Functioning,2,0,0,0,,0,,,,,371946.9534,5024128.823,45.35388944,-75.64301008,8210
16--5383,2016/05/15,1:05 PM,LEES AVE @ KING EDWARD AVE/MANN AVE (0011413),11413,02 - Intersection related,03 - P.D. only,03 - Rear end,01 - Clear,01 - Daylight,01 - Dry,01 - Traffic signal,01 - Functioning,2,0,0,0,,0,,,,,369177.416,5031334.941,45.41898756,-75.67741375,8211
16--5021,2016/05/04,7:39 AM,DES EPINETTES AVE @ JEANNE D'ARC BLVD (0004221),4221,02 - Intersection related,03 - P.D. only,03 - Rear end,01 - Clear,01 - Daylight,01 - Dry,01 - Traffic signal,01 - Functioning,2,0,0,0,,0,,,,,382226.0747,5035959.245,45.45927099,-75.50997925,8212
16--5022,2016/05/04,7:52 AM,MONTREAL RD @ 46 E OF HILLSIDE DR/MONTREAL SQU (0008215),8215,02 - Intersection related,03 - P.D. only,99 - Other,01 - Clear,01 - Daylight,01 - Dry,01 - Traffic signal,01 - Functioning,2,0,0,0,,0,,,,,371749.6179,5033916.892,45.44197737,-75.64419987,8213
16--5384,2016/05/15,1:09 AM,HAWTHORNE RD @ HUNT CLUB RD (0007651),7651,02 - Intersection related,03 - P.D. only,07 - SMV other,01 - Clear,07 - Dark,01 - Dry,01 - Traffic signal,01 - Functioning,1,0,0,0,,0,,,,,375507.5252,5026406.08,45.37402915,-75.59724653,8214
16--5385,2016/05/15,1:59 PM,NICHOLAS ST NB btwn LAURIER AVE E & WALLER ST (__5D2DO8),__5D2DO8,01 - Non intersection,03 - P.D. only,03 - Rear end,01 - Clear,01 - Daylight,01 - Dry,10 - No control,,2,0,0,0,,0,,,,,368449.6799,5031736.304,45.42266547,-75.68665964,8215
16--5386,2016/05/15,10:29 PM,RICHMOND RD btwn STINSON AVE & STAFFORD RD (__3ZBOCU),__3ZBOCU,01 - Non intersection,02 - Non-fatal injury,03 - Rear end,01 - Clear,07 - Dark,01 - Dry,10 - No control,,2,0,0,0,02 - Minor,1,,1,,,358095.1207,5021061.223,45.32747663,-75.82011595,8216
16--5387,2016/05/15,11:30 AM,MEADOWLANDS DR @ MERIVALE RD (0000625),625,02 - Intersection related,03 - P.D. only,03 - Rear end,01 - Clear,01 - Daylight,01 - Dry,01 - Traffic signal,01 - Functioning,2,0,0,0,,0,,,,,364857.528,5023725.51,45.35090351,-75.73353208,8217
16--5388,2016/05/15,11:41 AM,MERIVALE RD btwn 210 S OF MEADOWLANDS DR/MERIVALE PL SC & FAMILY BROWN (__3ZBPLPB),__3ZBPLPB,01 - Non intersection,03 - P.D. only,04 - Sideswipe,01 - Clear,01 - Daylight,01 - Dry,10 - No control,,2,0,0,0,,0,,,,,364998.2057,5023400.895,45.34797061,-75.7317764,8218
16--5389,2016/05/15,11:50 AM,WOODROFFE AVE btwn KNOXDALE RD/MEDHURST DR & NORICE ST (__3ZA3JO),__3ZA3JO,01 - Non intersection,03 - P.D. only,04 - Sideswipe,01 - Clear,01 - Daylight,01 - Dry,10 - No control,,2,0,0,0,,0,,,,,363202.3503,5022376.297,45.3389032,-75.75481332,8219
16--539,2016/01/13,12:40 AM,HIGHWAY 417 btwn HWY417 IC163 RAMP16 & HWY417 IC169 RAMP61 (__5SPO79),__5SPO79,01 - Non intersection,02 - Non-fatal injury,07 - SMV other,01 - Clear,07 - Dark,02 - Wet,10 - No control,,1,0,0,0,01 - Minimal,1,1,,,,331309.7618,5021497.333,45.33292385,-76.16178351,8220
16--5390,2016/05/15,2:10 PM,MEADOWLANDS DR/TALLWOOD DR @ WOODROFFE AVE (0000095),95,02 - Intersection related,03 - P.D. only,03 - Rear end,01 - Clear,01 - Daylight,01 - Dry,01 - Traffic signal,01 - Functioning,2,0,0,0,,0,,,,,363056.7578,5022730.454,45.34210198,-75.75662915,8221
16--5391,2016/05/15,2:57 AM,VALLEY DR btwn GOREN AVE & DAKOTA AVE (__3ZBN7C),__3ZBN7C,04 - At/near private drive,03 - P.D. only,07 - SMV other,01 - Clear,07 - Dark,01 - Dry,10 - No control,,1,0,0,0,,0,,,,,373699.371,5028208.016,45.39042229,-75.62007775,8222
16--5392,2016/05/15,2:57 PM,HEMLOCK RD @ ST. LAURENT BLVD (0007183),7183,02 - Intersection related,02 - Non-fatal injury,04 - Sideswipe,01 - Clear,01 - Daylight,01 - Dry,01 - Traffic signal,01 - Functioning,2,1,0,0,01 - Minimal,1,1,,,,371144.9584,5034783.474,45.44983211,-75.65181137,8223
16--5393,2016/05/15,3:00 PM,BRONSON AVE @ HOLMWOOD AVE (0007215),7215,02 - Intersection related,03 - P.D. only,03 - Rear end,01 - Clear,01 - Daylight,01 - Dry,01 - Traffic signal,01 - Functioning,2,0,0,0,,0,,,,,367700.483,5028729.993,45.39568338,-75.6966158,8224
16--5394,2016/05/15,3:56 AM,DALHOUSIE ST @ RIDEAU ST (0007646),7646,03 - At intersection,03 - P.D. only,02 - Angle,01 - Clear,07 - Dark,01 - Dry,01 - Traffic signal,01 - Functioning,2,0,0,0,,0,,,,,368206.4844,5032226.682,45.42709981,-75.68970385,8225
16--5395,2016/05/15,3:58 PM,ALBERT ST @ ELGIN ST/MACKENZIE KING BRIDGE (0002226),2226,03 - At intersection,03 - P.D. only,05 - Turning movement,01 - Clear,01 - Daylight,01 - Dry,01 - Traffic signal,01 - Functioning,2,0,0,0,,0,,,,,367850.9371,5031711.807,45.42249928,-75.69431298,8226
16--5396,2016/05/15,4:00 PM,BERRIGAN DR @ CROXLEY WAY (0011029),11029,03 - At intersection,03 - P.D. only,02 - Angle,01 - Clear,01 - Daylight,01 - Dry,02 - Stop sign,01 - Functioning,2,0,0,0,,0,,,,,364420.1263,5015711.857,45.27883451,-75.74007819,8227
16--5397,2016/05/15,4:23 PM,RESEARCH RD @ UPLANDS DR (0008656),8656,02 - Intersection related,02 - Non-fatal injury,03 - Rear end,01 - Clear,01 - Daylight,01 - Dry,01 - Traffic signal,01 - Functioning,2,0,0,0,01 - Minimal,1,1,,,,370831.5029,5021554.374,45.33083122,-75.65758852,8228
16--5398,2016/05/15,4:40 PM,NO NAME btwn LANTHIER DR & END (__5VHINW),__5VHINW,01 - Non intersection,03 - P.D. only,99 - Other,01 - Clear,01 - Daylight,01 - Dry,10 - No control,,2,0,0,0,,0,,,,,383507.503,5035812.606,45.45780849,-75.49362006,8229
16--5399,2016/05/15,4:56 PM,HIGHWAY 417 btwn HWY417 IC134 RAMP36 & HWY417 IC134 RAMP26 (__3ZA29C),__3ZA29C,01 - Non intersection,03 - P.D. only,03 - Rear end,01 - Clear,01 - Daylight,01 - Dry,10 - No control,,2,0,0,0,,0,,,,,356413.0643,5022288.19,45.33864272,-75.84144449,8230
16--54,2016/01/03,11:15 AM,HUNT CLUB RD @ PIKE ST/MAPLE PARK PRIV (0010869),10869,02 - Intersection related,03 - P.D. only,04 - Sideswipe,01 - Clear,01 - Daylight,01 - Dry,01 - Traffic signal,01 - Functioning,2,0,0,0,,0,,,,,373296.2308,5025088.388,45.36239273,-75.62565841,8231
16--540,2016/01/13,2:10 PM,SEYTON DR btwn FORESTVIEW CRES & FORESTVIEW CRES (__3ZA430),__3ZA430,01 - Non intersection,03 - P.D. only,06 - SMV unattended vehicle,01 - Clear,01 - Daylight,03 - Loose snow,10 - No control,,1,0,0,0,,0,,,,,356947.0665,5019598.629,45.31440229,-75.83491464,8232
16--5400,2016/05/15,8:31 PM,BRONSON AVE @ CATHERINE ST/RAYMOND ST (0007198),7198,02 - Intersection related,03 - P.D. only,99 - Other,01 - Clear,05 - Dusk,01 - Dry,01 - Traffic signal,01 - Functioning,2,0,0,0,,0,,,,,367252.483,5029797.694,45.40533035,-75.70220204,8233