Anom_ID,Accident_Date,Accident_Time,Location,Geo_ID,Accident_Location,Classification_of_Accident,Initial_Impact_Type,Environment_Condition,Light,Road_Surface_Condition,Traffic_Control,Traffic_Control_Condition,No__of_Vehicles,No__of_Bicycles,No__of_Motorcycles,No__of_Pedestrians,Max_Injury,No__of_Injuries,No__of_Minimal,No__of_Minor,No__of_Major,No__of_Fatal,X,Y,Latitude,Longitude,ObjectId
16--5023,2016/05/04,8:31 AM,ALTA VISTA DR btwn 75 S OF CALEDON ST & CALEDON ST (__3ZA97HA),__3ZA97HA,01 - Non intersection,03 - P.D. only,03 - Rear end,01 - Clear,01 - Daylight,01 - Dry,10 - No control,,4,0,0,0,,0,,,,,370768.3714,5030375.613,45.41020772,-75.65721582,8234
16--5201,2016/05/10,2:16 PM,"EGLISE, RUE DE L btwn MONTREAL RD & COLLEGE CIRC (__3ZAZWS)",__3ZAZWS,01 - Non intersection,03 - P.D. only,06 - SMV unattended vehicle,01 - Clear,01 - Daylight,01 - Dry,10 - No control,,1,0,0,0,,0,,,,,371246.943,5033448.034,45.43780676,-75.65068802,8235
16--5401,2016/05/15,8:50 PM,AVIATION PKWY btwn AVIATION PKWY & TO BE DETERMINED (__3ZA2SQ),__3ZA2SQ,01 - Non intersection,02 - Non-fatal injury,07 - SMV other,00 - Unknown,07 - Dark,01 - Dry,10 - No control,,1,0,0,0,02 - Minor,1,,1,,,372933.7216,5032682.894,45.43076007,-75.62923631,8236
16--5402,2016/05/15,8:52 PM,BRONSON AVE @ POWELL AVE (0007212),7212,03 - At intersection,02 - Non-fatal injury,03 - Rear end,01 - Clear,07 - Dark,01 - Dry,01 - Traffic signal,01 - Functioning,2,1,0,0,02 - Minor,1,,1,,,367386.7862,5029479.399,45.40245443,-75.70052695,8237
16--5403,2016/05/16,1:59 AM,MARGUERITE AVE btwn MCARTHUR AVE & CARLOTTA AVE (__3ZA7A1),__3ZA7A1,01 - Non intersection,03 - P.D. only,07 - SMV other,01 - Clear,07 - Dark,01 - Dry,10 - No control,,1,0,0,0,,0,,,,,370039.5031,5032643.301,45.43067981,-75.66622626,8238
16--5404,2016/05/16,10:08 AM,ALBION RD @ HUNT CLUB RD (0006974),6974,02 - Intersection related,03 - P.D. only,03 - Rear end,01 - Clear,01 - Daylight,01 - Dry,01 - Traffic signal,01 - Functioning,2,0,0,0,,0,,,,,371867.6373,5024320.491,45.35562159,-75.64399626,8239
16--5405,2016/05/16,10:54 AM,DATA CENTRE RD @ HERON RD (0007176),7176,02 - Intersection related,03 - P.D. only,05 - Turning movement,01 - Clear,01 - Daylight,01 - Dry,02 - Stop sign,01 - Functioning,2,0,0,0,,0,,,,,368941.4995,5026732.766,45.37760036,-75.68102633,8240
16--5406,2016/05/16,11:00 AM,HUNT CLUB RD btwn MCCARTHY RD & RAMP (__3ZA36L),__3ZA36L,01 - Non intersection,02 - Non-fatal injury,03 - Rear end,01 - Clear,01 - Daylight,01 - Dry,10 - No control,,2,0,0,0,01 - Minimal,1,1,,,,370943.6965,5023658.355,45.34975166,-75.65587607,8241
16--5407,2016/05/16,11:54 PM,INNES RD btwn BELCOURT BLVD & 260 E OF BELCOURT BLVD/WALMART SC (__3ZA3JWA),__3ZA3JWA,01 - Non intersection,03 - P.D. only,07 - SMV other,01 - Clear,07 - Dark,01 - Dry,10 - No control,,1,0,0,0,,0,,,,,382136.9644,5035275.558,45.45312962,-75.51122602,8242
16--5408,2016/05/16,Unknown,SELENE WAY btwn MONACO PL & MONACO PL (__5Z1QCJ),__5Z1QCJ,01 - Non intersection,03 - P.D. only,06 - SMV unattended vehicle,01 - Clear,07 - Dark,01 - Dry,10 - No control,,1,0,0,0,,0,,,,,384558.8551,5035051.353,45.45084021,-75.48030271,8243
16--5409,2016/05/16,12:50 PM,HUNTMAR DR @ PALLADIUM DR S (0011818),11818,03 - At intersection,03 - P.D. only,05 - Turning movement,01 - Clear,01 - Daylight,01 - Dry,01 - Traffic signal,01 - Functioning,3,0,0,0,,0,,,,,349675.3819,5017364.088,45.29479761,-75.92785521,8244
16--541,2016/01/13,2:18 PM,CARP RD @ DONALD B. MUNRO DR (0001595),1595,03 - At intersection,03 - P.D. only,02 - Angle,01 - Clear,01 - Daylight,01 - Dry,02 - Stop sign,01 - Functioning,2,0,0,0,,0,,,,,341191.7,5022822.064,45.3444014,-76.03561406,8245
16--5410,2016/05/16,2:01 PM,CYRVILLE RD @ INNES RD (0009352),9352,03 - At intersection,02 - Non-fatal injury,03 - Rear end,01 - Clear,01 - Daylight,01 - Dry,01 - Traffic signal,01 - Functioning,2,0,0,0,01 - Minimal,1,1,,,,375048.4011,5031119.339,45.41648285,-75.6024365,8246
16--5411,2016/05/16,3:26 PM,RAND AVE @ SOUTHMORE DR (0006639),6639,03 - At intersection,03 - P.D. only,02 - Angle,01 - Clear,01 - Daylight,01 - Dry,03 - Yield sign,01 - Functioning,2,0,0,0,,0,,,,,369786.4986,5025426.397,45.36576819,-75.67041018,8247
16--5412,2016/05/16,3:30 PM,CYRVILLE RD btwn STAR TOP RD & MEADOWBROOK RD (__3ZA3SN),__3ZA3SN,04 - At/near private drive,03 - P.D. only,02 - Angle,01 - Clear,01 - Daylight,01 - Dry,10 - No control,,2,0,0,0,,0,,,,,374565.9223,5031263.977,45.4178325,-75.6085799,8248
16--5413,2016/05/16,3:30 PM,TRAINYARDS DR @ RAILMARKET (0012246),12246,02 - Intersection related,03 - P.D. only,04 - Sideswipe,01 - Clear,01 - Daylight,01 - Dry,01 - Traffic signal,01 - Functioning,2,0,0,0,,0,,,,,371755.6372,5030717.262,45.41318798,-75.64455792,8249
16--5414,2016/05/16,3:30 PM,DAZE ST btwn 200 W OF BANK ST & BANK ST (__3ZAZYCA),__3ZAZYCA,04 - At/near private drive,03 - P.D. only,02 - Angle,01 - Clear,01 - Daylight,01 - Dry,10 - No control,,2,0,0,0,,0,,,,,371291.5431,5024304.765,45.35553496,-75.65135042,8250
16--5415,2016/05/16,3:47 PM,BANK ST @ SNAKE ISLAND RD/VICTORIA ST (0001080),1080,03 - At intersection,03 - P.D. only,05 - Turning movement,01 - Clear,01 - Daylight,01 - Dry,01 - Traffic signal,01 - Functioning,2,0,0,0,,0,,,,,383696.5636,5010121.856,45.22663995,-75.49530015,8251
16--5416,2016/05/16,4:15 PM,AVIATION PKWY @ OGILVIE RD (0004114),4114,02 - Intersection related,03 - P.D. only,03 - Rear end,01 - Clear,01 - Daylight,01 - Dry,01 - Traffic signal,01 - Functioning,2,0,0,0,,0,,,,,373110.4887,5032375.909,45.42798073,-75.62702003,8252
16--5417,2016/05/16,4:18 PM,ROBERTSON RD @ WESTCLIFFE RD (0010387),10387,03 - At intersection,02 - Non-fatal injury,03 - Rear end,01 - Clear,01 - Daylight,01 - Dry,01 - Traffic signal,01 - Functioning,3,0,0,0,02 - Minor,2,1,1,,,356395.8696,5020052.339,45.31852555,-75.8418969,8253
16--5418,2016/05/16,4:20 PM,WOODROFFE AVE btwn IRIS ST & MIRAMICHI ST (__3ZA4L1),__3ZA4L1,01 - Non intersection,02 - Non-fatal injury,03 - Rear end,01 - Clear,01 - Daylight,01 - Dry,10 - No control,,3,0,0,0,02 - Minor,1,,1,,,362327.8596,5024326.136,45.35651997,-75.76574368,8254
16--5419,2016/05/16,4:48 AM,BANK ST @ FOURTH AVE (0007249),7249,02 - Intersection related,03 - P.D. only,07 - SMV other,01 - Clear,03 - Dawn,01 - Dry,02 - Stop sign,01 - Functioning,1,0,0,0,,0,,,,,368367.4908,5029475.889,45.40233448,-75.6880013,8255
16--542,2016/01/13,2:25 PM,MORIN RD @ REGIONAL RD 174 (0012879),12879,02 - Intersection related,03 - P.D. only,04 - Sideswipe,01 - Clear,01 - Daylight,06 - Ice,02 - Stop sign,01 - Functioning,3,0,0,0,,0,,,,,392039.5703,5042781.78,45.51949519,-75.38330765,8256
16--5420,2016/05/16,5:34 PM,HIGHWAY 417 btwn HWY417 IC127 RAMP35 & HWY417 IC127 RAMP25 (__3ZA2RE),__3ZA2RE,01 - Non intersection,02 - Non-fatal injury,03 - Rear end,01 - Clear,01 - Daylight,01 - Dry,10 - No control,,2,0,0,0,01 - Minimal,1,1,,,,362121.1627,5024824.606,45.3610221,-75.76832383,8257
16--5421,2016/05/16,6:18 PM,REGIONAL ROAD 174 btwn OR174 IC105 RAMP51 & OR174 IC105 RAMP35 (__3ZA2XC),__3ZA2XC,01 - Non intersection,03 - P.D. only,03 - Rear end,01 - Clear,01 - Daylight,01 - Dry,10 - No control,,2,0,0,0,,0,,,,,379145.8647,5036853.301,45.46764959,-75.54922405,8258
16--5422,2016/05/16,6:44 AM,ST. LAURENT BLVD @ TREMBLAY RD (0002573),2573,02 - Intersection related,03 - P.D. only,03 - Rear end,01 - Clear,01 - Daylight,01 - Dry,01 - Traffic signal,01 - Functioning,2,0,0,0,,0,,,,,372595.0397,5031242.475,45.41783278,-75.63376248,8259
16--5423,2016/05/16,6:45 PM,FROBISHER LANE W @ RIVERSIDE DR (0011961),11961,02 - Intersection related,03 - P.D. only,05 - Turning movement,01 - Clear,01 - Daylight,01 - Dry,01 - Traffic signal,01 - Functioning,2,0,0,0,,0,,,,,370118.6863,5029601.203,45.4033008,-75.66561763,8260
16--5424,2016/05/16,6:46 PM,MACLAREN ST btwn KENT ST & BANK ST (__3ZA9T1),__3ZA9T1,01 - Non intersection,03 - P.D. only,06 - SMV unattended vehicle,01 - Clear,01 - Daylight,01 - Dry,10 - No control,,1,0,0,0,,0,,,,,367715.1192,5030829.659,45.41457422,-75.69616098,8261
16--5425,2016/05/16,7:32 AM,HUMPHREY WAY @ MCCURDY DR (0003506),3506,03 - At intersection,03 - P.D. only,02 - Angle,01 - Clear,01 - Daylight,01 - Dry,02 - Stop sign,01 - Functioning,2,0,0,0,,0,,,,,352250.177,5017973.716,45.30011404,-75.89497096,8262
16--5426,2016/05/16,7:49 AM,WALKLEY RD btwn MELFORT ST & RUSSELL RD (__3ZA2EO),__3ZA2EO,01 - Non intersection,03 - P.D. only,04 - Sideswipe,01 - Clear,01 - Daylight,01 - Dry,10 - No control,,2,0,0,0,,0,,,,,374587.6027,5028448.743,45.39250029,-75.60870136,8263
16--5427,2016/05/16,7:55 AM,BASELINE RD btwn BARBARA ANN PRIV & HIGHGATE RD (__3ZA4MS),__3ZA4MS,01 - Non intersection,03 - P.D. only,04 - Sideswipe,01 - Clear,01 - Daylight,01 - Dry,10 - No control,,2,0,0,0,,0,,,,,362029.0002,5023447.069,45.34863464,-75.7696596,8264
16--5428,2016/05/16,7:55 AM,BRONSON PL @ COLONEL BY DR (0006903),6903,02 - Intersection related,03 - P.D. only,03 - Rear end,01 - Clear,01 - Daylight,01 - Dry,02 - Stop sign,01 - Functioning,2,0,0,0,,0,,,,,367809.3711,5028522.758,45.39380894,-75.69525166,8265
16--5429,2016/05/16,8:19 AM,LYON ST    N btwn SLATER ST & LAURIER AVE W (__3ZBODA),__3ZBODA,01 - Non intersection,02 - Non-fatal injury,04 - Sideswipe,01 - Clear,01 - Daylight,01 - Dry,10 - No control,,2,1,0,0,02 - Minor,1,,1,,,367107.8725,5031143.434,45.41745181,-75.70387907,8266
16--543,2016/01/13,2:30 PM,FLANNERY DR btwn MALDEN SQ & SANDHURST CRT (__3ZA9G4),__3ZA9G4,01 - Non intersection,03 - P.D. only,06 - SMV unattended vehicle,01 - Clear,01 - Daylight,03 - Loose snow,10 - No control,,1,0,0,0,,0,,,,,368871.0632,5025188.596,45.36371279,-75.68212587,8267
16--5430,2016/05/16,8:30 AM,NEIL WAY @ RIVERSIDE DR (0011903),11903,03 - At intersection,03 - P.D. only,03 - Rear end,01 - Clear,01 - Daylight,01 - Dry,02 - Stop sign,01 - Functioning,2,0,0,0,,0,,,,,369464.9323,5028291.518,45.3915774,-75.67413951,8268
16--5431,2016/05/16,8:31 AM,SHACKLEFORD WAY btwn CENTO WAY & ROSEHILL AVE (e___1G0U),e___1G0U,01 - Non intersection,03 - P.D. only,06 - SMV unattended vehicle,01 - Clear,01 - Daylight,01 - Dry,10 - No control,,1,0,0,0,,0,,,,,350119.876,5016204.571,45.28433539,-75.92229429,8269
16--5432,2016/05/16,8:45 AM,CORK ST btwn HAIG DR & CAMROSE ST (__3ZBN77),__3ZBN77,04 - At/near private drive,03 - P.D. only,06 - SMV unattended vehicle,01 - Clear,01 - Daylight,01 - Dry,10 - No control,,1,0,0,0,,0,,,,,372560.099,5028679.632,45.39477685,-75.63456109,8270
16--5433,2016/05/16,9:08 PM,RICHARDSON SIDE RD @ TERRY FOX DR (0013651),13651,03 - At intersection,03 - P.D. only,05 - Turning movement,01 - Clear,07 - Dark,01 - Dry,01 - Traffic signal,01 - Functioning,2,0,0,0,,0,,,,,348803.086,5019506.072,45.31412702,-75.93878598,8271
16--5434,2016/05/17,1:02 PM,INDUSTRIAL AVE @ RUSSELL RD (0007732),7732,03 - At intersection,02 - Non-fatal injury,05 - Turning movement,01 - Clear,01 - Daylight,01 - Dry,01 - Traffic signal,01 - Functioning,2,0,0,0,01 - Minimal,1,1,,,,372465.9533,5030279.553,45.40918134,-75.63554387,8272
16--5435,2016/05/17,1:24 PM,FISHER AVE btwn CARLING AVE & HOLLAND AVE (__3ZA4NF),__3ZA4NF,01 - Non intersection,03 - P.D. only,04 - Sideswipe,01 - Clear,01 - Daylight,01 - Dry,10 - No control,,2,0,0,0,,0,,,,,365343.9518,5027947.382,45.38884934,-75.72680736,8273
16--5436,2016/05/17,1:55 PM,HOLLAND AVE @ WELLINGTON ST (0002364),2364,03 - At intersection,02 - Non-fatal injury,05 - Turning movement,01 - Clear,01 - Daylight,01 - Dry,01 - Traffic signal,01 - Functioning,2,0,0,0,01 - Minimal,1,1,,,,364929.025,5029152.427,45.39972783,-75.73195895,8274
16--5437,2016/05/17,10:05 AM,MERIVALE RD btwn VIEWMOUNT DR & COLONNADE RD (__3ZA33F),__3ZA33F,01 - Non intersection,02 - Non-fatal injury,03 - Rear end,01 - Clear,01 - Daylight,01 - Dry,10 - No control,,3,0,0,0,02 - Minor,2,,2,,,365232.705,5022854.471,45.34303379,-75.72885085,8275
16--5438,2016/05/17,10:47 AM,BLAIR RD @ REGIONAL RD 174 N/OR174 IC112 RAMP61 (0003617),3617,02 - Intersection related,03 - P.D. only,03 - Rear end,01 - Clear,01 - Daylight,01 - Dry,01 - Traffic signal,01 - Functioning,2,0,0,0,,0,,,,,374634.1257,5032992.749,45.43338026,-75.60746345,8276
16--5439,2016/05/17,10:48 AM,CONCORD ST @ LEES AVE (0007265),7265,03 - At intersection,02 - Non-fatal injury,02 - Angle,01 - Clear,01 - Daylight,01 - Dry,02 - Stop sign,01 - Functioning,2,0,0,0,01 - Minimal,1,1,,,,369246.9458,5030701.204,45.41327903,-75.6766083,8277
16--544,2016/01/13,2:45 PM,WEST HUNT CLUB RD @ WOODROFFE AVE (0000576),576,02 - Intersection related,03 - P.D. only,03 - Rear end,01 - Clear,01 - Daylight,02 - Wet,01 - Traffic signal,01 - Functioning,2,0,0,0,,0,,,,,363670.691,5021246.114,45.32869475,-75.74897245,8278
16--5440,2016/05/17,11:18 PM,HIGHWAY 417 btwn HWY417 IC127 RAMP63 & HWY417 IC127 RAMP67 (__3ZA2RF),__3ZA2RF,01 - Non intersection,03 - P.D. only,04 - Sideswipe,01 - Clear,"08 - Dark, artificial",01 - Dry,10 - No control,,2,0,0,0,,0,,,,,362123.0758,5024853.302,45.36128015,-75.76829608,8279
16--5441,2016/05/17,11:19 AM,BAYCREST DR @ WALKLEY RD (0006958),6958,03 - At intersection,02 - Non-fatal injury,02 - Angle,01 - Clear,01 - Daylight,01 - Dry,01 - Traffic signal,01 - Functioning,2,1,0,0,03 - Major,1,,,1,,371420.9801,5026592.403,45.37610605,-75.64939012,8280
16--5442,2016/05/17,11:35 AM,HIGHWAY 417 btwn HWY417 IC127 RAMP63 & HWY417 IC127 RAMP67 (__3ZA2RF),__3ZA2RF,01 - Non intersection,03 - P.D. only,04 - Sideswipe,01 - Clear,01 - Daylight,01 - Dry,10 - No control,,2,0,0,0,,0,,,,,362137.4238,5024862.868,45.36136505,-75.76811184,8281
16--5443,2016/05/17,11:45 AM,BRONSON AVE @ CARLING AVE/GLEBE AVE (0002134),2134,02 - Intersection related,02 - Non-fatal injury,03 - Rear end,01 - Clear,01 - Daylight,01 - Dry,01 - Traffic signal,01 - Functioning,2,0,0,0,02 - Minor,1,,1,,,367447.9317,5029334.214,45.40114263,-75.69976441,8282
16--5444,2016/05/17,11:58 AM,INNES RD @ TRIM RD (0012870),12870,02 - Intersection related,03 - P.D. only,03 - Rear end,01 - Clear,01 - Daylight,01 - Dry,01 - Traffic signal,01 - Functioning,2,0,0,0,,0,,,,,386566.0979,5037274.904,45.47061354,-75.45427506,8283
16--5445,2016/05/17,12:46 PM,CARLING AVE @ 640 W OF RANGE RD/D.N.D. ENTRANC (0004603),4603,02 - Intersection related,03 - P.D. only,03 - Rear end,01 - Clear,01 - Daylight,01 - Dry,01 - Traffic signal,01 - Functioning,2,0,0,0,,0,,,,,353356.2559,5022979.22,45.34507894,-75.88037757,8284
16--5446,2016/05/17,12:55 PM,ROBSON CRT btwn EVANSHEN CRES & END (__3ZA2I6),__3ZA2I6,04 - At/near private drive,03 - P.D. only,06 - SMV unattended vehicle,01 - Clear,01 - Daylight,01 - Dry,10 - No control,,1,0,0,0,,0,,,,,350555.9638,5019694.828,45.31571346,-75.91641354,8285
16--5447,2016/05/17,2:11 PM,MONTREAL RD @ OGILVIE RD (0009279),9279,02 - Intersection related,03 - P.D. only,04 - Sideswipe,01 - Clear,01 - Daylight,01 - Dry,01 - Traffic signal,01 - Functioning,2,0,0,0,,0,,,,,375654.4155,5034556.357,45.44734603,-75.59419985,8286
16--5448,2016/05/17,2:41 PM,INDUSTRIAL AVE @ RIVERSIDE DR (0011905),11905,02 - Intersection related,03 - P.D. only,03 - Rear end,01 - Clear,01 - Daylight,01 - Dry,01 - Traffic signal,01 - Functioning,3,0,0,0,,0,,,,,370685.395,5030592.779,45.41216951,-75.65824675,8287
16--5449,2016/05/17,2:59 PM,REGIONAL ROAD 174 EB btwn HWY417 IC113 RAMP65 & OR174 BLAIR IC112 RAMP51 (__3ZAZFJ),__3ZAZFJ,01 - Non intersection,03 - P.D. only,03 - Rear end,01 - Clear,01 - Daylight,01 - Dry,10 - No control,,2,0,0,0,,0,,,,,374782.8212,5032805.508,45.4316807,-75.60558985,8288
16--545,2016/01/13,2:50 PM,CENTRUM BLVD @ PRESTONE DR (0012922),12922,03 - At intersection,02 - Non-fatal injury,07 - SMV other,03 - Snow,01 - Daylight,03 - Loose snow,02 - Stop sign,01 - Functioning,1,0,0,1,01 - Minimal,1,1,,,,382259.461,5038366.35,45.48092434,-75.50917299,8289
16--5450,2016/05/17,3:10 PM,CARLING AVE EB btwn CARLINGWOOD SC & AARON AVE (__3ZA4WHB),__3ZA4WHB,01 - Non intersection,03 - P.D. only,04 - Sideswipe,01 - Clear,01 - Daylight,01 - Dry,10 - No control,,2,0,0,0,,0,,,,,362104.0138,5025938.538,45.37104656,-75.76841351,8290
16--5451,2016/05/17,3:10 PM,ISLAND PARK DR btwn RICHMOND RD & BASSETT LANE (__3ZA235),__3ZA235,01 - Non intersection,03 - P.D. only,03 - Rear end,01 - Clear,01 - Daylight,01 - Dry,10 - No control,,2,0,0,0,,0,,,,,364153.0776,5028829.644,45.3968897,-75.74190825,8291
16--5452,2016/05/17,3:48 PM,GLADSTONE AVE @ METCALFE ST (0002709),2709,03 - At intersection,03 - P.D. only,05 - Turning movement,01 - Clear,01 - Daylight,01 - Dry,01 - Traffic signal,01 - Functioning,2,0,0,0,,0,,,,,368230.0375,5030751.018,45.41382015,-75.68959287,8292
16--5453,2016/05/17,3:51 PM,CARLING AVE @ WOODROFFE AVE W (0011470),11470,02 - Intersection related,03 - P.D. only,03 - Rear end,01 - Clear,01 - Daylight,01 - Dry,01 - Traffic signal,01 - Functioning,2,0,0,0,,0,,,,,361767.0094,5025725.064,45.36915322,-75.77274024,8293
16--5454,2016/05/17,3:51 PM,HIGHWAY 417 btwn HWY417 IC122 RAMP61 & HWY417 IC121B RAMP16 (__3ZA2Y4),__3ZA2Y4,01 - Non intersection,03 - P.D. only,04 - Sideswipe,01 - Clear,01 - Daylight,01 - Dry,10 - No control,,2,0,0,0,,0,,,,,365812.6383,5029211.906,45.40018656,-75.72066605,8294
16--5455,2016/05/17,4:00 PM,REGINA ST btwn POULIN AVE & DON ST (__3ZABYM),__3ZABYM,04 - At/near private drive,03 - P.D. only,06 - SMV unattended vehicle,01 - Clear,01 - Daylight,01 - Dry,10 - No control,,1,0,0,0,,0,,,,,360258.9105,5025310.913,45.36554766,-75.79203812,8295
16--5456,2016/05/17,4:12 PM,WOODROFFE AVE btwn ANTHONY AVE & SAVILLE ROW (__3ZA4NP),__3ZA4NP,04 - At/near private drive,03 - P.D. only,07 - SMV other,01 - Clear,01 - Daylight,01 - Dry,10 - No control,,1,0,0,0,,0,,,,,361712.7518,5026346.381,45.37474818,-75.77336126,8296
16--5457,2016/05/17,4:19 PM,LEITRIM RD @ LIMEBANK RD (0012318),12318,03 - At intersection,02 - Non-fatal injury,07 - SMV other,01 - Clear,01 - Daylight,01 - Dry,01 - Traffic signal,01 - Functioning,1,0,0,0,02 - Minor,1,,1,,,369321.6299,5017960.087,45.29863099,-75.67731714,8297
16--5458,2016/05/17,4:22 PM,INNES RD btwn CYRVILLE RD & STONEHENGE CRES (__3ZA3RE),__3ZA3RE,01 - Non intersection,03 - P.D. only,03 - Rear end,01 - Clear,01 - Daylight,01 - Dry,10 - No control,,2,0,0,0,,0,,,,,375074.3603,5031137.059,45.41663968,-75.60210234,8298
16--5459,2016/05/17,4:24 PM,PORTOBELLO BLVD @ VALIN ST (0012844),12844,02 - Intersection related,02 - Non-fatal injury,03 - Rear end,01 - Clear,01 - Daylight,01 - Dry,02 - Stop sign,01 - Functioning,2,0,0,0,01 - Minimal,1,1,,,,385350.3068,5037697.34,45.47455549,-75.46975228,8299
16--546,2016/01/13,3:11 PM,FALLOWFIELD RD @ STRANDHERD DR (0005238),5238,02 - Intersection related,03 - P.D. only,04 - Sideswipe,01 - Clear,01 - Daylight,02 - Wet,01 - Traffic signal,01 - Functioning,2,0,0,0,,0,,,,,360753.3225,5014961.935,45.27238804,-75.78689626,8300
16--5460,2016/05/17,4:41 PM,CASTLEFRANK RD btwn PARSONS RIDGE RD & MCCURDY DR (__3ZACYK),__3ZACYK,01 - Non intersection,03 - P.D. only,03 - Rear end,01 - Clear,01 - Daylight,01 - Dry,10 - No control,,3,0,0,0,,0,,,,,352230.3176,5018242.501,45.30253398,-75.89519846,8301
16--5461,2016/05/17,4:45 PM,MONTREAL RD @ PALACE ST (0004699),4699,03 - At intersection,03 - P.D. only,05 - Turning movement,01 - Clear,01 - Daylight,01 - Dry,10 - No control,,2,0,0,0,,0,,,,,369955.9411,5032997.458,45.43387416,-75.66724722,8302
16--5462,2016/05/17,5:08 PM,BANK ST @ HOLMWOOD AVE (0007225),7225,02 - Intersection related,03 - P.D. only,03 - Rear end,01 - Clear,01 - Daylight,01 - Dry,01 - Traffic signal,01 - Functioning,2,0,0,0,,0,,,,,368481.9335,5029197.784,45.39982178,-75.68657549,8303
16--5463,2016/05/17,5:14 PM,CUMBERLAND ST @ RIDEAU ST (0007759),7759,03 - At intersection,02 - Non-fatal injury,07 - SMV other,01 - Clear,01 - Daylight,01 - Dry,01 - Traffic signal,01 - Functioning,1,0,0,1,02 - Minor,1,,1,,,368374.7357,5032329.974,45.42801392,-75.68754059,8304
16--5464,2016/05/17,5:31 PM,MAITLAND AVE btwn HWY417 IC126 RAMP63 & HWY417 IC126 RAMP52 (__3ZA3GY),__3ZA3GY,01 - Non intersection,03 - P.D. only,04 - Sideswipe,01 - Clear,01 - Daylight,01 - Dry,10 - No control,,2,0,0,0,,0,,,,,363183.5828,5025886.562,45.37048978,-75.75463822,8305
16--5465,2016/05/17,5:46 PM,CASTLEFRANK RD @ TERRY FOX DR (0011757),11757,03 - At intersection,02 - Non-fatal injury,05 - Turning movement,01 - Clear,01 - Daylight,01 - Dry,01 - Traffic signal,01 - Functioning,2,1,0,0,02 - Minor,2,1,1,,,352993.9076,5016304.237,45.28504103,-75.88565054,8306
16--5466,2016/05/17,5:58 AM,CHAPMAN MILLS DR btwn TEMAGAMI DR & BEATRICE DR (__61W6OE),__61W6OE,01 - Non intersection,03 - P.D. only,07 - SMV other,01 - Clear,01 - Daylight,01 - Dry,10 - No control,,1,0,0,0,,0,,,,,365447.6131,5014889.153,45.27134396,-75.72708347,8307
16--5467,2016/05/17,6:07 PM,BRONSON AVE @ CARLING AVE/GLEBE AVE (0002134),2134,03 - At intersection,02 - Non-fatal injury,02 - Angle,01 - Clear,01 - Daylight,01 - Dry,01 - Traffic signal,01 - Functioning,2,0,0,0,01 - Minimal,1,1,,,,367448.6255,5029335.332,45.40115262,-75.6997554,8308
16--5468,2016/05/17,6:30 PM,HWY417 IC110 RAMP54 btwn HWY417 IC110 RAMP58 & HIGHWAY 417 (__3ZAYAO),__3ZAYAO,01 - Non intersection,03 - P.D. only,04 - Sideswipe,01 - Clear,01 - Daylight,01 - Dry,10 - No control,,2,0,0,0,,0,,,,,375610.297,5029139.854,45.39861588,-75.59554236,8309
16--5469,2016/05/17,6:37 AM,TILLBURY AVE btwn EDISON AVE & CHURCHILL AVE N (__3ZA0QD),__3ZA0QD,01 - Non intersection,03 - P.D. only,06 - SMV unattended vehicle,01 - Clear,01 - Daylight,01 - Dry,10 - No control,,1,0,0,0,,0,,,,,363739.5584,5027089.121,45.3812637,-75.74739737,8310
16--5024,2016/05/04,8:47 AM,BESSERER ST @ DALHOUSIE ST (0011452),11452,03 - At intersection,03 - P.D. only,04 - Sideswipe,01 - Clear,01 - Daylight,01 - Dry,01 - Traffic signal,01 - Functioning,2,0,0,0,,0,,,,,368253.3759,5032158.473,45.42648183,-75.68911346,8311
16--5025,2016/05/04,8:56 PM,RUSSELL RD @ SAUMURE RD/LANGLADE RD (0004091),4091,02 - Intersection related,03 - P.D. only,07 - SMV other,01 - Clear,05 - Dusk,01 - Dry,02 - Stop sign,01 - Functioning,1,0,0,0,,0,,,,,399947.6742,5029464.26,45.39865023,-75.28468059,8312
16--5026,2016/05/04,9:12 PM,REGIONAL ROAD 174 btwn OR174 IC102 RAMP15 & OR174 IC101 RAMP63 (__3ZA11S),__3ZA11S,01 - Non intersection,03 - P.D. only,03 - Rear end,02 - Rain,07 - Dark,02 - Wet,10 - No control,,2,0,0,0,,0,,,,,382601.4778,5038808.163,45.48486135,-75.50472873,8313
16--5027,2016/05/04,9:12 PM,REGIONAL ROAD 174 btwn OR174 IC102 RAMP15 & OR174 IC101 RAMP63 (__3ZA11S),__3ZA11S,01 - Non intersection,03 - P.D. only,03 - Rear end,02 - Rain,07 - Dark,02 - Wet,10 - No control,,5,0,0,0,,0,,,,,382594.3815,5038802.042,45.48480707,-75.50482046,8314
16--5028,2016/05/04,9:15 PM,RIOCAN AVE btwn STRANDHERD DR & MARKETPLACE AVE (__4LZBMJ),__4LZBMJ,04 - At/near private drive,03 - P.D. only,05 - Turning movement,02 - Rain,07 - Dark,02 - Wet,10 - No control,,2,0,0,0,,0,,,,,364200.9728,5014905.022,45.27159316,-75.74296782,8315
16--5029,2016/05/05,1:16 PM,BEXLEY PL @ STAFFORD RD (0000957),957,03 - At intersection,03 - P.D. only,02 - Angle,01 - Clear,01 - Daylight,01 - Dry,02 - Stop sign,01 - Functioning,2,0,0,0,,0,,,,,358055.0539,5021289.415,45.32953296,-75.8206025,8316