Anom_ID,Accident_Date,Accident_Time,Location,Geo_ID,Accident_Location,Classification_of_Accident,Initial_Impact_Type,Environment_Condition,Light,Road_Surface_Condition,Traffic_Control,Traffic_Control_Condition,No__of_Vehicles,No__of_Bicycles,No__of_Motorcycles,No__of_Pedestrians,Max_Injury,No__of_Injuries,No__of_Minimal,No__of_Minor,No__of_Major,No__of_Fatal,X,Y,Latitude,Longitude,ObjectId
16--503,2016/01/12,6:26 PM,BLAIR RD @ OGILVIE RD (0004120),4120,02 - Intersection related,03 - P.D. only,03 - Rear end,01 - Clear,07 - Dark,02 - Wet,01 - Traffic signal,01 - Functioning,2,0,0,0,,0,,,,,374506.2228,5033200.451,45.4352618,-75.60906854,8317
16--5030,2016/05/05,10:08 AM,ELGIN ST @ QUEEN ST (0007144),7144,02 - Intersection related,02 - Non-fatal injury,03 - Rear end,01 - Clear,01 - Daylight,01 - Dry,01 - Traffic signal,01 - Functioning,3,0,0,0,01 - Minimal,1,1,,,,367803.5751,5031779.803,45.42311535,-75.69490943,8318
16--5031,2016/05/05,11:07 PM,BANK ST btwn SALE BARN RD & GREY'S CREEK RD (__3ZA28J),__3ZA28J,01 - Non intersection,03 - P.D. only,07 - SMV other,01 - Clear,07 - Dark,01 - Dry,10 - No control,,1,0,0,0,,0,,,,,380408.0834,5012880.077,45.25181793,-75.53675161,8319
16--5032,2016/05/05,11:09 PM,ALBERT ST @ ELGIN ST/MACKENZIE KING BRIDGE (0002226),2226,03 - At intersection,02 - Non-fatal injury,07 - SMV other,01 - Clear,07 - Dark,01 - Dry,01 - Traffic signal,01 - Functioning,1,0,0,0,01 - Minimal,1,1,,,,367851.3858,5031712.031,45.42250125,-75.69430722,8320
16--5033,2016/05/05,11:38 PM,CAMPEAU DR btwn COLCHESTER SQ/TERON RD & MARCH RD (__3ZAZVP),__3ZAZVP,01 - Non intersection,03 - P.D. only,07 - SMV other,01 - Clear,07 - Dark,01 - Dry,10 - No control,,1,0,0,0,,0,,,,,352671.4103,5020467.488,45.32252498,-75.88935927,8321
16--5034,2016/05/05,12:10 PM,BANK ST @ HERON RD (0002155),2155,03 - At intersection,03 - P.D. only,05 - Turning movement,01 - Clear,01 - Daylight,01 - Dry,01 - Traffic signal,01 - Functioning,2,0,0,0,,0,,,,,369996.8474,5026851.768,45.37857369,-75.6675371,8322
16--5035,2016/05/05,12:15 PM,BROOKFIELD RD btwn RIVERSIDE DR/HOG'S BACK RD & 200 W OF FLANNERY DR (__3ZA225A),__3ZA225A,04 - At/near private drive,02 - Non-fatal injury,07 - SMV other,01 - Clear,01 - Daylight,01 - Dry,10 - No control,,1,0,0,1,01 - Minimal,1,1,,,,368484.6485,5026256.644,45.37335802,-75.68692031,8323
16--5036,2016/05/05,12:27 PM,VIEWMOUNT DR btwn GRANT CARMAN DR & OVERLAKE DR (__3ZA0AN),__3ZA0AN,01 - Non intersection,02 - Non-fatal injury,03 - Rear end,01 - Clear,01 - Daylight,01 - Dry,10 - No control,,2,0,0,0,01 - Minimal,1,1,,,,365443.9182,5023083.306,45.34507459,-75.72612786,8324
16--5037,2016/05/05,12:31 PM,MUTUAL ST @ RAINIER ST (0008433),8433,02 - Intersection related,03 - P.D. only,03 - Rear end,01 - Clear,01 - Daylight,01 - Dry,10 - No control,,2,0,0,0,,0,,,,,371968.0437,5032993.126,45.43364481,-75.64153415,8325
16--5038,2016/05/05,2:00 PM,HIGHWAY 417 btwn HWY417 IC121A RAMP51 & HWY417 IC120A RAMP52 (__3ZA2R6),__3ZA2R6,01 - Non intersection,03 - P.D. only,03 - Rear end,02 - Rain,01 - Daylight,02 - Wet,10 - No control,,3,0,0,0,,0,,,,,367269.1078,5029736.431,45.40477764,-75.70199745,8326
16--5039,2016/05/05,2:05 PM,CRERAR AVE @ FISHER AVE (0006253),6253,03 - At intersection,02 - Non-fatal injury,05 - Turning movement,01 - Clear,01 - Daylight,01 - Dry,02 - Stop sign,01 - Functioning,2,1,0,0,01 - Minimal,1,1,,,,365453.379,5027696.867,45.38658579,-75.72544081,8327
16--504,2016/01/12,6:42 AM,CYRVILLE RD @ INNES RD (0009352),9352,02 - Intersection related,03 - P.D. only,03 - Rear end,04 - Freezing Rain,07 - Dark,06 - Ice,01 - Traffic signal,01 - Functioning,2,0,0,0,,0,,,,,375047.493,5031119.796,45.41648706,-75.60244804,8328
16--5040,2016/05/05,2:32 PM,VIEWMOUNT DR @ MERIVALE RD (0001528),1528,02 - Intersection related,03 - P.D. only,03 - Rear end,01 - Clear,01 - Daylight,01 - Dry,01 - Traffic signal,01 - Functioning,2,0,0,0,,0,,,,,365194.8207,5022948.046,45.34387903,-75.7293228,8329
16--5041,2016/05/05,2:49 PM,JEANNE D'ARC BLVD @ ORLEANS BLVD N (0003792),3792,03 - At intersection,02 - Non-fatal injury,02 - Angle,01 - Clear,01 - Daylight,01 - Dry,01 - Traffic signal,01 - Functioning,2,1,0,0,02 - Minor,1,,1,,,380029.5488,5038104.93,45.47881614,-75.53773297,8330
16--5042,2016/05/05,3:10 PM,HIGHWAY 417 btwn HWY417 IC122 RAMP15 & HWY417 IC121B RAMP51 (__3ZA2RB),__3ZA2RB,01 - Non intersection,02 - Non-fatal injury,03 - Rear end,01 - Clear,01 - Daylight,01 - Dry,10 - No control,,2,0,0,0,01 - Minimal,1,1,,,,365794.5968,5029178.808,45.39989032,-75.72090057,8331
16--5043,2016/05/05,3:19 PM,CATHERINE ST btwn HWY417 IC120B RAMP36 & KENT ST (__3ZBOE0),__3ZBOE0,04 - At/near private drive,02 - Non-fatal injury,02 - Angle,01 - Clear,01 - Daylight,01 - Dry,10 - No control,,2,1,0,0,01 - Minimal,1,1,,,,367775.7203,5030110.346,45.40809662,-75.69547868,8332
16--5044,2016/05/05,3:30 PM,ELGIN ST @ LAURIER AVE (0002232),2232,03 - At intersection,03 - P.D. only,04 - Sideswipe,01 - Clear,01 - Daylight,01 - Dry,01 - Traffic signal,01 - Functioning,2,0,0,0,,0,,,,,367948.7099,5031549.162,45.42102703,-75.69308458,8333
16--5045,2016/05/05,3:34 PM,CARLING AVE @ HOLLAND AVE (0002146),2146,02 - Intersection related,03 - P.D. only,03 - Rear end,01 - Clear,01 - Daylight,01 - Dry,01 - Traffic signal,01 - Functioning,2,0,0,0,,0,,,,,365416.0223,5028037.87,45.38965729,-75.72587593,8334
16--5046,2016/05/05,3:45 PM,GREENBANK RD btwn WEST HUNT CLUB RD & FALLOWFIELD RD (__3ZA1NE),__3ZA1NE,01 - Non intersection,03 - P.D. only,04 - Sideswipe,01 - Clear,01 - Daylight,01 - Dry,10 - No control,,2,0,0,0,,0,,,,,361486.6433,5020483.603,45.32201349,-75.7769199,8335
16--5047,2016/05/05,3:51 PM,MEADOWGLEN DR @ ORLEANS BLVD (0004103),4103,02 - Intersection related,03 - P.D. only,03 - Rear end,01 - Clear,01 - Daylight,01 - Dry,01 - Traffic signal,01 - Functioning,2,0,0,0,,0,,,,,380345.9765,5034573.792,45.44701158,-75.53422874,8336
16--5048,2016/05/05,3:53 PM,CASTLEFRANK RD @ PARSONS RIDGE RD (0003522),3522,02 - Intersection related,03 - P.D. only,03 - Rear end,01 - Clear,01 - Daylight,01 - Dry,02 - Stop sign,01 - Functioning,4,0,0,0,,0,,,,,352228.286,5018247.462,45.30257875,-75.89522389,8337
16--5049,2016/05/05,4:00 PM,SUSSEX DR @ 151 S OF KING EDWARD AVE (0008807),8807,03 - At intersection,03 - P.D. only,03 - Rear end,01 - Clear,01 - Daylight,01 - Dry,01 - Traffic signal,01 - Functioning,3,0,0,0,,0,,,,,367602.9168,5033362.4,45.43737306,-75.69727145,8338
16--505,2016/01/12,6:45 AM,BASELINE RD @ LOBLAWS SC (0009097),9097,03 - At intersection,03 - P.D. only,05 - Turning movement,01 - Clear,07 - Dark,01 - Dry,01 - Traffic signal,01 - Functioning,2,0,0,0,,0,,,,,364742.5879,5025129.714,45.36354817,-75.73482856,8339
16--5050,2016/05/05,4:06 PM,CARLING AVE EB btwn WOODROFFE AVE & WOODROFFE AVE (__3ZA4VF),__3ZA4VF,01 - Non intersection,03 - P.D. only,04 - Sideswipe,01 - Clear,01 - Daylight,01 - Dry,10 - No control,,2,0,0,0,,0,,,,,361796.3195,5025746.032,45.3693395,-75.77236367,8340
16--529,2016/01/13,1:44 AM,HIGHWAY 417 btwn HWY417 IC122 RAMP61 & HWY417 IC121B RAMP16 (__3ZA2Y4),__3ZA2Y4,01 - Non intersection,03 - P.D. only,07 - SMV other,03 - Snow,07 - Dark,03 - Loose snow,10 - No control,,1,0,0,0,,0,,,,,366084.0274,5029349.125,45.40139752,-75.71718278,8341
16--5051,2016/05/05,4:18 PM,ORLEANS BLVD btwn NOTRE DAME ST & CARRIERE ST (__3ZA1VN),__3ZA1VN,01 - Non intersection,03 - P.D. only,03 - Rear end,01 - Clear,01 - Daylight,01 - Dry,10 - No control,,3,0,0,0,,0,,,,,380783.6305,5036629.799,45.46546246,-75.52831695,8342
16--5052,2016/05/05,4:25 PM,HIGHWAY 417 btwn HWY417 IC126 RAMP25 & HWY417 IC124 RAMP57 (__3ZA2R5),__3ZA2R5,01 - Non intersection,03 - P.D. only,04 - Sideswipe,01 - Clear,01 - Daylight,01 - Dry,10 - No control,,2,1,0,0,,0,,,,,363668.347,5026503.484,45.37600021,-75.74837642,8343
16--5053,2016/05/05,4:35 PM,MERIVALE RD btwn AMBERWOOD CRES & FALLOWFIELD RD (__3ZA3I9),__3ZA3I9,01 - Non intersection,03 - P.D. only,03 - Rear end,01 - Clear,01 - Daylight,01 - Dry,10 - No control,,3,0,0,0,,0,,,,,366864.869,5018907.079,45.30737324,-75.70852044,8344
16--5054,2016/05/05,4:46 PM,ST. JOSEPH BLVD @ JEANNE D'ARC BLVD (0012421),12421,03 - At intersection,03 - P.D. only,04 - Sideswipe,01 - Clear,01 - Daylight,01 - Dry,11 - Roundabout,01 - Functioning,2,0,0,0,,0,,,,,379861.5414,5036471.847,45.46414102,-75.54013113,8345
16--5055,2016/05/05,5:04 PM,BARRETTE ST @ ST. CHARLES ST (0010059),10059,03 - At intersection,03 - P.D. only,02 - Angle,01 - Clear,01 - Daylight,01 - Dry,02 - Stop sign,01 - Functioning,2,0,0,0,,0,,,,,369470.9392,5033730.157,45.44051171,-75.67334908,8346
16--5056,2016/05/05,5:08 PM,CYRVILLE RD btwn STAR TOP RD & MEADOWBROOK RD (__3ZA3SN),__3ZA3SN,04 - At/near private drive,03 - P.D. only,02 - Angle,01 - Clear,01 - Daylight,01 - Dry,10 - No control,,2,0,0,0,,0,,,,,374565.688,5031264.129,45.41783389,-75.60858287,8347
16--5057,2016/05/05,5:15 PM,CARLING AVE @ IROQUOIS RD (0003145),3145,03 - At intersection,02 - Non-fatal injury,05 - Turning movement,01 - Clear,01 - Daylight,01 - Dry,01 - Traffic signal,01 - Functioning,2,0,0,2,02 - Minor,5,2,3,,,362213.686,5026027.406,45.37183721,-75.76700314,8348
16--5058,2016/05/05,5:20 PM,BASELINE RD btwn HIGHGATE RD & TURN LANE (__5U3DNG),__5U3DNG,01 - Non intersection,03 - P.D. only,04 - Sideswipe,01 - Clear,01 - Daylight,01 - Dry,10 - No control,,2,0,0,0,,0,,,,,362068.5129,5023470.432,45.34884164,-75.76915269,8349
16--5059,2016/05/05,5:20 PM,NEPEAN ST btwn BRONSON AVE & PERCY ST (__3ZA40T),__3ZA40T,01 - Non intersection,03 - P.D. only,06 - SMV unattended vehicle,01 - Clear,01 - Daylight,01 - Dry,10 - No control,,1,0,0,0,,0,,,,,366963.2794,5030789.904,45.41428371,-75.70577099,8350
16--506,2016/01/12,7:05 AM,MARCH VALLEY RD btwn RIDDELL DR & KLONDIKE RD (__3ZACJC),__3ZACJC,01 - Non intersection,03 - P.D. only,07 - SMV other,01 - Clear,07 - Dark,01 - Dry,10 - No control,,1,0,0,0,,0,,,,,348401.3853,5027042.102,45.38196316,-75.94324461,8351
16--5060,2016/05/05,5:30 PM,DALY AVE @ CHARLOTTE ST (0007743),7743,03 - At intersection,03 - P.D. only,02 - Angle,01 - Clear,01 - Daylight,01 - Dry,02 - Stop sign,01 - Functioning,2,0,0,0,,0,,,,,369334.7124,5032722.079,45.43145401,-75.67522236,8352
16--5061,2016/05/05,6:00 PM,WOODROFFE AVE @ SPORTSPLEX N (0005568),5568,02 - Intersection related,02 - Non-fatal injury,03 - Rear end,01 - Clear,01 - Daylight,01 - Dry,01 - Traffic signal,01 - Functioning,4,0,0,0,01 - Minimal,1,1,,,,363763.9494,5021067.163,45.32707674,-75.74780415,8353
16--5062,2016/05/05,6:21 AM,LAURIER AVE @ NICHOLAS ST (0010711),10711,02 - Intersection related,03 - P.D. only,03 - Rear end,01 - Clear,01 - Daylight,01 - Dry,01 - Traffic signal,01 - Functioning,2,0,0,0,,0,,,,,368374.1366,5031799.257,45.42323877,-75.68761674,8354
16--5063,2016/05/05,6:21 PM,BANK ST btwn PHILNOR ST & SALE BARN RD (__3ZA28K),__3ZA28K,01 - Non intersection,03 - P.D. only,03 - Rear end,01 - Clear,01 - Daylight,01 - Dry,10 - No control,,3,0,0,0,,0,,,,,379877.0923,5013600.538,45.25835718,-75.54340666,8355
16--5064,2016/05/05,6:25 PM,ISABELLA ST/HWY417 IC119AR75 @ METCALFE ST (0011380),11380,03 - At intersection,02 - Non-fatal injury,05 - Turning movement,01 - Clear,01 - Daylight,01 - Dry,01 - Traffic signal,01 - Functioning,2,1,0,0,01 - Minimal,1,1,,,,368448.5253,5030400.567,45.41064707,-75.68684692,8356
16--5065,2016/05/05,6:27 PM,LAURIER AVE @ NICHOLAS ST (0010711),10711,02 - Intersection related,03 - P.D. only,03 - Rear end,01 - Clear,01 - Daylight,01 - Dry,01 - Traffic signal,01 - Functioning,2,0,0,0,,0,,,,,368375.4887,5031796.455,45.42321344,-75.68759983,8357
16--5066,2016/05/05,6:31 PM,GREENBANK RD @ MARKETPLACE AVE (0010406),10406,02 - Intersection related,03 - P.D. only,07 - SMV other,01 - Clear,01 - Daylight,01 - Dry,01 - Traffic signal,01 - Functioning,1,0,0,0,,0,,,,,364007.6817,5014601.74,45.26888052,-75.74546716,8358
16--5067,2016/05/05,7:00 PM,BERRIGAN DR btwn PLUMAS GT & WANSTEAD GT (__4O3JOK),__4O3JOK,01 - Non intersection,02 - Non-fatal injury,06 - SMV unattended vehicle,01 - Clear,01 - Daylight,01 - Dry,10 - No control,,1,0,0,0,02 - Minor,1,,1,,,364807.7198,5015880.389,45.28031798,-75.73511796,8359
16--5068,2016/05/05,7:25 AM,HIGHWAY 417 btwn HWY417 IC117 RAMP26 & HWY417 IC117 RAMP61 (__3ZA2YM),__3ZA2YM,01 - Non intersection,03 - P.D. only,03 - Rear end,01 - Clear,01 - Daylight,01 - Dry,10 - No control,,3,0,0,0,,0,,,,,370807.9338,5031210.261,45.41771381,-75.65659866,8360
16--5069,2016/05/05,7:29 PM,DUNROBIN RD @ MARCH RD (0003175),3175,03 - At intersection,03 - P.D. only,05 - Turning movement,01 - Clear,01 - Daylight,01 - Dry,01 - Traffic signal,01 - Functioning,2,0,0,0,,0,,,,,347175.0698,5026065.47,45.37325046,-75.9589868,8361
16--507,2016/01/12,7:21 AM,BELFAST RD @ ST. LAURENT BLVD (0007658),7658,02 - Intersection related,03 - P.D. only,04 - Sideswipe,03 - Snow,03 - Dawn,04 - Slush,01 - Traffic signal,01 - Functioning,2,0,0,0,,0,,,,,372860.7241,5030580.438,45.41185029,-75.63045957,8362
16--5070,2016/05/05,7:30 AM,HIGHWAY 417 btwn HWY417 IC117 RAMP61 & HWY417 IC115 RAMP36 (__3ZA2RZ),__3ZA2RZ,01 - Non intersection,03 - P.D. only,03 - Rear end,01 - Clear,01 - Daylight,01 - Dry,10 - No control,,2,0,0,0,,0,,,,,371582.0284,5031422.962,45.41955415,-75.64668011,8363
16--5071,2016/05/05,7:38 AM,HIGHWAY 417 btwn HWY417 IC117 RAMP51 & HWY417 IC117 RAMP35 (__3ZA2YN),__3ZA2YN,01 - Non intersection,02 - Non-fatal injury,03 - Rear end,01 - Clear,01 - Daylight,01 - Dry,10 - No control,,3,0,0,0,01 - Minimal,4,4,,,,370796.5884,5031190.265,45.41753497,-75.65674629,8364
16--5072,2016/05/05,8:25 AM,KING EDWARD AVE @ LAURIER AVE (0002170),2170,03 - At intersection,03 - P.D. only,02 - Angle,01 - Clear,01 - Daylight,01 - Dry,01 - Traffic signal,01 - Functioning,2,0,0,0,,0,,,,,368740.3806,5032034.358,45.42532074,-75.68290665,8365
16--5073,2016/05/05,8:25 AM,HIGHWAY 417 btwn HWY417 IC126 RAMP25 & HWY417 IC124 RAMP57 (__3ZA2R5),__3ZA2R5,01 - Non intersection,03 - P.D. only,03 - Rear end,01 - Clear,01 - Daylight,01 - Dry,10 - No control,,2,0,0,0,,0,,,,,363669.7079,5026505.472,45.37601798,-75.74835881,8366
16--5074,2016/05/05,8:53 PM,CARLING AVE @ GRANDVIEW RD/NORTEL ENTRANCE (0000157),157,02 - Intersection related,03 - P.D. only,03 - Rear end,01 - Clear,07 - Dark,01 - Dry,01 - Traffic signal,01 - Functioning,2,0,0,0,,0,,,,,355724.9754,5024051.164,45.35455642,-75.85004205,8367
16--5075,2016/05/05,9:27 PM,CAMPEAU DR @ CORDILLERA ST (0013614),13614,03 - At intersection,02 - Non-fatal injury,07 - SMV other,01 - Clear,07 - Dark,01 - Dry,02 - Stop sign,01 - Functioning,1,0,0,1,02 - Minor,1,,1,,,351451.951,5019702.761,45.31572589,-75.90498569,8368
16--5076,2016/05/06,1:13 PM,CHARLEMAGNE BLVD @ PRINCESS LOUISE DR W/VALADE (0003731),3731,02 - Intersection related,02 - Non-fatal injury,04 - Sideswipe,01 - Clear,01 - Daylight,01 - Dry,01 - Traffic signal,01 - Functioning,2,1,0,0,01 - Minimal,1,1,,,,383520.1492,5037974.586,45.4772586,-75.4931121,8369
16--5077,2016/05/06,1:27 PM,COVENTRY RD btwn BELFAST RD & ST. LAURENT SC WEST (__3ZA2CAA),__3ZA2CAA,01 - Non intersection,03 - P.D. only,04 - Sideswipe,01 - Clear,01 - Daylight,01 - Dry,10 - No control,,2,0,0,0,,0,,,,,371876.0772,5031681.089,45.42184853,-75.64288813,8370
16--5078,2016/05/06,10:08 AM,BEECHWOOD AVE btwn CHAPLEAU AVE & PUTMAN AVE (__3ZA3AY),__3ZA3AY,01 - Non intersection,03 - P.D. only,04 - Sideswipe,01 - Clear,01 - Daylight,01 - Dry,10 - No control,,2,0,0,0,,0,,,,,369550.7919,5033871.669,45.44177759,-75.67230986,8371
16--5202,2016/05/10,2:43 PM,MONTREAL RD btwn OGILVIE RD & LAPORTE ST (__3ZA2D7),__3ZA2D7,01 - Non intersection,03 - P.D. only,04 - Sideswipe,01 - Clear,01 - Daylight,01 - Dry,10 - No control,,2,0,0,0,,0,,,,,375668.4429,5034565.575,45.44742755,-75.59401922,8372
16--5079,2016/05/06,10:22 AM,HAWTHORNE RD/RUSSELL RD @ WALKLEY RD (0002618),2618,02 - Intersection related,03 - P.D. only,03 - Rear end,01 - Clear,01 - Daylight,01 - Dry,01 - Traffic signal,01 - Functioning,2,0,0,0,,0,,,,,374674.1116,5028499.882,45.39295179,-75.6075894,8373
16--508,2016/01/12,7:24 AM,CATHCART ST @ KING EDWARD AVE SB/MACDONALD-CAR (0011439),11439,02 - Intersection related,03 - P.D. only,04 - Sideswipe,01 - Clear,03 - Dawn,01 - Dry,02 - Stop sign,01 - Functioning,2,0,0,0,,0,,,,,368086.8973,5033096.662,45.43493841,-75.69112014,8374
16--5080,2016/05/06,10:40 PM,VIEWMOUNT DR @ MERIVALE RD (0001528),1528,03 - At intersection,03 - P.D. only,07 - SMV other,01 - Clear,07 - Dark,01 - Dry,01 - Traffic signal,01 - Functioning,1,0,0,0,,0,,,,,365193.4724,5022949.394,45.34389128,-75.72933984,8375
16--5081,2016/05/06,11:03 PM,O'CONNOR ST @ WELLINGTON ST (0002234),2234,02 - Intersection related,03 - P.D. only,07 - SMV other,01 - Clear,07 - Dark,01 - Dry,01 - Traffic signal,01 - Functioning,1,0,0,0,,0,,,,,367413.1884,5031722.964,45.42263898,-75.69990472,8376
16--5082,2016/05/06,11:19 AM,FLORA ST @ KENT ST (0007260),7260,03 - At intersection,02 - Non-fatal injury,02 - Angle,01 - Clear,01 - Daylight,01 - Dry,02 - Stop sign,01 - Functioning,2,0,1,0,03 - Major,1,,,1,,367828.9379,5030323.792,45.41001235,-75.6947716,8377
16--5083,2016/05/06,11:55 AM,NEPEAN ST @ BANK ST (0006938),6938,03 - At intersection,02 - Non-fatal injury,07 - SMV other,01 - Clear,01 - Daylight,01 - Dry,02 - Stop sign,01 - Functioning,1,0,0,1,02 - Minor,1,,1,,,367561.2042,5031133.951,45.41732597,-75.69808853,8378
16--5084,2016/05/06,12:12 AM,STAGECOACH RD btwn EMPIRE GROVE ST & LAKESHORE DR (__3ZA3SG),__3ZA3SG,01 - Non intersection,03 - P.D. only,07 - SMV other,01 - Clear,07 - Dark,01 - Dry,10 - No control,,1,0,0,0,,0,,,,,376448.6067,5012125.435,45.24544217,-75.58729757,8379
16--5085,2016/05/06,12:55 PM,ST. LAURENT BLVD @ TAWNEY RD (0008367),8367,03 - At intersection,02 - Non-fatal injury,07 - SMV other,01 - Clear,01 - Daylight,01 - Dry,02 - Stop sign,01 - Functioning,1,0,1,0,02 - Minor,1,,1,,,373576.4039,5028848.545,45.39619757,-75.62155871,8380
16--5086,2016/05/06,2:00 PM,HWY 417 MAITLAND IC126R26/62 @ MAITLAND AVE (0008228),8228,02 - Intersection related,03 - P.D. only,99 - Other,01 - Clear,01 - Daylight,01 - Dry,01 - Traffic signal,01 - Functioning,2,0,0,0,,0,,,,,363145.9556,5025983.914,45.37136888,-75.75510706,8381
16--5087,2016/05/06,3:28 PM,INDUSTRIAL AVE @ ALTA VISTA DR/SANDFORD FLEMIN (0006979),6979,03 - At intersection,03 - P.D. only,05 - Turning movement,01 - Clear,01 - Daylight,01 - Dry,01 - Traffic signal,01 - Functioning,2,0,0,0,,0,,,,,370885.3669,5030558.525,45.41184245,-75.65569678,8382
16--5088,2016/05/06,3:34 PM,LAMIRA ST btwn KILBORN AVE & END (__3ZA1GV),__3ZA1GV,04 - At/near private drive,03 - P.D. only,06 - SMV unattended vehicle,01 - Clear,01 - Daylight,01 - Dry,10 - No control,,1,0,0,0,,0,,,,,369755.8479,5027852.05,45.38759629,-75.67048235,8383
16--5089,2016/05/06,3:55 PM,AVIATION PKWY @ OGILVIE RD (0004114),4114,02 - Intersection related,03 - P.D. only,03 - Rear end,01 - Clear,01 - Daylight,01 - Dry,01 - Traffic signal,01 - Functioning,3,0,0,0,,0,,,,,373110.3236,5032376.586,45.42798684,-75.62702205,8384
16--509,2016/01/12,7:58 AM,REGIONAL ROAD 174 btwn Continuation of REGIONAL ROAD 174 & OR174 IC112 (__3ZA2YI),__3ZA2YI,01 - Non intersection,02 - Non-fatal injury,03 - Rear end,01 - Clear,01 - Daylight,01 - Dry,10 - No control,,4,0,0,0,02 - Minor,2,1,1,,,374071.5506,5032294.704,45.42715557,-75.61475094,8385
16--5090,2016/05/06,3:59 PM,CARP RD @ ECHOWOODS AVE/KITTIWAKE DR (0009789),9789,02 - Intersection related,03 - P.D. only,03 - Rear end,01 - Clear,01 - Daylight,01 - Dry,01 - Traffic signal,01 - Functioning,2,0,0,0,,0,,,,,348595.2089,5014562.768,45.26965851,-75.94187358,8386
16--5091,2016/05/06,4:03 PM,ALTA VISTA DR @ SMYTH RD (0011353),11353,02 - Intersection related,02 - Non-fatal injury,07 - SMV other,01 - Clear,01 - Daylight,01 - Dry,01 - Traffic signal,01 - Functioning,1,0,0,1,02 - Minor,1,,1,,,370432.2665,5029081.558,45.3985959,-75.66168153,8387
16--5092,2016/05/06,4:32 PM,OTTAWA RIVER PKWY @ ISLAND PARK DR (0002127),2127,02 - Intersection related,03 - P.D. only,03 - Rear end,01 - Clear,01 - Daylight,01 - Dry,01 - Traffic signal,01 - Functioning,2,0,0,0,,0,,,,,363299.4484,5029454.027,45.40257963,-75.7527363,8388
16--5093,2016/05/06,4:43 PM,BRONSON AVE btwn UNIVERSITY RD & BREWER WAY (__3ZA3BT),__3ZA3BT,01 - Non intersection,02 - Non-fatal injury,03 - Rear end,01 - Clear,01 - Daylight,01 - Dry,10 - No control,,3,0,0,0,01 - Minimal,2,2,,,,367927.4292,5028082.558,45.38983752,-75.6938003,8389
16--5094,2016/05/06,4:46 PM,FALLOWFIELD RD @ WOODROFFE AVE (0010372),10372,02 - Intersection related,03 - P.D. only,03 - Rear end,01 - Clear,01 - Daylight,01 - Dry,01 - Traffic signal,01 - Functioning,2,0,0,0,,0,,,,,365084.4758,5017903.19,45.29849538,-75.73134483,8390
16--5095,2016/05/06,4:57 PM,ISABELLA ST/HWY417 IC119AR75 @ METCALFE ST (0011380),11380,02 - Intersection related,03 - P.D. only,03 - Rear end,01 - Clear,01 - Daylight,01 - Dry,01 - Traffic signal,01 - Functioning,3,0,0,0,,0,,,,,368448.2948,5030399.209,45.41063487,-75.68685004,8391
16--5096,2016/05/06,5:15 PM,HWY 417 TERRYFO IC140R52 @ TERRY FOX DR (0003180),3180,02 - Intersection related,03 - P.D. only,02 - Angle,01 - Clear,01 - Daylight,01 - Dry,01 - Traffic signal,00 - Unknown,2,0,0,0,,0,,,,,351052.6363,5018435.205,45.30434651,-75.91019672,8392
16--5097,2016/05/06,5:28 PM,OGILVIE RD btwn CADBORO RD & BATHGATE DR (__3ZA2DN),__3ZA2DN,01 - Non intersection,03 - P.D. only,03 - Rear end,01 - Clear,01 - Daylight,01 - Dry,10 - No control,,2,0,0,0,,0,,,,,373760.4065,5032760.276,45.43137529,-75.61866151,8393
16--5098,2016/05/06,5:45 PM,DRIVEWAY (THE) @ PRINCE OF WALES DR (0002128),2128,03 - At intersection,03 - P.D. only,04 - Sideswipe,01 - Clear,01 - Daylight,01 - Dry,11 - Roundabout,01 - Functioning,2,0,0,0,,0,,,,,366883.6895,5028137.587,45.39042596,-75.70712167,8394
16--5099,2016/05/06,5:49 PM,DONNELLY DR @ MCCORDICK RD (0003675),3675,02 - Intersection related,03 - P.D. only,03 - Rear end,01 - Clear,01 - Daylight,01 - Dry,02 - Stop sign,01 - Functioning,2,0,0,0,,0,,,,,370435.4689,4991830.221,45.06341174,-75.66655425,8395
16--51,2016/01/03,10:14 PM,OR174 IC109 RAMP56 @ REGIONAL RD 174 (0012404),12404,02 - Intersection related,02 - Non-fatal injury,04 - Sideswipe,01 - Clear,07 - Dark,01 - Dry,10 - No control,,2,0,0,0,02 - Minor,1,,1,,,376310.4259,5034668.941,45.44829219,-75.58579814,8396
16--510,2016/01/12,7:58 PM,CATHERINE ST @ ELGIN ST (0002638),2638,03 - At intersection,02 - Non-fatal injury,05 - Turning movement,03 - Snow,07 - Dark,02 - Wet,01 - Traffic signal,01 - Functioning,2,0,0,0,01 - Minimal,2,2,,,,368552.4851,5030577.796,45.41223226,-75.68549598,8397
16--5100,2016/05/06,5:57 PM,GLADSTONE AVE @ O'CONNOR ST (0002710),2710,03 - At intersection,03 - P.D. only,05 - Turning movement,01 - Clear,01 - Daylight,01 - Dry,01 - Traffic signal,01 - Functioning,2,0,0,0,,0,,,,,368074.4867,5030657.896,45.41299635,-75.691592,8398
16--5101,2016/05/06,6:20 PM,GLOUCESTER ST btwn KENT ST & BANK ST (__3ZBOR0),__3ZBOR0,01 - Non intersection,03 - P.D. only,04 - Sideswipe,01 - Clear,01 - Daylight,01 - Dry,10 - No control,,2,0,0,0,,0,,,,,367361.5345,5031100.602,45.41704379,-75.70064373,8399