Anom_ID,Accident_Date,Accident_Time,Location,Geo_ID,Accident_Location,Classification_of_Accident,Initial_Impact_Type,Environment_Condition,Light,Road_Surface_Condition,Traffic_Control,Traffic_Control_Condition,No__of_Vehicles,No__of_Bicycles,No__of_Motorcycles,No__of_Pedestrians,Max_Injury,No__of_Injuries,No__of_Minimal,No__of_Minor,No__of_Major,No__of_Fatal,X,Y,Latitude,Longitude,ObjectId
16--5102,2016/05/06,6:26 PM,MEADOWLANDS DR/TALLWOOD DR @ WOODROFFE AVE (0000095),95,02 - Intersection related,02 - Non-fatal injury,03 - Rear end,01 - Clear,01 - Daylight,01 - Dry,01 - Traffic signal,01 - Functioning,2,0,0,0,01 - Minimal,1,1,,,,363057.0802,5022729.713,45.34209529,-75.75662512,8400
16--5103,2016/05/06,6:56 AM,MARCH RD btwn HALTON TERR/MAXWELL BRIDGE RD & MAXWELL RD (__3ZA2GD),__3ZA2GD,01 - Non intersection,03 - P.D. only,07 - SMV other,01 - Clear,01 - Daylight,01 - Dry,10 - No control,,1,0,0,0,,0,,,,,348796.1602,5024572.092,45.35971282,-75.93842389,8401
16--5104,2016/05/06,7:25 AM,GARDENWAY DR btwn SATURN CRES & SATURN CRES (__3ZA1U1),__3ZA1U1,04 - At/near private drive,02 - Non-fatal injury,07 - SMV other,01 - Clear,01 - Daylight,01 - Dry,10 - No control,,1,0,0,1,01 - Minimal,1,1,,,,385206.9642,5037159.81,45.46973583,-75.47167331,8402
16--5105,2016/05/06,7:45 PM,PORTOBELLO BLVD/SPRINGRIDGE DR S @ TRIM RD (0012338),12338,03 - At intersection,03 - P.D. only,05 - Turning movement,01 - Clear,01 - Daylight,01 - Dry,01 - Traffic signal,01 - Functioning,2,0,0,0,,0,,,,,385688.7107,5038071.02,45.47787837,-75.46536323,8403
16--5106,2016/05/06,8:00 AM,CARLING AVE EB btwn HIGH ST & PINECREST RD (__3ZA4VU),__3ZA4VU,01 - Non intersection,03 - P.D. only,04 - Sideswipe,01 - Clear,01 - Daylight,01 - Dry,10 - No control,,2,0,0,0,,0,,,,,360001.7374,5024614.122,45.35929826,-75.79539865,8404
16--5107,2016/05/06,8:06 AM,HUNTMAR DR @ PALLADIUM DR S (0011818),11818,03 - At intersection,03 - P.D. only,05 - Turning movement,01 - Clear,01 - Daylight,01 - Dry,01 - Traffic signal,01 - Functioning,2,0,0,0,,0,,,,,349675.3811,5017365.662,45.29481178,-75.92785508,8405
16--5108,2016/05/06,8:43 AM,CARLING AVE @ KIRKWOOD AVE N (0002358),2358,02 - Intersection related,02 - Non-fatal injury,03 - Rear end,01 - Clear,01 - Daylight,01 - Dry,01 - Traffic signal,01 - Functioning,2,0,0,0,01 - Minimal,1,1,,,,364276.3099,5027494.58,45.38486658,-75.74049532,8406
16--4929,2016/05/01,9:38 AM,TERRY FOX DR btwn HAZELDEAN RD & 135 S OF HAZELDEAN RD/SOBEY'S SC (__3ZBPL2A),__3ZBPL2A,01 - Non intersection,03 - P.D. only,04 - Sideswipe,02 - Rain,01 - Daylight,02 - Wet,10 - No control,,2,0,0,0,,0,,,,,352220.0124,5017229.148,45.29341627,-75.89542677,8407
16--4659,2016/04/22,3:26 PM,ST. JOSEPH BLVD @ TENTH LINE RD (0009163),9163,02 - Intersection related,03 - P.D. only,03 - Rear end,01 - Clear,01 - Daylight,01 - Dry,01 - Traffic signal,01 - Functioning,2,0,0,0,,0,,,,,382889.6815,5038666.677,45.4835562,-75.50106496,8408
16--493,2016/01/12,5:32 PM,EAGLESON RD btwn COPE DR & Continuation of EAGLESON RD (__5VUCMW),__5VUCMW,01 - Non intersection,02 - Non-fatal injury,03 - Rear end,03 - Snow,05 - Dusk,03 - Loose snow,10 - No control,,3,0,0,0,01 - Minimal,1,1,,,,354658.0071,5015934.557,45.2815985,-75.86447595,8409
16--466,2016/01/12,12:22 PM,JOCKVALE RD @ STRANDHERD DR (0010541),10541,02 - Intersection related,03 - P.D. only,03 - Rear end,03 - Snow,01 - Daylight,03 - Loose snow,01 - Traffic signal,01 - Functioning,2,0,0,0,,0,,,,,363561.8582,5014578.526,45.26870903,-75.75115091,8410
16--5290,2016/05/12,4:16 PM,RIVERSIDE DR btwn HERON RD & HOG'S BACK RD (__3ZA379),__3ZA379,01 - Non intersection,02 - Non-fatal injury,03 - Rear end,01 - Clear,01 - Daylight,01 - Dry,10 - No control,,2,0,0,0,02 - Minor,1,,1,,,368157.2762,5026321.235,45.37396887,-75.69109126,8411
16--4930,2016/05/02,1:52 PM,JAMES ST @ KENT ST (0007277),7277,02 - Intersection related,03 - P.D. only,04 - Sideswipe,01 - Clear,01 - Daylight,01 - Dry,02 - Stop sign,01 - Functioning,2,0,0,0,,0,,,,,367659.0371,5030598.799,45.41250206,-75.69690689,8412
16--4660,2016/04/22,3:30 PM,GLENMANOR DR btwn HILLMOUNT CRES & KINGSBURY AVE (__3ZBOLY),__3ZBOLY,01 - Non intersection,03 - P.D. only,06 - SMV unattended vehicle,01 - Clear,01 - Daylight,01 - Dry,10 - No control,,1,0,0,0,,0,,,,,364798.7564,5022618.327,45.34094625,-75.73441637,8413
16--4931,2016/05/02,1:53 PM,INNES RD btwn 473 E OF PAGE RD/BUILDERS' WAREHOUSE SC & GREENVALE LANE (__3ZAYFDB),__3ZAYFDB,04 - At/near private drive,03 - P.D. only,02 - Angle,01 - Clear,01 - Daylight,01 - Dry,10 - No control,,2,0,0,0,,0,,,,,381511.166,5034904.977,45.44986441,-75.51928363,8414
16--5203,2016/05/10,2:45 PM,MAITLAND AVE btwn HENRY FARM DR & TERREBONNE DR (__3ZA4I1),__3ZA4I1,01 - Non intersection,03 - P.D. only,04 - Sideswipe,01 - Clear,01 - Daylight,01 - Dry,10 - No control,,2,0,0,0,,0,,,,,363999.6708,5025136.415,45.3636716,-75.74431032,8415
16--5291,2016/05/12,4:30 PM,MACOUN CIRC btwn Continuation of MACOUN CIRC & Continuation of MACOUN  (__683KOC),__683KOC,01 - Non intersection,03 - P.D. only,06 - SMV unattended vehicle,01 - Clear,01 - Daylight,01 - Dry,10 - No control,,1,0,0,0,,0,,,,,372087.1525,5025634.281,45.36742157,-75.64101597,8416
16--4661,2016/04/22,3:55 PM,HIGHWAY 417 btwn HWY417 IC118 RAMP57 & HWY417 IC118 RAMP35 (__3ZA2YQ),__3ZA2YQ,01 - Non intersection,03 - P.D. only,04 - Sideswipe,01 - Clear,01 - Daylight,01 - Dry,10 - No control,,2,0,0,0,,0,,,,,369458.3993,5031039.329,45.41630185,-75.67386264,8417
16--4932,2016/05/02,10:00 AM,YORK ST EB btwn BY WARD MARKET SQ & SUSSEX DR (__3ZA8ZZ),__3ZA8ZZ,01 - Non intersection,03 - P.D. only,05 - Turning movement,01 - Clear,01 - Daylight,01 - Dry,10 - No control,,2,0,0,0,,0,,,,,367822.5346,5032247.311,45.42732012,-75.69460737,8418
16--5204,2016/05/10,3:22 PM,HIGHWAY 417 btwn HWY417 IC129 RAMP25 & HWY417 IC129 RAMP35 (__3ZAYFR),__3ZAYFR,01 - Non intersection,03 - P.D. only,04 - Sideswipe,01 - Clear,01 - Daylight,01 - Dry,10 - No control,,3,0,0,0,,0,,,,,360445.9087,5023517.243,45.34939346,-75.78985309,8419
16--4662,2016/04/22,4:05 PM,CAMERON ST @ REGIONAL RD 174 (0012883),12883,02 - Intersection related,03 - P.D. only,03 - Rear end,01 - Clear,01 - Daylight,02 - Wet,01 - Traffic signal,01 - Functioning,2,0,0,0,,0,,,,,389861.447,5042617.34,45.51828489,-75.41121168,8420
16--5292,2016/05/12,4:34 PM,BLAIR RD @ OGILVIE RD (0004120),4120,03 - At intersection,03 - P.D. only,04 - Sideswipe,01 - Clear,01 - Daylight,01 - Dry,01 - Traffic signal,01 - Functioning,2,0,0,0,,0,,,,,374507.0651,5033197.916,45.43523891,-75.60905814,8421
16--4663,2016/04/22,4:43 PM,EAGLESON RD btwn ABBEYHILL DR & PALOMINO DR (__3ZA41M),__3ZA41M,01 - Non intersection,03 - P.D. only,03 - Rear end,01 - Clear,01 - Daylight,01 - Dry,10 - No control,,4,0,0,0,,0,,,,,353936.5139,5017764.462,45.29811521,-75.87349078,8422
16--5205,2016/05/10,3:49 PM,MERIVALE RD @ BASIL MACDONALD WAY/MERIVALE MAL (0010301),10301,03 - At intersection,02 - Non-fatal injury,05 - Turning movement,01 - Clear,01 - Daylight,01 - Dry,01 - Traffic signal,01 - Functioning,2,0,0,0,02 - Minor,1,,1,,,365096.735,5023170.888,45.34589257,-75.73054716,8423
16--4933,2016/05/02,10:20 PM,FRENCH HILL RD btwn EMMETT RD & BIRCHGROVE RD (__3ZA5GP),__3ZA5GP,01 - Non intersection,03 - P.D. only,06 - SMV unattended vehicle,01 - Clear,07 - Dark,01 - Dry,10 - No control,,1,0,0,0,,0,,,,,396121.1485,5039210.616,45.48684437,-75.33173772,8424
16--4664,2016/04/22,5:07 PM,ST. LAURENT BLVD btwn COVENTRY RD & LEMIEUX ST (__3ZA2C9),__3ZA2C9,01 - Non intersection,03 - P.D. only,04 - Sideswipe,01 - Clear,01 - Daylight,01 - Dry,10 - No control,,2,0,0,0,,0,,,,,372343.6544,5031858.421,45.42339909,-75.6368897,8425
16--4934,2016/05/02,10:51 AM,WILLIAM MCEWEN DR btwn CENTURY RD W & CEDARVIEW RD (__3ZABLE),__3ZABLE,04 - At/near private drive,03 - P.D. only,05 - Turning movement,01 - Clear,01 - Daylight,01 - Dry,10 - No control,,2,0,0,0,,0,,,,,365170.4304,5006770.764,45.1983182,-75.73160081,8426
16--5206,2016/05/10,4:11 PM,LEACOCK DR btwn PENTLAND CRES & PENTLAND CRES (__3ZACXS),__3ZACXS,04 - At/near private drive,03 - P.D. only,99 - Other,01 - Clear,01 - Daylight,01 - Dry,10 - No control,,2,0,0,0,,0,,,,,351490.3588,5020811.988,45.32570442,-75.90439128,8427
16--4935,2016/05/02,11:36 AM,ELMSMERE RD @ MONTREAL RD (0012320),12320,02 - Intersection related,03 - P.D. only,03 - Rear end,01 - Clear,01 - Daylight,01 - Dry,01 - Traffic signal,01 - Functioning,2,0,0,0,,0,,,,,374927.5036,5034314.348,45.44524189,-75.603526,8428
16--4665,2016/04/22,5:18 PM,CARLING AVE @ FAIRLAWN AVE/WOODROFFE AVE E (0002393),2393,02 - Intersection related,03 - P.D. only,03 - Rear end,01 - Clear,01 - Daylight,01 - Dry,01 - Traffic signal,01 - Functioning,2,0,0,0,,0,,,,,361934.6841,5025830.528,45.37008852,-75.77058762,8429
16--5293,2016/05/12,4:40 PM,WEST HUNT CLUB RD @ ROYDON PL/SUNDERLAND ST (0009775),9775,03 - At intersection,03 - P.D. only,02 - Angle,01 - Clear,01 - Daylight,01 - Dry,01 - Traffic signal,01 - Functioning,2,0,0,0,,0,,,,,365973.0665,5022171.728,45.3368264,-75.71948879,8430
16--5207,2016/05/10,4:12 PM,MERIVALE RD btwn SHILLINGTON AVE & RAVEN AVE (__3ZBODC),__3ZBODC,04 - At/near private drive,02 - Non-fatal injury,05 - Turning movement,01 - Clear,01 - Daylight,01 - Dry,10 - No control,,2,1,0,0,02 - Minor,2,1,1,,,364844.9101,5026820.609,45.37875381,-75.73331699,8431
16--4936,2016/05/02,11:46 AM,NAVAN RD @ TENTH LINE RD (0004718),4718,02 - Intersection related,02 - Non-fatal injury,03 - Rear end,01 - Clear,01 - Daylight,01 - Dry,01 - Traffic signal,01 - Functioning,2,0,0,0,01 - Minimal,2,2,,,,385758.4617,5031832.983,45.42174639,-75.4654978,8432
16--4666,2016/04/22,6:19 AM,HAWTHORNE RD @ STEVENAGE DR (0008802),8802,03 - At intersection,03 - P.D. only,05 - Turning movement,02 - Rain,01 - Daylight,02 - Wet,01 - Traffic signal,01 - Functioning,2,0,0,0,,0,,,,,375137.4139,5027313.312,45.38222924,-75.60184208,8433
16--4569,2016/04/19,6:51 PM,ALFRED ST btwn MONTFORT ST & MONTREAL RD (__3ZA8V5),__3ZA8V5,01 - Non intersection,02 - Non-fatal injury,07 - SMV other,01 - Clear,01 - Daylight,01 - Dry,10 - No control,,1,0,0,1,03 - Major,2,1,,1,,370935.5025,5033549.228,45.43874678,-75.65465476,8434
16--5294,2016/05/12,5:03 PM,KING EDWARD AVE @ SUSSEX DR (0002653),2653,02 - Intersection related,03 - P.D. only,05 - Turning movement,01 - Clear,01 - Daylight,01 - Dry,01 - Traffic signal,01 - Functioning,2,0,0,0,,0,,,,,367663.9255,5033502.921,45.43863194,-75.69647379,8435
16--5295,2016/05/12,5:09 PM,CARP RD btwn HWY417 IC144 RAMP25 & WESTBROOK RD (__3ZA3D3),__3ZA3D3,04 - At/near private drive,02 - Non-fatal injury,02 - Angle,01 - Clear,01 - Daylight,01 - Dry,10 - No control,,3,0,0,0,01 - Minimal,1,1,,,,347600.7386,5015592.782,45.27898819,-75.95445773,8436
16--5296,2016/05/12,5:27 PM,REGIONAL ROAD 174 EB btwn OR174 IC109 RAMP55 & TRANSIT (__3ZA28V),__3ZA28V,01 - Non intersection,03 - P.D. only,03 - Rear end,01 - Clear,01 - Daylight,01 - Dry,10 - No control,,2,0,0,0,,0,,,,,376490.8289,5035022.682,45.45145644,-75.58344058,8437
16--5297,2016/05/12,5:29 PM,NEPEAN ST @ O'CONNOR ST (0006942),6942,03 - At intersection,03 - P.D. only,02 - Angle,01 - Clear,01 - Daylight,01 - Dry,02 - Stop sign,01 - Functioning,2,0,0,0,,0,,,,,367720.7435,5031226.273,45.41814232,-75.69603848,8438
16--5298,2016/05/12,6:15 PM,OTTAWA RIVER PKWY EB btwn TRANSIT & TURN LANE (1) (__3ZA232),__3ZA232,01 - Non intersection,03 - P.D. only,04 - Sideswipe,01 - Clear,01 - Daylight,02 - Wet,10 - No control,,2,0,0,0,,0,,,,,362654.1976,5029010.392,45.3986415,-75.76102999,8439
16--5299,2016/05/12,6:44 PM,GREENBANK RD btwn GREENBANK SQUARE SC & GIBBARD AVE (__3ZA4YOB),__3ZA4YOB,01 - Non intersection,03 - P.D. only,05 - Turning movement,01 - Clear,01 - Daylight,01 - Dry,10 - No control,,2,0,0,0,,0,,,,,361405.2991,5020671.305,45.32370899,-75.77793597,8440
16--53,2016/01/03,10:33 AM,SLACK RD btwn VAAN DR & GRENFELL CRES (__3ZA6N7),__3ZA6N7,04 - At/near private drive,02 - Non-fatal injury,03 - Rear end,03 - Snow,01 - Daylight,03 - Loose snow,10 - No control,,2,0,0,0,02 - Minor,1,,1,,,365381.4999,5020606.729,45.32279605,-75.72722745,8441
16--530,2016/01/13,1:50 PM,JOCKVALE RD @ STRANDHERD DR (0010541),10541,02 - Intersection related,02 - Non-fatal injury,03 - Rear end,01 - Clear,01 - Daylight,02 - Wet,01 - Traffic signal,01 - Functioning,2,0,0,0,02 - Minor,2,,2,,,363558.9796,5014578.212,45.26870645,-75.75118763,8442
16--5300,2016/05/12,7:00 AM,HUNT CLUB RD @ RIVERSIDE DR (0002237),2237,02 - Intersection related,03 - P.D. only,03 - Rear end,01 - Clear,01 - Daylight,01 - Dry,01 - Traffic signal,01 - Functioning,2,0,0,0,,0,,,,,368036.4783,5021946.397,45.33461599,-75.69319295,8443
16--5301,2016/05/12,7:10 AM,WEST HUNT CLUB RD WB btwn KNOXDALE RD & WOODROFFE AVE (__3ZA17D),__3ZA17D,01 - Non intersection,02 - Non-fatal injury,07 - SMV other,01 - Clear,01 - Daylight,01 - Dry,10 - No control,,1,0,0,0,02 - Minor,1,,1,,,363230.9193,5021009.92,45.32660624,-75.75461013,8444
16--5302,2016/05/12,7:31 AM,PRINCE OF WALES DR btwn NAVY PRIV & PRESTON ST (__3ZAZDX),__3ZAZDX,04 - At/near private drive,02 - Non-fatal injury,05 - Turning movement,01 - Clear,01 - Daylight,01 - Dry,10 - No control,,2,0,0,0,01 - Minimal,1,1,,,,366895.0935,5028767.559,45.39609327,-75.70689676,8445
16--5303,2016/05/12,7:50 AM,RIVERSIDE DR NB btwn INDUSTRIAL AVE & TREMBLAY RD (__3ZA4SE),__3ZA4SE,01 - Non intersection,03 - P.D. only,03 - Rear end,01 - Clear,01 - Daylight,01 - Dry,10 - No control,,2,0,0,0,,0,,,,,370788.8197,5030922.874,45.41512983,-75.65688134,8446
16--5304,2016/05/12,8:45 AM,HIGHWAY 417 btwn HWY417 IC129 RAMP76 & HWY417 IC129 RAMP26 (__3ZA2RG),__3ZA2RG,01 - Non intersection,03 - P.D. only,03 - Rear end,01 - Clear,01 - Daylight,01 - Dry,10 - No control,,2,0,0,0,,0,,,,,360458.5291,5023558.358,45.34976241,-75.78968742,8447
16--5305,2016/05/12,8:52 AM,BEECHWOOD AVE @ ST. CHARLES ST (0007709),7709,02 - Intersection related,03 - P.D. only,03 - Rear end,01 - Clear,01 - Daylight,01 - Dry,01 - Traffic signal,01 - Functioning,2,0,0,0,,0,,,,,369415.4892,5033785.376,45.44101367,-75.67405054,8448
16--5306,2016/05/12,8:53 PM,WEST HUNT CLUB RD @ 545 E OF ROYDON PL/SUNDERLAND ST (0010375),10375,02 - Intersection related,03 - P.D. only,03 - Rear end,01 - Clear,05 - Dusk,01 - Dry,01 - Traffic signal,01 - Functioning,2,0,0,0,,0,,,,,366352.3499,5022407.41,45.33891386,-75.71462062,8449
16--5307,2016/05/12,9:22 PM,SUSSEX DR btwn GEORGE ST & RIDEAU ST (__3ZA3UZ),__3ZA3UZ,01 - Non intersection,03 - P.D. only,04 - Sideswipe,01 - Clear,07 - Dark,01 - Dry,10 - No control,,2,0,0,0,,0,,,,,367873.1676,5032124.546,45.42621096,-75.69397609,8450
16--5308,2016/05/12,9:55 AM,BASELINE RD @ WOODROFFE AVE (0002225),2225,02 - Intersection related,03 - P.D. only,03 - Rear end,01 - Clear,01 - Daylight,01 - Dry,01 - Traffic signal,01 - Functioning,2,0,0,0,,0,,,,,362549.9157,5023769.828,45.35149611,-75.76297468,8451
16--5309,2016/05/12,9:56 AM,FOXLIGHT CIR btwn ROSINGDALE ST & SUMMERGAZE ST (e___2HRB),e___2HRB,04 - At/near private drive,03 - P.D. only,06 - SMV unattended vehicle,01 - Clear,01 - Daylight,01 - Dry,10 - No control,,1,0,0,0,,0,,,,,356763.219,5015595.886,45.27839862,-75.83767871,8452
16--531,2016/01/13,10:00 AM,HIGHWAY 416 btwn HWY416 IC57 RAMP34 & HWY416 IC57 RAMP43 (__3ZAZEJ),__3ZAZEJ,01 - Non intersection,03 - P.D. only,07 - SMV other,01 - Clear,01 - Daylight,03 - Loose snow,10 - No control,,1,0,0,0,,0,,,,,364716.0164,5008048.848,45.2098573,-75.73723043,8453
16--5310,2016/05/13,1:02 PM,ESSON ST @ HUNT CLUB RD (0002152),2152,03 - At intersection,03 - P.D. only,02 - Angle,01 - Clear,01 - Daylight,01 - Dry,02 - Stop sign,01 - Functioning,2,0,0,0,,0,,,,,374640.4123,5025907.97,45.36963434,-75.6083864,8454
16--5311,2016/05/13,1:19 PM,DALHOUSIE ST btwn YORK ST & GEORGE ST (__3ZBOX1),__3ZBOX1,01 - Non intersection,03 - P.D. only,04 - Sideswipe,01 - Clear,01 - Daylight,01 - Dry,10 - No control,,2,0,0,0,,0,,,,,368146.8491,5032333.724,45.42806834,-75.69045211,8455
16--5312,2016/05/13,1:30 PM,BRONSON AVE @ GLADSTONE AVE (0002110),2110,02 - Intersection related,03 - P.D. only,03 - Rear end,01 - Clear,01 - Daylight,01 - Dry,01 - Traffic signal,01 - Functioning,2,0,0,0,,0,,,,,367133.0253,5030081.789,45.4078972,-75.70369198,8456
16--5313,2016/05/13,1:30 PM,DEERFOX DR btwn Continuation of DEERFOX DR & AMBERGLEN CRT (__3ZAYFW),__3ZAYFW,01 - Non intersection,03 - P.D. only,06 - SMV unattended vehicle,01 - Clear,01 - Daylight,01 - Dry,10 - No control,,1,0,0,0,,0,,,,,365048.5576,5015458.413,45.27650046,-75.73209964,8457
16--5314,2016/05/13,1:51 PM,CONROY RD btwn 212 N OF HUNT CLUB RD & HUNT CLUB RD (__3ZA3S5A),__3ZA3S5A,01 - Non intersection,02 - Non-fatal injury,07 - SMV other,02 - Rain,01 - Daylight,02 - Wet,10 - No control,,1,0,0,0,02 - Minor,1,,1,,,373756.0101,5025420.731,45.36533794,-75.61974373,8458
16--5315,2016/05/13,1:55 PM,BANK ST btwn ALTA VISTA DR & ERIE AVE (__3ZA36X),__3ZA36X,01 - Non intersection,03 - P.D. only,03 - Rear end,01 - Clear,01 - Daylight,01 - Dry,10 - No control,,2,0,0,0,,0,,,,,370212.2179,5026285.745,45.37346073,-75.66486242,8459
16--5316,2016/05/13,10:04 PM,CANAAN RD btwn REGIONAL ROAD 174 & WILHAVEN DR (__3ZA5F5),__3ZA5F5,01 - Non intersection,02 - Non-fatal injury,07 - SMV other,01 - Clear,07 - Dark,01 - Dry,10 - No control,,1,0,0,0,01 - Minimal,1,1,,,,395923.8545,5043043.644,45.52135423,-75.33354913,8460
16--5317,2016/05/13,10:30 AM,CAMBRIDGE ST    N btwn ARLINGTON AVE & RAYMOND ST (__3ZA0PN),__3ZA0PN,01 - Non intersection,03 - P.D. only,06 - SMV unattended vehicle,02 - Rain,01 - Daylight,02 - Wet,10 - No control,,1,0,0,0,,0,,,,,367133.1917,5029795.987,45.40532562,-75.70372599,8461
16--5318,2016/05/13,10:50 AM,O'CONNOR ST btwn ALBERT ST & SLATER ST (__3ZA35Q),__3ZA35Q,01 - Non intersection,02 - Non-fatal injury,04 - Sideswipe,02 - Rain,01 - Daylight,02 - Wet,10 - No control,,2,1,0,0,01 - Minimal,1,1,,,,367541.868,5031515.719,45.42076273,-75.69828696,8462
16--5319,2016/05/13,11:10 PM,HUNTMAR DR btwn HUNTMAR DR & AUTOPARK PRIV (__3ZAZW1),__3ZAZW1,01 - Non intersection,03 - P.D. only,03 - Rear end,01 - Clear,07 - Dark,01 - Dry,10 - No control,,2,0,0,0,,0,,,,,349352.3577,5017728.013,45.29809288,-75.93194075,8463
16--532,2016/01/13,10:10 AM,BASELINE RD btwn ZENA ST & MARSON ST (__3ZA4JJ),__3ZA4JJ,01 - Non intersection,03 - P.D. only,03 - Rear end,05 - Drifting Snow,01 - Daylight,04 - Slush,10 - No control,,2,0,0,0,,0,,,,,365662.2283,5025707.332,45.36866623,-75.72301921,8464
16--5320,2016/05/13,11:11 AM,MALAKOFF RD btwn PROVEN LINE RD & ROGER STEVENS DR (__3ZABAL),__3ZABAL,01 - Non intersection,03 - P.D. only,07 - SMV other,01 - Clear,01 - Daylight,01 - Dry,10 - No control,,1,0,0,0,,0,,,,,361250.096,4997229.175,45.11278518,-75.78257321,8465
16--5321,2016/05/13,12:05 AM,FALLOWFIELD RD @ MOODIE DR (0010412),10412,03 - At intersection,03 - P.D. only,05 - Turning movement,01 - Clear,07 - Dark,01 - Dry,01 - Traffic signal,01 - Functioning,2,0,0,0,,0,,,,,359501.2653,5014635.632,45.26955043,-75.802888,8466
16--5322,2016/05/13,12:24 PM,HAZELDEAN RD @ EDGEWATER ST (0003176),3176,02 - Intersection related,02 - Non-fatal injury,03 - Rear end,01 - Clear,01 - Daylight,02 - Wet,01 - Traffic signal,01 - Functioning,3,0,0,0,01 - Minimal,1,1,,,,352325.262,5017352.687,45.29452079,-75.89407314,8467
16--5323,2016/05/13,12:40 PM,HUNT CLUB RD btwn PIKE ST & CONROY RD (__3ZBN9X),__3ZBN9X,04 - At/near private drive,03 - P.D. only,02 - Angle,01 - Clear,01 - Daylight,01 - Dry,10 - No control,,2,0,0,0,,0,,,,,373720.6169,5025377.012,45.36494806,-75.62020158,8468
16--5324,2016/05/13,12:59 AM,NIXON DR btwn BUCKLES ST & DALMENY RD (__3ZA726),__3ZA726,01 - Non intersection,02 - Non-fatal injury,07 - SMV other,01 - Clear,07 - Dark,01 - Dry,10 - No control,,1,0,0,0,03 - Major,1,,,1,,374960.2678,4999247.862,45.12972182,-75.60806613,8469
16--5325,2016/05/13,2:21 PM,RIVER RD @ TEWSLEY (0013247),13247,02 - Intersection related,02 - Non-fatal injury,03 - Rear end,01 - Clear,01 - Daylight,01 - Dry,01 - Traffic signal,01 - Functioning,2,0,0,0,01 - Minimal,1,1,,,,367968.6819,5015643.711,45.27791146,-75.69486111,8470
16--5326,2016/05/13,2:45 PM,BANTREE ST @ BLACKWELL ST (0008392),8392,02 - Intersection related,03 - P.D. only,03 - Rear end,01 - Clear,01 - Daylight,01 - Dry,02 - Stop sign,01 - Functioning,2,0,0,0,,0,,,,,374451.402,5029962.451,45.40613345,-75.6102269,8471
16--5327,2016/05/13,2:57 PM,TERRY FOX DR S @ DIDSBURY RD/CENTRUM KANATA SC (0011820),11820,02 - Intersection related,03 - P.D. only,03 - Rear end,01 - Clear,01 - Daylight,01 - Dry,01 - Traffic signal,01 - Functioning,2,0,0,0,,0,,,,,350622.2937,5018917.472,45.30871428,-75.91563948,8472
16--5328,2016/05/13,3:25 PM,GREENBANK RD @ BERRIGAN DR/WESSEX RD (0004726),4726,02 - Intersection related,02 - Non-fatal injury,03 - Rear end,01 - Clear,01 - Daylight,01 - Dry,01 - Traffic signal,01 - Functioning,2,0,0,0,01 - Minimal,2,2,,,,363722.3645,5015276.425,45.27497531,-75.74902281,8473
16--5329,2016/05/13,3:33 PM,RIVERSIDE DR btwn HOG'S BACK RD & RIDGEWOOD AVE (__3ZA372),__3ZA372,01 - Non intersection,03 - P.D. only,03 - Rear end,01 - Clear,01 - Daylight,01 - Dry,10 - No control,,2,0,0,0,,0,,,,,368171.3338,5026202.385,45.37289821,-75.69092705,8474
16--533,2016/01/13,10:27 AM,BASELINE RD btwn ZENA ST & MARSON ST (__3ZA4JJ),__3ZA4JJ,01 - Non intersection,03 - P.D. only,07 - SMV other,05 - Drifting Snow,01 - Daylight,05 - Packed snow,10 - No control,,1,0,0,0,,0,,,,,365656.4849,5025708.994,45.36868169,-75.72309232,8475
16--5330,2016/05/13,3:48 PM,REGIONAL ROAD 174 EB btwn OR174 IC109 RAMP55 & TRANSIT (__3ZA28V),__3ZA28V,01 - Non intersection,02 - Non-fatal injury,03 - Rear end,02 - Rain,01 - Daylight,02 - Wet,10 - No control,,2,0,0,0,01 - Minimal,3,3,,,,376504.2745,5035054.547,45.45174176,-75.58326406,8476
16--5331,2016/05/13,4:14 PM,COLONEL BY DR @ MAIN ST (0002626),2626,02 - Intersection related,03 - P.D. only,03 - Rear end,01 - Clear,01 - Daylight,01 - Dry,02 - Stop sign,01 - Functioning,2,0,0,0,,0,,,,,368859.1998,5030915.067,45.41523889,-75.68153394,8477
16--5332,2016/05/13,4:30 PM,TENTH LINE RD btwn OLD TENTH LINE RD & TOMPKINS AVE (__3ZBPKU),__3ZBPKU,01 - Non intersection,03 - P.D. only,04 - Sideswipe,01 - Clear,01 - Daylight,01 - Dry,10 - No control,,2,0,0,0,,0,,,,,383103.6922,5038212.93,45.47944983,-75.49840007,8478
16--5333,2016/05/13,4:57 PM,LOLA ST @ DONALD ST (0008513),8513,03 - At intersection,03 - P.D. only,05 - Turning movement,01 - Clear,01 - Daylight,01 - Dry,01 - Traffic signal,01 - Functioning,2,0,0,0,,0,,,,,371094.6621,5032359.785,45.42802963,-75.65278076,8479
16--5334,2016/05/13,5:17 PM,RICHARDSON SIDE RD btwn CARP RD & OAK CREEK RD (__3ZAC40),__3ZAC40,04 - At/near private drive,03 - P.D. only,05 - Turning movement,01 - Clear,01 - Daylight,01 - Dry,10 - No control,,2,0,0,0,,0,,,,,346736.9824,5017662.175,45.29766143,-75.96529183,8480
16--5335,2016/05/13,5:28 PM,CEDARVIEW RD @ JOCKVALE RD (0000788),788,02 - Intersection related,03 - P.D. only,03 - Rear end,01 - Clear,01 - Daylight,01 - Dry,11 - Roundabout,01 - Functioning,2,0,0,0,,0,,,,,361474.895,5015252.432,45.27494417,-75.77766767,8481