Anom_ID,Accident_Date,Accident_Time,Location,Geo_ID,Accident_Location,Classification_of_Accident,Initial_Impact_Type,Environment_Condition,Light,Road_Surface_Condition,Traffic_Control,Traffic_Control_Condition,No__of_Vehicles,No__of_Bicycles,No__of_Motorcycles,No__of_Pedestrians,Max_Injury,No__of_Injuries,No__of_Minimal,No__of_Minor,No__of_Major,No__of_Fatal,X,Y,Latitude,Longitude,ObjectId
16--5336,2016/05/13,5:34 AM,MERIVALE RD @ ROSSLAND AVE (0001757),1757,02 - Intersection related,02 - Non-fatal injury,03 - Rear end,01 - Clear,03 - Dawn,01 - Dry,02 - Stop sign,01 - Functioning,2,0,0,0,02 - Minor,1,,1,,,364673.4723,5024152.862,45.35476451,-75.73582908,8482
16--5337,2016/05/13,6:03 PM,BOOTH ST @ SIR JOHN A. MACDONALD PKWY/WELLINGTON ST (0012252),12252,02 - Intersection related,03 - P.D. only,03 - Rear end,01 - Clear,01 - Daylight,01 - Dry,01 - Traffic signal,01 - Functioning,2,0,0,0,,0,,,,,366264.5005,5031007.257,45.41630112,-75.71467098,8483
16--5338,2016/05/13,6:05 PM,PINECREST RD @ RICHMOND RD (0002353),2353,03 - At intersection,03 - P.D. only,05 - Turning movement,01 - Clear,01 - Daylight,01 - Dry,01 - Traffic signal,01 - Functioning,2,0,0,0,,0,,,,,360072.8952,5024470.614,45.35800137,-75.7945065,8484
16--5339,2016/05/13,6:09 PM,KANATA AVE btwn MARITIME WAY & HWY417 IC139 RAMP61 (__4BCL6O),__4BCL6O,01 - Non intersection,02 - Non-fatal injury,03 - Rear end,01 - Clear,01 - Daylight,01 - Dry,10 - No control,,2,0,1,0,02 - Minor,2,,2,,,351609.1982,5019229.343,45.31145549,-75.90302495,8485
16--534,2016/01/13,10:48 PM,ALTA VISTA DR btwn EDGE HILL PL & AYERS AVE (__3ZA0TT),__3ZA0TT,01 - Non intersection,02 - Non-fatal injury,07 - SMV other,01 - Clear,07 - Dark,01 - Dry,10 - No control,,1,0,0,0,02 - Minor,1,,1,,,370387.4795,5026312.164,45.37368206,-75.66262154,8486
16--5340,2016/05/13,6:12 PM,HUNTLEY RD btwn MANSFIELD RD & BROWNLEE RD (__3ZA42J),__3ZA42J,01 - Non intersection,03 - P.D. only,07 - SMV other,01 - Clear,01 - Daylight,01 - Dry,10 - No control,,1,0,0,0,,0,,,,,354432.5629,5008558.911,45.2152463,-75.86808579,8487
16--5341,2016/05/13,6:50 PM,HIGHWAY 417 btwn HWY417 IC124 RAMP67 & HWY417 IC123 RAMP62 (__3ZA2YZ),__3ZA2YZ,01 - Non intersection,03 - P.D. only,04 - Sideswipe,01 - Clear,01 - Daylight,01 - Dry,10 - No control,,2,0,0,0,,0,,,,,364787.7806,5028091.508,45.39019401,-75.73389193,8488
16--5342,2016/05/13,6:52 AM,NOTRE DAME ST @ ORLEANS BLVD (0004105),4105,03 - At intersection,02 - Non-fatal injury,02 - Angle,01 - Clear,01 - Daylight,01 - Dry,02 - Stop sign,01 - Functioning,2,0,0,0,02 - Minor,1,,1,,,380689.0656,5036867.478,45.46761118,-75.52948938,8489
16--5343,2016/05/13,7:38 PM,NORMAN ST @ PRESTON ST (0006127),6127,03 - At intersection,03 - P.D. only,02 - Angle,01 - Clear,01 - Daylight,01 - Dry,02 - Stop sign,01 - Functioning,2,0,0,0,,0,,,,,366716.9327,5029193.558,45.39994207,-75.70911861,8490
16--5344,2016/05/13,7:40 PM,INDUSTRIAL AVE/INNES RD @ ST. LAURENT BLVD (0002203),2203,03 - At intersection,03 - P.D. only,05 - Turning movement,01 - Clear,01 - Daylight,01 - Dry,01 - Traffic signal,01 - Functioning,2,0,0,0,,0,,,,,373103.2906,5030008.141,45.4066774,-75.62744021,8491
16--5345,2016/05/13,7:43 PM,BANK ST @ HUNT CLUB RD (0002119),2119,03 - At intersection,03 - P.D. only,04 - Sideswipe,01 - Clear,01 - Daylight,01 - Dry,01 - Traffic signal,01 - Functioning,3,0,1,0,,0,,,,,371609.8601,5024096.956,45.35363491,-75.64731619,8492
16--5346,2016/05/13,8:00 AM,HIGHWAY 417 btwn HWY417 IC127 RAMP25 & HWY417 IC126 RAMP51 (__3ZA2XA),__3ZA2XA,01 - Non intersection,02 - Non-fatal injury,03 - Rear end,01 - Clear,01 - Daylight,01 - Dry,10 - No control,,2,0,0,0,02 - Minor,1,,1,,,363184.2677,5025855.164,45.37020721,-75.75463319,8493
16--5347,2016/05/13,8:01 AM,HAWTHORNE RD/RUSSELL RD @ WALKLEY RD (0002618),2618,02 - Intersection related,03 - P.D. only,03 - Rear end,02 - Rain,01 - Daylight,02 - Wet,01 - Traffic signal,01 - Functioning,2,0,0,0,,0,,,,,374674.5921,5028500.243,45.39295499,-75.60758321,8494
16--5348,2016/05/13,8:20 AM,HIGHWAY 417 btwn HWY417 IC127 RAMP25 & HWY417 IC126 RAMP51 (__3ZA2XA),__3ZA2XA,01 - Non intersection,03 - P.D. only,03 - Rear end,01 - Clear,01 - Daylight,01 - Dry,10 - No control,,2,0,0,0,,0,,,,,363203.2493,5025878.649,45.37041694,-75.75438811,8495
16--5349,2016/05/13,8:24 PM,BAYCREST DR @ WALKLEY RD (0006958),6958,03 - At intersection,03 - P.D. only,03 - Rear end,01 - Clear,05 - Dusk,01 - Dry,01 - Traffic signal,01 - Functioning,2,0,0,0,,0,,,,,371421.2486,5026590.425,45.37608823,-75.64938696,8496
16--535,2016/01/13,11:12 AM,AMBERWOOD CRES @ PRINCE OF WALES DR (0000048),48,02 - Intersection related,03 - P.D. only,03 - Rear end,01 - Clear,01 - Daylight,06 - Ice,02 - Stop sign,01 - Functioning,2,0,0,0,,0,,,,,367435.9252,5020647.274,45.32298056,-75.70101876,8497
16--5350,2016/05/13,8:24 PM,DAVID MANCHESTER RD btwn PENNYCROSS LANE & Continuation of DAVID MANCH (__7J2ETK),__7J2ETK,01 - Non intersection,03 - P.D. only,07 - SMV other,01 - Clear,05 - Dusk,08 - Loose sand or gravel,10 - No control,,1,0,0,0,,0,,,,,345800.0772,5013518.809,45.26043302,-75.97757939,8498
16--5351,2016/05/13,8:30 AM,HAWTHORNE RD @ STEVENAGE DR (0008802),8802,02 - Intersection related,03 - P.D. only,05 - Turning movement,02 - Rain,01 - Daylight,02 - Wet,01 - Traffic signal,01 - Functioning,2,0,0,0,,0,,,,,375136.5158,5027312.188,45.38221921,-75.60185371,8499
16--5352,2016/05/13,8:30 AM,HIGHWAY 417 btwn HWY417 IC127 RAMP25 & HWY417 IC126 RAMP51 (__3ZA2XA),__3ZA2XA,01 - Non intersection,03 - P.D. only,04 - Sideswipe,02 - Rain,01 - Daylight,02 - Wet,10 - No control,,2,0,0,0,,0,,,,,363189.6521,5025862.113,45.37026929,-75.75456364,8500
16--5353,2016/05/13,8:40 PM,ST. JOSEPH BLVD btwn R.C.M.P. COMPLEX & YOUVILLE DR (__3ZA2BHB),__3ZA2BHB,01 - Non intersection,03 - P.D. only,07 - SMV other,01 - Clear,07 - Dark,01 - Dry,10 - No control,,1,0,0,0,,0,,,,,378880.4122,5036074.992,45.46067515,-75.55273563,8501
16--5354,2016/05/13,8:41 AM,HIGHWAY 417 btwn HWY417 IC123 RAMP62 & HWY417 IC122 RAMP16 (__3ZA2R9),__3ZA2R9,01 - Non intersection,03 - P.D. only,03 - Rear end,01 - Clear,01 - Daylight,01 - Dry,10 - No control,,2,0,0,0,,0,,,,,365132.1389,5028711.202,45.39574031,-75.72941873,8502
16--5355,2016/05/13,8:46 PM,OLD SECOND LINE RD btwn BRADY AVE & TERRY FOX DR (__8IAYKL),__8IAYKL,01 - Non intersection,03 - P.D. only,07 - SMV other,01 - Clear,07 - Dark,01 - Dry,10 - No control,,1,0,0,0,,0,,,,,348540.786,5022688.544,45.34278018,-75.94185,8503
16--5356,2016/05/13,8:57 PM,ISABELLA ST btwn O'CONNOR ST & METCALFE ST (__3ZA3PW),__3ZA3PW,01 - Non intersection,02 - Non-fatal injury,03 - Rear end,01 - Clear,07 - Dark,01 - Dry,10 - No control,,3,0,0,0,02 - Minor,2,,2,,,368307.2251,5030315.431,45.40989388,-75.68866291,8504
16--5357,2016/05/13,9:00 PM,LAURIN CRES btwn PRESTONE DR & PRESTONE DR (__3ZBN8W),__3ZBN8W,01 - Non intersection,03 - P.D. only,06 - SMV unattended vehicle,01 - Clear,05 - Dusk,01 - Dry,10 - No control,,1,0,0,0,,0,,,,,383065.2033,5038079.9,45.47825726,-75.49891351,8505
16--5358,2016/05/13,9:04 AM,HENDERSON AVE btwn OSGOODE ST & SOMERSET ST E (__3ZA7GD),__3ZA7GD,01 - Non intersection,03 - P.D. only,06 - SMV unattended vehicle,02 - Rain,01 - Daylight,02 - Wet,10 - No control,,1,0,0,0,,0,,,,,368944.0285,5031854.216,45.42368125,-75.68032796,8506
16--5359,2016/05/13,9:15 AM,CONSTELLATION CRES @ BASELINE RD (0011415),11415,02 - Intersection related,02 - Non-fatal injury,03 - Rear end,02 - Rain,01 - Daylight,02 - Wet,01 - Traffic signal,01 - Functioning,3,0,0,0,01 - Minimal,2,2,,,,362272.5578,5023595.825,45.34995322,-75.76653436,8507
16--536,2016/01/13,11:57 AM,HIGHWAY 417 btwn HWY417 IC124 RAMP65 & HWY417 IC122 RAMP51 (__3ZA2R8),__3ZA2R8,01 - Non intersection,03 - P.D. only,03 - Rear end,01 - Clear,01 - Daylight,01 - Dry,10 - No control,,2,0,0,0,,0,,,,,365128.9552,5028669.699,45.39536714,-75.72946447,8508
16--5360,2016/05/13,9:33 PM,ALBERT ST btwn CITY CENTRE AVE & PRESTON ST (__3ZA32G),__3ZA32G,01 - Non intersection,02 - Non-fatal injury,05 - Turning movement,01 - Clear,07 - Dark,01 - Dry,10 - No control,,2,0,0,0,01 - Minimal,1,1,,,,366116.407,5030437.725,45.41118962,-75.71663384,8509
16--5361,2016/05/14,1:42 PM,BASELINE RD @ WOODROFFE AVE (0002225),2225,02 - Intersection related,03 - P.D. only,03 - Rear end,01 - Clear,01 - Daylight,02 - Wet,01 - Traffic signal,01 - Functioning,2,0,0,0,,0,,,,,362549.4585,5023770.273,45.35150015,-75.76298046,8510
16--5362,2016/05/14,1:44 PM,CATHERINE ST/HWY 417 O'CONN IC119BR76 @ O'CONN (0001697),1697,03 - At intersection,03 - P.D. only,02 - Angle,01 - Clear,01 - Daylight,01 - Dry,01 - Traffic signal,01 - Functioning,2,0,0,0,,0,,,,,368243.5057,5030392.61,45.41059409,-75.68946695,8511
16--5363,2016/05/14,10:19 PM,DEERFOX DR btwn BEATRICE DR & SETTLER'S RIDGE WAY (__3ZAZ1G),__3ZAZ1G,01 - Non intersection,03 - P.D. only,06 - SMV unattended vehicle,01 - Clear,07 - Dark,01 - Dry,10 - No control,,1,0,0,0,,0,,,,,365488.5861,5015712.741,45.27875105,-75.72646066,8512
16--5364,2016/05/14,11:24 AM,HAZELDEAN RD btwn IRWIN GT & EAGLESON RD (__3ZA41Q),__3ZA41Q,01 - Non intersection,03 - P.D. only,04 - Sideswipe,01 - Clear,01 - Daylight,01 - Dry,10 - No control,,2,0,0,0,,0,,,,,353425.302,5018270.998,45.3027087,-75.87995886,8513
16--5365,2016/05/14,12:00 PM,MELANIE CRES btwn SUMNER ST & MCKITRICK DR (2) (__3ZABZ5),__3ZABZ5,01 - Non intersection,03 - P.D. only,06 - SMV unattended vehicle,01 - Clear,01 - Daylight,01 - Dry,10 - No control,,1,0,0,0,,0,,,,,352819.428,5017096.916,45.2921857,-75.88779786,8514
16--5366,2016/05/14,12:33 PM,MERIVALE RD @ FAMILY BROWN LANE (0010933),10933,03 - At intersection,03 - P.D. only,05 - Turning movement,01 - Clear,01 - Daylight,01 - Dry,01 - Traffic signal,01 - Functioning,2,0,0,0,,0,,,,,365005.1527,5023384.943,45.34782648,-75.73168969,8515
16--5367,2016/05/14,2:30 PM,PRESTON ST btwn LOUISA ST & ST. ANTHONY ST (__3ZA2G7),__3ZA2G7,01 - Non intersection,03 - P.D. only,06 - SMV unattended vehicle,02 - Rain,01 - Daylight,02 - Wet,10 - No control,,1,0,0,0,,0,,,,,366526.0815,5029630.67,45.40389195,-75.71150146,8516
16--5368,2016/05/14,2:40 AM,HAWTHORNE RD @ HUNT CLUB RD (0007651),7651,02 - Intersection related,03 - P.D. only,07 - SMV other,01 - Clear,07 - Dark,01 - Dry,01 - Traffic signal,01 - Functioning,1,0,0,0,,0,,,,,375506.6225,5026405.853,45.3740272,-75.59725808,8517
16--5369,2016/05/14,3:03 PM,JOCKVALE RD @ STRANDHERD DR (0010541),10541,03 - At intersection,03 - P.D. only,05 - Turning movement,02 - Rain,01 - Daylight,02 - Wet,01 - Traffic signal,01 - Functioning,2,0,0,0,,0,,,,,363559.8063,5014577.388,45.26869896,-75.7511772,8518
16--537,2016/01/13,12:07 AM,HIGHWAY 417 btwn HWY417 IC104 RAMP15 & HWY417 IC96 RAMP51 (__3ZA2W4),__3ZA2W4,01 - Non intersection,02 - Non-fatal injury,07 - SMV other,03 - Snow,07 - Dark,03 - Loose snow,10 - No control,,1,0,0,0,02 - Minor,1,,1,,,384881.1061,5024986.913,45.36025211,-75.47781803,8519
16--5370,2016/05/14,3:45 PM,TERRY FOX DR btwn CASTLEFRANK RD & TRANS CANADA TRAIL (__355BDZA),__355BDZA,01 - Non intersection,03 - P.D. only,07 - SMV other,02 - Rain,01 - Daylight,02 - Wet,10 - No control,,1,0,0,0,,0,,,,,353006.5933,5016289.527,45.2849078,-75.88549027,8520
16--5371,2016/05/14,4:13 PM,WOODROFFE AVE btwn MIRAMICHI ST & TECUMSEH ST (__3ZA3GS),__3ZA3GS,01 - Non intersection,03 - P.D. only,03 - Rear end,01 - Clear,01 - Daylight,01 - Dry,10 - No control,,3,0,0,0,,0,,,,,362350.8528,5024270.03,45.35601325,-75.76545676,8521
16--5372,2016/05/14,4:20 PM,VERSILIA DR @ CRESTHAVEN DR (0010962),10962,03 - At intersection,03 - P.D. only,05 - Turning movement,01 - Clear,01 - Daylight,01 - Dry,02 - Stop sign,01 - Functioning,2,0,0,0,,0,,,,,367006.8652,5016339.948,45.2842619,-75.70703183,8522
16--5373,2016/05/14,4:43 PM,MARKETPLACE AVE @ RIOCAN AVE (0010995),10995,03 - At intersection,03 - P.D. only,02 - Angle,01 - Clear,01 - Daylight,01 - Dry,02 - Stop sign,01 - Functioning,2,0,0,0,,0,,,,,364287.1016,5014760.696,45.27028723,-75.74188755,8523
16--5374,2016/05/14,4:45 PM,RICHMOND RD btwn TURN LANE & JOHN SUTHERLAND DR (__3ZA4LM),__3ZA4LM,01 - Non intersection,03 - P.D. only,03 - Rear end,01 - Clear,01 - Daylight,01 - Dry,10 - No control,,2,0,0,0,,0,,,,,358706.0272,5021975.222,45.33565419,-75.81222366,8524
16--5375,2016/05/14,5:15 PM,ANDERSON RD @ RIDGE RD (0003631),3631,02 - Intersection related,03 - P.D. only,03 - Rear end,01 - Clear,01 - Daylight,01 - Dry,02 - Stop sign,01 - Functioning,2,0,0,0,,0,,,,,379030.881,5028509.431,45.39258944,-75.55195209,8525
16--5376,2016/05/14,6:19 PM,BANK ST btwn HOLMWOOD AVE & LANSDOWNE PARK (__3ZA3NFA),__3ZA3NFA,01 - Non intersection,02 - Non-fatal injury,99 - Other,01 - Clear,01 - Daylight,01 - Dry,10 - No control,,2,0,0,1,02 - Minor,1,,1,,,368508.8178,5029134.373,45.39924878,-75.68624032,8526
16--5377,2016/05/14,7:00 PM,GRANVILLE ST btwn MONTFORT ST & MONTREAL RD (__3ZA8VT),__3ZA8VT,04 - At/near private drive,03 - P.D. only,06 - SMV unattended vehicle,01 - Clear,01 - Daylight,01 - Dry,10 - No control,,1,0,0,0,,0,,,,,370793.6028,5033553.116,45.43879517,-75.65646781,8527
16--5378,2016/05/14,7:10 PM,PLEASANT PARK RD btwn VALLEY DR & CONNERY AVE (__3ZA75E),__3ZA75E,01 - Non intersection,03 - P.D. only,06 - SMV unattended vehicle,01 - Clear,01 - Daylight,01 - Dry,10 - No control,,1,0,0,0,,0,,,,,373300.1706,5028685.687,45.39475932,-75.62510908,8528
16--5379,2016/05/14,7:29 AM,BRIDLE PARK DR btwn RIVERGREEN CRES/WINDGATE CRES & WINDGATE CRES (__3ZAZTF),__3ZAZTF,01 - Non intersection,02 - Non-fatal injury,07 - SMV other,01 - Clear,01 - Daylight,01 - Dry,10 - No control,,1,0,0,0,02 - Minor,1,,1,,,355828.4114,5016209.938,45.28399245,-75.84952982,8529
16--5208,2016/05/10,4:12 PM,CONROY RD @ JOHNSTON RD (0011908),11908,02 - Intersection related,03 - P.D. only,03 - Rear end,01 - Clear,01 - Daylight,01 - Dry,01 - Traffic signal,01 - Functioning,2,0,0,0,,0,,,,,373396.1307,5026308.685,45.3733627,-75.62421392,8530
16--4937,2016/05/02,11:48 AM,KILBORN PL btwn KILBORN AVE & END (__3ZA5ON),__3ZA5ON,04 - At/near private drive,03 - P.D. only,02 - Angle,01 - Clear,01 - Daylight,01 - Dry,10 - No control,,2,1,0,0,,0,,,,,369722.4012,5027684.169,45.38608885,-75.67093152,8531
16--4667,2016/04/22,7:00 AM,NEPEAN ST btwn METCALFE ST & ELGIN ST (__3ZA9UD),__3ZA9UD,04 - At/near private drive,03 - P.D. only,05 - Turning movement,02 - Rain,01 - Daylight,02 - Wet,10 - No control,,2,0,0,0,,0,,,,,367984.1256,5031384.985,45.41954663,-75.69265314,8532
16--4938,2016/05/02,12:36 PM,O'CONNOR ST @ SOMERSET ST (0002690),2690,03 - At intersection,02 - Non-fatal injury,02 - Angle,01 - Clear,01 - Daylight,01 - Dry,01 - Traffic signal,01 - Functioning,2,1,0,0,01 - Minimal,1,1,,,,367856.0494,5031012.746,45.41620889,-75.69433713,8533
16--5209,2016/05/10,4:39 PM,MERIVALE RD @ SLACK RD (0000110),110,03 - At intersection,03 - P.D. only,05 - Turning movement,01 - Clear,01 - Daylight,01 - Dry,01 - Traffic signal,01 - Functioning,2,0,0,0,,0,,,,,366020.8239,5020955.493,45.32587872,-75.71902993,8534
16--4668,2016/04/22,8:11 PM,FERNBANK RD btwn TERRY FOX DR & Continuation of FERNBANK RD (__3ZA2LW),__3ZA2LW,01 - Non intersection,03 - P.D. only,07 - SMV other,01 - Clear,07 - Dark,01 - Dry,10 - No control,,1,0,0,0,,0,,,,,354340.6279,5015163.106,45.27467924,-75.86859823,8535
16--4939,2016/05/02,2:21 PM,ST. LAURENT BLVD @ MCARTHUR AVE (0008246),8246,03 - At intersection,03 - P.D. only,05 - Turning movement,01 - Clear,01 - Daylight,01 - Dry,01 - Traffic signal,01 - Functioning,2,0,0,0,,0,,,,,371922.8413,5032886.902,45.4326934,-75.6421263,8536
16--521,2016/01/12,9:45 AM,TANDALEE CRES btwn Continuation of TANDALEE CRES & Continuation of TAN (__5WX08G),__5WX08G,04 - At/near private drive,03 - P.D. only,06 - SMV unattended vehicle,03 - Snow,01 - Daylight,03 - Loose snow,10 - No control,,1,0,0,0,,0,,,,,355974.7052,5016030.649,45.28236854,-75.84768359,8537
16--4669,2016/04/22,8:16 AM,CLAYTON RD @ RUSSELL RD (0004700),4700,03 - At intersection,03 - P.D. only,07 - SMV other,02 - Rain,01 - Daylight,02 - Wet,02 - Stop sign,01 - Functioning,1,0,0,0,,0,,,,,397400.3366,5028535.704,45.39063784,-75.31738489,8538
16--494,2016/01/12,5:35 AM,HIGHWAY 417 btwn REGIONAL ROAD 174 & HWY417 IC113 RAMP62 (__3ZA280),__3ZA280,01 - Non intersection,03 - P.D. only,03 - Rear end,01 - Clear,07 - Dark,01 - Dry,10 - No control,,2,0,0,0,,0,,,,,373284.8423,5031731.714,45.42216754,-75.62488169,8539
16--5210,2016/05/10,5:04 PM,HOLLAND AVE @ TYNDALL ST (0006087),6087,02 - Intersection related,03 - P.D. only,04 - Sideswipe,01 - Clear,01 - Daylight,01 - Dry,01 - Traffic signal,01 - Functioning,2,0,0,0,,0,,,,,365032.0876,5028916.775,45.39759862,-75.7306714,8540
16--467,2016/01/12,12:25 PM,TAPIOLA CRES btwn GREENBORO CRES & GENTLE GATE CRES (__3ZA9FE),__3ZA9FE,01 - Non intersection,03 - P.D. only,01 - Approaching,03 - Snow,01 - Daylight,06 - Ice,10 - No control,,2,0,0,0,,0,,,,,371781.9407,5025061.961,45.36230128,-75.64498943,8541
16--5211,2016/05/10,5:25 PM,PORTAGE BRIDGE SB btwn PROVINCIAL BOUNDARY & WELLINGTON ST (__6TE1GY),__6TE1GY,07 - Overpass or bridge,03 - P.D. only,04 - Sideswipe,01 - Clear,01 - Daylight,01 - Dry,10 - No control,,2,0,0,0,,0,,,,,366412.437,5031484.935,45.42058612,-75.71272125,8542
16--5212,2016/05/10,5:31 PM,CAMBRIAN RD/GOLFLINKS DR W @ LONGFIELDS DR (0009702),9702,03 - At intersection,03 - P.D. only,04 - Sideswipe,01 - Clear,01 - Daylight,01 - Dry,11 - Roundabout,01 - Functioning,2,0,0,0,,0,,,,,365382.2316,5013223.187,45.25635925,-75.72811981,8543
16--5213,2016/05/10,6:34 PM,TENTH LINE RD @ CHARLEMAGNE BLVD S/DES EPINETT (0003686),3686,02 - Intersection related,03 - P.D. only,03 - Rear end,01 - Clear,01 - Daylight,01 - Dry,01 - Traffic signal,01 - Functioning,3,0,0,0,,0,,,,,383640.9751,5036900.456,45.46758093,-75.49173924,8544
16--5214,2016/05/10,7:13 PM,RICHMOND RD @ WEST HUNT CLUB RD (0000598),598,02 - Intersection related,02 - Non-fatal injury,03 - Rear end,01 - Clear,01 - Daylight,01 - Dry,01 - Traffic signal,01 - Functioning,2,0,0,0,01 - Minimal,1,1,,,,357145.4226,5018152.912,45.30137878,-75.83253767,8545
16--5215,2016/05/10,7:30 AM,EARL ARMSTRONG RD @ SPRATT RD (0013063),13063,03 - At intersection,02 - Non-fatal injury,05 - Turning movement,01 - Clear,01 - Daylight,01 - Dry,01 - Traffic signal,01 - Functioning,3,0,0,0,02 - Minor,1,,1,,,368396.0349,5015010.98,45.27217969,-75.68949573,8546
16--5216,2016/05/10,7:32 PM,DONALD ST @ ST. LAURENT BLVD (0008630),8630,03 - At intersection,02 - Non-fatal injury,05 - Turning movement,01 - Clear,01 - Daylight,01 - Dry,01 - Traffic signal,01 - Functioning,2,0,0,0,02 - Minor,1,,1,,,372094.6314,5032471.896,45.42894286,-75.63998767,8547
16--5217,2016/05/10,7:41 PM,FALLOWFIELD RD @ MOODIE DR (0010412),10412,02 - Intersection related,03 - P.D. only,03 - Rear end,01 - Clear,01 - Daylight,01 - Dry,01 - Traffic signal,01 - Functioning,2,0,0,0,,0,,,,,359501.4304,5014636.187,45.26955541,-75.80288583,8548
16--5218,2016/05/10,7:45 AM,AVIATION PKWY @ OGILVIE RD (0004114),4114,02 - Intersection related,02 - Non-fatal injury,03 - Rear end,01 - Clear,01 - Daylight,01 - Dry,01 - Traffic signal,01 - Functioning,2,0,0,0,01 - Minimal,1,1,,,,373111.8416,5032377.262,45.42799278,-75.62700256,8549
16--5219,2016/05/10,7:58 AM,VIEWMOUNT DR @ MERIVALE RD (0001528),1528,03 - At intersection,03 - P.D. only,03 - Rear end,01 - Clear,01 - Daylight,01 - Dry,01 - Traffic signal,01 - Functioning,2,0,0,0,,0,,,,,365193.4724,5022949.394,45.34389128,-75.72933984,8550
16--522,2016/01/12,9:45 PM,MCARTHUR AVE btwn LAFONTAINE AVE & EASTWOOD PL (__3ZA3W0),__3ZA3W0,01 - Non intersection,03 - P.D. only,03 - Rear end,01 - Clear,07 - Dark,03 - Loose snow,10 - No control,,2,0,0,0,,0,,,,,371045.5441,5032781.533,45.43182899,-75.65335166,8551
16--5220,2016/05/10,8:15 AM,HIGHWAY 417 btwn HWY417 IC130 RAMP35 & HWY417 IC130 RAMP25 (__3ZA298),__3ZA298,01 - Non intersection,03 - P.D. only,03 - Rear end,01 - Clear,01 - Daylight,01 - Dry,10 - No control,,2,0,0,0,,0,,,,,359183.4623,5023057.354,45.3453544,-75.80601366,8552
16--5221,2016/05/10,8:30 AM,GARFIELD AVE @ MAITLAND AVE (0002031),2031,02 - Intersection related,03 - P.D. only,03 - Rear end,01 - Clear,01 - Daylight,01 - Dry,01 - Traffic signal,01 - Functioning,2,0,0,0,,0,,,,,363343.3682,5025563.204,45.36756692,-75.7526368,8553
16--5222,2016/05/10,8:30 AM,HIGHWAY 417 btwn HWY417 IC117 RAMP61 & HWY417 IC115 RAMP36 (__3ZA2RZ),__3ZA2RZ,01 - Non intersection,03 - P.D. only,03 - Rear end,01 - Clear,01 - Daylight,01 - Dry,10 - No control,,5,0,0,0,,0,,,,,371556.0329,5031420.759,45.41953681,-75.64701253,8554
16--5223,2016/05/10,9:58 AM,BANK ST @ JOHNSTON RD (0006967),6967,03 - At intersection,03 - P.D. only,05 - Turning movement,01 - Clear,01 - Daylight,01 - Dry,01 - Traffic signal,01 - Functioning,2,0,0,0,,0,,,,,370851.0541,5024839.302,45.36038619,-75.65690046,8555
16--5224,2016/05/11,1:39 PM,GLADWIN CRES btwn BOURASSA ST & END (__3ZBOZY),__3ZBOZY,01 - Non intersection,03 - P.D. only,03 - Rear end,01 - Clear,01 - Daylight,01 - Dry,10 - No control,,2,0,0,0,,0,,,,,373349.2498,5029744.286,45.40427931,-75.62433518,8556
16--5225,2016/05/11,1:44 PM,O'CONNOR ST btwn MCLEOD ST & ARGYLE AVE (__3ZBOE5),__3ZBOE5,01 - Non intersection,03 - P.D. only,04 - Sideswipe,01 - Clear,01 - Daylight,01 - Dry,10 - No control,,2,0,0,0,,0,,,,,368168.7557,5030509.843,45.41165569,-75.69040676,8557
16--5226,2016/05/11,10:00 AM,PRINCE OF WALES DR btwn WINDING WAY & MERIVALE RD (__3ZA26F),__3ZA26F,04 - At/near private drive,03 - P.D. only,03 - Rear end,01 - Clear,01 - Daylight,01 - Dry,10 - No control,,2,0,0,0,,0,,,,,367449.4866,5017604.775,45.29560337,-75.70123042,8558
16--5227,2016/05/11,10:08 AM,BEECHWOOD AVE btwn MACKAY ST & SPRINGFIELD RD (__3ZA3MM),__3ZA3MM,01 - Non intersection,03 - P.D. only,04 - Sideswipe,01 - Clear,01 - Daylight,01 - Dry,10 - No control,,2,0,0,0,,0,,,,,369220.9179,5033637.805,45.43970385,-75.67655671,8559
16--5228,2016/05/11,10:25 PM,SILVERLACE PRIV btwn BELLFLOWER PRIV & CORALBELL PRIV (__3ZAZLW),__3ZAZLW,04 - At/near private drive,03 - P.D. only,07 - SMV other,01 - Clear,07 - Dark,01 - Dry,10 - No control,,1,0,0,0,,0,,,,,372800.8549,5024957.691,45.361265,-75.63199904,8560
16--5229,2016/05/11,10:56 AM,BRONSON AVE @ SOMERSET ST (0002218),2218,02 - Intersection related,03 - P.D. only,03 - Rear end,01 - Clear,01 - Daylight,01 - Dry,01 - Traffic signal,01 - Functioning,2,0,0,0,,0,,,,,366967.4706,5030476.347,45.41146205,-75.70575699,8561
16--523,2016/01/12,9:48 PM,PRESTON ST btwn PRIMROSE AVE & ELM ST (__3ZA329),__3ZA329,01 - Non intersection,03 - P.D. only,04 - Sideswipe,03 - Snow,07 - Dark,05 - Packed snow,10 - No control,,2,0,0,0,,0,,,,,366221.3176,5030324.643,45.41016294,-75.71530774,8562
16--5230,2016/05/11,10:58 AM,BRONSON AVE @ GLADSTONE AVE (0002110),2110,03 - At intersection,02 - Non-fatal injury,07 - SMV other,01 - Clear,01 - Daylight,01 - Dry,01 - Traffic signal,01 - Functioning,1,0,0,1,02 - Minor,1,,1,,,367132.5781,5030081.115,45.40789118,-75.70369778,8563
16--5231,2016/05/11,12:00 PM,BRONSON AVE @ HWY 417 BRONSON IC121AR51 (0002693),2693,02 - Intersection related,03 - P.D. only,03 - Rear end,01 - Clear,01 - Daylight,01 - Dry,01 - Traffic signal,01 - Functioning,2,0,0,0,,0,,,,,367288.9126,5029710.487,45.40454244,-75.70174777,8564