Anom_ID,Accident_Date,Accident_Time,Location,Geo_ID,Accident_Location,Classification_of_Accident,Initial_Impact_Type,Environment_Condition,Light,Road_Surface_Condition,Traffic_Control,Traffic_Control_Condition,No__of_Vehicles,No__of_Bicycles,No__of_Motorcycles,No__of_Pedestrians,Max_Injury,No__of_Injuries,No__of_Minimal,No__of_Minor,No__of_Major,No__of_Fatal,X,Y,Latitude,Longitude,ObjectId
16--5232,2016/05/11,12:00 PM,COMO CRES btwn TRENHOLM LANE & VARENNES BLVD (1) (__3ZAZS4),__3ZAZS4,04 - At/near private drive,03 - P.D. only,02 - Angle,01 - Clear,01 - Daylight,01 - Dry,10 - No control,,2,0,0,0,,0,,,,,385009.401,5037960.099,45.47695878,-75.4740689,8565
16--5233,2016/05/11,12:20 PM,ALTA VISTA DR @ DORION AVE (0007456),7456,02 - Intersection related,03 - P.D. only,03 - Rear end,01 - Clear,01 - Daylight,01 - Dry,01 - Traffic signal,01 - Functioning,2,0,0,0,,0,,,,,370672.942,5030135.458,45.40805589,-75.65846694,8566
16--5234,2016/05/11,12:28 PM,O'GRADY ST btwn MANOTICK MAIN ST & DICKINSON ST (__3ZA90E),__3ZA90E,01 - Non intersection,03 - P.D. only,06 - SMV unattended vehicle,01 - Clear,01 - Daylight,01 - Dry,10 - No control,,1,0,0,0,,0,,,,,368962.885,5009772.517,45.22499295,-75.68294829,8567
16--5235,2016/05/11,12:37 PM,REGIONAL ROAD 174 btwn TRANSIT & OR174 IC105 RAMP51 (__3ZA28H),__3ZA28H,01 - Non intersection,02 - Non-fatal injury,04 - Sideswipe,01 - Clear,01 - Daylight,01 - Dry,10 - No control,,2,0,0,0,02 - Minor,1,,1,,,378578.5748,5036532.504,45.46482345,-75.55652603,8568
16--5236,2016/05/11,12:55 PM,REGIONAL ROAD 174 btwn TRANSIT & OR174 IC105 RAMP51 (__3ZA28H),__3ZA28H,01 - Non intersection,02 - Non-fatal injury,03 - Rear end,01 - Clear,01 - Daylight,01 - Dry,10 - No control,,3,0,0,0,02 - Minor,2,1,1,,,377177.4781,5035747.877,45.45791049,-75.57455627,8569
16--5237,2016/05/11,2:17 PM,KENT ST btwn ALBERT ST & SLATER ST (__3ZA1XL),__3ZA1XL,01 - Non intersection,03 - P.D. only,04 - Sideswipe,01 - Clear,01 - Daylight,01 - Dry,10 - No control,,2,0,0,0,,0,,,,,367255.6195,5031262.734,45.41851206,-75.70197634,8570
16--5238,2016/05/11,2:28 PM,CENTREPOINTE DR @ HEMMINGWOOD WAY W (0001187),1187,02 - Intersection related,03 - P.D. only,03 - Rear end,01 - Clear,01 - Daylight,01 - Dry,02 - Stop sign,01 - Functioning,2,0,0,0,,0,,,,,361701.5521,5022999.761,45.34463643,-75.77388952,8571
16--457,2016/01/12,11:26 AM,RICHARDSON SIDE RD @ TERRY FOX DR (0013651),13651,03 - At intersection,03 - P.D. only,05 - Turning movement,03 - Snow,01 - Daylight,03 - Loose snow,01 - Traffic signal,01 - Functioning,2,0,0,0,,0,,,,,348803.086,5019506.072,45.31412702,-75.93878598,8572
16--5239,2016/05/11,2:36 PM,RICHMOND RD @ LYNHAR RD/STAFFORD RD (0000155),155,02 - Intersection related,03 - P.D. only,03 - Rear end,01 - Clear,01 - Daylight,01 - Dry,01 - Traffic signal,01 - Functioning,2,0,0,0,,0,,,,,358136.6325,5021086.883,45.32770437,-75.81958366,8573
16--524,2016/01/12,9:55 PM,HIGHWAY 417 btwn HWY417 IC120A RAMP52 & HWY417 IC119B RAMP57 (__3ZA2R1),__3ZA2R1,01 - Non intersection,03 - P.D. only,07 - SMV other,03 - Snow,07 - Dark,03 - Loose snow,10 - No control,,1,0,0,0,,0,,,,,367792.2173,5030000.868,45.40711008,-75.69528194,8574
16--5240,2016/05/11,3:15 PM,INDUSTRIAL AVE @ RUSSELL RD (0007732),7732,02 - Intersection related,03 - P.D. only,03 - Rear end,01 - Clear,01 - Daylight,01 - Dry,01 - Traffic signal,01 - Functioning,2,0,0,0,,0,,,,,372466.4028,5030280.452,45.40918939,-75.635538,8575
16--5241,2016/05/11,3:29 PM,OR174 IC105 RAMP36 btwn JEANNE D'ARC BLVD N & OR174 IC105 RAMP16 (__3ZAY09),__3ZAY09,01 - Non intersection,02 - Non-fatal injury,07 - SMV other,01 - Clear,01 - Daylight,01 - Dry,10 - No control,,1,0,0,1,02 - Minor,1,,1,,,379272.0407,5037271.894,45.47140233,-75.54754724,8576
16--5242,2016/05/11,3:30 PM,CUMMINGS AVE btwn WELDON DR & OGILVIE RD (__3ZA7UQ),__3ZA7UQ,04 - At/near private drive,03 - P.D. only,05 - Turning movement,01 - Clear,01 - Daylight,01 - Dry,10 - No control,,2,0,0,0,,0,,,,,372707.1472,5032271.26,45.42707843,-75.6321884,8577
16--5243,2016/05/11,3:53 PM,ELGIN ST @ WELLINGTON ST W (0002113),2113,02 - Intersection related,02 - Non-fatal injury,07 - SMV other,01 - Clear,01 - Daylight,01 - Dry,01 - Traffic signal,01 - Functioning,1,0,0,1,,0,,,,,367664.6584,5031878.234,45.4240135,-75.69667184,8578
16--5244,2016/05/11,4:07 PM,MONTREAL RD @ SHEFFORD RD (0012423),12423,02 - Intersection related,03 - P.D. only,04 - Sideswipe,01 - Clear,01 - Daylight,01 - Dry,01 - Traffic signal,01 - Functioning,2,0,0,0,,0,,,,,376126.4047,5034854.024,45.44997625,-75.58812357,8579
16--5245,2016/05/11,4:09 PM,CHAPEL ST @ RIDEAU ST (0011918),11918,02 - Intersection related,03 - P.D. only,03 - Rear end,01 - Clear,01 - Daylight,01 - Dry,01 - Traffic signal,01 - Functioning,2,0,0,0,,0,,,,,368891.2809,5032643.046,45.43078368,-75.68089928,8580
16--5246,2016/05/11,4:24 PM,VANIER PKWY NB btwn BEECHWOOD AVE/ ST. PATRICK ST/CRICHTON ST & DESCHA (__3ZA4SV),__3ZA4SV,01 - Non intersection,03 - P.D. only,04 - Sideswipe,01 - Clear,01 - Daylight,01 - Dry,10 - No control,,2,0,0,0,,0,,,,,369197.5362,5033458.425,45.43809201,-75.67687902,8581
16--5247,2016/05/11,4:31 PM,CARLING AVE @ PINECREST  RD/GREENVIEW AVE (0001630),1630,02 - Intersection related,03 - P.D. only,03 - Rear end,01 - Clear,01 - Daylight,01 - Dry,01 - Traffic signal,01 - Functioning,2,0,0,0,,0,,,,,360007.3499,5024631.629,45.35945535,-75.79532506,8582
16--5248,2016/05/11,4:31 PM,WEST HUNT CLUB RD @ WOODROFFE AVE (0000576),576,03 - At intersection,02 - Non-fatal injury,02 - Angle,01 - Clear,01 - Daylight,01 - Dry,01 - Traffic signal,01 - Functioning,2,1,0,0,01 - Minimal,1,1,,,,363669.9405,5021247.615,45.32870832,-75.74898185,8583
16--5249,2016/05/11,4:53 PM,HUNTMAR DR @ MAPLE GROVE RD (0003119),3119,02 - Intersection related,03 - P.D. only,03 - Rear end,01 - Clear,01 - Daylight,01 - Dry,01 - Traffic signal,01 - Functioning,2,0,0,0,,0,,,,,350267.3803,5016713.004,45.2889009,-75.92036752,8584
16--525,2016/01/13,1:00 PM,FOSTER ST @ PARKDALE AVE (0006100),6100,02 - Intersection related,03 - P.D. only,03 - Rear end,01 - Clear,01 - Daylight,03 - Loose snow,02 - Stop sign,01 - Functioning,2,0,0,0,,0,,,,,365243.8435,5029058.508,45.39885565,-75.72794958,8585
16--5250,2016/05/11,4:59 PM,ACACIA AVE @ ROCKCLIFFE PKWY (0002628),2628,02 - Intersection related,03 - P.D. only,03 - Rear end,01 - Clear,01 - Daylight,01 - Dry,02 - Stop sign,01 - Functioning,2,0,0,0,,0,,,,,368701.5507,5035534.318,45.45681558,-75.68294837,8586
16--5251,2016/05/11,5:02 PM,MONTREAL RD btwn ST. LAURENT BLVD & HILLSIDE DR (__3ZA1MC),__3ZA1MC,04 - At/near private drive,03 - P.D. only,01 - Approaching,01 - Clear,01 - Daylight,01 - Dry,10 - No control,,2,0,0,0,,0,,,,,371678.521,5033881.099,45.44166212,-75.64511345,8587
16--5252,2016/05/11,5:09 PM,PRINCE OF WALES DR btwn WELLSMERE CRT & TURN LANE (__3ZA2Y6),__3ZA2Y6,01 - Non intersection,03 - P.D. only,03 - Rear end,01 - Clear,01 - Daylight,01 - Dry,10 - No control,,2,0,0,0,,0,,,,,367415.5745,5022179.671,45.33677062,-75.7010845,8588
16--5253,2016/05/11,5:36 PM,BAYNE AVE btwn DAVID DR & MEADOWLANDS DR W (__3ZAAVK),__3ZAAVK,04 - At/near private drive,02 - Non-fatal injury,07 - SMV other,01 - Clear,01 - Daylight,01 - Dry,10 - No control,,1,0,0,1,02 - Minor,1,,1,,,364744.7448,5023733.123,45.35098166,-75.73497039,8589
16--5254,2016/05/11,5:38 PM,STRANDHERD DR btwn MARAVISTA DR & KENNEVALE DR (__6NF1SR),__6NF1SR,01 - Non intersection,03 - P.D. only,03 - Rear end,01 - Clear,01 - Daylight,01 - Dry,10 - No control,,3,0,0,0,,0,,,,,361316.6836,5014517.652,45.26834529,-75.77976757,8590
16--5255,2016/05/11,5:43 AM,CARLING AVE @ ISLAND PARK DR (0010785),10785,03 - At intersection,03 - P.D. only,02 - Angle,01 - Clear,03 - Dawn,01 - Dry,01 - Traffic signal,01 - Functioning,2,0,0,0,,0,,,,,365349.8269,5027997.768,45.38930219,-75.72672616,8591
16--5256,2016/05/11,5:43 PM,BASELINE RD btwn FISHER AVE & LEXINGTON ST (__3ZA4JR),__3ZA4JR,01 - Non intersection,03 - P.D. only,03 - Rear end,01 - Clear,01 - Daylight,01 - Dry,10 - No control,,3,0,0,0,,0,,,,,366366.3144,5026152.448,45.3726098,-75.71397606,8592
16--5257,2016/05/11,6:00 PM,HIGHWAY 7 btwn HWY 7 HAZELDEAN RD IC RAMP 52 & HAZELDEAN RD IC RAMP 62 (__7JQ7JA),__7JQ7JA,01 - Non intersection,02 - Non-fatal injury,07 - SMV other,01 - Clear,01 - Daylight,01 - Dry,10 - No control,,1,0,1,0,02 - Minor,1,,1,,,346404.4211,5012341.357,45.24980231,-75.96997777,8593
16--5258,2016/05/11,6:35 PM,ORLEANS BLVD btwn TIMOTHY CRT & FORTUNE DR (__3ZA69Z),__3ZA69Z,04 - At/near private drive,02 - Non-fatal injury,02 - Angle,01 - Clear,01 - Daylight,01 - Dry,10 - No control,,2,1,0,0,02 - Minor,1,,1,,,380155.4563,5037869.65,45.4766857,-75.5361588,8594
16--5259,2016/05/11,6:45 PM,BRANTHAVEN ST @ BRANTHAVEN ST N (0013432),13432,03 - At intersection,03 - P.D. only,02 - Angle,01 - Clear,01 - Daylight,01 - Dry,02 - Stop sign,01 - Functioning,2,1,0,0,,0,,,,,384732.7338,5034963.474,45.45002969,-75.47809435,8595
16--526,2016/01/13,1:05 AM,HIGHWAY 417 btwn RAMP & HWY417 IC88 RAMP51 (__3ZA2W2),__3ZA2W2,01 - Non intersection,03 - P.D. only,07 - SMV other,03 - Snow,07 - Dark,05 - Packed snow,10 - No control,,1,0,0,0,,0,,,,,392209.8412,5022904.292,45.34063943,-75.3846568,8596
16--5260,2016/05/11,6:58 PM,WATTERS RD btwn MONTCREST DR & TRIM RD (__3ZA5TU),__3ZA5TU,04 - At/near private drive,02 - Non-fatal injury,99 - Other,01 - Clear,01 - Daylight,01 - Dry,10 - No control,,2,1,0,0,02 - Minor,1,,1,,,384921.7734,5038679.376,45.48344019,-75.4750722,8597
16--5261,2016/05/11,7:24 PM,SANIBEL PRIV  btwn OLD RICHMOND RD & OLD RICHMOND RD (__8IAYJE),__8IAYJE,04 - At/near private drive,03 - P.D. only,99 - Other,01 - Clear,01 - Daylight,01 - Dry,10 - No control,,2,0,0,0,,0,,,,,357481.28,5019161.929,45.31043294,-75.82814816,8598
16--5262,2016/05/11,7:45 AM,TENTH LINE RD @ CHARLEMAGNE BLVD N/TOMPKINS AV (0009222),9222,02 - Intersection related,03 - P.D. only,03 - Rear end,01 - Clear,01 - Daylight,01 - Dry,01 - Traffic signal,01 - Functioning,2,0,0,0,,0,,,,,383184.1917,5037977.99,45.47732702,-75.49740803,8599
16--5263,2016/05/11,7:51 AM,LEES AVE btwn HWY417 IC118 RAMP45 & TRANSIT (__3ZA3CM),__3ZA3CM,04 - At/near private drive,03 - P.D. only,05 - Turning movement,01 - Clear,01 - Daylight,01 - Dry,10 - No control,,2,1,0,0,,0,,,,,369635.8294,5030939.18,45.41538432,-75.67160903,8600
16--5264,2016/05/11,7:54 AM,BILBERRY DR W @ JEANNE D'ARC BLVD (0004408),4408,03 - At intersection,02 - Non-fatal injury,02 - Angle,01 - Clear,01 - Daylight,01 - Dry,01 - Traffic signal,01 - Functioning,2,1,0,0,02 - Minor,1,,1,,,380447.7901,5038399.069,45.48141737,-75.53233867,8601
16--5265,2016/05/11,7:58 AM,CARLING AVE @ RICHMOND RD (0010847),10847,02 - Intersection related,03 - P.D. only,03 - Rear end,01 - Clear,01 - Daylight,01 - Dry,01 - Traffic signal,01 - Functioning,2,0,0,0,,0,,,,,360245.4543,5024781.962,45.36078925,-75.79226923,8602
16--5266,2016/05/11,8:28 PM,POPLAR ST btwn PRESTON ST & ROCHESTER ST (__3ZAAKO),__3ZAAKO,01 - Non intersection,03 - P.D. only,06 - SMV unattended vehicle,01 - Clear,05 - Dusk,01 - Dry,10 - No control,,1,0,0,0,,0,,,,,366473.722,5029969.717,45.40694722,-75.71212783,8603
16--5267,2016/05/11,8:49 AM,LESTER RD btwn ALBION RD & UPLANDS DR (__3ZA2SC),__3ZA2SC,01 - Non intersection,02 - Non-fatal injury,03 - Rear end,01 - Clear,01 - Daylight,01 - Dry,10 - No control,,3,0,0,0,02 - Minor,1,,1,,,371410.7015,5021380.062,45.32920807,-75.65022354,8604
16--5268,2016/05/11,9:02 PM,ERINDALE DR btwn NAVAHO DR & MAITLAND AVE (__3ZAAOY),__3ZAAOY,01 - Non intersection,03 - P.D. only,01 - Approaching,01 - Clear,07 - Dark,01 - Dry,10 - No control,,2,0,0,0,,0,,,,,363661.6624,5025074.51,45.36314305,-75.74863203,8605
16--5269,2016/05/11,9:18 PM,CARLING AVE @ PINECREST  RD/GREENVIEW AVE (0001630),1630,03 - At intersection,03 - P.D. only,04 - Sideswipe,01 - Clear,07 - Dark,01 - Dry,01 - Traffic signal,01 - Functioning,2,0,0,0,,0,,,,,360006.8952,5024633.626,45.35947335,-75.79533064,8606
16--527,2016/01/13,1:25 PM,BANK ST @ GLADSTONE AVE (0002253),2253,03 - At intersection,02 - Non-fatal injury,07 - SMV other,03 - Snow,01 - Daylight,03 - Loose snow,01 - Traffic signal,01 - Functioning,1,0,0,1,01 - Minimal,1,1,,,,367915.6087,5030561.912,45.41214707,-75.69363395,8607
16--5270,2016/05/11,9:28 AM,RIVERSIDE DR @ UPLANDS DR/KIMBERWICK CRES N (0006890),6890,02 - Intersection related,03 - P.D. only,03 - Rear end,01 - Clear,01 - Daylight,01 - Dry,01 - Traffic signal,01 - Functioning,2,0,0,0,,0,,,,,368194.9407,5022794.399,45.34223183,-75.69106275,8608
16--5271,2016/05/11,9:56 AM,PARKDALE AVE btwn TYNDALL ST & SIMS AVE (__3ZA4P2),__3ZA4P2,01 - Non intersection,03 - P.D. only,03 - Rear end,01 - Clear,01 - Daylight,01 - Dry,10 - No control,,2,0,0,0,,0,,,,,365265.5044,5029008.149,45.39840067,-75.7276791,8609
16--5272,2016/05/12,1:16 PM,HERON RD @ KALADAR AVE (0006960),6960,03 - At intersection,02 - Non-fatal injury,02 - Angle,01 - Clear,01 - Daylight,01 - Dry,01 - Traffic signal,01 - Functioning,2,0,0,0,01 - Minimal,2,2,,,,369685.4351,5026804.407,45.37817646,-75.67151916,8610
16--5273,2016/05/12,1:30 PM,PAUL ANKA DR @ UPLANDS DR (0007476),7476,02 - Intersection related,03 - P.D. only,03 - Rear end,01 - Clear,01 - Daylight,01 - Dry,02 - Stop sign,01 - Functioning,2,0,0,0,,0,,,,,369457.9489,5023575.741,45.34914687,-75.67484594,8611
16--5274,2016/05/12,1:45 PM,BALMORAL DR btwn RIVER RD & LIMEBANK RD (__3ZA0VK),__3ZA0VK,01 - Non intersection,03 - P.D. only,06 - SMV unattended vehicle,01 - Clear,01 - Daylight,01 - Dry,10 - No control,,1,0,0,0,,0,,,,,368145.5056,5019599.401,45.31348831,-75.69210229,8612
16--5275,2016/05/12,1:47 PM,WOODROFFE AVE btwn HWY417 IC127 RAMP62 & HWY417 IC127 RAMP26 (__3ZA4ME),__3ZA4ME,01 - Non intersection,03 - P.D. only,03 - Rear end,01 - Clear,01 - Daylight,01 - Dry,10 - No control,,3,0,0,0,,0,,,,,362067.1813,5024977.27,45.36240017,-75.76899513,8613
16--5276,2016/05/12,10:30 AM,CARLING AVE btwn ULLSWATER DR & SUNNY BRAE AVE (__3ZA4ZB),__3ZA4ZB,04 - At/near private drive,03 - P.D. only,02 - Angle,01 - Clear,01 - Daylight,01 - Dry,10 - No control,,2,0,0,0,,0,,,,,356864.0757,5023819.619,45.35238931,-75.83552901,8614
16--5277,2016/05/12,11:06 PM,CLOVER ST @ HERON RD (0006837),6837,02 - Intersection related,03 - P.D. only,04 - Sideswipe,01 - Clear,07 - Dark,01 - Dry,01 - Traffic signal,01 - Functioning,2,0,0,0,,0,,,,,369291.5438,5026766.888,45.37787525,-75.67655289,8615
16--5278,2016/05/12,11:09 AM,CARLING AVE @ PINECREST  RD/GREENVIEW AVE (0001630),1630,03 - At intersection,03 - P.D. only,05 - Turning movement,01 - Clear,01 - Daylight,01 - Dry,01 - Traffic signal,01 - Functioning,2,0,0,0,,0,,,,,360006.451,5024631.18,45.35945138,-75.79533659,8616
16--5279,2016/05/12,11:30 AM,NOTMAN WAY btwn PITTAWAY AVE & ELLISSON WAY (__3ZA8NI),__3ZA8NI,01 - Non intersection,03 - P.D. only,06 - SMV unattended vehicle,01 - Clear,01 - Daylight,01 - Dry,10 - No control,,1,0,0,0,,0,,,,,374105.4417,5026047.645,45.37094418,-75.61519566,8617
16--528,2016/01/13,1:39 PM,ST. JOSEPH BLVD btwn MAISONNEUVE ST & GABRIEL ST (__3ZA2AU),__3ZA2AU,01 - Non intersection,03 - P.D. only,03 - Rear end,01 - Clear,01 - Daylight,01 - Dry,10 - No control,,2,0,0,0,,0,,,,,381532.1714,5037633.704,45.47441293,-75.51858922,8618
16--5280,2016/05/12,11:40 AM,KNOXDALE RD btwn TURN LANE & WOODROFFE AVE (__3ZA3G0),__3ZA3G0,01 - Non intersection,03 - P.D. only,03 - Rear end,01 - Clear,01 - Daylight,01 - Dry,10 - No control,,2,0,0,0,,0,,,,,363392.9483,5021813.903,45.33382693,-75.75244817,8619
16--5281,2016/05/12,11:55 AM,ADELINE ST btwn PRESTON ST & END (__3ZA03J),__3ZA03J,04 - At/near private drive,03 - P.D. only,06 - SMV unattended vehicle,01 - Clear,01 - Daylight,01 - Dry,10 - No control,,1,0,0,0,,0,,,,,366738.5001,5029039.514,45.39855412,-75.70886249,8620
16--5282,2016/05/12,12:10 AM,HIGHWAY 417 btwn HWY417 IC126 RAMP16 & HWY417 IC126 RAMP61 (__3ZA2RC),__3ZA2RC,01 - Non intersection,03 - P.D. only,03 - Rear end,"07 - Fog, mist, smoke, dust",07 - Dark,01 - Dry,10 - No control,,2,0,0,0,,0,,,,,363177.9253,5025885.933,45.37048459,-75.75471052,8621
16--5283,2016/05/12,12:46 PM,RICHMOND RD btwn WOODROFFE AVE & LOCKHART AVE (__3ZBPOH),__3ZBPOH,04 - At/near private drive,03 - P.D. only,05 - Turning movement,01 - Clear,01 - Daylight,01 - Dry,10 - No control,,2,0,0,0,,0,,,,,361627.6078,5026717.894,45.37809793,-75.77440551,8622
16--5284,2016/05/12,2:25 PM,KENT ST @ QUEEN ST (0003137),3137,03 - At intersection,03 - P.D. only,05 - Turning movement,01 - Clear,01 - Daylight,01 - Dry,01 - Traffic signal,01 - Functioning,2,0,0,0,,0,,,,,367179.4689,5031387.256,45.41963927,-75.70293349,8623
16--5285,2016/05/12,2:50 PM,LAURIER AVE   W btwn METCALFE ST & ELGIN ST (__3ZA35P),__3ZA35P,04 - At/near private drive,02 - Non-fatal injury,05 - Turning movement,01 - Clear,01 - Daylight,01 - Dry,10 - No control,,2,1,0,0,01 - Minimal,1,1,,,,367854.7085,5031490.925,45.42051151,-75.69429307,8624
16--5286,2016/05/12,2:54 PM,ST. LAURENT BLVD @ WALKLEY RD (0007653),7653,02 - Intersection related,03 - P.D. only,04 - Sideswipe,01 - Clear,01 - Daylight,01 - Dry,01 - Traffic signal,01 - Functioning,2,0,0,0,,0,,,,,373902.5246,5028045.728,45.38894208,-75.61750629,8625
16--5287,2016/05/12,3:25 PM,SAUNDERSON DR @ SMYTH RD (0007729),7729,03 - At intersection,03 - P.D. only,05 - Turning movement,01 - Clear,01 - Daylight,01 - Dry,01 - Traffic signal,01 - Functioning,2,0,0,0,,0,,,,,372793.1133,5029322.782,45.40054104,-75.6314967,8626
16--5288,2016/05/12,3:51 PM,DANFORTH AVE btwn ROOSEVELT AVE & CHURCHILL AVE N (__3ZA4A5),__3ZA4A5,04 - At/near private drive,03 - P.D. only,02 - Angle,01 - Clear,01 - Daylight,01 - Dry,10 - No control,,2,0,0,0,,0,,,,,363054.4301,5028094.18,45.39036438,-75.75602645,8627
16--5289,2016/05/12,4:14 PM,GARFIELD AVE @ MAITLAND AVE (0002031),2031,02 - Intersection related,02 - Non-fatal injury,03 - Rear end,01 - Clear,01 - Daylight,01 - Dry,01 - Traffic signal,01 - Functioning,3,0,1,0,01 - Minimal,1,1,,,,363343.3504,5025563.186,45.36756676,-75.75263702,8628
16--4670,2016/04/22,8:50 AM,DUNDONALD DR @ RIVER MIST RD (0014076),14076,03 - At intersection,03 - P.D. only,02 - Angle,01 - Clear,01 - Daylight,01 - Dry,11 - Roundabout,01 - Functioning,2,0,0,0,,0,,,,,364756.3412,5011926.383,45.24474418,-75.73625,8629
16--4940,2016/05/02,2:35 PM,SOMERSET ST    W btwn SPADINA AVE & BAYSWATER AVE (__3ZA319),__3ZA319,01 - Non intersection,03 - P.D. only,06 - SMV unattended vehicle,01 - Clear,01 - Daylight,01 - Dry,10 - No control,,1,0,0,0,,0,,,,,365724.9434,5029874.277,45.40615405,-75.72170426,8630
16--4671,2016/04/22,8:51 AM,ST. LAURENT BLVD btwn FOLEY AVE & WALKLEY RD (__3ZA73H),__3ZA73H,04 - At/near private drive,03 - P.D. only,05 - Turning movement,02 - Rain,01 - Daylight,02 - Wet,10 - No control,,2,0,0,0,,0,,,,,373871.2555,5028116.239,45.38957959,-75.6178957,8631
16--4672,2016/04/22,9:08 PM,UPLANDS DR btwn HUNT CLUB RD & UPLANDS DR (__3ZA2T5),__3ZA2T5,04 - At/near private drive,03 - P.D. only,02 - Angle,01 - Clear,07 - Dark,01 - Dry,10 - No control,,2,0,0,0,,0,,,,,370164.7806,5023098.592,45.3447881,-75.66588949,8632
16--4941,2016/05/02,2:46 PM,COLONIAL RD btwn FRANK KENNY RD & ROCKDALE RD (__3ZA3M3),__3ZA3M3,01 - Non intersection,03 - P.D. only,03 - Rear end,01 - Clear,01 - Daylight,01 - Dry,10 - No control,,2,0,0,0,,0,,,,,391096.1955,5032501.776,45.4271254,-75.39718641,8633
16--4673,2016/04/22,9:23 PM,WEST HUNT CLUB RD EB btwn 354 E OF WOODROFFE AVE/REC PATH & CLEOPATRA  (__3ZBOG1B),__3ZBOG1B,01 - Non intersection,02 - Non-fatal injury,07 - SMV other,01 - Clear,07 - Dark,01 - Dry,10 - No control,,1,0,0,0,02 - Minor,1,,1,,,364934.1993,5021688.161,45.33256513,-75.73280131,8634
16--4942,2016/05/02,2:55 PM,ORLEANS BLVD @ NAVAN RD (0012474),12474,02 - Intersection related,03 - P.D. only,99 - Other,01 - Clear,01 - Daylight,01 - Dry,02 - Stop sign,01 - Functioning,2,0,0,0,,0,,,,,380593.865,5033089.341,45.43362878,-75.53128882,8635
16--4674,2016/04/23,1:28 PM,MERIVALE RD @ BASIL MACDONALD WAY/MERIVALE MAL (0010301),10301,03 - At intersection,03 - P.D. only,04 - Sideswipe,01 - Clear,01 - Daylight,01 - Dry,01 - Traffic signal,01 - Functioning,2,0,0,0,,0,,,,,365096.3627,5023171.232,45.3458957,-75.73055187,8636
16--4943,2016/05/02,4:18 PM,RICHMOND RD @ STONEHAVEN DR (0010370),10370,03 - At intersection,02 - Non-fatal injury,05 - Turning movement,01 - Clear,01 - Daylight,01 - Dry,01 - Traffic signal,01 - Functioning,2,0,0,0,01 - Minimal,1,1,,,,356781.4166,5015891.213,45.28105468,-75.83741585,8637
16--4675,2016/04/23,1:36 PM,MEADOWLANDS DR/TALLWOOD DR @ WOODROFFE AVE (0000095),95,02 - Intersection related,02 - Non-fatal injury,03 - Rear end,01 - Clear,01 - Daylight,01 - Dry,01 - Traffic signal,01 - Functioning,2,0,0,0,01 - Minimal,1,1,,,,363056.9577,5022729.714,45.34209531,-75.75662669,8638
16--4944,2016/05/02,4:26 PM,BANK ST @ RIDEAU RD (0009263),9263,03 - At intersection,03 - P.D. only,02 - Angle,01 - Clear,01 - Daylight,01 - Dry,01 - Traffic signal,01 - Functioning,2,0,0,0,,0,,,,,376954.978,5017844.247,45.29684623,-75.58001695,8639
16--4676,2016/04/23,11:03 AM,HOPEWELL AVE btwn LEONARD AVE & GROSVENOR AVE (__3ZBOTS),__3ZBOTS,01 - Non intersection,02 - Non-fatal injury,07 - SMV other,01 - Clear,01 - Daylight,01 - Dry,10 - No control,,1,0,0,1,01 - Minimal,1,1,,,,368518.5946,5028356.951,45.39225289,-75.68621586,8640
16--4945,2016/05/02,4:38 PM,BETHUNE CRT @ TERON RD (0003288),3288,02 - Intersection related,03 - P.D. only,03 - Rear end,01 - Clear,01 - Daylight,01 - Dry,02 - Stop sign,01 - Functioning,2,0,0,0,,0,,,,,351584.3896,5021521.712,45.3320844,-75.90312476,8641
16--4946,2016/05/02,4:49 PM,WALKLEY RD btwn TURN LANE & RYDER ST (__3ZA2DF),__3ZA2DF,01 - Non intersection,03 - P.D. only,03 - Rear end,01 - Clear,01 - Daylight,01 - Dry,10 - No control,,3,0,0,0,,0,,,,,372430.8836,5027186.886,45.38135823,-75.63641581,8642
16--4947,2016/05/02,4:50 PM,JOSEPH DROUIN AVE btwn PARC DU VILLAGE ST & END (__3ZA48J),__3ZA48J,01 - Non intersection,03 - P.D. only,06 - SMV unattended vehicle,01 - Clear,01 - Daylight,01 - Dry,10 - No control,,1,0,0,0,,0,,,,,380908.3966,5037574.795,45.47395118,-75.52657531,8643
16--4948,2016/05/02,5:30 PM,SILVER SEVEN RD btwn 280 N OF PALLADIUM DR/COSTCO SC & PALLADIUM DR (__3ZAZH2B),__3ZAZH2B,04 - At/near private drive,03 - P.D. only,02 - Angle,01 - Clear,01 - Daylight,01 - Dry,10 - No control,,2,0,0,0,,0,,,,,350983.3097,5017963.057,45.30010255,-75.9111247,8644
16--4949,2016/05/02,7:00 PM,BANK ST btwn ANOKA ST & WILDWOOD AVE (__3ZA366),__3ZA366,01 - Non intersection,03 - P.D. only,06 - SMV unattended vehicle,01 - Clear,01 - Daylight,01 - Dry,10 - No control,,1,0,0,0,,0,,,,,370031.1202,5026752.557,45.37767783,-75.66711265,8645
16--495,2016/01/12,5:35 PM,JOHN QUINN RD btwn MITCH OWENS RD & PARKWAY RD (__3ZA2SV),__3ZA2SV,01 - Non intersection,03 - P.D. only,07 - SMV other,03 - Snow,05 - Dusk,05 - Packed snow,10 - No control,,1,0,0,0,,0,,,,,380960.9032,5016828.537,45.28728461,-75.52910414,8646
16--4950,2016/05/02,7:10 AM,RUSSELL RD @ TUPPER AVE (0007655),7655,02 - Intersection related,02 - Non-fatal injury,03 - Rear end,01 - Clear,01 - Daylight,02 - Wet,01 - Traffic signal,01 - Functioning,3,0,0,0,01 - Minimal,1,1,,,,374257.4098,5028748.096,45.39522655,-75.6128758,8647