Anom_ID,Accident_Date,Accident_Time,Location,Geo_ID,Accident_Location,Classification_of_Accident,Initial_Impact_Type,Environment_Condition,Light,Road_Surface_Condition,Traffic_Control,Traffic_Control_Condition,No__of_Vehicles,No__of_Bicycles,No__of_Motorcycles,No__of_Pedestrians,Max_Injury,No__of_Injuries,No__of_Minimal,No__of_Minor,No__of_Major,No__of_Fatal,X,Y,Latitude,Longitude,ObjectId
16--4951,2016/05/02,7:44 AM,FALLOWFIELD RD @ MERIVALE RD (0000587),587,03 - At intersection,03 - P.D. only,07 - SMV other,01 - Clear,01 - Daylight,01 - Dry,01 - Traffic signal,01 - Functioning,1,0,0,0,,0,,,,,366891.0392,5018844.694,45.3068096,-75.70819455,8648
16--4952,2016/05/02,7:49 AM,PRINCE OF WALES DR @ SECOND LINE RD (0011850),11850,03 - At intersection,03 - P.D. only,02 - Angle,02 - Rain,01 - Daylight,02 - Wet,02 - Stop sign,01 - Functioning,2,0,0,0,,0,,,,,365843.7234,5006594.478,45.19667399,-75.72305346,8649
16--4953,2016/05/02,7:50 AM,CAMPEAU DR/HWY 417 MARCH IC138R63 @ MARCH RD (0009710),9710,02 - Intersection related,03 - P.D. only,03 - Rear end,01 - Clear,01 - Daylight,01 - Dry,01 - Traffic signal,01 - Functioning,2,0,0,0,,0,,,,,352838.9986,5020482.803,45.32265134,-75.88722018,8650
16--4954,2016/05/02,9:19 AM,CUMBERLAND ST @ RIDEAU ST (0007759),7759,03 - At intersection,02 - Non-fatal injury,02 - Angle,01 - Clear,01 - Daylight,01 - Dry,01 - Traffic signal,01 - Functioning,4,0,0,0,01 - Minimal,1,1,,,,368374.0518,5032329.285,45.42800778,-75.68754942,8651
16--4955,2016/05/02,9:30 PM,OGILVIE RD @ ELMRIDGE DR/JASMINE CRES N (0008801),8801,03 - At intersection,02 - Non-fatal injury,07 - SMV other,01 - Clear,07 - Dark,01 - Dry,01 - Traffic signal,01 - Functioning,1,0,0,1,01 - Minimal,1,1,,,,375419.508,5034059.222,45.44289688,-75.59727387,8652
16--4956,2016/05/02,9:46 AM,HIGHWAY 417 btwn HWY417 IC144 RAMP61 & HWY417 IC142 RAMP16 (__3ZA20K),__3ZA20K,01 - Non intersection,02 - Non-fatal injury,07 - SMV other,01 - Clear,01 - Daylight,01 - Dry,10 - No control,,1,0,0,0,03 - Major,1,,,1,,348816.589,5017156.102,45.29298041,-75.93882244,8653
16--4957,2016/05/02,9:46 PM,WEST RIVER DR btwn WEST AVE & NORTH DR (__3ZA99X),__3ZA99X,01 - Non intersection,02 - Non-fatal injury,07 - SMV other,01 - Clear,07 - Dark,01 - Dry,10 - No control,,1,0,0,0,02 - Minor,1,,1,,,368732.5828,5010270.921,45.22949851,-75.68581664,8654
16--4958,2016/05/03,1:15 PM,BILLINGS BRIDGE NB RAMP @ RIVERSIDE DR EB (0011443),11443,02 - Intersection related,03 - P.D. only,04 - Sideswipe,01 - Clear,01 - Daylight,01 - Dry,10 - No control,,2,0,0,0,,0,,,,,369366.0452,5028026.584,45.38920273,-75.67543697,8655
16--4959,2016/05/03,1:43 PM,ROCKINGHAM AVE btwn CLEMENTINE BLVD & BANK ST (__3ZA873),__3ZA873,04 - At/near private drive,03 - P.D. only,06 - SMV unattended vehicle,01 - Clear,01 - Daylight,01 - Dry,10 - No control,,1,0,0,0,,0,,,,,369694.8501,5027314.458,45.38276487,-75.67133192,8656
16--496,2016/01/12,5:38 PM,BANKFIELD RD @ MANOTICK MAIN ST/RIDEAU VALLEY  (0000070),70,03 - At intersection,03 - P.D. only,05 - Turning movement,03 - Snow,05 - Dusk,03 - Loose snow,01 - Traffic signal,01 - Functioning,2,0,0,0,,0,,,,,368430.1976,5010159.277,45.22852133,-75.68968141,8657
16--4960,2016/05/03,10:35 AM,BANK ST btwn STRATHCONA AVE & PATTERSON AVE (__3ZA3OF),__3ZA3OF,01 - Non intersection,02 - Non-fatal injury,04 - Sideswipe,01 - Clear,01 - Daylight,01 - Dry,10 - No control,,2,1,0,0,01 - Minimal,1,1,,,,368153.5355,5029991.188,45.40699038,-75.69066785,8658
16--4961,2016/05/03,10:38 AM,JOHNSTON RD btwn SOUTHGATE RD & ALBION RD S (__3ZA9FX),__3ZA9FX,04 - At/near private drive,03 - P.D. only,99 - Other,01 - Clear,01 - Daylight,01 - Dry,10 - No control,,2,0,0,0,,0,,,,,371196.3387,5025047.509,45.36222695,-75.65246564,8659
16--4962,2016/05/03,11:14 PM,HERON RD @ ALTA VISTA DR (0007188),7188,03 - At intersection,02 - Non-fatal injury,02 - Angle,01 - Clear,07 - Dark,01 - Dry,01 - Traffic signal,01 - Functioning,2,0,0,0,01 - Minimal,1,1,,,,370490.942,5026902.279,45.37898202,-75.66122224,8660
16--4963,2016/05/03,11:17 AM,GREENBANK RD @ WEST HUNT CLUB RD (0005167),5167,02 - Intersection related,02 - Non-fatal injury,03 - Rear end,01 - Clear,01 - Daylight,01 - Dry,01 - Traffic signal,01 - Functioning,2,0,0,0,01 - Minimal,1,1,,,,361479.4525,5020501.357,45.32217382,-75.77700958,8661
16--4964,2016/05/03,11:57 AM,TRADEWINDS DR btwn PENDERBROOK AVE & HEATHWOOD GT (__4O47PD),__4O47PD,01 - Non intersection,03 - P.D. only,07 - SMV other,01 - Clear,01 - Daylight,01 - Dry,10 - No control,,1,0,0,0,,0,,,,,367408.7783,5016503.953,45.28570192,-75.70188834,8662
16--4965,2016/05/03,Unknown,FOXLIGHT CIR btwn ROSINGDALE ST & SUMMERGAZE ST (e___2HRB),e___2HRB,01 - Non intersection,03 - P.D. only,06 - SMV unattended vehicle,01 - Clear,00 - Unknown,01 - Dry,10 - No control,,1,0,0,0,,0,,,,,356766.0206,5015590.504,45.27834998,-75.83764357,8663
16--4966,2016/05/03,2:21 PM,HIGHWAY 417 btwn REGIONAL ROAD 174 & HWY417 IC113 RAMP62 (__3ZA280),__3ZA280,01 - Non intersection,03 - P.D. only,04 - Sideswipe,01 - Clear,01 - Daylight,01 - Dry,10 - No control,,2,0,0,0,,0,,,,,373524.4155,5031844.065,45.42315492,-75.62180505,8664
16--4967,2016/05/03,3:35 PM,OGILVIE RD btwn CUMMINGS AVE & BEAULIEU PL (__54PO0D),__54PO0D,04 - At/near private drive,03 - P.D. only,02 - Angle,01 - Clear,01 - Daylight,01 - Dry,10 - No control,,2,0,0,0,,0,,,,,372760.617,5032177.095,45.42622598,-75.63151816,8665
16--4968,2016/05/03,3:45 PM,ALERT RD/AIRPORT PKWY/UPLANDS DR RAMP 62 @ LES (0003652),3652,03 - At intersection,03 - P.D. only,05 - Turning movement,01 - Clear,01 - Daylight,01 - Dry,01 - Traffic signal,01 - Functioning,2,0,0,0,,0,,,,,371305.4094,5021355.539,45.32899741,-75.65156993,8666
16--4969,2016/05/03,3:45 PM,INNES RD btwn BELCOURT BLVD & 260 E OF BELCOURT BLVD/WALMART SC (__3ZA3JWA),__3ZA3JWA,01 - Non intersection,03 - P.D. only,04 - Sideswipe,01 - Clear,01 - Daylight,01 - Dry,10 - No control,,2,0,0,0,,0,,,,,382136.8426,5035276.038,45.45313395,-75.5112275,8667
16--497,2016/01/12,5:40 PM,BLAIR PL @ OGILVIE RD (0004162),4162,02 - Intersection related,03 - P.D. only,03 - Rear end,03 - Snow,07 - Dark,03 - Loose snow,01 - Traffic signal,01 - Functioning,2,0,0,0,,0,,,,,374797.4711,5033373.458,45.43678933,-75.60532189,8668
16--4970,2016/05/03,4:02 PM,DUNHAM ST @ OGILVIE RD (0009281),9281,02 - Intersection related,03 - P.D. only,03 - Rear end,01 - Clear,01 - Daylight,01 - Dry,02 - Stop sign,01 - Functioning,2,0,0,0,,0,,,,,374721.9509,5033324.802,45.43635911,-75.60629395,8669
16--4971,2016/05/03,4:18 PM,ELGIN ST btwn LEWIS ST & WAVERLEY ST (__3ZA34R),__3ZA34R,01 - Non intersection,02 - Non-fatal injury,04 - Sideswipe,01 - Clear,01 - Daylight,01 - Dry,10 - No control,,2,1,0,0,02 - Minor,1,,1,,,368279.3143,5031013.333,45.41617591,-75.68892957,8670
16--4972,2016/05/03,4:30 PM,WHEATLAND AVE btwn Continuation of WHEATLAND AVE & Continuation of WHE (__3ZA55M),__3ZA55M,01 - Non intersection,03 - P.D. only,04 - Sideswipe,01 - Clear,01 - Daylight,01 - Dry,10 - No control,,2,0,0,0,,0,,,,,355491.7303,5015339.438,45.27618387,-75.8539102,8671
16--4973,2016/05/03,4:55 PM,MARCH RD @ SOLANDT RD (0003172),3172,02 - Intersection related,03 - P.D. only,03 - Rear end,01 - Clear,01 - Daylight,01 - Dry,01 - Traffic signal,01 - Functioning,2,0,0,0,,0,,,,,350489.3838,5022710.502,45.34285355,-75.91698435,8672
16--4974,2016/05/03,5:15 PM,BOYER RD @ ST. JOSEPH BLVD (0003643),3643,03 - At intersection,03 - P.D. only,02 - Angle,01 - Clear,01 - Daylight,01 - Dry,02 - Stop sign,01 - Functioning,2,0,0,0,,0,,,,,380405.0678,5036834.485,45.46734514,-75.53312585,8673
16--4975,2016/05/03,5:19 PM,MEADOWLANDS DR @ VIEWMOUNT DR (0001752),1752,03 - At intersection,02 - Non-fatal injury,01 - Approaching,01 - Clear,01 - Daylight,01 - Dry,01 - Traffic signal,01 - Functioning,2,0,0,0,02 - Minor,1,,1,,,363740.807,5023105.511,45.34541957,-75.74785657,8674
16--4976,2016/05/03,5:25 PM,MARKETPLACE AVE @ RIOCAN AVE (0010995),10995,02 - Intersection related,03 - P.D. only,03 - Rear end,01 - Clear,01 - Daylight,01 - Dry,02 - Stop sign,01 - Functioning,2,0,0,0,,0,,,,,364286.6524,5014761.819,45.27029737,-75.74189314,8675
16--4977,2016/05/03,5:30 PM,BANK ST @ HUNT CLUB RD (0002119),2119,02 - Intersection related,03 - P.D. only,04 - Sideswipe,01 - Clear,01 - Daylight,01 - Dry,01 - Traffic signal,01 - Functioning,2,0,0,0,,0,,,,,371609.191,5024096.506,45.35363092,-75.64732479,8676
16--4978,2016/05/03,5:58 PM,BASIL MACDONALD WAY @ GRANT CARMAN DR (0010302),10302,02 - Intersection related,03 - P.D. only,03 - Rear end,01 - Clear,01 - Daylight,01 - Dry,02 - Stop sign,01 - Functioning,2,0,0,0,,0,,,,,365350.0915,5023324.601,45.34725384,-75.72729553,8677
16--4979,2016/05/03,6:31 AM,HUNT CLUB RD @ RIVERSIDE DR (0002237),2237,02 - Intersection related,03 - P.D. only,03 - Rear end,01 - Clear,01 - Daylight,01 - Dry,01 - Traffic signal,01 - Functioning,2,0,0,0,,0,,,,,368036.9275,5021945.723,45.33460988,-75.69318731,8678
16--498,2016/01/12,5:41 PM,CORDOVA ST btwn GRANTON AVE & CHIPPEWA AVE (__3ZAAX7),__3ZAAX7,01 - Non intersection,02 - Non-fatal injury,03 - Rear end,03 - Snow,07 - Dark,03 - Loose snow,10 - No control,,2,0,0,0,01 - Minimal,1,1,,,,363646.5184,5024325.62,45.3564059,-75.74891449,8679
16--4980,2016/05/03,7:01 AM,BOYER RD @ JEANNE D'ARC BLVD (0003638),3638,02 - Intersection related,02 - Non-fatal injury,03 - Rear end,"07 - Fog, mist, smoke, dust",01 - Daylight,01 - Dry,02 - Stop sign,01 - Functioning,2,0,0,0,02 - Minor,2,1,1,,,380683.5106,5036191.462,45.46152954,-75.52966477,8680
16--4981,2016/05/03,7:28 AM,HERON RD btwn ALTA VISTA DR & FINN CRT (__5RFC5O),__5RFC5O,01 - Non intersection,03 - P.D. only,04 - Sideswipe,01 - Clear,01 - Daylight,01 - Dry,10 - No control,,2,0,0,0,,0,,,,,370510.2308,5026906.129,45.37901485,-75.66097546,8681
16--4982,2016/05/03,7:30 PM,GLENBRAE AVE btwn MARCONI AVE & CELTIC RIDGE CRES (__6K4TIY),__6K4TIY,04 - At/near private drive,02 - Non-fatal injury,07 - SMV other,01 - Clear,01 - Daylight,01 - Dry,10 - No control,,1,0,0,1,02 - Minor,1,,1,,,349517.5946,5024763.07,45.36138564,-75.92919853,8682
16--4983,2016/05/03,7:43 PM,COPE DR @ TERRY FOX (0009143),9143,02 - Intersection related,03 - P.D. only,03 - Rear end,01 - Clear,05 - Dusk,01 - Dry,01 - Traffic signal,01 - Functioning,2,0,0,0,,0,,,,,353995.6007,5015346.044,45.27634959,-75.87297725,8683
16--4984,2016/05/03,7:54 AM,OTTAWA RIVER PKWY EB btwn TRANSIT & TURN LANE (2) (__3ZA24U),__3ZA24U,01 - Non intersection,03 - P.D. only,03 - Rear end,01 - Clear,01 - Daylight,01 - Dry,10 - No control,,2,0,0,0,,0,,,,,361277.7481,5026721.151,45.37815553,-75.77887191,8684
16--4985,2016/05/03,7:57 AM,BANK ST @ HERON RD (0002155),2155,02 - Intersection related,03 - P.D. only,03 - Rear end,"07 - Fog, mist, smoke, dust",01 - Daylight,01 - Dry,01 - Traffic signal,01 - Functioning,2,0,0,0,,0,,,,,369995.0614,5026851.323,45.37856986,-75.66755997,8685
16--4986,2016/05/03,8:02 AM,HAWTHORNE RD/RUSSELL RD @ WALKLEY RD (0002618),2618,02 - Intersection related,02 - Non-fatal injury,03 - Rear end,01 - Clear,01 - Daylight,01 - Dry,01 - Traffic signal,01 - Functioning,2,0,0,0,01 - Minimal,1,1,,,,374671.0794,5028503.348,45.39298328,-75.60762763,8686
16--4987,2016/05/03,8:16 AM,CUMMINGS AVE @ GARDENVALE RD (0007643),7643,03 - At intersection,03 - P.D. only,02 - Angle,01 - Clear,01 - Daylight,01 - Dry,02 - Stop sign,01 - Functioning,2,0,0,0,,0,,,,,372404.3994,5033033.252,45.43396379,-75.63595228,8687
16--4988,2016/05/03,8:39 PM,FISHER AVE @ DEER PARK RD/DYNES RD (0002341),2341,03 - At intersection,03 - P.D. only,04 - Sideswipe,01 - Clear,07 - Dark,01 - Dry,01 - Traffic signal,01 - Functioning,2,0,0,0,,0,,,,,366408.5641,5025455.256,45.3663329,-75.71352365,8688
16--4989,2016/05/03,8:59 AM,BLAIR RD @ OGILVIE RD (0004120),4120,02 - Intersection related,03 - P.D. only,03 - Rear end,01 - Clear,01 - Daylight,01 - Dry,01 - Traffic signal,01 - Functioning,2,0,0,0,,0,,,,,374507.4992,5033199.248,45.43525085,-75.6090524,8689
16--499,2016/01/12,5:42 PM,HIGHWAY 417 btwn HWY 417 ANDERSON IC104R61 & HWY 417 BOUNDARY IC96R16 (__3ZA2W5),__3ZA2W5,01 - Non intersection,03 - P.D. only,07 - SMV other,03 - Snow,07 - Dark,03 - Loose snow,10 - No control,,1,0,0,0,,0,,,,,384917.4637,5025038.17,45.36070912,-75.47734571,8690
16--4990,2016/05/03,9:07 AM,HIGHWAY 417 btwn HWY417 IC119B RAMP76 & HWY417 IC119A RAMP67 (__3ZA2YT),__3ZA2YT,01 - Non intersection,03 - P.D. only,99 - Other,01 - Clear,01 - Daylight,01 - Dry,10 - No control,,2,0,0,0,,0,,,,,368426.5965,5030442.015,45.411022,-75.6871217,8691
16--4991,2016/05/03,9:26 AM,WALKLEY RD btwn ST. LAURENT BLVD & MARTHA AVE (__3ZA2EM),__3ZA2EM,01 - Non intersection,03 - P.D. only,04 - Sideswipe,01 - Clear,01 - Daylight,01 - Dry,10 - No control,,2,0,0,0,,0,,,,,373920.0341,5028056.956,45.38904138,-75.61728113,8692
16--4992,2016/05/04,1:35 PM,SOMERSET ST    W btwn ARTHUR ST & CAMBRIDGE ST N (__3ZA33I),__3ZA33I,01 - Non intersection,03 - P.D. only,04 - Sideswipe,01 - Clear,01 - Daylight,01 - Dry,10 - No control,,2,0,0,0,,0,,,,,366842.7208,5030398.747,45.41077489,-75.70736039,8693
16--4993,2016/05/04,1:37 PM,HIGHWAY 417 btwn HWY417 IC127 RAMP63 & HWY417 IC127 RAMP67 (__3ZA2RF),__3ZA2RF,01 - Non intersection,02 - Non-fatal injury,04 - Sideswipe,01 - Clear,01 - Daylight,01 - Dry,10 - No control,,2,0,0,0,01 - Minimal,2,2,,,,362129.8298,5024856.443,45.36130786,-75.76820951,8694
16--4994,2016/05/04,1:50 PM,BANK ST @ QUEENSDALE AVE (0009260),9260,03 - At intersection,02 - Non-fatal injury,05 - Turning movement,01 - Clear,01 - Daylight,01 - Dry,01 - Traffic signal,01 - Functioning,2,0,0,0,02 - Minor,2,,2,,,373336.0687,5023444.615,45.3475988,-75.62537782,8695
16--4995,2016/05/04,1:59 PM,METCALFE ST @ GILMOUR ST (0006949),6949,03 - At intersection,03 - P.D. only,05 - Turning movement,01 - Clear,01 - Daylight,01 - Dry,01 - Traffic signal,01 - Functioning,2,0,0,0,,0,,,,,368098.2357,5030960.361,45.41571568,-75.69124977,8696
16--4996,2016/05/04,10:25 PM,RIVERSIDE DR @ HERON RD (0002236),2236,02 - Intersection related,03 - P.D. only,03 - Rear end,02 - Rain,07 - Dark,02 - Wet,01 - Traffic signal,01 - Functioning,2,0,0,0,,0,,,,,368120.1027,5026649.114,45.37692239,-75.69152378,8697
16--4997,2016/05/04,11:03 AM,BANK ST @ HERON RD (0002155),2155,02 - Intersection related,03 - P.D. only,03 - Rear end,01 - Clear,01 - Daylight,01 - Dry,01 - Traffic signal,01 - Functioning,2,0,0,0,,0,,,,,369995.4953,5026850.643,45.3785637,-75.66755452,8698
16--4998,2016/05/04,11:29 AM,WILBROD ST btwn FRIEL ST & CHAPEL ST (__3ZA8ZE),__3ZA8ZE,04 - At/near private drive,02 - Non-fatal injury,05 - Turning movement,01 - Clear,01 - Daylight,01 - Dry,10 - No control,,2,1,0,0,01 - Minimal,1,1,,,,368961.2474,5032314.977,45.42782543,-75.68004793,8699
16--4999,2016/05/04,11:43 AM,HAWTHORNE RD @ HUNT CLUB RD (0007651),7651,02 - Intersection related,03 - P.D. only,04 - Sideswipe,01 - Clear,01 - Daylight,01 - Dry,01 - Traffic signal,01 - Functioning,2,0,0,0,,0,,,,,375507.5244,5026406.755,45.37403522,-75.59724644,8700
16--50,2016/01/03,10:14 PM,BANK ST @ CHAMBERLAIN AVE N/ISABELLA ST (0002132),2132,03 - At intersection,03 - P.D. only,02 - Angle,01 - Clear,07 - Dark,02 - Wet,01 - Traffic signal,01 - Functioning,2,0,0,0,,0,,,,,368083.7769,5030166.121,45.40857068,-75.69153646,8701
16--500,2016/01/12,5:47 PM,WOODROFFE AVE @ QUEENSBURY DR/RIDEAUCREST DR (0000043),43,03 - At intersection,03 - P.D. only,02 - Angle,03 - Snow,07 - Dark,03 - Loose snow,01 - Traffic signal,01 - Functioning,3,0,0,0,,0,,,,,365726.9186,5016327.499,45.284262,-75.72334767,8702
16--5000,2016/05/04,11:55 AM,CONSUL AVE btwn CONSUL AVE & MORRISON DR (__3ZA2OE),__3ZA2OE,04 - At/near private drive,02 - Non-fatal injury,02 - Angle,01 - Clear,01 - Daylight,01 - Dry,10 - No control,,2,0,0,0,01 - Minimal,1,1,,,,359854.4233,5022983.252,45.34463529,-75.79746043,8703
16--5001,2016/05/04,12:20 PM,RIDEAU ST btwn WALLER ST & CUMBERLAND ST (__3ZA3V7),__3ZA3V7,01 - Non intersection,03 - P.D. only,06 - SMV unattended vehicle,01 - Clear,01 - Daylight,01 - Dry,10 - No control,,1,0,0,0,,0,,,,,368339.3675,5032307.809,45.4278177,-75.68799539,8704
16--5002,2016/05/04,12:45 PM,VIEWMOUNT DR @ MERIVALE RD (0001528),1528,02 - Intersection related,03 - P.D. only,03 - Rear end,01 - Clear,01 - Daylight,01 - Dry,01 - Traffic signal,01 - Functioning,2,0,0,0,,0,,,,,365193.9216,5022948.271,45.34388113,-75.72933425,8705
16--5003,2016/05/04,2:00 PM,WOODROFFE AVE btwn FOX CRES & GEORGINA DR (__3ZA4MF),__3ZA4MF,01 - Non intersection,03 - P.D. only,04 - Sideswipe,01 - Clear,01 - Daylight,01 - Dry,10 - No control,,2,0,0,0,,0,,,,,361906.174,5025378.423,45.36602285,-75.77100383,8706
16--5004,2016/05/04,2:03 PM,OBERON ST @ WESTCLIFFE RD (0000864),864,03 - At intersection,03 - P.D. only,05 - Turning movement,01 - Clear,01 - Daylight,01 - Dry,02 - Stop sign,01 - Functioning,2,0,0,0,,0,,,,,356483.8784,5019909.013,45.31722941,-75.84078938,8707
16--5005,2016/05/04,3:00 PM,NICHOLAS ST NB btwn HWY417 IC118 RAMP52 & WALLER ST/TRANSITWAY (__6KCFNL),__6KCFNL,01 - Non intersection,03 - P.D. only,04 - Sideswipe,01 - Clear,01 - Daylight,01 - Dry,10 - No control,,2,0,0,0,,0,,,,,368801.2409,5031478.933,45.42031766,-75.68220115,8708
16--5006,2016/05/04,3:11 PM,TENTH LINE RD btwn AMIENS ST & 275 N OF DES EPINETTES AVE/FALLINGBROOK (__3ZA3YNA),__3ZA3YNA,01 - Non intersection,03 - P.D. only,03 - Rear end,01 - Clear,01 - Daylight,01 - Dry,10 - No control,,2,0,0,0,,0,,,,,383357.8906,5037555.43,45.47350569,-75.49525421,8709
16--5007,2016/05/04,3:38 PM,PRINCE OF WALES DR @ FALLOWFIELD RD (0000566),566,02 - Intersection related,03 - P.D. only,03 - Rear end,01 - Clear,01 - Daylight,01 - Dry,01 - Traffic signal,01 - Functioning,2,0,0,0,,0,,,,,367400.3834,5019167.144,45.30966574,-75.70165913,8710
16--5008,2016/05/04,3:56 PM,GEORGE ST @ DALHOUSIE ST (0008516),8516,03 - At intersection,03 - P.D. only,05 - Turning movement,01 - Clear,01 - Daylight,01 - Dry,01 - Traffic signal,01 - Functioning,2,0,0,0,,0,,,,,368156.8321,5032315.287,45.42790154,-75.69032692,8711
16--5009,2016/05/04,4:07 PM,ISLAND PARK DR btwn CLEARVIEW AVE & OTTAWA RIVER PKWY (__3ZA23A),__3ZA23A,01 - Non intersection,02 - Non-fatal injury,04 - Sideswipe,01 - Clear,01 - Daylight,01 - Dry,10 - No control,,2,1,0,0,01 - Minimal,1,1,,,,363544.7121,5029365.66,45.40176398,-75.74961413,8712
16--501,2016/01/12,5:47 PM,RUSSELL AVE @ LAURIER AVE (0007752),7752,02 - Intersection related,03 - P.D. only,01 - Approaching,03 - Snow,07 - Dark,03 - Loose snow,02 - Stop sign,01 - Functioning,2,0,0,0,,0,,,,,369037.6247,5032215.313,45.42692168,-75.67908496,8713
16--5010,2016/05/04,4:25 PM,RICHMOND RD btwn HIGHFIELD CRES & GRENON AVE (__3ZA4LZ),__3ZA4LZ,04 - At/near private drive,02 - Non-fatal injury,02 - Angle,01 - Clear,01 - Daylight,01 - Dry,10 - No control,,2,1,0,0,02 - Minor,1,,1,,,359771.1862,5023975.868,45.35357337,-75.79841219,8714
16--5011,2016/05/04,4:31 PM,BASELINE RD @ FARLANE BLVD (0002725),2725,03 - At intersection,02 - Non-fatal injury,05 - Turning movement,01 - Clear,01 - Daylight,01 - Dry,01 - Traffic signal,01 - Functioning,2,0,0,0,01 - Minimal,2,2,,,,365357.3663,5025518.432,45.36699295,-75.72693395,8715
16--5109,2016/05/06,8:45 AM,KING EDWARD AVE btwn MARIE CURIE PRIV & TEMPLETON ST (__3ZA3MD),__3ZA3MD,01 - Non intersection,03 - P.D. only,01 - Approaching,01 - Clear,01 - Daylight,01 - Dry,10 - No control,,2,0,0,0,,0,,,,,369031.2017,5031549.557,45.42093204,-75.67925384,8716
16--5012,2016/05/04,4:36 PM,DONNELLY DR btwn HARNETT RD & MALAKOFF RD (__3ZA4KC),__3ZA4KC,01 - Non intersection,02 - Non-fatal injury,07 - SMV other,01 - Clear,01 - Daylight,01 - Dry,10 - No control,,1,0,0,0,01 - Minimal,1,1,,,,366164.6078,4988140.432,45.03059272,-75.72123154,8717
16--5013,2016/05/04,4:45 PM,STANLEY AVE @ SUSSEX DR (0007143),7143,03 - At intersection,02 - Non-fatal injury,02 - Angle,01 - Clear,01 - Daylight,01 - Dry,01 - Traffic signal,01 - Functioning,2,1,0,0,02 - Minor,1,,1,,,367832.3232,5033872.381,45.44194105,-75.69427423,8718
16--5014,2016/05/04,5:40 PM,CYRVILLE RD @ INNES RD (0009352),9352,02 - Intersection related,03 - P.D. only,03 - Rear end,01 - Clear,01 - Daylight,01 - Dry,01 - Traffic signal,01 - Functioning,2,0,0,0,,0,,,,,375047.9494,5031119.564,45.41648492,-75.60244224,8719
16--5015,2016/05/04,5:50 PM,ISLAND PARK DR btwn IONA ST & HELENA ST (__3ZA231),__3ZA231,01 - Non intersection,03 - P.D. only,04 - Sideswipe,01 - Clear,01 - Daylight,01 - Dry,10 - No control,,2,0,0,0,,0,,,,,364362.8879,5028357.051,45.39261958,-75.73928573,8720
16--5016,2016/05/04,5:58 PM,GOULBOURN FORCED RD @ KEYROCK DR (0013944),13944,02 - Intersection related,03 - P.D. only,03 - Rear end,01 - Clear,01 - Daylight,01 - Dry,02 - Stop sign,01 - Functioning,2,0,0,0,,0,,,,,349519.886,5020794.241,45.32567303,-75.92952807,8721
16--5017,2016/05/04,6:03 PM,CARLING AVE @ ROCHESTER ST (0002145),2145,02 - Intersection related,03 - P.D. only,03 - Rear end,01 - Clear,01 - Daylight,01 - Dry,02 - Stop sign,01 - Functioning,2,0,0,0,,0,,,,,366992.9379,5029042.554,45.39855892,-75.7056125,8722
16--5018,2016/05/04,6:30 AM,HIGHWAY 7 btwn RAMP & DWYER HILL RD (__7JQ7LW),__7JQ7LW,01 - Non intersection,03 - P.D. only,07 - SMV other,01 - Clear,01 - Daylight,01 - Dry,10 - No control,,1,0,0,0,,0,,,,,340921.667,5007117.524,45.20309802,-76.04020237,8723
16--4570,2016/04/19,7:00 AM,HALIFAX DR btwn BINGHAM ST & DAKOTA AVE (__3ZA7QC),__3ZA7QC,04 - At/near private drive,03 - P.D. only,02 - Angle,01 - Clear,01 - Daylight,02 - Wet,10 - No control,,2,0,0,0,,0,,,,,373489.9772,5027994.044,45.38851764,-75.62278142,8724
16--4677,2016/04/23,11:13 PM,HAZELDEAN RD btwn CARP RD & Continuation of HAZELDEAN RD (__5FCFM4),__5FCFM4,01 - Non intersection,03 - P.D. only,07 - SMV other,01 - Clear,07 - Dark,01 - Dry,10 - No control,,1,0,0,0,,0,,,,,348872.1404,5014435.633,45.2684972,-75.93835581,8725
16--4678,2016/04/23,11:34 AM,DONALD ST btwn EVE ST & LOLA ST (__3ZBOX2),__3ZBOX2,01 - Non intersection,02 - Non-fatal injury,03 - Rear end,01 - Clear,01 - Daylight,01 - Dry,10 - No control,,2,1,0,0,02 - Minor,1,,1,,,370927.8648,5032339.48,45.42786272,-75.65491486,8726
16--4679,2016/04/23,12:24 PM,BLAIR RD @ INNES RD (0004165),4165,02 - Intersection related,03 - P.D. only,03 - Rear end,01 - Clear,01 - Daylight,01 - Dry,01 - Traffic signal,01 - Functioning,3,0,0,0,,0,,,,,375578.9594,5031439.331,45.4193085,-75.59561244,8727
16--468,2016/01/12,12:36 PM,HOLLAND AVE btwn WELLINGTON ST W & BYRON AVE (__3ZA4PY),__3ZA4PY,04 - At/near private drive,03 - P.D. only,02 - Angle,03 - Snow,01 - Daylight,02 - Wet,10 - No control,,2,0,0,0,,0,,,,,364951.465,5029103.648,45.399287,-75.73167829,8728
16--4680,2016/04/23,2:10 AM,WOODWIND CRES btwn POOLE CREEK CRES & DOWDALL CRES (__3ZACM7),__3ZACM7,01 - Non intersection,03 - P.D. only,06 - SMV unattended vehicle,01 - Clear,07 - Dark,01 - Dry,10 - No control,,1,0,0,0,,0,,,,,351203.1872,5015254.257,45.2757135,-75.90857459,8729
16--4681,2016/04/23,2:38 PM,BANK ST @ HERON RD (0002155),2155,03 - At intersection,03 - P.D. only,05 - Turning movement,01 - Clear,01 - Daylight,01 - Dry,01 - Traffic signal,01 - Functioning,2,0,0,0,,0,,,,,369996.3964,5026852.219,45.37857779,-75.6675428,8730