Anom_ID,Accident_Date,Accident_Time,Location,Geo_ID,Accident_Location,Classification_of_Accident,Initial_Impact_Type,Environment_Condition,Light,Road_Surface_Condition,Traffic_Control,Traffic_Control_Condition,No__of_Vehicles,No__of_Bicycles,No__of_Motorcycles,No__of_Pedestrians,Max_Injury,No__of_Injuries,No__of_Minimal,No__of_Minor,No__of_Major,No__of_Fatal,X,Y,Latitude,Longitude,ObjectId
16--4682,2016/04/23,3:03 PM,JOHNSTON RD @ SOUTHGATE RD (0007060),7060,03 - At intersection,02 - Non-fatal injury,02 - Angle,01 - Clear,01 - Daylight,01 - Dry,02 - Stop sign,01 - Functioning,2,0,0,0,01 - Minimal,1,1,,,,371021.6406,5024941.288,45.36128773,-75.65470961,8731
16--4683,2016/04/23,3:28 PM,MARCH RD btwn 280 S OF CARLING AVE/STATION RD & RICHARDSON SIDE RD (__3ZA42DB),__3ZA42DB,01 - Non intersection,03 - P.D. only,04 - Sideswipe,01 - Clear,01 - Daylight,01 - Dry,10 - No control,,2,0,0,0,,0,,,,,351389.1341,5021789.482,45.33450685,-75.90559049,8732
16--4684,2016/04/23,3:55 PM,BRONSON AVE @ KIPPEWA DR (0007226),7226,03 - At intersection,03 - P.D. only,02 - Angle,01 - Clear,01 - Daylight,01 - Dry,02 - Stop sign,01 - Functioning,2,0,0,0,,0,,,,,367556.0582,5029075.776,45.39880759,-75.69841627,8733
16--4685,2016/04/23,4:02 PM,PRINCE OF WALES DR btwn COLONNADE RD & STEPHANIE AVE (__3ZA29R),__3ZA29R,01 - Non intersection,03 - P.D. only,03 - Rear end,01 - Clear,01 - Daylight,01 - Dry,10 - No control,,2,0,0,0,,0,,,,,367513.3772,5022840.969,45.34271212,-75.69975293,8734
16--4686,2016/04/23,5:02 PM,KING EDWARD AVE @ MURRAY ST (0002713),2713,03 - At intersection,03 - P.D. only,03 - Rear end,01 - Clear,01 - Daylight,01 - Dry,01 - Traffic signal,01 - Functioning,2,0,1,0,,0,,,,,368290.3469,5032753.131,45.431829,-75.68856438,8735
16--4687,2016/04/23,5:23 PM,LECLAIR CRES btwn PIMPRENELLE TER & PIMPRENELLE TER (__3ZA6QM),__3ZA6QM,04 - At/near private drive,03 - P.D. only,06 - SMV unattended vehicle,01 - Clear,01 - Daylight,01 - Dry,10 - No control,,1,0,0,0,,0,,,,,382680.3993,5035929.432,45.45895227,-75.50417556,8736
16--4688,2016/04/23,5:28 AM,ISABELLA ST/HWY417 IC119AR75 @ METCALFE ST (0011380),11380,02 - Intersection related,03 - P.D. only,04 - Sideswipe,01 - Clear,03 - Dawn,01 - Dry,01 - Traffic signal,01 - Functioning,2,0,0,0,,0,,,,,368448.6054,5030400.297,45.41064463,-75.68684593,8737
16--4689,2016/04/23,5:59 PM,ELM ST btwn PRESTON ST & ROCHESTER ST (__3ZA0WY),__3ZA0WY,01 - Non intersection,03 - P.D. only,06 - SMV unattended vehicle,01 - Clear,01 - Daylight,01 - Dry,10 - No control,,1,0,0,0,,0,,,,,366267.895,5030283.857,45.40979187,-75.71471783,8738
16--469,2016/01/12,12:41 PM,ROCKDALE RD btwn DEVINE RD & FRANK KENNY RD (__4H5QRO),__4H5QRO,01 - Non intersection,03 - P.D. only,07 - SMV other,03 - Snow,01 - Daylight,03 - Loose snow,10 - No control,,1,0,0,0,,0,,,,,394924.7246,5024001.451,45.35016692,-75.3498221,8739
16--4690,2016/04/23,6:01 PM,ALBION RD btwn HIGH RD/EARL ARMSTRONG RD & 210 S OF HIGH RD/EARL ARMST (__3ZA3S0A),__3ZA3S0A,04 - At/near private drive,02 - Non-fatal injury,07 - SMV other,01 - Clear,01 - Daylight,01 - Dry,10 - No control,,1,0,0,1,01 - Minimal,1,1,,,,374674.348,5017632.814,45.29517434,-75.60912141,8740
16--4691,2016/04/23,7:45 PM,FIFTH AVE @ QUEEN ELIZABETH DRWY (0006908),6908,02 - Intersection related,03 - P.D. only,03 - Rear end,01 - Clear,05 - Dusk,01 - Dry,01 - Traffic signal,01 - Functioning,2,0,0,0,,0,,,,,368837.0712,5029657.965,45.40392994,-75.68197994,8741
16--4692,2016/04/23,7:55 AM,BANK ST @ RIVERSIDE DR N (0010778),10778,03 - At intersection,03 - P.D. only,02 - Angle,01 - Clear,01 - Daylight,01 - Dry,01 - Traffic signal,01 - Functioning,2,0,0,0,,0,,,,,369225.4914,5027983.322,45.38882642,-75.67723742,8742
16--4693,2016/04/23,8:43 PM,MONTREAL RD @ VANIER PKWY (0004630),4630,03 - At intersection,03 - P.D. only,05 - Turning movement,01 - Clear,07 - Dark,01 - Dry,01 - Traffic signal,01 - Functioning,2,0,0,0,,0,,,,,370072.9343,5033065.817,45.43447831,-75.66574304,8743
16--4694,2016/04/23,9:01 AM,THURSTON DR btwn CONROY RD & THOMAS SPRATT PL (__3ZBPM1),__3ZBPM1,04 - At/near private drive,03 - P.D. only,05 - Turning movement,01 - Clear,01 - Daylight,01 - Dry,10 - No control,,2,0,0,0,,0,,,,,373706.5111,5027063.379,45.38012266,-75.62014637,8744
16--4695,2016/04/23,9:03 PM,RICHMOND RD @ WOODROFFE AVE (0011466),11466,03 - At intersection,03 - P.D. only,02 - Angle,01 - Clear,07 - Dark,01 - Dry,01 - Traffic signal,01 - Functioning,2,0,0,0,,0,,,,,361584.013,5026654.748,45.37753328,-75.77496936,8745
16--4696,2016/04/23,9:13 AM,CONROY RD btwn HUNT CLUB RD & CONROY RD (__3ZA2TB),__3ZA2TB,04 - At/near private drive,03 - P.D. only,02 - Angle,01 - Clear,01 - Daylight,01 - Dry,10 - No control,,2,0,0,0,,0,,,,,373766.755,5025395.617,45.36511092,-75.61961009,8746
16--4697,2016/04/23,9:30 AM,EAGLESON RD @ MICHAEL COWPLAND DR/STONEHAVEN D (0003544),3544,03 - At intersection,02 - Non-fatal injury,05 - Turning movement,01 - Clear,01 - Daylight,01 - Dry,01 - Traffic signal,01 - Functioning,2,0,0,0,02 - Minor,1,,1,,,354382.1698,5016624.258,45.2878241,-75.86792283,8747
16--4698,2016/04/23,9:45 PM,INNES RD btwn FRANK KENNY RD & O'TOOLE RD (__3ZA3MX),__3ZA3MX,01 - Non intersection,03 - P.D. only,07 - SMV other,02 - Rain,07 - Dark,02 - Wet,10 - No control,,1,0,0,0,,0,,,,,387893.3374,5037743.125,45.47466944,-75.43722443,8748
16--4699,2016/04/24,10:00 AM,BESSERER ST btwn KING EDWARD AVE & NELSON ST (__3ZBOXZ),__3ZBOXZ,01 - Non intersection,03 - P.D. only,06 - SMV unattended vehicle,01 - Clear,01 - Daylight,01 - Dry,10 - No control,,1,0,0,0,,0,,,,,368559.4594,5032347.99,45.42815921,-75.6851778,8749
16--47,2016/01/02,9:57 AM,DONALD ST btwn 110 E OF ST. LAURENT BLVD & ELAINE DR (__3ZA7RWB),__3ZA7RWB,04 - At/near private drive,03 - P.D. only,02 - Angle,01 - Clear,01 - Daylight,02 - Wet,10 - No control,,2,0,0,0,,0,,,,,372293.2185,5032487.778,45.42906662,-75.63744788,8750
16--470,2016/01/12,12:58 PM,PINECREST RD/HWY 417 PINECRE IC129R63 @ TRANSI (0008264),8264,02 - Intersection related,02 - Non-fatal injury,03 - Rear end,02 - Rain,01 - Daylight,03 - Loose snow,01 - Traffic signal,01 - Functioning,2,0,0,0,02 - Minor,1,,1,,,360387.8835,5023677.659,45.35084148,-75.79057551,8751
16--4700,2016/04/24,11:02 AM,MARCH RD btwn HALTON TERR/MAXWELL BRIDGE RD & MAXWELL RD (__3ZA2GD),__3ZA2GD,01 - Non intersection,03 - P.D. only,05 - Turning movement,01 - Clear,01 - Daylight,01 - Dry,10 - No control,,2,0,0,0,,0,,,,,348874.4778,5024487.925,45.35895055,-75.93743178,8752
16--4701,2016/04/24,11:34 AM,BANKFIELD RD @ MANOTICK MAIN ST/RIDEAU VALLEY  (0000070),70,02 - Intersection related,03 - P.D. only,03 - Rear end,01 - Clear,01 - Daylight,01 - Dry,01 - Traffic signal,01 - Functioning,2,0,0,0,,0,,,,,368432.3719,5010157.176,45.22850223,-75.68965399,8753
16--4702,2016/04/24,11:43 PM,GARDENWAY DR @ NORTHLANDS DR (0012954),12954,03 - At intersection,02 - Non-fatal injury,99 - Other,01 - Clear,07 - Dark,01 - Dry,02 - Stop sign,01 - Functioning,2,0,0,0,01 - Minimal,3,3,,,,384939.0871,5036991.776,45.46825481,-75.47512605,8754
16--4703,2016/04/24,Unknown,PANMURE RD btwn BREEZY HEIGHTS RD & MARSHWOOD RD (__3ZAZNN),__3ZAZNN,01 - Non intersection,03 - P.D. only,07 - SMV other,01 - Clear,07 - Dark,01 - Dry,10 - No control,,1,0,0,0,,0,,,,,330363.0042,5020677.317,45.32558002,-76.17390456,8755
16--4704,2016/04/24,Unknown,LAUREL ST btwn PRESTON ST & END (__3ZAAJ6),__3ZAAJ6,01 - Non intersection,03 - P.D. only,06 - SMV unattended vehicle,01 - Clear,00 - Unknown,01 - Dry,10 - No control,,1,0,0,0,,0,,,,,366316.2778,5029862.559,45.40599689,-75.71415234,8756
16--4705,2016/04/24,12:06 PM,MONTREAL RD btwn MONTGOMERY ST & PALACE ST (__3ZA3KD),__3ZA3KD,04 - At/near private drive,03 - P.D. only,06 - SMV unattended vehicle,01 - Clear,01 - Daylight,01 - Dry,10 - No control,,1,0,0,0,,0,,,,,369854.2807,5032942.181,45.43338626,-75.6685537,8757
16--4706,2016/04/24,12:43 PM,MERIVALE RD btwn VIEWMOUNT DR & COLONNADE RD (__3ZA33F),__3ZA33F,01 - Non intersection,02 - Non-fatal injury,03 - Rear end,01 - Clear,01 - Daylight,01 - Dry,10 - No control,,3,0,0,0,01 - Minimal,1,1,,,,365274.6965,5022754.258,45.34212847,-75.72832732,8758
16--4707,2016/04/24,2:04 PM,ST. LAURENT BLVD btwn CONROY RD & THURSTON DR (__3ZA49E),__3ZA49E,04 - At/near private drive,03 - P.D. only,02 - Angle,01 - Clear,01 - Daylight,01 - Dry,10 - No control,,2,0,0,0,,0,,,,,373610.4102,5027459.278,45.38369423,-75.62131814,8759
16--4708,2016/04/24,2:07 PM,PRINCE OF WALES DR @ MEADOWLANDS DR/HOG'S BACK (0001629),1629,02 - Intersection related,03 - P.D. only,03 - Rear end,01 - Clear,01 - Daylight,01 - Dry,01 - Traffic signal,01 - Functioning,2,0,0,0,,0,,,,,367372.2431,5025693.008,45.36838677,-75.7011927,8760
16--4709,2016/04/24,2:26 PM,CEDARVIEW RD btwn HWY416 IC72 RAMP24 & WEST HUNT CLUB RD (__3ZAZEP),__3ZAZEP,01 - Non intersection,03 - P.D. only,03 - Rear end,01 - Clear,01 - Daylight,01 - Dry,10 - No control,,2,0,0,0,,0,,,,,359712.6168,5019563.681,45.313877,-75.79964918,8761
16--471,2016/01/12,2:22 PM,DIAMONDVIEW RD btwn THOMAS A. DOLAN PKWY & OLD COACH RD (__3ZACEL),__3ZACEL,01 - Non intersection,03 - P.D. only,07 - SMV other,01 - Clear,01 - Daylight,03 - Loose snow,10 - No control,,1,0,0,0,,0,,,,,335572.2734,5025173.17,45.36582675,-76.10717405,8762
16--511,2016/01/12,8:05 AM,BRIDGE ST @ LONG ISLAND RD (0008838),8838,03 - At intersection,02 - Non-fatal injury,02 - Angle,01 - Clear,01 - Daylight,01 - Dry,01 - Traffic signal,01 - Functioning,2,0,0,0,02 - Minor,1,,1,,,369060.8189,5010344.733,45.23013279,-75.68162744,8763
16--4710,2016/04/24,2:30 AM,GEORGE ST btwn CUMBERLAND ST & KING EDWARD AVE (__3ZA81F),__3ZA81F,01 - Non intersection,03 - P.D. only,06 - SMV unattended vehicle,01 - Clear,07 - Dark,01 - Dry,10 - No control,,1,0,0,0,,0,,,,,368342.093,5032408.215,45.42872087,-75.68794761,8764
16--4711,2016/04/24,3:35 PM,INNES RD @ TENTH LINE RD (0004633),4633,02 - Intersection related,03 - P.D. only,03 - Rear end,01 - Clear,01 - Daylight,01 - Dry,01 - Traffic signal,01 - Functioning,2,0,0,0,,0,,,,,383952.4367,5036160.688,45.46088995,-75.48787585,8765
16--4712,2016/04/24,8:11 PM,MACKENZIE KING BRIDGE @ N.D.H.Q./RIDEAU CENTRE SC (0008974),8974,03 - At intersection,02 - Non-fatal injury,07 - SMV other,01 - Clear,07 - Dark,01 - Dry,01 - Traffic signal,01 - Functioning,1,0,0,1,01 - Minimal,1,1,,,,368164.587,5031867.558,45.42387233,-75.69028542,8766
16--4713,2016/04/24,8:14 PM,THOMAS A. DOLAN PKWY btwn GREENLAND RD & KERSCOTT HEIGHTS WAY (__3ZAC28),__3ZAC28,01 - Non intersection,03 - P.D. only,07 - SMV other,01 - Clear,05 - Dusk,01 - Dry,10 - No control,,1,0,0,0,,0,,,,,344616.0387,5033436.927,45.43973059,-75.99106196,8767
16--4714,2016/04/24,9:24 PM,ST. LAURENT BLVD @ 125 N OF QUEEN MARY ST/ZELL (0008532),8532,02 - Intersection related,03 - P.D. only,03 - Rear end,01 - Clear,07 - Dark,01 - Dry,01 - Traffic signal,01 - Functioning,2,0,0,0,,0,,,,,372170.1743,5032287.419,45.42727575,-75.63904759,8768
16--4715,2016/04/24,9:32 AM,ERINDALE DR @ FORLAN DR (0003366),3366,02 - Intersection related,02 - Non-fatal injury,03 - Rear end,01 - Clear,01 - Daylight,01 - Dry,02 - Stop sign,01 - Functioning,2,0,0,0,01 - Minimal,1,1,,,,363702.4652,5024908.29,45.361644,-75.74813104,8769
16--4716,2016/04/25,1:47 PM,COLDREY AVE @ KIRKWOOD AVE (0006736),6736,03 - At intersection,03 - P.D. only,05 - Turning movement,01 - Clear,01 - Daylight,01 - Dry,01 - Traffic signal,01 - Functioning,2,0,0,0,,0,,,,,364438.471,5027135.866,45.38162515,-75.73846806,8770
16--4717,2016/04/25,10:08 PM,INNES RD @ TRIM RD (0012870),12870,03 - At intersection,03 - P.D. only,05 - Turning movement,01 - Clear,07 - Dark,01 - Dry,01 - Traffic signal,01 - Functioning,2,0,0,0,,0,,,,,386566.0987,5037272.434,45.47059132,-75.45427546,8771
16--4718,2016/04/25,10:35 AM,SUNNYCREST DR btwn WILLETH AVE & MARSON ST (__3ZAARH),__3ZAARH,04 - At/near private drive,03 - P.D. only,99 - Other,01 - Clear,01 - Daylight,01 - Dry,10 - No control,,2,0,0,0,,0,,,,,365875.7251,5025736.383,45.36890906,-75.72029033,8772
16--4719,2016/04/25,10:58 AM,HAZELDEAN RD @ HUNTMAR DR/IBER RD (0000075),75,02 - Intersection related,03 - P.D. only,04 - Sideswipe,01 - Clear,01 - Daylight,01 - Dry,01 - Traffic signal,01 - Functioning,2,0,0,0,,0,,,,,350941.4756,5016079.657,45.28315792,-75.91183329,8773
16--472,2016/01/12,2:25 PM,COLONEL BY DR @ UNIVERSITY RD - CARLETON (0007131),7131,02 - Intersection related,03 - P.D. only,07 - SMV other,03 - Snow,01 - Daylight,04 - Slush,01 - Traffic signal,01 - Functioning,1,0,0,0,,0,,,,,367368.0372,5026859.453,45.37888253,-75.70109862,8774
16--4720,2016/04/25,11:02 AM,BILBERRY DR W @ JEANNE D'ARC BLVD (0004408),4408,02 - Intersection related,02 - Non-fatal injury,02 - Angle,01 - Clear,01 - Daylight,01 - Dry,01 - Traffic signal,01 - Functioning,2,1,0,0,01 - Minimal,1,1,,,,380449.8641,5038398.698,45.48141381,-75.5323122,8775
16--4721,2016/04/25,11:10 AM,MONTREAL RD @ VANIER PKWY (0004630),4630,02 - Intersection related,02 - Non-fatal injury,07 - SMV other,01 - Clear,01 - Daylight,01 - Dry,01 - Traffic signal,01 - Functioning,1,0,0,1,01 - Minimal,1,1,,,,370072.4853,5033065.368,45.43447431,-75.66574884,8776
16--4722,2016/04/25,11:43 AM,LANCASTER RD @ WALKLEY RD (0003130),3130,03 - At intersection,02 - Non-fatal injury,02 - Angle,01 - Clear,01 - Daylight,01 - Dry,01 - Traffic signal,01 - Functioning,2,0,0,0,02 - Minor,2,1,1,,,374908.516,5028602.766,45.39385406,-75.60458141,8777
16--4723,2016/04/25,11:45 AM,PARENT AVE btwn BOLTON ST & CATHCART ST (__3ZA7CZ),__3ZA7CZ,01 - Non intersection,03 - P.D. only,06 - SMV unattended vehicle,01 - Clear,01 - Daylight,01 - Dry,10 - No control,,1,0,0,0,,0,,,,,367636.8853,5032853.856,45.43279431,-75.69690223,8778
16--4724,2016/04/25,11:50 PM,IRIS ST btwn WOODROFFE AVE & CHECKERS RD (__3ZBOMH),__3ZBOMH,01 - Non intersection,03 - P.D. only,07 - SMV other,01 - Clear,07 - Dark,01 - Dry,10 - No control,,1,0,0,0,,0,,,,,362326.9121,5024467.333,45.35779053,-75.76573934,8779
16--4725,2016/04/25,12:36 PM,LAUREL ST btwn PRESTON ST & END (__3ZAAJ6),__3ZAAJ6,04 - At/near private drive,03 - P.D. only,99 - Other,01 - Clear,01 - Daylight,01 - Dry,10 - No control,,2,0,0,0,,0,,,,,366401.0832,5029899.097,45.40631819,-75.71306452,8780
16--4726,2016/04/25,2:00 PM,MONTREAL RD btwn CYR AVE & HANNAH ST (__3ZA3LT),__3ZA3LT,01 - Non intersection,03 - P.D. only,03 - Rear end,01 - Clear,01 - Daylight,01 - Dry,10 - No control,,2,0,0,0,,0,,,,,370224.9743,5033150.61,45.43522704,-75.66378875,8781
16--4727,2016/04/25,2:14 PM,CARLING AVE @ HOLLAND AVE (0002146),2146,03 - At intersection,03 - P.D. only,05 - Turning movement,01 - Clear,01 - Daylight,01 - Dry,01 - Traffic signal,01 - Functioning,2,0,0,0,,0,,,,,365416.474,5028038.097,45.3896593,-75.72587014,8782
16--4728,2016/04/25,2:58 PM,SAUNDERSON DR @ HAMLET RD (0008378),8378,03 - At intersection,03 - P.D. only,02 - Angle,01 - Clear,01 - Daylight,01 - Dry,02 - Stop sign,01 - Functioning,2,0,0,0,,0,,,,,372847.4227,5029243.419,45.39982169,-75.63081401,8783
16--4729,2016/04/25,3:14 PM,HERON RD @ BAYCREST DR (0007191),7191,03 - At intersection,03 - P.D. only,02 - Angle,01 - Clear,01 - Daylight,01 - Dry,01 - Traffic signal,01 - Functioning,2,0,0,0,,0,,,,,371145.4627,5026981.455,45.37963274,-75.65285524,8784
16--473,2016/01/12,2:27 PM,MONTREAL RD btwn ST. LAURENT BLVD & HILLSIDE DR (__3ZA1MC),__3ZA1MC,04 - At/near private drive,03 - P.D. only,05 - Turning movement,01 - Clear,01 - Daylight,03 - Loose snow,10 - No control,,2,0,0,0,,0,,,,,371591.4815,5033839.734,45.44129826,-75.64623153,8785
16--4730,2016/04/25,3:25 PM,INDUSTRIAL AVE btwn NEIGHBORHOOD WAY & TRAINYARDS DR (__6N4VKM),__6N4VKM,04 - At/near private drive,02 - Non-fatal injury,02 - Angle,01 - Clear,01 - Daylight,01 - Dry,10 - No control,,2,1,0,0,02 - Minor,1,,1,,,371446.5555,5030556.364,45.41176979,-75.64852815,8786
16--4731,2016/04/25,3:37 PM,LEITRIM RD btwn FENTON RD & BANK ST (__3ZA3SF),__3ZA3SF,01 - Non intersection,03 - P.D. only,03 - Rear end,01 - Clear,01 - Daylight,01 - Dry,10 - No control,,2,0,0,0,,0,,,,,375327.4512,5021579.318,45.33061823,-75.6002338,8787
16--4732,2016/04/25,3:45 PM,INDUSTRIAL AVE @ RIVERSIDE DR (0011905),11905,03 - At intersection,03 - P.D. only,02 - Angle,01 - Clear,01 - Daylight,01 - Dry,01 - Traffic signal,01 - Functioning,2,0,0,0,,0,,,,,370684.0452,5030593.676,45.41217771,-75.65826387,8788
16--4733,2016/04/25,4:02 PM,VANIER PKWY/CRICHTON ST @ BEECHWOOD AVE/ST. PA (0001604),1604,03 - At intersection,03 - P.D. only,04 - Sideswipe,01 - Clear,01 - Daylight,01 - Dry,01 - Traffic signal,01 - Functioning,2,0,0,0,,0,,,,,369128.2349,5033486.792,45.43835363,-75.67776102,8789
16--4734,2016/04/25,4:06 PM,JOCKVALE RD @ FABLE ST/WEYBRIDGE DR E (0000722),722,02 - Intersection related,03 - P.D. only,03 - Rear end,01 - Clear,01 - Daylight,01 - Dry,11 - Roundabout,01 - Functioning,2,0,0,0,,0,,,,,362513.5985,5015143.202,45.27387682,-75.76444297,8790
16--4735,2016/04/25,5:00 PM,LEITRIM RD btwn 810 W OF HAWTHORNE & BANK ST (__3ZA3SPA),__3ZA3SPA,01 - Non intersection,03 - P.D. only,04 - Sideswipe,01 - Clear,01 - Daylight,01 - Dry,10 - No control,,2,0,0,0,,0,,,,,375500.4822,5021700.774,45.33169363,-75.59800925,8791
16--4736,2016/04/25,5:13 PM,BASELINE RD @ CLYDE AVE (0002343),2343,02 - Intersection related,03 - P.D. only,03 - Rear end,01 - Clear,01 - Daylight,01 - Dry,01 - Traffic signal,01 - Functioning,2,0,0,0,,0,,,,,364358.4786,5024890.063,45.36142457,-75.73976019,8792
16--4737,2016/04/25,5:18 PM,SMYTH RD btwn BROADMOOR AVE & SOUTH HAVEN PL (__3ZA3OJ),__3ZA3OJ,01 - Non intersection,03 - P.D. only,07 - SMV other,01 - Clear,01 - Daylight,01 - Dry,10 - No control,,1,0,0,0,,0,,,,,371045.8592,5029126.333,45.39894098,-75.65383898,8793
16--4571,2016/04/19,7:25 PM,EARL MULLIGAN DR @ WOODROFFE AVE (0000591),591,03 - At intersection,02 - Non-fatal injury,02 - Angle,01 - Clear,01 - Daylight,01 - Dry,01 - Traffic signal,01 - Functioning,2,0,0,0,02 - Minor,2,,2,,,365249.5789,5017506.236,45.29490943,-75.72928826,8794
16--4738,2016/04/25,5:23 PM,SOMERSET ST    W btwn ELGIN ST & CARTIER ST (__3ZA9U2),__3ZA9U2,04 - At/near private drive,03 - P.D. only,06 - SMV unattended vehicle,01 - Clear,01 - Daylight,01 - Dry,10 - No control,,1,0,0,0,,0,,,,,368286.7462,5031273.195,45.41851338,-75.68880114,8795
16--4739,2016/04/25,5:30 PM,WELLINGTON ST btwn O'CONNOR ST & METCALFE ST (__3ZA4S6),__3ZA4S6,01 - Non intersection,03 - P.D. only,03 - Rear end,01 - Clear,01 - Daylight,01 - Dry,10 - No control,,3,0,0,0,,0,,,,,367540.3551,5031802.228,45.42334078,-75.6982698,8796
16--474,2016/01/12,2:32 AM,PRIMROSE AVE btwn PRESTON ST & ROCHESTER ST (__3ZA0W1),__3ZA0W1,01 - Non intersection,03 - P.D. only,06 - SMV unattended vehicle,03 - Snow,07 - Dark,03 - Loose snow,10 - No control,,1,0,0,0,,0,,,,,366219.8664,5030351.847,45.41040784,-75.71532289,8797
16--4740,2016/04/25,6:33 AM,EAGLESON RD @ HOPE SIDE RD/TERRY FOX DR (0000509),509,03 - At intersection,02 - Non-fatal injury,05 - Turning movement,01 - Clear,01 - Daylight,01 - Dry,01 - Traffic signal,01 - Functioning,2,0,0,0,01 - Minimal,1,1,,,,355187.6421,5014616.005,45.26969611,-75.85785912,8798
16--4741,2016/04/25,7:38 PM,RIVERSIDE DR btwn FROBISHER LANE & END (__3ZA241),__3ZA241,01 - Non intersection,03 - P.D. only,01 - Approaching,01 - Clear,01 - Daylight,01 - Dry,10 - No control,,2,0,0,0,,0,,,,,370045.7928,5029310.475,45.40069174,-75.66658714,8799
16--4742,2016/04/25,7:40 AM,DYNES RD btwn CLAYMOR AVE & MORLEY BLVD (__3ZAAQE),__3ZAAQE,01 - Non intersection,02 - Non-fatal injury,07 - SMV other,01 - Clear,01 - Daylight,01 - Dry,10 - No control,,1,0,0,1,02 - Minor,1,,1,,,366965.2759,5025811.173,45.3694862,-75.70637274,8800
16--4743,2016/04/25,8:45 AM,HIGHWAY 417 btwn HWY417 IC127 RAMP35 & HWY417 IC127 RAMP25 (__3ZA2RE),__3ZA2RE,01 - Non intersection,03 - P.D. only,03 - Rear end,01 - Clear,01 - Daylight,01 - Dry,10 - No control,,2,0,0,0,,0,,,,,362123.0199,5024827.223,45.36104549,-75.76829982,8801
16--4744,2016/04/25,9:01 PM,MONTREAL RD @ VANIER PKWY (0004630),4630,03 - At intersection,03 - P.D. only,05 - Turning movement,01 - Clear,07 - Dark,01 - Dry,01 - Traffic signal,01 - Functioning,2,0,0,0,,0,,,,,370072.4853,5033064.919,45.43447028,-75.66574889,8802
16--4745,2016/04/25,9:10 AM,LEITRIM RD @ LIMEBANK RD (0012318),12318,02 - Intersection related,03 - P.D. only,03 - Rear end,01 - Clear,01 - Daylight,01 - Dry,01 - Traffic signal,01 - Functioning,2,0,0,0,,0,,,,,369321.6182,5017960.087,45.29863099,-75.67731729,8803
16--4746,2016/04/25,9:11 AM,WOODROFFE AVE btwn FIELD ST & ADIRONDACK DR (__3ZA34N),__3ZA34N,01 - Non intersection,03 - P.D. only,04 - Sideswipe,01 - Clear,01 - Daylight,01 - Dry,10 - No control,,2,0,0,0,,0,,,,,362426.4514,5024082.394,45.35431871,-75.76451382,8804
16--4747,2016/04/25,9:26 AM,REGIONAL ROAD 174 btwn OR174 IC105 RAMP26 & OR174 IC105 RAMP63 (__3ZA2XB),__3ZA2XB,01 - Non intersection,03 - P.D. only,03 - Rear end,01 - Clear,01 - Daylight,01 - Dry,10 - No control,,2,0,0,0,,0,,,,,379387.558,5037030.469,45.46921785,-75.54610669,8805
16--4748,2016/04/25,9:45 AM,BANK ST @ SLATER ST (0002223),2223,03 - At intersection,03 - P.D. only,04 - Sideswipe,01 - Clear,01 - Daylight,01 - Dry,01 - Traffic signal,01 - Functioning,2,0,0,0,,0,,,,,367425.8247,5031354.801,45.41932524,-75.69979006,8806
16--4572,2016/04/19,7:44 AM,RUSSELL RD btwn RUSSELL RD & WALKLEY RD (__3ZBPKX),__3ZBPKX,01 - Non intersection,03 - P.D. only,03 - Rear end,01 - Clear,01 - Daylight,01 - Dry,10 - No control,,2,0,0,0,,0,,,,,374707.5558,5028461.126,45.39259974,-75.60716781,8807
16--4573,2016/04/19,8:08 AM,GLADSTONE AVE @ LYON ST (0002705),2705,03 - At intersection,02 - Non-fatal injury,02 - Angle,01 - Clear,01 - Daylight,01 - Dry,01 - Traffic signal,01 - Functioning,2,0,0,0,01 - Minimal,1,1,,,,367583.489,5030361.796,45.41037636,-75.69790219,8808
16--4574,2016/04/19,8:27 AM,BLAIR RD @ MONTREAL RD (0009277),9277,02 - Intersection related,03 - P.D. only,03 - Rear end,01 - Clear,01 - Daylight,01 - Dry,01 - Traffic signal,01 - Functioning,2,0,0,0,,0,,,,,374019.9447,5034439.36,45.44645714,-75.61510878,8809
16--4575,2016/04/19,8:43 PM,MONTREAL RD btwn HILLSIDE DR & MONTREAL SQUARE SC (__3ZA3AWA),__3ZA3AWA,01 - Non intersection,03 - P.D. only,04 - Sideswipe,01 - Clear,07 - Dark,01 - Dry,10 - No control,,2,0,0,0,,0,,,,,371730.6278,5033907.826,45.44189761,-75.64444382,8810
16--4576,2016/04/19,9:06 AM,KENT ST @ FLORENCE ST (0007720),7720,02 - Intersection related,03 - P.D. only,04 - Sideswipe,01 - Clear,01 - Daylight,01 - Dry,02 - Stop sign,01 - Functioning,2,0,0,0,,0,,,,,367703.0057,5030527.501,45.41185659,-75.69635429,8811
16--4577,2016/04/19,9:24 AM,ELGIN ST @ ISABELLA ST (0002608),2608,02 - Intersection related,03 - P.D. only,04 - Sideswipe,01 - Clear,01 - Daylight,01 - Dry,02 - Stop sign,01 - Functioning,2,0,0,0,,0,,,,,368615.1243,5030490.08,45.41143731,-75.68470713,8812
16--4578,2016/04/20,1:45 PM,DALHOUSIE ST btwn ST. PATRICK ST & MURRAY ST (__3ZA7A8),__3ZA7A8,01 - Non intersection,03 - P.D. only,06 - SMV unattended vehicle,01 - Clear,01 - Daylight,01 - Dry,10 - No control,,1,0,0,0,,0,,,,,367964.2101,5032629.582,45.43074688,-75.69274798,8813