Anom_ID,Accident_Date,Accident_Time,Location,Geo_ID,Accident_Location,Classification_of_Accident,Initial_Impact_Type,Environment_Condition,Light,Road_Surface_Condition,Traffic_Control,Traffic_Control_Condition,No__of_Vehicles,No__of_Bicycles,No__of_Motorcycles,No__of_Pedestrians,Max_Injury,No__of_Injuries,No__of_Minimal,No__of_Minor,No__of_Major,No__of_Fatal,X,Y,Latitude,Longitude,ObjectId
16--4579,2016/04/20,10:13 AM,INDUSTRIAL AVE @ ALTA VISTA DR/SANDFORD FLEMIN (0006979),6979,03 - At intersection,03 - P.D. only,02 - Angle,01 - Clear,01 - Daylight,01 - Dry,01 - Traffic signal,01 - Functioning,2,0,0,0,,0,,,,,370885.7562,5030557.941,45.41183716,-75.65569188,8814
16--458,2016/01/12,11:30 PM,LAURIER AVE @ NICHOLAS ST (0010711),10711,02 - Intersection related,03 - P.D. only,04 - Sideswipe,03 - Snow,07 - Dark,03 - Loose snow,01 - Traffic signal,01 - Functioning,2,0,0,0,,0,,,,,368373.859,5031798.048,45.42322792,-75.68762045,8815
16--4580,2016/04/20,11:03 AM,GREENBANK RD btwn GIBBARD AVE & WEST HUNT CLUB RD (__3ZA1Y7),__3ZA1Y7,01 - Non intersection,03 - P.D. only,03 - Rear end,01 - Clear,01 - Daylight,01 - Dry,10 - No control,,3,0,0,0,,0,,,,,361476.31,5020510.336,45.32225487,-75.77704864,8816
16--4581,2016/04/20,11:32 PM,HWY 417 INNES IC112R68 @ INNES RD (0012300),12300,03 - At intersection,03 - P.D. only,07 - SMV other,01 - Clear,07 - Dark,01 - Dry,01 - Traffic signal,01 - Functioning,1,0,0,0,,0,,,,,374642.2864,5030922.28,45.41475047,-75.60765272,8817
16--4582,2016/04/20,11:33 PM,MCARTHUR AVE @ VANIER PKWY (0004626),4626,03 - At intersection,03 - P.D. only,02 - Angle,01 - Clear,07 - Dark,01 - Dry,01 - Traffic signal,01 - Functioning,2,0,0,0,,0,,,,,370219.8273,5032690.361,45.43108639,-75.66391568,8818
16--4583,2016/04/20,Unknown,DALY AVE btwn COURT HOUSE LANE & WALLER ST (__3ZAZBH),__3ZAZBH,01 - Non intersection,03 - P.D. only,06 - SMV unattended vehicle,01 - Clear,00 - Unknown,01 - Dry,10 - No control,,1,0,0,0,,0,,,,,368330.1315,5032111.655,45.42605362,-75.68813871,8819
16--4584,2016/04/20,Unknown,SOMERSET ST    W btwn CAMBRIDGE ST N & BRONSON AVE (__3ZA33K),__3ZA33K,01 - Non intersection,03 - P.D. only,06 - SMV unattended vehicle,01 - Clear,00 - Unknown,01 - Dry,10 - No control,,1,0,0,0,,0,,,,,366952.6568,5030466.022,45.41137046,-75.70594753,8820
16--4585,2016/04/20,12:40 PM,MOONEY'S BAY PL btwn BAYSIDE PRIV & SPRINGLAND DR (__3ZA0HI),__3ZA0HI,01 - Non intersection,03 - P.D. only,06 - SMV unattended vehicle,01 - Clear,01 - Daylight,01 - Dry,10 - No control,,1,0,0,0,,0,,,,,368624.5152,5025336.134,45.36506279,-75.6852537,8821
16--4586,2016/04/20,12:56 PM,REGIONAL ROAD 174 btwn OR174 IC102 RAMP51 & REGIONAL ROAD 174 (__3ZA1I7),__3ZA1I7,01 - Non intersection,02 - Non-fatal injury,07 - SMV other,01 - Clear,01 - Daylight,01 - Dry,10 - No control,,1,0,0,0,01 - Minimal,1,1,,,,381403.8178,5038129.171,45.47888481,-75.52015337,8822
16--4587,2016/04/20,2:00 PM,HIGHWAY 417 btwn HWY417 IC129 RAMP76 & HWY417 IC129 RAMP26 (__3ZA2RG),__3ZA2RG,01 - Non intersection,02 - Non-fatal injury,04 - Sideswipe,01 - Clear,01 - Daylight,01 - Dry,10 - No control,,2,0,0,0,01 - Minimal,1,1,,,,360449.5799,5023550.92,45.34969619,-75.78980245,8823
16--4588,2016/04/20,2:15 PM,ST. JOSEPH BLVD @ JEANNE D'ARC BLVD (0012421),12421,03 - At intersection,03 - P.D. only,04 - Sideswipe,01 - Clear,01 - Daylight,01 - Dry,11 - Roundabout,01 - Functioning,2,0,0,0,,0,,,,,379862.0741,5036471.315,45.46413618,-75.5401244,8824
16--4589,2016/04/20,2:26 PM,RICHMOND RD @ LYNHAR RD/STAFFORD RD (0000155),155,02 - Intersection related,03 - P.D. only,03 - Rear end,01 - Clear,01 - Daylight,01 - Dry,01 - Traffic signal,01 - Functioning,2,0,0,0,,0,,,,,358137.4876,5021086.484,45.32770072,-75.8195728,8825
16--459,2016/01/12,11:43 AM,MARCONI AVE btwn APPLECROSS CRES & KINGHORN CRES/APPLECROSS CRES (__5I62XR),__5I62XR,01 - Non intersection,03 - P.D. only,07 - SMV other,03 - Snow,01 - Daylight,03 - Loose snow,10 - No control,,1,0,0,0,,0,,,,,349769.7204,5024385.97,45.35797629,-75.92601472,8826
16--4590,2016/04/20,2:45 PM,RIVERSIDE DR btwn RAMP & TURN LANE (1) (__5FDV4W),__5FDV4W,01 - Non intersection,03 - P.D. only,03 - Rear end,01 - Clear,01 - Daylight,01 - Dry,10 - No control,,2,0,0,0,,0,,,,,368380.536,5027220.101,45.38203639,-75.68812536,8827
16--4591,2016/04/20,4:00 PM,BANNING RD btwn BRADLEY FARM CRT & DESMOND AVE (__3ZAB2D),__3ZAB2D,01 - Non intersection,03 - P.D. only,06 - SMV unattended vehicle,01 - Clear,01 - Daylight,01 - Dry,10 - No control,,1,0,0,0,,0,,,,,353100.8263,5017894.762,45.29934563,-75.8841328,8828
16--4592,2016/04/20,4:17 PM,OTTAWA RIVER PKWY btwn TRANSITWAY - TIME POINT & VIMY PLACE PRIV (__5VHJ2QA),__5VHJ2QA,01 - Non intersection,02 - Non-fatal injury,07 - SMV other,01 - Clear,01 - Daylight,01 - Dry,10 - No control,,1,0,0,0,02 - Minor,1,,1,,,365949.8542,5030779.928,45.41428325,-75.71871903,8829
16--4593,2016/04/20,4:19 PM,SLACK RD btwn VAAN DR & GRENFELL CRES (__3ZA6N7),__3ZA6N7,04 - At/near private drive,03 - P.D. only,04 - Sideswipe,01 - Clear,01 - Daylight,01 - Dry,10 - No control,,2,0,0,0,,0,,,,,365618.994,5020739.602,45.32397109,-75.72418196,8830
16--4594,2016/04/20,4:40 PM,WEST HUNT CLUB RD btwn PRINCE OF WALES DR & HUNT CLUB RD (__3ZA2T4),__3ZA2T4,01 - Non intersection,03 - P.D. only,03 - Rear end,01 - Clear,01 - Daylight,01 - Dry,10 - No control,,2,0,0,0,,0,,,,,367625.799,5021884.166,45.33409293,-75.69844001,8831
16--4595,2016/04/20,4:41 PM,BASELINE RD @ MERIVALE RD (0002342),2342,02 - Intersection related,03 - P.D. only,03 - Rear end,01 - Clear,01 - Daylight,01 - Dry,01 - Traffic signal,01 - Functioning,2,0,0,0,,0,,,,,365054.4719,5025325.29,45.3652812,-75.73082385,8832
16--4596,2016/04/20,4:47 PM,WOODROFFE AVE btwn TURN LANE & KNOXDALE RD (__3ZA3JN),__3ZA3JN,04 - At/near private drive,03 - P.D. only,02 - Angle,01 - Clear,01 - Daylight,01 - Dry,10 - No control,,2,0,0,0,,0,,,,,363412.4861,5021845.782,45.33411214,-75.75219515,8833
16--4597,2016/04/20,4:58 PM,INNES RD btwn PAGE RD & 473 E OF PAGE RD/BUILDERS' WAREHOUSE SC (__3ZAYFDA),__3ZAYFDA,01 - Non intersection,03 - P.D. only,04 - Sideswipe,01 - Clear,01 - Daylight,01 - Dry,10 - No control,,2,0,0,0,,0,,,,,380896.5032,5034546.166,45.4467033,-75.52719616,8834
16--4598,2016/04/20,5:00 AM,RIVER RD btwn CABIN RD & OSGOODE MAIN ST (__3ZA3TB),__3ZA3TB,01 - Non intersection,03 - P.D. only,07 - SMV other,01 - Clear,07 - Dark,01 - Dry,10 - No control,,1,0,0,0,,0,,,,,372919.0574,5000713.466,45.143109,-75.63381298,8835
16--4599,2016/04/20,5:00 PM,KING EDWARD AVE @ ST. PATRICK ST (0002714),2714,02 - Intersection related,03 - P.D. only,04 - Sideswipe,01 - Clear,01 - Daylight,01 - Dry,01 - Traffic signal,01 - Functioning,2,0,0,0,,0,,,,,368248.4758,5032823.814,45.43246878,-75.68909035,8836
16--46,2016/01/02,9:30 PM,WELLINGTON ST    W btwn SHERBROOKE AVE & PINHEY ST (__3ZA3ZC),__3ZA3ZC,01 - Non intersection,03 - P.D. only,06 - SMV unattended vehicle,03 - Snow,07 - Dark,05 - Packed snow,10 - No control,,1,0,0,0,,0,,,,,365449.279,5029539.334,45.40316425,-75.72526666,8837
16--460,2016/01/12,11:51 AM,TERMINAL AVE btwn RAILMARKET PRIV & TRAINYARDS DR (__58HP5W),__58HP5W,04 - At/near private drive,03 - P.D. only,02 - Angle,03 - Snow,01 - Daylight,03 - Loose snow,10 - No control,,2,0,0,0,,0,,,,,371638.2045,5030928.12,45.41509641,-75.64602951,8838
16--4600,2016/04/20,5:45 PM,RIDEAUCREST DR btwn COTTINGHAM ST & NEWBOROUGH CRES (__3ZA4WM),__3ZA4WM,01 - Non intersection,02 - Non-fatal injury,07 - SMV other,01 - Clear,01 - Daylight,01 - Dry,10 - No control,,1,0,0,1,01 - Minimal,1,1,,,,365980.9116,5016479.346,45.28560625,-75.72009153,8839
16--4601,2016/04/20,5:53 PM,CARLING AVE WB btwn CONNAUGHT AVE & OTTAWA RIVER PKWY WB RAMP/CARLING  (__3ZA265),__3ZA265,01 - Non intersection,03 - P.D. only,04 - Sideswipe,01 - Clear,01 - Daylight,01 - Dry,10 - No control,,2,0,0,0,,0,,,,,360780.3283,5025123.575,45.36382056,-75.78540369,8840
16--4602,2016/04/20,6:30 AM,MARCH RD btwn CAMPEAU DR/HWY 417 MARCH IC138R63 & HWY417 IC138 RAMP36 (__33IVBV),__33IVBV,01 - Non intersection,03 - P.D. only,04 - Sideswipe,01 - Clear,01 - Daylight,01 - Dry,10 - No control,,2,0,0,0,,0,,,,,352846.3655,5020463.868,45.32248045,-75.88712805,8841
16--4603,2016/04/20,8:10 AM,JEANNE D'ARC BLVD N/OR174 IC105 RAMP63 @ TRANS (0012413),12413,02 - Intersection related,03 - P.D. only,03 - Rear end,01 - Clear,01 - Daylight,01 - Dry,01 - Traffic signal,00 - Unknown,2,0,0,0,,0,,,,,379342.1961,5037115.553,45.46998821,-75.54667383,8842
16--4604,2016/04/20,8:44 AM,MONTREAL RD @ MONTFORT HOSPITAL (0011388),11388,02 - Intersection related,03 - P.D. only,03 - Rear end,01 - Clear,01 - Daylight,01 - Dry,01 - Traffic signal,01 - Functioning,3,0,0,0,,0,,,,,372222.6138,5034144.626,45.44398095,-75.63812317,8843
16--4605,2016/04/20,9:00 PM,HEATHERINGTON RD btwn ALBION RD N & BANNERHILL PRIV (__3ZA9YH),__3ZA9YH,01 - Non intersection,03 - P.D. only,06 - SMV unattended vehicle,01 - Clear,07 - Dark,01 - Dry,10 - No control,,1,0,0,0,,0,,,,,371555.9158,5026239.437,45.37291735,-75.64771517,8844
16--4606,2016/04/20,9:28 PM,HIGHWAY 417 btwn HWY417 IC119A RAMP67 & HWY417 IC118 RAMP76 (__3ZA2YS),__3ZA2YS,01 - Non intersection,02 - Non-fatal injury,07 - SMV other,01 - Clear,07 - Dark,01 - Dry,10 - No control,,1,0,0,1,02 - Minor,1,,1,,,368953.9464,5030720.762,45.41348193,-75.68034881,8845
16--4607,2016/04/20,9:35 PM,DATA CENTRE RD btwn HERON RD & RIVERSIDE DR (__5FDU4W),__5FDU4W,01 - Non intersection,03 - P.D. only,01 - Approaching,01 - Clear,07 - Dark,01 - Dry,10 - No control,,2,0,0,0,,0,,,,,368949.2598,5027564.41,45.38508253,-75.68081919,8846
16--4608,2016/04/21,1:00 PM,BASELINE RD @ MERIVALE RD (0002342),2342,02 - Intersection related,02 - Non-fatal injury,03 - Rear end,01 - Clear,01 - Daylight,01 - Dry,01 - Traffic signal,01 - Functioning,2,0,0,0,02 - Minor,1,,1,,,365054.023,5025326.188,45.36528931,-75.73082947,8847
16--4609,2016/04/21,1:00 PM,BY WARD MARKET SQ btwn YORK ST & GEORGE ST (__3ZBOX6),__3ZBOX6,01 - Non intersection,03 - P.D. only,06 - SMV unattended vehicle,01 - Clear,01 - Daylight,01 - Dry,10 - No control,,1,0,0,0,,0,,,,,367977.3333,5032278.101,45.42758319,-75.69262537,8848
16--461,2016/01/12,11:57 AM,HIGHWAY 417 btwn HWY417 IC124 RAMP65 & HWY417 IC122 RAMP51 (__3ZA2R8),__3ZA2R8,01 - Non intersection,03 - P.D. only,03 - Rear end,01 - Clear,01 - Daylight,01 - Dry,10 - No control,,2,0,0,0,,0,,,,,365130.2405,5028671.491,45.39538316,-75.72944783,8849
16--4610,2016/04/21,10:30 AM,BANK ST @ SURREY AVE (0011314),11314,02 - Intersection related,03 - P.D. only,05 - Turning movement,01 - Clear,01 - Daylight,01 - Dry,02 - Stop sign,01 - Functioning,2,0,0,0,,0,,,,,370382.6021,5025810.097,45.36916508,-75.66275046,8850
16--4611,2016/04/21,11:40 AM,ST. JOSEPH BLVD @ JEANNE D'ARC BLVD (0012421),12421,03 - At intersection,03 - P.D. only,04 - Sideswipe,01 - Clear,01 - Daylight,01 - Dry,11 - Roundabout,01 - Functioning,2,0,0,0,,0,,,,,379861.0088,5036470.782,45.4641315,-75.5401381,8851
16--4612,2016/04/21,11:43 AM,MERIVALE RD @ WEST HUNT CLUB RD (0000584),584,03 - At intersection,03 - P.D. only,03 - Rear end,01 - Clear,01 - Daylight,01 - Dry,01 - Traffic signal,01 - Functioning,2,0,0,0,,0,,,,,365612.0188,5021942.724,45.33479724,-75.72412313,8852
16--4613,2016/04/21,11:46 AM,MERIVALE RD btwn WEST HUNT CLUB RD & JAMIE AVE (__3ZA3JU),__3ZA3JU,01 - Non intersection,03 - P.D. only,04 - Sideswipe,01 - Clear,01 - Daylight,01 - Dry,10 - No control,,2,0,0,0,,0,,,,,365618.0824,5021929.03,45.3346735,-75.72404746,8853
16--4614,2016/04/21,Unknown,CONROY RD @ LORRY GREENBERG DR (0011446),11446,02 - Intersection related,03 - P.D. only,07 - SMV other,01 - Clear,00 - Unknown,01 - Dry,01 - Traffic signal,01 - Functioning,1,0,0,0,,0,,,,,373569.3083,5025879.305,45.36948234,-75.62206296,8854
16--4615,2016/04/21,Unknown,RANGE RD btwn SOMERSET ST E & TEMPLETON ST (__3ZA8HR),__3ZA8HR,01 - Non intersection,03 - P.D. only,06 - SMV unattended vehicle,01 - Clear,00 - Unknown,01 - Dry,10 - No control,,1,0,0,0,,0,,,,,369694.6486,5031929.117,45.42428595,-75.67072721,8855
16--4616,2016/04/21,12:01 AM,PAUL METIVIER DR btwn CLEARBROOK DR & MOSS GROVE ST (__5A5DGI),__5A5DGI,04 - At/near private drive,03 - P.D. only,06 - SMV unattended vehicle,01 - Clear,07 - Dark,01 - Dry,10 - No control,,1,0,0,0,,0,,,,,366143.82,5014783.618,45.27033398,-75.7182246,8856
16--4617,2016/04/21,12:04 AM,DUNNING RD btwn FRENCH HILL RD & INNES RD (__3ZBOGY),__3ZBOGY,01 - Non intersection,02 - Non-fatal injury,07 - SMV other,01 - Clear,07 - Dark,01 - Dry,10 - No control,,1,0,0,0,03 - Major,1,,,1,,391963.6634,5038599.799,45.48188054,-75.38502205,8857
16--4618,2016/04/21,12:32 PM,CARLING AVE @ FISHER AVE (0002147),2147,02 - Intersection related,03 - P.D. only,04 - Sideswipe,01 - Clear,01 - Daylight,01 - Dry,10 - No control,,2,0,0,0,,0,,,,,365329.7955,5027972.999,45.38908106,-75.72698499,8858
16--4619,2016/04/21,12:35 PM,ST. JOSEPH BLVD @ JEANNE D'ARC BLVD (0012421),12421,03 - At intersection,03 - P.D. only,02 - Angle,01 - Clear,01 - Daylight,01 - Dry,11 - Roundabout,01 - Functioning,2,0,0,0,,0,,,,,379861.493,5036472.707,45.46414877,-75.54013161,8859
16--462,2016/01/12,Unknown,INVERKIP AVE btwn PENNARD WAY & PENNARD WAY (__4LVMI8),__4LVMI8,01 - Non intersection,03 - P.D. only,06 - SMV unattended vehicle,03 - Snow,07 - Dark,03 - Loose snow,10 - No control,,1,0,0,0,,0,,,,,372613.841,5025595.359,45.36702061,-75.63429841,8860
16--4620,2016/04/21,12:40 PM,O'CONNOR ST btwn GLOUCESTER ST & NEPEAN ST (__3ZA348),__3ZA348,01 - Non intersection,03 - P.D. only,04 - Sideswipe,01 - Clear,01 - Daylight,01 - Dry,10 - No control,,2,0,0,0,,0,,,,,367715.447,5031236.678,45.41823642,-75.69610482,8861
16--4621,2016/04/21,12:48 PM,TENTH LINE RD @ VANGUARD DR (0004632),4632,03 - At intersection,02 - Non-fatal injury,07 - SMV other,01 - Clear,01 - Daylight,01 - Dry,01 - Traffic signal,01 - Functioning,1,0,0,1,02 - Minor,1,,1,,,384074.1625,5035876.607,45.45832025,-75.48636538,8862
16--4622,2016/04/21,2:45 PM,HAMPSTEAD PL @ WALKLEY RD (0006845),6845,02 - Intersection related,03 - P.D. only,03 - Rear end,01 - Clear,01 - Daylight,01 - Dry,01 - Traffic signal,01 - Functioning,2,0,0,0,,0,,,,,370682.4887,5026150.662,45.37220124,-75.658877,8863
16--4623,2016/04/21,3:17 PM,CUMMINGS AVE/LABELLE ST @ CYRVILLE RD (0008791),8791,03 - At intersection,03 - P.D. only,02 - Angle,01 - Clear,01 - Daylight,01 - Dry,01 - Traffic signal,01 - Functioning,2,0,0,0,,0,,,,,372860.1495,5031871.736,45.42346883,-75.63028856,8864
16--4624,2016/04/21,3:18 PM,HUNTMAR DR @ PALLADIUM DR S (0011818),11818,03 - At intersection,03 - P.D. only,02 - Angle,01 - Clear,01 - Daylight,01 - Dry,01 - Traffic signal,01 - Functioning,2,0,0,0,,0,,,,,349672.9962,5017371.257,45.29486227,-75.92788498,8865
16--4625,2016/04/21,3:40 PM,BANK ST @ CHAMBERLAIN AVE N/ISABELLA ST (0002132),2132,02 - Intersection related,03 - P.D. only,03 - Rear end,01 - Clear,01 - Daylight,01 - Dry,01 - Traffic signal,01 - Functioning,2,0,0,0,,0,,,,,368083.3855,5030166.787,45.40857671,-75.69154137,8866
16--4626,2016/04/21,4:05 PM,MACFARLANE RD @ DEAKIN ST (0000197),197,03 - At intersection,03 - P.D. only,02 - Angle,01 - Clear,01 - Daylight,01 - Dry,02 - Stop sign,01 - Functioning,2,0,0,0,,0,,,,,367253.881,5021558.429,45.33119521,-75.70322575,8867
16--4627,2016/04/21,4:30 PM,RIVERSIDE DR @ HERON RD (0002236),2236,02 - Intersection related,03 - P.D. only,03 - Rear end,01 - Clear,01 - Daylight,01 - Dry,01 - Traffic signal,01 - Functioning,2,0,0,0,,0,,,,,368118.9714,5026649.915,45.3769297,-75.69153812,8868
16--4628,2016/04/21,5:12 PM,NOTRE DAME ST btwn HENRI LAUZON ST & BOYER RD (__3ZA6EZ),__3ZA6EZ,04 - At/near private drive,02 - Non-fatal injury,02 - Angle,01 - Clear,01 - Daylight,01 - Dry,10 - No control,,2,1,0,0,02 - Minor,1,,1,,,380228.243,5036611.714,45.46535994,-75.53542104,8869
16--4629,2016/04/21,5:25 PM,PLEASANT PARK RD btwn RODNEY CRES & NO NAME (__5DB6SQ),__5DB6SQ,01 - Non intersection,03 - P.D. only,99 - Other,01 - Clear,01 - Daylight,01 - Dry,10 - No control,,2,0,0,0,,0,,,,,369978.876,5028423.788,45.39271987,-75.66755896,8870
16--463,2016/01/12,12:01 PM,MERIVALE RD btwn RAVEN AVE & LAROSE AVE (__3ZA30G),__3ZA30G,04 - At/near private drive,03 - P.D. only,03 - Rear end,03 - Snow,01 - Daylight,03 - Loose snow,10 - No control,,2,0,0,0,,0,,,,,364846.0263,5026944.548,45.37986889,-75.73328766,8871
16--4630,2016/04/21,5:30 PM,MURRAY ST btwn SUSSEX DR & PARENT AVE (__3ZA3VF),__3ZA3VF,01 - Non intersection,02 - Non-fatal injury,04 - Sideswipe,01 - Clear,01 - Daylight,01 - Dry,10 - No control,,2,1,0,0,01 - Minimal,1,1,,,,367840.9411,5032475.463,45.4293713,-75.69434296,8872
16--4631,2016/04/21,6:22 PM,COBOURG ST @ RIDEAU ST (0008860),8860,02 - Intersection related,03 - P.D. only,03 - Rear end,01 - Clear,01 - Daylight,01 - Dry,01 - Traffic signal,01 - Functioning,2,0,0,0,,0,,,,,369129.8336,5032786.899,45.43205611,-75.67783204,8873
16--4632,2016/04/21,6:33 PM,ST. PATRICK ST WB btwn ISLAND LODGE RD & CRICHTON ST (__3ZA1YE),__3ZA1YE,01 - Non intersection,02 - Non-fatal injury,07 - SMV other,01 - Clear,01 - Daylight,01 - Dry,10 - No control,,1,1,0,0,03 - Major,1,,,1,,368830.2293,5033247.394,45.43622697,-75.68160086,8874
16--4633,2016/04/21,7:35 AM,HIGHWAY 417 btwn HWY 417 ANDERSON IC104R61 & HWY 417 BOUNDARY IC96R16 (__3ZA2W5),__3ZA2W5,01 - Non intersection,03 - P.D. only,07 - SMV other,01 - Clear,01 - Daylight,01 - Dry,10 - No control,,1,0,0,0,,0,,,,,381461.6442,5025634.18,45.36645803,-75.52135823,8875
16--4634,2016/04/21,8:13 AM,ALTA VISTA DR btwn HERON RD & RIDGEMONT AVE (__3ZA862),__3ZA862,01 - Non intersection,03 - P.D. only,04 - Sideswipe,01 - Clear,01 - Daylight,01 - Dry,10 - No control,,2,0,0,0,,0,,,,,370493.6203,5026885.029,45.37882656,-75.66119034,8876
16--4635,2016/04/21,8:25 PM,BANK ST btwn ALBION RD & SIEVERIGHT AVE (__3ZA29S),__3ZA29S,04 - At/near private drive,03 - P.D. only,03 - Rear end,01 - Clear,07 - Dark,01 - Dry,10 - No control,,2,0,0,0,,0,,,,,372136.2604,5024140.105,45.3539728,-75.6405927,8877
16--4636,2016/04/21,8:48 AM,BEECH ST btwn BREEZEHILL AVE S & LORETTA AVE S (__3ZBONR),__3ZBONR,01 - Non intersection,02 - Non-fatal injury,04 - Sideswipe,01 - Clear,01 - Daylight,01 - Dry,10 - No control,,2,1,0,0,02 - Minor,1,,1,,,366344.8099,5029126.72,45.39937349,-75.71387972,8878
16--4637,2016/04/21,9:02 AM,CARLING AVE EB btwn CARLING AVE & ROSEVIEW AVE (__3ZA2TL),__3ZA2TL,01 - Non intersection,03 - P.D. only,04 - Sideswipe,01 - Clear,01 - Daylight,01 - Dry,10 - No control,,2,0,0,0,,0,,,,,359349.6926,5024194.568,45.35557415,-75.8037671,8879
16--4638,2016/04/22,1:50 PM,MACLAREN ST btwn KENT ST & BANK ST (__3ZA9T1),__3ZA9T1,04 - At/near private drive,03 - P.D. only,06 - SMV unattended vehicle,01 - Clear,01 - Daylight,01 - Dry,10 - No control,,1,0,0,0,,0,,,,,367581.8191,5030750.778,45.41387645,-75.69787397,8880
16--4639,2016/04/22,1:53 PM,MARCH RD btwn HALTON TERR/MAXWELL BRIDGE RD & MAXWELL RD (__3ZA2GD),__3ZA2GD,01 - Non intersection,03 - P.D. only,07 - SMV other,01 - Clear,01 - Daylight,02 - Wet,10 - No control,,1,0,0,0,,0,,,,,348924.5273,5024432.257,45.35844649,-75.93679795,8881
16--464,2016/01/12,12:05 PM,MONTREAL RD btwn SHEFFORD RD & OR174 IC109 RAMP56 (__3ZAZPW),__3ZAZPW,01 - Non intersection,03 - P.D. only,04 - Sideswipe,03 - Snow,01 - Daylight,03 - Loose snow,10 - No control,,2,0,0,0,,0,,,,,376154.2706,5034866.747,45.45008788,-75.58776551,8882
16--4640,2016/04/22,10:19 AM,HUNT CLUB RD @ BRIDLE PATH DR/DAZE ST (0008214),8214,02 - Intersection related,03 - P.D. only,05 - Turning movement,02 - Rain,01 - Daylight,02 - Wet,01 - Traffic signal,01 - Functioning,2,0,0,0,,0,,,,,371291.0555,5023863.83,45.35156762,-75.65141594,8883
16--5110,2016/05/06,8:53 AM,HUNT CLUB RD @ RIVERSIDE DR (0002237),2237,02 - Intersection related,03 - P.D. only,03 - Rear end,01 - Clear,01 - Daylight,01 - Dry,01 - Traffic signal,01 - Functioning,2,0,0,0,,0,,,,,368036.4785,5021944.376,45.3345978,-75.69319321,8884
16--4641,2016/04/22,10:19 AM,INNES RD btwn BLAIR RD & ANDERSON RD (__3ZA3JZ),__3ZA3JZ,01 - Non intersection,02 - Non-fatal injury,07 - SMV other,01 - Clear,01 - Daylight,02 - Wet,10 - No control,,1,0,0,0,01 - Minimal,1,1,,,,375840.9545,5031610.727,45.42082407,-75.59224048,8885
16--4642,2016/04/22,10:26 AM,STRANDHERD DR @ LONGFIELDS DR (0010935),10935,02 - Intersection related,03 - P.D. only,03 - Rear end,02 - Rain,01 - Daylight,02 - Wet,01 - Traffic signal,01 - Functioning,3,0,0,0,,0,,,,,364547.4278,5015174.122,45.27398517,-75.73852046,8886
16--4643,2016/04/22,10:40 AM,TERRY FOX DR @ WESTPHALIAN AVE (0014366),14366,02 - Intersection related,03 - P.D. only,03 - Rear end,02 - Rain,01 - Daylight,02 - Wet,01 - Traffic signal,01 - Functioning,2,0,0,0,,0,,,,,353455.2261,5015759.789,45.28011017,-75.87982363,8887
16--4644,2016/04/22,11:07 AM,BRIDGESTONE DR/STEEPLE CHASE DR @ STONEHAVEN D (0002781),2781,03 - At intersection,02 - Non-fatal injury,07 - SMV other,01 - Clear,01 - Daylight,01 - Dry,11 - Roundabout,01 - Functioning,1,0,0,0,02 - Minor,1,,1,,,355105.9173,5016984.516,45.29101434,-75.85866048,8888
16--4645,2016/04/22,11:39 PM,CYRVILLE RD @ INNES RD (0009352),9352,02 - Intersection related,03 - P.D. only,03 - Rear end,01 - Clear,07 - Dark,01 - Dry,01 - Traffic signal,01 - Functioning,2,0,0,0,,0,,,,,375046.6024,5031119.34,45.41648304,-75.60245948,8889
16--4646,2016/04/22,11:47 AM,BANK ST @ JOHNSTON RD (0006967),6967,03 - At intersection,02 - Non-fatal injury,05 - Turning movement,02 - Rain,01 - Daylight,02 - Wet,01 - Traffic signal,01 - Functioning,2,0,0,0,02 - Minor,1,,1,,,370851.955,5024838.406,45.36037804,-75.65688908,8890
16--4647,2016/04/22,11:54 PM,JEANNE D'ARC BLVD  N btwn AVIGNON CRT & DECARIE DR (__3ZBN8P),__3ZBN8P,01 - Non intersection,03 - P.D. only,07 - SMV other,01 - Clear,07 - Dark,01 - Dry,10 - No control,,1,0,0,0,,0,,,,,380696.3917,5038499.538,45.48229433,-75.52914357,8891
16--4648,2016/04/22,11:55 AM,BRONSON AVE @ HWY 417 BRONSON IC121AR51 (0002693),2693,02 - Intersection related,03 - P.D. only,03 - Rear end,01 - Clear,01 - Daylight,01 - Dry,01 - Traffic signal,00 - Unknown,2,0,0,0,,0,,,,,367288.3078,5029710.562,45.40454316,-75.70175548,8892
16--4649,2016/04/22,12:30 AM,HIGHWAY 416 btwn HWY416 IC49 RAMP43 & HWY416 IC42 RAMP34 (__3ZAZJ7),__3ZAZJ7,01 - Non intersection,03 - P.D. only,07 - SMV other,01 - Clear,07 - Dark,01 - Dry,10 - No control,,1,0,0,0,,0,,,,,369676.949,4998839.78,45.12655464,-75.67527759,8893
16--465,2016/01/12,12:14 PM,DUNROBIN RD btwn KINBURN SIDE RD & VANCES SIDE RD (__3ZA3FG),__3ZA3FG,01 - Non intersection,03 - P.D. only,03 - Rear end,03 - Snow,01 - Daylight,03 - Loose snow,10 - No control,,2,0,0,0,,0,,,,,338294.7183,5035631.457,45.45980897,-76.07171066,8894
16--4650,2016/04/22,12:31 PM,HAWTHORNE RD btwn LEITRIM RD & LOUISEIZE RD (__3ZBO24),__3ZBO24,01 - Non intersection,03 - P.D. only,04 - Sideswipe,01 - Clear,01 - Daylight,01 - Dry,10 - No control,,2,0,0,0,,0,,,,,377383.2889,5021883.59,45.33314632,-75.57396487,8895
16--4651,2016/04/22,12:45 PM,O'CONNOR ST btwn MCLEOD ST & ARGYLE AVE (__3ZBOE5),__3ZBOE5,01 - Non intersection,03 - P.D. only,04 - Sideswipe,01 - Clear,01 - Daylight,02 - Wet,10 - No control,,2,0,0,0,,0,,,,,368147.1323,5030546.592,45.4119883,-75.69067827,8896