Anom_ID,Accident_Date,Accident_Time,Location,Geo_ID,Accident_Location,Classification_of_Accident,Initial_Impact_Type,Environment_Condition,Light,Road_Surface_Condition,Traffic_Control,Traffic_Control_Condition,No__of_Vehicles,No__of_Bicycles,No__of_Motorcycles,No__of_Pedestrians,Max_Injury,No__of_Injuries,No__of_Minimal,No__of_Minor,No__of_Major,No__of_Fatal,X,Y,Latitude,Longitude,ObjectId
16--4652,2016/04/22,2:22 PM,MERIVALE RD @ BASIL MACDONALD WAY/MERIVALE MAL (0010301),10301,03 - At intersection,03 - P.D. only,03 - Rear end,01 - Clear,01 - Daylight,01 - Dry,01 - Traffic signal,01 - Functioning,2,0,0,0,,0,,,,,365097.508,5023171.913,45.34590173,-75.73053717,8897
16--4653,2016/04/22,2:30 AM,SEYTON DR btwn LOVELL LANE & TYRRELL PL (__3ZABEF),__3ZABEF,01 - Non intersection,03 - P.D. only,06 - SMV unattended vehicle,01 - Clear,07 - Dark,01 - Dry,10 - No control,,1,0,0,0,,0,,,,,357122.5345,5019765.026,45.31588649,-75.83265929,8898
16--4654,2016/04/22,2:40 AM,NICHOLAS ST SB btwn LAURIER AVE E & Continuation of NICHOLAS ST (__3ZA3MG),__3ZA3MG,01 - Non intersection,03 - P.D. only,03 - Rear end,02 - Rain,07 - Dark,02 - Wet,10 - No control,,3,0,0,0,,0,,,,,368384.7065,5031781.578,45.42307874,-75.68748397,8899
16--4655,2016/04/22,2:44 PM,BOYER RD @ JEANNE D'ARC BLVD (0003638),3638,03 - At intersection,03 - P.D. only,02 - Angle,01 - Clear,01 - Daylight,01 - Dry,02 - Stop sign,01 - Functioning,2,0,0,0,,0,,,,,380683.0617,5036192.808,45.4615417,-75.5296703,8900
16--4656,2016/04/22,2:45 PM,JEANNE D'ARC BLVD @ GREY NUNS DR/YOUVILLE DR (0003147),3147,02 - Intersection related,03 - P.D. only,03 - Rear end,01 - Clear,01 - Daylight,01 - Dry,01 - Traffic signal,01 - Functioning,2,0,0,0,,0,,,,,379670.4101,5036701.515,45.46622791,-75.54253994,8901
16--4657,2016/04/22,2:56 PM,CLEMENTINE BLVD @ HERON RD (0006858),6858,02 - Intersection related,03 - P.D. only,03 - Rear end,01 - Clear,01 - Daylight,01 - Dry,01 - Traffic signal,01 - Functioning,2,0,0,0,,0,,,,,369547.5684,5026786.662,45.37802955,-75.67328164,8902
16--4658,2016/04/22,3:13 PM,FALLOWFIELD RD btwn STRANDHERD DR & O'KEEFE CRT (__3ZA1TN),__3ZA1TN,01 - Non intersection,03 - P.D. only,03 - Rear end,02 - Rain,01 - Daylight,02 - Wet,10 - No control,,2,0,0,0,,0,,,,,360753.3612,5015022.609,45.27293398,-75.78688893,8903
16--5111,2016/05/06,9:05 PM,ABBOTT ST @ STITTSVILLE MAIN ST (0000082),82,03 - At intersection,03 - P.D. only,02 - Angle,01 - Clear,07 - Dark,01 - Dry,01 - Traffic signal,01 - Functioning,2,0,1,0,,0,,,,,350248.3376,5013331.028,45.25846999,-75.92091985,8904
16--5112,2016/05/06,9:32 AM,NAVAHO DR @ WOODROFFE AVE/TRANSITWAY N BASELIN (0010359),10359,02 - Intersection related,03 - P.D. only,03 - Rear end,01 - Clear,01 - Daylight,01 - Dry,01 - Traffic signal,01 - Functioning,2,0,0,0,,0,,,,,362706.4664,5023493.923,45.34900062,-75.7610092,8905
16--5113,2016/05/06,9:50 AM,FORWARD AVE btwn WIGSTON PRIV & LYNDALE AVE (__3ZAZBS),__3ZAZBS,04 - At/near private drive,03 - P.D. only,02 - Angle,01 - Clear,01 - Daylight,01 - Dry,10 - No control,,2,0,0,0,,0,,,,,364935.166,5029974.224,45.40712165,-75.7317803,8906
16--5114,2016/05/07,1:25 AM,HIGHWAY 417 btwn HWY417 IC121A RAMP16 & HWY417 IC121A RAMP61 (__3ZA2YY),__3ZA2YY,01 - Non intersection,02 - Non-fatal injury,04 - Sideswipe,01 - Clear,07 - Dark,01 - Dry,10 - No control,,2,0,0,0,02 - Minor,1,,1,,,367283.7102,5029767.972,45.40506013,-75.70180693,8907
16--5115,2016/05/07,10:13 PM,FALLOWFIELD RD @ GREENBANK RD (0000549),549,03 - At intersection,03 - P.D. only,05 - Turning movement,01 - Clear,07 - Dark,01 - Dry,01 - Traffic signal,01 - Functioning,2,0,0,0,,0,,,,,363079.5483,5016732.681,45.28813231,-75.75704393,8908
16--5116,2016/05/07,11:00 PM,HARBOUR VIEW ST btwn HUNTCLIFF PL & ASHMORE DR (__44Z93J),__44Z93J,04 - At/near private drive,03 - P.D. only,06 - SMV unattended vehicle,02 - Rain,07 - Dark,02 - Wet,10 - No control,,1,0,0,0,,0,,,,,366879.2495,5014723.293,45.26972664,-75.7088606,8909
16--5117,2016/05/07,11:28 AM,BANK ST @ SNAKE ISLAND RD/VICTORIA ST (0001080),1080,02 - Intersection related,03 - P.D. only,03 - Rear end,01 - Clear,01 - Daylight,01 - Dry,01 - Traffic signal,01 - Functioning,3,0,0,0,,0,,,,,383696.5628,5010121.182,45.22663389,-75.49530026,8910
16--5118,2016/05/07,11:40 AM,UPPER DWYER HILL RD @ MCARTON RD (0011461),11461,03 - At intersection,02 - Non-fatal injury,07 - SMV other,01 - Clear,01 - Daylight,01 - Dry,02 - Stop sign,01 - Functioning,1,0,0,0,02 - Minor,1,,1,,,340118.6111,5007541.887,45.2069574,-76.05039418,8911
16--5119,2016/05/07,11:42 AM,DALHOUSIE ST @ RIDEAU ST (0007646),7646,02 - Intersection related,03 - P.D. only,99 - Other,01 - Clear,01 - Daylight,01 - Dry,01 - Traffic signal,01 - Functioning,2,0,0,0,,0,,,,,368206.0357,5032227.357,45.42710592,-75.6897095,8912
16--512,2016/01/12,8:05 PM,LYNDA LANE btwn BILLINGS AVE & SMYTH RD (__3ZA9JG),__3ZA9JG,01 - Non intersection,03 - P.D. only,05 - Turning movement,03 - Snow,07 - Dark,03 - Loose snow,10 - No control,,2,0,0,0,,0,,,,,371602.2822,5029161.032,45.39920032,-75.64672785,8913
16--5120,2016/05/07,11:56 AM,ST. JOSEPH BLVD @ TENTH LINE RD (0009163),9163,02 - Intersection related,03 - P.D. only,03 - Rear end,01 - Clear,01 - Daylight,01 - Dry,01 - Traffic signal,01 - Functioning,2,0,0,0,,0,,,,,382891.7223,5038665.764,45.48354776,-75.501039,8914
16--5121,2016/05/07,12:05 AM,WALKLEY RD btwn COLLISTON CRES & CEDARWOOD DR (__3ZA370),__3ZA370,04 - At/near private drive,03 - P.D. only,07 - SMV other,01 - Clear,07 - Dark,01 - Dry,10 - No control,,1,0,0,0,,0,,,,,371077.5499,5026383.298,45.37425717,-75.65380258,8915
16--5122,2016/05/07,12:54 PM,BAYSHORE DR btwn WOODRIDGE CRES N & BAYSHORE CS (__3ZAA4OA),__3ZAA4OA,01 - Non intersection,03 - P.D. only,04 - Sideswipe,01 - Clear,01 - Daylight,01 - Dry,10 - No control,,2,0,0,0,,0,,,,,359090.1988,5023847.772,45.35247382,-75.80711693,8916
16--5123,2016/05/07,2:00 PM,SOMERSET ST    W btwn METCALFE ST & ELGIN ST (__3ZA341),__3ZA341,04 - At/near private drive,03 - P.D. only,06 - SMV unattended vehicle,01 - Clear,01 - Daylight,01 - Dry,10 - No control,,1,0,0,0,,0,,,,,368157.7188,5031194.739,45.41781916,-75.6904597,8917
16--5124,2016/05/07,2:11 PM,ELGIN ST @ QUEEN ST (0007144),7144,02 - Intersection related,02 - Non-fatal injury,03 - Rear end,01 - Clear,01 - Daylight,01 - Dry,01 - Traffic signal,01 - Functioning,4,0,0,0,01 - Minimal,1,1,,,,367804.9272,5031780.926,45.42312533,-75.69489201,8918
16--5125,2016/05/07,2:22 PM,BRONSON AVE btwn GLADSTONE AVE & MCLEOD ST (__3ZA30A),__3ZA30A,04 - At/near private drive,03 - P.D. only,05 - Turning movement,01 - Clear,01 - Daylight,01 - Dry,10 - No control,,2,0,0,0,,0,,,,,367139.3197,5030067.182,45.40776521,-75.70361343,8919
16--5126,2016/05/07,2:32 PM,HWY 417 PALLADI IC142R36 @ PALLADIUM DR (0010683),10683,03 - At intersection,03 - P.D. only,05 - Turning movement,01 - Clear,01 - Daylight,01 - Dry,01 - Traffic signal,01 - Functioning,2,0,0,0,,0,,,,,348774.1912,5017374.909,45.29495196,-75.93934355,8920
16--5127,2016/05/07,2:45 PM,BASELINE RD @ CLYDE AVE (0002343),2343,02 - Intersection related,03 - P.D. only,05 - Turning movement,01 - Clear,01 - Daylight,01 - Dry,01 - Traffic signal,01 - Functioning,2,0,0,0,,0,,,,,364358.928,5024890.513,45.36142858,-75.7397544,8921
16--5128,2016/05/07,3:37 PM,INDUSTRIAL AVE btwn RIVERSIDE DR & SANDFORD FLEMING AVE (__3ZA3PG),__3ZA3PG,01 - Non intersection,03 - P.D. only,03 - Rear end,01 - Clear,01 - Daylight,01 - Dry,10 - No control,,3,0,0,0,,0,,,,,370874.8566,5030559.303,45.41185044,-75.65583094,8922
16--5129,2016/05/07,4:00 PM,WOODRIDGE CRES btwn BAYSHORE PS & TRANSITWAY LINK (__6KE4J1B),__6KE4J1B,01 - Non intersection,02 - Non-fatal injury,07 - SMV other,01 - Clear,01 - Daylight,01 - Dry,10 - No control,,1,0,0,1,03 - Major,1,,,1,,358690.9329,5023179.469,45.34649121,-75.81228506,8923
16--513,2016/01/12,8:15 AM,FAIRBANKS AVE @ PLEASANT PARK RD (0007515),7515,03 - At intersection,03 - P.D. only,02 - Angle,01 - Clear,01 - Daylight,02 - Wet,02 - Stop sign,01 - Functioning,2,0,0,0,,0,,,,,370857.9746,5028520.178,45.39350478,-75.65631974,8924
16--5130,2016/05/07,4:52 PM,BANK ST btwn OSSINGTON AVE & CAMERON AVE (__3ZA3NX),__3ZA3NX,01 - Non intersection,03 - P.D. only,03 - Rear end,01 - Clear,01 - Daylight,01 - Dry,10 - No control,,2,0,0,0,,0,,,,,368902.6275,5028307.071,45.39176904,-75.68131816,8925
16--5131,2016/05/07,5:15 PM,RICHMOND RD @ WEST HUNT CLUB RD (0000598),598,02 - Intersection related,03 - P.D. only,03 - Rear end,01 - Clear,01 - Daylight,01 - Dry,01 - Traffic signal,01 - Functioning,2,0,0,0,,0,,,,,357145.8718,5018151.34,45.30136461,-75.83253211,8926
16--5132,2016/05/07,7:51 AM,NAVAN RD btwn DIAMOND WAY & TENTH LINE RD (__3ZA3YY),__3ZA3YY,01 - Non intersection,02 - Non-fatal injury,07 - SMV other,01 - Clear,01 - Daylight,01 - Dry,10 - No control,,1,0,0,0,01 - Minimal,1,1,,,,385558.4617,5031877.477,45.42216982,-75.46804573,8927
16--5133,2016/05/07,8:05 AM,CARLING AVE @ KIRKWOOD AVE S (0002209),2209,02 - Intersection related,03 - P.D. only,07 - SMV other,01 - Clear,01 - Daylight,01 - Dry,01 - Traffic signal,01 - Functioning,1,0,0,0,,0,,,,,364351.9252,5027337.549,45.38344722,-75.73954875,8928
16--5134,2016/05/07,8:28 PM,TERRY FOX DR @ WESTPHALIAN AVE (0014366),14366,03 - At intersection,02 - Non-fatal injury,07 - SMV other,01 - Clear,05 - Dusk,01 - Dry,01 - Traffic signal,01 - Functioning,1,0,0,1,02 - Minor,1,,1,,,353455.2261,5015759.789,45.28011017,-75.87982363,8929
16--5135,2016/05/07,8:45 AM,WOODROFFE AVE btwn CARLING AVE & FOX CRES (__3ZA4NI),__3ZA4NI,04 - At/near private drive,03 - P.D. only,02 - Angle,01 - Clear,01 - Daylight,01 - Dry,10 - No control,,2,0,0,0,,0,,,,,361770.1191,5025719.739,45.36910505,-75.77270115,8930
16--5136,2016/05/07,8:48 PM,MATTAMY PL btwn TO BE DETERMINED & AVENSHIRE GT (1) (__3ZA1IE),__3ZA1IE,01 - Non intersection,03 - P.D. only,06 - SMV unattended vehicle,01 - Clear,07 - Dark,01 - Dry,10 - No control,,1,0,0,0,,0,,,,,362875.7665,5022583.398,45.34079379,-75.75895571,8931
16--5137,2016/05/07,9:42 AM,INNES RD btwn PRESTWICK DR & TENTH LINE RD (__3ZA3Y7),__3ZA3Y7,04 - At/near private drive,03 - P.D. only,05 - Turning movement,01 - Clear,01 - Daylight,01 - Dry,10 - No control,,2,0,0,0,,0,,,,,383822.0974,5036106.078,45.46041337,-75.48955101,8932
16--5138,2016/05/08,1:37 PM,SOMERSET ST    W btwn BREEZEHILL AVE N & PRESTON ST (__3ZA32I),__3ZA32I,01 - Non intersection,02 - Non-fatal injury,04 - Sideswipe,01 - Clear,01 - Daylight,01 - Dry,10 - No control,,2,1,0,0,01 - Minimal,1,1,,,,366282.2195,5030116.52,45.40828496,-75.71455571,8933
16--5139,2016/05/08,10:12 AM,INGERSOLL CRES btwn INGERSOLL CRES & INGERSOLL CRES (__6FWVH5),__6FWVH5,01 - Non intersection,02 - Non-fatal injury,07 - SMV other,01 - Clear,01 - Daylight,01 - Dry,10 - No control,,1,0,0,0,01 - Minimal,1,1,,,,349200.321,5019463.703,45.31372077,-75.9337237,8934
16--514,2016/01/12,8:20 AM,HIGHWAY 417 btwn HWY417 IC127 RAMP35 & HWY417 IC127 RAMP25 (__3ZA2RE),__3ZA2RE,01 - Non intersection,03 - P.D. only,03 - Rear end,01 - Clear,01 - Daylight,01 - Dry,10 - No control,,2,0,0,0,,0,,,,,362116.434,5024823.072,45.36100868,-75.76838436,8935
16--5140,2016/05/08,11:30 PM,CATHERINE ST btwn BRONSON AVE & HWY417 IC121A RAMP61 (__3ZA3B4),__3ZA3B4,01 - Non intersection,03 - P.D. only,04 - Sideswipe,01 - Clear,07 - Dark,01 - Dry,10 - No control,,2,0,0,0,,0,,,,,367288.6636,5029814.095,45.40547469,-75.70173782,8936
16--5141,2016/05/08,11:43 PM,CHAMPLAIN ST btwn JEANNE D'ARC BLVD N & OR174 IC102 RAMP61 (__3ZA1VO),__3ZA1VO,01 - Non intersection,03 - P.D. only,04 - Sideswipe,01 - Clear,07 - Dark,01 - Dry,10 - No control,,2,0,0,0,,0,,,,,381515.3403,5038385.911,45.4811825,-75.51868698,8937
16--5142,2016/05/08,11:58 AM,WOODROFFE AVE @ KNOXDALE RD/MEDHURST DR (0000519),519,02 - Intersection related,02 - Non-fatal injury,04 - Sideswipe,01 - Clear,01 - Daylight,01 - Dry,01 - Traffic signal,01 - Functioning,2,0,0,0,02 - Minor,4,2,2,,,363419.6414,5021826.628,45.33393919,-75.75210613,8938
16--5143,2016/05/08,Unknown,FAIRHAVEN WAY btwn GREENHILL WAY & BLACKTHORNE AVE (1) (__3ZA4WG),__3ZA4WG,04 - At/near private drive,03 - P.D. only,06 - SMV unattended vehicle,01 - Clear,00 - Unknown,01 - Dry,10 - No control,,1,0,0,0,,0,,,,,372542.7661,5034574.782,45.44782032,-75.63397184,8939
16--5144,2016/05/08,2:00 PM,VIEWMOUNT DR btwn GRANT CARMAN DR & OVERLAKE DR (__3ZA0AN),__3ZA0AN,01 - Non intersection,03 - P.D. only,04 - Sideswipe,01 - Clear,01 - Daylight,01 - Dry,10 - No control,,2,0,0,0,,0,,,,,365533.7531,5023086.219,45.34509303,-75.72498124,8940
16--5145,2016/05/08,2:00 PM,LANGHOLM CRES btwn ST. REMY DR & ST. REMY DR (__3ZAB8V),__3ZAB8V,01 - Non intersection,03 - P.D. only,06 - SMV unattended vehicle,01 - Clear,01 - Daylight,01 - Dry,10 - No control,,1,0,0,0,,0,,,,,361926.8922,5015960.028,45.28127458,-75.7718259,8941
16--5146,2016/05/08,2:35 PM,CHAPMAN MILLS DR btwn LEAMINGTON WAY & TEMAGAMI DR (__61W6PK),__61W6PK,04 - At/near private drive,03 - P.D. only,02 - Angle,01 - Clear,01 - Daylight,01 - Dry,10 - No control,,2,0,0,0,,0,,,,,365265.7404,5014800.26,45.27055977,-75.72941193,8942
16--5147,2016/05/08,2:54 PM,SHEFFORD RD btwn CANOTEK RD & MONTREAL RD (__3ZA40W),__3ZA40W,01 - Non intersection,03 - P.D. only,05 - Turning movement,01 - Clear,01 - Daylight,01 - Dry,10 - No control,,2,0,0,0,,0,,,,,376066.807,5035001.463,45.45130889,-75.58886404,8943
16--5148,2016/05/08,3:10 PM,ROBERTSON RD btwn FITZGERALD RD & MOODIE DR (__3ZA411),__3ZA411,04 - At/near private drive,03 - P.D. only,02 - Angle,01 - Clear,01 - Daylight,01 - Dry,10 - No control,,2,0,0,0,,0,,,,,356954.1559,5020388.444,45.32150861,-75.83474107,8944
16--5149,2016/05/08,4:27 PM,JEANNE D'ARC BLVD @ ORLEANS BLVD N (0003792),3792,02 - Intersection related,03 - P.D. only,03 - Rear end,01 - Clear,01 - Daylight,01 - Dry,01 - Traffic signal,01 - Functioning,2,0,0,0,,0,,,,,380028.3497,5038106.031,45.47882618,-75.53774813,8945
16--515,2016/01/12,8:30 AM,CAMPEAU DR btwn COLCHESTER SQ/TERON RD & HAWKSTONE GT (__3ZAZOO),__3ZAZOO,01 - Non intersection,03 - P.D. only,03 - Rear end,02 - Rain,01 - Daylight,06 - Ice,10 - No control,,2,0,0,0,,0,,,,,352412.3275,5020430.61,45.32221076,-75.89266745,8946
16--5150,2016/05/08,5:00 PM,BANK ST @ PARKWAY RD (0005709),5709,02 - Intersection related,03 - P.D. only,03 - Rear end,01 - Clear,01 - Daylight,01 - Dry,01 - Traffic signal,01 - Functioning,2,0,0,0,,0,,,,,378746.9905,5014207.891,45.26394158,-75.55771346,8947
16--5151,2016/05/08,5:15 PM,DWYER HILL RD @ ROGER STEVENS DR (0003690),3690,03 - At intersection,02 - Non-fatal injury,02 - Angle,01 - Clear,01 - Daylight,01 - Dry,02 - Stop sign,01 - Functioning,2,0,0,0,02 - Minor,4,1,3,,,354336.3173,4989351.272,45.04241355,-75.87121304,8948
16--5152,2016/05/08,6:45 PM,CONSTANCE BAY RD SOUTH EXTENSION @ DUNROBIN RD (0014569),14569,03 - At intersection,02 - Non-fatal injury,02 - Angle,01 - Clear,01 - Daylight,01 - Dry,02 - Stop sign,01 - Functioning,2,0,0,0,02 - Minor,1,,1,,,336795.6011,5037200.646,45.4739992,-76.09077687,8949
16--5153,2016/05/08,8:00 PM,BORRISOKANE RD/TARTAN DR @ STRANDHERD DR (0010634),10634,02 - Intersection related,02 - Non-fatal injury,03 - Rear end,01 - Clear,01 - Daylight,01 - Dry,01 - Traffic signal,01 - Functioning,2,0,0,0,01 - Minimal,1,1,,,,362292.2829,5013546.761,45.25953007,-75.76744819,8950
16--5154,2016/05/08,8:47 PM,OGILVIE RD btwn CYRVILLE RD & MURDOCK GT (__3ZA13S),__3ZA13S,04 - At/near private drive,03 - P.D. only,02 - Angle,01 - Clear,07 - Dark,01 - Dry,10 - No control,,2,0,0,0,,0,,,,,372608.1302,5032096.939,45.42551958,-75.63347763,8951
16--5155,2016/05/08,8:52 PM,BRONSON AVE @ FIFTH AVE/MADAWASKA DR (0006977),6977,02 - Intersection related,03 - P.D. only,03 - Rear end,01 - Clear,07 - Dark,01 - Dry,01 - Traffic signal,01 - Functioning,2,0,0,0,,0,,,,,367613.2535,5028937.865,45.39756158,-75.69770335,8952
16--5156,2016/05/08,8:56 AM,ST. LAURENT BLVD btwn MCARTHUR AVE & DONALD ST (__3ZBOF4),__3ZBOF4,01 - Non intersection,03 - P.D. only,03 - Rear end,01 - Clear,01 - Daylight,01 - Dry,10 - No control,,2,0,0,0,,0,,,,,372083.9473,5032495.241,45.42915393,-75.64012101,8953
16--5157,2016/05/08,9:12 PM,RIVERSIDE DR @ WALKLEY RD (0002158),2158,03 - At intersection,02 - Non-fatal injury,04 - Sideswipe,01 - Clear,07 - Dark,01 - Dry,01 - Traffic signal,01 - Functioning,3,0,0,0,02 - Minor,2,1,1,,,368418.4992,5024853.529,45.36073916,-75.68794545,8954
16--5158,2016/05/08,9:16 AM,EASTWOOD PL @ MCARTHUR AVE (0004081),4081,03 - At intersection,03 - P.D. only,99 - Other,01 - Clear,01 - Daylight,01 - Dry,02 - Stop sign,01 - Functioning,2,0,0,0,,0,,,,,371052.4926,5032783.024,45.43184174,-75.65326267,8955
16--5159,2016/05/08,9:18 PM,RANGE RD @ SOMERSET ST (0008545),8545,03 - At intersection,02 - Non-fatal injury,02 - Angle,01 - Clear,07 - Dark,01 - Dry,02 - Stop sign,01 - Functioning,2,1,0,0,03 - Major,1,,,1,,369609.4594,5032072.702,45.42558577,-75.67179681,8956
16--516,2016/01/12,8:30 AM,REGIONAL ROAD 174 btwn OR174 IC112 RAMP61 & TRANSIT (__3ZA2W0),__3ZA2W0,01 - Non intersection,03 - P.D. only,04 - Sideswipe,01 - Clear,01 - Daylight,02 - Wet,10 - No control,,2,0,0,0,,0,,,,,375194.4443,5033141.062,45.43465851,-75.6002818,8957
16--5160,2016/05/08,9:49 AM,HOBIN ST btwn WENDELL AVE & KYLE AVE (__3ZA5I0),__3ZA5I0,01 - Non intersection,03 - P.D. only,06 - SMV unattended vehicle,01 - Clear,01 - Daylight,01 - Dry,10 - No control,,1,0,0,0,,0,,,,,349073.8048,5014029.937,45.26483393,-75.93582214,8958
16--5161,2016/05/09,1:00 PM,HIGHWAY 417 btwn HWY417 IC138 RAMP36 & HIGHWAY 417 (__3ZA29F),__3ZA29F,01 - Non intersection,03 - P.D. only,99 - Other,01 - Clear,01 - Daylight,02 - Wet,10 - No control,,2,0,0,0,,0,,,,,352912.9586,5020241.987,45.32047936,-75.8863002,8959
16--5162,2016/05/09,1:43 PM,HAWTHORNE RD @ HUNT CLUB RD (0007651),7651,02 - Intersection related,03 - P.D. only,03 - Rear end,01 - Clear,01 - Daylight,01 - Dry,01 - Traffic signal,01 - Functioning,2,0,0,0,,0,,,,,375508.4233,5026406.754,45.37403512,-75.59723497,8960
16--5163,2016/05/09,10:26 AM,GILMOUR ST btwn HARTINGTON PL & MACDONALD ST (__3ZA9UZ),__3ZA9UZ,01 - Non intersection,03 - P.D. only,06 - SMV unattended vehicle,01 - Clear,01 - Daylight,01 - Dry,10 - No control,,1,0,0,0,,0,,,,,368536.3463,5031225.763,45.41806391,-75.68561834,8961
16--5164,2016/05/09,10:51 PM,PRESTONE DR @ MOUNTAINSIDE CRES S/TURNER CRES  (0004411),4411,03 - At intersection,03 - P.D. only,02 - Angle,01 - Clear,07 - Dark,01 - Dry,02 - Stop sign,01 - Functioning,2,0,0,0,,0,,,,,382933.4241,5038128.833,45.47871228,-75.50059105,8962
16--5165,2016/05/09,Unknown,LORRY GREENBERG DR btwn HUNTER'S GLEN CRES & MARGRAVE AVE (__3ZA43X),__3ZA43X,01 - Non intersection,03 - P.D. only,06 - SMV unattended vehicle,01 - Clear,00 - Unknown,01 - Dry,10 - No control,,1,0,0,0,,0,,,,,372594.8614,5025241.781,45.36384108,-75.63458918,8963
16--5166,2016/05/09,12:04 AM,CUMBERLAND ST btwn MURRAY ST & CLARENCE ST (__3ZBOXP),__3ZBOXP,01 - Non intersection,03 - P.D. only,07 - SMV other,01 - Clear,07 - Dark,01 - Dry,10 - No control,,1,0,0,0,,0,,,,,368180.6348,5032661.78,45.43101701,-75.68997816,8964
16--5167,2016/05/09,12:15 PM,CEDARVIEW RD @ WEST HUNT CLUB RD (0010267),10267,02 - Intersection related,02 - Non-fatal injury,03 - Rear end,01 - Clear,01 - Daylight,01 - Dry,01 - Traffic signal,01 - Functioning,2,0,0,0,01 - Minimal,2,2,,,,359719.801,5019554.478,45.31379363,-75.79955858,8965
16--5168,2016/05/09,12:38 PM,MERIVALE RD btwn EMERALD PLAZA SC & MEADOWLANDS DR (__3ZA4HZB),__3ZA4HZB,01 - Non intersection,03 - P.D. only,04 - Sideswipe,01 - Clear,01 - Daylight,01 - Dry,10 - No control,,2,0,0,0,,0,,,,,364764.8429,5023939.75,45.35283915,-75.73468886,8966
16--5169,2016/05/09,2:05 AM,CUMBERLAND ST @ MURRAY ST (0008237),8237,03 - At intersection,03 - P.D. only,03 - Rear end,01 - Clear,07 - Dark,01 - Dry,01 - Traffic signal,01 - Functioning,2,0,0,0,,0,,,,,368171.5251,5032679.999,45.43118176,-75.69009223,8967
16--517,2016/01/12,8:32 AM,PRINCE OF WALES DR btwn TURN LANE & FISHER AVE (__3ZA29U),__3ZA29U,01 - Non intersection,02 - Non-fatal injury,04 - Sideswipe,01 - Clear,01 - Daylight,01 - Dry,10 - No control,,2,1,0,0,02 - Minor,1,,1,,,367160.9402,5023921.384,45.35246491,-75.7041135,8968
16--5170,2016/05/09,3:30 PM,MONTEBELLO LANE btwn MORTON DR & MORTON DR (__3ZACL7),__3ZACL7,01 - Non intersection,03 - P.D. only,06 - SMV unattended vehicle,01 - Clear,01 - Daylight,01 - Dry,10 - No control,,1,0,0,0,,0,,,,,353031.1792,5016594.431,45.28764972,-75.88514724,8969
16--5171,2016/05/09,3:30 PM,HIGHWAY 417 btwn HWY417 IC120B RAMP36 & HWY417 IC119B RAMP76 (__3ZA2YU),__3ZA2YU,01 - Non intersection,03 - P.D. only,04 - Sideswipe,01 - Clear,01 - Daylight,01 - Dry,10 - No control,,2,0,0,0,,0,,,,,367796.3926,5030027.9,45.40735293,-75.69522515,8970
16--5172,2016/05/09,3:31 PM,APPLEDALE DR btwn GATESBURY ST & CONLAN WAY (__3ZACEB),__3ZACEB,04 - At/near private drive,03 - P.D. only,02 - Angle,01 - Clear,01 - Daylight,01 - Dry,10 - No control,,2,0,0,0,,0,,,,,365338.9567,5015468.558,45.2765668,-75.72839745,8971
16--5173,2016/05/09,3:31 PM,RIVER RD btwn RYEBURN DR & LEITRIM RD (__3ZBOG4),__3ZBOG4,04 - At/near private drive,02 - Non-fatal injury,03 - Rear end,01 - Clear,01 - Daylight,01 - Dry,10 - No control,,3,0,0,0,01 - Minimal,1,1,,,,368036.6982,5016965.213,45.28979607,-75.69382586,8972
16--5174,2016/05/09,3:38 PM,BRAEMAR ST @ HEMLOCK RD (0007184),7184,02 - Intersection related,03 - P.D. only,03 - Rear end,01 - Clear,01 - Daylight,01 - Dry,02 - Stop sign,01 - Functioning,3,0,0,0,,0,,,,,370891.0741,5034757.719,45.44962443,-75.65506027,8973
16--5175,2016/05/09,3:46 PM,BRONSON AVE btwn COOPER ST & SOMERSET ST W (__3ZA33L),__3ZA33L,04 - At/near private drive,03 - P.D. only,02 - Angle,01 - Clear,01 - Daylight,01 - Dry,10 - No control,,2,0,0,0,,0,,,,,366959.493,5030492.197,45.41160537,-75.7058569,8974
16--5176,2016/05/09,3:48 PM,PIPER CRES btwn BEACON WAY & BEACON WAY (__3ZA581),__3ZA581,01 - Non intersection,03 - P.D. only,06 - SMV unattended vehicle,01 - Clear,01 - Daylight,01 - Dry,10 - No control,,1,0,0,0,,0,,,,,349135.6426,5022876.306,45.34443236,-75.93424293,8975
16--5177,2016/05/09,4:00 PM,RICHMOND RD btwn PATRICIA AVE & LEIGHTON TER (__3ZA4PL),__3ZA4PL,01 - Non intersection,03 - P.D. only,06 - SMV unattended vehicle,01 - Clear,01 - Daylight,01 - Dry,10 - No control,,1,0,0,0,,0,,,,,364004.6193,5028786.208,45.39651144,-75.74380949,8976
16--5178,2016/05/09,4:50 PM,COBOURG ST @ ST. PATRICK ST (0011483),11483,02 - Intersection related,03 - P.D. only,03 - Rear end,01 - Clear,01 - Daylight,01 - Dry,01 - Traffic signal,01 - Functioning,2,0,0,0,,0,,,,,368802.0713,5033232.699,45.43609733,-75.68196263,8977
16--5179,2016/05/09,5:05 PM,CENTREPOINTE DR @ WYCLIFFE ST (0001017),1017,02 - Intersection related,03 - P.D. only,02 - Angle,01 - Clear,01 - Daylight,01 - Dry,02 - Stop sign,01 - Functioning,2,0,0,0,,0,,,,,362310.9032,5022245.181,45.33779706,-75.76620206,8978
16--518,2016/01/12,8:45 AM,INDUSTRIAL AVE btwn RUSSELL RD & ST. LAURENT BLVD (__3ZA3R7),__3ZA3R7,01 - Non intersection,03 - P.D. only,03 - Rear end,03 - Snow,01 - Daylight,03 - Loose snow,10 - No control,,2,0,0,0,,0,,,,,372704.3816,5030070.331,45.40727577,-75.63252703,8979