Anom_ID,Accident_Date,Accident_Time,Location,Geo_ID,Accident_Location,Classification_of_Accident,Initial_Impact_Type,Environment_Condition,Light,Road_Surface_Condition,Traffic_Control,Traffic_Control_Condition,No__of_Vehicles,No__of_Bicycles,No__of_Motorcycles,No__of_Pedestrians,Max_Injury,No__of_Injuries,No__of_Minimal,No__of_Minor,No__of_Major,No__of_Fatal,X,Y,Latitude,Longitude,ObjectId
16--5180,2016/05/09,5:16 PM,MONTREAL RD @ GRANVILLE ST/LAFONTAINE AVE (0009348),9348,03 - At intersection,03 - P.D. only,05 - Turning movement,01 - Clear,01 - Daylight,01 - Dry,01 - Traffic signal,01 - Functioning,2,0,0,0,,0,,,,,370826.4528,5033475.812,45.43809652,-75.65605833,8980
16--5181,2016/05/09,5:47 AM,GLADSTONE AVE btwn BOOTH ST & LEBRETON ST N (__3ZBODP),__3ZBODP,01 - Non intersection,02 - Non-fatal injury,07 - SMV other,01 - Clear,03 - Dawn,01 - Dry,10 - No control,,1,0,0,1,02 - Minor,1,,1,,,366773.4923,5029858.41,45.40591923,-75.70831267,8981
16--5182,2016/05/09,7:46 AM,GRENON AVE @ RICHMOND RD (0002741),2741,02 - Intersection related,03 - P.D. only,03 - Rear end,01 - Clear,01 - Daylight,01 - Dry,01 - Traffic signal,01 - Functioning,2,0,0,0,,0,,,,,359806.446,5024033.286,45.35408726,-75.79795582,8982
16--5183,2016/05/09,8:00 AM,CAMPEAU DR/HWY 417 MARCH IC138R63 @ MARCH RD (0009710),9710,02 - Intersection related,03 - P.D. only,03 - Rear end,01 - Clear,01 - Daylight,01 - Dry,01 - Traffic signal,01 - Functioning,2,0,0,0,,0,,,,,352840.0687,5020475.745,45.32258775,-75.88720721,8983
16--5184,2016/05/09,8:03 AM,CRESTVIEW RD btwn EASTLANE RD & FAIRBANKS AVE (__3ZA9K3),__3ZA9K3,01 - Non intersection,03 - P.D. only,04 - Sideswipe,01 - Clear,01 - Daylight,01 - Dry,10 - No control,,2,0,0,0,,0,,,,,370794.7954,5028831.885,45.39631536,-75.65708487,8984
16--5185,2016/05/09,8:18 AM,JEANNE D'ARC BLVD  S btwn YOUVILLE DR & ST. JOSEPH BLVD (__3ZA2BT),__3ZA2BT,04 - At/near private drive,02 - Non-fatal injury,05 - Turning movement,01 - Clear,01 - Daylight,01 - Dry,10 - No control,,2,0,0,0,02 - Minor,1,,1,,,379833.7256,5036513.982,45.46452311,-75.54048035,8985
16--5186,2016/05/09,8:25 AM,WOODROFFE AVE btwn KNOXDALE RD/MEDHURST DR & NORICE ST (__3ZA3JO),__3ZA3JO,01 - Non intersection,02 - Non-fatal injury,03 - Rear end,01 - Clear,01 - Daylight,01 - Dry,10 - No control,,2,0,0,0,02 - Minor,1,,1,,,363240.302,5022284.683,45.3380757,-75.75433993,8986
16--5187,2016/05/09,9:18 AM,GREY NUNS DR @ ST. JOSEPH BLVD (0003642),3642,02 - Intersection related,03 - P.D. only,03 - Rear end,01 - Clear,01 - Daylight,01 - Dry,01 - Traffic signal,01 - Functioning,2,0,0,0,,0,,,,,380156.9073,5036666.59,45.46586137,-75.53632474,8987
16--5188,2016/05/09,9:32 AM,ABBOTT ST @ STITTSVILLE MAIN ST (0000082),82,02 - Intersection related,03 - P.D. only,03 - Rear end,01 - Clear,01 - Daylight,01 - Dry,01 - Traffic signal,01 - Functioning,2,0,0,0,,0,,,,,350249.0435,5013331.187,45.25847138,-75.92091084,8988
16--5189,2016/05/09,9:35 PM,ALBION RD @ BANK ST (0012409),12409,02 - Intersection related,03 - P.D. only,03 - Rear end,01 - Clear,07 - Dark,01 - Dry,01 - Traffic signal,01 - Functioning,2,0,0,0,,0,,,,,371947.4021,5024129.05,45.35389144,-75.64300432,8989
16--519,2016/01/12,8:45 AM,WOODWARD DR btwn COURTWOOD CRES & COURTWOOD CRES (__3ZAA4E),__3ZAA4E,04 - At/near private drive,03 - P.D. only,03 - Rear end,01 - Clear,01 - Daylight,06 - Ice,10 - No control,,2,0,0,0,,0,,,,,363436.7219,5026018.324,45.37165423,-75.75139112,8990
16--5190,2016/05/10,1:35 AM,RAMSAYVILLE RD btwn RIDGE RD & RUSSELL RD (__3ZA2B5),__3ZA2B5,01 - Non intersection,03 - P.D. only,07 - SMV other,01 - Clear,07 - Dark,01 - Dry,10 - No control,,1,0,0,0,,0,,,,,377042.4983,5027924.065,45.38753059,-75.57742927,8991
16--5191,2016/05/10,10:20 AM,INNES RD btwn ORCHARDVIEW AVE & PORTOBELLO BLVD (__3ZA1VW),__3ZA1VW,01 - Non intersection,03 - P.D. only,04 - Sideswipe,01 - Clear,01 - Daylight,01 - Dry,10 - No control,,2,0,0,0,,0,,,,,385617.6124,5036887.158,45.46723538,-75.46646722,8992
16--5192,2016/05/10,10:51 AM,RUSSELL RD @ SAUMURE RD/LANGLADE RD (0004091),4091,02 - Intersection related,03 - P.D. only,03 - Rear end,01 - Clear,01 - Daylight,01 - Dry,02 - Stop sign,01 - Functioning,2,0,0,0,,0,,,,,399948.1234,5029464.485,45.39865219,-75.28467481,8993
16--5193,2016/05/10,11:15 PM,REGIONAL ROAD 174 btwn OLD MONTREAL RD & OLD MONTREAL RD (__3ZA27O),__3ZA27O,01 - Non intersection,02 - Non-fatal injury,04 - Sideswipe,01 - Clear,07 - Dark,01 - Dry,10 - No control,,2,1,0,0,02 - Minor,1,,1,,,394452.1083,5043001.104,45.52116232,-75.35239248,8994
16--5194,2016/05/10,11:40 AM,WEST HUNT CLUB RD @ ROYDON PL/SUNDERLAND ST (0009775),9775,03 - At intersection,03 - P.D. only,05 - Turning movement,01 - Clear,01 - Daylight,01 - Dry,01 - Traffic signal,01 - Functioning,2,0,0,0,,0,,,,,365974.9792,5022169.816,45.33680903,-75.71946462,8995
16--5195,2016/05/10,Unknown,ARLINGTON AVE btwn BOOTH ST & LEBRETON ST N (__3ZBOM0),__3ZBOM0,01 - Non intersection,03 - P.D. only,06 - SMV unattended vehicle,01 - Clear,00 - Unknown,01 - Dry,10 - No control,,1,0,0,0,,0,,,,,366916.2539,5029738.967,45.40483186,-75.70650417,8996
16--5196,2016/05/10,12:01 PM,ST. JOSEPH BLVD/OLD MONTREAL RD @ TRIM RD (0004118),4118,03 - At intersection,03 - P.D. only,02 - Angle,01 - Clear,01 - Daylight,01 - Dry,11 - Roundabout,01 - Functioning,2,0,0,0,,0,,,,,384683.5529,5039285.316,45.48891915,-75.47802047,8997
16--5197,2016/05/10,12:10 PM,LAURIER AVE @ NICHOLAS ST (0010711),10711,02 - Intersection related,02 - Non-fatal injury,03 - Rear end,01 - Clear,01 - Daylight,01 - Dry,01 - Traffic signal,01 - Functioning,2,0,0,0,01 - Minimal,1,1,,,,368375.3357,5031797.458,45.42322247,-75.68760165,8998
16--5198,2016/05/10,12:10 PM,GREENBANK RD @ WEST HUNT CLUB RD (0005167),5167,02 - Intersection related,03 - P.D. only,03 - Rear end,01 - Clear,01 - Daylight,01 - Dry,01 - Traffic signal,01 - Functioning,2,0,0,0,,0,,,,,361479.4523,5020502.929,45.32218796,-75.77700941,8999
16--5199,2016/05/10,12:31 PM,SUNVALE WAY btwn FAIRPARK DR & VILLANDRY ST (__4N79ZS),__4N79ZS,04 - At/near private drive,03 - P.D. only,99 - Other,01 - Clear,01 - Daylight,01 - Dry,10 - No control,,2,0,0,0,,0,,,,,366982.1267,5015363.055,45.27547409,-75.70746954,9000
16--592,2016/01/14,10:22 AM,MARCH RD btwn SECOND LINE RD & DUNROBIN RD (__3ZA3FQ),__3ZA3FQ,01 - Non intersection,03 - P.D. only,03 - Rear end,03 - Snow,01 - Daylight,03 - Loose snow,10 - No control,,2,0,0,0,,0,,,,,347164.0942,5026066.662,45.37326185,-75.95912681,9001
16--5920,2016/05/30,2:45 PM,ST. JOSEPH BLVD @ JEANNE D'ARC BLVD (0012421),12421,02 - Intersection related,03 - P.D. only,03 - Rear end,01 - Clear,01 - Daylight,01 - Dry,11 - Roundabout,01 - Functioning,2,0,0,0,,0,,,,,379860.7425,5036470.892,45.46413252,-75.54014149,9002
16--5921,2016/05/30,2:52 PM,RICHMOND RD @ WOODROFFE AVE (0011466),11466,02 - Intersection related,03 - P.D. only,07 - SMV other,01 - Clear,01 - Daylight,01 - Dry,01 - Traffic signal,01 - Functioning,1,0,0,0,,0,,,,,361584.4609,5026654.298,45.3775292,-75.77496369,9003
16--5922,2016/05/30,3:13 PM,TENTH LINE RD btwn ST. JOSEPH BLVD & OR174 IC101 RAMP26 (__3ZA11V),__3ZA11V,01 - Non intersection,03 - P.D. only,03 - Rear end,01 - Clear,01 - Daylight,01 - Dry,10 - No control,,3,0,0,0,,0,,,,,382785.1313,5038887.737,45.48555679,-75.50236707,9004
16--5923,2016/05/30,3:39 PM,HALIFAX DR @ WALKLEY RD (0008803),8803,02 - Intersection related,03 - P.D. only,03 - Rear end,01 - Clear,01 - Daylight,01 - Dry,01 - Traffic signal,01 - Functioning,2,0,0,0,,0,,,,,373644.4134,5027899.318,45.38765017,-75.62082261,9005
16--5924,2016/05/30,3:49 PM,FRANK ST @ O'CONNOR ST (0007268),7268,03 - At intersection,03 - P.D. only,02 - Angle,01 - Clear,01 - Daylight,01 - Dry,02 - Stop sign,01 - Functioning,2,0,0,0,,0,,,,,368052.1659,5030698.722,45.41336571,-75.69187191,9006
16--5925,2016/05/30,4:01 PM,GREENLAND RD btwn VANCES SIDE RD & Continuation of GREENLAND RD (__3ZA1PA),__3ZA1PA,01 - Non intersection,03 - P.D. only,07 - SMV other,01 - Clear,01 - Daylight,01 - Dry,10 - No control,,1,0,0,0,,0,,,,,342384.7738,5035570.45,45.45905196,-76.01941847,9007
16--5926,2016/05/30,4:18 PM,GREENBANK RD btwn BATEMAN DR/BELLMAN DR & GREENBANK SQUARE SC (__3ZA4YOA),__3ZA4YOA,01 - Non intersection,02 - Non-fatal injury,03 - Rear end,01 - Clear,01 - Daylight,01 - Dry,10 - No control,,3,0,0,0,01 - Minimal,1,1,,,,361320.2917,5020869.329,45.32549766,-75.77899764,9008
16--5927,2016/05/30,4:30 PM,DALY AVE btwn CUMBERLAND ST & KING EDWARD AVE (__3ZA8ZJ),__3ZA8ZJ,04 - At/near private drive,03 - P.D. only,06 - SMV unattended vehicle,01 - Clear,01 - Daylight,01 - Dry,10 - No control,,1,0,0,0,,0,,,,,368481.9327,5032205.218,45.42688166,-75.68618692,9009
16--5928,2016/05/30,4:41 PM,CHAMPLAIN BRIDGE/ISLAND PARK DR btwn BATE ISLAND & OTTAWA RIVER PKWY (__3ZA2ZEB),__3ZA2ZEB,07 - Overpass or bridge,02 - Non-fatal injury,01 - Approaching,01 - Clear,01 - Daylight,01 - Dry,10 - No control,,2,0,0,0,02 - Minor,1,,1,,,363115.7522,5029748.667,45.40524608,-75.75504777,9010
16--5929,2016/05/30,4:42 PM,SPRATT RD btwn CANYON WALK DR & OWLS CABIN AVE (__4O3KVR),__4O3KVR,01 - Non intersection,02 - Non-fatal injury,01 - Approaching,01 - Clear,01 - Daylight,01 - Dry,10 - No control,,2,0,0,0,02 - Minor,2,1,1,,,369258.2755,5016530.178,45.28577072,-75.67831068,9011
16--593,2016/01/14,10:35 AM,BLAIR RD btwn OR174 IC112 RAMP15 & MEADOWBROOK RD (__3ZA2E1),__3ZA2E1,04 - At/near private drive,02 - Non-fatal injury,02 - Angle,01 - Clear,01 - Daylight,03 - Loose snow,10 - No control,,2,0,0,0,01 - Minimal,1,1,,,,375186.0775,5032321.114,45.42728193,-75.60050593,9012
16--5930,2016/05/30,4:55 PM,HIGHWAY 416 btwn HWY416 IC72 RAMP63 & HWY416 IC72 RAMP53 (__3ZA1NF),__3ZA1NF,01 - Non intersection,02 - Non-fatal injury,07 - SMV other,01 - Clear,01 - Daylight,01 - Dry,10 - No control,,1,0,0,0,01 - Minimal,1,1,,,,359561.5436,5019421.05,45.31260539,-75.80159157,9013
16--5931,2016/05/30,4:59 PM,KATIMAVIK RD @ AIRD PL/CHIMO DR W (0011977),11977,02 - Intersection related,03 - P.D. only,03 - Rear end,01 - Clear,01 - Daylight,01 - Dry,01 - Traffic signal,01 - Functioning,2,0,0,0,,0,,,,,352170.1018,5019158.16,45.31077736,-75.89587874,9014
16--5932,2016/05/30,5:00 PM,GLADSTONE AVE btwn PERCY ST & BAY ST (__3ZA3PR),__3ZA3PR,01 - Non intersection,03 - P.D. only,01 - Approaching,01 - Clear,01 - Daylight,01 - Dry,10 - No control,,2,0,0,0,,0,,,,,367344.7241,5030217.504,45.40909944,-75.70097056,9015
16--5933,2016/05/30,5:15 PM,HIGHWAY 417 btwn HWY417 IC118 RAMP35 & HWY417 IC117 RAMP51 (__3ZA2YP),__3ZA2YP,01 - Non intersection,03 - P.D. only,04 - Sideswipe,01 - Clear,01 - Daylight,01 - Dry,10 - No control,,2,0,0,0,,0,,,,,369823.9458,5031137.334,45.41714978,-75.66917963,9016
16--5934,2016/05/30,5:34 AM,CORKSTOWN RD btwn MARCH RD & MOODIE DR (__3ZA2LR),__3ZA2LR,01 - Non intersection,03 - P.D. only,07 - SMV other,01 - Clear,03 - Dawn,01 - Dry,10 - No control,,1,0,0,0,,0,,,,,355021.1901,5021569.636,45.33227809,-75.85927586,9017
16--5935,2016/05/30,6:20 AM,REGIONAL ROAD 174 btwn OR174 IC112 RAMP36 & OR174 IC112 RAMP26 (__3ZAZFK),__3ZAZFK,01 - Non intersection,03 - P.D. only,04 - Sideswipe,01 - Clear,01 - Daylight,01 - Dry,10 - No control,,2,0,0,0,,0,,,,,374694.1499,5032765.151,45.43132646,-75.60672869,9018
16--5936,2016/05/30,6:27 PM,MCBEAN ST btwn BURKE ST & OTTAWA ST (__3ZA42S),__3ZA42S,01 - Non intersection,03 - P.D. only,04 - Sideswipe,01 - Clear,01 - Daylight,01 - Dry,10 - No control,,2,0,0,0,,0,,,,,357513.4063,5005401.197,45.18660852,-75.82919757,9019
16--5937,2016/05/30,6:45 AM,HIGHWAY 417 btwn HWY417 IC121A RAMP51 & HWY417 IC120A RAMP52 (__3ZA2R6),__3ZA2R6,01 - Non intersection,03 - P.D. only,03 - Rear end,01 - Clear,01 - Daylight,01 - Dry,10 - No control,,2,0,0,0,,0,,,,,367270.2307,5029736.977,45.40478245,-75.70198303,9020
16--5938,2016/05/30,6:50 PM,HIGHWAY 417 btwn HWY417 IC126 RAMP61 & HWY417 IC124 RAMP76 (__3ZA2Y2),__3ZA2Y2,01 - Non intersection,03 - P.D. only,07 - SMV other,01 - Clear,01 - Daylight,01 - Dry,10 - No control,,1,0,0,0,,0,,,,,363670.3276,5026529.007,45.37622969,-75.74834809,9021
16--5939,2016/05/30,7:15 AM,HIGHWAY 417 btwn REGIONAL ROAD 174 & HWY417 IC113 RAMP62 (__3ZA280),__3ZA280,01 - Non intersection,03 - P.D. only,03 - Rear end,01 - Clear,01 - Daylight,01 - Dry,10 - No control,,2,0,0,0,,0,,,,,373289.5793,5031732.914,45.42217787,-75.624821,9022
16--594,2016/01/14,10:50 PM,HIGHWAY 417 btwn HWY417 IC115 RAMP35 & HIGHWAY 417 (__3ZA2US),__3ZA2US,01 - Non intersection,03 - P.D. only,99 - Other,01 - Clear,07 - Dark,01 - Dry,10 - No control,,2,0,0,0,,0,,,,,372495.256,5031505.53,45.42020929,-75.63500116,9023
16--5940,2016/05/30,7:21 AM,SIMS AVE btwn PARKDALE AVE & BEVERLEY AVE (__3ZA03O),__3ZA03O,01 - Non intersection,03 - P.D. only,06 - SMV unattended vehicle,01 - Clear,01 - Daylight,01 - Dry,10 - No control,,1,0,0,0,,0,,,,,365362.4652,5029036.018,45.39864304,-75.72643732,9024
16--5941,2016/05/30,7:45 AM,CARLING AVE EB btwn FOX CRES & WOODROFFE AVE (__3ZA4VE),__3ZA4VE,01 - Non intersection,03 - P.D. only,04 - Sideswipe,01 - Clear,01 - Daylight,01 - Dry,10 - No control,,2,0,0,0,,0,,,,,361748.2924,5025713.789,45.36905329,-75.77298046,9025
16--5942,2016/05/30,8:04 PM,COLONEL BY DR @ COLONEL BY DR SB ON RAMP 43 (0002623),2623,02 - Intersection related,03 - P.D. only,03 - Rear end,01 - Clear,01 - Daylight,01 - Dry,02 - Stop sign,01 - Functioning,2,0,0,0,,0,,,,,367641.8507,5028440.766,45.39308626,-75.69740144,9026
16--5943,2016/05/30,8:15 AM,WALKLEY RD btwn SPRINGLAND DR & MCCARTHY RD (__3ZA37W),__3ZA37W,01 - Non intersection,03 - P.D. only,03 - Rear end,01 - Clear,01 - Daylight,01 - Dry,10 - No control,,2,0,0,0,,0,,,,,368824.6455,5025034.089,45.36232682,-75.68273835,9027
16--5944,2016/05/30,8:15 PM,RIVERSIDE DR @ TREMBLAY RD/HWY417 IC117 RAMP52 (0010790),10790,02 - Intersection related,02 - Non-fatal injury,03 - Rear end,01 - Clear,05 - Dusk,01 - Dry,01 - Traffic signal,01 - Functioning,2,0,0,0,01 - Minimal,1,1,,,,370802.6085,5031015.642,45.41596321,-75.65669276,9028
16--5945,2016/05/30,8:30 PM,HIGHWAY 417 btwn HWY417 IC131 RAMP66 & HWY417 IC130 RAMP26 (__3ZA29A),__3ZA29A,01 - Non intersection,03 - P.D. only,07 - SMV other,01 - Clear,05 - Dusk,01 - Dry,10 - No control,,1,0,0,0,,0,,,,,359221.344,5023081.886,45.3455722,-75.80552759,9029
16--5946,2016/05/30,8:35 AM,BERRIGAN DR @ LONGFIELDS DR (0010453),10453,02 - Intersection related,03 - P.D. only,03 - Rear end,01 - Clear,01 - Daylight,01 - Dry,11 - Roundabout,01 - Functioning,2,0,0,0,,0,,,,,364304.9714,5015645.551,45.27824765,-75.74155378,9030
16--5947,2016/05/30,8:59 AM,IBER RD btwn HUNTMAR DR & HARRY DOUGLAS DR (__3ZA4XQ),__3ZA4XQ,01 - Non intersection,02 - Non-fatal injury,05 - Turning movement,01 - Clear,01 - Daylight,01 - Dry,10 - No control,,2,1,0,0,02 - Minor,1,,1,,,351125.2689,5015869.449,45.28125432,-75.90951022,9031
16--5948,2016/05/30,9:07 AM,BANK ST @ HERON RD (0002155),2155,03 - At intersection,03 - P.D. only,05 - Turning movement,01 - Clear,01 - Daylight,01 - Dry,01 - Traffic signal,01 - Functioning,2,0,0,0,,0,,,,,369996.3964,5026851.317,45.37856968,-75.66754292,9032
16--5949,2016/05/30,9:11 PM,FISHER AVE @ MEADOWLANDS DR (0002120),2120,03 - At intersection,03 - P.D. only,05 - Turning movement,01 - Clear,07 - Dark,01 - Dry,01 - Traffic signal,01 - Functioning,2,0,0,0,,0,,,,,366574.8454,5025046.105,45.3626368,-75.71145231,9033
16--595,2016/01/14,11:10 AM,HUNT CLUB RD btwn RIVERSIDE DR & LINDBERGH PRIV (__4B3PLN),__4B3PLN,01 - Non intersection,03 - P.D. only,03 - Rear end,03 - Snow,01 - Daylight,03 - Loose snow,10 - No control,,2,0,0,0,,0,,,,,368213.8137,5022041.934,45.3354596,-75.69091839,9034
16--5950,2016/05/30,9:21 AM,CHESTERTON DR btwn MULVAGH AVE & SOUTHVIEW CRES (__3ZAAV4),__3ZAAV4,01 - Non intersection,03 - P.D. only,04 - Sideswipe,01 - Clear,01 - Daylight,01 - Dry,10 - No control,,2,0,0,0,,0,,,,,365198.9841,5023956.49,45.35295251,-75.72914652,9035
16--5951,2016/05/30,9:29 AM,OTTAWA RIVER PKWY @ WOODROFFE AVE (0002637),2637,03 - At intersection,02 - Non-fatal injury,02 - Angle,01 - Clear,01 - Daylight,01 - Dry,02 - Stop sign,01 - Functioning,2,0,0,0,02 - Minor,2,,2,,,361426.5927,5027003.108,45.38068054,-75.77693922,9036
16--5952,2016/05/30,9:33 AM,WOODROFFE AVE btwn HWY417 IC127 RAMP53 & IRIS ST (__3ZA4L2),__3ZA4L2,01 - Non intersection,03 - P.D. only,02 - Angle,01 - Clear,01 - Daylight,01 - Dry,10 - No control,,2,0,0,0,,0,,,,,362208.7297,5024620.555,45.3591789,-75.76722987,9037
16--5953,2016/05/30,9:35 AM,CATHERINE ST/HWY 417 O'CONN IC119BR76 @ O'CONN (0001697),1697,02 - Intersection related,03 - P.D. only,04 - Sideswipe,01 - Clear,01 - Daylight,01 - Dry,01 - Traffic signal,00 - Unknown,2,0,0,0,,0,,,,,368242.8405,5030393.562,45.41060272,-75.68947532,9038
16--5954,2016/05/30,9:47 PM,DUNROBIN RD btwn LILLIAN WAY & HARWOOD LANE (__3ZBOB6),__3ZBOB6,01 - Non intersection,03 - P.D. only,07 - SMV other,01 - Clear,07 - Dark,01 - Dry,10 - No control,,1,0,0,0,,0,,,,,345958.8645,5027500.145,45.38623251,-75.97439413,9039
16--5955,2016/05/30,9:59 PM,PINECREST RD/HWY 417 PINECRE IC129R63 @ TRANSI (0008264),8264,02 - Intersection related,03 - P.D. only,03 - Rear end,01 - Clear,07 - Dark,01 - Dry,01 - Traffic signal,01 - Functioning,2,0,0,0,,0,,,,,360387.8761,5023677.907,45.35084371,-75.79057558,9040
16--5956,2016/05/31,1:02 AM,BOWESVILLE RD btwn RIDEAU RD & MITCH OWENS RD (__3ZA711),__3ZA711,01 - Non intersection,02 - Non-fatal injury,07 - SMV other,01 - Clear,07 - Dark,01 - Dry,10 - No control,,1,0,0,0,02 - Minor,1,,1,,,373847.1235,5014453.551,45.26665,-75.62010934,9041
16--5957,2016/05/31,1:15 PM,GREENBANK RD @ STRANDHERD DR (0005563),5563,02 - Intersection related,03 - P.D. only,04 - Sideswipe,01 - Clear,01 - Daylight,01 - Dry,01 - Traffic signal,01 - Functioning,2,0,0,0,,0,,,,,363933.2545,5014784.549,45.2705317,-75.74639379,9042
16--5958,2016/05/31,1:53 AM,GREENLAND RD btwn ARMITAGE AVE & ROCK FOREST RD (__3ZAC6E),__3ZAC6E,01 - Non intersection,02 - Non-fatal injury,07 - SMV other,01 - Clear,07 - Dark,01 - Dry,10 - No control,,1,0,0,0,02 - Minor,1,,1,,,340193.0898,5038208.975,45.4829084,-76.0472517,9043
16--5959,2016/05/31,1:57 PM,RASTILA CRES btwn TAPIOLA CRES & TAPIOLA CRES (__3ZA9XX),__3ZA9XX,01 - Non intersection,03 - P.D. only,06 - SMV unattended vehicle,01 - Clear,01 - Daylight,01 - Dry,10 - No control,,1,0,0,0,,0,,,,,372102.2608,5025306.388,45.36446986,-75.64086778,9044
16--596,2016/01/14,11:41 AM,LANTHIER DR @ VANTAGE DR (0004631),4631,02 - Intersection related,03 - P.D. only,03 - Rear end,01 - Clear,01 - Daylight,06 - Ice,02 - Stop sign,01 - Functioning,2,0,0,0,,0,,,,,383600.088,5035848.336,45.45811952,-75.49243069,9045
16--5960,2016/05/31,10:02 AM,HUNT CLUB RD btwn NORTH BOWESVILLE RD & BILLY BISHOP PRIV (__5G43Y1),__5G43Y1,04 - At/near private drive,03 - P.D. only,02 - Angle,01 - Clear,01 - Daylight,01 - Dry,10 - No control,,2,0,0,0,,0,,,,,368808.5517,5022400.637,45.33863313,-75.68328464,9046
16--5961,2016/05/31,10:03 PM,MONTREAL RD btwn PALACE ST & VANIER PKWY (__3ZA3LL),__3ZA3LL,01 - Non intersection,03 - P.D. only,05 - Turning movement,01 - Clear,07 - Dark,01 - Dry,10 - No control,,2,0,0,0,,0,,,,,370043.5111,5033048.249,45.43432299,-75.66612139,9047
16--5962,2016/05/31,10:15 PM,HIGHWAY 417 btwn HWY417 IC126 RAMP61 & HWY417 IC124 RAMP76 (__3ZA2Y2),__3ZA2Y2,01 - Non intersection,03 - P.D. only,99 - Other,01 - Clear,07 - Dark,01 - Dry,10 - No control,,2,0,0,0,,0,,,,,363187.274,5025902.789,45.37063548,-75.75458919,9048
16--5963,2016/05/31,10:40 PM,HWY417 IC110 RAMP56 btwn HIGHWAY 417 & WALKLEY EXTENSION RD (__3ZAY6U),__3ZAY6U,01 - Non intersection,03 - P.D. only,07 - SMV other,01 - Clear,07 - Dark,01 - Dry,10 - No control,,1,0,0,0,,0,,,,,375868.3372,5029005.101,45.3973773,-75.59226625,9049
16--5964,2016/05/31,11:30 PM,BARNSTONE DR btwn CRESTHAVEN DR & MARCAY ST (__4N787G),__4N787G,04 - At/near private drive,03 - P.D. only,06 - SMV unattended vehicle,01 - Clear,07 - Dark,01 - Dry,10 - No control,,1,0,0,0,,0,,,,,366960.7739,5015072.193,45.27285882,-75.70777808,9050
16--5965,2016/05/31,11:42 AM,PLACE D'ORLEANS @ CENTRUM BLVD/PLACE D'ORLEANS (0004167),4167,03 - At intersection,03 - P.D. only,07 - SMV other,01 - Clear,01 - Daylight,01 - Dry,01 - Traffic signal,01 - Functioning,1,0,0,1,,0,,,,,381964.0545,5038138.587,45.47890784,-75.51298692,9051
16--5966,2016/05/31,Unknown,SHIRLEY'S BROOK DR btwn ARRISDALE CRT & CATTERICK CRES (__3ZADKY),__3ZADKY,01 - Non intersection,03 - P.D. only,06 - SMV unattended vehicle,01 - Clear,00 - Unknown,01 - Dry,10 - No control,,1,0,0,0,,0,,,,,350226.4235,5024145.891,45.35578657,-75.9202078,9052
16--5967,2016/05/31,12:00 PM,COLONNADE RD @ PRINCE OF WALES DR (0005249),5249,02 - Intersection related,03 - P.D. only,03 - Rear end,01 - Clear,01 - Daylight,01 - Dry,01 - Traffic signal,01 - Functioning,2,0,0,0,,0,,,,,367394.4861,5023266.291,45.34654971,-75.70121606,9053
16--5968,2016/05/31,12:02 PM,MER BLEUE RD btwn 210 S OF INNES RD & RENAUD RD (__3ZA2S1B),__3ZA2S1B,01 - Non intersection,03 - P.D. only,04 - Sideswipe,01 - Clear,01 - Daylight,01 - Dry,10 - No control,,2,0,0,0,,0,,,,,383037.6728,5034672.421,45.44760285,-75.4998079,9054
16--5969,2016/05/31,12:38 PM,HERON RD @ ALTA VISTA DR (0007188),7188,02 - Intersection related,03 - P.D. only,04 - Sideswipe,01 - Clear,01 - Daylight,01 - Dry,01 - Traffic signal,01 - Functioning,2,0,0,0,,0,,,,,370493.6409,5026901.389,45.37897376,-75.6611879,9055
16--597,2016/01/14,11:57 AM,BANK ST btwn FIRST AVE & SECOND AVE (__3ZA3O4),__3ZA3O4,01 - Non intersection,03 - P.D. only,04 - Sideswipe,01 - Clear,01 - Daylight,04 - Slush,10 - No control,,2,0,0,0,,0,,,,,368298.9512,5029643.194,45.40384606,-75.68885518,9056
16--5970,2016/05/31,2:10 PM,MARAVISTA DR @ STRANDHERD DR (0013565),13565,02 - Intersection related,03 - P.D. only,03 - Rear end,01 - Clear,01 - Daylight,01 - Dry,01 - Traffic signal,01 - Functioning,2,0,0,0,,0,,,,,361288.4381,5014584.958,45.26895318,-75.78011984,9057
16--5971,2016/05/31,2:17 PM,TENTH LINE RD @ CHARLEMAGNE BLVD N/TOMPKINS AV (0009222),9222,03 - At intersection,02 - Non-fatal injury,05 - Turning movement,01 - Clear,01 - Daylight,01 - Dry,01 - Traffic signal,01 - Functioning,2,0,0,0,02 - Minor,3,,3,,,383184.1554,5037977.656,45.47732402,-75.49740855,9058
16--5972,2016/05/31,2:53 AM,WINDHURST DR btwn WINDCHIME CRES & STONEPOINTE AVE (__3ZA1IY),__3ZA1IY,01 - Non intersection,03 - P.D. only,06 - SMV unattended vehicle,01 - Clear,07 - Dark,01 - Dry,10 - No control,,1,0,0,0,,0,,,,,366382.2312,5016022.758,45.28146285,-75.71503282,9059
16--5973,2016/05/31,3:00 AM,HIGHWAY 416 btwn HWY416 IC66 RAMP24 & HWY416 IC57 RAMP62 (__3ZA1OI),__3ZA1OI,01 - Non intersection,03 - P.D. only,07 - SMV other,01 - Clear,07 - Dark,01 - Dry,10 - No control,,1,0,0,0,,0,,,,,363808.7032,5009886.563,45.22646981,-75.74856233,9060
16--5974,2016/05/31,3:38 PM,BEECH ST btwn PRESTON ST & ROCHESTER ST (__3ZA05Q),__3ZA05Q,01 - Non intersection,03 - P.D. only,04 - Sideswipe,01 - Clear,01 - Daylight,01 - Dry,10 - No control,,2,0,0,0,,0,,,,,366764.7117,5029304.143,45.40093286,-75.70849448,9061
16--5975,2016/05/31,3:59 PM,PRINCE OF WALES DR @ WEST HUNT CLUB RD (0000567),567,02 - Intersection related,03 - P.D. only,03 - Rear end,01 - Clear,01 - Daylight,01 - Dry,01 - Traffic signal,01 - Functioning,3,0,0,0,,0,,,,,367458.4908,5021890.845,45.33416799,-75.70057355,9062