Anom_ID,Accident_Date,Accident_Time,Location,Geo_ID,Accident_Location,Classification_of_Accident,Initial_Impact_Type,Environment_Condition,Light,Road_Surface_Condition,Traffic_Control,Traffic_Control_Condition,No__of_Vehicles,No__of_Bicycles,No__of_Motorcycles,No__of_Pedestrians,Max_Injury,No__of_Injuries,No__of_Minimal,No__of_Minor,No__of_Major,No__of_Fatal,X,Y,Latitude,Longitude,ObjectId
16--5976,2016/05/31,4:01 PM,CANDLEWOOD ST btwn BOISFRANC CIRC & CHERINGTON CRES (__45I7DO),__45I7DO,04 - At/near private drive,03 - P.D. only,07 - SMV other,01 - Clear,01 - Daylight,01 - Dry,10 - No control,,1,0,0,0,,0,,,,,385567.5273,5035496.834,45.45473238,-75.46733602,9063
16--5977,2016/05/31,4:16 PM,PUTMAN AVE @ SPRINGFIELD RD (0008528),8528,03 - At intersection,03 - P.D. only,02 - Angle,01 - Clear,01 - Daylight,01 - Dry,02 - Stop sign,01 - Functioning,2,0,0,0,,0,,,,,369186.3095,5033909.594,45.44215248,-75.67696348,9064
16--5978,2016/05/31,4:21 PM,BASELINE RD/HERON RD @ PRINCE OF WALES DR (0002345),2345,02 - Intersection related,03 - P.D. only,03 - Rear end,01 - Clear,01 - Daylight,01 - Dry,01 - Traffic signal,01 - Functioning,2,0,0,0,,0,,,,,366873.2759,5026438.606,45.37513986,-75.70746828,9065
16--5979,2016/05/31,4:21 PM,PARADISE CRES btwn GARDENWAY DR & GARDENWAY DR (__3ZA1U3),__3ZA1U3,04 - At/near private drive,03 - P.D. only,99 - Other,01 - Clear,01 - Daylight,01 - Dry,10 - No control,,2,0,0,0,,0,,,,,385354.332,5037182.819,45.46992586,-75.46978516,9066
16--598,2016/01/14,Unknown,BATHGATE DR @ MATHESON RD (0009316),9316,03 - At intersection,03 - P.D. only,07 - SMV other,03 - Snow,00 - Unknown,04 - Slush,02 - Stop sign,01 - Functioning,1,0,0,0,,0,,,,,373641.7162,5033374.458,45.43691307,-75.62009235,9067
16--5980,2016/05/31,4:28 PM,HERON RD @ BAYCREST DR (0007191),7191,02 - Intersection related,03 - P.D. only,03 - Rear end,01 - Clear,01 - Daylight,01 - Dry,01 - Traffic signal,01 - Functioning,2,0,0,0,,0,,,,,371142.6144,5026981.204,45.37963076,-75.65289163,9068
16--5981,2016/05/31,4:52 PM,BASELINE RD @ WOODROFFE AVE (0002225),2225,02 - Intersection related,03 - P.D. only,02 - Angle,01 - Clear,01 - Daylight,01 - Dry,01 - Traffic signal,01 - Functioning,3,0,0,0,,0,,,,,362549.0316,5023770.285,45.35150029,-75.76298591,9069
16--5982,2016/05/31,4:54 PM,HOG'S BACK RD btwn COLONEL BY DR & RIVERSIDE DR (__3ZA22W),__3ZA22W,01 - Non intersection,03 - P.D. only,03 - Rear end,01 - Clear,01 - Daylight,01 - Dry,10 - No control,,3,0,0,0,,0,,,,,367689.0679,5025932.388,45.37051229,-75.69711799,9070
16--5983,2016/05/31,5:05 PM,OTTAWA RIVER PKWY WB btwn OTTAWA RIVER PKWY WB RAMP/CARLING AVE WB & W (__3ZA24V),__3ZA24V,01 - Non intersection,02 - Non-fatal injury,03 - Rear end,01 - Clear,01 - Daylight,01 - Dry,10 - No control,,3,0,1,0,01 - Minimal,1,1,,,,360959.01,5025665.175,45.36867955,-75.78306142,9071
16--5984,2016/05/31,5:11 PM,NINTH LINE RD btwn RAMSAYVILLE RD & ANDERSON RD (__3ZA6G3),__3ZA6G3,04 - At/near private drive,03 - P.D. only,03 - Rear end,01 - Clear,01 - Daylight,01 - Dry,10 - No control,,2,0,0,0,,0,,,,,381135.7441,5020565.347,45.32088739,-75.52630016,9072
16--5985,2016/05/31,5:21 PM,BERRIGAN DR btwn WESSEX RD & EDGEWARE DR (1) (__3ZAZKGA),__3ZAZKGA,04 - At/near private drive,03 - P.D. only,02 - Angle,01 - Clear,01 - Daylight,01 - Dry,10 - No control,,2,0,0,0,,0,,,,,363808.3244,5015312.457,45.27529232,-75.74792305,9073
16--5986,2016/05/31,5:26 PM,HIGHWAY 417 btwn HWY417 IC117 RAMP51 & HWY417 IC117 RAMP35 (__3ZA2YN),__3ZA2YN,01 - Non intersection,03 - P.D. only,04 - Sideswipe,01 - Clear,01 - Daylight,01 - Dry,10 - No control,,2,0,0,0,,0,,,,,370801.188,5031191.758,45.41754797,-75.65668732,9074
16--5987,2016/05/31,5:30 PM,HIGHWAY 7 btwn HWY 7 HAZELDEAN RD IC RAMP 52 & HAZELDEAN RD IC RAMP 62 (__7JQ7JA),__7JQ7JA,01 - Non intersection,02 - Non-fatal injury,07 - SMV other,01 - Clear,01 - Daylight,01 - Dry,10 - No control,,1,0,0,0,01 - Minimal,1,1,,,,346403.0713,5012319.085,45.24960198,-75.96999683,9075
16--5988,2016/05/31,5:45 PM,FIFTH AVE btwn MONK ST & BANK ST (__3ZA92K),__3ZA92K,01 - Non intersection,03 - P.D. only,04 - Sideswipe,01 - Clear,01 - Daylight,01 - Dry,10 - No control,,2,0,0,0,,0,,,,,368381.3515,5029389.51,45.40155601,-75.6878354,9076
16--5989,2016/05/31,5:47 PM,ST. LAURENT BLVD btwn MALARTIC AVE & NORANDA AVE (__3ZA3MJ),__3ZA3MJ,01 - Non intersection,03 - P.D. only,03 - Rear end,01 - Clear,01 - Daylight,01 - Dry,10 - No control,,2,0,0,0,,0,,,,,371619.9173,5033633.371,45.43943879,-75.64589611,9077
16--599,2016/01/14,12:05 AM,PALLADIUM DR btwn HUNTMAR DR & HWY417 IC142 RAMP25 (__3ZAZW2),__3ZAZW2,01 - Non intersection,03 - P.D. only,07 - SMV other,01 - Clear,07 - Dark,01 - Dry,10 - No control,,1,0,0,0,,0,,,,,349549.6296,5017133.056,45.29272673,-75.92947927,9078
16--5990,2016/05/31,5:50 PM,ST. JOSEPH BLVD btwn COUSINEAU ST & DUSSERE ST (__3ZA2AL),__3ZA2AL,01 - Non intersection,03 - P.D. only,04 - Sideswipe,01 - Clear,01 - Daylight,01 - Dry,10 - No control,,2,0,0,0,,0,,,,,380730.8576,5037044.606,45.4692003,-75.52892763,9079
16--5991,2016/05/31,5:52 PM,WOODROFFE AVE @ SPORTSPLEX S (0010592),10592,03 - At intersection,03 - P.D. only,02 - Angle,01 - Clear,01 - Daylight,01 - Dry,01 - Traffic signal,01 - Functioning,2,0,0,0,,0,,,,,363832.3523,5020898.79,45.32555598,-75.74695169,9080
16--5992,2016/05/31,6:00 AM,HIGHWAY 417 btwn HWY417 IC96 RAMP61 & HWY417 IC88 RAMP16 (__3ZA27Z),__3ZA27Z,01 - Non intersection,03 - P.D. only,07 - SMV other,01 - Clear,01 - Daylight,01 - Dry,10 - No control,,1,0,0,0,,0,,,,,395321.6932,5022490.46,45.33652163,-75.34503347,9081
16--5993,2016/05/31,6:17 PM,LIVERPOOL CRT @ NEWMARKET ST (0007617),7617,02 - Intersection related,03 - P.D. only,03 - Rear end,01 - Clear,01 - Daylight,01 - Dry,02 - Stop sign,01 - Functioning,2,0,0,0,,0,,,,,373498.5061,5030383.779,45.41001853,-75.62233966,9082
16--5994,2016/05/31,6:35 PM,RYDER ST btwn CONNECTICUT AVE & MICHIGAN AVE (__3ZA7QK),__3ZA7QK,01 - Non intersection,03 - P.D. only,06 - SMV unattended vehicle,01 - Clear,01 - Daylight,01 - Dry,10 - No control,,1,0,0,0,,0,,,,,372528.1657,5027405.244,45.38331352,-75.63514379,9083
16--5995,2016/05/31,6:38 AM,DUNHAM ST @ OGILVIE RD (0009281),9281,03 - At intersection,02 - Non-fatal injury,02 - Angle,01 - Clear,01 - Daylight,01 - Dry,02 - Stop sign,01 - Functioning,2,1,0,0,02 - Minor,1,,1,,,374721.956,5033324.63,45.43635756,-75.60629391,9084
16--5996,2016/05/31,6:38 PM,INNES RD @ JEANNE D'ARC BLVD/MER BLEUE RD (0012475),12475,03 - At intersection,02 - Non-fatal injury,05 - Turning movement,01 - Clear,01 - Daylight,01 - Dry,01 - Traffic signal,01 - Functioning,3,0,0,0,02 - Minor,2,,2,,,382637.095,5035567.334,45.45569924,-75.5047865,9085
16--5997,2016/05/31,7:20 AM,KENT ST @ LAURIER AVE (0002222),2222,03 - At intersection,02 - Non-fatal injury,05 - Turning movement,01 - Clear,01 - Daylight,01 - Dry,01 - Traffic signal,01 - Functioning,2,1,0,0,01 - Minimal,1,1,,,,367316.0226,5031163.461,45.41761344,-75.70121721,9086
16--5998,2016/05/31,7:45 PM,CALDWELL AVE btwn MEDFORD ST & MERIVALE RD (__3ZBOJ1),__3ZBOJ1,01 - Non intersection,03 - P.D. only,06 - SMV unattended vehicle,01 - Clear,01 - Daylight,01 - Dry,10 - No control,,1,0,0,0,,0,,,,,364720.32,5026140.621,45.37264606,-75.73499018,9087
16--5999,2016/05/31,7:48 AM,ALBERT ST @ METCALFE ST (0002117),2117,03 - At intersection,02 - Non-fatal injury,07 - SMV other,01 - Clear,01 - Daylight,01 - Dry,01 - Traffic signal,01 - Functioning,1,0,0,1,01 - Minimal,1,1,,,,367690.6028,5031613.801,45.42163188,-75.6963741,9088
16--60,2016/01/03,12:28 AM,BANK ST btwn SCRIVENS DR & JOHN QUINN RD (__3ZA278),__3ZA278,01 - Non intersection,03 - P.D. only,07 - SMV other,03 - Snow,07 - Dark,03 - Loose snow,10 - No control,,1,0,0,0,,0,,,,,382562.6722,5011204.137,45.23650389,-75.50956825,9089
16--600,2016/01/14,12:05 PM,CAMPEAU DR/HWY 417 MARCH IC138R63 @ MARCH RD (0009710),9710,02 - Intersection related,03 - P.D. only,03 - Rear end,03 - Snow,01 - Daylight,03 - Loose snow,01 - Traffic signal,01 - Functioning,2,0,0,0,,0,,,,,352841.8014,5020476.837,45.32259746,-75.88718501,9090
16--6000,2016/05/31,8:15 PM,STRANDHERD DR btwn WOODROFFE AVE & 210 W OF WOODROFFE AVE (__3ZACGCA),__3ZACGCA,01 - Non intersection,03 - P.D. only,04 - Sideswipe,01 - Clear,05 - Dusk,01 - Dry,10 - No control,,2,0,0,0,,0,,,,,366075.6381,5015380.44,45.2757101,-75.71901978,9091
16--6001,2016/05/31,8:32 AM,BANK ST @ CHAMBERLAIN AVE N/ISABELLA ST (0002132),2132,02 - Intersection related,03 - P.D. only,04 - Sideswipe,01 - Clear,01 - Daylight,01 - Dry,01 - Traffic signal,01 - Functioning,2,1,0,0,,0,,,,,368081.6276,5030166.242,45.40857196,-75.6915639,9092
16--6002,2016/05/31,9:10 AM,HIGHWAY 417 btwn HWY417 IC134 RAMP36 & HWY417 IC134 RAMP26 (__3ZA29C),__3ZA29C,01 - Non intersection,03 - P.D. only,04 - Sideswipe,01 - Clear,01 - Daylight,01 - Dry,10 - No control,,2,0,0,0,,0,,,,,356427.1623,5022297.433,45.33872485,-75.84126366,9093
16--6003,2016/05/31,9:21 AM,FERNBANK RD @ SHEA RD (0000399),399,02 - Intersection related,03 - P.D. only,02 - Angle,01 - Clear,01 - Daylight,01 - Dry,11 - Roundabout,01 - Functioning,2,0,0,0,,0,,,,,352116.9672,5013182.31,45.25700858,-75.89712616,9094
16--6004,2016/05/31,9:49 PM,CANYON WALK DR @ OTTER TAIL CRES N (0010112),10112,03 - At intersection,02 - Non-fatal injury,07 - SMV other,01 - Clear,07 - Dark,01 - Dry,02 - Stop sign,01 - Functioning,1,0,1,0,02 - Minor,1,,1,,,368447.782,5016315.403,45.28391206,-75.68866904,9095
16--6005,2016/06/01,1:06 PM,INDUSTRIAL AVE btwn RUSSELL RD & ST. LAURENT BLVD (__3ZA3R7),__3ZA3R7,01 - Non intersection,03 - P.D. only,07 - SMV other,01 - Clear,01 - Daylight,01 - Dry,10 - No control,,1,0,0,0,,0,,,,,372934.0091,5029941.791,45.40609691,-75.62961166,9096
16--6006,2016/06/01,1:23 PM,CARLING AVE/STATION RD @ MARCH RD (0002681),2681,03 - At intersection,03 - P.D. only,05 - Turning movement,01 - Clear,01 - Daylight,01 - Dry,01 - Traffic signal,01 - Functioning,2,0,0,0,,0,,,,,350909.6913,5022248.588,45.33866965,-75.91166438,9097
16--6007,2016/06/01,10:10 AM,OGILVIE RD @ BATHGATE DR/CITYPARK DR W (0012430),12430,03 - At intersection,02 - Non-fatal injury,05 - Turning movement,01 - Clear,01 - Daylight,01 - Dry,01 - Traffic signal,01 - Functioning,2,0,0,0,01 - Minimal,1,1,,,,373828.6708,5032800.91,45.43173416,-75.61778347,9098
16--6008,2016/06/01,10:11 AM,ELGIN ST btwn COOPER ST & SOMERSET ST W (__3ZA346),__3ZA346,01 - Non intersection,03 - P.D. only,04 - Sideswipe,01 - Clear,01 - Daylight,01 - Dry,10 - No control,,2,0,0,0,,0,,,,,368129.0322,5031257.043,45.41838234,-75.6908182,9099
16--6009,2016/06/01,10:30 AM,EMOND ST @ MONTREAL RD (0009802),9802,02 - Intersection related,02 - Non-fatal injury,07 - SMV other,01 - Clear,01 - Daylight,01 - Dry,02 - Stop sign,01 - Functioning,1,0,0,1,01 - Minimal,1,1,,,,370195.3693,5033135.247,45.43509158,-75.66416913,9100
16--610,2016/01/14,2:13 PM,KING EDWARD AVE @ ST. PATRICK ST (0002714),2714,03 - At intersection,03 - P.D. only,04 - Sideswipe,01 - Clear,01 - Daylight,01 - Dry,01 - Traffic signal,01 - Functioning,2,0,0,0,,0,,,,,368248.0427,5032823.369,45.43246482,-75.68909594,9101
16--6280,2016/06/08,9:45 PM,HIGHWAY 417 btwn HWY417 IC169 RAMP35 & HWY417 IC169 RAMP25 (__5SO7MP),__5SO7MP,01 - Non intersection,03 - P.D. only,03 - Rear end,01 - Clear,07 - Dark,01 - Dry,10 - No control,,2,0,0,0,,0,,,,,325546.6305,5024800.169,45.36283874,-76.23517116,9102
16--6100,2016/06/03,12:47 PM,DALY AVE @ FRIEL ST (0008521),8521,03 - At intersection,03 - P.D. only,02 - Angle,01 - Clear,01 - Daylight,01 - Dry,02 - Stop sign,01 - Functioning,2,0,0,0,,0,,,,,368850.2669,5032432.665,45.42889451,-75.68145076,9103
16--6281,2016/06/08,9:47 PM,CAMPEAU DR @ KNUDSON DR (0011764),11764,02 - Intersection related,03 - P.D. only,04 - Sideswipe,01 - Clear,07 - Dark,01 - Dry,01 - Traffic signal,01 - Functioning,2,0,0,0,,0,,,,,351809.8054,5019846.665,45.3169969,-75.90040809,9104
16--6101,2016/06/03,2:08 PM,BASELINE RD/HERON RD @ PRINCE OF WALES DR (0002345),2345,02 - Intersection related,03 - P.D. only,03 - Rear end,01 - Clear,01 - Daylight,01 - Dry,01 - Traffic signal,01 - Functioning,2,0,0,0,,0,,,,,366873.9877,5026439.244,45.37514554,-75.70745912,9105
16--6282,2016/06/08,9:50 AM,HIGHWAY 417 btwn HWY417 IC119B RAMP57 & HWY417 IC119A RAMP75 (__3ZA1QN),__3ZA1QN,01 - Non intersection,02 - Non-fatal injury,03 - Rear end,01 - Clear,01 - Daylight,01 - Dry,10 - No control,,3,0,0,0,01 - Minimal,1,1,,,,368443.1816,5030437.19,45.41097708,-75.68691045,9106
16--6102,2016/06/03,2:10 PM,OGILVIE RD @ CITY PARK DR E/CSIS HQ ACCESS (0003696),3696,02 - Intersection related,02 - Non-fatal injury,03 - Rear end,01 - Clear,01 - Daylight,01 - Dry,01 - Traffic signal,01 - Functioning,2,0,0,0,01 - Minimal,1,1,,,,374187.7054,5033009.777,45.4335779,-75.61316597,9107
16--6283,2016/06/09,1:07 PM,BAYCREST DR @ WALKLEY RD (0006958),6958,03 - At intersection,02 - Non-fatal injury,05 - Turning movement,01 - Clear,01 - Daylight,01 - Dry,01 - Traffic signal,01 - Functioning,2,1,0,0,01 - Minimal,1,1,,,,371422.407,5026590.752,45.37609106,-75.64937212,9108
16--6103,2016/06/03,2:47 PM,INNES RD btwn BLAIR RD & ANDERSON RD (__3ZA3JZ),__3ZA3JZ,01 - Non intersection,02 - Non-fatal injury,03 - Rear end,01 - Clear,01 - Daylight,01 - Dry,10 - No control,,4,0,0,0,01 - Minimal,2,2,,,,375748.6957,5031557.473,45.42035428,-75.59342688,9109
16--6284,2016/06/09,1:30 PM,HIGHWAY 417 btwn HWY417 IC163 RAMP15 & HWY417 IC155 RAMP51 (__3ZAZNS),__3ZAZNS,01 - Non intersection,02 - Non-fatal injury,07 - SMV other,01 - Clear,01 - Daylight,01 - Dry,10 - No control,,1,0,0,0,02 - Minor,1,,1,,,331297.5743,5021454.995,45.33254333,-76.16194126,9110
16--6285,2016/06/09,10:12 PM,VANCES SIDE RD btwn GREENLAND RD & TORWOOD DR (__3ZA3EA),__3ZA3EA,01 - Non intersection,03 - P.D. only,07 - SMV other,01 - Clear,07 - Dark,01 - Dry,10 - No control,,1,0,0,0,,0,,,,,342483.5337,5035690.856,45.46013008,-76.01814648,9111
16--6286,2016/06/09,10:20 AM,EARL ARMSTRONG RD @ SHORELINE DR (0013041),13041,03 - At intersection,02 - Non-fatal injury,07 - SMV other,01 - Clear,01 - Daylight,01 - Dry,01 - Traffic signal,01 - Functioning,1,0,0,0,02 - Minor,1,,1,,,368839.3634,5015287.539,45.27462791,-75.6838106,9112
16--6287,2016/06/09,10:38 AM,MCARTHUR AVE btwn NORTH RIVER RD & DUNDAS ST (__3ZA1HY),__3ZA1HY,01 - Non intersection,03 - P.D. only,04 - Sideswipe,01 - Clear,01 - Daylight,01 - Dry,10 - No control,,2,0,0,0,,0,,,,,369842.5787,5032649.062,45.43074999,-75.66874197,9113
16--6288,2016/06/09,11:30 AM,AVIATION PKWY btwn MONTREAL RD & LA CITE PRIV (1) (__3ZAZZJ),__3ZAZZJ,04 - At/near private drive,03 - P.D. only,03 - Rear end,01 - Clear,01 - Daylight,01 - Dry,10 - No control,,2,0,0,0,,0,,,,,372367.6779,5033554.372,45.43865613,-75.63635003,9114
16--6289,2016/06/09,11:37 AM,BRONSON AVE btwn HOLMWOOD AVE & FINDLAY AVE (__3ZA3N8),__3ZA3N8,01 - Non intersection,03 - P.D. only,04 - Sideswipe,01 - Clear,01 - Daylight,01 - Dry,10 - No control,,2,0,0,0,,0,,,,,367707.0563,5028714.603,45.39554431,-75.69653382,9115
16--629,2016/01/14,7:03 PM,CARLING AVE @ WOODROFFE AVE W (0011470),11470,02 - Intersection related,02 - Non-fatal injury,03 - Rear end,01 - Clear,07 - Dark,04 - Slush,01 - Traffic signal,01 - Functioning,2,0,0,0,01 - Minimal,3,3,,,,361767.025,5025724.855,45.36915134,-75.77274006,9116
16--6290,2016/06/09,11:45 AM,HWY417 IC117 RAMP51 btwn HIGHWAY 417 & HWY417 IC117 RAMP53 (__3ZAY9J),__3ZAY9J,01 - Non intersection,03 - P.D. only,03 - Rear end,01 - Clear,01 - Daylight,01 - Dry,10 - No control,,2,0,0,0,,0,,,,,370573.6123,5031125.503,45.41697326,-75.65960364,9117
16--6291,2016/06/09,11:46 AM,PRINCE OF WALES DR btwn CRESTWAY DR & WINDING WAY (__3ZA26E),__3ZA26E,01 - Non intersection,03 - P.D. only,07 - SMV other,01 - Clear,01 - Daylight,01 - Dry,10 - No control,,1,0,0,0,,0,,,,,367373.6827,5016606.221,45.28662524,-75.70232278,9118
16--6292,2016/06/09,12:15 PM,TWEEDSMUIR AVE @ SCOTT ST (0006371),6371,03 - At intersection,03 - P.D. only,02 - Angle,01 - Clear,01 - Daylight,01 - Dry,01 - Traffic signal,01 - Functioning,2,0,0,0,,0,,,,,363396.9108,5028775.431,45.39646559,-75.75157206,9119
16--6293,2016/06/09,12:22 PM,CAHILL DR @ HUNT CLUB RD (0011394),11394,03 - At intersection,02 - Non-fatal injury,05 - Turning movement,01 - Clear,01 - Daylight,01 - Dry,01 - Traffic signal,01 - Functioning,3,0,0,0,02 - Minor,1,,1,,,372407.3441,5024541.728,45.35756037,-75.63707835,9120
16--6294,2016/06/09,12:22 PM,NAVAHO DR @ DEERFIELD DR (0010461),10461,03 - At intersection,03 - P.D. only,05 - Turning movement,01 - Clear,01 - Daylight,01 - Dry,02 - Stop sign,01 - Functioning,2,0,0,0,,0,,,,,363162.1443,5023961.138,45.35316681,-75.75513928,9121
16--6295,2016/06/09,2:16 PM,PRINCE OF WALES DR @ STRANDHERD DR (0013339),13339,02 - Intersection related,03 - P.D. only,04 - Sideswipe,01 - Clear,01 - Daylight,01 - Dry,01 - Traffic signal,01 - Functioning,2,0,0,0,,0,,,,,367176.2083,5014824.421,45.27061031,-75.70506381,9122
16--6296,2016/06/09,2:33 PM,HUNT CLUB RD @ RIVERSIDE DR (0002237),2237,02 - Intersection related,02 - Non-fatal injury,03 - Rear end,01 - Clear,01 - Daylight,01 - Dry,01 - Traffic signal,01 - Functioning,2,0,0,0,01 - Minimal,1,1,,,,368036.8593,5021946.51,45.33461697,-75.69318808,9123
16--6297,2016/06/09,2:57 PM,DUNHAM ST @ OGILVIE RD (0009281),9281,03 - At intersection,03 - P.D. only,05 - Turning movement,01 - Clear,01 - Daylight,01 - Dry,02 - Stop sign,01 - Functioning,2,0,0,0,,0,,,,,374722.8538,5033325.254,45.43636308,-75.60628234,9124
16--6298,2016/06/09,2:58 PM,QUEENSDALE AVE btwn BANK ST & SIXTH ST (__3ZA8PH),__3ZA8PH,04 - At/near private drive,03 - P.D. only,05 - Turning movement,01 - Clear,01 - Daylight,01 - Dry,10 - No control,,2,0,0,0,,0,,,,,373346.0611,5023450.513,45.34765089,-75.6252495,9125
16--6299,2016/06/09,3:03 AM,WOODTHRUSH GR @ UPLANDS DR (0007014),7014,02 - Intersection related,03 - P.D. only,03 - Rear end,01 - Clear,07 - Dark,01 - Dry,03 - Yield sign,01 - Functioning,2,0,0,0,,0,,,,,368820.0375,5023384.841,45.34748772,-75.68301074,9126
16--63,2016/01/03,2:17 AM,PORTOBELLO BLVD btwn SCALA AVE & AQUAVIEW DR (__4LK0LK),__4LK0LK,01 - Non intersection,03 - P.D. only,07 - SMV other,01 - Clear,07 - Dark,02 - Wet,10 - No control,,1,0,0,0,,0,,,,,385657.6424,5036331.971,45.46223572,-75.4660467,9127
16--630,2016/01/14,7:06 AM,BRONSON AVE @ LAURIER AVE (0006342),6342,03 - At intersection,03 - P.D. only,02 - Angle,03 - Snow,03 - Dawn,03 - Loose snow,01 - Traffic signal,01 - Functioning,2,0,0,0,,0,,,,,366805.4515,5030861.945,45.41494592,-75.70777822,9128
16--6300,2016/06/09,3:31 PM,KENT ST @ WELLINGTON ST (0002040),2040,02 - Intersection related,03 - P.D. only,03 - Rear end,01 - Clear,01 - Daylight,01 - Dry,01 - Traffic signal,01 - Functioning,2,0,0,0,,0,,,,,367096.6269,5031527.377,45.42090741,-75.7039742,9129
16--6301,2016/06/09,3:33 PM,HOLLAND AVE/TUNNEY'S PASTURE @ SCOTT ST (0006494),6494,03 - At intersection,03 - P.D. only,05 - Turning movement,01 - Clear,01 - Daylight,01 - Dry,01 - Traffic signal,01 - Functioning,2,0,0,0,,0,,,,,364738.8101,5029594.556,45.40372232,-75.73433465,9130
16--6302,2016/06/09,3:50 PM,HIGHWAY 417 btwn HWY417 IC117 RAMP61 & HWY417 IC115 RAMP36 (__3ZA2RZ),__3ZA2RZ,01 - Non intersection,03 - P.D. only,03 - Rear end,01 - Clear,01 - Daylight,01 - Dry,10 - No control,,2,0,0,0,,0,,,,,371563.7401,5031420.167,45.41953075,-75.64691415,9131
16--6303,2016/06/09,3:55 PM,OLD MONTREAL RD btwn BECKETT'S CREEK RD & REGIONAL ROAD 174 (__3ZA5F9),__3ZA5F9,01 - Non intersection,03 - P.D. only,07 - SMV other,01 - Clear,01 - Daylight,01 - Dry,10 - No control,,1,0,0,0,,0,,,,,394291.3678,5042761.695,45.51902911,-75.35449337,9132
16--6304,2016/06/09,4:04 PM,BRONSON AVE btwn COOPER ST & SOMERSET ST W (__3ZA33L),__3ZA33L,01 - Non intersection,03 - P.D. only,04 - Sideswipe,01 - Clear,01 - Daylight,01 - Dry,10 - No control,,2,0,0,0,,0,,,,,366935.564,5030551.479,45.4121409,-75.70615512,9133
16--6305,2016/06/09,4:06 AM,ACKLAM TER btwn AYTON LANE & AYTON LANE (__3ZACVW),__3ZACVW,01 - Non intersection,03 - P.D. only,06 - SMV unattended vehicle,01 - Clear,07 - Dark,01 - Dry,10 - No control,,1,0,0,0,,0,,,,,349671.4789,5023245.551,45.34772084,-75.92737209,9134
16--6306,2016/06/09,4:15 PM,BANK ST @ RIVERSIDE DR N (0010778),10778,02 - Intersection related,02 - Non-fatal injury,05 - Turning movement,01 - Clear,01 - Daylight,01 - Dry,01 - Traffic signal,01 - Functioning,2,1,0,0,03 - Major,1,,,1,,369226.3923,5027982.87,45.38882227,-75.67722597,9135
16--6307,2016/06/09,4:30 PM,HIGHWAY 417 btwn HWY417 IC124 RAMP76 & HWY417 IC124 RAMP67 (__3ZA2R7),__3ZA2R7,01 - Non intersection,02 - Non-fatal injury,03 - Rear end,01 - Clear,01 - Daylight,01 - Dry,10 - No control,,2,0,0,0,02 - Minor,1,,1,,,364406.1115,5027502.41,45.384926,-75.73883697,9136
16--6308,2016/06/09,4:31 PM,HIGHWAY 417 btwn HWY417 IC129 RAMP76 & HWY417 IC129 RAMP26 (__3ZA2RG),__3ZA2RG,01 - Non intersection,02 - Non-fatal injury,03 - Rear end,01 - Clear,01 - Daylight,01 - Dry,10 - No control,,3,0,0,0,02 - Minor,2,,2,,,360446.5505,5023548.941,45.34967863,-75.78984133,9137
16--6309,2016/06/09,4:45 PM,RIVERSIDE DR NB btwn HWY417 IC117 RAMP25 & VANIER PKWY (__3ZA4SG),__3ZA4SG,01 - Non intersection,03 - P.D. only,04 - Sideswipe,01 - Clear,01 - Daylight,01 - Dry,10 - No control,,2,0,0,0,,0,,,,,370820.3419,5031124.814,45.41694383,-75.65645158,9138
16--631,2016/01/14,7:11 AM,HAZELDEAN RD @ TERRY FOX DR (0003682),3682,02 - Intersection related,03 - P.D. only,03 - Rear end,03 - Snow,03 - Dawn,03 - Loose snow,01 - Traffic signal,01 - Functioning,2,0,0,0,,0,,,,,352207.3915,5017242.231,45.29353484,-75.89558642,9139
16--6310,2016/06/09,5:08 PM,BANTON ST @ WALKLEY RD (0006399),6399,02 - Intersection related,02 - Non-fatal injury,03 - Rear end,01 - Clear,01 - Daylight,01 - Dry,01 - Traffic signal,01 - Functioning,2,0,0,0,01 - Minimal,1,1,,,,374247.2775,5028248.848,45.39073556,-75.61307547,9140
16--6311,2016/06/09,5:20 PM,NORTHLANDS DR btwn SACRAMENTO DR & NICOLET WAY (__3ZA5UE),__3ZA5UE,01 - Non intersection,03 - P.D. only,06 - SMV unattended vehicle,01 - Clear,01 - Daylight,01 - Dry,10 - No control,,1,0,0,0,,0,,,,,384870.0115,5037349.681,45.47148282,-75.47595098,9141
16--6312,2016/06/09,5:30 PM,BRONSON AVE btwn RENFREW AVE & POWELL AVE (__3ZA3BZ),__3ZA3BZ,04 - At/near private drive,03 - P.D. only,02 - Angle,01 - Clear,01 - Daylight,01 - Dry,10 - No control,,2,0,0,0,,0,,,,,367359.1919,5029544.122,45.40303925,-75.70087119,9142
16--6313,2016/06/09,5:30 PM,ALTA VISTA DR @ SMYTH RD (0011353),11353,02 - Intersection related,03 - P.D. only,03 - Rear end,01 - Clear,01 - Daylight,01 - Dry,01 - Traffic signal,01 - Functioning,2,0,0,0,,0,,,,,370433.3923,5029081.783,45.39859782,-75.66166712,9143
16--6314,2016/06/09,5:37 PM,TERRY FOX DR btwn HALKIRK AVE & CASTLEFRANK RD (__30IMA5),__30IMA5,01 - Non intersection,02 - Non-fatal injury,03 - Rear end,01 - Clear,01 - Daylight,01 - Dry,10 - No control,,2,0,0,0,01 - Minimal,1,1,,,,352962.084,5016337.483,45.28534237,-75.88605296,9144