Anom_ID,Accident_Date,Accident_Time,Location,Geo_ID,Accident_Location,Classification_of_Accident,Initial_Impact_Type,Environment_Condition,Light,Road_Surface_Condition,Traffic_Control,Traffic_Control_Condition,No__of_Vehicles,No__of_Bicycles,No__of_Motorcycles,No__of_Pedestrians,Max_Injury,No__of_Injuries,No__of_Minimal,No__of_Minor,No__of_Major,No__of_Fatal,X,Y,Latitude,Longitude,ObjectId
16--6315,2016/06/09,5:47 PM,CARLING AVE @ CARLINGWOOD SC (0008881),8881,03 - At intersection,03 - P.D. only,05 - Turning movement,01 - Clear,01 - Daylight,01 - Dry,01 - Traffic signal,01 - Functioning,2,0,0,0,,0,,,,,362072.7866,5025919.254,45.3708756,-75.76881439,9145
16--6316,2016/06/09,5:51 PM,CHARLEMAGNE BLVD btwn CANTEVAL TER & TENTH LINE RD (__3ZA5TH),__3ZA5TH,04 - At/near private drive,02 - Non-fatal injury,02 - Angle,01 - Clear,01 - Daylight,01 - Dry,10 - No control,,2,0,0,0,01 - Minimal,1,1,,,,383803.6928,5036973.442,45.46821921,-75.48964691,9146
16--6317,2016/06/09,6:00 PM,EDGEWATER ST btwn TERRY FOX DR & HAZELDEAN RD (__3ZBNCU),__3ZBNCU,04 - At/near private drive,03 - P.D. only,05 - Turning movement,01 - Clear,01 - Daylight,01 - Dry,10 - No control,,2,0,0,0,,0,,,,,351835.1768,5017652.666,45.29725306,-75.90029272,9147
16--6318,2016/06/09,6:05 PM,HIGHWAY 417 btwn HWY417 IC117 RAMP26 & HWY417 IC117 RAMP61 (__3ZA2YM),__3ZA2YM,01 - Non intersection,03 - P.D. only,03 - Rear end,01 - Clear,01 - Daylight,01 - Dry,10 - No control,,2,0,0,0,,0,,,,,370810.4003,5031210.615,45.41771677,-75.6565671,9148
16--6319,2016/06/09,6:35 AM,BLAIR RD @ OGILVIE RD (0004120),4120,03 - At intersection,02 - Non-fatal injury,07 - SMV other,01 - Clear,01 - Daylight,01 - Dry,01 - Traffic signal,01 - Functioning,1,0,1,0,02 - Minor,1,,1,,,374508.178,5033198.639,45.43524531,-75.60904381,9149
16--632,2016/01/14,7:19 AM,ALTA VISTA DR btwn 75 S OF CALEDON ST & CALEDON ST (__3ZA97HA),__3ZA97HA,04 - At/near private drive,03 - P.D. only,02 - Angle,03 - Snow,03 - Dawn,03 - Loose snow,10 - No control,,2,0,0,0,,0,,,,,370776.433,5030396.388,45.41039388,-75.65711006,9150
16--6320,2016/06/09,6:42 AM,BELFAST RD @ ST. LAURENT BLVD (0007658),7658,02 - Intersection related,03 - P.D. only,02 - Angle,01 - Clear,01 - Daylight,01 - Dry,01 - Traffic signal,01 - Functioning,2,0,0,0,,0,,,,,372861.6332,5030579.471,45.4118415,-75.63044809,9151
16--6321,2016/06/09,6:49 PM,PARENT AVE @ ST. PATRICK ST (0008240),8240,03 - At intersection,03 - P.D. only,03 - Rear end,01 - Clear,01 - Daylight,01 - Dry,01 - Traffic signal,01 - Functioning,3,0,0,0,,0,,,,,367821.6595,5032556.398,45.43010126,-75.694579,9152
16--6322,2016/06/09,7:08 PM,REGIONAL ROAD 174 btwn OR174 IC109 RAMP54 & OR174 IC109 RAMP55 (__3ZA28X),__3ZA28X,01 - Non intersection,03 - P.D. only,07 - SMV other,01 - Clear,01 - Daylight,01 - Dry,10 - No control,,1,0,0,0,,0,,,,,376437.6663,5034911.437,45.45046098,-75.58413637,9153
16--6323,2016/06/09,7:16 PM,INNES RD @ ORLEANS BLVD (0003611),3611,02 - Intersection related,03 - P.D. only,03 - Rear end,01 - Clear,01 - Daylight,01 - Dry,01 - Traffic signal,01 - Functioning,2,0,0,0,,0,,,,,380460.5696,5034296.178,45.44450142,-75.53280669,9154
16--6324,2016/06/09,7:30 AM,MURPHY SIDE RD @ SECOND LINE RD (0009044),9044,03 - At intersection,03 - P.D. only,02 - Angle,01 - Clear,01 - Daylight,01 - Dry,02 - Stop sign,01 - Functioning,3,0,0,0,,0,,,,,343966.0464,5027522.388,45.38654693,-75.99984,9155
16--6325,2016/06/09,7:32 AM,INNES RD @ TENTH LINE RD (0004633),4633,03 - At intersection,02 - Non-fatal injury,05 - Turning movement,01 - Clear,01 - Daylight,01 - Dry,01 - Traffic signal,01 - Functioning,2,0,0,0,02 - Minor,1,,1,,,383950.6329,5036160.237,45.4608861,-75.48789898,9156
16--6326,2016/06/09,8:00 AM,LABELLE ST/RAMP @ LEMIEUX ST/HWY417 IC115 RAMP (0012538),12538,03 - At intersection,03 - P.D. only,02 - Angle,01 - Clear,01 - Daylight,01 - Dry,02 - Stop sign,01 - Functioning,2,0,0,0,,0,,,,,372541.9459,5031688.344,45.42184965,-75.63437949,9157
16--6327,2016/06/09,8:14 AM,CEDARVIEW RD @ WEST HUNT CLUB RD (0010267),10267,02 - Intersection related,03 - P.D. only,03 - Rear end,01 - Clear,01 - Daylight,01 - Dry,01 - Traffic signal,01 - Functioning,2,0,0,0,,0,,,,,359718.9029,5019553.35,45.31378355,-75.79957015,9158
16--6328,2016/06/09,8:39 PM,BANK ST @ SUNNYSIDE AVE (0007219),7219,02 - Intersection related,03 - P.D. only,03 - Rear end,01 - Clear,05 - Dusk,01 - Dry,01 - Traffic signal,01 - Functioning,3,0,0,0,,0,,,,,368734.0501,5028580.891,45.39424819,-75.68343543,9159
16--6329,2016/06/09,9:08 AM,BANK ST @ RIVERDALE AVE (0007210),7210,02 - Intersection related,02 - Non-fatal injury,03 - Rear end,01 - Clear,01 - Daylight,01 - Dry,01 - Traffic signal,01 - Functioning,2,0,0,0,02 - Minor,1,,1,,,369077.3096,5028116.761,45.39004068,-75.67911224,9160
16--633,2016/01/14,7:21 AM,BRIAN COBURN BLVD @ ESPRIT DR (0013113),13113,02 - Intersection related,03 - P.D. only,03 - Rear end,03 - Snow,03 - Dawn,05 - Packed snow,02 - Stop sign,01 - Functioning,2,0,0,0,,0,,,,,385140.2026,5035344.241,45.45340876,-75.47282368,9161
16--6330,2016/06/09,9:20 PM,SPRUCE RIDGE RD btwn RICHARDSON SIDE RD & HAZELDEAN RD (__7JQ7ID),__7JQ7ID,01 - Non intersection,03 - P.D. only,07 - SMV other,01 - Clear,07 - Dark,01 - Dry,10 - No control,,1,0,0,0,,0,,,,,344826.0264,5012533.96,45.25162699,-75.99006951,9162
16--6331,2016/06/09,9:42 AM,MONTPELIER PL @ PAGE RD (0012971),12971,02 - Intersection related,02 - Non-fatal injury,07 - SMV other,01 - Clear,01 - Daylight,01 - Dry,02 - Stop sign,01 - Functioning,1,0,0,1,01 - Minimal,1,1,,,,381390.8307,5033381.409,45.43616974,-75.52105896,9163
16--6332,2016/06/09,9:54 AM,LAURIER AVE   W btwn KENT ST & BANK ST (__3ZA344),__3ZA344,01 - Non intersection,03 - P.D. only,04 - Sideswipe,01 - Clear,01 - Daylight,01 - Dry,10 - No control,,2,0,0,0,,0,,,,,367462.8875,5031253.187,45.41840763,-75.69932946,9164
16--6333,2016/06/10,1:05 PM,HAMILTON AVE @ SPENCER ST (0005571),5571,03 - At intersection,03 - P.D. only,02 - Angle,01 - Clear,01 - Daylight,01 - Dry,02 - Stop sign,01 - Functioning,2,0,0,0,,0,,,,,364989.168,5029436.705,45.40228053,-75.7311561,9165
16--6334,2016/06/10,1:07 PM,COLONNADE RD @ PRINCE OF WALES DR (0005249),5249,02 - Intersection related,03 - P.D. only,03 - Rear end,01 - Clear,01 - Daylight,01 - Dry,01 - Traffic signal,01 - Functioning,2,0,0,0,,0,,,,,367394.9371,5023267.193,45.34655778,-75.70121019,9166
16--6335,2016/06/10,1:11 PM,STRANDHERD DR @ LONGFIELDS DR (0010935),10935,03 - At intersection,02 - Non-fatal injury,02 - Angle,01 - Clear,01 - Daylight,01 - Dry,01 - Traffic signal,01 - Functioning,2,0,0,0,02 - Minor,3,,3,,,364548.69,5015174.632,45.27398965,-75.73850431,9167
16--6336,2016/06/10,1:42 AM,STRANDHERD DR @ 210 W OF WOODROFFE AVE (0010890),10890,02 - Intersection related,03 - P.D. only,07 - SMV other,01 - Clear,07 - Dark,01 - Dry,01 - Traffic signal,01 - Functioning,1,0,0,0,,0,,,,,365924.7337,5015319.131,45.27517158,-75.72095048,9168
16--6337,2016/06/10,1:57 PM,ST. LAURENT BLVD btwn BOURASSA ST & SMYTH RD (__3ZA3R6),__3ZA3R6,01 - Non intersection,03 - P.D. only,03 - Rear end,01 - Clear,01 - Daylight,01 - Dry,10 - No control,,3,0,0,0,,0,,,,,373265.7026,5029621.375,45.40318159,-75.62541937,9169
16--6338,2016/06/10,10:10 PM,HWY417 IC127 RAMP35 btwn HIGHWAY 417 & WOODROFFE AVE (__3ZAYBQ),__3ZAYBQ,01 - Non intersection,03 - P.D. only,07 - SMV other,01 - Clear,07 - Dark,01 - Dry,10 - No control,,1,0,0,0,,0,,,,,362047.0678,5024690.342,45.35982006,-75.76928509,9170
16--6339,2016/06/10,10:20 AM,MEADOWLANDS DR @ MERIVALE RD (0000625),625,02 - Intersection related,03 - P.D. only,03 - Rear end,01 - Clear,01 - Daylight,01 - Dry,01 - Traffic signal,01 - Functioning,2,0,0,0,,0,,,,,364858.4744,5023724.834,45.35089735,-75.73352008,9171
16--634,2016/01/14,7:30 AM,HAZELDEAN RD @ CARBROOKE ST/IRWIN GATE (0003187),3187,03 - At intersection,03 - P.D. only,03 - Rear end,03 - Snow,03 - Dawn,04 - Slush,01 - Traffic signal,01 - Functioning,2,0,0,0,,0,,,,,353417.4489,5018266.037,45.3026646,-75.88005948,9172
16--6340,2016/06/10,10:44 AM,ALBERT ST @ PRESTON ST (0002217),2217,02 - Intersection related,03 - P.D. only,04 - Sideswipe,01 - Clear,01 - Daylight,01 - Dry,01 - Traffic signal,01 - Functioning,2,0,0,0,,0,,,,,366161.0155,5030464.437,45.41142606,-75.71606066,9173
16--6341,2016/06/10,11:00 AM,WOODRIDGE CRES btwn BAYSHORE DR & BAYSHORE PS (__6KE4J1A),__6KE4J1A,01 - Non intersection,03 - P.D. only,06 - SMV unattended vehicle,01 - Clear,01 - Daylight,01 - Dry,10 - No control,,1,0,0,0,,0,,,,,358995.5317,5023830.659,45.35232716,-75.80832692,9174
16--6342,2016/06/10,11:01 AM,KENT ST @ SLATER ST (0002114),2114,03 - At intersection,02 - Non-fatal injury,07 - SMV other,01 - Clear,01 - Daylight,01 - Dry,01 - Traffic signal,01 - Functioning,1,0,0,1,01 - Minimal,1,1,,,,367263.0407,5031253.254,45.4184261,-75.70188273,9175
16--6343,2016/06/10,11:02 AM,METCALFE ST @ LAURIER AVE (0002231),2231,02 - Intersection related,03 - P.D. only,06 - SMV unattended vehicle,01 - Clear,01 - Daylight,01 - Dry,01 - Traffic signal,01 - Functioning,1,0,0,0,,0,,,,,367792.4839,5031452.704,45.42017322,-75.69509297,9176
16--6344,2016/06/10,11:05 PM,BAY ST @ WELLINGTON ST (0010737),10737,02 - Intersection related,03 - P.D. only,03 - Rear end,01 - Clear,07 - Dark,01 - Dry,01 - Traffic signal,01 - Functioning,4,0,0,0,,0,,,,,366813.0417,5031350.324,45.41933954,-75.70761979,9177
16--6345,2016/06/10,11:34 PM,WEST RIDGE DR btwn DELAMERE DR & WHALINGS CIRC (__3ZA2IT),__3ZA2IT,01 - Non intersection,02 - Non-fatal injury,04 - Sideswipe,01 - Clear,07 - Dark,01 - Dry,10 - No control,,2,1,0,2,02 - Minor,3,,3,,,348679.1628,5013680.419,45.26171356,-75.94088167,9178
16--6346,2016/06/10,11:53 PM,EMOND ST @ MONTREAL RD (0009802),9802,02 - Intersection related,02 - Non-fatal injury,02 - Angle,01 - Clear,07 - Dark,01 - Dry,02 - Stop sign,01 - Functioning,2,0,0,0,02 - Minor,1,,1,,,370195.6292,5033133.9,45.43507943,-75.66416599,9179
16--6347,2016/06/10,Unknown,BENOIT ST btwn DUMAS ST & BELCOURT BLVD (__3ZA6CT),__3ZA6CT,01 - Non intersection,03 - P.D. only,06 - SMV unattended vehicle,01 - Clear,00 - Unknown,01 - Dry,10 - No control,,1,0,0,0,,0,,,,,381821.6702,5035654.762,45.45657621,-75.51519715,9180
16--6348,2016/06/10,12:10 PM,ROCHESTER ST btwn HWY417 IC121B RAMP51 & ABERDEEN ST (__3ZA2G5),__3ZA2G5,04 - At/near private drive,02 - Non-fatal injury,05 - Turning movement,01 - Clear,01 - Daylight,01 - Dry,10 - No control,,2,1,0,0,02 - Minor,1,,1,,,366822.075,5029419.835,45.40196875,-75.70774727,9181
16--6349,2016/06/10,12:25 PM,ALTA VISTA DR @ SMYTH RD (0011353),11353,02 - Intersection related,03 - P.D. only,03 - Rear end,01 - Clear,01 - Daylight,01 - Dry,01 - Traffic signal,01 - Functioning,2,0,0,0,,0,,,,,370433.1751,5029080.869,45.39858962,-75.66167002,9182
16--635,2016/01/14,7:35 PM,HIGHWAY 417 btwn HWY417 IC122 RAMP51 & HWY417 IC122 RAMP15 (__3ZA2R0),__3ZA2R0,01 - Non intersection,03 - P.D. only,01 - Approaching,01 - Clear,07 - Dark,01 - Dry,10 - No control,,2,0,0,0,,0,,,,,365331.021,5028874.449,45.397192,-75.72685875,9183
16--6350,2016/06/10,12:30 PM,HIGHWAY 417 btwn HWY417 IC121A RAMP51 & HWY417 IC120A RAMP52 (__3ZA2R6),__3ZA2R6,01 - Non intersection,03 - P.D. only,03 - Rear end,01 - Clear,01 - Daylight,01 - Dry,10 - No control,,2,0,0,0,,0,,,,,367271.0711,5029736.342,45.40477666,-75.70197238,9184
16--6351,2016/06/10,12:36 PM,LIMEBANK RD/RIVERSIDE DR @ RIVER RD (0013336),13336,02 - Intersection related,03 - P.D. only,03 - Rear end,01 - Clear,01 - Daylight,01 - Dry,01 - Traffic signal,01 - Functioning,2,0,0,0,,0,,,,,368404.3454,5020477.773,45.32136835,-75.68868864,9185
16--6352,2016/06/10,12:40 PM,JEANNE D'ARC BLVD @ ORLEANS BLVD S (0004154),4154,02 - Intersection related,03 - P.D. only,03 - Rear end,01 - Clear,01 - Daylight,01 - Dry,01 - Traffic signal,01 - Functioning,2,0,0,0,,0,,,,,380939.2478,5036250.08,45.46202911,-75.52638601,9186
16--6353,2016/06/10,12:57 PM,GLADSTONE AVE btwn LYON ST N & KENT ST (__3ZA3P2),__3ZA3P2,04 - At/near private drive,03 - P.D. only,06 - SMV unattended vehicle,01 - Clear,01 - Daylight,01 - Dry,10 - No control,,1,0,0,0,,0,,,,,367641.0132,5030396.478,45.41068325,-75.69716293,9187
16--6354,2016/06/10,3:16 PM,SLATER ST btwn BANK ST & O'CONNOR ST (__3ZA35K),__3ZA35K,01 - Non intersection,02 - Non-fatal injury,07 - SMV other,01 - Clear,01 - Daylight,01 - Dry,10 - No control,,1,0,0,1,02 - Minor,1,,1,,,367557.6595,5031437.394,45.42005657,-75.69809517,9188
16--6355,2016/06/10,3:58 PM,STONEHAVEN DR @ HARNESS LANE/BLUEMEADOW WAY (0004046),4046,02 - Intersection related,02 - Non-fatal injury,03 - Rear end,01 - Clear,01 - Daylight,01 - Dry,01 - Traffic signal,01 - Functioning,2,0,0,0,02 - Minor,1,,1,,,354571.6479,5016744.764,45.28889504,-75.8654954,9189
16--6356,2016/06/10,4:02 PM,EARL ARMSTRONG RD @ RIVER RD (0012470),12470,02 - Intersection related,02 - Non-fatal injury,03 - Rear end,01 - Clear,01 - Daylight,01 - Dry,01 - Traffic signal,01 - Functioning,2,0,0,0,01 - Minimal,1,1,,,,367572.2593,5014685.086,45.26932134,-75.70003456,9190
16--6357,2016/06/10,4:35 PM,BANKFIELD RD @ PRINCE OF WALES DR (0003618),3618,02 - Intersection related,03 - P.D. only,03 - Rear end,01 - Clear,01 - Daylight,01 - Dry,01 - Traffic signal,01 - Functioning,2,0,0,0,,0,,,,,366379.0135,5008975.161,45.21804895,-75.71594684,9191
16--6358,2016/06/10,4:36 PM,BANK ST @ STRATHCONA AVE (0007238),7238,02 - Intersection related,03 - P.D. only,03 - Rear end,01 - Clear,01 - Daylight,01 - Dry,01 - Traffic signal,01 - Functioning,2,0,0,0,,0,,,,,368139.3863,5030027.882,45.40732182,-75.69084387,9192
16--6359,2016/06/10,4:50 PM,RUSSELL AVE @ LAURIER AVE (0007752),7752,03 - At intersection,03 - P.D. only,02 - Angle,01 - Clear,01 - Daylight,01 - Dry,02 - Stop sign,01 - Functioning,2,0,0,0,,0,,,,,369037.521,5032215.969,45.42692759,-75.6790862,9193
16--636,2016/01/14,7:52 PM,ALTA VISTA DR @ SMYTH RD (0011353),11353,02 - Intersection related,03 - P.D. only,03 - Rear end,01 - Clear,07 - Dark,02 - Wet,01 - Traffic signal,01 - Functioning,2,0,0,0,,0,,,,,370433.4664,5029081.933,45.39859916,-75.66166616,9194
16--6360,2016/06/10,5:13 PM,CARLING AVE @ CARLINGWOOD SC (0008881),8881,03 - At intersection,03 - P.D. only,02 - Angle,01 - Clear,01 - Daylight,01 - Dry,01 - Traffic signal,01 - Functioning,2,0,0,0,,0,,,,,362074.1395,5025917.901,45.37086331,-75.76879727,9195
16--6361,2016/06/10,5:21 PM,CLEARVIEW AVE @ ISLAND PARK DR (0006144),6144,03 - At intersection,03 - P.D. only,02 - Angle,01 - Clear,01 - Daylight,01 - Dry,02 - Stop sign,00 - Unknown,2,1,0,0,,0,,,,,363545.0369,5029362.639,45.40173677,-75.74961035,9196
16--6362,2016/06/10,5:26 PM,SCRIVENS ST btwn WALTER ST & CARLING AVE (__3ZABVH),__3ZABVH,04 - At/near private drive,03 - P.D. only,02 - Angle,01 - Clear,01 - Daylight,01 - Dry,10 - No control,,2,0,0,0,,0,,,,,359423.441,5024259.043,45.35614856,-75.80281878,9197
16--6363,2016/06/10,5:28 PM,CHESTERTON DR/COOLSPRING CRES W @ VIEWMOUNT DR (0000518),518,03 - At intersection,02 - Non-fatal injury,05 - Turning movement,01 - Clear,01 - Daylight,01 - Dry,02 - Stop sign,01 - Functioning,2,0,0,0,02 - Minor,3,2,1,,,366230.1016,5023515.041,45.34889086,-75.71604276,9198
16--6364,2016/06/10,5:35 PM,ALBION RD    S btwn TURN LANE & ALBION RD (__3ZA9WD),__3ZA9WD,04 - At/near private drive,02 - Non-fatal injury,05 - Turning movement,01 - Clear,01 - Daylight,01 - Dry,10 - No control,,2,1,0,0,01 - Minimal,1,1,,,,371920.7969,5024190.777,45.35444938,-75.64333546,9199
16--6365,2016/06/10,5:53 PM,STONEWAY DR btwn DYLAN WAY & REDPATH DR (__3ZA4WO),__3ZA4WO,01 - Non intersection,03 - P.D. only,06 - SMV unattended vehicle,01 - Clear,01 - Daylight,01 - Dry,10 - No control,,1,0,0,0,,0,,,,,366383.4725,5016693.73,45.2875001,-75.71493373,9200
16--6366,2016/06/10,6:30 PM,SMYTH RD E/LANCASTER RD @ ST. LAURENT BLVD N/R (0002256),2256,02 - Intersection related,03 - P.D. only,03 - Rear end,01 - Clear,01 - Daylight,01 - Dry,01 - Traffic signal,01 - Functioning,3,0,0,0,,0,,,,,373366.8563,5029426.801,45.401421,-75.62415444,9201
16--6367,2016/06/10,6:30 PM,HIGHWAY 417 btwn HWY417 IC126 RAMP61 & HWY417 IC124 RAMP76 (__3ZA2Y2),__3ZA2Y2,01 - Non intersection,03 - P.D. only,03 - Rear end,01 - Clear,01 - Daylight,01 - Dry,10 - No control,,2,0,0,0,,0,,,,,363188.0069,5025907.553,45.37067829,-75.75457927,9202
16--6368,2016/06/10,6:49 PM,GLADSTONE AVE @ CAMBRIDGE ST (0006328),6328,03 - At intersection,03 - P.D. only,04 - Sideswipe,01 - Clear,01 - Daylight,01 - Dry,02 - Stop sign,01 - Functioning,2,0,0,0,,0,,,,,367063.8802,5030035.335,45.40748538,-75.7045811,9203
16--6369,2016/06/10,7:10 AM,NICHOLAS ST NB btwn HWY417 IC118 RAMP52 & WALLER ST/TRANSITWAY (__6KCFNL),__6KCFNL,01 - Non intersection,03 - P.D. only,03 - Rear end,01 - Clear,01 - Daylight,01 - Dry,10 - No control,,2,0,0,0,,0,,,,,368536.015,5031678.747,45.42213973,-75.68556398,9204
16--637,2016/01/14,7:54 AM,MCCARTHY RD btwn SOUTHMORE DR W & PLANTE DR (__3ZA9DP),__3ZA9DP,01 - Non intersection,03 - P.D. only,01 - Approaching,03 - Snow,03 - Dawn,03 - Loose snow,10 - No control,,2,0,0,0,,0,,,,,369604.3191,5024470.849,45.3571873,-75.67286086,9205
16--6190,2016/06/06,4:48 PM,INNES RD btwn STAR TOP RD & HWY417 IC112 RAMP55 (__3ZAZPO),__3ZAZPO,01 - Non intersection,03 - P.D. only,04 - Sideswipe,01 - Clear,01 - Daylight,01 - Dry,10 - No control,,2,0,0,0,,0,,,,,374169.1463,5030681.217,45.41262858,-75.61373104,9206
16--574,2016/01/13,8:15 PM,UNIVERSITY RD btwn CAMPUS AVE & BRONSON AVE (__3ZA88V),__3ZA88V,01 - Non intersection,03 - P.D. only,05 - Turning movement,01 - Clear,07 - Dark,02 - Wet,10 - No control,,2,0,0,0,,0,,,,,367856.9646,5028050.877,45.38955881,-75.69470416,9207
16--6104,2016/06/03,3:21 PM,MERIVALE RD @ 170 N OF HUNTCLUB RD/COSTCO/CANA (0004681),4681,02 - Intersection related,03 - P.D. only,03 - Rear end,01 - Clear,01 - Daylight,01 - Dry,01 - Traffic signal,01 - Functioning,3,0,0,0,,0,,,,,365548.7511,5022100.094,45.33621871,-75.72491095,9208
16--6191,2016/06/06,6:20 AM,WOODROFFE AVE btwn FALLOWFIELD RD & EARL MULLIGAN DR (__3ZA3IL),__3ZA3IL,01 - Non intersection,02 - Non-fatal injury,04 - Sideswipe,01 - Clear,01 - Daylight,01 - Dry,10 - No control,,2,1,0,0,02 - Minor,1,,1,,,365089.4341,5017894.847,45.29841989,-75.73128262,9209
16--6105,2016/06/03,3:30 PM,LABELLE ST/RAMP @ LEMIEUX ST/HWY417 IC115 RAMP (0012538),12538,02 - Intersection related,03 - P.D. only,99 - Other,01 - Clear,01 - Daylight,01 - Dry,02 - Stop sign,01 - Functioning,2,0,0,0,,0,,,,,372541.9459,5031688.344,45.42184965,-75.63437949,9210
16--6192,2016/06/06,6:30 PM,GREENBANK RD @ IRIS ST/HWY 417 IC129 RAMP51 (0009073),9073,02 - Intersection related,03 - P.D. only,03 - Rear end,01 - Clear,01 - Daylight,01 - Dry,01 - Traffic signal,01 - Functioning,2,0,0,0,,0,,,,,360532.0319,5023313.016,45.34754899,-75.7887771,9211
16--6106,2016/06/03,4:09 PM,BRONSON PL @ COLONEL BY DR (0006903),6903,02 - Intersection related,03 - P.D. only,03 - Rear end,01 - Clear,01 - Daylight,01 - Dry,02 - Stop sign,01 - Functioning,2,0,0,0,,0,,,,,367809.0382,5028523.578,45.39381635,-75.6952558,9212
16--6193,2016/06/06,6:53 PM,DES EPINETTES AVE @ ST. GEORGES ST (0004983),4983,02 - Intersection related,02 - Non-fatal injury,07 - SMV other,01 - Clear,01 - Daylight,01 - Dry,02 - Stop sign,02 - Not functioning,1,0,0,1,01 - Minimal,2,2,,,,382904.7517,5036403.241,45.46319014,-75.50123202,9213
16--6107,2016/06/03,4:36 PM,LOYOLA AVE btwn EASTVALE DR & DE SALABERRY ST (__3ZA7AH),__3ZA7AH,04 - At/near private drive,02 - Non-fatal injury,02 - Angle,01 - Clear,01 - Daylight,01 - Dry,10 - No control,,3,0,0,0,01 - Minimal,1,1,,,,375885.9583,5035121.362,45.45240609,-75.59115854,9214
16--6194,2016/06/06,7:20 AM,PARKDALE AVE WB OFF RAMP/OTTAWA RIVER PKWY btwn OTTAWA RIVER PKWY & PA (__3ZAY0R),__3ZAY0R,01 - Non intersection,03 - P.D. only,04 - Sideswipe,01 - Clear,01 - Daylight,01 - Dry,10 - No control,,2,0,0,0,,0,,,,,364818.438,5030411.962,45.41107033,-75.73321806,9215
16--6108,2016/06/03,4:45 AM,MARCH VALLEY RD btwn RIDDELL DR & KLONDIKE RD (__3ZACJC),__3ZACJC,01 - Non intersection,03 - P.D. only,07 - SMV other,01 - Clear,07 - Dark,01 - Dry,10 - No control,,1,0,0,0,,0,,,,,348250.9872,5027208.496,45.38346976,-75.94515034,9216
16--6195,2016/06/06,7:30 PM,HIGHWAY 416 btwn HWY416 IC66 RAMP62 & HWY416 IC66 RAMP52 (__3ZAZMX),__3ZAZMX,01 - Non intersection,03 - P.D. only,07 - SMV other,01 - Clear,01 - Daylight,01 - Dry,10 - No control,,1,0,0,0,,0,,,,,360048.3666,5014825.691,45.27121784,-75.79589513,9217
16--6196,2016/06/06,7:49 PM,MARBLE CANYON btwn CANYON WALK DR & MOUNTAIN MEADOWS CRES (__3ZAZ4R),__3ZAZ4R,01 - Non intersection,03 - P.D. only,06 - SMV unattended vehicle,01 - Clear,01 - Daylight,01 - Dry,10 - No control,,1,0,0,0,,0,,,,,368383.0798,5016464.904,45.2852631,-75.68947457,9218
16--6197,2016/06/06,8:25 AM,HIGHWAY 417 btwn HWY417 IC127 RAMP35 & HWY417 IC127 RAMP25 (__3ZA2RE),__3ZA2RE,01 - Non intersection,02 - Non-fatal injury,03 - Rear end,01 - Clear,01 - Daylight,01 - Dry,10 - No control,,3,0,0,0,02 - Minor,2,1,1,,,362120.9601,5024824.607,45.36102212,-75.76832641,9219
16--6198,2016/06/06,8:45 AM,HIGHWAY 417 btwn HWY417 IC117 RAMP26 & HWY417 IC117 RAMP61 (__3ZA2YM),__3ZA2YM,01 - Non intersection,02 - Non-fatal injury,03 - Rear end,01 - Clear,01 - Daylight,01 - Dry,10 - No control,,3,0,0,0,02 - Minor,2,1,1,,,370825.7463,5031216.56,45.41776881,-75.65637025,9220
16--6199,2016/06/06,8:58 AM,STITTSVILLE MAIN ST @ MULKINS ST S/WINTERGREEN (0009338),9338,03 - At intersection,03 - P.D. only,04 - Sideswipe,01 - Clear,01 - Daylight,01 - Dry,01 - Traffic signal,01 - Functioning,2,0,0,0,,0,,,,,350005.736,5013641.485,45.26127922,-75.92398256,9221
16--62,2016/01/03,12:45 PM,COLLINGTON ST btwn VILLANDRY ST & SUNVALE WAY (__4N795U),__4N795U,04 - At/near private drive,03 - P.D. only,06 - SMV unattended vehicle,01 - Clear,01 - Daylight,03 - Loose snow,10 - No control,,1,0,0,0,,0,,,,,366991.6855,5015175.152,45.2737825,-75.70737126,9222
16--620,2016/01/14,5:08 PM,CARLING AVE EB btwn WOODROFFE AVE & WOODROFFE AVE (__3ZA4VF),__3ZA4VF,01 - Non intersection,03 - P.D. only,03 - Rear end,01 - Clear,05 - Dusk,01 - Dry,10 - No control,,2,0,0,0,,0,,,,,361925.6402,5025825.306,45.37004227,-75.77070368,9223
16--6200,2016/06/06,9:13 AM,OWLS CABIN AVE btwn FEATHER MOSS WAY & SPRATT RD (__4O3KA6),__4O3KA6,01 - Non intersection,03 - P.D. only,06 - SMV unattended vehicle,01 - Clear,01 - Daylight,01 - Dry,10 - No control,,1,0,0,0,,0,,,,,369183.3289,5016674.373,45.28707503,-75.67924726,9224
16--6201,2016/06/06,9:20 PM,ANDERSON RD btwn INNES RD & DESJARDINS ST (__3ZBOG0),__3ZBOG0,01 - Non intersection,03 - P.D. only,07 - SMV other,01 - Clear,07 - Dark,01 - Dry,10 - No control,,1,0,0,0,,0,,,,,377473.7536,5031578.878,45.4203698,-75.57138403,9225
16--6202,2016/06/06,9:39 PM,CYRVILLE RD @ INNES RD (0009352),9352,03 - At intersection,03 - P.D. only,02 - Angle,01 - Clear,07 - Dark,01 - Dry,01 - Traffic signal,01 - Functioning,2,0,0,0,,0,,,,,375047.0429,5031119.564,45.41648501,-75.60245382,9226
16--6203,2016/06/06,9:59 AM,MCCARTHY RD @ SOUTHMORE DR (0007491),7491,02 - Intersection related,03 - P.D. only,02 - Angle,01 - Clear,01 - Daylight,01 - Dry,02 - Stop sign,01 - Functioning,2,0,0,0,,0,,,,,369449.4952,5024838.891,45.36051314,-75.67478863,9227