Anom_ID,Accident_Date,Accident_Time,Location,Geo_ID,Accident_Location,Classification_of_Accident,Initial_Impact_Type,Environment_Condition,Light,Road_Surface_Condition,Traffic_Control,Traffic_Control_Condition,No__of_Vehicles,No__of_Bicycles,No__of_Motorcycles,No__of_Pedestrians,Max_Injury,No__of_Injuries,No__of_Minimal,No__of_Minor,No__of_Major,No__of_Fatal,X,Y,Latitude,Longitude,ObjectId
16--6204,2016/06/07,1:00 PM,COLONEL BY DR @ COLONEL BY DR SB ON RAMP 43 (0002623),2623,02 - Intersection related,03 - P.D. only,05 - Turning movement,01 - Clear,01 - Daylight,01 - Dry,02 - Stop sign,01 - Functioning,2,0,0,0,,0,,,,,367640.9274,5028439.891,45.39307847,-75.69741334,9228
16--6205,2016/06/07,10:11 AM,INNES RD btwn BLAIR RD & ANDERSON RD (__3ZA3JZ),__3ZA3JZ,01 - Non intersection,03 - P.D. only,03 - Rear end,01 - Clear,01 - Daylight,01 - Dry,10 - No control,,2,0,0,0,,0,,,,,375584.8228,5031443.388,45.41934441,-75.59553695,9229
16--6206,2016/06/07,10:42 AM,INNES RD @ STAR TOP RD/WINDMILL LANE (0008734),8734,02 - Intersection related,03 - P.D. only,03 - Rear end,01 - Clear,01 - Daylight,01 - Dry,01 - Traffic signal,01 - Functioning,2,0,0,0,,0,,,,,374147.5003,5030666.335,45.41249682,-75.61400966,9230
16--6207,2016/06/07,11:03 AM,SOMERSET ST @ PERCY ST (0006762),6762,03 - At intersection,02 - Non-fatal injury,02 - Angle,01 - Clear,01 - Daylight,01 - Dry,01 - Traffic signal,01 - Functioning,2,1,0,0,02 - Minor,1,,1,,,367115.15,5030568.976,45.41228236,-75.70385873,9231
16--5740,2016/05/25,6:13 PM,RIDGEWOOD AVE @ RIVERSIDE DR (0007180),7180,03 - At intersection,03 - P.D. only,04 - Sideswipe,01 - Clear,01 - Daylight,01 - Dry,01 - Traffic signal,01 - Functioning,2,0,0,0,,0,,,,,368280.0461,5025609.313,45.36755207,-75.68961545,9232
16--6208,2016/06/07,11:18 AM,RIVERSIDE DR NB btwn INDUSTRIAL AVE & TREMBLAY RD (__3ZA4SE),__3ZA4SE,01 - Non intersection,03 - P.D. only,03 - Rear end,01 - Clear,01 - Daylight,01 - Dry,10 - No control,,3,0,0,0,,0,,,,,370745.3725,5030781.279,45.41385991,-75.65745534,9233
16--6209,2016/06/07,11:49 AM,WEST HUNT CLUB RD EB btwn MERIVALE RD & SUNDERLAND ST (__3ZA3JQ),__3ZA3JQ,01 - Non intersection,02 - Non-fatal injury,03 - Rear end,01 - Clear,01 - Daylight,01 - Dry,10 - No control,,4,0,0,0,02 - Minor,1,,1,,,365652.7879,5021955.207,45.33490603,-75.72360149,9234
16--621,2016/01/14,5:11 PM,EARL ARMSTRONG RD @ RIVER RD (0012470),12470,02 - Intersection related,03 - P.D. only,03 - Rear end,01 - Clear,05 - Dusk,04 - Slush,01 - Traffic signal,01 - Functioning,2,0,0,0,,0,,,,,367576.3681,5014684.398,45.26931479,-75.69998229,9235
16--6210,2016/06/07,11:49 AM,BRONSON AVE btwn POWELL AVE & CLEMOW AVE (__3ZA3OX),__3ZA3OX,01 - Non intersection,03 - P.D. only,04 - Sideswipe,01 - Clear,01 - Daylight,01 - Dry,10 - No control,,2,0,0,0,,0,,,,,367395.7707,5029457.597,45.40225746,-75.70041496,9236
16--6211,2016/06/07,11:51 AM,CARP RD @ HAZELDEAN RD (0000086),86,03 - At intersection,02 - Non-fatal injury,05 - Turning movement,01 - Clear,01 - Daylight,01 - Dry,01 - Traffic signal,01 - Functioning,2,0,0,0,03 - Major,4,1,,3,,348805.0351,5014360.207,45.26782269,-75.93921763,9237
16--6212,2016/06/07,11:51 PM,BY WARD MARKET SQ btwn CLARENCE ST & YORK ST (__3ZA81U),__3ZA81U,01 - Non intersection,03 - P.D. only,06 - SMV unattended vehicle,01 - Clear,07 - Dark,01 - Dry,10 - No control,,1,0,0,0,,0,,,,,367896.1746,5032394.608,45.42863881,-75.69364751,9238
16--6213,2016/06/07,12:38 PM,HUNT CLUB RD @ RIVERSIDE DR (0002237),2237,02 - Intersection related,02 - Non-fatal injury,03 - Rear end,01 - Clear,01 - Daylight,01 - Dry,01 - Traffic signal,01 - Functioning,2,0,1,0,02 - Minor,1,,1,,,368035.5311,5021945.499,45.33460799,-75.69320515,9239
16--6214,2016/06/07,2:34 PM,RIVERSIDE DR NB btwn BILLINGS BRIDGE SC RAMP NB & BILLINGS BRIDGE SC R (__3ZA3NL),__3ZA3NL,01 - Non intersection,02 - Non-fatal injury,03 - Rear end,01 - Clear,01 - Daylight,01 - Dry,10 - No control,,2,0,0,0,02 - Minor,1,,1,,,369124.504,5027773.227,45.38694533,-75.67855435,9240
16--6215,2016/06/07,3:07 PM,CYRVILLE RD @ INNES RD (0009352),9352,03 - At intersection,03 - P.D. only,03 - Rear end,01 - Clear,01 - Daylight,01 - Dry,01 - Traffic signal,01 - Functioning,2,0,0,0,,0,,,,,375047.0483,5031119.339,45.41648299,-75.60245378,9241
16--6216,2016/06/07,3:10 PM,RIVERSIDE DR NB btwn INDUSTRIAL AVE & TREMBLAY RD (__3ZA4SE),__3ZA4SE,01 - Non intersection,02 - Non-fatal injury,03 - Rear end,01 - Clear,01 - Daylight,01 - Dry,10 - No control,,4,0,0,0,01 - Minimal,2,2,,,,370686.3095,5030598.917,45.41222465,-75.65823425,9242
16--6217,2016/06/07,3:30 PM,ALTA VISTA DR @ KILBORN AVE (0008082),8082,03 - At intersection,03 - P.D. only,02 - Angle,02 - Rain,01 - Daylight,02 - Wet,01 - Traffic signal,01 - Functioning,2,0,0,0,,0,,,,,370366.1823,5027750.391,45.38662473,-75.66270242,9243
16--6218,2016/06/07,3:47 PM,TERRY FOX DR btwn PALLADIUM DR & MAPLE GROVE RD (__3ZA3DN),__3ZA3DN,01 - Non intersection,03 - P.D. only,03 - Rear end,02 - Rain,01 - Daylight,02 - Wet,10 - No control,,3,0,0,0,,0,,,,,351518.3175,5017903.225,45.2995288,-75.90430891,9244
16--6219,2016/06/07,4:00 PM,BLAIR PL btwn OGILVIE RD & END (__3ZA4B6),__3ZA4B6,01 - Non intersection,03 - P.D. only,04 - Sideswipe,02 - Rain,01 - Daylight,02 - Wet,10 - No control,,2,0,0,0,,0,,,,,374818.8882,5033324.908,45.43635036,-75.60505508,9245
16--622,2016/01/14,5:19 PM,MONTREAL RD @ VANIER PKWY (0004630),4630,02 - Intersection related,03 - P.D. only,04 - Sideswipe,01 - Clear,05 - Dusk,02 - Wet,01 - Traffic signal,01 - Functioning,2,0,0,0,,0,,,,,370072.7098,5033065.967,45.43447968,-75.66574589,9246
16--6220,2016/06/07,4:00 PM,HIGHWAY 417 btwn HWY417 IC117 RAMP36 & HWY417 IC117 RAMP26 (__3ZAZE0),__3ZAZE0,01 - Non intersection,02 - Non-fatal injury,03 - Rear end,01 - Clear,01 - Daylight,01 - Dry,10 - No control,,3,0,0,0,01 - Minimal,1,1,,,,370748.2712,5031192.299,45.41755783,-75.65736331,9247
16--6221,2016/06/07,4:11 PM,INNES RD @ STAR TOP RD/WINDMILL LANE (0008734),8734,02 - Intersection related,03 - P.D. only,04 - Sideswipe,02 - Rain,01 - Daylight,02 - Wet,01 - Traffic signal,01 - Functioning,2,0,0,0,,0,,,,,374147.0494,5030667.237,45.41250498,-75.61401529,9248
16--6222,2016/06/07,4:16 PM,BRONSON AVE @ COMMISSIONER ST/SLATER ST (0001679),1679,03 - At intersection,03 - P.D. only,02 - Angle,01 - Clear,01 - Daylight,01 - Dry,01 - Traffic signal,01 - Functioning,2,0,0,0,,0,,,,,366769.096,5030948.568,45.41572855,-75.70823178,9249
16--6223,2016/06/07,4:21 PM,ORLEANS BLVD @ ST. JOSEPH BLVD (0004144),4144,02 - Intersection related,03 - P.D. only,03 - Rear end,01 - Clear,01 - Daylight,01 - Dry,01 - Traffic signal,01 - Functioning,2,0,0,0,,0,,,,,380630.8192,5036980.36,45.46863313,-75.53021674,9250
16--6224,2016/06/07,4:28 PM,PRINCE OF WALES DR btwn RIDEAU SHORE CRT & COLONNADE RD (__3ZBPHP),__3ZBPHP,01 - Non intersection,03 - P.D. only,03 - Rear end,02 - Rain,01 - Daylight,02 - Wet,10 - No control,,2,0,0,0,,0,,,,,367370.3599,5023320.18,45.34703674,-75.70151709,9251
16--6225,2016/06/07,4:30 PM,RIVERSIDE DR RAMP 42A @ RIVERSIDE DR RAMP 42B (0002522),2522,02 - Intersection related,03 - P.D. only,03 - Rear end,01 - Clear,01 - Daylight,01 - Dry,03 - Yield sign,01 - Functioning,2,0,0,0,,0,,,,,368480.4768,5027089.969,45.38085642,-75.68686611,9252
16--6226,2016/06/07,5:15 PM,RIVERSIDE DR @ BROOKFIELD RD/HOG'S BACK RD (0001627),1627,02 - Intersection related,03 - P.D. only,04 - Sideswipe,01 - Clear,01 - Daylight,01 - Dry,01 - Traffic signal,01 - Functioning,2,0,0,0,,0,,,,,368168.1299,5026223.294,45.37308664,-75.69096527,9253
16--6227,2016/06/07,5:23 PM,WALKLEY RD btwn HERON RD & HOLLY LANE (__3ZA1V8),__3ZA1V8,04 - At/near private drive,03 - P.D. only,02 - Angle,01 - Clear,01 - Daylight,01 - Dry,10 - No control,,2,0,0,0,,0,,,,,372191.1418,5027040.672,45.38006575,-75.6394967,9254
16--6228,2016/06/07,5:38 PM,ALERT RD/AIRPORT PKWY/UPLANDS DR RAMP 62 @ LES (0003652),3652,02 - Intersection related,02 - Non-fatal injury,03 - Rear end,02 - Rain,01 - Daylight,02 - Wet,01 - Traffic signal,01 - Functioning,3,0,0,0,02 - Minor,2,,2,,,371307.8797,5021353.781,45.32898136,-75.65153866,9255
16--6229,2016/06/07,6:27 PM,BANK ST btwn ALTA VISTA DR & ERIE AVE (__3ZA36X),__3ZA36X,01 - Non intersection,03 - P.D. only,03 - Rear end,01 - Clear,01 - Daylight,01 - Dry,10 - No control,,2,0,0,0,,0,,,,,370190.121,5026340.762,45.37395782,-75.66513723,9256
16--623,2016/01/14,5:23 PM,FRIEL ST @ LAURIER AVE (0007753),7753,02 - Intersection related,03 - P.D. only,03 - Rear end,01 - Clear,05 - Dusk,04 - Slush,02 - Stop sign,01 - Functioning,2,0,0,0,,0,,,,,368997.0478,5032192.236,45.42671776,-75.67960646,9257
16--6230,2016/06/07,6:37 PM,ISLAND PARK DR @ RICHMOND RD (0002125),2125,03 - At intersection,03 - P.D. only,05 - Turning movement,02 - Rain,01 - Daylight,02 - Wet,01 - Traffic signal,01 - Functioning,2,1,0,0,,0,,,,,364130.6867,5028866.219,45.39722069,-75.74218982,9258
16--6231,2016/06/07,6:46 AM,HAWTHORNE RD @ HUNT CLUB RD (0007651),7651,02 - Intersection related,03 - P.D. only,03 - Rear end,01 - Clear,01 - Daylight,01 - Dry,01 - Traffic signal,01 - Functioning,3,0,0,0,,0,,,,,375506.8408,5026406.529,45.37403326,-75.5972552,9259
16--6232,2016/06/07,7:00 AM,NAVAN RD btwn INNES RD & ORLEANS BLVD (__42HNW4),__42HNW4,01 - Non intersection,03 - P.D. only,07 - SMV other,01 - Clear,01 - Daylight,01 - Dry,10 - No control,,1,0,0,0,,0,,,,,379921.2689,5033218.504,45.43486347,-75.53986425,9260
16--6233,2016/06/07,7:13 AM,BLACKBURN BYPASS WB btwn 1700 W OF NAVAN RD & INNES RD W (__3ZA3J5A),__3ZA3J5A,01 - Non intersection,03 - P.D. only,03 - Rear end,01 - Clear,01 - Daylight,01 - Dry,10 - No control,,2,0,0,0,,0,,,,,377352.4762,5032156.073,45.42557563,-75.57284849,9261
16--6234,2016/06/07,7:20 AM,WALKLEY RD btwn HARDING RD & HALIFAX DR (__3ZA2EK),__3ZA2EK,01 - Non intersection,03 - P.D. only,03 - Rear end,01 - Clear,01 - Daylight,01 - Dry,10 - No control,,3,0,0,0,,0,,,,,373605.8464,5027876.887,45.38745214,-75.62131819,9262
16--6235,2016/06/07,7:45 AM,AIRPORT PKWY/WALKLEY RD NB OFF RAMP @ WALKLEY RD (0011348),11348,02 - Intersection related,03 - P.D. only,03 - Rear end,01 - Clear,01 - Daylight,01 - Dry,01 - Traffic signal,01 - Functioning,2,0,0,0,,0,,,,,370074.2707,5025794.184,45.36905068,-75.66668841,9263
16--6236,2016/06/07,7:59 PM,CATHERINE ST btwn BRONSON AVE & HWY417 IC121A RAMP61 (__3ZA3B4),__3ZA3B4,04 - At/near private drive,03 - P.D. only,02 - Angle,01 - Clear,01 - Daylight,01 - Dry,10 - No control,,2,0,0,0,,0,,,,,367262.8551,5029802.654,45.40537405,-75.70206892,9264
16--6237,2016/06/07,8:00 PM,ASHBURN DR btwn WIGAN DR & NESS ST (__3ZAA0A),__3ZAA0A,04 - At/near private drive,03 - P.D. only,06 - SMV unattended vehicle,01 - Clear,01 - Daylight,01 - Dry,10 - No control,,1,0,0,0,,0,,,,,366263.4452,5024615.686,45.35879135,-75.71548044,9265
16--6238,2016/06/07,8:02 AM,RICHMOND RD btwn ROBERTSON RD & 141 S OF ROBERTSON RD/TOWNHALL (__3ZABPSA),__3ZABPSA,04 - At/near private drive,03 - P.D. only,02 - Angle,01 - Clear,01 - Daylight,01 - Dry,10 - No control,,2,0,0,0,,0,,,,,357583.2921,5020742.491,45.32464733,-75.82667886,9266
16--6239,2016/06/07,8:10 PM,HIGHWAY 417 btwn HWY417 IC131 RAMP66 & HWY417 IC130 RAMP26 (__3ZA29A),__3ZA29A,01 - Non intersection,03 - P.D. only,99 - Other,01 - Clear,01 - Daylight,01 - Dry,10 - No control,,2,0,0,0,,0,,,,,359114.9141,5023068.34,45.34545856,-75.80688713,9267
16--624,2016/01/14,5:50 PM,EAGLESON RD btwn MARCH RD & HWY417 IC138 RAMP35 (__3ZAZEV),__3ZAZEV,01 - Non intersection,03 - P.D. only,04 - Sideswipe,01 - Clear,07 - Dark,01 - Dry,10 - No control,,2,0,0,0,,0,,,,,352955.38,5020203.657,45.32013155,-75.88576286,9268
16--6240,2016/06/07,8:27 AM,BERRIGAN DR @ WANSTEAD GT (0010204),10204,03 - At intersection,03 - P.D. only,02 - Angle,01 - Clear,01 - Daylight,01 - Dry,02 - Stop sign,01 - Functioning,2,0,0,0,,0,,,,,365005.4714,5015977.074,45.28117105,-75.73258584,9269
16--6241,2016/06/07,8:32 AM,HIGHWAY 417 btwn HIGHWAY 417 & HIGHWAY 417 (1) (__3ZA2UX),__3ZA2UX,01 - Non intersection,03 - P.D. only,03 - Rear end,01 - Clear,01 - Daylight,08 - Loose sand or gravel,10 - No control,,2,0,0,0,,0,,,,,375293.8702,5030386.652,45.40986585,-75.59940533,9270
16--6242,2016/06/07,8:59 AM,SUMMERVILLE AVE btwn HOLLINGTON ST & CHEVRIER ST (__3ZA0NT),__3ZA0NT,01 - Non intersection,03 - P.D. only,06 - SMV unattended vehicle,01 - Clear,01 - Daylight,01 - Dry,10 - No control,,1,0,0,0,,0,,,,,365602.4905,5026894.645,45.37935463,-75.7236356,9271
16--6243,2016/06/08,1:32 PM,WOODROFFE AVE btwn SAVILLE ROW & FLOWER AVE (__3ZA4NN),__3ZA4NN,01 - Non intersection,03 - P.D. only,03 - Rear end,01 - Clear,01 - Daylight,01 - Dry,10 - No control,,2,0,0,0,,0,,,,,361792.078,5026159.598,45.37306108,-75.77237009,9272
16--6244,2016/06/08,1:37 PM,COVENTRY RD @ 230 W OF ST. LAURENT BLVD/ST. LA (0008535),8535,03 - At intersection,03 - P.D. only,04 - Sideswipe,01 - Clear,01 - Daylight,01 - Dry,01 - Traffic signal,01 - Functioning,2,0,0,0,,0,,,,,372082.3074,5031933.265,45.42409769,-75.64021873,9273
16--6245,2016/06/08,1:39 PM,SACKVILLE ST @ TAVISTOCK RD (0002997),2997,03 - At intersection,02 - Non-fatal injury,07 - SMV other,01 - Clear,01 - Daylight,01 - Dry,02 - Stop sign,01 - Functioning,1,0,0,1,01 - Minimal,1,1,,,,360765.8476,5024899.272,45.36180345,-75.78561393,9274
16--6246,2016/06/08,1:50 PM,O'CONNOR ST btwn LAURIER AVE W & GLOUCESTER ST (__3ZBOES),__3ZBOES,01 - Non intersection,03 - P.D. only,04 - Sideswipe,01 - Clear,01 - Daylight,01 - Dry,10 - No control,,2,0,0,0,,0,,,,,367656.356,5031326.911,45.41905362,-75.69684827,9275
16--6247,2016/06/08,10:14 AM,HOLLAND AVE @ ISLAND PARK DR/N.C.C. DRIVEWAY (0010787),10787,02 - Intersection related,02 - Non-fatal injury,05 - Turning movement,01 - Clear,01 - Daylight,02 - Wet,01 - Traffic signal,01 - Functioning,2,0,0,0,01 - Minimal,1,1,,,,365427.1506,5027916.06,45.38856031,-75.72574879,9276
16--6248,2016/06/08,10:17 AM,CARLING AVE @ RICHMOND RD (0010847),10847,02 - Intersection related,03 - P.D. only,03 - Rear end,01 - Clear,01 - Daylight,01 - Dry,01 - Traffic signal,01 - Functioning,2,0,0,0,,0,,,,,360245.9045,5024781.287,45.36078314,-75.79226356,9277
16--6249,2016/06/08,10:45 AM,CRESTWAY DR @ PRINCE OF WALES DR (0010323),10323,02 - Intersection related,03 - P.D. only,03 - Rear end,01 - Clear,01 - Daylight,01 - Dry,01 - Traffic signal,01 - Functioning,2,0,0,0,,0,,,,,367369.8496,5016577.585,45.28636792,-75.70237525,9278
16--625,2016/01/14,6:12 PM,BELMEADE RD btwn STAGECOACH RD & 3RD LINE RD (__3ZA7JM),__3ZA7JM,01 - Non intersection,03 - P.D. only,07 - SMV other,01 - Clear,07 - Dark,02 - Wet,10 - No control,,1,0,0,0,,0,,,,,380230.2943,4996887.707,45.10794283,-75.54143405,9279
16--6250,2016/06/08,10:58 AM,DALY AVE @ WALLER ST (0008233),8233,02 - Intersection related,03 - P.D. only,03 - Rear end,01 - Clear,01 - Daylight,01 - Dry,01 - Traffic signal,01 - Functioning,2,0,0,0,,0,,,,,368340.4369,5032120.361,45.42613101,-75.68800591,9280
16--6251,2016/06/08,11:00 AM,HWY417 IC127 RAMP53 btwn HWY417 IC127 RAMP51 & WOODROFFE AVE (__3ZAYBN),__3ZAYBN,01 - Non intersection,03 - P.D. only,03 - Rear end,01 - Clear,01 - Daylight,01 - Dry,10 - No control,,2,0,0,0,,0,,,,,362183.3373,5024648.605,45.35943337,-75.7675507,9281
16--6252,2016/06/08,11:17 AM,ALBERT ST @ KENT ST (OTTAWA) (0003136),3136,02 - Intersection related,03 - P.D. only,04 - Sideswipe,01 - Clear,01 - Daylight,01 - Dry,01 - Traffic signal,01 - Functioning,2,0,0,0,,0,,,,,367221.9203,5031320.701,45.41903664,-75.70239955,9282
16--6253,2016/06/08,11:20 AM,WELLINGTON ST btwn METCALFE ST & ELGIN ST (__3ZA4SP),__3ZA4SP,01 - Non intersection,03 - P.D. only,04 - Sideswipe,01 - Clear,01 - Daylight,01 - Dry,10 - No control,,2,0,0,0,,0,,,,,367645.5632,5031865.859,45.42390387,-75.69691741,9283
16--6254,2016/06/08,Unknown,SWEET GRASS CIR btwn SWEET GRASS CIR & SWEET GRASS CIR (__8PNLJC),__8PNLJC,01 - Non intersection,03 - P.D. only,06 - SMV unattended vehicle,01 - Clear,00 - Unknown,01 - Dry,10 - No control,,1,0,0,0,,0,,,,,364926.078,5012244.534,45.24759244,-75.73404954,9284
16--6255,2016/06/08,12:30 PM,ST. PATRICK ST/ST. ANDREW ST @ BEAUSOLEIL DR (0007780),7780,02 - Intersection related,03 - P.D. only,03 - Rear end,01 - Clear,01 - Daylight,01 - Dry,01 - Traffic signal,01 - Functioning,2,0,0,0,,0,,,,,368427.4723,5033069.178,45.43466021,-75.68677118,9285
16--6256,2016/06/08,2:05 PM,BASELINE RD @ NAVAHO DR (0003158),3158,02 - Intersection related,03 - P.D. only,03 - Rear end,01 - Clear,01 - Daylight,01 - Dry,01 - Traffic signal,01 - Functioning,2,0,0,0,,0,,,,,363084.5633,5024097.732,45.35440232,-75.75611324,9286
16--6257,2016/06/08,2:49 PM,MCRAE AVE btwn SCOTT ST & RICHMOND RD (__3ZA0Y2),__3ZA0Y2,04 - At/near private drive,03 - P.D. only,99 - Other,01 - Clear,01 - Daylight,08 - Loose sand or gravel,10 - No control,,2,0,0,0,,0,,,,,363504.7167,5028724.181,45.39599542,-75.75020133,9287
16--6258,2016/06/08,3:17 PM,HWY417 IC129 RAMP35 btwn HIGHWAY 417 & GREENBANK RD (__3ZAYBL),__3ZAYBL,01 - Non intersection,03 - P.D. only,03 - Rear end,01 - Clear,01 - Daylight,01 - Dry,10 - No control,,3,0,0,0,,0,,,,,360483.5413,5023382.975,45.34818233,-75.78938798,9288
16--6259,2016/06/08,3:20 PM,JASMINE CRES btwn OGILVIE RD & ARROWSMITH DR (__3ZA7WI),__3ZA7WI,04 - At/near private drive,02 - Non-fatal injury,02 - Angle,01 - Clear,01 - Daylight,01 - Dry,10 - No control,,2,0,0,0,02 - Minor,1,,1,,,375473.5926,5033658.97,45.43929019,-75.59664007,9289
16--626,2016/01/14,6:42 AM,CARLING AVE @ BAYSHORE DR/BIRCHDALE AVE (0000021),21,02 - Intersection related,03 - P.D. only,03 - Rear end,03 - Snow,07 - Dark,03 - Loose snow,01 - Traffic signal,01 - Functioning,2,0,0,0,,0,,,,,359005.6215,5023990.237,45.35376226,-75.80818066,9290
16--6260,2016/06/08,4:10 PM,HIGHWAY 417 btwn HWY417 IC126 RAMP61 & HWY417 IC124 RAMP76 (__3ZA2Y2),__3ZA2Y2,01 - Non intersection,03 - P.D. only,03 - Rear end,01 - Clear,01 - Daylight,01 - Dry,10 - No control,,2,0,0,0,,0,,,,,363669.5545,5026531.531,45.37625247,-75.74835766,9291
16--6261,2016/06/08,4:15 PM,BRONSON AVE btwn PLYMOUTH ST & RENFREW AVE (__3ZA3B1),__3ZA3B1,04 - At/near private drive,03 - P.D. only,02 - Angle,01 - Clear,01 - Daylight,01 - Dry,10 - No control,,2,0,0,0,,0,,,,,367321.6345,5029636.562,45.40387436,-75.70133918,9292
16--6262,2016/06/08,4:20 PM,FINDLAY AVE @ TORRINGTON PL (0007562),7562,03 - At intersection,03 - P.D. only,05 - Turning movement,01 - Clear,01 - Daylight,01 - Dry,02 - Stop sign,01 - Functioning,2,0,0,0,,0,,,,,367933.0298,5028789.775,45.39620035,-75.69363829,9293
16--6263,2016/06/08,4:53 PM,DYNES RD btwn MORLEY BLVD & PRINCE OF WALES DR (__3ZAA46),__3ZAA46,04 - At/near private drive,03 - P.D. only,02 - Angle,01 - Clear,01 - Daylight,01 - Dry,10 - No control,,2,0,0,0,,0,,,,,367106.8223,5025910.68,45.37036898,-75.70455332,9294
16--6264,2016/06/08,4:57 PM,SUNNYSIDE AVE btwn BANK ST & WILLARD ST (__3ZA9JQ),__3ZA9JQ,04 - At/near private drive,02 - Non-fatal injury,05 - Turning movement,01 - Clear,01 - Daylight,01 - Dry,10 - No control,,2,1,0,0,02 - Minor,1,,1,,,368801.1861,5028619.668,45.39459096,-75.68257303,9295
16--6265,2016/06/08,5:11 PM,CARLING AVE @ CARLINGWOOD SC (0008881),8881,03 - At intersection,03 - P.D. only,05 - Turning movement,01 - Clear,01 - Daylight,01 - Dry,01 - Traffic signal,01 - Functioning,2,0,0,0,,0,,,,,362073.6885,5025919.254,45.37087553,-75.76880287,9296
16--6266,2016/06/08,5:20 PM,ST. LAURENT BLVD btwn MCARTHUR AVE & DONALD ST (__3ZBOF4),__3ZBOF4,01 - Non intersection,03 - P.D. only,03 - Rear end,01 - Clear,01 - Daylight,01 - Dry,10 - No control,,2,0,0,0,,0,,,,,372083.2007,5032502.473,45.42921907,-75.64012956,9297
16--6267,2016/06/08,6:40 AM,TERRY FOX DR @ PALLADIUM DR/KATIMAVIK RD (0011858),11858,02 - Intersection related,02 - Non-fatal injury,03 - Rear end,01 - Clear,01 - Daylight,01 - Dry,01 - Traffic signal,01 - Functioning,2,0,0,0,01 - Minimal,2,2,,,,351269.234,5018180.686,45.30204198,-75.90745872,9298
16--6268,2016/06/08,7:30 AM,HIGHWAY 417 btwn HWY417 IC134 RAMP35 & HWY417 IC134 RAMP25 (__3ZA29D),__3ZA29D,01 - Non intersection,02 - Non-fatal injury,03 - Rear end,01 - Clear,01 - Daylight,01 - Dry,10 - No control,,3,0,0,0,02 - Minor,1,,1,,,356413.0643,5022241.233,45.3382202,-75.84144939,9299
16--6269,2016/06/08,8:00 PM,HIGHWAY 416 btwn HWY416 IC72 RAMP62 & HWY416 IC72 RAMP24 (__3ZAZEQ),__3ZAZEQ,01 - Non intersection,03 - P.D. only,07 - SMV other,01 - Clear,01 - Daylight,02 - Wet,10 - No control,,1,0,0,0,,0,,,,,359559.0343,5019486.918,45.31319827,-75.80161629,9300
16--627,2016/01/14,6:46 AM,MARCH RD btwn CARP RD & DONALD B. MUNRO DR (__3ZA3FJ),__3ZA3FJ,01 - Non intersection,03 - P.D. only,07 - SMV other,03 - Snow,07 - Dark,06 - Ice,10 - No control,,1,0,0,0,,0,,,,,342313.8986,5021868.718,45.33576372,-76.02136673,9301
16--6270,2016/06/08,8:07 AM,COOPER ST btwn O'CONNOR ST & METCALFE ST (__3ZA9UP),__3ZA9UP,01 - Non intersection,03 - P.D. only,06 - SMV unattended vehicle,01 - Clear,01 - Daylight,01 - Dry,10 - No control,,1,0,0,0,,0,,,,,367897.016,5031139.085,45.41734196,-75.69379757,9302
16--6271,2016/06/08,8:10 AM,PORTOBELLO BLVD btwn GARDENWAY DR & VALIN ST (__3ZA189),__3ZA189,04 - At/near private drive,03 - P.D. only,02 - Angle,01 - Clear,01 - Daylight,01 - Dry,10 - No control,,2,0,0,0,,0,,,,,385347.3479,5037375.153,45.4716571,-75.46984294,9303
16--6272,2016/06/08,8:10 AM,JEANNE D'ARC BLVD @ GREY NUNS DR/YOUVILLE DR (0003147),3147,03 - At intersection,02 - Non-fatal injury,07 - SMV other,01 - Clear,01 - Daylight,01 - Dry,01 - Traffic signal,01 - Functioning,1,0,0,1,02 - Minor,1,,1,,,379670.0839,5036701.879,45.46623122,-75.54254406,9304
16--6273,2016/06/08,8:30 AM,GREENBANK RD @ MEADOWBANK DR (0001123),1123,02 - Intersection related,03 - P.D. only,03 - Rear end,01 - Clear,01 - Daylight,01 - Dry,02 - Stop sign,01 - Functioning,2,0,0,0,,0,,,,,360764.996,5022186.956,45.33739817,-75.78593175,9305
16--6274,2016/06/08,8:30 AM,RICHMOND RD btwn WEST HUNT CLUB RD & STONEHAVEN DR (__3ZA41H),__3ZA41H,01 - Non intersection,02 - Non-fatal injury,03 - Rear end,01 - Clear,01 - Daylight,01 - Dry,10 - No control,,3,0,0,0,01 - Minimal,1,1,,,,357044.2726,5017697.968,45.29729266,-75.83387529,9306
16--6275,2016/06/08,8:30 AM,HIGHWAY 417 btwn HWY417 IC118 RAMP67 & HWY417 IC117 RAMP36 (__3ZA2YO),__3ZA2YO,01 - Non intersection,03 - P.D. only,04 - Sideswipe,01 - Clear,01 - Daylight,01 - Dry,10 - No control,,2,0,0,0,,0,,,,,369847.131,5031153.477,45.41729288,-75.66888129,9307
16--6276,2016/06/08,8:36 AM,CARLING AVE @ WOODROFFE AVE W (0011470),11470,02 - Intersection related,03 - P.D. only,04 - Sideswipe,01 - Clear,01 - Daylight,01 - Dry,01 - Traffic signal,00 - Unknown,2,0,0,0,,0,,,,,361768.0742,5025723.951,45.36914312,-75.77272677,9308
16--6277,2016/06/08,8:52 PM,WIGGINS PRIV btwn CHAPEL CRES & GOULBURN CRES (1) (__3ZA1M7),__3ZA1M7,01 - Non intersection,03 - P.D. only,06 - SMV unattended vehicle,01 - Clear,05 - Dusk,01 - Dry,10 - No control,,1,0,0,0,,0,,,,,369634.9585,5031483.579,45.4202827,-75.67154853,9309
16--6278,2016/06/08,9:08 AM,RAMSEY CRES btwn DUMAURIER AVE & DUMAURIER AVE (__3ZABJ3),__3ZABJ3,04 - At/near private drive,03 - P.D. only,02 - Angle,01 - Clear,01 - Daylight,01 - Dry,10 - No control,,2,0,0,0,,0,,,,,360121.4407,5023510.359,45.34935719,-75.79399437,9310