Anom_ID,Accident_Date,Accident_Time,Location,Geo_ID,Accident_Location,Classification_of_Accident,Initial_Impact_Type,Environment_Condition,Light,Road_Surface_Condition,Traffic_Control,Traffic_Control_Condition,No__of_Vehicles,No__of_Bicycles,No__of_Motorcycles,No__of_Pedestrians,Max_Injury,No__of_Injuries,No__of_Minimal,No__of_Minor,No__of_Major,No__of_Fatal,X,Y,Latitude,Longitude,ObjectId
16--6279,2016/06/08,9:21 AM,MONTREAL RD @ SHEFFORD RD (0012423),12423,02 - Intersection related,03 - P.D. only,04 - Sideswipe,01 - Clear,01 - Daylight,01 - Dry,01 - Traffic signal,01 - Functioning,2,0,0,0,,0,,,,,376125.7305,5034854.026,45.44997634,-75.58813218,9311
16--628,2016/01/14,6:54 AM,HOLLAND AVE @ WELLINGTON ST (0002364),2364,02 - Intersection related,03 - P.D. only,03 - Rear end,03 - Snow,07 - Dark,03 - Loose snow,01 - Traffic signal,01 - Functioning,2,0,0,0,,0,,,,,364930.7991,5029152.457,45.39972794,-75.73193628,9312
16--6109,2016/06/03,5:09 PM,GREENBANK RD @ CANFIELD RD/CRAIG HENRY DR (0000154),154,02 - Intersection related,03 - P.D. only,03 - Rear end,01 - Clear,01 - Daylight,01 - Dry,01 - Traffic signal,01 - Functioning,2,0,0,0,,0,,,,,361107.0704,5021365.274,45.32997731,-75.78166098,9313
16--611,2016/01/14,2:20 PM,HIGHWAY 417 btwn HWY417 IC124 RAMP76 & HWY417 IC124 RAMP67 (__3ZA2R7),__3ZA2R7,01 - Non intersection,03 - P.D. only,03 - Rear end,01 - Clear,01 - Daylight,02 - Wet,10 - No control,,2,0,0,0,,0,,,,,364448.2201,5027561.331,45.38545258,-75.73829217,9314
16--6110,2016/06/03,5:10 PM,BANK ST @ HUNT CLUB RD (0002119),2119,02 - Intersection related,03 - P.D. only,03 - Rear end,01 - Clear,01 - Daylight,01 - Dry,01 - Traffic signal,01 - Functioning,2,0,0,0,,0,,,,,371608.0601,5024097.183,45.35363712,-75.64733913,9315
16--6111,2016/06/03,5:15 PM,METCALFE ST @ NEPEAN ST (0006944),6944,03 - At intersection,03 - P.D. only,02 - Angle,01 - Clear,01 - Daylight,01 - Dry,02 - Stop sign,01 - Functioning,2,0,0,0,,0,,,,,367874.3236,5031320.355,45.41897501,-75.69406429,9316
16--6112,2016/06/03,5:21 PM,KENT ST btwn WELLINGTON ST & SPARKS ST (__3ZA3C1),__3ZA3C1,01 - Non intersection,03 - P.D. only,06 - SMV unattended vehicle,01 - Clear,01 - Daylight,01 - Dry,10 - No control,,1,0,0,0,,0,,,,,367127.8342,5031474.517,45.42042901,-75.70358216,9317
16--6113,2016/06/03,5:45 PM,MONTREAL RD btwn NORTH RIVER RD & MONTGOMERY ST (__3ZA3XR),__3ZA3XR,04 - At/near private drive,03 - P.D. only,02 - Angle,01 - Clear,01 - Daylight,01 - Dry,10 - No control,,2,0,0,0,,0,,,,,369751.6591,5032889.614,45.43292283,-75.66987208,9318
16--6114,2016/06/03,5:46 PM,CAMERON ST @ REGIONAL RD 174 (0012883),12883,02 - Intersection related,03 - P.D. only,03 - Rear end,01 - Clear,01 - Daylight,01 - Dry,01 - Traffic signal,01 - Functioning,2,0,0,0,,0,,,,,389860.6184,5042617.969,45.51829065,-75.41122217,9319
16--5741,2016/05/25,6:20 PM,HIGHWAY 417 btwn HWY417 IC121A RAMP16 & HWY417 IC121A RAMP61 (__3ZA2YY),__3ZA2YY,01 - Non intersection,02 - Non-fatal injury,03 - Rear end,01 - Clear,01 - Daylight,01 - Dry,10 - No control,,3,0,0,0,01 - Minimal,1,1,,,,367504.9776,5029867.099,45.40593226,-75.69896804,9320
16--6115,2016/06/03,5:54 PM,TERRY FOX DR @ WESTPHALIAN AVE (0014366),14366,02 - Intersection related,02 - Non-fatal injury,03 - Rear end,01 - Clear,01 - Daylight,01 - Dry,01 - Traffic signal,01 - Functioning,4,0,0,0,02 - Minor,2,1,1,,,353455.2261,5015759.789,45.28011017,-75.87982363,9321
16--5742,2016/05/25,6:21 PM,MONTREAL RD btwn MONTGOMERY ST & PALACE ST (__3ZA3KD),__3ZA3KD,01 - Non intersection,03 - P.D. only,01 - Approaching,01 - Clear,01 - Daylight,01 - Dry,10 - No control,,2,1,0,0,,0,,,,,369830.6245,5032929.941,45.43327833,-75.66885763,9322
16--6116,2016/06/03,6:00 PM,BANK ST @ GILMOUR ST (0007270),7270,03 - At intersection,02 - Non-fatal injury,05 - Turning movement,01 - Clear,01 - Daylight,01 - Dry,01 - Traffic signal,01 - Functioning,2,1,0,0,01 - Minimal,1,1,,,,367785.7014,5030774.571,45.41407221,-75.69526631,9323
16--5743,2016/05/25,6:34 PM,BANK ST btwn AYLMER AVE & EUCLID AVE (__3ZA3N7),__3ZA3N7,04 - At/near private drive,02 - Non-fatal injury,05 - Turning movement,01 - Clear,01 - Daylight,01 - Dry,10 - No control,,2,0,0,0,02 - Minor,1,,1,,,368700.626,5028661.408,45.39497571,-75.68385185,9324
16--5744,2016/05/25,7:00 AM,MONTREAL RD @ PALACE ST (0004699),4699,03 - At intersection,02 - Non-fatal injury,05 - Turning movement,01 - Clear,01 - Daylight,01 - Dry,10 - No control,,2,0,0,0,01 - Minimal,1,1,,,,369955.4961,5032998.366,45.43388237,-75.66725279,9325
16--5745,2016/05/25,7:00 AM,PERKINS ST btwn ALBERT ST & END (__3ZA4GM),__3ZA4GM,01 - Non intersection,03 - P.D. only,06 - SMV unattended vehicle,01 - Clear,01 - Daylight,01 - Dry,10 - No control,,1,0,0,0,,0,,,,,366539.3063,5030688.358,45.41340757,-75.71120008,9326
16--5746,2016/05/25,7:20 AM,HIGHWAY 417 btwn HWY417 IC163 RAMP61 & HWY417 IC155 RAMP36 (__3ZA2QB),__3ZA2QB,01 - Non intersection,02 - Non-fatal injury,07 - SMV other,01 - Clear,01 - Daylight,01 - Dry,10 - No control,,1,0,0,0,01 - Minimal,1,1,,,,336118.7389,5020240.983,45.32142044,-76.10051054,9327
16--5747,2016/05/25,7:33 PM,BASELINE RD @ CLYDE AVE (0002343),2343,02 - Intersection related,03 - P.D. only,04 - Sideswipe,01 - Clear,01 - Daylight,01 - Dry,01 - Traffic signal,01 - Functioning,2,0,0,0,,0,,,,,364359.8307,5024891.189,45.36143458,-75.7397428,9328
16--5748,2016/05/25,8:21 AM,CANAAN RD @ REGIONAL RD 174 (0012882),12882,02 - Intersection related,03 - P.D. only,04 - Sideswipe,01 - Clear,01 - Daylight,01 - Dry,01 - Traffic signal,01 - Functioning,2,0,0,0,,0,,,,,395771.5905,5043412.875,45.52469592,-75.33542927,9329
16--5749,2016/05/25,8:51 AM,BANK ST @ HOLMWOOD AVE (0007225),7225,02 - Intersection related,03 - P.D. only,03 - Rear end,01 - Clear,01 - Daylight,01 - Dry,01 - Traffic signal,01 - Functioning,2,0,0,0,,0,,,,,368482.8354,5029198.235,45.39982576,-75.68656392,9330
16--575,2016/01/13,8:20 PM,PARKDALE AVE @ WELLINGTON ST (0002260),2260,03 - At intersection,03 - P.D. only,05 - Turning movement,01 - Clear,07 - Dark,01 - Dry,01 - Traffic signal,01 - Functioning,2,0,0,0,,0,,,,,365149.9201,5029269.458,45.40076184,-75.72912334,9331
16--5750,2016/05/25,9:18 PM,COVENTRY RD @ VANIER PKWY (0002139),2139,02 - Intersection related,02 - Non-fatal injury,03 - Rear end,01 - Clear,07 - Dark,01 - Dry,01 - Traffic signal,01 - Functioning,2,0,0,0,01 - Minimal,1,1,,,,370676.6044,5031611.483,45.42133622,-75.65822286,9332
16--5751,2016/05/25,9:58 AM,OMER-LACASSE AVE btwn COTTONWOOD CRES & COTTONWOOD CRES (__3ZA6RF),__3ZA6RF,04 - At/near private drive,03 - P.D. only,06 - SMV unattended vehicle,01 - Clear,01 - Daylight,01 - Dry,10 - No control,,1,0,0,0,,0,,,,,383167.165,5036577.348,45.46472721,-75.49784916,9333
16--5752,2016/05/26,1:14 PM,DALHOUSIE ST @ RIDEAU ST (0007646),7646,03 - At intersection,03 - P.D. only,02 - Angle,01 - Clear,01 - Daylight,01 - Dry,01 - Traffic signal,01 - Functioning,2,0,0,0,,0,,,,,368206.9286,5032227.801,45.42710984,-75.68969803,9334
16--5753,2016/05/26,1:26 PM,KILBIRNIE DR btwn CAIRNSMORE CIRC & DUNDONALD DR (__51NJYP),__51NJYP,04 - At/near private drive,03 - P.D. only,02 - Angle,01 - Clear,01 - Daylight,01 - Dry,10 - No control,,2,0,0,0,,0,,,,,365535.2291,5012371.459,45.24868221,-75.72627472,9335
16--5754,2016/05/26,10:37 AM,TERRY FOX DR @ EDGEWATER ST/WALTER BAKER PL (0002699),2699,03 - At intersection,03 - P.D. only,05 - Turning movement,01 - Clear,01 - Daylight,01 - Dry,01 - Traffic signal,01 - Functioning,2,0,0,0,,0,,,,,351777.4541,5017614.532,45.29691378,-75.90103227,9336
16--5755,2016/05/26,10:40 AM,GREENBANK RD @ WEST HUNT CLUB RD (0005167),5167,02 - Intersection related,02 - Non-fatal injury,03 - Rear end,01 - Clear,01 - Daylight,01 - Dry,01 - Traffic signal,01 - Functioning,2,0,0,0,02 - Minor,1,,1,,,361479.9025,5020501.803,45.3221778,-75.77700379,9337
16--5756,2016/05/26,11:00 AM,PRINCE OF WALES DR btwn FOREST HILL AVE & BASELINE RD/HERON RD (__3ZA3G6),__3ZA3G6,01 - Non intersection,03 - P.D. only,03 - Rear end,01 - Clear,01 - Daylight,01 - Dry,10 - No control,,2,0,0,0,,0,,,,,366850.3773,5026348.257,45.37432895,-75.70777197,9338
16--5757,2016/05/26,11:39 AM,ANDERSON RD @ RUSSELL RD (0004145),4145,02 - Intersection related,03 - P.D. only,03 - Rear end,01 - Clear,01 - Daylight,01 - Dry,02 - Stop sign,01 - Functioning,2,0,0,0,,0,,,,,379789.1474,5026707.207,45.37629339,-75.54254294,9339
16--5758,2016/05/26,Unknown,LYON ST    N btwn GLADSTONE AVE & MCLEOD ST (__3ZBOE8),__3ZBOE8,01 - Non intersection,03 - P.D. only,06 - SMV unattended vehicle,01 - Clear,00 - Unknown,01 - Dry,10 - No control,,1,0,0,0,,0,,,,,367614.7354,5030311.021,45.4099167,-75.6975095,9340
16--5759,2016/05/26,12:46 PM,REGIONAL ROAD 174 btwn QUIGLEY HILL RD & REGIONAL ROAD 174 DIVIDED (__3ZA2Y5),__3ZA2Y5,01 - Non intersection,03 - P.D. only,04 - Sideswipe,01 - Clear,01 - Daylight,01 - Dry,10 - No control,,2,0,0,0,,0,,,,,388222.0191,5042389.289,45.51643123,-75.43223149,9341
16--576,2016/01/13,8:25 AM,NAVAHO DR @ WOODROFFE AVE/TRANSITWAY N BASELIN (0010359),10359,03 - At intersection,03 - P.D. only,05 - Turning movement,03 - Snow,01 - Daylight,03 - Loose snow,01 - Traffic signal,01 - Functioning,2,0,0,0,,0,,,,,362705.4914,5023493.176,45.34899398,-75.76102173,9342
16--5760,2016/05/26,2:17 PM,WALKLEY RD btwn HALIFAX DR & ST. LAURENT BLVD (__3ZA2EL),__3ZA2EL,04 - At/near private drive,03 - P.D. only,05 - Turning movement,01 - Clear,01 - Daylight,01 - Dry,10 - No control,,2,0,0,0,,0,,,,,373712.4591,5027938.159,45.38799295,-75.61994831,9343
16--5761,2016/05/26,2:28 PM,HADLEY CIRC btwn TO BE DETERMINED & TANGLEWOOD DR (__3ZBNDH),__3ZBNDH,04 - At/near private drive,03 - P.D. only,06 - SMV unattended vehicle,01 - Clear,01 - Daylight,01 - Dry,10 - No control,,1,0,0,0,,0,,,,,357252.1375,5020325.067,45.32091613,-75.8309471,9344
16--5762,2016/05/26,2:39 PM,BRONSON AVE @ COMMISSIONER ST/SLATER ST (0001679),1679,03 - At intersection,02 - Non-fatal injury,05 - Turning movement,01 - Clear,01 - Daylight,01 - Dry,01 - Traffic signal,01 - Functioning,2,0,0,0,02 - Minor,1,,1,,,366768.5093,5030949.05,45.41573294,-75.70823922,9345
16--5763,2016/05/26,3:24 PM,BOOTH ST btwn GLADSTONE AVE & LOUISA ST (__3ZA31V),__3ZA31V,01 - Non intersection,02 - Non-fatal injury,05 - Turning movement,01 - Clear,01 - Daylight,01 - Dry,10 - No control,,2,0,0,0,02 - Minor,1,,1,,,366795.7323,5029785.982,45.40526557,-75.7080377,9346
16--5764,2016/05/26,3:31 PM,BLAIR RD @ INNES RD (0004165),4165,03 - At intersection,03 - P.D. only,02 - Angle,01 - Clear,01 - Daylight,01 - Dry,01 - Traffic signal,01 - Functioning,2,0,0,0,,0,,,,,375578.9604,5031440.683,45.41932066,-75.59561224,9347
16--5765,2016/05/26,3:55 PM,SUMMITVIEW DR btwn STONEHAVEN DR & END (__3ZAZLQ),__3ZAZLQ,01 - Non intersection,03 - P.D. only,06 - SMV unattended vehicle,01 - Clear,01 - Daylight,01 - Dry,10 - No control,,1,0,0,0,,0,,,,,356564.9401,5015751.12,45.27981007,-75.84018961,9348
16--5766,2016/05/26,4:07 PM,RUSSELL RD btwn WAY ST & BOUNDARY RD (__3ZA3YD),__3ZA3YD,01 - Non intersection,02 - Non-fatal injury,01 - Approaching,01 - Clear,01 - Daylight,01 - Dry,10 - No control,,2,0,1,0,01 - Minimal,1,1,,,,385636.8165,5026348.168,45.37241284,-75.46795075,9349
16--5767,2016/05/26,4:09 PM,AVIATION PKWY @ OGILVIE RD (0004114),4114,03 - At intersection,02 - Non-fatal injury,05 - Turning movement,01 - Clear,01 - Daylight,01 - Dry,01 - Traffic signal,01 - Functioning,2,0,0,0,02 - Minor,1,,1,,,373110.4947,5032376.366,45.42798484,-75.62701989,9350
16--5768,2016/05/26,4:12 PM,RAMSAYVILLE RD @ RIDGE RD (0009270),9270,03 - At intersection,03 - P.D. only,02 - Angle,01 - Clear,01 - Daylight,01 - Dry,02 - Stop sign,01 - Functioning,2,0,0,0,,0,,,,,376684.205,5028863.766,45.39602236,-75.58186736,9351
16--5769,2016/05/26,4:26 PM,RIDEAU ST @ WALLER ST (0011913),11913,03 - At intersection,02 - Non-fatal injury,07 - SMV other,01 - Clear,01 - Daylight,01 - Dry,01 - Traffic signal,01 - Functioning,1,0,0,1,01 - Minimal,1,1,,,,368282.8251,5032274.647,45.42752446,-75.68872218,9352
16--577,2016/01/13,8:26 PM,MARKETPLACE AVE @ RIOCAN AVE (0010995),10995,03 - At intersection,03 - P.D. only,02 - Angle,01 - Clear,07 - Dark,02 - Wet,02 - Stop sign,01 - Functioning,2,0,0,0,,0,,,,,364286.8769,5014761.97,45.27029871,-75.74189026,9353
16--5770,2016/05/26,4:55 PM,BASELINE RD/HERON RD @ PRINCE OF WALES DR (0002345),2345,02 - Intersection related,03 - P.D. only,04 - Sideswipe,01 - Clear,01 - Daylight,01 - Dry,01 - Traffic signal,01 - Functioning,2,0,0,0,,0,,,,,366874.3621,5026440.783,45.37515935,-75.70745414,9354
16--5771,2016/05/26,5:00 PM,WOODGATE WAY btwn SHANDON AVE & END (__3ZA6KX),__3ZA6KX,01 - Non intersection,03 - P.D. only,06 - SMV unattended vehicle,01 - Clear,01 - Daylight,01 - Dry,10 - No control,,1,0,0,0,,0,,,,,364768.4816,5017637.574,45.29613243,-75.73540566,9355
16--5772,2016/05/26,5:07 PM,COLONNADE RD btwn MERIVALE RD & COLONNADE RD N (__3ZA000),__3ZA000,04 - At/near private drive,03 - P.D. only,05 - Turning movement,01 - Clear,01 - Daylight,01 - Dry,10 - No control,,2,0,0,0,,0,,,,,365685.4215,5022691.569,45.34152888,-75.72309456,9356
16--5773,2016/05/26,5:43 PM,RICHMOND RD btwn STINSON AVE & STAFFORD RD (__3ZBOCU),__3ZBOCU,01 - Non intersection,03 - P.D. only,03 - Rear end,01 - Clear,01 - Daylight,01 - Dry,10 - No control,,2,0,0,0,,0,,,,,358027.8186,5021020.745,45.32711752,-75.82097881,9357
16--5774,2016/05/26,5:57 PM,KING EDWARD AVE @ MURRAY ST (0002713),2713,02 - Intersection related,03 - P.D. only,04 - Sideswipe,01 - Clear,01 - Daylight,01 - Dry,01 - Traffic signal,01 - Functioning,2,0,0,0,,0,,,,,368291.209,5032754.318,45.4318396,-75.68855321,9358
16--5775,2016/05/26,6:00 PM,ABACA WAY btwn KITTIWAKE DR & KITTIWAKE DR (__4TYFW7),__4TYFW7,04 - At/near private drive,03 - P.D. only,06 - SMV unattended vehicle,01 - Clear,01 - Daylight,01 - Dry,10 - No control,,1,0,0,0,,0,,,,,348544.6338,5014092.75,45.26543225,-75.94255948,9359
16--5776,2016/05/26,6:45 AM,ST. LAURENT BLVD btwn DONALD ST & 125 N OF QUEEN MARY ST (__3ZA2CFA),__3ZA2CFA,04 - At/near private drive,02 - Non-fatal injury,02 - Angle,01 - Clear,01 - Daylight,01 - Dry,10 - No control,,2,1,0,0,01 - Minimal,1,1,,,,372120.094,5032408.323,45.42836841,-75.63967099,9360
16--5777,2016/05/26,6:45 AM,INDUSTRIAL AVE/INNES RD @ ST. LAURENT BLVD (0002203),2203,02 - Intersection related,02 - Non-fatal injury,05 - Turning movement,01 - Clear,01 - Daylight,01 - Dry,01 - Traffic signal,01 - Functioning,2,1,0,0,01 - Minimal,1,1,,,,373104.7932,5030005.557,45.406654,-75.62742137,9361
16--5778,2016/05/26,6:53 PM,BANK ST btwn CLAREY AVE & HOLMWOOD AVE (__3ZA3OP),__3ZA3OP,04 - At/near private drive,03 - P.D. only,05 - Turning movement,01 - Clear,01 - Daylight,01 - Dry,10 - No control,,2,1,0,0,,0,,,,,368458.4435,5029252.718,45.40031819,-75.68686842,9362
16--5779,2016/05/26,7:05 AM,HAWTHORNE RD btwn STEVENAGE DR & HUNT CLUB RD (__3ZA2E8),__3ZA2E8,04 - At/near private drive,03 - P.D. only,02 - Angle,01 - Clear,01 - Daylight,01 - Dry,10 - No control,,2,0,0,0,,0,,,,,375168.5331,5027237.19,45.3815412,-75.60145561,9363
16--578,2016/01/13,8:30 AM,ROCKDALE RD btwn MAGLADRY RD & GOLF COURSE RD (__3ZBO69),__3ZBO69,01 - Non intersection,03 - P.D. only,07 - SMV other,01 - Clear,01 - Daylight,05 - Packed snow,10 - No control,,1,0,0,0,,0,,,,,393199.8936,5028347.744,45.38948958,-75.37105243,9364
16--5780,2016/05/26,7:26 AM,BLACKBURN BYPASS WB btwn NAVAN RD & INNES RD E (__3ZA3J9),__3ZA3J9,01 - Non intersection,02 - Non-fatal injury,03 - Rear end,01 - Clear,01 - Daylight,01 - Dry,10 - No control,,2,0,0,0,01 - Minimal,1,1,,,,379713.5757,5033448.407,45.43695425,-75.54248345,9365
16--5781,2016/05/26,7:54 AM,BASELINE RD @ WOODROFFE AVE (0002225),2225,02 - Intersection related,03 - P.D. only,03 - Rear end,01 - Clear,01 - Daylight,01 - Dry,01 - Traffic signal,01 - Functioning,2,0,0,0,,0,,,,,362549.0138,5023770.73,45.3515043,-75.76298609,9366
16--5782,2016/05/26,7:58 AM,SMYTH RD btwn ROGER GUINDON AVE & BOTSFORD ST (__3ZA3BW),__3ZA3BW,04 - At/near private drive,03 - P.D. only,02 - Angle,01 - Clear,01 - Daylight,01 - Dry,10 - No control,,2,0,0,0,,0,,,,,372007.5856,5029234.54,45.39982293,-75.64154144,9367
16--5783,2016/05/26,8:00 AM,PRINCE OF WALES DR @ WATERBEND LANE (0005204),5204,02 - Intersection related,03 - P.D. only,05 - Turning movement,01 - Clear,01 - Daylight,01 - Dry,02 - Stop sign,01 - Functioning,2,0,0,0,,0,,,,,367402.3825,5021573.816,45.33132043,-75.70132944,9368
16--5784,2016/05/26,8:07 AM,MAIN ST btwn TURN LANE & CENTENNIAL BLVD (__3ZBOEC),__3ZBOEC,01 - Non intersection,03 - P.D. only,04 - Sideswipe,01 - Clear,01 - Daylight,01 - Dry,10 - No control,,2,0,0,0,,0,,,,,369449.694,5029487.603,45.40234077,-75.67417735,9369
16--5785,2016/05/26,8:08 AM,AMBERWOOD CRES @ MERIVALE RD (0000101),101,02 - Intersection related,03 - P.D. only,03 - Rear end,01 - Clear,01 - Daylight,01 - Dry,01 - Traffic signal,01 - Functioning,2,0,0,0,,0,,,,,366409.0291,5020016.257,45.31739363,-75.71419505,9370
16--5786,2016/05/26,8:09 AM,HUNTER'S RUN DR @ JEANNE D'ARC BLVD (0012419),12419,03 - At intersection,03 - P.D. only,02 - Angle,01 - Clear,01 - Daylight,01 - Dry,01 - Traffic signal,01 - Functioning,2,0,0,0,,0,,,,,380568.4236,5036173.896,45.46138398,-75.5311389,9371
16--5787,2016/05/26,8:10 AM,FALLOWFIELD RD @ MOODIE DR (0010412),10412,02 - Intersection related,03 - P.D. only,03 - Rear end,01 - Clear,01 - Daylight,01 - Dry,01 - Traffic signal,01 - Functioning,2,0,0,0,,0,,,,,359500.9795,5014637.54,45.26956762,-75.80289143,9372
16--5788,2016/05/26,8:11 AM,BAYCREST DR btwn HERON RD & CEDARWOOD DR (__3ZA861),__3ZA861,01 - Non intersection,02 - Non-fatal injury,03 - Rear end,01 - Clear,01 - Daylight,01 - Dry,10 - No control,,2,0,0,0,02 - Minor,1,,1,,,371174.2182,5026881.756,45.37873297,-75.65250151,9373
16--5789,2016/05/26,8:14 AM,ST. JOSEPH BLVD @ JEANNE D'ARC BLVD (0012421),12421,03 - At intersection,03 - P.D. only,02 - Angle,01 - Clear,01 - Daylight,01 - Dry,11 - Roundabout,01 - Functioning,2,0,0,0,,0,,,,,379860.7425,5036470.455,45.46412859,-75.54014155,9374
16--579,2016/01/13,8:30 AM,FIFTH AVE @ QUEEN ELIZABETH DRWY (0006908),6908,03 - At intersection,03 - P.D. only,04 - Sideswipe,01 - Clear,01 - Daylight,03 - Loose snow,01 - Traffic signal,01 - Functioning,2,0,0,0,,0,,,,,368836.0203,5029657.519,45.40392603,-75.68199342,9375
16--5790,2016/05/26,8:17 AM,ST. JOSEPH BLVD @ JEANNE D'ARC BLVD (0012421),12421,03 - At intersection,03 - P.D. only,03 - Rear end,01 - Clear,01 - Daylight,01 - Dry,11 - Roundabout,01 - Functioning,2,0,0,0,,0,,,,,379859.992,5036471.206,45.46413542,-75.54015103,9376
16--5791,2016/05/26,8:51 AM,GREENBANK RD @ BERRIGAN DR/WESSEX RD (0004726),4726,03 - At intersection,03 - P.D. only,05 - Turning movement,01 - Clear,01 - Daylight,01 - Dry,01 - Traffic signal,01 - Functioning,2,0,0,0,,0,,,,,363724.8181,5015276.879,45.27497919,-75.74899149,9377
16--5792,2016/05/26,8:51 PM,DAVID MANCHESTER RD btwn Continuation of DAVID MANCHESTER RD & HAZELDE (__7JQ7I6),__7JQ7I6,01 - Non intersection,03 - P.D. only,07 - SMV other,02 - Rain,07 - Dark,02 - Wet,10 - No control,,1,0,0,0,,0,,,,,345889.7834,5012529.182,45.25152268,-75.97651823,9378
16--5793,2016/05/26,9:00 AM,OTTAWA RIVER PKWY WB btwn TUNNEY'S PASTURE/REMIC RAPIDS ENT & PARKDALE (__3ZA24KA),__3ZA24KA,01 - Non intersection,02 - Non-fatal injury,03 - Rear end,01 - Clear,01 - Daylight,01 - Dry,10 - No control,,3,0,0,0,02 - Minor,6,4,2,,,364169.8078,5030136.673,45.40864867,-75.74153723,9379
16--5794,2016/05/26,9:00 PM,CUMBERLAND ST @ RIDEAU ST (0007759),7759,02 - Intersection related,02 - Non-fatal injury,03 - Rear end,01 - Clear,05 - Dusk,01 - Dry,01 - Traffic signal,01 - Functioning,2,0,0,0,01 - Minimal,1,1,,,,368373.3746,5032330.883,45.42802222,-75.68755786,9380
16--5795,2016/05/26,9:11 AM,KENT ST @ LAURIER AVE (0002222),2222,03 - At intersection,02 - Non-fatal injury,03 - Rear end,01 - Clear,01 - Daylight,01 - Dry,01 - Traffic signal,01 - Functioning,2,0,0,0,01 - Minimal,1,1,,,,367316.699,5031164.818,45.41762559,-75.7012084,9381
16--5796,2016/05/26,9:15 PM,KING EDWARD AVE @ STEWART ST (0007754),7754,03 - At intersection,03 - P.D. only,02 - Angle,02 - Rain,07 - Dark,02 - Wet,01 - Traffic signal,01 - Functioning,2,0,0,0,,0,,,,,368634.9399,5032206.256,45.42687705,-75.68423166,9382
16--5797,2016/05/26,9:22 PM,NICHOLAS ST NB btwn NICHOLAS ST NB OFF RAMP TO NICHOLAS ST SB & LAURIE (__3ZAZP5),__3ZAZP5,04 - At/near private drive,03 - P.D. only,02 - Angle,02 - Rain,07 - Dark,02 - Wet,10 - No control,,2,0,0,0,,0,,,,,368363.635,5031879.935,45.42396564,-75.68774051,9383
16--5798,2016/05/26,9:32 AM,EAGLESON RD @ MICHAEL COWPLAND DR/STONEHAVEN D (0003544),3544,02 - Intersection related,02 - Non-fatal injury,03 - Rear end,01 - Clear,01 - Daylight,01 - Dry,01 - Traffic signal,01 - Functioning,2,0,0,0,01 - Minimal,1,1,,,,354382.2354,5016624.225,45.2878238,-75.86792199,9384
16--5799,2016/05/26,9:35 PM,CALDWELL AVE @ MERIVALE RD (0011432),11432,03 - At intersection,02 - Non-fatal injury,03 - Rear end,01 - Clear,07 - Dark,02 - Wet,01 - Traffic signal,01 - Functioning,3,0,0,0,01 - Minimal,3,3,,,,364907.1785,5026230.193,45.37343601,-75.73259385,9385
16--58,2016/01/03,12:02 AM,WELLINGTON ST    W btwn SHERBROOKE AVE & PINHEY ST (__3ZA3ZC),__3ZA3ZC,01 - Non intersection,03 - P.D. only,06 - SMV unattended vehicle,01 - Clear,07 - Dark,02 - Wet,10 - No control,,1,0,0,0,,0,,,,,365448.3936,5029541.155,45.40318071,-75.72527774,9386
16--580,2016/01/13,8:31 PM,CARLING AVE @ KIRKWOOD AVE S (0002209),2209,03 - At intersection,03 - P.D. only,03 - Rear end,01 - Clear,07 - Dark,04 - Slush,01 - Traffic signal,01 - Functioning,2,0,0,0,,0,,,,,364350.5162,5027337.983,45.38345125,-75.73956669,9387
16--5800,2016/05/26,9:38 AM,BROADVIEW AVE @ DOVERCOURT AVE (0006749),6749,02 - Intersection related,03 - P.D. only,01 - Approaching,01 - Clear,01 - Daylight,01 - Dry,02 - Stop sign,01 - Functioning,2,0,0,0,,0,,,,,362984.9155,5027115.41,45.38156332,-75.75702953,9388
16--5801,2016/05/26,9:38 PM,BREWER RD @ BRONSON AVE (0002240),2240,03 - At intersection,03 - P.D. only,05 - Turning movement,02 - Rain,07 - Dark,02 - Wet,01 - Traffic signal,01 - Functioning,2,0,0,0,,0,,,,,368108.3707,5027766.21,45.38697478,-75.69153031,9389
16--5802,2016/05/26,9:49 PM,CLARENCE ST @ DALHOUSIE ST (0008415),8415,03 - At intersection,02 - Non-fatal injury,07 - SMV other,01 - Clear,07 - Dark,01 - Dry,01 - Traffic signal,01 - Functioning,1,0,0,1,01 - Minimal,1,1,,,,368042.2,5032503.43,45.42960476,-75.69176756,9390
16--5803,2016/05/27,10:08 PM,GLAMORGAN DR btwn UXBRIDGE CRES & HEATHCLIFFE CRT (__3ZACHK),__3ZACHK,01 - Non intersection,02 - Non-fatal injury,06 - SMV unattended vehicle,01 - Clear,07 - Dark,01 - Dry,10 - No control,,1,1,0,0,02 - Minor,1,,1,,,353553.0984,5016391.289,45.28578579,-75.87851415,9391
16--5804,2016/05/27,10:14 PM,MONTREAL RD btwn PALACE ST & VANIER PKWY (__3ZA3LL),__3ZA3LL,01 - Non intersection,03 - P.D. only,03 - Rear end,01 - Clear,07 - Dark,01 - Dry,10 - No control,,2,0,0,0,,0,,,,,370011.154,5033030.192,45.43416354,-75.66653729,9392
16--5805,2016/05/27,10:26 PM,PRESLAND RD btwn RENOUF AVE & WHITTON CRES (__3ZA9O6),__3ZA9O6,01 - Non intersection,03 - P.D. only,06 - SMV unattended vehicle,01 - Clear,07 - Dark,01 - Dry,10 - No control,,1,0,0,0,,0,,,,,370724.7612,5031786.042,45.4229023,-75.65758422,9393