Anom_ID,Accident_Date,Accident_Time,Location,Geo_ID,Accident_Location,Classification_of_Accident,Initial_Impact_Type,Environment_Condition,Light,Road_Surface_Condition,Traffic_Control,Traffic_Control_Condition,No__of_Vehicles,No__of_Bicycles,No__of_Motorcycles,No__of_Pedestrians,Max_Injury,No__of_Injuries,No__of_Minimal,No__of_Minor,No__of_Major,No__of_Fatal,X,Y,Latitude,Longitude,ObjectId
16--5806,2016/05/27,10:53 AM,FOX CRES @ WOODROFFE AVE (0002751),2751,02 - Intersection related,03 - P.D. only,03 - Rear end,01 - Clear,01 - Daylight,01 - Dry,02 - Stop sign,01 - Functioning,2,0,0,0,,0,,,,,361805.4558,5025626.753,45.3682655,-75.7722608,9394
16--5807,2016/05/27,10:57 AM,ST. PATRICK ST EB btwn MURRAY ST & BEAUSOLEIL DR (__3ZA4SX),__3ZA4SX,01 - Non intersection,03 - P.D. only,04 - Sideswipe,01 - Clear,01 - Daylight,01 - Dry,10 - No control,,2,0,0,0,,0,,,,,368415.8757,5033050.955,45.4344973,-75.68692174,9395
16--5808,2016/05/27,11:20 AM,LAURIER AVE   W btwn BAY ST & LYON ST N (__3ZA338),__3ZA338,04 - At/near private drive,02 - Non-fatal injury,05 - Turning movement,01 - Clear,01 - Daylight,01 - Dry,10 - No control,,2,1,0,0,01 - Minimal,1,1,,,,367141.9887,5031063.503,45.41672958,-75.70345332,9396
16--5809,2016/05/27,11:35 PM,HIGHWAY 7 btwn HAZELDEAN IC RAMP 53 & HIGHWAY 7 (__7JQ7LK),__7JQ7LK,01 - Non intersection,03 - P.D. only,07 - SMV other,01 - Clear,07 - Dark,01 - Dry,10 - No control,,1,0,0,0,,0,,,,,342367.2757,5008438.578,45.21491007,-76.02170202,9397
16--581,2016/01/13,8:43 AM,CLEMENTINE BLVD btwn RICHARD AVE & SECORD AVE (__3ZA9OG),__3ZA9OG,01 - Non intersection,03 - P.D. only,03 - Rear end,01 - Clear,01 - Daylight,04 - Slush,10 - No control,,2,0,0,0,,0,,,,,369529.6497,5026923.404,45.37926157,-75.67349248,9398
16--5810,2016/05/27,11:40 AM,WEST HUNT CLUB RD @ ROYDON PL/SUNDERLAND ST (0009775),9775,02 - Intersection related,03 - P.D. only,04 - Sideswipe,01 - Clear,01 - Daylight,01 - Dry,01 - Traffic signal,01 - Functioning,2,0,0,0,,0,,,,,365973.0665,5022171.25,45.3368221,-75.71948884,9399
16--5811,2016/05/27,Unknown,SHELDRAKE DR btwn MORTON DR & BINSCARTH CRES (__3ZACMS),__3ZACMS,01 - Non intersection,03 - P.D. only,06 - SMV unattended vehicle,01 - Clear,00 - Unknown,01 - Dry,10 - No control,,1,0,0,0,,0,,,,,353193.0257,5016899.061,45.29037973,-75.88305442,9400
16--5812,2016/05/27,12:06 PM,AIRPORT PKWY @ HUNT CLUB RD (0010856),10856,02 - Intersection related,03 - P.D. only,03 - Rear end,01 - Clear,01 - Daylight,01 - Dry,01 - Traffic signal,01 - Functioning,2,0,0,0,,0,,,,,371018.7535,5023702.773,45.35014424,-75.65491235,9401
16--5813,2016/05/27,12:25 PM,WAVELL AVE btwn CROSSFIELD AVE & KEENAN AVE (__3ZA0O9),__3ZA0O9,04 - At/near private drive,03 - P.D. only,06 - SMV unattended vehicle,01 - Clear,01 - Daylight,01 - Dry,10 - No control,,1,0,0,0,,0,,,,,362301.9559,5027081.989,45.381319,-75.7657535,9402
16--5814,2016/05/27,12:30 PM,BESSERER ST btwn CUMBERLAND ST & KING EDWARD AVE (__3ZA8Z6),__3ZA8Z6,01 - Non intersection,03 - P.D. only,06 - SMV unattended vehicle,01 - Clear,01 - Daylight,01 - Dry,10 - No control,,1,0,0,0,,0,,,,,368485.0232,5032301.444,45.42774718,-75.68613499,9403
16--5815,2016/05/27,12:30 PM,O'CONNOR ST btwn ISABELLA ST & PRETORIA AVE (__3ZA4AM),__3ZA4AM,01 - Non intersection,03 - P.D. only,06 - SMV unattended vehicle,01 - Clear,01 - Daylight,01 - Dry,10 - No control,,1,0,0,0,,0,,,,,368331.9757,5030247.461,45.40928006,-75.6883555,9404
16--5816,2016/05/27,12:40 PM,RIVERSIDE DR NB btwn HINCKS LANE & SAN REMO PRIV (__3ZA4SC),__3ZA4SC,01 - Non intersection,03 - P.D. only,03 - Rear end,01 - Clear,01 - Daylight,01 - Dry,10 - No control,,2,0,0,0,,0,,,,,370181.372,5030254.044,45.40916897,-75.6647304,9405
16--5817,2016/05/27,12:57 PM,ST. LAURENT BLVD btwn COVENTRY RD & LEMIEUX ST (__3ZA2C9),__3ZA2C9,01 - Non intersection,03 - P.D. only,03 - Rear end,01 - Clear,01 - Daylight,01 - Dry,10 - No control,,2,0,0,0,,0,,,,,372389.0902,5031750.029,45.42241944,-75.63632403,9406
16--5818,2016/05/27,2:00 PM,CUMBERLAND ST btwn DALY AVE & STEWART ST (__3ZA8LI),__3ZA8LI,01 - Non intersection,03 - P.D. only,06 - SMV unattended vehicle,01 - Clear,01 - Daylight,01 - Dry,10 - No control,,1,0,0,0,,0,,,,,368458.4435,5032183.333,45.42668688,-75.6864899,9407
16--5819,2016/05/27,2:07 PM,CATHERINE ST @ KENT ST (0002707),2707,02 - Intersection related,03 - P.D. only,04 - Sideswipe,01 - Clear,01 - Daylight,01 - Dry,01 - Traffic signal,01 - Functioning,2,0,0,0,,0,,,,,367907.482,5030188.79,45.40879056,-75.69378554,9408
16--582,2016/01/13,8:46 AM,VANIER PKWY SB btwn PRESLAND RD & COVENTRY RD (__3ZA4S5B),__3ZA4S5B,01 - Non intersection,03 - P.D. only,04 - Sideswipe,01 - Clear,01 - Daylight,05 - Packed snow,10 - No control,,2,0,0,0,,0,,,,,370439.6032,5031745.48,45.42256415,-75.66123311,9409
16--5820,2016/05/27,2:50 PM,ALTA VISTA DR @ RIDGEMONT AVE (0007000),7000,02 - Intersection related,02 - Non-fatal injury,03 - Rear end,01 - Clear,01 - Daylight,01 - Dry,01 - Traffic signal,01 - Functioning,2,0,0,0,02 - Minor,1,,1,,,370518.5988,5026672.848,45.37691509,-75.66089967,9410
16--5821,2016/05/27,2:59 PM,BROMLEY RD @ CARLING AVE (0006261),6261,03 - At intersection,03 - P.D. only,04 - Sideswipe,01 - Clear,01 - Daylight,01 - Dry,02 - Stop sign,01 - Functioning,2,0,0,0,,0,,,,,362559.0286,5026245.304,45.37376946,-75.76256906,9411
16--5822,2016/05/27,3:00 AM,RIDEAU VALLEY DR btwn PRINCE OF WALES DR & BARNSDALE RD (__3ZA4J6),__3ZA4J6,01 - Non intersection,03 - P.D. only,07 - SMV other,01 - Clear,07 - Dark,01 - Dry,10 - No control,,1,0,0,0,,0,,,,,366789.9807,5012137.876,45.24647103,-75.71032068,9412
16--5823,2016/05/27,3:00 PM,TENTH LINE RD @ CHARLEMAGNE BLVD S/DES EPINETT (0003686),3686,02 - Intersection related,03 - P.D. only,03 - Rear end,01 - Clear,01 - Daylight,01 - Dry,01 - Traffic signal,01 - Functioning,2,0,0,0,,0,,,,,383640.9751,5036900.456,45.46758093,-75.49173924,9413
16--5824,2016/05/27,3:29 PM,KING EDWARD AVE NB btwn BRUYERE ST & ST. ANDREW ST (__3ZA3LJ),__3ZA3LJ,01 - Non intersection,03 - P.D. only,99 - Other,01 - Clear,01 - Daylight,01 - Dry,10 - No control,,2,0,0,0,,0,,,,,368151.3848,5033023.228,45.43427184,-75.69030544,9414
16--5825,2016/05/27,3:37 PM,GUIGUES AVE btwn SUSSEX DR & PARENT AVE (__3ZA7AW),__3ZA7AW,01 - Non intersection,03 - P.D. only,03 - Rear end,01 - Clear,01 - Daylight,01 - Dry,10 - No control,,2,0,0,0,,0,,,,,367668.5383,5032561.741,45.43016311,-75.69653502,9415
16--5826,2016/05/27,3:52 PM,RICHMOND RD @ SEYTON DR (0000599),599,02 - Intersection related,03 - P.D. only,03 - Rear end,01 - Clear,01 - Daylight,01 - Dry,01 - Traffic signal,01 - Functioning,2,0,0,0,,0,,,,,357399.3243,5019313.347,45.31180156,-75.82917721,9416
16--5827,2016/05/27,4:16 PM,BLAIR RD btwn OR174 IC112 RAMP15 & MEADOWBROOK RD (__3ZA2E1),__3ZA2E1,04 - At/near private drive,03 - P.D. only,02 - Angle,02 - Rain,01 - Daylight,02 - Wet,10 - No control,,2,0,0,0,,0,,,,,375141.0799,5032377.097,45.42779016,-75.60107291,9417
16--5828,2016/05/27,4:20 PM,BLACKBURN BYPASS @ INNES RD E (0009245),9245,03 - At intersection,03 - P.D. only,07 - SMV other,01 - Clear,01 - Daylight,02 - Wet,01 - Traffic signal,01 - Functioning,1,0,0,0,,0,,,,,379790.4163,5033780.846,45.43993706,-75.54145079,9418
16--5829,2016/05/27,4:25 PM,HIGHWAY 417 btwn HWY417 IC119B RAMP57 & HWY417 IC119A RAMP75 (__3ZA1QN),__3ZA1QN,01 - Non intersection,03 - P.D. only,03 - Rear end,01 - Clear,01 - Daylight,02 - Wet,10 - No control,,2,0,0,0,,0,,,,,368589.7795,5030516.985,45.4116817,-75.68502742,9419
16--547,2016/01/13,3:15 PM,BEECHWOOD AVE @ SPRINGFIELD RD (0011442),11442,02 - Intersection related,03 - P.D. only,03 - Rear end,01 - Clear,01 - Daylight,01 - Dry,01 - Traffic signal,01 - Functioning,2,0,0,0,,0,,,,,369236.0428,5033653.369,45.43984249,-75.67636136,9420
16--583,2016/01/13,9:21 AM,HIGHWAY 417 btwn HWY417 IC121A RAMP16 & HWY417 IC121A RAMP61 (__3ZA2YY),__3ZA2YY,01 - Non intersection,03 - P.D. only,03 - Rear end,01 - Clear,01 - Daylight,03 - Loose snow,10 - No control,,2,0,0,0,,0,,,,,367274.7838,5029767.022,45.40505238,-75.70192107,9421
16--565,2016/01/13,5:39 PM,CARLING AVE @ IRVING PL/MAPLE DR (0006872),6872,02 - Intersection related,03 - P.D. only,03 - Rear end,01 - Clear,00 - Unknown,02 - Wet,01 - Traffic signal,01 - Functioning,2,0,0,0,,0,,,,,366185.6063,5028526.456,45.39398644,-75.71598775,9422
16--556,2016/01/13,4:45 PM,WALL RD btwn MONIQUE AVE & TENTH LINE RD (__3ZA6PV),__3ZA6PV,04 - At/near private drive,03 - P.D. only,06 - SMV unattended vehicle,01 - Clear,05 - Dusk,02 - Wet,10 - No control,,1,0,0,0,,0,,,,,384176.1726,5032757.947,45.43024974,-75.48556431,9423
16--6117,2016/06/03,6:01 PM,JOCKVALE RD btwn CEDARVIEW RD & JENNIFER LANE (__3ZAB7J),__3ZAB7J,01 - Non intersection,03 - P.D. only,03 - Rear end,01 - Clear,01 - Daylight,01 - Dry,10 - No control,,3,0,0,0,,0,,,,,361490.6793,5015259.422,45.27500579,-75.77746571,9424
16--6118,2016/06/03,6:09 PM,DONALD ST @ ST. LAURENT BLVD (0008630),8630,02 - Intersection related,02 - Non-fatal injury,03 - Rear end,01 - Clear,01 - Daylight,01 - Dry,01 - Traffic signal,01 - Functioning,2,0,0,0,02 - Minor,1,,1,,,372094.3893,5032471.908,45.42894299,-75.63999076,9425
16--6119,2016/06/03,6:33 PM,400 E OF TRAINYARDS DR @ INDUSTRIAL AVE (0014364),14364,03 - At intersection,03 - P.D. only,05 - Turning movement,01 - Clear,01 - Daylight,01 - Dry,01 - Traffic signal,01 - Functioning,2,0,0,0,,0,,,,,372091.6332,5030434.623,45.41061269,-75.64030422,9426
16--612,2016/01/14,3:16 PM,PRINCE OF WALES DR btwn TURN LANE & RIDEAU SHORE CRT (__3ZA2Y3),__3ZA2Y3,01 - Non intersection,03 - P.D. only,03 - Rear end,01 - Clear,01 - Daylight,02 - Wet,10 - No control,,2,0,0,0,,0,,,,,367219.1984,5023658.908,45.35009802,-75.70340318,9427
16--6120,2016/06/03,6:45 PM,HIGHWAY 417 btwn HWY417 IC134 RAMP35 & HWY417 IC134 RAMP25 (__3ZA29D),__3ZA29D,01 - Non intersection,02 - Non-fatal injury,04 - Sideswipe,01 - Clear,01 - Daylight,01 - Dry,10 - No control,,2,0,0,0,01 - Minimal,1,1,,,,356409.7512,5022238.699,45.33819764,-75.84149193,9428
16--6121,2016/06/03,6:59 PM,CYRVILLE RD @ OGILVIE RD (0003554),3554,02 - Intersection related,03 - P.D. only,03 - Rear end,01 - Clear,01 - Daylight,01 - Dry,01 - Traffic signal,01 - Functioning,2,0,0,0,,0,,,,,372452.5472,5032006.351,45.42471958,-75.63547805,9429
16--6122,2016/06/03,7:03 AM,BANK ST @ KILBORN AVE/BELANGER AVE (0007208),7208,02 - Intersection related,03 - P.D. only,03 - Rear end,01 - Clear,01 - Daylight,01 - Dry,01 - Traffic signal,01 - Functioning,2,0,0,0,,0,,,,,369653.0435,5027426.871,45.3837802,-75.67185094,9430
16--5830,2016/05/27,4:25 PM,HIGHWAY 417 btwn HWY417 IC115 RAMP36 & HWY417 IC115 RAMP26 (__3ZA2R4),__3ZA2R4,01 - Non intersection,03 - P.D. only,03 - Rear end,01 - Clear,01 - Daylight,02 - Wet,10 - No control,,2,0,0,0,,0,,,,,372499.9736,5031525.343,45.4203871,-75.63493816,9431
16--6123,2016/06/03,7:20 PM,ARLINGTON AVE btwn KENT ST & BANK ST (__3ZA977),__3ZA977,04 - At/near private drive,03 - P.D. only,02 - Angle,01 - Clear,01 - Daylight,01 - Dry,10 - No control,,2,0,0,0,,0,,,,,367982.5984,5030331.191,45.41006507,-75.69280775,9432
16--5560,2016/05/20,2:29 PM,HOLLAND AVE @ KENILWORTH ST (0006299),6299,02 - Intersection related,03 - P.D. only,99 - Other,01 - Clear,01 - Daylight,01 - Dry,01 - Traffic signal,01 - Functioning,2,0,0,0,,0,,,,,365214.0387,5028496.771,45.39380384,-75.72839903,9433
16--6124,2016/06/03,7:33 PM,PRINCE OF WALES DR @ MEADOWLANDS DR/HOG'S BACK (0001629),1629,03 - At intersection,03 - P.D. only,05 - Turning movement,01 - Clear,01 - Daylight,01 - Dry,01 - Traffic signal,01 - Functioning,2,0,0,0,,0,,,,,367370.5984,5025694.297,45.36839851,-75.70121353,9434
16--5470,2016/05/17,6:40 PM,ORLEANS BLVD @ ST. JOSEPH BLVD (0004144),4144,03 - At intersection,03 - P.D. only,05 - Turning movement,01 - Clear,01 - Daylight,01 - Dry,01 - Traffic signal,01 - Functioning,2,0,0,0,,0,,,,,380633.1154,5036979.442,45.46862462,-75.53018752,9435
16--5831,2016/05/27,4:40 PM,AVIATION PKWY @ OGILVIE RD (0004114),4114,02 - Intersection related,03 - P.D. only,03 - Rear end,01 - Clear,01 - Daylight,01 - Dry,01 - Traffic signal,01 - Functioning,2,0,0,0,,0,,,,,373110.9397,5032376.36,45.42798475,-75.6270142,9436
16--5832,2016/05/27,4:41 PM,MARGUERITE AVE @ MCARTHUR AVE (0009201),9201,03 - At intersection,02 - Non-fatal injury,02 - Angle,01 - Clear,01 - Daylight,02 - Wet,01 - Traffic signal,01 - Functioning,2,0,1,0,03 - Major,1,,,1,,370029.6117,5032669.925,45.43092028,-75.66634914,9437
16--6125,2016/06/03,7:56 PM,MAITLAND AVE btwn CAMEO DR & CLYDE AVE (__3ZA4I2),__3ZA4I2,01 - Non intersection,03 - P.D. only,03 - Rear end,01 - Clear,01 - Daylight,01 - Dry,10 - No control,,2,0,0,0,,0,,,,,364168.5162,5025148.622,45.36376716,-75.74215371,9438
16--5833,2016/05/27,4:42 PM,BREWER RD @ BRONSON AVE (0002240),2240,02 - Intersection related,03 - P.D. only,03 - Rear end,02 - Rain,01 - Daylight,02 - Wet,01 - Traffic signal,01 - Functioning,2,0,0,0,,0,,,,,368109.7057,5027766.216,45.38697471,-75.69151326,9439
16--5650,2016/05/23,4:59 AM,CARP RD btwn HAZELDEAN RD & NEIL AVE (__3ZA3EJ),__3ZA3EJ,01 - Non intersection,02 - Non-fatal injury,07 - SMV other,01 - Clear,03 - Dawn,01 - Dry,10 - No control,,1,0,0,0,02 - Minor,1,,1,,,348844.3946,5014328.606,45.26753587,-75.93871887,9440
16--5834,2016/05/27,4:50 PM,SHORE ST @ ST. LAURENT BLVD (0002168),2168,03 - At intersection,02 - Non-fatal injury,02 - Angle,01 - Clear,01 - Daylight,01 - Dry,02 - Stop sign,01 - Functioning,2,0,0,0,01 - Minimal,1,1,,,,372802.6891,5030719.442,45.41310663,-75.63118176,9441
16--6126,2016/06/03,8:00 PM,RICHMOND RD btwn BAYSHORE DR & MAGWOOD AVE/HWY417 IC130 RAMP62 (__3ZAZVW),__3ZAZVW,01 - Non intersection,03 - P.D. only,04 - Sideswipe,01 - Clear,01 - Daylight,01 - Dry,10 - No control,,2,0,0,0,,0,,,,,359385.5071,5023386.553,45.34830084,-75.80339923,9442
16--5561,2016/05/20,2:47 AM,ELGIN ST @ LAURIER AVE (0002232),2232,03 - At intersection,02 - Non-fatal injury,02 - Angle,01 - Clear,07 - Dark,01 - Dry,01 - Traffic signal,01 - Functioning,2,1,0,0,03 - Major,1,,,1,,367949.4604,5031550.702,45.42104082,-75.69307479,9443
16--601,2016/01/14,12:10 PM,ST. PATRICK ST/ST. ANDREW ST @ BEAUSOLEIL DR (0007780),7780,02 - Intersection related,03 - P.D. only,03 - Rear end,03 - Snow,01 - Daylight,03 - Loose snow,01 - Traffic signal,01 - Functioning,2,0,0,0,,0,,,,,368428.2232,5033070.351,45.4346707,-75.68676144,9444
16--5651,2016/05/23,6:34 PM,TERRY FOX DR @ FERNBANK RD (0011863),11863,02 - Intersection related,02 - Non-fatal injury,07 - SMV other,01 - Clear,01 - Daylight,01 - Dry,01 - Traffic signal,01 - Functioning,1,0,0,1,02 - Minor,1,,1,,,354301.3845,5015130.099,45.274385,-75.86910165,9445
16--6010,2016/06/01,10:38 AM,VERCHERE ST btwn WESTPORT CRES & END (__3ZA6ET),__3ZA6ET,04 - At/near private drive,03 - P.D. only,99 - Other,01 - Clear,01 - Daylight,01 - Dry,10 - No control,,2,0,0,0,,0,,,,,381517.4057,5036487.967,45.46410617,-75.51895691,9446
16--5835,2016/05/27,4:55 PM,PRESTWICK DR btwn DU GRAND BOIS AVE & INNES RD (__3ZA6QU),__3ZA6QU,01 - Non intersection,02 - Non-fatal injury,07 - SMV other,01 - Clear,01 - Daylight,01 - Dry,10 - No control,,1,0,0,0,01 - Minimal,1,1,,,,383521.9049,5036036.365,45.45982005,-75.49340011,9447
16--6127,2016/06/03,8:21 PM,BANK ST btwn COOPER ST & SOMERSET ST W (__3ZA3RT),__3ZA3RT,01 - Non intersection,03 - P.D. only,04 - Sideswipe,01 - Clear,01 - Daylight,01 - Dry,10 - No control,,2,0,0,0,,0,,,,,367668.409,5030959.225,45.41574421,-75.69674118,9448
16--5471,2016/05/17,7:00 PM,EAGLESON RD btwn EAGLESON BUSINESS CENTRE & MICHAEL COWPLAND DR/STONEH (__3ZA41JB),__3ZA41JB,01 - Non intersection,03 - P.D. only,03 - Rear end,01 - Clear,01 - Daylight,01 - Dry,10 - No control,,2,0,0,0,,0,,,,,354379.6332,5016628.889,45.28786595,-75.8679547,9449
16--5562,2016/05/20,3:00 PM,BANK ST @ SECOND AVE (0007231),7231,02 - Intersection related,03 - P.D. only,04 - Sideswipe,01 - Clear,01 - Daylight,01 - Dry,02 - Stop sign,01 - Functioning,2,0,0,0,,0,,,,,368304.8035,5029629.011,45.40371791,-75.68878226,9450
16--6011,2016/06/01,12:25 PM,ST. JOSEPH BLVD btwn NOTRE DAME ST W & MARENGER ST (__3ZA2BR),__3ZA2BR,01 - Non intersection,02 - Non-fatal injury,04 - Sideswipe,01 - Clear,01 - Daylight,01 - Dry,10 - No control,,2,0,0,0,02 - Minor,1,,1,,,379681.9609,5036356.077,45.46311869,-75.54244487,9451
16--5836,2016/05/27,5:01 PM,INNES RD @ TENTH LINE RD (0004633),4633,02 - Intersection related,02 - Non-fatal injury,03 - Rear end,01 - Clear,01 - Daylight,01 - Dry,01 - Traffic signal,01 - Functioning,3,0,0,0,01 - Minimal,1,1,,,,383951.1017,5036159.78,45.46088193,-75.48789306,9452
16--5837,2016/05/27,5:52 PM,HAWTHORNE AVE @ MAIN ST (0006919),6919,02 - Intersection related,03 - P.D. only,03 - Rear end,02 - Rain,01 - Daylight,02 - Wet,01 - Traffic signal,00 - Unknown,2,0,0,0,,0,,,,,368973.1941,5030633.809,45.41269779,-75.68011424,9453
16--5838,2016/05/27,6:20 PM,GREENBANK RD btwn 220 N OF STRANDHERD DR & STRANDHERD DR (__3ZA4JFB),__3ZA4JFB,01 - Non intersection,03 - P.D. only,04 - Sideswipe,01 - Clear,01 - Daylight,01 - Dry,10 - No control,,2,0,0,0,,0,,,,,363924.8902,5014804.485,45.27071179,-75.74649801,9454
16--5839,2016/05/27,6:30 PM,ALTA VISTA DR btwn SMYTH RD & VALOUR DR (__4O00NK),__4O00NK,04 - At/near private drive,03 - P.D. only,03 - Rear end,01 - Clear,01 - Daylight,01 - Dry,10 - No control,,2,0,0,0,,0,,,,,370408.5896,5029201.738,45.39967946,-75.66196794,9455
16--584,2016/01/13,9:44 PM,BANTREE ST @ INNES RD (0007684),7684,03 - At intersection,03 - P.D. only,05 - Turning movement,01 - Clear,07 - Dark,01 - Dry,01 - Traffic signal,01 - Functioning,2,0,0,0,,0,,,,,373707.2241,5030407.681,45.41021307,-75.61967015,9456
16--5840,2016/05/27,7:15 PM,MIRAMICHI ST @ WOODROFFE AVE (0002702),2702,02 - Intersection related,03 - P.D. only,03 - Rear end,01 - Clear,01 - Daylight,01 - Dry,02 - Stop sign,01 - Functioning,3,0,0,0,,0,,,,,362332.3635,5024318.282,45.35644894,-75.76568711,9457
16--5841,2016/05/27,7:30 AM,HIGHWAY 417 btwn HWY417 IC155 RAMP25 & RAMP (__3ZAZN1),__3ZAZN1,01 - Non intersection,03 - P.D. only,04 - Sideswipe,02 - Rain,01 - Daylight,02 - Wet,10 - No control,,2,0,0,0,,0,,,,,342130.0589,5017581.17,45.29719239,-76.02403532,9458
16--5842,2016/05/27,7:35 AM,HIGHWAY 417 btwn HWY417 IC104 RAMP15 & HWY417 IC96 RAMP51 (__3ZA2W4),__3ZA2W4,01 - Non intersection,03 - P.D. only,07 - SMV other,01 - Clear,01 - Daylight,01 - Dry,10 - No control,,1,0,0,0,,0,,,,,381425.777,5025608.368,45.36622972,-75.52182003,9459
16--5843,2016/05/27,7:37 AM,HERON RD @ FINN CRT (0012186),12186,02 - Intersection related,03 - P.D. only,03 - Rear end,01 - Clear,01 - Daylight,01 - Dry,01 - Traffic signal,01 - Functioning,2,0,0,0,,0,,,,,370831.1784,5026945.252,45.37933669,-75.65687264,9460
16--5844,2016/05/27,7:40 AM,COLONEL BY DR btwn CLEGG ST & ECHO DR S (__3ZBPHH),__3ZBPHH,01 - Non intersection,02 - Non-fatal injury,03 - Rear end,01 - Clear,01 - Daylight,01 - Dry,10 - No control,,2,0,0,0,01 - Minimal,1,1,,,,368572.5778,5028773.926,45.39599979,-75.68547259,9461
16--5845,2016/05/27,7:45 AM,BELCOURT BLVD @ NOTRE DAME ST (0004356),4356,02 - Intersection related,03 - P.D. only,03 - Rear end,01 - Clear,01 - Daylight,01 - Dry,02 - Stop sign,01 - Functioning,2,0,0,0,,0,,,,,381316.4224,5037214.906,45.47066861,-75.52141348,9462
16--5846,2016/05/27,7:46 PM,FERNBANK RD btwn DWYER HILL RD & MUNSTER RD (__3ZAC55),__3ZAC55,04 - At/near private drive,03 - P.D. only,02 - Angle,01 - Clear,01 - Daylight,01 - Dry,10 - No control,,2,0,0,0,,0,,,,,344395.6862,5006352.408,45.1960265,-75.99604353,9463
16--5847,2016/05/27,8:10 AM,HIGHWAY 417 btwn HWY417 IC119A RAMP67 & HWY417 IC118 RAMP76 (__3ZA2YS),__3ZA2YS,01 - Non intersection,03 - P.D. only,03 - Rear end,01 - Clear,01 - Daylight,01 - Dry,10 - No control,,2,0,0,0,,0,,,,,368943.6334,5030713.555,45.41341802,-75.6804815,9464
16--5848,2016/05/27,9:00 PM,HUNT CLUB RD btwn TURN LANE & TURN LANE (2) (__5AEEAQ),__5AEEAQ,01 - Non intersection,03 - P.D. only,04 - Sideswipe,01 - Clear,07 - Dark,01 - Dry,10 - No control,,2,0,0,0,,0,,,,,371715.5233,5024259.427,45.35508669,-75.64594579,9465
16--5849,2016/05/27,9:15 AM,HIGHWAY 417 btwn HWY417 IC122 RAMP61 & HWY417 IC121B RAMP16 (__3ZA2Y4),__3ZA2Y4,01 - Non intersection,03 - P.D. only,99 - Other,01 - Clear,01 - Daylight,01 - Dry,10 - No control,,2,0,0,0,,0,,,,,365818.2532,5029211.204,45.40017975,-75.72059442,9466
16--5652,2016/05/23,6:58 PM,JEANNE D'ARC BLVD  S btwn JEANNE D'ARC BLVD N & OR174 IC105 RAMP35 (__3ZA1PW),__3ZA1PW,01 - Non intersection,03 - P.D. only,03 - Rear end,01 - Clear,01 - Daylight,01 - Dry,10 - No control,,2,0,0,0,,0,,,,,379411.5355,5036993.717,45.46888462,-75.54580567,9467
16--585,2016/01/13,9:55 AM,BENSINGER WAY @ GRENADINE ST (0015661),15661,03 - At intersection,03 - P.D. only,02 - Angle,03 - Snow,01 - Daylight,05 - Packed snow,02 - Stop sign,01 - Functioning,2,0,0,0,,0,,,,,349726.8994,5016345.793,45.28563138,-75.92729064,9468
16--5850,2016/05/27,9:15 AM,HIGHWAY 417 btwn HWY417 IC122 RAMP61 & HWY417 IC121B RAMP16 (__3ZA2Y4),__3ZA2Y4,01 - Non intersection,02 - Non-fatal injury,99 - Other,01 - Clear,01 - Daylight,01 - Dry,10 - No control,,2,0,0,0,02 - Minor,1,,1,,,365805.3236,5029205.651,45.40013091,-75.72076025,9469
16--5851,2016/05/27,9:50 AM,TERRY FOX DR @ PALLADIUM DR/KATIMAVIK RD (0011858),11858,02 - Intersection related,03 - P.D. only,03 - Rear end,01 - Clear,01 - Daylight,01 - Dry,01 - Traffic signal,01 - Functioning,2,0,0,0,,0,,,,,351269.4925,5018181.099,45.30204568,-75.90745539,9470
16--5852,2016/05/28,1:29 PM,GREENBANK RD @ JOCKVALE RD (0010360),10360,02 - Intersection related,02 - Non-fatal injury,03 - Rear end,01 - Clear,01 - Daylight,01 - Dry,01 - Traffic signal,01 - Functioning,2,0,0,0,01 - Minimal,1,1,,,,364121.4623,5014331.09,45.26643562,-75.74404961,9471
16--5853,2016/05/28,10:08 PM,BOOTH ST @ ORANGEVILLE ST (0006511),6511,03 - At intersection,02 - Non-fatal injury,02 - Angle,01 - Clear,07 - Dark,01 - Dry,02 - Stop sign,01 - Functioning,2,1,0,0,03 - Major,1,,,1,,366891.9541,5029572.186,45.40333337,-75.70683556,9472
16--5854,2016/05/28,10:26 PM,FALAISE RD btwn FISHER AVE & ORTONA AVE (__3ZAALJ),__3ZAALJ,01 - Non intersection,03 - P.D. only,06 - SMV unattended vehicle,01 - Clear,07 - Dark,01 - Dry,10 - No control,,1,0,0,0,,0,,,,,366886.4185,5024607.744,45.358665,-75.70753057,9473
16--5855,2016/05/28,11:25 AM,JOSHUA ST @ RENAUD RD (0013257),13257,02 - Intersection related,03 - P.D. only,02 - Angle,01 - Clear,01 - Daylight,01 - Dry,02 - Stop sign,01 - Functioning,2,0,0,0,,0,,,,,381156.3734,5032327.872,45.42671646,-75.52421859,9474
16--5856,2016/05/28,12:01 AM,HIGHWAY 417 btwn HWY417 IC119A RAMP67 & HWY417 IC118 RAMP76 (__3ZA2YS),__3ZA2YS,01 - Non intersection,03 - P.D. only,03 - Rear end,01 - Clear,"08 - Dark, artificial",01 - Dry,10 - No control,,3,0,0,0,,0,,,,,368757.4753,5030621.628,45.41260794,-75.68287159,9475
16--5857,2016/05/28,12:40 PM,VANIER PKWY SB btwn MONTREAL RD & MCARTHUR AVE (__3ZA4SR),__3ZA4SR,01 - Non intersection,03 - P.D. only,04 - Sideswipe,01 - Clear,01 - Daylight,01 - Dry,10 - No control,,2,0,0,0,,0,,,,,370195.4807,5032755.749,45.431677,-75.66421812,9476