Anom_ID,Accident_Date,Accident_Time,Location,Geo_ID,Accident_Location,Classification_of_Accident,Initial_Impact_Type,Environment_Condition,Light,Road_Surface_Condition,Traffic_Control,Traffic_Control_Condition,No__of_Vehicles,No__of_Bicycles,No__of_Motorcycles,No__of_Pedestrians,Max_Injury,No__of_Injuries,No__of_Minimal,No__of_Minor,No__of_Major,No__of_Fatal,X,Y,Latitude,Longitude,ObjectId
16--5858,2016/05/28,12:44 PM,BELLMAN DR btwn GLENCOE ST & GREENBANK RD (__3ZABRI),__3ZABRI,04 - At/near private drive,03 - P.D. only,02 - Angle,01 - Clear,01 - Daylight,01 - Dry,10 - No control,,2,0,0,0,,0,,,,,361147.6105,5020985.904,45.32656049,-75.78118701,9477
16--5859,2016/05/28,12:50 PM,BANK ST @ CONROY RD (0012398),12398,02 - Intersection related,03 - P.D. only,03 - Rear end,01 - Clear,01 - Daylight,01 - Dry,01 - Traffic signal,01 - Functioning,2,0,0,0,,0,,,,,375044.0256,5022239.058,45.33658273,-75.60375557,9478
16--586,2016/01/14,1:29 PM,INNES RD @ STONEHENGE CRES W (0009354),9354,02 - Intersection related,03 - P.D. only,03 - Rear end,01 - Clear,01 - Daylight,06 - Ice,01 - Traffic signal,01 - Functioning,2,0,0,0,,0,,,,,375198.9907,5031216.939,45.41734587,-75.60049871,9479
16--5860,2016/05/28,2:00 PM,MEADOWLANDS DR btwn MERIVALE RD & GRANT CARMAN DR (__3ZA4HY),__3ZA4HY,01 - Non intersection,03 - P.D. only,03 - Rear end,01 - Clear,01 - Daylight,01 - Dry,10 - No control,,2,0,0,0,,0,,,,,365030.0389,5023869.881,45.35218775,-75.73131307,9480
16--5861,2016/05/28,2:02 PM,CROYDON AVE @ RICHMOND RD (0002652),2652,03 - At intersection,02 - Non-fatal injury,05 - Turning movement,01 - Clear,01 - Daylight,01 - Dry,01 - Traffic signal,01 - Functioning,2,1,0,0,02 - Minor,1,,1,,,360544.9918,5025274.8,45.36520003,-75.7883905,9481
16--5862,2016/05/28,2:13 PM,PARENT AVE btwn MURRAY ST & CLARENCE ST (__3ZA82Q),__3ZA82Q,01 - Non intersection,03 - P.D. only,04 - Sideswipe,01 - Clear,01 - Daylight,01 - Dry,10 - No control,,2,0,0,0,,0,,,,,367863.8411,5032484.96,45.42945468,-75.69404911,9482
16--5863,2016/05/28,2:13 PM,DALHOUSIE ST btwn GEORGE ST & RIDEAU ST (__3ZA8ZX),__3ZA8ZX,01 - Non intersection,03 - P.D. only,06 - SMV unattended vehicle,01 - Clear,01 - Daylight,01 - Dry,10 - No control,,1,0,0,0,,0,,,,,368194.3078,5032250.355,45.42731391,-75.6898564,9483
16--5864,2016/05/28,2:23 PM,CASTLESTONE WAY @ WILLOW CREEK CIRC (0010922),10922,03 - At intersection,03 - P.D. only,02 - Angle,01 - Clear,01 - Daylight,01 - Dry,02 - Stop sign,01 - Functioning,2,0,0,0,,0,,,,,366688.0615,5014176.112,45.26481998,-75.71136506,9484
16--5865,2016/05/28,2:30 PM,MCCALLUM DR btwn NICOLET WAY & NICOLET WAY (__3ZA5VJ),__3ZA5VJ,01 - Non intersection,03 - P.D. only,06 - SMV unattended vehicle,01 - Clear,01 - Daylight,01 - Dry,10 - No control,,1,0,0,0,,0,,,,,385084.5466,5037463.182,45.47247936,-75.47318909,9485
16--5866,2016/05/28,2:38 PM,BANK ST @ WILTON CRES (0007712),7712,03 - At intersection,03 - P.D. only,02 - Angle,01 - Clear,01 - Daylight,01 - Dry,02 - Stop sign,01 - Functioning,2,0,0,0,,0,,,,,368577.7102,5028966.776,45.39773452,-75.68538211,9486
16--5867,2016/05/28,2:40 PM,DONALD ST @ VANIER PKWY (0007644),7644,03 - At intersection,03 - P.D. only,05 - Turning movement,01 - Clear,01 - Daylight,01 - Dry,01 - Traffic signal,01 - Functioning,2,0,0,0,,0,,,,,370311.0367,5032270.36,45.42729886,-75.66280599,9487
16--5868,2016/05/28,2:52 PM,DALHOUSIE ST btwn GEORGE ST & RIDEAU ST (__3ZA8ZX),__3ZA8ZX,01 - Non intersection,03 - P.D. only,04 - Sideswipe,01 - Clear,01 - Daylight,01 - Dry,10 - No control,,2,0,0,0,,0,,,,,368196.5625,5032246.747,45.42728125,-75.68982805,9488
16--5869,2016/05/28,3:40 PM,BANK ST btwn RANDALL AVE & 73 N OF EVANS BLVD (__3ZA3BJA),__3ZA3BJA,04 - At/near private drive,03 - P.D. only,02 - Angle,01 - Clear,01 - Daylight,01 - Dry,10 - No control,,2,0,0,0,,0,,,,,369744.9112,5027271.946,45.38237772,-75.67069833,9489
16--587,2016/01/14,1:36 PM,MCARTHUR AVE @ NORTH RIVER RD (0009202),9202,02 - Intersection related,03 - P.D. only,03 - Rear end,01 - Clear,01 - Daylight,02 - Wet,01 - Traffic signal,01 - Functioning,2,0,0,0,,0,,,,,369819.6095,5032647.24,45.43073573,-75.66903573,9490
16--5870,2016/05/28,3:52 AM,BELL ST btwn WEST RIDGE DR & ELM CRES (__3EWFDX),__3EWFDX,01 - Non intersection,03 - P.D. only,06 - SMV unattended vehicle,01 - Clear,07 - Dark,01 - Dry,10 - No control,,1,0,0,0,,0,,,,,350043.2456,5012336.632,45.24953527,-75.92362342,9491
16--5871,2016/05/28,3:55 PM,MARKETPLACE AVE @ RIOCAN AVE (0010995),10995,03 - At intersection,03 - P.D. only,02 - Angle,01 - Clear,01 - Daylight,01 - Dry,02 - Stop sign,01 - Functioning,2,0,0,0,,0,,,,,364287.1024,5014760.919,45.27028924,-75.74188751,9492
16--5872,2016/05/28,4:55 PM,VANIER PKWY/CRICHTON ST @ BEECHWOOD AVE/ST. PA (0001604),1604,02 - Intersection related,03 - P.D. only,03 - Rear end,01 - Clear,01 - Daylight,01 - Dry,01 - Traffic signal,01 - Functioning,2,0,0,0,,0,,,,,369127.8234,5033486.928,45.43835489,-75.67776626,9493
16--5873,2016/05/28,5:45 AM,DESCHAMPS AVE @ VANIER PKWY (0009243),9243,02 - Intersection related,03 - P.D. only,07 - SMV other,01 - Clear,03 - Dawn,01 - Dry,01 - Traffic signal,01 - Functioning,1,0,0,0,,0,,,,,369850.5852,5033266.915,45.43630843,-75.66855802,9494
16--5874,2016/05/28,6:13 PM,DWYER HILL RD @ ROGER STEVENS DR (0003690),3690,03 - At intersection,02 - Non-fatal injury,02 - Angle,01 - Clear,01 - Daylight,01 - Dry,02 - Stop sign,01 - Functioning,2,0,0,0,02 - Minor,5,,5,,,354337.2184,4989350.595,45.0424074,-75.87120167,9495
16--5875,2016/05/28,6:28 PM,PRINCE OF WALES DR @ WEST HUNT CLUB RD (0000567),567,02 - Intersection related,03 - P.D. only,03 - Rear end,01 - Clear,01 - Daylight,01 - Dry,01 - Traffic signal,01 - Functioning,2,0,0,0,,0,,,,,367458.0339,5021892.18,45.33418004,-75.70057921,9496
16--5876,2016/05/28,7:16 PM,KIRKWOOD AVE @ SWITZER AVE (0006225),6225,03 - At intersection,03 - P.D. only,03 - Rear end,02 - Rain,01 - Daylight,02 - Wet,01 - Traffic signal,01 - Functioning,2,0,0,0,,0,,,,,364234.8274,5027587.759,45.38570851,-75.74101377,9497
16--5877,2016/05/28,7:31 PM,REGIONAL ROAD 174 btwn OR174 IC112 RAMP61 & TRANSIT (__3ZA2W0),__3ZA2W0,01 - Non intersection,03 - P.D. only,07 - SMV other,01 - Clear,01 - Daylight,01 - Dry,10 - No control,,1,0,0,0,,0,,,,,375181.5495,5033136.575,45.43461944,-75.60044723,9498
16--5878,2016/05/28,7:58 PM,HUNT CLUB RD btwn BANK ST & TURN LANE (1) (__3ZA3HK),__3ZA3HK,01 - Non intersection,03 - P.D. only,04 - Sideswipe,01 - Clear,01 - Daylight,01 - Dry,10 - No control,,2,0,0,0,,0,,,,,371639.2943,5024155.149,45.3541557,-75.6469327,9499
16--5879,2016/05/28,8:16 PM,ABBOTT ST @ CARBERY DR (0000324),324,03 - At intersection,03 - P.D. only,03 - Rear end,01 - Clear,05 - Dusk,01 - Dry,02 - Stop sign,01 - Functioning,2,0,0,0,,0,,,,,350672.5707,5013713.519,45.26188424,-75.91547945,9500
16--588,2016/01/14,1:47 PM,RIVERSIDE DR btwn KIMBERWICK CRES & MALHOTRA CRT (__3ZA1KW),__3ZA1KW,04 - At/near private drive,02 - Non-fatal injury,02 - Angle,01 - Clear,01 - Daylight,01 - Dry,10 - No control,,2,0,0,0,02 - Minor,2,,2,,,368198.4896,5022904.266,45.34322007,-75.69100339,9501
16--5880,2016/05/28,8:38 AM,KING EDWARD AVE @ ST. PATRICK ST (0002714),2714,03 - At intersection,03 - P.D. only,02 - Angle,01 - Clear,01 - Daylight,01 - Dry,01 - Traffic signal,01 - Functioning,2,0,0,0,,0,,,,,368248.9208,5032823.808,45.43246869,-75.68908466,9502
16--5881,2016/05/28,9:25 PM,HUNTLEY RD @ FALLOWFIELD RD (0000089),89,03 - At intersection,03 - P.D. only,02 - Angle,01 - Clear,07 - Dark,01 - Dry,02 - Stop sign,01 - Functioning,2,0,0,0,,0,,,,,352403.5897,5009614.699,45.22488667,-75.89381594,9503
16--5882,2016/05/28,9:30 AM,GLEBE AVE btwn BRONSON AVE & PERCY ST (__3ZA4AR),__3ZA4AR,01 - Non intersection,03 - P.D. only,06 - SMV unattended vehicle,01 - Clear,01 - Daylight,01 - Dry,10 - No control,,1,0,0,0,,0,,,,,367482.7847,5029324.709,45.40105398,-75.69932046,9504
16--5883,2016/05/28,9:40 PM,HIGHWAY 417 btwn HWY417 IC110 RAMP66 & HWY417 IC110 RAMP56 (__3ZA2XR),__3ZA2XR,01 - Non intersection,03 - P.D. only,07 - SMV other,01 - Clear,07 - Dark,01 - Dry,10 - No control,,1,0,0,0,,0,,,,,375842.7998,5029089.82,45.39814215,-75.59258019,9505
16--5884,2016/05/29,1:11 AM,RICHMOND RD btwn CROYDON AVE & ASSALY RD (__3ZA2XS),__3ZA2XS,04 - At/near private drive,02 - Non-fatal injury,05 - Turning movement,01 - Clear,07 - Dark,01 - Dry,10 - No control,,2,0,1,0,03 - Major,1,,,1,,360558.5391,5025294.842,45.36537929,-75.78821531,9506
16--5885,2016/05/29,1:44 PM,BRONSON AVE @ IMPERIAL AVE/PLYMOUTH ST (0010859),10859,03 - At intersection,03 - P.D. only,05 - Turning movement,01 - Clear,01 - Daylight,01 - Dry,10 - No control,,2,0,0,0,,0,,,,,367319.1243,5029643.608,45.40393798,-75.70137035,9507
16--5886,2016/05/29,10:00 PM,YORK ST EB btwn BY WARD MARKET SQ & SUSSEX DR (__3ZA8ZZ),__3ZA8ZZ,01 - Non intersection,03 - P.D. only,04 - Sideswipe,01 - Clear,07 - Dark,01 - Dry,10 - No control,,2,0,0,0,,0,,,,,367873.2543,5032279.088,45.42760147,-75.69395519,9508
16--5887,2016/05/29,10:05 AM,TERMINAL AVE btwn RAILMARKET PRIV & TRAINYARDS DR (__58HP5W),__58HP5W,04 - At/near private drive,03 - P.D. only,03 - Rear end,01 - Clear,01 - Daylight,01 - Dry,10 - No control,,2,0,0,0,,0,,,,,371799.0113,5030838.537,45.414275,-75.64398734,9509
16--5888,2016/05/29,10:30 AM,8TH LINE RD @ VICTORIA ST (0001616),1616,02 - Intersection related,03 - P.D. only,03 - Rear end,01 - Clear,01 - Daylight,01 - Dry,02 - Stop sign,01 - Functioning,2,0,0,0,,0,,,,,385451.9695,5011164.176,45.23581931,-75.47278075,9510
16--5889,2016/05/29,Unknown,ST. CHARLES ST btwn GENEST ST & ALICE ST (__3ZA8WQ),__3ZA8WQ,01 - Non intersection,03 - P.D. only,06 - SMV unattended vehicle,01 - Clear,00 - Unknown,01 - Dry,10 - No control,,1,0,0,0,,0,,,,,369605.0154,5033599.834,45.4393267,-75.6716526,9511
16--589,2016/01/14,1:50 PM,RIVERSIDE DR NB btwn INDUSTRIAL AVE & TREMBLAY RD (__3ZA4SE),__3ZA4SE,01 - Non intersection,02 - Non-fatal injury,03 - Rear end,01 - Clear,01 - Daylight,04 - Slush,10 - No control,,2,0,0,0,01 - Minimal,1,1,,,,370695.9567,5030625.76,45.41246526,-75.65810742,9512
16--5890,2016/05/29,Unknown,STEEPLE CHASE DR btwn PINE HILL DR & BON ECHO CRES (__4YTZDZ),__4YTZDZ,01 - Non intersection,03 - P.D. only,06 - SMV unattended vehicle,01 - Clear,00 - Unknown,01 - Dry,10 - No control,,1,0,0,0,,0,,,,,355561.549,5017701.314,45.29743146,-75.85277874,9513
16--5891,2016/05/29,12:18 PM,CYRVILLE RD btwn MAXIME ST & INNES RD (__3ZA3RD),__3ZA3RD,04 - At/near private drive,03 - P.D. only,02 - Angle,01 - Clear,01 - Daylight,01 - Dry,10 - No control,,2,0,0,0,,0,,,,,374846.8752,5031166.653,45.41692876,-75.60500436,9514
16--5892,2016/05/29,12:30 PM,VANIER PKWY SB btwn COVENTRY RD & HWY417 IC117 RAMP36 (__3ZA4S4),__3ZA4S4,01 - Non intersection,03 - P.D. only,03 - Rear end,01 - Clear,01 - Daylight,01 - Dry,10 - No control,,2,0,0,0,,0,,,,,370699.3838,5031561.737,45.42088648,-75.65793847,9515
16--5893,2016/05/29,12:45 PM,HIGHWAY 417 btwn REGIONAL ROAD 174 & HWY417 IC113 RAMP62 (__3ZA280),__3ZA280,01 - Non intersection,03 - P.D. only,07 - SMV other,01 - Clear,01 - Daylight,01 - Dry,10 - No control,,1,0,0,0,,0,,,,,373281.2386,5031729.619,45.42214904,-75.62492803,9516
16--5894,2016/05/29,2:05 PM,AVIATION PKWY @ OGILVIE RD (0004114),4114,02 - Intersection related,03 - P.D. only,03 - Rear end,01 - Clear,01 - Daylight,01 - Dry,01 - Traffic signal,01 - Functioning,2,0,0,0,,0,,,,,373109.5868,5032376.36,45.42798488,-75.62703149,9517
16--5895,2016/05/29,2:47 PM,SADDLE CRES btwn ESSON ST & TO BE DETERMINED (__3ZA46L),__3ZA46L,01 - Non intersection,02 - Non-fatal injury,07 - SMV other,01 - Clear,01 - Daylight,01 - Dry,10 - No control,,1,0,0,0,02 - Minor,1,,1,,,374669.3784,5025996.486,45.37042788,-75.60800414,9518
16--5896,2016/05/29,2:55 PM,CARLING AVE @ CARLINGWOOD SC (0008881),8881,03 - At intersection,03 - P.D. only,05 - Turning movement,01 - Clear,01 - Daylight,01 - Dry,01 - Traffic signal,01 - Functioning,2,0,0,0,,0,,,,,362072.7926,5025919.687,45.3708795,-75.76881426,9519
16--5897,2016/05/29,3:21 PM,GREENBANK RD btwn CANFIELD RD & BELLMAN DR (__3ZA4YT),__3ZA4YT,04 - At/near private drive,03 - P.D. only,05 - Turning movement,01 - Clear,01 - Daylight,01 - Dry,10 - No control,,2,0,0,0,,0,,,,,361240.9453,5021043.696,45.327073,-75.77998987,9520
16--5898,2016/05/29,3:21 PM,MACKENZIE AVE btwn 205 N OF RIDEAU ST & RIDEAU ST (__3ZA8H8A),__3ZA8H8A,01 - Non intersection,03 - P.D. only,03 - Rear end,01 - Clear,01 - Daylight,01 - Dry,10 - No control,,2,0,0,0,,0,,,,,367763.9421,5032176.822,45.42669116,-75.69536508,9521
16--5899,2016/05/29,3:30 PM,RANGE RD btwn TEMPLETON ST & MANN AVE (__3ZA2KI),__3ZA2KI,01 - Non intersection,03 - P.D. only,06 - SMV unattended vehicle,01 - Clear,01 - Daylight,01 - Dry,10 - No control,,1,0,0,0,,0,,,,,369722.608,5031885.374,45.42388977,-75.67037573,9522
16--59,2016/01/03,12:22 AM,BANK ST @ CATHERINE ST (0002708),2708,03 - At intersection,03 - P.D. only,02 - Angle,01 - Clear,07 - Dark,02 - Wet,01 - Traffic signal,01 - Functioning,2,0,0,0,,0,,,,,368038.2045,5030267.197,45.40948425,-75.69210563,9523
16--590,2016/01/14,10:10 AM,O'CONNOR ST @ SOMERSET ST (0002690),2690,02 - Intersection related,03 - P.D. only,04 - Sideswipe,03 - Snow,01 - Daylight,03 - Loose snow,01 - Traffic signal,01 - Functioning,2,0,0,0,,0,,,,,367855.4906,5031013.233,45.41621333,-75.6943442,9524
16--5900,2016/05/29,3:59 AM,ST. LAURENT BLVD btwn COVENTRY RD & LEMIEUX ST (__3ZA2C9),__3ZA2C9,01 - Non intersection,02 - Non-fatal injury,07 - SMV other,01 - Clear,07 - Dark,01 - Dry,10 - No control,,1,0,0,0,02 - Minor,1,,1,,,372317.3369,5031924.624,45.4239973,-75.63721688,9525
16--5901,2016/05/29,4:13 PM,MITCH OWENS RD @ STAGECOACH RD (0003576),3576,02 - Intersection related,02 - Non-fatal injury,03 - Rear end,01 - Clear,01 - Daylight,02 - Wet,01 - Traffic signal,01 - Functioning,2,0,1,0,02 - Minor,1,,1,,,375399.9802,5014484.233,45.26677191,-75.60031883,9526
16--5902,2016/05/29,5:32 PM,BRONSON AVE @ FOURTH AVE (0007224),7224,03 - At intersection,02 - Non-fatal injury,01 - Approaching,01 - Clear,01 - Daylight,01 - Dry,02 - Stop sign,01 - Functioning,3,0,0,0,01 - Minimal,1,1,,,,367583.939,5029009.335,45.39820728,-75.69806864,9527
16--5903,2016/05/29,6:37 AM,VISENEAU DR btwn BARRINGTON ST & BROMONT WAY (__3ZA7X8),__3ZA7X8,04 - At/near private drive,02 - Non-fatal injury,03 - Rear end,01 - Clear,01 - Daylight,01 - Dry,10 - No control,,2,0,0,0,03 - Major,1,,,1,,381688.751,5035482.376,45.45503986,-75.51692336,9528
16--5904,2016/05/29,6:48 PM,BANK ST @ LEITRIM RD (0004125),4125,03 - At intersection,03 - P.D. only,05 - Turning movement,01 - Clear,01 - Daylight,01 - Dry,01 - Traffic signal,01 - Functioning,2,0,0,0,,0,,,,,375357.0956,5021620.156,45.3309827,-75.59984983,9529
16--5905,2016/05/29,7:30 AM,HIGHWAY 417 btwn HWY417 IC127 RAMP25 & HWY417 IC126 RAMP51 (__3ZA2XA),__3ZA2XA,01 - Non intersection,03 - P.D. only,04 - Sideswipe,01 - Clear,01 - Daylight,01 - Dry,10 - No control,,2,0,0,0,,0,,,,,363188.7398,5025861.745,45.37026605,-75.75457532,9530
16--5906,2016/05/29,7:45 AM,HIGHWAY 417 btwn HWY417 IC121A RAMP16 & HWY417 IC121A RAMP61 (__3ZA2YY),__3ZA2YY,01 - Non intersection,03 - P.D. only,07 - SMV other,01 - Clear,01 - Daylight,01 - Dry,10 - No control,,1,0,0,0,,0,,,,,367281.1794,5029765.215,45.40503555,-75.70183961,9531
16--5907,2016/05/29,8:20 PM,GREENBANK RD @ MALVERN DR/FOXFIELD DR (0009821),9821,02 - Intersection related,03 - P.D. only,99 - Other,01 - Clear,05 - Dusk,01 - Dry,01 - Traffic signal,01 - Functioning,2,0,0,0,,0,,,,,363311.5044,5016194.555,45.28327098,-75.75415063,9532
16--5908,2016/05/30,1:00 PM,LANDRY ST btwn ST. AMBROISE ST & BARIBEAU ST (__3ZA8VG),__3ZA8VG,04 - At/near private drive,03 - P.D. only,02 - Angle,01 - Clear,01 - Daylight,01 - Dry,10 - No control,,2,0,0,0,,0,,,,,369932.6576,5033547.912,45.43882908,-75.66747194,9533
16--5909,2016/05/30,1:27 PM,MONTREAL RD @ VANIER PKWY (0004630),4630,03 - At intersection,03 - P.D. only,02 - Angle,01 - Clear,01 - Daylight,01 - Dry,01 - Traffic signal,01 - Functioning,2,0,0,0,,0,,,,,370071.6121,5033064.933,45.43447048,-75.66576005,9534
16--591,2016/01/14,10:18 AM,HIGHWAY 417 btwn HWY417 IC112 RAMP66 & HWY417 IC112 RAMP56 (__3ZA283),__3ZA283,01 - Non intersection,03 - P.D. only,07 - SMV other,03 - Snow,01 - Daylight,06 - Ice,10 - No control,,1,0,0,0,,0,,,,,374449.6486,5030869.164,45.41429177,-75.61012118,9535
16--5910,2016/05/30,1:50 PM,PRINCE OF WALES DR @ MEADOWLANDS DR/HOG'S BACK (0001629),1629,02 - Intersection related,03 - P.D. only,03 - Rear end,01 - Clear,01 - Daylight,01 - Dry,01 - Traffic signal,01 - Functioning,2,0,0,0,,0,,,,,367371.1884,5025693.711,45.36839319,-75.70120607,9536
16--5911,2016/05/30,1:52 PM,HUNT CLUB RD @ LORRY GREENBERG DR/SABLE RIDGE  (0008203),8203,02 - Intersection related,03 - P.D. only,03 - Rear end,01 - Clear,01 - Daylight,01 - Dry,01 - Traffic signal,01 - Functioning,2,0,0,0,,0,,,,,372822.8656,5024807.361,45.35991025,-75.63173881,9537
16--5912,2016/05/30,11:23 AM,BANK ST @ HERON RD (0002155),2155,02 - Intersection related,03 - P.D. only,03 - Rear end,01 - Clear,01 - Daylight,01 - Dry,01 - Traffic signal,01 - Functioning,2,0,0,0,,0,,,,,369995.0436,5026852.67,45.37858198,-75.66756001,9538
16--5913,2016/05/30,11:23 AM,HIGHWAY 417 btwn HWY417 IC134 RAMP36 & HWY417 IC134 RAMP26 (__3ZA29C),__3ZA29C,01 - Non intersection,02 - Non-fatal injury,04 - Sideswipe,01 - Clear,01 - Daylight,01 - Dry,10 - No control,,2,0,0,0,01 - Minimal,1,1,,,,356433.3505,5022303.401,45.3387781,-75.84118408,9539
16--5914,2016/05/30,11:40 PM,HIGHWAY 416 btwn HWY416 IC66 RAMP34 & HWY416 IC72 RAMP53 (__3ZAZM6),__3ZAZM6,01 - Non intersection,03 - P.D. only,07 - SMV other,01 - Clear,"08 - Dark, artificial",01 - Dry,10 - No control,,1,0,0,0,,0,,,,,359832.0448,5017261.864,45.29315574,-75.79838165,9540
16--5915,2016/05/30,12:01 AM,HWY417 IC127 RAMP51 btwn HIGHWAY 417 & HWY417 IC127 RAMP53 (__3ZAYBM),__3ZAYBM,01 - Non intersection,03 - P.D. only,07 - SMV other,01 - Clear,07 - Dark,01 - Dry,10 - No control,,1,0,0,0,,0,,,,,362061.9166,5024658.688,45.35953402,-75.76909924,9541
16--5916,2016/05/30,12:45 PM,MERIVALE RD @ WEST HUNT CLUB RD (0000584),584,02 - Intersection related,02 - Non-fatal injury,03 - Rear end,01 - Clear,01 - Daylight,01 - Dry,01 - Traffic signal,01 - Functioning,2,0,0,0,02 - Minor,1,,1,,,365613.377,5021942.044,45.334791,-75.72410589,9542
16--5917,2016/05/30,2:09 PM,HUNT CLUB RD @ RIVERSIDE DR (0002237),2237,02 - Intersection related,03 - P.D. only,03 - Rear end,01 - Clear,01 - Daylight,01 - Dry,01 - Traffic signal,01 - Functioning,2,0,1,0,,0,,,,,368036.0444,5021945.279,45.33460596,-75.69319863,9543
16--5918,2016/05/30,2:11 PM,BRONSON AVE RAMP 34 btwn BRONSON AVE & BRONSON AVE RAMPS 35 & 36 (__3ZAYCJ),__3ZAYCJ,01 - Non intersection,02 - Non-fatal injury,07 - SMV other,01 - Clear,01 - Daylight,01 - Dry,10 - No control,,1,0,0,1,01 - Minimal,1,1,,,,368624.1134,5026801.058,45.37824381,-75.68506955,9544
16--5919,2016/05/30,2:44 PM,BESSERER ST @ WALLER ST (0008859),8859,03 - At intersection,02 - Non-fatal injury,07 - SMV other,01 - Clear,01 - Daylight,01 - Dry,01 - Traffic signal,01 - Functioning,1,0,0,1,01 - Minimal,1,1,,,,368316.1588,5032191.301,45.42677151,-75.68830698,9545
16--6128,2016/06/03,8:30 AM,HIGHWAY 417 btwn REGIONAL ROAD 174 & HWY417 IC113 RAMP62 (__3ZA280),__3ZA280,01 - Non intersection,03 - P.D. only,04 - Sideswipe,01 - Clear,01 - Daylight,01 - Dry,10 - No control,,2,0,0,0,,0,,,,,373290.2507,5031731.109,45.42216156,-75.62481267,9546
16--5563,2016/05/20,3:14 PM,TERRY FOX DR btwn INNOVATION DR & MARCH RD (__3ZACVM),__3ZACVM,01 - Non intersection,02 - Non-fatal injury,03 - Rear end,01 - Clear,01 - Daylight,01 - Dry,10 - No control,,2,0,0,0,01 - Minimal,2,2,,,,349718.5055,5023265.016,45.34789298,-75.92677022,9547
16--5472,2016/05/17,7:01 AM,INNES RD @ TENTH LINE RD (0004633),4633,02 - Intersection related,03 - P.D. only,03 - Rear end,01 - Clear,01 - Daylight,01 - Dry,01 - Traffic signal,01 - Functioning,2,0,0,0,,0,,,,,383951.9858,5036160.237,45.46088594,-75.48788168,9548
16--6012,2016/06/01,2:00 PM,MERIVALE RD btwn WITHROW AVE & ROSSLAND AVE (__3ZA4H5),__3ZA4H5,01 - Non intersection,03 - P.D. only,04 - Sideswipe,01 - Clear,01 - Daylight,01 - Dry,10 - No control,,2,0,0,0,,0,,,,,364668.2855,5024163.239,45.35485832,-75.73589402,9549
16--6129,2016/06/03,8:37 AM,MARCH RD btwn PETER ROBINSON RD & CORKERY RD (__3ZA2RJ),__3ZA2RJ,01 - Non intersection,03 - P.D. only,07 - SMV other,01 - Clear,01 - Daylight,01 - Dry,10 - No control,,1,0,0,0,,0,,,,,335485.4894,5015721.79,45.28078227,-76.10886754,9550
16--5564,2016/05/20,3:25 PM,MONTGOMERY ST btwn MONTREAL RD & SELKIRK ST (__3ZA7B5),__3ZA7B5,04 - At/near private drive,03 - P.D. only,03 - Rear end,01 - Clear,01 - Daylight,01 - Dry,10 - No control,,2,0,0,0,,0,,,,,369896.4937,5032864.179,45.4326805,-75.66802456,9551
16--5473,2016/05/17,7:18 AM,KNUDSON DR btwn SHERK CRES & SHERK CRES (__3ZA5JW),__3ZA5JW,01 - Non intersection,02 - Non-fatal injury,03 - Rear end,01 - Clear,01 - Daylight,01 - Dry,10 - No control,,2,1,0,0,03 - Major,1,,,1,,351322.124,5020355.09,45.32160431,-75.90658019,9552
16--6013,2016/06/01,2:24 AM,SNAKE ISLAND RD btwn MCGUIRE RD & BLANCHFIELD RD (__3ZA3T4),__3ZA3T4,01 - Non intersection,03 - P.D. only,07 - SMV other,01 - Clear,07 - Dark,01 - Dry,10 - No control,,1,0,0,0,,0,,,,,376664.719,5005227.23,45.1833519,-75.58554033,9553
16--613,2016/01/14,3:25 PM,PRINCE OF WALES DR @ HARTWELL LOCKS/548 N OF R (0008223),8223,02 - Intersection related,02 - Non-fatal injury,03 - Rear end,01 - Clear,01 - Daylight,02 - Wet,01 - Traffic signal,01 - Functioning,2,0,0,0,02 - Minor,1,,1,,,367017.2707,5027301.555,45.3828917,-75.70552124,9554
16--5565,2016/05/20,3:30 PM,MONTREAL RD btwn PALACE ST & VANIER PKWY (__3ZA3LL),__3ZA3LL,04 - At/near private drive,02 - Non-fatal injury,02 - Angle,01 - Clear,01 - Daylight,01 - Dry,10 - No control,,2,0,0,0,01 - Minimal,1,1,,,,370048.809,5033052.514,45.43436087,-75.66605311,9555
16--5474,2016/05/17,7:30 AM,HIGHWAY 417 btwn HWY 417 ANDERSON IC104R61 & HWY 417 BOUNDARY IC96R16 (__3ZA2W5),__3ZA2W5,01 - Non intersection,02 - Non-fatal injury,04 - Sideswipe,01 - Clear,01 - Daylight,01 - Dry,10 - No control,,3,0,0,0,01 - Minimal,2,2,,,,381582.406,5025621.285,45.3663288,-75.51981885,9556
16--6014,2016/06/01,2:31 PM,MCARTHUR AVE btwn MAY ST & ST. LAURENT BLVD (__3ZA3XL),__3ZA3XL,04 - At/near private drive,03 - P.D. only,05 - Turning movement,01 - Clear,01 - Daylight,01 - Dry,10 - No control,,2,0,0,0,,0,,,,,371824.0865,5032868.86,45.43254053,-75.64339076,9557
16--6130,2016/06/04,1:10 PM,GREENBANK RD @ STRANDHERD DR (0005563),5563,02 - Intersection related,03 - P.D. only,03 - Rear end,01 - Clear,01 - Daylight,01 - Dry,01 - Traffic signal,01 - Functioning,2,0,0,0,,0,,,,,363933.4584,5014784.192,45.27052847,-75.74639124,9558
16--5566,2016/05/20,3:37 PM,OTHELLO AVE btwn WINGATE DR & CHAPMAN BLVD (__3ZA77P),__3ZA77P,01 - Non intersection,02 - Non-fatal injury,03 - Rear end,01 - Clear,01 - Daylight,01 - Dry,10 - No control,,2,0,0,0,01 - Minimal,1,1,,,,373272.7989,5029190.103,45.39930051,-75.62538861,9559