Anom_ID,Accident_Date,Accident_Time,Location,Geo_ID,Accident_Location,Classification_of_Accident,Initial_Impact_Type,Environment_Condition,Light,Road_Surface_Condition,Traffic_Control,Traffic_Control_Condition,No__of_Vehicles,No__of_Bicycles,No__of_Motorcycles,No__of_Pedestrians,Max_Injury,No__of_Injuries,No__of_Minimal,No__of_Minor,No__of_Major,No__of_Fatal,X,Y,Latitude,Longitude,ObjectId
16--5475,2016/05/17,7:51 AM,CARLING AVE EB btwn EDGEWORTH AVE & FOX CRES (__3ZA4V0),__3ZA4V0,01 - Non intersection,03 - P.D. only,03 - Rear end,01 - Clear,01 - Daylight,01 - Dry,10 - No control,,3,0,0,0,,0,,,,,361400.0064,5025497.524,45.36713556,-75.77745121,9560
16--6015,2016/06/01,2:40 PM,MCARTHUR AVE btwn MAYFIELD ST & VANIER PKWY (__3ZA3WT),__3ZA3WT,04 - At/near private drive,02 - Non-fatal injury,07 - SMV other,01 - Clear,01 - Daylight,01 - Dry,10 - No control,,1,0,0,1,01 - Minimal,1,1,,,,370106.1909,5032678.636,45.43099151,-75.66536938,9561
16--6016,2016/06/01,2:45 PM,PARKDALE AVE btwn TO BE DETERMINED & EMMERSON AVE (__3ZA32A),__3ZA32A,01 - Non intersection,03 - P.D. only,06 - SMV unattended vehicle,01 - Clear,01 - Daylight,01 - Dry,10 - No control,,1,0,0,0,,0,,,,,364706.5323,5030288.184,45.40996619,-75.73466265,9562
16--6017,2016/06/01,3:09 PM,ALTA VISTA DR @ SMYTH RD (0011353),11353,02 - Intersection related,03 - P.D. only,03 - Rear end,01 - Clear,01 - Daylight,01 - Dry,01 - Traffic signal,01 - Functioning,2,0,0,0,,0,,,,,370432.9414,5029081.332,45.39859381,-75.66167294,9563
16--6018,2016/06/01,3:16 PM,BASELINE RD btwn ST. HELEN'S PL & CLYDE AVE (__3ZA4IN),__3ZA4IN,01 - Non intersection,02 - Non-fatal injury,04 - Sideswipe,01 - Clear,01 - Daylight,01 - Dry,10 - No control,,2,0,0,0,01 - Minimal,1,1,,,,364272.7958,5024838.878,45.36097129,-75.74085996,9564
16--6019,2016/06/01,3:20 PM,HIGHWAY 417 btwn HWY417 IC117 RAMP26 & HWY417 IC117 RAMP61 (__3ZA2YM),__3ZA2YM,01 - Non intersection,02 - Non-fatal injury,03 - Rear end,01 - Clear,01 - Daylight,01 - Dry,10 - No control,,3,0,0,0,01 - Minimal,1,1,,,,370825.5866,5031217.115,45.41777382,-75.65637221,9565
16--602,2016/01/14,12:32 PM,THORNBURY CRES btwn REDDING WAY & REDDING WAY (__3ZBO79),__3ZBO79,04 - At/near private drive,03 - P.D. only,99 - Other,03 - Snow,01 - Daylight,04 - Slush,10 - No control,,2,0,0,0,,0,,,,,362108.1763,5023279.573,45.34712106,-75.76866867,9566
16--6020,2016/06/01,3:22 PM,MITCH OWENS RD @ STAGECOACH RD (0003576),3576,02 - Intersection related,03 - P.D. only,07 - SMV other,01 - Clear,01 - Daylight,01 - Dry,01 - Traffic signal,01 - Functioning,1,0,0,0,,0,,,,,375399.5292,5014483.782,45.2667679,-75.60032464,9567
16--6021,2016/06/01,3:26 PM,GLADSTONE AVE @ LYON ST (0002705),2705,03 - At intersection,03 - P.D. only,04 - Sideswipe,01 - Clear,01 - Daylight,01 - Dry,01 - Traffic signal,01 - Functioning,2,0,0,0,,0,,,,,367583.0371,5030361.346,45.41037235,-75.69790802,9568
16--6022,2016/06/01,3:39 PM,DATA CENTRE RD @ HERON RD (0007176),7176,03 - At intersection,02 - Non-fatal injury,02 - Angle,01 - Clear,01 - Daylight,01 - Dry,02 - Stop sign,01 - Functioning,2,0,0,0,02 - Minor,1,,1,,,368941.9505,5026732.766,45.37760032,-75.68102057,9569
16--6023,2016/06/01,3:45 PM,COVENTRY RD btwn ARCOLA PRIV & LOLA ST (__3ZA35VB),__3ZA35VB,01 - Non intersection,03 - P.D. only,04 - Sideswipe,01 - Clear,01 - Daylight,01 - Dry,10 - No control,,2,0,0,0,,0,,,,,371036.6471,5031608.177,45.42127248,-75.65362315,9570
16--6024,2016/06/01,3:48 PM,QUEEN ST btwn O'CONNOR ST & METCALFE ST (__3ZA2FP),__3ZA2FP,04 - At/near private drive,03 - P.D. only,05 - Turning movement,01 - Clear,01 - Daylight,01 - Dry,10 - No control,,2,0,0,0,,0,,,,,367523.1101,5031600.082,45.42152348,-75.69851588,9571
16--6025,2016/06/01,4:00 PM,MONTGOMERY ST @ MONTREAL RD (0009342),9342,02 - Intersection related,03 - P.D. only,04 - Sideswipe,01 - Clear,01 - Daylight,01 - Dry,01 - Traffic signal,01 - Functioning,2,0,0,0,,0,,,,,369813.4931,5032920.808,45.43319775,-75.66907777,9572
16--6026,2016/06/01,4:05 AM,STITTSVILLE MAIN ST btwn ETTA ST & EAST HEALEY AVE (__3ZA1PZ),__3ZA1PZ,01 - Non intersection,03 - P.D. only,07 - SMV other,01 - Clear,07 - Dark,01 - Dry,10 - No control,,1,0,0,0,,0,,,,,350896.6962,5011663.876,45.24342618,-75.91281383,9573
16--6027,2016/06/01,4:10 PM,WAVERLEY ST @ O'CONNOR ST (0007269),7269,03 - At intersection,03 - P.D. only,02 - Angle,01 - Clear,01 - Daylight,01 - Dry,02 - Stop sign,01 - Functioning,2,0,0,0,,0,,,,,368008.8904,5030766.235,45.41397708,-75.6924161,9574
16--6028,2016/06/01,4:38 PM,FOREST VALLEY DR btwn FORESTGLEN CRES & RIVERMILL CRES (__3ZA6DH),__3ZA6DH,01 - Non intersection,03 - P.D. only,07 - SMV other,01 - Clear,01 - Daylight,01 - Dry,10 - No control,,1,0,0,0,,0,,,,,379685.7438,5035786.441,45.45799313,-75.54248327,9575
16--6029,2016/06/01,5:18 PM,BRONSON AVE @ MACLAREN ST (0006338),6338,03 - At intersection,03 - P.D. only,02 - Angle,01 - Clear,01 - Daylight,01 - Dry,02 - Stop sign,01 - Functioning,2,0,0,0,,0,,,,,366999.4741,5030398.888,45.41076225,-75.70535793,9576
16--603,2016/01/14,12:32 PM,RIVERSIDE DR @ WALKLEY RD (0002158),2158,02 - Intersection related,03 - P.D. only,03 - Rear end,01 - Clear,01 - Daylight,02 - Wet,01 - Traffic signal,01 - Functioning,2,0,0,0,,0,,,,,368417.6262,5024853.31,45.36073727,-75.68795662,9577
16--6030,2016/06/01,5:21 PM,BRONSON AVE @ GLADSTONE AVE (0002110),2110,02 - Intersection related,03 - P.D. only,03 - Rear end,01 - Clear,01 - Daylight,01 - Dry,01 - Traffic signal,01 - Functioning,2,0,0,0,,0,,,,,367133.3316,5030081.706,45.40789643,-75.70368808,9578
16--6031,2016/06/01,5:44 PM,TENTH LINE RD @ VANGUARD DR (0004632),4632,03 - At intersection,03 - P.D. only,05 - Turning movement,01 - Clear,01 - Daylight,01 - Dry,01 - Traffic signal,01 - Functioning,2,0,0,0,,0,,,,,384073.6817,5035874.334,45.45829985,-75.4863719,9579
16--6032,2016/06/01,5:55 PM,RIVERSIDE DR RAMP 42A @ RIVERSIDE DR (0010862),10862,02 - Intersection related,02 - Non-fatal injury,03 - Rear end,01 - Clear,01 - Daylight,01 - Dry,03 - Yield sign,01 - Functioning,2,0,0,0,02 - Minor,1,,1,,,368440.3963,5027266.948,45.38245247,-75.68735503,9580
16--6033,2016/06/01,6:15 PM,SECOND AVE btwn LYON ST S & BANK ST (__3ZA92B),__3ZA92B,01 - Non intersection,03 - P.D. only,06 - SMV unattended vehicle,01 - Clear,01 - Daylight,01 - Dry,10 - No control,,1,0,0,0,,0,,,,,368288.7945,5029619.316,45.40363213,-75.68898799,9581
16--6034,2016/06/01,6:20 PM,ARLINGTON AVE @ BRONSON AVE (0006759),6759,02 - Intersection related,03 - P.D. only,03 - Rear end,01 - Clear,01 - Daylight,01 - Dry,01 - Traffic signal,01 - Functioning,2,0,0,0,,0,,,,,367222.4839,5029867.338,45.40595966,-75.70257641,9582
16--6035,2016/06/01,6:24 PM,IRIS ST @ WOODROFFE AVE (0002736),2736,02 - Intersection related,03 - P.D. only,99 - Other,01 - Clear,01 - Daylight,01 - Dry,01 - Traffic signal,01 - Functioning,2,0,0,0,,0,,,,,362282.9176,5024441.294,45.35755984,-75.76630386,9583
16--6036,2016/06/01,6:30 AM,HIGHWAY 417 btwn HWY417 IC118 RAMP67 & HWY417 IC117 RAMP36 (__3ZA2YO),__3ZA2YO,01 - Non intersection,03 - P.D. only,99 - Other,01 - Clear,01 - Daylight,01 - Dry,10 - No control,,2,0,0,0,,0,,,,,369840.3433,5031154.477,45.4173025,-75.66896787,9584
16--6037,2016/06/01,6:46 AM,BANK ST btwn BELMONT AVE & GROVE AVE (__3ZA3N1),__3ZA3N1,04 - At/near private drive,02 - Non-fatal injury,05 - Turning movement,01 - Clear,01 - Daylight,01 - Dry,10 - No control,,2,1,0,0,02 - Minor,1,,1,,,368834.7412,5028388.798,45.3925106,-75.68217447,9585
16--6038,2016/06/01,6:49 PM,CRESTHAVEN DR @ STRANDHERD DR (0010929),10929,02 - Intersection related,03 - P.D. only,03 - Rear end,01 - Clear,01 - Daylight,01 - Dry,01 - Traffic signal,01 - Functioning,2,0,0,0,,0,,,,,366814.5826,5015027.394,45.27246863,-75.70964666,9586
16--6039,2016/06/01,6:50 AM,HIGHWAY 417 btwn HWY 417 ANDERSON IC104R61 & HWY 417 BOUNDARY IC96R16 (__3ZA2W5),__3ZA2W5,01 - Non intersection,03 - P.D. only,03 - Rear end,01 - Clear,01 - Daylight,01 - Dry,10 - No control,,3,0,0,0,,0,,,,,381560.0275,5025626.704,45.36638,-75.52010364,9587
16--604,2016/01/14,12:45 PM,BLACKLEAF DR btwn CHEYENNE WAY/KENNACRAIG PRIV S & DUNDONALD DR (__8JUUW6),__8JUUW6,04 - At/near private drive,03 - P.D. only,06 - SMV unattended vehicle,03 - Snow,01 - Daylight,04 - Slush,10 - No control,,1,0,0,0,,0,,,,,365210.309,5012251.918,45.24763454,-75.73042813,9588
16--6040,2016/06/01,6:51 AM,HIGHWAY 417 btwn HWY 417 ANDERSON IC104R61 & HWY 417 BOUNDARY IC96R16 (__3ZA2W5),__3ZA2W5,01 - Non intersection,03 - P.D. only,03 - Rear end,01 - Clear,01 - Daylight,01 - Dry,10 - No control,,2,0,0,0,,0,,,,,381551.5307,5025623.352,45.36635077,-75.52021261,9589
16--6041,2016/06/01,6:58 PM,KILBORN AVE btwn BEAUMONT RD & DELMAR DR (__3ZA88P),__3ZA88P,04 - At/near private drive,03 - P.D. only,06 - SMV unattended vehicle,01 - Clear,01 - Daylight,01 - Dry,10 - No control,,1,0,0,0,,0,,,,,371985.8182,5027931.352,45.38809946,-75.64199691,9590
16--6042,2016/06/01,7:02 AM,HIGHWAY 417 btwn HWY417 IC118 RAMP76 & HWY417 IC118 RAMP67 (__3ZA2YR),__3ZA2YR,01 - Non intersection,02 - Non-fatal injury,03 - Rear end,01 - Clear,01 - Daylight,01 - Dry,10 - No control,,5,0,0,0,01 - Minimal,1,1,,,,369471.6928,5031066.022,45.41654079,-75.6736893,9591
16--6043,2016/06/01,7:06 AM,BOUNDARY RD btwn EIGHTH LINE RD & HWY417 IC96 RAMP61 (__3ZA3YB),__3ZA3YB,01 - Non intersection,03 - P.D. only,03 - Rear end,01 - Clear,01 - Daylight,01 - Dry,10 - No control,,2,0,0,0,,0,,,,,386754.6376,5025520.16,45.3648333,-75.45381918,9592
16--6044,2016/06/01,7:07 AM,COLONEL BY DR @ HAWTHORNE AVE/PRETORIA BRIDGE (0002122),2122,03 - At intersection,03 - P.D. only,99 - Other,01 - Clear,01 - Daylight,01 - Dry,01 - Traffic signal,01 - Functioning,2,1,0,0,,0,,,,,368767.4907,5030524.908,45.41173677,-75.6827562,9593
16--6045,2016/06/01,7:14 PM,LAURIER AVE @ QUEEN ELIZABETH DRWY/LAURIER AVE (0011416),11416,03 - At intersection,02 - Non-fatal injury,07 - SMV other,01 - Clear,01 - Daylight,01 - Dry,01 - Traffic signal,01 - Functioning,1,0,0,1,02 - Minor,1,,1,,,368075.292,5031624.092,45.42168979,-75.69145765,9594
16--6046,2016/06/01,7:33 PM,RIVERSIDE DR btwn MOONEY'S BAY PL & WALKLEY RD (__3ZA36Q),__3ZA36Q,01 - Non intersection,03 - P.D. only,03 - Rear end,01 - Clear,01 - Daylight,01 - Dry,10 - No control,,2,0,0,0,,0,,,,,368372.5315,5025232.422,45.36415252,-75.6884834,9595
16--6047,2016/06/01,7:45 AM,INNES RD btwn HWY417 IC112 RAMP66 & CYRVILLE RD (__3ZA3RCB),__3ZA3RCB,01 - Non intersection,03 - P.D. only,04 - Sideswipe,01 - Clear,01 - Daylight,01 - Dry,10 - No control,,2,0,0,0,,0,,,,,374964.5229,5031063.42,45.41598814,-75.60351604,9596
16--6048,2016/06/01,7:53 AM,RUSSELL RD btwn TO BE DETERMINED & LEITRIM RD (2) (__3ZA3ZJ),__3ZA3ZJ,05 - At railway crossing,03 - P.D. only,03 - Rear end,01 - Clear,01 - Daylight,01 - Dry,10 - No control,,3,0,0,0,,0,,,,,383353.2123,5026595.964,45.37490202,-75.49706171,9597
16--6049,2016/06/01,8:00 AM,HIGHWAY 417 btwn HWY417 IC110 RAMP55 & HWY417 IC110 RAMP65 (__3ZA28Z),__3ZA28Z,01 - Non intersection,03 - P.D. only,04 - Sideswipe,01 - Clear,01 - Daylight,01 - Dry,10 - No control,,2,0,0,0,,0,,,,,375799.586,5029087.75,45.39812791,-75.59313238,9598
16--605,2016/01/14,12:48 PM,HAWTHORNE RD @ STEVENAGE DR (0008802),8802,03 - At intersection,02 - Non-fatal injury,02 - Angle,01 - Clear,01 - Daylight,02 - Wet,01 - Traffic signal,01 - Functioning,2,0,0,0,02 - Minor,1,,1,,,375136.6627,5027313.643,45.38223229,-75.60185163,9599
16--6050,2016/06/01,8:09 PM,CENTREPOINTE DR btwn Continuation of CENTREPOINTE DR & HEMMINGWOOD WAY (__3ZAA3T),__3ZAA3T,01 - Non intersection,02 - Non-fatal injury,07 - SMV other,01 - Clear,01 - Daylight,01 - Dry,10 - No control,,1,0,0,0,03 - Major,2,1,,1,,362204.907,5023294.139,45.34724421,-75.76743266,9600
16--6051,2016/06/01,8:10 AM,HWY 417 INNES IC112R68 @ INNES RD (0012300),12300,02 - Intersection related,03 - P.D. only,04 - Sideswipe,01 - Clear,01 - Daylight,01 - Dry,01 - Traffic signal,01 - Functioning,2,0,0,0,,0,,,,,374641.557,5030922.123,45.41474913,-75.60766206,9601
16--6052,2016/06/01,8:14 AM,EARL ARMSTRONG RD @ RIVER RD (0012470),12470,02 - Intersection related,03 - P.D. only,03 - Rear end,01 - Clear,01 - Daylight,01 - Dry,01 - Traffic signal,01 - Functioning,2,0,0,0,,0,,,,,367573.1777,5014683.709,45.26930887,-75.70002303,9602
16--6053,2016/06/01,8:17 PM,DIEPPE ST btwn MCARTHUR AVE & END (__3ZA7AV),__3ZA7AV,01 - Non intersection,03 - P.D. only,04 - Sideswipe,01 - Clear,01 - Daylight,01 - Dry,10 - No control,,2,0,0,0,,0,,,,,371325.2205,5032796.143,45.43193389,-75.64977569,9603
16--6054,2016/06/01,8:25 AM,CRAIG HENRY DR btwn BERTONA ST & SOVEREIGN AVE (__3ZAAYX),__3ZAAYX,04 - At/near private drive,03 - P.D. only,01 - Approaching,01 - Clear,01 - Daylight,01 - Dry,10 - No control,,2,0,0,0,,0,,,,,362753.6791,5021930.694,45.33493089,-75.76058986,9604
16--6055,2016/06/01,8:35 AM,MERIVALE RD @ SUMMERVILLE AVE (0002728),2728,02 - Intersection related,02 - Non-fatal injury,03 - Rear end,01 - Clear,01 - Daylight,01 - Dry,01 - Traffic signal,01 - Functioning,2,0,0,0,02 - Minor,1,,1,,,364874.4052,5026445.592,45.37537694,-75.73298604,9605
16--6056,2016/06/01,9:07 AM,BRONSON AVE btwn BREWER WAY & RIVERSIDE DR RAMPS 34B & 42A-3 (__3ZA3BR),__3ZA3BR,01 - Non intersection,03 - P.D. only,03 - Rear end,01 - Clear,01 - Daylight,01 - Dry,10 - No control,,2,0,0,0,,0,,,,,368389.3849,5027236.237,45.38218078,-75.6880103,9606
16--6057,2016/06/01,9:32 AM,ST. LAURENT BLVD btwn BOURASSA ST & SMYTH RD (__3ZA3R6),__3ZA3R6,01 - Non intersection,03 - P.D. only,03 - Rear end,01 - Clear,01 - Daylight,01 - Dry,10 - No control,,3,0,0,0,,0,,,,,373241.8217,5029676.428,45.40367926,-75.62571675,9607
16--6058,2016/06/01,9:34 AM,DALHOUSIE ST @ MURRAY ST (0008241),8241,02 - Intersection related,03 - P.D. only,99 - Other,01 - Clear,01 - Daylight,01 - Dry,01 - Traffic signal,01 - Functioning,2,0,0,0,,0,,,,,368001.3577,5032574.253,45.4302457,-75.69228038,9608
16--6059,2016/06/02,1:58 PM,FRANK KENNY RD btwn JONQUILLE WAY & WILHAVEN DR (__3ZA5CI),__3ZA5CI,01 - Non intersection,02 - Non-fatal injury,07 - SMV other,01 - Clear,01 - Daylight,02 - Wet,10 - No control,,1,0,0,0,01 - Minimal,1,1,,,,386781.5056,5040159.444,45.49654035,-75.45103906,9609
16--606,2016/01/14,12:50 PM,BELFAST RD @ COVENTRY RD (0002646),2646,02 - Intersection related,03 - P.D. only,03 - Rear end,01 - Clear,01 - Daylight,04 - Slush,01 - Traffic signal,01 - Functioning,2,0,0,0,,0,,,,,371523.9484,5031640.656,45.42151841,-75.64739267,9610
16--6060,2016/06/02,11:11 AM,ROBERTSON RD btwn HAZELDEAN RD & HAANEL DR (__3ZA41S),__3ZA41S,01 - Non intersection,03 - P.D. only,07 - SMV other,01 - Clear,01 - Daylight,01 - Dry,10 - No control,,1,0,0,0,,0,,,,,354699.9062,5019030.412,45.30945266,-75.8636304,9611
16--6061,2016/06/02,11:15 AM,HIGHWAY 417 btwn HWY417 IC163 RAMP16 & HWY417 IC169 RAMP61 (__5SPO79),__5SPO79,01 - Non intersection,03 - P.D. only,07 - SMV other,01 - Clear,01 - Daylight,02 - Wet,10 - No control,,1,0,0,0,,0,,,,,331307.8193,5021500.009,45.332948,-76.16180815,9612
16--6062,2016/06/02,11:45 AM,HIGHWAY 417 btwn HWY417 IC112 RAMP66 & HWY417 IC112 RAMP56 (__3ZA283),__3ZA283,01 - Non intersection,02 - Non-fatal injury,99 - Other,01 - Clear,01 - Daylight,01 - Dry,10 - No control,,2,0,0,0,01 - Minimal,2,2,,,,374476.0122,5030851.415,45.41412944,-75.6097869,9613
16--6063,2016/06/02,Unknown,TERRAPIN TERR btwn CAPUCHON WAY & NESTLETON ST (__8XI2ZD),__8XI2ZD,01 - Non intersection,03 - P.D. only,06 - SMV unattended vehicle,01 - Clear,00 - Unknown,01 - Dry,10 - No control,,1,0,0,0,,0,,,,,385598.244,5035327.736,45.45320745,-75.46697114,9614
16--5653,2016/05/23,7:47 PM,MERIVALE RD @ WEST HUNT CLUB RD (0000584),584,02 - Intersection related,03 - P.D. only,03 - Rear end,01 - Clear,01 - Daylight,01 - Dry,01 - Traffic signal,01 - Functioning,2,0,0,0,,0,,,,,365612.9207,5021943.175,45.33480122,-75.72411157,9615
16--6064,2016/06/02,12:15 AM,OTTAWA RIVER PKWY EB btwn TUNNEY'S PASTURE/REMIC RAPIDS ENT & ISLAND P (__3ZA24JA),__3ZA24JA,01 - Non intersection,02 - Non-fatal injury,07 - SMV other,01 - Clear,07 - Dark,02 - Wet,10 - No control,,1,0,0,0,02 - Minor,2,,2,,,363957.0085,5029938.552,45.40688403,-75.74427932,9616
16--6065,2016/06/02,12:47 PM,COLDREY AVE @ KIRKWOOD AVE (0006736),6736,02 - Intersection related,03 - P.D. only,03 - Rear end,01 - Clear,01 - Daylight,01 - Dry,01 - Traffic signal,01 - Functioning,2,0,0,0,,0,,,,,364438.921,5027135.863,45.38162508,-75.73846231,9617
16--6066,2016/06/02,2:20 AM,BRONSON AVE @ LAURIER AVE (0006342),6342,03 - At intersection,03 - P.D. only,05 - Turning movement,01 - Clear,07 - Dark,01 - Dry,01 - Traffic signal,01 - Functioning,2,0,0,0,,0,,,,,366804.9265,5030862.697,45.41495273,-75.70778483,9618
16--6067,2016/06/02,2:22 PM,CHURCHILL AVE @ RICHMOND RD (0002361),2361,03 - At intersection,02 - Non-fatal injury,07 - SMV other,01 - Clear,01 - Daylight,01 - Dry,01 - Traffic signal,01 - Functioning,1,0,0,1,01 - Minimal,1,1,,,,363227.0174,5028293.228,45.392141,-75.75379894,9619
16--6068,2016/06/02,2:59 PM,HIGHWAY 417 btwn HWY417 IC115 RAMP36 & HWY417 IC115 RAMP26 (__3ZA2R4),__3ZA2R4,01 - Non intersection,03 - P.D. only,04 - Sideswipe,01 - Clear,01 - Daylight,01 - Dry,10 - No control,,2,0,0,0,,0,,,,,372501.8095,5031526.147,45.42039416,-75.6349146,9620
16--6069,2016/06/02,4:16 PM,ROBERTSON RD btwn HAZELDEAN RD & HAANEL DR (__3ZA41S),__3ZA41S,01 - Non intersection,02 - Non-fatal injury,07 - SMV other,01 - Clear,01 - Daylight,01 - Dry,10 - No control,,1,0,0,0,01 - Minimal,2,2,,,,353897.4045,5018551.925,45.3052037,-75.87391142,9621
16--607,2016/01/14,12:52 PM,LANTHIER DR @ VANTAGE DR (0004631),4631,02 - Intersection related,03 - P.D. only,03 - Rear end,01 - Clear,01 - Daylight,06 - Ice,02 - Stop sign,01 - Functioning,2,0,0,0,,0,,,,,383601.8591,5035848.341,45.45811936,-75.49240805,9622
16--6070,2016/06/02,4:30 PM,CARLING AVE WB btwn MERIVALE RD & HARMER AVE S (__3ZA4UH),__3ZA4UH,01 - Non intersection,02 - Non-fatal injury,03 - Rear end,01 - Clear,01 - Daylight,01 - Dry,10 - No control,,2,0,0,0,02 - Minor,2,1,1,,,364996.3949,5027783.34,45.38740328,-75.73126553,9623
16--6071,2016/06/02,4:55 PM,ST. JOSEPH BLVD/OLD MONTREAL RD @ TRIM RD (0004118),4118,03 - At intersection,03 - P.D. only,02 - Angle,01 - Clear,01 - Daylight,01 - Dry,11 - Roundabout,01 - Functioning,2,0,0,0,,0,,,,,384682.4877,5039284.783,45.48891447,-75.47803418,9624
16--6072,2016/06/02,5:27 AM,ABBEYHILL DR @ EAGLESON RD (0003404),3404,03 - At intersection,03 - P.D. only,07 - SMV other,01 - Clear,03 - Dawn,01 - Dry,01 - Traffic signal,01 - Functioning,1,0,0,0,,0,,,,,353827.8504,5018033.329,45.30054212,-75.87484961,9625
16--6073,2016/06/02,5:50 PM,ROBERTSON RD btwn WESTCLIFFE RD & FITZGERALD RD (__3ZA41Z),__3ZA41Z,04 - At/near private drive,02 - Non-fatal injury,07 - SMV other,01 - Clear,01 - Daylight,01 - Dry,10 - No control,,1,0,0,1,01 - Minimal,1,1,,,,356438.2716,5020081.657,45.31878624,-75.84135304,9626
16--6074,2016/06/02,6:12 PM,GREENBANK RD @ IRIS ST/HWY 417 IC129 RAMP51 (0009073),9073,02 - Intersection related,03 - P.D. only,03 - Rear end,01 - Clear,01 - Daylight,01 - Dry,01 - Traffic signal,01 - Functioning,2,0,0,0,,0,,,,,360531.6996,5023311.713,45.34753729,-75.78878148,9627
16--6075,2016/06/02,6:24 PM,HIGHWAY 417 btwn HWY417 IC127 RAMP63 & HWY417 IC127 RAMP67 (__3ZA2RF),__3ZA2RF,01 - Non intersection,03 - P.D. only,03 - Rear end,01 - Clear,01 - Daylight,01 - Dry,10 - No control,,2,0,0,0,,0,,,,,362132.8017,5024860.121,45.36134071,-75.76817115,9628
16--6076,2016/06/02,6:38 PM,CONROY RD @ WALKLEY RD (0002648),2648,03 - At intersection,03 - P.D. only,05 - Turning movement,01 - Clear,01 - Daylight,01 - Dry,01 - Traffic signal,01 - Functioning,2,0,0,0,,0,,,,,372904.399,5027462.855,45.38379541,-75.63033208,9629
16--6077,2016/06/02,6:46 PM,GOLDRIDGE DR btwn BLACKDOME CRES & BLACKDOME CRES (__3ZA471),__3ZA471,01 - Non intersection,03 - P.D. only,03 - Rear end,01 - Clear,01 - Daylight,01 - Dry,10 - No control,,2,0,0,0,,0,,,,,350260.9318,5020018.576,45.3186458,-75.92014657,9630
16--6078,2016/06/02,6:47 PM,OGILVIE RD @ CITY PARK DR E/CSIS HQ ACCESS (0003696),3696,03 - At intersection,02 - Non-fatal injury,05 - Turning movement,01 - Clear,01 - Daylight,01 - Dry,01 - Traffic signal,01 - Functioning,2,0,0,0,02 - Minor,1,,1,,,374188.0611,5033011.1,45.43358977,-75.61316124,9631
16--6079,2016/06/02,7:17 AM,MEADOWBROOK RD btwn 170 W OF TELESAT CRT & RIDGEBROOK DR (__3ZA7RQA),__3ZA7RQA,01 - Non intersection,03 - P.D. only,06 - SMV unattended vehicle,01 - Clear,01 - Daylight,01 - Dry,10 - No control,,1,0,0,0,,0,,,,,374805.2771,5032148.777,45.42576955,-75.60539624,9632
16--608,2016/01/14,2:00 PM,RIVERSIDE DR btwn FROBISHER LANE & HINCKS LANE (__3ZA242),__3ZA242,01 - Non intersection,03 - P.D. only,06 - SMV unattended vehicle,01 - Clear,01 - Daylight,03 - Loose snow,10 - No control,,1,0,0,0,,0,,,,,370254.2293,5030060.251,45.40741849,-75.66382545,9633
16--6080,2016/06/02,7:22 AM,ALESTHER ST @ DONALD ST (0008493),8493,02 - Intersection related,03 - P.D. only,03 - Rear end,01 - Clear,01 - Daylight,01 - Dry,02 - Stop sign,01 - Functioning,2,0,0,0,,0,,,,,371992.7205,5032460.354,45.42884881,-75.6412915,9634
16--6081,2016/06/02,7:39 AM,INDUSTRIAL AVE/INNES RD @ ST. LAURENT BLVD (0002203),2203,02 - Intersection related,03 - P.D. only,03 - Rear end,01 - Clear,01 - Daylight,01 - Dry,01 - Traffic signal,01 - Functioning,2,0,0,0,,0,,,,,373099.6237,5030005.912,45.4066577,-75.62748735,9635
16--6082,2016/06/02,7:48 AM,MERIVALE RD @ WEST HUNT CLUB RD (0000584),584,02 - Intersection related,02 - Non-fatal injury,03 - Rear end,02 - Rain,01 - Daylight,02 - Wet,01 - Traffic signal,01 - Functioning,3,0,0,0,01 - Minimal,2,2,,,,365612.4757,5021943.157,45.3348011,-75.72411725,9636
16--6083,2016/06/02,8:05 AM,MIRAMICHI ST @ WOODROFFE AVE (0002702),2702,02 - Intersection related,03 - P.D. only,03 - Rear end,01 - Clear,01 - Daylight,01 - Dry,02 - Stop sign,01 - Functioning,2,0,0,0,,0,,,,,362332.8145,5024317.38,45.35644078,-75.76568146,9637
16--6084,2016/06/02,8:25 AM,INDUSTRIAL AVE btwn RUSSELL RD & ST. LAURENT BLVD (__3ZA3R7),__3ZA3R7,04 - At/near private drive,03 - P.D. only,03 - Rear end,01 - Clear,01 - Daylight,01 - Dry,10 - No control,,2,0,0,0,,0,,,,,372837.7688,5029965.66,45.40632103,-75.63083766,9638
16--6085,2016/06/02,8:33 AM,CRESTWAY DR @ PRINCE OF WALES DR (0010323),10323,02 - Intersection related,03 - P.D. only,03 - Rear end,02 - Rain,01 - Daylight,02 - Wet,01 - Traffic signal,01 - Functioning,2,0,0,0,,0,,,,,367370.1354,5016576.909,45.28636181,-75.70237169,9639
16--6086,2016/06/02,8:35 PM,CLEARBROOK DR btwn CHAPMAN MILLS DR & ROSWELL DR (__4FP806),__4FP806,04 - At/near private drive,03 - P.D. only,05 - Turning movement,01 - Clear,05 - Dusk,01 - Dry,10 - No control,,2,0,0,0,,0,,,,,365998.2066,5014943.894,45.27178882,-75.72006039,9640
16--6087,2016/06/02,9:00 AM,ST. JEAN ST @ ST. JOSEPH BLVD (0004137),4137,03 - At intersection,03 - P.D. only,03 - Rear end,01 - Clear,01 - Daylight,02 - Wet,01 - Traffic signal,01 - Functioning,2,0,0,0,,0,,,,,380970.1562,5037201.232,45.47058343,-75.52584343,9641
16--6088,2016/06/02,9:14 AM,ANDERSON RD @ INNES RD (0004200),4200,02 - Intersection related,03 - P.D. only,07 - SMV other,02 - Rain,01 - Daylight,02 - Wet,01 - Traffic signal,01 - Functioning,1,0,0,0,,0,,,,,376280.9666,5031842.24,45.42286227,-75.58658514,9642