Anom_ID,Accident_Date,Accident_Time,Location,Geo_ID,Accident_Location,Classification_of_Accident,Initial_Impact_Type,Environment_Condition,Light,Road_Surface_Condition,Traffic_Control,Traffic_Control_Condition,No__of_Vehicles,No__of_Bicycles,No__of_Motorcycles,No__of_Pedestrians,Max_Injury,No__of_Injuries,No__of_Minimal,No__of_Minor,No__of_Major,No__of_Fatal,X,Y,Latitude,Longitude,ObjectId
16--6089,2016/06/02,9:19 AM,HAWTHORNE AVE @ MAIN ST (0006919),6919,03 - At intersection,03 - P.D. only,04 - Sideswipe,01 - Clear,01 - Daylight,01 - Dry,01 - Traffic signal,01 - Functioning,2,0,0,0,,0,,,,,368970.9351,5030632.793,45.41268885,-75.68014323,9643
16--609,2016/01/14,2:00 PM,LANTHIER DR @ VANTAGE DR (0004631),4631,02 - Intersection related,03 - P.D. only,03 - Rear end,01 - Clear,01 - Daylight,06 - Ice,02 - Stop sign,01 - Functioning,2,0,0,0,,0,,,,,383600.0872,5035849.909,45.45813367,-75.49243045,9644
16--6090,2016/06/02,9:42 PM,RICHMOND RD @ WEST HUNT CLUB RD (0000598),598,02 - Intersection related,02 - Non-fatal injury,03 - Rear end,02 - Rain,07 - Dark,02 - Wet,01 - Traffic signal,01 - Functioning,2,0,0,0,01 - Minimal,1,1,,,,357146.7747,5018153.139,45.30138073,-75.8325204,9645
16--6091,2016/06/03,1:28 PM,GLADSTONE AVE btwn PRESTON ST & ROCHESTER ST (__3ZA31S),__3ZA31S,01 - Non intersection,03 - P.D. only,03 - Rear end,01 - Clear,01 - Daylight,01 - Dry,10 - No control,,2,0,0,0,,0,,,,,366585.0837,5029754.272,45.40499888,-75.71073234,9646
16--6092,2016/06/03,1:44 PM,AURIGA DR @ DEAKIN ST (0000179),179,03 - At intersection,03 - P.D. only,02 - Angle,01 - Clear,01 - Daylight,01 - Dry,02 - Stop sign,01 - Functioning,2,0,0,0,,0,,,,,367145.6318,5021589.265,45.33148229,-75.70460276,9647
16--6093,2016/06/03,1:55 PM,WOODROFFE AVE @ GEORGINA DR/LENESTER AVE (0002351),2351,03 - At intersection,02 - Non-fatal injury,05 - Turning movement,01 - Clear,01 - Daylight,01 - Dry,01 - Traffic signal,01 - Functioning,4,0,0,0,03 - Major,1,,,1,,361909.4611,5025369.392,45.36594132,-75.77096291,9648
16--6094,2016/06/03,10:16 AM,MOODIE DR @ RICHMOND RD S (0001129),1129,02 - Intersection related,03 - P.D. only,03 - Rear end,01 - Clear,01 - Daylight,01 - Dry,03 - Yield sign,01 - Functioning,2,0,0,0,,0,,,,,357433.4201,5019541.153,45.31384883,-75.8287182,9649
16--6095,2016/06/03,10:55 AM,HIGHWAY 417 btwn HWY417 IC122 RAMP61 & HWY417 IC121B RAMP16 (__3ZA2Y4),__3ZA2Y4,01 - Non intersection,03 - P.D. only,04 - Sideswipe,01 - Clear,01 - Daylight,01 - Dry,10 - No control,,2,0,0,0,,0,,,,,365813.1296,5029212.781,45.40019439,-75.72065966,9650
16--6096,2016/06/03,11:03 PM,CARLING AVE @ MERIVALE RD (0002148),2148,03 - At intersection,03 - P.D. only,02 - Angle,01 - Clear,07 - Dark,01 - Dry,01 - Traffic signal,01 - Functioning,2,0,0,0,,0,,,,,364894.9293,5027700.319,45.38666498,-75.73257129,9651
16--6097,2016/06/03,11:24 AM,PALLADIUM DR @ SILVER SEVEN RD (0011839),11839,03 - At intersection,03 - P.D. only,04 - Sideswipe,01 - Clear,01 - Daylight,01 - Dry,01 - Traffic signal,01 - Functioning,2,0,0,0,,0,,,,,351052.2841,5017887.221,45.29941562,-75.91025234,9652
16--6098,2016/06/03,11:41 PM,DONALD ST btwn TELFORD AVE & OKEE ST (__3ZA815),__3ZA815,01 - Non intersection,03 - P.D. only,01 - Approaching,01 - Clear,07 - Dark,01 - Dry,10 - No control,,2,0,0,0,,0,,,,,371703.252,5032429.149,45.42859579,-75.64499467,9653
16--6099,2016/06/03,12:42 PM,BLACKBURN AVE @ SOMERSET ST (0008457),8457,03 - At intersection,03 - P.D. only,02 - Angle,01 - Clear,01 - Daylight,01 - Dry,02 - Stop sign,01 - Functioning,2,0,0,0,,0,,,,,369406.5782,5031948.81,45.4244898,-75.67440542,9654
16--61,2016/01/03,12:28 PM,RICHMOND RD @ WOODROFFE AVE (0011466),11466,03 - At intersection,03 - P.D. only,03 - Rear end,01 - Clear,01 - Daylight,02 - Wet,01 - Traffic signal,01 - Functioning,2,0,0,0,,0,,,,,361584.4288,5026654.479,45.37753083,-75.77496408,9655
16--6131,2016/06/04,1:19 PM,ST. JOSEPH BLVD/OLD MONTREAL RD @ TRIM RD (0004118),4118,03 - At intersection,03 - P.D. only,02 - Angle,01 - Clear,01 - Daylight,01 - Dry,11 - Roundabout,01 - Functioning,2,0,0,0,,0,,,,,384682.4877,5039284.783,45.48891447,-75.47803418,9656
16--5567,2016/05/20,3:50 PM,CHAMBERLAIN AVE @ KENT ST (0002131),2131,02 - Intersection related,03 - P.D. only,04 - Sideswipe,01 - Clear,01 - Daylight,01 - Dry,01 - Traffic signal,01 - Functioning,2,0,0,0,,0,,,,,367932.6085,5030047.77,45.40751944,-75.69348263,9657
16--6132,2016/06/04,10:59 AM,DRIVEWAY (THE) @ PRINCE OF WALES DR (0002128),2128,03 - At intersection,03 - P.D. only,03 - Rear end,01 - Clear,01 - Daylight,01 - Dry,11 - Roundabout,01 - Functioning,2,0,0,0,,0,,,,,366876.5528,5028145.025,45.39049351,-75.70721187,9658
16--5476,2016/05/17,8:40 AM,REGIONAL ROAD 174 btwn OR174 IC112 RAMP36 & OR174 IC112 RAMP26 (__3ZAZFK),__3ZAZFK,01 - Non intersection,03 - P.D. only,03 - Rear end,01 - Clear,01 - Daylight,01 - Dry,10 - No control,,3,0,0,0,,0,,,,,374690.2052,5032762.408,45.43130217,-75.60677949,9659
16--5568,2016/05/20,3:57 PM,GREENBANK RD @ LISA AVE (0002753),2753,02 - Intersection related,02 - Non-fatal injury,03 - Rear end,01 - Clear,01 - Daylight,01 - Dry,01 - Traffic signal,01 - Functioning,2,0,0,0,01 - Minimal,1,1,,,,360554.8424,5022894.499,45.34378137,-75.7885332,9660
16--6133,2016/06/04,11:05 AM,FISHER AVE btwn MCCOOEY LANE & BASELINE RD (__3ZA4JS),__3ZA4JS,01 - Non intersection,03 - P.D. only,03 - Rear end,01 - Clear,01 - Daylight,01 - Dry,10 - No control,,3,0,0,0,,0,,,,,366127.8352,5026122.715,45.37236318,-75.71702416,9661
16--5477,2016/05/17,8:52 AM,PARKDALE AVE @ SIMS AVE (0006109),6109,03 - At intersection,02 - Non-fatal injury,05 - Turning movement,01 - Clear,01 - Daylight,01 - Dry,02 - Stop sign,01 - Functioning,2,1,0,0,02 - Minor,1,,1,,,365270.4582,5028995.768,45.39828884,-75.72761735,9662
16--5569,2016/05/20,4:00 AM,WAVERLEY ST btwn ELGIN ST & CARTIER ST (__3ZA9TF),__3ZA9TF,01 - Non intersection,03 - P.D. only,06 - SMV unattended vehicle,01 - Clear,07 - Dark,01 - Dry,10 - No control,,1,0,0,0,,0,,,,,368396.3069,5031002.549,45.41606825,-75.6874363,9663
16--6134,2016/06/04,11:24 PM,ELGIN ST @ SOMERSET ST (0006936),6936,02 - Intersection related,03 - P.D. only,99 - Other,01 - Clear,07 - Dark,01 - Dry,01 - Traffic signal,01 - Functioning,2,0,0,0,,0,,,,,368164.4831,5031198.346,45.417851,-75.69037282,9664
16--5478,2016/05/17,9:28 PM,TERRY FOX DR btwn HUNTSVILLE DR & OLD SECOND LINE RD (__8IAYIU),__8IAYIU,01 - Non intersection,03 - P.D. only,07 - SMV other,01 - Clear,07 - Dark,01 - Dry,10 - No control,,1,0,0,0,,0,,,,,348330.709,5022028.107,45.33685046,-75.94458865,9665
16--557,2016/01/13,4:45 PM,OTTAWA RIVER PKWY WB btwn TUNNEY'S PASTURE/REMIC RAPIDS ENT & PARKDALE (__3ZA24KA),__3ZA24KA,01 - Non intersection,03 - P.D. only,03 - Rear end,01 - Clear,05 - Dusk,04 - Slush,10 - No control,,4,0,0,0,,0,,,,,363356.2097,5029593.167,45.40382684,-75.75199478,9666
16--6135,2016/06/04,11:32 PM,DONALD ST @ ST. LAURENT BLVD (0008630),8630,03 - At intersection,02 - Non-fatal injury,05 - Turning movement,01 - Clear,07 - Dark,01 - Dry,01 - Traffic signal,01 - Functioning,2,0,0,0,02 - Minor,1,,1,,,372094.3893,5032473.261,45.42895516,-75.63999058,9667
16--5479,2016/05/18,1:00 PM,MCARTHUR AVE @ VANIER PKWY (0004626),4626,02 - Intersection related,03 - P.D. only,03 - Rear end,01 - Clear,01 - Daylight,01 - Dry,01 - Traffic signal,01 - Functioning,2,0,0,0,,0,,,,,370219.8324,5032689.909,45.43108232,-75.66391567,9668
16--5570,2016/05/20,4:19 PM,MEADOWLANDS DR @ VIEWMOUNT DR (0001752),1752,02 - Intersection related,03 - P.D. only,99 - Other,01 - Clear,01 - Daylight,01 - Dry,01 - Traffic signal,00 - Unknown,2,0,0,0,,0,,,,,363739.2774,5023105.99,45.34542401,-75.74787603,9669
16--5571,2016/05/20,4:40 PM,SHERBROOKE AVE @ WELLINGTON ST (0006163),6163,02 - Intersection related,03 - P.D. only,03 - Rear end,01 - Clear,01 - Daylight,01 - Dry,02 - Stop sign,01 - Functioning,2,0,0,0,,0,,,,,365420.5293,5029501.144,45.40282312,-75.72563857,9670
16--5572,2016/05/20,4:51 PM,BUELL ST btwn KIRKWOOD AVE & WESTVIEW AVE (__3ZA09W),__3ZA09W,04 - At/near private drive,02 - Non-fatal injury,07 - SMV other,01 - Clear,01 - Daylight,01 - Dry,10 - No control,,1,0,0,1,01 - Minimal,1,1,,,,364160.8879,5027867.137,45.38822858,-75.7419243,9671
16--5573,2016/05/20,5:05 AM,MARQUIS AVE E @ NASKAPI DR E (0009945),9945,03 - At intersection,03 - P.D. only,06 - SMV unattended vehicle,01 - Clear,03 - Dawn,01 - Dry,02 - Stop sign,01 - Functioning,1,0,0,0,,0,,,,,375275.0483,5034648.82,45.44821632,-75.59903581,9672
16--5574,2016/05/20,5:05 PM,SLATER ST btwn ALBERT ST & COMMISSIONER ST (__3ZA33W),__3ZA33W,01 - Non intersection,03 - P.D. only,04 - Sideswipe,01 - Clear,01 - Daylight,01 - Dry,10 - No control,,2,0,0,0,,0,,,,,366737.7001,5030912.843,45.41540989,-75.70863737,9673
16--5575,2016/05/20,5:24 AM,PRINCE OF WALES DR btwn STRATTON DR & THIRD LINE RD S (__3ZBOC5),__3ZBOC5,01 - Non intersection,03 - P.D. only,07 - SMV other,01 - Clear,03 - Dawn,01 - Dry,10 - No control,,1,0,0,0,,0,,,,,366839.1451,5001534.565,45.15105752,-75.71101418,9674
16--5576,2016/05/20,5:49 PM,CRESTWAY DR @ HATHAWAY DR (0010166),10166,02 - Intersection related,02 - Non-fatal injury,03 - Rear end,01 - Clear,01 - Daylight,01 - Dry,02 - Stop sign,01 - Functioning,2,0,0,0,03 - Major,2,,1,1,,366393.5226,5015841.93,45.27983478,-75.71491135,9675
16--5577,2016/05/20,6:19 PM,8TH LINE RD @ PARKWAY RD (0001611),1611,03 - At intersection,02 - Non-fatal injury,02 - Angle,01 - Clear,01 - Daylight,01 - Dry,02 - Stop sign,01 - Functioning,2,0,0,0,02 - Minor,1,,1,,,383168.8504,5016894.285,45.28763346,-75.50095118,9676
16--5578,2016/05/20,8:00 AM,RIVERSIDE DR @ BROOKFIELD RD/HOG'S BACK RD (0001627),1627,02 - Intersection related,03 - P.D. only,03 - Rear end,01 - Clear,01 - Daylight,01 - Dry,01 - Traffic signal,01 - Functioning,2,0,0,0,,0,,,,,368167.5356,5026223.315,45.37308688,-75.69097285,9677
16--5579,2016/05/20,8:07 AM,BRIDLE PARK DR @ STONEHAVEN DR (0012661),12661,03 - At intersection,02 - Non-fatal injury,03 - Rear end,01 - Clear,01 - Daylight,01 - Dry,01 - Traffic signal,01 - Functioning,2,0,0,0,01 - Minimal,1,1,,,,356109.3938,5016318.519,45.28494903,-75.84593708,9678
16--558,2016/01/13,4:51 PM,OSPREY CRES btwn PINE HILL DR & PINE HILL DR (__4CPKZQ),__4CPKZQ,01 - Non intersection,03 - P.D. only,07 - SMV other,02 - Rain,05 - Dusk,06 - Ice,10 - No control,,1,0,0,0,,0,,,,,355724.7931,5017550.661,45.29606404,-75.85071294,9679
16--5580,2016/05/20,8:12 AM,RAMSAYVILLE RD btwn LOUISEIZE RD & NINTH LINE RD (__3ZBO25),__3ZBO25,04 - At/near private drive,03 - P.D. only,02 - Angle,01 - Clear,01 - Daylight,01 - Dry,10 - No control,,2,0,0,0,,0,,,,,380218.1685,5020283.655,45.31845205,-75.53804551,9680
16--5581,2016/05/20,8:14 AM,MCCARTHY RD btwn PAUL ANKA DR & HUNTVIEW PRIV (__3ZA9C4),__3ZA9C4,01 - Non intersection,03 - P.D. only,04 - Sideswipe,01 - Clear,01 - Daylight,01 - Dry,10 - No control,,2,0,0,0,,0,,,,,369729.935,5023858.918,45.3516697,-75.67133808,9681
16--5582,2016/05/20,8:17 AM,MARCH RD btwn CORKSTOWN RD & HWY417 IC138 RAMP62 (__3ZA417),__3ZA417,01 - Non intersection,03 - P.D. only,03 - Rear end,01 - Clear,01 - Daylight,01 - Dry,10 - No control,,3,0,0,0,,0,,,,,352661.4463,5020873.79,45.32618164,-75.88944709,9682
16--5583,2016/05/20,8:25 AM,LEITRIM RD @ LIMEBANK RD (0012318),12318,02 - Intersection related,02 - Non-fatal injury,03 - Rear end,01 - Clear,01 - Daylight,01 - Dry,01 - Traffic signal,01 - Functioning,2,0,0,0,02 - Minor,1,,1,,,369321.6239,5017960.099,45.2986311,-75.67731722,9683
16--5584,2016/05/20,8:30 AM,HIGHWAY 417 btwn HWY417 IC134 RAMP36 & HWY417 IC134 RAMP26 (__3ZA29C),__3ZA29C,01 - Non intersection,03 - P.D. only,04 - Sideswipe,01 - Clear,01 - Daylight,01 - Dry,10 - No control,,2,0,0,0,,0,,,,,356430.024,5022299.634,45.33874445,-75.84122692,9684
16--5585,2016/05/20,8:36 PM,WATERCOLOURS WAY btwn FRESHWATER WAY & SEELEY'S BAY ST (__737L2K),__737L2K,04 - At/near private drive,03 - P.D. only,06 - SMV unattended vehicle,01 - Clear,05 - Dusk,01 - Dry,10 - No control,,1,0,0,0,,0,,,,,363935.874,5012622.306,45.25107555,-75.74661778,9685
16--5586,2016/05/20,8:40 AM,MARCH RD @ 280 S OF CARLING AVE/GATEWAY MALL S (0011492),11492,03 - At intersection,02 - Non-fatal injury,05 - Turning movement,01 - Clear,01 - Daylight,01 - Dry,01 - Traffic signal,01 - Functioning,3,0,0,0,02 - Minor,1,,1,,,351108.089,5022028.468,45.3366759,-75.90915366,9686
16--5587,2016/05/20,9:10 PM,HIGHWAY 417 btwn RAMP & HWY417 IC88 RAMP51 (__3ZA2W2),__3ZA2W2,01 - Non intersection,03 - P.D. only,07 - SMV other,01 - Clear,07 - Dark,01 - Dry,10 - No control,,1,0,0,0,,0,,,,,392290.0733,5022888.198,45.34048463,-75.38363609,9687
16--5588,2016/05/20,9:32 PM,FLEWELLYN RD btwn ASHTON STATION RD & WORLEY ST (__3ZACCZ),__3ZACCZ,01 - Non intersection,03 - P.D. only,07 - SMV other,01 - Clear,07 - Dark,01 - Dry,10 - No control,,1,0,0,0,,0,,,,,341566.8788,5002000.251,45.15701616,-76.03236675,9688
16--5589,2016/05/20,9:52 AM,ISLAND PARK DR @ SUNNYMEDE AVE (0006460),6460,02 - Intersection related,02 - Non-fatal injury,05 - Turning movement,01 - Clear,01 - Daylight,01 - Dry,02 - Stop sign,01 - Functioning,2,1,0,0,01 - Minimal,1,1,,,,363664.691,5029250.854,45.4007209,-75.7480954,9689
16--559,2016/01/13,5:00 PM,BLACKBURN BYPASS EB btwn 1700 W OF NAVAN RD & NAVAN RD (__3ZA3J6B),__3ZA3J6B,01 - Non intersection,03 - P.D. only,03 - Rear end,01 - Clear,05 - Dusk,04 - Slush,10 - No control,,2,0,0,0,,0,,,,,379214.6076,5032988.952,45.43287368,-75.54892963,9690
16--5590,2016/05/21,1:36 AM,KINBURN SIDE RD btwn WOODKILTON RD & DUNROBIN RD (__3ZA3GH),__3ZA3GH,01 - Non intersection,01 - Fatal injury,07 - SMV other,01 - Clear,07 - Dark,01 - Dry,10 - No control,,1,0,0,0,04 - Fatal,1,,,,1,337520.8575,5035487.637,45.45855152,-76.08161515,9691
16--5591,2016/05/21,10:47 AM,KIPPEWA DR btwn DOW'S LAKE RD & BRONSON AVE (__3ZA9M0),__3ZA9M0,01 - Non intersection,03 - P.D. only,03 - Rear end,01 - Clear,01 - Daylight,01 - Dry,10 - No control,,2,0,0,0,,0,,,,,367506.8815,5029073.142,45.3987883,-75.69904468,9692
16--5592,2016/05/21,11:06 AM,ST. LAURENT BLVD @ MCARTHUR AVE (0008246),8246,02 - Intersection related,03 - P.D. only,04 - Sideswipe,01 - Clear,01 - Daylight,01 - Dry,01 - Traffic signal,01 - Functioning,2,0,0,0,,0,,,,,371922.0081,5032887.291,45.43269698,-75.64213689,9693
16--5593,2016/05/21,11:45 PM,SOUTHPARK DR btwn WOODVIEW CRES & WOODBURN DR (__3ZA7L8),__3ZA7L8,04 - At/near private drive,03 - P.D. only,06 - SMV unattended vehicle,01 - Clear,07 - Dark,01 - Dry,10 - No control,,1,0,0,0,,0,,,,,377602.3045,5032916.683,45.43239316,-75.5695439,9694
16--5594,2016/05/21,12:33 PM,ROBERTSON RD @ VANIER RD (0000640),640,02 - Intersection related,02 - Non-fatal injury,03 - Rear end,01 - Clear,01 - Daylight,01 - Dry,01 - Traffic signal,01 - Functioning,2,0,0,0,01 - Minimal,2,2,,,,357396.8257,5020644.702,45.32378142,-75.82906771,9695
16--5595,2016/05/21,12:49 PM,BESSERER ST @ WALLER ST (0008859),8859,03 - At intersection,03 - P.D. only,04 - Sideswipe,01 - Clear,01 - Daylight,01 - Dry,01 - Traffic signal,01 - Functioning,2,0,0,0,,0,,,,,368316.6097,5032190.85,45.42676741,-75.68830128,9696
16--5596,2016/05/21,2:17 PM,LONG ISLAND RD btwn LENA AVE & CINDY HILL CRES (__3ZA99G),__3ZA99G,01 - Non intersection,03 - P.D. only,07 - SMV other,01 - Clear,01 - Daylight,01 - Dry,10 - No control,,1,0,0,0,,0,,,,,367936.5541,5011396.8,45.23970095,-75.6958102,9697
16--5597,2016/05/21,2:58 PM,DATA CENTRE RD @ RIVERSIDE DR (0010863),10863,02 - Intersection related,03 - P.D. only,02 - Angle,01 - Clear,01 - Daylight,01 - Dry,01 - Traffic signal,01 - Functioning,2,0,0,0,,0,,,,,368897.3057,5027672.403,45.38605898,-75.68146855,9698
16--5598,2016/05/21,3:05 PM,HUNT CLUB RD btwn DUNSTON TER & CAHILL DR (__3ZA2GG),__3ZA2GG,01 - Non intersection,03 - P.D. only,03 - Rear end,01 - Clear,01 - Daylight,01 - Dry,10 - No control,,2,0,0,0,,0,,,,,372308.3371,5024483.327,45.35704444,-75.63834988,9699
16--5599,2016/05/21,3:10 PM,ALTA VISTA DR btwn 75 S OF CALEDON ST & CALEDON ST (__3ZA97HA),__3ZA97HA,04 - At/near private drive,03 - P.D. only,03 - Rear end,01 - Clear,01 - Daylight,01 - Dry,10 - No control,,2,0,0,0,,0,,,,,370783.1808,5030406.352,45.4104829,-75.65702253,9700
16--56,2016/01/03,Unknown,PAR-LA-VILLE CIRC btwn SANTA ANNA LANE & SANTA ANNA LANE (__683KO2),__683KO2,01 - Non intersection,03 - P.D. only,06 - SMV unattended vehicle,01 - Clear,00 - Unknown,05 - Packed snow,10 - No control,,1,0,0,0,,0,,,,,350149.3744,5016699.952,45.28879108,-75.92187301,9701
16--560,2016/01/13,5:02 PM,ST. LAURENT BLVD @ WALKLEY RD (0007653),7653,02 - Intersection related,03 - P.D. only,03 - Rear end,01 - Clear,05 - Dusk,04 - Slush,01 - Traffic signal,01 - Functioning,2,0,0,0,,0,,,,,373902.8332,5028046.9,45.3889526,-75.61750218,9702
16--5600,2016/05/21,3:29 PM,HERON RD btwn RIVERSIDE DR & TURN LANE (1) (__3ZA4T1),__3ZA4T1,01 - Non intersection,02 - Non-fatal injury,03 - Rear end,01 - Clear,01 - Daylight,01 - Dry,10 - No control,,2,0,0,0,01 - Minimal,1,1,,,,368172.2887,5026638.427,45.37682152,-75.69085891,9703
16--5601,2016/05/21,3:38 PM,EAGLESON RD @ MICHAEL COWPLAND DR/STONEHAVEN D (0003544),3544,02 - Intersection related,03 - P.D. only,03 - Rear end,01 - Clear,01 - Daylight,01 - Dry,01 - Traffic signal,01 - Functioning,2,0,0,0,,0,,,,,354383.3024,5016622.768,45.28781061,-75.86790854,9704
16--5602,2016/05/21,4:15 PM,INNES RD WB btwn ORLEANS BLVD & INNES RD (__3ZA3JV),__3ZA3JV,01 - Non intersection,03 - P.D. only,03 - Rear end,01 - Clear,01 - Daylight,01 - Dry,10 - No control,,2,0,0,0,,0,,,,,380478.608,5034307.001,45.44459685,-75.53257447,9705
16--5603,2016/05/21,4:55 AM,TEAKDALE AVE btwn CUMORAH DR & TO BE DETERMINED (__3ZA622),__3ZA622,01 - Non intersection,03 - P.D. only,06 - SMV unattended vehicle,01 - Clear,07 - Dark,01 - Dry,10 - No control,,1,0,0,0,,0,,,,,380928.8495,5035366.487,45.45408038,-75.52665576,9706
16--5604,2016/05/21,5:02 PM,MEADOW DR btwn REMINGTON WAY & PIG ALLY (__3ZBO78),__3ZBO78,01 - Non intersection,03 - P.D. only,06 - SMV unattended vehicle,01 - Clear,01 - Daylight,01 - Dry,10 - No control,,1,0,0,0,,0,,,,,378400.567,5014221.345,45.26409896,-75.56212525,9707
16--5605,2016/05/21,6:21 PM,CARLING AVE @ HARE AVE (0002141),2141,03 - At intersection,02 - Non-fatal injury,05 - Turning movement,01 - Clear,01 - Daylight,01 - Dry,02 - Stop sign,01 - Functioning,2,0,0,0,02 - Minor,2,1,1,,,362380.9159,5026133.307,45.37277638,-75.76485596,9708
16--5606,2016/05/21,6:45 PM,MAITLAND AVE btwn GLENMOUNT AVE & AMESBROOKE DR (__3ZA4I4),__3ZA4I4,01 - Non intersection,03 - P.D. only,04 - Sideswipe,01 - Clear,01 - Daylight,01 - Dry,10 - No control,,2,0,0,0,,0,,,,,363752.5544,5025186.089,45.36413939,-75.74745858,9709
16--5607,2016/05/21,6:45 PM,MACLAREN ST btwn O'CONNOR ST & METCALFE ST (__3ZA9TE),__3ZA9TE,01 - Non intersection,03 - P.D. only,99 - Other,01 - Clear,01 - Daylight,01 - Dry,10 - No control,,2,0,0,0,,0,,,,,368042.0111,5031027.39,45.41632387,-75.69195946,9710
16--5608,2016/05/21,8:51 PM,RIVER RD btwn HONEY GABLES DR & RYEBURN DR (__3ZA3H8),__3ZA3H8,01 - Non intersection,02 - Non-fatal injury,03 - Rear end,01 - Clear,07 - Dark,01 - Dry,10 - No control,,3,0,0,0,02 - Minor,7,6,1,,,368026.448,5016067.025,45.2817152,-75.69407098,9711
16--5609,2016/05/21,9:25 PM,BASELINE RD @ FARLANE BLVD (0002725),2725,02 - Intersection related,03 - P.D. only,02 - Angle,01 - Clear,07 - Dark,01 - Dry,01 - Traffic signal,01 - Functioning,2,0,0,0,,0,,,,,365356.9176,5025516.857,45.36697882,-75.72693987,9712
16--561,2016/01/13,5:05 PM,HIGHWAY 417 btwn HWY417 IC117 RAMP51 & HWY417 IC117 RAMP35 (__3ZA2YN),__3ZA2YN,01 - Non intersection,03 - P.D. only,03 - Rear end,01 - Clear,05 - Dusk,01 - Dry,10 - No control,,2,0,0,0,,0,,,,,370831.6583,5031202.274,45.41763971,-75.65629663,9713
16--5654,2016/05/23,7:59 AM,BANK ST @ LAURIER AVE (0002221),2221,02 - Intersection related,03 - P.D. only,02 - Angle,01 - Clear,01 - Daylight,01 - Dry,01 - Traffic signal,01 - Functioning,3,0,0,0,,0,,,,,367480.3097,5031264.026,45.41850359,-75.69910549,9714
16--5610,2016/05/21,9:39 PM,PERCIFOR WAY btwn LEITA PL W & TRAVIS ST W (__6FW2C6),__6FW2C6,04 - At/near private drive,03 - P.D. only,06 - SMV unattended vehicle,01 - Clear,07 - Dark,01 - Dry,10 - No control,,1,0,0,0,,0,,,,,381067.875,5032618.279,45.42933898,-75.5253044,9715
16--5611,2016/05/22,10:35 AM,LYON ST @ WELLINGTON ST (0002388),2388,03 - At intersection,03 - P.D. only,04 - Sideswipe,01 - Clear,01 - Daylight,01 - Dry,01 - Traffic signal,01 - Functioning,2,0,0,0,,0,,,,,366934.8118,5031426.396,45.42001321,-75.70605441,9716
16--5612,2016/05/22,10:36 AM,CUMMINGS AVE btwn WELDON DR & OGILVIE RD (__3ZA7UQ),__3ZA7UQ,04 - At/near private drive,03 - P.D. only,02 - Angle,01 - Clear,01 - Daylight,01 - Dry,10 - No control,,2,0,0,0,,0,,,,,372744.4361,5032179.379,45.42624811,-75.6317246,9717
16--5613,2016/05/22,10:54 AM,BEATRICE DR btwn NO NAME & HOLLOWBROOK DR (__4FP8SQ),__4FP8SQ,04 - At/near private drive,03 - P.D. only,04 - Sideswipe,01 - Clear,01 - Daylight,01 - Dry,10 - No control,,2,0,0,0,,0,,,,,365482.3635,5015096.947,45.27321069,-75.72661524,9718
16--5614,2016/05/22,11:04 AM,INNES RD @ ORLEANS BLVD (0003611),3611,03 - At intersection,03 - P.D. only,05 - Turning movement,01 - Clear,01 - Daylight,01 - Dry,01 - Traffic signal,01 - Functioning,2,0,0,0,,0,,,,,380461.4715,5034296.178,45.44450132,-75.53279517,9719
16--5615,2016/05/22,11:31 AM,PRINCE OF WALES DR btwn SIR JOHN A CARLING BLDG & NAVY PRIV (__3ZA308A),__3ZA308A,01 - Non intersection,02 - Non-fatal injury,03 - Rear end,01 - Clear,01 - Daylight,01 - Dry,10 - No control,,2,0,0,0,01 - Minimal,1,1,,,,366822.5705,5028652.698,45.39506621,-75.7078374,9720
16--5616,2016/05/22,12:09 PM,CAMBRIDGE ST    N btwn CHRISTIE ST & GLADSTONE AVE (__3ZA0VQ),__3ZA0VQ,01 - Non intersection,03 - P.D. only,06 - SMV unattended vehicle,01 - Clear,01 - Daylight,01 - Dry,10 - No control,,1,0,0,0,,0,,,,,367051.2405,5030073.686,45.40783157,-75.70473771,9721
16--5617,2016/05/22,12:25 PM,BANK ST @ ROSEBERY AVE (0007239),7239,02 - Intersection related,03 - P.D. only,03 - Rear end,01 - Clear,01 - Daylight,01 - Dry,02 - Stop sign,01 - Functioning,2,0,0,0,,0,,,,,368121.5808,5030065.327,45.40766035,-75.6910665,9722
16--5618,2016/05/22,12:27 AM,MACDONALD-CARTIER BR RAMP NB-3 btwn MACDONALD-CARTIER BR RAMP NB-1/NB- (__7TTQA0),__7TTQA0,01 - Non intersection,03 - P.D. only,07 - SMV other,01 - Clear,07 - Dark,01 - Dry,10 - No control,,1,0,0,0,,0,,,,,367986.3031,5033284.924,45.43664142,-75.69238155,9723
16--5619,2016/05/22,12:30 PM,ABERDEEN ST @ PRESTON ST (0005695),5695,02 - Intersection related,03 - P.D. only,03 - Rear end,01 - Clear,01 - Daylight,01 - Dry,02 - Stop sign,01 - Functioning,2,0,0,0,,0,,,,,366652.3711,5029340.886,45.4012734,-75.70992471,9724
16--562,2016/01/13,5:07 PM,TENTH LINE RD btwn OLD TENTH LINE RD & TOMPKINS AVE (__3ZBPKU),__3ZBPKU,01 - Non intersection,03 - P.D. only,04 - Sideswipe,01 - Clear,05 - Dusk,01 - Dry,10 - No control,,2,0,0,0,,0,,,,,383177.5633,5037998.738,45.47751444,-75.49748949,9725