Anom_ID,Accident_Date,Accident_Time,Location,Geo_ID,Accident_Location,Classification_of_Accident,Initial_Impact_Type,Environment_Condition,Light,Road_Surface_Condition,Traffic_Control,Traffic_Control_Condition,No__of_Vehicles,No__of_Bicycles,No__of_Motorcycles,No__of_Pedestrians,Max_Injury,No__of_Injuries,No__of_Minimal,No__of_Minor,No__of_Major,No__of_Fatal,X,Y,Latitude,Longitude,ObjectId
16--5620,2016/05/22,12:48 PM,MOODIE DR @ ROBERTSON RD (0010545),10545,03 - At intersection,02 - Non-fatal injury,02 - Angle,01 - Clear,01 - Daylight,01 - Dry,01 - Traffic signal,01 - Functioning,2,0,0,0,02 - Minor,2,,2,,,357067.3285,5020454.802,45.32209729,-75.83329057,9726
16--5621,2016/05/22,2:06 AM,CARLING AVE btwn DEFENSE  RESEARCH COMPLEX & RIFLE RD (__3ZA4Z6B),__3ZA4Z6B,01 - Non intersection,02 - Non-fatal injury,07 - SMV other,01 - Clear,07 - Dark,01 - Dry,10 - No control,,1,0,0,0,01 - Minimal,1,1,,,,353804.7304,5023261.062,45.3475838,-75.87462704,9727
16--5622,2016/05/22,2:20 PM,TENTH LINE RD btwn ST. JOSEPH BLVD & OLD TENTH LINE RD (__3ZA1TE),__3ZA1TE,01 - Non intersection,03 - P.D. only,03 - Rear end,01 - Clear,01 - Daylight,01 - Dry,10 - No control,,2,0,0,0,,0,,,,,382904.1071,5038641.425,45.4833274,-75.50088447,9728
16--5623,2016/05/22,2:35 PM,BANNING RD btwn MORRENA RD & BRADLEY FARM CRT (__3ZA1Z3),__3ZA1Z3,04 - At/near private drive,03 - P.D. only,99 - Other,01 - Clear,01 - Daylight,01 - Dry,10 - No control,,2,0,0,0,,0,,,,,353085.6334,5017882.101,45.29923274,-75.88432774,9729
16--5624,2016/05/22,2:58 PM,WEST HUNT CLUB RD WB btwn LANCELOT DR & 210 W OF MERIVALE RD (__3ZA3JCA),__3ZA3JCA,01 - Non intersection,03 - P.D. only,03 - Rear end,01 - Clear,01 - Daylight,01 - Dry,10 - No control,,2,0,0,0,,0,,,,,365376.6566,5021797.57,45.33351152,-75.72714352,9730
16--5625,2016/05/22,3:03 AM,REGIONAL ROAD 174 btwn TRANSIT & OR174 IC105 RAMP51 (__3ZA28H),__3ZA28H,01 - Non intersection,02 - Non-fatal injury,03 - Rear end,01 - Clear,07 - Dark,01 - Dry,10 - No control,,2,0,0,0,02 - Minor,1,,1,,,378534.7879,5036509.322,45.4646195,-75.55708937,9731
16--5626,2016/05/22,3:08 PM,HWY 417 TERRYFO IC140R52 @ TERRY FOX DR (0003180),3180,02 - Intersection related,03 - P.D. only,03 - Rear end,01 - Clear,01 - Daylight,01 - Dry,01 - Traffic signal,01 - Functioning,2,0,0,0,,0,,,,,351052.5648,5018433.328,45.30432962,-75.91019781,9732
16--5627,2016/05/22,3:56 PM,BANK ST @ PORTLAND AVE (0006964),6964,02 - Intersection related,03 - P.D. only,04 - Sideswipe,01 - Clear,01 - Daylight,01 - Dry,02 - Stop sign,01 - Functioning,4,0,0,0,,0,,,,,370106.9449,5026552.523,45.37587093,-75.66617106,9733
16--5628,2016/05/22,5:20 PM,INNES RD @ JEANNE D'ARC BLVD/MER BLEUE RD (0012475),12475,02 - Intersection related,03 - P.D. only,03 - Rear end,01 - Clear,01 - Daylight,01 - Dry,01 - Traffic signal,01 - Functioning,2,0,0,0,,0,,,,,382638.43,5035568.681,45.45571121,-75.50476922,9734
16--5629,2016/05/22,5:54 PM,BRONSON AVE btwn FIRST AVE & SECOND AVE (__3ZA3OO),__3ZA3OO,01 - Non intersection,03 - P.D. only,03 - Rear end,01 - Clear,01 - Daylight,01 - Dry,10 - No control,,3,0,0,0,,0,,,,,367513.5959,5029176.8,45.39972038,-75.69894574,9735
16--563,2016/01/13,5:13 PM,FAIRLAWN AVE btwn WOODROFFE AVE & FOX CRES (__3ZA4NJ),__3ZA4NJ,01 - Non intersection,03 - P.D. only,03 - Rear end,03 - Snow,05 - Dusk,05 - Packed snow,10 - No control,,2,0,0,0,,0,,,,,361941.2769,5025819.024,45.36998447,-75.77050479,9736
16--5630,2016/05/22,6:26 AM,RIVERSIDE DR SB btwn RIVERSIDE DR SPLIT & DATA CENTRE RD (__3ZA3BO),__3ZA3BO,01 - Non intersection,02 - Non-fatal injury,07 - SMV other,01 - Clear,01 - Daylight,01 - Dry,10 - No control,,1,0,1,0,01 - Minimal,1,1,,,,368779.9668,5027613.96,45.38554385,-75.68297441,9737
16--5631,2016/05/22,6:36 AM,VICTORIA ST btwn YORKS CORNERS RD & CARTWRIGHT RD (__3ZA3XA),__3ZA3XA,01 - Non intersection,02 - Non-fatal injury,07 - SMV other,01 - Clear,01 - Daylight,01 - Dry,10 - No control,,1,0,0,0,02 - Minor,1,,1,,,390200.8151,5014163.269,45.26224282,-75.4117928,9738
16--5632,2016/05/22,7:00 PM,ASHGROVE CRES btwn CARLAW AVE & GLENBROOK WAY (__3ZAAGQ),__3ZAAGQ,01 - Non intersection,03 - P.D. only,06 - SMV unattended vehicle,01 - Clear,01 - Daylight,01 - Dry,10 - No control,,1,0,0,0,,0,,,,,361540.1446,5022289.271,45.33825654,-75.77603054,9739
16--5633,2016/05/22,7:42 AM,CRESTWAY DR btwn WATERBRIDGE DR & OLDFIELD ST (__4CZRVE),__4CZRVE,01 - Non intersection,03 - P.D. only,05 - Turning movement,01 - Clear,01 - Daylight,01 - Dry,10 - No control,,2,0,0,0,,0,,,,,366632.255,5016342.346,45.28431653,-75.71180634,9740
16--5634,2016/05/22,7:45 PM,HIGHWAY 416 btwn HWY416 IC66 RAMP24 & HWY416 IC57 RAMP62 (__3ZA1OI),__3ZA1OI,01 - Non intersection,03 - P.D. only,07 - SMV other,01 - Clear,01 - Daylight,01 - Dry,10 - No control,,1,0,0,0,,0,,,,,363812.4077,5009879.397,45.22640502,-75.74851601,9741
16--5635,2016/05/22,9:33 AM,MORISSET AVE btwn CALDWELL AVE & MERIVALE RD (__3ZAA59),__3ZAA59,01 - Non intersection,03 - P.D. only,06 - SMV unattended vehicle,01 - Clear,01 - Daylight,01 - Dry,10 - No control,,1,0,0,0,,0,,,,,364398.5662,5026201.509,45.37322136,-75.73909034,9742
16--5636,2016/05/22,9:58 PM,RICHMOND RD @ CAMBRIAN RD N (0000845),845,02 - Intersection related,03 - P.D. only,07 - SMV other,01 - Clear,07 - Dark,01 - Dry,02 - Stop sign,01 - Functioning,1,0,0,0,,0,,,,,359113.3574,5009588.741,45.22416767,-75.80838246,9743
16--5637,2016/05/23,1:01 PM,MASON ST btwn LAKES PARK DR & ESTHER ST (__3ZA710),__3ZA710,04 - At/near private drive,03 - P.D. only,99 - Other,01 - Clear,01 - Daylight,01 - Dry,10 - No control,,2,0,0,0,,0,,,,,377445.7674,5015354.255,45.27439172,-75.57412471,9744
16--5638,2016/05/23,10:32 AM,BEARBROOK RD/ROCKCLIFFE PKWY @ ST. JOSEPH BLVD (0012382),12382,03 - At intersection,02 - Non-fatal injury,05 - Turning movement,01 - Clear,01 - Daylight,01 - Dry,01 - Traffic signal,01 - Functioning,2,0,1,0,03 - Major,1,,,1,,377128.439,5035238.665,45.45333402,-75.57525811,9745
16--5639,2016/05/23,11:23 AM,HAZELDEAN RD @ TERRY FOX DR (0003682),3682,02 - Intersection related,03 - P.D. only,03 - Rear end,01 - Clear,01 - Daylight,01 - Dry,01 - Traffic signal,01 - Functioning,2,0,0,0,,0,,,,,352207.8365,5017242.676,45.29353882,-75.8955807,9746
16--564,2016/01/13,5:35 PM,BASELINE RD btwn MCWATTERS RD & ROCKWAY CRES (__3ZA2LT),__3ZA2LT,04 - At/near private drive,03 - P.D. only,02 - Angle,01 - Clear,05 - Dusk,05 - Packed snow,10 - No control,,2,0,0,0,,0,,,,,360898.6224,5022762.737,45.34256837,-75.78416164,9747
16--5640,2016/05/23,Unknown,GLOUCESTER ST btwn KENT ST & BANK ST (__3ZBOR0),__3ZBOR0,01 - Non intersection,03 - P.D. only,06 - SMV unattended vehicle,01 - Clear,00 - Unknown,01 - Dry,10 - No control,,1,0,0,0,,0,,,,,367506.3451,5031188.435,45.41782112,-75.69878248,9748
16--5641,2016/05/23,Unknown,SILVER HORSE CRES btwn EQUESTRIAN DR & EQUESTRIAN DR (__3ZA2V2),__3ZA2V2,01 - Non intersection,03 - P.D. only,06 - SMV unattended vehicle,01 - Clear,00 - Unknown,01 - Dry,10 - No control,,1,0,0,0,,0,,,,,355086.8646,5016250.987,45.28441526,-75.85897772,9749
16--5642,2016/05/23,12:31 PM,BRONSON AVE @ KIPPEWA DR (0007226),7226,03 - At intersection,03 - P.D. only,02 - Angle,01 - Clear,01 - Daylight,01 - Dry,02 - Stop sign,01 - Functioning,2,0,0,0,,0,,,,,367557.3932,5029075.331,45.39880347,-75.69839928,9750
16--5643,2016/05/23,12:34 AM,MEADOWLANDS DR @ MERIVALE RD (0000625),625,03 - At intersection,02 - Non-fatal injury,05 - Turning movement,01 - Clear,07 - Dark,01 - Dry,01 - Traffic signal,01 - Functioning,2,0,0,0,01 - Minimal,2,2,,,,364857.5725,5023725.736,45.35090554,-75.73353148,9751
16--5644,2016/05/23,2:21 PM,ST. JOSEPH BLVD/OLD MONTREAL RD @ TRIM RD (0004118),4118,03 - At intersection,03 - P.D. only,02 - Angle,01 - Clear,01 - Daylight,01 - Dry,11 - Roundabout,01 - Functioning,2,0,0,0,,0,,,,,384682.4877,5039284.783,45.48891447,-75.47803418,9752
16--5645,2016/05/23,2:51 AM,STAGECOACH RD btwn FOREST RD & CABIN RD (__3ZA2C3),__3ZA2C3,01 - Non intersection,02 - Non-fatal injury,07 - SMV other,01 - Clear,07 - Dark,01 - Dry,10 - No control,,1,0,0,0,02 - Minor,3,,3,,,378134.032,5003873.61,45.17102114,-75.56704509,9753
16--5646,2016/05/23,3:22 PM,BRONSON AVE @ COMMISSIONER ST/SLATER ST (0001679),1679,03 - At intersection,03 - P.D. only,05 - Turning movement,01 - Clear,01 - Daylight,01 - Dry,01 - Traffic signal,01 - Functioning,2,0,0,0,,0,,,,,366767.7869,5030949.257,45.41573486,-75.70824842,9754
16--5647,2016/05/23,3:35 PM,HIGHWAY 417 btwn HWY417 IC121A RAMP51 & HWY417 IC120A RAMP52 (__3ZA2R6),__3ZA2R6,01 - Non intersection,03 - P.D. only,04 - Sideswipe,01 - Clear,01 - Daylight,01 - Dry,10 - No control,,2,0,0,0,,0,,,,,367529.4625,5029850.775,45.40578319,-75.69865736,9755
16--5648,2016/05/23,3:58 PM,ALBERT ST @ BAY ST (0006357),6357,03 - At intersection,03 - P.D. only,02 - Angle,01 - Clear,01 - Daylight,01 - Dry,01 - Traffic signal,01 - Functioning,2,0,0,0,,0,,,,,366942.4699,5031144.263,45.41747398,-75.70599215,9756
16--5649,2016/05/23,4:38 PM,LOLA ST @ DONALD ST (0008513),8513,02 - Intersection related,03 - P.D. only,03 - Rear end,01 - Clear,01 - Daylight,01 - Dry,01 - Traffic signal,01 - Functioning,2,0,0,0,,0,,,,,371094.3439,5032359.864,45.42803037,-75.65278482,9757
16--6136,2016/06/04,12:07 AM,EMOND ST @ MONTREAL RD (0009802),9802,02 - Intersection related,03 - P.D. only,03 - Rear end,01 - Clear,07 - Dark,01 - Dry,02 - Stop sign,01 - Functioning,2,0,0,0,,0,,,,,370194.6775,5033134.547,45.43508534,-75.66417807,9758
16--6137,2016/06/04,12:15 PM,MERIVALE RD @ EMERALD PLAZA SC (0005311),5311,03 - At intersection,03 - P.D. only,04 - Sideswipe,01 - Clear,01 - Daylight,01 - Dry,01 - Traffic signal,01 - Functioning,2,0,1,0,,0,,,,,364737.8067,5024006.123,45.35343867,-75.73502584,9759
16--548,2016/01/13,3:25 PM,CARP RD btwn MCCOOEYE LANE & STITTSVILLE MAIN ST (__3ZAYF1),__3ZAYF1,04 - At/near private drive,03 - P.D. only,02 - Angle,01 - Clear,01 - Daylight,02 - Wet,10 - No control,,2,0,0,0,,0,,,,,349501.5216,5014327.577,45.26748515,-75.93034526,9760
16--6138,2016/06/04,12:22 PM,MONTREAL RD @ ST. LAURENT BLVD (0002604),2604,02 - Intersection related,02 - Non-fatal injury,03 - Rear end,01 - Clear,01 - Daylight,01 - Dry,01 - Traffic signal,01 - Functioning,2,0,0,0,01 - Minimal,1,1,,,,371546.6214,5033817.824,45.44110541,-75.64680787,9761
16--6139,2016/06/04,12:28 PM,NICHOLAS ST btwn DALY AVE & SB RAMP FROM WALLER/NICHOLAS/MACKENZIE KIN (__3ZA3VJ),__3ZA3VJ,01 - Non intersection,02 - Non-fatal injury,03 - Rear end,01 - Clear,01 - Daylight,01 - Dry,10 - No control,,3,0,0,0,02 - Minor,1,,1,,,368243.8374,5032022.028,45.42525502,-75.68925291,9762
16--614,2016/01/14,3:39 PM,JEANNE D'ARC BLVD @ ORLEANS BLVD N (0003792),3792,03 - At intersection,03 - P.D. only,05 - Turning movement,03 - Snow,01 - Daylight,03 - Loose snow,01 - Traffic signal,01 - Functioning,2,0,0,0,,0,,,,,380029.5278,5038106.251,45.47882803,-75.53773303,9763
16--6140,2016/06/04,12:52 PM,CATHERINE ST @ KENT ST (0002707),2707,03 - At intersection,03 - P.D. only,04 - Sideswipe,01 - Clear,01 - Daylight,01 - Dry,01 - Traffic signal,01 - Functioning,2,0,0,0,,0,,,,,367908.1667,5030187.416,45.40877814,-75.69377697,9764
16--6141,2016/06/04,2:00 PM,ISLAND PARK DR @ RICHMOND RD (0002125),2125,02 - Intersection related,03 - P.D. only,04 - Sideswipe,01 - Clear,01 - Daylight,01 - Dry,01 - Traffic signal,01 - Functioning,2,0,0,0,,0,,,,,364130.4301,5028865.494,45.39721419,-75.74219318,9765
16--6142,2016/06/04,2:00 PM,IONA ST @ ISLAND PARK DR (0006683),6683,03 - At intersection,02 - Non-fatal injury,02 - Angle,01 - Clear,01 - Daylight,01 - Dry,01 - Traffic signal,01 - Functioning,2,1,0,0,02 - Minor,1,,1,,,364349.7223,5028385.872,45.39288003,-75.73945038,9766
16--6143,2016/06/04,2:31 PM,BANK ST @ RANDALL AVE (0007207),7207,02 - Intersection related,02 - Non-fatal injury,03 - Rear end,01 - Clear,01 - Daylight,01 - Dry,01 - Traffic signal,01 - Functioning,2,0,0,0,02 - Minor,1,,1,,,369739.4997,5027282.769,45.3824756,-75.670766,9767
16--6144,2016/06/04,2:40 PM,HIGHWAY 417 btwn HWY417 IC124 RAMP57 & HWY417 IC124 RAMP55 (__3ZA2Y1),__3ZA2Y1,01 - Non intersection,03 - P.D. only,03 - Rear end,01 - Clear,01 - Daylight,01 - Dry,10 - No control,,3,0,0,0,,0,,,,,364358.4148,5027415.648,45.38414939,-75.73945646,9768
16--6145,2016/06/04,3:48 PM,BLOHM DR @ HUNT CLUB RD (0011392),11392,03 - At intersection,03 - P.D. only,03 - Rear end,01 - Clear,01 - Daylight,01 - Dry,01 - Traffic signal,01 - Functioning,2,0,0,0,,0,,,,,375130.4224,5026188.842,45.37211249,-75.6020915,9769
16--6146,2016/06/04,3:50 PM,KING EDWARD AVE @ MURRAY ST (0002713),2713,02 - Intersection related,02 - Non-fatal injury,03 - Rear end,01 - Clear,01 - Daylight,01 - Dry,01 - Traffic signal,01 - Functioning,2,0,0,0,01 - Minimal,1,1,,,,368289.7467,5032754.363,45.43184014,-75.68857189,9770
16--6147,2016/06/04,3:50 PM,BASELINE RD btwn CLYDE AVE & 207 E OF CLYDE AVE (__3ZA4ISA),__3ZA4ISA,04 - At/near private drive,03 - P.D. only,03 - Rear end,01 - Clear,01 - Daylight,01 - Dry,10 - No control,,2,0,0,0,,0,,,,,364477.9807,5024966.43,45.36210154,-75.73822571,9771
16--6148,2016/06/04,3:55 PM,BASELINE RD btwn CLYDE AVE & 207 E OF CLYDE AVE (__3ZA4ISA),__3ZA4ISA,01 - Non intersection,03 - P.D. only,03 - Rear end,01 - Clear,01 - Daylight,01 - Dry,10 - No control,,4,0,0,0,,0,,,,,364394.2502,5024916.294,45.36165755,-75.73930046,9772
16--6149,2016/06/04,4:08 PM,DECOEUR DR/SOUTHFIELD WAY @ TENTH LINE RD (0013515),13515,03 - At intersection,03 - P.D. only,02 - Angle,01 - Clear,01 - Daylight,01 - Dry,02 - Stop sign,01 - Functioning,2,0,0,0,,0,,,,,384551.517,5034726.576,45.447919,-75.48044916,9773
16--615,2016/01/14,4:00 PM,PERTH ST btwn OAK LEAF PRIV & MCBEAN ST (__3ZA422),__3ZA422,04 - At/near private drive,03 - P.D. only,02 - Angle,01 - Clear,01 - Daylight,02 - Wet,10 - No control,,2,0,0,0,,0,,,,,356677.5006,5006195.473,45.19381765,-75.83975151,9774
16--6150,2016/06/04,4:20 PM,ISLAND PARK DR @ SCOTT ST (0002126),2126,02 - Intersection related,03 - P.D. only,04 - Sideswipe,01 - Clear,01 - Daylight,01 - Dry,01 - Traffic signal,01 - Functioning,2,0,0,0,,0,,,,,363833.4183,5029040.426,45.3988133,-75.74596554,9775
16--6151,2016/06/04,4:59 AM,BANK ST btwn SCRIVENS DR & JOHN QUINN RD (__3ZA278),__3ZA278,01 - Non intersection,03 - P.D. only,07 - SMV other,01 - Clear,03 - Dawn,01 - Dry,10 - No control,,1,0,0,0,,0,,,,,382820.2985,5011059.945,45.23517802,-75.50631008,9776
16--6152,2016/06/04,5:01 PM,PRINCE OF WALES DR @ WEST HUNT CLUB RD (0000567),567,02 - Intersection related,03 - P.D. only,03 - Rear end,01 - Clear,01 - Daylight,01 - Dry,01 - Traffic signal,01 - Functioning,2,0,0,0,,0,,,,,367459.1009,5021892.285,45.33418089,-75.70056559,9777
16--6153,2016/06/04,5:12 PM,LAWN AVE btwn WOODLAND AVE & ANCASTER AVE (__3ZAACN),__3ZAACN,04 - At/near private drive,03 - P.D. only,06 - SMV unattended vehicle,01 - Clear,01 - Daylight,01 - Dry,10 - No control,,1,0,0,0,,0,,,,,361627.2012,5025974.443,45.37140846,-75.77449624,9778
16--6154,2016/06/04,5:31 PM,ST. JOSEPH BLVD @ JEANNE D'ARC BLVD (0012421),12421,03 - At intersection,03 - P.D. only,02 - Angle,01 - Clear,01 - Daylight,01 - Dry,11 - Roundabout,01 - Functioning,2,0,0,0,,0,,,,,379860.7425,5036470.455,45.46412859,-75.54014155,9779
16--6155,2016/06/04,5:50 PM,CLEMENTINE BLVD @ SECORD AVE (0007867),7867,02 - Intersection related,03 - P.D. only,07 - SMV other,01 - Clear,01 - Daylight,01 - Dry,02 - Stop sign,01 - Functioning,1,0,0,0,,0,,,,,369541.4988,5026883.869,45.37890475,-75.67334638,9780
16--6156,2016/06/04,6:04 PM,RICHMOND RD @ LYNHAR RD/STAFFORD RD (0000155),155,02 - Intersection related,03 - P.D. only,04 - Sideswipe,01 - Clear,01 - Daylight,01 - Dry,01 - Traffic signal,01 - Functioning,2,0,0,0,,0,,,,,358144.014,5021084.212,45.32767978,-75.81948979,9781
16--6157,2016/06/04,6:45 AM,BANK ST @ THIRD AVE (0007230),7230,02 - Intersection related,03 - P.D. only,05 - Turning movement,01 - Clear,01 - Daylight,01 - Dry,01 - Traffic signal,01 - Functioning,2,0,0,0,,0,,,,,368336.3202,5029550,45.40300414,-75.68838988,9782
16--6158,2016/06/04,7:26 PM,CLYDE AVE btwn BASELINE RD & NE/OT BOUNDARY (__3ZA4IK),__3ZA4IK,04 - At/near private drive,03 - P.D. only,02 - Angle,01 - Clear,01 - Daylight,01 - Dry,10 - No control,,2,0,0,0,,0,,,,,364365.5012,5024875.121,45.36128953,-75.73967236,9783
16--6159,2016/06/04,9:08 PM,GEORGE ST @ DALHOUSIE ST (0008516),8516,03 - At intersection,02 - Non-fatal injury,07 - SMV other,01 - Clear,05 - Dusk,01 - Dry,01 - Traffic signal,01 - Functioning,1,0,0,1,01 - Minimal,1,1,,,,368157.0149,5032316.083,45.42790869,-75.69032448,9784
16--616,2016/01/14,4:17 PM,INDUSTRIAL AVE btwn TRAINYARDS DR & RUSSELL RD (__3ZA3R9),__3ZA3R9,01 - Non intersection,02 - Non-fatal injury,01 - Approaching,01 - Clear,05 - Dusk,02 - Wet,10 - No control,,2,0,0,0,02 - Minor,3,,3,,,371980.139,5030473.813,45.41097601,-75.64172314,9785
16--6160,2016/06/04,9:58 AM,MCCOOEY LANE @ FISHER AVE (0003055),3055,02 - Intersection related,03 - P.D. only,03 - Rear end,01 - Clear,01 - Daylight,01 - Dry,01 - Traffic signal,01 - Functioning,3,0,0,0,,0,,,,,365998.9374,5026429.653,45.37513621,-75.71863162,9786
16--6161,2016/06/05,1:00 PM,MONTREAL RD @ OGILVIE RD (0009279),9279,02 - Intersection related,03 - P.D. only,03 - Rear end,02 - Rain,01 - Daylight,02 - Wet,01 - Traffic signal,01 - Functioning,2,0,0,0,,0,,,,,375654.5095,5034556.361,45.44734606,-75.59419865,9787
16--6162,2016/06/05,1:06 PM,ROCKY HILL DR @ PRINCE OF WALES DR (0010328),10328,02 - Intersection related,03 - P.D. only,03 - Rear end,02 - Rain,01 - Daylight,02 - Wet,01 - Traffic signal,01 - Functioning,2,0,0,0,,0,,,,,366968.242,5014403.63,45.26684247,-75.7077666,9788
16--6163,2016/06/05,1:30 AM,LEES AVE / GRAHAM AVE @ MAIN ST (0002252),2252,02 - Intersection related,03 - P.D. only,03 - Rear end,01 - Clear,07 - Dark,01 - Dry,01 - Traffic signal,01 - Functioning,2,0,0,0,,0,,,,,369002.1144,5030560.176,45.41203261,-75.67975438,9789
16--6164,2016/06/05,1:32 AM,VALEWOOD CRES btwn VALECREST CRT & WESTPARK DR (__3ZA6ZD),__3ZA6ZD,01 - Non intersection,03 - P.D. only,07 - SMV other,01 - Clear,07 - Dark,01 - Dry,10 - No control,,1,0,0,0,,0,,,,,377297.6578,5033648.478,45.43900903,-75.57332919,9790
16--6165,2016/06/05,10:04 AM,DAWSON AVE @ WESLEY AVE (0006671),6671,03 - At intersection,03 - P.D. only,02 - Angle,02 - Rain,01 - Daylight,02 - Wet,02 - Stop sign,01 - Functioning,2,0,0,0,,0,,,,,363856.9196,5028330.33,45.392422,-75.74575039,9791
16--6166,2016/06/05,10:05 AM,KENT ST @ NEPEAN ST (0006972),6972,03 - At intersection,03 - P.D. only,02 - Angle,02 - Rain,01 - Daylight,02 - Wet,01 - Traffic signal,01 - Functioning,2,0,0,0,,0,,,,,367398.4842,5031029.356,45.41639943,-75.70018072,9792
16--6167,2016/06/05,11:00 AM,ALTA VISTA DR @ CUNNINGHAM AVE (0008112),8112,02 - Intersection related,03 - P.D. only,03 - Rear end,02 - Rain,01 - Daylight,02 - Wet,02 - Stop sign,01 - Functioning,2,0,0,0,,0,,,,,370344.9502,5028016.181,45.3890182,-75.66293824,9793
16--6168,2016/06/05,Unknown,VERA ST btwn PRINCE ALBERT ST & QUEEN MARY ST (__3ZA8JN),__3ZA8JN,01 - Non intersection,03 - P.D. only,06 - SMV unattended vehicle,01 - Clear,00 - Unknown,01 - Dry,10 - No control,,1,0,0,0,,0,,,,,370524.0662,5031959.146,45.4244787,-75.66012542,9794
16--6169,2016/06/05,12:15 AM,ARLINGTON AVE @ KENT ST (0007259),7259,03 - At intersection,02 - Non-fatal injury,02 - Angle,01 - Clear,07 - Dark,01 - Dry,01 - Traffic signal,01 - Functioning,2,1,0,0,02 - Minor,1,,1,,,367869.1001,5030257.571,45.40941289,-75.69426703,9795
16--617,2016/01/14,4:35 PM,LABELLE ST/RAMP @ LEMIEUX ST/HWY417 IC115 RAMP (0012538),12538,03 - At intersection,02 - Non-fatal injury,02 - Angle,01 - Clear,05 - Dusk,02 - Wet,02 - Stop sign,01 - Functioning,2,0,0,0,02 - Minor,2,,2,,,372540.5731,5031689.278,45.42185818,-75.63439691,9796
16--6170,2016/06/05,2:00 PM,TRIM RD @ VALIN ST (0013092),13092,02 - Intersection related,03 - P.D. only,99 - Other,02 - Rain,01 - Daylight,02 - Wet,01 - Traffic signal,01 - Functioning,2,0,0,0,,0,,,,,386437.7885,5037555.434,45.47315247,-75.45586915,9797
16--6171,2016/06/05,2:15 PM,WOODRIDGE CRES btwn BAYSHORE PS & TRANSITWAY LINK (__6KE4J1B),__6KE4J1B,01 - Non intersection,03 - P.D. only,04 - Sideswipe,01 - Clear,01 - Daylight,02 - Wet,10 - No control,,2,0,0,0,,0,,,,,358701.6514,5023175.163,45.34645164,-75.81214875,9798
16--6172,2016/06/05,2:30 AM,VANIER PKWY/CRICHTON ST @ BEECHWOOD AVE/ST. PA (0001604),1604,03 - At intersection,03 - P.D. only,05 - Turning movement,01 - Clear,07 - Dark,01 - Dry,01 - Traffic signal,01 - Functioning,2,0,0,0,,0,,,,,369127.7023,5033487.164,45.43835702,-75.67776778,9799
16--6173,2016/06/05,2:32 PM,LYON ST @ SPARKS ST (0006076),6076,02 - Intersection related,03 - P.D. only,04 - Sideswipe,02 - Rain,01 - Daylight,02 - Wet,01 - Traffic signal,01 - Functioning,2,0,0,0,,0,,,,,366976.6337,5031353.592,45.41935442,-75.70552926,9800
16--6174,2016/06/05,2:45 AM,HWY417 IC118 RAMP35 btwn HWY417 IC118 RAMP45 & MANN AVE OVERPASS (__3ZAYAW),__3ZAYAW,01 - Non intersection,03 - P.D. only,07 - SMV other,01 - Clear,07 - Dark,01 - Dry,10 - No control,,1,0,0,0,,0,,,,,369392.4442,5030961.24,45.41560532,-75.67471549,9801
16--6175,2016/06/05,3:23 PM,HWY 417 ST.LAURE IC115R51 @ ST. LAURENT BLVD (0002712),2712,02 - Intersection related,03 - P.D. only,03 - Rear end,02 - Rain,01 - Daylight,02 - Wet,01 - Traffic signal,01 - Functioning,2,0,0,0,,0,,,,,372531.3767,5031410.093,45.4193471,-75.63455279,9802
16--6176,2016/06/05,3:23 PM,BASELINE RD @ GREENBANK RD (0002357),2357,02 - Intersection related,03 - P.D. only,03 - Rear end,02 - Rain,01 - Daylight,02 - Wet,01 - Traffic signal,01 - Functioning,3,0,0,0,,0,,,,,360596.8561,5022584.086,45.34098493,-75.78803213,9803
16--6177,2016/06/05,4:22 PM,BRONSON AVE @ COMMISSIONER ST/SLATER ST (0001679),1679,03 - At intersection,03 - P.D. only,05 - Turning movement,01 - Clear,01 - Daylight,02 - Wet,01 - Traffic signal,01 - Functioning,2,0,0,0,,0,,,,,366769.096,5030947.786,45.41572151,-75.70823188,9804
16--6178,2016/06/05,6:12 PM,KITCHENER AVE @ BANK ST (0011963),11963,02 - Intersection related,03 - P.D. only,03 - Rear end,01 - Clear,01 - Daylight,01 - Dry,01 - Traffic signal,01 - Functioning,2,0,0,0,,0,,,,,370540.4251,5025500.874,45.366368,-75.660777,9805
16--6179,2016/06/05,6:22 PM,BRIGHTSIDE AVE btwn Continuation of BRIGHTSIDE AVE & HOPETOWN ST (__4TYA7E),__4TYA7E,01 - Non intersection,02 - Non-fatal injury,06 - SMV unattended vehicle,02 - Rain,01 - Daylight,02 - Wet,10 - No control,,1,0,0,0,02 - Minor,2,1,1,,,351604.2847,5012335.369,45.24942182,-75.90373774,9806
16--618,2016/01/14,4:45 PM,INDUSTRIAL AVE @ RIVERSIDE DR (0011905),11905,02 - Intersection related,02 - Non-fatal injury,03 - Rear end,01 - Clear,05 - Dusk,02 - Wet,01 - Traffic signal,01 - Functioning,2,0,0,0,02 - Minor,1,,1,,,370682.4672,5030592.929,45.41217113,-75.65828413,9807
16--6180,2016/06/05,7:40 AM,ST. CHARLES ST btwn LAVAL ST & GENEST ST (__3ZA8XH),__3ZA8XH,01 - Non intersection,03 - P.D. only,07 - SMV other,02 - Rain,01 - Daylight,02 - Wet,10 - No control,,1,0,0,0,,0,,,,,369535.5679,5033665.223,45.43992148,-75.6725316,9808
16--6181,2016/06/05,8:48 AM,KING EDWARD AVE @ MURRAY ST (0002713),2713,03 - At intersection,03 - P.D. only,02 - Angle,02 - Rain,01 - Daylight,02 - Wet,01 - Traffic signal,01 - Functioning,2,0,0,0,,0,,,,,368291.9253,5032753.357,45.43183089,-75.68854418,9809