Anom_ID,Accident_Date,Accident_Time,Location,Geo_ID,Accident_Location,Classification_of_Accident,Initial_Impact_Type,Environment_Condition,Light,Road_Surface_Condition,Traffic_Control,Traffic_Control_Condition,No__of_Vehicles,No__of_Bicycles,No__of_Motorcycles,No__of_Pedestrians,Max_Injury,No__of_Injuries,No__of_Minimal,No__of_Minor,No__of_Major,No__of_Fatal,X,Y,Latitude,Longitude,ObjectId
16--6182,2016/06/06,11:00 PM,SABLE RIDGE DR btwn COURTYARD CRES & CRYSTAL RIDGE PL (__3ZA1AR),__3ZA1AR,01 - Non intersection,03 - P.D. only,06 - SMV unattended vehicle,01 - Clear,07 - Dark,01 - Dry,10 - No control,,1,0,0,0,,0,,,,,372680.9375,5024290.321,45.35527187,-75.63362121,9810
16--6183,2016/06/06,12:05 PM,ST. LAURENT BLVD btwn PLEASANT PARK RD & CONNERY AVE (__3ZA76H),__3ZA76H,01 - Non intersection,03 - P.D. only,04 - Sideswipe,01 - Clear,01 - Daylight,01 - Dry,10 - No control,,2,0,0,0,,0,,,,,373602.012,5028784.05,45.39561475,-75.62124067,9811
16--6184,2016/06/06,2:34 PM,FRANK KENNY RD btwn RUSSELL RD & DEVINE RD (__3ZA6HE),__3ZA6HE,01 - Non intersection,03 - P.D. only,07 - SMV other,06 - Strong wind,01 - Daylight,01 - Dry,10 - No control,,1,0,0,0,,0,,,,,392599.6018,5026271,45.37088083,-75.37908652,9812
16--6185,2016/06/06,3:19 PM,REGIONAL ROAD 174 btwn OR174 IC112 RAMP51 & OR174 IC112 RAMP15 (__3ZA2XE),__3ZA2XE,01 - Non intersection,03 - P.D. only,04 - Sideswipe,01 - Clear,01 - Daylight,01 - Dry,10 - No control,,2,0,0,0,,0,,,,,374869.5727,5032875.185,45.43229893,-75.60447135,9813
16--6186,2016/06/06,3:37 PM,BEARBROOK RD/ROCKCLIFFE PKWY @ ST. JOSEPH BLVD (0012382),12382,03 - At intersection,02 - Non-fatal injury,05 - Turning movement,01 - Clear,01 - Daylight,01 - Dry,01 - Traffic signal,01 - Functioning,2,0,0,0,02 - Minor,3,,3,,,377128.7343,5035240.006,45.45334605,-75.57525414,9814
16--6187,2016/06/06,3:47 PM,MARCH RD btwn HWY417 IC138 RAMP26 & EAGLESON RD (__3ZA413),__3ZA413,01 - Non intersection,03 - P.D. only,04 - Sideswipe,01 - Clear,01 - Daylight,01 - Dry,10 - No control,,2,0,0,0,,0,,,,,352936.7674,5020244.395,45.3204994,-75.88599629,9815
16--6188,2016/06/06,4:05 PM,SHEFFIELD RD @ WALKLEY RD (0005156),5156,03 - At intersection,03 - P.D. only,03 - Rear end,01 - Clear,01 - Daylight,01 - Dry,01 - Traffic signal,01 - Functioning,2,0,0,0,,0,,,,,375257.5096,5028784.313,45.3954525,-75.60009872,9816
16--6189,2016/06/06,4:45 PM,WEST HUNT CLUB RD btwn HWY416 IC72 RAMP63 & CEDARVIEW RD (__3ZA190),__3ZA190,01 - Non intersection,03 - P.D. only,03 - Rear end,01 - Clear,01 - Daylight,01 - Dry,10 - No control,,4,0,0,0,,0,,,,,359675.8364,5019531.479,45.31359012,-75.8001218,9817
16--619,2016/01/14,5:07 PM,MERIVALE RD @ WOODFIELD DR/ROYDON PL (0009776),9776,02 - Intersection related,03 - P.D. only,03 - Rear end,01 - Clear,05 - Dusk,04 - Slush,01 - Traffic signal,01 - Functioning,2,0,0,0,,0,,,,,365462.7011,5022298.124,45.33800801,-75.72598448,9818
16--5655,2016/05/23,8:01 PM,FIRST AVE @ LYON ST (0007405),7405,03 - At intersection,02 - Non-fatal injury,02 - Angle,01 - Clear,05 - Dusk,01 - Dry,02 - Stop sign,01 - Functioning,2,0,0,0,01 - Minimal,1,1,,,,368056.8345,5029571.888,45.40322639,-75.69195685,9819
16--5480,2016/05/18,1:38 PM,PARKDALE AVE @ WESTMOUNT AVE/HWY 417 PARKDAL I (0006516),6516,03 - At intersection,03 - P.D. only,04 - Sideswipe,01 - Clear,01 - Daylight,01 - Dry,01 - Traffic signal,01 - Functioning,2,0,0,0,,0,,,,,365301.298,5028925.149,45.39765076,-75.72723213,9820
16--5481,2016/05/18,10:32 AM,EAGLESON RD @ HAZELDEAN RD/ROBERTSON RD (0002715),2715,02 - Intersection related,03 - P.D. only,99 - Other,01 - Clear,01 - Daylight,01 - Dry,01 - Traffic signal,01 - Functioning,2,0,0,0,,0,,,,,353674.7485,5018425.359,45.30408036,-75.87676304,9821
16--5482,2016/05/18,10:38 AM,HIGHWAY 416 btwn HWY416 IC66 RAMP62 & HWY416 IC72 RAMP24 (__3ZAZMZ),__3ZAZMZ,01 - Non intersection,02 - Non-fatal injury,03 - Rear end,01 - Clear,01 - Daylight,01 - Dry,10 - No control,,2,0,0,0,01 - Minimal,1,1,,,,359590.4004,5019432.969,45.31271039,-75.80122225,9822
16--5483,2016/05/18,11:39 PM,CARLING AVE @ PRESTON ST (0002161),2161,03 - At intersection,02 - Non-fatal injury,05 - Turning movement,01 - Clear,07 - Dark,01 - Dry,01 - Traffic signal,01 - Functioning,2,0,0,0,02 - Minor,2,1,1,,,366830.1692,5028935.324,45.39760853,-75.70770482,9823
16--5484,2016/05/18,11:52 AM,RICHMOND RD btwn BERKLEY AVE & ROOSEVELT AVE (__3ZA307),__3ZA307,01 - Non intersection,03 - P.D. only,06 - SMV unattended vehicle,01 - Clear,01 - Daylight,01 - Dry,10 - No control,,1,0,0,0,,0,,,,,362973.0755,5028111.712,45.39052889,-75.75706328,9824
16--5485,2016/05/18,11:56 AM,PRINCESS PATRICIA WAY @ QUEEN ELIZABETH DRWY (0015088),15088,02 - Intersection related,03 - P.D. only,03 - Rear end,01 - Clear,01 - Daylight,01 - Dry,02 - Stop sign,01 - Functioning,2,0,1,0,,0,,,,,368968.6932,5029417.992,45.40175869,-75.68032998,9825
16--5486,2016/05/18,12:03 PM,ALTA VISTA DR btwn DALE AVE & 75 S OF CALEDON ST (__3ZA97HB),__3ZA97HB,04 - At/near private drive,02 - Non-fatal injury,02 - Angle,01 - Clear,01 - Daylight,01 - Dry,10 - No control,,2,0,0,0,02 - Minor,1,,1,,,370708.3154,5030223.583,45.40884547,-75.65800331,9826
16--5487,2016/05/18,12:35 AM,OLD MONTREAL RD E @ REGIONAL RD 174 (0012877),12877,03 - At intersection,03 - P.D. only,07 - SMV other,01 - Clear,07 - Dark,01 - Dry,02 - Stop sign,01 - Functioning,1,0,0,0,,0,,,,,394610.7218,5043037.719,45.52147132,-75.35035583,9827
16--5488,2016/05/18,12:41 PM,MONTGOMERY ST @ MONTREAL RD (0009342),9342,02 - Intersection related,03 - P.D. only,03 - Rear end,01 - Clear,01 - Daylight,01 - Dry,01 - Traffic signal,01 - Functioning,2,0,0,0,,0,,,,,369813.054,5032920.369,45.43319384,-75.66908344,9828
16--5489,2016/05/18,2:55 PM,ST. PATRICK ST/ST. ANDREW ST @ BEAUSOLEIL DR (0007780),7780,02 - Intersection related,02 - Non-fatal injury,03 - Rear end,01 - Clear,01 - Daylight,01 - Dry,01 - Traffic signal,01 - Functioning,2,0,0,0,02 - Minor,1,,1,,,368427.6331,5033069.434,45.4346625,-75.6867691,9829
16--549,2016/01/13,3:35 PM,LAURIER AVE @ O'CONNOR ST (0002224),2224,03 - At intersection,03 - P.D. only,05 - Turning movement,01 - Clear,01 - Daylight,03 - Loose snow,01 - Traffic signal,01 - Functioning,2,0,0,0,,0,,,,,367636.9015,5031358.824,45.41934251,-75.69709275,9830
16--5490,2016/05/18,3:02 PM,ROCHESTER ST @ SOMERSET ST (0006321),6321,02 - Intersection related,03 - P.D. only,99 - Other,01 - Clear,01 - Daylight,01 - Dry,01 - Traffic signal,01 - Functioning,2,0,0,0,,0,,,,,366481.4796,5030203.693,45.40905178,-75.71199947,9831
16--5491,2016/05/18,3:14 PM,HARDING RD @ WALKLEY RD (0007652),7652,02 - Intersection related,03 - P.D. only,03 - Rear end,01 - Clear,01 - Daylight,01 - Dry,01 - Traffic signal,01 - Functioning,2,0,0,0,,0,,,,,373146.7335,5027608.866,45.38508555,-75.6272177,9832
16--5492,2016/05/18,3:22 PM,ST. LAURENT BLVD btwn HWY417 IC115 RAMP36 & TRANSIT (__3ZA1KA),__3ZA1KA,01 - Non intersection,03 - P.D. only,04 - Sideswipe,01 - Clear,01 - Daylight,01 - Dry,10 - No control,,2,0,0,0,,0,,,,,372402.369,5031717.962,45.42212964,-75.63615877,9833
16--5493,2016/05/18,4:46 PM,RIVERSIDE DR NB btwn INDUSTRIAL AVE & TREMBLAY RD (__3ZA4SE),__3ZA4SE,01 - Non intersection,03 - P.D. only,03 - Rear end,01 - Clear,01 - Daylight,01 - Dry,10 - No control,,2,0,0,0,,0,,,,,370699.8257,5030641.482,45.41260636,-75.65805589,9834
16--5494,2016/05/18,5:21 PM,CANAAN RD @ REGIONAL RD 174 (0012882),12882,03 - At intersection,03 - P.D. only,03 - Rear end,01 - Clear,01 - Daylight,01 - Dry,01 - Traffic signal,01 - Functioning,2,0,1,0,,0,,,,,395771.5913,5043414.001,45.52470605,-75.33542905,9835
16--5495,2016/05/18,5:27 AM,ROGER STEVENS DR btwn MALAKOFF RD & MCCORDICK RD (__3ZA4KW),__3ZA4KW,01 - Non intersection,03 - P.D. only,07 - SMV other,01 - Clear,03 - Dawn,01 - Dry,10 - No control,,1,0,0,0,,0,,,,,363753.4366,4997476.57,45.11480703,-75.75073168,9836
16--5656,2016/05/23,8:03 PM,HIGHWAY 417 btwn HWY 417 ANDERSON IC104R61 & HWY 417 BOUNDARY IC96R16 (__3ZA2W5),__3ZA2W5,01 - Non intersection,03 - P.D. only,07 - SMV other,01 - Clear,01 - Daylight,01 - Dry,10 - No control,,1,0,0,0,,0,,,,,381559.9701,5025631.342,45.36642174,-75.52010365,9837
16--5496,2016/05/18,5:30 PM,CARLING AVE WB btwn BOOTH ST & LEBRETON ST S (__3ZA26H),__3ZA26H,01 - Non intersection,03 - P.D. only,04 - Sideswipe,01 - Clear,01 - Daylight,01 - Dry,10 - No control,,2,0,0,0,,0,,,,,367117.0343,5029121.216,45.39925566,-75.70401764,9838
16--5497,2016/05/18,5:52 PM,DALHOUSIE ST @ MURRAY ST (0008241),8241,03 - At intersection,02 - Non-fatal injury,02 - Angle,01 - Clear,01 - Daylight,01 - Dry,01 - Traffic signal,01 - Functioning,2,1,0,0,01 - Minimal,1,1,,,,368000.3858,5032573.189,45.43023621,-75.69229293,9839
16--5498,2016/05/18,6:00 AM,HAWTHORNE RD @ HUNT CLUB RD (0007651),7651,02 - Intersection related,03 - P.D. only,02 - Angle,01 - Clear,01 - Daylight,01 - Dry,01 - Traffic signal,01 - Functioning,2,0,0,0,,0,,,,,375507.9754,5026405.402,45.374023,-75.59724088,9840
16--5499,2016/05/18,7:02 PM,RICHMOND RD btwn HWY417 IC130 RAMP25 & HWY417 IC130 RAMP35 (__3ZA4MN),__3ZA4MN,01 - Non intersection,03 - P.D. only,03 - Rear end,01 - Clear,01 - Daylight,01 - Dry,10 - No control,,3,0,0,0,,0,,,,,359102.033,5022842.72,45.34342943,-75.80707626,9841
16--55,2016/01/03,Unknown,PICCADILLY AVE btwn PERTHSHIRE PRIV & BASSETT LANE (__3ZBN6N),__3ZBN6N,01 - Non intersection,03 - P.D. only,06 - SMV unattended vehicle,01 - Clear,00 - Unknown,05 - Packed snow,10 - No control,,1,0,0,0,,0,,,,,364272.7943,5028791,45.39653183,-75.74038396,9842
16--550,2016/01/13,3:45 PM,JASMINE CRES S @ OGILVIE RD (0009282),9282,03 - At intersection,03 - P.D. only,02 - Angle,01 - Clear,01 - Daylight,02 - Wet,02 - Stop sign,01 - Functioning,2,0,0,0,,0,,,,,375354.2563,5033720.134,45.43985256,-75.59815649,9843
16--5500,2016/05/18,7:29 PM,CEDARVIEW RD @ WEST HUNT CLUB RD (0010267),10267,02 - Intersection related,03 - P.D. only,03 - Rear end,01 - Clear,01 - Daylight,01 - Dry,01 - Traffic signal,01 - Functioning,2,0,0,0,,0,,,,,359719.8048,5019555.154,45.31379971,-75.79955845,9844
16--5501,2016/05/18,7:30 AM,MACLAREN ST btwn BAY ST & LYON ST N (__3ZA8GM),__3ZA8GM,01 - Non intersection,03 - P.D. only,06 - SMV unattended vehicle,01 - Clear,01 - Daylight,01 - Dry,10 - No control,,1,0,0,0,,0,,,,,367389.3129,5030634.285,45.41284552,-75.70034806,9845
16--5502,2016/05/18,7:59 PM,LAURIER AVE   E btwn RUSSELL AVE & CHAPEL ST (__3ZA3V3),__3ZA3V3,01 - Non intersection,03 - P.D. only,04 - Sideswipe,01 - Clear,01 - Daylight,01 - Dry,10 - No control,,2,0,0,0,,0,,,,,369114.886,5032262.014,45.42733477,-75.67809161,9846
16--5503,2016/05/18,8:00 AM,PERCY ST @ RENFREW AVE (0007409),7409,03 - At intersection,02 - Non-fatal injury,07 - SMV other,01 - Clear,01 - Daylight,01 - Dry,02 - Stop sign,01 - Functioning,1,0,0,1,02 - Minor,1,,1,,,367624.6491,5029715.252,45.40455526,-75.69745878,9847
16--5504,2016/05/18,8:02 AM,HURON AVE @ SPENCER ST (0006138),6138,03 - At intersection,03 - P.D. only,02 - Angle,01 - Clear,01 - Daylight,01 - Dry,02 - Stop sign,01 - Functioning,2,0,0,0,,0,,,,,364757.8248,5029339.012,45.40142136,-75.73412284,9848
16--5505,2016/05/18,8:04 AM,HOLLAND AVE/TUNNEY'S PASTURE @ SCOTT ST (0006494),6494,03 - At intersection,02 - Non-fatal injury,07 - SMV other,01 - Clear,01 - Daylight,01 - Dry,01 - Traffic signal,01 - Functioning,1,0,0,1,01 - Minimal,1,1,,,,364740.0094,5029593.888,45.40371621,-75.73431941,9849
16--5506,2016/05/18,8:40 AM,HIGHWAY 417 btwn HWY417 IC118 RAMP76 & HWY417 IC118 RAMP67 (__3ZA2YR),__3ZA2YR,01 - Non intersection,02 - Non-fatal injury,03 - Rear end,01 - Clear,01 - Daylight,01 - Dry,10 - No control,,2,0,0,0,01 - Minimal,2,2,,,,369467.9376,5031065,45.41653194,-75.67373741,9850
16--5507,2016/05/18,8:50 AM,REGIONAL ROAD 174 btwn OR174 IC109 RAMP56 & OR174 IC109 RAMP86 (__3ZA28W),__3ZA28W,01 - Non intersection,03 - P.D. only,03 - Rear end,01 - Clear,01 - Daylight,01 - Dry,10 - No control,,2,0,0,0,,0,,,,,376463.5336,5035015.234,45.45139223,-75.58379059,9851
16--5508,2016/05/18,8:55 AM,LEES AVE btwn HWY417 IC118 RAMP45 & TRANSIT (__3ZA3CM),__3ZA3CM,01 - Non intersection,02 - Non-fatal injury,04 - Sideswipe,01 - Clear,01 - Daylight,01 - Dry,10 - No control,,2,1,0,0,01 - Minimal,1,1,,,,369591.3654,5030910.674,45.41513196,-75.67218083,9852
16--5509,2016/05/18,9:09 AM,SLACK RD btwn GRENFELL CRES & MERIVALE RD (__3ZA5EN),__3ZA5EN,01 - Non intersection,03 - P.D. only,01 - Approaching,01 - Clear,01 - Daylight,01 - Dry,10 - No control,,2,1,0,0,,0,,,,,365839.1963,5020860.919,45.32504357,-75.72135832,9853
16--551,2016/01/13,3:58 PM,KILBORN AVE btwn BANK ST & ROONEY'S LANE (__3ZA5OP),__3ZA5OP,01 - Non intersection,03 - P.D. only,99 - Other,01 - Clear,01 - Daylight,02 - Wet,10 - No control,,2,0,0,0,,0,,,,,369724.4023,5027517.878,45.38459244,-75.67092784,9854
16--5510,2016/05/18,9:57 AM,HAWTHORNE RD @ HUNT CLUB RD (0007651),7651,02 - Intersection related,03 - P.D. only,03 - Rear end,01 - Clear,01 - Daylight,01 - Dry,01 - Traffic signal,01 - Functioning,2,0,0,0,,0,,,,,375507.5244,5026407.206,45.37403928,-75.59724638,9855
16--5511,2016/05/18,9:57 AM,ISLAND PARK DR btwn MAILES AVE & RICHMOND RD (__3ZA236),__3ZA236,01 - Non intersection,03 - P.D. only,03 - Rear end,01 - Clear,01 - Daylight,01 - Dry,10 - No control,,2,0,0,0,,0,,,,,364093.1962,5028886.404,45.39740549,-75.7426662,9856
16--5512,2016/05/19,1:08 PM,PARKDALE AVE @ WELLINGTON ST (0002260),2260,02 - Intersection related,03 - P.D. only,04 - Sideswipe,01 - Clear,01 - Daylight,01 - Dry,01 - Traffic signal,01 - Functioning,2,0,0,0,,0,,,,,365150.828,5029271.232,45.40077772,-75.72911153,9857
16--5513,2016/05/19,1:39 PM,RUSSELL RD btwn ANDERSON RD & FARMERS WAY (__3ZA2CI),__3ZA2CI,01 - Non intersection,03 - P.D. only,05 - Turning movement,01 - Clear,01 - Daylight,01 - Dry,10 - No control,,2,0,0,0,,0,,,,,379976.7585,5026641.35,45.37568075,-75.5401579,9858
16--5514,2016/05/19,1:41 PM,CARLING AVE @ CHURCHILL AVE (0002149),2149,02 - Intersection related,03 - P.D. only,03 - Rear end,01 - Clear,01 - Daylight,01 - Dry,01 - Traffic signal,01 - Functioning,2,0,0,0,,0,,,,,363775.0192,5027013.312,45.38057859,-75.74695367,9859
16--5515,2016/05/19,10:00 AM,EAGLESON RD @ MICHAEL COWPLAND DR/STONEHAVEN D (0003544),3544,02 - Intersection related,03 - P.D. only,04 - Sideswipe,01 - Clear,01 - Daylight,01 - Dry,01 - Traffic signal,01 - Functioning,2,0,0,0,,0,,,,,354382.8515,5016622.768,45.28781064,-75.86791429,9860
16--5516,2016/05/19,10:44 AM,BANK ST btwn HOPEWELL AVE & GLEN AVE (__3ZA3N3),__3ZA3N3,04 - At/near private drive,02 - Non-fatal injury,02 - Angle,01 - Clear,01 - Daylight,01 - Dry,10 - No control,,2,0,0,0,02 - Minor,1,,1,,,368772.7669,5028494.082,45.39346358,-75.68295225,9861
16--5517,2016/05/19,11:00 AM,HIGHWAY 417 btwn HWY417 IC110 RAMP64 & HWY417 IC104 RAMP16 (__3ZA2W9),__3ZA2W9,01 - Non intersection,03 - P.D. only,07 - SMV other,01 - Clear,01 - Daylight,01 - Dry,10 - No control,,1,0,0,0,,0,,,,,379934.6271,5025984.074,45.36977151,-75.54079573,9862
16--5518,2016/05/19,11:41 AM,WALKLEY RD btwn HAMPSTEAD PL & JASPER AVE (__3ZA377),__3ZA377,01 - Non intersection,03 - P.D. only,04 - Sideswipe,01 - Clear,01 - Daylight,01 - Dry,10 - No control,,2,0,0,0,,0,,,,,370773.1427,5026201.213,45.37264755,-75.65771299,9863
16--5519,2016/05/19,12:01 PM,STITTSVILLE MAIN ST btwn CARP RD & RAVENSCROFT CRT (__3ZA2GE),__3ZA2GE,01 - Non intersection,02 - Non-fatal injury,03 - Rear end,01 - Clear,01 - Daylight,01 - Dry,10 - No control,,3,0,0,0,01 - Minimal,1,1,,,,349551.5277,5014235.372,45.26665228,-75.92971635,9864
16--552,2016/01/13,4:09 PM,OTTAWA RIVER PKWY @ VIMY PLACE PRIV (0012251),12251,02 - Intersection related,03 - P.D. only,03 - Rear end,01 - Clear,01 - Daylight,02 - Wet,01 - Traffic signal,01 - Functioning,2,0,0,0,,0,,,,,365975.8995,5030797.436,45.4144385,-75.71838412,9865
16--5520,2016/05/19,12:52 PM,NORICE ST @ WOODROFFE AVE (0001542),1542,02 - Intersection related,03 - P.D. only,03 - Rear end,01 - Clear,01 - Daylight,01 - Dry,01 - Traffic signal,01 - Functioning,2,0,0,0,,0,,,,,363195.3604,5022397.718,45.33909652,-75.75489997,9866
16--5521,2016/05/19,2:00 PM,CATHERINE ST btwn KENT ST & BANK ST (__3ZA3PQ),__3ZA3PQ,01 - Non intersection,03 - P.D. only,03 - Rear end,01 - Clear,01 - Daylight,01 - Dry,10 - No control,,2,0,0,0,,0,,,,,367976.1166,5030230.837,45.4091627,-75.69290341,9867
16--5522,2016/05/19,2:54 PM,RICHARDSON SIDE RD btwn SPRUCE RIDGE RD & WILDMEADOW CIRC (__4KGCD7),__4KGCD7,01 - Non intersection,03 - P.D. only,07 - SMV other,01 - Clear,01 - Daylight,01 - Dry,10 - No control,,1,0,0,0,,0,,,,,343243.841,5014436.869,45.2688385,-76.01007851,9868
16--5523,2016/05/19,2:55 PM,WALKLEY RD @ GLENHAVEN PRIV (0011424),11424,03 - At intersection,02 - Non-fatal injury,07 - SMV other,01 - Clear,01 - Daylight,01 - Dry,01 - Traffic signal,01 - Functioning,1,0,0,1,01 - Minimal,1,1,,,,370213.7439,5025872.969,45.36974656,-75.66489761,9869
16--5524,2016/05/19,3:00 PM,MONTREAL RD @ OGILVIE RD (0009279),9279,02 - Intersection related,03 - P.D. only,03 - Rear end,01 - Clear,01 - Daylight,01 - Dry,01 - Traffic signal,01 - Functioning,2,0,0,0,,0,,,,,375655.8624,5034555.459,45.44733781,-75.59418148,9870
16--5525,2016/05/19,3:09 PM,ARGYLE AVE @ BANK ST (0007251),7251,03 - At intersection,02 - Non-fatal injury,07 - SMV other,01 - Clear,01 - Daylight,01 - Dry,10 - No control,,1,0,0,1,02 - Minor,1,,1,,,367995.7088,5030373.698,45.41044635,-75.69263482,9871
16--5526,2016/05/19,3:16 PM,MERIVALE RD btwn CLYDE AVE & GILBEY DR (__3ZA4HD),__3ZA4HD,04 - At/near private drive,03 - P.D. only,02 - Angle,01 - Clear,01 - Daylight,01 - Dry,10 - No control,,2,0,0,0,,0,,,,,364653.3079,5024670.925,45.35942769,-75.73602369,9872
16--5527,2016/05/19,4:15 PM,LANCASTER RD @ WALKLEY RD (0003130),3130,02 - Intersection related,03 - P.D. only,03 - Rear end,01 - Clear,01 - Daylight,01 - Dry,01 - Traffic signal,01 - Functioning,2,0,0,0,,0,,,,,374909.4169,5028603.218,45.39385804,-75.60456984,9873
16--5528,2016/05/19,4:27 PM,CARLING AVE @ CIVIC HOSPITAL (0008793),8793,03 - At intersection,02 - Non-fatal injury,05 - Turning movement,01 - Clear,01 - Daylight,01 - Dry,01 - Traffic signal,01 - Functioning,2,0,0,0,02 - Minor,3,,3,,,365790.9353,5028279.404,45.39179801,-75.72105853,9874
16--5529,2016/05/19,4:35 PM,LEITRIM RD btwn FENTON RD & BANK ST (__3ZA3SF),__3ZA3SF,01 - Non intersection,02 - Non-fatal injury,04 - Sideswipe,02 - Rain,01 - Daylight,02 - Wet,10 - No control,,2,0,0,0,01 - Minimal,1,1,,,,374531.9454,5021073.149,45.32614341,-75.61045266,9875
16--553,2016/01/13,4:15 PM,CARLING AVE @ KIRKWOOD AVE S (0002209),2209,02 - Intersection related,02 - Non-fatal injury,03 - Rear end,01 - Clear,01 - Daylight,01 - Dry,01 - Traffic signal,01 - Functioning,2,0,0,0,01 - Minimal,1,1,,,,364351.7005,5027337.779,45.38344931,-75.73955159,9876
16--5530,2016/05/19,4:40 PM,EMPEROR AVE @ FISHER AVE (0006795),6795,03 - At intersection,02 - Non-fatal injury,07 - SMV other,01 - Clear,01 - Daylight,01 - Dry,02 - Stop sign,01 - Functioning,1,0,0,1,02 - Minor,1,,1,,,365682.3352,5027166.052,45.38178976,-75.72258272,9877
16--5531,2016/05/19,4:40 PM,LEITRIM RD @ ALBION RD (0012479),12479,02 - Intersection related,02 - Non-fatal injury,03 - Rear end,01 - Clear,01 - Daylight,01 - Dry,01 - Traffic signal,01 - Functioning,2,0,0,0,01 - Minimal,1,1,,,,373497.6274,5020417.838,45.32034914,-75.62373646,9878
16--5532,2016/05/19,4:45 PM,RIVERSIDE DR @ TREMBLAY RD/HWY417 IC117 RAMP52 (0010790),10790,03 - At intersection,03 - P.D. only,05 - Turning movement,01 - Clear,01 - Daylight,01 - Dry,01 - Traffic signal,00 - Unknown,2,0,0,0,,0,,,,,370801.7849,5031015.91,45.4159657,-75.65670325,9879
16--5533,2016/05/19,5:30 PM,KING EDWARD AVE NB btwn ST. PATRICK ST & MURRAY ST (__3ZA3XH),__3ZA3XH,01 - Non intersection,03 - P.D. only,04 - Sideswipe,01 - Clear,01 - Daylight,01 - Dry,10 - No control,,2,0,0,0,,0,,,,,368293.7453,5032790.4,45.43216403,-75.68851614,9880
16--5534,2016/05/19,5:37 PM,GREENBANK RD btwn FALLOWFIELD RD & LARKIN DR (__3ZA3HF),__3ZA3HF,01 - Non intersection,03 - P.D. only,03 - Rear end,01 - Clear,01 - Daylight,01 - Dry,10 - No control,,2,0,0,0,,0,,,,,363088.0914,5016719.422,45.2880123,-75.75693659,9881
16--5535,2016/05/19,5:39 PM,BANK ST @ HUNT CLUB RD (0002119),2119,02 - Intersection related,03 - P.D. only,04 - Sideswipe,01 - Clear,01 - Daylight,01 - Dry,01 - Traffic signal,01 - Functioning,2,0,0,0,,0,,,,,371608.962,5024096.732,45.35363298,-75.64732768,9882
16--5536,2016/05/19,5:47 PM,CARP RD @ THOMAS A. DOLAN PKWY (0002118),2118,03 - At intersection,02 - Non-fatal injury,02 - Angle,01 - Clear,01 - Daylight,01 - Dry,02 - Stop sign,01 - Functioning,2,0,0,0,03 - Major,1,,,1,,336460.2123,5025993.675,45.37317045,-76.09578668,9883
16--5537,2016/05/19,6:06 PM,HIGHWAY 417 btwn HWY417 IC118 RAMP67 & HWY417 IC117 RAMP36 (__3ZA2YO),__3ZA2YO,01 - Non intersection,03 - P.D. only,03 - Rear end,01 - Clear,01 - Daylight,01 - Dry,10 - No control,,2,0,0,0,,0,,,,,369837.7346,5031154.477,45.41730275,-75.6690012,9884
16--5538,2016/05/19,6:21 PM,CHAMPLAIN BRIDGE/ISLAND PARK DR btwn BATE ISLAND & OTTAWA RIVER PKWY (__3ZA2ZEB),__3ZA2ZEB,01 - Non intersection,02 - Non-fatal injury,03 - Rear end,01 - Clear,01 - Daylight,01 - Dry,10 - No control,,3,0,0,0,01 - Minimal,3,3,,,,362984.9816,5030035.136,45.40783456,-75.75668434,9885
16--5539,2016/05/19,6:53 PM,FALLOWFIELD RD @ WOODROFFE AVE (0010372),10372,02 - Intersection related,02 - Non-fatal injury,03 - Rear end,01 - Clear,01 - Daylight,01 - Dry,01 - Traffic signal,01 - Functioning,2,0,0,0,01 - Minimal,1,1,,,,365085.3747,5017902.291,45.29848722,-75.73133347,9886
16--554,2016/01/13,4:22 PM,BAXTER RD btwn IRIS ST & END (__3ZA1F0),__3ZA1F0,01 - Non intersection,02 - Non-fatal injury,06 - SMV unattended vehicle,01 - Clear,01 - Daylight,05 - Packed snow,10 - No control,,1,0,0,0,01 - Minimal,1,1,,,,361025.5199,5023656.283,45.35059831,-75.78244093,9887
16--5540,2016/05/19,7:00 PM,OGILVIE RD btwn CYRVILLE RD & MURDOCK GT (__3ZA13S),__3ZA13S,04 - At/near private drive,03 - P.D. only,02 - Angle,01 - Clear,01 - Daylight,01 - Dry,10 - No control,,2,0,0,0,,0,,,,,372460.709,5032009.854,45.4247503,-75.63537328,9888
16--5541,2016/05/19,7:24 PM,WEST HUNT CLUB RD @ ROYDON PL/SUNDERLAND ST (0009775),9775,03 - At intersection,02 - Non-fatal injury,02 - Angle,01 - Clear,01 - Daylight,01 - Dry,01 - Traffic signal,01 - Functioning,2,0,0,0,02 - Minor,3,,3,,,365974.0229,5022171.728,45.33682632,-75.71947658,9889
16--5542,2016/05/19,7:26 PM,BELVAL CRES btwn BELCOURT BLVD & BELCOURT BLVD (__3ZA6DY),__3ZA6DY,01 - Non intersection,03 - P.D. only,06 - SMV unattended vehicle,01 - Clear,01 - Daylight,01 - Dry,10 - No control,,1,0,0,0,,0,,,,,381814.5492,5036337.916,45.46272344,-75.51518118,9890
16--5543,2016/05/19,7:39 PM,BANK ST btwn SECOND AVE & THIRD AVE (__3ZA3O2),__3ZA3O2,01 - Non intersection,03 - P.D. only,06 - SMV unattended vehicle,01 - Clear,05 - Dusk,01 - Dry,10 - No control,,1,0,0,0,,0,,,,,368331.0928,5029563.248,45.40312381,-75.68845494,9891