Anom_ID,Accident_Date,Accident_Time,Location,Geo_ID,Accident_Location,Classification_of_Accident,Initial_Impact_Type,Environment_Condition,Light,Road_Surface_Condition,Traffic_Control,Traffic_Control_Condition,No__of_Vehicles,No__of_Bicycles,No__of_Motorcycles,No__of_Pedestrians,Max_Injury,No__of_Injuries,No__of_Minimal,No__of_Minor,No__of_Major,No__of_Fatal,X,Y,Latitude,Longitude,ObjectId
16--5544,2016/05/19,7:49 AM,PROVENCE AVE btwn INNES RD & SCALA AVE (__5QEFLG),__5QEFLG,04 - At/near private drive,02 - Non-fatal injury,02 - Angle,01 - Clear,01 - Daylight,01 - Dry,10 - No control,,2,1,0,0,02 - Minor,1,,1,,,386123.7009,5037047.341,45.46861781,-75.45996969,9892
16--5545,2016/05/19,9:31 PM,RIDEAU RD btwn BANK ST & DONCASTER RD (__3ZBO26),__3ZBO26,04 - At/near private drive,03 - P.D. only,05 - Turning movement,01 - Clear,07 - Dark,01 - Dry,10 - No control,,2,0,0,0,,0,,,,,377689.3977,5018271.251,45.30061243,-75.57059149,9893
16--5546,2016/05/19,9:41 PM,INNES RD btwn 260 E OF BELCOURT BLVD/WALMART SC & JEANNE D'ARC BLVD/ME (__3ZA3JWB),__3ZA3JWB,01 - Non intersection,03 - P.D. only,03 - Rear end,01 - Clear,07 - Dark,01 - Dry,10 - No control,,2,0,0,0,,0,,,,,382460.4502,5035466.43,45.45481105,-75.50706065,9894
16--5547,2016/05/20,1:00 PM,HWY417 IC131 RAMP53 btwn HIGHWAY 417 & HWY417 IC131 RAMP63 (__3ZAY4R),__3ZAY4R,01 - Non intersection,02 - Non-fatal injury,04 - Sideswipe,01 - Clear,01 - Daylight,01 - Dry,10 - No control,,2,0,0,0,02 - Minor,2,1,1,,,358201.3002,5022651.434,45.34177738,-75.81858993,9895
16--5548,2016/05/20,10:13 PM,SOMERSET ST    E btwn KING EDWARD AVE & HENDERSON AVE (__3ZA44B),__3ZA44B,01 - Non intersection,03 - P.D. only,06 - SMV unattended vehicle,01 - Clear,07 - Dark,01 - Dry,10 - No control,,1,0,0,0,,0,,,,,368968.877,5031680.625,45.42211706,-75.68003307,9896
16--5549,2016/05/20,10:30 PM,BRIAN COBURN BLVD @ ESPRIT DR (0013113),13113,02 - Intersection related,03 - P.D. only,04 - Sideswipe,01 - Clear,07 - Dark,01 - Dry,02 - Stop sign,01 - Functioning,2,0,0,0,,0,,,,,385141.9652,5035342.854,45.45339607,-75.47280138,9897
16--555,2016/01/13,4:41 PM,CYRVILLE RD @ ST. LAURENT BLVD (0002647),2647,02 - Intersection related,03 - P.D. only,03 - Rear end,01 - Clear,05 - Dusk,02 - Wet,01 - Traffic signal,01 - Functioning,2,0,0,0,,0,,,,,372241.9403,5032111.8,45.42568869,-75.63815462,9898
16--5550,2016/05/20,10:45 AM,VAUGHAN SIDE RD btwn SHANNA RD & WILLIAM HODGINS LANE (__3ZAC0U),__3ZAC0U,01 - Non intersection,03 - P.D. only,07 - SMV other,01 - Clear,01 - Daylight,01 - Dry,10 - No control,,1,0,0,0,,0,,,,,336973.4344,5021093.362,45.32905191,-76.08955327,9899
16--5551,2016/05/20,10:54 AM,REGIONAL ROAD 174 btwn OR174 IC102 RAMP51 & REGIONAL ROAD 174 (__3ZA1I7),__3ZA1I7,01 - Non intersection,03 - P.D. only,07 - SMV other,01 - Clear,01 - Daylight,01 - Dry,10 - No control,,1,0,0,0,,0,,,,,381469.9101,5038168.705,45.47923325,-75.51930193,9900
16--5552,2016/05/20,11:17 PM,ALBION RD btwn LESTER RD & LEITRIM RD (__3ZA3SQ),__3ZA3SQ,01 - Non intersection,02 - Non-fatal injury,01 - Approaching,01 - Clear,07 - Dark,01 - Dry,10 - No control,,3,0,2,0,02 - Minor,2,,2,,,373419.3861,5020603.732,45.3220294,-75.62470858,9901
16--5553,2016/05/20,11:27 PM,TEAKDALE AVE btwn CUMORAH DR & TO BE DETERMINED (__3ZA622),__3ZA622,01 - Non intersection,03 - P.D. only,06 - SMV unattended vehicle,01 - Clear,07 - Dark,01 - Dry,10 - No control,,1,0,0,0,,0,,,,,380922.5599,5035380.336,45.45420567,-75.52673402,9902
16--5554,2016/05/20,11:28 PM,BOTELER ST @ SUSSEX DR (0011436),11436,03 - At intersection,02 - Non-fatal injury,05 - Turning movement,01 - Clear,07 - Dark,01 - Dry,01 - Traffic signal,01 - Functioning,2,1,0,0,01 - Minimal,1,1,,,,367452.1789,5032953.111,45.43370395,-75.69925004,9903
16--5555,2016/05/20,11:29 PM,BASELINE RD btwn ZENA ST & MARSON ST (__3ZA4JJ),__3ZA4JJ,01 - Non intersection,03 - P.D. only,04 - Sideswipe,01 - Clear,07 - Dark,01 - Dry,10 - No control,,2,0,0,0,,0,,,,,365635.2359,5025692.814,45.36853795,-75.72336556,9904
16--5556,2016/05/20,11:55 PM,FLEWELLYN RD btwn FAULKNER TR & EAGLESON RD (__3ZABGQ),__3ZABGQ,01 - Non intersection,03 - P.D. only,07 - SMV other,01 - Clear,07 - Dark,01 - Dry,10 - No control,,1,0,0,0,,0,,,,,354128.4857,5013196.206,45.25699547,-75.87149719,9905
16--5557,2016/05/20,12:22 PM,BRONSON AVE @ POWELL AVE (0007212),7212,02 - Intersection related,03 - P.D. only,03 - Rear end,01 - Clear,01 - Daylight,01 - Dry,01 - Traffic signal,01 - Functioning,3,0,0,0,,0,,,,,367388.5607,5029476.759,45.40243052,-75.70050462,9906
16--5558,2016/05/20,12:55 AM,MONTREAL RD @ NORTH RIVER RD (0009805),9805,03 - At intersection,03 - P.D. only,07 - SMV other,01 - Clear,07 - Dark,01 - Dry,01 - Traffic signal,01 - Functioning,1,0,0,0,,0,,,,,369740.3829,5032887.585,45.43290562,-75.67001645,9907
16--5559,2016/05/20,2:00 PM,BASELINE RD @ GREENBANK RD (0002357),2357,02 - Intersection related,03 - P.D. only,03 - Rear end,01 - Clear,01 - Daylight,01 - Dry,01 - Traffic signal,01 - Functioning,3,0,0,0,,0,,,,,360596.5569,5022584.275,45.34098666,-75.78803593,9908
16--5657,2016/05/23,8:07 PM,ABBEYHILL DR btwn ORIOLE AVE & ALDBURN PL (__3ZAB18),__3ZAB18,01 - Non intersection,03 - P.D. only,06 - SMV unattended vehicle,01 - Clear,01 - Daylight,01 - Dry,10 - No control,,1,0,0,0,,0,,,,,353279.6302,5017344.106,45.29437838,-75.8819069,9909
16--5658,2016/05/23,8:41 AM,DALLAIRE CRES btwn CHANONHOUSE DR & CHANONHOUSE DR (__3ZAB08),__3ZAB08,01 - Non intersection,03 - P.D. only,07 - SMV other,01 - Clear,01 - Daylight,01 - Dry,10 - No control,,1,0,0,0,,0,,,,,357700.3849,5006190.962,45.19370106,-75.82673456,9910
16--5659,2016/05/23,8:47 PM,FALLOWFIELD RD @ GREENBANK RD (0000549),549,03 - At intersection,03 - P.D. only,05 - Turning movement,01 - Clear,07 - Dark,01 - Dry,01 - Traffic signal,01 - Functioning,2,0,0,0,,0,,,,,363081.3521,5016731.328,45.28811999,-75.75702109,9911
16--566,2016/01/13,5:51 PM,FOURTH LINE RD @ ROGER STEVENS DR (0011952),11952,02 - Intersection related,03 - P.D. only,99 - Other,01 - Clear,07 - Dark,01 - Dry,01 - Traffic signal,01 - Functioning,2,0,0,0,,0,,,,,366454.2286,4999360.076,45.13152483,-75.71617708,9912
16--5660,2016/05/23,9:10 AM,TORSA CRT btwn DUMAURIER AVE & END (__3ZABKN),__3ZABKN,01 - Non intersection,03 - P.D. only,05 - Turning movement,01 - Clear,01 - Daylight,01 - Dry,10 - No control,,2,0,0,0,,0,,,,,359744.6009,5023571.274,45.34993492,-75.79879642,9913
16--5661,2016/05/24,1:31 PM,INDUSTRIAL AVE btwn NEIGHBORHOOD WAY & TRAINYARDS DR (__6N4VKM),__6N4VKM,04 - At/near private drive,02 - Non-fatal injury,03 - Rear end,01 - Clear,01 - Daylight,01 - Dry,10 - No control,,2,0,0,0,02 - Minor,2,,2,,,371632.5165,5030545.567,45.41165491,-75.64615405,9914
16--5662,2016/05/24,1:55 PM,HIGHWAY 417 btwn HWY417 IC155 RAMP35 & HWY417 IC155 RAMP25 (__3ZAZNU),__3ZAZNU,01 - Non intersection,02 - Non-fatal injury,07 - SMV other,01 - Clear,01 - Daylight,01 - Dry,10 - No control,,1,0,0,0,02 - Minor,1,,1,,,339569.1704,5019305.645,45.31284143,-76.05656511,9915
16--5663,2016/05/24,10:00 AM,CUMMINGS AVE btwn EADY CRT & STRATHAVEN PRIV (__5J9TPH),__5J9TPH,04 - At/near private drive,03 - P.D. only,03 - Rear end,01 - Clear,01 - Daylight,01 - Dry,10 - No control,,2,0,0,0,,0,,,,,372678.2925,5032342.082,45.42771845,-75.63254734,9916
16--5664,2016/05/24,10:30 AM,MEADOWLANDS DR @ VIEWMOUNT DR (0001752),1752,02 - Intersection related,02 - Non-fatal injury,03 - Rear end,01 - Clear,01 - Daylight,01 - Dry,01 - Traffic signal,01 - Functioning,2,0,0,0,01 - Minimal,1,1,,,,363739.4579,5023106.638,45.34542982,-75.74787365,9917
16--5665,2016/05/24,10:40 AM,ST. JOSEPH BLVD @ JEANNE D'ARC BLVD (0012421),12421,03 - At intersection,03 - P.D. only,04 - Sideswipe,01 - Clear,01 - Daylight,01 - Dry,11 - Roundabout,01 - Functioning,2,0,0,0,,0,,,,,379859.2416,5036470.455,45.46412875,-75.54016074,9918
16--5666,2016/05/24,10:51 AM,ROBERTSON RD btwn HAANEL DR & MILL HILL RD (__3ZA41V),__3ZA41V,01 - Non intersection,02 - Non-fatal injury,07 - SMV other,01 - Clear,01 - Daylight,01 - Dry,10 - No control,,1,0,0,0,02 - Minor,1,,1,,,355079.4519,5019259.735,45.31148908,-75.85876712,9919
16--5667,2016/05/24,11:29 AM,AIRPORT PKWY/BROOKFIELD RD @ FLANNERY DR/AIRPORT PKWY RAMPS 52A/53 (0006850),6850,03 - At intersection,03 - P.D. only,04 - Sideswipe,01 - Clear,01 - Daylight,01 - Dry,11 - Roundabout,01 - Functioning,2,0,0,0,,0,,,,,368694.7409,5026294.764,45.37368189,-75.68423335,9920
16--5668,2016/05/24,11:46 PM,CAHILL DR @ HUNT CLUB RD (0011394),11394,02 - Intersection related,03 - P.D. only,02 - Angle,01 - Clear,07 - Dark,01 - Dry,01 - Traffic signal,01 - Functioning,2,0,0,0,,0,,,,,372406.9065,5024541.267,45.35755627,-75.637084,9921
16--5669,2016/05/24,12:30 PM,BIRCH DR btwn MAPLE DR & NATIONAL CAPITAL COMM DRWY (__3ZA00N),__3ZA00N,01 - Non intersection,03 - P.D. only,99 - Other,01 - Clear,01 - Daylight,01 - Dry,10 - No control,,2,0,0,0,,0,,,,,366455.3032,5028339.964,45.39228474,-75.71256684,9922
16--567,2016/01/13,5:57 AM,MARCH RD btwn RICHARDSON SIDE RD & HERZBERG RD (__3ZA42C),__3ZA42C,01 - Non intersection,03 - P.D. only,07 - SMV other,03 - Snow,07 - Dark,06 - Ice,10 - No control,,1,0,0,0,,0,,,,,352300.5706,5021544.076,45.33223753,-75.89398609,9923
16--5670,2016/05/24,2:00 AM,MACKAY ST btwn NOEL ST & IVY CRES (__3ZA8X8),__3ZA8X8,01 - Non intersection,03 - P.D. only,06 - SMV unattended vehicle,01 - Clear,00 - Unknown,01 - Dry,10 - No control,,1,0,0,0,,0,,,,,368846.3541,5033698.985,45.44028873,-75.68133602,9924
16--5671,2016/05/24,3:21 PM,CHARDON DRWY btwn EGLANTINE DRWY & SORREL DRWY (__3ZAAIE),__3ZAAIE,04 - At/near private drive,03 - P.D. only,06 - SMV unattended vehicle,01 - Clear,01 - Daylight,01 - Dry,10 - No control,,1,0,0,0,,0,,,,,364450.764,5029788.447,45.40549151,-75.7379904,9925
16--5672,2016/05/24,3:30 PM,BANK ST @ LAURIER AVE (0002221),2221,02 - Intersection related,03 - P.D. only,03 - Rear end,01 - Clear,01 - Daylight,01 - Dry,01 - Traffic signal,01 - Functioning,2,0,0,0,,0,,,,,367480.9258,5031265.814,45.41851963,-75.69909739,9926
16--5673,2016/05/24,3:44 PM,CYRVILLE RD btwn STAR TOP RD & MEADOWBROOK RD (__3ZA3SN),__3ZA3SN,04 - At/near private drive,02 - Non-fatal injury,02 - Angle,01 - Clear,01 - Daylight,01 - Dry,10 - No control,,2,0,0,0,01 - Minimal,1,1,,,,374533.4533,5031273.898,45.417925,-75.60899331,9927
16--5674,2016/05/24,3:44 PM,GILMOUR ST btwn ELGIN ST & CARTIER ST (__3ZBORA),__3ZBORA,01 - Non intersection,03 - P.D. only,99 - Other,01 - Clear,01 - Daylight,01 - Dry,10 - No control,,2,0,0,0,,0,,,,,368274.9827,5031067.76,45.41666601,-75.68897789,9928
16--5675,2016/05/24,3:45 PM,RIVERSIDE DR SB btwn TERMINAL AVE & Continuation of RIVERSIDE DR (__3ZA4SD),__3ZA4SD,01 - Non intersection,03 - P.D. only,03 - Rear end,01 - Clear,01 - Daylight,01 - Dry,10 - No control,,2,0,0,0,,0,,,,,370671.8663,5030612.17,45.41234526,-75.65841698,9929
16--5676,2016/05/24,3:47 AM,O'CONNOR ST @ WELLINGTON ST (0002234),2234,03 - At intersection,03 - P.D. only,04 - Sideswipe,01 - Clear,07 - Dark,01 - Dry,01 - Traffic signal,01 - Functioning,2,0,0,0,,0,,,,,367414.3555,5031723.008,45.42263927,-75.6998898,9930
16--5677,2016/05/24,4:00 PM,BERGAMOT CIRC btwn TO BE DETERMINED & AZALEA LANE (1) (__4VGRPM),__4VGRPM,01 - Non intersection,03 - P.D. only,06 - SMV unattended vehicle,01 - Clear,01 - Daylight,01 - Dry,10 - No control,,1,0,0,0,,0,,,,,385834.2623,5038150.337,45.47857511,-75.46348872,9931
16--5678,2016/05/24,4:09 PM,ST. JOSEPH BLVD @ REGIONAL RD 174/TRANSITWAY (0012428),12428,02 - Intersection related,03 - P.D. only,03 - Rear end,01 - Clear,01 - Daylight,01 - Dry,01 - Traffic signal,01 - Functioning,2,0,0,0,,0,,,,,376556.4086,5035056.067,45.45175009,-75.58259739,9932
16--5679,2016/05/24,4:45 PM,HIGHWAY 417 btwn HWY417 IC117 RAMP51 & HWY417 IC117 RAMP35 (__3ZA2YN),__3ZA2YN,01 - Non intersection,03 - P.D. only,04 - Sideswipe,01 - Clear,01 - Daylight,01 - Dry,10 - No control,,2,0,0,0,,0,,,,,370796.5731,5031190.142,45.41753386,-75.6567465,9933
16--568,2016/01/13,6:26 PM,FIRST AVE @ LYON ST (0007405),7405,03 - At intersection,03 - P.D. only,02 - Angle,01 - Clear,07 - Dark,03 - Loose snow,02 - Stop sign,01 - Functioning,2,0,0,0,,0,,,,,368055.9266,5029572.345,45.40323058,-75.69196839,9934
16--5680,2016/05/24,5:00 PM,ST. PATRICK ST WB btwn MURRAY ST & ST. ANDREW ST (__3ZA2GH),__3ZA2GH,01 - Non intersection,03 - P.D. only,04 - Sideswipe,01 - Clear,01 - Daylight,01 - Dry,10 - No control,,2,0,0,0,,0,,,,,368402.929,5033064.31,45.43461865,-75.68708547,9935
16--5681,2016/05/24,5:04 PM,GREENBANK RD @ IRIS ST/HWY 417 IC129 RAMP51 (0009073),9073,02 - Intersection related,03 - P.D. only,03 - Rear end,01 - Clear,01 - Daylight,01 - Dry,01 - Traffic signal,01 - Functioning,2,0,0,0,,0,,,,,360531.2761,5023312.46,45.34754405,-75.7887868,9936
16--5682,2016/05/24,5:09 PM,INNES RD btwn INDUSTRIAL AVE & BANTREE ST (__3ZA2XQ),__3ZA2XQ,01 - Non intersection,03 - P.D. only,03 - Rear end,01 - Clear,01 - Daylight,01 - Dry,10 - No control,,2,0,0,0,,0,,,,,373686.332,5030394.83,45.4100995,-75.61993883,9937
16--5683,2016/05/24,5:10 PM,ST. PATRICK ST @ SUSSEX DR (0011910),11910,02 - Intersection related,03 - P.D. only,03 - Rear end,01 - Clear,01 - Daylight,01 - Dry,01 - Traffic signal,01 - Functioning,3,0,0,0,,0,,,,,367665.782,5032462.603,45.42927135,-75.6965829,9938
16--5684,2016/05/24,5:27 PM,CAMPEAU DR @ HUNTMAR DR (0011612),11612,03 - At intersection,03 - P.D. only,04 - Sideswipe,01 - Clear,01 - Daylight,01 - Dry,11 - Roundabout,01 - Functioning,2,0,0,0,,0,,,,,349053.6082,5018056.464,45.30106727,-75.93572042,9939
16--5685,2016/05/24,5:28 PM,CAVAN ST @ LAPERRIERE AVE (0006732),6732,03 - At intersection,03 - P.D. only,02 - Angle,01 - Clear,01 - Daylight,01 - Dry,02 - Stop sign,01 - Functioning,2,0,0,0,,0,,,,,364392.3812,5026879.869,45.37932565,-75.73908743,9940
16--5686,2016/05/24,5:31 PM,BASELINE RD @ FARLANE BLVD (0002725),2725,02 - Intersection related,02 - Non-fatal injury,03 - Rear end,01 - Clear,01 - Daylight,01 - Dry,01 - Traffic signal,01 - Functioning,2,0,0,0,02 - Minor,1,,1,,,365357.3685,5025517.759,45.3669869,-75.726934,9941
16--5687,2016/05/24,5:32 PM,AIRPORT PKWY btwn RAMP & TO BE DETERMINED (__3ZA222),__3ZA222,01 - Non intersection,03 - P.D. only,04 - Sideswipe,01 - Clear,01 - Daylight,01 - Dry,10 - No control,,2,0,0,0,,0,,,,,369843.9004,5025771.293,45.36886613,-75.66963209,9942
16--5688,2016/05/24,5:43 AM,MONTREAL RD @ SHEFFORD RD (0012423),12423,02 - Intersection related,03 - P.D. only,07 - SMV other,01 - Clear,03 - Dawn,01 - Dry,01 - Traffic signal,01 - Functioning,1,0,0,0,,0,,,,,376126.1897,5034853.804,45.44997429,-75.58812635,9943
16--5689,2016/05/24,5:45 PM,ALBION RD @ RIDEAU RD (0009356),9356,03 - At intersection,02 - Non-fatal injury,05 - Turning movement,01 - Clear,01 - Daylight,01 - Dry,01 - Traffic signal,01 - Functioning,2,1,0,0,03 - Major,1,,,1,,375092.9777,5016673.783,45.28650354,-75.60392055,9944
16--569,2016/01/13,6:30 AM,LEBRETON ST    S btwn DANIEL MCCANN ST & HENRY ST (__3ZBN6L),__3ZBN6L,01 - Non intersection,03 - P.D. only,06 - SMV unattended vehicle,01 - Clear,07 - Dark,04 - Slush,10 - No control,,1,0,0,0,,0,,,,,367047.9687,5029475.348,45.40244819,-75.70485504,9945
16--5690,2016/05/24,5:50 PM,PRESTONE DR @ RIVER RIDGE CRES W/KENNEDY LANE (0004939),4939,02 - Intersection related,03 - P.D. only,99 - Other,01 - Clear,01 - Daylight,01 - Dry,02 - Stop sign,01 - Functioning,2,0,0,0,,0,,,,,382626.9329,5038238.793,45.47973583,-75.50449338,9946
16--5691,2016/05/24,5:55 PM,HIGHWAY 417 btwn HWY417 IC121A RAMP16 & HWY417 IC121A RAMP61 (__3ZA2YY),__3ZA2YY,01 - Non intersection,03 - P.D. only,03 - Rear end,00 - Unknown,01 - Daylight,01 - Dry,10 - No control,,2,0,0,0,,0,,,,,367278.7362,5029767.991,45.40506075,-75.70187046,9947
16--5692,2016/05/24,5:57 PM,ST. JOSEPH BLVD @ JEANNE D'ARC BLVD (0012421),12421,03 - At intersection,03 - P.D. only,02 - Angle,01 - Clear,01 - Daylight,01 - Dry,11 - Roundabout,01 - Functioning,2,0,0,0,,0,,,,,379862.2434,5036472.707,45.46414869,-75.54012202,9948
16--5693,2016/05/24,5:59 PM,MERIVALE RD/LOTTA AVE @ CLYDE AVE (0001112),1112,02 - Intersection related,02 - Non-fatal injury,03 - Rear end,01 - Clear,01 - Daylight,01 - Dry,01 - Traffic signal,01 - Functioning,2,0,0,0,01 - Minimal,1,1,,,,364522.4955,5024507.746,45.35797058,-75.73771297,9949
16--5694,2016/05/24,6:00 PM,BRONSON AVE btwn SECOND AVE & THIRD AVE (__3ZA3OM),__3ZA3OM,01 - Non intersection,03 - P.D. only,04 - Sideswipe,01 - Clear,01 - Daylight,01 - Dry,10 - No control,,2,0,0,0,,0,,,,,367530.6444,5029135.134,45.39934396,-75.6987333,9950
16--5695,2016/05/24,6:00 PM,HWY417 IC129 RAMP51 btwn ASHLEY ST & HWY417 IC129 RAMP53 (__6KDGCM),__6KDGCM,01 - Non intersection,03 - P.D. only,03 - Rear end,01 - Clear,01 - Daylight,01 - Dry,10 - No control,,2,0,0,0,,0,,,,,360477.435,5023291.827,45.34736267,-75.78947617,9951
16--5696,2016/05/24,6:05 PM,BRONSON AVE btwn ARLINGTON AVE & RAYMOND ST (__3ZA3B3),__3ZA3B3,01 - Non intersection,03 - P.D. only,04 - Sideswipe,01 - Clear,01 - Daylight,01 - Dry,10 - No control,,2,0,0,0,,0,,,,,367228.3912,5029852.109,45.40582211,-75.70250288,9952
16--5697,2016/05/24,6:20 PM,MOUNTSHANNON DR btwn LONGFIELDS DR & BOULDER WAY (__3ZA1BR),__3ZA1BR,04 - At/near private drive,03 - P.D. only,06 - SMV unattended vehicle,01 - Clear,01 - Daylight,01 - Dry,10 - No control,,1,0,0,0,,0,,,,,364295.9551,5016662.6,45.28739981,-75.74154675,9953
16--5698,2016/05/24,6:26 PM,ALBION RD @ HUNT CLUB RD (0006974),6974,02 - Intersection related,02 - Non-fatal injury,03 - Rear end,01 - Clear,01 - Daylight,01 - Dry,01 - Traffic signal,01 - Functioning,2,0,0,0,01 - Minimal,1,1,,,,371867.6801,5024320.49,45.35562158,-75.64399572,9954
16--5699,2016/05/24,6:27 PM,INNES RD @ WILDFLOWER DR (0012871),12871,02 - Intersection related,03 - P.D. only,03 - Rear end,01 - Clear,01 - Daylight,01 - Dry,01 - Traffic signal,01 - Functioning,2,0,0,0,,0,,,,,382936.9807,5035689.879,45.45676833,-75.50093332,9955
16--57,2016/01/03,Unknown,GOLDENBROOK WAY btwn HARVEST VALLEY AVE & FAIRLAKES WAY (__5Z1R0D),__5Z1R0D,01 - Non intersection,03 - P.D. only,06 - SMV unattended vehicle,01 - Clear,00 - Unknown,01 - Dry,10 - No control,,1,0,0,0,,0,,,,,384950.3285,5034476.701,45.44562524,-75.47539224,9956
16--570,2016/01/13,6:39 AM,CARLING AVE @ BAYSHORE DR/BIRCHDALE AVE (0000021),21,02 - Intersection related,03 - P.D. only,05 - Turning movement,03 - Snow,07 - Dark,03 - Loose snow,01 - Traffic signal,01 - Functioning,2,0,0,0,,0,,,,,359004.871,5023990.987,45.35376907,-75.80819016,9957
16--5700,2016/05/24,6:36 PM,PRINCE OF WALES DR @ WEST HUNT CLUB RD (0000567),567,02 - Intersection related,03 - P.D. only,03 - Rear end,01 - Clear,01 - Daylight,01 - Dry,01 - Traffic signal,01 - Functioning,2,0,0,0,,0,,,,,367459.8467,5021891.503,45.33417379,-75.70055617,9958
16--5701,2016/05/24,7:21 AM,EARL MULLIGAN DR @ WOODROFFE AVE (0000591),591,02 - Intersection related,03 - P.D. only,03 - Rear end,01 - Clear,01 - Daylight,01 - Dry,01 - Traffic signal,01 - Functioning,2,0,0,0,,0,,,,,365250.0426,5017506.24,45.29490942,-75.72928235,9959
16--5702,2016/05/24,7:32 AM,AQUAVIEW DR @ ESPRIT DR (0012798),12798,03 - At intersection,03 - P.D. only,02 - Angle,01 - Clear,01 - Daylight,01 - Dry,02 - Stop sign,01 - Functioning,2,0,0,0,,0,,,,,384966.2204,5035747.142,45.45705366,-75.47498207,9960
16--5703,2016/05/24,7:45 AM,BANKFIELD RD @ HWY 416 BANKFIEL IC57R24 (0001602),1602,03 - At intersection,03 - P.D. only,03 - Rear end,01 - Clear,01 - Daylight,01 - Dry,02 - Stop sign,00 - Unknown,2,0,0,0,,0,,,,,364913.5575,5008137.342,45.21063675,-75.73470515,9961
16--5704,2016/05/24,7:46 PM,REGIONAL ROAD 174 btwn OR174 IC101 RAMP61 & TRIM RD (__3ZA11N),__3ZA11N,01 - Non intersection,02 - Non-fatal injury,07 - SMV other,01 - Clear,01 - Daylight,01 - Dry,10 - No control,,1,0,1,0,02 - Minor,1,,1,,,383521.2205,5039429.468,45.49034815,-75.49286517,9962
16--5705,2016/05/24,7:50 PM,KENT ST btwn QUEEN ST & ALBERT ST (__3ZA1XM),__3ZA1XM,01 - Non intersection,03 - P.D. only,04 - Sideswipe,01 - Clear,01 - Daylight,01 - Dry,10 - No control,,2,0,0,0,,0,,,,,367189.1346,5031370.115,45.41948417,-75.70281217,9963
16--5706,2016/05/24,8:00 AM,BENSINGER WAY btwn GRENADINE ST & MALOJA WAY (e___1G7Q),e___1G7Q,01 - Non intersection,03 - P.D. only,04 - Sideswipe,01 - Clear,01 - Daylight,01 - Dry,10 - No control,,2,0,0,0,,0,,,,,349711.2945,5016331.659,45.28550519,-75.92749084,9964
16--5707,2016/05/24,8:00 AM,PLACE D'ORLEANS DR @ OR174 IC102 RAMP51/TRANSI (0008777),8777,02 - Intersection related,02 - Non-fatal injury,02 - Angle,01 - Clear,01 - Daylight,01 - Dry,01 - Traffic signal,01 - Functioning,2,1,0,0,02 - Minor,1,,1,,,381392.7554,5038030.098,45.47799465,-75.5203103,9965
16--5708,2016/05/24,8:39 AM,CUMMINGS AVE @ DONALD ST (0009936),9936,02 - Intersection related,03 - P.D. only,05 - Turning movement,01 - Clear,01 - Daylight,01 - Dry,01 - Traffic signal,01 - Functioning,2,0,0,0,,0,,,,,372651.8493,5032412.255,45.4283524,-75.63287557,9966
16--5709,2016/05/24,8:54 PM,RIVERSIDE DR NB btwn BANK ST & RIVERSIDE DR NB RAMP FROM EB TO WB (__3ZBOEF),__3ZBOEF,01 - Non intersection,03 - P.D. only,04 - Sideswipe,01 - Clear,07 - Dark,01 - Dry,10 - No control,,2,0,0,0,,0,,,,,369337.779,5027933.264,45.38836568,-75.67581012,9967
16--571,2016/01/13,6:50 PM,HIGHWAY 417 btwn HWY417 IC124 RAMP67 & HWY417 IC123 RAMP62 (__3ZA2YZ),__3ZA2YZ,01 - Non intersection,03 - P.D. only,03 - Rear end,01 - Clear,07 - Dark,01 - Dry,10 - No control,,2,0,0,0,,0,,,,,364638.9803,5027832.76,45.38787857,-75.73582347,9968
16--5710,2016/05/24,9:01 AM,ANDERSON RD @ INNES RD (0004200),4200,03 - At intersection,03 - P.D. only,05 - Turning movement,01 - Clear,01 - Daylight,01 - Dry,01 - Traffic signal,01 - Functioning,2,0,0,0,,0,,,,,376280.5156,5031841.789,45.42285825,-75.58659097,9969
16--5711,2016/05/25,1:37 PM,ST. LAURENT BLVD @ MCARTHUR AVE (0008246),8246,03 - At intersection,03 - P.D. only,05 - Turning movement,01 - Clear,01 - Daylight,01 - Dry,01 - Traffic signal,01 - Functioning,2,0,0,0,,0,,,,,371921.8618,5032887.421,45.43269816,-75.64213874,9970
16--5712,2016/05/25,10:23 AM,CARLING AVE @ KIRKWOOD AVE S (0002209),2209,03 - At intersection,02 - Non-fatal injury,05 - Turning movement,01 - Clear,01 - Daylight,01 - Dry,01 - Traffic signal,01 - Functioning,2,0,0,0,02 - Minor,2,1,1,,,364352.1597,5027337.319,45.38344513,-75.73954578,9971
16--5713,2016/05/25,10:24 AM,DALHOUSIE ST @ RIDEAU ST (0007646),7646,02 - Intersection related,03 - P.D. only,03 - Rear end,01 - Clear,01 - Daylight,01 - Dry,01 - Traffic signal,01 - Functioning,2,0,0,0,,0,,,,,368207.8365,5032227.807,45.42710981,-75.68968643,9972
16--5714,2016/05/25,10:30 AM,CARLING AVE @ KIRKWOOD AVE S (0002209),2209,03 - At intersection,03 - P.D. only,03 - Rear end,01 - Clear,01 - Daylight,01 - Dry,01 - Traffic signal,01 - Functioning,2,0,0,0,,0,,,,,364351.926,5027336.873,45.38344114,-75.73954882,9973
16--5715,2016/05/25,10:36 AM,HUNT CLUB RD @ LINDBERGH PRIV (0011417),11417,03 - At intersection,02 - Non-fatal injury,03 - Rear end,01 - Clear,01 - Daylight,01 - Dry,02 - Stop sign,01 - Functioning,3,0,0,0,02 - Minor,2,,2,,,368363.5756,5022134.613,45.33627996,-75.6889959,9974
16--5716,2016/05/25,10:50 PM,FRIEL ST @ RIDEAU ST (0011917),11917,02 - Intersection related,02 - Non-fatal injury,07 - SMV other,01 - Clear,07 - Dark,01 - Dry,01 - Traffic signal,01 - Functioning,1,0,0,0,02 - Minor,1,,1,,,368772.3788,5032570.359,45.43014056,-75.68242816,9975