Anom_ID,Accident_Date,Accident_Time,Location,Geo_ID,Accident_Location,Classification_of_Accident,Initial_Impact_Type,Environment_Condition,Light,Road_Surface_Condition,Traffic_Control,Traffic_Control_Condition,No__of_Vehicles,No__of_Bicycles,No__of_Motorcycles,No__of_Pedestrians,Max_Injury,No__of_Injuries,No__of_Minimal,No__of_Minor,No__of_Major,No__of_Fatal,X,Y,Latitude,Longitude,ObjectId
16--5717,2016/05/25,11:00 AM,HAMILTON AVE   N btwn ARMSTRONG ST & WELLINGTON ST W (__3ZA05N),__3ZA05N,01 - Non intersection,03 - P.D. only,06 - SMV unattended vehicle,01 - Clear,01 - Daylight,01 - Dry,10 - No control,,1,0,0,0,,0,,,,,365044.551,5029303.729,45.40107928,-75.73046496,9976
16--5718,2016/05/25,11:12 AM,PARKDALE AVE btwn GRANT ST & WELLINGTON ST W (__3ZA3ZQ),__3ZA3ZQ,01 - Non intersection,03 - P.D. only,06 - SMV unattended vehicle,01 - Clear,01 - Daylight,01 - Dry,10 - No control,,1,0,0,0,,0,,,,,365130.5398,5029313.3,45.40115799,-75.72936551,9977
16--5719,2016/05/25,11:53 AM,ROCKY HILL DR @ PRINCE OF WALES DR (0010328),10328,03 - At intersection,03 - P.D. only,02 - Angle,01 - Clear,01 - Daylight,01 - Dry,01 - Traffic signal,01 - Functioning,2,0,0,0,,0,,,,,366969.4448,5014402.744,45.26683439,-75.70775139,9978
16--572,2016/01/13,7:07 AM,COLONNADE RD @ PRINCE OF WALES DR (0005249),5249,03 - At intersection,03 - P.D. only,05 - Turning movement,03 - Snow,03 - Dawn,03 - Loose snow,01 - Traffic signal,01 - Functioning,2,0,0,0,,0,,,,,367393.6139,5023266.297,45.34654984,-75.70122719,9979
16--5720,2016/05/25,11:54 AM,CARLING AVE @ RICHMOND RD (0010847),10847,02 - Intersection related,03 - P.D. only,07 - SMV other,01 - Clear,01 - Daylight,01 - Dry,01 - Traffic signal,01 - Functioning,1,0,0,0,,0,,,,,360245.0026,5024781.287,45.36078321,-75.79227507,9980
16--5721,2016/05/25,Unknown,IRIS ST btwn HIGHGATE RD & GATEWAY RD (__3ZABUN),__3ZABUN,01 - Non intersection,03 - P.D. only,06 - SMV unattended vehicle,01 - Clear,00 - Unknown,01 - Dry,10 - No control,,1,0,0,0,,0,,,,,361640.0008,5023941.251,45.3531129,-75.7745667,9981
16--5722,2016/05/25,12:10 PM,RIVERSIDE DR @ HERON RD (0002236),2236,02 - Intersection related,03 - P.D. only,02 - Angle,01 - Clear,01 - Daylight,01 - Dry,01 - Traffic signal,01 - Functioning,2,0,0,0,,0,,,,,368121.1748,5026647.454,45.37690736,-75.69151031,9982
16--5723,2016/05/25,12:29 PM,HILLIARD AVE btwn LIPSTAN AVE & OAKWOOD AVE (__3ZAAQF),__3ZAAQF,01 - Non intersection,03 - P.D. only,07 - SMV other,01 - Clear,01 - Daylight,01 - Dry,10 - No control,,1,0,0,0,,0,,,,,366202.9578,5025709.39,45.36863759,-75.71611653,9983
16--5724,2016/05/25,2:45 PM,CARLING AVE @ CROYDON AVE (0002642),2642,03 - At intersection,03 - P.D. only,07 - SMV other,01 - Clear,01 - Daylight,01 - Dry,01 - Traffic signal,01 - Functioning,1,0,0,0,,0,,,,,360658.0042,5025042.743,45.36310299,-75.78697419,9984
16--5725,2016/05/25,3:29 PM,RIVERSIDE DR NB btwn INDUSTRIAL AVE & TREMBLAY RD (__3ZA4SE),__3ZA4SE,01 - Non intersection,03 - P.D. only,04 - Sideswipe,01 - Clear,01 - Daylight,01 - Dry,10 - No control,,2,0,0,0,,0,,,,,370730.9418,5030738.438,45.4134758,-75.65764542,9985
16--5726,2016/05/25,3:33 PM,METCALFE ST @ SLATER ST (0002233),2233,03 - At intersection,02 - Non-fatal injury,07 - SMV other,01 - Clear,01 - Daylight,01 - Dry,01 - Traffic signal,01 - Functioning,1,0,0,1,02 - Minor,1,,1,,,367731.4928,5031549.76,45.42105199,-75.69585983,9986
16--5727,2016/05/25,3:43 PM,CARP RD btwn HWY417 IC144 RAMP16 & HWY417 IC144 RAMP35 (__3ZA3F4),__3ZA3F4,01 - Non intersection,03 - P.D. only,03 - Rear end,01 - Clear,01 - Daylight,01 - Dry,10 - No control,,2,0,0,0,,0,,,,,347377.9998,5015838.797,45.28121545,-75.95727555,9987
16--5728,2016/05/25,3:49 PM,CATHERINE ST btwn BANK ST & O'CONNOR ST (__3ZA3PU),__3ZA3PU,04 - At/near private drive,03 - P.D. only,02 - Angle,01 - Clear,01 - Daylight,01 - Dry,10 - No control,,2,0,0,0,,0,,,,,368058.1145,5030278.481,45.40958398,-75.69184985,9988
16--5729,2016/05/25,3:53 PM,COLONEL BY DR btwn UNIVERSITY RD & COLONEL BY DR SB ON RAMP 43 (__3ZA213),__3ZA213,01 - Non intersection,03 - P.D. only,03 - Rear end,01 - Clear,01 - Daylight,01 - Dry,10 - No control,,2,0,0,0,,0,,,,,367407.8048,5027240.592,45.38230837,-75.70054257,9989
16--573,2016/01/13,8:15 AM,CARP RD btwn THOMAS A. DOLAN PKWY & NORMA LANE (__3ZAZ54),__3ZAZ54,01 - Non intersection,03 - P.D. only,01 - Approaching,05 - Drifting Snow,01 - Daylight,03 - Loose snow,10 - No control,,2,0,0,0,,0,,,,,337207.7557,5025382.121,45.36763327,-76.08628299,9990
16--5730,2016/05/25,3:59 PM,HIGHWAY 417 btwn HWY417 IC121A RAMP16 & HWY417 IC121A RAMP61 (__3ZA2YY),__3ZA2YY,01 - Non intersection,03 - P.D. only,04 - Sideswipe,01 - Clear,01 - Daylight,01 - Dry,10 - No control,,2,0,0,0,,0,,,,,367274.1585,5029764.246,45.40502746,-75.70192941,9991
16--5731,2016/05/25,4:03 PM,EAGLESON RD btwn FERNBANK RD & BRIDGESTONE DR (__3ZBPJZ),__3ZBPJZ,01 - Non intersection,02 - Non-fatal injury,03 - Rear end,01 - Clear,01 - Daylight,01 - Dry,10 - No control,,3,0,0,0,01 - Minimal,1,1,,,,354816.8931,5015543.456,45.278068,-75.86249022,9992
16--5732,2016/05/25,4:15 PM,LAURIER AVE   W btwn LYON ST N & KENT ST (__3ZA3CQ),__3ZA3CQ,04 - At/near private drive,02 - Non-fatal injury,99 - Other,01 - Clear,01 - Daylight,01 - Dry,10 - No control,,2,1,0,0,01 - Minimal,1,1,,,,367263.9727,5031134.066,45.4173536,-75.70188593,9993
16--5733,2016/05/25,4:40 PM,BOURASSA ST @ ST. LAURENT BLVD (0007731),7731,02 - Intersection related,03 - P.D. only,03 - Rear end,01 - Clear,01 - Daylight,01 - Dry,01 - Traffic signal,01 - Functioning,2,0,0,0,,0,,,,,373237.4084,5029693.331,45.40383178,-75.62577078,9994
16--5734,2016/05/25,4:43 PM,BANK ST/PRETORIA AVE @ CHAMBERLAIN AVE S (0006980),6980,03 - At intersection,03 - P.D. only,02 - Angle,01 - Clear,01 - Daylight,01 - Dry,02 - Stop sign,01 - Functioning,2,0,0,0,,0,,,,,368108.1027,5030104.062,45.40801009,-75.69123369,9995
16--5735,2016/05/25,4:51 PM,BLACKBURN AVE @ SOMERSET ST (0008457),8457,03 - At intersection,02 - Non-fatal injury,02 - Angle,01 - Clear,01 - Daylight,01 - Dry,02 - Stop sign,01 - Functioning,2,0,0,0,01 - Minimal,1,1,,,,369407.0292,5031948.81,45.42448976,-75.67439966,9996
16--5736,2016/05/25,4:54 PM,CARLING AVE @ CARLINGWOOD SC (0008881),8881,03 - At intersection,03 - P.D. only,05 - Turning movement,01 - Clear,01 - Daylight,01 - Dry,01 - Traffic signal,01 - Functioning,3,0,0,0,,0,,,,,362074.1395,5025919.705,45.37087955,-75.76879707,9997
16--5737,2016/05/25,5:24 PM,BESSERER ST @ CHARLOTTE ST (0008425),8425,03 - At intersection,03 - P.D. only,05 - Turning movement,01 - Clear,01 - Daylight,01 - Dry,02 - Stop sign,01 - Functioning,2,0,0,0,,0,,,,,369292.927,5032790.488,45.43207338,-75.67574737,9998
16--5738,2016/05/25,5:35 PM,ANOKA ST btwn EDGE HILL PL & GRASMERE CRES (__3ZA9Y4),__3ZA9Y4,01 - Non intersection,03 - P.D. only,06 - SMV unattended vehicle,01 - Clear,01 - Daylight,01 - Dry,10 - No control,,1,0,0,0,,0,,,,,370317.4262,5026806.788,45.37813907,-75.66345021,9999
16--5739,2016/05/25,5:39 PM,CARLING AVE @ CONNAUGHT AVE (0002143),2143,02 - Intersection related,02 - Non-fatal injury,03 - Rear end,01 - Clear,01 - Daylight,01 - Dry,01 - Traffic signal,01 - Functioning,2,0,1,0,03 - Major,2,,1,1,,360770.9543,5025117.738,45.36376879,-75.785524,10000
16--6550,2016/06/16,3:12 PM,MEADOWLANDS DR btwn BROOK LANE & WITHROW AVE (__3ZA4HH),__3ZA4HH,01 - Non intersection,02 - Non-fatal injury,03 - Rear end,01 - Clear,01 - Daylight,01 - Dry,10 - No control,,4,0,0,0,01 - Minimal,1,1,,,,363650.3884,5023056.958,45.34499029,-75.74901608,10001
16--6551,2016/06/16,3:20 PM,LEES AVE @  TRANSITWAY/HWY 417 NICHOLAS IC118R (0012210),12210,02 - Intersection related,03 - P.D. only,03 - Rear end,01 - Clear,01 - Daylight,01 - Dry,01 - Traffic signal,01 - Functioning,3,0,0,0,,0,,,,,369366.156,5031280.739,45.41848248,-75.67500947,10002
16--6552,2016/06/16,3:22 PM,CATHERINE ST btwn TO BE DETERMINED & METCALFE ST (2) (__3ZBOE6),__3ZBOE6,01 - Non intersection,03 - P.D. only,04 - Sideswipe,01 - Clear,01 - Daylight,01 - Dry,10 - No control,,2,0,0,0,,0,,,,,368381.3054,5030478.671,45.41135594,-75.68769554,10003
16--6553,2016/06/16,3:24 PM,HIGHWAY 417 btwn HWY417 IC122 RAMP16 & HWY417 IC122 RAMP61 (__3ZA2RA),__3ZA2RA,01 - Non intersection,03 - P.D. only,03 - Rear end,01 - Clear,01 - Daylight,01 - Dry,10 - No control,,2,0,0,0,,0,,,,,365323.0162,5028888.997,45.39732359,-75.72695919,10004
16--6554,2016/06/16,3:30 PM,LEBOUTILLIER AVE @ MONTREAL RD (0013729),13729,02 - Intersection related,03 - P.D. only,03 - Rear end,01 - Clear,01 - Daylight,01 - Dry,02 - Stop sign,01 - Functioning,2,0,0,0,,0,,,,,372514.306,5034284.098,45.44520765,-75.63437564,10005
16--6555,2016/06/16,3:40 PM,CRERAR AVE @ FISHER AVE (0006253),6253,03 - At intersection,03 - P.D. only,05 - Turning movement,01 - Clear,01 - Daylight,01 - Dry,02 - Stop sign,01 - Functioning,2,0,0,0,,0,,,,,365453.8745,5027698.325,45.38659886,-75.7254343,10006
16--6556,2016/06/16,3:46 PM,WALLER ST btwn BESSERER ST & DALY AVE (__3ZBN03),__3ZBN03,01 - Non intersection,02 - Non-fatal injury,04 - Sideswipe,01 - Clear,01 - Daylight,01 - Dry,10 - No control,,2,1,0,0,01 - Minimal,1,1,,,,368319.1151,5032181.523,45.42668326,-75.68827047,10007
16--6557,2016/06/16,4:00 PM,WAVERLEY ST @ O'CONNOR ST (0007269),7269,03 - At intersection,02 - Non-fatal injury,07 - SMV other,01 - Clear,01 - Daylight,01 - Dry,02 - Stop sign,01 - Functioning,1,0,0,1,03 - Major,1,,,1,,368008.7029,5030765.954,45.41397457,-75.69241853,10008
16--6558,2016/06/16,4:01 PM,"HEPATICA WAY btwn AUBEPINES, PROMENADE DES & MAGNOLIA ST (e___2HV1)",e___2HV1,01 - Non intersection,03 - P.D. only,06 - SMV unattended vehicle,01 - Clear,01 - Daylight,01 - Dry,10 - No control,,1,0,0,0,,0,,,,,384378.167,5034384.086,45.44485734,-75.48272032,10009
16--6559,2016/06/16,4:22 PM,CARLING AVE @ CIVIC HOSPITAL (0008793),8793,03 - At intersection,02 - Non-fatal injury,05 - Turning movement,01 - Clear,01 - Daylight,01 - Dry,01 - Traffic signal,01 - Functioning,2,0,0,0,02 - Minor,3,1,2,,,365791.2189,5028278.837,45.39179289,-75.72105498,10010
16--656,2016/01/14,9:30 AM,GILMOUR ST btwn LYON ST N & KENT ST (__3ZBORF),__3ZBORF,04 - At/near private drive,03 - P.D. only,06 - SMV unattended vehicle,03 - Snow,01 - Daylight,04 - Slush,10 - No control,,1,0,0,0,,0,,,,,367577.2818,5030649.2,45.41296289,-75.69794488,10011
16--6560,2016/06/16,4:24 PM,INNES RD btwn PRESTWICK DR & TENTH LINE RD (__3ZA3Y7),__3ZA3Y7,01 - Non intersection,03 - P.D. only,05 - Turning movement,01 - Clear,01 - Daylight,01 - Dry,10 - No control,,2,0,0,0,,0,,,,,383882.5382,5036131.376,45.46063414,-75.48877421,10012
16--6561,2016/06/16,4:24 PM,INNES RD btwn 298 E OF WILDFLOWER DR & LANTHIER DR/PRESTWICK DR (__3ZA3Y4B),__3ZA3Y4B,04 - At/near private drive,03 - P.D. only,02 - Angle,01 - Clear,01 - Daylight,01 - Dry,10 - No control,,2,0,0,0,,0,,,,,383472.033,5035959.994,45.45913855,-75.49404994,10013
16--6562,2016/06/16,4:32 PM,OGILVIE RD @ ELMLEA GT/SHOPPERS CITY EAST SC (0008800),8800,02 - Intersection related,02 - Non-fatal injury,03 - Rear end,01 - Clear,01 - Daylight,01 - Dry,01 - Traffic signal,01 - Functioning,2,0,1,0,02 - Minor,1,,1,,,374988.96,5033486.128,45.43778387,-75.60285859,10014
16--6563,2016/06/16,4:38 PM,ST. LAURENT BLVD btwn COVENTRY RD & LEMIEUX ST (__3ZA2C9),__3ZA2C9,04 - At/near private drive,03 - P.D. only,02 - Angle,01 - Clear,01 - Daylight,01 - Dry,10 - No control,,2,0,0,0,,0,,,,,372388.8229,5031749.633,45.42241591,-75.6363275,10015
16--6564,2016/06/16,5:51 PM,BASELINE RD btwn LOBLAWS SC & MERIVALE RD (__3ZA4ISC),__3ZA4ISC,04 - At/near private drive,02 - Non-fatal injury,02 - Angle,01 - Clear,01 - Daylight,01 - Dry,10 - No control,,2,1,0,0,02 - Minor,1,,1,,,364894.8495,5025227.129,45.36441166,-75.73287326,10016
16--6565,2016/06/16,6:16 AM,CASTLEFRANK RD btwn WINCHESTER DR & MCKITRICK DR (__3ZAB1A),__3ZAB1A,01 - Non intersection,03 - P.D. only,06 - SMV unattended vehicle,01 - Clear,01 - Daylight,01 - Dry,10 - No control,,1,0,0,0,,0,,,,,352910.192,5017403.698,45.29493999,-75.88661101,10017
16--6566,2016/06/16,6:18 PM,WEST HUNT CLUB RD @ CLEOPATRA DR/LANCELOT DR (0000114),114,03 - At intersection,02 - Non-fatal injury,05 - Turning movement,01 - Clear,01 - Daylight,01 - Dry,01 - Traffic signal,01 - Functioning,3,0,0,0,01 - Minimal,1,1,,,,365235.3218,5021732.564,45.33293879,-75.72895449,10018
16--6567,2016/06/16,6:22 AM,KING EDWARD AVE btwn MANN AVE & TEMPLETON ST (__3ZA3CB),__3ZA3CB,04 - At/near private drive,03 - P.D. only,02 - Angle,01 - Clear,01 - Daylight,01 - Dry,10 - No control,,2,0,0,0,,0,,,,,369164.556,5031345.463,45.41908342,-75.67757668,10019
16--6568,2016/06/16,6:30 PM,HILLSIDE DR @ MONTREAL RD (0006434),6434,02 - Intersection related,03 - P.D. only,03 - Rear end,01 - Clear,01 - Daylight,01 - Dry,02 - Stop sign,01 - Functioning,2,0,0,0,,0,,,,,371705.0356,5033894.357,45.44177887,-75.64477275,10020
16--6569,2016/06/16,6:52 AM,ST. JOSEPH BLVD/OLD MONTREAL RD @ TRIM RD (0004118),4118,03 - At intersection,03 - P.D. only,02 - Angle,01 - Clear,01 - Daylight,01 - Dry,11 - Roundabout,01 - Functioning,2,0,0,0,,0,,,,,384683.0203,5039285.848,45.48892399,-75.4780272,10021
16--657,2016/01/14,9:50 AM,CARLING AVE @ KIRKWOOD AVE S (0002209),2209,03 - At intersection,03 - P.D. only,04 - Sideswipe,03 - Snow,01 - Daylight,03 - Loose snow,01 - Traffic signal,01 - Functioning,2,0,0,0,,0,,,,,364353.9519,5027337.174,45.38344367,-75.73952292,10022
16--6570,2016/06/16,7:21 AM,CATHCART ST @ KING EDWARD AVE NB (0013340),13340,02 - Intersection related,03 - P.D. only,04 - Sideswipe,01 - Clear,01 - Daylight,01 - Dry,02 - Stop sign,01 - Functioning,2,0,0,0,,0,,,,,368092.5311,5033120.592,45.43515321,-75.69104506,10023
16--6571,2016/06/16,7:56 PM,FALLOWFIELD RD btwn WOLFGANG DR & HOLITMAN DR (__3ZA3IJ),__3ZA3IJ,01 - Non intersection,03 - P.D. only,03 - Rear end,01 - Clear,01 - Daylight,01 - Dry,10 - No control,,2,0,0,0,,0,,,,,363505.0275,5017000.009,45.29050232,-75.75158869,10024
16--6572,2016/06/16,8:07 PM,NAVAN RD @ PAGE RD (0004199),4199,03 - At intersection,03 - P.D. only,02 - Angle,01 - Clear,01 - Daylight,01 - Dry,02 - Stop sign,01 - Functioning,2,0,0,0,,0,,,,,381659.9855,5032770.775,45.4306462,-75.5177146,10025
16--6573,2016/06/16,8:38 AM,BAYVIEW RD @ SCOTT ST/ALBERT ST (0005646),5646,03 - At intersection,02 - Non-fatal injury,05 - Turning movement,01 - Clear,01 - Daylight,01 - Dry,01 - Traffic signal,01 - Functioning,2,0,0,0,02 - Minor,2,,2,,,365519.023,5030071.607,45.40794747,-75.72431028,10026
16--6574,2016/06/16,9:00 AM,BANK ST @ HOLMWOOD AVE (0007225),7225,02 - Intersection related,03 - P.D. only,04 - Sideswipe,01 - Clear,01 - Daylight,01 - Dry,01 - Traffic signal,01 - Functioning,2,0,1,0,,0,,,,,368482.3844,5029196.431,45.39980956,-75.68656991,10027
16--6575,2016/06/16,9:00 PM,MOREWOOD CRES btwn LEVAC DR & LEVAC DR (__3ZA60B),__3ZA60B,01 - Non intersection,03 - P.D. only,06 - SMV unattended vehicle,01 - Clear,05 - Dusk,01 - Dry,10 - No control,,1,0,0,0,,0,,,,,384394.2106,5038085.383,45.47815636,-75.48191603,10028
16--6576,2016/06/16,9:01 AM,CORKSTOWN RD @ MARCH RD (0003153),3153,02 - Intersection related,03 - P.D. only,03 - Rear end,01 - Clear,01 - Daylight,01 - Dry,02 - Stop sign,01 - Functioning,2,0,0,0,,0,,,,,352658.0037,5020883.486,45.32626913,-75.88949007,10029
16--6577,2016/06/16,9:49 PM,FRANK KENNY RD btwn GIROUX RD & COLONIAL RD (__3ZA6T8),__3ZA6T8,01 - Non intersection,03 - P.D. only,07 - SMV other,01 - Clear,07 - Dark,01 - Dry,10 - No control,,1,0,0,0,,0,,,,,390117.3361,5032247.723,45.42495979,-75.40973736,10030
16--6578,2016/06/17,1:40 PM,MARCH RD @ MORGAN'S GRANT WAY/SHIRLEY'S BROOK  (0002651),2651,02 - Intersection related,03 - P.D. only,03 - Rear end,01 - Clear,01 - Daylight,01 - Dry,01 - Traffic signal,01 - Functioning,2,0,0,0,,0,,,,,349660.1149,5023617.345,45.35106705,-75.92748338,10031
16--6579,2016/06/17,10:35 AM,MITCH OWENS RD btwn SPRATT RD & LIMEBANK RD (__3ZA3H3),__3ZA3H3,01 - Non intersection,03 - P.D. only,07 - SMV other,01 - Clear,01 - Daylight,01 - Dry,10 - No control,,1,0,0,0,,0,,,,,369979.2948,5011061.513,45.23649791,-75.66983782,10032
16--658,2016/01/14,9:57 AM,BAYSWATER AVE btwn WELLINGTON ST W & SOMERSET ST W (__3ZA31D),__3ZA31D,01 - Non intersection,03 - P.D. only,07 - SMV other,03 - Snow,01 - Daylight,03 - Loose snow,10 - No control,,1,0,0,0,,0,,,,,365792.7225,5029955.256,45.40687677,-75.72082847,10033
16--6580,2016/06/17,10:45 PM,HIGHWAY 416 btwn HWY416 IC49 RAMP34 & HWY416 IC49 RAMP43 (__3ZAZJB),__3ZAZJB,01 - Non intersection,03 - P.D. only,07 - SMV other,01 - Clear,07 - Dark,01 - Dry,10 - No control,,1,0,0,0,,0,,,,,369221.7206,5000984.452,45.14589423,-75.68078763,10034
16--6581,2016/06/17,10:47 AM,GILLES ST @ HERON RD (0007140),7140,02 - Intersection related,02 - Non-fatal injury,03 - Rear end,01 - Clear,01 - Daylight,01 - Dry,02 - Stop sign,01 - Functioning,2,0,0,0,02 - Minor,1,,1,,,369758.9441,5026817.408,45.37828663,-75.67057896,10035
16--6582,2016/06/17,11:14 PM,MERIVALE RD btwn 170 N OF WEST HUNT CLUB RD/COSTCO SC & WEST HUNT CLUB (__3ZA33DB),__3ZA33DB,01 - Non intersection,03 - P.D. only,04 - Sideswipe,01 - Clear,07 - Dark,01 - Dry,10 - No control,,2,0,0,0,,0,,,,,365606.8358,5021959.686,45.33495031,-75.72418717,10036
16--6583,2016/06/17,11:28 AM,ROSEMOUNT AVE @ WELLINGTON ST (0006157),6157,02 - Intersection related,03 - P.D. only,04 - Sideswipe,01 - Clear,01 - Daylight,01 - Dry,02 - Stop sign,01 - Functioning,2,0,0,0,,0,,,,,365362.317,5029429.349,45.40218216,-75.72639091,10037
16--6584,2016/06/17,11:45 AM,GUIGUES AVE btwn CUMBERLAND ST & KING EDWARD AVE (__3ZA7CO),__3ZA7CO,01 - Non intersection,03 - P.D. only,06 - SMV unattended vehicle,01 - Clear,01 - Daylight,01 - Dry,10 - No control,,1,0,0,0,,0,,,,,368144.2333,5032864.541,45.43284468,-75.69041725,10038
16--6585,2016/06/17,Unknown,CRERAR AVE @ FISHER AVE (0006253),6253,02 - Intersection related,03 - P.D. only,06 - SMV unattended vehicle,01 - Clear,00 - Unknown,01 - Dry,02 - Stop sign,00 - Unknown,1,0,0,0,,0,,,,,365454.3589,5027696.302,45.38658062,-75.72542836,10039
16--6586,2016/06/17,2:00 PM,SENECA ST btwn GLEN AVE & GROVE AVE (__3ZBOTX),__3ZBOTX,01 - Non intersection,03 - P.D. only,06 - SMV unattended vehicle,01 - Clear,01 - Daylight,01 - Dry,10 - No control,,1,0,0,0,,0,,,,,368317.7281,5028117.412,45.39011584,-75.68881181,10040
16--6587,2016/06/17,2:00 PM,HIGHWAY 417 btwn HWY417 IC134 RAMP35 & HWY417 IC134 RAMP25 (__3ZA29D),__3ZA29D,01 - Non intersection,03 - P.D. only,99 - Other,01 - Clear,01 - Daylight,01 - Dry,10 - No control,,2,0,0,0,,0,,,,,356411.9027,5022241.441,45.33822215,-75.84146419,10041
16--6588,2016/06/17,2:04 PM,KENT ST btwn MACLAREN ST & GILMOUR ST (__3ZBOE1),__3ZBOE1,01 - Non intersection,03 - P.D. only,03 - Rear end,01 - Clear,01 - Daylight,01 - Dry,10 - No control,,2,0,0,0,,0,,,,,367577.8963,5030732.421,45.41371163,-75.69792643,10042
16--6589,2016/06/17,2:21 PM,INNES RD @ 260 E OF BELCOURT BLVD/WALMART SC (0012533),12533,02 - Intersection related,03 - P.D. only,03 - Rear end,01 - Clear,01 - Daylight,01 - Dry,01 - Traffic signal,01 - Functioning,2,0,0,0,,0,,,,,382346.9739,5035398.29,45.45421059,-75.50852204,10043
16--659,2016/01/15,1:05 PM,UPLANDS DR @ AIRPORT PKWY RAMP 35 (0009397),9397,02 - Intersection related,03 - P.D. only,03 - Rear end,01 - Clear,01 - Daylight,02 - Wet,01 - Traffic signal,01 - Functioning,3,0,0,0,,0,,,,,371124.3936,5021373.307,45.32917441,-75.65387657,10044
16--6590,2016/06/17,3:12 PM,COLONEL BY DR @ HAWTHORNE AVE/PRETORIA BRIDGE (0002122),2122,02 - Intersection related,03 - P.D. only,03 - Rear end,01 - Clear,01 - Daylight,01 - Dry,01 - Traffic signal,01 - Functioning,2,0,0,0,,0,,,,,368767.9357,5030525.341,45.41174062,-75.68275046,10045
16--6591,2016/06/17,3:30 PM,HIGHWAY 417 btwn HWY417 IC117 RAMP61 & HWY417 IC115 RAMP36 (__3ZA2RZ),__3ZA2RZ,01 - Non intersection,03 - P.D. only,04 - Sideswipe,01 - Clear,01 - Daylight,01 - Dry,10 - No control,,2,0,0,0,,0,,,,,371561.092,5031423.944,45.41956498,-75.64694747,10046
16--6592,2016/06/17,3:45 PM,HIGHWAY 417 btwn HWY417 IC127 RAMP25 & HWY417 IC126 RAMP51 (__3ZA2XA),__3ZA2XA,01 - Non intersection,03 - P.D. only,03 - Rear end,01 - Clear,01 - Daylight,01 - Dry,10 - No control,,2,0,0,0,,0,,,,,363188.6442,5025862.938,45.37027679,-75.7545764,10047
16--6593,2016/06/17,3:47 PM,CYRVILLE RD @ ST. LAURENT BLVD (0002647),2647,02 - Intersection related,03 - P.D. only,03 - Rear end,01 - Clear,01 - Daylight,01 - Dry,01 - Traffic signal,01 - Functioning,2,0,0,0,,0,,,,,372241.4953,5032111.355,45.42568473,-75.63816036,10048
16--6594,2016/06/17,3:50 PM,ST. JOSEPH BLVD/OLD MONTREAL RD @ TRIM RD (0004118),4118,03 - At intersection,02 - Non-fatal injury,02 - Angle,01 - Clear,01 - Daylight,01 - Dry,11 - Roundabout,01 - Functioning,2,0,0,0,01 - Minimal,2,2,,,,384683.5529,5039285.848,45.48892393,-75.47802038,10049
16--6595,2016/06/17,3:58 PM,MONTREAL RD @ STE. ANNE ST (0009798),9798,02 - Intersection related,03 - P.D. only,04 - Sideswipe,01 - Clear,01 - Daylight,01 - Dry,02 - Stop sign,01 - Functioning,2,0,0,0,,0,,,,,370706.9341,5033416.821,45.43757703,-75.65759374,10050
16--6596,2016/06/17,4:16 PM,HIGHWAY 417 btwn HWY417 IC126 RAMP61 & HWY417 IC124 RAMP76 (__3ZA2Y2),__3ZA2Y2,01 - Non intersection,03 - P.D. only,04 - Sideswipe,01 - Clear,01 - Daylight,01 - Dry,10 - No control,,2,0,0,0,,0,,,,,363669.4496,5026529.69,45.37623591,-75.74835922,10051
16--6597,2016/06/17,4:18 PM,TERMINAL AVE @ TRAINYARDS DR (0012245),12245,03 - At intersection,03 - P.D. only,05 - Turning movement,01 - Clear,01 - Daylight,01 - Dry,01 - Traffic signal,01 - Functioning,2,0,0,0,,0,,,,,371846.4614,5030816.15,45.41406903,-75.64338421,10052
16--6598,2016/06/17,4:56 PM,ROBERTSON RD btwn MOODIE DR & VANIER RD (__3ZBOCN),__3ZBOCN,04 - At/near private drive,03 - P.D. only,05 - Turning movement,01 - Clear,01 - Daylight,01 - Dry,10 - No control,,2,0,0,0,,0,,,,,357180.7072,5020522.525,45.32269822,-75.83183728,10053
16--6599,2016/06/17,5:00 PM,MOODIE DR @ ROBERTSON RD (0010545),10545,03 - At intersection,03 - P.D. only,02 - Angle,01 - Clear,01 - Daylight,01 - Dry,01 - Traffic signal,02 - Not functioning,2,0,0,0,,0,,,,,357065.5247,5020456.155,45.3221096,-75.83331344,10054
16--66,2016/01/03,5:15 PM,HWY417 IC115 RAMP51 btwn HIGHWAY 417 & ST. LAURENT BLVD (__3ZAY8F),__3ZAY8F,01 - Non intersection,03 - P.D. only,04 - Sideswipe,03 - Snow,05 - Dusk,03 - Loose snow,10 - No control,,2,0,0,0,,0,,,,,372120.4773,5031453.676,45.4197789,-75.63979656,10055
16--660,2016/01/15,1:50 PM,HIGHWAY 417 btwn HWY417 IC124 RAMP67 & HWY417 IC123 RAMP62 (__3ZA2YZ),__3ZA2YZ,01 - Non intersection,03 - P.D. only,03 - Rear end,03 - Snow,01 - Daylight,04 - Slush,10 - No control,,2,0,0,0,,0,,,,,364784.1569,5028088.548,45.39016769,-75.73393857,10056
16--6600,2016/06/17,5:16 AM,CONROY RD @ HUNT CLUB RD (0002257),2257,03 - At intersection,02 - Non-fatal injury,02 - Angle,01 - Clear,03 - Dawn,01 - Dry,01 - Traffic signal,01 - Functioning,2,0,0,0,02 - Minor,2,,2,,,373763.5127,5025404.523,45.36519137,-75.61965023,10057