Anom_ID,Accident_Date,Accident_Time,Location,Geo_ID,Accident_Location,Classification_of_Accident,Initial_Impact_Type,Environment_Condition,Light,Road_Surface_Condition,Traffic_Control,Traffic_Control_Condition,No__of_Vehicles,No__of_Bicycles,No__of_Motorcycles,No__of_Pedestrians,Max_Injury,No__of_Injuries,No__of_Minimal,No__of_Minor,No__of_Major,No__of_Fatal,X,Y,Latitude,Longitude,ObjectId
16--6601,2016/06/17,5:29 AM,CHURCHILL AVE @ RICHMOND RD (0002361),2361,03 - At intersection,03 - P.D. only,02 - Angle,01 - Clear,03 - Dawn,01 - Dry,01 - Traffic signal,01 - Functioning,2,0,0,0,,0,,,,,363228.3702,5028292.777,45.39213683,-75.75378172,10058
16--6602,2016/06/17,5:37 PM,RICHMOND RD btwn BASELINE RD TURN LANE & NORTHSIDE RD (__3ZA4LJ),__3ZA4LJ,01 - Non intersection,03 - P.D. only,03 - Rear end,01 - Clear,01 - Daylight,01 - Dry,10 - No control,,4,0,0,0,,0,,,,,358565.3838,5021668.872,45.33290843,-75.81405125,10059
16--6603,2016/06/17,5:59 PM,DOVERCOURT AVE @ WINDERMERE AVE (0006766),6766,03 - At intersection,02 - Non-fatal injury,02 - Angle,01 - Clear,01 - Daylight,01 - Dry,02 - Stop sign,01 - Functioning,2,0,0,0,01 - Minimal,1,1,,,,362535.9183,5026935.864,45.37998494,-75.76278335,10060
16--6604,2016/06/17,6:00 AM,HIGHWAY 416 btwn HWY416 IC66 RAMP53 & HWY416 IC57 RAMP34 (__3ZAZLC),__3ZAZLC,01 - Non intersection,03 - P.D. only,07 - SMV other,01 - Clear,01 - Daylight,01 - Dry,10 - No control,,1,0,0,0,,0,,,,,363754.6638,5009921.488,45.22678859,-75.74924629,10061
16--6605,2016/06/17,6:10 PM,FALLOWFIELD RD btwn ASHDALE AVE & PRINCE OF WALES DR (__3ZA3IQ),__3ZA3IQ,01 - Non intersection,03 - P.D. only,03 - Rear end,01 - Clear,01 - Daylight,01 - Dry,10 - No control,,4,0,0,0,,0,,,,,367312.1123,5019113.15,45.30918778,-75.70279155,10062
16--6606,2016/06/17,6:11 PM,BANK ST btwn VANCOUVER AVE & FOXBAR AVE (__3ZA4TT),__3ZA4TT,04 - At/near private drive,03 - P.D. only,02 - Angle,01 - Clear,01 - Daylight,01 - Dry,10 - No control,,2,0,0,0,,0,,,,,370454.6489,5025663.36,45.36783804,-75.66185029,10063
16--6607,2016/06/17,6:20 AM,DONALD ST @ ST. LAURENT BLVD (0008630),8630,02 - Intersection related,03 - P.D. only,05 - Turning movement,01 - Clear,01 - Daylight,01 - Dry,01 - Traffic signal,01 - Functioning,2,0,0,0,,0,,,,,372093.0365,5032471.908,45.42894312,-75.64000805,10064
16--6608,2016/06/17,6:29 PM,OLD INNES RD @ BANTREE ST (0007674),7674,03 - At intersection,03 - P.D. only,02 - Angle,01 - Clear,01 - Daylight,01 - Dry,02 - Stop sign,01 - Functioning,2,0,0,0,,0,,,,,373728.4966,5030353.117,45.40972003,-75.61940605,10065
16--6609,2016/06/17,6:30 PM,HIGHWAY 417 btwn HWY417 IC117 RAMP51 & HWY417 IC117 RAMP35 (__3ZA2YN),__3ZA2YN,01 - Non intersection,02 - Non-fatal injury,03 - Rear end,01 - Clear,01 - Daylight,01 - Dry,10 - No control,,2,0,0,0,01 - Minimal,1,1,,,,370819.7863,5031197.754,45.41760016,-75.65644891,10066
16--661,2016/01/15,10:03 AM,MEADOWLANDS DR/TALLWOOD DR @ WOODROFFE AVE (0000095),95,02 - Intersection related,03 - P.D. only,03 - Rear end,03 - Snow,01 - Daylight,04 - Slush,01 - Traffic signal,01 - Functioning,2,0,0,0,,0,,,,,363056.572,5022730.838,45.34210545,-75.75663148,10067
16--6610,2016/06/17,6:36 AM,MARCH RD btwn TERRY FOX DR & SOLANDT RD (__3ZA3CE),__3ZA3CE,01 - Non intersection,02 - Non-fatal injury,07 - SMV other,01 - Clear,01 - Daylight,01 - Dry,10 - No control,,1,0,0,0,02 - Minor,1,,1,,,350419.4845,5022783.332,45.34351344,-75.91786953,10068
16--6611,2016/06/17,6:41 PM,DALHOUSIE ST @ ST. PATRICK ST (0008242),8242,03 - At intersection,02 - Non-fatal injury,07 - SMV other,01 - Clear,01 - Daylight,01 - Dry,01 - Traffic signal,01 - Functioning,1,0,0,1,01 - Minimal,1,1,,,,367957.31,5032641.362,45.4308535,-75.69283465,10069
16--6612,2016/06/17,6:53 PM,HARDING RD @ WALKLEY RD (0007652),7652,03 - At intersection,03 - P.D. only,05 - Turning movement,01 - Clear,01 - Daylight,01 - Dry,01 - Traffic signal,01 - Functioning,2,0,0,0,,0,,,,,373148.3401,5027606.973,45.38506836,-75.62719745,10070
16--6613,2016/06/17,7:00 PM,DRIVEWAY (THE) btwn CENTRAL AVE & GILMOUR ST (__3ZA9OL),__3ZA9OL,01 - Non intersection,03 - P.D. only,06 - SMV unattended vehicle,01 - Clear,01 - Daylight,01 - Dry,10 - No control,,1,0,0,0,,0,,,,,368678.1884,5031387.067,45.41950233,-75.68378525,10071
16--6614,2016/06/17,7:03 AM,HAWTHORNE AVE btwn MAIN ST & CONCORD ST S (__3ZA8GR),__3ZA8GR,04 - At/near private drive,03 - P.D. only,07 - SMV other,01 - Clear,01 - Daylight,01 - Dry,10 - No control,,1,0,0,0,,0,,,,,369202.1853,5030766.204,45.41386799,-75.67717162,10072
16--6615,2016/06/17,7:09 PM,BRONSON AVE btwn CARLING AVE & FIRST AVE (__3ZA3OQ),__3ZA3OQ,01 - Non intersection,03 - P.D. only,04 - Sideswipe,01 - Clear,01 - Daylight,01 - Dry,10 - No control,,2,0,0,0,,0,,,,,367460.5593,5029310.083,45.40092437,-75.69960619,10073
16--6616,2016/06/17,7:40 PM,RIDEAU TER btwn NOEL ST & DURHAM PRIV (__3ZA4GD),__3ZA4GD,01 - Non intersection,03 - P.D. only,04 - Sideswipe,01 - Clear,01 - Daylight,01 - Dry,10 - No control,,2,0,0,0,,0,,,,,368994.417,5034112.997,45.44400027,-75.67938962,10074
16--6617,2016/06/17,8:04 AM,WOODROFFE AVE btwn HWY417 IC127 RAMP26 & HWY417 IC127 RAMP63 (__3ZA4MC),__3ZA4MC,01 - Non intersection,03 - P.D. only,03 - Rear end,01 - Clear,01 - Daylight,01 - Dry,10 - No control,,3,0,0,0,,0,,,,,362088.5866,5024926.074,45.36193776,-75.76872785,10075
16--6618,2016/06/17,8:12 PM,RIVERSIDE DR btwn REVELSTOKE DR & GARDENVIEW PRIV (__3ZA2FF),__3ZA2FF,01 - Non intersection,03 - P.D. only,04 - Sideswipe,01 - Clear,01 - Daylight,01 - Dry,10 - No control,,2,0,0,0,,0,,,,,368226.2805,5024441.556,45.35704975,-75.69045163,10076
16--6619,2016/06/17,8:16 AM,HIGHWAY 417 btwn HWY417 IC122 RAMP61 & HWY417 IC121B RAMP16 (__3ZA2Y4),__3ZA2Y4,01 - Non intersection,02 - Non-fatal injury,03 - Rear end,01 - Clear,01 - Daylight,01 - Dry,10 - No control,,2,0,0,0,02 - Minor,1,,1,,,366562.277,5029531.469,45.40299617,-75.71105156,10077
16--662,2016/01/15,11:30 PM,STONEHAVEN DR @ SAWYER WAY/SUMMITVIEW DR (0008287),8287,02 - Intersection related,03 - P.D. only,07 - SMV other,01 - Clear,07 - Dark,04 - Slush,02 - Stop sign,01 - Functioning,1,0,0,0,,0,,,,,356561.8858,5015861.271,45.28080145,-75.84021705,10078
16--6620,2016/06/17,8:20 AM,CAMPEAU DR @ TERRY FOX DR (0008211),8211,02 - Intersection related,03 - P.D. only,99 - Other,01 - Clear,01 - Daylight,01 - Dry,01 - Traffic signal,01 - Functioning,2,0,0,0,,0,,,,,350456.2593,5019009.797,45.30955586,-75.91774826,10079
16--6621,2016/06/17,8:45 AM,HIGHWAY 417 btwn HWY417 IC127 RAMP25 & HWY417 IC126 RAMP51 (__3ZA2XA),__3ZA2XA,01 - Non intersection,03 - P.D. only,04 - Sideswipe,01 - Clear,01 - Daylight,01 - Dry,10 - No control,,2,0,0,0,,0,,,,,363195.7025,5025869.807,45.37033801,-75.75448549,10080
16--6622,2016/06/17,9:17 AM,BAY ST @ SOMERSET ST (0007204),7204,03 - At intersection,02 - Non-fatal injury,02 - Angle,01 - Clear,01 - Daylight,01 - Dry,02 - Stop sign,01 - Functioning,2,0,0,0,02 - Minor,2,,2,,,367244.4721,5030645.023,45.41295508,-75.70219703,10081
16--6623,2016/06/17,9:28 AM,BASELINE RD btwn LOBLAWS SC & MERIVALE RD (__3ZA4ISC),__3ZA4ISC,01 - Non intersection,03 - P.D. only,07 - SMV other,01 - Clear,01 - Daylight,01 - Dry,10 - No control,,1,0,0,0,,0,,,,,364970.1417,5025273.429,45.3648218,-75.73190658,10082
16--6624,2016/06/17,9:28 PM,RIVERSIDE DR @ BROOKFIELD RD/HOG'S BACK RD (0001627),1627,03 - At intersection,02 - Non-fatal injury,05 - Turning movement,01 - Clear,07 - Dark,01 - Dry,01 - Traffic signal,01 - Functioning,2,1,0,0,01 - Minimal,1,1,,,,368167.2848,5026221.782,45.37307311,-75.69097625,10083
16--6625,2016/06/18,1:24 AM,HIGHWAY 417 btwn HWY417 IC127 RAMP63 & HWY417 IC127 RAMP67 (__3ZA2RF),__3ZA2RF,01 - Non intersection,03 - P.D. only,07 - SMV other,01 - Clear,07 - Dark,01 - Dry,10 - No control,,1,0,0,0,,0,,,,,362124.9199,5024855.054,45.36129576,-75.76827234,10084
16--6626,2016/06/18,1:50 PM,FALLOWFIELD RD @ STRANDHERD DR (0005238),5238,02 - Intersection related,03 - P.D. only,03 - Rear end,01 - Clear,01 - Daylight,01 - Dry,01 - Traffic signal,01 - Functioning,2,0,0,0,,0,,,,,360751.5662,5014961.935,45.27238818,-75.78691864,10085
16--6627,2016/06/18,10:35 AM,WOODROFFE AVE btwn TECUMSEH ST & DOMALATCHY PL (__3ZA3GR),__3ZA3GR,01 - Non intersection,03 - P.D. only,04 - Sideswipe,01 - Clear,01 - Daylight,01 - Dry,10 - No control,,2,0,0,0,,0,,,,,362371.4948,5024222.321,45.35558227,-75.76519888,10086
16--6628,2016/06/18,10:57 AM,COOPER ST @ METCALFE ST (0006940),6940,03 - At intersection,02 - Non-fatal injury,07 - SMV other,01 - Clear,01 - Daylight,01 - Dry,02 - Stop sign,01 - Functioning,1,0,0,1,02 - Minor,1,,1,,,367962.0406,5031177.903,45.41768536,-75.69296185,10087
16--6629,2016/06/18,10:57 AM,DONALD ST btwn FINDON GT & BELGATE WAY (__3ZBO2T),__3ZBO2T,01 - Non intersection,03 - P.D. only,03 - Rear end,01 - Clear,01 - Daylight,01 - Dry,10 - No control,,2,0,0,0,,0,,,,,372577.8166,5032403.814,45.42828363,-75.63382273,10088
16--663,2016/01/15,11:45 AM,ROGER GUINDON AVE @ SMYTH RD (0006971),6971,03 - At intersection,02 - Non-fatal injury,07 - SMV other,01 - Clear,01 - Daylight,02 - Wet,01 - Traffic signal,01 - Functioning,1,0,0,1,02 - Minor,1,,1,,,371933.1064,5029226.686,45.39975941,-75.64249374,10089
16--6630,2016/06/18,11:05 AM,BENTLEY AVE btwn SUNDERLAND ST & CAMELOT DR (__3ZA53R),__3ZA53R,04 - At/near private drive,03 - P.D. only,99 - Other,01 - Clear,01 - Daylight,01 - Dry,10 - No control,,2,0,0,0,,0,,,,,365922.2141,5021690.14,45.33249757,-75.72019703,10090
16--6631,2016/06/18,11:34 AM,ELGIN ST btwn GLADSTONE AVE & MCLEOD ST (__3ZA3QE),__3ZA3QE,01 - Non intersection,03 - P.D. only,06 - SMV unattended vehicle,01 - Clear,01 - Daylight,01 - Dry,10 - No control,,1,0,0,0,,0,,,,,368389.4511,5030838.931,45.41459669,-75.687545,10091
16--6632,2016/06/18,11:44 AM,BESSERER ST @ WALLER ST (0008859),8859,02 - Intersection related,03 - P.D. only,06 - SMV unattended vehicle,01 - Clear,01 - Daylight,01 - Dry,01 - Traffic signal,01 - Functioning,1,0,0,0,,0,,,,,368315.7078,5032191.301,45.42677155,-75.68831275,10092
16--6633,2016/06/18,Unknown,SHINLEAF CRES btwn COMPASS ST N & TOURNESOLS CRT (e___2HPZ),e___2HPZ,01 - Non intersection,03 - P.D. only,06 - SMV unattended vehicle,01 - Clear,00 - Unknown,01 - Dry,10 - No control,,1,0,0,0,,0,,,,,382178.342,5033409.37,45.43633461,-75.51099054,10093
16--6634,2016/06/18,12:12 PM,GLADSTONE AVE @ O'CONNOR ST (0002710),2710,03 - At intersection,03 - P.D. only,06 - SMV unattended vehicle,01 - Clear,01 - Daylight,01 - Dry,01 - Traffic signal,01 - Functioning,1,0,0,0,,0,,,,,368074.9367,5030658.795,45.4130044,-75.69158614,10094
16--6635,2016/06/18,12:20 PM,HAZELDEAN RD @ SPRINGBROOK DR (0005279),5279,03 - At intersection,02 - Non-fatal injury,05 - Turning movement,01 - Clear,01 - Daylight,01 - Dry,01 - Traffic signal,01 - Functioning,2,1,0,0,01 - Minimal,1,1,,,,349869.6701,5015109.75,45.27449992,-75.92558299,10095
16--6636,2016/06/18,12:21 PM,HAZELDEAN RD @ TERRY FOX DR (0003682),3682,02 - Intersection related,03 - P.D. only,03 - Rear end,01 - Clear,01 - Daylight,01 - Dry,01 - Traffic signal,01 - Functioning,2,0,0,0,,0,,,,,352207.8305,5017241.792,45.29353086,-75.89558086,10096
16--6637,2016/06/18,12:46 PM,ROBERTSON RD btwn MOODIE DR & VANIER RD (__3ZBOCN),__3ZBOCN,01 - Non intersection,03 - P.D. only,04 - Sideswipe,01 - Clear,01 - Daylight,01 - Dry,10 - No control,,2,0,0,0,,0,,,,,357382.0424,5020639.336,45.32373424,-75.82925684,10097
16--6638,2016/06/18,12:59 PM,CASTLEFRANK RD @ TERRY FOX DR (0011757),11757,02 - Intersection related,03 - P.D. only,03 - Rear end,01 - Clear,01 - Daylight,01 - Dry,01 - Traffic signal,01 - Functioning,2,0,0,0,,0,,,,,352994.2285,5016305.027,45.28504812,-75.88564638,10098
16--6639,2016/06/18,2:00 PM,PARENT AVE btwn MURRAY ST & CLARENCE ST (__3ZA82Q),__3ZA82Q,01 - Non intersection,03 - P.D. only,06 - SMV unattended vehicle,01 - Clear,01 - Daylight,01 - Dry,10 - No control,,1,0,0,0,,0,,,,,367887.4394,5032448.48,45.42912432,-75.69375223,10099
16--664,2016/01/15,11:50 AM,HIGHWAY 417 btwn HWY417 IC115 RAMP36 & HWY417 IC115 RAMP26 (__3ZA2R4),__3ZA2R4,01 - Non intersection,03 - P.D. only,07 - SMV other,03 - Snow,01 - Daylight,04 - Slush,10 - No control,,1,0,0,0,,0,,,,,372473.5976,5031522.507,45.42036414,-75.63527554,10100
16--6370,2016/06/10,7:50 AM,PRESTON ST @ SOMERSET ST (0002215),2215,03 - At intersection,02 - Non-fatal injury,07 - SMV other,01 - Clear,01 - Daylight,01 - Dry,01 - Traffic signal,01 - Functioning,1,1,0,0,02 - Minor,1,,1,,,366307.9241,5030126.892,45.40837602,-75.71422607,10101
16--6820,2016/06/22,9:55 AM,CUMBERLAND ST @ MURRAY ST (0008237),8237,03 - At intersection,03 - P.D. only,02 - Angle,01 - Clear,01 - Daylight,01 - Dry,01 - Traffic signal,01 - Functioning,2,0,0,0,,0,,,,,368171.3733,5032679.359,45.43117602,-75.69009425,10102
16--7181,2016/07/03,1:17 AM,VISENEAU DR btwn BARRINGTON ST & BROMONT WAY (__3ZA7X8),__3ZA7X8,04 - At/near private drive,02 - Non-fatal injury,06 - SMV unattended vehicle,01 - Clear,07 - Dark,01 - Dry,10 - No control,,1,0,0,0,02 - Minor,1,,1,,,381671.9773,5035490.295,45.45511295,-75.51713656,10103
16--7000,2016/06/28,12:15 PM,DAZE ST btwn HUNT CLUB RD & 200 W OF BANK ST (__3ZAZYCB),__3ZAZYCB,04 - At/near private drive,03 - P.D. only,07 - SMV other,01 - Clear,01 - Daylight,01 - Dry,10 - No control,,1,0,0,0,,0,,,,,371225.9733,5023980.361,45.35262229,-75.6522308,10104
16--6821,2016/06/23,1:10 PM,MERIVALE RD @ FAMILY BROWN LANE (0010933),10933,03 - At intersection,03 - P.D. only,03 - Rear end,01 - Clear,01 - Daylight,01 - Dry,01 - Traffic signal,01 - Functioning,3,0,0,0,,0,,,,,365004.1389,5023386.237,45.34783821,-75.73170247,10105
16--7182,2016/07/03,10:00 PM,HUMMINGBIRD CRES btwn KENNEVALE DR & KENNEVALE DR (__3ZAB5D),__3ZAB5D,01 - Non intersection,03 - P.D. only,06 - SMV unattended vehicle,01 - Clear,07 - Dark,01 - Dry,10 - No control,,1,0,0,0,,0,,,,,362351.2741,5014675.239,45.26967937,-75.76656586,10106
16--7001,2016/06/28,12:35 PM,BRONSON AVE @ CATHERINE ST/RAYMOND ST (0007198),7198,02 - Intersection related,03 - P.D. only,03 - Rear end,01 - Clear,01 - Daylight,01 - Dry,01 - Traffic signal,01 - Functioning,2,0,0,0,,0,,,,,367252.3808,5029796.954,45.4053237,-75.70220344,10107
16--6822,2016/06/23,1:30 PM,RIVERSIDE DR SB btwn Continuation of RIVERSIDE DR & HWY417 IC117 RAMP5 (__3ZA251),__3ZA251,01 - Non intersection,03 - P.D. only,04 - Sideswipe,01 - Clear,01 - Daylight,01 - Dry,10 - No control,,2,0,0,0,,0,,,,,370730.4004,5030784.372,45.41388915,-75.65764619,10108
16--7183,2016/07/03,Unknown,ALBION RD    S btwn TURN LANE & ALBION RD (__3ZA9WD),__3ZA9WD,04 - At/near private drive,03 - P.D. only,05 - Turning movement,01 - Clear,07 - Dark,01 - Dry,10 - No control,,2,0,0,0,,0,,,,,371922.1507,5024188.8,45.35443147,-75.64331845,10109
16--7002,2016/06/28,12:36 PM,MEDHURST DR W @ WOODFIELD DR (0001048),1048,03 - At intersection,03 - P.D. only,02 - Angle,01 - Clear,01 - Daylight,01 - Dry,02 - Stop sign,01 - Functioning,2,0,0,0,,0,,,,,363654.466,5021990.113,45.33539056,-75.74909096,10110
16--7003,2016/06/28,12:50 PM,TERRY FOX DR btwn HUNTSVILLE DR & RICHARDSON SIDE RD (e___2HFP),e___2HFP,01 - Non intersection,03 - P.D. only,03 - Rear end,01 - Clear,01 - Daylight,01 - Dry,10 - No control,,2,0,0,0,,0,,,,,348496.559,5019761.793,45.31644722,-75.94267267,10111
16--7004,2016/06/28,12:50 PM,WESTDALE AVE btwn CORKSTOWN RD & RIVER BEND DR (__3ZBOHO),__3ZBOHO,01 - Non intersection,03 - P.D. only,06 - SMV unattended vehicle,01 - Clear,01 - Daylight,01 - Dry,10 - No control,,1,0,0,0,,0,,,,,357864.9823,5023256.052,45.34724328,-75.82281624,10112
16--7005,2016/06/28,12:53 PM,RICHMOND RD @ HOLLY ACRES RD/NANAIMO DR (0001068),1068,03 - At intersection,02 - Non-fatal injury,05 - Turning movement,01 - Clear,01 - Daylight,01 - Dry,01 - Traffic signal,01 - Functioning,2,0,0,0,02 - Minor,2,,2,,,359058.4443,5022748.496,45.34258497,-75.80764277,10113
16--7006,2016/06/28,2:00 PM,BANK ST btwn BLAIS RD & RIDEAU RD (__3ZA29L),__3ZA29L,04 - At/near private drive,03 - P.D. only,05 - Turning movement,01 - Clear,01 - Daylight,01 - Dry,10 - No control,,2,0,0,0,,0,,,,,376947.9468,5017862.694,45.29701294,-75.58010391,10114
16--7007,2016/06/28,2:27 PM,ECCLES ST btwn LEBRETON ST N & BELL ST N (__3ZBOMU),__3ZBOMU,01 - Non intersection,03 - P.D. only,06 - SMV unattended vehicle,01 - Clear,01 - Daylight,01 - Dry,10 - No control,,1,0,0,0,,0,,,,,366733.3848,5030217.294,45.40915192,-75.7087799,10115
16--7008,2016/06/28,2:55 PM,ELGIN ST btwn SOMERSET ST W & MACLAREN ST (__3ZA342),__3ZA342,01 - Non intersection,03 - P.D. only,06 - SMV unattended vehicle,01 - Clear,01 - Daylight,01 - Dry,10 - No control,,1,0,0,0,,0,,,,,368174.8552,5031183.465,45.41771617,-75.69024222,10116
16--7009,2016/06/28,3:00 AM,DEMETER ST btwn GOSNELL TER & LUDLOWE ST (__4TRKSZ),__4TRKSZ,01 - Non intersection,03 - P.D. only,06 - SMV unattended vehicle,01 - Clear,07 - Dark,01 - Dry,10 - No control,,1,0,0,0,,0,,,,,385837.1134,5037682.458,45.47436527,-75.46352944,10117
16--701,2016/01/15,9:50 AM,ST. LAURENT BLVD btwn HEMLOCK RD & MEADOW PARK PL (__3ZA3UG),__3ZA3UG,04 - At/near private drive,03 - P.D. only,02 - Angle,01 - Clear,01 - Daylight,04 - Slush,10 - No control,,2,0,0,0,,0,,,,,371157.086,5034753.74,45.44956343,-75.65166036,10118
16--7010,2016/06/28,3:25 PM,PRINCE OF WALES DR btwn BORDEN SIDE RD & NORMANDY CRES (__3ZA36O),__3ZA36O,04 - At/near private drive,03 - P.D. only,05 - Turning movement,01 - Clear,01 - Daylight,01 - Dry,10 - No control,,2,0,0,0,,0,,,,,367286.3918,5024356.357,45.35636754,-75.70245759,10119
16--7011,2016/06/28,3:36 PM,DALY AVE @ KING EDWARD AVE (0007755),7755,02 - Intersection related,03 - P.D. only,02 - Angle,01 - Clear,01 - Daylight,01 - Dry,02 - Stop sign,01 - Functioning,2,0,0,0,,0,,,,,368591.0312,5032272.458,45.42747672,-75.68478415,10120
16--7012,2016/06/28,3:46 PM,ST. JOSEPH BLVD btwn MARENGER ST & JEANNE D'ARC BLVD S (__3ZA2BS),__3ZA2BS,01 - Non intersection,03 - P.D. only,03 - Rear end,01 - Clear,01 - Daylight,01 - Dry,10 - No control,,3,0,0,0,,0,,,,,379780.2389,5036421.045,45.46369268,-75.5411784,10121
16--7013,2016/06/28,3:54 PM,BRONSON AVE @ LAURIER AVE (0006342),6342,03 - At intersection,02 - Non-fatal injury,05 - Turning movement,01 - Clear,01 - Daylight,01 - Dry,01 - Traffic signal,01 - Functioning,2,1,0,0,01 - Minimal,1,1,,,,366804.0424,5030861.35,45.41494069,-75.70779629,10122
16--7014,2016/06/28,3:55 PM,ALPINE AVE @ CARLING AVE (0011382),11382,02 - Intersection related,03 - P.D. only,03 - Rear end,01 - Clear,01 - Daylight,01 - Dry,01 - Traffic signal,01 - Functioning,2,0,0,0,,0,,,,,360495.5793,5024942.299,45.36221213,-75.7890587,10123
16--7015,2016/06/28,4:26 PM,HUNT CLUB RD @ RIVERSIDE DR (0002237),2237,02 - Intersection related,03 - P.D. only,03 - Rear end,01 - Clear,01 - Daylight,01 - Dry,01 - Traffic signal,01 - Functioning,2,0,0,0,,0,,,,,368036.4835,5021944.401,45.33459803,-75.69319314,10124
16--6910,2016/06/25,11:56 AM,FALLOWFIELD RD btwn HWY416 IC66 RAMP62 & STRANDHERD DR (__3ZAZYX),__3ZAZYX,01 - Non intersection,02 - Non-fatal injury,07 - SMV other,01 - Clear,01 - Daylight,01 - Dry,10 - No control,,1,0,0,0,03 - Major,1,,,1,,360713.3664,5014959.739,45.27237145,-75.7874057,10125
16--6371,2016/06/10,7:55 PM,HAZELDEAN RD btwn IRWIN GT & EAGLESON RD (__3ZA41Q),__3ZA41Q,01 - Non intersection,03 - P.D. only,04 - Sideswipe,01 - Clear,01 - Daylight,01 - Dry,10 - No control,,2,0,0,0,,0,,,,,353654.7772,5018413.718,45.303977,-75.87701884,10126
16--7016,2016/06/28,4:32 PM,COLONIAL RD @ FRANK KENNY RD (0012888),12888,03 - At intersection,03 - P.D. only,02 - Angle,01 - Clear,01 - Daylight,01 - Dry,02 - Stop sign,01 - Functioning,2,0,0,0,,0,,,,,390200.1519,5032047.284,45.42314635,-75.408714,10127
16--7017,2016/06/28,4:35 PM,HIGHWAY 417 btwn HWY417 IC122 RAMP61 & HWY417 IC121B RAMP16 (__3ZA2Y4),__3ZA2Y4,01 - Non intersection,02 - Non-fatal injury,03 - Rear end,01 - Clear,01 - Daylight,01 - Dry,10 - No control,,2,0,0,0,02 - Minor,1,,1,,,366070.1556,5029344.616,45.40135816,-75.71736052,10128
16--7018,2016/06/28,5:00 PM,GREENFIELD AVE btwn MONTCALM ST & CONCORD ST N (__3ZA3CO),__3ZA3CO,01 - Non intersection,03 - P.D. only,04 - Sideswipe,01 - Clear,01 - Daylight,01 - Dry,10 - No control,,2,1,0,0,,0,,,,,369031.9745,5031060.23,45.41652918,-75.67930776,10129
16--7019,2016/06/28,5:55 PM,JEANNE D'ARC BLVD  N btwn VINEYARD DR & OR174 IC105 RAMP36 (__3ZBN9Z),__3ZBN9Z,01 - Non intersection,02 - Non-fatal injury,03 - Rear end,01 - Clear,01 - Daylight,01 - Dry,10 - No control,,2,0,0,0,01 - Minimal,1,1,,,,379267.996,5037290.391,45.47156919,-75.54759615,10130
16--702,2016/01/16,1:20 PM,HIGHWAY 417 btwn HWY417 IC144 RAMP35 & HWY417 IC144 RAMP25 (__3ZA2QT),__3ZA2QT,01 - Non intersection,03 - P.D. only,07 - SMV other,03 - Snow,01 - Daylight,04 - Slush,10 - No control,,1,0,0,0,,0,,,,,347410.0079,5015820.432,45.28104826,-75.95686915,10131
16--7020,2016/06/28,6:30 PM,WOODROFFE AVE @ HWY 417 WOODROFF IC127R26/HWY4 (0002355),2355,02 - Intersection related,03 - P.D. only,03 - Rear end,01 - Clear,01 - Daylight,02 - Wet,01 - Traffic signal,01 - Functioning,2,0,0,0,,0,,,,,362082.3759,5024939.125,45.3620557,-75.76880561,10132
16--7021,2016/06/28,7:03 AM,ABBEYHILL DR @ EAGLESON RD (0003404),3404,03 - At intersection,03 - P.D. only,07 - SMV other,01 - Clear,01 - Daylight,01 - Dry,01 - Traffic signal,01 - Functioning,1,0,0,0,,0,,,,,353826.9431,5018034.91,45.30055641,-75.87486102,10133
16--7022,2016/06/28,8:18 AM,RIVER RD btwn TEWSLEY DR & RIVERSEDGE CRES (__7N307P),__7N307P,01 - Non intersection,03 - P.D. only,03 - Rear end,01 - Clear,01 - Daylight,01 - Dry,10 - No control,,4,0,0,0,,0,,,,,368000.0502,5015843.041,45.27970219,-75.69443595,10134
16--7023,2016/06/28,8:35 AM,ORLEANS BLVD btwn ST. JOSEPH BLVD & NOTRE DAME ST (__3ZA2B1),__3ZA2B1,01 - Non intersection,03 - P.D. only,07 - SMV other,01 - Clear,01 - Daylight,01 - Dry,10 - No control,,1,0,0,0,,0,,,,,380640.0578,5036967.496,45.46851639,-75.53010059,10135
16--7024,2016/06/28,9:17 AM,RIDEAU VALLEY DR    N btwn SUTHERLAND DR & MARINA DR (__3ZA392),__3ZA392,01 - Non intersection,03 - P.D. only,07 - SMV other,01 - Clear,01 - Daylight,01 - Dry,10 - No control,,1,0,0,0,,0,,,,,372333.7537,5003388.481,45.1672349,-75.64089313,10136
16--7025,2016/06/28,9:18 AM,HAWTHORNE RD @ RUSSELL RD (0006430),6430,02 - Intersection related,03 - P.D. only,03 - Rear end,01 - Clear,01 - Daylight,01 - Dry,01 - Traffic signal,01 - Functioning,2,0,0,0,,0,,,,,374835.3839,5028068.234,45.38905192,-75.6055912,10137
16--7026,2016/06/28,9:31 PM,BANK ST @ LEITRIM RD (0004125),4125,03 - At intersection,02 - Non-fatal injury,02 - Angle,02 - Rain,07 - Dark,02 - Wet,01 - Traffic signal,02 - Not functioning,2,0,0,0,02 - Minor,1,,1,,,375358.8816,5021619.272,45.33097456,-75.59982717,10138
16--7027,2016/06/28,9:56 AM,MARCH RD @ DIAMONDVIEW RD (0010764),10764,03 - At intersection,03 - P.D. only,05 - Turning movement,01 - Clear,01 - Daylight,01 - Dry,02 - Stop sign,01 - Functioning,2,0,0,0,,0,,,,,340115.4184,5019866.815,45.31786383,-76.04955865,10139
16--7028,2016/06/29,1:12 PM,DWYER HILL RD @ FERNBANK RD (0000091),91,03 - At intersection,02 - Non-fatal injury,02 - Angle,01 - Clear,01 - Daylight,01 - Dry,02 - Stop sign,01 - Functioning,2,0,0,0,02 - Minor,1,,1,,,342917.8426,5005064.75,45.18452082,-76.01495061,10140