Anom_ID,Accident_Date,Accident_Time,Location,Geo_ID,Accident_Location,Classification_of_Accident,Initial_Impact_Type,Environment_Condition,Light,Road_Surface_Condition,Traffic_Control,Traffic_Control_Condition,No__of_Vehicles,No__of_Bicycles,No__of_Motorcycles,No__of_Pedestrians,Max_Injury,No__of_Injuries,No__of_Minimal,No__of_Minor,No__of_Major,No__of_Fatal,X,Y,Latitude,Longitude,ObjectId
16--6964,2016/06/27,2:20 AM,GLOUCESTER ST @ O'CONNOR ST (0006943),6943,03 - At intersection,03 - P.D. only,02 - Angle,02 - Rain,07 - Dark,02 - Wet,01 - Traffic signal,01 - Functioning,2,0,0,0,,0,,,,,367679.3912,5031292.126,45.41873856,-75.6965584,10306
16--6965,2016/06/27,2:25 PM,HIGHWAY 417 btwn HWY417 IC117 RAMP51 & HWY417 IC117 RAMP35 (__3ZA2YN),__3ZA2YN,01 - Non intersection,03 - P.D. only,04 - Sideswipe,01 - Clear,01 - Daylight,01 - Dry,10 - No control,,2,0,0,0,,0,,,,,370819.6505,5031196.787,45.41759148,-75.65645077,10307
16--6966,2016/06/27,2:50 PM,CEDARVIEW RD @ FALLOWFIELD RD (0001603),1603,02 - Intersection related,03 - P.D. only,02 - Angle,01 - Clear,01 - Daylight,01 - Dry,01 - Traffic signal,01 - Functioning,2,0,0,0,,0,,,,,361295.349,5015663.988,45.27866183,-75.77990899,10308
16--6967,2016/06/27,3:08 PM,INDUSTRIAL AVE btwn NEIGHBORHOOD WAY & TRAINYARDS DR (__6N4VKM),__6N4VKM,01 - Non intersection,03 - P.D. only,04 - Sideswipe,01 - Clear,01 - Daylight,01 - Dry,10 - No control,,2,0,0,0,,0,,,,,371659.7995,5030542.636,45.41162593,-75.64580592,10309
16--6968,2016/06/27,3:13 PM,HOLLAND AVE/TUNNEY'S PASTURE @ SCOTT ST (0006494),6494,02 - Intersection related,02 - Non-fatal injury,04 - Sideswipe,01 - Clear,01 - Daylight,01 - Dry,01 - Traffic signal,01 - Functioning,2,0,0,0,02 - Minor,2,1,1,,,364738.9691,5029595.86,45.40373404,-75.73433246,10310
16--6969,2016/06/27,3:37 PM,MEDHURST DR btwn WOODROFFE AVE & BROCKINGTON CRES (__3ZA0EC),__3ZA0EC,01 - Non intersection,03 - P.D. only,03 - Rear end,01 - Clear,01 - Daylight,01 - Dry,10 - No control,,2,0,0,0,,0,,,,,363428.7309,5021830.738,45.33397542,-75.75198969,10311
16--697,2016/01/15,8:29 PM,ELGIN ST btwn WAVERLEY ST & FRANK ST (__3ZA3RQ),__3ZA3RQ,01 - Non intersection,03 - P.D. only,05 - Turning movement,01 - Clear,07 - Dark,02 - Wet,10 - No control,,2,0,0,0,,0,,,,,368329.2371,5030935.398,45.41547014,-75.68830182,10312
16--6970,2016/06/27,3:38 PM,HAZELDEAN RD @ CARBROOKE ST/IRWIN GATE (0003187),3187,03 - At intersection,02 - Non-fatal injury,05 - Turning movement,01 - Clear,01 - Daylight,01 - Dry,01 - Traffic signal,01 - Functioning,2,0,0,0,01 - Minimal,1,1,,,,353417.61,5018265.188,45.30265695,-75.88005751,10313
16--6971,2016/06/27,3:47 PM,LAURIER AVE @ WALLER ST/TRANSITWAY (0002020),2020,03 - At intersection,03 - P.D. only,02 - Angle,01 - Clear,01 - Daylight,01 - Dry,01 - Traffic signal,01 - Functioning,2,0,0,0,,0,,,,,368454.9547,5031859.86,45.42377671,-75.68657628,10314
16--6972,2016/06/27,4:30 PM,HAWTHORNE AVE @ MAIN ST (0006919),6919,02 - Intersection related,03 - P.D. only,04 - Sideswipe,01 - Clear,01 - Daylight,01 - Dry,01 - Traffic signal,01 - Functioning,2,0,0,0,,0,,,,,368970.4823,5030633.022,45.41269096,-75.68014899,10315
16--6973,2016/06/27,4:30 PM,CHAMPLAIN BRIDGE/ISLAND PARK DR btwn BATE ISLAND & OTTAWA RIVER PKWY (__3ZA2ZEB),__3ZA2ZEB,01 - Non intersection,03 - P.D. only,03 - Rear end,01 - Clear,01 - Daylight,01 - Dry,10 - No control,,2,0,0,0,,0,,,,,363134.0421,5029625.29,45.40413443,-75.75482874,10316
16--6974,2016/06/27,4:36 PM,DEBRA AVE @ MEADOWLANDS DR (0008852),8852,02 - Intersection related,03 - P.D. only,03 - Rear end,01 - Clear,01 - Daylight,01 - Dry,01 - Traffic signal,01 - Functioning,2,0,0,0,,0,,,,,367214.0284,5025590.892,45.36748206,-75.7032252,10317
16--6975,2016/06/27,4:50 PM,INNES RD btwn 260 E OF BELCOURT BLVD/WALMART SC & JEANNE D'ARC BLVD/ME (__3ZA3JWB),__3ZA3JWB,01 - Non intersection,02 - Non-fatal injury,03 - Rear end,01 - Clear,01 - Daylight,01 - Dry,10 - No control,,4,0,0,0,01 - Minimal,1,1,,,,382374.6994,5035415.784,45.45436491,-75.50816485,10318
16--6976,2016/06/27,5:17 PM,RIVERSIDE DR @ TREMBLAY RD/HWY417 IC117 RAMP52 (0010790),10790,03 - At intersection,03 - P.D. only,02 - Angle,01 - Clear,01 - Daylight,01 - Dry,01 - Traffic signal,01 - Functioning,3,0,0,0,,0,,,,,370802.9641,5031017.032,45.41597569,-75.65668803,10319
16--6977,2016/06/27,5:53 PM,BRIDGESTONE DR @ FOXHALL WAY (0013836),13836,02 - Intersection related,03 - P.D. only,07 - SMV other,01 - Clear,01 - Daylight,01 - Dry,11 - Roundabout,01 - Functioning,1,0,0,0,,0,,,,,355179.009,5016442.85,45.28613508,-75.85778372,10320
16--6978,2016/06/27,6:18 AM,ST. JOSEPH BLVD @ JEANNE D'ARC BLVD (0012421),12421,03 - At intersection,03 - P.D. only,02 - Angle,02 - Rain,01 - Daylight,02 - Wet,11 - Roundabout,01 - Functioning,2,0,0,0,,0,,,,,379861.2017,5036471.811,45.46414074,-75.54013547,10321
16--6979,2016/06/27,6:26 PM,OTTAWA RIVER PKWY @ ISLAND PARK DR (0002127),2127,02 - Intersection related,03 - P.D. only,04 - Sideswipe,01 - Clear,01 - Daylight,01 - Dry,01 - Traffic signal,01 - Functioning,2,0,0,0,,0,,,,,363298.6833,5029453.578,45.40257565,-75.75274613,10322
16--698,2016/01/15,8:40 AM,VISENEAU DR btwn VIGNEAULT ST & SIMARD DR (__3ZA63H),__3ZA63H,01 - Non intersection,03 - P.D. only,04 - Sideswipe,01 - Clear,01 - Daylight,04 - Slush,10 - No control,,2,0,0,0,,0,,,,,381271.3101,5035372.451,45.45409665,-75.52227695,10323
16--6980,2016/06/27,6:31 PM,QUEEN MARY ST btwn VANIER PKWY & VERA ST (__3ZA8J1),__3ZA8J1,01 - Non intersection,03 - P.D. only,06 - SMV unattended vehicle,01 - Clear,01 - Daylight,01 - Dry,10 - No control,,1,0,0,0,,0,,,,,370491.1062,5031970.888,45.42458744,-75.66054499,10324
16--6981,2016/06/27,7:00 PM,TENTH LINE RD btwn ST. JOSEPH BLVD & OLD TENTH LINE RD (__3ZA1TE),__3ZA1TE,01 - Non intersection,03 - P.D. only,04 - Sideswipe,01 - Clear,01 - Daylight,01 - Dry,10 - No control,,2,0,0,0,,0,,,,,382987.6746,5038468.336,45.48176074,-75.49984319,10325
16--6982,2016/06/27,7:09 AM,HWY 416 ACRES IC75R24 @ HOLLY ACRES RD (0005257),5257,02 - Intersection related,03 - P.D. only,03 - Rear end,01 - Clear,01 - Daylight,01 - Dry,01 - Traffic signal,01 - Functioning,2,0,0,0,,0,,,,,358757.1035,5022868.079,45.34368423,-75.81147467,10326
16--6983,2016/06/27,8:23 AM,WALKLEY EXTENSION RD btwn HWY417 IC110 RAMP55 & HWY417 IC110 RAMP58 (__33J3Q5),__33J3Q5,01 - Non intersection,03 - P.D. only,04 - Sideswipe,01 - Clear,01 - Daylight,02 - Wet,10 - No control,,2,0,0,0,,0,,,,,375529.871,5028934.616,45.39677739,-75.59659894,10327
16--6984,2016/06/27,8:23 PM,INNES RD @ 215 W OF CYRVILLE RD/HOME DEPOT W (0012457),12457,02 - Intersection related,03 - P.D. only,03 - Rear end,01 - Clear,01 - Daylight,01 - Dry,01 - Traffic signal,01 - Functioning,2,0,0,0,,0,,,,,374863.9857,5031000.737,45.41543423,-75.60480935,10328
16--6985,2016/06/27,8:32 PM,ARMSTRONG ST @ MERTON ST (0006546),6546,03 - At intersection,03 - P.D. only,02 - Angle,01 - Clear,05 - Dusk,01 - Dry,02 - Stop sign,01 - Functioning,2,0,0,0,,0,,,,,365453.1145,5029674.028,45.40437586,-75.7252011,10329
16--6986,2016/06/27,9:20 AM,LYNDA LANE btwn BILLINGS AVE & SMYTH RD (__3ZA9JG),__3ZA9JG,01 - Non intersection,03 - P.D. only,06 - SMV unattended vehicle,01 - Clear,01 - Daylight,01 - Dry,10 - No control,,1,0,0,0,,0,,,,,371605.6345,5029172.382,45.39930212,-75.6466835,10330
16--6987,2016/06/27,9:20 PM,MCLEOD ST btwn LYON ST N & KENT ST (__3ZA97A),__3ZA97A,01 - Non intersection,03 - P.D. only,07 - SMV other,01 - Clear,07 - Dark,01 - Dry,10 - No control,,1,0,0,0,,0,,,,,367642.9239,5030302.927,45.40984134,-75.69715045,10331
16--6988,2016/06/27,9:50 AM,CARP RD @ MARCH RD (0001689),1689,03 - At intersection,03 - P.D. only,02 - Angle,01 - Clear,01 - Daylight,01 - Dry,01 - Traffic signal,01 - Functioning,2,0,0,0,,0,,,,,342164.7826,5021732.053,45.33454191,-76.02327952,10332
16--6989,2016/06/28,1:18 PM,HOLLY ACRES RD @ CARLING AVE (0000522),522,03 - At intersection,03 - P.D. only,02 - Angle,01 - Clear,01 - Daylight,01 - Dry,01 - Traffic signal,01 - Functioning,2,0,0,0,,0,,,,,358234.429,5023497.973,45.34939205,-75.81807578,10333
16--699,2016/01/15,9:03 PM,HAZELDEAN RD @ CARBROOKE ST/IRWIN GATE (0003187),3187,03 - At intersection,02 - Non-fatal injury,05 - Turning movement,01 - Clear,07 - Dark,02 - Wet,01 - Traffic signal,01 - Functioning,2,0,0,0,02 - Minor,1,,1,,,353419.4382,5018264.863,45.3026539,-75.88003423,10334
16--6990,2016/06/28,10:10 AM,JEANNE D'ARC BLVD  S btwn WOODCLIFFE PRIV & HENRI LAUZON ST (__3ZA2BM),__3ZA2BM,01 - Non intersection,03 - P.D. only,07 - SMV other,01 - Clear,01 - Daylight,01 - Dry,10 - No control,,1,0,0,0,,0,,,,,380467.8295,5036182.946,45.46147631,-75.53242364,10335
16--6991,2016/06/28,10:14 AM,REGIONAL RD 174 @ TRIM RD (0012835),12835,02 - Intersection related,02 - Non-fatal injury,03 - Rear end,01 - Clear,01 - Daylight,01 - Dry,01 - Traffic signal,01 - Functioning,2,0,0,0,02 - Minor,2,,2,,,384352.1913,5039989.85,45.4952957,-75.48214484,10336
16--6992,2016/06/28,10:23 AM,RICHMOND RD @ EDGEWORTH AVE/MCEWEN AVE (0002352),2352,02 - Intersection related,03 - P.D. only,03 - Rear end,01 - Clear,01 - Daylight,01 - Dry,01 - Traffic signal,01 - Functioning,2,0,0,0,,0,,,,,361075.18,5025883.018,45.37063037,-75.78155366,10337
16--6993,2016/06/28,10:38 AM,ALBERT ST btwn KENT ST & BANK ST (__3ZA3CA),__3ZA3CA,01 - Non intersection,03 - P.D. only,03 - Rear end,01 - Clear,01 - Daylight,01 - Dry,10 - No control,,2,0,0,0,,0,,,,,367239.0567,5031332.426,45.41914061,-75.70217912,10338
16--6994,2016/06/28,10:41 PM,GARDENWAY DR btwn OAKLAWN CRES & ROUGEMOUNT CRES (__3ZA5SS),__3ZA5SS,01 - Non intersection,03 - P.D. only,07 - SMV other,02 - Rain,07 - Dark,02 - Wet,10 - No control,,1,0,0,0,,0,,,,,384095.6212,5036574.846,45.46459993,-75.48597843,10339
16--6995,2016/06/28,11:01 PM,GREENBANK RD @ MARKETPLACE AVE (0010406),10406,02 - Intersection related,03 - P.D. only,04 - Sideswipe,01 - Clear,07 - Dark,01 - Dry,01 - Traffic signal,01 - Functioning,2,0,0,0,,0,,,,,364009.0377,5014603.099,45.26889264,-75.74544972,10340
16--6996,2016/06/28,11:04 AM,ST. PATRICK ST btwn KING EDWARD AVE & MURRAY ST (__3ZA1MH),__3ZA1MH,04 - At/near private drive,03 - P.D. only,05 - Turning movement,01 - Clear,01 - Daylight,01 - Dry,10 - No control,,2,0,0,0,,0,,,,,368280.9448,5032845.46,45.4326606,-75.68867262,10341
16--6997,2016/06/28,Unknown,SPRINGBEAUTY AVE btwn CICELY TERR & CORALROOT AVE (e___1GA0),e___1GA0,01 - Non intersection,03 - P.D. only,06 - SMV unattended vehicle,01 - Clear,00 - Unknown,01 - Dry,10 - No control,,1,0,0,0,,0,,,,,365103.018,5016712.71,45.28778191,-75.73125317,10342
16--6998,2016/06/28,12:08 AM,JEANNE D'ARC BLVD  S btwn YOUVILLE DR & ST. JOSEPH BLVD (__3ZA2BT),__3ZA2BT,01 - Non intersection,03 - P.D. only,07 - SMV other,01 - Clear,07 - Dark,01 - Dry,10 - No control,,1,0,0,0,,0,,,,,379744.2695,5036641.516,45.46568017,-75.54160469,10343
16--6999,2016/06/28,12:11 AM,LEMIEUX ST @ ST. LAURENT BLVD (0002021),2021,02 - Intersection related,03 - P.D. only,03 - Rear end,01 - Clear,07 - Dark,01 - Dry,01 - Traffic signal,01 - Functioning,2,0,0,0,,0,,,,,372391.7102,5031742.556,45.42235195,-75.63629158,10344
16--70,2016/01/03,6:18 PM,SUNLAND DR btwn LAUZON ST & NORTHLANDS DR (__3ZA5U9),__3ZA5U9,04 - At/near private drive,03 - P.D. only,05 - Turning movement,01 - Clear,07 - Dark,05 - Packed snow,10 - No control,,2,0,0,0,,0,,,,,384842.869,5037017.849,45.46850043,-75.47635211,10345
16--700,2016/01/15,9:15 AM,FRANKTOWN RD @ MUNSTER RD (0005278),5278,03 - At intersection,03 - P.D. only,02 - Angle,01 - Clear,01 - Daylight,01 - Dry,02 - Stop sign,01 - Functioning,2,0,0,0,,0,,,,,350728.4264,5000790.901,45.14559727,-75.91595882,10346
16--6730,2016/06/21,11:57 AM,CARLING AVE @ KIRKWOOD AVE S (0002209),2209,03 - At intersection,02 - Non-fatal injury,02 - Angle,01 - Clear,01 - Daylight,01 - Dry,01 - Traffic signal,01 - Functioning,2,0,0,0,02 - Minor,5,4,1,,,364351.9278,5027337.549,45.38344722,-75.73954871,10347
16--7098,2016/06/30,12:44 PM,WOODROFFE AVE btwn DAVID DR & TURN LANE (__3ZA33G),__3ZA33G,04 - At/near private drive,03 - P.D. only,04 - Sideswipe,01 - Clear,01 - Daylight,01 - Dry,10 - No control,,2,0,0,0,,0,,,,,363016.9169,5022821.403,45.34292364,-75.75712678,10348
16--6377,2016/06/10,9:15 AM,SMYTH RD @ SOUTH HAVEN PL/GENERAL HOSPITAL ENTRANCE W (0007242),7242,02 - Intersection related,03 - P.D. only,03 - Rear end,01 - Clear,01 - Daylight,01 - Dry,01 - Traffic signal,00 - Unknown,2,0,0,0,,0,,,,,371121.7956,5029136.24,45.39902293,-75.65286781,10349
16--683,2016/01/15,6:00 PM,COVENTRY RD btwn BELFAST RD & ST. LAURENT SC WEST (__3ZA2CAA),__3ZA2CAA,01 - Non intersection,03 - P.D. only,03 - Rear end,01 - Clear,07 - Dark,01 - Dry,10 - No control,,2,0,0,0,,0,,,,,371672.6169,5031658.105,45.42166121,-75.64549081,10350
16--719,2016/01/16,11:35 AM,HIGHWAY 417 btwn HWY417 IC142 RAMP35 & HWY417 IC142 RAMP25 (__3ZA1ZO),__3ZA1ZO,01 - Non intersection,03 - P.D. only,07 - SMV other,03 - Snow,01 - Daylight,04 - Slush,10 - No control,,1,0,0,0,,0,,,,,348914.1029,5017191.934,45.29329672,-75.93757608,10351
16--6647,2016/06/18,6:15 PM,JASPER AVE @ WALKLEY RD (0011425),11425,02 - Intersection related,03 - P.D. only,05 - Turning movement,01 - Clear,01 - Daylight,01 - Dry,02 - Stop sign,01 - Functioning,2,0,0,0,,0,,,,,370851.4006,5026247.759,45.37305899,-75.65670775,10352
16--6648,2016/06/18,6:30 PM,ALBERT ST @ LYON ST (0002208),2208,03 - At intersection,03 - P.D. only,04 - Sideswipe,01 - Clear,01 - Daylight,01 - Dry,01 - Traffic signal,01 - Functioning,2,0,0,0,,0,,,,,367062.7002,5031220.035,45.41814506,-75.70444651,10353
16--6466,2016/06/14,12:55 PM,PLACE D'ORLEANS DR @ OR174 IC102 RAMP51/TRANSI (0008777),8777,03 - At intersection,02 - Non-fatal injury,07 - SMV other,01 - Clear,01 - Daylight,01 - Dry,01 - Traffic signal,01 - Functioning,1,0,0,0,01 - Minimal,1,1,,,,381391.3101,5038031.301,45.47800564,-75.52032859,10354
16--6830,2016/06/23,12:27 PM,LONGFIELDS DR @ SPRINGBEAUTY AVE (0013782),13782,02 - Intersection related,03 - P.D. only,99 - Other,01 - Clear,01 - Daylight,01 - Dry,02 - Stop sign,01 - Functioning,2,0,0,0,,0,,,,,365266.7,5017018.654,45.29052072,-75.72912944,10355
16--7190,2016/07/03,3:00 PM,ALBION RD btwn COLLISTON CRES & LILIBET CRES (__4BSGQS),__4BSGQS,04 - At/near private drive,03 - P.D. only,02 - Angle,01 - Clear,01 - Daylight,01 - Dry,10 - No control,,2,0,0,0,,0,,,,,371038.3896,5026344.173,45.37390884,-75.65430775,10356
16--6378,2016/06/10,9:15 PM,VANCES SIDE RD btwn GREENLAND RD & TORWOOD DR (__3ZA3EA),__3ZA3EA,01 - Non intersection,03 - P.D. only,07 - SMV other,01 - Clear,07 - Dark,01 - Dry,10 - No control,,1,0,0,0,,0,,,,,343133.4618,5036246.659,45.46509593,-76.00979291,10357
16--6649,2016/06/18,6:55 AM,TAWNEY RD @ WALKLEY RD (0005717),5717,03 - At intersection,03 - P.D. only,07 - SMV other,01 - Clear,01 - Daylight,01 - Dry,02 - Stop sign,01 - Functioning,1,0,0,0,,0,,,,,374125.4354,5028179.622,45.39012477,-75.61464107,10358
16--7099,2016/06/30,12:49 PM,REGIONAL ROAD 174 btwn OR174 IC112 RAMP26 & OR174 IC112 RAMP61 (__3ZA2XF),__3ZA2XF,01 - Non intersection,02 - Non-fatal injury,03 - Rear end,01 - Clear,01 - Daylight,01 - Dry,10 - No control,,2,0,1,0,02 - Minor,1,,1,,,375013.6818,5033007,45.43347047,-75.60261098,10359
16--6467,2016/06/14,2:07 PM,SPRATT RD btwn LIMEBANK RD & END (__6A6MHG),__6A6MHG,01 - Non intersection,03 - P.D. only,05 - Turning movement,01 - Clear,01 - Daylight,01 - Dry,10 - No control,,2,0,0,0,,0,,,,,370143.8254,5017009.938,45.29000574,-75.66696003,10360
16--6831,2016/06/23,12:35 PM,ELGIN ST btwn ISABELLA ST & PRETORIA AVE (__3ZA1QQ),__3ZA1QQ,01 - Non intersection,03 - P.D. only,04 - Sideswipe,01 - Clear,01 - Daylight,01 - Dry,10 - No control,,2,0,0,0,,0,,,,,368619.8847,5030463.232,45.4111953,-75.6846498,10361
16--7191,2016/07/03,3:18 PM,TERRY FOX DR btwn CASTLEFRANK RD & TRANS CANADA TRAIL (__355BDZA),__355BDZA,01 - Non intersection,03 - P.D. only,04 - Sideswipe,01 - Clear,01 - Daylight,01 - Dry,10 - No control,,2,0,0,0,,0,,,,,353042.1908,5016247.081,45.28452342,-75.88504065,10362
16--6379,2016/06/10,9:24 PM,BARNSDALE RD btwn VIEWBANK RD & GREENBANK RD (__3ZA1N0),__3ZA1N0,01 - Non intersection,03 - P.D. only,07 - SMV other,01 - Clear,05 - Dusk,01 - Dry,10 - No control,,1,0,0,0,,0,,,,,365529.5839,5010891.995,45.23537045,-75.72652729,10363
16--665,2016/01/15,Unknown,DUCHARME BLVD btwn DONAT ST & IBERVILLE ST (__3ZA8UF),__3ZA8UF,01 - Non intersection,03 - P.D. only,06 - SMV unattended vehicle,01 - Clear,00 - Unknown,02 - Wet,10 - No control,,1,0,0,0,,0,,,,,371074.1607,5033437.193,45.43772561,-75.65289771,10364
16--6650,2016/06/18,6:56 AM,MONTREAL RD @ DUCHARME BLVD/CANTIN ST (0009319),9319,03 - At intersection,03 - P.D. only,02 - Angle,01 - Clear,01 - Daylight,01 - Dry,01 - Traffic signal,01 - Functioning,2,0,0,0,,0,,,,,371017.798,5033565.825,45.43888833,-75.65360074,10365
16--6651,2016/06/18,7:26 PM,MERIVALE RD btwn WITHROW AVE & ROSSLAND AVE (__3ZA4H5),__3ZA4H5,04 - At/near private drive,03 - P.D. only,02 - Angle,01 - Clear,01 - Daylight,01 - Dry,10 - No control,,2,1,0,0,,0,,,,,364645.3836,5024219.133,45.3553632,-75.73617952,10366
16--6652,2016/06/18,7:37 PM,ALBION RD @ BANK ST (0012409),12409,03 - At intersection,02 - Non-fatal injury,02 - Angle,01 - Clear,01 - Daylight,01 - Dry,01 - Traffic signal,01 - Functioning,2,0,0,0,02 - Minor,2,1,1,,,371947.3569,5024129.25,45.35389324,-75.64300487,10367
16--6653,2016/06/18,7:41 AM,REGIONAL ROAD 174 btwn TRANSIT & OR174 IC109 RAMP56 (__3ZAZ6U),__3ZAZ6U,01 - Non intersection,02 - Non-fatal injury,07 - SMV other,01 - Clear,01 - Daylight,01 - Dry,10 - No control,,1,0,0,0,03 - Major,1,,,1,,376042.5453,5034084.588,45.4430619,-75.58930695,10368
16--6654,2016/06/18,7:48 PM,SLATER ST btwn BANK ST & O'CONNOR ST (__3ZA35K),__3ZA35K,01 - Non intersection,03 - P.D. only,04 - Sideswipe,01 - Clear,01 - Daylight,01 - Dry,10 - No control,,2,0,0,0,,0,,,,,367465.9651,5031380.507,45.41955294,-75.69927394,10369
16--6655,2016/06/18,8:05 AM,UPPER DWYER HILL RD btwn MARCH RD & OLD ALMONTE RD (__3ZA4QB),__3ZA4QB,01 - Non intersection,03 - P.D. only,07 - SMV other,01 - Clear,01 - Daylight,01 - Dry,10 - No control,,1,0,0,0,,0,,,,,334121.1785,5014251.763,45.26761232,-76.12634416,10370
16--6656,2016/06/18,8:20 PM,HERON RD @ JEFFERSON ST (0007192),7192,03 - At intersection,03 - P.D. only,02 - Angle,01 - Clear,05 - Dusk,01 - Dry,01 - Traffic signal,01 - Functioning,2,0,0,0,,0,,,,,371808.0435,5027052.542,45.3802093,-75.64438624,10371
16--6657,2016/06/18,8:43 PM,BRONSON AVE btwn BREWER WAY & RIVERSIDE DR RAMPS 34B & 42A-3 (__3ZA3BR),__3ZA3BR,01 - Non intersection,03 - P.D. only,04 - Sideswipe,01 - Clear,05 - Dusk,01 - Dry,10 - No control,,2,0,0,0,,0,,,,,368402.9185,5027212.813,45.38196878,-75.68784052,10372
16--6658,2016/06/18,9:27 AM,CARLING AVE @ KIRKWOOD AVE N (0002358),2358,03 - At intersection,03 - P.D. only,05 - Turning movement,01 - Clear,01 - Daylight,01 - Dry,01 - Traffic signal,01 - Functioning,2,0,0,0,,0,,,,,364274.5866,5027492.679,45.38484962,-75.74051755,10373
16--6659,2016/06/18,9:35 AM,BLACKBURN BYPASS @ INNES RD E (0009245),9245,02 - Intersection related,02 - Non-fatal injury,03 - Rear end,01 - Clear,01 - Daylight,01 - Dry,01 - Traffic signal,01 - Functioning,2,0,0,0,01 - Minimal,1,1,,,,379791.3573,5033782.346,45.43995045,-75.54143854,10374
16--666,2016/01/15,12:02 PM,BORRISOKANE RD/TARTAN DR @ STRANDHERD DR (0010634),10634,02 - Intersection related,03 - P.D. only,03 - Rear end,01 - Clear,01 - Daylight,02 - Wet,01 - Traffic signal,01 - Functioning,2,0,0,0,,0,,,,,362291.2126,5013546.533,45.2595281,-75.76746186,10375
16--6660,2016/06/19,1:00 PM,CARP RD @ STITTSVILLE MAIN ST (0005253),5253,02 - Intersection related,02 - Non-fatal injury,03 - Rear end,01 - Clear,01 - Daylight,01 - Dry,01 - Traffic signal,01 - Functioning,2,0,0,0,01 - Minimal,1,1,,,,349524.1097,5014330.429,45.26750938,-75.93005717,10376
16--6661,2016/06/19,1:11 AM,BANK ST btwn WILTON CRES & ECHO DR (__3ZA3NA),__3ZA3NA,01 - Non intersection,03 - P.D. only,07 - SMV other,01 - Clear,07 - Dark,01 - Dry,10 - No control,,1,0,0,0,,0,,,,,368595.974,5028919.421,45.39730677,-75.68515498,10377
16--6662,2016/06/19,10:04 PM,CANYON WALK DR @ FEATHER MOSS WAY (0013223),13223,03 - At intersection,03 - P.D. only,02 - Angle,01 - Clear,07 - Dark,01 - Dry,02 - Stop sign,01 - Functioning,2,0,0,0,,0,,,,,368988.1603,5016547.801,45.285954,-75.68175137,10378
16--6731,2016/06/21,12:10 PM,CHURCHILL AVE @ WHITBY AVE (0006688),6688,03 - At intersection,03 - P.D. only,02 - Angle,01 - Clear,01 - Daylight,01 - Dry,02 - Stop sign,01 - Functioning,2,0,0,0,,0,,,,,363161.0089,5028441.101,45.39347705,-75.7546244,10379
16--6663,2016/06/19,11:07 PM,METCALFE ST @ SLATER ST (0002233),2233,03 - At intersection,03 - P.D. only,02 - Angle,01 - Clear,07 - Dark,01 - Dry,01 - Traffic signal,01 - Functioning,2,0,0,0,,0,,,,,367732.824,5031549.35,45.42104818,-75.69584288,10380
16--6664,2016/06/19,11:23 PM,BANK ST @ WALKLEY RD (0011423),11423,03 - At intersection,03 - P.D. only,02 - Angle,01 - Clear,07 - Dark,01 - Dry,01 - Traffic signal,01 - Functioning,2,0,0,0,,0,,,,,370336.9335,5025947.046,45.37040157,-75.66331525,10381
16--6665,2016/06/19,11:41 AM,WEST HUNT CLUB RD btwn MOODIE DR & RICHMOND RD (__3ZA4YH),__3ZA4YH,01 - Non intersection,03 - P.D. only,07 - SMV other,01 - Clear,01 - Daylight,01 - Dry,10 - No control,,1,0,0,0,,0,,,,,357865.4871,5018471.173,45.30418851,-75.82332262,10382
16--6666,2016/06/19,2:01 AM,HAWTHORNE AVE/ISABELLA ST @ QUEEN ELIZABETH DR (0002105),2105,03 - At intersection,02 - Non-fatal injury,05 - Turning movement,01 - Clear,07 - Dark,01 - Dry,01 - Traffic signal,01 - Functioning,2,0,0,0,01 - Minimal,1,1,,,,368667.0104,5030477.275,45.41131736,-75.68404597,10383
16--6667,2016/06/19,2:02 PM,ISLAND PARK DR btwn RICHMOND RD & BASSETT LANE (__3ZA235),__3ZA235,01 - Non intersection,03 - P.D. only,03 - Rear end,01 - Clear,01 - Daylight,01 - Dry,10 - No control,,2,0,0,0,,0,,,,,364215.5801,5028693.374,45.39565827,-75.74112642,10384
16--6668,2016/06/19,2:06 PM,ELGIN ST @ SLATER ST (0002228),2228,02 - Intersection related,03 - P.D. only,03 - Rear end,01 - Clear,01 - Daylight,01 - Dry,01 - Traffic signal,01 - Functioning,2,0,0,0,,0,,,,,367889.5803,5031645.899,45.42190277,-75.69382768,10385
16--6669,2016/06/19,2:30 AM,ZEPHYR AVE btwn DON ST & MARIE ST (__3ZABW0),__3ZABW0,01 - Non intersection,03 - P.D. only,06 - SMV unattended vehicle,01 - Clear,07 - Dark,01 - Dry,10 - No control,,1,0,0,0,,0,,,,,359953.0628,5025047.845,45.36320472,-75.79597149,10386
16--667,2016/01/15,12:09 PM,MAJESTIC DR @ NEWHAVEN ST (0000169),169,02 - Intersection related,03 - P.D. only,02 - Angle,01 - Clear,01 - Daylight,04 - Slush,02 - Stop sign,01 - Functioning,2,0,0,0,,0,,,,,362692.1961,5021059.609,45.32709799,-75.76147611,10387
16--6670,2016/06/19,2:34 PM,MEADOWLANDS DR btwn INDIAN RD & LAIRD ST (__3ZA4HK),__3ZA4HK,01 - Non intersection,03 - P.D. only,06 - SMV unattended vehicle,01 - Clear,01 - Daylight,01 - Dry,10 - No control,,1,0,0,0,,0,,,,,364059.8753,5023283.074,45.34699038,-75.74376403,10388