Anom_ID,Accident_Date,Accident_Time,Location,Geo_ID,Accident_Location,Classification_of_Accident,Initial_Impact_Type,Environment_Condition,Light,Road_Surface_Condition,Traffic_Control,Traffic_Control_Condition,No__of_Vehicles,No__of_Bicycles,No__of_Motorcycles,No__of_Pedestrians,Max_Injury,No__of_Injuries,No__of_Minimal,No__of_Minor,No__of_Major,No__of_Fatal,X,Y,Latitude,Longitude,ObjectId
16--6671,2016/06/19,3:00 AM,HIGHWAY 417 btwn HWY417 IC119A RAMP67 & HWY417 IC118 RAMP76 (__3ZA2YS),__3ZA2YS,01 - Non intersection,03 - P.D. only,04 - Sideswipe,01 - Clear,07 - Dark,01 - Dry,10 - No control,,2,0,0,0,,0,,,,,368943.4774,5030714.576,45.41342723,-75.68048336,10389
16--6672,2016/06/19,3:00 PM,BARRICK HILL RD btwn AKERSON RD & MOORPARK AVE (__7IFXNK),__7IFXNK,04 - At/near private drive,03 - P.D. only,06 - SMV unattended vehicle,01 - Clear,01 - Daylight,01 - Dry,10 - No control,,1,0,0,0,,0,,,,,354290.157,5016130.911,45.28339133,-75.86914495,10390
16--6673,2016/06/19,3:03 PM,BROOKSTONE ST/HATHAWAY DR @ CRESTHAVEN DR (0009673),9673,03 - At intersection,03 - P.D. only,02 - Angle,01 - Clear,01 - Daylight,01 - Dry,02 - Stop sign,01 - Functioning,2,0,0,0,,0,,,,,366779.9935,5015698.383,45.27850919,-75.71000367,10391
16--6674,2016/06/19,3:10 PM,RUSTIC DR btwn DRURY LANE & RIDEOUT CRES (__3ZABK5),__3ZABK5,04 - At/near private drive,03 - P.D. only,06 - SMV unattended vehicle,01 - Clear,01 - Daylight,01 - Dry,10 - No control,,1,0,0,0,,0,,,,,361802.7993,5023802.488,45.3518511,-75.77250511,10392
16--6675,2016/06/19,5:06 PM,CAMPEAU DR btwn COLCHESTER SQ/TERON RD & HAWKSTONE GT (__3ZAZOO),__3ZAZOO,01 - Non intersection,03 - P.D. only,04 - Sideswipe,01 - Clear,01 - Daylight,01 - Dry,10 - No control,,2,0,0,0,,0,,,,,352316.5735,5020337.721,45.32138142,-75.89389771,10393
16--6676,2016/06/19,5:16 PM,HWY 417 CASTLEFR IC139R61 @ KANATA AVE (0012625),12625,03 - At intersection,03 - P.D. only,02 - Angle,01 - Clear,01 - Daylight,01 - Dry,01 - Traffic signal,01 - Functioning,2,0,0,0,,0,,,,,351614.7145,5019224.237,45.31140918,-75.90295508,10394
16--6677,2016/06/19,5:41 AM,GOLF CLUB WAY btwn NO NAME & WESTLEIGH BLVD (__7JQ7KA),__7JQ7KA,01 - Non intersection,03 - P.D. only,07 - SMV other,01 - Clear,03 - Dawn,01 - Dry,10 - No control,,1,0,0,0,,0,,,,,342365.9945,5008327.833,45.2139136,-76.02172669,10395
16--6678,2016/06/19,5:45 PM,BEAUSEJOUR DR @ JEANNE D'ARC BLVD (0003636),3636,03 - At intersection,03 - P.D. only,05 - Turning movement,01 - Clear,01 - Daylight,01 - Dry,01 - Traffic signal,01 - Functioning,2,0,0,0,,0,,,,,381420.5216,5036060.346,45.46026942,-75.5202623,10396
16--6679,2016/06/19,6:01 PM,CARR CRES btwn CARR PL & VARLEY DR (__3ZABBV),__3ZABBV,01 - Non intersection,03 - P.D. only,06 - SMV unattended vehicle,01 - Clear,01 - Daylight,01 - Dry,10 - No control,,1,0,0,0,,0,,,,,351013.1677,5021246.236,45.32964346,-75.91043774,10397
16--668,2016/01/15,12:35 PM,BANK ST btwn WILTON CRES & ECHO DR (__3ZA3NA),__3ZA3NA,01 - Non intersection,03 - P.D. only,04 - Sideswipe,01 - Clear,01 - Daylight,01 - Dry,10 - No control,,2,0,0,0,,0,,,,,368613.6703,5028875.092,45.3969063,-75.68493471,10398
16--6680,2016/06/19,6:03 PM,CRESTWAY DR @ STRANDHERD DR (0010538),10538,03 - At intersection,03 - P.D. only,03 - Rear end,01 - Clear,01 - Daylight,01 - Dry,01 - Traffic signal,01 - Functioning,2,0,0,0,,0,,,,,366346.6773,5015472.261,45.27651263,-75.71555423,10399
16--6681,2016/06/19,6:20 AM,BASELINE RD @ WOODROFFE AVE (0002225),2225,02 - Intersection related,03 - P.D. only,03 - Rear end,01 - Clear,01 - Daylight,01 - Dry,01 - Traffic signal,01 - Functioning,2,0,0,0,,0,,,,,362548.995,5023769.809,45.35149601,-75.76298643,10400
16--6682,2016/06/19,7:07 AM,WALKLEY RD @ DON REID DR/RYDER ST (0008218),8218,03 - At intersection,02 - Non-fatal injury,02 - Angle,01 - Clear,01 - Daylight,01 - Dry,01 - Traffic signal,01 - Functioning,2,0,0,0,02 - Minor,1,,1,,,372601.6318,5027284.871,45.38222335,-75.6342223,10401
16--6683,2016/06/19,8:50 PM,HIGHWAY 417 btwn HWY417 IC104 RAMP15 & HWY417 IC96 RAMP51 (__3ZA2W4),__3ZA2W4,98 - Other,03 - P.D. only,07 - SMV other,01 - Clear,05 - Dusk,01 - Dry,10 - No control,,1,0,0,0,,0,,,,,381400.5418,5025615.536,45.36629697,-75.52214102,10402
16--6684,2016/06/19,9:42 PM,UPPER DWYER HILL RD btwn GALETTA SIDE RD & RITCHIE SIDE RD (__3ZAC10),__3ZAC10,01 - Non intersection,03 - P.D. only,07 - SMV other,01 - Clear,07 - Dark,01 - Dry,10 - No control,,1,0,0,0,,0,,,,,322918.3403,5026641.619,45.37948201,-76.2686532,10403
16--6685,2016/06/20,1:10 PM,INNOVATION DR btwn FLAMBOROUGH WAY & FLAMBOROUGH WAY (__3G5TW2),__3G5TW2,01 - Non intersection,02 - Non-fatal injury,07 - SMV other,01 - Clear,01 - Daylight,01 - Dry,10 - No control,,1,0,1,0,03 - Major,1,,,1,,349582.1161,5022451.692,45.34058323,-75.92858431,10404
16--6686,2016/06/20,1:35 AM,NAVAN RD btwn INNES RD & ORLEANS BLVD (__42HNW4),__42HNW4,01 - Non intersection,03 - P.D. only,03 - Rear end,01 - Clear,07 - Dark,01 - Dry,10 - No control,,2,0,0,0,,0,,,,,379685.2631,5033233.123,45.43502031,-75.54287803,10405
16--6687,2016/06/20,10:36 PM,FRANKTOWN RD btwn CONLEY RD & JOY'S RD (__3ZA42P),__3ZA42P,01 - Non intersection,03 - P.D. only,07 - SMV other,01 - Clear,07 - Dark,01 - Dry,10 - No control,,1,0,0,0,,0,,,,,353766.6114,5003494.867,45.16972466,-75.8770614,10406
16--6688,2016/06/20,11:07 AM,ARTHUR LANE  S btwn PLYMOUTH ST & END (__3ZA1BD),__3ZA1BD,04 - At/near private drive,03 - P.D. only,06 - SMV unattended vehicle,01 - Clear,01 - Daylight,01 - Dry,10 - No control,,1,0,0,0,,0,,,,,367142.6141,5029646.979,45.40398405,-75.70362447,10407
16--6689,2016/06/20,12:10 PM,ST. LAURENT BLVD btwn HEMLOCK RD & MEADOW PARK PL (__3ZA3UG),__3ZA3UG,04 - At/near private drive,02 - Non-fatal injury,05 - Turning movement,01 - Clear,01 - Daylight,01 - Dry,10 - No control,,2,1,0,0,01 - Minimal,1,1,,,,371194.5692,5034662.784,45.44874149,-75.65119348,10408
16--669,2016/01/15,2:36 PM,CYRVILLE RD @ INNES RD (0009352),9352,02 - Intersection related,03 - P.D. only,04 - Sideswipe,01 - Clear,01 - Daylight,01 - Dry,01 - Traffic signal,01 - Functioning,2,0,0,0,,0,,,,,375048.4752,5031120.69,45.416495,-75.60243536,10409
16--6690,2016/06/20,12:34 PM,STAGECOACH RD btwn OLD STAGECOACH RD & BLANCHFIELD RD (__30LJDU),__30LJDU,04 - At/near private drive,03 - P.D. only,05 - Turning movement,01 - Clear,01 - Daylight,01 - Dry,10 - No control,,2,0,0,0,,0,,,,,377731.8308,5000226.402,45.13824597,-75.57269363,10410
16--6691,2016/06/20,2:12 AM,BANK ST @ CHAMBERLAIN AVE N/ISABELLA ST (0002132),2132,03 - At intersection,03 - P.D. only,02 - Angle,01 - Clear,07 - Dark,01 - Dry,01 - Traffic signal,01 - Functioning,2,0,0,0,,0,,,,,368082.791,5030166.601,45.40857509,-75.69154899,10411
16--6692,2016/06/20,2:25 PM,BANTREE ST @ INNES RD (0007684),7684,03 - At intersection,02 - Non-fatal injury,05 - Turning movement,01 - Clear,01 - Daylight,01 - Dry,01 - Traffic signal,01 - Functioning,4,0,0,0,02 - Minor,3,1,2,,,373706.3996,5030406.781,45.41020505,-75.61968081,10412
16--6693,2016/06/20,2:30 PM,MITCH OWENS RD @ DOZOIS RD/LIMEBANK RD (0012469),12469,03 - At intersection,02 - Non-fatal injury,07 - SMV other,01 - Clear,01 - Daylight,01 - Dry,01 - Traffic signal,01 - Functioning,1,0,0,1,02 - Minor,1,,1,,,371674.8524,5012108.193,45.24575677,-75.64810381,10413
16--6694,2016/06/20,3:11 PM,INDUSTRIAL AVE @ RUSSELL RD (0007732),7732,03 - At intersection,02 - Non-fatal injury,05 - Turning movement,01 - Clear,01 - Daylight,01 - Dry,01 - Traffic signal,01 - Functioning,3,0,0,0,02 - Minor,3,2,1,,,372465.0522,5030279.779,45.40918346,-75.63555535,10414
16--6695,2016/06/20,3:18 PM,HAZELDEAN RD btwn 246 E OF CASTLEFRANK RD & IRWIN GT (__3ZA41NB),__3ZA41NB,04 - At/near private drive,03 - P.D. only,02 - Angle,01 - Clear,01 - Daylight,01 - Dry,10 - No control,,2,0,0,0,,0,,,,,352937.5267,5017911.802,45.29951016,-75.8862132,10415
16--6696,2016/06/20,3:39 PM,SHEFFIELD RD @ WALKLEY RD (0005156),5156,02 - Intersection related,03 - P.D. only,03 - Rear end,01 - Clear,01 - Daylight,01 - Dry,01 - Traffic signal,01 - Functioning,2,0,0,0,,0,,,,,375256.6077,5028785.215,45.3954607,-75.60011011,10416
16--6697,2016/06/20,4:00 PM,TENTH LINE RD @ CHARLEMAGNE BLVD S/DES EPINETT (0003686),3686,02 - Intersection related,03 - P.D. only,03 - Rear end,01 - Clear,01 - Daylight,01 - Dry,01 - Traffic signal,01 - Functioning,2,0,0,0,,0,,,,,383640.9751,5036900.456,45.46758093,-75.49173924,10417
16--6698,2016/06/20,4:00 PM,HOG'S BACK RD btwn COLONEL BY DR & RIVERSIDE DR (__3ZA22W),__3ZA22W,01 - Non intersection,03 - P.D. only,03 - Rear end,01 - Clear,01 - Daylight,01 - Dry,10 - No control,,3,0,0,0,,0,,,,,367685.4603,5025929.682,45.37048827,-75.69716439,10418
16--6699,2016/06/20,4:00 PM,HWY417 IC121A RAMP16 btwn HIGHWAY 417 & RAYMOND ST (__3ZAY91),__3ZAY91,01 - Non intersection,03 - P.D. only,03 - Rear end,01 - Clear,01 - Daylight,01 - Dry,10 - No control,,3,0,1,0,,0,,,,,366975.7966,5029658.259,45.40410038,-75.7057538,10419
16--67,2016/01/03,5:30 PM,HARROLD PL btwn TO BE DETERMINED & VETERAN AVE (1) (__3ZA070),__3ZA070,01 - Non intersection,03 - P.D. only,06 - SMV unattended vehicle,03 - Snow,05 - Dusk,03 - Loose snow,10 - No control,,1,0,0,0,,0,,,,,365071.0864,5027595.122,45.3857033,-75.73033476,10420
16--670,2016/01/15,2:49 PM,HERON RD @ ALTA VISTA DR (0007188),7188,02 - Intersection related,03 - P.D. only,04 - Sideswipe,01 - Clear,01 - Daylight,05 - Packed snow,01 - Traffic signal,01 - Functioning,2,0,0,0,,0,,,,,370491.9719,5026904.413,45.37900113,-75.66120881,10421
16--6700,2016/06/20,4:07 PM,WOODROFFE AVE btwn GRENFELL CRES & 260 N OF FALLOWFIELD RD/TRANSITWAY  (__3ZA3IO),__3ZA3IO,04 - At/near private drive,03 - P.D. only,03 - Rear end,01 - Clear,01 - Daylight,01 - Dry,10 - No control,,2,0,0,0,,0,,,,,364786.1647,5018647.767,45.30522058,-75.735058,10422
16--6701,2016/06/20,4:28 PM,PROVOST DR btwn HYDE ST & MARCEL ST (__3ZA9GZ),__3ZA9GZ,01 - Non intersection,03 - P.D. only,06 - SMV unattended vehicle,01 - Clear,01 - Daylight,01 - Dry,10 - No control,,1,0,0,0,,0,,,,,369441.437,5025249.204,45.36420576,-75.67483781,10423
16--6702,2016/06/20,4:45 AM,HIGHWAY 416 btwn HWY416 IC72 RAMP62 & HWY416 IC72 RAMP24 (__3ZAZEQ),__3ZAZEQ,01 - Non intersection,03 - P.D. only,07 - SMV other,01 - Clear,07 - Dark,01 - Dry,10 - No control,,1,0,0,0,,0,,,,,359559.9095,5019487.828,45.31320639,-75.80160503,10424
16--6703,2016/06/20,4:53 PM,MOODIE DR @ WEST HUNT CLUB RD (0010414),10414,02 - Intersection related,03 - P.D. only,03 - Rear end,01 - Clear,01 - Daylight,01 - Dry,01 - Traffic signal,01 - Functioning,2,0,0,0,,0,,,,,357907.8772,5018498.23,45.30442877,-75.82277921,10425
16--6704,2016/06/20,4:59 PM,SOMERSET ST    W btwn BECKINGTON PRIV & BANK ST (__3ZAZQ1),__3ZAZQ1,01 - Non intersection,03 - P.D. only,04 - Sideswipe,01 - Clear,01 - Daylight,01 - Dry,10 - No control,,2,0,0,0,,0,,,,,367676.8901,5030906.771,45.41527149,-75.69663953,10426
16--6705,2016/06/20,5:30 PM,GRASSY PLAINS DR @ STONEHAVEN DR (0008886),8886,02 - Intersection related,02 - Non-fatal injury,04 - Sideswipe,01 - Clear,01 - Daylight,01 - Dry,01 - Traffic signal,01 - Functioning,2,1,0,0,02 - Minor,1,,1,,,356204.4123,5015964.206,45.28175391,-75.84476262,10427
16--6706,2016/06/20,5:45 PM,HIGHWAY 417 btwn HWY417 IC126 RAMP16 & HWY417 IC126 RAMP61 (__3ZA2RC),__3ZA2RC,01 - Non intersection,03 - P.D. only,03 - Rear end,01 - Clear,01 - Daylight,01 - Dry,10 - No control,,4,0,0,0,,0,,,,,363176.6799,5025881.429,45.37044417,-75.75472695,10428
16--6707,2016/06/20,5:49 PM,HUNT CLUB RD @ CANADAIR PRIV (0010852),10852,02 - Intersection related,03 - P.D. only,03 - Rear end,01 - Clear,01 - Daylight,01 - Dry,01 - Traffic signal,01 - Functioning,4,0,0,0,,0,,,,,368663.6404,5022312.836,45.33785632,-75.68514478,10429
16--6708,2016/06/20,5:50 PM,OTTAWA RIVER PKWY WB RAMP/CARLING AVE WB btwn CARLING AVE & OTTAWA RIV (__3ZAY0V),__3ZAY0V,01 - Non intersection,03 - P.D. only,03 - Rear end,01 - Clear,01 - Daylight,01 - Dry,10 - No control,,2,0,0,0,,0,,,,,360891.9979,5025439.273,45.36665226,-75.78394249,10430
16--6709,2016/06/20,6:02 PM,ULLSWATER DR btwn ROCHE PL & CRYSTAL BEACH DR (__3ZACK1),__3ZACK1,01 - Non intersection,03 - P.D. only,07 - SMV other,01 - Clear,01 - Daylight,01 - Dry,10 - No control,,1,0,0,0,,0,,,,,356868.3945,5023531.814,45.3497993,-75.8355042,10431
16--671,2016/01/15,3:04 AM,MCCARTHY RD btwn WALKLEY RD & PROVOST DR (__3ZA9GV),__3ZA9GV,01 - Non intersection,02 - Non-fatal injury,07 - SMV other,01 - Clear,07 - Dark,02 - Wet,10 - No control,,1,0,0,1,02 - Minor,1,,1,,,369313.5072,5025164.312,45.36345371,-75.67648178,10432
16--6710,2016/06/20,6:30 PM,HIGHWAY 417 btwn HWY417 IC127 RAMP25 & HWY417 IC126 RAMP51 (__3ZA2XA),__3ZA2XA,01 - Non intersection,03 - P.D. only,03 - Rear end,01 - Clear,01 - Daylight,01 - Dry,10 - No control,,2,0,0,0,,0,,,,,363190.2056,5025861.012,45.37025933,-75.7545567,10433
16--6711,2016/06/20,6:50 AM,SPLINTER CRES btwn TORSA CRT & DUMAURIER AVE (__3ZAZR6),__3ZAZR6,04 - At/near private drive,03 - P.D. only,99 - Other,01 - Clear,01 - Daylight,01 - Dry,10 - No control,,2,0,0,0,,0,,,,,359831.7782,5023514.57,45.34941786,-75.79769026,10434
16--6712,2016/06/20,7:30 PM,DUNROBIN RD btwn KILMAURS SIDE RD & CONSTANCE BAY RD (__3ZA4EA),__3ZA4EA,01 - Non intersection,03 - P.D. only,07 - SMV other,01 - Clear,01 - Daylight,01 - Dry,10 - No control,,1,0,0,0,,0,,,,,336036.5741,5037979.792,45.48104452,-76.10043503,10435
16--6713,2016/06/20,7:40 PM,GREENBANK RD @ STRANDHERD DR (0005563),5563,02 - Intersection related,03 - P.D. only,03 - Rear end,01 - Clear,01 - Daylight,01 - Dry,01 - Traffic signal,01 - Functioning,2,0,0,0,,0,,,,,363933.4584,5014783.741,45.27052441,-75.74639129,10436
16--6714,2016/06/20,7:44 AM,HAWTHORNE RD/RUSSELL RD @ WALKLEY RD (0002618),2618,02 - Intersection related,03 - P.D. only,99 - Other,01 - Clear,01 - Daylight,01 - Dry,01 - Traffic signal,01 - Functioning,2,0,0,0,,0,,,,,374674.81,5028498.95,45.39294333,-75.60758061,10437
16--6715,2016/06/20,8:05 AM,HIGHWAY 417 btwn HWY417 IC124 RAMP67 & HWY417 IC123 RAMP62 (__3ZA2YZ),__3ZA2YZ,01 - Non intersection,03 - P.D. only,03 - Rear end,01 - Clear,01 - Daylight,01 - Dry,10 - No control,,2,0,0,0,,0,,,,,364722.6864,5027965.774,45.38906825,-75.73473845,10438
16--6716,2016/06/20,8:30 AM,CARLING AVE @ PINECREST  RD/GREENVIEW AVE (0001630),1630,02 - Intersection related,03 - P.D. only,03 - Rear end,01 - Clear,01 - Daylight,01 - Dry,01 - Traffic signal,01 - Functioning,2,0,0,0,,0,,,,,360006.4502,5024632.303,45.35946148,-75.79533647,10439
16--6717,2016/06/20,8:37 AM,CARP RD btwn CARDEVCO RD & WESTHUNT RD (__3ZA3FU),__3ZA3FU,04 - At/near private drive,03 - P.D. only,03 - Rear end,01 - Clear,01 - Daylight,01 - Dry,10 - No control,,2,0,0,0,,0,,,,,345941.0363,5017463.463,45.2959204,-75.97545642,10440
16--6718,2016/06/20,8:55 AM,HOBSON RD btwn EGAN RD & END (__3ZA1QE),__3ZA1QE,01 - Non intersection,03 - P.D. only,04 - Sideswipe,01 - Clear,01 - Daylight,01 - Dry,10 - No control,,2,0,0,0,,0,,,,,368536.8259,5026153.006,45.37242077,-75.68626759,10441
16--6719,2016/06/20,9:00 PM,WOODRIDGE CRES btwn BAYSHORE DR & BAYSHORE PS (__6KE4J1A),__6KE4J1A,01 - Non intersection,03 - P.D. only,06 - SMV unattended vehicle,01 - Clear,05 - Dusk,01 - Dry,10 - No control,,1,0,0,0,,0,,,,,359024.722,5023846.228,45.35246499,-75.80795269,10442
16--672,2016/01/15,3:17 PM,WOODROFFE AVE @ GEORGINA DR/LENESTER AVE (0002351),2351,02 - Intersection related,03 - P.D. only,03 - Rear end,01 - Clear,01 - Daylight,02 - Wet,01 - Traffic signal,01 - Functioning,2,0,0,0,,0,,,,,361911.1875,5025370.894,45.36595469,-75.7709407,10443
16--6720,2016/06/20,9:10 AM,HIGHWAY 417 btwn HWY417 IC129 RAMP25 & HWY417 IC129 RAMP35 (__3ZAYFR),__3ZAYFR,01 - Non intersection,03 - P.D. only,99 - Other,01 - Clear,01 - Daylight,01 - Dry,10 - No control,,2,0,0,0,,0,,,,,360461.0498,5023530.269,45.34950946,-75.78965841,10444
16--6721,2016/06/20,9:15 AM,CHARLEVOIX ST btwn BEECHWOOD AVE & BARRETTE ST (__3ZBOWU),__3ZBOWU,01 - Non intersection,03 - P.D. only,06 - SMV unattended vehicle,01 - Clear,01 - Daylight,01 - Dry,10 - No control,,1,0,0,0,,0,,,,,369238.1264,5033542.831,45.43884772,-75.67634921,10445
16--6722,2016/06/20,9:21 AM,INNES RD @ TENTH LINE RD (0004633),4633,02 - Intersection related,03 - P.D. only,03 - Rear end,01 - Clear,01 - Daylight,01 - Dry,01 - Traffic signal,01 - Functioning,2,0,0,0,,0,,,,,383951.5348,5036159.335,45.46087788,-75.48788759,10446
16--6723,2016/06/20,9:52 AM,CONROY RD @ ST. LAURENT BLVD (0011390),11390,02 - Intersection related,03 - P.D. only,03 - Rear end,01 - Clear,01 - Daylight,01 - Dry,01 - Traffic signal,01 - Functioning,2,0,0,0,,0,,,,,373069.742,5027159.527,45.3810501,-75.6282629,10447
16--6724,2016/06/21,1:01 PM,BRONSON AVE @ POWELL AVE (0007212),7212,02 - Intersection related,03 - P.D. only,04 - Sideswipe,01 - Clear,01 - Daylight,01 - Dry,01 - Traffic signal,01 - Functioning,2,0,0,0,,0,,,,,367387.6516,5029477.214,45.40243469,-75.70051617,10448
16--6725,2016/06/21,10:07 AM,BOOTH ST @ SOMERSET ST (0002216),2216,03 - At intersection,03 - P.D. only,02 - Angle,01 - Clear,01 - Daylight,01 - Dry,01 - Traffic signal,01 - Functioning,2,0,0,0,,0,,,,,366593.8302,5030254.796,45.40950168,-75.71055789,10449
16--6726,2016/06/21,10:56 PM,EAGLEVIEW ST btwn MILNER DOWNS CRES & MEADOWBREEZE DR (__3ZA1CI),__3ZA1CI,01 - Non intersection,03 - P.D. only,06 - SMV unattended vehicle,01 - Clear,07 - Dark,01 - Dry,10 - No control,,1,0,0,0,,0,,,,,355524.0318,5015591.12,45.27844623,-75.85347281,10450
16--6727,2016/06/21,11:05 AM,GLADSTONE AVE btwn BAY ST & LYON ST N (__3ZA3PV),__3ZA3PV,01 - Non intersection,03 - P.D. only,04 - Sideswipe,01 - Clear,01 - Daylight,01 - Dry,10 - No control,,2,0,0,0,,0,,,,,367576.4982,5030358.865,45.41035061,-75.69799186,10451
16--6728,2016/06/21,11:44 AM,RIVERSIDE DR SB btwn BILLINGS BRIDGE NB RAMP & NEIL WAY (__3ZA3NT),__3ZA3NT,01 - Non intersection,02 - Non-fatal injury,03 - Rear end,01 - Clear,01 - Daylight,01 - Dry,10 - No control,,3,0,0,0,02 - Minor,1,,1,,,369285.9188,5028067.65,45.38957961,-75.67645478,10452
16--6729,2016/06/21,11:45 AM,MAPLE GROVE RD @ TERRY FOX DR (0003177),3177,02 - Intersection related,03 - P.D. only,04 - Sideswipe,01 - Clear,01 - Daylight,01 - Dry,01 - Traffic signal,01 - Functioning,2,0,0,0,,0,,,,,351553.6086,5017865.366,45.29918578,-75.90386252,10453
16--673,2016/01/15,3:41 PM,DONALD ST @ 110 E OF ST. LAURENT BLVD  (0013077),13077,03 - At intersection,03 - P.D. only,02 - Angle,01 - Clear,01 - Daylight,01 - Dry,01 - Traffic signal,01 - Functioning,2,0,0,0,,0,,,,,372203.0265,5032482.494,45.42902777,-75.63860111,10454
16--6468,2016/06/14,2:53 PM,BRONSON AVE @ SOMERSET ST (0002218),2218,02 - Intersection related,03 - P.D. only,04 - Sideswipe,01 - Clear,01 - Daylight,01 - Dry,01 - Traffic signal,01 - Functioning,2,0,0,0,,0,,,,,366967.4706,5030475.896,45.41145799,-75.70575705,10455
16--6832,2016/06/23,2:34 PM,STRANDHERD DR btwn 215 W OF GREENBANK RD/BARRHAVEN MALL SC & GREENBANK (__3ZAZMMB),__3ZAZMMB,01 - Non intersection,03 - P.D. only,04 - Sideswipe,01 - Clear,01 - Daylight,01 - Dry,10 - No control,,2,0,0,0,,0,,,,,363809.7196,5014715.677,45.26992237,-75.7479762,10456
16--7192,2016/07/03,3:23 PM,BADEN AVE btwn AUTUMNWOOD ST & AUTUMNWOOD ST (__3ZA8ON),__3ZA8ON,04 - At/near private drive,03 - P.D. only,06 - SMV unattended vehicle,01 - Clear,01 - Daylight,01 - Dry,10 - No control,,1,0,0,0,,0,,,,,372301.8303,5022692.558,45.34093235,-75.63867736,10457
16--638,2016/01/14,7:55 AM,MALVERN DR btwn TRIPP CRES & THISTLEDOWN CRT (__3ZBOI9),__3ZBOI9,01 - Non intersection,03 - P.D. only,01 - Approaching,03 - Snow,01 - Daylight,03 - Loose snow,10 - No control,,2,0,0,0,,0,,,,,363177.5254,5016115.85,45.28257393,-75.75586758,10458
16--6469,2016/06/14,3:16 PM,GLOUCESTER ST btwn KENT ST & BANK ST (__3ZBOR0),__3ZBOR0,01 - Non intersection,03 - P.D. only,04 - Sideswipe,01 - Clear,01 - Daylight,01 - Dry,10 - No control,,2,0,0,0,,0,,,,,367369.8772,5031105.337,45.41708564,-75.70053655,10459
16--7193,2016/07/03,4:47 PM,BASELINE RD @ GREENBANK RD (0002357),2357,02 - Intersection related,02 - Non-fatal injury,02 - Angle,01 - Clear,01 - Daylight,01 - Dry,01 - Traffic signal,01 - Functioning,2,1,0,0,02 - Minor,1,,1,,,360598.8207,5022584.955,45.3409926,-75.78800697,10460
16--6833,2016/06/23,2:40 PM,PRINCE OF WALES DR @ WEST HUNT CLUB RD (0000567),567,02 - Intersection related,03 - P.D. only,03 - Rear end,01 - Clear,01 - Daylight,01 - Dry,01 - Traffic signal,01 - Functioning,2,0,0,0,,0,,,,,367458.4848,5021892.18,45.33418,-75.70057346,10461
16--647,2016/01/14,8:32 AM,TENTH LINE RD @ CHARLEMAGNE BLVD N/TOMPKINS AV (0009222),9222,02 - Intersection related,03 - P.D. only,03 - Rear end,03 - Snow,01 - Daylight,03 - Loose snow,01 - Traffic signal,01 - Functioning,2,0,0,0,,0,,,,,383184.1917,5037977.793,45.47732525,-75.49740806,10462
16--6380,2016/06/10,9:35 AM,MCCARTHY RD @ WALKLEY RD (0006969),6969,03 - At intersection,03 - P.D. only,02 - Angle,01 - Clear,01 - Daylight,01 - Dry,01 - Traffic signal,01 - Functioning,2,0,0,0,,0,,,,,369250.3937,5025299.846,45.36467901,-75.67726966,10463
16--7194,2016/07/03,4:59 PM,ROCKCLIFFE PKWY btwn GL/OT BOUNDARY & ST. JOSEPH BLVD (__3ZA21V),__3ZA21V,01 - Non intersection,03 - P.D. only,07 - SMV other,01 - Clear,01 - Daylight,01 - Dry,10 - No control,,1,0,0,0,,0,,,,,377083.7416,5035338.483,45.45423674,-75.57581484,10464
16--6470,2016/06/14,3:30 PM,MEADOWLANDS DR btwn VIEWMOUNT DR & INDIAN RD (__3ZA4HJ),__3ZA4HJ,04 - At/near private drive,03 - P.D. only,06 - SMV unattended vehicle,01 - Clear,01 - Daylight,01 - Dry,10 - No control,,1,0,0,0,,0,,,,,363887.4661,5023188.16,45.3461509,-75.74597535,10465
16--71,2016/01/03,6:30 AM,HWY417 IC96 RAMP15 btwn BOUNDARY RD & RAMP (__3ZAY85),__3ZAY85,01 - Non intersection,03 - P.D. only,07 - SMV other,03 - Snow,07 - Dark,04 - Slush,10 - No control,,1,0,0,0,,0,,,,,387304.7614,5023695.352,45.34835072,-75.44710239,10466
16--7195,2016/07/03,5:30 PM,HIGHWAY 417 btwn Continuation of HIGHWAY 417 & HWY417 IC144 RAMP16 (__3ZA2Q6),__3ZA2Q6,01 - Non intersection,03 - P.D. only,99 - Other,01 - Clear,01 - Daylight,01 - Dry,10 - No control,,2,0,0,0,,0,,,,,347378.729,5015844.717,45.28126868,-75.95726575,10467
16--6834,2016/06/23,2:50 PM,"EGLISE, RUE DE L @ MONTREAL RD (0011441)",11441,02 - Intersection related,03 - P.D. only,03 - Rear end,01 - Clear,01 - Daylight,01 - Dry,01 - Traffic signal,01 - Functioning,2,0,0,0,,0,,,,,371156.5738,5033634.496,45.43949304,-75.65181784,10468
16--6381,2016/06/11,10:02 PM,BRONSON AVE @ FIFTH AVE/MADAWASKA DR (0006977),6977,02 - Intersection related,03 - P.D. only,04 - Sideswipe,01 - Clear,07 - Dark,01 - Dry,01 - Traffic signal,01 - Functioning,2,0,0,0,,0,,,,,367614.3891,5028939.681,45.39757782,-75.69768861,10469
16--6471,2016/06/14,3:39 PM,WOODROFFE AVE btwn FIELD ST & ADIRONDACK DR (__3ZA34N),__3ZA34N,01 - Non intersection,03 - P.D. only,03 - Rear end,01 - Clear,01 - Daylight,01 - Dry,10 - No control,,4,0,0,0,,0,,,,,362421.3,5024097.037,45.35445089,-75.76457785,10470
16--7196,2016/07/03,6:00 PM,ST. LAURENT BLVD @ COVENTRY RD/OGILVIE RD (0002151),2151,03 - At intersection,02 - Non-fatal injury,02 - Angle,01 - Clear,01 - Daylight,01 - Dry,01 - Traffic signal,01 - Functioning,2,1,0,0,01 - Minimal,1,1,,,,372305.4922,5031952.938,45.4242532,-75.63736435,10471