Anom_ID,Accident_Date,Accident_Time,Location,Geo_ID,Accident_Location,Classification_of_Accident,Initial_Impact_Type,Environment_Condition,Light,Road_Surface_Condition,Traffic_Control,Traffic_Control_Condition,No__of_Vehicles,No__of_Bicycles,No__of_Motorcycles,No__of_Pedestrians,Max_Injury,No__of_Injuries,No__of_Minimal,No__of_Minor,No__of_Major,No__of_Fatal,X,Y,Latitude,Longitude,ObjectId
16--710,2016/01/16,10:05 PM,HWY417 IC142 RAMP16 btwn TO BE DETERMINED & HIGHWAY 417 (__3ZAY5F),__3ZAY5F,01 - Non intersection,03 - P.D. only,07 - SMV other,03 - Snow,"08 - Dark, artificial",03 - Loose snow,10 - No control,,1,0,0,0,,0,,,,,348882.3767,5017429.045,45.29543231,-75.93795947,10472
16--6835,2016/06/23,3:16 AM,BANKFIELD RD btwn KILREEN LANE & PRINCE OF WALES DR (__3ZA4KO),__3ZA4KO,01 - Non intersection,03 - P.D. only,07 - SMV other,01 - Clear,07 - Dark,01 - Dry,10 - No control,,1,0,0,0,,0,,,,,366029.0862,5008781.533,45.21633718,-75.72042567,10473
16--6382,2016/06/11,10:49 AM,BOOTH ST @ GLADSTONE AVE (0002211),2211,02 - Intersection related,03 - P.D. only,99 - Other,02 - Rain,01 - Daylight,02 - Wet,01 - Traffic signal,01 - Functioning,2,0,0,0,,0,,,,,366768.4799,5029850.787,45.40585108,-75.70837766,10474
16--6383,2016/06/11,10:58 PM,PAUL ANKA DR @ UPLANDS DR (0007476),7476,03 - At intersection,03 - P.D. only,02 - Angle,"07 - Fog, mist, smoke, dust",07 - Dark,01 - Dry,02 - Stop sign,01 - Functioning,2,0,0,0,,0,,,,,369456.596,5023574.839,45.34913888,-75.67486332,10475
16--6384,2016/06/11,11:10 AM,BLAIR RD @ INNES RD (0004165),4165,02 - Intersection related,03 - P.D. only,03 - Rear end,02 - Rain,01 - Daylight,02 - Wet,01 - Traffic signal,01 - Functioning,2,0,0,0,,0,,,,,375579.4113,5031439.33,45.41930844,-75.59560667,10476
16--6385,2016/06/11,11:35 AM,MOODIE DR @ WEST HUNT CLUB RD (0010414),10414,02 - Intersection related,02 - Non-fatal injury,03 - Rear end,02 - Rain,01 - Daylight,02 - Wet,01 - Traffic signal,01 - Functioning,3,0,0,0,01 - Minimal,1,1,,,,357907.9447,5018498.651,45.30443255,-75.8227783,10477
16--6386,2016/06/11,11:58 PM,MONTREAL RD @ VANIER PKWY (0004630),4630,03 - At intersection,02 - Non-fatal injury,05 - Turning movement,01 - Clear,07 - Dark,01 - Dry,01 - Traffic signal,01 - Functioning,2,0,0,0,01 - Minimal,1,1,,,,370072.0146,5033065.824,45.43447846,-75.66575479,10478
16--6387,2016/06/11,3:14 PM,OGILVIE RD @ BATHGATE DR/CITYPARK DR W (0012430),12430,02 - Intersection related,03 - P.D. only,03 - Rear end,01 - Clear,01 - Daylight,01 - Dry,01 - Traffic signal,01 - Functioning,2,0,0,0,,0,,,,,373828.7433,5032797.509,45.43170355,-75.61778302,10479
16--6388,2016/06/11,4:10 PM,HIGHWAY 417 btwn HWY417 IC112 RAMP66 & HWY417 IC112 RAMP56 (__3ZA283),__3ZA283,01 - Non intersection,03 - P.D. only,07 - SMV other,01 - Clear,01 - Daylight,01 - Dry,10 - No control,,1,0,0,0,,0,,,,,374480.7567,5030848.269,45.41410067,-75.60972673,10480
16--6389,2016/06/11,4:30 AM,ALBERT ST btwn BAY ST & LYON ST N (__3ZA33B),__3ZA33B,01 - Non intersection,02 - Non-fatal injury,07 - SMV other,01 - Clear,07 - Dark,01 - Dry,10 - No control,,1,0,0,1,02 - Minor,1,,1,,,367046.1093,5031208.22,45.41804023,-75.70465997,10481
16--639,2016/01/14,7:57 AM,BRONSON AVE @ FIFTH AVE/MADAWASKA DR (0006977),6977,02 - Intersection related,02 - Non-fatal injury,03 - Rear end,03 - Snow,01 - Daylight,05 - Packed snow,01 - Traffic signal,01 - Functioning,3,0,0,0,01 - Minimal,1,1,,,,367613.6396,5028938.414,45.39756648,-75.69769835,10482
16--6390,2016/06/11,5:00 PM,BLAIR RD @ INNES RD (0004165),4165,02 - Intersection related,02 - Non-fatal injury,03 - Rear end,01 - Clear,01 - Daylight,01 - Dry,01 - Traffic signal,01 - Functioning,2,0,0,0,01 - Minimal,1,1,,,,375578.5076,5031440.01,45.41931465,-75.59561812,10483
16--6391,2016/06/11,5:12 PM,MARCH RD btwn DUNROBIN RD & MURPHY CRT (__3ZA3DI),__3ZA3DI,01 - Non intersection,03 - P.D. only,05 - Turning movement,02 - Rain,01 - Daylight,02 - Wet,10 - No control,,2,0,0,0,,0,,,,,347191.0608,5026066.213,45.37325618,-75.95878258,10484
16--6392,2016/06/11,5:23 PM,REGIONAL ROAD 174 btwn RAMP & TRIM RD (__3ZA273),__3ZA273,01 - Non intersection,02 - Non-fatal injury,03 - Rear end,01 - Clear,01 - Daylight,01 - Dry,10 - No control,,3,0,0,0,01 - Minimal,3,3,,,,384235.0469,5039883.921,45.494356,-75.48366059,10485
16--6393,2016/06/11,5:42 PM,REGIONAL ROAD 174 btwn OR174 IC105 RAMP51 & OR174 IC105 RAMP35 (__3ZA2XC),__3ZA2XC,01 - Non intersection,03 - P.D. only,03 - Rear end,01 - Clear,01 - Daylight,01 - Dry,10 - No control,,2,0,0,0,,0,,,,,379312.3174,5036948.988,45.46849278,-75.54708115,10486
16--6394,2016/06/11,5:45 AM,GREENBANK RD btwn WEST HUNT CLUB RD & FALLOWFIELD RD (__3ZA1NE),__3ZA1NE,01 - Non intersection,03 - P.D. only,07 - SMV other,01 - Clear,01 - Daylight,01 - Dry,10 - No control,,1,0,0,0,,0,,,,,361523.1945,5020401.239,45.32126942,-75.77646313,10487
16--6395,2016/06/11,6:38 AM,BANK ST @ RIVERDALE AVE (0007210),7210,03 - At intersection,02 - Non-fatal injury,05 - Turning movement,01 - Clear,01 - Daylight,01 - Dry,01 - Traffic signal,01 - Functioning,2,0,1,0,03 - Major,1,,,1,,369078.6715,5028116.986,45.39004258,-75.67909482,10488
16--6396,2016/06/11,6:57 PM,MEADOWLANDS DR @ MERIVALE RD (0000625),625,02 - Intersection related,03 - P.D. only,03 - Rear end,01 - Clear,01 - Daylight,01 - Dry,01 - Traffic signal,01 - Functioning,2,0,0,0,,0,,,,,364859.3763,5023725.285,45.35090133,-75.73350852,10489
16--6397,2016/06/11,7:10 PM,EAGLESON RD btwn KATIMAVIK RD & KAKULU RD (__3ZA41U),__3ZA41U,04 - At/near private drive,03 - P.D. only,04 - Sideswipe,01 - Clear,01 - Daylight,01 - Dry,10 - No control,,2,0,0,0,,0,,,,,353256.3377,5019463.328,45.31344921,-75.88199669,10490
16--6398,2016/06/11,7:30 PM,GLADSTONE AVE @ LEBRETON ST (0005746),5746,03 - At intersection,03 - P.D. only,02 - Angle,01 - Clear,01 - Daylight,01 - Dry,02 - Stop sign,01 - Functioning,2,0,0,0,,0,,,,,366855.4749,5029922.343,45.40648722,-75.70725743,10491
16--6399,2016/06/11,7:42 PM,PRESTON ST btwn YOUNG ST & GEORGE ST W (__3ZBODS),__3ZBODS,01 - Non intersection,03 - P.D. only,04 - Sideswipe,01 - Clear,01 - Daylight,01 - Dry,10 - No control,,2,0,0,0,,0,,,,,366615.9957,5029423.324,45.40201837,-75.71037898,10492
16--64,2016/01/03,3:34 PM,EAGLESON RD btwn FAULKNER TR & FALLOWFIELD RD (__3ZA410),__3ZA410,01 - Non intersection,03 - P.D. only,07 - SMV other,06 - Strong wind,01 - Daylight,06 - Ice,10 - No control,,1,0,0,0,,0,,,,,355924.8611,5012685.588,45.25227257,-75.84866324,10493
16--640,2016/01/14,8:00 AM,FINDLAY CREEK DR btwn NETLEY CIRC & NETLEY CIRC (__5G44RY),__5G44RY,01 - Non intersection,03 - P.D. only,07 - SMV other,03 - Snow,01 - Daylight,06 - Ice,10 - No control,,1,0,0,0,,0,,,,,375293.1348,5019961.886,45.31606867,-75.60090178,10494
16--6400,2016/06/11,7:56 AM,CAMBRIAN RD/GOLFLINKS DR W @ LONGFIELDS DR (0009702),9702,02 - Intersection related,03 - P.D. only,07 - SMV other,02 - Rain,01 - Daylight,02 - Wet,11 - Roundabout,01 - Functioning,1,0,0,0,,0,,,,,365382.9163,5013222.74,45.25635517,-75.72811115,10495
16--6401,2016/06/11,8:36 AM,COLONEL BY DR @ SENECA ST (0006907),6907,02 - Intersection related,03 - P.D. only,03 - Rear end,01 - Clear,01 - Daylight,01 - Dry,02 - Stop sign,01 - Functioning,2,0,0,0,,0,,,,,368074.9562,5028519.705,45.39375753,-75.69186037,10496
16--6402,2016/06/11,8:40 AM,HIGHWAY 417 btwn HWY417 IC144 RAMP35 & HWY417 IC144 RAMP25 (__3ZA2QT),__3ZA2QT,01 - Non intersection,03 - P.D. only,07 - SMV other,02 - Rain,01 - Daylight,02 - Wet,10 - No control,,1,0,0,0,,0,,,,,347421.2935,5015829.239,45.28112682,-75.95672455,10497
16--6403,2016/06/11,8:41 PM,KIRKWOOD AVE @ RICHMOND RD (0002080),2080,03 - At intersection,02 - Non-fatal injury,07 - SMV other,01 - Clear,05 - Dusk,01 - Dry,01 - Traffic signal,01 - Functioning,1,0,0,1,02 - Minor,1,,1,,,363778.0133,5028641.78,45.39523103,-75.74672083,10498
16--6404,2016/06/11,8:52 AM,ORLEANS BLVD @ ST. JOSEPH BLVD (0004144),4144,03 - At intersection,02 - Non-fatal injury,05 - Turning movement,02 - Rain,01 - Daylight,02 - Wet,01 - Traffic signal,01 - Functioning,3,0,0,0,01 - Minimal,1,1,,,,380631.5122,5036979.914,45.46862904,-75.53020795,10499
16--6405,2016/06/11,8:55 AM,HIGHWAY 417 btwn HWY417 IC117 RAMP51 & HWY417 IC117 RAMP35 (__3ZA2YN),__3ZA2YN,01 - Non intersection,03 - P.D. only,04 - Sideswipe,02 - Rain,01 - Daylight,02 - Wet,10 - No control,,2,0,0,0,,0,,,,,370793.716,5031191.285,45.41754442,-75.65678285,10500
16--6406,2016/06/11,9:00 AM,FIRST ST @ ST. JOSEPH BLVD (0004058),4058,02 - Intersection related,03 - P.D. only,07 - SMV other,01 - Clear,01 - Daylight,01 - Dry,02 - Stop sign,01 - Functioning,1,0,0,0,,0,,,,,383643.802,5039063.349,45.48704032,-75.49135594,10501
16--6407,2016/06/11,9:30 PM,HIGHWAY 417 btwn HWY417 IC134 RAMP36 & HWY417 IC134 RAMP26 (__3ZA29C),__3ZA29C,01 - Non intersection,03 - P.D. only,07 - SMV other,01 - Clear,07 - Dark,01 - Dry,10 - No control,,1,0,0,0,,0,,,,,356436.528,5022301.018,45.33875642,-75.84114379,10502
16--6408,2016/06/11,9:47 AM,ST. JOSEPH BLVD btwn PRESTONE DR & TENTH LINE RD (__3ZA11U),__3ZA11U,01 - Non intersection,02 - Non-fatal injury,07 - SMV other,02 - Rain,01 - Daylight,02 - Wet,10 - No control,,1,0,1,0,03 - Major,1,,,1,,382623.3038,5038533.271,45.48238568,-75.50449313,10503
16--6409,2016/06/11,9:49 AM,BYRON AVE @ CHURCHILL AVE (0006651),6651,03 - At intersection,03 - P.D. only,05 - Turning movement,02 - Rain,01 - Daylight,02 - Wet,01 - Traffic signal,01 - Functioning,3,0,0,0,,0,,,,,363274.8882,5028180.602,45.39112362,-75.75320095,10504
16--641,2016/01/14,8:08 AM,JASMINE CRES S @ OGILVIE RD (0009282),9282,02 - Intersection related,03 - P.D. only,07 - SMV other,01 - Clear,01 - Daylight,01 - Dry,02 - Stop sign,01 - Functioning,1,0,0,0,,0,,,,,375353.8962,5033722.614,45.43987491,-75.59816073,10505
16--6410,2016/06/12,11:00 PM,HIGHWAY 417 btwn HWY417 IC142 RAMP16 & HWY417 IC142 RAMP61 (__3ZAZW4),__3ZAZW4,01 - Non intersection,02 - Non-fatal injury,03 - Rear end,01 - Clear,"08 - Dark, artificial",01 - Dry,10 - No control,,3,0,0,0,01 - Minimal,1,1,,,,349347.6764,5017637.033,45.29727451,-75.93200861,10506
16--6411,2016/06/12,11:35 AM,AYLMER AVE @ BANK ST (0007222),7222,03 - At intersection,02 - Non-fatal injury,07 - SMV other,02 - Rain,01 - Daylight,02 - Wet,01 - Traffic signal,01 - Functioning,1,0,0,1,02 - Minor,1,,1,,,368673.4851,5028729.089,45.39558716,-75.6841897,10507
16--6412,2016/06/12,2:00 AM,COMFREY CRES btwn CLUBMOSS AVE N & CLUBMOSS AVE S (__6K4P0M),__6K4P0M,04 - At/near private drive,03 - P.D. only,06 - SMV unattended vehicle,01 - Clear,07 - Dark,01 - Dry,10 - No control,,1,0,0,0,,0,,,,,386304.638,5035875.829,45.45805662,-75.45785034,10508
16--6413,2016/06/12,2:23 PM,INNES RD btwn PRESTWICK DR & TENTH LINE RD (__3ZA3Y7),__3ZA3Y7,01 - Non intersection,03 - P.D. only,03 - Rear end,01 - Clear,01 - Daylight,01 - Dry,10 - No control,,4,0,0,0,,0,,,,,383766.6419,5036083.574,45.46021717,-75.49026362,10509
16--6414,2016/06/12,3:22 AM,VISTAPARK DR btwn LAKERIDGE DR & BRANTHAVEN ST (__5Z1RNB),__5Z1RNB,01 - Non intersection,03 - P.D. only,07 - SMV other,01 - Clear,07 - Dark,01 - Dry,10 - No control,,1,0,0,0,,0,,,,,384949.0129,5034915.275,45.44957127,-75.47533761,10510
16--6415,2016/06/12,3:37 PM,PALLADIUM DR @ SILVER SEVEN RD (0011839),11839,02 - Intersection related,02 - Non-fatal injury,03 - Rear end,01 - Clear,01 - Daylight,01 - Dry,01 - Traffic signal,01 - Functioning,2,0,0,0,01 - Minimal,1,1,,,,351051.1485,5017887.676,45.29941979,-75.91026677,10511
16--6416,2016/06/12,3:45 PM,RITA AVE @ MERIVALE RD (0001750),1750,02 - Intersection related,03 - P.D. only,03 - Rear end,01 - Clear,01 - Daylight,01 - Dry,02 - Stop sign,01 - Functioning,2,0,0,0,,0,,,,,364612.7824,5024295.897,45.3560567,-75.7365863,10512
16--6417,2016/06/12,4:08 PM,CAHILL DR @ HUNT CLUB RD (0011394),11394,03 - At intersection,03 - P.D. only,02 - Angle,01 - Clear,01 - Daylight,01 - Dry,01 - Traffic signal,01 - Functioning,2,0,0,0,,0,,,,,372407.2755,5024541.82,45.35756121,-75.63707922,10513
16--6418,2016/06/12,5:45 PM,REGIONAL ROAD 174 btwn OR174 IC105 RAMP16 & OR174 IC105 RAMP26 (__3ZA1PU),__3ZA1PU,01 - Non intersection,03 - P.D. only,07 - SMV other,01 - Clear,01 - Daylight,01 - Dry,10 - No control,,1,0,0,0,,0,,,,,379216.3846,5036929.008,45.46832324,-75.54831087,10514
16--6419,2016/06/12,6:02 PM,RIDEAU ST btwn COBOURG ST & CHARLOTTE ST (__3ZA3XJ),__3ZA3XJ,01 - Non intersection,03 - P.D. only,04 - Sideswipe,01 - Clear,01 - Daylight,01 - Dry,10 - No control,,2,0,0,0,,0,,,,,369232.3471,5032848.995,45.43260539,-75.67651388,10515
16--642,2016/01/14,8:08 PM,LONGSHIRE CIRC btwn SLEAFORD GT & WILTSHIRE CIRC (__3ZA57S),__3ZA57S,01 - Non intersection,03 - P.D. only,06 - SMV unattended vehicle,03 - Snow,07 - Dark,05 - Packed snow,10 - No control,,1,0,0,0,,0,,,,,365573.0195,5016534.559,45.28613843,-75.72528393,10516
16--6420,2016/06/12,6:39 AM,HIGHWAY 417 btwn HWY 417 ANDERSON IC104R61 & HWY 417 BOUNDARY IC96R16 (__3ZA2W5),__3ZA2W5,01 - Non intersection,02 - Non-fatal injury,07 - SMV other,01 - Clear,01 - Daylight,01 - Dry,10 - No control,,1,0,0,0,01 - Minimal,3,3,,,,381528.0182,5025629.997,45.36641314,-75.52051169,10517
16--6421,2016/06/12,7:48 PM,BOTTRIELL WAY N @ CHARLEMAGNE BLVD (0004324),4324,03 - At intersection,02 - Non-fatal injury,07 - SMV other,01 - Clear,01 - Daylight,01 - Dry,01 - Traffic signal,01 - Functioning,1,0,0,1,03 - Major,1,,,1,,383695.7912,5037954.257,45.47705588,-75.49086913,10518
16--6422,2016/06/12,9:15 PM,DELAWARE AVE @ QUEEN ELIZABETH DRWY (0007128),7128,03 - At intersection,02 - Non-fatal injury,05 - Turning movement,01 - Clear,05 - Dusk,01 - Dry,02 - Stop sign,01 - Functioning,2,0,0,0,02 - Minor,1,,1,,,368805.4552,5031046.848,45.41642953,-75.68220344,10519
16--6423,2016/06/13,1:04 PM,CARLING AVE @ KIRKWOOD AVE N (0002358),2358,02 - Intersection related,03 - P.D. only,04 - Sideswipe,01 - Clear,01 - Daylight,01 - Dry,01 - Traffic signal,01 - Functioning,2,0,0,0,,0,,,,,364276.246,5027493.458,45.38485649,-75.74049627,10520
16--6424,2016/06/13,1:07 PM,LAURIER AVE @ NICHOLAS ST (0010711),10711,03 - At intersection,03 - P.D. only,03 - Rear end,01 - Clear,01 - Daylight,01 - Dry,01 - Traffic signal,01 - Functioning,2,0,0,0,,0,,,,,368373.6614,5031798.283,45.42323005,-75.68762294,10521
16--6425,2016/06/13,1:36 PM,CONROY RD @ HUNT CLUB RD (0002257),2257,02 - Intersection related,03 - P.D. only,04 - Sideswipe,01 - Clear,01 - Daylight,01 - Dry,01 - Traffic signal,01 - Functioning,2,0,0,0,,0,,,,,373763.5145,5025404.297,45.36518934,-75.61965024,10522
16--6426,2016/06/13,10:03 PM,CUMBERLAND ST @ RIDEAU ST (0007759),7759,03 - At intersection,03 - P.D. only,02 - Angle,01 - Clear,07 - Dark,01 - Dry,01 - Traffic signal,01 - Functioning,2,0,0,0,,0,,,,,368374.7365,5032330.65,45.42802,-75.68754049,10523
16--6427,2016/06/13,10:48 AM,ELGIN ST @ ISABELLA ST (0002608),2608,02 - Intersection related,03 - P.D. only,99 - Other,01 - Clear,01 - Daylight,01 - Dry,02 - Stop sign,01 - Functioning,2,0,0,0,,0,,,,,368614.9377,5030488.446,45.41142262,-75.68470973,10524
16--6428,2016/06/13,11:19 PM,EAGLESON RD btwn MICHAEL COWPLAND DR/STONEHAVEN DR & 240 N OF CADENCE  (__3ZA41IA),__3ZA41IA,01 - Non intersection,02 - Non-fatal injury,07 - SMV other,01 - Clear,07 - Dark,01 - Dry,10 - No control,,1,0,0,1,02 - Minor,1,,1,,,354419.7589,5016532.42,45.28699507,-75.86745285,10525
16--6429,2016/06/13,11:45 AM,WELLINGTON ST btwn COMMISSIONER ST & TO BE DETERMINED (__3ZA25M),__3ZA25M,01 - Non intersection,03 - P.D. only,06 - SMV unattended vehicle,01 - Clear,01 - Daylight,01 - Dry,10 - No control,,1,0,0,0,,0,,,,,366624.4501,5031124.371,45.41732317,-75.71005766,10526
16--643,2016/01/14,8:13 AM,MARCH RD btwn DUNROBIN RD & MURPHY CRT (__3ZA3DI),__3ZA3DI,01 - Non intersection,02 - Non-fatal injury,07 - SMV other,03 - Snow,01 - Daylight,04 - Slush,10 - No control,,1,0,0,0,02 - Minor,1,,1,,,347537.2503,5025947.679,45.37216856,-75.95437315,10527
16--6430,2016/06/13,12:00 PM,GENEST ST btwn LOYER ST & ST. CHARLES ST (__3ZA8V9),__3ZA8V9,01 - Non intersection,03 - P.D. only,06 - SMV unattended vehicle,01 - Clear,01 - Daylight,01 - Dry,10 - No control,,1,0,0,0,,0,,,,,369506.5015,5033551.452,45.4389005,-75.67291805,10528
16--6431,2016/06/13,12:10 PM,BANK ST btwn BLAIS RD & RIDEAU RD (__3ZA29L),__3ZA29L,01 - Non intersection,03 - P.D. only,03 - Rear end,01 - Clear,01 - Daylight,01 - Dry,10 - No control,,2,0,0,0,,0,,,,,376950.0188,5017854.65,45.29694035,-75.58007866,10529
16--6432,2016/06/13,12:31 PM,LEGGET DR @ TERRY FOX DR (0011817),11817,02 - Intersection related,03 - P.D. only,03 - Rear end,01 - Clear,01 - Daylight,01 - Dry,02 - Stop sign,01 - Functioning,2,0,0,0,,0,,,,,350177.2942,5023445.17,45.34948451,-75.92089913,10530
16--6433,2016/06/13,12:35 PM,FALLOWFIELD RD @ GREENBANK RD (0000549),549,03 - At intersection,03 - P.D. only,05 - Turning movement,01 - Clear,01 - Daylight,01 - Dry,01 - Traffic signal,01 - Functioning,2,0,0,0,,0,,,,,363081.8031,5016732.681,45.28813213,-75.75701519,10531
16--6434,2016/06/13,3:00 PM,WELLINGTON ST btwn OTTAWA RIVER PKWY & TO BE DETERMINED (__5VHJWJ),__5VHJWJ,01 - Non intersection,03 - P.D. only,04 - Sideswipe,01 - Clear,01 - Daylight,01 - Dry,10 - No control,,2,0,0,0,,0,,,,,366275.3462,5031015.025,45.41637006,-75.71453145,10532
16--6435,2016/06/13,3:20 PM,OTTAWA RIVER PKWY btwn VIMY PLACE PRIV & BOOTH ST (__5VHJ2QB),__5VHJ2QB,01 - Non intersection,03 - P.D. only,04 - Sideswipe,01 - Clear,01 - Daylight,01 - Dry,10 - No control,,2,0,0,0,,0,,,,,366250.2788,5030996.113,45.4162021,-75.71485406,10533
16--6436,2016/06/13,3:48 PM,CHURCHILL AVE   N btwn CARLING AVE & END (__3ZA0OP),__3ZA0OP,01 - Non intersection,03 - P.D. only,06 - SMV unattended vehicle,01 - Clear,01 - Daylight,01 - Dry,10 - No control,,1,0,0,0,,0,,,,,363784.7148,5026977.461,45.3802552,-75.74683416,10534
16--6437,2016/06/13,4:00 PM,HIGHWAY 417 btwn HWY417 IC124 RAMP67 & HWY417 IC123 RAMP62 (__3ZA2YZ),__3ZA2YZ,01 - Non intersection,02 - Non-fatal injury,03 - Rear end,01 - Clear,01 - Daylight,01 - Dry,10 - No control,,2,0,0,0,02 - Minor,1,,1,,,364785.9288,5028087.235,45.39015572,-75.7339161,10535
16--6438,2016/06/13,4:15 PM,HIGHWAY 417 btwn HWY417 IC117 RAMP26 & HWY417 IC117 RAMP61 (__3ZA2YM),__3ZA2YM,01 - Non intersection,03 - P.D. only,03 - Rear end,01 - Clear,01 - Daylight,01 - Dry,10 - No control,,2,0,0,0,,0,,,,,370824.5734,5031218.142,45.41778315,-75.65638502,10536
16--6439,2016/06/13,4:36 AM,PERTH ST btwn HUNTLEY RD & COCKBURN ST (__3ZA424),__3ZA424,01 - Non intersection,03 - P.D. only,07 - SMV other,01 - Clear,07 - Dark,01 - Dry,10 - No control,,1,0,0,0,,0,,,,,356899.5073,5006396.788,45.19561278,-75.83690516,10537
16--644,2016/01/14,8:15 AM,BANK ST @ BILLINGS TRANSIT (0008854),8854,02 - Intersection related,03 - P.D. only,03 - Rear end,03 - Snow,01 - Daylight,03 - Loose snow,01 - Traffic signal,01 - Functioning,2,0,0,0,,0,,,,,369446.5385,5027742.402,45.38663833,-75.67444633,10538
16--6440,2016/06/13,4:39 PM,CEDARVIEW RD @ WEST HUNT CLUB RD (0010267),10267,03 - At intersection,03 - P.D. only,02 - Angle,01 - Clear,01 - Daylight,01 - Dry,01 - Traffic signal,01 - Functioning,2,0,0,0,,0,,,,,359717.5055,5019552.915,45.31377974,-75.79958802,10539
16--6441,2016/06/13,4:44 PM,HIGHWAY 417 btwn HWY417 IC122 RAMP51 & HWY417 IC122 RAMP15 (__3ZA2R0),__3ZA2R0,01 - Non intersection,03 - P.D. only,03 - Rear end,01 - Clear,01 - Daylight,01 - Dry,10 - No control,,2,0,0,0,,0,,,,,365323.2948,5028869.158,45.39714506,-75.72695807,10540
16--6442,2016/06/13,4:50 PM,HIGHWAY 417 btwn HWY417 IC124 RAMP57 & HWY417 IC124 RAMP55 (__3ZA2Y1),__3ZA2Y1,01 - Non intersection,03 - P.D. only,03 - Rear end,01 - Clear,01 - Daylight,01 - Dry,10 - No control,,2,0,0,0,,0,,,,,364373.6516,5027434.629,45.38431888,-75.73925962,10541
16--6443,2016/06/13,5:00 PM,OTTAWA RIVER PKWY WB btwn TUNNEY'S PASTURE/REMIC RAPIDS ENT & PARKDALE (__3ZA24KA),__3ZA24KA,01 - Non intersection,03 - P.D. only,04 - Sideswipe,01 - Clear,01 - Daylight,01 - Dry,10 - No control,,2,0,0,0,,0,,,,,363567.13,5029868.372,45.40628541,-75.74926789,10542
16--6444,2016/06/13,5:15 AM,CONSTANCE BAY RD btwn TO BE DETERMINED & WILLAND LANE (__3ZA4GW),__3ZA4GW,01 - Non intersection,03 - P.D. only,07 - SMV other,01 - Clear,03 - Dawn,01 - Dry,10 - No control,,1,0,0,0,,0,,,,,337368.783,5037837.127,45.47969991,-76.08340388,10543
16--6445,2016/06/13,6:43 PM,MERIVALE RD @ WEST HUNT CLUB RD (0000584),584,02 - Intersection related,03 - P.D. only,03 - Rear end,01 - Clear,01 - Daylight,01 - Dry,01 - Traffic signal,01 - Functioning,2,0,0,0,,0,,,,,365613.8671,5021942.498,45.33479505,-75.72409958,10544
16--6446,2016/06/13,6:56 PM,O'CONNOR ST btwn MCLEOD ST & ARGYLE AVE (__3ZBOE5),__3ZBOE5,01 - Non intersection,03 - P.D. only,03 - Rear end,01 - Clear,01 - Daylight,01 - Dry,10 - No control,,2,0,0,0,,0,,,,,368125.1505,5030579.27,45.41228432,-75.69095488,10545
16--6447,2016/06/13,6:57 PM,ABERFOYLE CIRC btwn Continuation of ABERFOYLE CIRC & Continuation of A (__54YR7U),__54YR7U,04 - At/near private drive,03 - P.D. only,06 - SMV unattended vehicle,01 - Clear,01 - Daylight,01 - Dry,10 - No control,,1,0,0,0,,0,,,,,350433.3179,5023961.779,45.35411646,-75.91758427,10546
16--6448,2016/06/13,7:00 AM,WEATHERWOOD CRES btwn AMBERWOOD CRES & AMBERWOOD CRES (__3ZA544),__3ZA544,01 - Non intersection,03 - P.D. only,06 - SMV unattended vehicle,01 - Clear,01 - Daylight,01 - Dry,10 - No control,,1,0,0,0,,0,,,,,366419.6107,5020385.127,45.32071175,-75.71401421,10547
16--6449,2016/06/13,7:53 PM,BEARBROOK RD @ WESTPARK DR S (0012411),12411,02 - Intersection related,02 - Non-fatal injury,03 - Rear end,01 - Clear,01 - Daylight,01 - Dry,02 - Stop sign,01 - Functioning,2,0,0,0,01 - Minimal,3,3,,,,377735.1066,5033568.388,45.43824293,-75.56775029,10548
16--645,2016/01/14,8:22 AM,GREENBANK RD @ IRIS ST/HWY 417 IC129 RAMP51 (0009073),9073,02 - Intersection related,03 - P.D. only,04 - Sideswipe,03 - Snow,01 - Daylight,03 - Loose snow,01 - Traffic signal,01 - Functioning,2,0,0,0,,0,,,,,360529.8081,5023314.37,45.34756135,-75.78880532,10549
16--6450,2016/06/13,8:00 AM,INNES RD btwn ANDERSON RD & INNES RD (__3ZA3J2),__3ZA3J2,01 - Non intersection,03 - P.D. only,03 - Rear end,01 - Clear,01 - Daylight,01 - Dry,10 - No control,,2,0,1,0,,0,,,,,376540.4931,5031993.988,45.42420104,-75.58324712,10550
16--6451,2016/06/13,8:08 AM,CARP RD @ RICHARDSON SIDE RD (0005759),5759,03 - At intersection,03 - P.D. only,05 - Turning movement,01 - Clear,01 - Daylight,01 - Dry,01 - Traffic signal,01 - Functioning,2,0,0,0,,0,,,,,346209.7812,5017160.231,45.29317602,-75.97205542,10551
16--6452,2016/06/13,8:40 PM,HIGHWAY 417 btwn HWY417 IC155 RAMP35 & HWY417 IC155 RAMP25 (__3ZAZNU),__3ZAZNU,01 - Non intersection,03 - P.D. only,07 - SMV other,01 - Clear,05 - Dusk,01 - Dry,10 - No control,,1,0,0,0,,0,,,,,339548.9971,5019308.604,45.31286906,-76.05682218,10552
16--6453,2016/06/13,8:43 PM,LEMIEUX ST @ ST. LAURENT BLVD (0002021),2021,03 - At intersection,03 - P.D. only,02 - Angle,01 - Clear,05 - Dusk,01 - Dry,01 - Traffic signal,01 - Functioning,2,0,0,0,,0,,,,,372391.7593,5031742.507,45.42235151,-75.63629096,10553
16--6454,2016/06/13,9:09 AM,WOODROFFE AVE NB btwn TO BE DETERMINED & WEST HUNT CLUB RD (__3ZA248),__3ZA248,01 - Non intersection,02 - Non-fatal injury,04 - Sideswipe,01 - Clear,01 - Daylight,01 - Dry,10 - No control,,2,0,0,0,01 - Minimal,1,1,,,,363663.7012,5021287.301,45.32906594,-75.74905672,10554