Anom_ID,Accident_Date,Accident_Time,Location,Geo_ID,Accident_Location,Classification_of_Accident,Initial_Impact_Type,Environment_Condition,Light,Road_Surface_Condition,Traffic_Control,Traffic_Control_Condition,No__of_Vehicles,No__of_Bicycles,No__of_Motorcycles,No__of_Pedestrians,Max_Injury,No__of_Injuries,No__of_Minimal,No__of_Minor,No__of_Major,No__of_Fatal,X,Y,Latitude,Longitude,ObjectId
16--6455,2016/06/13,9:45 PM,HIGHWAY 417 btwn HWY417 IC155 RAMP61 & HWY417 IC145 RAMP56 (__3ZA2Q2),__3ZA2Q2,01 - Non intersection,03 - P.D. only,07 - SMV other,01 - Clear,07 - Dark,01 - Dry,10 - No control,,1,0,0,0,,0,,,,,344367.1708,5015439.391,45.27779734,-75.99568365,10555
16--6456,2016/06/14,1:00 PM,ISABELLA ST btwn METCALFE ST & ELGIN ST (__3ZA258),__3ZA258,01 - Non intersection,03 - P.D. only,04 - Sideswipe,01 - Clear,01 - Daylight,01 - Dry,10 - No control,,2,0,0,0,,0,,,,,368599.9313,5030482.191,45.41136771,-75.68490224,10556
16--6457,2016/06/14,1:03 PM,VANIER PKWY SB btwn MONTREAL RD & MCARTHUR AVE (__3ZA4SR),__3ZA4SR,01 - Non intersection,02 - Non-fatal injury,03 - Rear end,01 - Clear,01 - Daylight,01 - Dry,10 - No control,,2,0,0,0,02 - Minor,1,,1,,,370187.3634,5032788.669,45.43197396,-75.66431748,10557
16--6458,2016/06/14,1:30 PM,WELLINGTON ST    W btwn HINTON AVE N & HAMILTON AVE N (__3ZA4QV),__3ZA4QV,01 - Non intersection,03 - P.D. only,06 - SMV unattended vehicle,02 - Rain,01 - Daylight,02 - Wet,10 - No control,,1,0,0,0,,0,,,,,365057.3658,5029221.976,45.40034258,-75.73031127,10558
16--6459,2016/06/14,1:48 PM,BANK ST @ WALKLEY RD (0011423),11423,02 - Intersection related,02 - Non-fatal injury,02 - Angle,01 - Clear,01 - Daylight,01 - Dry,01 - Traffic signal,01 - Functioning,2,0,0,0,02 - Minor,2,,2,,,370338.5284,5025947.509,45.37040559,-75.66329483,10559
16--646,2016/01/14,8:30 AM,MARCH RD @ SECOND LINE RD (0008850),8850,02 - Intersection related,03 - P.D. only,03 - Rear end,03 - Snow,01 - Daylight,03 - Loose snow,01 - Traffic signal,01 - Functioning,2,0,0,0,,0,,,,,346102.8391,5025328.651,45.36668439,-75.97273725,10560
16--6732,2016/06/21,12:23 PM,WOODROFFE AVE @ SPORTSPLEX S (0010592),10592,03 - At intersection,03 - P.D. only,05 - Turning movement,01 - Clear,01 - Daylight,01 - Dry,01 - Traffic signal,01 - Functioning,2,0,0,0,,0,,,,,363832.1328,5020900.138,45.32556813,-75.74695433,10561
16--6472,2016/06/14,3:51 PM,JOCKVALE RD/RIDEAU VALLEY DR @ PRINCE OF WALES (0004638),4638,03 - At intersection,03 - P.D. only,05 - Turning movement,01 - Clear,01 - Daylight,01 - Dry,01 - Traffic signal,01 - Functioning,2,0,0,0,,0,,,,,366708.9729,5012195.879,45.24700007,-75.7113453,10562
16--7197,2016/07/03,6:41 PM,HERON RD @ JEFFERSON ST (0007192),7192,03 - At intersection,03 - P.D. only,02 - Angle,01 - Clear,01 - Daylight,01 - Dry,01 - Traffic signal,01 - Functioning,2,0,0,0,,0,,,,,371808.0489,5027052.767,45.38021132,-75.64438614,10563
16--6836,2016/06/23,3:44 PM,BANK ST @ HUNT CLUB RD (0002119),2119,02 - Intersection related,02 - Non-fatal injury,02 - Angle,01 - Clear,01 - Daylight,01 - Dry,01 - Traffic signal,01 - Functioning,3,0,0,0,02 - Minor,2,,2,,,371608.956,5024096.726,45.35363292,-75.64732776,10564
16--7100,2016/06/30,12:57 PM,HIGHWAY 417 btwn HWY417 IC115 RAMP25 & REGIONAL ROAD 174 (__3ZA2RY),__3ZA2RY,01 - Non intersection,03 - P.D. only,04 - Sideswipe,01 - Clear,01 - Daylight,01 - Dry,10 - No control,,2,0,0,0,,0,,,,,373277.7876,5031703.492,45.4219143,-75.62497575,10565
16--6473,2016/06/14,4:36 PM,PARKDALE AVE btwn TO BE DETERMINED & EMMERSON AVE (__3ZA32A),__3ZA32A,01 - Non intersection,03 - P.D. only,03 - Rear end,01 - Clear,01 - Daylight,01 - Dry,10 - No control,,3,0,0,0,,0,,,,,364706.8626,5030289.13,45.40997468,-75.73465832,10566
16--7198,2016/07/03,7:13 AM,INNES RD btwn TRIM RD & VALIN ST (__5QEFH3),__5QEFH3,01 - Non intersection,03 - P.D. only,07 - SMV other,01 - Clear,01 - Daylight,01 - Dry,10 - No control,,1,0,0,0,,0,,,,,386588.2035,5037282.208,45.47067666,-75.45399117,10567
16--6837,2016/06/23,4:00 PM,HIGHWAY 417 btwn HWY417 IC126 RAMP16 & HWY417 IC126 RAMP61 (__3ZA2RC),__3ZA2RC,01 - Non intersection,02 - Non-fatal injury,03 - Rear end,01 - Clear,01 - Daylight,01 - Dry,10 - No control,,3,0,0,0,01 - Minimal,2,2,,,,363177.6905,5025885.137,45.37047745,-75.75471361,10568
16--6838,2016/06/23,4:09 PM,MOODIE DR @ ROBERTSON RD (0010545),10545,02 - Intersection related,03 - P.D. only,03 - Rear end,01 - Clear,01 - Daylight,01 - Dry,01 - Traffic signal,01 - Functioning,2,0,0,0,,0,,,,,357067.3285,5020456.606,45.32211352,-75.83329038,10569
16--6839,2016/06/23,4:18 PM,BANK ST @ BANK ST (0012459),12459,03 - At intersection,03 - P.D. only,02 - Angle,01 - Clear,01 - Daylight,01 - Dry,10 - No control,,2,0,0,0,,0,,,,,371876.2757,5024122.99,45.35384372,-75.64391282,10570
16--684,2016/01/15,6:01 PM,ST. JOSEPH BLVD @ JEANNE D'ARC BLVD (0012421),12421,03 - At intersection,03 - P.D. only,04 - Sideswipe,01 - Clear,07 - Dark,01 - Dry,11 - Roundabout,01 - Functioning,2,0,0,0,,0,,,,,379860.7425,5036471.351,45.46413665,-75.54014142,10571
16--6840,2016/06/23,4:28 PM,RIDEAU ST btwn AUGUSTA ST & COBOURG ST (__3ZA3W7),__3ZA3W7,04 - At/near private drive,03 - P.D. only,05 - Turning movement,01 - Clear,01 - Daylight,01 - Dry,10 - No control,,2,0,0,0,,0,,,,,369118.7851,5032782.164,45.43201453,-75.67797385,10572
16--6841,2016/06/23,4:28 PM,BANTREE ST @ INNES RD (0007684),7684,03 - At intersection,03 - P.D. only,05 - Turning movement,01 - Clear,01 - Daylight,01 - Dry,01 - Traffic signal,01 - Functioning,2,0,0,0,,0,,,,,373705.8628,5030406.498,45.41020256,-75.61968771,10573
16--6842,2016/06/23,5:10 PM,CAMBRIAN RD @ CEDARVIEW RD (0001571),1571,02 - Intersection related,02 - Non-fatal injury,03 - Rear end,01 - Clear,01 - Daylight,01 - Dry,02 - Stop sign,01 - Functioning,2,0,0,0,01 - Minimal,1,1,,,,363002.0128,5011834.183,45.24406181,-75.75860629,10574
16--6843,2016/06/23,5:14 PM,CRESTWAY DR @ STRANDHERD DR (0010538),10538,02 - Intersection related,03 - P.D. only,03 - Rear end,01 - Clear,01 - Daylight,01 - Dry,01 - Traffic signal,01 - Functioning,2,0,0,0,,0,,,,,366347.2934,5015470.352,45.2764954,-75.71554662,10575
16--6844,2016/06/23,5:35 PM,EARL ARMSTRONG RD @ LIMEBANK RD (0004456),4456,02 - Intersection related,03 - P.D. only,03 - Rear end,01 - Clear,01 - Daylight,01 - Dry,01 - Traffic signal,01 - Functioning,2,0,0,0,,0,,,,,370154.6232,5015960.67,45.28056361,-75.66696059,10576
16--6845,2016/06/23,5:52 PM,MOODIE DR @ ROBERTSON RD (0010545),10545,02 - Intersection related,03 - P.D. only,03 - Rear end,01 - Clear,01 - Daylight,01 - Dry,01 - Traffic signal,01 - Functioning,3,0,0,0,,0,,,,,357066.8794,5020454.569,45.32209522,-75.83329633,10577
16--6846,2016/06/23,6:01 PM,JEANNE D'ARC BLVD  N btwn MILLWOOD CRT & BILBERRY DR (__3ZA6BX),__3ZA6BX,04 - At/near private drive,03 - P.D. only,05 - Turning movement,01 - Clear,01 - Daylight,01 - Dry,10 - No control,,2,0,0,0,,0,,,,,380193.6455,5038176.978,45.47944667,-75.53562323,10578
16--6847,2016/06/23,6:05 AM,SHEFFIELD RD @ WALKLEY RD (0005156),5156,02 - Intersection related,03 - P.D. only,03 - Rear end,01 - Clear,01 - Daylight,01 - Dry,01 - Traffic signal,01 - Functioning,2,0,0,0,,0,,,,,375256.0788,5028784.953,45.3954584,-75.6001169,10579
16--6848,2016/06/23,6:08 PM,INDUSTRIAL AVE @ RIVERSIDE DR (0011905),11905,02 - Intersection related,03 - P.D. only,04 - Sideswipe,01 - Clear,01 - Daylight,01 - Dry,01 - Traffic signal,01 - Functioning,2,0,0,0,,0,,,,,370685.3772,5030592.773,45.41216946,-75.65824698,10580
16--6849,2016/06/23,6:35 PM,INNES RD btwn O'TOOLE RD & DUNNING RD (__3ZBN92),__3ZBN92,01 - Non intersection,03 - P.D. only,07 - SMV other,01 - Clear,01 - Daylight,01 - Dry,10 - No control,,1,0,0,0,,0,,,,,391464.5854,5039278.051,45.48804475,-75.39128523,10581
16--685,2016/01/15,6:15 PM,OTTAWA RIVER PKWY @ REMIC RAPIDS ENT/TUNNEY'S  (0011322),11322,03 - At intersection,03 - P.D. only,05 - Turning movement,03 - Snow,07 - Dark,01 - Dry,01 - Traffic signal,01 - Functioning,2,0,0,0,,0,,,,,364262.4928,5030245.489,45.4096199,-75.74034014,10582
16--6850,2016/06/23,6:45 AM,REGIONAL RD 174 @ EAST ST/PETER HARKNESS LANE (0012390),12390,02 - Intersection related,02 - Non-fatal injury,03 - Rear end,01 - Clear,01 - Daylight,01 - Dry,02 - Stop sign,01 - Functioning,3,0,0,0,01 - Minimal,2,2,,,,390420.1464,5042704.498,45.51900065,-75.4040464,10583
16--6851,2016/06/23,6:45 AM,PINECREST RD @ RICHMOND RD (0002353),2353,02 - Intersection related,03 - P.D. only,03 - Rear end,01 - Clear,01 - Daylight,01 - Dry,01 - Traffic signal,01 - Functioning,2,0,0,0,,0,,,,,360072.0119,5024471.732,45.3580115,-75.79451765,10584
16--6852,2016/06/23,7:46 PM,LYON ST @ SOMERSET ST (0010860),10860,03 - At intersection,03 - P.D. only,02 - Angle,01 - Clear,01 - Daylight,01 - Dry,01 - Traffic signal,01 - Functioning,2,0,0,0,,0,,,,,367366.4205,5030716.033,45.41358312,-75.70063013,10585
16--6853,2016/06/23,8:05 AM,HIGHWAY 417 btwn HWY417 IC127 RAMP35 & HWY417 IC127 RAMP25 (__3ZA2RE),__3ZA2RE,01 - Non intersection,03 - P.D. only,03 - Rear end,01 - Clear,01 - Daylight,01 - Dry,10 - No control,,2,0,0,0,,0,,,,,362123.2129,5024827.462,45.36104763,-75.76829733,10586
16--6854,2016/06/23,8:08 PM,FERNBANK RD @ ROBERT GRANT AVE (0014442),14442,02 - Intersection related,03 - P.D. only,04 - Sideswipe,01 - Clear,01 - Daylight,01 - Dry,01 - Traffic signal,01 - Functioning,2,0,0,0,,0,,,,,353047.2325,5014005.364,45.26435149,-75.88519424,10587
16--6855,2016/06/23,8:24 PM,ALBION RD @ GOTH AVE (0009555),9555,02 - Intersection related,03 - P.D. only,03 - Rear end,01 - Clear,01 - Daylight,01 - Dry,02 - Stop sign,01 - Functioning,2,0,0,0,,0,,,,,372332.5137,5023197.6,45.34547359,-75.63821693,10588
16--6856,2016/06/23,8:25 AM,RIVERSIDE DR NB btwn HWY417 IC117 RAMP25 & VANIER PKWY (__3ZA4SG),__3ZA4SG,01 - Non intersection,03 - P.D. only,04 - Sideswipe,01 - Clear,01 - Daylight,01 - Dry,10 - No control,,2,0,0,0,,0,,,,,370819.7976,5031039.571,45.4161769,-75.65646996,10589
16--6857,2016/06/23,8:37 AM,FIELDING DR @ MCCARTHY RD (0007057),7057,02 - Intersection related,03 - P.D. only,02 - Angle,01 - Clear,01 - Daylight,01 - Dry,01 - Traffic signal,01 - Functioning,2,1,0,0,,0,,,,,369366.0611,5025039.737,45.36232798,-75.67582727,10590
16--6858,2016/06/23,8:39 AM,QUEEN ELIZABETH DRWY @ WAVERLEY ST (0007134),7134,02 - Intersection related,03 - P.D. only,03 - Rear end,01 - Clear,01 - Daylight,01 - Dry,02 - Stop sign,01 - Functioning,2,0,0,0,,0,,,,,368874.9801,5031264.633,45.41838272,-75.68128689,10591
16--6859,2016/06/23,8:46 AM,MONTREAL RD @ THOMSON ST (0007749),7749,02 - Intersection related,02 - Non-fatal injury,05 - Turning movement,01 - Clear,01 - Daylight,01 - Dry,02 - Stop sign,01 - Functioning,2,1,0,0,01 - Minimal,1,1,,,,372043.0298,5034057.133,45.44321102,-75.64043052,10592
16--686,2016/01/15,6:19 PM,HWY416 IC49 RAMP43 btwn ROGER STEVENS DR & HIGHWAY 416 (__3ZAY65),__3ZAY65,01 - Non intersection,03 - P.D. only,07 - SMV other,01 - Clear,07 - Dark,06 - Ice,10 - No control,,1,0,0,0,,0,,,,,369050.1592,5000982.103,45.14588872,-75.68296935,10593
16--6860,2016/06/23,9:00 AM,HIGHWAY 417 btwn HWY417 IC117 RAMP61 & HWY417 IC115 RAMP36 (__3ZA2RZ),__3ZA2RZ,01 - Non intersection,03 - P.D. only,04 - Sideswipe,01 - Clear,01 - Daylight,01 - Dry,10 - No control,,2,0,0,0,,0,,,,,371555.5672,5031420.429,45.41953388,-75.64701853,10594
16--6861,2016/06/23,9:35 PM,ELLIOT AVE @ MAIN ST (0011330),11330,02 - Intersection related,03 - P.D. only,02 - Angle,01 - Clear,07 - Dark,01 - Dry,02 - Stop sign,01 - Functioning,2,0,0,0,,0,,,,,369449.0245,5029492.766,45.40238729,-75.67418522,10595
16--6862,2016/06/24,1:42 AM,TENTH LINE RD btwn WALL RD & NAVAN RD (__3ZBOGQ),__3ZBOGQ,01 - Non intersection,03 - P.D. only,07 - SMV other,01 - Clear,07 - Dark,01 - Dry,10 - No control,,1,0,0,0,,0,,,,,385567.4472,5032297.385,45.42594674,-75.46786208,10596
16--6863,2016/06/24,1:42 PM,BOOTH ST @ SIR JOHN A. MACDONALD PKWY/WELLINGTON ST (0012252),12252,02 - Intersection related,03 - P.D. only,04 - Sideswipe,01 - Clear,01 - Daylight,01 - Dry,01 - Traffic signal,01 - Functioning,2,0,0,0,,0,,,,,366264.1736,5031006.856,45.41629754,-75.7146752,10597
16--6864,2016/06/24,10:08 PM,HIGHWAY 7 btwn UPPER DWYER HILL RD & HIGHWAY 7 (__7JQ7LM),__7JQ7LM,01 - Non intersection,03 - P.D. only,07 - SMV other,01 - Clear,07 - Dark,01 - Dry,10 - No control,,1,0,0,0,,0,,,,,341013.0095,5007219.775,45.20401345,-76.03903226,10598
16--6865,2016/06/24,10:10 PM,GREENBANK RD @ WEST HUNT CLUB RD (0005167),5167,02 - Intersection related,03 - P.D. only,03 - Rear end,01 - Clear,07 - Dark,01 - Dry,01 - Traffic signal,01 - Functioning,2,0,0,0,,0,,,,,361479.4575,5020502.699,45.32218589,-75.77700937,10599
16--6866,2016/06/24,10:30 AM,STRANDHERD DR btwn ANDORA AVE & JOCKVALE RD (__3ZAZMN),__3ZAZMN,01 - Non intersection,03 - P.D. only,05 - Turning movement,01 - Clear,01 - Daylight,01 - Dry,10 - No control,,2,0,0,0,,0,,,,,363390.9351,5014470.564,45.26775185,-75.75334167,10600
16--6867,2016/06/24,10:38 PM,WOODROFFE AVE @ QUEENSBURY DR/RIDEAUCREST DR (0000043),43,03 - At intersection,02 - Non-fatal injury,07 - SMV other,01 - Clear,07 - Dark,01 - Dry,01 - Traffic signal,01 - Functioning,1,0,0,1,03 - Major,1,,,1,,365728.0921,5016327.665,45.28426339,-75.72333269,10601
16--6868,2016/06/24,11:03 PM,FALLOWFIELD RD @ WOODROFFE AVE (0010372),10372,02 - Intersection related,03 - P.D. only,03 - Rear end,01 - Clear,07 - Dark,01 - Dry,01 - Traffic signal,01 - Functioning,2,0,0,0,,0,,,,,365085.3695,5017902.97,45.29849333,-75.73133346,10602
16--6869,2016/06/24,11:16 PM,OLMSTEAD ST btwn DESCHAMPS AVE & MONTREAL RD (__3ZBOW3),__3ZBOW3,01 - Non intersection,02 - Non-fatal injury,07 - SMV other,01 - Clear,07 - Dark,01 - Dry,10 - No control,,1,0,0,1,03 - Major,1,,,1,,370305.4303,5033213.361,45.43578411,-75.66275218,10603
16--687,2016/01/15,6:30 PM,BLAIR RD @ REGIONAL RD 174 S/OR174 IC112 RAMP15 (0012435),12435,03 - At intersection,03 - P.D. only,05 - Turning movement,01 - Clear,07 - Dark,02 - Wet,01 - Traffic signal,01 - Functioning,2,0,0,0,,0,,,,,374906.8098,5032660.767,45.43036598,-75.60402602,10604
16--6870,2016/06/24,11:35 AM,HUNT CLUB RD @ RIVERSIDE DR (0002237),2237,02 - Intersection related,03 - P.D. only,04 - Sideswipe,01 - Clear,01 - Daylight,01 - Dry,01 - Traffic signal,01 - Functioning,2,0,0,0,,0,,,,,368036.1864,5021946.318,45.3346153,-75.69319668,10605
16--6871,2016/06/24,12:21 PM,DONALD ST @ ST. LAURENT BLVD (0008630),8630,02 - Intersection related,03 - P.D. only,03 - Rear end,01 - Clear,01 - Daylight,01 - Dry,01 - Traffic signal,01 - Functioning,2,0,0,0,,0,,,,,372092.5855,5032472.81,45.42895128,-75.64001369,10606
16--6872,2016/06/24,12:25 PM,BESSERER ST @ NICHOLAS ST (0007614),7614,02 - Intersection related,03 - P.D. only,04 - Sideswipe,01 - Clear,01 - Daylight,01 - Dry,01 - Traffic signal,01 - Functioning,2,0,0,0,,0,,,,,368185.0325,5032111.805,45.42606813,-75.68999275,10607
16--6873,2016/06/24,12:34 PM,GILMOUR ST @ O'CONNOR ST (0007286),7286,03 - At intersection,03 - P.D. only,05 - Turning movement,01 - Clear,01 - Daylight,01 - Dry,01 - Traffic signal,01 - Functioning,2,0,0,0,,0,,,,,367943.035,5030867.443,45.41489366,-75.69324444,10608
16--6874,2016/06/24,12:43 PM,MORRISON DR @ BASELINE RD (0002570),2570,02 - Intersection related,03 - P.D. only,03 - Rear end,01 - Clear,01 - Daylight,01 - Dry,01 - Traffic signal,01 - Functioning,2,0,0,0,,0,,,,,360100.5857,5022309.264,45.33855138,-75.79439477,10609
16--6875,2016/06/24,2:00 PM,HIGHWAY 417 btwn HWY417 IC124 RAMP65 & HWY417 IC122 RAMP51 (__3ZA2R8),__3ZA2R8,01 - Non intersection,03 - P.D. only,03 - Rear end,01 - Clear,01 - Daylight,01 - Dry,10 - No control,,2,0,0,0,,0,,,,,365138.5857,5028683.805,45.39549324,-75.72933975,10610
16--6876,2016/06/24,2:14 PM,VANIER PKWY NB btwn BEECHWOOD AVE/ ST. PATRICK ST/CRICHTON ST & DESCHA (__3ZA4SV),__3ZA4SV,01 - Non intersection,03 - P.D. only,04 - Sideswipe,01 - Clear,01 - Daylight,01 - Dry,10 - No control,,2,0,0,0,,0,,,,,369675.3548,5033355.305,45.43712001,-75.67078584,10611
16--6877,2016/06/24,2:18 PM,240 S OF CHARLEMAGNE BLVD/DES EPINETTES AVE @ TENTH LINE RD (0014362),14362,03 - At intersection,03 - P.D. only,02 - Angle,01 - Clear,01 - Daylight,01 - Dry,01 - Traffic signal,01 - Functioning,2,0,0,0,,0,,,,,383736.1826,5036677.455,45.46556382,-75.49055768,10612
16--6878,2016/06/24,2:20 PM,FALLOWFIELD RD @ LARKIN DR (0000555),555,02 - Intersection related,03 - P.D. only,03 - Rear end,01 - Clear,01 - Daylight,01 - Dry,01 - Traffic signal,01 - Functioning,2,0,0,0,,0,,,,,361720.5685,5015913.217,45.28087011,-75.77446099,10613
16--6879,2016/06/24,2:30 PM,HIGHWAY 417 btwn HWY417 IC126 RAMP61 & HWY417 IC124 RAMP76 (__3ZA2Y2),__3ZA2Y2,01 - Non intersection,03 - P.D. only,03 - Rear end,01 - Clear,01 - Daylight,01 - Dry,10 - No control,,2,0,0,0,,0,,,,,363669.7662,5026530.519,45.37624335,-75.74835508,10614
16--688,2016/01/15,6:31 PM,INNES RD btwn PRESTWICK DR & TENTH LINE RD (__3ZA3Y7),__3ZA3Y7,01 - Non intersection,03 - P.D. only,03 - Rear end,01 - Clear,07 - Dark,02 - Wet,10 - No control,,2,0,0,0,,0,,,,,383849.6965,5036117.91,45.46051671,-75.48919626,10615
16--6880,2016/06/24,3:15 PM,HIGHWAY 417 btwn HWY417 IC115 RAMP35 & HIGHWAY 417 (__3ZA2US),__3ZA2US,01 - Non intersection,03 - P.D. only,04 - Sideswipe,01 - Clear,01 - Daylight,01 - Dry,10 - No control,,2,0,0,0,,0,,,,,372496.1218,5031505.585,45.4202097,-75.63499009,10616
16--6881,2016/06/24,3:20 PM,HIGHWAY 417 btwn HWY417 IC122 RAMP61 & HWY417 IC121B RAMP16 (__3ZA2Y4),__3ZA2Y4,01 - Non intersection,03 - P.D. only,03 - Rear end,01 - Clear,01 - Daylight,01 - Dry,10 - No control,,2,0,0,0,,0,,,,,366068.5586,5029343.019,45.40134393,-75.71738111,10617
16--6882,2016/06/24,3:28 PM,DALY AVE btwn COURT HOUSE LANE & WALLER ST (__3ZAZBH),__3ZAZBH,01 - Non intersection,03 - P.D. only,01 - Approaching,01 - Clear,01 - Daylight,01 - Dry,10 - No control,,2,0,0,0,,0,,,,,368316.8618,5032105.449,45.42599898,-75.68830907,10618
16--6883,2016/06/24,3:38 PM,DRIVEWAY (THE) @ PRINCE OF WALES DR (0002128),2128,03 - At intersection,03 - P.D. only,03 - Rear end,01 - Clear,01 - Daylight,01 - Dry,11 - Roundabout,01 - Functioning,2,0,0,0,,0,,,,,366883.978,5028137.28,45.39042317,-75.70711803,10619
16--6884,2016/06/24,3:55 PM,ST. JOSEPH BLVD/OLD MONTREAL RD @ TRIM RD (0004118),4118,03 - At intersection,03 - P.D. only,04 - Sideswipe,01 - Clear,01 - Daylight,01 - Dry,11 - Roundabout,00 - Unknown,2,0,0,0,,0,,,,,384683.5529,5039284.783,45.48891435,-75.47802056,10620
16--6885,2016/06/24,4:23 PM,SMYTH RD @ RIVERSIDE HOSPITAL (0009069),9069,03 - At intersection,03 - P.D. only,05 - Turning movement,01 - Clear,01 - Daylight,01 - Dry,01 - Traffic signal,01 - Functioning,2,0,0,0,,0,,,,,369987.4014,5029121.443,45.39899634,-75.6673579,10621
16--6886,2016/06/24,4:30 PM,HIGHWAY 417 btwn HWY417 IC123 RAMP62 & HWY417 IC122 RAMP16 (__3ZA2R9),__3ZA2R9,01 - Non intersection,03 - P.D. only,03 - Rear end,01 - Clear,01 - Daylight,01 - Dry,10 - No control,,2,0,0,0,,0,,,,,365128.0879,5028705.501,45.39568936,-75.72947116,10622
16--6887,2016/06/24,4:32 PM,IONA ST @ ISLAND PARK DR (0006683),6683,03 - At intersection,03 - P.D. only,02 - Angle,01 - Clear,01 - Daylight,01 - Dry,01 - Traffic signal,01 - Functioning,2,0,0,0,,0,,,,,364348.577,5028384.874,45.39287114,-75.73946513,10623
16--6888,2016/06/24,4:44 PM,CALDWELL AVE @ MEDFORD ST (0003327),3327,03 - At intersection,02 - Non-fatal injury,02 - Angle,01 - Clear,01 - Daylight,01 - Dry,02 - Stop sign,01 - Functioning,2,1,0,0,03 - Major,2,,1,1,,364699.7848,5026134.303,45.37259096,-75.7352531,10624
16--6889,2016/06/24,5:24 PM,GREENBANK RD @ BERRIGAN DR/WESSEX RD (0004726),4726,02 - Intersection related,03 - P.D. only,03 - Rear end,01 - Clear,01 - Daylight,01 - Dry,01 - Traffic signal,01 - Functioning,2,0,0,0,,0,,,,,363724.3403,5015275.766,45.27496922,-75.74899771,10625
16--689,2016/01/15,6:42 AM,HUNTSMAN CRES btwn RIDING WAY & BLACKSMITH PL (__3ZABGS),__3ZABGS,04 - At/near private drive,03 - P.D. only,06 - SMV unattended vehicle,01 - Clear,07 - Dark,03 - Loose snow,10 - No control,,1,0,0,0,,0,,,,,354834.0682,5015667.394,45.279182,-75.86225883,10626
16--6890,2016/06/24,5:45 PM,HIGHWAY 417 btwn HWY417 IC119B RAMP76 & HWY417 IC119A RAMP67 (__3ZA2YT),__3ZA2YT,01 - Non intersection,03 - P.D. only,04 - Sideswipe,01 - Clear,01 - Daylight,01 - Dry,10 - No control,,2,0,0,0,,0,,,,,368277.4511,5030348.971,45.41019836,-75.68903893,10627
16--6891,2016/06/24,5:54 PM,HIGHWAY 417 btwn HWY417 IC129 RAMP51 & HWY417 IC129 RAMP35 (__3ZA2X9),__3ZA2X9,01 - Non intersection,03 - P.D. only,04 - Sideswipe,01 - Clear,01 - Daylight,01 - Dry,10 - No control,,2,0,0,0,,0,,,,,360418.8676,5023496.6,45.34920986,-75.79020048,10628
16--6892,2016/06/24,6:08 PM,HUNT CLUB RD @ HWY417 HUNT CLUB IC109 RAMP52 (0017210),17210,03 - At intersection,03 - P.D. only,02 - Angle,01 - Clear,01 - Daylight,01 - Dry,02 - Stop sign,00 - Unknown,2,0,0,0,,0,,,,,376416.5641,5027444.644,45.38328129,-75.58549128,10629
16--6893,2016/06/24,6:09 AM,BROADVIEW AVE @ PRINCETON AVE (0006202),6202,02 - Intersection related,03 - P.D. only,03 - Rear end,01 - Clear,01 - Daylight,01 - Dry,02 - Stop sign,01 - Functioning,2,0,0,0,,0,,,,,362850.5882,5027443.881,45.38453001,-75.75870601,10630
16--6894,2016/06/24,6:13 AM,RIDEAU RD btwn SPRATT RD & LIMEBANK RD (__3ZA6L4),__3ZA6L4,01 - Non intersection,02 - Non-fatal injury,04 - Sideswipe,01 - Clear,01 - Daylight,01 - Dry,10 - No control,,2,1,0,0,02 - Minor,1,,1,,,370599.6788,5013937.038,45.2623138,-75.66155648,10631
16--6895,2016/06/24,6:38 PM,CARWOOD CIRC btwn DEN HAAG DR & Continuation of CARWOOD CIRC (__4O01JZ),__4O01JZ,01 - Non intersection,03 - P.D. only,04 - Sideswipe,01 - Clear,01 - Daylight,01 - Dry,10 - No control,,2,0,0,0,,0,,,,,372581.1503,5034022.389,45.44284645,-75.63355729,10632
16--6896,2016/06/24,7:15 AM,HIGHWAY 417 btwn HWY417 IC104 RAMP51 & HWY417 IC104 RAMP15 (__3ZA2W7),__3ZA2W7,01 - Non intersection,03 - P.D. only,07 - SMV other,01 - Clear,01 - Daylight,01 - Dry,10 - No control,,1,0,0,0,,0,,,,,380058.8236,5025904.248,45.36903996,-75.53922256,10633
16--6897,2016/06/24,8:02 PM,CARP RD btwn THOMAS A. DOLAN PKWY & NORMA LANE (__3ZAZ54),__3ZAZ54,01 - Non intersection,02 - Non-fatal injury,07 - SMV other,01 - Clear,01 - Daylight,01 - Dry,10 - No control,,1,0,0,0,02 - Minor,1,,1,,,338884.1719,5024408.032,45.35878851,-76.06494968,10634
16--6898,2016/06/24,9:25 PM,RIVERSIDE DR btwn HOG'S BACK RD & RIDGEWOOD AVE (__3ZA372),__3ZA372,01 - Non intersection,02 - Non-fatal injury,03 - Rear end,01 - Clear,07 - Dark,01 - Dry,10 - No control,,2,0,0,0,01 - Minimal,1,1,,,,368239.6509,5025807.337,45.36933749,-75.69010566,10635
16--6899,2016/06/25,1:00 PM,BARRETTE ST btwn LOYER ST & ST. CHARLES ST (__3ZA8XN),__3ZA8XN,04 - At/near private drive,03 - P.D. only,02 - Angle,01 - Clear,01 - Daylight,01 - Dry,10 - No control,,2,0,0,0,,0,,,,,369384.1229,5033649.778,45.43979652,-75.67446923,10636
16--69,2016/01/03,6:14 PM,BASELINE RD btwn CLYDE AVE & 207 E OF CLYDE AVE (__3ZA4ISA),__3ZA4ISA,01 - Non intersection,03 - P.D. only,07 - SMV other,01 - Clear,07 - Dark,01 - Dry,10 - No control,,1,0,0,0,,0,,,,,364478.0279,5024966.686,45.36210384,-75.73822508,10637