Anom_ID,Accident_Date,Accident_Time,Location,Geo_ID,Accident_Location,Classification_of_Accident,Initial_Impact_Type,Environment_Condition,Light,Road_Surface_Condition,Traffic_Control,Traffic_Control_Condition,No__of_Vehicles,No__of_Bicycles,No__of_Motorcycles,No__of_Pedestrians,Max_Injury,No__of_Injuries,No__of_Minimal,No__of_Minor,No__of_Major,No__of_Fatal,X,Y,Latitude,Longitude,ObjectId
16--690,2016/01/15,6:43 PM,BOOTH ST @ SIR JOHN A. MACDONALD PKWY/WELLINGTON ST (0012252),12252,02 - Intersection related,03 - P.D. only,04 - Sideswipe,01 - Clear,07 - Dark,01 - Dry,01 - Traffic signal,01 - Functioning,2,0,0,0,,0,,,,,366263.9266,5031005.203,45.41628269,-75.71467856,10638
16--6900,2016/06/25,1:15 PM,ST. LAURENT BLVD btwn COVENTRY RD & LEMIEUX ST (__3ZA2C9),__3ZA2C9,01 - Non intersection,03 - P.D. only,07 - SMV other,01 - Clear,01 - Daylight,01 - Dry,10 - No control,,1,0,0,0,,0,,,,,372311.6999,5031937.927,45.42411754,-75.63728708,10639
16--6901,2016/06/25,1:30 AM,SLATER ST btwn LYON ST N & KENT ST (__3ZA3CT),__3ZA3CT,01 - Non intersection,03 - P.D. only,04 - Sideswipe,01 - Clear,07 - Dark,01 - Dry,10 - No control,,2,0,0,0,,0,,,,,367251.1099,5031246.499,45.41836639,-75.70203601,10640
16--6902,2016/06/25,10:10 AM,COBOURG ST @ TORMEY ST (0011523),11523,03 - At intersection,03 - P.D. only,05 - Turning movement,01 - Clear,01 - Daylight,01 - Dry,02 - Stop sign,01 - Functioning,3,0,0,0,,0,,,,,369081.3678,5032855.484,45.43267767,-75.67844244,10641
16--6733,2016/06/21,12:26 AM,RIDEAU ST btwn COBOURG ST & CHARLOTTE ST (__3ZA3XJ),__3ZA3XJ,01 - Non intersection,02 - Non-fatal injury,07 - SMV other,01 - Clear,07 - Dark,01 - Dry,10 - No control,,1,0,0,0,02 - Minor,2,1,1,,,369232.6636,5032849.592,45.43261073,-75.67650976,10642
16--6903,2016/06/25,10:30 PM,RUSSELL RD btwn CARLSBAD LANE & MILTON RD (__3ZA3XY),__3ZA3XY,01 - Non intersection,03 - P.D. only,07 - SMV other,01 - Clear,07 - Dark,01 - Dry,10 - No control,,1,0,0,0,,0,,,,,389545.2115,5025350.219,45.36297252,-75.41823191,10643
16--6904,2016/06/25,10:38 AM,BANK ST @ CHAMBERLAIN AVE N/ISABELLA ST (0002132),2132,03 - At intersection,03 - P.D. only,02 - Angle,01 - Clear,01 - Daylight,01 - Dry,01 - Traffic signal,01 - Functioning,2,0,0,0,,0,,,,,368082.3334,5030166.852,45.40857739,-75.6915548,10644
16--6905,2016/06/25,10:56 AM,OTTAWA RIVER PKWY @ VIMY PLACE PRIV (0012251),12251,02 - Intersection related,03 - P.D. only,03 - Rear end,01 - Clear,01 - Daylight,01 - Dry,01 - Traffic signal,01 - Functioning,2,0,0,0,,0,,,,,365975.2308,5030799.9,45.41446073,-75.71839235,10645
16--6906,2016/06/25,10:59 AM,RIVER RD btwn LEWER ST & RIVERSIDE DR (__7IFXS2),__7IFXS2,01 - Non intersection,02 - Non-fatal injury,07 - SMV other,01 - Clear,01 - Daylight,01 - Dry,10 - No control,,1,0,0,0,01 - Minimal,1,1,,,,368358.7821,5020458.926,45.32120289,-75.68927219,10646
16--6907,2016/06/25,11:20 AM,RICHMOND RD btwn EDEN AVE & EDGEWOOD AVE (__3ZBN9U),__3ZBN9U,01 - Non intersection,03 - P.D. only,06 - SMV unattended vehicle,01 - Clear,01 - Daylight,01 - Dry,10 - No control,,1,0,0,0,,0,,,,,363393.4945,5028401.672,45.39310286,-75.75166008,10647
16--6908,2016/06/25,11:50 AM,WOODROFFE AVE btwn FIRESTATION & BASELINE RD (__3ZA34KB),__3ZA34KB,01 - Non intersection,03 - P.D. only,03 - Rear end,01 - Clear,01 - Daylight,01 - Dry,10 - No control,,2,0,0,0,,0,,,,,362528.0993,5023825.505,45.35199888,-75.76324659,10648
16--6909,2016/06/25,11:52 PM,CEDARVIEW RD @ JOCKVALE RD (0000788),788,03 - At intersection,03 - P.D. only,02 - Angle,01 - Clear,07 - Dark,01 - Dry,11 - Roundabout,01 - Functioning,2,0,0,0,,0,,,,,361474.443,5015251.978,45.27494012,-75.77767348,10649
16--691,2016/01/15,7:15 AM,FORTUNE DR btwn ST. MORITZ CRT & ST. JEROME CRES (__3ZA678),__3ZA678,01 - Non intersection,03 - P.D. only,06 - SMV unattended vehicle,01 - Clear,03 - Dawn,02 - Wet,10 - No control,,1,0,0,0,,0,,,,,379611.5061,5037247.478,45.47114638,-75.54321,10650
16--7101,2016/06/30,2:25 PM,COUNTY RD 29 @ MADAWASKA BLVD (0011704),11704,03 - At intersection,02 - Non-fatal injury,02 - Angle,01 - Clear,01 - Daylight,01 - Dry,02 - Stop sign,01 - Functioning,2,0,0,0,01 - Minimal,1,1,,,,318894.2224,5031715.467,45.42523177,-76.31989046,10651
16--6474,2016/06/14,4:45 PM,REGIONAL ROAD 174 EB btwn OR174 IC109 RAMP55 & TRANSIT (__3ZA28V),__3ZA28V,01 - Non intersection,03 - P.D. only,03 - Rear end,01 - Clear,01 - Daylight,01 - Dry,10 - No control,,2,0,0,0,,0,,,,,376572.0816,5035211.017,45.45314262,-75.58237443,10652
16--7102,2016/06/30,2:35 PM,INNES RD @ 298 E OF WILDFLOWER DR/LOBLAWS SC (0012918),12918,02 - Intersection related,03 - P.D. only,03 - Rear end,01 - Clear,01 - Daylight,01 - Dry,01 - Traffic signal,01 - Functioning,2,0,0,0,,0,,,,,383190.2515,5035797.061,45.45770429,-75.49767839,10653
16--6475,2016/06/14,5:15 AM,ROGER STEVENS DR btwn DWYER HILL RD & MALAKOFF RD (__3ZA4ZQ),__3ZA4ZQ,01 - Non intersection,03 - P.D. only,07 - SMV other,01 - Clear,03 - Dawn,01 - Dry,10 - No control,,1,0,0,0,,0,,,,,355861.5505,4990645.162,45.05394849,-75.85172227,10654
16--7199,2016/07/03,7:13 PM,BAYCREST DR btwn CEDARWOOD DR & SANDALWOOD DR (__3ZA9YY),__3ZA9YY,01 - Non intersection,02 - Non-fatal injury,07 - SMV other,01 - Clear,01 - Daylight,01 - Dry,10 - No control,,1,0,0,1,02 - Minor,1,,1,,,371274.4779,5026757.998,45.37760993,-75.65123815,10655
16--7103,2016/06/30,2:47 PM,MITCH OWENS RD @ STAGECOACH RD (0003576),3576,02 - Intersection related,03 - P.D. only,03 - Rear end,01 - Clear,01 - Daylight,01 - Dry,01 - Traffic signal,01 - Functioning,2,0,0,0,,0,,,,,375400.9266,5014482.896,45.26675979,-75.60030696,10656
16--6476,2016/06/14,5:34 PM,MERIVALE RD @ SLACK RD (0000110),110,03 - At intersection,02 - Non-fatal injury,05 - Turning movement,01 - Clear,01 - Daylight,01 - Dry,01 - Traffic signal,01 - Functioning,3,0,0,0,01 - Minimal,1,1,,,,366019.473,5020955.948,45.32588293,-75.7190471,10657
16--7104,2016/06/30,2:59 PM,CARLING AVE WB @ SAIGON CRT (0002102),2102,03 - At intersection,02 - Non-fatal injury,05 - Turning movement,01 - Clear,01 - Daylight,01 - Dry,01 - Traffic signal,01 - Functioning,2,0,0,0,01 - Minimal,1,1,,,,364064.5875,5027195.379,45.38219237,-75.74323467,10658
16--6477,2016/06/14,5:38 AM,275 E OF HAWTHORNE RD/OC TRANSPO TURNAROUND @ HUNT CLUB RD (0016285),16285,03 - At intersection,02 - Non-fatal injury,02 - Angle,01 - Clear,03 - Dawn,01 - Dry,01 - Traffic signal,01 - Functioning,2,0,0,0,02 - Minor,2,1,1,,,375721.2322,5026539.337,45.37520653,-75.59449924,10659
16--72,2016/01/03,7:26 AM,AIRPORT PKWY btwn AIRPORT PKWY/HUNT CLUB RAMP 42 & WALKLEY RD NB RAMP (__3ZAZP9),__3ZAZP9,01 - Non intersection,03 - P.D. only,06 - SMV unattended vehicle,03 - Snow,03 - Dawn,03 - Loose snow,10 - No control,,1,0,0,0,,0,,,,,370463.4049,5024529.236,45.35763272,-75.66188921,10660
16--7105,2016/06/30,3:20 PM,PARKDALE AVE btwn WELLINGTON ST W & GLADSTONE AVE (__3ZA4QM),__3ZA4QM,04 - At/near private drive,03 - P.D. only,02 - Angle,01 - Clear,01 - Daylight,01 - Dry,10 - No control,,2,0,0,0,,0,,,,,365151.7299,5029266.272,45.40073302,-75.72910062,10661
16--720,2016/01/16,11:45 AM,BOUNDARY RD btwn MITCH OWENS RD & DEVINE RD (__3ZA3X6),__3ZA3X6,01 - Non intersection,02 - Non-fatal injury,07 - SMV other,03 - Snow,01 - Daylight,03 - Loose snow,10 - No control,,1,0,0,0,02 - Minor,2,1,1,,,388295.5425,5021613.445,45.32950228,-75.43481187,10662
16--6478,2016/06/14,5:42 PM,BAYSWATER AVE @ GLADSTONE AVE (0006164),6164,02 - Intersection related,03 - P.D. only,03 - Rear end,01 - Clear,01 - Daylight,01 - Dry,01 - Traffic signal,01 - Functioning,2,0,0,0,,0,,,,,366001.8318,5029479.34,45.40257635,-75.71821646,10663
16--7106,2016/06/30,3:31 PM,MERIVALE RD/LOTTA AVE @ CLYDE AVE (0001112),1112,02 - Intersection related,03 - P.D. only,99 - Other,01 - Clear,01 - Daylight,01 - Dry,01 - Traffic signal,01 - Functioning,2,0,0,0,,0,,,,,364522.1163,5024507.434,45.3579678,-75.73771784,10664
16--7200,2016/07/03,7:19 AM,UPPER DWYER HILL RD btwn CARROLL SIDE RD & MARCH RD (__3ZA4QC),__3ZA4QC,01 - Non intersection,03 - P.D. only,07 - SMV other,01 - Clear,01 - Daylight,01 - Dry,10 - No control,,1,0,0,0,,0,,,,,333875.1639,5014511.137,45.26995654,-76.12946401,10665
16--6479,2016/06/14,5:55 PM,OTTAWA RIVER PKWY @ ISLAND PARK DR (0002127),2127,02 - Intersection related,03 - P.D. only,03 - Rear end,01 - Clear,01 - Daylight,01 - Dry,01 - Traffic signal,01 - Functioning,2,0,0,0,,0,,,,,363298.4012,5029452.979,45.40257029,-75.7527498,10666
16--7107,2016/06/30,3:45 PM,BASELINE RD @ CLYDE AVE (0002343),2343,02 - Intersection related,03 - P.D. only,03 - Rear end,01 - Clear,01 - Daylight,01 - Dry,01 - Traffic signal,01 - Functioning,3,0,0,0,,0,,,,,364358.9306,5024890.058,45.36142448,-75.73975442,10667
16--7201,2016/07/03,7:30 PM,CARP RD @ MARCH RD (0001689),1689,03 - At intersection,03 - P.D. only,05 - Turning movement,01 - Clear,01 - Daylight,01 - Dry,01 - Traffic signal,01 - Functioning,2,0,0,0,,0,,,,,342164.0961,5021731.819,45.33453984,-76.0232883,10668
16--7202,2016/07/03,9:24 PM,HWY 417 WALKLEY IC110R57 @ WALKLEY EXTENSION R (0004164),4164,03 - At intersection,03 - P.D. only,02 - Angle,01 - Clear,07 - Dark,01 - Dry,02 - Stop sign,01 - Functioning,2,0,1,0,,0,,,,,375655.6978,5028999.037,45.39734429,-75.59498276,10669
16--7203,2016/07/03,9:30 PM,TURNSTONE CRT btwn KINGLET WAY & KINGLET WAY (__3ZA7KF),__3ZA7KF,01 - Non intersection,03 - P.D. only,06 - SMV unattended vehicle,01 - Clear,07 - Dark,01 - Dry,10 - No control,,1,0,0,0,,0,,,,,382015.3518,5038986.223,45.48652845,-75.51219759,10670
16--7204,2016/07/04,1:34 PM,HWY 417 WALKLEY IC110R64 @ WALKLEY EXTENSION R (0004205),4205,02 - Intersection related,03 - P.D. only,07 - SMV other,01 - Clear,01 - Daylight,01 - Dry,02 - Stop sign,01 - Functioning,1,0,0,0,,0,,,,,375989.6681,5029175.504,45.39889817,-75.59069213,10671
16--7205,2016/07/04,1:41 PM,CHURCHILL AVE @ LANARK AVE (0005580),5580,03 - At intersection,02 - Non-fatal injury,03 - Rear end,01 - Clear,01 - Daylight,01 - Dry,02 - Stop sign,01 - Functioning,2,1,0,0,02 - Minor,1,,1,,,362985.5146,5028799.929,45.39672033,-75.75682327,10672
16--7206,2016/07/04,10:14 AM,MONTREAL RD/HANNAH ST @ CODY AVE (0009349),9349,02 - Intersection related,03 - P.D. only,02 - Angle,01 - Clear,01 - Daylight,01 - Dry,01 - Traffic signal,01 - Functioning,2,0,0,0,,0,,,,,370254.5804,5033169.602,45.43539515,-75.66340786,10673
16--7207,2016/07/04,10:19 AM,RIVER RD btwn EARL ARMSTRONG RD & 175 N OF EARL ARMSTRONG/LOBLAWS SC (__5DXOUQA),__5DXOUQA,01 - Non intersection,03 - P.D. only,07 - SMV other,01 - Clear,01 - Daylight,01 - Dry,10 - No control,,1,0,0,0,,0,,,,,367584.764,5014713.488,45.26957579,-75.69987162,10674
16--7208,2016/07/04,10:41 PM,HIGHWAY 417 btwn HWY417 IC129 RAMP25 & HWY417 IC129 RAMP35 (__3ZAYFR),__3ZAYFR,01 - Non intersection,02 - Non-fatal injury,03 - Rear end,01 - Clear,07 - Dark,01 - Dry,10 - No control,,2,0,0,0,02 - Minor,1,,1,,,360446.6466,5023517.701,45.34939752,-75.78984362,10675
16--7209,2016/07/04,10:41 PM,HIGHWAY 417 btwn HWY417 IC129 RAMP51 & HWY417 IC129 RAMP35 (__3ZA2X9),__3ZA2X9,01 - Non intersection,03 - P.D. only,99 - Other,01 - Clear,07 - Dark,01 - Dry,10 - No control,,2,0,0,0,,0,,,,,360408.1438,5023489.646,45.34914814,-75.79033811,10676
16--721,2016/01/16,11:51 AM,GRANT CARMAN DR @ MEADOWLANDS DR (0001111),1111,02 - Intersection related,03 - P.D. only,03 - Rear end,03 - Snow,01 - Daylight,03 - Loose snow,01 - Traffic signal,01 - Functioning,2,0,0,0,,0,,,,,365050.9436,5023903.384,45.35248741,-75.73104221,10677
16--7210,2016/07/04,12:24 AM,BANK ST @ CHAMBERLAIN AVE N/ISABELLA ST (0002132),2132,03 - At intersection,03 - P.D. only,02 - Angle,01 - Clear,07 - Dark,01 - Dry,01 - Traffic signal,01 - Functioning,3,0,0,0,,0,,,,,368082.119,5030166.21,45.40857163,-75.69155762,10678
16--7211,2016/07/04,12:28 PM,RICHMOND RD btwn STEEPLE HILL CRES & CAMBRIAN RD (__3ZAB9D),__3ZAB9D,01 - Non intersection,02 - Non-fatal injury,07 - SMV other,01 - Clear,01 - Daylight,01 - Dry,10 - No control,,1,0,0,0,02 - Minor,1,,1,,,359116.6881,5009622.182,45.22446832,-75.8083364,10679
16--7212,2016/07/04,12:30 PM,SMYTH RD E/LANCASTER RD @ ST. LAURENT BLVD N/R (0002256),2256,02 - Intersection related,03 - P.D. only,03 - Rear end,01 - Clear,01 - Daylight,01 - Dry,01 - Traffic signal,01 - Functioning,2,0,0,0,,0,,,,,373363.536,5029427.017,45.40142327,-75.62419682,10680
16--7213,2016/07/04,12:30 PM,BASELINE RD btwn GREENBANK RD & MCWATTERS RD (__3ZA4MM),__3ZA4MM,04 - At/near private drive,03 - P.D. only,04 - Sideswipe,01 - Clear,01 - Daylight,01 - Dry,10 - No control,,2,0,0,0,,0,,,,,360603.3661,5022587.682,45.34101677,-75.78794866,10681
16--7214,2016/07/04,12:45 PM,TERRY FOX DR @ WESTPHALIAN AVE (0014366),14366,02 - Intersection related,03 - P.D. only,03 - Rear end,01 - Clear,01 - Daylight,01 - Dry,01 - Traffic signal,01 - Functioning,2,0,0,0,,0,,,,,353455.2261,5015759.789,45.28011017,-75.87982363,10682
16--7215,2016/07/04,2:48 PM,REGIONAL ROAD 174 btwn OR174 IC105 RAMP35 & OR174 IC105 RAMP25 (__3ZA27E),__3ZA27E,01 - Non intersection,02 - Non-fatal injury,07 - SMV other,01 - Clear,01 - Daylight,01 - Dry,10 - No control,,1,0,0,0,02 - Minor,1,,1,,,379669.357,5037149.315,45.47025698,-75.54248519,10683
16--7216,2016/07/04,2:53 PM,HWY417 IC140 RAMP53 btwn HWY417 IC140 RAMP51 & TERRY FOX DR (__3ZAYB6),__3ZAYB6,01 - Non intersection,03 - P.D. only,03 - Rear end,01 - Clear,01 - Daylight,01 - Dry,10 - No control,,2,0,0,0,,0,,,,,351064.4839,5018409.175,45.3041115,-75.91004808,10684
16--7217,2016/07/04,3:08 PM,EAGLESON RD btwn EAGLESON BUSINESS CENTRE & MICHAEL COWPLAND DR/STONEH (__3ZA41JB),__3ZA41JB,01 - Non intersection,03 - P.D. only,04 - Sideswipe,01 - Clear,01 - Daylight,01 - Dry,10 - No control,,2,0,0,0,,0,,,,,354368.9896,5016657.08,45.28812037,-75.86808756,10685
16--7218,2016/07/04,3:32 PM,REGIONAL RD 174 EB btwn REGIONAL RD 174 & TRIM RD (__3ZA1L6),__3ZA1L6,01 - Non intersection,03 - P.D. only,99 - Other,01 - Clear,01 - Daylight,01 - Dry,10 - No control,,2,0,0,0,,0,,,,,384377.2134,5039980.747,45.49521095,-75.48182621,10686
16--7219,2016/07/04,4:00 PM,CASTLEFRANK RD @ KATIMAVIK RD (0003228),3228,02 - Intersection related,03 - P.D. only,04 - Sideswipe,01 - Clear,01 - Daylight,01 - Dry,01 - Traffic signal,01 - Functioning,2,0,0,0,,0,,,,,351948.4998,5018942.735,45.30885383,-75.89872521,10687
16--722,2016/01/16,Unknown,NASKAPI DR btwn ROTHWELL DR & LUDGATE CRT (__3ZA79C),__3ZA79C,01 - Non intersection,03 - P.D. only,06 - SMV unattended vehicle,03 - Snow,00 - Unknown,03 - Loose snow,10 - No control,,1,0,0,0,,0,,,,,374845.3939,5034735.156,45.44903631,-75.60451561,10688
16--7220,2016/07/04,4:05 PM,MAITLAND AVE/GLENMOUNT AVE @ ERINDALE DR (0002724),2724,02 - Intersection related,03 - P.D. only,03 - Rear end,01 - Clear,01 - Daylight,01 - Dry,01 - Traffic signal,01 - Functioning,2,0,0,0,,0,,,,,363697.6669,5025212.037,45.36437748,-75.74815608,10689
16--7221,2016/07/04,4:21 PM,CATHERINE ST/HWY 417 O'CONN IC119BR76 @ O'CONN (0001697),1697,03 - At intersection,03 - P.D. only,04 - Sideswipe,01 - Clear,01 - Daylight,01 - Dry,01 - Traffic signal,01 - Functioning,2,0,0,0,,0,,,,,368243.9383,5030393.019,45.41059773,-75.68946137,10690
16--7222,2016/07/04,4:27 PM,OGILVIE RD btwn BATHGATE DR & CITY PARK DR (1) (__3ZA2G8A),__3ZA2G8A,01 - Non intersection,02 - Non-fatal injury,03 - Rear end,01 - Clear,01 - Daylight,01 - Dry,10 - No control,,2,0,0,0,02 - Minor,1,,1,,,373915.0938,5032850.86,45.43217505,-75.61667207,10691
16--7223,2016/07/04,4:30 PM,SCHROEDER CRES btwn PEPPERGRASS RD & PEPPERGRASS RD (__4VGRN8),__4VGRN8,04 - At/near private drive,03 - P.D. only,02 - Angle,01 - Clear,01 - Daylight,01 - Dry,10 - No control,,2,0,0,0,,0,,,,,385566.9694,5038315.407,45.48009121,-75.46687997,10692
16--7224,2016/07/04,4:30 PM,AVIATION PKWY @ OGILVIE RD (0004114),4114,02 - Intersection related,03 - P.D. only,03 - Rear end,01 - Clear,01 - Daylight,01 - Dry,01 - Traffic signal,01 - Functioning,2,0,0,0,,0,,,,,373110.4887,5032376.811,45.42798885,-75.62701991,10693
16--7225,2016/07/04,5:03 PM,ST. JOSEPH BLVD @ JEANNE D'ARC BLVD (0012421),12421,03 - At intersection,02 - Non-fatal injury,04 - Sideswipe,01 - Clear,01 - Daylight,01 - Dry,11 - Roundabout,01 - Functioning,2,0,0,0,02 - Minor,1,,1,,,379861.0088,5036471.847,45.46414108,-75.54013794,10694
16--7226,2016/07/04,5:15 PM,HIGHWAY 417 btwn HWY417 IC126 RAMP16 & HWY417 IC126 RAMP61 (__3ZA2RC),__3ZA2RC,01 - Non intersection,03 - P.D. only,03 - Rear end,01 - Clear,01 - Daylight,01 - Dry,10 - No control,,3,0,0,0,,0,,,,,363179.7772,5025885.946,45.37048456,-75.75468688,10695
16--7227,2016/07/04,5:17 PM,ST. LAURENT BLVD @ COVENTRY RD/OGILVIE RD (0002151),2151,02 - Intersection related,03 - P.D. only,03 - Rear end,01 - Clear,01 - Daylight,01 - Dry,01 - Traffic signal,01 - Functioning,2,0,0,0,,0,,,,,372305.945,5031951.8,45.42424291,-75.63735872,10696
16--7228,2016/07/04,5:35 PM,AVIATION PKWY @ OGILVIE RD (0004114),4114,02 - Intersection related,03 - P.D. only,03 - Rear end,01 - Clear,01 - Daylight,01 - Dry,01 - Traffic signal,01 - Functioning,2,0,0,0,,0,,,,,373110.6402,5032376.89,45.42798955,-75.62701796,10697
16--7229,2016/07/04,5:54 AM,CARP RD btwn MARCH RD & JOHN CAVANAUGH DR (__3ZA3FZ),__3ZA3FZ,04 - At/near private drive,03 - P.D. only,05 - Turning movement,01 - Clear,03 - Dawn,01 - Dry,10 - No control,,2,0,0,0,,0,,,,,342850.8674,5020972.111,45.3276668,-76.01458481,10698
16--723,2016/01/16,12:02 PM,CONROY RD btwn WALKLEY RD & ST. LAURENT BLVD (__3ZA2DG),__3ZA2DG,01 - Non intersection,03 - P.D. only,04 - Sideswipe,03 - Snow,01 - Daylight,03 - Loose snow,10 - No control,,2,0,0,0,,0,,,,,372923.9473,5027432.071,45.38351652,-75.63008673,10699
16--7230,2016/07/04,6:11 PM,ELGIN ST @ LAURIER AVE (0002232),2232,03 - At intersection,02 - Non-fatal injury,05 - Turning movement,01 - Clear,01 - Daylight,01 - Dry,01 - Traffic signal,01 - Functioning,2,1,0,0,01 - Minimal,1,1,,,,367948.0281,5031549.576,45.42103082,-75.69309324,10700
16--7231,2016/07/04,6:32 PM,CANOTEK RD @ SHEFFORD RD (0009369),9369,02 - Intersection related,03 - P.D. only,03 - Rear end,01 - Clear,01 - Daylight,01 - Dry,01 - Traffic signal,01 - Functioning,2,0,0,0,,0,,,,,376029.0465,5035093.143,45.45213762,-75.58933346,10701
16--7232,2016/07/04,7:00 PM,BASELINE RD btwn JOHN SUTHERLAND DR & SIOUX CRES (__3ZA4LC),__3ZA4LC,01 - Non intersection,03 - P.D. only,07 - SMV other,01 - Clear,01 - Daylight,01 - Dry,10 - No control,,1,0,0,0,,0,,,,,359402.9054,5021846.001,45.33443757,-75.80334724,10702
16--7233,2016/07/04,7:10 PM,MERIVALE RD btwn VIEWMOUNT DR & COLONNADE RD (__3ZA33F),__3ZA33F,04 - At/near private drive,03 - P.D. only,05 - Turning movement,01 - Clear,01 - Daylight,01 - Dry,10 - No control,,2,1,0,0,,0,,,,,365220.7426,5022885.768,45.34331643,-75.72899966,10703
16--7234,2016/07/04,7:14 AM,ACACIA AVE @ BEECHWOOD AVE (0005753),5753,03 - At intersection,02 - Non-fatal injury,05 - Turning movement,01 - Clear,01 - Daylight,01 - Dry,02 - Stop sign,01 - Functioning,2,1,0,0,02 - Minor,1,,1,,,369634.4803,5033942.597,45.44240801,-75.67123086,10704
16--7235,2016/07/04,7:23 AM,CHESTNUT ST @ LEES AVE (0011428),11428,03 - At intersection,02 - Non-fatal injury,05 - Turning movement,01 - Clear,01 - Daylight,01 - Dry,02 - Stop sign,01 - Functioning,2,1,0,0,02 - Minor,1,,1,,,369378.7127,5030784.251,45.41401411,-75.67491411,10705
16--7236,2016/07/04,7:30 PM,CHENIER WAY btwn CARRIGAN DR & WILKIE DR (__3ZBN86),__3ZBN86,04 - At/near private drive,03 - P.D. only,99 - Other,01 - Clear,01 - Daylight,01 - Dry,10 - No control,,2,0,0,0,,0,,,,,384438.1222,5037261.239,45.47073649,-75.48148804,10706
16--7237,2016/07/04,8:01 AM,ISABELLA ST/HWY 417 O'CONN IC119BR57 @ O'CONNO (0001698),1698,03 - At intersection,03 - P.D. only,05 - Turning movement,01 - Clear,01 - Daylight,01 - Dry,01 - Traffic signal,01 - Functioning,2,0,0,0,,0,,,,,368296.9638,5030308.85,45.4098356,-75.68879484,10707
16--7238,2016/07/04,8:09 PM,2ND LINE RD @ OSGOODE MAIN ST (0005251),5251,03 - At intersection,02 - Non-fatal injury,02 - Angle,01 - Clear,01 - Daylight,01 - Dry,02 - Stop sign,01 - Functioning,2,0,0,0,02 - Minor,2,,2,,,376056.327,5001708.308,45.15175095,-75.59378321,10708
16--7239,2016/07/04,8:13 AM,LEGGET DR @ HERZBERG RD (0003479),3479,03 - At intersection,03 - P.D. only,05 - Turning movement,01 - Clear,01 - Daylight,01 - Dry,02 - Stop sign,01 - Functioning,2,0,0,0,,0,,,,,351866.0428,5022707.712,45.34273743,-75.89941882,10709
16--724,2016/01/16,12:15 AM,MERIVALE RD @ SLACK RD (0000110),110,02 - Intersection related,03 - P.D. only,02 - Angle,01 - Clear,07 - Dark,02 - Wet,01 - Traffic signal,00 - Unknown,2,0,0,0,,0,,,,,366019.4694,5020955.932,45.32588279,-75.71904715,10710
16--7240,2016/07/04,8:38 PM,LAKERIDGE DR btwn HARVEST VALLEY AVE W & LAKERIDGE DR N (__5Z1RS6),__5Z1RS6,01 - Non intersection,03 - P.D. only,04 - Sideswipe,01 - Clear,05 - Dusk,01 - Dry,10 - No control,,2,0,0,0,,0,,,,,385004.6668,5034576.916,45.44652065,-75.47468138,10711
16--7241,2016/07/04,9:21 PM,ALBION RD @ JOHNSTON RD (0006883),6883,03 - At intersection,03 - P.D. only,05 - Turning movement,01 - Clear,07 - Dark,01 - Dry,02 - Stop sign,01 - Functioning,2,0,0,0,,0,,,,,371502.9564,5025225.515,45.36379948,-75.64852814,10712
16--7242,2016/07/04,9:34 AM,HERON RD @ WALKLEY RD (0011256),11256,02 - Intersection related,03 - P.D. only,04 - Sideswipe,01 - Clear,01 - Daylight,01 - Dry,01 - Traffic signal,01 - Functioning,2,0,0,0,,0,,,,,372267.8515,5027084.131,45.3804494,-75.63851138,10713
16--7243,2016/07/04,9:37 PM,RICHMOND RD btwn WEST HUNT CLUB RD & STONEHAVEN DR (__3ZA41H),__3ZA41H,01 - Non intersection,03 - P.D. only,03 - Rear end,01 - Clear,07 - Dark,01 - Dry,10 - No control,,2,0,0,0,,0,,,,,356764.0468,5016376.007,45.28541822,-75.83758647,10714
16--7244,2016/07/04,9:37 PM,RICHMOND RD btwn WEST HUNT CLUB RD & STONEHAVEN DR (__3ZA41H),__3ZA41H,01 - Non intersection,03 - P.D. only,07 - SMV other,01 - Clear,07 - Dark,01 - Dry,10 - No control,,1,0,0,0,,0,,,,,356758.6985,5016383.316,45.28548439,-75.83765388,10715
16--7245,2016/07/05,1:15 PM,MONTREAL RD btwn OGILVIE RD & LAPORTE ST (__3ZA2D7),__3ZA2D7,01 - Non intersection,03 - P.D. only,03 - Rear end,01 - Clear,01 - Daylight,01 - Dry,10 - No control,,2,0,0,0,,0,,,,,375667.2487,5034563.831,45.44741198,-75.59403473,10716
16--7246,2016/07/05,1:34 AM,VANIER PKWY/CRICHTON ST @ BEECHWOOD AVE/ST. PA (0001604),1604,03 - At intersection,02 - Non-fatal injury,05 - Turning movement,01 - Clear,07 - Dark,01 - Dry,01 - Traffic signal,01 - Functioning,2,0,1,0,02 - Minor,1,,1,,,369124.1792,5033486.983,45.43835572,-75.67781283,10717
16--7247,2016/07/05,1:36 PM,INNES RD @ JEANNE D'ARC BLVD/MER BLEUE RD (0012475),12475,02 - Intersection related,03 - P.D. only,03 - Rear end,01 - Clear,01 - Daylight,01 - Dry,01 - Traffic signal,01 - Functioning,2,0,0,0,,0,,,,,382637.5341,5035567.773,45.45570315,-75.50478082,10718
16--7248,2016/07/05,1:37 PM,BLACKBURN BYPASS @ INNES RD W (0009340),9340,02 - Intersection related,03 - P.D. only,04 - Sideswipe,01 - Clear,01 - Daylight,01 - Dry,01 - Traffic signal,01 - Functioning,2,0,0,0,,0,,,,,377187.4273,5032176.599,45.42577741,-75.57495436,10719