Anom_ID,Accident_Date,Accident_Time,Location,Geo_ID,Accident_Location,Classification_of_Accident,Initial_Impact_Type,Environment_Condition,Light,Road_Surface_Condition,Traffic_Control,Traffic_Control_Condition,No__of_Vehicles,No__of_Bicycles,No__of_Motorcycles,No__of_Pedestrians,Max_Injury,No__of_Injuries,No__of_Minimal,No__of_Minor,No__of_Major,No__of_Fatal,X,Y,Latitude,Longitude,ObjectId
16--7249,2016/07/05,1:38 PM,GREENBANK RD @ IRIS ST/HWY 417 IC129 RAMP51 (0009073),9073,02 - Intersection related,03 - P.D. only,03 - Rear end,01 - Clear,01 - Daylight,01 - Dry,01 - Traffic signal,01 - Functioning,4,0,0,0,,0,,,,,360531.2939,5023311.59,45.34753622,-75.78878667,10720
16--725,2016/01/16,12:54 PM,BRONSON AVE @ FIFTH AVE/MADAWASKA DR (0006977),6977,02 - Intersection related,03 - P.D. only,04 - Sideswipe,03 - Snow,01 - Daylight,04 - Slush,01 - Traffic signal,01 - Functioning,2,0,0,0,,0,,,,,367612.615,5028937.895,45.39756191,-75.6977115,10721
16--6734,2016/06/21,12:28 PM,BANK ST @ WELLINGTON ST (0002039),2039,02 - Intersection related,02 - Non-fatal injury,07 - SMV other,01 - Clear,01 - Daylight,01 - Dry,01 - Traffic signal,01 - Functioning,1,0,0,1,02 - Minor,1,,1,,,367257.4815,5031627.897,45.42179752,-75.70190626,10722
16--7250,2016/07/05,10:05 AM,HIGHWAY 417 btwn HWY417 IC129 RAMP76 & HWY417 IC129 RAMP26 (__3ZA2RG),__3ZA2RG,01 - Non intersection,03 - P.D. only,03 - Rear end,01 - Clear,01 - Daylight,01 - Dry,10 - No control,,2,0,0,0,,0,,,,,360443.8405,5023546.697,45.34965865,-75.78987617,10723
16--7251,2016/07/05,11:41 AM,ANAND PRIV btwn END & WALKLEY RD (e___2HBJ),e___2HBJ,04 - At/near private drive,02 - Non-fatal injury,05 - Turning movement,01 - Clear,01 - Daylight,01 - Dry,10 - No control,,2,0,0,0,02 - Minor,1,,1,,,370229.525,5025837.17,45.36942298,-75.6647009,10724
16--7252,2016/07/05,12:33 AM,HWY417 IC117 RAMP36 btwn HIGHWAY 417 & VANIER PKWY (__3ZAYAX),__3ZAYAX,01 - Non intersection,03 - P.D. only,04 - Sideswipe,01 - Clear,07 - Dark,01 - Dry,10 - No control,,2,0,0,0,,0,,,,,370656.2991,5031200.895,45.41764383,-75.65853718,10725
16--7253,2016/07/05,12:34 PM,CARLING AVE @ WESTGATE SC E (0008795),8795,02 - Intersection related,03 - P.D. only,03 - Rear end,01 - Clear,01 - Daylight,01 - Dry,01 - Traffic signal,01 - Functioning,2,0,0,0,,0,,,,,364800.5439,5027659.258,45.38630362,-75.7337815,10726
16--7254,2016/07/05,12:46 PM,RICHMOND RD btwn BERKLEY AVE & ROOSEVELT AVE (__3ZA307),__3ZA307,01 - Non intersection,03 - P.D. only,04 - Sideswipe,01 - Clear,01 - Daylight,01 - Dry,10 - No control,,2,0,0,0,,0,,,,,362917.0731,5028071.857,45.39017493,-75.75778313,10727
16--7255,2016/07/05,12:52 PM,HUNT CLUB RD btwn RIVERSIDE DR & LINDBERGH PRIV (__4B3PLN),__4B3PLN,01 - Non intersection,03 - P.D. only,04 - Sideswipe,01 - Clear,01 - Daylight,01 - Dry,10 - No control,,2,0,0,0,,0,,,,,368343.1265,5022122.119,45.33616939,-75.68925839,10728
16--7256,2016/07/05,2:05 PM,SECOND AVE @ BRONSON AVE (0007717),7717,02 - Intersection related,02 - Non-fatal injury,04 - Sideswipe,01 - Clear,01 - Daylight,01 - Dry,02 - Stop sign,00 - Unknown,2,0,1,0,01 - Minimal,1,1,,,,367520.3365,5029161.597,45.39958299,-75.69886158,10729
16--7257,2016/07/05,2:10 PM,HAWTHORNE AVE btwn COLONEL BY DR & MAIN ST (__3ZA2FX),__3ZA2FX,04 - At/near private drive,03 - P.D. only,07 - SMV other,01 - Clear,01 - Daylight,01 - Dry,10 - No control,,1,0,0,0,,0,,,,,368951.0343,5030628.162,45.41264901,-75.68039806,10730
16--7258,2016/07/05,2:27 PM,MACLAREN ST btwn ELGIN ST & CARTIER ST (__3ZA9US),__3ZA9US,01 - Non intersection,03 - P.D. only,06 - SMV unattended vehicle,01 - Clear,01 - Daylight,01 - Dry,10 - No control,,1,0,0,0,,0,,,,,368296.1451,5031177.618,45.41765256,-75.68869337,10731
16--7259,2016/07/05,2:31 PM,DUMAURIER AVE @ PINECREST RD (0002743),2743,02 - Intersection related,03 - P.D. only,03 - Rear end,01 - Clear,01 - Daylight,01 - Dry,01 - Traffic signal,01 - Functioning,2,0,0,0,,0,,,,,360321.9063,5023834.056,45.35225396,-75.7913999,10732
16--726,2016/01/16,2:44 PM,FRANK KENNY RD W @ INNES RD (0010153),10153,03 - At intersection,03 - P.D. only,02 - Angle,03 - Snow,01 - Daylight,03 - Loose snow,02 - Stop sign,01 - Functioning,2,0,0,0,,0,,,,,387531.3624,5037631.037,45.47370397,-75.44187222,10733
16--7260,2016/07/05,2:49 PM,ST. JOSEPH BLVD/OLD MONTREAL RD @ TRIM RD (0004118),4118,03 - At intersection,03 - P.D. only,04 - Sideswipe,01 - Clear,01 - Daylight,01 - Dry,11 - Roundabout,01 - Functioning,2,0,0,0,,0,,,,,384683.0203,5039286.381,45.48892879,-75.47802711,10734
16--7261,2016/07/05,3:05 PM,REGIONAL ROAD 174 btwn OR174 IC109 RAMP64 & OR174 IC105 RAMP16 (__3ZA2XD),__3ZA2XD,01 - Non intersection,03 - P.D. only,07 - SMV other,01 - Clear,01 - Daylight,01 - Dry,10 - No control,,1,0,0,0,,0,,,,,377125.1171,5035731.975,45.45777283,-75.57522803,10735
16--7262,2016/07/05,3:05 PM,HIGHWAY 417 btwn HWY417 IC117 RAMP25 & HWY417 IC115 RAMP51 (__3ZA2R3),__3ZA2R3,01 - Non intersection,03 - P.D. only,04 - Sideswipe,01 - Clear,01 - Daylight,01 - Dry,10 - No control,,2,0,0,0,,0,,,,,371554.2861,5031400.642,45.41935597,-75.64703758,10736
16--7263,2016/07/05,3:25 PM,HIGHWAY 417 btwn HWY417 IC118 RAMP57 & HWY417 IC118 RAMP35 (__3ZA2YQ),__3ZA2YQ,01 - Non intersection,03 - P.D. only,03 - Rear end,01 - Clear,01 - Daylight,01 - Dry,10 - No control,,2,0,0,0,,0,,,,,369477.5982,5031050.333,45.41639908,-75.67361591,10737
16--7264,2016/07/05,3:47 PM,FALLOWFIELD RD @ MOODIE DR (0010412),10412,02 - Intersection related,03 - P.D. only,03 - Rear end,01 - Clear,01 - Daylight,01 - Dry,01 - Traffic signal,01 - Functioning,2,0,0,0,,0,,,,,359502.3377,5014636.867,45.26956146,-75.8028742,10738
16--7265,2016/07/05,3:55 AM,PINECREST RD btwn FALLIS AVE & HARWOOD AVE (__3ZA4M5),__3ZA4M5,01 - Non intersection,03 - P.D. only,07 - SMV other,01 - Clear,07 - Dark,01 - Dry,10 - No control,,1,0,0,0,,0,,,,,360163.4909,5024235.662,45.35588013,-75.79337656,10739
16--7266,2016/07/05,3:56 PM,LAURIER AVE   E btwn LAURIER AVE W & NICHOLAS ST (__3E4JGF),__3E4JGF,07 - Overpass or bridge,02 - Non-fatal injury,03 - Rear end,01 - Clear,01 - Daylight,01 - Dry,10 - No control,00 - Unknown,2,0,0,0,02 - Minor,1,,1,,,368285.8523,5031744.854,45.42275729,-75.68875178,10740
16--7267,2016/07/05,4:05 PM,HIGHWAY 417 btwn HWY417 IC121B RAMP51 & HWY417 IC121A RAMP51 (__3ZA2YW),__3ZA2YW,01 - Non intersection,03 - P.D. only,03 - Rear end,01 - Clear,01 - Daylight,01 - Dry,10 - No control,,2,0,0,0,,0,,,,,366583.8602,5029516.448,45.40285911,-75.71077777,10741
16--7268,2016/07/05,4:10 PM,TERRY FOX DR @ EDGEWATER ST/WALTER BAKER PL (0002699),2699,03 - At intersection,02 - Non-fatal injury,05 - Turning movement,01 - Clear,01 - Daylight,01 - Dry,01 - Traffic signal,01 - Functioning,2,0,0,0,02 - Minor,1,,1,,,351775.8473,5017612.622,45.2968967,-75.90105294,10742
16--7269,2016/07/05,4:20 PM,PRINCE OF WALES DR @ MEADOWLANDS DR/HOG'S BACK (0001629),1629,02 - Intersection related,03 - P.D. only,03 - Rear end,01 - Clear,01 - Daylight,01 - Dry,01 - Traffic signal,01 - Functioning,2,0,0,0,,0,,,,,367371.2603,5025692.818,45.36838515,-75.70120527,10743
16--727,2016/01/16,2:49 PM,FOXWELL ST btwn AMBROSE DR & DONDALE ST (2) (__3ZBO94),__3ZBO94,04 - At/near private drive,03 - P.D. only,07 - SMV other,01 - Clear,01 - Daylight,04 - Slush,10 - No control,,1,0,0,0,,0,,,,,374447.9051,5031542.02,45.42034595,-75.61004836,10744
16--7270,2016/07/05,4:20 PM,OTTAWA RIVER PKWY @ ISLAND PARK DR (0002127),2127,02 - Intersection related,03 - P.D. only,03 - Rear end,01 - Clear,01 - Daylight,01 - Dry,01 - Traffic signal,01 - Functioning,2,0,0,0,,0,,,,,363298.0077,5029454.19,45.40258122,-75.75275468,10745
16--648,2016/01/14,8:35 PM,CONROY RD @ HUNT CLUB RD (0002257),2257,03 - At intersection,02 - Non-fatal injury,05 - Turning movement,01 - Clear,07 - Dark,02 - Wet,01 - Traffic signal,01 - Functioning,2,0,0,0,01 - Minimal,1,1,,,,373761.4886,5025405.649,45.3652017,-75.61967591,10746
16--7108,2016/06/30,4:00 PM,HIGHWAY 417 btwn HWY417 IC122 RAMP61 & HWY417 IC121B RAMP16 (__3ZA2Y4),__3ZA2Y4,01 - Non intersection,03 - P.D. only,04 - Sideswipe,01 - Clear,01 - Daylight,01 - Dry,10 - No control,,2,0,0,0,,0,,,,,366065.6922,5029341.941,45.40133448,-75.71741786,10747
16--6480,2016/06/14,6:15 AM,FOURTH AVE btwn O'CONNOR ST & QUEEN ELIZABETH DRWY (__3ZA931),__3ZA931,04 - At/near private drive,03 - P.D. only,06 - SMV unattended vehicle,01 - Clear,01 - Daylight,01 - Dry,10 - No control,,1,0,0,0,,0,,,,,368696.9747,5029671.71,45.40406642,-75.6837676,10748
16--7109,2016/06/30,4:10 PM,HIGHWAY 417 btwn HWY417 IC129 RAMP25 & HWY417 IC129 RAMP35 (__3ZAYFR),__3ZAYFR,01 - Non intersection,03 - P.D. only,03 - Rear end,01 - Clear,01 - Daylight,01 - Dry,10 - No control,,2,0,0,0,,0,,,,,360453.8475,5023522.845,45.34944324,-75.78975115,10749
16--6481,2016/06/14,6:15 PM,HIGHWAY 417 btwn HWY417 IC123 RAMP62 & HWY417 IC122 RAMP16 (__3ZA2R9),__3ZA2R9,01 - Non intersection,03 - P.D. only,03 - Rear end,01 - Clear,01 - Daylight,01 - Dry,10 - No control,,2,0,0,0,,0,,,,,365128.5643,5028706.965,45.39570249,-75.7294649,10750
16--711,2016/01/16,10:35 AM,REGIONAL ROAD 174 btwn OR174 IC109 RAMP56 & OR174 IC109 RAMP86 (__3ZA28W),__3ZA28W,01 - Non intersection,03 - P.D. only,07 - SMV other,03 - Snow,01 - Daylight,04 - Slush,10 - No control,,1,0,0,0,,0,,,,,376378.1397,5034826.552,45.44970334,-75.58490965,10751
16--6482,2016/06/14,6:20 PM,INNES RD btwn HWY417 IC112 RAMP65 & HWY417 IC112 RAMP56 (__3ZA3RA),__3ZA3RA,01 - Non intersection,03 - P.D. only,03 - Rear end,01 - Clear,01 - Daylight,01 - Dry,10 - No control,,2,0,0,0,,0,,,,,374421.5973,5030828.592,45.41392951,-75.61048527,10752
16--7110,2016/06/30,4:45 PM,HERON RD btwn RIVERSIDE DR & TURN LANE (2) (__3ZA4T4),__3ZA4T4,01 - Non intersection,03 - P.D. only,04 - Sideswipe,01 - Clear,01 - Daylight,01 - Dry,10 - No control,,2,0,0,0,,0,,,,,368146.1896,5026650.501,45.37693252,-75.69119056,10753
16--6483,2016/06/14,6:41 PM,ALBERT ST @ EMPRESS AVE (0010851),10851,02 - Intersection related,03 - P.D. only,03 - Rear end,01 - Clear,01 - Daylight,01 - Dry,01 - Traffic signal,01 - Functioning,2,0,0,0,,0,,,,,366577.3828,5030720.566,45.413694,-75.71070961,10754
16--7111,2016/06/30,4:46 PM,MARCH RD btwn TERRY FOX DR & SOLANDT RD (__3ZA3CE),__3ZA3CE,04 - At/near private drive,02 - Non-fatal injury,02 - Angle,01 - Clear,01 - Daylight,01 - Dry,10 - No control,,2,1,0,0,01 - Minimal,1,1,,,,349930.745,5023326.782,45.34843514,-75.92405622,10755
16--6484,2016/06/14,6:42 AM,THOMAS A. DOLAN PKWY btwn WOODKILTON RD & DUNROBIN RD (__3ZAC26),__3ZAC26,01 - Non intersection,03 - P.D. only,07 - SMV other,01 - Clear,01 - Daylight,01 - Dry,10 - No control,,1,0,0,0,,0,,,,,342295.6577,5031441.953,45.42190765,-76.02087246,10756
16--7112,2016/06/30,5:02 PM,BASELINE RD @ CLYDE AVE (0002343),2343,02 - Intersection related,03 - P.D. only,03 - Rear end,01 - Clear,01 - Daylight,01 - Dry,01 - Traffic signal,01 - Functioning,2,0,0,0,,0,,,,,364358.0215,5024891.422,45.36143683,-75.73976586,10757
16--6485,2016/06/14,6:59 PM,RENAUD RD btwn NAVAN RD & WHITE ST (__3ZBN8V),__3ZBN8V,01 - Non intersection,03 - P.D. only,03 - Rear end,01 - Clear,01 - Daylight,01 - Dry,10 - No control,,2,0,0,0,,0,,,,,381919.6174,5032796.914,45.4308528,-75.51439286,10758
16--7113,2016/06/30,5:03 PM,HAZELDEAN RD btwn GO/KA BOUNDARY & KINCARDINE DR (__3ZA1CZ),__3ZA1CZ,01 - Non intersection,03 - P.D. only,03 - Rear end,01 - Clear,01 - Daylight,01 - Dry,10 - No control,,4,0,0,0,,0,,,,,351876.9344,5016936.869,45.29080933,-75.89982828,10759
16--6486,2016/06/14,7:05 PM,RIVERSIDE DR NB btwn SAN REMO PRIV & INDUSTRIAL AVE (__3ZAZ0A),__3ZAZ0A,01 - Non intersection,03 - P.D. only,04 - Sideswipe,01 - Clear,01 - Daylight,01 - Dry,10 - No control,,3,0,0,0,,0,,,,,370566.793,5030434.042,45.41075241,-75.65978303,10760
16--6487,2016/06/14,7:06 PM,ST. JOSEPH BLVD @ JEANNE D'ARC BLVD (0012421),12421,03 - At intersection,03 - P.D. only,02 - Angle,01 - Clear,01 - Daylight,01 - Dry,11 - Roundabout,01 - Functioning,2,0,0,0,,0,,,,,379860.2833,5036471.351,45.4641367,-75.54014729,10761
16--6488,2016/06/14,7:31 AM,HWY 417 INNES IC112R57 @ INNES RD (0012298),12298,03 - At intersection,02 - Non-fatal injury,02 - Angle,01 - Clear,01 - Daylight,01 - Dry,01 - Traffic signal,01 - Functioning,2,0,0,0,01 - Minimal,2,2,,,,374297.8246,5030755.708,45.41328604,-75.61207673,10762
16--6489,2016/06/14,8:00 AM,HIGHWAY 417 btwn Continuation of HIGHWAY 417 & HWY417 IC155 RAMP26 (__3ZA1M3),__3ZA1M3,01 - Non intersection,03 - P.D. only,04 - Sideswipe,01 - Clear,01 - Daylight,01 - Dry,10 - No control,,2,0,0,0,,0,,,,,339568.4199,5019336.423,45.31311842,-76.05657252,10763
16--649,2016/01/14,8:37 AM,HARWOOD AVE @ PINECREST RD (0002747),2747,03 - At intersection,03 - P.D. only,02 - Angle,03 - Snow,01 - Daylight,03 - Loose snow,02 - Stop sign,01 - Functioning,2,0,0,0,,0,,,,,360209.6751,5024120.738,45.3548424,-75.79280002,10764
16--6490,2016/06/14,8:53 PM,GREENBANK RD btwn MARKETPLACE AVE & JOCKVALE RD (__3ZA4JE),__3ZA4JE,01 - Non intersection,03 - P.D. only,04 - Sideswipe,01 - Clear,05 - Dusk,01 - Dry,10 - No control,,2,0,0,0,,0,,,,,364094.6424,5014394.05,45.2670044,-75.74438384,10765
16--6491,2016/06/14,8:57 AM,CHAPMAN MILLS DR btwn BEATRICE DR & MEADGATE GT (__4FP83C),__4FP83C,01 - Non intersection,03 - P.D. only,06 - SMV unattended vehicle,01 - Clear,01 - Daylight,01 - Dry,10 - No control,,1,0,0,0,,0,,,,,365569.2736,5014936.364,45.27175826,-75.72552734,10766
16--6492,2016/06/14,9:00 AM,ERINDALE DR @ NAVAHO DR (0003367),3367,03 - At intersection,03 - P.D. only,02 - Angle,01 - Clear,01 - Daylight,01 - Dry,02 - Stop sign,01 - Functioning,2,0,0,0,,0,,,,,363662.4882,5025067.343,45.3630785,-75.74862234,10767
16--6493,2016/06/14,9:46 AM,VANIER PKWY/CRICHTON ST @ BEECHWOOD AVE/ST. PA (0001604),1604,02 - Intersection related,03 - P.D. only,03 - Rear end,01 - Clear,01 - Daylight,01 - Dry,01 - Traffic signal,01 - Functioning,2,0,0,0,,0,,,,,369127.8188,5033487.353,45.43835871,-75.67776627,10768
16--6494,2016/06/15,1:59 AM,HWY417 HUNT CLUB IC109 RAMP26 btwn HIGHWAY 417 WB & HUNT CLUB RD EB (e___1GZL),e___1GZL,01 - Non intersection,03 - P.D. only,07 - SMV other,01 - Clear,07 - Dark,01 - Dry,10 - No control,,1,0,0,0,,0,,,,,376501.409,5027748.601,45.38600746,-75.58436384,10769
16--6495,2016/06/15,11:15 AM,CAMPEAU DR @ TERRY FOX DR (0008211),8211,02 - Intersection related,03 - P.D. only,03 - Rear end,01 - Clear,01 - Daylight,01 - Dry,01 - Traffic signal,01 - Functioning,2,0,0,0,,0,,,,,350455.8262,5019010.681,45.30956384,-75.9177537,10770
16--6496,2016/06/15,11:22 PM,ROBERTSON RD btwn VANIER RD & RICHMOND RD (__3ZA4YQ),__3ZA4YQ,01 - Non intersection,03 - P.D. only,07 - SMV other,01 - Clear,07 - Dark,01 - Dry,10 - No control,,1,0,0,0,,0,,,,,357556.952,5020736.981,45.32459973,-75.82701542,10771
16--6497,2016/06/15,11:52 AM,STE. THERESE LANE btwn FORTUNE DR & FORTUNE DR (__3ZA68I),__3ZA68I,04 - At/near private drive,03 - P.D. only,06 - SMV unattended vehicle,01 - Clear,01 - Daylight,01 - Dry,10 - No control,,1,0,0,0,,0,,,,,379811.1759,5037473.636,45.47315975,-75.54062219,10772
16--6498,2016/06/15,11:54 AM,INDUSTRIAL AVE btwn RIVERSIDE DR & SANDFORD FLEMING AVE (__3ZA3PG),__3ZA3PG,01 - Non intersection,03 - P.D. only,03 - Rear end,01 - Clear,01 - Daylight,01 - Dry,10 - No control,,3,0,0,0,,0,,,,,370783.253,5030574.741,45.41199799,-75.65699907,10773
16--6499,2016/06/15,12:00 PM,CARRUTHERS AVE btwn BURNSIDE AVE & LYNDALE AVE (__3ZA0VU),__3ZA0VU,01 - Non intersection,03 - P.D. only,06 - SMV unattended vehicle,01 - Clear,01 - Daylight,01 - Dry,10 - No control,,1,0,0,0,,0,,,,,365026.2248,5030155.586,45.40874567,-75.73059498,10774
16--6735,2016/06/21,12:40 PM,ST. JOSEPH BLVD @ JEANNE D'ARC BLVD (0012421),12421,03 - At intersection,03 - P.D. only,02 - Angle,01 - Clear,01 - Daylight,01 - Dry,11 - Roundabout,00 - Unknown,2,0,0,0,,0,,,,,379859.9436,5036471.847,45.4641412,-75.54015156,10775
16--65,2016/01/03,5:02 PM,NORICE ST btwn WOODROFFE AVE & SULLIVAN AVE (__3ZA0F0),__3ZA0F0,01 - Non intersection,03 - P.D. only,06 - SMV unattended vehicle,01 - Clear,05 - Dusk,01 - Dry,10 - No control,,1,0,0,0,,0,,,,,363211.9448,5022404.622,45.33915726,-75.75468756,10776
16--650,2016/01/14,8:43 PM,BANK ST btwn HERON RD & ANOKA ST (__3ZA360),__3ZA360,04 - At/near private drive,02 - Non-fatal injury,02 - Angle,01 - Clear,07 - Dark,02 - Wet,10 - No control,,2,0,0,0,02 - Minor,2,1,1,,,369998.7219,5026842.161,45.37848708,-75.66751444,10777
16--6500,2016/06/15,12:36 PM,MOONEY'S BAY PL btwn RIVERSIDE DR & WATERVIEW CRT (__3ZA9GC),__3ZA9GC,01 - Non intersection,03 - P.D. only,01 - Approaching,01 - Clear,01 - Daylight,01 - Dry,10 - No control,,2,0,0,0,,0,,,,,368454.2494,5025312.972,45.36486987,-75.68742998,10778
16--6501,2016/06/15,12:45 PM,SMYTH RD E/LANCASTER RD @ ST. LAURENT BLVD N/R (0002256),2256,02 - Intersection related,03 - P.D. only,03 - Rear end,01 - Clear,01 - Daylight,01 - Dry,01 - Traffic signal,01 - Functioning,2,0,0,0,,0,,,,,373364.9549,5029423.874,45.40139485,-75.62417913,10779
16--6502,2016/06/15,12:49 PM,HIGHWAY 417 btwn HWY417 IC121B RAMP51 & HWY417 IC121A RAMP51 (__3ZA2YW),__3ZA2YW,01 - Non intersection,03 - P.D. only,03 - Rear end,01 - Clear,01 - Daylight,01 - Dry,10 - No control,,2,0,0,0,,0,,,,,366585.1157,5029515.824,45.40285338,-75.71076181,10780
16--6503,2016/06/15,2:00 AM,HIGHWAY 417 btwn HWY417 IC163 RAMP16 & HWY417 IC169 RAMP61 (__5SPO79),__5SPO79,01 - Non intersection,03 - P.D. only,07 - SMV other,01 - Clear,07 - Dark,01 - Dry,10 - No control,,1,0,0,0,,0,,,,,331317.66,5021498.714,45.33293598,-76.16168267,10781
16--6504,2016/06/15,2:08 PM,BANK ST @ WILTON CRES (0007712),7712,03 - At intersection,02 - Non-fatal injury,05 - Turning movement,01 - Clear,01 - Daylight,01 - Dry,02 - Stop sign,01 - Functioning,2,1,0,0,02 - Minor,1,,1,,,368578.3866,5028966.772,45.39773443,-75.68537347,10782
16--6505,2016/06/15,2:09 PM,BLAIR RD @ INNES RD (0004165),4165,02 - Intersection related,03 - P.D. only,04 - Sideswipe,01 - Clear,01 - Daylight,01 - Dry,01 - Traffic signal,01 - Functioning,2,0,0,0,,0,,,,,375578.9604,5031439.33,45.41930849,-75.59561243,10783
16--6506,2016/06/15,2:21 PM,CARLING AVE @ KIRKWOOD AVE N (0002358),2358,02 - Intersection related,03 - P.D. only,03 - Rear end,01 - Clear,01 - Daylight,01 - Dry,01 - Traffic signal,01 - Functioning,3,0,0,0,,0,,,,,364275.2631,5027493.806,45.38485971,-75.74050877,10784
16--6507,2016/06/15,3:16 PM,MAITLAND AVE btwn TERREBONNE DR & CAMEO DR (__3ZBOC9),__3ZBOC9,04 - At/near private drive,02 - Non-fatal injury,07 - SMV other,01 - Clear,01 - Daylight,01 - Dry,10 - No control,,1,0,0,1,01 - Minimal,1,1,,,,364130.9085,5025143.346,45.36372287,-75.74263437,10785
16--6508,2016/06/15,3:48 PM,RICHMOND RD btwn WOODROFFE AVE & LOCKHART AVE (__3ZBPOH),__3ZBPOH,04 - At/near private drive,03 - P.D. only,05 - Turning movement,01 - Clear,01 - Daylight,01 - Dry,10 - No control,,2,0,0,0,,0,,,,,361615.577,5026702.55,45.37796084,-75.77456087,10786
16--6509,2016/06/15,4:20 PM,HIGHWAY 417 btwn HWY417 IC117 RAMP51 & HWY417 IC117 RAMP35 (__3ZA2YN),__3ZA2YN,01 - Non intersection,03 - P.D. only,03 - Rear end,01 - Clear,01 - Daylight,01 - Dry,10 - No control,,2,0,0,0,,0,,,,,370820.5567,5031197.872,45.41760115,-75.65643905,10787
16--651,2016/01/14,9:06 PM,PRINCE OF WALES DR @ WINDING WAY N (0000563),563,02 - Intersection related,03 - P.D. only,99 - Other,01 - Clear,07 - Dark,01 - Dry,02 - Stop sign,01 - Functioning,2,0,0,0,,0,,,,,367411.866,5017053.847,45.29064954,-75.70177958,10788
16--6510,2016/06/15,4:36 PM,PRINCE OF WALES DR btwn CRESTWAY DR & WINDING WAY (__3ZA26E),__3ZA26E,01 - Non intersection,02 - Non-fatal injury,03 - Rear end,01 - Clear,01 - Daylight,01 - Dry,10 - No control,,2,0,0,0,01 - Minimal,1,1,,,,367392.8484,5016827.642,45.28861586,-75.70205055,10789
16--6511,2016/06/15,4:49 PM,ISLAND PARK DR btwn RICHMOND RD & BASSETT LANE (__3ZA235),__3ZA235,01 - Non intersection,03 - P.D. only,03 - Rear end,01 - Clear,01 - Daylight,01 - Dry,10 - No control,,2,0,0,0,,0,,,,,364187.6784,5028757.489,45.39623753,-75.74147504,10790
16--6512,2016/06/15,5:13 PM,ANDERSON RD @ INNES RD (0004200),4200,03 - At intersection,02 - Non-fatal injury,02 - Angle,01 - Clear,01 - Daylight,01 - Dry,01 - Traffic signal,01 - Functioning,2,0,0,0,01 - Minimal,1,1,,,,376280.9666,5031841.789,45.42285821,-75.5865852,10791
16--6513,2016/06/15,5:28 PM,HIGHWAY 417 btwn HWY417 IC117 RAMP51 & HWY417 IC117 RAMP35 (__3ZA2YN),__3ZA2YN,01 - Non intersection,03 - P.D. only,03 - Rear end,01 - Clear,01 - Daylight,01 - Dry,10 - No control,,2,0,0,0,,0,,,,,370790.6172,5031189.93,45.41753252,-75.65682262,10792
16--6514,2016/06/15,5:30 PM,RIVERSIDE DR @ UPLANDS DR/KIMBERWICK CRES N (0006890),6890,02 - Intersection related,03 - P.D. only,04 - Sideswipe,01 - Clear,01 - Daylight,01 - Dry,01 - Traffic signal,01 - Functioning,2,0,0,0,,0,,,,,368194.9415,5022792.824,45.34221766,-75.69106295,10793
16--6515,2016/06/15,5:36 PM,CEDARVIEW RD @ HWY 416 WESTHUNT IC72R24 (0005514),5514,03 - At intersection,02 - Non-fatal injury,02 - Angle,01 - Clear,01 - Daylight,01 - Dry,02 - Stop sign,01 - Functioning,2,0,0,0,01 - Minimal,2,2,,,,359608.1115,5019744.001,45.31550769,-75.80096198,10794
16--6516,2016/06/15,5:43 PM,HERZBERG RD @ CARLING AVE (0003193),3193,02 - Intersection related,03 - P.D. only,03 - Rear end,01 - Clear,01 - Daylight,01 - Dry,01 - Traffic signal,01 - Functioning,4,0,0,0,,0,,,,,352038.3979,5022300.833,45.33906467,-75.89725848,10795
16--6517,2016/06/15,5:58 AM,COBOURG ST @ RIDEAU ST (0008860),8860,03 - At intersection,02 - Non-fatal injury,07 - SMV other,01 - Clear,01 - Daylight,01 - Dry,01 - Traffic signal,01 - Functioning,1,0,0,1,02 - Minor,1,,1,,,369128.693,5032787.913,45.43206534,-75.67784649,10796
16--6518,2016/06/15,6:36 PM,WOODCLIFFE PRIV @ JEANNE D'ARC BLVD (0012420),12420,03 - At intersection,03 - P.D. only,02 - Angle,01 - Clear,01 - Daylight,01 - Dry,02 - Stop sign,01 - Functioning,2,0,0,0,,0,,,,,380106.0525,5036226.508,45.46190734,-75.5370424,10797
16--6519,2016/06/15,6:38 PM,BRANCHWOOD ST btwn WELLS ST & WELLS ST (__4NBBG5),__4NBBG5,01 - Non intersection,03 - P.D. only,06 - SMV unattended vehicle,01 - Clear,01 - Daylight,01 - Dry,10 - No control,,1,0,0,0,,0,,,,,367048.8397,5015592.489,45.27753261,-75.70659057,10798
16--652,2016/01/14,9:11 AM,MEADOWGLEN DR btwn MEADOWHILL CRES & FOREST VALLEY DR (__3ZA624),__3ZA624,01 - Non intersection,02 - Non-fatal injury,03 - Rear end,03 - Snow,01 - Daylight,03 - Loose snow,10 - No control,,2,0,0,0,01 - Minimal,1,1,,,,379816.7427,5035177.094,45.45249663,-75.54090145,10799
16--6520,2016/06/15,7:30 AM,BAYCREST DR @ WALKLEY RD (0006958),6958,03 - At intersection,03 - P.D. only,02 - Angle,01 - Clear,01 - Daylight,01 - Dry,01 - Traffic signal,01 - Functioning,2,0,0,0,,0,,,,,371420.9246,5026590.749,45.37609117,-75.64939105,10800
16--6521,2016/06/15,7:30 AM,MERIVALE RD btwn AMBERWOOD CRES & FALLOWFIELD RD (__3ZA3I9),__3ZA3I9,01 - Non intersection,03 - P.D. only,03 - Rear end,01 - Clear,01 - Daylight,01 - Dry,10 - No control,,2,0,0,0,,0,,,,,366859.0504,5018927.597,45.30755837,-75.70859207,10801
16--6522,2016/06/15,7:30 AM,HIGHWAY 417 btwn HWY417 IC96 RAMP61 & HIGHWAY 417 (__3ZA271),__3ZA271,01 - Non intersection,03 - P.D. only,07 - SMV other,01 - Clear,01 - Daylight,01 - Dry,10 - No control,,1,0,0,0,,0,,,,,387426.0848,5023878.954,45.34998833,-75.44552369,10802