Anom_ID,Accident_Date,Accident_Time,Location,Geo_ID,Accident_Location,Classification_of_Accident,Initial_Impact_Type,Environment_Condition,Light,Road_Surface_Condition,Traffic_Control,Traffic_Control_Condition,No__of_Vehicles,No__of_Bicycles,No__of_Motorcycles,No__of_Pedestrians,Max_Injury,No__of_Injuries,No__of_Minimal,No__of_Minor,No__of_Major,No__of_Fatal,X,Y,Latitude,Longitude,ObjectId
16--6523,2016/06/15,7:43 PM,MONTREAL RD @ VANIER PKWY (0004630),4630,02 - Intersection related,03 - P.D. only,04 - Sideswipe,01 - Clear,01 - Daylight,01 - Dry,01 - Traffic signal,01 - Functioning,2,0,0,0,,0,,,,,370072.9371,5033065.592,45.43447629,-75.66574303,10803
16--6524,2016/06/15,7:45 AM,HWY417 IC126 RAMP61 btwn HWY417 IC126 RAMP63 & HIGHWAY 417 (__3ZAY5Y),__3ZAY5Y,01 - Non intersection,03 - P.D. only,03 - Rear end,01 - Clear,01 - Daylight,01 - Dry,10 - No control,,2,0,0,0,,0,,,,,363154.2926,5025866.509,45.37031179,-75.7550145,10804
16--6525,2016/06/15,8:00 PM,LEES AVE btwn TRANSIT & CHAPEL CRES (2) (__3ZA5XBB),__3ZA5XBB,01 - Non intersection,03 - P.D. only,05 - Turning movement,01 - Clear,01 - Daylight,01 - Dry,10 - No control,,2,0,1,0,,0,,,,,369716.5452,5030987.834,45.41581461,-75.67057145,10805
16--6526,2016/06/15,8:15 AM,BANK ST @ ST. PAUL AVE (0011298),11298,02 - Intersection related,03 - P.D. only,03 - Rear end,01 - Clear,01 - Daylight,01 - Dry,02 - Stop sign,01 - Functioning,3,0,0,0,,0,,,,,370508.3311,5025561.435,45.36691592,-75.66117861,10806
16--6527,2016/06/15,8:22 AM,BANK ST @ LEITRIM RD (0004125),4125,03 - At intersection,02 - Non-fatal injury,05 - Turning movement,01 - Clear,01 - Daylight,01 - Dry,01 - Traffic signal,01 - Functioning,2,0,0,0,02 - Minor,1,,1,,,375357.5287,5021619.272,45.3309747,-75.59984443,10807
16--6528,2016/06/15,8:34 AM,MCARTHUR AVE @ OLMSTEAD ST (0009808),9808,03 - At intersection,02 - Non-fatal injury,07 - SMV other,01 - Clear,01 - Daylight,01 - Dry,01 - Traffic signal,01 - Functioning,1,0,0,1,02 - Minor,1,,1,,,370482.9345,5032724.266,45.43136679,-75.66054893,10808
16--6529,2016/06/15,9:05 AM,COVENTRY RD @ VANIER PKWY (0002139),2139,02 - Intersection related,03 - P.D. only,03 - Rear end,01 - Clear,01 - Daylight,01 - Dry,01 - Traffic signal,01 - Functioning,2,0,0,0,,0,,,,,370676.3189,5031611.783,45.42133895,-75.65822647,10809
16--653,2016/01/14,9:20 AM,ROCKDALE RD S @ HIGHWAY 417 (0004639),4639,03 - At intersection,03 - P.D. only,02 - Angle,03 - Snow,01 - Daylight,03 - Loose snow,02 - Stop sign,01 - Functioning,2,0,0,0,,0,,,,,395262.0273,5022266.472,45.33451414,-75.34583554,10810
16--6530,2016/06/15,9:59 AM,BASELINE RD @ 207 E OF CLYDE AVE (0008213),8213,03 - At intersection,02 - Non-fatal injury,05 - Turning movement,01 - Clear,01 - Daylight,01 - Dry,01 - Traffic signal,01 - Functioning,2,0,0,0,01 - Minimal,1,1,,,,364535.2552,5025000.75,45.36240547,-75.73749053,10811
16--6531,2016/06/16,1:20 PM,BRONSON AVE @ COMMISSIONER ST/SLATER ST (0001679),1679,03 - At intersection,03 - P.D. only,05 - Turning movement,01 - Clear,01 - Daylight,01 - Dry,01 - Traffic signal,01 - Functioning,2,0,0,0,,0,,,,,366768.3113,5030947.886,45.41572248,-75.70824189,10812
16--6532,2016/06/16,1:43 PM,ELGIN ST @ SLATER ST (0002228),2228,02 - Intersection related,03 - P.D. only,04 - Sideswipe,01 - Clear,01 - Daylight,01 - Dry,01 - Traffic signal,00 - Unknown,2,0,0,0,,0,,,,,367890.3171,5031645.794,45.42190176,-75.69381827,10813
16--6533,2016/06/16,1:59 PM,KIRKWOOD AVE @ LEPAGE AVE (0002700),2700,02 - Intersection related,03 - P.D. only,03 - Rear end,01 - Clear,01 - Daylight,01 - Dry,02 - Stop sign,01 - Functioning,2,0,0,0,,0,,,,,364790.3708,5026653.318,45.37725322,-75.73403363,10814
16--6534,2016/06/16,10:18 PM,RIVERSIDE DR @ TREMBLAY RD/HWY417 IC117 RAMP52 (0010790),10790,03 - At intersection,03 - P.D. only,04 - Sideswipe,01 - Clear,07 - Dark,01 - Dry,01 - Traffic signal,01 - Functioning,2,0,0,0,,0,,,,,370801.3645,5031015.884,45.41596551,-75.65670862,10815
16--6535,2016/06/16,10:57 AM,COVENTRY RD @ LOLA ST (0007175),7175,03 - At intersection,03 - P.D. only,02 - Angle,01 - Clear,01 - Daylight,01 - Dry,01 - Traffic signal,01 - Functioning,2,0,0,0,,0,,,,,371263.9431,5031614.797,45.42131049,-75.65071818,10816
16--6536,2016/06/16,11:10 PM,PLACE D'ORLEANS DR W @ ST. JOSEPH BLVD (0008776),8776,03 - At intersection,03 - P.D. only,07 - SMV other,01 - Clear,07 - Dark,01 - Dry,01 - Traffic signal,01 - Functioning,1,0,0,0,,0,,,,,381601.6775,5037684.806,45.47486506,-75.51769237,10817
16--6537,2016/06/16,11:45 AM,BOOTH ST btwn OTTAWA RIVER PKWY & FLEET ST (__5VHJ61),__5VHJ61,04 - At/near private drive,03 - P.D. only,03 - Rear end,01 - Clear,01 - Daylight,01 - Dry,10 - No control,,2,0,0,0,,0,,,,,366267.4974,5030999.204,45.4162284,-75.71463369,10818
16--6538,2016/06/16,12:06 AM,TRIM RD @ VALIN ST (0013092),13092,03 - At intersection,02 - Non-fatal injury,07 - SMV other,01 - Clear,07 - Dark,01 - Dry,01 - Traffic signal,01 - Functioning,1,0,0,0,02 - Minor,1,,1,,,386438.2395,5037556.787,45.47316459,-75.45586316,10819
16--6539,2016/06/16,12:12 PM,GRANT CARMAN DR @ MEADOWLANDS DR (0001111),1111,03 - At intersection,03 - P.D. only,05 - Turning movement,01 - Clear,01 - Daylight,01 - Dry,01 - Traffic signal,01 - Functioning,2,0,0,0,,0,,,,,365051.4686,5023900.831,45.35246439,-75.73103583,10820
16--654,2016/01/14,9:20 AM,GREY NUNS DR @ ST. JOSEPH BLVD (0003642),3642,02 - Intersection related,02 - Non-fatal injury,99 - Other,03 - Snow,01 - Daylight,03 - Loose snow,01 - Traffic signal,01 - Functioning,2,0,0,0,01 - Minimal,1,1,,,,380155.9549,5036667.248,45.46586739,-75.53633682,10821
16--6540,2016/06/16,12:25 PM,TERRY FOX DR btwn HAZELDEAN RD & 135 S OF HAZELDEAN RD/SOBEY'S SC (__3ZBPL2A),__3ZBPL2A,01 - Non intersection,03 - P.D. only,04 - Sideswipe,01 - Clear,01 - Daylight,01 - Dry,10 - No control,,2,0,0,0,,0,,,,,352211.7175,5017237.66,45.29349342,-75.8955317,10822
16--6541,2016/06/16,12:48 PM,ALTA VISTA DR @ CLUNY ST (0007989),7989,02 - Intersection related,03 - P.D. only,03 - Rear end,01 - Clear,01 - Daylight,01 - Dry,02 - Stop sign,01 - Functioning,2,0,0,0,,0,,,,,370541.3451,5029824.572,45.40527103,-75.66018938,10823
16--6542,2016/06/16,12:59 PM,HUNT CLUB RD @ LORRY GREENBERG DR/SABLE RIDGE  (0008203),8203,03 - At intersection,03 - P.D. only,05 - Turning movement,01 - Clear,01 - Daylight,01 - Dry,01 - Traffic signal,01 - Functioning,2,0,0,0,,0,,,,,372824.6572,5024808.653,45.3599217,-75.63171576,10824
16--6543,2016/06/16,2:20 PM,HOLLAND AVE/TUNNEY'S PASTURE @ SCOTT ST (0006494),6494,02 - Intersection related,03 - P.D. only,03 - Rear end,01 - Clear,01 - Daylight,01 - Dry,01 - Traffic signal,01 - Functioning,2,0,0,0,,0,,,,,364736.5474,5029595.31,45.4037293,-75.73436346,10825
16--6544,2016/06/16,2:43 PM,HAZELDEAN RD @ SWEETNAM DR (0005271),5271,03 - At intersection,03 - P.D. only,03 - Rear end,01 - Clear,01 - Daylight,01 - Dry,02 - Stop sign,01 - Functioning,2,0,0,0,,0,,,,,350474.9099,5015655.765,45.27937408,-75.91781932,10826
16--6545,2016/06/16,2:50 PM,COVENTRY RD btwn ST. LAURENT SC WEST & ST. LAURENT BLVD (__3ZA2CAC),__3ZA2CAC,01 - Non intersection,03 - P.D. only,04 - Sideswipe,01 - Clear,01 - Daylight,01 - Dry,10 - No control,,2,0,0,0,,0,,,,,372284.0606,5031947.254,45.42420412,-75.63763896,10827
16--6546,2016/06/16,2:59 PM,HIGHWAY 417 btwn HWY417 IC122 RAMP16 & HWY417 IC122 RAMP61 (__3ZA2RA),__3ZA2RA,01 - Non intersection,03 - P.D. only,03 - Rear end,01 - Clear,01 - Daylight,01 - Dry,10 - No control,,2,0,0,0,,0,,,,,365323.0162,5028888.997,45.39732359,-75.72695919,10828
16--6547,2016/06/16,3:00 PM,NORICE ST btwn WOODROFFE AVE & SULLIVAN AVE (__3ZA0F0),__3ZA0F0,04 - At/near private drive,03 - P.D. only,06 - SMV unattended vehicle,01 - Clear,01 - Daylight,01 - Dry,10 - No control,,1,0,0,0,,0,,,,,363274.7291,5022441.461,45.33948351,-75.75388217,10829
16--6548,2016/06/16,3:01 PM,MONTREAL RD @ FOXVIEW PL/DESLOGES PRIV (0008207),8207,03 - At intersection,03 - P.D. only,05 - Turning movement,01 - Clear,01 - Daylight,01 - Dry,02 - Stop sign,01 - Functioning,2,0,0,0,,0,,,,,372904.722,5034450.464,45.4466666,-75.62936232,10830
16--6549,2016/06/16,3:05 PM,BANK ST @ RIDEAU RD (0009263),9263,03 - At intersection,02 - Non-fatal injury,02 - Angle,01 - Clear,01 - Daylight,01 - Dry,01 - Traffic signal,01 - Functioning,2,0,1,0,01 - Minimal,2,2,,,,376954.5252,5017844.473,45.29684831,-75.58002269,10831
16--655,2016/01/14,9:30 AM,NORTHSIDE RD btwn LARKSPUR DR & TO BE DETERMINED (__5UZQJG),__5UZQJG,01 - Non intersection,03 - P.D. only,04 - Sideswipe,03 - Snow,01 - Daylight,04 - Slush,10 - No control,,2,0,0,0,,0,,,,,358302.9107,5021153.063,45.32828721,-75.81745545,10832
16--7114,2016/06/30,5:07 PM,FISHER AVE @ PRINCE OF WALES DR (0000572),572,02 - Intersection related,03 - P.D. only,03 - Rear end,01 - Clear,01 - Daylight,01 - Dry,01 - Traffic signal,01 - Functioning,2,0,0,0,,0,,,,,367161.0284,5023942.286,45.35265297,-75.70410974,10833
16--7115,2016/06/30,5:17 PM,GILCHRIST ST @ SPENCER ST (0006111),6111,03 - At intersection,03 - P.D. only,02 - Angle,01 - Clear,01 - Daylight,01 - Dry,02 - Stop sign,01 - Functioning,2,0,0,0,,0,,,,,364349.7442,5029160.904,45.39985361,-75.73935654,10834
16--7116,2016/06/30,5:33 PM,RIVERSIDE DR @ TREMBLAY RD/HWY417 IC117 RAMP52 (0010790),10790,03 - At intersection,03 - P.D. only,02 - Angle,01 - Clear,01 - Daylight,01 - Dry,01 - Traffic signal,01 - Functioning,2,0,0,0,,0,,,,,370800.9804,5031016.567,45.41597169,-75.65671344,10835
16--7117,2016/06/30,5:40 PM,CHAPEL ST btwn DALY AVE & STEWART ST (__3ZA82O),__3ZA82O,01 - Non intersection,03 - P.D. only,06 - SMV unattended vehicle,01 - Clear,01 - Daylight,01 - Dry,10 - No control,,1,0,0,0,,0,,,,,368980.5713,5032492.416,45.42942018,-75.67977788,10836
16--7118,2016/06/30,5:45 PM,HIGHWAY 417 btwn HWY417 IC119B RAMP57 & HWY417 IC119A RAMP75 (__3ZA1QN),__3ZA1QN,01 - Non intersection,03 - P.D. only,04 - Sideswipe,01 - Clear,01 - Daylight,01 - Dry,10 - No control,,2,0,0,0,,0,,,,,368287.0159,5030338.557,45.4101038,-75.68891809,10837
16--7119,2016/06/30,5:56 PM,MITCH OWENS RD btwn STAGECOACH RD & TEENA COLLEEN PRIV (__3ZA3TQ),__3ZA3TQ,01 - Non intersection,02 - Non-fatal injury,03 - Rear end,01 - Clear,01 - Daylight,01 - Dry,10 - No control,,2,0,0,0,01 - Minimal,1,1,,,,375412.6453,5014493.833,45.26685702,-75.60015609,10838
16--712,2016/01/16,10:43 AM,DONALD ST btwn ST. LAURENT BLVD & GL/OT BOUNDARY (__3ZA2QN),__3ZA2QN,04 - At/near private drive,03 - P.D. only,02 - Angle,01 - Clear,01 - Daylight,01 - Dry,10 - No control,,2,0,0,0,,0,,,,,372134.3276,5032477.195,45.42898671,-75.63947969,10839
16--7120,2016/06/30,6:00 PM,HIGHWAY 417 btwn HWY417 IC120B RAMP36 & HWY417 IC119B RAMP76 (__3ZA2YU),__3ZA2YU,01 - Non intersection,03 - P.D. only,03 - Rear end,01 - Clear,01 - Daylight,01 - Dry,10 - No control,,3,0,0,0,,0,,,,,367791.8822,5030024.463,45.40732241,-75.6952832,10840
16--7121,2016/06/30,6:00 PM,HIGHWAY 417 btwn HWY417 IC129 RAMP25 & HWY417 IC129 RAMP35 (__3ZAYFR),__3ZAYFR,01 - Non intersection,03 - P.D. only,03 - Rear end,01 - Clear,01 - Daylight,01 - Dry,10 - No control,,2,0,0,0,,0,,,,,360455.413,5023523.059,45.34944504,-75.78973115,10841
16--7122,2016/06/30,6:11 PM,HAWTHORNE AVE btwn COLONEL BY DR & MAIN ST (__3ZA2FX),__3ZA2FX,07 - Overpass or bridge,03 - P.D. only,07 - SMV other,01 - Clear,01 - Daylight,01 - Dry,10 - No control,,1,0,0,0,,0,,,,,368776.5721,5030532.229,45.41180181,-75.68263924,10842
16--7123,2016/06/30,6:13 PM,MORIN RD @ REGIONAL RD 174 (0012879),12879,02 - Intersection related,02 - Non-fatal injury,03 - Rear end,01 - Clear,01 - Daylight,01 - Dry,02 - Stop sign,01 - Functioning,3,0,0,0,01 - Minimal,2,2,,,,392040.4484,5042781.78,45.51949508,-75.38329641,10843
16--7124,2016/06/30,6:15 AM,CORKSTOWN RD btwn MARCH RD & MOODIE DR (__3ZA2LR),__3ZA2LR,01 - Non intersection,03 - P.D. only,07 - SMV other,01 - Clear,01 - Daylight,01 - Dry,10 - No control,,1,0,0,0,,0,,,,,352930.7635,5020600.632,45.3237053,-75.88603825,10844
16--7125,2016/06/30,6:23 PM,BURTON RD btwn FRONTIER RD & TO BE DETERMINED (__3ZA6VX),__3ZA6VX,01 - Non intersection,02 - Non-fatal injury,07 - SMV other,01 - Clear,01 - Daylight,01 - Dry,10 - No control,,1,0,0,0,01 - Minimal,1,1,,,,390470.1555,5020337.709,45.31776231,-75.40729511,10845
16--7126,2016/06/30,6:35 AM,INNES RD @ 473 E OF PAGE RD/BUILDERS' WAREHOUS (0009781),9781,02 - Intersection related,02 - Non-fatal injury,03 - Rear end,01 - Clear,01 - Daylight,01 - Dry,01 - Traffic signal,01 - Functioning,2,0,1,0,02 - Minor,1,,1,,,381300.4823,5034781.169,45.44877357,-75.52199598,10846
16--7127,2016/06/30,6:45 PM,HIGHWAY 417 btwn HWY417 IC122 RAMP51 & HWY417 IC122 RAMP15 (__3ZA2R0),__3ZA2R0,01 - Non intersection,03 - P.D. only,04 - Sideswipe,01 - Clear,01 - Daylight,01 - Dry,10 - No control,,2,0,0,0,,0,,,,,365322.513,5028867.452,45.39712978,-75.72696826,10847
16--7128,2016/06/30,7:01 AM,RENAUD RD btwn WHITE ST & MER BLEUE RD (__3ZA6P1),__3ZA6P1,04 - At/near private drive,03 - P.D. only,05 - Turning movement,01 - Clear,01 - Daylight,01 - Dry,10 - No control,,2,0,0,0,,0,,,,,383233.4019,5033606.106,45.43798713,-75.49747603,10848
16--7129,2016/06/30,7:23 PM,DALY AVE @ KING EDWARD AVE (0007755),7755,03 - At intersection,03 - P.D. only,02 - Angle,01 - Clear,01 - Daylight,01 - Dry,02 - Stop sign,01 - Functioning,2,0,0,0,,0,,,,,368591.4881,5032273.366,45.42748485,-75.68477819,10849
16--713,2016/01/16,10:47 AM,WEST HUNT CLUB RD @ WOODROFFE AVE (0000576),576,02 - Intersection related,03 - P.D. only,03 - Rear end,03 - Snow,01 - Daylight,04 - Slush,01 - Traffic signal,01 - Functioning,2,0,0,0,,0,,,,,363669.1891,5021245.674,45.32869092,-75.74899167,10850
16--7130,2016/06/30,7:25 AM,SHEFFIELD RD @ WALKLEY RD (0005156),5156,03 - At intersection,03 - P.D. only,03 - Rear end,01 - Clear,01 - Daylight,01 - Dry,01 - Traffic signal,01 - Functioning,2,0,0,0,,0,,,,,375257.7351,5028784.539,45.39545451,-75.60009581,10851
16--7131,2016/06/30,7:25 PM,CARLING AVE WB btwn CARLING AVE WB RAMP/OTTAWA RIVER PKWY & OTTAWA RIV (__3ZA4V8),__3ZA4V8,01 - Non intersection,03 - P.D. only,04 - Sideswipe,01 - Clear,01 - Daylight,01 - Dry,10 - No control,,2,0,0,0,,0,,,,,360864.3886,5025174.9,45.36427566,-75.78432491,10852
16--7132,2016/06/30,7:26 AM,LAURIER AVE @ WALLER ST/TRANSITWAY (0002020),2020,03 - At intersection,02 - Non-fatal injury,07 - SMV other,01 - Clear,01 - Daylight,01 - Dry,01 - Traffic signal,01 - Functioning,1,0,0,1,01 - Minimal,1,1,,,,368453.9601,5031858.636,45.42376578,-75.68658915,10853
16--7133,2016/06/30,7:26 PM,VANIER PKWY SB btwn COVENTRY RD & HWY417 IC117 RAMP36 (__3ZA4S4),__3ZA4S4,01 - Non intersection,03 - P.D. only,04 - Sideswipe,01 - Clear,01 - Daylight,01 - Dry,10 - No control,,2,0,0,0,,0,,,,,370694.6487,5031566.833,45.42093278,-75.65799829,10854
16--7134,2016/06/30,7:49 PM,BANK ST btwn PATTERSON AVE & POWELL AVE (__3ZA3OE),__3ZA3OE,01 - Non intersection,03 - P.D. only,04 - Sideswipe,01 - Clear,01 - Daylight,01 - Dry,10 - No control,,2,0,0,0,,0,,,,,368171.856,5029950.975,45.40662689,-75.690439,10855
16--7135,2016/06/30,7:57 PM,MARCH RD btwn RICHARDSON SIDE RD & HERZBERG RD (__3ZA42C),__3ZA42C,01 - Non intersection,02 - Non-fatal injury,01 - Approaching,01 - Clear,01 - Daylight,01 - Dry,10 - No control,,2,0,0,0,03 - Major,2,,,2,,352222.4147,5021580.08,45.33256679,-75.8949797,10856
16--7136,2016/06/30,8:19 PM,GEORGE ST btwn DALHOUSIE ST & CUMBERLAND ST (__3ZA81O),__3ZA81O,04 - At/near private drive,02 - Non-fatal injury,07 - SMV other,01 - Clear,01 - Daylight,01 - Dry,10 - No control,,1,0,0,1,01 - Minimal,1,1,,,,368246.2741,5032369.511,45.42838132,-75.68917702,10857
16--7137,2016/06/30,8:21 PM,COVENTRY RD @ VANIER PKWY (0002139),2139,03 - At intersection,03 - P.D. only,07 - SMV other,01 - Clear,05 - Dusk,01 - Dry,01 - Traffic signal,01 - Functioning,1,0,0,0,,0,,,,,370675.4664,5031612.851,45.42134864,-75.65823722,10858
16--7138,2016/06/30,8:26 AM,HIGHWAY 417 btwn HWY417 IC117 RAMP26 & HWY417 IC117 RAMP61 (__3ZA2YM),__3ZA2YM,01 - Non intersection,03 - P.D. only,03 - Rear end,01 - Clear,01 - Daylight,01 - Dry,10 - No control,,2,0,0,0,,0,,,,,370809.5032,5031211.122,45.41772141,-75.65657849,10859
16--7139,2016/06/30,9:00 PM,OTTAWA RIVER PKWY @ ISLAND PARK DR (0002127),2127,03 - At intersection,03 - P.D. only,05 - Turning movement,01 - Clear,05 - Dusk,01 - Dry,01 - Traffic signal,01 - Functioning,2,0,0,0,,0,,,,,363298.3609,5029454.232,45.40258157,-75.75275017,10860
16--714,2016/01/16,10:50 PM,BASELINE RD @ CLYDE AVE (0002343),2343,03 - At intersection,03 - P.D. only,05 - Turning movement,03 - Snow,07 - Dark,03 - Loose snow,01 - Traffic signal,01 - Functioning,2,0,0,0,,0,,,,,364358.0447,5024890.293,45.36142667,-75.7397657,10861
16--7140,2016/07/01,1:25 AM,HIGHWAY 417 btwn HWY417 IC127 RAMP35 & HWY417 IC127 RAMP25 (__3ZA2RE),__3ZA2RE,01 - Non intersection,03 - P.D. only,03 - Rear end,01 - Clear,"08 - Dark, artificial",01 - Dry,10 - No control,,2,0,0,0,,0,,,,,362130.2677,5024833.936,45.3611053,-75.76820653,10862
16--7141,2016/07/01,1:41 AM,YORK ST btwn WILLIAM ST & DALHOUSIE ST (__3ZA817),__3ZA817,01 - Non intersection,03 - P.D. only,04 - Sideswipe,01 - Clear,07 - Dark,01 - Dry,10 - No control,,2,0,0,0,,0,,,,,368080.3152,5032410.589,45.42876597,-75.69129243,10863
16--7142,2016/07/01,10:55 PM,CAMPEAU DR btwn COLCHESTER SQ/TERON RD & MARCH RD (__3ZAZVP),__3ZAZVP,01 - Non intersection,03 - P.D. only,07 - SMV other,02 - Rain,07 - Dark,02 - Wet,10 - No control,,1,0,0,0,,0,,,,,352578.0407,5020467.98,45.32253577,-75.89055017,10864
16--7143,2016/07/01,11:11 PM,TARTAN DR btwn HOULAHAN ST & HARTHILL WAY (__67PYNW),__67PYNW,01 - Non intersection,03 - P.D. only,03 - Rear end,02 - Rain,07 - Dark,02 - Wet,10 - No control,,2,0,0,0,,0,,,,,362476.3804,5013836.426,45.26212142,-75.76506904,10865
16--7144,2016/07/01,11:24 AM,HWY417 IC119A RAMP67 btwn HWY417 IC119A RAMP66 & HIGHWAY 417 (__3ZAYA2),__3ZAYA2,01 - Non intersection,03 - P.D. only,03 - Rear end,01 - Clear,01 - Daylight,01 - Dry,10 - No control,,2,0,0,0,,0,,,,,368587.4947,5030542.118,45.41190805,-75.68505336,10866
16--7145,2016/07/01,12:12 AM,POULIN AVE @ RICHMOND RD (0002748),2748,03 - At intersection,03 - P.D. only,02 - Angle,01 - Clear,07 - Dark,01 - Dry,01 - Traffic signal,01 - Functioning,2,0,0,0,,0,,,,,360325.4599,5024901.611,45.36185951,-75.79123464,10867
16--7146,2016/07/01,2:02 PM,INNES RD @ TRIM RD (0012870),12870,03 - At intersection,03 - P.D. only,02 - Angle,01 - Clear,01 - Daylight,01 - Dry,01 - Traffic signal,01 - Functioning,2,0,0,0,,0,,,,,386566.5448,5037272.192,45.47058909,-75.45426979,10868
16--7147,2016/07/01,3:19 AM,FRANKTOWN RD btwn ASHTON STATION RD & STARLIGHT PL (__5A65CP),__5A65CP,01 - Non intersection,03 - P.D. only,07 - SMV other,01 - Clear,07 - Dark,01 - Dry,10 - No control,,1,0,0,0,,0,,,,,346317.3201,4996853.158,45.110436,-75.97237619,10869
16--7148,2016/07/01,3:30 PM,ARGYLE AVE N @ ELGIN ST (0007262),7262,03 - At intersection,03 - P.D. only,04 - Sideswipe,01 - Clear,01 - Daylight,01 - Dry,01 - Traffic signal,01 - Functioning,2,0,0,0,,0,,,,,368493.6374,5030672.122,45.41308633,-75.68623555,10870
16--7149,2016/07/01,6:08 AM,PRINCE OF WALES DR btwn BLAZER AVE & DEAKIN ST (__3ZA29V),__3ZA29V,04 - At/near private drive,02 - Non-fatal injury,02 - Angle,01 - Clear,01 - Daylight,01 - Dry,10 - No control,,2,0,0,0,02 - Minor,1,,1,,,367348.69,5021174.006,45.32772779,-75.70206489,10871
16--715,2016/01/16,10:58 AM,BANK ST @ HUNT CLUB RD (0002119),2119,02 - Intersection related,03 - P.D. only,04 - Sideswipe,02 - Rain,01 - Daylight,02 - Wet,01 - Traffic signal,01 - Functioning,2,0,0,0,,0,,,,,371608.6597,5024096.491,45.35363084,-75.64733157,10872
16--7150,2016/07/01,7:11 PM,IRIS ST @ WOODROFFE AVE (0002736),2736,02 - Intersection related,03 - P.D. only,03 - Rear end,01 - Clear,01 - Daylight,01 - Dry,01 - Traffic signal,01 - Functioning,2,0,0,0,,0,,,,,362282.9194,5024440.61,45.35755369,-75.76630391,10873
16--7151,2016/07/01,7:23 AM,BLACKBURN BYPASS @ NAVAN RD (0004201),4201,02 - Intersection related,03 - P.D. only,03 - Rear end,01 - Clear,01 - Daylight,01 - Dry,01 - Traffic signal,01 - Functioning,2,0,0,0,,0,,,,,379617.5198,5033275.471,45.43540858,-75.54373731,10874
16--7152,2016/07/01,8:06 PM,BAY ST @ SLATER ST (0005127),5127,03 - At intersection,02 - Non-fatal injury,05 - Turning movement,02 - Rain,01 - Daylight,02 - Wet,01 - Traffic signal,01 - Functioning,2,0,0,0,01 - Minimal,1,1,,,,366984.3796,5031078.116,45.41687508,-75.70546506,10875
16--7153,2016/07/01,9:06 AM,WILLOW ST btwn LEBRETON ST N & RON KOLBUS PRIV (__4TZP1X),__4TZP1X,01 - Non intersection,03 - P.D. only,06 - SMV unattended vehicle,02 - Rain,01 - Daylight,02 - Wet,10 - No control,,1,0,0,0,,0,,,,,366864.5372,5030034.537,45.4074959,-75.70712755,10876
16--7154,2016/07/02,1:00 PM,EGAN RD btwn GARNER AVE & HOBSON RD (__3ZA0S1),__3ZA0S1,01 - Non intersection,03 - P.D. only,06 - SMV unattended vehicle,01 - Clear,01 - Daylight,01 - Dry,10 - No control,,1,0,0,0,,0,,,,,368409.3881,5026018.448,45.37122163,-75.68791176,10877
16--7155,2016/07/02,1:00 PM,HUMMINGBIRD CRES btwn KENNEVALE DR & KENNEVALE DR (__3ZAB5D),__3ZAB5D,01 - Non intersection,03 - P.D. only,06 - SMV unattended vehicle,01 - Clear,01 - Daylight,01 - Dry,10 - No control,,1,0,0,0,,0,,,,,362339.5592,5014688.094,45.269796,-75.76671365,10878
16--7156,2016/07/02,1:10 PM,WALTER BAKER PL btwn RON MASLIN WAY & END (__5VI60L),__5VI60L,01 - Non intersection,03 - P.D. only,06 - SMV unattended vehicle,01 - Clear,01 - Daylight,01 - Dry,10 - No control,,1,0,0,0,,0,,,,,351730.1582,5017453.284,45.29546599,-75.90165053,10879
16--7157,2016/07/02,1:31 PM,COLONNADE RD @ MERIVALE RD (0004569),4569,02 - Intersection related,03 - P.D. only,03 - Rear end,01 - Clear,01 - Daylight,01 - Dry,01 - Traffic signal,01 - Functioning,2,0,0,0,,0,,,,,365363.4755,5022545.155,45.34023933,-75.72722018,10880
16--7158,2016/07/02,1:34 AM,KING EDWARD AVE @ SOMERSET ST/MARIE CURIE PRIV (0001696),1696,03 - At intersection,02 - Non-fatal injury,07 - SMV other,01 - Clear,07 - Dark,01 - Dry,01 - Traffic signal,01 - Functioning,1,0,0,1,02 - Minor,1,,1,,,368957.9141,5031673.7,45.42205576,-75.68017405,10881
16--7159,2016/07/02,10:15 AM,HIGHWAY 417 btwn HWY417 IC96 RAMP61 & HWY417 IC88 RAMP16 (__3ZA27Z),__3ZA27Z,01 - Non intersection,03 - P.D. only,07 - SMV other,01 - Clear,01 - Daylight,01 - Dry,10 - No control,,1,0,0,0,,0,,,,,392387.9586,5022913.296,45.34069823,-75.38238288,10882
16--716,2016/01/16,11:01 AM,TRIM RD btwn BRIARGATE PRIV & INNES RD (__6LJ4XY),__6LJ4XY,01 - Non intersection,03 - P.D. only,07 - SMV other,03 - Snow,01 - Daylight,04 - Slush,10 - No control,,1,0,0,0,,0,,,,,386508.1041,5037413.321,45.47186566,-75.45499361,10883
16--7160,2016/07/02,10:15 PM,HIGHWAY 417 btwn HWY417 IC112 RAMP66 & HWY417 IC112 RAMP56 (__3ZA283),__3ZA283,01 - Non intersection,03 - P.D. only,07 - SMV other,01 - Clear,07 - Dark,01 - Dry,10 - No control,,1,0,0,0,,0,,,,,374472.0513,5030853.758,45.41415092,-75.60983717,10884
16--7161,2016/07/02,11:08 AM,KENT ST @ WELLINGTON ST (0002040),2040,02 - Intersection related,03 - P.D. only,04 - Sideswipe,01 - Clear,01 - Daylight,01 - Dry,01 - Traffic signal,01 - Functioning,2,0,0,0,,0,,,,,367097.016,5031526.574,45.42090015,-75.70396933,10885