Anom_ID,Accident_Date,Accident_Time,Location,Geo_ID,Accident_Location,Classification_of_Accident,Initial_Impact_Type,Environment_Condition,Light,Road_Surface_Condition,Traffic_Control,Traffic_Control_Condition,No__of_Vehicles,No__of_Bicycles,No__of_Motorcycles,No__of_Pedestrians,Max_Injury,No__of_Injuries,No__of_Minimal,No__of_Minor,No__of_Major,No__of_Fatal,X,Y,Latitude,Longitude,ObjectId
16--7162,2016/07/02,Unknown,ESCALLONIA CRT btwn ESCALLONIA CRT & ESCALLONIA CRT (e___1G9F),e___1G9F,01 - Non intersection,03 - P.D. only,06 - SMV unattended vehicle,01 - Clear,00 - Unknown,01 - Dry,10 - No control,,1,0,0,0,,0,,,,,349829.542,5016006.392,45.28257077,-75.92601306,10886
16--7163,2016/07/02,12:11 PM,LAURIER AVE   E btwn HENDERSON AVE & NELSON ST (__3ZA3VQ),__3ZA3VQ,04 - At/near private drive,02 - Non-fatal injury,02 - Angle,01 - Clear,01 - Daylight,01 - Dry,10 - No control,,2,1,0,0,01 - Minimal,1,1,,,,368831.3427,5032090.668,45.42581908,-75.68173704,10887
16--7164,2016/07/02,12:20 PM,REGIONAL ROAD 174 btwn OR174 IC109 RAMP64 & OR174 IC105 RAMP16 (__3ZA2XD),__3ZA2XD,01 - Non intersection,02 - Non-fatal injury,07 - SMV other,01 - Clear,01 - Daylight,01 - Dry,10 - No control,,1,0,1,0,01 - Minimal,1,1,,,,376937.2849,5035627.811,45.45685505,-75.57764468,10888
16--7165,2016/07/02,12:45 AM,DUNROBIN RD @ MARCH RD (0003175),3175,02 - Intersection related,03 - P.D. only,04 - Sideswipe,02 - Rain,07 - Dark,02 - Wet,01 - Traffic signal,01 - Functioning,2,0,0,0,,0,,,,,347173.919,5026065.082,45.37324704,-75.95900152,10889
16--7166,2016/07/02,2:04 PM,NICHOLAS ST NB btwn HWY417 IC118 RAMP52 & WALLER ST/TRANSITWAY (__6KCFNL),__6KCFNL,01 - Non intersection,03 - P.D. only,03 - Rear end,01 - Clear,01 - Daylight,01 - Dry,10 - No control,,2,0,0,0,,0,,,,,369118.2208,5031295.407,45.4186373,-75.67817521,10890
16--7167,2016/07/02,2:10 AM,STONEHAVEN DR @ HARNESS LANE/BLUEMEADOW WAY (0004046),4046,03 - At intersection,02 - Non-fatal injury,07 - SMV other,02 - Rain,07 - Dark,02 - Wet,01 - Traffic signal,01 - Functioning,1,0,0,1,03 - Major,1,,,1,,354571.3075,5016744.423,45.288892,-75.86549978,10891
16--7168,2016/07/02,2:20 PM,MERIVALE RD @ WEST HUNT CLUB RD (0000584),584,02 - Intersection related,03 - P.D. only,03 - Rear end,01 - Clear,01 - Daylight,01 - Dry,01 - Traffic signal,01 - Functioning,2,0,0,0,,0,,,,,365611.5588,5021942.953,45.33479934,-75.72412897,10892
16--7169,2016/07/02,3:24 PM,RIVERSIDE DR @ UPLANDS DR/KIMBERWICK CRES N (0006890),6890,02 - Intersection related,03 - P.D. only,03 - Rear end,01 - Clear,01 - Daylight,01 - Dry,01 - Traffic signal,01 - Functioning,2,0,0,0,,0,,,,,368194.4905,5022792.824,45.3422177,-75.6910687,10893
16--717,2016/01/16,11:20 AM,AVIATION PKWY @ OGILVIE RD (0004114),4114,03 - At intersection,03 - P.D. only,05 - Turning movement,03 - Snow,01 - Daylight,04 - Slush,01 - Traffic signal,01 - Functioning,3,0,0,0,,0,,,,,373109.9637,5032376.961,45.42799025,-75.62702659,10894
16--7170,2016/07/02,4:16 PM,COVENTRY RD @ VANIER PKWY (0002139),2139,02 - Intersection related,03 - P.D. only,03 - Rear end,01 - Clear,01 - Daylight,01 - Dry,01 - Traffic signal,01 - Functioning,2,0,0,0,,0,,,,,370676.1576,5031611.703,45.42133824,-75.65822854,10895
16--7171,2016/07/02,4:21 PM,BANK ST @ SOUTHKEYS SC (0009010),9010,02 - Intersection related,03 - P.D. only,04 - Sideswipe,01 - Clear,01 - Daylight,01 - Dry,01 - Traffic signal,01 - Functioning,2,0,0,0,,0,,,,,371083.1446,5024522.436,45.35751323,-75.65398079,10896
16--7172,2016/07/02,4:37 PM,HERON RD @ ALTA VISTA DR (0007188),7188,03 - At intersection,02 - Non-fatal injury,02 - Angle,01 - Clear,01 - Daylight,01 - Dry,01 - Traffic signal,01 - Functioning,2,0,0,0,01 - Minimal,2,2,,,,370490.7797,5026903.577,45.37899372,-75.66122414,10897
16--7173,2016/07/02,5:10 AM,TENTH LINE RD btwn LAKEPOINTE DR & BLACKBURN BYPS (__6732GZ),__6732GZ,01 - Non intersection,03 - P.D. only,07 - SMV other,01 - Clear,03 - Dawn,01 - Dry,10 - No control,,1,0,0,0,,0,,,,,384405.1463,5035078.923,45.45110579,-75.48226306,10898
16--7174,2016/07/02,5:17 PM,HAZELDEAN RD @ TERRY FOX DR (0003682),3682,03 - At intersection,03 - P.D. only,03 - Rear end,01 - Clear,01 - Daylight,01 - Dry,01 - Traffic signal,01 - Functioning,2,0,0,0,,0,,,,,352207.8383,5017242.906,45.29354089,-75.89558066,10899
16--7175,2016/07/02,5:20 PM,HAWTHORNE RD @ HUNT CLUB RD (0007651),7651,02 - Intersection related,03 - P.D. only,03 - Rear end,01 - Clear,01 - Daylight,01 - Dry,01 - Traffic signal,01 - Functioning,2,0,0,0,,0,,,,,375507.3593,5026407.31,45.37404023,-75.59724847,10900
16--7176,2016/07/02,5:30 PM,MCARTHUR AVE @ VANIER PKWY (0004626),4626,02 - Intersection related,03 - P.D. only,03 - Rear end,01 - Clear,01 - Daylight,01 - Dry,01 - Traffic signal,01 - Functioning,2,0,0,0,,0,,,,,370218.4855,5032690.805,45.43109051,-75.66393276,10901
16--7177,2016/07/02,6:06 PM,CENTREPOINTE DR @ CHRYSALIS WAY/PLUNKETT CRT (0009777),9777,03 - At intersection,03 - P.D. only,02 - Angle,01 - Clear,01 - Daylight,01 - Dry,02 - Stop sign,01 - Functioning,2,0,0,0,,0,,,,,362634.296,5022686.24,45.3417391,-75.76202459,10902
16--7178,2016/07/02,8:08 PM,BANK ST @ CATHERINE ST (0002708),2708,02 - Intersection related,03 - P.D. only,02 - Angle,01 - Clear,01 - Daylight,01 - Dry,01 - Traffic signal,01 - Functioning,2,0,0,0,,0,,,,,368039.9327,5030267.117,45.40948337,-75.69208356,10903
16--7179,2016/07/02,9:34 PM,KING EDWARD AVE @ TEMPLETON ST (0007695),7695,02 - Intersection related,03 - P.D. only,04 - Sideswipe,01 - Clear,07 - Dark,01 - Dry,01 - Traffic signal,01 - Functioning,2,0,0,0,,0,,,,,369060.3908,5031507.127,45.42054759,-75.67888644,10904
16--718,2016/01/16,11:29 AM,MARCH RD btwn RICHARDSON SIDE RD & HERZBERG RD (__3ZA42C),__3ZA42C,01 - Non intersection,03 - P.D. only,07 - SMV other,03 - Snow,01 - Daylight,03 - Loose snow,10 - No control,,1,0,0,0,,0,,,,,351846.474,5021675.955,45.33345479,-75.89976661,10905
16--7180,2016/07/03,1:00 PM,MAITLAND AVE/GLENMOUNT AVE @ ERINDALE DR (0002724),2724,02 - Intersection related,03 - P.D. only,04 - Sideswipe,01 - Clear,01 - Daylight,01 - Dry,01 - Traffic signal,01 - Functioning,2,0,0,0,,0,,,,,363698.0758,5025211.711,45.36437451,-75.7481509,10906
16--6736,2016/06/21,2:00 AM,WILLIAM ST btwn YORK ST & GEORGE ST (__3ZBOX5),__3ZBOX5,01 - Non intersection,03 - P.D. only,06 - SMV unattended vehicle,01 - Clear,07 - Dark,01 - Dry,10 - No control,,1,0,0,0,,0,,,,,367991.2944,5032331.78,45.42806492,-75.69244009,10907
16--6737,2016/06/21,2:12 PM,DUNROBIN RD btwn DUNROBIN RD & MURPHY SIDE RD (__3ZA3EB),__3ZA3EB,01 - Non intersection,03 - P.D. only,04 - Sideswipe,01 - Clear,01 - Daylight,01 - Dry,10 - No control,,2,0,0,0,,0,,,,,342358.6164,5031462.185,45.42208633,-76.02006644,10908
16--6738,2016/06/21,2:28 PM,CASTLEFRANK RD @ MCCURDY DR N (0003251),3251,02 - Intersection related,03 - P.D. only,03 - Rear end,01 - Clear,01 - Daylight,01 - Dry,02 - Stop sign,01 - Functioning,2,0,0,0,,0,,,,,352077.9684,5018773.083,45.30731855,-75.89709041,10909
16--6739,2016/06/21,2:30 PM,O'CONNOR ST btwn LAURIER AVE W & GLOUCESTER ST (__3ZBOES),__3ZBOES,01 - Non intersection,03 - P.D. only,04 - Sideswipe,01 - Clear,01 - Daylight,01 - Dry,10 - No control,,3,0,0,0,,0,,,,,367669.6185,5031308.035,45.41888259,-75.69668123,10910
16--674,2016/01/15,3:45 PM,HIGHWAY 417 btwn HWY417 IC123 RAMP62 & HWY417 IC122 RAMP16 (__3ZA2R9),__3ZA2R9,01 - Non intersection,03 - P.D. only,03 - Rear end,01 - Clear,01 - Daylight,01 - Dry,10 - No control,,2,0,0,0,,0,,,,,365133.9274,5028713.858,45.39576405,-75.72939556,10911
16--6740,2016/06/21,3:13 PM,MARCH RD btwn BEARHILL RD & ROB LYTLE'S LANE (__3ZA2QA),__3ZA2QA,01 - Non intersection,02 - Non-fatal injury,01 - Approaching,01 - Clear,01 - Daylight,01 - Dry,10 - No control,,2,0,0,0,03 - Major,2,,,2,,338875.5233,5018676.928,45.30721794,-76.06545464,10912
16--6741,2016/06/21,3:16 PM,PARENT AVE @ ST. PATRICK ST (0008240),8240,02 - Intersection related,03 - P.D. only,03 - Rear end,01 - Clear,01 - Daylight,01 - Dry,01 - Traffic signal,01 - Functioning,2,0,0,0,,0,,,,,367821.9436,5032556.966,45.43010634,-75.69457529,10913
16--6742,2016/06/21,3:20 PM,INNES RD @ VISENEAU DR (0012442),12442,02 - Intersection related,03 - P.D. only,03 - Rear end,01 - Clear,01 - Daylight,01 - Dry,01 - Traffic signal,01 - Functioning,2,0,0,0,,0,,,,,381797.6237,5035072.429,45.4513395,-75.51559573,10914
16--6743,2016/06/21,3:28 PM,BELFAST RD btwn COVENTRY RD & TREMBLAY RD (__3ZA3CW),__3ZA3CW,01 - Non intersection,03 - P.D. only,03 - Rear end,01 - Clear,01 - Daylight,01 - Dry,10 - No control,,2,0,0,0,,0,,,,,371532.9657,5031540.415,45.42061562,-75.64729104,10915
16--6744,2016/06/21,4:00 PM,CARLING AVE @ IROQUOIS RD (0003145),3145,02 - Intersection related,03 - P.D. only,02 - Angle,01 - Clear,01 - Daylight,01 - Dry,01 - Traffic signal,01 - Functioning,2,0,0,0,,0,,,,,362213.9115,5026024.403,45.37181017,-75.76700061,10916
16--6745,2016/06/21,4:03 PM,BRENTWOOD AVE @ VICTORIA ST (0001613),1613,02 - Intersection related,02 - Non-fatal injury,03 - Rear end,01 - Clear,01 - Daylight,01 - Dry,02 - Stop sign,00 - Unknown,2,0,0,0,01 - Minimal,2,2,,,,384704.1324,5010723.485,45.23193949,-75.48237479,10917
16--6746,2016/06/21,4:10 PM,HIGHWAY 417 btwn HWY417 IC126 RAMP61 & HWY417 IC124 RAMP76 (__3ZA2Y2),__3ZA2Y2,01 - Non intersection,03 - P.D. only,03 - Rear end,01 - Clear,01 - Daylight,01 - Dry,10 - No control,,2,0,0,0,,0,,,,,363669.877,5026530.326,45.3762416,-75.74835369,10918
16--6747,2016/06/21,4:12 PM,MERIVALE RD btwn GERVIN ST & AMBERWOOD CRES (__3ZA3ID),__3ZA3ID,04 - At/near private drive,03 - P.D. only,03 - Rear end,01 - Clear,01 - Daylight,01 - Dry,10 - No control,,2,0,0,0,,0,,,,,366402.0392,5020030.913,45.31752612,-75.71428238,10919
16--6748,2016/06/21,4:28 PM,LYON ST @ WELLINGTON ST (0002388),2388,02 - Intersection related,03 - P.D. only,05 - Turning movement,01 - Clear,01 - Daylight,01 - Dry,01 - Traffic signal,01 - Functioning,2,0,0,0,,0,,,,,366937.7555,5031427.408,45.42002205,-75.70601667,10920
16--6749,2016/06/21,4:50 PM,CYRVILLE RD @ MEADOWBROOK RD (0012477),12477,03 - At intersection,02 - Non-fatal injury,02 - Angle,01 - Clear,01 - Daylight,01 - Dry,01 - Traffic signal,01 - Functioning,2,0,0,0,01 - Minimal,1,1,,,,374629.0565,5031241.88,45.41762739,-75.60777645,10921
16--675,2016/01/15,4:07 PM,INDUSTRIAL AVE btwn RUSSELL RD & ST. LAURENT BLVD (__3ZA3R7),__3ZA3R7,04 - At/near private drive,03 - P.D. only,02 - Angle,01 - Clear,01 - Daylight,01 - Dry,10 - No control,,2,0,0,0,,0,,,,,372671.2944,5030116.185,45.40769155,-75.63294335,10922
16--6750,2016/06/21,4:55 PM,CARLING AVE @ CIVIC HOSPITAL (0008793),8793,03 - At intersection,03 - P.D. only,05 - Turning movement,01 - Clear,01 - Daylight,01 - Dry,01 - Traffic signal,01 - Functioning,2,0,0,0,,0,,,,,365790.5118,5028278.715,45.39179185,-75.72106402,10923
16--6751,2016/06/21,4:56 PM,CARLING AVE @ PARKDALE AVE (0008792),8792,03 - At intersection,03 - P.D. only,05 - Turning movement,01 - Clear,01 - Daylight,01 - Dry,01 - Traffic signal,01 - Functioning,2,0,0,0,,0,,,,,365625.7141,5028173.586,45.39086026,-75.72318149,10924
16--6752,2016/06/21,4:58 PM,INNES RD btwn 260 E OF BELCOURT BLVD/WALMART SC & JEANNE D'ARC BLVD/ME (__3ZA3JWB),__3ZA3JWB,01 - Non intersection,02 - Non-fatal injury,03 - Rear end,01 - Clear,01 - Daylight,01 - Dry,10 - No control,,3,0,0,0,01 - Minimal,1,1,,,,382377.7762,5035417.159,45.45437693,-75.5081253,10925
16--6753,2016/06/21,4:58 PM,RIVERSIDE DR SB btwn HWY417 IC117 RAMP52 & HWY417 IC117 RAMP35 (__3ZA256),__3ZA256,01 - Non intersection,03 - P.D. only,03 - Rear end,01 - Clear,01 - Daylight,01 - Dry,10 - No control,,2,0,0,0,,0,,,,,370807.5359,5031115.389,45.41686023,-75.65661645,10926
16--6754,2016/06/21,5:12 PM,ST. LAURENT BLVD @ MCARTHUR AVE (0008246),8246,02 - Intersection related,03 - P.D. only,04 - Sideswipe,01 - Clear,01 - Daylight,01 - Dry,01 - Traffic signal,01 - Functioning,2,0,0,0,,0,,,,,371921.2598,5032886.886,45.4326934,-75.64214651,10927
16--6755,2016/06/21,5:25 PM,INNES RD btwn INDUSTRIAL AVE & BANTREE ST (__3ZA2XQ),__3ZA2XQ,01 - Non intersection,03 - P.D. only,04 - Sideswipe,01 - Clear,01 - Daylight,01 - Dry,10 - No control,,2,0,0,0,,0,,,,,373144.3558,5030029.242,45.40686324,-75.62691274,10928
16--6756,2016/06/21,5:27 PM,BANK ST btwn HERON RD & ANOKA ST (__3ZA360),__3ZA360,04 - At/near private drive,02 - Non-fatal injury,05 - Turning movement,01 - Clear,01 - Daylight,01 - Dry,10 - No control,,2,1,0,0,01 - Minimal,1,1,,,,370019.6498,5026781.509,45.3779394,-75.66725526,10929
16--6757,2016/06/21,5:38 AM,OGILVIE RD @ CITY PARK DR E/CSIS HQ ACCESS (0003696),3696,03 - At intersection,03 - P.D. only,02 - Angle,01 - Clear,03 - Dawn,01 - Dry,01 - Traffic signal,01 - Functioning,2,0,0,0,,0,,,,,374188.6356,5033011.27,45.43359124,-75.61315387,10930
16--6758,2016/06/21,5:39 PM,INNES RD @ PORTOBELLO BLVD (0009187),9187,03 - At intersection,02 - Non-fatal injury,05 - Turning movement,01 - Clear,01 - Daylight,01 - Dry,01 - Traffic signal,01 - Functioning,2,0,0,0,01 - Minimal,1,1,,,,385631.0933,5036891.875,45.46727626,-75.46629407,10931
16--6759,2016/06/21,5:45 PM,HIGHWAY 417 btwn HWY417 IC127 RAMP63 & HWY417 IC127 RAMP67 (__3ZA2RF),__3ZA2RF,01 - Non intersection,03 - P.D. only,03 - Rear end,01 - Clear,01 - Daylight,01 - Dry,10 - No control,,2,0,0,0,,0,,,,,362125.3746,5024851.964,45.36126792,-75.7682669,10932
16--676,2016/01/15,4:30 PM,ALBERT ST @ BOOTH ST (0002162),2162,02 - Intersection related,03 - P.D. only,03 - Rear end,01 - Clear,01 - Daylight,02 - Wet,01 - Traffic signal,01 - Functioning,3,0,0,0,,0,,,,,366428.0346,5030626.347,45.41285942,-75.71262934,10933
16--6760,2016/06/21,5:48 PM,JEANNE D'ARC BLVD @ PADDLER WAY/VORLAGE DR E (0003297),3297,03 - At intersection,03 - P.D. only,05 - Turning movement,01 - Clear,01 - Daylight,01 - Dry,01 - Traffic signal,01 - Functioning,2,0,0,0,,0,,,,,379612.2113,5037995.437,45.47787585,-75.54308709,10934
16--6761,2016/06/21,6:04 PM,ONTARIO ST @ NORTH RIVER RD (0008540),8540,02 - Intersection related,03 - P.D. only,03 - Rear end,01 - Clear,01 - Daylight,01 - Dry,02 - Stop sign,00 - Unknown,2,0,0,0,,0,,,,,369938.7076,5032315.994,45.42774423,-75.6675576,10935
16--6762,2016/06/21,6:11 PM,LAURIER AVE   W btwn QUEEN ELIZABETH DRWY/LAURIER AVE EB OFF RAMP & LA (__3ZA354),__3ZA354,01 - Non intersection,03 - P.D. only,03 - Rear end,01 - Clear,01 - Daylight,01 - Dry,10 - No control,,3,0,0,0,,0,,,,,368174.7932,5031681.444,45.42219682,-75.69017896,10936
16--6763,2016/06/21,6:12 AM,INSMILL CRES btwn CHELTONIA WAY & GOLDRIDGE DR S (__3ZA47T),__3ZA47T,04 - At/near private drive,03 - P.D. only,06 - SMV unattended vehicle,01 - Clear,01 - Daylight,01 - Dry,10 - No control,,1,0,0,0,,0,,,,,349521.0754,5019257.737,45.31184707,-75.92965163,10937
16--6764,2016/06/21,6:30 AM,TOMPKINS AVE btwn LEFEBVRE WAY & TENTH LINE RD (__3ZA606),__3ZA606,01 - Non intersection,03 - P.D. only,07 - SMV other,01 - Clear,01 - Daylight,01 - Dry,10 - No control,,1,0,0,0,,0,,,,,383091.9344,5037939.55,45.47699152,-75.49859402,10938
16--6765,2016/06/21,6:30 PM,FALLOWFIELD RD @ LARKIN DR (0000555),555,02 - Intersection related,02 - Non-fatal injury,03 - Rear end,01 - Clear,01 - Daylight,01 - Dry,01 - Traffic signal,01 - Functioning,2,0,0,0,02 - Minor,2,,2,,,361721.6662,5015913.666,45.28087406,-75.77444695,10939
16--6766,2016/06/21,6:31 PM,TERRY FOX DR @ PALLADIUM DR/KATIMAVIK RD (0011858),11858,02 - Intersection related,03 - P.D. only,03 - Rear end,01 - Clear,01 - Daylight,01 - Dry,01 - Traffic signal,01 - Functioning,2,0,0,0,,0,,,,,351269.9435,5018180.648,45.30204159,-75.90744968,10940
16--6767,2016/06/21,6:50 AM,DWYER HILL RD @ ROGER STEVENS DR (0003690),3690,03 - At intersection,03 - P.D. only,05 - Turning movement,01 - Clear,01 - Daylight,01 - Dry,02 - Stop sign,01 - Functioning,2,0,0,0,,0,,,,,354337.2184,4989351.497,45.04241551,-75.87120158,10941
16--6768,2016/06/21,6:57 AM,HERON RD btwn ALTA VISTA DR & FINN CRT (__5RFC5O),__5RFC5O,04 - At/near private drive,02 - Non-fatal injury,02 - Angle,01 - Clear,01 - Daylight,01 - Dry,10 - No control,,2,0,0,0,02 - Minor,1,,1,,,370647.0038,5026923.021,45.379154,-75.65922701,10942
16--6769,2016/06/21,7:01 PM,MACKAY ST @ VAUGHAN ST (0011558),11558,03 - At intersection,03 - P.D. only,02 - Angle,01 - Clear,01 - Daylight,01 - Dry,02 - Stop sign,01 - Functioning,2,0,0,0,,0,,,,,369064.482,5033636.362,45.43970526,-75.67855629,10943
16--677,2016/01/15,4:55 PM,SOMERSET ST    W btwn PRESTON ST & ROCHESTER ST (__3ZA321),__3ZA321,01 - Non intersection,03 - P.D. only,06 - SMV unattended vehicle,01 - Clear,05 - Dusk,01 - Dry,10 - No control,,1,0,0,0,,0,,,,,366468.1967,5030198.438,45.40900567,-75.7121698,10944
16--6770,2016/06/21,7:20 AM,REGIONAL RD 174 @ TRIM RD (0012835),12835,02 - Intersection related,03 - P.D. only,03 - Rear end,01 - Clear,01 - Daylight,01 - Dry,01 - Traffic signal,01 - Functioning,2,0,0,0,,0,,,,,384351.984,5039989.891,45.49529609,-75.48214748,10945
16--6771,2016/06/21,7:53 AM,HIGHWAY 7 btwn UPPER DWYER HILL RD & HIGHWAY 7 (__7JQ7LM),__7JQ7LM,01 - Non intersection,03 - P.D. only,04 - Sideswipe,01 - Clear,01 - Daylight,01 - Dry,10 - No control,,2,0,0,0,,0,,,,,341111.8187,5007330.353,45.20500342,-76.03776647,10946
16--6772,2016/06/21,7:56 AM,ST. PATRICK ST btwn PARENT AVE & DALHOUSIE ST (__3ZA3WN),__3ZA3WN,01 - Non intersection,02 - Non-fatal injury,04 - Sideswipe,01 - Clear,01 - Daylight,01 - Dry,10 - No control,,3,0,0,0,02 - Minor,1,,1,,,367935.3782,5032626.376,45.43072064,-75.69311684,10947
16--6773,2016/06/21,8:00 AM,HIGHWAY 417 btwn HWY417 IC117 RAMP61 & HWY417 IC115 RAMP36 (__3ZA2RZ),__3ZA2RZ,01 - Non intersection,03 - P.D. only,03 - Rear end,01 - Clear,01 - Daylight,01 - Dry,10 - No control,,2,0,0,0,,0,,,,,371567.1714,5031425.653,45.41957978,-75.64686956,10948
16--6774,2016/06/21,8:09 PM,WALKLEY RD btwn 152 E OF HEATHERINGTON RD & HOLLY LANE (__3ZA2LVB),__3ZA2LVB,04 - At/near private drive,03 - P.D. only,02 - Angle,01 - Clear,01 - Daylight,01 - Dry,10 - No control,,2,0,0,0,,0,,,,,372021.6283,5026940.275,45.3791787,-75.64167461,10949
16--6775,2016/06/21,8:18 AM,SCISSONS RD btwn SAWYER WAY & SAWYER WAY (__3ZACGJ),__3ZACGJ,04 - At/near private drive,03 - P.D. only,02 - Angle,01 - Clear,01 - Daylight,01 - Dry,10 - No control,,2,0,0,0,,0,,,,,356581.9799,5016192.579,45.28378114,-75.83992636,10950
16--6776,2016/06/21,8:20 PM,SIXTH LINE RD @ BERRY SIDE RD (0003189),3189,03 - At intersection,03 - P.D. only,05 - Turning movement,01 - Clear,01 - Daylight,01 - Dry,02 - Stop sign,00 - Unknown,2,0,0,0,,0,,,,,348076.7835,5031346.285,45.42071307,-75.94701163,10951
16--6777,2016/06/21,9:33 AM,BASELINE RD @ GREENBANK RD (0002357),2357,02 - Intersection related,03 - P.D. only,04 - Sideswipe,01 - Clear,01 - Daylight,01 - Dry,01 - Traffic signal,01 - Functioning,2,0,0,0,,0,,,,,360597.2333,5022584.049,45.34098457,-75.78802732,10952
16--6778,2016/06/22,1:18 PM,MEADOWLANDS DR btwn CLAYMOR AVE & DEBRA AVE (__3ZA3GTA),__3ZA3GTA,01 - Non intersection,03 - P.D. only,03 - Rear end,01 - Clear,01 - Daylight,01 - Dry,10 - No control,,2,0,0,0,,0,,,,,367012.6922,5025441.295,45.36615392,-75.70581404,10953
16--6779,2016/06/22,1:29 PM,ELGIN ST @ PARK AVE (0007725),7725,03 - At intersection,03 - P.D. only,02 - Angle,01 - Clear,01 - Daylight,01 - Dry,02 - Stop sign,01 - Functioning,2,0,0,0,,0,,,,,368467.5813,5030712.8,45.41345471,-75.68656316,10954
16--678,2016/01/15,5:24 PM,PINECREST RD @ RICHMOND RD (0002353),2353,02 - Intersection related,03 - P.D. only,03 - Rear end,03 - Snow,05 - Dusk,02 - Wet,01 - Traffic signal,01 - Functioning,2,0,0,0,,0,,,,,360072.89,5024471.732,45.35801143,-75.79450644,10955
16--6780,2016/06/22,10:00 PM,CARP RD btwn CARDEVCO RD & WESTHUNT RD (__3ZA3FU),__3ZA3FU,01 - Non intersection,03 - P.D. only,07 - SMV other,01 - Clear,07 - Dark,01 - Dry,10 - No control,,1,0,0,0,,0,,,,,345934.4878,5017471.53,45.29599337,-75.97553924,10956
16--6781,2016/06/22,10:43 PM,GREENBANK RD btwn JOCKVALE RD & CAMBRIAN RD (__3ZA2WE),__3ZA2WE,01 - Non intersection,03 - P.D. only,01 - Approaching,02 - Rain,07 - Dark,02 - Wet,10 - No control,,2,0,0,0,,0,,,,,364477.9996,5013485.408,45.258796,-75.73960814,10957
16--6782,2016/06/22,10:50 AM,MARGUERITE AVE btwn ONTARIO ST & DONALD ST (__3ZA8ZP),__3ZA8ZP,01 - Non intersection,03 - P.D. only,06 - SMV unattended vehicle,01 - Clear,01 - Daylight,01 - Dry,10 - No control,,1,0,0,0,,0,,,,,370078.2304,5032270.062,45.42731794,-75.66578085,10958
16--6783,2016/06/22,11:01 PM,ANDERSON RD btwn INNES RD & DESJARDINS ST (__3ZBOG0),__3ZBOG0,01 - Non intersection,03 - P.D. only,07 - SMV other,02 - Rain,07 - Dark,02 - Wet,10 - No control,,1,0,0,0,,0,,,,,376662.6905,5031609.256,45.42072691,-75.58174192,10959
16--6784,2016/06/22,11:05 AM,FALLOWFIELD RD @ GREENBANK RD (0000549),549,03 - At intersection,02 - Non-fatal injury,05 - Turning movement,01 - Clear,01 - Daylight,01 - Dry,01 - Traffic signal,01 - Functioning,2,0,0,0,01 - Minimal,2,2,,,,363079.7587,5016733.475,45.28813944,-75.75704115,10960
16--6785,2016/06/22,11:30 AM,RICHMOND RD btwn CHURCHILL AVE N & WINONA AVE (__3ZA4OX),__3ZA4OX,01 - Non intersection,03 - P.D. only,06 - SMV unattended vehicle,01 - Clear,01 - Daylight,01 - Dry,10 - No control,,1,0,0,0,,0,,,,,363239.5052,5028301.727,45.39221643,-75.75363846,10961
16--6786,2016/06/22,11:50 AM,HAZELDEAN RD @ FRINGEWOOD DR (0000073),73,02 - Intersection related,03 - P.D. only,07 - SMV other,01 - Clear,01 - Daylight,01 - Dry,01 - Traffic signal,01 - Functioning,1,0,0,0,,0,,,,,350754.6571,5015908.95,45.28163409,-75.91423035,10962
16--6787,2016/06/22,12:00 PM,BANK ST @ JOHNSTON RD (0006967),6967,03 - At intersection,03 - P.D. only,01 - Approaching,01 - Clear,01 - Daylight,01 - Dry,01 - Traffic signal,01 - Functioning,2,0,0,0,,0,,,,,370851.0541,5024840.204,45.3603943,-75.65690034,10963
16--6788,2016/06/22,12:10 PM,INNES RD btwn CHAPELIER PRIV & DU GRAND BOIS AVE (__3ZBOGP),__3ZBOGP,04 - At/near private drive,03 - P.D. only,03 - Rear end,01 - Clear,01 - Daylight,01 - Dry,10 - No control,,3,0,0,0,,0,,,,,383104.1184,5035760.082,45.45738124,-75.49878543,10964
16--6789,2016/06/22,12:21 PM,BANK ST @ JOHNSTON RD (0006967),6967,03 - At intersection,03 - P.D. only,04 - Sideswipe,01 - Clear,01 - Daylight,01 - Dry,01 - Traffic signal,01 - Functioning,2,0,0,0,,0,,,,,370852.1897,5024839.298,45.36038605,-75.65688597,10965
16--679,2016/01/15,5:25 PM,HWY417 IC140 RAMP36 btwn TERRY FOX DR & HIGHWAY 417 (__3ZAYB4),__3ZAYB4,01 - Non intersection,03 - P.D. only,07 - SMV other,01 - Clear,05 - Dusk,01 - Dry,10 - No control,,1,0,0,0,,0,,,,,350674.0546,5018458.775,45.30458342,-75.91502187,10966
16--6790,2016/06/22,12:24 PM,PLEASANT PARK RD @ ALTA VISTA DR (0008005),8005,03 - At intersection,03 - P.D. only,02 - Angle,01 - Clear,01 - Daylight,01 - Dry,01 - Traffic signal,01 - Functioning,2,0,0,0,,0,,,,,370366.6766,5028467.414,45.3930762,-75.66260084,10967
16--6791,2016/06/22,12:30 PM,BANK ST @ HERON RD (0002155),2155,02 - Intersection related,03 - P.D. only,04 - Sideswipe,01 - Clear,01 - Daylight,01 - Dry,01 - Traffic signal,01 - Functioning,2,0,0,0,,0,,,,,369996.1792,5026851.772,45.37857379,-75.66754563,10968