Anom_ID,Accident_Date,Accident_Time,Location,Geo_ID,Accident_Location,Classification_of_Accident,Initial_Impact_Type,Environment_Condition,Light,Road_Surface_Condition,Traffic_Control,Traffic_Control_Condition,No__of_Vehicles,No__of_Bicycles,No__of_Motorcycles,No__of_Pedestrians,Max_Injury,No__of_Injuries,No__of_Minimal,No__of_Minor,No__of_Major,No__of_Fatal,X,Y,Latitude,Longitude,ObjectId
16--6792,2016/06/22,2:19 PM,CHAMPLAIN BRIDGE/ISLAND PARK DR btwn BATE ISLAND & OTTAWA RIVER PKWY (__3ZA2ZEB),__3ZA2ZEB,07 - Overpass or bridge,03 - P.D. only,03 - Rear end,01 - Clear,01 - Daylight,01 - Dry,10 - No control,,2,0,0,0,,0,,,,,363116.7071,5029774.805,45.40548118,-75.75503248,10969
16--6793,2016/06/22,2:30 PM,ELGIN ST @ LAURIER AVE (0002232),2232,02 - Intersection related,02 - Non-fatal injury,04 - Sideswipe,01 - Clear,01 - Daylight,01 - Dry,01 - Traffic signal,01 - Functioning,2,1,0,0,01 - Minimal,1,1,,,,367949.3917,5031549.121,45.4210266,-75.69307587,10970
16--6794,2016/06/22,3:21 PM,BRUYERE ST @ SUSSEX DR (0007744),7744,02 - Intersection related,03 - P.D. only,04 - Sideswipe,01 - Clear,01 - Daylight,01 - Dry,01 - Traffic signal,01 - Functioning,2,0,0,0,,0,,,,,367537.9965,5032669.085,45.43114068,-75.69818951,10971
16--6795,2016/06/22,3:24 PM,REGIONAL ROAD 174 btwn OR174 IC105 RAMP25 & OR174 IC102 RAMP51 (__3ZA27G),__3ZA27G,01 - Non intersection,03 - P.D. only,07 - SMV other,01 - Clear,01 - Daylight,01 - Dry,10 - No control,,1,0,0,0,,0,,,,,380702.1856,5037734.757,45.47541283,-75.52918765,10972
16--6796,2016/06/22,3:29 PM,RICHMOND RD @ LYNHAR RD/STAFFORD RD (0000155),155,02 - Intersection related,02 - Non-fatal injury,03 - Rear end,01 - Clear,01 - Daylight,01 - Dry,01 - Traffic signal,01 - Functioning,3,0,0,0,01 - Minimal,1,1,,,,358137.7994,5021086.029,45.3276966,-75.81956887,10973
16--6797,2016/06/22,4:20 PM,NEPEAN ST @ O'CONNOR ST (0006942),6942,03 - At intersection,03 - P.D. only,02 - Angle,01 - Clear,01 - Daylight,01 - Dry,02 - Stop sign,01 - Functioning,2,0,0,0,,0,,,,,367720.0335,5031226.81,45.41814722,-75.69604749,10974
16--6798,2016/06/22,4:45 PM,HIGHWAY 417 btwn HWY417 IC169 RAMP35 & HWY417 IC169 RAMP25 (__5SO7MP),__5SO7MP,01 - Non intersection,03 - P.D. only,07 - SMV other,01 - Clear,01 - Daylight,01 - Dry,10 - No control,,1,0,0,0,,0,,,,,325538.8726,5024802.123,45.36285655,-76.23527011,10975
16--6799,2016/06/22,5:23 PM,ANDRE AUDET AVE @ DUNDONALD DR (0014077),14077,03 - At intersection,03 - P.D. only,02 - Angle,01 - Clear,01 - Daylight,01 - Dry,02 - Stop sign,01 - Functioning,2,0,0,0,,0,,,,,364934.617,5012032.691,45.24568554,-75.73396639,10976
16--68,2016/01/03,5:40 AM,FALLOWFIELD RD btwn EAGLESON RD & RICHMOND RD (__3ZA4Y2),__3ZA4Y2,01 - Non intersection,03 - P.D. only,07 - SMV other,05 - Drifting Snow,07 - Dark,03 - Loose snow,10 - No control,,1,0,0,0,,0,,,,,356852.2172,5013027.028,45.25527694,-75.83681364,10977
16--680,2016/01/15,5:26 PM,SHEFFIELD RD @ WALKLEY RD (0005156),5156,02 - Intersection related,03 - P.D. only,03 - Rear end,01 - Clear,05 - Dusk,05 - Packed snow,01 - Traffic signal,01 - Functioning,2,0,0,0,,0,,,,,375256.2342,5028786.415,45.39547154,-75.60011471,10978
16--6800,2016/06/22,5:28 AM,HIGHWAY 7 btwn HWY 7 HAZELDEAN RD IC RAMP 52 & HAZELDEAN RD IC RAMP 62 (__7JQ7JA),__7JQ7JA,01 - Non intersection,03 - P.D. only,07 - SMV other,01 - Clear,03 - Dawn,01 - Dry,10 - No control,,1,0,0,0,,0,,,,,346402.3964,5012320.435,45.24961417,-75.97000532,10979
16--6801,2016/06/22,5:34 PM,JAMES ST @ LYON ST (0007256),7256,02 - Intersection related,02 - Non-fatal injury,05 - Turning movement,01 - Clear,01 - Daylight,01 - Dry,01 - Traffic signal,01 - Functioning,2,1,0,0,02 - Minor,1,,1,,,367496.0517,5030502.345,45.41164881,-75.69900127,10980
16--6802,2016/06/22,5:49 PM,ELGIN ST @ SLATER ST (0002228),2228,02 - Intersection related,03 - P.D. only,04 - Sideswipe,01 - Clear,01 - Daylight,01 - Dry,01 - Traffic signal,01 - Functioning,2,0,0,0,,0,,,,,367890.935,5031645.666,45.42190056,-75.6938104,10981
16--6803,2016/06/22,6:00 PM,BESSERER ST btwn NICHOLAS ST & DALHOUSIE ST (__3ZBOX0),__3ZBOX0,01 - Non intersection,02 - Non-fatal injury,04 - Sideswipe,01 - Clear,01 - Daylight,01 - Dry,10 - No control,,2,0,0,0,01 - Minimal,1,1,,,,368237.2161,5032146.708,45.42637744,-75.68932146,10982
16--6804,2016/06/22,6:18 PM,CARLING AVE @ CROYDON AVE (0002642),2642,02 - Intersection related,02 - Non-fatal injury,03 - Rear end,01 - Clear,01 - Daylight,01 - Dry,01 - Traffic signal,01 - Functioning,2,0,0,0,01 - Minimal,1,1,,,,360658.9001,5025042.737,45.36310287,-75.78696276,10983
16--6805,2016/06/22,6:23 AM,ST. LAURENT BLVD btwn HWY417 IC115 RAMP25 & TREMBLAY RD (__3ZA3SJ),__3ZA3SJ,01 - Non intersection,03 - P.D. only,04 - Sideswipe,01 - Clear,01 - Daylight,01 - Dry,10 - No control,,2,0,0,0,,0,,,,,372582.4762,5031273.145,45.41810995,-75.63391877,10984
16--6806,2016/06/22,6:35 AM,MOODIE DR @ WEST HUNT CLUB RD (0010414),10414,02 - Intersection related,03 - P.D. only,03 - Rear end,02 - Rain,01 - Daylight,02 - Wet,01 - Traffic signal,01 - Functioning,2,0,0,0,,0,,,,,357907.4262,5018497.779,45.30442474,-75.82278501,10985
16--6807,2016/06/22,6:37 PM,PARKDALE AVE btwn LYNDALE AVE & SCOTT ST (__3ZA31W),__3ZA31W,04 - At/near private drive,03 - P.D. only,02 - Angle,01 - Clear,01 - Daylight,01 - Dry,10 - No control,,2,0,0,0,,0,,,,,364928.734,5029773.685,45.40531779,-75.73188691,10986
16--6808,2016/06/22,6:55 AM,MAITLAND AVE/HWY 417 MAITLAND IC126R53 @ HWY 4 (0008229),8229,03 - At intersection,03 - P.D. only,05 - Turning movement,01 - Clear,01 - Daylight,01 - Dry,01 - Traffic signal,01 - Functioning,2,0,0,0,,0,,,,,363229.558,5025774.748,45.36947986,-75.75406455,10987
16--6809,2016/06/22,7:14 AM,KING EDWARD AVE @ SOMERSET ST/MARIE CURIE PRIV (0001696),1696,02 - Intersection related,03 - P.D. only,03 - Rear end,01 - Clear,01 - Daylight,01 - Dry,01 - Traffic signal,01 - Functioning,2,0,0,0,,0,,,,,368957.9298,5031673.797,45.42205663,-75.68017384,10988
16--681,2016/01/15,5:54 PM,MARCH RD btwn TERRY FOX DR & SOLANDT RD (__3ZA3CE),__3ZA3CE,01 - Non intersection,03 - P.D. only,03 - Rear end,01 - Clear,07 - Dark,01 - Dry,10 - No control,,3,0,0,0,,0,,,,,349927.648,5023327.089,45.3484381,-75.92409571,10989
16--6810,2016/06/22,7:30 PM,HIGHWAY 417 btwn HWY417 IC115 RAMP36 & HWY417 IC115 RAMP26 (__3ZA2R4),__3ZA2R4,01 - Non intersection,03 - P.D. only,99 - Other,01 - Clear,01 - Daylight,01 - Dry,10 - No control,,3,0,0,0,,0,,,,,372492.7089,5031524.782,45.42038276,-75.63503106,10990
16--6811,2016/06/22,7:39 PM,BRONSON AVE @ CATHERINE ST/RAYMOND ST (0007198),7198,02 - Intersection related,02 - Non-fatal injury,05 - Turning movement,01 - Clear,01 - Daylight,01 - Dry,01 - Traffic signal,01 - Functioning,2,1,0,0,02 - Minor,1,,1,,,367252.9358,5029796.112,45.40531608,-75.70219645,10991
16--6812,2016/06/22,7:47 AM,ARGYLE AVE W @ METCALFE ST (0007722),7722,02 - Intersection related,03 - P.D. only,04 - Sideswipe,01 - Clear,01 - Daylight,01 - Dry,01 - Traffic signal,01 - Functioning,2,0,0,0,,0,,,,,368337.9444,5030579.936,45.41227102,-75.6882364,10992
16--6813,2016/06/22,7:53 AM,FENTON RD @ LEITRIM RD (0004209),4209,02 - Intersection related,02 - Non-fatal injury,03 - Rear end,01 - Clear,01 - Daylight,01 - Dry,02 - Stop sign,01 - Functioning,2,0,0,0,02 - Minor,2,,2,,,373912.5222,5020704.263,45.32288557,-75.61840498,10993
16--6814,2016/06/22,8:09 PM,MARCH RD btwn CARLING AVE/STATION RD & 280 S OF CARLING AVE/STATION RD (__3ZA42DA),__3ZA42DA,04 - At/near private drive,02 - Non-fatal injury,07 - SMV other,01 - Clear,01 - Daylight,01 - Dry,10 - No control,,1,0,0,1,01 - Minimal,1,1,,,,350915.9479,5022238.005,45.33857401,-75.91158554,10994
16--6815,2016/06/22,8:35 AM,MITCH OWENS RD btwn ALBION RD & TRANQUIL GT (__3ZA3TT),__3ZA3TT,01 - Non intersection,03 - P.D. only,03 - Rear end,01 - Clear,01 - Daylight,01 - Dry,10 - No control,,3,0,0,0,,0,,,,,375919.7087,5014813.085,45.26967845,-75.59364948,10995
16--6816,2016/06/22,8:50 AM,BOLTON ST @ KING EDWARD AVE (0011440),11440,02 - Intersection related,03 - P.D. only,03 - Rear end,01 - Clear,01 - Daylight,01 - Dry,02 - Stop sign,01 - Functioning,2,0,0,0,,0,,,,,368040.1087,5033173.769,45.43563642,-75.69170818,10996
16--6817,2016/06/22,9:09 AM,OTTAWA RIVER PKWY WB btwn WOODROFFE AVE & TRANSIT (__3ZA23K),__3ZA23K,01 - Non intersection,03 - P.D. only,04 - Sideswipe,01 - Clear,01 - Daylight,01 - Dry,10 - No control,,2,0,0,0,,0,,,,,361410.9972,5027099.087,45.38154541,-75.77712734,10997
16--6818,2016/06/22,9:13 AM,CANOTEK RD btwn SHEFFORD RD & RAINBOW ST (__3ZA7SS),__3ZA7SS,01 - Non intersection,03 - P.D. only,04 - Sideswipe,01 - Clear,01 - Daylight,01 - Dry,10 - No control,,2,0,0,0,,0,,,,,376062.8787,5035104.794,45.452239,-75.58889928,10998
16--6819,2016/06/22,9:37 AM,BAY ST @ JAMES ST (0007321),7321,03 - At intersection,03 - P.D. only,02 - Angle,01 - Clear,01 - Daylight,01 - Dry,02 - Stop sign,01 - Functioning,2,0,0,0,,0,,,,,367378.3882,5030428.342,45.41099349,-75.70051377,10999
16--682,2016/01/15,5:55 PM,REGIONAL ROAD 174 btwn OR174 IC112 RAMP15 & TRANSIT (__3ZA2WA),__3ZA2WA,01 - Non intersection,03 - P.D. only,03 - Rear end,01 - Clear,07 - Dark,01 - Dry,10 - No control,,2,0,0,0,,0,,,,,375580.0524,5033415.152,45.43708569,-75.59531452,11000
16--7361,2016/07/07,9:00 AM,DALY AVE btwn MACKENZIE AVE & NICHOLAS ST (__3ZA8JX),__3ZA8JX,04 - At/near private drive,03 - P.D. only,05 - Turning movement,01 - Clear,01 - Daylight,01 - Dry,10 - No control,,2,0,0,0,,0,,,,,368060.6105,5031954.042,45.4246599,-75.69160286,11001
16--7362,2016/07/07,9:13 AM,CYRVILLE RD @ INNES RD (0009352),9352,02 - Intersection related,03 - P.D. only,04 - Sideswipe,01 - Clear,01 - Daylight,01 - Dry,01 - Traffic signal,01 - Functioning,2,0,0,0,,0,,,,,375047.4974,5031120.473,45.41649315,-75.60244789,11002
16--7541,2016/07/13,3:51 PM,WOODROFFE AVE @ HWY 417 WOODROFF IC127R26/HWY4 (0002355),2355,02 - Intersection related,03 - P.D. only,03 - Rear end,02 - Rain,01 - Daylight,02 - Wet,01 - Traffic signal,01 - Functioning,2,0,0,0,,0,,,,,362082.5886,5024938.9,45.36205366,-75.76880292,11003
16--7363,2016/07/07,9:27 AM,GRANITE CRT btwn Continuation of GRANITE CRT & BRIDGESTONE DR (__51NRMR),__51NRMR,01 - Non intersection,03 - P.D. only,06 - SMV unattended vehicle,01 - Clear,01 - Daylight,01 - Dry,10 - No control,,1,0,0,0,,0,,,,,355314.3797,5015653.575,45.27902331,-75.8561385,11004
16--7542,2016/07/13,4:06 PM,BASELINE RD btwn LOBLAWS SC & MERIVALE RD (__3ZA4ISC),__3ZA4ISC,01 - Non intersection,02 - Non-fatal injury,03 - Rear end,02 - Rain,01 - Daylight,02 - Wet,10 - No control,,4,0,0,0,01 - Minimal,1,1,,,,364925.5035,5025246.8,45.36458603,-75.7324796,11005
16--7364,2016/07/07,9:52 AM,BELCOURT BLVD @ ST. JOSEPH BLVD (0004138),4138,03 - At intersection,02 - Non-fatal injury,07 - SMV other,01 - Clear,01 - Daylight,01 - Dry,01 - Traffic signal,01 - Functioning,1,0,0,1,02 - Minor,1,,1,,,381204.5335,5037359.337,45.47198033,-75.52282179,11006
16--7543,2016/07/13,4:13 PM,HOLLAND AVE btwn WELLINGTON ST W & BYRON AVE (__3ZA4PY),__3ZA4PY,01 - Non intersection,03 - P.D. only,03 - Rear end,02 - Rain,01 - Daylight,02 - Wet,10 - No control,,4,0,0,0,,0,,,,,364967.656,5029062.645,45.39891667,-75.7314765,11007
16--7544,2016/07/13,4:15 PM,FISHER AVE btwn TRENT ST & 220 S OF TRENT ST (__3ZA30SA),__3ZA30SA,04 - At/near private drive,02 - Non-fatal injury,05 - Turning movement,01 - Clear,01 - Daylight,01 - Dry,10 - No control,,2,1,0,0,01 - Minimal,1,1,,,,365865.5176,5026739.903,45.37793942,-75.72029655,11008
16--7365,2016/07/08,10:05 PM,GLADSTONE AVE @ CAMBRIDGE ST (0006328),6328,02 - Intersection related,02 - Non-fatal injury,03 - Rear end,02 - Rain,07 - Dark,02 - Wet,02 - Stop sign,01 - Functioning,3,0,0,0,01 - Minimal,2,2,,,,367064.9241,5030036.789,45.40749837,-75.70456758,11009
16--7545,2016/07/13,4:15 PM,HIGHWAY 416 btwn HWY416 IC42 RAMP34 & HWY416 IC42 RAMP43 (__3ZA1NA),__3ZA1NA,01 - Non intersection,03 - P.D. only,01 - Approaching,01 - Clear,01 - Daylight,01 - Dry,10 - No control,,2,0,0,0,,0,,,,,371458.4074,4995147.079,45.0931617,-75.6531255,11010
16--7366,2016/07/08,10:53 PM,BANK ST @ MITCH OWENS RD (0001640),1640,03 - At intersection,02 - Non-fatal injury,05 - Turning movement,02 - Rain,07 - Dark,02 - Wet,01 - Traffic signal,01 - Functioning,3,0,0,0,02 - Minor,2,,2,,,377758.1071,5015947.24,45.27969482,-75.57005729,11011
16--7546,2016/07/13,4:22 PM,FERNBANK RD @ SMART CENTRE SC / 235 W OF TERRY FOX DR (0013536),13536,03 - At intersection,03 - P.D. only,02 - Angle,01 - Clear,01 - Daylight,01 - Dry,01 - Traffic signal,01 - Functioning,2,0,0,0,,0,,,,,354121.9537,5014963.635,45.27289972,-75.87140491,11012
16--7547,2016/07/13,4:40 PM,ANDERSON RD @ INNES RD (0004200),4200,02 - Intersection related,03 - P.D. only,03 - Rear end,01 - Clear,01 - Daylight,02 - Wet,01 - Traffic signal,01 - Functioning,2,0,0,0,,0,,,,,376280.5138,5031841.564,45.42285623,-75.58659102,11013
16--7367,2016/07/08,12:17 PM,PERCY ST @ SECOND AVE (0007383),7383,03 - At intersection,03 - P.D. only,02 - Angle,01 - Clear,01 - Daylight,01 - Dry,02 - Stop sign,01 - Functioning,2,0,0,0,,0,,,,,367841.0541,5029352.344,45.40127047,-75.69474102,11014
16--7548,2016/07/13,4:42 PM,KENT ST btwn JAMES ST & FLORENCE ST (__3ZA3QI),__3ZA3QI,01 - Non intersection,02 - Non-fatal injury,03 - Rear end,01 - Clear,01 - Daylight,01 - Dry,10 - No control,,3,0,0,0,01 - Minimal,1,1,,,,367683.2921,5030560.565,45.41215586,-75.69660191,11015
16--7368,2016/07/08,12:30 PM,BANK ST @ RIVERSIDE DR S (0002704),2704,03 - At intersection,03 - P.D. only,03 - Rear end,01 - Clear,01 - Daylight,01 - Dry,01 - Traffic signal,01 - Functioning,2,0,1,0,,0,,,,,369303.6705,5027894.91,45.38802372,-75.67625067,11016
16--7271,2016/07/05,4:20 PM,HIGHWAY 417 btwn HWY417 IC121A RAMP16 & HWY417 IC121A RAMP61 (__3ZA2YY),__3ZA2YY,01 - Non intersection,03 - P.D. only,03 - Rear end,01 - Clear,01 - Daylight,01 - Dry,10 - No control,,2,0,0,0,,0,,,,,367525.6285,5029877.587,45.40602478,-75.69870293,11017
16--7549,2016/07/13,4:42 PM,ERINDALE DR btwn AINSLEY DR & BASELINE RD (__3ZAAL1),__3ZAAL1,01 - Non intersection,03 - P.D. only,03 - Rear end,01 - Clear,01 - Daylight,01 - Dry,10 - No control,,3,0,0,0,,0,,,,,363855.1827,5024578.97,45.35866797,-75.74622117,11018
16--755,2016/01/17,12:36 AM,MONTREAL RD btwn PALACE ST & VANIER PKWY (__3ZA3LL),__3ZA3LL,01 - Non intersection,03 - P.D. only,06 - SMV unattended vehicle,03 - Snow,07 - Dark,03 - Loose snow,10 - No control,,1,0,0,0,,0,,,,,369960.6143,5033000.433,45.43390049,-75.66718711,11019
16--7550,2016/07/13,4:46 PM,OR174 IC102 RAMP15 @ PLACE D'ORLEANS DR (0009219),9219,02 - Intersection related,03 - P.D. only,04 - Sideswipe,01 - Clear,01 - Daylight,02 - Wet,01 - Traffic signal,01 - Functioning,3,0,0,0,,0,,,,,381880.1469,5038346.955,45.48079182,-75.51402733,11020
16--7551,2016/07/13,4:50 PM,JEANNE D'ARC BLVD @ ORLEANS BLVD S (0004154),4154,02 - Intersection related,03 - P.D. only,03 - Rear end,02 - Rain,01 - Daylight,02 - Wet,01 - Traffic signal,01 - Functioning,2,0,0,0,,0,,,,,380939.2478,5036251.418,45.46204115,-75.52638581,11021
16--7552,2016/07/13,4:50 PM,HIGHWAY 417 btwn HWY417 IC163 RAMP15 & HWY417 IC155 RAMP51 (__3ZAZNS),__3ZAZNS,01 - Non intersection,03 - P.D. only,07 - SMV other,02 - Rain,01 - Daylight,02 - Wet,10 - No control,,1,0,0,0,,0,,,,,336076.4482,5020203.015,45.32108068,-76.10105237,11022
16--7553,2016/07/13,4:55 AM,HUNTER'S RUN DR btwn BEAUSEJOUR DR & JEANNE D'ARC BLVD (__3ZA6DU),__3ZA6DU,01 - Non intersection,03 - P.D. only,07 - SMV other,01 - Clear,07 - Dark,01 - Dry,10 - No control,,1,0,0,0,,0,,,,,380568.429,5036143.663,45.46111197,-75.53114349,11023
16--7554,2016/07/13,4:56 PM,CADBORO RD @ OGILVIE RD (0012429),12429,02 - Intersection related,03 - P.D. only,03 - Rear end,01 - Clear,01 - Daylight,01 - Dry,01 - Traffic signal,01 - Functioning,2,0,0,0,,0,,,,,373600.43,5032664.245,45.43052701,-75.62071924,11024
16--7555,2016/07/13,6:30 AM,BROOKFIELD RD btwn RIVERSIDE DR/HOG'S BACK RD & 200 W OF FLANNERY DR (__3ZA225A),__3ZA225A,01 - Non intersection,03 - P.D. only,04 - Sideswipe,01 - Clear,01 - Daylight,01 - Dry,10 - No control,,2,0,0,0,,0,,,,,368182.8256,5026222.78,45.37308068,-75.69077773,11025
16--7556,2016/07/13,6:36 AM,HIGHWAY 417 btwn HIGHWAY 417 & Continuation of HIGHWAY 417 (__3ZAZOB),__3ZAZOB,01 - Non intersection,02 - Non-fatal injury,03 - Rear end,01 - Clear,01 - Daylight,01 - Dry,10 - No control,,3,0,0,0,02 - Minor,1,,1,,,352955.8141,5020210.791,45.32019571,-75.88575663,11026
16--7557,2016/07/13,6:45 AM,HIGHWAY 417 btwn HIGHWAY 417 & Continuation of HIGHWAY 417 (__3ZAZOB),__3ZAZOB,01 - Non intersection,03 - P.D. only,03 - Rear end,01 - Clear,01 - Daylight,01 - Dry,10 - No control,,2,0,0,0,,0,,,,,352953.5482,5020211.927,45.32020609,-75.88578542,11027
16--7558,2016/07/13,7:00 AM,MACKENZIE KING BR @ RAMP TO NICHOLAS ST (0010703),10703,02 - Intersection related,03 - P.D. only,02 - Angle,01 - Clear,01 - Daylight,01 - Dry,10 - No control,,2,0,0,0,,0,,,,,368331.8486,5031972.21,45.42479878,-75.68813476,11028
16--7559,2016/07/13,7:45 AM,BOWESVILLE RD/EMERALD LINKS DR W @ MITCH OWENS (0005296),5296,03 - At intersection,03 - P.D. only,02 - Angle,01 - Clear,01 - Daylight,01 - Dry,02 - Stop sign,01 - Functioning,2,0,0,0,,0,,,,,374182.5204,5013708.224,45.25991074,-75.61593987,11029
16--756,2016/01/17,2:10 AM,HIGHWAY 417 btwn HWY417 IC120B RAMP36 & HWY417 IC119B RAMP76 (__3ZA2YU),__3ZA2YU,01 - Non intersection,02 - Non-fatal injury,04 - Sideswipe,03 - Snow,07 - Dark,02 - Wet,10 - No control,,2,0,0,0,01 - Minimal,2,2,,,,368112.8454,5030240.214,45.40923471,-75.69115562,11030
16--7560,2016/07/13,7:50 AM,HIGHWAY 417 btwn HWY417 IC122 RAMP61 & HWY417 IC121B RAMP16 (__3ZA2Y4),__3ZA2Y4,01 - Non intersection,03 - P.D. only,03 - Rear end,01 - Clear,01 - Daylight,01 - Dry,10 - No control,,2,0,0,0,,0,,,,,365799.3695,5029200.623,45.40008619,-75.72083691,11031
16--7561,2016/07/13,8:00 AM,HIGHWAY 417 btwn HWY417 IC123 RAMP62 & HWY417 IC122 RAMP16 (__3ZA2R9),__3ZA2R9,01 - Non intersection,03 - P.D. only,03 - Rear end,01 - Clear,01 - Daylight,01 - Dry,10 - No control,,2,0,0,0,,0,,,,,365121.7892,5028700.602,45.39564582,-75.7295522,11032
16--8082,2016/07/28,8:10 AM,BRONSON AVE/BRONSON/HERON RAMP 35 @ HERON RD (0002386),2386,02 - Intersection related,03 - P.D. only,03 - Rear end,01 - Clear,01 - Daylight,01 - Dry,01 - Traffic signal,01 - Functioning,2,0,0,0,,0,,,,,368641.1174,5026697.085,45.37730675,-75.6848659,11033
16--7562,2016/07/13,8:35 AM,ROCKCLIFFE PKWY btwn ACACIA AVE & HILLSDALE RD (__3ZA21Z),__3ZA21Z,01 - Non intersection,02 - Non-fatal injury,07 - SMV other,01 - Clear,01 - Daylight,01 - Dry,10 - No control,,1,0,1,0,02 - Minor,1,,1,,,368747.8765,5035558.326,45.45702735,-75.68235298,11034
16--7563,2016/07/13,8:43 AM,MERIVALE RD @ WEST HUNT CLUB RD (0000584),584,02 - Intersection related,03 - P.D. only,03 - Rear end,01 - Clear,01 - Daylight,01 - Dry,01 - Traffic signal,01 - Functioning,2,0,0,0,,0,,,,,365613.377,5021941.135,45.33478282,-75.724106,11035
16--7564,2016/07/13,9:00 AM,HIGHWAY 417 btwn HWY417 IC127 RAMP35 & HWY417 IC127 RAMP25 (__3ZA2RE),__3ZA2RE,01 - Non intersection,03 - P.D. only,03 - Rear end,01 - Clear,01 - Daylight,01 - Dry,10 - No control,,2,0,0,0,,0,,,,,362130.3496,5024834.036,45.3611062,-75.76820548,11036
16--7565,2016/07/13,9:40 AM,CALAVERAS AVE @ PALMADEO DR (0010203),10203,03 - At intersection,03 - P.D. only,02 - Angle,01 - Clear,01 - Daylight,01 - Dry,02 - Stop sign,01 - Functioning,3,0,0,0,,0,,,,,365047.6222,5015908.021,45.2805461,-75.73205699,11037
16--7566,2016/07/13,9:57 AM,RIOCAN AVE @ STRANDHERD DR (0010997),10997,03 - At intersection,03 - P.D. only,02 - Angle,01 - Clear,01 - Daylight,01 - Dry,01 - Traffic signal,01 - Functioning,2,1,0,0,,0,,,,,364172.4361,5014944.118,45.27194735,-75.7433268,11038
16--7567,2016/07/14,1:02 PM,MONTREAL RD @ ST. LAURENT BLVD (0002604),2604,02 - Intersection related,02 - Non-fatal injury,07 - SMV other,02 - Rain,01 - Daylight,02 - Wet,01 - Traffic signal,01 - Functioning,1,0,0,3,02 - Minor,3,,3,,,371545.9302,5033818.049,45.4411075,-75.64681667,11039
16--7568,2016/07/14,1:03 PM,VANIER PKWY SB btwn COVENTRY RD & HWY417 IC117 RAMP36 (__3ZA4S4),__3ZA4S4,01 - Non intersection,03 - P.D. only,04 - Sideswipe,02 - Rain,01 - Daylight,02 - Wet,10 - No control,,2,0,0,0,,0,,,,,370713.4304,5031546.703,45.42074989,-75.65776102,11040
16--7569,2016/07/14,1:10 PM,ISLAND PARK DR btwn BYRON AVE & IONA ST (__3ZA233),__3ZA233,04 - At/near private drive,03 - P.D. only,03 - Rear end,00 - Unknown,01 - Daylight,00 - Unknown,10 - No control,,4,0,0,0,,0,,,,,364344.0188,5028401.604,45.39302207,-75.73952132,11041
16--757,2016/01/17,2:20 PM,ASHBOURNE CRES btwn KILBIRNIE DR & Continuation of ASHBOURNE CRES (__6REWSZ),__6REWSZ,04 - At/near private drive,03 - P.D. only,02 - Angle,03 - Snow,01 - Daylight,03 - Loose snow,10 - No control,,2,0,0,0,,0,,,,,365320.4325,5012994.409,45.25430602,-75.72893499,11042
16--7570,2016/07/14,1:22 PM,ST. LAURENT BLVD btwn DONALD ST & 125 N OF QUEEN MARY ST (__3ZA2CFA),__3ZA2CFA,01 - Non intersection,03 - P.D. only,04 - Sideswipe,01 - Clear,01 - Daylight,01 - Dry,10 - No control,,2,0,0,0,,0,,,,,372098.0311,5032462.585,45.42885875,-75.6399455,11043
16--7571,2016/07/14,1:49 PM,COLONEL BY DR btwn ROSEDALE AVE & ECHO DR (__3ZA21I),__3ZA21I,01 - Non intersection,03 - P.D. only,07 - SMV other,01 - Clear,01 - Daylight,02 - Wet,10 - No control,,1,0,0,0,,0,,,,,368307.7539,5028654.284,45.39494735,-75.68887008,11044
16--7572,2016/07/14,11:00 AM,TERRY FOX DR @ FERNBANK RD (0011863),11863,02 - Intersection related,03 - P.D. only,02 - Angle,02 - Rain,01 - Daylight,02 - Wet,01 - Traffic signal,01 - Functioning,2,0,0,0,,0,,,,,354303.8554,5015129.815,45.27438227,-75.86907019,11045
16--7573,2016/07/14,11:19 AM,WOODROFFE AVE @ GEORGINA DR/LENESTER AVE (0002351),2351,02 - Intersection related,03 - P.D. only,03 - Rear end,02 - Rain,01 - Daylight,02 - Wet,01 - Traffic signal,01 - Functioning,2,0,0,0,,0,,,,,361909.4671,5025370.739,45.36595344,-75.77096268,11046
16--7574,2016/07/14,11:50 AM,VANIER PKWY/CRICHTON ST @ BEECHWOOD AVE/ST. PA (0001604),1604,02 - Intersection related,03 - P.D. only,04 - Sideswipe,01 - Clear,01 - Daylight,01 - Dry,01 - Traffic signal,01 - Functioning,2,0,0,0,,0,,,,,369127.8495,5033487.116,45.43835658,-75.6777659,11047
16--7575,2016/07/14,12:05 AM,JOCKVALE RD @ STRANDHERD DR (0010541),10541,02 - Intersection related,02 - Non-fatal injury,03 - Rear end,01 - Clear,07 - Dark,01 - Dry,01 - Traffic signal,01 - Functioning,2,0,0,0,01 - Minimal,1,1,,,,363559.911,5014577.962,45.26870412,-75.75117579,11048
16--7576,2016/07/14,12:45 PM,KAKULU RD btwn CASTLEFRANK RD & DRAINIE DR (__3ZACZP),__3ZACZP,01 - Non intersection,03 - P.D. only,03 - Rear end,02 - Rain,01 - Daylight,02 - Wet,10 - No control,,4,0,0,0,,0,,,,,352225.1235,5018504.279,45.30488987,-75.89523964,11049
16--7577,2016/07/14,12:52 PM,KAYMAR DR btwn DELONG DR & QUINCY AVE (__3ZA7S5),__3ZA7S5,01 - Non intersection,03 - P.D. only,07 - SMV other,02 - Rain,01 - Daylight,02 - Wet,10 - No control,,1,0,0,0,,0,,,,,374136.2975,5036213.193,45.46240554,-75.61337146,11050