Anom_ID,Accident_Date,Accident_Time,Location,Geo_ID,Accident_Location,Classification_of_Accident,Initial_Impact_Type,Environment_Condition,Light,Road_Surface_Condition,Traffic_Control,Traffic_Control_Condition,No__of_Vehicles,No__of_Bicycles,No__of_Motorcycles,No__of_Pedestrians,Max_Injury,No__of_Injuries,No__of_Minimal,No__of_Minor,No__of_Major,No__of_Fatal,X,Y,Latitude,Longitude,ObjectId
16--7578,2016/07/14,3:05 PM,MAPLE RUN AVE btwn ORLEANS BLVD & OAK MEADOWS DR (__3ZA5Q1),__3ZA5Q1,01 - Non intersection,03 - P.D. only,03 - Rear end,01 - Clear,01 - Daylight,01 - Dry,10 - No control,,2,0,0,0,,0,,,,,380613.9883,5035222.084,45.45281539,-75.53070309,11051
16--7579,2016/07/14,3:40 PM,HIGHWAY 417 btwn HWY417 IC129 RAMP25 & HWY417 IC129 RAMP35 (__3ZAYFR),__3ZAYFR,01 - Non intersection,03 - P.D. only,03 - Rear end,01 - Clear,01 - Daylight,01 - Dry,10 - No control,,2,0,0,0,,0,,,,,360454.6831,5023522.492,45.34943999,-75.78974053,11052
16--758,2016/01/17,2:30 PM,HIGHWAY 417 btwn HWY417 IC117 RAMP51 & HWY417 IC117 RAMP35 (__3ZA2YN),__3ZA2YN,01 - Non intersection,03 - P.D. only,04 - Sideswipe,01 - Clear,01 - Daylight,04 - Slush,10 - No control,,2,0,0,0,,0,,,,,370799.1028,5031191.683,45.41754749,-75.65671397,11053
16--7580,2016/07/14,4:02 PM,BYRON AVE @ HOLLAND AVE (0005636),5636,02 - Intersection related,03 - P.D. only,05 - Turning movement,01 - Clear,01 - Daylight,01 - Dry,02 - Stop sign,01 - Functioning,2,0,0,0,,0,,,,,365014.3097,5028958.556,45.39797609,-75.73089335,11054
16--7581,2016/07/14,4:03 PM,BALSAM ST @ ROCHESTER ST (0006571),6571,03 - At intersection,03 - P.D. only,04 - Sideswipe,01 - Clear,01 - Daylight,01 - Dry,02 - Stop sign,01 - Functioning,2,0,0,0,,0,,,,,366633.0895,5029861.563,45.40596001,-75.7101057,11055
16--7582,2016/07/14,4:20 AM,RAMSAYVILLE RD btwn LEITRIM RD & EIGHTH LINE RD (__3ZBO27),__3ZBO27,01 - Non intersection,03 - P.D. only,07 - SMV other,01 - Clear,07 - Dark,01 - Dry,10 - No control,,1,0,0,0,,0,,,,,378937.9148,5023360.833,45.34627523,-75.55391192,11056
16--7583,2016/07/14,4:22 PM,HIGHWAY 417 btwn HWY417 IC117 RAMP51 & HWY417 IC117 RAMP35 (__3ZA2YN),__3ZA2YN,01 - Non intersection,03 - P.D. only,03 - Rear end,01 - Clear,01 - Daylight,01 - Dry,10 - No control,,2,0,0,0,,0,,,,,370821.462,5031197.78,45.41760024,-75.6564275,11057
16--7584,2016/07/14,4:28 PM,SOMERSET ST    W btwn BECKINGTON PRIV & BANK ST (__3ZAZQ1),__3ZAZQ1,04 - At/near private drive,02 - Non-fatal injury,05 - Turning movement,01 - Clear,01 - Daylight,01 - Dry,10 - No control,,2,0,1,0,01 - Minimal,1,1,,,,367644.7504,5030885.039,45.41507884,-75.6970529,11058
16--7585,2016/07/14,4:30 PM,WESSEX RD btwn AMHERST CRES & GLACIER ST (__3ZAAA2),__3ZAAA2,01 - Non intersection,03 - P.D. only,06 - SMV unattended vehicle,01 - Clear,01 - Daylight,01 - Dry,10 - No control,,1,0,0,0,,0,,,,,363403.5398,5015048.432,45.27295047,-75.75311286,11059
16--7586,2016/07/14,4:52 PM,MERIVALE RD @ RAVEN AVE (0011303),11303,02 - Intersection related,03 - P.D. only,07 - SMV other,01 - Clear,01 - Daylight,01 - Dry,02 - Stop sign,01 - Functioning,1,0,0,0,,0,,,,,364843.1199,5026870.175,45.37919995,-75.73333382,11060
16--7587,2016/07/14,5:15 PM,MONTREAL RD @ PALACE ST (0004699),4699,03 - At intersection,03 - P.D. only,05 - Turning movement,01 - Clear,01 - Daylight,01 - Dry,10 - No control,,2,0,0,0,,0,,,,,369955.325,5032997.804,45.43387733,-75.66725505,11061
16--7588,2016/07/14,5:18 PM,MARCH RD btwn HWY417 IC155 RAMP61 & HWY417 IC155 RAMP36 (__3ZA1MZ),__3ZA1MZ,01 - Non intersection,02 - Non-fatal injury,07 - SMV other,01 - Clear,01 - Daylight,01 - Dry,10 - No control,,1,0,0,0,02 - Minor,1,,1,,,339770.5056,5019531.978,45.31486808,-76.05398145,11062
16--7589,2016/07/14,5:40 PM,AMBERWOOD CRES @ MERIVALE RD (0000101),101,03 - At intersection,03 - P.D. only,02 - Angle,01 - Clear,01 - Daylight,01 - Dry,01 - Traffic signal,01 - Functioning,2,0,0,0,,0,,,,,366409.0237,5020016.028,45.31739157,-75.71419515,11063
16--759,2016/01/17,2:45 AM,HIGHWAY 417 btwn HWY417 IC123 RAMP62 & HWY417 IC122 RAMP16 (__3ZA2R9),__3ZA2R9,01 - Non intersection,03 - P.D. only,03 - Rear end,01 - Clear,"08 - Dark, artificial",02 - Wet,10 - No control,,4,0,0,0,,0,,,,,365129.5483,5028707.328,45.39570567,-75.72945229,11064
16--7590,2016/07/14,5:47 PM,WEST HUNT CLUB RD EB btwn ROYDON PL/SUNDERLAND ST & 545 E OF ROYDON PL (__3ZA3JPA),__3ZA3JPA,01 - Non intersection,03 - P.D. only,03 - Rear end,01 - Clear,01 - Daylight,01 - Dry,10 - No control,,3,0,0,0,,0,,,,,366063.7303,5022213.462,45.33719401,-75.71832694,11065
16--7591,2016/07/14,5:49 PM,WEST HUNT CLUB RD @ ROYDON PL/SUNDERLAND ST (0009775),9775,03 - At intersection,03 - P.D. only,05 - Turning movement,01 - Clear,01 - Daylight,01 - Dry,01 - Traffic signal,01 - Functioning,2,0,0,0,,0,,,,,365973.3837,5022170.211,45.33681272,-75.71948493,11066
16--7592,2016/07/14,5:51 PM,CARP RD btwn MCGEE SIDE RD & ARBOURBROOK BLVD (__5RGDMI),__5RGDMI,04 - At/near private drive,02 - Non-fatal injury,03 - Rear end,01 - Clear,01 - Daylight,01 - Dry,10 - No control,,2,0,0,0,02 - Minor,2,1,1,,,344802.7237,5018756.464,45.30762106,-75.98986486,11067
16--7593,2016/07/14,6:27 PM,AMBERWOOD CRES @ PRINCE OF WALES DR (0000048),48,02 - Intersection related,03 - P.D. only,03 - Rear end,01 - Clear,01 - Daylight,01 - Dry,02 - Stop sign,01 - Functioning,3,0,0,0,,0,,,,,367436.3875,5020648.402,45.32299067,-75.70101273,11068
16--7594,2016/07/14,6:28 PM,MERIVALE RD btwn VIEWMOUNT DR & COLONNADE RD (__3ZA33F),__3ZA33F,01 - Non intersection,03 - P.D. only,99 - Other,01 - Clear,01 - Daylight,01 - Dry,10 - No control,,2,0,0,0,,0,,,,,365358.695,5022555.405,45.34033197,-75.72727991,11069
16--7595,2016/07/14,8:00 PM,SECOND LINE RD btwn LAHEY CRT & MARCH RD (__3ZAC41),__3ZAC41,01 - Non intersection,02 - Non-fatal injury,03 - Rear end,01 - Clear,01 - Daylight,01 - Dry,10 - No control,,2,1,0,0,03 - Major,1,,,1,,346039.8215,5025396.676,45.36730021,-75.97353601,11070
16--7596,2016/07/14,8:15 AM,ROBERTSON RD btwn MOODIE DR & VANIER RD (__3ZBOCN),__3ZBOCN,01 - Non intersection,02 - Non-fatal injury,03 - Rear end,01 - Clear,01 - Daylight,01 - Dry,10 - No control,,2,0,0,0,01 - Minimal,1,1,,,,357108.6976,5020479.569,45.32231706,-75.8327603,11071
16--7597,2016/07/14,8:15 PM,MACLAREN ST btwn CARTIER ST & MACDONALD ST (__3ZA9U4),__3ZA9U4,04 - At/near private drive,03 - P.D. only,02 - Angle,01 - Clear,01 - Daylight,01 - Dry,10 - No control,,2,0,0,0,,0,,,,,368366.8566,5031220.174,45.41802904,-75.68778448,11072
16--7598,2016/07/14,8:30 AM,IRIS ST btwn GREENBANK RD & TO BE DETERMINED (__3ZAYFO),__3ZAYFO,01 - Non intersection,03 - P.D. only,04 - Sideswipe,01 - Clear,01 - Daylight,01 - Dry,10 - No control,,2,0,0,0,,0,,,,,360541.7788,5023315.321,45.34756895,-75.78865246,11073
16--7599,2016/07/14,8:45 PM,PRIMROSE AVE btwn ROCHESTER ST & BOOTH ST (__3ZA0W9),__3ZA0W9,01 - Non intersection,03 - P.D. only,06 - SMV unattended vehicle,01 - Clear,05 - Dusk,01 - Dry,10 - No control,,1,0,0,0,,0,,,,,366402.2856,5030430.931,45.41110338,-75.7129827,11074
16--76,2016/01/03,9:13 AM,CAHILL DR @ HUNT CLUB RD (0011394),11394,02 - Intersection related,03 - P.D. only,04 - Sideswipe,03 - Snow,01 - Daylight,03 - Loose snow,01 - Traffic signal,01 - Functioning,2,0,0,0,,0,,,,,372409.8986,5024543.014,45.3575717,-75.63704558,11075
16--760,2016/01/17,2:50 PM,GLEBE AVE @ O'CONNOR ST (0007991),7991,03 - At intersection,02 - Non-fatal injury,01 - Approaching,01 - Clear,01 - Daylight,02 - Wet,02 - Stop sign,01 - Functioning,2,0,0,0,02 - Minor,2,,2,,,368507.4872,5029950.22,45.40658963,-75.68615192,11076
16--7600,2016/07/14,8:47 PM,BEAVERPOND DR @ BLAIR RD (0004166),4166,02 - Intersection related,03 - P.D. only,03 - Rear end,01 - Clear,05 - Dusk,01 - Dry,01 - Traffic signal,01 - Functioning,2,0,0,0,,0,,,,,375399.5104,5031873.908,45.42323671,-75.59784282,11077
16--7601,2016/07/14,9:00 AM,HIGHWAY 416 btwn HIGHWAY 416 & HWY416 IC57 RAMP53 (__3ZA1NC),__3ZA1NC,01 - Non intersection,03 - P.D. only,07 - SMV other,01 - Clear,01 - Daylight,01 - Dry,10 - No control,,1,0,0,0,,0,,,,,364739.4878,5008005.498,45.20946523,-75.73693687,11078
16--7602,2016/07/14,9:06 AM,MONTREAL RD btwn BORTHWICK AVE & CUMMINGS AVE (__3ZA3UE),__3ZA3UE,04 - At/near private drive,02 - Non-fatal injury,05 - Turning movement,01 - Clear,01 - Daylight,01 - Dry,10 - No control,,2,1,0,0,01 - Minimal,1,1,,,,371958.5954,5034018.072,45.44286769,-75.64151506,11079
16--7603,2016/07/14,9:07 PM,MCCORDICK RD btwn MACKEY RD & COWELL RD (__3ZA0NM),__3ZA0NM,01 - Non intersection,03 - P.D. only,07 - SMV other,01 - Clear,05 - Dusk,01 - Dry,10 - No control,,1,0,0,0,,0,,,,,366863.8666,4995866.411,45.10005232,-75.71140289,11080
16--7604,2016/07/14,9:10 AM,HWY417 IC122 RAMP15 btwn HWY417 IC122 RAMP51 & HIGHWAY 417 (__3ZAY93),__3ZAY93,01 - Non intersection,03 - P.D. only,04 - Sideswipe,01 - Clear,01 - Daylight,01 - Dry,10 - No control,,2,0,0,0,,0,,,,,365632.2314,5029071.724,45.39894093,-75.72298752,11081
16--7605,2016/07/14,9:25 PM,BRONSON AVE @ GLADSTONE AVE (0002110),2110,03 - At intersection,03 - P.D. only,01 - Approaching,01 - Clear,07 - Dark,01 - Dry,01 - Traffic signal,01 - Functioning,2,0,0,0,,0,,,,,367133.0199,5030082.019,45.40789927,-75.70369202,11082
16--7606,2016/07/14,9:42 AM,KENT ST btwn QUEEN ST & ALBERT ST (__3ZA1XM),__3ZA1XM,01 - Non intersection,03 - P.D. only,99 - Other,02 - Rain,01 - Daylight,02 - Wet,10 - No control,,2,0,0,0,,0,,,,,367187.649,5031374.762,45.41952612,-75.70283056,11083
16--7607,2016/07/15,10:03 PM,LAURIER AVE   W btwn QUEEN ELIZABETH DRWY/LAURIER AVE WB ON RAMP & QUE (__3ZA351),__3ZA351,01 - Non intersection,03 - P.D. only,04 - Sideswipe,02 - Rain,07 - Dark,02 - Wet,10 - No control,,2,0,0,0,,0,,,,,368078.9034,5031625.904,45.42170577,-75.69141127,11084
16--7608,2016/07/15,10:34 AM,AUGUSTA ST @ RIDEAU ST (0011916),11916,02 - Intersection related,02 - Non-fatal injury,05 - Turning movement,01 - Clear,01 - Daylight,01 - Dry,01 - Traffic signal,01 - Functioning,2,0,0,0,01 - Minimal,1,1,,,,369011.9808,5032716.844,45.43143662,-75.67934724,11085
16--7609,2016/07/15,11:05 AM,WALKLEY RD @ DON REID DR/RYDER ST (0008218),8218,02 - Intersection related,02 - Non-fatal injury,02 - Angle,01 - Clear,01 - Daylight,01 - Dry,01 - Traffic signal,01 - Functioning,2,1,0,0,02 - Minor,1,,1,,,372601.3363,5027284.544,45.38222044,-75.63422612,11086
16--761,2016/01/17,3:45 PM,KENNEVALE DR @ STRANDHERD DR (0010896),10896,03 - At intersection,03 - P.D. only,05 - Turning movement,03 - Snow,01 - Daylight,03 - Loose snow,01 - Traffic signal,01 - Functioning,2,0,0,0,,0,,,,,361490.3591,5014100.675,45.26457931,-75.77760207,11087
16--7610,2016/07/15,11:07 AM,DOVERCOURT AVE @ FRASER AVE (0006741),6741,03 - At intersection,03 - P.D. only,02 - Angle,01 - Clear,01 - Daylight,01 - Dry,02 - Stop sign,01 - Functioning,2,0,0,0,,0,,,,,362757.6881,5027027.28,45.38078918,-75.75994113,11088
16--7611,2016/07/15,11:12 PM,PICKFORD DR btwn TANGUAY CRT & IRWIN GT (__3ZAB3F),__3ZAB3F,01 - Non intersection,03 - P.D. only,06 - SMV unattended vehicle,01 - Clear,07 - Dark,01 - Dry,10 - No control,,1,0,0,0,,0,,,,,353249.1232,5018364.738,45.30356436,-75.8821961,11089
16--7612,2016/07/15,11:28 PM,ELMSMERE RD @ MONTREAL RD (0012320),12320,03 - At intersection,03 - P.D. only,02 - Angle,01 - Clear,07 - Dark,01 - Dry,01 - Traffic signal,01 - Functioning,2,0,0,0,,0,,,,,374927.0463,5034315.027,45.44524804,-75.60353175,11090
16--7613,2016/07/15,12:11 PM,ABBEYHILL DR @ EAGLESON RD (0003404),3404,02 - Intersection related,03 - P.D. only,05 - Turning movement,01 - Clear,01 - Daylight,01 - Dry,01 - Traffic signal,01 - Functioning,2,0,0,0,,0,,,,,353828.2835,5018033.797,45.3005463,-75.87484404,11091
16--7614,2016/07/15,2:00 PM,HWY417 IC110 RAMP56 btwn HIGHWAY 417 & WALKLEY EXTENSION RD (__3ZAY6U),__3ZAY6U,01 - Non intersection,02 - Non-fatal injury,07 - SMV other,01 - Clear,01 - Daylight,01 - Dry,10 - No control,,1,0,0,0,02 - Minor,2,1,1,,,375926.7625,5028970.307,45.39705831,-75.59152511,11092
16--7615,2016/07/15,2:14 PM,MERIVALE RD @ SHILLINGTON AVE (0011308),11308,02 - Intersection related,03 - P.D. only,02 - Angle,01 - Clear,01 - Daylight,01 - Dry,01 - Traffic signal,01 - Functioning,2,0,0,0,,0,,,,,364845.8306,5026809.084,45.37865003,-75.73330664,11093
16--7616,2016/07/15,2:39 PM,WOODRIDGE CRES btwn BAYSHORE PS & TRANSITWAY LINK (__6KE4J1B),__6KE4J1B,01 - Non intersection,03 - P.D. only,04 - Sideswipe,01 - Clear,01 - Daylight,01 - Dry,10 - No control,,2,0,0,0,,0,,,,,358624.6944,5023393.906,45.34842581,-75.81310694,11094
16--7617,2016/07/15,3:39 PM,RIVERSIDE DR @ WALKLEY RD (0002158),2158,02 - Intersection related,03 - P.D. only,03 - Rear end,01 - Clear,01 - Daylight,01 - Dry,01 - Traffic signal,01 - Functioning,2,0,0,0,,0,,,,,368419.4057,5024853.075,45.360735,-75.68793393,11095
16--7618,2016/07/15,4:00 PM,BREWER RD @ BRONSON AVE (0002240),2240,02 - Intersection related,03 - P.D. only,03 - Rear end,02 - Rain,01 - Daylight,02 - Wet,01 - Traffic signal,01 - Functioning,2,0,0,0,,0,,,,,368108.3653,5027765.981,45.38697272,-75.69153041,11096
16--7619,2016/07/15,4:00 PM,ISLAND PARK DR @ SCOTT ST (0002126),2126,03 - At intersection,03 - P.D. only,04 - Sideswipe,02 - Rain,01 - Daylight,02 - Wet,01 - Traffic signal,01 - Functioning,2,0,0,0,,0,,,,,363834.3713,5029041.008,45.39881846,-75.7459533,11097
16--762,2016/01/17,3:56 PM,PRINCE OF WALES DR btwn MEADOWLANDS DR & NESBITT PL (__3ZA36V),__3ZA36V,04 - At/near private drive,02 - Non-fatal injury,02 - Angle,03 - Snow,01 - Daylight,02 - Wet,10 - No control,,2,0,0,0,01 - Minimal,1,1,,,,367383.4167,5025604.935,45.36759331,-75.70106123,11098
16--7620,2016/07/15,4:04 PM,ISLAND PARK DR @ SCOTT ST (0002126),2126,02 - Intersection related,03 - P.D. only,04 - Sideswipe,02 - Rain,01 - Daylight,02 - Wet,01 - Traffic signal,01 - Functioning,2,0,0,0,,0,,,,,363832.746,5029040.917,45.39881778,-75.74597407,11099
16--7621,2016/07/15,4:14 PM,CUMMINGS AVE @ OGILVIE RD (0009923),9923,02 - Intersection related,02 - Non-fatal injury,03 - Rear end,02 - Rain,01 - Daylight,02 - Wet,01 - Traffic signal,01 - Functioning,3,0,0,0,01 - Minimal,4,4,,,,372747.8017,5032171.734,45.42617899,-75.63168265,11100
16--7622,2016/07/15,4:20 PM,HIGHWAY 417 btwn HWY417 IC127 RAMP35 & HWY417 IC127 RAMP25 (__3ZA2RE),__3ZA2RE,01 - Non intersection,03 - P.D. only,03 - Rear end,01 - Clear,01 - Daylight,01 - Dry,10 - No control,,2,0,0,0,,0,,,,,362117.5309,5024822.696,45.36100521,-75.7683704,11101
16--7623,2016/07/15,4:30 PM,OGILVIE RD btwn EASTVALE DR & LASSITER TER (__3ZA70Y),__3ZA70Y,01 - Non intersection,03 - P.D. only,07 - SMV other,02 - Rain,01 - Daylight,02 - Wet,10 - No control,,1,0,0,0,,0,,,,,375477.5868,5034982.667,45.45119962,-75.59639889,11102
16--7624,2016/07/15,4:31 PM,REGIONAL ROAD 174 btwn OR174 IC112 RAMP36 & OR174 IC112 RAMP26 (__3ZAZFK),__3ZAZFK,01 - Non intersection,03 - P.D. only,03 - Rear end,02 - Rain,01 - Daylight,02 - Wet,10 - No control,,2,0,0,0,,0,,,,,374655.4131,5032736.12,45.43106912,-75.60722782,11103
16--7625,2016/07/15,4:38 PM,BRONSON AVE @ KIPPEWA DR (0007226),7226,03 - At intersection,03 - P.D. only,02 - Angle,02 - Rain,01 - Daylight,02 - Wet,02 - Stop sign,01 - Functioning,2,0,0,0,,0,,,,,367557.176,5029075.787,45.39880759,-75.69840199,11104
16--7626,2016/07/15,4:40 PM,HIGHWAY 417 btwn HWY417 IC129 RAMP25 & HWY417 IC129 RAMP35 (__3ZAYFR),__3ZAYFR,01 - Non intersection,03 - P.D. only,03 - Rear end,01 - Clear,01 - Daylight,01 - Dry,10 - No control,,2,0,0,0,,0,,,,,360454.2164,5023523.132,45.34944579,-75.78974642,11105
16--7627,2016/07/15,4:47 PM,LOLA ST @ QUEEN MARY ST (0007957),7957,03 - At intersection,02 - Non-fatal injury,02 - Angle,02 - Rain,01 - Daylight,02 - Wet,02 - Stop sign,01 - Functioning,2,0,0,0,02 - Minor,2,1,1,,,371129.4963,5032045.493,45.42519846,-75.65237797,11106
16--7628,2016/07/15,4:47 PM,GLADSTONE AVE @ ROCHESTER ST (0006496),6496,03 - At intersection,03 - P.D. only,02 - Angle,02 - Rain,01 - Daylight,02 - Wet,01 - Traffic signal,01 - Functioning,2,0,0,0,,0,,,,,366663.8344,5029787.566,45.40529149,-75.70972227,11107
16--7629,2016/07/15,5:07 PM,CARLING AVE @ KIRKWOOD AVE N (0002358),2358,02 - Intersection related,03 - P.D. only,03 - Rear end,02 - Rain,01 - Daylight,02 - Wet,01 - Traffic signal,01 - Functioning,2,0,0,0,,0,,,,,364275.2182,5027493.471,45.3848567,-75.74050939,11108
16--763,2016/01/17,4:20 PM,CONROY RD @ WALKLEY RD (0002648),2648,02 - Intersection related,03 - P.D. only,03 - Rear end,03 - Snow,05 - Dusk,03 - Loose snow,01 - Traffic signal,01 - Functioning,2,0,0,0,,0,,,,,372904.4731,5027464.657,45.38381161,-75.63033088,11109
16--7630,2016/07/15,5:45 PM,HIGHWAY 417 btwn HWY417 IC118 RAMP67 & HWY417 IC117 RAMP36 (__3ZA2YO),__3ZA2YO,01 - Non intersection,02 - Non-fatal injury,04 - Sideswipe,01 - Clear,01 - Daylight,01 - Dry,10 - No control,,2,0,0,0,02 - Minor,1,,1,,,369823.9388,5031156.96,45.41732637,-75.66917713,11110
16--7992,2016/07/26,4:32 PM,CLEMOW AVE @ BRONSON AVE (0007248),7248,02 - Intersection related,03 - P.D. only,03 - Rear end,01 - Clear,01 - Daylight,01 - Dry,02 - Stop sign,01 - Functioning,2,0,0,0,,0,,,,,367422.3665,5029395.488,45.40169624,-75.70008315,11111
16--7369,2016/07/08,12:37 PM,CARLING AVE @ RIFLE RD (0000579),579,03 - At intersection,03 - P.D. only,05 - Turning movement,01 - Clear,01 - Daylight,01 - Dry,02 - Stop sign,01 - Functioning,2,0,0,0,,0,,,,,353890.8652,5023314.046,45.34805453,-75.87352264,11112
16--7993,2016/07/26,4:42 PM,MAITLAND AVE btwn HWY417 IC126 RAMP63 & HWY417 IC126 RAMP52 (__3ZA3GY),__3ZA3GY,01 - Non intersection,03 - P.D. only,04 - Sideswipe,01 - Clear,01 - Daylight,01 - Dry,10 - No control,,2,0,0,0,,0,,,,,363187.6584,5025874.337,45.37037944,-75.75458764,11113
16--7272,2016/07/05,4:35 PM,BASELINE RD btwn CONSTELLATION CRES & WOODROFFE AVE (__3ZA34J),__3ZA34J,01 - Non intersection,03 - P.D. only,03 - Rear end,01 - Clear,01 - Daylight,01 - Dry,10 - No control,,2,0,0,0,,0,,,,,362539.5914,5023764.797,45.35145169,-75.76310702,11114
16--737,2016/01/16,6:18 AM,HIGHWAY 417 btwn HWY417 IC127 RAMP35 & HWY417 IC127 RAMP25 (__3ZA2RE),__3ZA2RE,01 - Non intersection,02 - Non-fatal injury,07 - SMV other,01 - Clear,07 - Dark,02 - Wet,10 - No control,,1,0,0,0,01 - Minimal,1,1,,,,362155.9495,5024850.377,45.36125114,-75.76787684,11115
16--8083,2016/07/28,8:27 PM,RIDEAU ST btwn CHARLOTTE ST & WURTEMBURG ST (__3ZA3XQ),__3ZA3XQ,01 - Non intersection,03 - P.D. only,04 - Sideswipe,01 - Clear,05 - Dusk,01 - Dry,10 - No control,,2,0,0,0,,0,,,,,369274.9695,5032875.488,45.43283984,-75.67596573,11116
16--7273,2016/07/05,4:56 PM,DAVIDSON RD btwn BANK ST & CONROY RD (__3ZA8OR),__3ZA8OR,01 - Non intersection,03 - P.D. only,07 - SMV other,01 - Clear,01 - Daylight,01 - Dry,10 - No control,,1,0,0,0,,0,,,,,374014.1127,5023126.536,45.34467027,-75.61677051,11117
16--7994,2016/07/26,4:57 PM,KENT ST @ WELLINGTON ST (0002040),2040,02 - Intersection related,02 - Non-fatal injury,04 - Sideswipe,01 - Clear,01 - Daylight,01 - Dry,01 - Traffic signal,01 - Functioning,2,0,1,0,02 - Minor,1,,1,,,367097.016,5031526.574,45.42090015,-75.70396933,11118
16--7370,2016/07/08,12:40 PM,HIGHWAY 417 btwn HWY417 IC110 RAMP66 & HWY417 IC110 RAMP56 (__3ZA2XR),__3ZA2XR,01 - Non intersection,03 - P.D. only,03 - Rear end,01 - Clear,01 - Daylight,01 - Dry,10 - No control,,2,0,0,0,,0,,,,,375837.8542,5029118.366,45.39839949,-75.59263924,11119
16--8084,2016/07/28,8:52 AM,LANCASTER RD @ WALKLEY RD (0003130),3130,02 - Intersection related,03 - P.D. only,03 - Rear end,01 - Clear,01 - Daylight,01 - Dry,01 - Traffic signal,01 - Functioning,2,0,0,0,,0,,,,,374908.7405,5028601.393,45.39384168,-75.60457874,11120
16--7274,2016/07/05,5:48 PM,INNES RD btwn BLACKBURN BYPASS & CLEROUX CRES (__3ZA3KN),__3ZA3KN,01 - Non intersection,03 - P.D. only,05 - Turning movement,01 - Clear,01 - Daylight,01 - Dry,10 - No control,,2,0,0,0,,0,,,,,379598.7934,5033779.747,45.4399477,-75.5439,11121
16--7995,2016/07/26,5:00 PM,BANK ST btwn SECOND AVE & THIRD AVE (__3ZA3O2),__3ZA3O2,01 - Non intersection,02 - Non-fatal injury,03 - Rear end,01 - Clear,01 - Daylight,01 - Dry,10 - No control,,2,0,0,0,01 - Minimal,1,1,,,,368330.1199,5029565.199,45.40314146,-75.68846712,11122
16--7371,2016/07/08,2:10 PM,WALLER ST btwn BESSERER ST & DALY AVE (__3ZBN03),__3ZBN03,01 - Non intersection,03 - P.D. only,04 - Sideswipe,01 - Clear,01 - Daylight,01 - Dry,10 - No control,,2,0,0,0,,0,,,,,368323.2255,5032161.358,45.42650145,-75.68822055,11123
16--8085,2016/07/28,8:59 AM,HAWTHORNE RD btwn STEVENAGE DR & HUNT CLUB RD (__3ZA2E8),__3ZA2E8,01 - Non intersection,03 - P.D. only,04 - Sideswipe,01 - Clear,01 - Daylight,01 - Dry,10 - No control,,2,0,0,0,,0,,,,,375486.6135,5026453.802,45.37446064,-75.59750665,11124
16--7275,2016/07/05,5:48 PM,CHARLOTTE ST @ DESJARDINS AVE (0008608),8608,03 - At intersection,02 - Non-fatal injury,05 - Turning movement,01 - Clear,01 - Daylight,01 - Dry,02 - Stop sign,00 - Unknown,2,1,0,0,01 - Minimal,1,1,,,,369020.7539,5033202.804,45.43580829,-75.67917174,11125
16--7996,2016/07/26,5:15 PM,HIGHWAY 417 btwn HWY417 IC127 RAMP35 & HWY417 IC127 RAMP25 (__3ZA2RE),__3ZA2RE,01 - Non intersection,03 - P.D. only,03 - Rear end,01 - Clear,01 - Daylight,01 - Dry,10 - No control,,2,0,0,0,,0,,,,,362131.824,5024834.209,45.36110763,-75.76818664,11126
16--7372,2016/07/08,2:13 PM,OAKLAND AVE btwn WILTON LANE & MONK ST (__3ZA5ND),__3ZA5ND,01 - Non intersection,03 - P.D. only,06 - SMV unattended vehicle,01 - Clear,01 - Daylight,01 - Dry,10 - No control,,1,0,0,0,,0,,,,,368482.7858,5029006.507,45.39810065,-75.6865893,11127
16--7373,2016/07/08,2:18 PM,O'CONNOR ST @ SLATER ST (0002230),2230,02 - Intersection related,03 - P.D. only,04 - Sideswipe,01 - Clear,01 - Daylight,01 - Dry,01 - Traffic signal,01 - Functioning,2,0,0,0,,0,,,,,367578.9266,5031450.36,45.42017132,-75.6978218,11128
16--7374,2016/07/08,2:19 PM,OGILVIE RD btwn CYRVILLE RD & MURDOCK GT (__3ZA13S),__3ZA13S,04 - At/near private drive,02 - Non-fatal injury,05 - Turning movement,01 - Clear,01 - Daylight,01 - Dry,10 - No control,,2,0,0,0,02 - Minor,1,,1,,,372489.2145,5032026.983,45.42490166,-75.6350067,11129
16--7375,2016/07/08,2:30 AM,ST. PATRICK ST EB btwn COBOURG ST & VANIER PKWY/CRICHTON ST (__54XYWT),__54XYWT,01 - Non intersection,02 - Non-fatal injury,07 - SMV other,01 - Clear,07 - Dark,01 - Dry,10 - No control,,1,0,0,0,02 - Minor,1,,1,,,368953.8542,5033265.965,45.43638273,-75.68001849,11130
16--7376,2016/07/08,2:35 PM,HIGHWAY 417 btwn HWY 417 ANDERSON IC104R61 & HWY 417 BOUNDARY IC96R16 (__3ZA2W5),__3ZA2W5,01 - Non intersection,03 - P.D. only,03 - Rear end,01 - Clear,01 - Daylight,01 - Dry,10 - No control,,2,0,0,0,,0,,,,,381493.0408,5025635.374,45.36646534,-75.5209573,11131
16--7377,2016/07/08,2:38 PM,CARLING AVE @ CHURCHILL AVE (0002149),2149,02 - Intersection related,03 - P.D. only,04 - Sideswipe,01 - Clear,01 - Daylight,01 - Dry,01 - Traffic signal,01 - Functioning,2,0,0,0,,0,,,,,363776.0862,5027013.538,45.38058054,-75.74694002,11132
16--7378,2016/07/08,2:39 PM,CYRVILLE RD @ INNES RD (0009352),9352,02 - Intersection related,03 - P.D. only,03 - Rear end,01 - Clear,01 - Daylight,01 - Dry,01 - Traffic signal,01 - Functioning,3,0,0,0,,0,,,,,375047.952,5031120.019,45.41648902,-75.60244214,11133