Anom_ID,Accident_Date,Accident_Time,Location,Geo_ID,Accident_Location,Classification_of_Accident,Initial_Impact_Type,Environment_Condition,Light,Road_Surface_Condition,Traffic_Control,Traffic_Control_Condition,No__of_Vehicles,No__of_Bicycles,No__of_Motorcycles,No__of_Pedestrians,Max_Injury,No__of_Injuries,No__of_Minimal,No__of_Minor,No__of_Major,No__of_Fatal,X,Y,Latitude,Longitude,ObjectId
16--7379,2016/07/08,2:45 PM,MONTREAL RD @ BORTHWICK AVE (0007747),7747,02 - Intersection related,02 - Non-fatal injury,03 - Rear end,01 - Clear,01 - Daylight,01 - Dry,02 - Stop sign,01 - Functioning,2,0,0,0,01 - Minimal,1,1,,,,371943.782,5034009.851,45.44279514,-75.64170552,11134
16--738,2016/01/16,6:43 AM,BIRCHGROVE RD btwn LARMOURS RD & WATSON RD (__3ZA5FO),__3ZA5FO,01 - Non intersection,03 - P.D. only,07 - SMV other,03 - Snow,07 - Dark,06 - Ice,10 - No control,,1,0,0,0,,0,,,,,398434.3468,5033628.691,45.43631997,-75.30321472,11135
16--7380,2016/07/08,3:37 PM,EMOND ST @ MONTREAL RD (0009802),9802,03 - At intersection,03 - P.D. only,05 - Turning movement,01 - Clear,01 - Daylight,01 - Dry,02 - Stop sign,01 - Functioning,2,0,0,0,,0,,,,,370194.938,5033135.498,45.43509387,-75.66417461,11136
16--7381,2016/07/08,3:46 PM,CHESTERTON DR @ MEADOWLANDS DR (0001110),1110,02 - Intersection related,03 - P.D. only,02 - Angle,01 - Clear,01 - Daylight,01 - Dry,01 - Traffic signal,01 - Functioning,2,0,0,0,,0,,,,,365101.7036,5024008.819,45.35343173,-75.73038159,11137
16--7382,2016/07/08,3:49 PM,ALBION RD @ HUNT CLUB RD (0006974),6974,02 - Intersection related,02 - Non-fatal injury,03 - Rear end,01 - Clear,01 - Daylight,01 - Dry,01 - Traffic signal,01 - Functioning,2,0,0,0,01 - Minimal,1,1,,,,371867.7671,5024320.627,45.3556228,-75.64399459,11138
16--7383,2016/07/08,4:09 PM,HALIFAX DR @ WALKLEY RD (0008803),8803,03 - At intersection,03 - P.D. only,05 - Turning movement,01 - Clear,01 - Daylight,01 - Dry,01 - Traffic signal,01 - Functioning,2,0,0,0,,0,,,,,373644.4188,5027899.543,45.38765219,-75.62082251,11139
16--7384,2016/07/08,4:15 PM,COLONEL BY DR btwn LEONARD AVE & ROSEDALE AVE (__3ZA21J),__3ZA21J,01 - Non intersection,02 - Non-fatal injury,03 - Rear end,01 - Clear,01 - Daylight,01 - Dry,10 - No control,,2,0,0,0,01 - Minimal,1,1,,,,368262.2496,5028606.564,45.39452211,-75.68945735,11140
16--7385,2016/07/08,4:16 PM,BRIAN COBURN BLVD @ ESPRIT DR (0013113),13113,02 - Intersection related,03 - P.D. only,03 - Rear end,01 - Clear,01 - Daylight,01 - Dry,02 - Stop sign,01 - Functioning,2,0,0,0,,0,,,,,385141.353,5035343.552,45.45340242,-75.47280909,11141
16--7386,2016/07/08,4:23 PM,JOHNSTON RD btwn BANK ST & BANK PL (__3ZA9FH),__3ZA9FH,01 - Non intersection,03 - P.D. only,03 - Rear end,01 - Clear,01 - Daylight,01 - Dry,10 - No control,,2,0,0,0,,0,,,,,370865.5941,5024848.619,45.36046865,-75.65671364,11142
16--7387,2016/07/08,4:40 PM,MACLAREN ST btwn ELGIN ST & CARTIER ST (__3ZA9US),__3ZA9US,01 - Non intersection,03 - P.D. only,04 - Sideswipe,01 - Clear,01 - Daylight,01 - Dry,10 - No control,,2,0,0,0,,0,,,,,368212.577,5031128.848,45.41722132,-75.68976731,11143
16--7388,2016/07/08,4:45 PM,FALLOWFIELD RD btwn HWY416 IC66 RAMP63 & HWY416 IC66 RAMP52 (__3ZAZMY),__3ZAZMY,01 - Non intersection,03 - P.D. only,03 - Rear end,01 - Clear,01 - Daylight,01 - Dry,10 - No control,,2,0,0,0,,0,,,,,360071.607,5014794.782,45.27093789,-75.79560241,11144
16--7389,2016/07/08,5:00 PM,HIGHWAY 417 btwn HWY417 IC119A RAMP67 & HWY417 IC118 RAMP76 (__3ZA2YS),__3ZA2YS,01 - Non intersection,02 - Non-fatal injury,03 - Rear end,01 - Clear,01 - Daylight,01 - Dry,10 - No control,,2,0,0,0,01 - Minimal,2,2,,,,368750.3759,5030618.892,45.41258397,-75.68296264,11145
16--739,2016/01/16,6:46 AM,CLYDE AVE btwn DOHENY ST & DOBBIE ST (__3ZA0EK),__3ZA0EK,04 - At/near private drive,03 - P.D. only,05 - Turning movement,01 - Clear,07 - Dark,01 - Dry,10 - No control,,2,0,0,0,,0,,,,,363649.9543,5026566.413,45.37656798,-75.74860374,11146
16--7390,2016/07/08,5:43 PM,CARLING AVE WB btwn POULIN AVE & ALPINE AVE (__3ZA4VZ),__3ZA4VZ,01 - Non intersection,03 - P.D. only,03 - Rear end,01 - Clear,01 - Daylight,01 - Dry,10 - No control,,2,0,0,0,,0,,,,,360432.4493,5024900.603,45.36184196,-75.78986917,11147
16--7391,2016/07/08,7:15 AM,BRONSON AVE btwn BREWER WAY & RIVERSIDE DR RAMPS 34B & 42A-3 (__3ZA3BR),__3ZA3BR,01 - Non intersection,03 - P.D. only,04 - Sideswipe,01 - Clear,01 - Daylight,01 - Dry,10 - No control,,2,0,0,0,,0,,,,,368370.4647,5027275.808,45.38253854,-75.68824677,11148
16--7392,2016/07/08,7:50 PM,WEST HUNT CLUB RD @ WOODROFFE AVE (0000576),576,03 - At intersection,03 - P.D. only,01 - Approaching,01 - Clear,01 - Daylight,01 - Dry,01 - Traffic signal,01 - Functioning,2,0,0,0,,0,,,,,363670.9183,5021245.58,45.32868993,-75.74896962,11149
16--7393,2016/07/08,7:54 AM,MARIE ST btwn BRITANNIA RD & POULIN AVE (__3ZBNG2),__3ZBNG2,01 - Non intersection,03 - P.D. only,06 - SMV unattended vehicle,01 - Clear,01 - Daylight,01 - Dry,10 - No control,,1,0,0,0,,0,,,,,360139.6926,5024908.439,45.36193564,-75.79360495,11150
16--7394,2016/07/08,8:55 AM,PRINCE OF WALES DR @ MEADOWLANDS DR/HOG'S BACK (0001629),1629,02 - Intersection related,02 - Non-fatal injury,02 - Angle,01 - Clear,01 - Daylight,01 - Dry,01 - Traffic signal,01 - Functioning,2,1,0,0,02 - Minor,1,,1,,,367371.5283,5025691.915,45.368377,-75.70120196,11151
16--7395,2016/07/08,9:00 PM,HIGHWAY 417 btwn HWY417 IC123 RAMP62 & HWY417 IC122 RAMP16 (__3ZA2R9),__3ZA2R9,01 - Non intersection,03 - P.D. only,04 - Sideswipe,01 - Clear,05 - Dusk,01 - Dry,10 - No control,,3,0,0,0,,0,,,,,365124.2617,5028700.343,45.39564328,-75.72952066,11152
16--7396,2016/07/09,1:01 PM,FOX CRES @ WOODROFFE AVE (0002751),2751,02 - Intersection related,03 - P.D. only,02 - Angle,01 - Clear,01 - Daylight,02 - Wet,02 - Stop sign,01 - Functioning,2,0,0,0,,0,,,,,361806.5938,5025626.304,45.36826136,-75.77224633,11153
16--7397,2016/07/09,1:18 PM,CHESLEY ST @ BANK ST (0007687),7687,02 - Intersection related,03 - P.D. only,02 - Angle,02 - Rain,01 - Daylight,02 - Wet,02 - Stop sign,01 - Functioning,2,0,0,0,,0,,,,,368995.6601,5028204.465,45.3908373,-75.68014347,11154
16--7398,2016/07/09,1:30 PM,HUNT CLUB RD @ RIVERSIDE DR (0002237),2237,02 - Intersection related,03 - P.D. only,03 - Rear end,02 - Rain,01 - Daylight,02 - Wet,01 - Traffic signal,01 - Functioning,3,0,0,0,,0,,,,,368037.8394,5021944.589,45.33459959,-75.69317582,11155
16--7399,2016/07/09,1:55 AM,BAYVIEW DR W @ BISHOP DAVIS DR W (0006065),6065,03 - At intersection,03 - P.D. only,07 - SMV other,02 - Rain,07 - Dark,02 - Wet,02 - Stop sign,01 - Functioning,1,0,0,0,,0,,,,,336773.329,5038969.82,45.48991967,-76.09094654,11156
16--74,2016/01/03,8:00 PM,KING EDWARD AVE btwn MANN AVE & TEMPLETON ST (__3ZA3CB),__3ZA3CB,01 - Non intersection,03 - P.D. only,03 - Rear end,01 - Clear,07 - Dark,03 - Loose snow,10 - No control,,2,0,0,0,,0,,,,,369113.4173,5031417.756,45.41973859,-75.67822061,11157
16--740,2016/01/16,7:03 PM,CARLING AVE @ BAYSHORE DR/BIRCHDALE AVE (0000021),21,02 - Intersection related,03 - P.D. only,03 - Rear end,03 - Snow,07 - Dark,03 - Loose snow,01 - Traffic signal,01 - Functioning,2,0,0,0,,0,,,,,359003.1646,5023989.933,45.35375972,-75.80821205,11158
16--7400,2016/07/09,10:02 AM,WEST HUNT CLUB RD EB btwn WOODROFFE AVE & 354 E OF WOODROFFE AVE/REC P (__3ZBOG1A),__3ZBOG1A,01 - Non intersection,03 - P.D. only,07 - SMV other,02 - Rain,01 - Daylight,02 - Wet,10 - No control,,1,0,0,0,,0,,,,,363937.0171,5021399.378,45.33005142,-75.74555686,11159
16--7401,2016/07/09,10:04 PM,KENT ST @ SLATER ST (0002114),2114,02 - Intersection related,03 - P.D. only,03 - Rear end,01 - Clear,07 - Dark,01 - Dry,01 - Traffic signal,01 - Functioning,2,0,0,0,,0,,,,,367260.8792,5031252.173,45.41841657,-75.70191048,11160
16--7402,2016/07/09,10:06 AM,BASELINE RD @ MERIVALE RD (0002342),2342,02 - Intersection related,03 - P.D. only,03 - Rear end,02 - Rain,01 - Daylight,02 - Wet,01 - Traffic signal,01 - Functioning,2,0,0,0,,0,,,,,365054.0378,5025324.417,45.36527338,-75.7308295,11161
16--7403,2016/07/09,10:45 PM,MACLAREN ST @ O'CONNOR ST (0007174),7174,02 - Intersection related,03 - P.D. only,05 - Turning movement,02 - Rain,07 - Dark,02 - Wet,02 - Stop sign,01 - Functioning,2,1,0,0,,0,,,,,367899.0563,5030940.357,45.41555369,-75.69379695,11162
16--7404,2016/07/09,10:56 PM,FISHER AVE @ SHILLINGTON AVE (0006792),6792,02 - Intersection related,03 - P.D. only,03 - Rear end,01 - Clear,07 - Dark,01 - Dry,01 - Traffic signal,01 - Functioning,2,0,0,0,,0,,,,,365627.3744,5027297,45.38297278,-75.72326832,11163
16--7405,2016/07/09,11:02 AM,ST. JOSEPH BLVD @ TENTH LINE RD (0009163),9163,02 - Intersection related,03 - P.D. only,03 - Rear end,02 - Rain,01 - Daylight,02 - Wet,01 - Traffic signal,01 - Functioning,2,0,0,0,,0,,,,,382890.5843,5038667.111,45.48356001,-75.50105335,11164
16--7406,2016/07/09,11:41 AM,GRASSY PLAINS DR btwn GRANITE CRT & SUNNYBROOKE DR (__3ZA1CJ),__3ZA1CJ,01 - Non intersection,03 - P.D. only,06 - SMV unattended vehicle,02 - Rain,01 - Daylight,02 - Wet,10 - No control,,1,0,0,0,,0,,,,,355333.4008,5015631.148,45.27882014,-75.85589836,11165
16--7407,2016/07/09,11:50 PM,FISHER AVE @ TUNIS AVE (0006208),6208,03 - At intersection,03 - P.D. only,04 - Sideswipe,01 - Clear,07 - Dark,02 - Wet,02 - Stop sign,01 - Functioning,2,0,0,0,,0,,,,,365497.6176,5027597.682,45.38568951,-75.72488812,11166
16--7408,2016/07/09,11:53 AM,BREWER RD @ BRONSON AVE (0002240),2240,02 - Intersection related,02 - Non-fatal injury,03 - Rear end,02 - Rain,01 - Daylight,02 - Wet,01 - Traffic signal,01 - Functioning,2,0,0,0,01 - Minimal,1,1,,,,368105.37,5027771.05,45.3870186,-75.69156801,11167
16--7409,2016/07/09,Unknown,DALY AVE btwn CUMBERLAND ST & END (__3ZA1IM),__3ZA1IM,01 - Non intersection,03 - P.D. only,06 - SMV unattended vehicle,01 - Clear,00 - Unknown,01 - Dry,10 - No control,,1,0,0,0,,0,,,,,368405.2928,5032157.662,45.42646074,-75.68717237,11168
16--741,2016/01/16,8:00 PM,MACDONALD-CARTIER BR RAMP SB-2 btwn BOTELER ST & MACDONALD-CARTIER BR (__3ZAYB8),__3ZAYB8,01 - Non intersection,03 - P.D. only,99 - Other,01 - Clear,07 - Dark,02 - Wet,10 - No control,,2,0,0,0,,0,,,,,367538.7275,5033168.659,45.43563561,-75.69811651,11169
16--7410,2016/07/09,Unknown,LERTA WAY btwn GERRY LALONDE DR & STRASBOURG ST (__8XI24N),__8XI24N,01 - Non intersection,03 - P.D. only,06 - SMV unattended vehicle,01 - Clear,00 - Unknown,01 - Dry,10 - No control,,1,0,0,0,,0,,,,,383990.351,5035215.5,45.45238171,-75.48754332,11170
16--7411,2016/07/09,12:19 PM,NAVAHO DR @ WOODROFFE AVE/TRANSITWAY N BASELIN (0010359),10359,02 - Intersection related,02 - Non-fatal injury,03 - Rear end,01 - Clear,01 - Daylight,01 - Dry,01 - Traffic signal,01 - Functioning,2,0,0,0,01 - Minimal,2,2,,,,362705.5833,5023492.582,45.34898863,-75.76102063,11171
16--7412,2016/07/09,2:34 PM,MCCARTHY RD btwn CAHILL DR W & PLANTE DR (__3ZA9CK),__3ZA9CK,04 - At/near private drive,02 - Non-fatal injury,99 - Other,02 - Rain,01 - Daylight,02 - Wet,10 - No control,,2,0,0,0,02 - Minor,1,,1,,,370374.5995,5023683.567,45.35003196,-75.66313474,11172
16--7413,2016/07/09,3:18 PM,EAGLESON RD @ HWY 417 EAGLESO IC138R51/PARK AN (0009698),9698,02 - Intersection related,03 - P.D. only,03 - Rear end,02 - Rain,01 - Daylight,02 - Wet,01 - Traffic signal,01 - Functioning,2,0,0,0,,0,,,,,353036.2092,5020014.264,45.31842181,-75.88475036,11173
16--7414,2016/07/09,3:26 PM,KIRKWOOD AVE @ LAPERRIERE AVE (0006742),6742,02 - Intersection related,02 - Non-fatal injury,02 - Angle,02 - Rain,01 - Daylight,02 - Wet,01 - Traffic signal,01 - Functioning,2,1,0,0,01 - Minimal,1,1,,,,364519.9213,5026958.543,45.38002269,-75.73744955,11174
16--7415,2016/07/09,4:06 PM,HIGHWAY 417 btwn HWY417 IC127 RAMP25 & HWY417 IC126 RAMP51 (__3ZA2XA),__3ZA2XA,01 - Non intersection,02 - Non-fatal injury,03 - Rear end,01 - Clear,01 - Daylight,01 - Dry,10 - No control,,2,0,0,0,01 - Minimal,2,2,,,,363194.0269,5025868.368,45.3703252,-75.75450705,11175
16--7416,2016/07/09,4:36 PM,COLONEL BY DR btwn HAWTHORNE AVE & MAIN ST (__3ZA218),__3ZA218,04 - At/near private drive,03 - P.D. only,02 - Angle,02 - Rain,01 - Daylight,02 - Wet,10 - No control,,2,0,0,0,,0,,,,,368765.6093,5030533.958,45.41181837,-75.68277906,11176
16--7417,2016/07/09,5:05 PM,GREENBANK RD @ LISA AVE (0002753),2753,02 - Intersection related,03 - P.D. only,03 - Rear end,02 - Rain,01 - Daylight,02 - Wet,01 - Traffic signal,01 - Functioning,2,0,0,0,,0,,,,,360554.9024,5022893.038,45.34376822,-75.7885326,11177
16--7418,2016/07/09,5:20 PM,O'CONNOR ST btwn NEPEAN ST & LISGAR ST (__3ZBOEU),__3ZBOEU,01 - Non intersection,03 - P.D. only,04 - Sideswipe,01 - Clear,01 - Daylight,01 - Dry,10 - No control,,2,0,0,0,,0,,,,,367753.6069,5031173.167,45.41766154,-75.6956254,11178
16--7419,2016/07/09,5:39 PM,OTTAWA RIVER PKWY @ PORTAGE BRIDGE (0009072),9072,02 - Intersection related,03 - P.D. only,03 - Rear end,02 - Rain,01 - Daylight,02 - Wet,01 - Traffic signal,01 - Functioning,2,0,0,0,,0,,,,,366515.7332,5031314.714,45.41904542,-75.71142279,11179
16--742,2016/01/16,8:00 PM,CASTLETHORPE CRES btwn NORWICH WAY & NORWICH WAY (__3ZABIO),__3ZABIO,04 - At/near private drive,03 - P.D. only,06 - SMV unattended vehicle,01 - Clear,07 - Dark,03 - Loose snow,10 - No control,,1,0,0,0,,0,,,,,361598.904,5023095.101,45.34550261,-75.77518835,11180
16--7420,2016/07/09,6:00 PM,WHITE ALDER AVE btwn FLAT SEDGE CRES & STALWART CRES W (__67PTMM),__67PTMM,01 - Non intersection,03 - P.D. only,06 - SMV unattended vehicle,02 - Rain,01 - Daylight,02 - Wet,10 - No control,,1,0,0,0,,0,,,,,375460.834,5020729.409,45.32295768,-75.59865365,11181
16--7421,2016/07/09,6:03 PM,FALLOWFIELD RD @ GREENBANK RD (0000549),549,03 - At intersection,03 - P.D. only,04 - Sideswipe,01 - Clear,01 - Daylight,01 - Dry,01 - Traffic signal,01 - Functioning,2,0,0,0,,0,,,,,363080.444,5016731.76,45.28812395,-75.75703262,11182
16--7422,2016/07/09,6:31 AM,DONNELLY DR btwn MILL POND LANE & DWYER HILL RD (__3ZA4ZR),__3ZA4ZR,01 - Non intersection,03 - P.D. only,07 - SMV other,01 - Clear,01 - Daylight,01 - Dry,10 - No control,,1,0,0,0,,0,,,,,360055.0375,4982829.18,44.98330159,-75.7993439,11183
16--7423,2016/07/09,6:53 AM,DEVINE RD btwn FRONTIER RD & MCVAGH RD (__3ZBOGU),__3ZBOGU,01 - Non intersection,02 - Non-fatal injury,01 - Approaching,01 - Clear,01 - Daylight,01 - Dry,10 - No control,,2,0,0,0,02 - Minor,2,,2,,,391842.1672,5022818.919,45.33991704,-75.38936243,11184
16--7424,2016/07/09,7:00 PM,BOOTH ST btwn ALBERT ST & PRIMROSE AVE (__3ZA33N),__3ZA33N,01 - Non intersection,03 - P.D. only,06 - SMV unattended vehicle,01 - Clear,01 - Daylight,02 - Wet,10 - No control,,1,0,0,0,,0,,,,,366493.3804,5030478.39,45.41152238,-75.71181307,11185
16--7425,2016/07/09,8:28 PM,OTTAWA RIVER PKWY @ REMIC RAPIDS ENT/TUNNEY'S  (0011322),11322,03 - At intersection,03 - P.D. only,05 - Turning movement,01 - Clear,05 - Dusk,01 - Dry,01 - Traffic signal,01 - Functioning,2,0,0,0,,0,,,,,364261.5689,5030240.965,45.40957927,-75.74035248,11186
16--7426,2016/07/09,8:30 PM,ALBERT ST @ CITY CENTRE AVE (0006346),6346,02 - Intersection related,03 - P.D. only,04 - Sideswipe,02 - Rain,05 - Dusk,02 - Wet,02 - Stop sign,01 - Functioning,2,0,0,0,,0,,,,,365955.2577,5030343.537,45.41035624,-75.71870414,11187
16--7427,2016/07/09,8:32 PM,PRESTON ST @ SOMERSET ST (0002215),2215,02 - Intersection related,03 - P.D. only,03 - Rear end,02 - Rain,05 - Dusk,02 - Wet,01 - Traffic signal,01 - Functioning,2,0,0,0,,0,,,,,366307.4713,5030128.478,45.40839033,-75.71423165,11188
16--7428,2016/07/09,9:00 PM,HIGHWAY 416 btwn HWY416 IC66 RAMP24 & HWY416 IC57 RAMP62 (__3ZA1OI),__3ZA1OI,01 - Non intersection,03 - P.D. only,07 - SMV other,01 - Clear,05 - Dusk,01 - Dry,10 - No control,,1,0,0,0,,0,,,,,363797.2076,5009912.145,45.22670096,-75.74870567,11189
16--7429,2016/07/09,9:11 PM,BANK ST @ HERON RD (0002155),2155,02 - Intersection related,02 - Non-fatal injury,03 - Rear end,02 - Rain,05 - Dusk,02 - Wet,01 - Traffic signal,01 - Functioning,2,0,0,0,01 - Minimal,1,1,,,,369995.0382,5026851.088,45.37856774,-75.66756029,11190
16--743,2016/01/16,8:26 AM,PARKDALE AVE @ WELLINGTON ST (0002260),2260,02 - Intersection related,03 - P.D. only,07 - SMV other,01 - Clear,01 - Daylight,02 - Wet,01 - Traffic signal,01 - Functioning,1,0,0,0,,0,,,,,365148.9501,5029272.432,45.40078868,-75.72913537,11191
16--7430,2016/07/09,9:52 AM,DEVONWOOD CIRC btwn TUNDRA SWAN BAY & BUCKNELL DR (__45KVGR),__45KVGR,01 - Non intersection,03 - P.D. only,06 - SMV unattended vehicle,01 - Clear,01 - Daylight,01 - Dry,10 - No control,,1,0,0,0,,0,,,,,375532.9575,5020645.736,45.32219756,-75.59774571,11192
16--7431,2016/07/10,10:25 AM,CONSTANCE BAY RD btwn TO BE DETERMINED & WILLAND LANE (__3ZA4GW),__3ZA4GW,01 - Non intersection,03 - P.D. only,07 - SMV other,01 - Clear,01 - Daylight,01 - Dry,10 - No control,,1,0,0,0,,0,,,,,336962.2908,5037461.029,45.47633454,-76.08862792,11193
16--7432,2016/07/10,11:59 AM,ALBERT ST @ BOOTH ST (0002162),2162,02 - Intersection related,02 - Non-fatal injury,04 - Sideswipe,01 - Clear,01 - Daylight,01 - Dry,01 - Traffic signal,01 - Functioning,2,1,0,0,01 - Minimal,1,1,,,,366429.6558,5030625.571,45.41285229,-75.71260873,11194
16--7433,2016/07/10,Unknown,MATHESON RD btwn MEADOWCROFT CRES & CARVER PL (__3ZAZZA),__3ZAZZA,01 - Non intersection,03 - P.D. only,06 - SMV unattended vehicle,02 - Rain,00 - Unknown,02 - Wet,10 - No control,,1,0,0,0,,0,,,,,372997.8251,5032973.113,45.43336507,-75.62837695,11195
16--7434,2016/07/10,2:26 PM,HIGHWAY 417 btwn HWY417 IC104 RAMP15 & HWY417 IC96 RAMP51 (__3ZA2W4),__3ZA2W4,01 - Non intersection,02 - Non-fatal injury,07 - SMV other,01 - Clear,01 - Daylight,01 - Dry,10 - No control,,1,0,0,0,01 - Minimal,1,1,,,,384920.5835,5024966.231,45.36006151,-75.47731756,11196
16--7435,2016/07/10,2:44 PM,FALLOWFIELD RD btwn MERIVALE RD & WOODROFFE AVE (__3ZA3IN),__3ZA3IN,01 - Non intersection,03 - P.D. only,07 - SMV other,01 - Clear,01 - Daylight,01 - Dry,10 - No control,,1,0,0,0,,0,,,,,366799.2126,5018806.287,45.30647213,-75.70937025,11197
16--7436,2016/07/10,2:52 AM,ALBERT ST @ ELGIN ST/MACKENZIE KING BRIDGE (0002226),2226,03 - At intersection,03 - P.D. only,07 - SMV other,02 - Rain,07 - Dark,02 - Wet,01 - Traffic signal,01 - Functioning,1,0,0,0,,0,,,,,367850.7032,5031712.516,45.42250568,-75.69431588,11198
16--7437,2016/07/10,3:15 PM,HIGHWAY 417 btwn HWY417 IC124 RAMP67 & HWY417 IC123 RAMP62 (__3ZA2YZ),__3ZA2YZ,01 - Non intersection,03 - P.D. only,03 - Rear end,01 - Clear,01 - Daylight,01 - Dry,10 - No control,,2,0,0,0,,0,,,,,364717.2199,5027956.739,45.38898743,-75.73480935,11199
16--7438,2016/07/10,3:30 AM,STRANDHERD DR btwn LONGFIELDS DR & CLARIDGE DR (__4BRV9S),__4BRV9S,01 - Non intersection,03 - P.D. only,01 - Approaching,01 - Clear,07 - Dark,01 - Dry,10 - No control,,2,0,0,0,,0,,,,,364590.9493,5015203.208,45.27424319,-75.73796232,11200
16--7439,2016/07/10,4:55 PM,HUNT CLUB RD @ PIKE ST/MAPLE PARK PRIV (0010869),10869,03 - At intersection,03 - P.D. only,05 - Turning movement,01 - Clear,01 - Daylight,01 - Dry,01 - Traffic signal,01 - Functioning,3,0,0,0,,0,,,,,373296.0567,5025088.967,45.36239796,-75.62566055,11201
16--744,2016/01/16,8:30 PM,LESTER RD btwn ALBION RD & UPLANDS DR (__3ZA2SC),__3ZA2SC,01 - Non intersection,03 - P.D. only,07 - SMV other,03 - Snow,07 - Dark,05 - Packed snow,10 - No control,,1,0,0,0,,0,,,,,372275.1338,5022065.018,45.33528851,-75.63910354,11202
16--7440,2016/07/10,5:05 PM,TERRY FOX DR S @ DIDSBURY RD/CENTRUM KANATA SC (0011820),11820,02 - Intersection related,03 - P.D. only,04 - Sideswipe,01 - Clear,01 - Daylight,01 - Dry,01 - Traffic signal,01 - Functioning,2,0,0,0,,0,,,,,350623.1197,5018916.082,45.30870172,-75.91562907,11203
16--7441,2016/07/10,6:30 AM,HWY417 IC126 RAMP51 btwn HIGHWAY 417 & HWY417 IC126 RAMP52 (__3ZAYAE),__3ZAYAE,01 - Non intersection,03 - P.D. only,07 - SMV other,02 - Rain,01 - Daylight,02 - Wet,10 - No control,,1,0,0,0,,0,,,,,363239.9036,5025917.337,45.370762,-75.75391562,11204
16--7442,2016/07/10,6:52 PM,KENT ST @ SOMERSET ST (0008857),8857,03 - At intersection,03 - P.D. only,02 - Angle,01 - Clear,01 - Daylight,01 - Dry,01 - Traffic signal,01 - Functioning,2,0,0,0,,0,,,,,367526.9285,5030816.474,45.41447248,-75.69856685,11205
16--7443,2016/07/10,9:39 AM,VIEWMOUNT DR @ MERIVALE RD (0001528),1528,03 - At intersection,02 - Non-fatal injury,07 - SMV other,01 - Clear,01 - Daylight,01 - Dry,01 - Traffic signal,01 - Functioning,1,0,0,1,02 - Minor,1,,1,,,365193.0304,5022947.829,45.34387723,-75.72934567,11206
16--7444,2016/07/10,9:52 PM,INNES RD @ ORLEANS BLVD (0003611),3611,03 - At intersection,03 - P.D. only,05 - Turning movement,01 - Clear,07 - Dark,01 - Dry,01 - Traffic signal,01 - Functioning,2,0,0,0,,0,,,,,380461.0224,5034296.858,45.44450749,-75.5328008,11207
16--7445,2016/07/11,1:03 PM,NAVAN RD btwn MUSTANG ST & TO BE DETERMINED (__3ZA3M4),__3ZA3M4,01 - Non intersection,03 - P.D. only,01 - Approaching,01 - Clear,01 - Daylight,01 - Dry,10 - No control,,2,0,0,0,,0,,,,,388420.0265,5032315.526,45.42577476,-75.43141178,11208
16--7446,2016/07/11,1:15 PM,EAGLESON RD @ HAZELDEAN RD/ROBERTSON RD (0002715),2715,02 - Intersection related,03 - P.D. only,03 - Rear end,01 - Clear,01 - Daylight,01 - Dry,01 - Traffic signal,01 - Functioning,2,0,0,0,,0,,,,,353669.6097,5018427.342,45.30409856,-75.87682837,11209
16--7447,2016/07/11,1:23 PM,HAZELDEAN RD @ CARBROOKE ST/IRWIN GATE (0003187),3187,03 - At intersection,02 - Non-fatal injury,05 - Turning movement,01 - Clear,01 - Daylight,01 - Dry,01 - Traffic signal,01 - Functioning,2,0,0,0,02 - Minor,1,,1,,,353416.3461,5018265.279,45.30265786,-75.88007362,11210
16--7448,2016/07/11,1:44 PM,LETT ST btwn Continuation of LETT ST & END (__6UQV14),__6UQV14,04 - At/near private drive,03 - P.D. only,02 - Angle,02 - Rain,01 - Daylight,02 - Wet,10 - No control,,2,1,0,0,,0,,,,,366397.6929,5031080.842,45.41695151,-75.71296015,11211
16--7449,2016/07/11,1:45 PM,STITTSVILLE MAIN ST @ HAZELDEAN RD (0000050),50,03 - At intersection,03 - P.D. only,05 - Turning movement,01 - Clear,01 - Daylight,01 - Dry,01 - Traffic signal,01 - Functioning,2,0,0,0,,0,,,,,349558.3062,5014878.787,45.27244152,-75.92957198,11212
16--745,2016/01/16,9:06 AM,MACDONALD-CARTIER BR btwn RAMP & END (2) (__3ZA3UC),__3ZA3UC,07 - Overpass or bridge,03 - P.D. only,03 - Rear end,03 - Snow,01 - Daylight,06 - Ice,10 - No control,,2,0,0,0,,0,,,,,367249.6119,5033271.637,45.43658805,-75.70179836,11213
16--7450,2016/07/11,1:53 PM,INNES RD btwn ANDERSON RD & INNES RD (__3ZA3J2),__3ZA3J2,01 - Non intersection,03 - P.D. only,04 - Sideswipe,01 - Clear,01 - Daylight,01 - Dry,10 - No control,,2,0,0,0,,0,,,,,376341.2201,5031872.527,45.42312861,-75.58581089,11214
16--7811,2016/07/21,1:51 PM,KIRKWOOD AVE btwn RICHMOND RD & LYMAN ST (__3ZA4OC),__3ZA4OC,04 - At/near private drive,02 - Non-fatal injury,03 - Rear end,01 - Clear,01 - Daylight,01 - Dry,10 - No control,,2,0,0,0,01 - Minimal,1,1,,,,363786.1897,5028612.464,45.39496656,-75.74661992,11215
16--7631,2016/07/15,6:05 PM,ECCLES ST btwn ROCHESTER ST & BOOTH ST (__3ZA0VB),__3ZA0VB,01 - Non intersection,03 - P.D. only,06 - SMV unattended vehicle,01 - Clear,01 - Daylight,01 - Dry,10 - No control,,1,0,0,0,,0,,,,,366609.2043,5030180.751,45.40883409,-75.71037078,11216