Anom_ID,Accident_Date,Accident_Time,Location,Geo_ID,Accident_Location,Classification_of_Accident,Initial_Impact_Type,Environment_Condition,Light,Road_Surface_Condition,Traffic_Control,Traffic_Control_Condition,No__of_Vehicles,No__of_Bicycles,No__of_Motorcycles,No__of_Pedestrians,Max_Injury,No__of_Injuries,No__of_Minimal,No__of_Minor,No__of_Major,No__of_Fatal,X,Y,Latitude,Longitude,ObjectId
16--7721,2016/07/18,3:19 PM,SUSSEX DR btwn BRUYERE ST & ST. ANDREW ST (__3ZBOF2),__3ZBOF2,04 - At/near private drive,02 - Non-fatal injury,05 - Turning movement,01 - Clear,01 - Daylight,01 - Dry,10 - No control,,2,1,0,0,02 - Minor,1,,1,,,367575.2005,5032603.132,45.43054392,-75.69772249,11217
16--7451,2016/07/11,11:29 AM,MAPLE GROVE RD @ TERRY FOX DR (0003177),3177,02 - Intersection related,03 - P.D. only,04 - Sideswipe,01 - Clear,01 - Daylight,01 - Dry,01 - Traffic signal,01 - Functioning,2,0,0,0,,0,,,,,351552.6901,5017863.776,45.29917154,-75.90387438,11218
16--7901,2016/07/23,11:00 AM,RIDEAU ST btwn KING EDWARD AVE & NELSON ST (__3ZA3VG),__3ZA3VG,01 - Non intersection,03 - P.D. only,07 - SMV other,01 - Clear,01 - Daylight,01 - Dry,10 - No control,,1,0,0,0,,0,,,,,368545.2967,5032434.006,45.42893444,-75.68534764,11219
16--8086,2016/07/28,9:09 PM,MERIVALE RD @ ANNA AVE/LAPERRIERE AVE (0006316),6316,02 - Intersection related,03 - P.D. only,05 - Turning movement,01 - Clear,07 - Dark,01 - Dry,01 - Traffic signal,01 - Functioning,2,1,0,0,,0,,,,,364859.9915,5027164.941,45.38185075,-75.73308255,11220
16--7276,2016/07/05,6:06 AM,FRANKTOWN RD btwn CONLEY RD & JOY'S RD (__3ZA42P),__3ZA42P,01 - Non intersection,02 - Non-fatal injury,04 - Sideswipe,01 - Clear,01 - Daylight,01 - Dry,10 - No control,,2,0,0,0,02 - Minor,1,,1,,,353323.1596,5003070.33,45.16593512,-75.88274379,11221
16--7997,2016/07/26,5:31 PM,GREENBANK RD btwn HWY417 IC129 RAMP35 & HWY417 IC129 RAMP25 (__3ZA4MU),__3ZA4MU,01 - Non intersection,02 - Non-fatal injury,03 - Rear end,01 - Clear,01 - Daylight,01 - Dry,10 - No control,,2,0,0,0,02 - Minor,1,,1,,,360513.7939,5023358.409,45.34795888,-75.78900471,11222
16--7632,2016/07/15,6:20 PM,HIGHWAY 417 btwn HWY417 IC140 RAMP35 & HWY417 IC140 RAMP25 (__3ZA2QP),__3ZA2QP,01 - Non intersection,02 - Non-fatal injury,07 - SMV other,01 - Clear,01 - Daylight,01 - Dry,10 - No control,,1,0,0,0,02 - Minor,2,1,1,,,350951.8584,5018561.478,45.30548938,-75.91146999,11223
16--7277,2016/07/05,6:22 PM,BAY ST @ GLADSTONE AVE (0007724),7724,03 - At intersection,03 - P.D. only,02 - Angle,01 - Clear,01 - Daylight,01 - Dry,02 - Stop sign,01 - Functioning,2,1,0,0,,0,,,,,367462.4852,5030287.888,45.4097222,-75.69945733,11224
16--7278,2016/07/05,6:35 AM,BANK ST @ FINDLAY CREEK SC/310 S OF FINDLAY CREEK DR (0013532),13532,02 - Intersection related,03 - P.D. only,99 - Other,01 - Clear,01 - Daylight,01 - Dry,01 - Traffic signal,01 - Functioning,2,0,0,0,,0,,,,,375967.5345,5020175.263,45.31792052,-75.59227064,11225
16--7279,2016/07/05,6:35 PM,GEORGE ST @ DALHOUSIE ST (0008516),8516,02 - Intersection related,03 - P.D. only,04 - Sideswipe,01 - Clear,01 - Daylight,01 - Dry,01 - Traffic signal,01 - Functioning,2,0,0,0,,0,,,,,368157.1062,5032316.07,45.42790856,-75.69032331,11226
16--728,2016/01/16,3:17 PM,OGILVIE RD btwn MONTREAL RD & GREGORY CRT (__3ZA2DW),__3ZA2DW,01 - Non intersection,03 - P.D. only,07 - SMV other,03 - Snow,01 - Daylight,04 - Slush,10 - No control,,1,0,0,0,,0,,,,,375678.6279,5034366.765,45.44563775,-75.59391767,11227
16--7280,2016/07/05,6:45 AM,CYRVILLE RD @ INNES RD (0009352),9352,02 - Intersection related,02 - Non-fatal injury,03 - Rear end,01 - Clear,01 - Daylight,01 - Dry,01 - Traffic signal,01 - Functioning,3,0,0,0,01 - Minimal,1,1,,,,375047.7247,5031119.564,45.41648495,-75.60244511,11228
16--7281,2016/07/05,6:56 AM,ST. LAURENT BLVD btwn INDUSTRIAL AVE & BOURASSA ST (__3ZBOFB),__3ZBOFB,04 - At/near private drive,02 - Non-fatal injury,02 - Angle,01 - Clear,01 - Daylight,01 - Dry,10 - No control,,2,1,0,0,01 - Minimal,1,1,,,,373158.1741,5029873.321,45.40545899,-75.62675786,11229
16--7282,2016/07/05,7:00 AM,ARMSTRONG ST @ PARKDALE AVE (0006267),6267,02 - Intersection related,03 - P.D. only,03 - Rear end,01 - Clear,01 - Daylight,01 - Dry,01 - Traffic signal,01 - Functioning,2,0,0,0,,0,,,,,365090.3015,5029405.34,45.40198961,-75.7298682,11230
16--7283,2016/07/05,7:38 PM,BANFF AVE @ WALKLEY RD (0006813),6813,02 - Intersection related,03 - P.D. only,03 - Rear end,01 - Clear,01 - Daylight,01 - Dry,01 - Traffic signal,01 - Functioning,3,0,0,0,,0,,,,,370504.3843,5026043.754,45.37125604,-75.66116484,11231
16--7284,2016/07/05,7:59 PM,PAMILLA ST btwn PRESTON ST & END (__3ZA030),__3ZA030,01 - Non intersection,03 - P.D. only,06 - SMV unattended vehicle,01 - Clear,01 - Daylight,01 - Dry,10 - No control,,1,0,0,0,,0,,,,,366730.8904,5029118.983,45.39926983,-75.7089497,11232
16--7285,2016/07/05,8:05 PM,HIGHWAY 417 btwn HWY417 IC121A RAMP16 & HWY417 IC121A RAMP61 (__3ZA2YY),__3ZA2YY,01 - Non intersection,03 - P.D. only,07 - SMV other,01 - Clear,01 - Daylight,01 - Dry,10 - No control,,1,0,0,0,,0,,,,,367266.7484,5029760.794,45.40499706,-75.7020245,11233
16--7286,2016/07/05,8:51 AM,PARKDALE AVE @ TYNDALL ST (0006515),6515,02 - Intersection related,03 - P.D. only,04 - Sideswipe,01 - Clear,01 - Daylight,01 - Dry,02 - Stop sign,01 - Functioning,2,0,0,0,,0,,,,,365263.9279,5029013.561,45.3984495,-75.72769857,11234
16--7287,2016/07/05,8:57 AM,REGIONAL ROAD 174 btwn QUIGLEY HILL RD & CAMERON ST (__3ZA27U),__3ZA27U,01 - Non intersection,03 - P.D. only,07 - SMV other,01 - Clear,01 - Daylight,01 - Dry,10 - No control,,1,0,0,0,,0,,,,,389837.4539,5042614.361,45.51826102,-75.41151925,11235
16--7288,2016/07/05,9:19 AM,KING EDWARD AVE @ SOMERSET ST/MARIE CURIE PRIV (0001696),1696,02 - Intersection related,03 - P.D. only,03 - Rear end,01 - Clear,01 - Daylight,01 - Dry,01 - Traffic signal,01 - Functioning,3,0,0,0,,0,,,,,368957.7103,5031673.992,45.4220584,-75.68017661,11236
16--7289,2016/07/05,9:45 PM,TIMM DR btwn EAGLESON RD & HAANEL DR (__3ZAZCZ),__3ZAZCZ,01 - Non intersection,03 - P.D. only,07 - SMV other,01 - Clear,07 - Dark,01 - Dry,10 - No control,,1,0,0,0,,0,,,,,353710.3205,5019609.136,45.31472975,-75.87619262,11237
16--729,2016/01/16,3:36 PM,HEATHERINGTON RD @ FAIRLEA CRES S/ANGELA PRIV (0006830),6830,02 - Intersection related,03 - P.D. only,07 - SMV other,01 - Clear,01 - Daylight,03 - Loose snow,02 - Stop sign,01 - Functioning,1,0,0,0,,0,,,,,371874.7365,5026503.029,45.37525861,-75.64360939,11238
16--7812,2016/07/21,1:57 PM,MACFARLANE RD @ DEAKIN ST (0000197),197,03 - At intersection,02 - Non-fatal injury,05 - Turning movement,01 - Clear,01 - Daylight,01 - Dry,02 - Stop sign,01 - Functioning,2,0,0,0,02 - Minor,2,,2,,,367253.4368,5021558.208,45.33119326,-75.70323145,11239
16--7290,2016/07/06,1:10 PM,SOMERSET ST    E btwn HENDERSON AVE & NELSON ST (__3ZA9O1),__3ZA9O1,01 - Non intersection,03 - P.D. only,07 - SMV other,01 - Clear,01 - Daylight,01 - Dry,10 - No control,,1,0,0,0,,0,,,,,369086.5385,5031756.728,45.422791,-75.67851979,11240
16--7291,2016/07/06,1:32 PM,AYLMER AVE @ BANK ST (0007222),7222,02 - Intersection related,03 - P.D. only,04 - Sideswipe,01 - Clear,01 - Daylight,01 - Dry,01 - Traffic signal,01 - Functioning,2,0,0,0,,0,,,,,368673.3218,5028730.325,45.3955983,-75.68419162,11241
16--7292,2016/07/06,10:02 PM,MCARTHUR AVE @ CARMEN AVE (0009811),9811,02 - Intersection related,03 - P.D. only,03 - Rear end,01 - Clear,07 - Dark,01 - Dry,02 - Stop sign,01 - Functioning,2,0,0,0,,0,,,,,370904.9678,5032766.45,45.43170658,-75.65515012,11242
16--7293,2016/07/06,10:48 AM,NICHOLAS ST btwn BESSERER ST & DALY AVE (__3ZA3VO),__3ZA3VO,01 - Non intersection,03 - P.D. only,06 - SMV unattended vehicle,01 - Clear,01 - Daylight,01 - Dry,10 - No control,,1,0,0,0,,0,,,,,368218.4295,5032060.883,45.42560692,-75.68957256,11243
16--7294,2016/07/06,11:55 AM,MACKENZIE KING BRIDGE @ N.D.H.Q./RIDEAU CENTRE SC (0008974),8974,02 - Intersection related,03 - P.D. only,04 - Sideswipe,01 - Clear,01 - Daylight,01 - Dry,01 - Traffic signal,01 - Functioning,2,0,0,0,,0,,,,,368164.569,5031867.58,45.42387253,-75.69028565,11244
16--7295,2016/07/06,12:22 PM,INNES RD btwn GRAVELLE CRES & SOUTHPARK DR (__3ZA2AW),__3ZA2AW,04 - At/near private drive,03 - P.D. only,03 - Rear end,01 - Clear,01 - Daylight,01 - Dry,10 - No control,,2,0,0,0,,0,,,,,377762.2394,5032709.108,45.43050886,-75.56753087,11245
16--7296,2016/07/06,2:33 PM,BRONSON AVE @ IMPERIAL AVE/PLYMOUTH ST (0010859),10859,03 - At intersection,03 - P.D. only,07 - SMV other,01 - Clear,01 - Daylight,01 - Dry,10 - No control,,1,0,0,0,,0,,,,,367319.0939,5029643.552,45.40393748,-75.70137074,11246
16--7297,2016/07/06,3:08 AM,ALBION RD btwn KILLYMOON WAY & MITCH OWENS RD (__3ZA3TS),__3ZA3TS,01 - Non intersection,03 - P.D. only,07 - SMV other,01 - Clear,07 - Dark,01 - Dry,10 - No control,,1,0,0,0,,0,,,,,375863.3947,5014903.668,45.27049918,-75.59435409,11247
16--7298,2016/07/06,3:14 PM,HIGHWAY 7 btwn HWY 7 HAZELDEAN RD IC RAMP 63 & HAZELDEAN RD (__7JQ7JC),__7JQ7JC,01 - Non intersection,03 - P.D. only,07 - SMV other,02 - Rain,01 - Daylight,02 - Wet,10 - No control,,1,0,0,0,,0,,,,,346360.4795,5012299.169,45.24942528,-75.97054107,11248
16--7299,2016/07/06,3:30 PM,CARLING AVE @ CROYDON AVE (0002642),2642,02 - Intersection related,03 - P.D. only,04 - Sideswipe,01 - Clear,01 - Daylight,01 - Dry,01 - Traffic signal,01 - Functioning,2,0,0,0,,0,,,,,360658.9079,5025042.972,45.36310498,-75.78696263,11249
16--73,2016/01/03,7:35 AM,HIGHWAY 416 btwn HWY416 IC75B RAMP25 & HWY416 IC75A RAMP26 (__3ZAZLE),__3ZAZLE,01 - Non intersection,03 - P.D. only,07 - SMV other,03 - Snow,03 - Dawn,03 - Loose snow,10 - No control,,1,0,0,0,,0,,,,,358653.5159,5022181.401,45.33751343,-75.81287116,11250
16--730,2016/01/16,3:55 PM,FALLOWFIELD RD @ WOODROFFE AVE (0010372),10372,02 - Intersection related,03 - P.D. only,03 - Rear end,01 - Clear,01 - Daylight,02 - Wet,01 - Traffic signal,01 - Functioning,2,0,0,0,,0,,,,,365085.8673,5017904.159,45.29850398,-75.73132697,11251
16--7300,2016/07/06,3:30 PM,FRINGEWOOD DR btwn POOLE CREEK CRES & POOLE CREEK CRES (__3ZACRZ),__3ZACRZ,04 - At/near private drive,02 - Non-fatal injury,07 - SMV other,01 - Clear,01 - Daylight,01 - Dry,10 - No control,,1,0,0,1,01 - Minimal,1,1,,,,351058.6432,5015370.257,45.27676682,-75.91040595,11252
16--7301,2016/07/06,3:37 PM,BELFAST RD btwn TRAINYARDS DR & ST. LAURENT BLVD (__3ZA79Z),__3ZA79Z,04 - At/near private drive,03 - P.D. only,05 - Turning movement,01 - Clear,01 - Daylight,01 - Dry,10 - No control,,2,0,0,0,,0,,,,,372317.1368,5030679.768,45.41279667,-75.63739001,11253
16--7302,2016/07/06,3:50 PM,WOODROFFE AVE NB btwn WEST HUNT CLUB RD & SPORTSPLEX N (__3ZA245A),__3ZA245A,01 - Non intersection,03 - P.D. only,03 - Rear end,01 - Clear,01 - Daylight,01 - Dry,10 - No control,,2,0,0,0,,0,,,,,363692.2819,5021223.307,45.32848773,-75.74869975,11254
16--7303,2016/07/06,4:00 PM,HIGHWAY 7 btwn HWY 7 HAZELDEAN RD IC RAMP 63 & HAZELDEAN RD (__7JQ7JC),__7JQ7JC,01 - Non intersection,03 - P.D. only,03 - Rear end,02 - Rain,01 - Daylight,02 - Wet,10 - No control,,3,0,0,0,,0,,,,,346360.4795,5012302.903,45.24945888,-75.97054076,11255
16--7304,2016/07/06,4:02 PM,MOODIE DR btwn BRIDE PRIV & MCKENNA CASEY DR (__3ZA4Y1),__3ZA4Y1,01 - Non intersection,02 - Non-fatal injury,07 - SMV other,01 - Clear,01 - Daylight,01 - Dry,10 - No control,,1,0,0,1,02 - Minor,1,,1,,,359579.6105,5014455.049,45.26791942,-75.80190956,11256
16--7305,2016/07/06,4:03 PM,PARKDALE AVE @ SCOTT ST (0002213),2213,02 - Intersection related,03 - P.D. only,07 - SMV other,01 - Clear,01 - Daylight,01 - Dry,01 - Traffic signal,01 - Functioning,1,0,0,0,,0,,,,,364949.313,5029726.56,45.404892,-75.7316298,11257
16--7306,2016/07/06,4:19 PM,KING EDWARD AVE @ ST. PATRICK ST (0002714),2714,02 - Intersection related,03 - P.D. only,04 - Sideswipe,01 - Clear,01 - Daylight,01 - Dry,01 - Traffic signal,01 - Functioning,2,0,0,0,,0,,,,,368248.7604,5032823.614,45.43246696,-75.68908673,11258
16--7307,2016/07/06,4:19 PM,210 W OF MERIVALE RD @ WEST HUNT CLUB RD (0004688),4688,02 - Intersection related,03 - P.D. only,03 - Rear end,01 - Clear,01 - Daylight,01 - Dry,01 - Traffic signal,01 - Functioning,2,0,0,0,,0,,,,,365431.8358,5021829.217,45.33379151,-75.72643571,11259
16--7308,2016/07/06,5:44 PM,ALBERT ST @ ELGIN ST/MACKENZIE KING BRIDGE (0002226),2226,02 - Intersection related,03 - P.D. only,03 - Rear end,01 - Clear,01 - Daylight,01 - Dry,01 - Traffic signal,01 - Functioning,2,0,0,0,,0,,,,,367850.6453,5031711.614,45.42249757,-75.69431674,11260
16--7309,2016/07/06,6:08 PM,DUNROBIN RD btwn BAIRD'S GRANT LANE & BUCKHAMS BAY RD (__3ZA4Q1),__3ZA4Q1,01 - Non intersection,03 - P.D. only,07 - SMV other,01 - Clear,01 - Daylight,01 - Dry,10 - No control,,1,0,0,0,,0,,,,,334904.5473,5039139.791,45.49153222,-76.11484397,11261
16--731,2016/01/16,4:09 PM,CRESTWAY DR btwn GRAND GALA DR & PRINCE OF WALES DR (__3ZADK2),__3ZADK2,01 - Non intersection,03 - P.D. only,07 - SMV other,03 - Snow,01 - Daylight,04 - Slush,10 - No control,,1,0,0,0,,0,,,,,367138.1524,5016584.407,45.28644989,-75.70532773,11262
16--7310,2016/07/06,6:11 PM,CYRVILLE RD @ ST. LAURENT BLVD (0002647),2647,03 - At intersection,02 - Non-fatal injury,05 - Turning movement,01 - Clear,01 - Daylight,01 - Dry,01 - Traffic signal,01 - Functioning,2,0,0,0,02 - Minor,2,,2,,,372242.4026,5032112.035,45.42569076,-75.63814868,11263
16--7311,2016/07/06,6:48 AM,ALBERT ST @ BANK ST (0002115),2115,03 - At intersection,03 - P.D. only,04 - Sideswipe,01 - Clear,01 - Daylight,01 - Dry,01 - Traffic signal,01 - Functioning,2,0,0,0,,0,,,,,367386.0867,5031423.574,45.41994759,-75.70028904,11264
16--7312,2016/07/06,6:58 PM,HIGHWAY 417 btwn HWY417 IC88 RAMP15 & END (__3ZA27T),__3ZA27T,01 - Non intersection,02 - Non-fatal injury,07 - SMV other,01 - Clear,01 - Daylight,01 - Dry,10 - No control,,1,0,0,0,02 - Minor,2,1,1,,,395296.747,5022448.218,45.33614481,-75.34535942,11265
16--7313,2016/07/06,7:25 AM,ALBERT ST @ BOOTH ST (0002162),2162,02 - Intersection related,02 - Non-fatal injury,05 - Turning movement,01 - Clear,01 - Daylight,01 - Dry,01 - Traffic signal,01 - Functioning,2,0,0,0,01 - Minimal,1,1,,,,366428.2742,5030625.136,45.4128485,-75.71262643,11266
16--7314,2016/07/06,7:30 PM,STONEHURST AVE btwn CARRUTHERS AVE & LYNDALE AVE (__3ZAAKH),__3ZAAKH,04 - At/near private drive,03 - P.D. only,06 - SMV unattended vehicle,01 - Clear,01 - Daylight,01 - Dry,10 - No control,,1,0,0,0,,0,,,,,365200.6235,5029943.417,45.40682159,-75.72839319,11267
16--7315,2016/07/06,7:50 AM,FITZGERALD RD @ ROBERTSON RD (0005301),5301,03 - At intersection,02 - Non-fatal injury,05 - Turning movement,01 - Clear,01 - Daylight,01 - Dry,01 - Traffic signal,01 - Functioning,2,0,0,0,02 - Minor,2,,2,,,356789.185,5020289.299,45.32062873,-75.83685564,11268
16--7316,2016/07/06,8:07 PM,225 E OF RIVERSIDE DR / T & T SC @ HUNT CLUB RD (0013516),13516,02 - Intersection related,02 - Non-fatal injury,03 - Rear end,01 - Clear,01 - Daylight,01 - Dry,01 - Traffic signal,01 - Functioning,2,0,1,0,02 - Minor,1,,1,,,368235.6976,5022055.979,45.335584,-75.69063741,11269
16--7317,2016/07/06,8:38 AM,HIGHWAY 417 btwn HWY417 IC115 RAMP36 & HWY417 IC115 RAMP26 (__3ZA2R4),__3ZA2R4,01 - Non intersection,03 - P.D. only,03 - Rear end,01 - Clear,01 - Daylight,01 - Dry,10 - No control,,2,0,0,0,,0,,,,,372490.731,5031524.453,45.42037999,-75.63505637,11270
16--7318,2016/07/06,8:39 AM,CARLING AVE @ PRESTON ST (0002161),2161,02 - Intersection related,02 - Non-fatal injury,05 - Turning movement,01 - Clear,01 - Daylight,01 - Dry,01 - Traffic signal,01 - Functioning,2,1,0,0,02 - Minor,1,,1,,,366830.3918,5028935.553,45.39761057,-75.70770195,11271
16--7319,2016/07/06,8:47 AM,ROGER STEVENS DR btwn SECOND LINE RD S & DORACK DR (__3ZA39U),__3ZA39U,01 - Non intersection,03 - P.D. only,07 - SMV other,01 - Clear,01 - Daylight,01 - Dry,10 - No control,,1,0,0,0,,0,,,,,370139.8891,5001631.784,45.15163461,-75.66902842,11272
16--732,2016/01/16,4:25 PM,MERIVALE RD btwn EMERALD PLAZA SC & MEADOWLANDS DR (__3ZA4HZB),__3ZA4HZB,01 - Non intersection,03 - P.D. only,04 - Sideswipe,02 - Rain,01 - Daylight,02 - Wet,10 - No control,,2,0,0,0,,0,,,,,364753.2467,5023969.525,45.35310805,-75.73483323,11273
16--7320,2016/07/06,9:30 PM,RICHMOND RD btwn LEIGHTON TER & ISLAND PARK DR (__3ZA4PN),__3ZA4PN,01 - Non intersection,03 - P.D. only,06 - SMV unattended vehicle,02 - Rain,07 - Dark,02 - Wet,10 - No control,,1,0,0,0,,0,,,,,364111.07,5028853.352,45.39710658,-75.7424419,11274
16--7321,2016/07/06,9:37 AM,HILSON AVE @ CLARE ST (0006083),6083,02 - Intersection related,03 - P.D. only,99 - Other,01 - Clear,01 - Daylight,01 - Dry,02 - Stop sign,00 - Unknown,2,0,0,0,,0,,,,,364171.3183,5028017.771,45.38958307,-75.74177299,11275
16--7322,2016/07/06,9:50 AM,REGIONAL ROAD 174 btwn Continuation of REGIONAL ROAD 174 & OR174 IC112 (__3ZA2YI),__3ZA2YI,01 - Non intersection,02 - Non-fatal injury,03 - Rear end,01 - Clear,01 - Daylight,01 - Dry,10 - No control,,4,0,0,0,02 - Minor,1,,1,,,374079.0054,5032303.255,45.42723177,-75.61465448,11276
16--7323,2016/07/07,1:00 PM,HIGHWAY 417 btwn HWY417 IC118 RAMP67 & HWY417 IC117 RAMP36 (__3ZA2YO),__3ZA2YO,01 - Non intersection,03 - P.D. only,04 - Sideswipe,01 - Clear,01 - Daylight,01 - Dry,10 - No control,,2,0,0,0,,0,,,,,369831.1517,5031155.351,45.41731122,-75.66908519,11277
16--7324,2016/07/07,1:33 PM,HAWTHORNE AVE/ISABELLA ST @ QUEEN ELIZABETH DR (0002105),2105,02 - Intersection related,03 - P.D. only,99 - Other,01 - Clear,01 - Daylight,01 - Dry,01 - Traffic signal,01 - Functioning,2,0,0,0,,0,,,,,368666.1578,5030476.703,45.41131229,-75.68405694,11278
16--7325,2016/07/07,10:35 PM,HEMLOCK RD @ ST. LAURENT BLVD (0007183),7183,03 - At intersection,02 - Non-fatal injury,05 - Turning movement,01 - Clear,07 - Dark,01 - Dry,01 - Traffic signal,01 - Functioning,2,0,0,0,02 - Minor,1,,1,,,371146.3907,5034782.052,45.44981918,-75.65179326,11279
16--7326,2016/07/07,11:24 AM,SMYTH RD @ SOUTH HAVEN PL/GENERAL HOSPITAL ENTRANCE W (0007242),7242,02 - Intersection related,02 - Non-fatal injury,03 - Rear end,01 - Clear,01 - Daylight,01 - Dry,01 - Traffic signal,01 - Functioning,3,0,0,0,01 - Minimal,1,1,,,,371120.4974,5029136.553,45.39902587,-75.65288435,11280
16--7327,2016/07/07,11:32 AM,MAPLE GROVE RD @ TERRY FOX DR (0003177),3177,03 - At intersection,03 - P.D. only,05 - Turning movement,01 - Clear,01 - Daylight,01 - Dry,01 - Traffic signal,01 - Functioning,3,0,0,0,,0,,,,,351553.3813,5017864.919,45.29918178,-75.90386546,11281
16--7328,2016/07/07,11:58 AM,BELFAST RD @ TREMBLAY RD (0002698),2698,03 - At intersection,02 - Non-fatal injury,05 - Turning movement,01 - Clear,01 - Daylight,01 - Dry,01 - Traffic signal,01 - Functioning,3,0,0,0,02 - Minor,2,,2,,,371558.4914,5031319.655,45.41862688,-75.64699482,11282
16--7329,2016/07/07,12:40 PM,HIGHWAY 417 btwn HWY417 IC119A RAMP67 & HWY417 IC118 RAMP76 (__3ZA2YS),__3ZA2YS,01 - Non intersection,03 - P.D. only,03 - Rear end,01 - Clear,01 - Daylight,01 - Dry,10 - No control,,2,0,0,0,,0,,,,,368934.7368,5030709.965,45.41338654,-75.68059562,11283
16--733,2016/01/16,4:40 PM,RICHMOND RD @ STONEHAVEN DR (0010370),10370,02 - Intersection related,03 - P.D. only,04 - Sideswipe,01 - Clear,05 - Dusk,01 - Dry,01 - Traffic signal,01 - Functioning,3,0,0,0,,0,,,,,356781.4216,5015891.217,45.28105471,-75.83741578,11284
16--7330,2016/07/07,12:45 PM,HWY 417 WOODROFF IC127R62 @ WOODROFFE AVE (0002349),2349,03 - At intersection,03 - P.D. only,02 - Angle,01 - Clear,01 - Daylight,01 - Dry,03 - Yield sign,01 - Functioning,2,0,0,0,,0,,,,,362050.6415,5025018.609,45.36277348,-75.76920145,11285
16--7331,2016/07/07,2:00 PM,KENSINGTON AVE btwn BYRON AVE & WESLEY AVE (__3ZBONB),__3ZBONB,04 - At/near private drive,03 - P.D. only,06 - SMV unattended vehicle,01 - Clear,01 - Daylight,01 - Dry,10 - No control,,1,0,0,0,,0,,,,,364120.0268,5028489.879,45.39383536,-75.74237121,11286
16--7332,2016/07/07,2:00 PM,ALBERT ST @ ELGIN ST/MACKENZIE KING BRIDGE (0002226),2226,03 - At intersection,03 - P.D. only,04 - Sideswipe,01 - Clear,01 - Daylight,01 - Dry,01 - Traffic signal,01 - Functioning,2,0,0,0,,0,,,,,367849.6782,5031715.14,45.42252938,-75.69432864,11287
16--7333,2016/07/07,2:06 PM,BANK ST @ HOLMWOOD AVE (0007225),7225,03 - At intersection,03 - P.D. only,03 - Rear end,01 - Clear,01 - Daylight,01 - Dry,01 - Traffic signal,01 - Functioning,2,0,0,0,,0,,,,,368482.215,5029196.291,45.39980832,-75.68657209,11288
16--7334,2016/07/07,2:17 PM,KILSPINDIE RIDGE btwn FERGUSLEA LANE & LOCHHOUSE WALK (e___1G34),e___1G34,01 - Non intersection,03 - P.D. only,06 - SMV unattended vehicle,01 - Clear,01 - Daylight,01 - Dry,10 - No control,,1,0,0,0,,0,,,,,366446.64,5012787.745,45.2523487,-75.71461343,11289
16--7335,2016/07/07,2:29 PM,OLD INNES RD @ BANTREE ST (0007674),7674,03 - At intersection,02 - Non-fatal injury,02 - Angle,01 - Clear,01 - Daylight,01 - Dry,02 - Stop sign,01 - Functioning,2,0,0,0,01 - Minimal,2,2,,,,373727.7687,5030352.464,45.40971423,-75.61941544,11290
16--7336,2016/07/07,2:32 PM,FLORENCE ST btwn KENT ST & BANK ST (__3ZA8GH),__3ZA8GH,01 - Non intersection,03 - P.D. only,04 - Sideswipe,01 - Clear,01 - Daylight,01 - Dry,10 - No control,,2,0,0,0,,0,,,,,367833.6438,5030603.186,45.41252582,-75.69467575,11291
16--7337,2016/07/07,2:38 PM,WEST HUNT CLUB RD btwn MOODIE DR & HWY416 IC72 RAMP53 (__3ZA4YJ),__3ZA4YJ,01 - Non intersection,03 - P.D. only,04 - Sideswipe,01 - Clear,01 - Daylight,01 - Dry,10 - No control,,2,0,0,0,,0,,,,,359189.2245,5019253.454,45.31112629,-75.80635804,11292
16--7338,2016/07/07,2:55 PM,HIGHWAY 417 btwn HWY417 IC117 RAMP26 & HWY417 IC117 RAMP61 (__3ZA2YM),__3ZA2YM,01 - Non intersection,03 - P.D. only,04 - Sideswipe,01 - Clear,01 - Daylight,01 - Dry,10 - No control,,2,0,0,0,,0,,,,,370799.1132,5031207.799,45.41769249,-75.65671168,11293
16--7339,2016/07/07,3:05 PM,BOOTH ST @ 208 N OF MIDDLE ST/E.B. EDDY N (0012188),12188,02 - Intersection related,03 - P.D. only,04 - Sideswipe,01 - Clear,01 - Daylight,01 - Dry,01 - Traffic signal,01 - Functioning,2,0,0,0,,0,,,,,366010.3937,5031471.56,45.42050107,-75.7178597,11294
16--734,2016/01/16,5:40 PM,GEORGE ST @ DALHOUSIE ST (0008516),8516,03 - At intersection,03 - P.D. only,05 - Turning movement,01 - Clear,07 - Dark,03 - Loose snow,01 - Traffic signal,01 - Functioning,3,0,0,0,,0,,,,,368157.7002,5032315.419,45.42790265,-75.69031581,11295
16--7340,2016/07/07,3:46 PM,ALBERT ST @ PRESTON ST (0002217),2217,02 - Intersection related,03 - P.D. only,03 - Rear end,01 - Clear,01 - Daylight,01 - Dry,01 - Traffic signal,01 - Functioning,2,0,0,0,,0,,,,,366159.9065,5030465.052,45.41143169,-75.71607475,11296
16--7341,2016/07/07,4:00 PM,WELLINGTON ST    W btwn HAMPTON AVE & ROSS AVE (__3ZA4P7),__3ZA4P7,01 - Non intersection,03 - P.D. only,06 - SMV unattended vehicle,01 - Clear,01 - Daylight,01 - Dry,10 - No control,,1,0,0,0,,0,,,,,364503.6071,5029016.266,45.39853908,-75.7374089,11297
16--7342,2016/07/07,4:00 PM,HIGHWAY 417 btwn HWY417 IC117 RAMP51 & HWY417 IC117 RAMP35 (__3ZA2YN),__3ZA2YN,01 - Non intersection,03 - P.D. only,03 - Rear end,01 - Clear,01 - Daylight,01 - Dry,10 - No control,,2,0,0,0,,0,,,,,370818.3794,5031197.395,45.41759707,-75.65646693,11298