Anom_ID,Accident_Date,Accident_Time,Location,Geo_ID,Accident_Location,Classification_of_Accident,Initial_Impact_Type,Environment_Condition,Light,Road_Surface_Condition,Traffic_Control,Traffic_Control_Condition,No__of_Vehicles,No__of_Bicycles,No__of_Motorcycles,No__of_Pedestrians,Max_Injury,No__of_Injuries,No__of_Minimal,No__of_Minor,No__of_Major,No__of_Fatal,X,Y,Latitude,Longitude,ObjectId
16--7343,2016/07/07,4:06 PM,INDUSTRIAL AVE btwn RUSSELL RD & ST. LAURENT BLVD (__3ZA3R7),__3ZA3R7,04 - At/near private drive,03 - P.D. only,05 - Turning movement,01 - Clear,01 - Daylight,01 - Dry,10 - No control,,2,0,0,0,,0,,,,,372813.1891,5029973.157,45.40639087,-75.63115059,11299
16--7344,2016/07/07,4:12 PM,FISHER AVE btwn FOREST PARK AVE & MEADOWLANDS DR (__3ZA4IU),__3ZA4IU,01 - Non intersection,02 - Non-fatal injury,03 - Rear end,01 - Clear,01 - Daylight,01 - Dry,10 - No control,,3,0,0,0,02 - Minor,1,,1,,,366549.7723,5025108.056,45.36319644,-75.71176459,11300
16--7345,2016/07/07,4:15 PM,CATHERINE ST @ PERCY ST (0007199),7199,03 - At intersection,02 - Non-fatal injury,05 - Turning movement,01 - Clear,01 - Daylight,01 - Dry,01 - Traffic signal,01 - Functioning,2,1,0,0,02 - Minor,1,,1,,,367490.5671,5029937.56,45.40656754,-75.69914315,11301
16--7346,2016/07/07,5:25 PM,MEADOWLANDS DR/TALLWOOD DR @ WOODROFFE AVE (0000095),95,02 - Intersection related,03 - P.D. only,03 - Rear end,01 - Clear,01 - Daylight,01 - Dry,01 - Traffic signal,01 - Functioning,2,0,0,0,,0,,,,,363057.3714,5022730.949,45.34210638,-75.75662126,11302
16--7347,2016/07/07,5:57 PM,MERIVALE RD btwn VIEWMOUNT DR & COLONNADE RD (__3ZA33F),__3ZA33F,01 - Non intersection,03 - P.D. only,03 - Rear end,01 - Clear,01 - Daylight,01 - Dry,10 - No control,,4,0,0,0,,0,,,,,365293.4677,5022712.678,45.34175272,-75.7280929,11303
16--7348,2016/07/07,6:17 AM,RENAUD RD btwn NAVAN RD & WHITE ST (__3ZBN8V),__3ZBN8V,01 - Non intersection,03 - P.D. only,07 - SMV other,02 - Rain,01 - Daylight,02 - Wet,10 - No control,,1,0,0,0,,0,,,,,382529.7853,5033179.731,45.43422953,-75.50653551,11304
16--7349,2016/07/07,6:23 PM,CYR AVE @ GLADU ST (0009883),9883,03 - At intersection,02 - Non-fatal injury,02 - Angle,01 - Clear,01 - Daylight,01 - Dry,02 - Stop sign,01 - Functioning,2,1,0,0,02 - Minor,1,,1,,,370349.3886,5032781.948,45.43189832,-75.66224783,11305
16--735,2016/01/16,5:59 AM,DUNROBIN RD btwn DUNROBIN RD & MURPHY SIDE RD (__3ZA3EB),__3ZA3EB,01 - Non intersection,03 - P.D. only,07 - SMV other,03 - Snow,07 - Dark,03 - Loose snow,10 - No control,,1,0,0,0,,0,,,,,342983.688,5030711.887,45.41530113,-76.01213755,11306
16--7350,2016/07/07,6:30 AM,OTTAWA RIVER PKWY EB btwn TRANSIT & TURN LANE (1) (__3ZA232),__3ZA232,01 - Non intersection,03 - P.D. only,03 - Rear end,02 - Rain,01 - Daylight,02 - Wet,10 - No control,,2,0,0,0,,0,,,,,362651.5089,5028997.736,45.39852784,-75.76106582,11307
16--7351,2016/07/07,6:52 PM,ST. LAURENT BLVD @ TREMBLAY RD (0002573),2573,02 - Intersection related,03 - P.D. only,03 - Rear end,01 - Clear,01 - Daylight,01 - Dry,01 - Traffic signal,01 - Functioning,2,0,0,0,,0,,,,,372595.8936,5031241.507,45.41782399,-75.6337517,11308
16--7352,2016/07/07,7:10 AM,HIGHWAY 417 btwn HWY417 IC163 RAMP15 & HWY417 IC155 RAMP51 (__3ZAZNS),__3ZAZNS,01 - Non intersection,03 - P.D. only,07 - SMV other,01 - Clear,01 - Daylight,01 - Dry,10 - No control,,1,0,0,0,,0,,,,,336074.5625,5020204.489,45.32109402,-76.10107633,11309
16--7353,2016/07/07,7:15 AM,LISGAR ST @ O'CONNOR ST (0006955),6955,02 - Intersection related,03 - P.D. only,04 - Sideswipe,01 - Clear,01 - Daylight,01 - Dry,01 - Traffic signal,01 - Functioning,2,0,0,0,,0,,,,,367763.1695,5031160.267,45.41754461,-75.69550488,11310
16--7354,2016/07/07,7:20 AM,CARLING AVE @ FAIRLAWN AVE/WOODROFFE AVE E (0002393),2393,03 - At intersection,02 - Non-fatal injury,02 - Angle,01 - Clear,01 - Daylight,01 - Dry,01 - Traffic signal,01 - Functioning,2,0,0,0,02 - Minor,2,,2,,,361934.6841,5025830.528,45.37008852,-75.77058762,11311
16--7355,2016/07/07,7:38 PM,HAMILTON AVE   N btwn ARMSTRONG ST & WELLINGTON ST W (__3ZA05N),__3ZA05N,01 - Non intersection,03 - P.D. only,06 - SMV unattended vehicle,01 - Clear,01 - Daylight,01 - Dry,10 - No control,,1,0,0,0,,0,,,,,365073.333,5029241.164,45.40051385,-75.73010499,11312
16--7356,2016/07/07,7:45 PM,HWY417 IC131 RAMP66 btwn TRANSIT & HWY417 IC130 RAMP36 (__6KES9I),__6KES9I,01 - Non intersection,03 - P.D. only,07 - SMV other,01 - Clear,01 - Daylight,01 - Dry,10 - No control,,1,0,0,0,,0,,,,,358233.811,5022843.744,45.34350531,-75.81815435,11313
16--7357,2016/07/07,8:11 PM,OR174 IC105 RAMP51 btwn REGIONAL ROAD 174 & OR174 IC105 RAMP53 (__3ZAY8B),__3ZAY8B,01 - Non intersection,02 - Non-fatal injury,07 - SMV other,01 - Clear,01 - Daylight,01 - Dry,10 - No control,,1,0,0,0,02 - Minor,1,,1,,,379367.5034,5036852.92,45.46762254,-75.54639007,11314
16--7358,2016/07/07,8:30 AM,PRINCESS AVE @ ROCKCLIFFE PKWY (0012027),12027,03 - At intersection,02 - Non-fatal injury,02 - Angle,01 - Clear,01 - Daylight,01 - Dry,11 - Roundabout,01 - Functioning,2,1,0,0,03 - Major,2,1,,1,,368225.8339,5034329.92,45.44602222,-75.68918561,11315
16--7359,2016/07/07,8:45 AM,REGIONAL ROAD 174 btwn OR174 IC112 RAMP36 & OR174 IC112 RAMP26 (__3ZAZFK),__3ZAZFK,01 - Non intersection,02 - Non-fatal injury,03 - Rear end,01 - Clear,01 - Daylight,01 - Dry,10 - No control,,2,0,0,0,01 - Minimal,1,1,,,,374611.2912,5032702.112,45.43076754,-75.60779646,11316
16--736,2016/01/16,6:11 PM,BASELINE RD btwn TURN LANE & CEDARVIEW RD (__3ZA11A),__3ZA11A,01 - Non intersection,03 - P.D. only,07 - SMV other,01 - Clear,07 - Dark,02 - Wet,10 - No control,,1,0,0,0,,0,,,,,358860.0974,5021718.757,45.33333465,-75.81028607,11317
16--7360,2016/07/07,8:57 AM,BASELINE RD @ WOODROFFE AVE (0002225),2225,02 - Intersection related,03 - P.D. only,03 - Rear end,01 - Clear,01 - Daylight,01 - Dry,01 - Traffic signal,01 - Functioning,2,0,0,0,,0,,,,,362549.9175,5023769.596,45.35149402,-75.76297469,11318
16--8087,2016/07/28,9:41 AM,HIGHWAY 416 btwn HWY416 IC75B RAMP25 & HWY416 IC75A RAMP26 (__3ZAZLE),__3ZAZLE,01 - Non intersection,02 - Non-fatal injury,07 - SMV other,01 - Clear,01 - Daylight,01 - Dry,10 - No control,,1,0,0,0,02 - Minor,1,,1,,,358659.6831,5022174.952,45.33745493,-75.81279318,11319
16--7998,2016/07/26,5:45 AM,LEITRIM RD btwn FENTON RD & BANK ST (__3ZA3SF),__3ZA3SF,01 - Non intersection,02 - Non-fatal injury,04 - Sideswipe,01 - Clear,03 - Dawn,01 - Dry,10 - No control,,2,1,0,0,02 - Minor,1,,1,,,374955.7923,5021324.232,45.32836032,-75.60501087,11320
16--7999,2016/07/26,5:52 PM,FOREST VALLEY DR @ ORLEANS BLVD (0003627),3627,03 - At intersection,03 - P.D. only,05 - Turning movement,01 - Clear,01 - Daylight,01 - Dry,01 - Traffic signal,01 - Functioning,2,0,0,0,,0,,,,,380258.7487,5034820.72,45.44924267,-75.53530582,11321
16--7633,2016/07/15,6:47 PM,DONALD ST @ VANIER PKWY (0007644),7644,02 - Intersection related,03 - P.D. only,03 - Rear end,01 - Clear,01 - Daylight,02 - Wet,01 - Traffic signal,01 - Functioning,2,0,0,0,,0,,,,,370311.9404,5032271.04,45.42730489,-75.66279435,11322
16--8088,2016/07/29,1:11 PM,CAMERON ST @ REGIONAL RD 174 (0012883),12883,02 - Intersection related,03 - P.D. only,03 - Rear end,01 - Clear,01 - Daylight,01 - Dry,01 - Traffic signal,01 - Functioning,2,0,0,0,,0,,,,,389860.5463,5042616.655,45.51827884,-75.41122332,11323
16--7902,2016/07/23,11:13 PM,CARLING AVE @ PRESTON ST (0002161),2161,02 - Intersection related,03 - P.D. only,03 - Rear end,01 - Clear,07 - Dark,01 - Dry,01 - Traffic signal,01 - Functioning,2,0,0,0,,0,,,,,366829.9373,5028936.462,45.39761879,-75.70770764,11324
16--7722,2016/07/18,3:21 PM,HARVEST VALLEY AVE/SWEETVALLEY DR @ TENTH LINE RD (0013489),13489,03 - At intersection,03 - P.D. only,05 - Turning movement,01 - Clear,01 - Daylight,01 - Dry,02 - Stop sign,01 - Functioning,2,0,0,0,,0,,,,,384697.1996,5034388.902,45.44486428,-75.47864187,11325
16--7452,2016/07/11,11:49 AM,AYERS AVE @ WALKLEY RD (0006447),6447,03 - At intersection,03 - P.D. only,03 - Rear end,01 - Clear,01 - Daylight,01 - Dry,02 - Stop sign,00 - Unknown,2,0,0,0,,0,,,,,370553.4631,5026074.269,45.371526,-75.66053426,11326
16--7813,2016/07/21,10:03 AM,HOG'S BACK RD btwn COLONEL BY DR & RIVERSIDE DR (__3ZA22W),__3ZA22W,04 - At/near private drive,03 - P.D. only,02 - Angle,01 - Clear,01 - Daylight,01 - Dry,10 - No control,,3,0,0,0,,0,,,,,367852.5018,5026050.614,45.37156138,-75.6950166,11327
16--80,2016/01/04,1:02 PM,DOVERCOURT AVE @ FRASER AVE (0006741),6741,03 - At intersection,03 - P.D. only,02 - Angle,01 - Clear,01 - Daylight,04 - Slush,02 - Stop sign,01 - Functioning,2,0,0,0,,0,,,,,362758.8644,5027027.179,45.38078817,-75.75992612,11328
16--7723,2016/07/18,3:30 PM,WELLINGTON ST    W btwn HARMER AVE N & HURON AVE N (__3ZA4QL),__3ZA4QL,01 - Non intersection,03 - P.D. only,06 - SMV unattended vehicle,01 - Clear,01 - Daylight,01 - Dry,10 - No control,,1,0,0,0,,0,,,,,364838.9859,5029121.002,45.3994528,-75.73311276,11329
16--8089,2016/07/29,1:22 PM,HIGHWAY 417 btwn HWY417 IC121A RAMP16 & HWY417 IC121A RAMP61 (__3ZA2YY),__3ZA2YY,01 - Non intersection,03 - P.D. only,03 - Rear end,01 - Clear,01 - Daylight,01 - Dry,10 - No control,,3,0,0,0,,0,,,,,367296.547,5029775.494,45.40512667,-75.70164201,11330
16--7634,2016/07/15,7:03 PM,BRONSON AVE @ LAURIER AVE (0006342),6342,03 - At intersection,03 - P.D. only,02 - Angle,01 - Clear,01 - Daylight,01 - Dry,01 - Traffic signal,01 - Functioning,2,0,0,0,,0,,,,,366805.1602,5030860.88,45.41493636,-75.70778207,11331
16--800,2016/01/18,2:18 PM,HWY417 IC163 RAMP15 btwn PANMURE RD & HIGHWAY 417 (__34IVG0),__34IVG0,01 - Non intersection,03 - P.D. only,07 - SMV other,01 - Clear,01 - Daylight,01 - Dry,10 - No control,,1,0,0,0,,0,,,,,331028.3122,5021451.576,45.33252268,-76.16537666,11332
16--7814,2016/07/21,10:32 AM,BRIAR HILL DR btwn HERON RD & GARAND PL (__3ZA86F),__3ZA86F,04 - At/near private drive,03 - P.D. only,05 - Turning movement,01 - Clear,01 - Daylight,01 - Dry,10 - No control,,2,0,0,0,,0,,,,,371450.9415,5027071.372,45.38041279,-75.64894296,11333
16--7903,2016/07/23,11:15 AM,ISLAND PARK DR btwn BASSETT LANE & BYRON AVE (__3ZA234),__3ZA234,01 - Non intersection,02 - Non-fatal injury,03 - Rear end,01 - Clear,01 - Daylight,01 - Dry,10 - No control,,3,0,0,0,02 - Minor,1,,1,,,364247.3935,5028625.151,45.39504171,-75.74072834,11334
16--7724,2016/07/18,3:35 PM,SOMERSET ST    W btwn ARTHUR ST & CAMBRIDGE ST N (__3ZA33I),__3ZA33I,01 - Non intersection,03 - P.D. only,06 - SMV unattended vehicle,01 - Clear,01 - Daylight,01 - Dry,10 - No control,,1,0,0,0,,0,,,,,366844.0199,5030399.746,45.41078377,-75.70734367,11335
16--809,2016/01/18,4:08 PM,MITCH OWENS RD/BRIDGE ST @ RIVER RD (0003573),3573,02 - Intersection related,03 - P.D. only,03 - Rear end,01 - Clear,01 - Daylight,02 - Wet,01 - Traffic signal,01 - Functioning,2,0,0,0,,0,,,,,369500.9478,5010770.768,45.23392593,-75.6759675,11336
16--7635,2016/07/15,7:14 PM,LEES AVE btwn TURN LANE & TRANSIT (__4LN2VF),__4LN2VF,01 - Non intersection,03 - P.D. only,03 - Rear end,02 - Rain,01 - Daylight,02 - Wet,10 - No control,,2,0,0,0,,0,,,,,369290.4302,5031301.9,45.41867986,-75.67597418,11337
16--8000,2016/07/26,5:58 PM,HIGHWAY 417 btwn HWY417 IC127 RAMP25 & HWY417 IC126 RAMP51 (__3ZA2XA),__3ZA2XA,01 - Non intersection,03 - P.D. only,04 - Sideswipe,01 - Clear,01 - Daylight,01 - Dry,10 - No control,,3,0,0,0,,0,,,,,363201.1567,5025877.399,45.37040587,-75.75441497,11338
16--7815,2016/07/21,10:34 AM,REGIONAL ROAD 174 btwn OR174 IC112 RAMP51 & OR174 IC112 RAMP15 (__3ZA2XE),__3ZA2XE,01 - Non intersection,03 - P.D. only,04 - Sideswipe,01 - Clear,01 - Daylight,01 - Dry,10 - No control,,2,0,0,0,,0,,,,,375102.7727,5033054.727,45.43389094,-75.60146565,11339
16--7904,2016/07/23,12:14 AM,DWYER HILL RD btwn PADEN RD & DONNELLY DR (__3ZA4ZU),__3ZA4ZU,01 - Non intersection,03 - P.D. only,07 - SMV other,01 - Clear,07 - Dark,01 - Dry,10 - No control,,1,0,0,0,,0,,,,,360012.7578,4982893.189,44.98388087,-75.79987297,11340
16--7453,2016/07/11,11:51 PM,REGIONAL ROAD 174 EB btwn OR174 IC109 RAMP55 & TRANSIT (__3ZA28V),__3ZA28V,01 - Non intersection,03 - P.D. only,07 - SMV other,01 - Clear,07 - Dark,01 - Dry,10 - No control,,1,0,0,0,,0,,,,,376469.4961,5034982.039,45.45109295,-75.58371921,11341
16--7636,2016/07/15,7:15 PM,BARNSDALE RD @ RIDEAU VALLEY DR (0010400),10400,03 - At intersection,03 - P.D. only,02 - Angle,02 - Rain,01 - Daylight,02 - Wet,02 - Stop sign,01 - Functioning,2,0,0,0,,0,,,,,367139.5714,5011811.508,45.24350351,-75.70590865,11342
16--7454,2016/07/11,12:07 PM,CARP RD @ ECHOWOODS AVE/KITTIWAKE DR (0009789),9789,02 - Intersection related,02 - Non-fatal injury,03 - Rear end,01 - Clear,01 - Daylight,01 - Dry,01 - Traffic signal,01 - Functioning,2,0,0,0,01 - Minimal,2,2,,,,348595.6202,5014562.423,45.26965537,-75.94186837,11343
16--7725,2016/07/18,3:58 PM,CONROY RD @ WALKLEY RD (0002648),2648,03 - At intersection,02 - Non-fatal injury,05 - Turning movement,01 - Clear,01 - Daylight,01 - Dry,01 - Traffic signal,01 - Functioning,2,0,0,0,02 - Minor,3,,3,,,372903.9421,5027463.751,45.38380351,-75.63033779,11344
16--8090,2016/07/29,1:34 PM,HAZELDEAN RD @ 246 E OF CASTLEFRANK RD/FARMBOY (0011366),11366,03 - At intersection,03 - P.D. only,05 - Turning movement,01 - Clear,01 - Daylight,01 - Dry,01 - Traffic signal,01 - Functioning,2,0,0,0,,0,,,,,352859.3449,5017840.893,45.29887746,-75.88721689,11345
16--8001,2016/07/26,6:10 PM,CAMBRIAN RD @ GRAND CANAL ST (0014646),14646,03 - At intersection,03 - P.D. only,05 - Turning movement,01 - Clear,01 - Daylight,01 - Dry,02 - Stop sign,01 - Functioning,2,0,0,0,,0,,,,,364186.2637,5012513.461,45.25007507,-75.74344113,11346
16--7905,2016/07/23,12:15 PM,KENNEVALE DR btwn PICKWICK DR & WHEELER ST (__3ZAB57),__3ZAB57,04 - At/near private drive,03 - P.D. only,02 - Angle,01 - Clear,01 - Daylight,01 - Dry,10 - No control,,2,0,0,0,,0,,,,,362339.3948,5014529.526,45.2683692,-75.76673412,11347
16--7816,2016/07/21,10:35 PM,BANK ST @ CAMERON AVE (0007227),7227,02 - Intersection related,03 - P.D. only,05 - Turning movement,01 - Clear,07 - Dark,01 - Dry,01 - Traffic signal,01 - Functioning,2,1,0,0,,0,,,,,368944.3958,5028262.548,45.39136461,-75.68079056,11348
16--7726,2016/07/18,4:00 PM,HIGHWAY 417 btwn HWY417 IC119A RAMP75 & HWY417 IC118 RAMP57 (__3ZA2R2),__3ZA2R2,01 - Non intersection,02 - Non-fatal injury,03 - Rear end,01 - Clear,01 - Daylight,01 - Dry,10 - No control,,4,0,0,0,01 - Minimal,1,1,,,,368946.1958,5030696.503,45.41326436,-75.68045098,11349
16--7637,2016/07/15,7:32 PM,WOODROFFE AVE btwn GRENFELL CRES & SLACK RD (__3ZA3IA),__3ZA3IA,01 - Non intersection,03 - P.D. only,99 - Other,01 - Clear,01 - Daylight,01 - Dry,10 - No control,,2,0,0,0,,0,,,,,364266.7939,5019908.926,45.31661258,-75.74152907,11350
16--8091,2016/07/29,10:11 AM,BANK ST @ RIVERSIDE DR N (0010778),10778,03 - At intersection,02 - Non-fatal injury,02 - Angle,01 - Clear,01 - Daylight,01 - Dry,01 - Traffic signal,01 - Functioning,3,0,0,0,02 - Minor,2,1,1,,,369225.9432,5027983.546,45.38882839,-75.67723162,11351
16--8002,2016/07/26,6:15 PM,HIGHWAY 417 btwn HWY417 IC127 RAMP25 & HWY417 IC126 RAMP51 (__3ZA2XA),__3ZA2XA,01 - Non intersection,03 - P.D. only,04 - Sideswipe,01 - Clear,01 - Daylight,01 - Dry,10 - No control,,2,0,0,0,,0,,,,,363197.4525,5025872.637,45.37036333,-75.75446282,11352
16--7817,2016/07/21,10:57 AM,TENTH LINE RD btwn ST. JOSEPH BLVD & OLD TENTH LINE RD (__3ZA1TE),__3ZA1TE,01 - Non intersection,03 - P.D. only,03 - Rear end,01 - Clear,01 - Daylight,01 - Dry,10 - No control,,3,0,0,0,,0,,,,,383031.7806,5038375.3,45.48091875,-75.4992939,11353
16--7906,2016/07/23,12:18 AM,CHAPEL ST @ LAURIER AVE (0007756),7756,03 - At intersection,03 - P.D. only,02 - Angle,01 - Clear,07 - Dark,01 - Dry,01 - Traffic signal,01 - Functioning,2,0,0,0,,0,,,,,369118.4819,5032264.13,45.42735348,-75.67804539,11354
16--7727,2016/07/18,4:31 PM,BEECHWOOD AVE btwn ST. PATRICK ST & MACKAY ST (__3ZBOFT),__3ZBOFT,01 - Non intersection,03 - P.D. only,04 - Sideswipe,01 - Clear,01 - Daylight,01 - Dry,10 - No control,,2,0,0,0,,0,,,,,369133.3395,5033497.775,45.43845198,-75.67769435,11355
16--7455,2016/07/11,12:53 PM,HEMLOCK RD @ ST. LAURENT BLVD (0007183),7183,02 - Intersection related,02 - Non-fatal injury,07 - SMV other,01 - Clear,01 - Daylight,01 - Dry,01 - Traffic signal,01 - Functioning,1,0,0,1,01 - Minimal,1,1,,,,371145.0271,5034781.143,45.44981113,-75.65181081,11356
16--7638,2016/07/15,7:42 PM,RICHMOND RD @ WEST HUNT CLUB RD (0000598),598,02 - Intersection related,03 - P.D. only,04 - Sideswipe,01 - Clear,01 - Daylight,01 - Dry,01 - Traffic signal,01 - Functioning,2,0,0,0,,0,,,,,357145.8746,5018152.008,45.30137062,-75.832532,11357
16--8003,2016/07/26,6:53 PM,LEASIDE AVE @ MERIVALE RD (0006799),6799,03 - At intersection,03 - P.D. only,07 - SMV other,01 - Clear,01 - Daylight,01 - Dry,02 - Stop sign,01 - Functioning,1,0,0,0,,0,,,,,364875.6201,5027276.232,45.38285078,-75.73286946,11358
16--8092,2016/07/29,11:20 AM,MCARTHUR AVE @ VANIER PKWY (0004626),4626,02 - Intersection related,03 - P.D. only,03 - Rear end,01 - Clear,01 - Daylight,01 - Dry,01 - Traffic signal,01 - Functioning,2,0,0,0,,0,,,,,370218.24,5032691.851,45.43109994,-75.66393576,11359
16--7907,2016/07/23,2:30 PM,ST. LAURENT BLVD btwn MCARTHUR AVE & DONALD ST (__3ZBOF4),__3ZBOF4,01 - Non intersection,02 - Non-fatal injury,04 - Sideswipe,01 - Clear,01 - Daylight,01 - Dry,10 - No control,,2,0,0,0,01 - Minimal,1,1,,,,371934.8564,5032856.929,45.43242256,-75.64197684,11360
16--7728,2016/07/18,5:16 PM,EAGLESON RD @ 300 N OF MICHAEL COWPLAND/EAGLES (0012143),12143,02 - Intersection related,02 - Non-fatal injury,03 - Rear end,01 - Clear,01 - Daylight,01 - Dry,01 - Traffic signal,01 - Functioning,2,0,0,0,01 - Minimal,1,1,,,,354273.1223,5016903.791,45.29034708,-75.86928501,11361
16--7818,2016/07/21,11:05 AM,BANK ST @ SOUTHKEYS SC (0009010),9010,03 - At intersection,03 - P.D. only,05 - Turning movement,01 - Clear,01 - Daylight,01 - Dry,01 - Traffic signal,01 - Functioning,2,0,0,0,,0,,,,,371084.4113,5024521.061,45.35750073,-75.65396481,11362
16--7456,2016/07/11,2:12 PM,CHARLOTTE ST @ RIDEAU ST (0002622),2622,02 - Intersection related,03 - P.D. only,03 - Rear end,01 - Clear,01 - Daylight,01 - Dry,01 - Traffic signal,01 - Functioning,2,0,0,0,,0,,,,,369250.1636,5032860.501,45.43270728,-75.67628469,11363
16--7639,2016/07/15,8:00 AM,CUMBERLAND ST btwn CLARENCE ST & YORK ST (__3ZA7AT),__3ZA7AT,01 - Non intersection,03 - P.D. only,06 - SMV unattended vehicle,01 - Clear,01 - Daylight,01 - Dry,10 - No control,,1,0,0,0,,0,,,,,368247.7531,5032547.044,45.42997857,-75.68913524,11364
16--8004,2016/07/26,7:09 PM,BRONSON AVE @ THIRD AVE (0007716),7716,02 - Intersection related,02 - Non-fatal injury,03 - Rear end,01 - Clear,01 - Daylight,01 - Dry,02 - Stop sign,01 - Functioning,2,0,0,0,01 - Minimal,2,2,,,,367551.6305,5029087.788,45.39891607,-75.69847129,11365
16--8093,2016/07/29,11:42 PM,COOPER ST @ BANK ST (0006951),6951,03 - At intersection,03 - P.D. only,02 - Angle,01 - Clear,07 - Dark,01 - Dry,02 - Stop sign,01 - Functioning,2,0,0,0,,0,,,,,367648.0517,5030991.23,45.41603401,-75.69699718,11366
16--7908,2016/07/23,2:45 PM,GREGOIRE RD @ MARVELVILLE RD (0001674),1674,03 - At intersection,02 - Non-fatal injury,02 - Angle,01 - Clear,01 - Daylight,01 - Dry,02 - Stop sign,01 - Functioning,2,0,0,0,02 - Minor,2,1,1,,,393290.8371,5008914.672,45.21463874,-75.37335988,11367
16--7729,2016/07/18,5:37 PM,AYLMER AVE @ BANK ST (0007222),7222,02 - Intersection related,03 - P.D. only,03 - Rear end,01 - Clear,01 - Daylight,01 - Dry,01 - Traffic signal,01 - Functioning,2,0,0,0,,0,,,,,368673.0306,5028729.089,45.3955872,-75.6841955,11368
16--7819,2016/07/21,11:21 AM,BRONSON AVE @ GLADSTONE AVE (0002110),2110,03 - At intersection,02 - Non-fatal injury,07 - SMV other,01 - Clear,01 - Daylight,01 - Dry,01 - Traffic signal,01 - Functioning,1,0,0,1,02 - Minor,1,,1,,,367133.929,5030081.109,45.407891,-75.70368052,11369
16--773,2016/01/17,9:00 AM,RUSSELL RD btwn DUNNING RD & CLAYTON RD (__3ZBOGZ),__3ZBOGZ,01 - Non intersection,03 - P.D. only,07 - SMV other,01 - Clear,01 - Daylight,06 - Ice,10 - No control,,1,0,0,0,,0,,,,,396351.7074,5028010.383,45.38604953,-75.33087175,11370
16--764,2016/01/17,5:07 PM,BOUNDARY RD @ MITCH OWENS RD (0001708),1708,03 - At intersection,03 - P.D. only,07 - SMV other,03 - Snow,05 - Dusk,03 - Loose snow,02 - Stop sign,01 - Functioning,1,0,0,0,,0,,,,,388065.1735,5022163.128,45.33447523,-75.43765781,11371
16--8005,2016/07/26,7:30 PM,HENLEY ST btwn MAPLEWOOD AVE & DUNDEE AVE (__3ZABVZ),__3ZABVZ,01 - Non intersection,03 - P.D. only,06 - SMV unattended vehicle,01 - Clear,01 - Daylight,01 - Dry,10 - No control,,1,0,0,0,,0,,,,,360522.8458,5024432.598,45.35762369,-75.78876814,11372
16--8094,2016/07/29,Unknown,TEMPEST DR btwn RIVERFRONT CRT & END (__6XLDFW),__6XLDFW,01 - Non intersection,03 - P.D. only,06 - SMV unattended vehicle,01 - Clear,00 - Unknown,01 - Dry,10 - No control,,1,0,0,0,,0,,,,,350431.5903,5016088.331,45.28326926,-75.91833167,11373
16--782,2016/01/18,1:47 AM,BLACKBURN BYPASS @ INNES RD W (0009340),9340,02 - Intersection related,03 - P.D. only,07 - SMV other,03 - Snow,07 - Dark,03 - Loose snow,01 - Traffic signal,01 - Functioning,1,0,0,0,,0,,,,,377187.4539,5032174.936,45.42576245,-75.57495427,11374
16--7909,2016/07/23,3:10 PM,BASELINE RD/HERON RD @ PRINCE OF WALES DR (0002345),2345,02 - Intersection related,03 - P.D. only,03 - Rear end,01 - Clear,01 - Daylight,01 - Dry,01 - Traffic signal,01 - Functioning,2,0,0,0,,0,,,,,366873.2846,5026438.628,45.37514006,-75.70746817,11375
16--7730,2016/07/18,6:21 PM,CONROY RD @ ST. LAURENT BLVD (0011390),11390,02 - Intersection related,02 - Non-fatal injury,03 - Rear end,01 - Clear,01 - Daylight,01 - Dry,01 - Traffic signal,01 - Functioning,2,0,0,0,01 - Minimal,1,1,,,,373068.8311,5027158.847,45.38104407,-75.62827463,11376
16--7457,2016/07/11,2:13 PM,HAZELDEAN RD @ HUNTMAR DR/IBER RD (0000075),75,02 - Intersection related,03 - P.D. only,03 - Rear end,01 - Clear,01 - Daylight,01 - Dry,01 - Traffic signal,01 - Functioning,2,0,0,0,,0,,,,,350941.9161,5016079.887,45.28315996,-75.91182765,11377
16--7640,2016/07/15,8:00 PM,HWY417 IC123 RAMP62 btwn ISLAND PARK DR & HIGHWAY 417 (__3ZAY95),__3ZAY95,01 - Non intersection,02 - Non-fatal injury,07 - SMV other,01 - Clear,01 - Daylight,01 - Dry,10 - No control,,1,0,0,0,02 - Minor,1,,1,,,364558.9591,5028047.625,45.38981872,-75.73681928,11378
16--7731,2016/07/18,6:45 PM,BANK ST @ THIRD AVE (0007230),7230,03 - At intersection,03 - P.D. only,02 - Angle,01 - Clear,01 - Daylight,01 - Dry,01 - Traffic signal,01 - Functioning,2,0,0,0,,0,,,,,368336.029,5029552.017,45.40302231,-75.68839334,11379
16--8006,2016/07/26,7:34 PM,TERRY FOX DR N @ FLAMBOROUGH WAY/INNOVATION DR (0011795),11795,03 - At intersection,03 - P.D. only,03 - Rear end,01 - Clear,01 - Daylight,01 - Dry,01 - Traffic signal,01 - Functioning,2,0,0,0,,0,,,,,349387.4333,5022956.064,45.34513409,-75.93102286,11380
16--8095,2016/07/29,12:10 PM,CUMBERLAND ST btwn RIDEAU ST & BESSERER ST (__3ZA8Z5),__3ZA8Z5,01 - Non intersection,03 - P.D. only,06 - SMV unattended vehicle,01 - Clear,01 - Daylight,01 - Dry,10 - No control,,1,0,0,0,,0,,,,,368410.7141,5032269.592,45.42746735,-75.68708864,11381