Anom_ID,Accident_Date,Accident_Time,Location,Geo_ID,Accident_Location,Classification_of_Accident,Initial_Impact_Type,Environment_Condition,Light,Road_Surface_Condition,Traffic_Control,Traffic_Control_Condition,No__of_Vehicles,No__of_Bicycles,No__of_Motorcycles,No__of_Pedestrians,Max_Injury,No__of_Injuries,No__of_Minimal,No__of_Minor,No__of_Major,No__of_Fatal,X,Y,Latitude,Longitude,ObjectId
16--791,2016/01/18,11:30 AM,HIGHWAY 417 btwn HWY417 IC96 RAMP61 & HIGHWAY 417 (__3ZA271),__3ZA271,01 - Non intersection,03 - P.D. only,06 - SMV unattended vehicle,01 - Clear,01 - Daylight,01 - Dry,10 - No control,,1,0,0,0,,0,,,,,387480.5637,5023874.185,45.349939,-75.44482934,11382
16--7820,2016/07/21,Unknown,WELLINGTON ST    W btwn HOLLAND AVE & HINTON AVE N (__3ZA4QR),__3ZA4QR,01 - Non intersection,03 - P.D. only,06 - SMV unattended vehicle,01 - Clear,00 - Unknown,01 - Dry,10 - No control,,1,0,0,0,,0,,,,,364934.0196,5029156.282,45.39976208,-75.73189469,11383
16--7458,2016/07/11,2:55 PM,ST. JOSEPH BLVD/OLD MONTREAL RD @ TRIM RD (0004118),4118,03 - At intersection,03 - P.D. only,02 - Angle,01 - Clear,01 - Daylight,01 - Dry,11 - Roundabout,01 - Functioning,2,0,0,0,,0,,,,,384683.5529,5039284.783,45.48891435,-75.47802056,11384
16--7641,2016/07/15,8:22 PM,MICHAEL COWPLAND DR btwn TERENCE MATTHEWS CRES & EAGLESON RD (__3ZBNEN),__3ZBNEN,01 - Non intersection,03 - P.D. only,03 - Rear end,01 - Clear,01 - Daylight,02 - Wet,10 - No control,,2,0,0,0,,0,,,,,354362.3987,5016617.08,45.2877609,-75.86817557,11385
16--7732,2016/07/18,7:13 PM,WELLINGTON ST    W btwn SHERBROOKE AVE & PINHEY ST (__3ZA3ZC),__3ZA3ZC,01 - Non intersection,03 - P.D. only,04 - Sideswipe,01 - Clear,01 - Daylight,01 - Dry,10 - No control,,2,0,0,0,,0,,,,,365427.123,5029512.496,45.40292469,-75.72555295,11386
16--8007,2016/07/26,7:35 PM,O'CONNOR ST @ SLATER ST (0002230),2230,03 - At intersection,03 - P.D. only,02 - Angle,01 - Clear,01 - Daylight,01 - Dry,01 - Traffic signal,01 - Functioning,2,0,0,0,,0,,,,,367577.7183,5031445.867,45.42013101,-75.69783781,11387
16--8096,2016/07/29,12:29 PM,AURIGA DR btwn ANTARES DR & DEAKIN ST (1) (__3ZA52G),__3ZA52G,01 - Non intersection,03 - P.D. only,06 - SMV unattended vehicle,01 - Clear,01 - Daylight,01 - Dry,10 - No control,,1,0,0,0,,0,,,,,367139.6639,5021582.249,45.33141969,-75.70467977,11388
16--7910,2016/07/23,3:30 PM,HIGHWAY 417 btwn HWY417 IC118 RAMP57 & HWY417 IC118 RAMP35 (__3ZA2YQ),__3ZA2YQ,01 - Non intersection,03 - P.D. only,04 - Sideswipe,01 - Clear,01 - Daylight,01 - Dry,10 - No control,,2,0,0,0,,0,,,,,369451.2444,5031033.008,45.41624563,-75.67395487,11389
16--7821,2016/07/21,2:03 PM,CRESTWAY DR @ PRINCE OF WALES DR (0010323),10323,02 - Intersection related,03 - P.D. only,03 - Rear end,01 - Clear,01 - Daylight,01 - Dry,01 - Traffic signal,01 - Functioning,2,0,0,0,,0,,,,,367370.2987,5016576.454,45.28635771,-75.70236967,11390
16--7733,2016/07/18,8:01 AM,TENTH LINE RD @ CHARLEMAGNE BLVD N/TOMPKINS AV (0009222),9222,02 - Intersection related,03 - P.D. only,03 - Rear end,01 - Clear,01 - Daylight,01 - Dry,01 - Traffic signal,01 - Functioning,2,0,0,0,,0,,,,,383183.9299,5037977.652,45.47732401,-75.49741144,11391
16--7642,2016/07/15,8:41 AM,LAURIER AVE   W btwn METCALFE ST & ELGIN ST (__3ZA35P),__3ZA35P,01 - Non intersection,03 - P.D. only,04 - Sideswipe,01 - Clear,01 - Daylight,01 - Dry,10 - No control,,2,0,0,0,,0,,,,,367870.5379,5031500.578,45.42059694,-75.69408958,11392
16--8008,2016/07/26,7:47 AM,ST. JOSEPH BLVD @ JEANNE D'ARC BLVD (0012421),12421,03 - At intersection,03 - P.D. only,02 - Angle,01 - Clear,01 - Daylight,01 - Dry,11 - Roundabout,01 - Functioning,2,0,0,0,,0,,,,,379861.5414,5036470.782,45.46413144,-75.54013129,11393
16--7643,2016/07/15,9:06 PM,RIVERSIDE DR @ SMYTH RD SOUTH SIDE RAMP (0011480),11480,03 - At intersection,02 - Non-fatal injury,05 - Turning movement,01 - Clear,07 - Dark,02 - Wet,01 - Traffic signal,01 - Functioning,2,0,0,0,02 - Minor,9,,9,,,369787.7933,5028997.654,45.39790108,-75.66992355,11394
16--8097,2016/07/29,12:52 PM,INDUSTRIAL AVE/INNES RD @ ST. LAURENT BLVD (0002203),2203,02 - Intersection related,03 - P.D. only,03 - Rear end,01 - Clear,01 - Daylight,01 - Dry,01 - Traffic signal,01 - Functioning,2,0,0,0,,0,,,,,373099.5001,5030005.567,45.40665461,-75.62748898,11395
16--7822,2016/07/21,2:04 PM,BRONSON AVE @ PRIMROSE AVE (0006344),6344,03 - At intersection,03 - P.D. only,02 - Angle,01 - Clear,01 - Daylight,01 - Dry,01 - Traffic signal,01 - Functioning,2,1,0,0,,0,,,,,366885.0177,5030669.571,45.41320794,-75.70678596,11396
16--7911,2016/07/23,5:10 PM,MCLEOD ST btwn METCALFE ST & ELGIN ST (__3ZA9TZ),__3ZA9TZ,01 - Non intersection,03 - P.D. only,04 - Sideswipe,01 - Clear,01 - Daylight,01 - Dry,10 - No control,,2,0,0,0,,0,,,,,368384.9565,5030754.444,45.41383692,-75.68761332,11397
16--7734,2016/07/18,8:08 AM,AVIATION PKWY @ MONTREAL RD (0008799),8799,03 - At intersection,03 - P.D. only,05 - Turning movement,01 - Clear,01 - Daylight,01 - Dry,01 - Traffic signal,01 - Functioning,2,0,0,0,,0,,,,,372148.3888,5034107.914,45.44365778,-75.63907692,11398
16--8009,2016/07/26,7:54 AM,ELGIN ST @ LAURIER AVE (0002232),2232,03 - At intersection,03 - P.D. only,03 - Rear end,01 - Clear,01 - Daylight,01 - Dry,01 - Traffic signal,01 - Functioning,2,0,0,0,,0,,,,,367948.4826,5031549.576,45.42103078,-75.69308743,11399
16--8098,2016/07/29,12:57 PM,FISHER AVE @ PRINCE OF WALES DR (0000572),572,02 - Intersection related,02 - Non-fatal injury,07 - SMV other,01 - Clear,01 - Daylight,01 - Dry,01 - Traffic signal,01 - Functioning,1,0,0,0,01 - Minimal,1,1,,,,367163.0825,5023943.2,45.35266101,-75.70408341,11400
16--7823,2016/07/21,3:23 PM,BASELINE RD @ 207 E OF CLYDE AVE (0008213),8213,03 - At intersection,02 - Non-fatal injury,05 - Turning movement,01 - Clear,01 - Daylight,01 - Dry,01 - Traffic signal,01 - Functioning,3,0,0,0,02 - Minor,1,,1,,,364536.1625,5025001.43,45.36241151,-75.73747887,11401
16--7644,2016/07/15,9:15 AM,HUNT CLUB RD @ RIVERSIDE DR (0002237),2237,02 - Intersection related,02 - Non-fatal injury,03 - Rear end,01 - Clear,01 - Daylight,01 - Dry,01 - Traffic signal,01 - Functioning,2,0,0,0,01 - Minimal,1,1,,,,368034.2185,5021946.741,45.33461928,-75.69322174,11402
16--7459,2016/07/11,3:10 PM,HIGHWAY 417 btwn HWY417 IC127 RAMP25 & HWY417 IC126 RAMP51 (__3ZA2XA),__3ZA2XA,01 - Non intersection,03 - P.D. only,03 - Rear end,01 - Clear,01 - Daylight,01 - Dry,10 - No control,,2,0,0,0,,0,,,,,363192.7878,5025867.254,45.37031528,-75.754523,11403
16--7645,2016/07/15,9:17 AM,EAGLESON RD @ HOPE SIDE RD/TERRY FOX DR (0000509),509,03 - At intersection,02 - Non-fatal injury,02 - Angle,01 - Clear,01 - Daylight,01 - Dry,01 - Traffic signal,01 - Functioning,2,0,0,0,01 - Minimal,2,2,,,,355187.3452,5014616.535,45.2697009,-75.85786285,11404
16--801,2016/01/18,2:20 PM,DAVID DR btwn ROWLEY AVE & JOAN ST (__3ZAAUB),__3ZAAUB,04 - At/near private drive,03 - P.D. only,02 - Angle,01 - Clear,01 - Daylight,05 - Packed snow,10 - No control,,2,0,0,0,,0,,,,,364458.2577,5023700.068,45.35070867,-75.73863027,11405
16--7646,2016/07/15,9:28 AM,HAZELDEAN RD @ TERRY FOX DR (0003682),3682,02 - Intersection related,03 - P.D. only,03 - Rear end,01 - Clear,01 - Daylight,01 - Dry,01 - Traffic signal,01 - Functioning,2,0,0,0,,0,,,,,352208.2928,5017242.451,45.29353676,-75.8955749,11406
16--7735,2016/07/18,8:20 AM,TENTH LINE RD btwn ST. JOSEPH BLVD & OLD TENTH LINE RD (__3ZA1TE),__3ZA1TE,01 - Non intersection,03 - P.D. only,03 - Rear end,01 - Clear,01 - Daylight,01 - Dry,10 - No control,,3,0,0,0,,0,,,,,383038.1999,5038365.878,45.48083326,-75.4992133,11407
16--7912,2016/07/23,7:00 PM,ELMIRA DR btwn COBDEN RD & LAMBETH WALK (__3ZABUM),__3ZABUM,01 - Non intersection,03 - P.D. only,06 - SMV unattended vehicle,01 - Clear,01 - Daylight,01 - Dry,10 - No control,,1,0,0,0,,0,,,,,361356.0399,5023940.142,45.35312588,-75.77819065,11408
16--7824,2016/07/21,4:05 PM,REGIONAL ROAD 174 EB btwn HWY417 IC113 RAMP65 & OR174 BLAIR IC112 RAMP51 (__3ZAZFJ),__3ZAZFJ,01 - Non intersection,03 - P.D. only,03 - Rear end,01 - Clear,01 - Daylight,01 - Dry,10 - No control,,3,0,0,0,,0,,,,,374811.7768,5032830.211,45.43190007,-75.60521631,11409
16--8099,2016/07/29,2:00 PM,RIDEAU ST btwn 88 W OF WILLIAM ST & WILLIAM ST (__3ZA25UB),__3ZA25UB,01 - Non intersection,03 - P.D. only,04 - Sideswipe,01 - Clear,01 - Daylight,01 - Dry,10 - No control,,2,0,0,0,,0,,,,,368041.0258,5032121.313,45.42616671,-75.69183163,11410
16--746,2016/01/16,9:41 AM,MONTGOMERY ST @ SELKIRK ST (0009240),9240,02 - Intersection related,03 - P.D. only,05 - Turning movement,03 - Snow,01 - Daylight,03 - Loose snow,02 - Stop sign,01 - Functioning,2,0,0,0,,0,,,,,370012.464,5032784.96,45.43195692,-75.66655303,11411
16--8010,2016/07/26,8:00 PM,SHEA RD btwn TO BE DETERMINED & FALLOWFIELD RD (__3ZABGH),__3ZABGH,01 - Non intersection,03 - P.D. only,04 - Sideswipe,01 - Clear,01 - Daylight,01 - Dry,10 - No control,,2,0,0,0,,0,,,,,353861.0264,5011225.813,45.23928399,-75.87509917,11412
16--7736,2016/07/18,8:32 AM,HOBART CRES btwn ESTELLE CRES & JANSEN RD (2) (__3ZABQU),__3ZABQU,01 - Non intersection,03 - P.D. only,06 - SMV unattended vehicle,01 - Clear,01 - Daylight,01 - Dry,10 - No control,,1,0,0,0,,0,,,,,360108.5068,5020971.337,45.32651207,-75.79444322,11413
16--7825,2016/07/21,4:59 PM,MCARTHUR AVE @ VANIER PKWY (0004626),4626,02 - Intersection related,03 - P.D. only,03 - Rear end,01 - Clear,01 - Daylight,01 - Dry,01 - Traffic signal,01 - Functioning,2,0,0,0,,0,,,,,370218.4777,5032691.95,45.43110081,-75.66393271,11414
16--81,2016/01/04,1:09 PM,THIRD AVE btwn BANK ST & O'CONNOR ST (__3ZA92G),__3ZA92G,01 - Non intersection,03 - P.D. only,06 - SMV unattended vehicle,01 - Clear,01 - Daylight,01 - Dry,10 - No control,,1,0,0,0,,0,,,,,368432.0955,5029607.166,45.4035098,-75.6871592,11415
16--7647,2016/07/15,9:30 AM,CARP RD @ HAZELDEAN RD (0000086),86,02 - Intersection related,03 - P.D. only,03 - Rear end,01 - Clear,01 - Daylight,01 - Dry,01 - Traffic signal,01 - Functioning,2,0,0,0,,0,,,,,348804.7954,5014360.217,45.26782279,-75.93922068,11416
16--7913,2016/07/23,7:08 PM,ANDERSON RD @ INNES RD (0004200),4200,03 - At intersection,03 - P.D. only,02 - Angle,01 - Clear,01 - Daylight,01 - Dry,01 - Traffic signal,01 - Functioning,2,0,0,0,,0,,,,,376280.5216,5031841.344,45.42285425,-75.58659095,11417
16--7460,2016/07/11,3:33 PM,ELGIN ST @ LAURIER AVE (0002232),2232,03 - At intersection,02 - Non-fatal injury,05 - Turning movement,01 - Clear,01 - Daylight,01 - Dry,01 - Traffic signal,01 - Functioning,2,1,0,0,02 - Minor,1,,1,,,367948.4904,5031550.673,45.42104065,-75.69308719,11418
16--8011,2016/07/26,8:30 AM,HAZELDEAN RD btwn JINKINSON RD/HAZELDEAN IC RAMP 62 & KITTIWAKE DR (__7JQ7JL),__7JQ7JL,01 - Non intersection,03 - P.D. only,99 - Other,01 - Clear,01 - Daylight,01 - Dry,10 - No control,,2,0,0,0,,0,,,,,346977.2439,5012494.954,45.25115035,-75.96266755,11419
16--7737,2016/07/18,8:39 AM,ALBION RD btwn RIDEAU RD & TULLAMORE ST (__5RGNIJ),__5RGNIJ,01 - Non intersection,03 - P.D. only,07 - SMV other,01 - Clear,01 - Daylight,01 - Dry,10 - No control,,1,0,0,0,,0,,,,,375326.9227,5016124.656,45.28153925,-75.60101668,11420
16--7826,2016/07/21,5:20 PM,MONTREAL RD @ BORTHWICK AVE (0007747),7747,03 - At intersection,03 - P.D. only,02 - Angle,01 - Clear,01 - Daylight,01 - Dry,02 - Stop sign,01 - Functioning,2,0,0,0,,0,,,,,371941.1329,5034011.351,45.44280889,-75.64173917,11421
16--810,2016/01/18,4:20 PM,ALBION RD/COLLISTON CRES E @ WALKLEY RD (0011422),11422,02 - Intersection related,03 - P.D. only,03 - Rear end,03 - Snow,05 - Dusk,03 - Loose snow,01 - Traffic signal,01 - Functioning,2,0,0,0,,0,,,,,371033.6179,5026354.805,45.37400495,-75.65436724,11422
16--7648,2016/07/15,9:45 AM,HUNT CLUB RD @ RIVERSIDE DR (0002237),2237,02 - Intersection related,03 - P.D. only,03 - Rear end,01 - Clear,01 - Daylight,01 - Dry,01 - Traffic signal,01 - Functioning,2,0,0,0,,0,,,,,368036.9348,5021944.803,45.3346016,-75.69318733,11423
16--7914,2016/07/23,8:30 PM,WALKLEY RD btwn COLLISTON CRES & CEDARWOOD DR (__3ZA370),__3ZA370,01 - Non intersection,02 - Non-fatal injury,04 - Sideswipe,01 - Clear,05 - Dusk,01 - Dry,10 - No control,,2,1,0,0,01 - Minimal,1,1,,,,371120.5482,5026409.875,45.37449223,-75.65325009,11424
16--7649,2016/07/15,9:46 AM,GALETTA SIDE RD btwn TORBOLTON RIDGE RD & WOODKILTON RD (__3ZA4QZ),__3ZA4QZ,01 - Non intersection,01 - Fatal injury,07 - SMV other,01 - Clear,01 - Daylight,01 - Dry,10 - No control,,1,0,0,0,04 - Fatal,1,,,,1,332629.5795,5039421.567,45.49416215,-76.14393322,11425
16--8012,2016/07/26,8:30 PM,WOODROFFE AVE @ QUEENSBURY DR/RIDEAUCREST DR (0000043),43,02 - Intersection related,02 - Non-fatal injury,03 - Rear end,01 - Clear,05 - Dusk,01 - Dry,01 - Traffic signal,01 - Functioning,3,0,0,0,02 - Minor,1,,1,,,365727.3806,5016329.108,45.28427643,-75.72334159,11426
16--8100,2016/07/29,2:49 PM,AMBLESIDE DR btwn MCEWEN AVE & NEW ORCHARD AVE (__3ZAZQV),__3ZAZQV,04 - At/near private drive,03 - P.D. only,04 - Sideswipe,01 - Clear,01 - Daylight,01 - Dry,10 - No control,,2,0,0,0,,0,,,,,361072.4427,5026078.815,45.37239236,-75.7815663,11427
16--7738,2016/07/18,9:00 AM,HIGHWAY 417 btwn HWY417 IC127 RAMP25 & HWY417 IC126 RAMP51 (__3ZA2XA),__3ZA2XA,01 - Non intersection,03 - P.D. only,03 - Rear end,01 - Clear,01 - Daylight,01 - Dry,10 - No control,,3,0,0,0,,0,,,,,363194.9241,5025868.909,45.37033,-75.75449553,11428
16--7915,2016/07/24,1:53 PM,MOCKINGBIRD DR btwn LAWNSBERRY DR & WARBLER BAY (__3ZA6OE),__3ZA6OE,04 - At/near private drive,03 - P.D. only,06 - SMV unattended vehicle,01 - Clear,01 - Daylight,01 - Dry,10 - No control,,1,0,0,0,,0,,,,,382196.5102,5038889.32,45.48563654,-75.50989568,11429
16--7827,2016/07/21,5:21 PM,ST. JOSEPH BLVD btwn YOUVILLE DR & NOTRE DAME ST W (__3ZA2BN),__3ZA2BN,01 - Non intersection,03 - P.D. only,04 - Sideswipe,01 - Clear,01 - Daylight,01 - Dry,10 - No control,,2,0,0,0,,0,,,,,379201.6193,5036166.644,45.46146563,-75.54861507,11430
16--765,2016/01/17,6:01 PM,CARLING AVE @ MERIVALE RD (0002148),2148,03 - At intersection,02 - Non-fatal injury,05 - Turning movement,01 - Clear,07 - Dark,02 - Wet,01 - Traffic signal,01 - Functioning,2,0,0,0,01 - Minimal,1,1,,,,364893.9533,5027700.169,45.38666372,-75.73258377,11431
16--7461,2016/07/11,3:47 PM,ST. JOSEPH BLVD @ TENTH LINE RD (0009163),9163,02 - Intersection related,03 - P.D. only,04 - Sideswipe,01 - Clear,01 - Daylight,01 - Dry,01 - Traffic signal,01 - Functioning,2,0,0,0,,0,,,,,382891.4856,5038666.907,45.48355807,-75.50104185,11432
16--8013,2016/07/26,8:43 AM,COOPER ST @ ELGIN ST (0006934),6934,03 - At intersection,02 - Non-fatal injury,05 - Turning movement,01 - Clear,01 - Daylight,01 - Dry,01 - Traffic signal,01 - Functioning,2,1,0,0,02 - Minor,1,,1,,,368119.0322,5031271.589,45.41851413,-75.69094409,11433
16--7739,2016/07/18,9:25 AM,KNOXDALE RD @ NEWHAVEN ST (0000098),98,02 - Intersection related,03 - P.D. only,05 - Turning movement,01 - Clear,01 - Daylight,01 - Dry,02 - Stop sign,01 - Functioning,2,0,0,0,,0,,,,,362538.0051,5021324.58,45.32949489,-75.76341204,11434
16--8101,2016/07/29,3:14 PM,SOUTHMORE DR @ WALKLEY RD (0006644),6644,03 - At intersection,02 - Non-fatal injury,05 - Turning movement,01 - Clear,01 - Daylight,01 - Dry,02 - Stop sign,01 - Functioning,2,1,0,0,02 - Minor,1,,1,,,369710.7085,5025575.114,45.36711332,-75.67135805,11435
16--7828,2016/07/21,6:15 PM,HIGHWAY 417 btwn HWY417 IC124 RAMP76 & HWY417 IC124 RAMP67 (__3ZA2R7),__3ZA2R7,01 - Non intersection,03 - P.D. only,04 - Sideswipe,01 - Clear,01 - Daylight,01 - Dry,10 - No control,,2,0,0,0,,0,,,,,364317.2404,5027391.805,45.38393835,-75.73998508,11436
16--7916,2016/07/24,11:00 AM,CUMBERLAND ST btwn CLARENCE ST & YORK ST (__3ZA7AT),__3ZA7AT,01 - Non intersection,03 - P.D. only,06 - SMV unattended vehicle,01 - Clear,01 - Daylight,02 - Wet,10 - No control,,1,0,0,0,,0,,,,,368215.606,5032602.782,45.430483,-75.68953887,11437
16--7650,2016/07/16,1:00 PM,CONOVER ST btwn ELVASTON AVE & CHARING RD (__3ZABSG),__3ZABSG,01 - Non intersection,03 - P.D. only,06 - SMV unattended vehicle,01 - Clear,01 - Daylight,01 - Dry,10 - No control,,1,0,0,0,,0,,,,,361834.179,5021367.306,45.32993688,-75.77238539,11438
16--7462,2016/07/11,3:52 PM,IRIS ST @ WOODROFFE AVE (0002736),2736,03 - At intersection,02 - Non-fatal injury,02 - Angle,01 - Clear,01 - Daylight,01 - Dry,01 - Traffic signal,01 - Functioning,2,1,0,0,01 - Minimal,1,1,,,,362282.4726,5024441.739,45.35756388,-75.76630948,11439
16--7463,2016/07/11,4:11 PM,CARLING AVE @ OTTAWA RIVER PKWY WB (0002142),2142,02 - Intersection related,03 - P.D. only,03 - Rear end,01 - Clear,01 - Daylight,01 - Dry,03 - Yield sign,01 - Functioning,2,0,0,0,,0,,,,,360856.4212,5025169.938,45.36423165,-75.78442717,11440
16--7464,2016/07/11,4:13 PM,GLENMANOR DR E @ VIEWMOUNT DR E (0001939),1939,03 - At intersection,03 - P.D. only,02 - Angle,01 - Clear,01 - Daylight,01 - Dry,02 - Stop sign,01 - Functioning,2,0,0,0,,0,,,,,365107.8029,5022899.968,45.34345392,-75.73043897,11441
16--7465,2016/07/11,4:24 PM,GREENBANK RD btwn WEST HUNT CLUB RD & FALLOWFIELD RD (__3ZA1NE),__3ZA1NE,01 - Non intersection,02 - Non-fatal injury,05 - Turning movement,01 - Clear,01 - Daylight,01 - Dry,10 - No control,,2,0,0,0,02 - Minor,1,,1,,,362680.0445,5017652.108,45.29643835,-75.76202915,11442
16--7466,2016/07/11,4:45 PM,BRIAN COBURN BLVD btwn BOISFRANC CIRC & ESPRIT DR (__45I76L),__45I76L,04 - At/near private drive,03 - P.D. only,02 - Angle,01 - Clear,01 - Daylight,01 - Dry,10 - No control,,2,0,0,0,,0,,,,,385187.903,5035364.408,45.45358471,-75.47221062,11443
16--7467,2016/07/11,4:46 PM,TRANSITWAY - LINCOLN FIEL @ OTTAWA RIVER PKWY  (0002636),2636,02 - Intersection related,03 - P.D. only,03 - Rear end,01 - Clear,01 - Daylight,01 - Dry,01 - Traffic signal,01 - Functioning,2,0,0,0,,0,,,,,360925.4427,5025500.812,45.36720331,-75.78350858,11444
16--7468,2016/07/11,5:15 PM,HIGHWAY 417 btwn HWY417 IC124 RAMP65 & HWY417 IC122 RAMP51 (__3ZA2R8),__3ZA2R8,01 - Non intersection,02 - Non-fatal injury,03 - Rear end,01 - Clear,01 - Daylight,01 - Dry,10 - No control,,2,0,1,0,03 - Major,1,,,1,,365139.9854,5028685.905,45.39551201,-75.72932162,11445
16--7469,2016/07/11,5:18 PM,HIGHWAY 417 btwn HWY417 IC122 RAMP51 & HWY417 IC122 RAMP15 (__3ZA2R0),__3ZA2R0,01 - Non intersection,03 - P.D. only,03 - Rear end,01 - Clear,01 - Daylight,01 - Dry,10 - No control,,3,0,0,0,,0,,,,,365332.8431,5028874.073,45.39718846,-75.72683552,11446
16--747,2016/01/16,9:45 AM,REGIONAL ROAD 174 btwn OLD MONTREAL RD & OLD MONTREAL RD (__3ZA27O),__3ZA27O,01 - Non intersection,03 - P.D. only,07 - SMV other,03 - Snow,01 - Daylight,03 - Loose snow,10 - No control,,1,0,0,0,,0,,,,,393552.3475,5042821.269,45.51965953,-75.3639403,11447
16--7470,2016/07/11,6:00 PM,GREENBANK RD @ IRIS ST/HWY 417 IC129 RAMP51 (0009073),9073,02 - Intersection related,03 - P.D. only,03 - Rear end,01 - Clear,01 - Daylight,01 - Dry,01 - Traffic signal,01 - Functioning,2,0,0,0,,0,,,,,360530.7178,5023312.314,45.34754278,-75.78879394,11448
16--7471,2016/07/11,6:00 PM,HIGHWAY 417 btwn HWY417 IC122 RAMP51 & HWY417 IC122 RAMP15 (__3ZA2R0),__3ZA2R0,01 - Non intersection,03 - P.D. only,03 - Rear end,01 - Clear,01 - Daylight,01 - Dry,10 - No control,,4,0,0,0,,0,,,,,365329.062,5028870.531,45.39715692,-75.72688425,11449
16--7472,2016/07/11,6:22 PM,HOLLAND AVE btwn ARMSTRONG ST & WELLINGTON ST W (__3ZA4QQ),__3ZA4QQ,01 - Non intersection,03 - P.D. only,06 - SMV unattended vehicle,01 - Clear,01 - Daylight,01 - Dry,10 - No control,,1,0,0,0,,0,,,,,364925.3832,5029161.736,45.3998119,-75.73200433,11450
16--7473,2016/07/11,6:23 AM,FALLOWFIELD RD btwn MOODIE DR & HWY416 IC66 RAMP53 (__3ZA4Y6),__3ZA4Y6,04 - At/near private drive,02 - Non-fatal injury,05 - Turning movement,01 - Clear,01 - Daylight,01 - Dry,10 - No control,,2,0,0,0,02 - Minor,2,,2,,,359513.7014,5014640.958,45.26959739,-75.80272894,11451
16--7474,2016/07/11,6:39 AM,FRANK KENNY RD btwn INNES RD & FRENCH HILL RD (__61W6X7),__61W6X7,04 - At/near private drive,02 - Non-fatal injury,05 - Turning movement,"07 - Fog, mist, smoke, dust",01 - Daylight,01 - Dry,10 - No control,,2,0,0,0,02 - Minor,2,,2,,,388443.8725,5036353.7,45.46210318,-75.43042071,11452
16--7475,2016/07/11,6:43 PM,SOMERSET ST    W btwn BREEZEHILL AVE N & PRESTON ST (__3ZA32I),__3ZA32I,04 - At/near private drive,02 - Non-fatal injury,05 - Turning movement,01 - Clear,01 - Daylight,01 - Dry,10 - No control,,2,1,0,0,03 - Major,1,,,1,,366294.5284,5030121.975,45.40833296,-75.7143978,11453
16--7476,2016/07/11,7:04 PM,CATHERINE ST/HWY 417 O'CONN IC119BR76 @ O'CONN (0001697),1697,02 - Intersection related,03 - P.D. only,03 - Rear end,01 - Clear,01 - Daylight,01 - Dry,01 - Traffic signal,01 - Functioning,2,0,0,0,,0,,,,,368243.4045,5030392.913,45.41059683,-75.6894682,11454
16--7477,2016/07/11,7:41 AM,ELGIN ST @ SLATER ST (0002228),2228,03 - At intersection,02 - Non-fatal injury,04 - Sideswipe,01 - Clear,01 - Daylight,01 - Dry,01 - Traffic signal,01 - Functioning,2,0,0,0,02 - Minor,1,,1,,,367890.4804,5031646.121,45.42190469,-75.69381615,11455
16--7478,2016/07/11,7:43 PM,BRONSON AVE btwn RENFREW AVE & POWELL AVE (__3ZA3BZ),__3ZA3BZ,04 - At/near private drive,03 - P.D. only,02 - Angle,01 - Clear,01 - Daylight,01 - Dry,10 - No control,,2,0,0,0,,0,,,,,367365.3789,5029529.487,45.40290702,-75.70079402,11456
16--7479,2016/07/11,8:15 PM,RICHMOND RD btwn STEEPLE HILL CRES & CAMBRIAN RD (__3ZAB9D),__3ZAB9D,01 - Non intersection,02 - Non-fatal injury,07 - SMV other,01 - Clear,01 - Daylight,01 - Dry,10 - No control,,1,0,0,0,02 - Minor,1,,1,,,359027.8301,5010537.512,45.2327115,-75.80936809,11457
16--748,2016/01/17,1:45 PM,HIGHWAY 417 btwn HWY417 IC117 RAMP25 & HWY417 IC115 RAMP51 (__3ZA2R3),__3ZA2R3,01 - Non intersection,03 - P.D. only,04 - Sideswipe,01 - Clear,01 - Daylight,01 - Dry,10 - No control,,2,0,0,0,,0,,,,,371541.1364,5031399.027,45.41934269,-75.6472058,11458
16--7480,2016/07/11,8:28 AM,HAZELDEAN RD @ TERRY FOX DR (0003682),3682,02 - Intersection related,02 - Non-fatal injury,03 - Rear end,01 - Clear,01 - Daylight,01 - Dry,01 - Traffic signal,01 - Functioning,2,0,0,0,01 - Minimal,1,1,,,,352208.0702,5017241.303,45.29352645,-75.89557785,11459
16--7481,2016/07/11,8:31 AM,HOLLY ACRES RD btwn AERO DR & TRANSIT (__6KE582),__6KE582,01 - Non intersection,03 - P.D. only,07 - SMV other,01 - Clear,01 - Daylight,01 - Dry,10 - No control,,1,0,0,0,,0,,,,,358485.4997,5022994.683,45.34484425,-75.81492651,11460
16--7482,2016/07/11,8:45 AM,BRONSON AVE btwn BREWER WAY & RIVERSIDE DR RAMPS 34B & 42A-3 (__3ZA3BR),__3ZA3BR,01 - Non intersection,02 - Non-fatal injury,03 - Rear end,01 - Clear,01 - Daylight,01 - Dry,10 - No control,,3,0,0,0,02 - Minor,1,,1,,,368252.4562,5027505.527,45.38461619,-75.68972399,11461
16--7483,2016/07/11,9:33 AM,MONTREAL RD @ MONTFORT HOSPITAL (0011388),11388,02 - Intersection related,03 - P.D. only,04 - Sideswipe,01 - Clear,01 - Daylight,01 - Dry,01 - Traffic signal,01 - Functioning,2,0,0,0,,0,,,,,372221.7663,5034143.146,45.44396771,-75.6381342,11462
16--7484,2016/07/11,9:56 AM,MOODIE DR @ WEST HUNT CLUB RD (0010414),10414,03 - At intersection,03 - P.D. only,05 - Turning movement,01 - Clear,01 - Daylight,01 - Dry,01 - Traffic signal,01 - Functioning,2,0,0,0,,0,,,,,357906.5153,5018498.001,45.30442681,-75.8227966,11463