Anom_ID,Accident_Date,Accident_Time,Location,Geo_ID,Accident_Location,Classification_of_Accident,Initial_Impact_Type,Environment_Condition,Light,Road_Surface_Condition,Traffic_Control,Traffic_Control_Condition,No__of_Vehicles,No__of_Bicycles,No__of_Motorcycles,No__of_Pedestrians,Max_Injury,No__of_Injuries,No__of_Minimal,No__of_Minor,No__of_Major,No__of_Fatal,X,Y,Latitude,Longitude,ObjectId
16--7485,2016/07/11,9:58 AM,BRONSON AVE btwn COOPER ST & SOMERSET ST W (__3ZA33L),__3ZA33L,01 - Non intersection,03 - P.D. only,05 - Turning movement,01 - Clear,01 - Daylight,01 - Dry,10 - No control,,2,0,0,0,,0,,,,,366963.8325,5030486.572,45.41155437,-75.70580218,11464
16--7486,2016/07/12,1:07 PM,AIRPORT PKWY/BROOKFIELD RD @ FLANNERY DR/AIRPORT PKWY RAMPS 52A/53 (0006850),6850,03 - At intersection,03 - P.D. only,02 - Angle,01 - Clear,01 - Daylight,01 - Dry,11 - Roundabout,01 - Functioning,2,0,0,0,,0,,,,,368694.213,5026295.617,45.37368961,-75.68423998,11465
16--7487,2016/07/12,1:56 PM,MONTREAL RD @ 46 E OF HILLSIDE DR/MONTREAL SQU (0008215),8215,03 - At intersection,02 - Non-fatal injury,07 - SMV other,01 - Clear,01 - Daylight,01 - Dry,01 - Traffic signal,01 - Functioning,1,0,0,1,02 - Minor,1,,1,,,371750.3974,5033916.61,45.44197475,-75.64418995,11466
16--7488,2016/07/12,1:58 PM,FALLOWFIELD RD @ GREENBANK RD (0000549),549,03 - At intersection,02 - Non-fatal injury,05 - Turning movement,01 - Clear,01 - Daylight,01 - Dry,01 - Traffic signal,01 - Functioning,2,0,0,0,02 - Minor,2,,2,,,363080.0171,5016732.236,45.28812827,-75.757038,11467
16--7489,2016/07/12,10:18 PM,INDUSTRIAL AVE/INNES RD @ ST. LAURENT BLVD (0002203),2203,03 - At intersection,03 - P.D. only,03 - Rear end,01 - Clear,07 - Dark,01 - Dry,01 - Traffic signal,01 - Functioning,2,0,0,0,,0,,,,,373099.9547,5030005.112,45.40665047,-75.62748324,11468
16--749,2016/01/17,1:59 PM,LAMIRA ST btwn KILBORN AVE & END (__3ZA1GV),__3ZA1GV,01 - Non intersection,03 - P.D. only,06 - SMV unattended vehicle,03 - Snow,01 - Daylight,03 - Loose snow,10 - No control,,1,0,0,0,,0,,,,,369740.2899,5027941.503,45.3884026,-75.67066924,11469
16--7490,2016/07/12,10:28 PM,ANDERSON RD btwn EIGHTH LINE RD & NINTH LINE RD (__3ZBOGK),__3ZBOGK,04 - At/near private drive,03 - P.D. only,02 - Angle,01 - Clear,07 - Dark,01 - Dry,10 - No control,,2,0,0,0,,0,,,,,381620.5875,5022159.607,45.33517868,-75.51986928,11470
16--7491,2016/07/12,11:04 PM,HUNT CLUB RD btwn WEST HUNT CLUB RD & TURN LANE (__3ZBOEO),__3ZBOEO,01 - Non intersection,03 - P.D. only,03 - Rear end,01 - Clear,07 - Dark,01 - Dry,10 - No control,,2,0,0,0,,0,,,,,367928.2939,5021911.408,45.3343109,-75.69457756,11471
16--7492,2016/07/12,11:32 AM,HUNT CLUB RD btwn TURN LANE & TURN LANE (2) (__5AEEAQ),__5AEEAQ,01 - Non intersection,03 - P.D. only,03 - Rear end,01 - Clear,01 - Daylight,01 - Dry,10 - No control,,2,0,0,0,,0,,,,,371690.9153,5024234.486,45.35486463,-75.6462632,11472
16--7493,2016/07/12,Unknown,AVENUE L btwn TREMBLAY RD & END (__3ZA4G0),__3ZA4G0,04 - At/near private drive,03 - P.D. only,06 - SMV unattended vehicle,01 - Clear,00 - Unknown,01 - Dry,10 - No control,,1,0,0,0,,0,,,,,371513.9397,5031153.08,45.41713236,-75.64758657,11473
16--7494,2016/07/12,Unknown,VALLEY STREAM DR btwn SHADOW CRT & SANDCASTLE DR (__3ZBOIO),__3ZBOIO,01 - Non intersection,03 - P.D. only,06 - SMV unattended vehicle,01 - Clear,00 - Unknown,01 - Dry,10 - No control,,1,0,0,0,,0,,,,,359396.3273,5021710.899,45.33322243,-75.80344607,11474
16--7495,2016/07/12,12:07 PM,MCARTHUR AVE @ VANIER PKWY (0004626),4626,02 - Intersection related,02 - Non-fatal injury,03 - Rear end,01 - Clear,01 - Daylight,01 - Dry,01 - Traffic signal,01 - Functioning,2,0,0,0,02 - Minor,1,,1,,,370218.4777,5032691.04,45.43109263,-75.66393283,11475
16--7496,2016/07/12,12:45 PM,HWY 417 CASTLEFR IC139R61 @ KANATA AVE (0012625),12625,02 - Intersection related,03 - P.D. only,03 - Rear end,01 - Clear,01 - Daylight,01 - Dry,01 - Traffic signal,00 - Unknown,2,0,0,0,,0,,,,,351616.1322,5019224.523,45.31141166,-75.90293697,11476
16--7497,2016/07/12,3:11 PM,CARLING AVE WB @ SAIGON CRT (0002102),2102,03 - At intersection,03 - P.D. only,05 - Turning movement,01 - Clear,01 - Daylight,01 - Dry,01 - Traffic signal,01 - Functioning,2,0,0,0,,0,,,,,364064.5875,5027195.865,45.38219674,-75.74323461,11477
16--7498,2016/07/12,3:17 PM,WALKLEY RD btwn BAYCREST DR & HEATHERINGTON RD (__3ZA361),__3ZA361,04 - At/near private drive,02 - Non-fatal injury,02 - Angle,01 - Clear,01 - Daylight,01 - Dry,10 - No control,,2,0,1,0,02 - Minor,1,,1,,,371757.1846,5026787.565,45.37783,-75.64507151,11478
16--7499,2016/07/12,4:00 PM,AVIATION PKWY @ MONTREAL RD (0008799),8799,02 - Intersection related,03 - P.D. only,02 - Angle,01 - Clear,01 - Daylight,01 - Dry,01 - Traffic signal,01 - Functioning,2,0,0,0,,0,,,,,372147.0511,5034107.914,45.44365791,-75.63909401,11479
16--75,2016/01/03,8:20 AM,HWY417 IC122 RAMP51 btwn HIGHWAY 417 & PARKDALE AVE (__3ZAYA8),__3ZAYA8,01 - Non intersection,03 - P.D. only,07 - SMV other,03 - Snow,01 - Daylight,03 - Loose snow,10 - No control,,1,0,0,0,,0,,,,,365194.7287,5028746.288,45.39605061,-75.72861509,11480
16--750,2016/01/17,10:23 AM,8TH LINE RD btwn BYRON ST & UNITED AVE (__3ZBO4Z),__3ZBO4Z,01 - Non intersection,03 - P.D. only,05 - Turning movement,01 - Clear,01 - Daylight,04 - Slush,10 - No control,,2,0,0,0,,0,,,,,385525.5932,5010978.176,45.23413736,-75.47187337,11481
16--7500,2016/07/12,4:12 PM,PRESTON ST @ PRIMROSE AVE (0005108),5108,03 - At intersection,02 - Non-fatal injury,02 - Angle,01 - Clear,01 - Daylight,01 - Dry,02 - Stop sign,01 - Functioning,2,0,0,0,02 - Minor,3,,3,,,366210.5837,5030347.532,45.41036983,-75.715442,11482
16--7501,2016/07/12,4:26 PM,PICKERING PL @ TREMBLAY RD (0006463),6463,03 - At intersection,03 - P.D. only,02 - Angle,01 - Clear,01 - Daylight,01 - Dry,02 - Stop sign,01 - Functioning,2,0,0,0,,0,,,,,371288.8566,5031299.572,45.41847186,-75.6504424,11483
16--7502,2016/07/12,4:55 PM,RIDEAU RD btwn BANK ST & DONCASTER RD (__3ZBO26),__3ZBO26,01 - Non intersection,02 - Non-fatal injury,03 - Rear end,01 - Clear,01 - Daylight,01 - Dry,10 - No control,,3,0,0,0,02 - Minor,1,,1,,,377388.2068,5018095.673,45.29906384,-75.57445716,11484
16--7503,2016/07/12,4:56 PM,HAWTHORNE RD @ HUNT CLUB RD (0007651),7651,02 - Intersection related,03 - P.D. only,03 - Rear end,01 - Clear,01 - Daylight,01 - Dry,01 - Traffic signal,01 - Functioning,3,0,0,0,,0,,,,,375507.7499,5026406.943,45.37403689,-75.59724353,11485
16--7504,2016/07/12,5:11 PM,PICKERING PL @ TREMBLAY RD (0006463),6463,02 - Intersection related,03 - P.D. only,02 - Angle,01 - Clear,01 - Daylight,01 - Dry,02 - Stop sign,01 - Functioning,2,0,0,0,,0,,,,,371286.5838,5031298.208,45.4184598,-75.65047163,11486
16--7505,2016/07/12,5:15 PM,ST. JEAN ST @ ST. JOSEPH BLVD (0004137),4137,02 - Intersection related,03 - P.D. only,03 - Rear end,01 - Clear,01 - Daylight,01 - Dry,01 - Traffic signal,01 - Functioning,2,0,0,0,,0,,,,,380969.51,5037200.228,45.47057447,-75.52585185,11487
16--7506,2016/07/12,5:21 AM,RIDEAU RD btwn LIMEBANK RD & DOWNEY RD (__3ZA6L6),__3ZA6L6,01 - Non intersection,03 - P.D. only,07 - SMV other,01 - Clear,03 - Dawn,01 - Dry,10 - No control,,1,0,0,0,,0,,,,,371704.3278,5014506.166,45.26733051,-75.64740553,11488
16--7507,2016/07/12,5:26 PM,MONTREAL RD btwn OGILVIE RD & LAPORTE ST (__3ZA2D7),__3ZA2D7,01 - Non intersection,03 - P.D. only,03 - Rear end,01 - Clear,01 - Daylight,01 - Dry,10 - No control,,3,0,0,0,,0,,,,,375658.5986,5034559.313,45.44737221,-75.59414595,11489
16--7508,2016/07/12,5:31 PM,INNES RD EB btwn INNES RD E & ORLEANS BLVD (__3ZA3J0),__3ZA3J0,01 - Non intersection,03 - P.D. only,04 - Sideswipe,01 - Clear,01 - Daylight,01 - Dry,10 - No control,,2,0,0,0,,0,,,,,380439.886,5034267.312,45.44424395,-75.5330755,11490
16--7509,2016/07/12,5:41 PM,HIGHWAY 417 btwn HWY417 IC127 RAMP35 & HWY417 IC127 RAMP25 (__3ZA2RE),__3ZA2RE,01 - Non intersection,02 - Non-fatal injury,03 - Rear end,01 - Clear,01 - Daylight,01 - Dry,10 - No control,,2,0,0,0,01 - Minimal,2,2,,,,362130.5646,5024833.173,45.36109841,-75.76820283,11491
16--751,2016/01/17,11:15 PM,SLATER ST btwn O'CONNOR ST & METCALFE ST (__3ZA35R),__3ZA35R,01 - Non intersection,03 - P.D. only,04 - Sideswipe,03 - Snow,07 - Dark,04 - Slush,10 - No control,,3,0,0,0,,0,,,,,367679.3084,5031516.841,45.42076048,-75.69653078,11492
16--7510,2016/07/12,6:00 AM,PRINCE OF WALES DR @ MEADOWLANDS DR/HOG'S BACK (0001629),1629,03 - At intersection,02 - Non-fatal injury,02 - Angle,01 - Clear,03 - Dawn,01 - Dry,01 - Traffic signal,01 - Functioning,2,1,0,0,02 - Minor,1,,1,,,367371.2603,5025693.257,45.3683891,-75.70120521,11493
16--7511,2016/07/12,6:20 PM,HIGHWAY 417 btwn HWY417 IC117 RAMP26 & HWY417 IC117 RAMP61 (__3ZA2YM),__3ZA2YM,01 - Non intersection,03 - P.D. only,07 - SMV other,01 - Clear,01 - Daylight,01 - Dry,10 - No control,,1,0,0,0,,0,,,,,370806.309,5031207.74,45.41769128,-75.65661976,11494
16--7512,2016/07/12,6:31 PM,FALLOWFIELD RD @ MERIVALE RD (0000587),587,02 - Intersection related,03 - P.D. only,03 - Rear end,01 - Clear,01 - Daylight,01 - Dry,01 - Traffic signal,01 - Functioning,2,0,0,0,,0,,,,,366890.5762,5018844.015,45.30680353,-75.70820054,11495
16--7513,2016/07/12,7:03 AM,HIGHWAY 417 btwn HWY417 IC129 RAMP25 & HWY417 IC129 RAMP35 (__3ZAYFR),__3ZAYFR,01 - Non intersection,03 - P.D. only,03 - Rear end,01 - Clear,01 - Daylight,01 - Dry,10 - No control,,3,0,0,0,,0,,,,,360444.1807,5023515.841,45.34938098,-75.7898753,11496
16--7514,2016/07/12,7:05 PM,TREATY CRT btwn SILVESTRI CRES & END (__3ZAZUJ),__3ZAZUJ,04 - At/near private drive,03 - P.D. only,06 - SMV unattended vehicle,01 - Clear,01 - Daylight,01 - Dry,10 - No control,,1,0,0,0,,0,,,,,373291.3815,5032558.444,45.4296054,-75.62468318,11497
16--7515,2016/07/12,7:06 AM,VANIER PKWY NB btwn QUEEN MARY ST & PRESLAND RD (__3ZA4TMA),__3ZA4TMA,01 - Non intersection,03 - P.D. only,04 - Sideswipe,01 - Clear,01 - Daylight,01 - Dry,10 - No control,,2,0,0,0,,0,,,,,370378.6788,5031882.038,45.42379856,-75.66199336,11498
16--7516,2016/07/12,8:00 AM,LIVERPOOL CRT btwn NEWMARKET ST & END (__3ZA1DS),__3ZA1DS,01 - Non intersection,03 - P.D. only,06 - SMV unattended vehicle,01 - Clear,01 - Daylight,01 - Dry,10 - No control,,1,0,0,0,,0,,,,,373476.2316,5030432.644,45.41046038,-75.62261739,11499
16--7517,2016/07/12,8:10 AM,HIGHWAY 416 btwn HWY416 IC49 RAMP42 & HWY416 IC49 RAMP24 (__3ZAZGH),__3ZAZGH,01 - Non intersection,03 - P.D. only,07 - SMV other,01 - Clear,01 - Daylight,01 - Dry,10 - No control,,1,0,0,0,,0,,,,,369243.2868,5001013.475,45.14615341,-75.68050967,11500
16--7518,2016/07/12,8:20 AM,HIGHWAY 417 btwn HWY417 IC117 RAMP26 & HWY417 IC117 RAMP61 (__3ZA2YM),__3ZA2YM,01 - Non intersection,03 - P.D. only,04 - Sideswipe,01 - Clear,01 - Daylight,01 - Dry,10 - No control,,2,0,0,0,,0,,,,,370806.8418,5031209.412,45.41770628,-75.65661272,11501
16--7519,2016/07/12,8:23 AM,BASELINE RD @ FERGUSON ST (0003206),3206,02 - Intersection related,03 - P.D. only,03 - Rear end,01 - Clear,01 - Daylight,01 - Dry,01 - Traffic signal,01 - Functioning,2,0,0,0,,0,,,,,363440.4628,5024316.416,45.35634035,-75.75154534,11502
16--752,2016/01/17,11:21 AM,KANATA AVE @ TERRY FOX DR (0012691),12691,02 - Intersection related,03 - P.D. only,04 - Sideswipe,01 - Clear,01 - Daylight,02 - Wet,01 - Traffic signal,01 - Functioning,2,0,0,0,,0,,,,,349306.6592,5019211.306,45.31144289,-75.93239021,11503
16--7520,2016/07/12,8:30 AM,HIGHWAY 417 btwn HWY417 IC118 RAMP67 & HWY417 IC117 RAMP36 (__3ZA2YO),__3ZA2YO,01 - Non intersection,03 - P.D. only,04 - Sideswipe,01 - Clear,01 - Daylight,01 - Dry,10 - No control,,2,0,0,0,,0,,,,,369826.2064,5031154.349,45.41730267,-75.6691485,11504
16--7521,2016/07/12,8:41 PM,MAITLAND AVE btwn DUNCAN PL & LENESTER AVE (__3ZBOCE),__3ZBOCE,01 - Non intersection,03 - P.D. only,04 - Sideswipe,01 - Clear,05 - Dusk,01 - Dry,10 - No control,,2,0,0,0,,0,,,,,363038.0732,5026250.805,45.3737793,-75.75645279,11505
16--7522,2016/07/12,8:54 PM,CAMBRIDGE ST @ CARLING AVE (0007138),7138,02 - Intersection related,02 - Non-fatal injury,04 - Sideswipe,01 - Clear,05 - Dusk,01 - Dry,02 - Stop sign,01 - Functioning,2,0,1,0,03 - Major,1,,,1,,367353.4819,5029274.556,45.40061429,-75.70097831,11506
16--7523,2016/07/12,9:12 AM,AVONDALE AVE @ CHURCHILL AVE (0006217),6217,02 - Intersection related,03 - P.D. only,03 - Rear end,01 - Clear,01 - Daylight,01 - Dry,02 - Stop sign,01 - Functioning,2,0,0,0,,0,,,,,363530.4685,5027590.897,45.38579616,-75.75000733,11507
16--7524,2016/07/12,9:35 PM,HIGHWAY 417 btwn HWY417 IC118 RAMP35 & HWY417 IC117 RAMP51 (__3ZA2YP),__3ZA2YP,01 - Non intersection,03 - P.D. only,04 - Sideswipe,01 - Clear,07 - Dark,01 - Dry,10 - No control,,2,0,0,0,,0,,,,,369836.166,5031137.313,45.41714846,-75.66902351,11508
16--7525,2016/07/12,9:41 AM,MONTREAL RD @ ST. LAURENT BLVD (0002604),2604,02 - Intersection related,03 - P.D. only,04 - Sideswipe,01 - Clear,01 - Daylight,01 - Dry,01 - Traffic signal,01 - Functioning,2,0,0,0,,0,,,,,371545.9302,5033816.231,45.44109114,-75.64681692,11509
16--7526,2016/07/12,9:48 AM,DONALD ST @ ST. LAURENT BLVD (0008630),8630,02 - Intersection related,02 - Non-fatal injury,03 - Rear end,01 - Clear,01 - Daylight,01 - Dry,01 - Traffic signal,01 - Functioning,4,0,0,0,01 - Minimal,1,1,,,,372093.3785,5032472.585,45.42894918,-75.64000359,11510
16--7527,2016/07/13,10:07 PM,AVIATION PKWY @ MONTREAL RD (0008799),8799,02 - Intersection related,02 - Non-fatal injury,03 - Rear end,01 - Clear,07 - Dark,01 - Dry,01 - Traffic signal,01 - Functioning,2,0,0,0,02 - Minor,2,1,1,,,372146.4778,5034108.477,45.44366303,-75.63910127,11511
16--7528,2016/07/13,10:40 AM,EAGLESON RD @ MICHAEL COWPLAND DR/STONEHAVEN D (0003544),3544,03 - At intersection,03 - P.D. only,05 - Turning movement,01 - Clear,01 - Daylight,01 - Dry,01 - Traffic signal,01 - Functioning,2,0,0,0,,0,,,,,354381.9674,5016624.103,45.28782272,-75.86792542,11512
16--7529,2016/07/13,11:22 AM,HINCKS LANE @ RIVERSIDE DR (0011354),11354,02 - Intersection related,03 - P.D. only,03 - Rear end,01 - Clear,01 - Daylight,01 - Dry,01 - Traffic signal,01 - Functioning,2,0,0,0,,0,,,,,370166.4886,5030205.566,45.40873418,-75.66492695,11513
16--753,2016/01/17,11:32 AM,BLAIR RD @ REGIONAL RD 174 S/OR174 IC112 RAMP15 (0012435),12435,03 - At intersection,02 - Non-fatal injury,05 - Turning movement,01 - Clear,01 - Daylight,02 - Wet,01 - Traffic signal,01 - Functioning,2,0,0,0,02 - Minor,2,,2,,,374908.2141,5032662.368,45.43038025,-75.60400785,11514
16--7530,2016/07/13,11:25 PM,HOLLAND AVE @ ISLAND PARK DR/N.C.C. DRIVEWAY (0010787),10787,03 - At intersection,02 - Non-fatal injury,05 - Turning movement,01 - Clear,07 - Dark,01 - Dry,01 - Traffic signal,01 - Functioning,2,0,0,0,02 - Minor,2,,2,,,365425.9171,5027917.316,45.38857172,-75.72576439,11515
16--7531,2016/07/13,11:46 AM,SMYTH RD @ RIVERSIDE HOSPITAL (0009069),9069,03 - At intersection,03 - P.D. only,05 - Turning movement,01 - Clear,01 - Daylight,01 - Dry,01 - Traffic signal,01 - Functioning,2,0,0,0,,0,,,,,369986.8842,5029120.836,45.39899092,-75.66736459,11516
16--7532,2016/07/13,2:07 PM,BASELINE RD btwn GREENBANK RD & MCWATTERS RD (__3ZA4MM),__3ZA4MM,04 - At/near private drive,03 - P.D. only,02 - Angle,01 - Clear,01 - Daylight,01 - Dry,10 - No control,,2,0,0,0,,0,,,,,360624.2485,5022600.527,45.34113069,-75.78768078,11517
16--7533,2016/07/13,2:28 PM,INDUSTRIAL AVE @ RIVERSIDE DR (0011905),11905,02 - Intersection related,02 - Non-fatal injury,03 - Rear end,01 - Clear,01 - Daylight,01 - Dry,01 - Traffic signal,00 - Unknown,2,0,0,0,02 - Minor,2,1,1,,,370684.7186,5030592.553,45.41216754,-75.65825542,11518
16--7534,2016/07/13,2:37 PM,WOODGATE WAY btwn SHANDON AVE & SEDONA ST (__3ZA554),__3ZA554,04 - At/near private drive,03 - P.D. only,06 - SMV unattended vehicle,01 - Clear,01 - Daylight,01 - Dry,10 - No control,,1,0,0,0,,0,,,,,364900.1184,5017676.29,45.29646954,-75.73372276,11519
16--7535,2016/07/13,2:45 PM,AVIATION PKWY @ OGILVIE RD (0004114),4114,02 - Intersection related,03 - P.D. only,03 - Rear end,01 - Clear,01 - Daylight,01 - Dry,01 - Traffic signal,01 - Functioning,2,0,0,0,,0,,,,,373109.7957,5032376.815,45.42798895,-75.62702876,11520
16--7536,2016/07/13,2:45 PM,PALMERSTON DR btwn PEREZ CRES & HALMONT DR (__3ZA13L),__3ZA13L,01 - Non intersection,03 - P.D. only,04 - Sideswipe,01 - Clear,01 - Daylight,01 - Dry,10 - No control,,2,0,0,0,,0,,,,,373538.4919,5032358.856,45.42778537,-75.62155335,11521
16--7537,2016/07/13,3:00 PM,OTTAWA RIVER PKWY btwn VIMY PLACE PRIV & BOOTH ST (__5VHJ2QB),__5VHJ2QB,01 - Non intersection,02 - Non-fatal injury,03 - Rear end,01 - Clear,01 - Daylight,01 - Dry,10 - No control,,2,0,0,0,01 - Minimal,1,1,,,,366260.2027,5031004.208,45.41627407,-75.71472626,11522
16--7538,2016/07/13,3:07 PM,DOVERCOURT AVE @ KIRKWOOD AVE (0006215),6215,02 - Intersection related,03 - P.D. only,03 - Rear end,02 - Rain,01 - Daylight,02 - Wet,02 - Stop sign,01 - Functioning,3,0,0,0,,0,,,,,364206.1479,5027653.238,45.38630011,-75.7413721,11523
16--7539,2016/07/13,3:39 PM,MERIVALE RD/LOTTA AVE @ CLYDE AVE (0001112),1112,02 - Intersection related,03 - P.D. only,03 - Rear end,02 - Rain,01 - Daylight,02 - Wet,01 - Traffic signal,01 - Functioning,2,0,0,0,,0,,,,,364520.5308,5024507.321,45.35796692,-75.73773809,11524
16--754,2016/01/17,12:00 PM,BRAMBLEGROVE CRES btwn LORRY GREENBERG DR & BRIERMOOR CRES (2) (__3ZA8MY),__3ZA8MY,01 - Non intersection,03 - P.D. only,06 - SMV unattended vehicle,01 - Clear,01 - Daylight,03 - Loose snow,10 - No control,,1,0,0,0,,0,,,,,373509.2746,5025595.884,45.36693813,-75.6228687,11525
16--7540,2016/07/13,3:50 PM,MEADOWLANDS DR btwn TURN LANE & SULLIVAN AVE (__3ZA3GE),__3ZA3GE,04 - At/near private drive,03 - P.D. only,02 - Angle,01 - Clear,01 - Daylight,01 - Dry,10 - No control,,2,0,0,0,,0,,,,,363100.0987,5022754.585,45.34231551,-75.75607331,11526
16--8014,2016/07/26,9:30 AM,LEES AVE @ KING EDWARD AVE/MANN AVE (0011413),11413,02 - Intersection related,03 - P.D. only,03 - Rear end,01 - Clear,01 - Daylight,01 - Dry,01 - Traffic signal,01 - Functioning,2,0,0,0,,0,,,,,369179.6462,5031335.728,45.41899444,-75.67738516,11527
16--8102,2016/07/29,3:16 AM,YORK ST WB btwn BYWARD MARKE SQ & SUSSEX DR (__3ZA1B0),__3ZA1B0,01 - Non intersection,03 - P.D. only,06 - SMV unattended vehicle,01 - Clear,07 - Dark,01 - Dry,10 - No control,,1,0,0,0,,0,,,,,367887.669,5032316.919,45.42794056,-75.69376615,11528
16--7651,2016/07/16,1:00 PM,GEORGE ST btwn SUSSEX DR & 26 W OF BYWARD MARKET/FREIMAN MALL (__3ZA40PA),__3ZA40PA,01 - Non intersection,03 - P.D. only,06 - SMV unattended vehicle,01 - Clear,01 - Daylight,01 - Dry,10 - No control,,1,0,0,0,,0,,,,,367953.5341,5032179.784,45.42670072,-75.69294209,11529
16--7917,2016/07/24,11:52 AM,TERRY FOX DR N @ FLAMBOROUGH WAY/INNOVATION DR (0011795),11795,02 - Intersection related,03 - P.D. only,03 - Rear end,01 - Clear,01 - Daylight,01 - Dry,01 - Traffic signal,01 - Functioning,2,0,0,0,,0,,,,,349383.56,5022952.33,45.34510073,-75.93107262,11530
16--774,2016/01/17,9:30 AM,PRINCE OF WALES DR @ FALLOWFIELD RD (0000566),566,02 - Intersection related,03 - P.D. only,03 - Rear end,01 - Clear,01 - Daylight,01 - Dry,01 - Traffic signal,01 - Functioning,2,0,0,0,,0,,,,,367399.4905,5019166.69,45.30966174,-75.70167057,11531
16--7740,2016/07/18,9:25 PM,HAZELDEAN RD btwn CARP RD & Continuation of HAZELDEAN RD (__5FCFM4),__5FCFM4,01 - Non intersection,03 - P.D. only,07 - SMV other,01 - Clear,07 - Dark,01 - Dry,10 - No control,,1,0,0,0,,0,,,,,348823.6668,5014384.527,45.26804036,-75.93897805,11532
16--7829,2016/07/21,6:20 PM,BASELINE RD @ GREENBANK RD (0002357),2357,02 - Intersection related,02 - Non-fatal injury,04 - Sideswipe,01 - Clear,01 - Daylight,01 - Dry,01 - Traffic signal,01 - Functioning,2,0,0,0,01 - Minimal,1,1,,,,360598.3661,5022583.591,45.34098036,-75.78801292,11533
16--8015,2016/07/26,9:35 PM,TRIM RD btwn WALL RD & NAVAN RD (__3ZA1D8),__3ZA1D8,01 - Non intersection,02 - Non-fatal injury,01 - Approaching,01 - Clear,07 - Dark,01 - Dry,10 - No control,,3,0,0,0,02 - Minor,2,1,1,,,388090.1906,5033570.991,45.43710952,-75.43541369,11534
16--8103,2016/07/29,3:27 AM,CAMBRIAN RD @ CEDARVIEW RD (0001571),1571,02 - Intersection related,03 - P.D. only,03 - Rear end,"07 - Fog, mist, smoke, dust",07 - Dark,01 - Dry,02 - Stop sign,01 - Functioning,2,0,0,0,,0,,,,,363002.6714,5011835.645,45.24407491,-75.75859773,11535
16--7741,2016/07/18,9:59 PM,BARNSDALE RD @ TWIN ELM RD N (0000840),840,03 - At intersection,03 - P.D. only,07 - SMV other,01 - Clear,07 - Dark,01 - Dry,02 - Stop sign,01 - Functioning,1,0,0,0,,0,,,,,360185.5428,5007832.871,45.20828451,-75.79492573,11536
16--7652,2016/07/16,1:04 PM,LARCH ST @ PRESTON ST (0005745),5745,03 - At intersection,02 - Non-fatal injury,05 - Turning movement,01 - Clear,01 - Daylight,01 - Dry,02 - Stop sign,01 - Functioning,2,1,0,0,02 - Minor,1,,1,,,366437.4648,5029831.469,45.40570649,-75.71260825,11537
16--783,2016/01/18,10:00 AM,CARLING AVE EB btwn RIDDELL AVE N & MAITLAND AVE (__3ZA4U8),__3ZA4U8,01 - Non intersection,03 - P.D. only,03 - Rear end,01 - Clear,01 - Daylight,03 - Loose snow,10 - No control,,2,0,0,0,,0,,,,,362920.9635,5026458.889,45.37566134,-75.75792336,11538
16--7918,2016/07/24,Unknown,NAUGHTON ST btwn AVE. VINCENT MASSEY AVE & KING GEORGE ST (__3ZA8K6),__3ZA8K6,01 - Non intersection,03 - P.D. only,06 - SMV unattended vehicle,01 - Clear,00 - Unknown,01 - Dry,10 - No control,,1,0,0,0,,0,,,,,371317.5091,5032203.97,45.42660652,-75.64995422,11539
16--8016,2016/07/27,1:29 PM,HAZELDEAN RD @ TERRY FOX DR (0003682),3682,03 - At intersection,03 - P.D. only,02 - Angle,01 - Clear,01 - Daylight,01 - Dry,01 - Traffic signal,01 - Functioning,2,1,0,0,,0,,,,,352207.652,5017241.866,45.29353154,-75.89558313,11540
16--8104,2016/07/29,3:35 PM,DALHOUSIE ST @ ST. PATRICK ST (0008242),8242,02 - Intersection related,03 - P.D. only,04 - Sideswipe,01 - Clear,01 - Daylight,01 - Dry,01 - Traffic signal,01 - Functioning,2,0,0,0,,0,,,,,367957.9201,5032639.922,45.43084049,-75.69282704,11541
16--7742,2016/07/19,1:53 PM,CALDWELL AVE @ MERIVALE RD (0011432),11432,02 - Intersection related,03 - P.D. only,03 - Rear end,01 - Clear,01 - Daylight,01 - Dry,01 - Traffic signal,01 - Functioning,2,0,0,0,,0,,,,,364908.5344,5026230.867,45.37344196,-75.73257646,11542
16--7653,2016/07/16,1:26 PM,GLOUCESTER ST btwn KENT ST & BANK ST (__3ZBOR0),__3ZBOR0,01 - Non intersection,03 - P.D. only,06 - SMV unattended vehicle,01 - Clear,01 - Daylight,01 - Dry,10 - No control,,1,0,0,0,,0,,,,,367406.1104,5031127.663,45.41728328,-75.7000708,11543
16--7830,2016/07/21,6:20 PM,HIGHWAY 417 btwn HWY417 IC112 RAMP64 & HIGHWAY 417 (__3ZA2U1),__3ZA2U1,01 - Non intersection,03 - P.D. only,04 - Sideswipe,01 - Clear,01 - Daylight,01 - Dry,10 - No control,,2,0,0,0,,0,,,,,374947.0527,5030710.082,45.41281074,-75.60378952,11544
16--7919,2016/07/24,12:02 AM,CLARENCE ST @ PARENT AVE (0008509),8509,02 - Intersection related,03 - P.D. only,05 - Turning movement,01 - Clear,07 - Dark,01 - Dry,02 - Stop sign,01 - Functioning,2,0,0,0,,0,,,,,367906.1624,5032417.36,45.42884262,-75.69351697,11545