Anom_ID,Accident_Date,Accident_Time,Location,Geo_ID,Accident_Location,Classification_of_Accident,Initial_Impact_Type,Environment_Condition,Light,Road_Surface_Condition,Traffic_Control,Traffic_Control_Condition,No__of_Vehicles,No__of_Bicycles,No__of_Motorcycles,No__of_Pedestrians,Max_Injury,No__of_Injuries,No__of_Minimal,No__of_Minor,No__of_Major,No__of_Fatal,X,Y,Latitude,Longitude,ObjectId
16--8017,2016/07/27,1:31 PM,SLATER ST btwn KENT ST & BANK ST (__3ZA349),__3ZA349,01 - Non intersection,03 - P.D. only,04 - Sideswipe,01 - Clear,01 - Daylight,01 - Dry,10 - No control,,2,0,0,0,,0,,,,,367342.6587,5031303.741,45.41887325,-75.70085911,11546
16--8018,2016/07/27,1:46 PM,WOODROFFE AVE @ KNOXDALE RD/MEDHURST DR (0000519),519,02 - Intersection related,02 - Non-fatal injury,99 - Other,01 - Clear,01 - Daylight,01 - Dry,01 - Traffic signal,01 - Functioning,2,1,0,0,02 - Minor,1,,1,,,363419.5923,5021826.603,45.33393897,-75.75210676,11547
16--8019,2016/07/27,1:47 PM,PHOENIX CRES btwn PAYETTE DR & LEANNE ST (__3ZA6XY),__3ZA6XY,01 - Non intersection,03 - P.D. only,06 - SMV unattended vehicle,01 - Clear,01 - Daylight,01 - Dry,10 - No control,,1,0,0,0,,0,,,,,383227.687,5037335.669,45.47154312,-75.49695432,11548
16--802,2016/01/18,2:20 PM,DWYER HILL RD btwn FERNBANK RD & FLEWELLYN RD (__3ZA3F0),__3ZA3F0,01 - Non intersection,03 - P.D. only,07 - SMV other,01 - Clear,01 - Daylight,05 - Packed snow,10 - No control,,1,0,0,0,,0,,,,,343771.671,5004083.27,45.17564221,-76.00416271,11549
16--8020,2016/07/27,1:58 PM,RIDEAU ST btwn CUMBERLAND ST & KING EDWARD AVE (__3ZBOFX),__3ZBOFX,04 - At/near private drive,03 - P.D. only,05 - Turning movement,01 - Clear,01 - Daylight,01 - Dry,10 - No control,,2,0,0,0,,0,,,,,368490.6906,5032401.265,45.42864482,-75.68604966,11550
16--8021,2016/07/27,1:59 PM,HAWTHORNE RD btwn DAVIDSON RD & LEITRIM RD (__3ZBPIY),__3ZBPIY,01 - Non intersection,02 - Non-fatal injury,07 - SMV other,01 - Clear,01 - Daylight,01 - Dry,10 - No control,,1,0,0,0,02 - Minor,1,,1,,,376646.4891,5023635.203,45.34898233,-75.58310956,11551
16--8022,2016/07/27,10:00 AM,PRINCE OF WALES DR btwn STRANDHERD DR & BARNSTONE DR (__3ZA1YI),__3ZA1YI,01 - Non intersection,03 - P.D. only,03 - Rear end,01 - Clear,01 - Daylight,01 - Dry,10 - No control,,2,0,0,0,,0,,,,,367231.1761,5014970.563,45.27192041,-75.70434499,11552
16--8023,2016/07/27,10:24 PM,PONDHOLLOW WAY btwn SILVERTHORN CRT & GOLFLINKS DR (__33D6OC),__33D6OC,01 - Non intersection,03 - P.D. only,06 - SMV unattended vehicle,01 - Clear,07 - Dark,01 - Dry,10 - No control,,1,0,0,0,,0,,,,,365818.9931,5013538.632,45.25915988,-75.7225168,11553
16--8024,2016/07/27,11:05 AM,ALTA VISTA DR @ SMYTH RD (0011353),11353,03 - At intersection,03 - P.D. only,05 - Turning movement,01 - Clear,01 - Daylight,01 - Dry,01 - Traffic signal,01 - Functioning,2,0,0,0,,0,,,,,370433.3977,5029081.103,45.3985917,-75.66166715,11554
16--8025,2016/07/27,11:12 AM,KARSH DR @ FARDON WAY/TOPLEY CRES E (0008593),8593,03 - At intersection,03 - P.D. only,05 - Turning movement,01 - Clear,01 - Daylight,01 - Dry,02 - Stop sign,01 - Functioning,2,0,0,0,,0,,,,,374093.6409,5026247.865,45.37274684,-75.61531821,11555
16--8026,2016/07/27,11:31 AM,AGES DR @ HAWTHORNE RD (0006397),6397,03 - At intersection,03 - P.D. only,05 - Turning movement,01 - Clear,01 - Daylight,01 - Dry,01 - Traffic signal,01 - Functioning,2,0,0,0,,0,,,,,374972.423,5027717.536,45.38588279,-75.60389117,11556
16--8027,2016/07/27,11:35 AM,DRUMSO ST @ MARGRAVE AVE E (0011645),11645,03 - At intersection,03 - P.D. only,02 - Angle,01 - Clear,01 - Daylight,01 - Dry,02 - Stop sign,01 - Functioning,2,0,0,0,,0,,,,,372611.8659,5025513.337,45.3662828,-75.63433487,11557
16--8028,2016/07/27,11:58 AM,METCALFE ST btwn LISGAR ST & COOPER ST (__3ZA345),__3ZA345,01 - Non intersection,03 - P.D. only,04 - Sideswipe,01 - Clear,01 - Daylight,01 - Dry,10 - No control,,2,0,0,0,,0,,,,,367919.9678,5031243.525,45.41827961,-75.69349096,11558
16--8029,2016/07/27,Unknown,YOHO DR btwn KOKANEE GT & SAUBLE DR (__3ZA2VC),__3ZA2VC,01 - Non intersection,03 - P.D. only,06 - SMV unattended vehicle,01 - Clear,00 - Unknown,01 - Dry,10 - No control,,1,0,0,0,,0,,,,,355038.6448,5017506.034,45.29571188,-75.85946525,11559
16--803,2016/01/18,2:57 PM,HERON RD btwn CLEMENTINE BLVD & FALCON AVE (__3ZA36E),__3ZA36E,01 - Non intersection,03 - P.D. only,04 - Sideswipe,01 - Clear,01 - Daylight,03 - Loose snow,10 - No control,,2,0,0,0,,0,,,,,369585.7143,5026791.645,45.37807086,-75.67279397,11560
16--8030,2016/07/27,12:03 PM,ST. LAURENT BLVD btwn DUNBARTON CRT & MONTREAL RD (__3ZA3RU),__3ZA3RU,01 - Non intersection,03 - P.D. only,03 - Rear end,01 - Clear,01 - Daylight,01 - Dry,10 - No control,,3,0,0,0,,0,,,,,371504.112,5033913.504,45.44197035,-75.64733822,11561
16--8031,2016/07/27,12:04 PM,ELGIN ST btwn QUEEN ST & ALBERT ST (1) (__3ZA359),__3ZA359,01 - Non intersection,03 - P.D. only,04 - Sideswipe,01 - Clear,01 - Daylight,01 - Dry,10 - No control,,2,0,0,0,,0,,,,,367842.3025,5031724.309,45.42261254,-75.69442171,11562
16--8032,2016/07/27,12:10 PM,O'CONNOR ST @ SLATER ST (0002230),2230,03 - At intersection,02 - Non-fatal injury,07 - SMV other,01 - Clear,01 - Daylight,01 - Dry,01 - Traffic signal,01 - Functioning,1,0,0,1,01 - Minimal,1,1,,,,367579.0231,5031451.94,45.42018553,-75.69782037,11563
16--8033,2016/07/27,12:34 PM,MITCH OWENS RD/BRIDGE ST @ RIVER RD (0003573),3573,03 - At intersection,03 - P.D. only,05 - Turning movement,01 - Clear,01 - Daylight,01 - Dry,01 - Traffic signal,01 - Functioning,2,0,0,0,,0,,,,,369500.0697,5010769.89,45.23391811,-75.6759788,11564
16--8034,2016/07/27,3:00 PM,MITCH OWENS RD/BRIDGE ST @ RIVER RD (0003573),3573,02 - Intersection related,02 - Non-fatal injury,03 - Rear end,01 - Clear,01 - Daylight,01 - Dry,01 - Traffic signal,01 - Functioning,2,0,0,0,02 - Minor,1,,1,,,369500.6621,5010771.132,45.23392923,-75.67597109,11565
16--8035,2016/07/27,3:55 PM,REGIONAL ROAD 174 EB btwn OR174 IC109 RAMP55 & TRANSIT (__3ZA28V),__3ZA28V,01 - Non intersection,03 - P.D. only,03 - Rear end,01 - Clear,01 - Daylight,01 - Dry,10 - No control,,3,0,0,0,,0,,,,,376510.8313,5035071.982,45.45189796,-75.5831777,11566
16--8036,2016/07/27,4:10 PM,ALBERT ST btwn LYON ST N & KENT ST (__3ZA3C9),__3ZA3C9,01 - Non intersection,03 - P.D. only,03 - Rear end,01 - Clear,01 - Daylight,01 - Dry,10 - No control,,2,0,0,0,,0,,,,,367082.9275,5031230.948,45.41824145,-75.70418671,11567
16--8037,2016/07/27,4:37 PM,PRINCE OF WALES DR btwn BORDEN SIDE RD & NORMANDY CRES (__3ZA36O),__3ZA36O,01 - Non intersection,02 - Non-fatal injury,03 - Rear end,01 - Clear,01 - Daylight,01 - Dry,10 - No control,,4,0,0,0,01 - Minimal,1,1,,,,367199.1881,5024237.826,45.35530878,-75.70358547,11568
16--8038,2016/07/27,4:38 PM,HIGHWAY 417 btwn HWY417 IC122 RAMP61 & HWY417 IC121B RAMP16 (__3ZA2Y4),__3ZA2Y4,01 - Non intersection,03 - P.D. only,03 - Rear end,01 - Clear,01 - Daylight,01 - Dry,10 - No control,,3,0,0,0,,0,,,,,365827.1541,5029214.153,45.40020551,-75.72048037,11569
16--8039,2016/07/27,4:40 PM,BANK ST @ CATHERINE ST (0002708),2708,03 - At intersection,02 - Non-fatal injury,07 - SMV other,01 - Clear,01 - Daylight,01 - Dry,01 - Traffic signal,01 - Functioning,1,0,0,1,02 - Minor,1,,1,,,368038.569,5030267.572,45.40948759,-75.69210093,11570
16--804,2016/01/18,3:12 PM,WALKLEY RD btwn CONROY RD & HARDING RD (__3ZA2EJ),__3ZA2EJ,01 - Non intersection,03 - P.D. only,04 - Sideswipe,01 - Clear,01 - Daylight,02 - Wet,10 - No control,,2,0,0,0,,0,,,,,372959.8911,5027497.918,45.38410549,-75.62961871,11571
16--8040,2016/07/27,4:42 PM,WEST HUNT CLUB RD EB btwn MERIVALE RD & SUNDERLAND ST (__3ZA3JQ),__3ZA3JQ,01 - Non intersection,03 - P.D. only,04 - Sideswipe,01 - Clear,01 - Daylight,01 - Dry,10 - No control,,2,0,0,0,,0,,,,,365806.3349,5022050.986,45.3357545,-75.72163081,11572
16--8041,2016/07/27,4:55 PM,BASELINE RD @ MERIVALE RD (0002342),2342,02 - Intersection related,03 - P.D. only,03 - Rear end,01 - Clear,01 - Daylight,01 - Dry,01 - Traffic signal,01 - Functioning,2,0,0,0,,0,,,,,365054.4691,5025325.06,45.36527913,-75.73082392,11573
16--8042,2016/07/27,5:01 PM,TERRY FOX DR btwn 329 N OF CAMPEAU DR/SIGNATURE CENTRE & CAMPEAU DR (__49GU9G),__49GU9G,04 - At/near private drive,02 - Non-fatal injury,02 - Angle,01 - Clear,01 - Daylight,01 - Dry,10 - No control,,2,0,0,0,02 - Minor,1,,1,,,350289.1585,5019037.826,45.30981892,-75.9198766,11574
16--8043,2016/07/27,5:06 PM,HUNT CLUB RD @ RIVERSIDE DR (0002237),2237,03 - At intersection,03 - P.D. only,05 - Turning movement,01 - Clear,01 - Daylight,01 - Dry,01 - Traffic signal,01 - Functioning,2,0,0,0,,0,,,,,368035.8748,5021945.084,45.33460423,-75.69320082,11575
16--8044,2016/07/27,5:16 PM,ST. LAURENT BLVD @ COVENTRY RD/OGILVIE RD (0002151),2151,02 - Intersection related,03 - P.D. only,03 - Rear end,01 - Clear,01 - Daylight,01 - Dry,01 - Traffic signal,01 - Functioning,2,0,0,0,,0,,,,,372306.8518,5031952.751,45.42425138,-75.637347,11576
16--8045,2016/07/27,6:20 PM,CARLING AVE EB btwn FOX CRES & WOODROFFE AVE (__3ZA4VE),__3ZA4VE,01 - Non intersection,03 - P.D. only,04 - Sideswipe,01 - Clear,01 - Daylight,01 - Dry,10 - No control,,2,0,0,0,,0,,,,,361694.2745,5025679.15,45.36874599,-75.77367401,11577
16--8046,2016/07/27,6:50 PM,KING EDWARD AVE @ SOMERSET ST/MARIE CURIE PRIV (0001696),1696,02 - Intersection related,03 - P.D. only,01 - Approaching,01 - Clear,01 - Daylight,01 - Dry,01 - Traffic signal,01 - Functioning,2,0,0,0,,0,,,,,368958.3921,5031673.578,45.42205462,-75.68016796,11578
16--8047,2016/07/27,7:02 PM,BASELINE RD @ FARLANE BLVD (0002725),2725,03 - At intersection,02 - Non-fatal injury,02 - Angle,01 - Clear,01 - Daylight,01 - Dry,01 - Traffic signal,01 - Functioning,2,0,0,0,02 - Minor,1,,1,,,365356.9194,5025516.17,45.36697264,-75.72693993,11579
16--8048,2016/07/27,7:15 AM,ALBERT ST @ LYON ST (0002208),2208,03 - At intersection,02 - Non-fatal injury,07 - SMV other,01 - Clear,01 - Daylight,01 - Dry,01 - Traffic signal,01 - Functioning,1,0,0,1,02 - Minor,1,,1,,,367062.9275,5031219.584,45.41814099,-75.70444367,11580
16--8049,2016/07/27,7:20 AM,BEAUSEJOUR DR @ CHAMPNEUF DR (0012527),12527,03 - At intersection,03 - P.D. only,02 - Angle,01 - Clear,01 - Daylight,01 - Dry,02 - Stop sign,01 - Functioning,2,0,0,0,,0,,,,,381546.5212,5036132.568,45.46090539,-75.51864012,11581
16--805,2016/01/18,3:35 PM,HIGHWAY 417 btwn HWY417 IC119A RAMP67 & HWY417 IC118 RAMP76 (__3ZA2YS),__3ZA2YS,01 - Non intersection,03 - P.D. only,03 - Rear end,01 - Clear,01 - Daylight,01 - Dry,10 - No control,,2,0,0,0,,0,,,,,368946.2476,5030715.91,45.41343897,-75.68044779,11582
16--8050,2016/07/27,7:21 AM,MEADOWLANDS DR btwn PRINCE OF WALES DR & DEBRA AVE (__3ZA3GTB),__3ZA3GTB,04 - At/near private drive,03 - P.D. only,02 - Angle,01 - Clear,01 - Daylight,01 - Dry,10 - No control,,2,1,0,0,,0,,,,,367232.2117,5025601.965,45.36758007,-75.7029917,11583
16--8051,2016/07/27,7:25 PM,PRESTON ST btwn CARLING AVE & PRINCE OF WALES DR (__3ZA309),__3ZA309,01 - Non intersection,03 - P.D. only,04 - Sideswipe,01 - Clear,01 - Daylight,01 - Dry,10 - No control,,2,0,0,0,,0,,,,,366839.4827,5028912.372,45.39740119,-75.70758876,11584
16--8052,2016/07/27,7:37 PM,WOODFIELD DR btwn DOWNSVIEW CRES & MERIVALE RD (__3ZA00W),__3ZA00W,04 - At/near private drive,03 - P.D. only,05 - Turning movement,01 - Clear,01 - Daylight,01 - Dry,10 - No control,,2,0,0,0,,0,,,,,365438.3829,5022290.772,45.33794396,-75.72629563,11585
16--8053,2016/07/27,8:25 AM,RIVERSIDE DR @ HERON RD (0002236),2236,02 - Intersection related,03 - P.D. only,03 - Rear end,01 - Clear,01 - Daylight,01 - Dry,01 - Traffic signal,01 - Functioning,2,0,0,0,,0,,,,,368120.7506,5026646.834,45.37690182,-75.6915158,11586
16--8054,2016/07/27,8:25 AM,HIGHWAY 417 btwn HWY417 IC126 RAMP25 & HWY417 IC124 RAMP57 (__3ZA2R5),__3ZA2R5,01 - Non intersection,03 - P.D. only,03 - Rear end,01 - Clear,01 - Daylight,01 - Dry,10 - No control,,2,0,0,0,,0,,,,,363659.6831,5026496.347,45.37593672,-75.74848788,11587
16--8055,2016/07/27,8:30 PM,YORK ST EB btwn BY WARD MARKET SQ & SUSSEX DR (__3ZA8ZZ),__3ZA8ZZ,01 - Non intersection,03 - P.D. only,06 - SMV unattended vehicle,01 - Clear,05 - Dusk,01 - Dry,10 - No control,,1,0,0,0,,0,,,,,367937.9694,5032322.046,45.42798215,-75.69312274,11588
16--8056,2016/07/27,8:37 AM,FISHER AVE btwn CARLING AVE & HOLLAND AVE (__3ZA4NF),__3ZA4NF,01 - Non intersection,03 - P.D. only,03 - Rear end,01 - Clear,01 - Daylight,01 - Dry,10 - No control,,2,0,0,0,,0,,,,,365343.4207,5027950.278,45.38887544,-75.72681379,11589
16--8057,2016/07/27,8:39 AM,RIVERSIDE DR @ 175 S OF HUNT CLUB  RD/RUNWAY C (0011890),11890,03 - At intersection,03 - P.D. only,05 - Turning movement,01 - Clear,01 - Daylight,01 - Dry,01 - Traffic signal,01 - Functioning,2,0,0,0,,0,,,,,368029.054,5021769.156,45.33302187,-75.69331031,11590
16--8058,2016/07/27,8:46 AM,CARLING AVE @ KIRKWOOD AVE N (0002358),2358,02 - Intersection related,03 - P.D. only,03 - Rear end,01 - Clear,01 - Daylight,01 - Dry,01 - Traffic signal,01 - Functioning,2,0,0,0,,0,,,,,364275.4727,5027494.193,45.38486317,-75.74050605,11591
16--8059,2016/07/27,9:15 PM,WALKLEY RD btwn LANCASTER RD & SHEFFIELD RD (__3ZA1UM),__3ZA1UM,01 - Non intersection,02 - Non-fatal injury,03 - Rear end,01 - Clear,07 - Dark,01 - Dry,10 - No control,,2,0,0,0,02 - Minor,1,,1,,,375254.8605,5028783.174,45.39544252,-75.60013272,11592
16--806,2016/01/18,3:40 PM,FRANK KENNY RD btwn WILHAVEN DR & INNES RD (__3ZA6JA),__3ZA6JA,04 - At/near private drive,03 - P.D. only,05 - Turning movement,01 - Clear,01 - Daylight,01 - Dry,10 - No control,,2,0,0,0,,0,,,,,387698.5473,5038154.862,45.47839696,-75.43964591,11593
16--8060,2016/07/28,1:06 PM,CARP RD btwn LLOYDALEX CRES & ROTHBOURNE RD (__3ZBOBC),__3ZBOBC,01 - Non intersection,03 - P.D. only,99 - Other,01 - Clear,01 - Daylight,01 - Dry,10 - No control,,2,0,0,0,,0,,,,,348054.2221,5015092.372,45.27445756,-75.94872146,11594
16--8061,2016/07/28,1:36 PM,CARLING AVE @ BROADVIEW AVE (0006707),6707,02 - Intersection related,03 - P.D. only,04 - Sideswipe,01 - Clear,01 - Daylight,01 - Dry,01 - Traffic signal,01 - Functioning,2,0,0,0,,0,,,,,363180.6017,5026638.521,45.37725606,-75.75458739,11595
16--8062,2016/07/28,10:30 PM,NORICE ST btwn VIEWMOUNT DR & MALCOLM PL (__3ZAASL),__3ZAASL,01 - Non intersection,03 - P.D. only,07 - SMV other,01 - Clear,07 - Dark,01 - Dry,10 - No control,,1,0,0,0,,0,,,,,364113.0985,5022971.965,45.34418655,-75.74312219,11596
16--8063,2016/07/28,10:54 PM,RUSSLAND RD btwn ROCKDALE RD & DUNNING RD (__3ZA3KV),__3ZA3KV,01 - Non intersection,02 - Non-fatal injury,07 - SMV other,01 - Clear,07 - Dark,01 - Dry,10 - No control,,1,0,0,0,01 - Minimal,4,4,,,,395628.3705,5022592.604,45.33740098,-75.34110263,11597
16--8064,2016/07/28,11:50 AM,BRONSON AVE/BRONSON/HERON RAMP 35 @ HERON RD (0002386),2386,02 - Intersection related,03 - P.D. only,03 - Rear end,01 - Clear,01 - Daylight,01 - Dry,01 - Traffic signal,01 - Functioning,2,0,0,0,,0,,,,,368640.9989,5026697.892,45.37731402,-75.68486731,11598
16--8065,2016/07/28,12:02 AM,BYRON AVE @ HOLLAND AVE (0005636),5636,03 - At intersection,03 - P.D. only,07 - SMV other,01 - Clear,07 - Dark,01 - Dry,02 - Stop sign,01 - Functioning,1,0,0,0,,0,,,,,365013.5639,5028959.01,45.39798024,-75.73090282,11599
16--8066,2016/07/28,12:48 AM,STRANDHERD DR @ WOODROFFE AVE (0009688),9688,03 - At intersection,02 - Non-fatal injury,02 - Angle,01 - Clear,07 - Dark,01 - Dry,01 - Traffic signal,01 - Functioning,2,0,0,0,01 - Minimal,1,1,,,,366105.7634,5015395.149,45.27583982,-75.71863404,11600
16--8067,2016/07/28,2:05 PM,BASELINE RD @ CLYDE AVE (0002343),2343,02 - Intersection related,03 - P.D. only,03 - Rear end,01 - Clear,01 - Daylight,01 - Dry,01 - Traffic signal,01 - Functioning,2,0,0,0,,0,,,,,364358.4048,5024890.722,45.3614305,-75.73976106,11601
16--8068,2016/07/28,2:38 PM,WEST HUNT CLUB RD @ ROYDON PL/SUNDERLAND ST (0009775),9775,03 - At intersection,03 - P.D. only,05 - Turning movement,01 - Clear,01 - Daylight,01 - Dry,01 - Traffic signal,01 - Functioning,2,0,0,0,,0,,,,,365973.3975,5022170.396,45.33681439,-75.71948473,11602
16--8069,2016/07/28,2:51 PM,GREENBANK RD @ HARRISON ST/ASHGROVE CRES (0000627),627,03 - At intersection,03 - P.D. only,05 - Turning movement,01 - Clear,01 - Daylight,01 - Dry,01 - Traffic signal,01 - Functioning,2,0,0,0,,0,,,,,360839.6069,5022007.407,45.33577663,-75.78500018,11603
16--807,2016/01/18,3:52 PM,DRUMMOND ST btwn HAZEL ST & HERRIDGE ST (__3ZBOSN),__3ZBOSN,04 - At/near private drive,03 - P.D. only,05 - Turning movement,01 - Clear,01 - Daylight,05 - Packed snow,10 - No control,,2,0,0,0,,0,,,,,369069.5005,5029996.792,45.40695729,-75.678967,11604
16--8070,2016/07/28,3:21 PM,CARLING AVE EB btwn RIDDELL AVE N & MAITLAND AVE (__3ZA4U8),__3ZA4U8,01 - Non intersection,03 - P.D. only,03 - Rear end,01 - Clear,01 - Daylight,01 - Dry,10 - No control,,2,0,0,0,,0,,,,,362905.1979,5026448.527,45.37556941,-75.75812585,11605
16--8071,2016/07/28,3:22 PM,WEST HUNT CLUB RD @ ROYDON PL/SUNDERLAND ST (0009775),9775,02 - Intersection related,03 - P.D. only,04 - Sideswipe,01 - Clear,01 - Daylight,01 - Dry,01 - Traffic signal,01 - Functioning,2,0,0,0,,0,,,,,365973.317,5022169.49,45.33680624,-75.71948587,11606
16--8072,2016/07/28,3:30 PM,ALBERT ST @ ELGIN ST/MACKENZIE KING BRIDGE (0002226),2226,02 - Intersection related,03 - P.D. only,03 - Rear end,01 - Clear,01 - Daylight,01 - Dry,01 - Traffic signal,01 - Functioning,2,0,0,0,,0,,,,,367849.5752,5031711.581,45.42249737,-75.69433041,11607
16--8073,2016/07/28,3:35 PM,BELFAST RD @ ST. LAURENT BLVD (0007658),7658,03 - At intersection,03 - P.D. only,05 - Turning movement,01 - Clear,01 - Daylight,01 - Dry,01 - Traffic signal,01 - Functioning,2,0,0,0,,0,,,,,372860.4968,5030578.562,45.41183343,-75.63046273,11608
16--8074,2016/07/28,3:45 PM,COVENTRY RD @ VANIER PKWY (0002139),2139,02 - Intersection related,03 - P.D. only,03 - Rear end,01 - Clear,01 - Daylight,01 - Dry,01 - Traffic signal,01 - Functioning,2,0,0,0,,0,,,,,370676.1654,5031612.801,45.42134812,-75.6582283,11609
16--8075,2016/07/28,4:00 PM,INNES RD @ ORLEANS BLVD (0003611),3611,02 - Intersection related,03 - P.D. only,03 - Rear end,01 - Clear,01 - Daylight,01 - Dry,01 - Traffic signal,01 - Functioning,2,0,0,0,,0,,,,,380461.4769,5034297.767,45.44451562,-75.53279485,11610
16--8076,2016/07/28,4:20 PM,CUMMINGS AVE @ DONALD ST (0009936),9936,02 - Intersection related,03 - P.D. only,03 - Rear end,01 - Clear,01 - Daylight,01 - Dry,01 - Traffic signal,01 - Functioning,2,0,0,0,,0,,,,,372650.4946,5032411.124,45.42834236,-75.63289303,11611
16--8077,2016/07/28,4:45 PM,RIVERSIDE DR NB btwn INDUSTRIAL AVE & TREMBLAY RD (__3ZA4SE),__3ZA4SE,01 - Non intersection,03 - P.D. only,04 - Sideswipe,01 - Clear,01 - Daylight,01 - Dry,10 - No control,,2,0,0,0,,0,,,,,370808.8963,5030994.09,45.41576871,-75.65661532,11612
16--8078,2016/07/28,5:30 PM,CARP RD @ MARCH RD (0001689),1689,03 - At intersection,03 - P.D. only,02 - Angle,01 - Clear,01 - Daylight,01 - Dry,01 - Traffic signal,01 - Functioning,2,0,0,0,,0,,,,,342163.8967,5021731.849,45.33454012,-76.02329084,11613
16--8079,2016/07/28,6:31 PM,STRANDHERD DR @ LONGFIELDS DR (0010935),10935,02 - Intersection related,03 - P.D. only,03 - Rear end,01 - Clear,01 - Daylight,01 - Dry,01 - Traffic signal,01 - Functioning,2,0,0,0,,0,,,,,364548.417,5015175.106,45.27399394,-75.73850773,11614
16--808,2016/01/18,4:05 PM,BANK ST @ JOHNSTON RD (0006967),6967,02 - Intersection related,03 - P.D. only,03 - Rear end,01 - Clear,01 - Daylight,02 - Wet,01 - Traffic signal,01 - Functioning,2,0,0,0,,0,,,,,370850.8523,5024839.528,45.36038824,-75.65690301,11615
16--8080,2016/07/28,6:45 PM,LEWIS ST btwn ELGIN ST & CARTIER ST (__3ZA9UJ),__3ZA9UJ,01 - Non intersection,03 - P.D. only,06 - SMV unattended vehicle,01 - Clear,01 - Daylight,01 - Dry,10 - No control,,1,0,0,0,,0,,,,,368286.0225,5031023.029,45.41626254,-75.68884262,11616
16--8081,2016/07/28,7:10 PM,TERRY FOX DR @ FERNBANK RD (0011863),11863,03 - At intersection,03 - P.D. only,05 - Turning movement,01 - Clear,01 - Daylight,01 - Dry,01 - Traffic signal,01 - Functioning,2,0,0,0,,0,,,,,354304.3177,5015130.474,45.27438817,-75.86906423,11617
16--8105,2016/07/29,4:00 PM,PRINCE OF WALES DR @ STRANDHERD DR (0013339),13339,02 - Intersection related,03 - P.D. only,03 - Rear end,01 - Clear,01 - Daylight,01 - Dry,01 - Traffic signal,01 - Functioning,3,0,0,0,,0,,,,,367175.9716,5014824.646,45.27061235,-75.7050668,11618
16--792,2016/01/18,11:32 AM,HERON RD WB btwn BRONSON AVE RAMP 26 & BRONSON AVE RAMP 62 (__5FD69N),__5FD69N,01 - Non intersection,03 - P.D. only,03 - Rear end,01 - Clear,01 - Daylight,04 - Slush,10 - No control,,2,0,0,0,,0,,,,,368733.8828,5026716.623,45.37747408,-75.68367905,11619
16--7831,2016/07/21,6:38 PM,HAWTHORNE AVE/ISABELLA ST @ QUEEN ELIZABETH DR (0002105),2105,03 - At intersection,03 - P.D. only,02 - Angle,01 - Clear,01 - Daylight,01 - Dry,01 - Traffic signal,01 - Functioning,2,0,0,0,,0,,,,,368666.3933,5030477.481,45.41131927,-75.68405383,11620
16--7654,2016/07/16,1:30 AM,KENT ST @ LAURIER AVE (0002222),2222,02 - Intersection related,03 - P.D. only,04 - Sideswipe,01 - Clear,07 - Dark,02 - Wet,01 - Traffic signal,01 - Functioning,2,0,0,0,,0,,,,,367316.4717,5031165.498,45.41763173,-75.70121122,11621
16--7743,2016/07/19,1:56 PM,INNES RD @ ORCHARDVIEW AVE/ESPRIT DR (0012279),12279,03 - At intersection,03 - P.D. only,05 - Turning movement,01 - Clear,01 - Daylight,01 - Dry,01 - Traffic signal,01 - Functioning,2,0,0,0,,0,,,,,384845.2238,5036561.248,45.46439209,-75.47639636,11622
16--8106,2016/07/29,4:16 PM,BASELINE RD btwn CLYDE AVE & 207 E OF CLYDE AVE (__3ZA4ISA),__3ZA4ISA,01 - Non intersection,03 - P.D. only,03 - Rear end,01 - Clear,01 - Daylight,01 - Dry,10 - No control,,2,0,0,0,,0,,,,,364382.0538,5024905.132,45.36155815,-75.73945747,11623
16--7832,2016/07/21,6:44 PM,HAZELDEAN RD @ TERRY FOX DR (0003682),3682,02 - Intersection related,02 - Non-fatal injury,03 - Rear end,01 - Clear,01 - Daylight,01 - Dry,01 - Traffic signal,01 - Functioning,2,0,0,0,01 - Minimal,3,3,,,,352208.0702,5017242.221,45.29353471,-75.89557776,11624
16--7920,2016/07/24,12:23 AM,QUEEN ELIZABETH DRWY btwn QUEEN ELIZABETH PL & FIFTH AVE (__3ZA22J),__3ZA22J,01 - Non intersection,02 - Non-fatal injury,07 - SMV other,01 - Clear,07 - Dark,01 - Dry,10 - No control,,1,0,0,0,02 - Minor,1,,1,,,368644.5204,5028859.295,45.39676135,-75.68454275,11625
16--7744,2016/07/19,10:51 AM,GLOUCESTER ST btwn BANK ST & O'CONNOR ST (__3ZBOR8),__3ZBOR8,01 - Non intersection,03 - P.D. only,04 - Sideswipe,01 - Clear,01 - Daylight,01 - Dry,10 - No control,,2,0,0,0,,0,,,,,367583.0622,5031236.086,45.41824298,-75.69779626,11626
16--7655,2016/07/16,1:30 PM,BELL ST @ ECCLES ST (0006350),6350,02 - Intersection related,03 - P.D. only,99 - Other,01 - Clear,01 - Daylight,01 - Dry,02 - Stop sign,01 - Functioning,2,0,0,0,,0,,,,,366820.7533,5030255.673,45.4094895,-75.70765902,11627
16--8107,2016/07/29,4:30 PM,HIGHWAY 417 btwn HWY417 IC120B RAMP36 & HWY417 IC119B RAMP76 (__3ZA2YU),__3ZA2YU,01 - Non intersection,03 - P.D. only,03 - Rear end,01 - Clear,01 - Daylight,03 - Loose snow,10 - No control,,2,0,0,0,,0,,,,,367782.0732,5030017.772,45.40726309,-75.69540935,11628