Anom_ID,Accident_Date,Accident_Time,Location,Geo_ID,Accident_Location,Classification_of_Accident,Initial_Impact_Type,Environment_Condition,Light,Road_Surface_Condition,Traffic_Control,Traffic_Control_Condition,No__of_Vehicles,No__of_Bicycles,No__of_Motorcycles,No__of_Pedestrians,Max_Injury,No__of_Injuries,No__of_Minimal,No__of_Minor,No__of_Major,No__of_Fatal,X,Y,Latitude,Longitude,ObjectId
16--7833,2016/07/21,6:55 AM,HIGHWAY 417 btwn HWY417 IC138 RAMP36 & HIGHWAY 417 (__3ZA29F),__3ZA29F,01 - Non intersection,03 - P.D. only,04 - Sideswipe,01 - Clear,01 - Daylight,01 - Dry,10 - No control,,2,0,0,0,,0,,,,,352921.858,5020246.069,45.32051548,-75.8861863,11629
16--7656,2016/07/16,1:59 AM,WEST HUNT CLUB RD btwn PRINCE OF WALES DR & HUNT CLUB RD (__3ZA2T4),__3ZA2T4,01 - Non intersection,03 - P.D. only,03 - Rear end,02 - Rain,07 - Dark,02 - Wet,10 - No control,,2,0,0,0,,0,,,,,367625.1217,5021884.251,45.33409376,-75.69844864,11630
16--8108,2016/07/29,5:04 PM,BRONSON AVE btwn RENFREW AVE & POWELL AVE (__3ZA3BZ),__3ZA3BZ,01 - Non intersection,03 - P.D. only,02 - Angle,01 - Clear,01 - Daylight,01 - Dry,10 - No control,,2,0,0,0,,0,,,,,367357.9724,5029548.35,45.40307741,-75.70088623,11631
16--7745,2016/07/19,10:59 AM,RIVERSIDE DR @ PLEASANT PARK RD (0007296),7296,02 - Intersection related,02 - Non-fatal injury,03 - Rear end,01 - Clear,01 - Daylight,01 - Dry,01 - Traffic signal,01 - Functioning,2,0,0,0,02 - Minor,1,,1,,,369560.5692,5028414.559,45.39267564,-75.67290207,11632
16--7834,2016/07/21,7:05 AM,ALBERT ST btwn SCOTT ST & CITY CENTRE AVE (2) (__3ZA32WB),__3ZA32WB,01 - Non intersection,03 - P.D. only,04 - Sideswipe,01 - Clear,01 - Daylight,01 - Dry,10 - No control,,2,0,0,0,,0,,,,,365873.8125,5030307.294,45.41003725,-75.71974905,11633
16--7921,2016/07/24,12:30 PM,FOREST GREEN CRES btwn 8TH LINE RD & 8TH LINE RD (__3ZA64Q),__3ZA64Q,04 - At/near private drive,03 - P.D. only,06 - SMV unattended vehicle,01 - Clear,01 - Daylight,01 - Dry,10 - No control,,1,0,0,0,,0,,,,,384845.644,5014295.079,45.2640585,-75.47999781,11634
16--7657,2016/07/16,10:21 AM,ALBERT ST @ BOOTH ST (0002162),2162,02 - Intersection related,03 - P.D. only,04 - Sideswipe,01 - Clear,01 - Daylight,01 - Dry,01 - Traffic signal,01 - Functioning,2,0,0,0,,0,,,,,366428.0114,5030626.567,45.4128614,-75.71262961,11635
16--8109,2016/07/29,5:05 PM,TERRY FOX DR btwn HWY417 IC140 RAMP36 & HWY417 IC140 RAMP61 (__39F4XC),__39F4XC,01 - Non intersection,03 - P.D. only,03 - Rear end,01 - Clear,01 - Daylight,01 - Dry,10 - No control,,4,0,0,0,,0,,,,,350757.4484,5018771.196,45.30738922,-75.91392954,11636
16--7746,2016/07/19,11:55 PM,STITTSVILLE MAIN ST @ HAZELDEAN RD (0000050),50,02 - Intersection related,03 - P.D. only,04 - Sideswipe,01 - Clear,07 - Dark,01 - Dry,01 - Traffic signal,01 - Functioning,2,0,0,0,,0,,,,,349558.4109,5014878.682,45.27244057,-75.92957065,11637
16--7835,2016/07/21,7:28 PM,SUNVALE WAY @ BRANCHWOOD ST (0011013),11013,02 - Intersection related,03 - P.D. only,02 - Angle,01 - Clear,01 - Daylight,01 - Dry,03 - Yield sign,00 - Unknown,2,0,0,0,,0,,,,,366875.8345,5015542.83,45.27710108,-75.70880165,11638
16--7836,2016/07/21,7:49 PM,CARLING AVE @ KIRKWOOD AVE N (0002358),2358,02 - Intersection related,03 - P.D. only,04 - Sideswipe,01 - Clear,01 - Daylight,01 - Dry,01 - Traffic signal,01 - Functioning,2,0,0,0,,0,,,,,364275.7914,5027492.549,45.38484835,-75.74050218,11639
16--7837,2016/07/21,7:50 AM,HIGHWAY 417 btwn HWY417 IC119B RAMP76 & HWY417 IC119A RAMP67 (__3ZA2YT),__3ZA2YT,01 - Non intersection,03 - P.D. only,03 - Rear end,01 - Clear,01 - Daylight,01 - Dry,10 - No control,,2,0,0,0,,0,,,,,368581.0327,5030529.72,45.41179708,-75.68513751,11640
16--7838,2016/07/21,7:50 AM,HIGHWAY 417 btwn HWY417 IC119A RAMP67 & HWY417 IC118 RAMP76 (__3ZA2YS),__3ZA2YS,01 - Non intersection,03 - P.D. only,03 - Rear end,01 - Clear,01 - Daylight,01 - Dry,10 - No control,,2,0,0,0,,0,,,,,368750.8495,5030620.551,45.41259885,-75.68295638,11641
16--7839,2016/07/21,8:10 AM,OLD INNES RD @ BANTREE ST (0007674),7674,03 - At intersection,03 - P.D. only,02 - Angle,01 - Clear,01 - Daylight,01 - Dry,02 - Stop sign,01 - Functioning,2,0,0,0,,0,,,,,373727.3153,5030352.865,45.40971788,-75.61942117,11642
16--784,2016/01/18,10:08 AM,RICHARDSON SIDE RD btwn CARP RD & OAK CREEK RD (__3ZAC40),__3ZAC40,01 - Non intersection,02 - Non-fatal injury,07 - SMV other,01 - Clear,01 - Daylight,03 - Loose snow,10 - No control,,1,0,0,0,02 - Minor,1,,1,,,346662.6133,5017590.706,45.29702276,-75.96624605,11643
16--7840,2016/07/21,8:19 AM,HIGHWAY 417 btwn HWY417 IC118 RAMP76 & HWY417 IC118 RAMP67 (__3ZA2YR),__3ZA2YR,01 - Non intersection,03 - P.D. only,03 - Rear end,01 - Clear,01 - Daylight,01 - Dry,10 - No control,,2,0,0,0,,0,,,,,369451.6673,5031052.444,45.41642047,-75.67394692,11644
16--7841,2016/07/21,8:20 AM,WELLINGTON ST    W btwn MERTON ST & FAIRMONT AVE (__3ZA31M),__3ZA31M,01 - Non intersection,03 - P.D. only,04 - Sideswipe,01 - Clear,01 - Daylight,01 - Dry,10 - No control,,2,0,0,0,,0,,,,,365494.6073,5029603.648,45.403739,-75.72467977,11645
16--7842,2016/07/21,8:25 AM,HIGHWAY 417 btwn HWY417 IC115 RAMP36 & HWY417 IC115 RAMP26 (__3ZA2R4),__3ZA2R4,01 - Non intersection,03 - P.D. only,03 - Rear end,01 - Clear,01 - Daylight,01 - Dry,10 - No control,,2,0,0,0,,0,,,,,372478.0241,5031522.72,45.42036563,-75.63521896,11646
16--7843,2016/07/21,8:25 PM,BEECHWOOD AVE btwn CORONA AVE & OAKHILL RD (__3ZBN9V),__3ZBN9V,04 - At/near private drive,03 - P.D. only,02 - Angle,01 - Clear,01 - Daylight,01 - Dry,10 - No control,,2,0,0,0,,0,,,,,369698.9418,5034154.597,45.44430951,-75.67037899,11647
16--7844,2016/07/21,8:33 AM,JEANNE D'ARC BLVD @ VORLAGE DR W/VOYAGEUR WAY (0004394),4394,03 - At intersection,02 - Non-fatal injury,05 - Turning movement,01 - Clear,01 - Daylight,01 - Dry,01 - Traffic signal,01 - Functioning,2,0,0,0,02 - Minor,3,1,2,,,379265.7511,5037741.31,45.47562645,-75.54755652,11648
16--7845,2016/07/21,9:11 AM,OR174 IC109 RAMP86 btwn MONTREAL RD & REGIONAL ROAD 174 (__3ZAY58),__3ZAY58,01 - Non intersection,03 - P.D. only,07 - SMV other,01 - Clear,01 - Daylight,01 - Dry,10 - No control,,1,0,0,0,,0,,,,,376466.4612,5035013.267,45.45137423,-75.58375345,11649
16--7846,2016/07/21,9:42 AM,ALTA VISTA DR @ SUMMIT AVE (0007951),7951,02 - Intersection related,02 - Non-fatal injury,03 - Rear end,01 - Clear,01 - Daylight,01 - Dry,02 - Stop sign,01 - Functioning,2,0,0,0,02 - Minor,1,,1,,,370403.9421,5028243.547,45.39105844,-75.66215472,11650
16--7847,2016/07/21,9:58 PM,HAWTHORNE RD @ HUNT CLUB RD (0007651),7651,02 - Intersection related,03 - P.D. only,03 - Rear end,01 - Clear,07 - Dark,01 - Dry,01 - Traffic signal,01 - Functioning,2,0,0,0,,0,,,,,375507.9772,5026405.62,45.37402496,-75.59724082,11651
16--7848,2016/07/22,1:05 PM,HIGHWAY 417 btwn HWY417 IC124 RAMP76 & HWY417 IC124 RAMP67 (__3ZA2R7),__3ZA2R7,01 - Non intersection,03 - P.D. only,03 - Rear end,01 - Clear,01 - Daylight,01 - Dry,10 - No control,,2,0,0,0,,0,,,,,364439.1894,5027548.447,45.38533742,-75.73840904,11652
16--7849,2016/07/22,1:33 PM,CAHILL DR @ HUNT CLUB RD (0011394),11394,02 - Intersection related,03 - P.D. only,03 - Rear end,01 - Clear,01 - Daylight,01 - Dry,01 - Traffic signal,01 - Functioning,2,0,0,0,,0,,,,,372408.4165,5024542.964,45.35757139,-75.6370645,11653
16--785,2016/01/18,10:17 AM,RIDEAU RD btwn BANK ST & DONCASTER RD (__3ZBO26),__3ZBO26,01 - Non intersection,02 - Non-fatal injury,01 - Approaching,03 - Snow,01 - Daylight,03 - Loose snow,10 - No control,,2,0,0,0,02 - Minor,2,1,1,,,378076.4801,5018499.85,45.30262899,-75.5656227,11654
16--7850,2016/07/22,1:37 PM,CARLING AVE @ SCRIVENS ST (0002720),2720,03 - At intersection,02 - Non-fatal injury,03 - Rear end,01 - Clear,01 - Daylight,01 - Dry,01 - Traffic signal,01 - Functioning,3,0,0,0,02 - Minor,1,,1,,,359423.8953,5024258.512,45.35614374,-75.80281304,11655
16--7851,2016/07/22,1:49 PM,HIGHWAY 417 btwn HWY417 IC126 RAMP16 & HWY417 IC126 RAMP61 (__3ZA2RC),__3ZA2RC,01 - Non intersection,02 - Non-fatal injury,04 - Sideswipe,01 - Clear,01 - Daylight,01 - Dry,10 - No control,,2,0,1,0,02 - Minor,1,,1,,,363179.3242,5025888.043,45.37050346,-75.75469241,11656
16--7852,2016/07/22,1:51 PM,OTTAWA RIVER PKWY EB btwn TURN LANE & TRANSIT (__3ZA23J),__3ZA23J,01 - Non intersection,03 - P.D. only,03 - Rear end,01 - Clear,01 - Daylight,01 - Dry,10 - No control,,2,0,0,0,,0,,,,,362160.7341,5027603.686,45.38602474,-75.767496,11657
16--7853,2016/07/22,10:00 AM,BRONSON AVE btwn SECOND AVE & THIRD AVE (__3ZA3OM),__3ZA3OM,01 - Non intersection,03 - P.D. only,03 - Rear end,01 - Clear,01 - Daylight,01 - Dry,10 - No control,,2,0,0,0,,0,,,,,367528.7438,5029139.858,45.39938663,-75.69875697,11658
16--7854,2016/07/22,10:00 AM,HIGHWAY 417 btwn HWY417 IC117 RAMP51 & HWY417 IC117 RAMP35 (__3ZA2YN),__3ZA2YN,01 - Non intersection,03 - P.D. only,04 - Sideswipe,01 - Clear,01 - Daylight,01 - Dry,10 - No control,,2,0,0,0,,0,,,,,370816.1032,5031198.04,45.41760308,-75.65649593,11659
16--7855,2016/07/22,10:04 PM,HUNT CLUB RD @ LINDBERGH PRIV (0011417),11417,03 - At intersection,02 - Non-fatal injury,02 - Angle,01 - Clear,07 - Dark,01 - Dry,02 - Stop sign,01 - Functioning,2,0,1,0,03 - Major,1,,,1,,368364.0356,5022134.391,45.33627792,-75.68899006,11660
16--7856,2016/07/22,10:39 AM,TERRY FOX DR btwn HAZELDEAN RD & 135 S OF HAZELDEAN RD/SOBEY'S SC (__3ZBPL2A),__3ZBPL2A,01 - Non intersection,03 - P.D. only,04 - Sideswipe,01 - Clear,01 - Daylight,01 - Dry,10 - No control,,2,0,0,0,,0,,,,,352224.2019,5017222.906,45.29335982,-75.89537395,11661
16--7857,2016/07/22,11:01 PM,CHAPEL ST btwn OSGOODE ST & SOMERSET ST E (__3ZA8JQ),__3ZA8JQ,01 - Non intersection,02 - Non-fatal injury,06 - SMV unattended vehicle,01 - Clear,07 - Dark,01 - Dry,10 - No control,,1,0,0,0,01 - Minimal,1,1,,,,369269.0308,5032022.827,45.42516847,-75.67615324,11662
16--7858,2016/07/22,11:14 AM,WELLINGTON ST    W btwn FAIRMONT AVE & IRVING AVE (__3ZA31T),__3ZA31T,01 - Non intersection,03 - P.D. only,04 - Sideswipe,01 - Clear,01 - Daylight,01 - Dry,10 - No control,,2,0,0,0,,0,,,,,365557.335,5029703.522,45.4046322,-75.72386625,11663
16--7859,2016/07/22,12:31 PM,BRONSON AVE @ COMMISSIONER ST/SLATER ST (0001679),1679,03 - At intersection,03 - P.D. only,05 - Turning movement,01 - Clear,01 - Daylight,01 - Dry,01 - Traffic signal,01 - Functioning,2,0,0,0,,0,,,,,366769.3513,5030949.265,45.4157348,-75.70822843,11664
16--786,2016/01/18,10:23 AM,HUNTER'S RUN DR @ JEANNE D'ARC BLVD (0012419),12419,03 - At intersection,03 - P.D. only,02 - Angle,01 - Clear,01 - Daylight,04 - Slush,01 - Traffic signal,01 - Functioning,3,0,0,0,,0,,,,,380567.5217,5036175.249,45.46139625,-75.53115023,11665
16--7860,2016/07/22,12:35 PM,ST. JOSEPH BLVD btwn GREY NUNS DR & BOYER RD (__3ZA2BW),__3ZA2BW,04 - At/near private drive,02 - Non-fatal injury,03 - Rear end,01 - Clear,01 - Daylight,01 - Dry,10 - No control,00 - Unknown,2,0,0,0,01 - Minimal,2,2,,,,380260.3687,5036736.058,45.46647522,-75.53499118,11666
16--7861,2016/07/22,12:47 PM,COLONNADE RD @ PRINCE OF WALES DR (0005249),5249,02 - Intersection related,03 - P.D. only,03 - Rear end,01 - Clear,01 - Daylight,01 - Dry,01 - Traffic signal,01 - Functioning,2,0,0,0,,0,,,,,367395.3934,5023266.062,45.34654756,-75.70120451,11667
16--7862,2016/07/22,12:53 PM,CARLING AVE @ WESTGATE SC E (0008795),8795,03 - At intersection,02 - Non-fatal injury,07 - SMV other,01 - Clear,01 - Daylight,01 - Dry,01 - Traffic signal,01 - Functioning,1,0,1,0,02 - Minor,1,,1,,,364799.926,5027658.477,45.38629664,-75.73378948,11668
16--7863,2016/07/22,12:59 PM,HIGHWAY 417 btwn HWY417 IC126 RAMP61 & HWY417 IC124 RAMP76 (__3ZA2Y2),__3ZA2Y2,01 - Non intersection,03 - P.D. only,04 - Sideswipe,01 - Clear,01 - Daylight,01 - Dry,10 - No control,,2,0,0,0,,0,,,,,363662.5528,5026518.867,45.37613911,-75.74844856,11669
16--7864,2016/07/22,2:13 PM,ROCHESTER ST @ SOMERSET ST (0006321),6321,03 - At intersection,01 - Fatal injury,07 - SMV other,01 - Clear,01 - Daylight,01 - Dry,01 - Traffic signal,01 - Functioning,1,0,0,1,04 - Fatal,1,,,,1,366480.6648,5030202.826,45.40904406,-75.71200999,11670
16--7865,2016/07/22,2:15 PM,AIRPORT PKWY @ HUNT CLUB RD (0010856),10856,02 - Intersection related,03 - P.D. only,03 - Rear end,01 - Clear,01 - Daylight,01 - Dry,01 - Traffic signal,01 - Functioning,2,0,0,0,,0,,,,,371018.1227,5023702.637,45.35014308,-75.65492042,11671
16--7866,2016/07/22,2:29 PM,BLAIR RD @ OGILVIE RD (0004120),4120,02 - Intersection related,03 - P.D. only,03 - Rear end,01 - Clear,01 - Daylight,01 - Dry,01 - Traffic signal,01 - Functioning,2,0,0,0,,0,,,,,374508.1316,5033197.491,45.43523498,-75.60904457,11672
16--7867,2016/07/22,2:36 PM,RIVERSIDE DR btwn BAYPORT PRIV & MOONEY'S BAY PL (__3ZA36T),__3ZA36T,01 - Non intersection,03 - P.D. only,03 - Rear end,01 - Clear,01 - Daylight,01 - Dry,10 - No control,,2,0,0,0,,0,,,,,368329.5786,5025400.603,45.36566966,-75.68901002,11673
16--7868,2016/07/22,2:43 PM,HAWTHORNE RD/RUSSELL RD @ WALKLEY RD (0002618),2618,02 - Intersection related,03 - P.D. only,99 - Other,01 - Clear,01 - Daylight,01 - Dry,01 - Traffic signal,01 - Functioning,2,0,0,0,,0,,,,,374674.0046,5028499.548,45.39294879,-75.60759082,11674
16--7869,2016/07/22,3:18 PM,CARLING AVE EB btwn EDGEWORTH AVE & FOX CRES (__3ZA4V0),__3ZA4V0,04 - At/near private drive,03 - P.D. only,02 - Angle,01 - Clear,01 - Daylight,01 - Dry,10 - No control,,2,1,0,0,,0,,,,,361407.2737,5025502.169,45.36717677,-75.77735791,11675
16--787,2016/01/18,10:31 AM,CARLING AVE @ EDGEWORTH AVE (0002718),2718,03 - At intersection,02 - Non-fatal injury,07 - SMV other,01 - Clear,01 - Daylight,01 - Dry,01 - Traffic signal,01 - Functioning,1,0,0,1,03 - Major,1,,,1,,361262.6933,5025424.5,45.36648957,-75.77921234,11676
16--7870,2016/07/22,3:21 PM,HWY 417 VANIER IC117R63 @ VANIER PKWY (0002101),2101,02 - Intersection related,03 - P.D. only,03 - Rear end,01 - Clear,01 - Daylight,01 - Dry,01 - Traffic signal,01 - Functioning,2,0,0,0,,0,,,,,370798.4019,5031397.103,45.41939584,-75.65669541,11677
16--7871,2016/07/22,3:38 PM,TERRY FOX DR btwn 329 N OF CAMPEAU DR/SIGNATURE CENTRE & CAMPEAU DR (__49GU9G),__49GU9G,04 - At/near private drive,02 - Non-fatal injury,02 - Angle,01 - Clear,01 - Daylight,01 - Dry,10 - No control,,2,0,0,0,02 - Minor,2,,2,,,350287.4408,5019038.213,45.30982251,-75.91989847,11678
16--7872,2016/07/22,3:47 PM,HAWTHORNE RD @ HUNT CLUB RD (0007651),7651,03 - At intersection,03 - P.D. only,02 - Angle,01 - Clear,01 - Daylight,01 - Dry,01 - Traffic signal,01 - Functioning,2,0,0,0,,0,,,,,375508.8863,5026406.529,45.37403305,-75.59722909,11679
16--7873,2016/07/22,4:05 PM,BOYER RD @ LOIRE DR (0012531),12531,03 - At intersection,02 - Non-fatal injury,07 - SMV other,01 - Clear,01 - Daylight,01 - Dry,02 - Stop sign,01 - Functioning,1,1,0,0,02 - Minor,1,,1,,,380613.2597,5036352.155,45.46298295,-75.53053817,11680
16--7874,2016/07/22,4:39 PM,BASELINE RD @ MERIVALE RD (0002342),2342,02 - Intersection related,03 - P.D. only,03 - Rear end,01 - Clear,01 - Daylight,01 - Dry,01 - Traffic signal,01 - Functioning,2,0,0,0,,0,,,,,365055.3782,5025325.515,45.36528314,-75.73081226,11681
16--7875,2016/07/22,4:50 PM,BANGS ST btwn CHELSEA DR & CARPENTER WAY (__3ZBOXG),__3ZBOXG,04 - At/near private drive,03 - P.D. only,06 - SMV unattended vehicle,01 - Clear,01 - Daylight,01 - Dry,10 - No control,,1,0,0,0,,0,,,,,371557.5673,5034506.966,45.44730494,-75.64657448,11682
16--7876,2016/07/22,4:50 PM,HIGHWAY 417 btwn HWY417 IC124 RAMP67 & HWY417 IC123 RAMP62 (__3ZA2YZ),__3ZA2YZ,01 - Non intersection,03 - P.D. only,03 - Rear end,01 - Clear,01 - Daylight,01 - Dry,10 - No control,,2,0,0,0,,0,,,,,364778.912,5028071.755,45.39001704,-75.73400758,11683
16--7877,2016/07/22,5:10 AM,HIGHWAY 417 btwn HWY 417 ANDERSON IC104R61 & HWY 417 BOUNDARY IC96R16 (__3ZA2W5),__3ZA2W5,01 - Non intersection,02 - Non-fatal injury,07 - SMV other,01 - Clear,07 - Dark,01 - Dry,10 - No control,,1,0,0,0,01 - Minimal,1,1,,,,381484.6766,5025633.463,45.36644906,-75.52106436,11684
16--7878,2016/07/22,5:35 PM,BASIN CRT btwn BELLMAN DR & END (__3ZABQ2),__3ZABQ2,01 - Non intersection,03 - P.D. only,06 - SMV unattended vehicle,01 - Clear,01 - Daylight,01 - Dry,10 - No control,,1,0,0,0,,0,,,,,360952.632,5020891.304,45.3257249,-75.78368484,11685
16--7879,2016/07/22,5:36 PM,KING EDWARD AVE @ SOMERSET ST/MARIE CURIE PRIV (0001696),1696,02 - Intersection related,02 - Non-fatal injury,03 - Rear end,01 - Clear,01 - Daylight,01 - Dry,01 - Traffic signal,01 - Functioning,4,0,0,0,02 - Minor,3,,3,,,368958.3921,5031673.123,45.42205052,-75.68016802,11686
16--788,2016/01/18,10:35 PM,GREENBANK RD btwn HARRISON ST & BANNER RD (__3ZBOCZ),__3ZBOCZ,01 - Non intersection,02 - Non-fatal injury,03 - Rear end,01 - Clear,07 - Dark,03 - Loose snow,10 - No control,,2,0,0,0,02 - Minor,2,,2,,,361002.1336,5021613.693,45.332221,-75.78297141,11687
16--7880,2016/07/22,5:44 PM,MAITLAND AVE btwn TERREBONNE DR & CAMEO DR (__3ZBOC9),__3ZBOC9,01 - Non intersection,03 - P.D. only,03 - Rear end,01 - Clear,01 - Daylight,01 - Dry,10 - No control,,3,0,0,0,,0,,,,,364146.1399,5025145.233,45.36373856,-75.74243973,11688
16--7881,2016/07/22,6:00 AM,GARRITY CRES btwn BALINROAN CRES & LEAMINGTON WAY (__737LZ8),__737LZ8,01 - Non intersection,03 - P.D. only,06 - SMV unattended vehicle,01 - Clear,01 - Daylight,01 - Dry,10 - No control,,1,0,0,0,,0,,,,,364951.399,5014256.731,45.26569605,-75.73348344,11689
16--7882,2016/07/22,6:01 AM,ALBERT ST @ BRICKHILL ST (0010802),10802,02 - Intersection related,02 - Non-fatal injury,02 - Angle,01 - Clear,01 - Daylight,01 - Dry,02 - Stop sign,01 - Functioning,2,1,0,0,02 - Minor,1,,1,,,366625.477,5030800.109,45.41440546,-75.71008522,11690
16--7883,2016/07/22,6:20 AM,ASHTON STATION RD @ FRANKTOWN RD (0010368),10368,02 - Intersection related,03 - P.D. only,03 - Rear end,01 - Clear,01 - Daylight,01 - Dry,02 - Stop sign,01 - Functioning,2,0,0,0,,0,,,,,346298.8136,4996556.367,45.10776636,-75.97263596,11691
16--7884,2016/07/22,6:52 AM,MACDONALD-CARTIER BR btwn RAMP & END (2) (__3ZA3UC),__3ZA3UC,07 - Overpass or bridge,03 - P.D. only,03 - Rear end,01 - Clear,01 - Daylight,01 - Dry,10 - No control,,2,0,0,0,,0,,,,,367275.5716,5033262.34,45.43650208,-75.70146777,11692
16--7885,2016/07/22,6:59 PM,MAITLAND AVE btwn TERREBONNE DR & CAMEO DR (__3ZBOC9),__3ZBOC9,01 - Non intersection,03 - P.D. only,03 - Rear end,01 - Clear,01 - Daylight,01 - Dry,10 - No control,,3,0,0,0,,0,,,,,364016.1399,5025137.051,45.36367593,-75.74410003,11693
16--7886,2016/07/22,7:00 PM,IRVING AVE btwn WELLINGTON ST W & LAUREL ST (__3ZAAH8),__3ZAAH8,04 - At/near private drive,03 - P.D. only,06 - SMV unattended vehicle,01 - Clear,01 - Daylight,01 - Dry,10 - No control,,1,0,0,0,,0,,,,,365691.5614,5029653.467,45.40417016,-75.72215794,11694
16--7887,2016/07/22,7:07 PM,CARLING AVE EB btwn BAYSHORE DR & CARLING AVE (__3ZA4VJ),__3ZA4VJ,04 - At/near private drive,03 - P.D. only,05 - Turning movement,01 - Clear,01 - Daylight,01 - Dry,10 - No control,,2,0,0,0,,0,,,,,359146.8046,5024064.777,45.35442205,-75.8063707,11695
16--7888,2016/07/22,7:41 AM,AVIATION PKWY @ OGILVIE RD (0004114),4114,02 - Intersection related,03 - P.D. only,03 - Rear end,01 - Clear,01 - Daylight,01 - Dry,01 - Traffic signal,01 - Functioning,4,0,0,0,,0,,,,,373111.0487,5032377.255,45.42799279,-75.62701269,11696
16--7889,2016/07/22,8:34 AM,FISHER AVE btwn DEER PARK RD & KINTYRE PRIV (__3ZA4I6),__3ZA4I6,01 - Non intersection,03 - P.D. only,03 - Rear end,01 - Clear,01 - Daylight,01 - Dry,10 - No control,,4,0,0,0,,0,,,,,366425.9091,5025406.299,45.36589087,-75.71330836,11697
16--789,2016/01/18,10:40 AM,ROCKCLIFFE PKWY btwn ROCKCLIFFE PRKY RAMPS & Continuation of ROCKCLIFF (__3ZA2SS),__3ZA2SS,01 - Non intersection,03 - P.D. only,07 - SMV other,01 - Clear,01 - Daylight,02 - Wet,10 - No control,,1,0,0,0,,0,,,,,372237.6783,5035734.412,45.45828358,-75.63771266,11698
16--7890,2016/07/22,8:50 AM,CONROY RD @ WALKLEY RD (0002648),2648,03 - At intersection,03 - P.D. only,05 - Turning movement,01 - Clear,01 - Daylight,01 - Dry,01 - Traffic signal,01 - Functioning,2,0,0,0,,0,,,,,372902.5507,5027462.75,45.38379464,-75.63035569,11699
16--7891,2016/07/22,8:52 PM,HIGHWAY 417 btwn HWY417 IC117 RAMP61 & HWY417 IC115 RAMP36 (__3ZA2RZ),__3ZA2RZ,01 - Non intersection,03 - P.D. only,07 - SMV other,02 - Rain,05 - Dusk,02 - Wet,10 - No control,,1,0,0,0,,0,,,,,371535.5745,5031418.386,45.41951741,-75.64727424,11700
16--7892,2016/07/22,8:56 PM,CAMBRIAN RD @ CEDARVIEW RD (0001571),1571,02 - Intersection related,03 - P.D. only,07 - SMV other,02 - Rain,05 - Dusk,02 - Wet,02 - Stop sign,01 - Functioning,1,0,0,0,,0,,,,,363001.9896,5011835.311,45.24407196,-75.75860645,11701
16--7893,2016/07/22,9:00 AM,FLANNERY DR S @ SPRINGLAND DR S (0007505),7505,03 - At intersection,03 - P.D. only,05 - Turning movement,01 - Clear,01 - Daylight,01 - Dry,02 - Stop sign,01 - Functioning,2,0,0,0,,0,,,,,368681.7673,5025166.821,45.36353414,-75.68454482,11702
16--7894,2016/07/22,9:00 AM,MCLEOD ST E @ METCALFE ST E (0007267),7267,02 - Intersection related,03 - P.D. only,03 - Rear end,01 - Clear,01 - Daylight,01 - Dry,10 - No control,,2,0,0,0,,0,,,,,368377.5318,5030749.434,45.41379251,-75.68770882,11703
16--7895,2016/07/22,9:36 PM,ELGIN ST @ WAVERLEY ST (0006948),6948,02 - Intersection related,03 - P.D. only,06 - SMV unattended vehicle,01 - Clear,07 - Dark,01 - Dry,01 - Traffic signal,00 - Unknown,1,0,0,0,,0,,,,,368317.7067,5030952.154,45.41562195,-75.68844696,11704
16--7896,2016/07/22,9:46 PM,ALBANY DR btwn CLINE CRES & EDGELAND PL (__3ZAAOT),__3ZAAOT,01 - Non intersection,03 - P.D. only,06 - SMV unattended vehicle,01 - Clear,07 - Dark,01 - Dry,10 - No control,,1,0,0,0,,0,,,,,363181.9628,5025050.153,45.36296401,-75.75475774,11705
16--7897,2016/07/22,9:59 AM,MERIVALE RD @ WEST HUNT CLUB RD (0000584),584,02 - Intersection related,03 - P.D. only,03 - Rear end,01 - Clear,01 - Daylight,01 - Dry,01 - Traffic signal,01 - Functioning,2,0,0,0,,0,,,,,365611.867,5021941.256,45.33478404,-75.72412525,11706
16--7898,2016/07/23,1:08 AM,HWY417 IC115 RAMP26 btwn ST. LAURENT BLVD & Continuation of HWY417 IC1 (__3ZAY6Z),__3ZAY6Z,01 - Non intersection,03 - P.D. only,07 - SMV other,01 - Clear,07 - Dark,01 - Dry,10 - No control,,1,0,0,0,,0,,,,,372493.5675,5031541.202,45.42053041,-75.63501783,11707
16--7899,2016/07/23,10:33 AM,PARKDALE AVE @ SCOTT ST (0002213),2213,03 - At intersection,03 - P.D. only,05 - Turning movement,01 - Clear,01 - Daylight,01 - Dry,01 - Traffic signal,01 - Functioning,2,1,0,0,,0,,,,,364949.313,5029725.779,45.40488498,-75.7316299,11708
16--79,2016/01/03,9:44 AM,HEATHERINGTON RD btwn ALBION RD N & BANNERHILL PRIV (__3ZA9YH),__3ZA9YH,01 - Non intersection,02 - Non-fatal injury,01 - Approaching,03 - Snow,01 - Daylight,04 - Slush,10 - No control,,2,0,0,0,02 - Minor,1,,1,,,371592.3363,5026225.896,45.37279204,-75.64725207,11709
16--790,2016/01/18,11:10 AM,LONGFIELDS DR @ WOODROFFE AVE (0000096),96,03 - At intersection,03 - P.D. only,02 - Angle,01 - Clear,01 - Daylight,04 - Slush,01 - Traffic signal,01 - Functioning,2,0,0,0,,0,,,,,365420.9504,5017107.164,45.29130384,-75.72715231,11710
16--7900,2016/07/23,10:50 AM,LAKE FOREST WALK @ OLD PRESCOTT RD (0011661),11661,02 - Intersection related,03 - P.D. only,03 - Rear end,01 - Clear,01 - Daylight,01 - Dry,02 - Stop sign,01 - Functioning,2,0,0,0,,0,,,,,377556.1965,5014456.695,45.2663044,-75.57284897,11711