Anom_ID,Accident_Date,Accident_Time,Location,Geo_ID,Accident_Location,Classification_of_Accident,Initial_Impact_Type,Environment_Condition,Light,Road_Surface_Condition,Traffic_Control,Traffic_Control_Condition,No__of_Vehicles,No__of_Bicycles,No__of_Motorcycles,No__of_Pedestrians,Max_Injury,No__of_Injuries,No__of_Minimal,No__of_Minor,No__of_Major,No__of_Fatal,X,Y,Latitude,Longitude,ObjectId
16--7747,2016/07/19,12:18 PM,RIVERSIDE DR @ SAN REMO PRIV (0011379),11379,02 - Intersection related,02 - Non-fatal injury,03 - Rear end,01 - Clear,01 - Daylight,01 - Dry,01 - Traffic signal,01 - Functioning,2,0,0,0,02 - Minor,3,2,1,,,370386.167,5030400.831,45.41047054,-75.66209482,11712
16--811,2016/01/18,4:30 PM,FARRIERS LANE @ HUNTER'S POINT CRES (0009614),9614,03 - At intersection,03 - P.D. only,02 - Angle,01 - Clear,01 - Daylight,01 - Dry,10 - No control,,2,0,0,0,,0,,,,,371618.6338,5023375.858,45.34714587,-75.64730166,11713
16--7748,2016/07/19,2:33 PM,ABERFOYLE CIRC btwn Continuation of ABERFOYLE CIRC & Continuation of A (__54YR7U),__54YR7U,04 - At/near private drive,03 - P.D. only,06 - SMV unattended vehicle,01 - Clear,01 - Daylight,01 - Dry,10 - No control,,1,0,0,0,,0,,,,,350502.9254,5023996.488,45.35442424,-75.91669271,11714
16--7749,2016/07/19,2:40 PM,BANK ST @ HUNT CLUB RD (0002119),2119,02 - Intersection related,02 - Non-fatal injury,03 - Rear end,01 - Clear,01 - Daylight,01 - Dry,01 - Traffic signal,01 - Functioning,2,0,0,0,01 - Minimal,1,1,,,,371608.0413,5024096.738,45.35363312,-75.64733943,11715
16--775,2016/01/17,9:35 AM,HWY417 IC117 RAMP26 btwn HIGHWAY 417 & VANIER PKWY (__3ZAY6W),__3ZAY6W,01 - Non intersection,03 - P.D. only,07 - SMV other,01 - Clear,01 - Daylight,06 - Ice,10 - No control,,1,0,0,0,,0,,,,,370924.496,5031372.325,45.41916099,-75.65508773,11716
16--7750,2016/07/19,2:53 PM,CHAPMAN MILLS DR/TRANSITWAY SOUTHWEST @ WOODROFFE AVE (0013563),13563,02 - Intersection related,03 - P.D. only,05 - Turning movement,01 - Clear,01 - Daylight,01 - Dry,01 - Traffic signal,01 - Functioning,2,0,0,0,,0,,,,,366177.0901,5015219.37,45.27425195,-75.71774677,11717
16--7751,2016/07/19,3:12 PM,BANK ST @ STRATHCONA AVE (0007238),7238,02 - Intersection related,03 - P.D. only,03 - Rear end,01 - Clear,01 - Daylight,01 - Dry,01 - Traffic signal,01 - Functioning,2,0,0,0,,0,,,,,368138.2554,5030029.013,45.4073321,-75.69085817,11718
16--7752,2016/07/19,3:20 PM,HAWTHORNE RD @ HUNT CLUB RD (0007651),7651,03 - At intersection,03 - P.D. only,04 - Sideswipe,01 - Clear,01 - Daylight,01 - Dry,01 - Traffic signal,01 - Functioning,2,0,0,0,,0,,,,,375508.8863,5026407.893,45.37404532,-75.59722889,11719
16--7753,2016/07/19,3:25 PM,WALKLEY RD btwn RIVERSIDE DR & RIVER GARDEN PRIV (__3ZAZ6F),__3ZAZ6F,01 - Non intersection,03 - P.D. only,07 - SMV other,01 - Clear,01 - Daylight,01 - Dry,10 - No control,,1,0,0,0,,0,,,,,368439.4057,5024845.802,45.36066774,-75.68767961,11720
16--7754,2016/07/19,4:11 PM,WOODROFFE AVE btwn FIRESTATION & BASELINE RD (__3ZA34KB),__3ZA34KB,01 - Non intersection,03 - P.D. only,03 - Rear end,01 - Clear,01 - Daylight,01 - Dry,10 - No control,,2,0,0,0,,0,,,,,362529.9175,5023820.505,45.35195374,-75.76322397,11721
16--7755,2016/07/19,4:21 PM,KIRKWOOD AVE @ RICHMOND RD (0002080),2080,02 - Intersection related,03 - P.D. only,04 - Sideswipe,01 - Clear,01 - Daylight,01 - Dry,01 - Traffic signal,01 - Functioning,2,0,0,0,,0,,,,,363778.2305,5028642.703,45.39523931,-75.74671795,11722
16--7756,2016/07/19,4:58 PM,RIVERSIDE DR @ BROOKFIELD RD/HOG'S BACK RD (0001627),1627,02 - Intersection related,02 - Non-fatal injury,03 - Rear end,01 - Clear,01 - Daylight,01 - Dry,01 - Traffic signal,01 - Functioning,2,0,0,0,02 - Minor,1,,1,,,368166.2216,5026222.927,45.37308351,-75.69098968,11723
16--7757,2016/07/19,5:00 PM,BELFAST RD @ COVENTRY RD (0002646),2646,02 - Intersection related,03 - P.D. only,03 - Rear end,01 - Clear,01 - Daylight,01 - Dry,01 - Traffic signal,01 - Functioning,2,0,0,0,,0,,,,,371523.9484,5031642.019,45.42153067,-75.64739249,11724
16--7758,2016/07/19,6:50 PM,OTTAWA RIVER PKWY @ REMIC RAPIDS ENT/TUNNEY'S  (0011322),11322,03 - At intersection,03 - P.D. only,05 - Turning movement,01 - Clear,01 - Daylight,01 - Dry,01 - Traffic signal,01 - Functioning,2,0,0,0,,0,,,,,364262.937,5030245.247,45.40961768,-75.74033449,11725
16--7759,2016/07/19,7:08 AM,NORMANDY CRES btwn FISHER AVE & ORTONA AVE (2) (__3ZAAM6),__3ZAAM6,01 - Non intersection,03 - P.D. only,07 - SMV other,01 - Clear,01 - Daylight,01 - Dry,10 - No control,,1,0,0,0,,0,,,,,366818.0369,5024866.481,45.36099911,-75.70837084,11726
16--776,2016/01/17,9:39 AM,COOPER ST @ METCALFE ST (0006940),6940,03 - At intersection,03 - P.D. only,02 - Angle,01 - Clear,01 - Daylight,01 - Dry,02 - Stop sign,01 - Functioning,2,0,0,0,,0,,,,,367961.9568,5031178.945,45.41769475,-75.69296279,11727
16--7760,2016/07/19,7:35 PM,BANTREE ST @ INNES RD (0007684),7684,02 - Intersection related,03 - P.D. only,07 - SMV other,01 - Clear,01 - Daylight,01 - Dry,01 - Traffic signal,01 - Functioning,1,0,0,0,,0,,,,,373704.5868,5030406.555,45.4102032,-75.619704,11728
16--7922,2016/07/24,12:39 AM,FALLOWFIELD RD btwn O'KEEFE CRT & CEDARVIEW RD (__3ZA4Y8),__3ZA4Y8,01 - Non intersection,03 - P.D. only,01 - Approaching,01 - Clear,07 - Dark,01 - Dry,10 - No control,,2,0,0,0,,0,,,,,360975.349,5015469.897,45.27694102,-75.78400936,11729
16--7761,2016/07/19,9:00 AM,MEADOWLANDS DR btwn CLAYMOR AVE & DEBRA AVE (__3ZA3GTA),__3ZA3GTA,01 - Non intersection,03 - P.D. only,06 - SMV unattended vehicle,01 - Clear,01 - Daylight,01 - Dry,10 - No control,,1,0,0,0,,0,,,,,367011.3817,5025444.25,45.36618062,-75.70583039,11730
16--7762,2016/07/19,9:55 AM,RIVERSIDE DR btwn 175 S OF HUNT CLUB  RD & HUNT CLUB RD (__7JIWK3B),__7JIWK3B,01 - Non intersection,03 - P.D. only,04 - Sideswipe,01 - Clear,01 - Daylight,01 - Dry,10 - No control,,2,0,0,0,,0,,,,,368034.203,5021805.953,45.3333525,-75.69323992,11731
16--7763,2016/07/20,1:00 AM,MONTREAL RD btwn SAVARD AVE & EMOND ST (__3ZA3LR),__3ZA3LR,01 - Non intersection,03 - P.D. only,07 - SMV other,01 - Clear,07 - Dark,01 - Dry,10 - No control,,1,0,0,0,,0,,,,,370186.2574,5033129.608,45.43504169,-75.66428633,11732
16--7764,2016/07/20,1:49 PM,MERIVALE RD @ BASIL MACDONALD WAY/MERIVALE MAL (0010301),10301,02 - Intersection related,03 - P.D. only,03 - Rear end,01 - Clear,01 - Daylight,01 - Dry,01 - Traffic signal,01 - Functioning,2,0,0,0,,0,,,,,365098.1107,5023171.651,45.34589932,-75.73052952,11733
16--7765,2016/07/20,10:15 AM,MERIVALE RD btwn BONGARD AVE & CLEOPATRA DR (__3ZA3IX),__3ZA3IX,01 - Non intersection,03 - P.D. only,04 - Sideswipe,01 - Clear,01 - Daylight,01 - Dry,10 - No control,,2,0,0,0,,0,,,,,365886.7784,5021274.777,45.32876328,-75.72070034,11734
16--7766,2016/07/20,10:35 AM,BRONSON AVE @ FIFTH AVE/MADAWASKA DR (0006977),6977,02 - Intersection related,02 - Non-fatal injury,03 - Rear end,01 - Clear,01 - Daylight,01 - Dry,01 - Traffic signal,01 - Functioning,2,0,0,0,02 - Minor,1,,1,,,367613.94,5028939.008,45.3975718,-75.69769443,11735
16--7767,2016/07/20,10:36 AM,AVIATION PKWY @ MONTREAL RD (0008799),8799,02 - Intersection related,03 - P.D. only,03 - Rear end,01 - Clear,01 - Daylight,01 - Dry,01 - Traffic signal,01 - Functioning,2,0,0,0,,0,,,,,372146.4893,5034109.946,45.44367625,-75.63910092,11736
16--7768,2016/07/20,10:40 PM,HIGHWAY 417 btwn HWY417 IC134 RAMP35 & HWY417 IC134 RAMP25 (__3ZA29D),__3ZA29D,01 - Non intersection,03 - P.D. only,03 - Rear end,01 - Clear,"08 - Dark, artificial",01 - Dry,10 - No control,,2,0,0,0,,0,,,,,356430.4157,5022247.212,45.33827272,-75.84122739,11737
16--7769,2016/07/20,10:41 AM,BYRON AVE @ TWEEDSMUIR AVE (0006667),6667,03 - At intersection,02 - Non-fatal injury,02 - Angle,01 - Clear,01 - Daylight,01 - Dry,02 - Stop sign,01 - Functioning,2,0,0,0,02 - Minor,1,,1,,,363592.9174,5028304.553,45.39221228,-75.7491249,11738
16--777,2016/01/17,9:40 AM,REGIONAL ROAD 174 btwn OR174 IC109 RAMP64 & OR174 IC105 RAMP16 (__3ZA2XD),__3ZA2XD,01 - Non intersection,03 - P.D. only,03 - Rear end,01 - Clear,01 - Daylight,06 - Ice,10 - No control,,2,0,0,0,,0,,,,,378526.3185,5036531.071,45.46481607,-75.5571944,11739
16--7770,2016/07/20,10:59 AM,ARMAGH WAY btwn WOODFORD WAY & WOODPARK WAY (__3ZA5AW),__3ZA5AW,04 - At/near private drive,03 - P.D. only,02 - Angle,01 - Clear,01 - Daylight,01 - Dry,10 - No control,,2,0,0,0,,0,,,,,365026.2919,5017314.273,45.29320133,-75.73215815,11740
16--7771,2016/07/20,11:03 AM,WELLINGTON ST    W btwn JULIAN AVE & CAROLINE AVE (__3ZA4PG),__3ZA4PG,01 - Non intersection,03 - P.D. only,04 - Sideswipe,01 - Clear,01 - Daylight,01 - Dry,10 - No control,,2,0,0,0,,0,,,,,364745.3625,5029088.831,45.39917135,-75.73431243,11741
16--7772,2016/07/20,11:57 AM,MARCH RD btwn SOLANDT RD & STATION RD (__3ZA3CD),__3ZA3CD,01 - Non intersection,03 - P.D. only,03 - Rear end,01 - Clear,01 - Daylight,01 - Dry,10 - No control,,2,0,0,0,,0,,,,,350492.3358,5022706.866,45.34282064,-75.91694702,11742
16--7773,2016/07/20,11:58 AM,STRANDHERD DR @ WOODROFFE AVE (0009688),9688,02 - Intersection related,03 - P.D. only,03 - Rear end,01 - Clear,01 - Daylight,01 - Dry,01 - Traffic signal,01 - Functioning,2,0,0,0,,0,,,,,366106.3813,5015395.604,45.27584386,-75.71862611,11743
16--7774,2016/07/20,12:16 PM,ST. LAURENT BLVD btwn INDUSTRIAL AVE & BOURASSA ST (__3ZBOFB),__3ZBOFB,01 - Non intersection,03 - P.D. only,05 - Turning movement,01 - Clear,01 - Daylight,01 - Dry,10 - No control,,2,0,0,0,,0,,,,,373203.9815,5029767.224,45.4044999,-75.62618748,11744
16--7658,2016/07/16,11:10 AM,CRESTHAVEN DR @ WATERBRIDGE DR (0010169),10169,02 - Intersection related,03 - P.D. only,03 - Rear end,01 - Clear,01 - Daylight,01 - Dry,11 - Roundabout,01 - Functioning,2,0,0,0,,0,,,,,366938.7674,5015977.623,45.28100776,-75.70794518,11745
16--7775,2016/07/20,12:33 PM,BANK ST btwn BLAIS RD & RIDEAU RD (__3ZA29L),__3ZA29L,04 - At/near private drive,02 - Non-fatal injury,02 - Angle,01 - Clear,01 - Daylight,01 - Dry,10 - No control,,2,0,1,0,03 - Major,2,,1,1,,376641.3434,5018581.291,45.30351,-75.58390851,11746
16--7776,2016/07/20,2:29 PM,BRONSON AVE @ COMMISSIONER ST/SLATER ST (0001679),1679,03 - At intersection,02 - Non-fatal injury,02 - Angle,01 - Clear,01 - Daylight,01 - Dry,01 - Traffic signal,01 - Functioning,2,0,0,0,01 - Minimal,2,2,,,,366769.3513,5030948.079,45.41572413,-75.70822858,11747
16--7777,2016/07/20,2:35 PM,HWY417 IC127 RAMP62 btwn WOODROFFE AVE & HWY417 IC127 RAMP68 (__3ZAY80),__3ZAY80,01 - Non intersection,03 - P.D. only,03 - Rear end,01 - Clear,01 - Daylight,01 - Dry,10 - No control,,2,0,0,0,,0,,,,,362054.7324,5025015.427,45.36274452,-75.7691496,11748
16--7778,2016/07/20,2:55 PM,OLD INNES RD @ BANTREE ST (0007674),7674,02 - Intersection related,02 - Non-fatal injury,03 - Rear end,01 - Clear,01 - Daylight,01 - Dry,02 - Stop sign,01 - Functioning,2,0,0,0,01 - Minimal,1,1,,,,373727.0351,5030355.204,45.40973896,-75.61942443,11749
16--7779,2016/07/20,3:34 PM,HIGHWAY 417 btwn HWY417 IC117 RAMP61 & HWY417 IC115 RAMP36 (__3ZA2RZ),__3ZA2RZ,01 - Non intersection,02 - Non-fatal injury,03 - Rear end,01 - Clear,01 - Daylight,01 - Dry,10 - No control,,2,0,0,0,02 - Minor,1,,1,,,371773.177,5031445.364,45.41973744,-75.6442349,11750
16--778,2016/01/18,1:00 AM,LEES AVE btwn CHAPEL CRES & TRANSIT (__3ZA5XB),__3ZA5XB,01 - Non intersection,03 - P.D. only,07 - SMV other,01 - Clear,07 - Dark,01 - Dry,10 - No control,,1,0,0,0,,0,,,,,369826.8772,5031111.254,45.41691485,-75.66914562,11751
16--7780,2016/07/20,3:45 PM,GARDENWAY DR btwn BOAKE ST & LEJEUNE DR (__3ZAYGJ),__3ZAYGJ,01 - Non intersection,03 - P.D. only,06 - SMV unattended vehicle,01 - Clear,01 - Daylight,01 - Dry,10 - No control,,1,0,0,0,,0,,,,,384862.6199,5036892.327,45.46736883,-75.47612001,11752
16--7781,2016/07/20,3:51 PM,CHAMPAGNE AVE   S btwn HICKORY ST & CARLING AVE (__3ZA012),__3ZA012,01 - Non intersection,03 - P.D. only,07 - SMV other,01 - Clear,01 - Daylight,01 - Dry,10 - No control,,1,0,0,0,,0,,,,,366605.8822,5028858.723,45.39693913,-75.71057891,11753
16--7782,2016/07/20,3:58 PM,HIGHWAY 417 btwn HWY417 IC127 RAMP25 & HWY417 IC126 RAMP51 (__3ZA2XA),__3ZA2XA,01 - Non intersection,03 - P.D. only,03 - Rear end,01 - Clear,01 - Daylight,01 - Dry,10 - No control,,2,0,0,0,,0,,,,,363197.2713,5025873.236,45.37036874,-75.75446506,11754
16--7783,2016/07/20,4:07 PM,GREENBANK RD btwn GIBBARD AVE & WEST HUNT CLUB RD (__3ZA1Y7),__3ZA1Y7,01 - Non intersection,02 - Non-fatal injury,03 - Rear end,01 - Clear,01 - Daylight,01 - Dry,10 - No control,,2,0,0,0,02 - Minor,1,,1,,,361438.9952,5020596.116,45.32302973,-75.77751477,11755
16--7784,2016/07/20,4:30 PM,BASELINE RD @ FISHER AVE (0002346),2346,02 - Intersection related,03 - P.D. only,03 - Rear end,01 - Clear,01 - Daylight,01 - Dry,01 - Traffic signal,01 - Functioning,2,0,0,0,,0,,,,,366166.4663,5026027.624,45.37150419,-75.71654281,11756
16--7785,2016/07/20,4:41 PM,WEST HUNT CLUB RD @ ROYDON PL/SUNDERLAND ST (0009775),9775,02 - Intersection related,02 - Non-fatal injury,05 - Turning movement,01 - Clear,01 - Daylight,01 - Dry,01 - Traffic signal,01 - Functioning,2,1,0,0,02 - Minor,1,,1,,,365972.4226,5022169.25,45.33680416,-75.71949731,11757
16--7786,2016/07/20,4:55 PM,BANK ST btwn TURN LANE & MITCH OWENS RD (__3ZA28S),__3ZA28S,01 - Non intersection,03 - P.D. only,03 - Rear end,01 - Clear,01 - Daylight,01 - Dry,10 - No control,,3,0,0,0,,0,,,,,377713.0839,5016043.369,45.28056442,-75.57061697,11758
16--7787,2016/07/20,5:00 PM,BASELINE RD/HERON RD @ PRINCE OF WALES DR (0002345),2345,02 - Intersection related,03 - P.D. only,03 - Rear end,01 - Clear,01 - Daylight,01 - Dry,01 - Traffic signal,01 - Functioning,2,0,0,0,,0,,,,,366873.2808,5026438.432,45.37513829,-75.70746824,11759
16--7788,2016/07/20,5:05 PM,HEARTHSTONE PL btwn GROVEMONT DR & ASHMORE DR (__44Z96J),__44Z96J,01 - Non intersection,03 - P.D. only,06 - SMV unattended vehicle,01 - Clear,01 - Daylight,01 - Dry,10 - No control,,1,0,0,0,,0,,,,,366792.4866,5014587.206,45.26850979,-75.70998319,11760
16--7789,2016/07/20,5:12 PM,PICASSO DR btwn JESSICA PRIV & BLOHM DR (__3ZAZ3U),__3ZAZ3U,01 - Non intersection,03 - P.D. only,03 - Rear end,01 - Clear,01 - Daylight,01 - Dry,10 - No control,,2,0,0,0,,0,,,,,374981.5876,5026307.579,45.37319576,-75.60397457,11761
16--779,2016/01/18,1:16 PM,HALTON TER btwn Continuation of HALTON TER & OLD CARP RD (__49PV3H),__49PV3H,01 - Non intersection,03 - P.D. only,03 - Rear end,01 - Clear,01 - Daylight,04 - Slush,10 - No control,,2,0,0,0,,0,,,,,348840.3245,5024335.881,45.35758457,-75.93788124,11762
16--7790,2016/07/20,5:15 PM,CARP RD btwn JUANITA AVE & FALLDOWN LANE (__3ZBPHB),__3ZBPHB,01 - Non intersection,03 - P.D. only,06 - SMV unattended vehicle,01 - Clear,01 - Daylight,01 - Dry,10 - No control,,1,0,0,0,,0,,,,,340824.6728,5023235.704,45.34814244,-76.04026733,11763
16--7791,2016/07/20,5:20 PM,HUNT CLUB RD btwn RIVERSIDE DR & TURN LANE (__3ZA37K),__3ZA37K,01 - Non intersection,03 - P.D. only,03 - Rear end,01 - Clear,01 - Daylight,01 - Dry,10 - No control,,2,0,0,0,,0,,,,,368075.5666,5021963.226,45.33476389,-75.69269214,11764
16--7792,2016/07/20,5:34 PM,BASELINE RD @ NAVAHO DR (0003158),3158,02 - Intersection related,02 - Non-fatal injury,03 - Rear end,01 - Clear,01 - Daylight,01 - Dry,01 - Traffic signal,01 - Functioning,3,0,0,0,02 - Minor,1,,1,,,363085.0089,5024097.961,45.35440435,-75.75610752,11765
16--7793,2016/07/20,6:12 PM,BANK ST btwn BLAIS RD & RIDEAU RD (__3ZA29L),__3ZA29L,01 - Non intersection,03 - P.D. only,03 - Rear end,01 - Clear,01 - Daylight,01 - Dry,10 - No control,,2,0,0,0,,0,,,,,376353.2088,5019262.224,45.30966617,-75.58748392,11766
16--7794,2016/07/20,6:18 AM,MARCONI AVE btwn APPLECROSS CRES & KINGHORN CRES/APPLECROSS CRES (__5I62XR),__5I62XR,04 - At/near private drive,03 - P.D. only,02 - Angle,01 - Clear,01 - Daylight,01 - Dry,10 - No control,,2,0,0,0,,0,,,,,349774.7584,5024377.602,45.35790067,-75.92595118,11767
16--7795,2016/07/20,6:51 AM,HIGHWAY 417 btwn HWY417 IC115 RAMP36 & HWY417 IC115 RAMP26 (__3ZA2R4),__3ZA2R4,01 - Non intersection,03 - P.D. only,04 - Sideswipe,01 - Clear,01 - Daylight,01 - Dry,10 - No control,,2,0,0,0,,0,,,,,372471.5822,5031523.132,45.42036996,-75.63530121,11768
16--7796,2016/07/20,7:14 AM,QUEEN ELIZABETH DRWY btwn QUEEN ELIZABETH PL & FIFTH AVE (__3ZA22J),__3ZA22J,01 - Non intersection,02 - Non-fatal injury,01 - Approaching,01 - Clear,01 - Daylight,01 - Dry,10 - No control,,2,0,0,0,02 - Minor,1,,1,,,369006.5739,5029330.235,45.40096561,-75.67985758,11769
16--7797,2016/07/20,7:30 PM,VIEWMOUNT DR @ MERIVALE RD (0001528),1528,03 - At intersection,03 - P.D. only,05 - Turning movement,01 - Clear,01 - Daylight,01 - Dry,01 - Traffic signal,01 - Functioning,2,0,0,0,,0,,,,,365194.3789,5022949.859,45.34389538,-75.72932822,11770
16--7798,2016/07/20,7:30 PM,HIGHWAY 416 btwn HWY416 IC66 RAMP62 & HWY416 IC66 RAMP52 (__3ZAZMX),__3ZAZMX,01 - Non intersection,03 - P.D. only,07 - SMV other,01 - Clear,01 - Daylight,01 - Dry,10 - No control,,1,0,0,0,,0,,,,,360053.9873,5014815.809,45.27112848,-75.7958246,11771
16--7799,2016/07/20,7:46 AM,JOCKVALE RD @ STRANDHERD DR (0010541),10541,02 - Intersection related,03 - P.D. only,04 - Sideswipe,01 - Clear,01 - Daylight,01 - Dry,01 - Traffic signal,01 - Functioning,2,0,0,0,,0,,,,,363559.562,5014576.689,45.26869269,-75.75118039,11772
16--78,2016/01/03,9:29 PM,O'CONNOR ST btwn COOPER ST & SOMERSET ST W (__3ZA34V),__3ZA34V,01 - Non intersection,03 - P.D. only,06 - SMV unattended vehicle,01 - Clear,07 - Dark,05 - Packed snow,10 - No control,,1,0,0,0,,0,,,,,367846.2699,5031025.527,45.41632478,-75.69446043,11773
16--780,2016/01/18,1:19 PM,COVENTRY RD @ VANIER PKWY (0002139),2139,03 - At intersection,03 - P.D. only,02 - Angle,01 - Clear,01 - Daylight,05 - Packed snow,01 - Traffic signal,01 - Functioning,2,0,0,0,,0,,,,,370675.9893,5031612.373,45.42134429,-75.6582306,11774
16--7800,2016/07/20,7:49 PM,CUMBERLAND ST @ WILBROD ST/SERAPHIN MARION PRI (0007116),7116,03 - At intersection,03 - P.D. only,04 - Sideswipe,01 - Clear,01 - Daylight,01 - Dry,02 - Stop sign,01 - Functioning,2,1,0,0,,0,,,,,368534.9271,5032051.377,45.42549263,-75.68552967,11775
16--7801,2016/07/20,7:50 AM,INNES RD btwn O'TOOLE RD & DUNNING RD (__3ZBN92),__3ZBN92,01 - Non intersection,03 - P.D. only,07 - SMV other,01 - Clear,01 - Daylight,01 - Dry,10 - No control,,1,0,0,0,,0,,,,,391563.1737,5039302.832,45.48825546,-75.39001984,11776
16--7802,2016/07/20,7:55 PM,OTTAWA RIVER PKWY WB RAMP/CARLING AVE WB btwn CARLING AVE & OTTAWA RIV (__3ZAY0V),__3ZAY0V,01 - Non intersection,03 - P.D. only,02 - Angle,01 - Clear,01 - Daylight,01 - Dry,10 - No control,,2,1,0,0,,0,,,,,360891.5295,5025438.48,45.36664517,-75.78394856,11777
16--7803,2016/07/20,8:00 PM,METCALFE ST btwn MACLAREN ST & GILMOUR ST (__3ZA34S),__3ZA34S,01 - Non intersection,03 - P.D. only,06 - SMV unattended vehicle,01 - Clear,01 - Daylight,01 - Dry,10 - No control,,1,0,0,0,,0,,,,,368055.2018,5031027.5,45.41632367,-75.69179093,11778
16--7804,2016/07/20,9:16 AM,GUIGUES AVE @ SUSSEX DR (0007740),7740,02 - Intersection related,02 - Non-fatal injury,99 - Other,01 - Clear,01 - Daylight,01 - Dry,02 - Stop sign,01 - Functioning,2,0,0,0,01 - Minimal,1,1,,,,367619.7027,5032527.931,45.42986329,-75.69716339,11779
16--7805,2016/07/20,9:20 PM,HIGHWAY 417 btwn HWY417 IC121B RAMP51 & HWY417 IC121A RAMP51 (__3ZA2YW),__3ZA2YW,01 - Non intersection,03 - P.D. only,04 - Sideswipe,01 - Clear,"08 - Dark, artificial",01 - Dry,10 - No control,,2,0,0,0,,0,,,,,366582.902,5029516.446,45.40285918,-75.71079,11780
16--7806,2016/07/20,9:30 AM,CAHILL DR @ HUNT CLUB RD (0011394),11394,03 - At intersection,02 - Non-fatal injury,02 - Angle,01 - Clear,01 - Daylight,01 - Dry,01 - Traffic signal,01 - Functioning,2,1,0,0,02 - Minor,1,,1,,,372405.2502,5024543.752,45.35757879,-75.6371048,11781
16--7807,2016/07/21,1:08 PM,INNES RD @ ORLEANS BLVD (0003611),3611,02 - Intersection related,02 - Non-fatal injury,03 - Rear end,01 - Clear,01 - Daylight,01 - Dry,01 - Traffic signal,01 - Functioning,3,0,0,0,01 - Minimal,2,2,,,,380461.4769,5034297.767,45.44451562,-75.53279485,11782
16--7808,2016/07/21,1:18 PM,GREENBANK RD @ STRANDHERD DR (0005563),5563,02 - Intersection related,03 - P.D. only,03 - Rear end,01 - Clear,01 - Daylight,01 - Dry,01 - Traffic signal,01 - Functioning,2,0,0,0,,0,,,,,363932.9416,5014784.669,45.27053281,-75.74639777,11783
16--7809,2016/07/21,1:30 PM,INDUSTRIAL AVE @ RIVERSIDE DR (0011905),11905,02 - Intersection related,03 - P.D. only,03 - Rear end,01 - Clear,01 - Daylight,01 - Dry,01 - Traffic signal,01 - Functioning,2,0,0,0,,0,,,,,370685.6371,5030593.242,45.41217365,-75.6582436,11784
16--781,2016/01/18,1:44 PM,COVENTRY RD @ VANIER PKWY (0002139),2139,02 - Intersection related,03 - P.D. only,03 - Rear end,01 - Clear,01 - Daylight,02 - Wet,01 - Traffic signal,01 - Functioning,2,0,0,0,,0,,,,,370676.1602,5031611.254,45.4213342,-75.65822857,11785
16--7810,2016/07/21,1:39 PM,EARL ARMSTRONG RD @ LIMEBANK RD (0004456),4456,02 - Intersection related,03 - P.D. only,03 - Rear end,01 - Clear,01 - Daylight,01 - Dry,01 - Traffic signal,01 - Functioning,2,0,0,0,,0,,,,,370155.4936,5015961.36,45.28056974,-75.66694941,11786
16--8110,2016/07/29,5:19 PM,FISHER AVE @ DEER PARK RD/DYNES RD (0002341),2341,02 - Intersection related,03 - P.D. only,04 - Sideswipe,01 - Clear,01 - Daylight,01 - Dry,01 - Traffic signal,01 - Functioning,2,0,0,0,,0,,,,,366407.3189,5025455.527,45.36633544,-75.71353952,11787
16--7923,2016/07/24,2:35 PM,NATIONAL CAPITAL COMM DRWY btwn HOLLAND AVE & TUNIS AVE (__3ZA23S),__3ZA23S,01 - Non intersection,02 - Non-fatal injury,01 - Approaching,01 - Clear,01 - Daylight,01 - Dry,10 - No control,,2,0,0,0,02 - Minor,1,,1,,,365518.8183,5027759.638,45.38714492,-75.72459748,11788
16--8111,2016/07/29,5:20 PM,FRASER FIELDS WAY btwn HARTHILL WAY & STRANDHERD DR (__6TU39Y),__6TU39Y,04 - At/near private drive,03 - P.D. only,99 - Other,01 - Clear,01 - Daylight,01 - Dry,10 - No control,,2,0,0,0,,0,,,,,362912.603,5014024.244,45.26377552,-75.75948904,11789
16--8112,2016/07/29,5:22 PM,PRINCE OF WALES DR @ WEST HUNT CLUB RD (0000567),567,02 - Intersection related,03 - P.D. only,03 - Rear end,01 - Clear,01 - Daylight,01 - Dry,01 - Traffic signal,01 - Functioning,2,0,0,0,,0,,,,,367458.483,5021892.412,45.33418209,-75.70057345,11790
16--7924,2016/07/24,3:45 PM,BANK ST @ WELLINGTON ST (0002039),2039,02 - Intersection related,03 - P.D. only,03 - Rear end,01 - Clear,01 - Daylight,01 - Dry,01 - Traffic signal,01 - Functioning,2,0,0,0,,0,,,,,367258.1662,5031629.262,45.42180974,-75.70189734,11791
16--7659,2016/07/16,11:13 AM,LYON ST @ SLATER ST (0002207),2207,03 - At intersection,03 - P.D. only,02 - Angle,01 - Clear,01 - Daylight,01 - Dry,01 - Traffic signal,01 - Functioning,2,0,0,0,,0,,,,,367102.9319,5031153.042,45.4175387,-75.70394098,11792
16--8113,2016/07/29,5:27 PM,JEANNE D'ARC BLVD @ VORLAGE DR W/VOYAGEUR WAY (0004394),4394,03 - At intersection,03 - P.D. only,05 - Turning movement,01 - Clear,01 - Daylight,01 - Dry,01 - Traffic signal,01 - Functioning,2,0,0,0,,0,,,,,379268.3488,5037739.578,45.47561059,-75.54752356,11793