Anom_ID,Accident_Date,Accident_Time,Location,Geo_ID,Accident_Location,Classification_of_Accident,Initial_Impact_Type,Environment_Condition,Light,Road_Surface_Condition,Traffic_Control,Traffic_Control_Condition,No__of_Vehicles,No__of_Bicycles,No__of_Motorcycles,No__of_Pedestrians,Max_Injury,No__of_Injuries,No__of_Minimal,No__of_Minor,No__of_Major,No__of_Fatal,X,Y,Latitude,Longitude,ObjectId
16--7925,2016/07/24,4:25 PM,ST. JOSEPH BLVD @ JEANNE D'ARC BLVD (0012421),12421,03 - At intersection,03 - P.D. only,04 - Sideswipe,01 - Clear,01 - Daylight,01 - Dry,11 - Roundabout,01 - Functioning,2,0,0,0,,0,,,,,379861.0088,5036471.315,45.46413629,-75.54013802,11794
16--8114,2016/07/29,5:29 PM,MERIVALE RD/LOTTA AVE @ CLYDE AVE (0001112),1112,02 - Intersection related,03 - P.D. only,03 - Rear end,01 - Clear,01 - Daylight,01 - Dry,01 - Traffic signal,01 - Functioning,2,0,0,0,,0,,,,,364520.5807,5024508.481,45.35797736,-75.73773732,11795
16--766,2016/01/17,6:34 PM,CALAVERAS AVE btwn LONGFIELDS DR & CROXLEY WAY (__4FPWOY),__4FPWOY,01 - Non intersection,03 - P.D. only,06 - SMV unattended vehicle,03 - Snow,07 - Dark,03 - Loose snow,10 - No control,,1,0,0,0,,0,,,,,364404.3565,5015519.562,45.27710558,-75.74030226,11796
16--7926,2016/07/24,4:26 PM,FALLOWFIELD RD btwn SHEA RD & EAGLESON RD (__3ZA419),__3ZA419,01 - Non intersection,03 - P.D. only,04 - Sideswipe,01 - Clear,01 - Daylight,01 - Dry,10 - No control,,2,0,0,0,,0,,,,,355430.4204,5012256.25,45.24844502,-75.8550058,11797
16--8115,2016/07/29,5:50 PM,BLAIR RD btwn SEGUIN ST & MOWAT ST (__3ZBOGF),__3ZBOGF,01 - Non intersection,02 - Non-fatal injury,05 - Turning movement,01 - Clear,01 - Daylight,01 - Dry,10 - No control,,2,1,0,0,01 - Minimal,1,1,,,,374160.8514,5034079.682,45.44320699,-75.61335838,11798
16--7660,2016/07/16,Unknown,FLORIZEL AVE btwn ROBINA AVE & ROBINA AVE (__3ZA43E),__3ZA43E,04 - At/near private drive,03 - P.D. only,06 - SMV unattended vehicle,01 - Clear,00 - Unknown,01 - Dry,10 - No control,,1,0,0,0,,0,,,,,356604.6003,5019645.281,45.31484742,-75.83927729,11799
16--7927,2016/07/24,4:45 PM,LEMIEUX ST @ ST. LAURENT BLVD (0002021),2021,03 - At intersection,03 - P.D. only,05 - Turning movement,01 - Clear,01 - Daylight,01 - Dry,01 - Traffic signal,01 - Functioning,2,0,0,0,,0,,,,,372391.4974,5031743.019,45.42235614,-75.63629423,11800
16--7928,2016/07/24,5:14 PM,INDUSTRIAL AVE @ NEIGHBORHOOD WAY (0002706),2706,03 - At intersection,03 - P.D. only,02 - Angle,01 - Clear,01 - Daylight,01 - Dry,02 - Stop sign,01 - Functioning,2,0,1,0,,0,,,,,371093.4035,5030528.012,45.41154823,-75.65304331,11801
16--7929,2016/07/24,6:01 PM,BLAIR RD @ INNES RD (0004165),4165,02 - Intersection related,03 - P.D. only,03 - Rear end,01 - Clear,01 - Daylight,01 - Dry,01 - Traffic signal,01 - Functioning,2,0,0,0,,0,,,,,375580.3912,5031439.969,45.41931409,-75.59559406,11802
16--793,2016/01/18,11:58 PM,FISHER AVE @ DEER PARK RD/DYNES RD (0002341),2341,03 - At intersection,03 - P.D. only,05 - Turning movement,01 - Clear,07 - Dark,02 - Wet,01 - Traffic signal,01 - Functioning,2,0,0,0,,0,,,,,366406.6118,5025454.43,45.36632564,-75.71354868,11803
16--7930,2016/07/24,6:42 PM,INDUSTRIAL AVE @ RIVERSIDE DR (0011905),11905,02 - Intersection related,03 - P.D. only,04 - Sideswipe,01 - Clear,01 - Daylight,01 - Dry,01 - Traffic signal,01 - Functioning,2,0,0,0,,0,,,,,370684.0368,5030593.008,45.4121717,-75.65826407,11804
16--7931,2016/07/24,7:20 PM,DONNELLY DR @ MALAKOFF RD (0003091),3091,03 - At intersection,02 - Non-fatal injury,02 - Angle,01 - Clear,01 - Daylight,01 - Dry,02 - Stop sign,01 - Functioning,2,0,0,0,01 - Minimal,1,1,,,,367936.3676,4989688.204,45.04436449,-75.69855419,11805
16--7932,2016/07/24,7:53 PM,MCCARTHY RD @ SOUTHMORE DR (0007491),7491,03 - At intersection,03 - P.D. only,07 - SMV other,01 - Clear,01 - Daylight,01 - Dry,02 - Stop sign,01 - Functioning,1,0,0,0,,0,,,,,369450.1712,5024837.79,45.36050317,-75.67478015,11806
16--7933,2016/07/25,1:23 PM,MADELEINE MEILLEUR PRIV @ VANIER PKWY (0013514),13514,02 - Intersection related,03 - P.D. only,03 - Rear end,02 - Rain,01 - Daylight,02 - Wet,01 - Traffic signal,01 - Functioning,2,0,0,0,,0,,,,,369654.8152,5033359.306,45.43715791,-75.67104781,11807
16--7934,2016/07/25,10:13 PM,ALBION RD/COLLISTON CRES E @ WALKLEY RD (0011422),11422,03 - At intersection,02 - Non-fatal injury,05 - Turning movement,01 - Clear,07 - Dark,01 - Dry,01 - Traffic signal,01 - Functioning,3,0,0,0,02 - Minor,1,,1,,,371032.5578,5026354.534,45.37400261,-75.65438081,11808
16--7935,2016/07/25,10:19 AM,MERIVALE RD @ 110 S OF BURRIS LANE/LOBLAWS SC (0004606),4606,03 - At intersection,03 - P.D. only,02 - Angle,01 - Clear,01 - Daylight,01 - Dry,01 - Traffic signal,01 - Functioning,2,0,0,0,,0,,,,,364814.5582,5024953.503,45.3619565,-75.73393134,11809
16--7936,2016/07/25,10:27 AM,ORLEANS BLVD btwn BEAUSEJOUR DR & BOYER RD (__3ZA2AG),__3ZA2AG,01 - Non intersection,02 - Non-fatal injury,03 - Rear end,02 - Rain,01 - Daylight,02 - Wet,10 - No control,,2,0,0,0,02 - Minor,1,,1,,,380804.9094,5035408.711,45.45447377,-75.52823364,11810
16--7937,2016/07/25,Unknown,IRVING AVE btwn WELLINGTON ST W & LAUREL ST (__3ZAAH8),__3ZAAH8,01 - Non intersection,03 - P.D. only,06 - SMV unattended vehicle,01 - Clear,00 - Unknown,01 - Dry,10 - No control,,1,0,0,0,,0,,,,,365643.1946,5029762.204,45.40515275,-75.72276231,11811
16--7938,2016/07/25,Unknown,PICASSO DR btwn JESSICA PRIV & BLOHM DR (__3ZAZ3U),__3ZAZ3U,01 - Non intersection,03 - P.D. only,06 - SMV unattended vehicle,01 - Clear,00 - Unknown,01 - Dry,10 - No control,,1,0,0,0,,0,,,,,375015.2515,5026316.829,45.37327561,-75.60354351,11812
16--7939,2016/07/25,12:37 AM,BAY ST @ SPARKS ST (0005128),5128,03 - At intersection,02 - Non-fatal injury,02 - Angle,01 - Clear,07 - Dark,01 - Dry,01 - Traffic signal,01 - Functioning,2,0,0,0,02 - Minor,2,,2,,,366857.1577,5031280.279,45.41870538,-75.70706497,11813
16--794,2016/01/18,12:14 PM,HALTON TER btwn Continuation of HALTON TER & OLD CARP RD (__49PV3H),__49PV3H,01 - Non intersection,03 - P.D. only,04 - Sideswipe,01 - Clear,01 - Daylight,04 - Slush,10 - No control,,2,0,0,0,,0,,,,,348839.8567,5024337.051,45.35759513,-75.93788711,11814
16--7940,2016/07/25,12:53 PM,SOMERSET ST    W btwn ARTHUR ST & CAMBRIDGE ST N (__3ZA33I),__3ZA33I,01 - Non intersection,02 - Non-fatal injury,06 - SMV unattended vehicle,01 - Clear,01 - Daylight,01 - Dry,10 - No control,,1,0,0,0,01 - Minimal,2,2,,,,366881.6535,5030424.477,45.41100295,-75.70685981,11815
16--7941,2016/07/25,2:30 PM,MCARTON RD btwn LOWE RD & UPPER DWYER HILL RD (__3ZACCU),__3ZACCU,01 - Non intersection,02 - Non-fatal injury,07 - SMV other,01 - Clear,01 - Daylight,01 - Dry,10 - No control,,1,0,0,0,02 - Minor,2,,2,,,340069.6847,5007497.895,45.20656398,-76.0510201,11816
16--7942,2016/07/25,2:42 PM,ST. JOSEPH BLVD btwn DUSSERE ST & ST. JEAN ST (__3ZA2AN),__3ZA2AN,04 - At/near private drive,03 - P.D. only,02 - Angle,01 - Clear,01 - Daylight,01 - Dry,10 - No control,,2,0,0,0,,0,,,,,380864.8555,5037133.434,45.46998492,-75.52720045,11817
16--7943,2016/07/25,3:00 AM,LEPAGE AVE btwn CAVAN ST & KIRKWOOD AVE (__3ZAA6T),__3ZAA6T,01 - Non intersection,03 - P.D. only,06 - SMV unattended vehicle,01 - Clear,07 - Dark,01 - Dry,10 - No control,,1,0,0,0,,0,,,,,364716.2853,5026589.907,45.376689,-75.73498718,11818
16--7944,2016/07/25,3:30 PM,PAUL METIVIER DR btwn GLENDORE ST & TAPESTRY DR (__6REWOM),__6REWOM,01 - Non intersection,03 - P.D. only,07 - SMV other,01 - Clear,01 - Daylight,01 - Dry,10 - No control,,1,0,0,0,,0,,,,,365854.2856,5014688.218,45.26950077,-75.72192586,11819
16--7945,2016/07/25,4:10 PM,BANK ST @ HUNT CLUB RD (0002119),2119,02 - Intersection related,03 - P.D. only,07 - SMV other,01 - Clear,01 - Daylight,01 - Dry,01 - Traffic signal,01 - Functioning,1,0,0,0,,0,,,,,371609.5647,5024096.92,45.35363461,-75.64731996,11820
16--7946,2016/07/25,4:32 PM,FALLOWFIELD RD @ GREENBANK RD (0000549),549,02 - Intersection related,03 - P.D. only,03 - Rear end,01 - Clear,01 - Daylight,01 - Dry,01 - Traffic signal,01 - Functioning,2,0,0,0,,0,,,,,363080.903,5016732.001,45.28812608,-75.75702674,11821
16--7947,2016/07/25,4:48 PM,BASELINE RD @ WOODROFFE AVE (0002225),2225,02 - Intersection related,03 - P.D. only,03 - Rear end,01 - Clear,01 - Daylight,01 - Dry,01 - Traffic signal,01 - Functioning,2,0,0,0,,0,,,,,362549.4629,5023770.505,45.35150223,-75.76298038,11822
16--7948,2016/07/25,4:58 PM,ALBION RD @ LESTER RD (0004175),4175,03 - At intersection,03 - P.D. only,05 - Turning movement,01 - Clear,01 - Daylight,01 - Dry,01 - Traffic signal,01 - Functioning,2,0,0,0,,0,,,,,372694.5159,5022332.95,45.33765882,-75.63371661,11823
16--7949,2016/07/25,4:58 PM,COVENTRY RD @ 230 W OF ST. LAURENT BLVD/ST. LA (0008535),8535,02 - Intersection related,03 - P.D. only,05 - Turning movement,01 - Clear,01 - Daylight,01 - Dry,01 - Traffic signal,01 - Functioning,2,0,0,0,,0,,,,,372081.3445,5031934.12,45.42410548,-75.64023092,11824
16--795,2016/01/18,12:17 PM,INDUSTRIAL AVE @ RUSSELL RD (0007732),7732,02 - Intersection related,02 - Non-fatal injury,03 - Rear end,01 - Clear,01 - Daylight,01 - Dry,01 - Traffic signal,01 - Functioning,2,0,0,0,01 - Minimal,1,1,,,,372464.6309,5030279.334,45.4091795,-75.63556079,11825
16--7950,2016/07/25,5:15 PM,ELGIN ST btwn SLATER ST & LAURIER AVE W (2) (__3ZA35W),__3ZA35W,01 - Non intersection,03 - P.D. only,04 - Sideswipe,01 - Clear,01 - Daylight,01 - Dry,10 - No control,,2,0,0,0,,0,,,,,367899.1168,5031632.03,45.42177713,-75.6937076,11826
16--7951,2016/07/25,5:34 PM,STALWART CRES E @ WHITE ALDER AVE (0014154),14154,03 - At intersection,03 - P.D. only,02 - Angle,01 - Clear,01 - Daylight,01 - Dry,02 - Stop sign,01 - Functioning,2,0,0,0,,0,,,,,375560.514,5020782.201,45.32342264,-75.59737475,11827
16--7952,2016/07/25,5:39 PM,GREENBANK RD @ STRANDHERD DR (0005563),5563,02 - Intersection related,03 - P.D. only,03 - Rear end,01 - Clear,01 - Daylight,01 - Dry,01 - Traffic signal,01 - Functioning,2,0,0,0,,0,,,,,363933.4566,5014784.417,45.2705305,-75.74639123,11828
16--7953,2016/07/25,5:43 PM,RUSSELL RD btwn ST. LAURENT BLVD & ST. LAURENT BLVD (__3ZBOFC),__3ZBOFC,04 - At/near private drive,03 - P.D. only,02 - Angle,01 - Clear,01 - Daylight,01 - Dry,10 - No control,,2,0,0,0,,0,,,,,373451.3203,5029345.46,45.40068085,-75.62308698,11829
16--7954,2016/07/25,6:17 PM,HWY417 IC126 RAMP51 btwn HIGHWAY 417 & HWY417 IC126 RAMP52 (__3ZAYAE),__3ZAYAE,01 - Non intersection,02 - Non-fatal injury,07 - SMV other,01 - Clear,01 - Daylight,01 - Dry,10 - No control,,1,0,0,0,01 - Minimal,1,1,,,,363287.4543,5025931.117,45.37088202,-75.75330697,11830
16--7955,2016/07/25,6:30 PM,CAMPEAU DR @ TERRY FOX DR (0008211),8211,02 - Intersection related,03 - P.D. only,04 - Sideswipe,01 - Clear,01 - Daylight,02 - Wet,01 - Traffic signal,01 - Functioning,2,0,0,0,,0,,,,,350454.9189,5019011.364,45.30957005,-75.91776521,11831
16--7956,2016/07/25,6:39 PM,HOLLAND AVE @ WELLINGTON ST (0002364),2364,03 - At intersection,02 - Non-fatal injury,03 - Rear end,01 - Clear,01 - Daylight,01 - Dry,01 - Traffic signal,01 - Functioning,2,0,1,0,01 - Minimal,1,1,,,,364929.0196,5029153.1,45.39973388,-75.73195893,11832
16--7957,2016/07/25,7:00 AM,HWY417 IC131 RAMP66 btwn HWY417 IC130 RAMP36 & HWY417 IC131 RAMP63 (__3ZA1SX),__3ZA1SX,01 - Non intersection,03 - P.D. only,07 - SMV other,02 - Rain,01 - Daylight,02 - Wet,10 - No control,,1,0,0,0,,0,,,,,358578.1246,5022937.919,45.34432639,-75.81375079,11833
16--7958,2016/07/25,7:07 PM,COLONEL BY DR @ MAIN ST (0002626),2626,02 - Intersection related,03 - P.D. only,03 - Rear end,01 - Clear,01 - Daylight,01 - Dry,02 - Stop sign,00 - Unknown,2,0,0,0,,0,,,,,368859.7037,5030913.332,45.41522324,-75.68152773,11834
16--7959,2016/07/25,7:30 AM,KENT ST @ WELLINGTON ST (0002040),2040,03 - At intersection,02 - Non-fatal injury,05 - Turning movement,02 - Rain,01 - Daylight,02 - Wet,01 - Traffic signal,01 - Functioning,2,1,0,0,01 - Minimal,1,1,,,,367097.4705,5031526.574,45.42090011,-75.70396353,11835
16--796,2016/01/18,12:20 PM,HUNTER'S RUN DR @ JEANNE D'ARC BLVD (0012419),12419,02 - Intersection related,03 - P.D. only,04 - Sideswipe,03 - Snow,01 - Daylight,03 - Loose snow,01 - Traffic signal,01 - Functioning,2,0,0,0,,0,,,,,380568.4058,5036175.231,45.461396,-75.53113893,11836
16--7960,2016/07/25,7:40 AM,HUNTSVILLE DR btwn DRUMHELLER PL & HUNTSVILLE DR (__8JUULZ),__8JUULZ,01 - Non intersection,03 - P.D. only,06 - SMV unattended vehicle,02 - Rain,01 - Daylight,02 - Wet,10 - No control,,1,0,0,0,,0,,,,,348995.888,5019789.104,45.31666172,-75.93630186,11837
16--7961,2016/07/25,8:00 AM,ISLAND PARK DR btwn CLEARVIEW AVE & SUNNYMEDE AVE (__3ZA230),__3ZA230,01 - Non intersection,03 - P.D. only,03 - Rear end,02 - Rain,01 - Daylight,02 - Wet,10 - No control,,2,0,0,0,,0,,,,,363564.9336,5029356.713,45.40168178,-75.74935692,11838
16--7962,2016/07/25,8:11 AM,BREWER RD @ BRONSON AVE (0002240),2240,02 - Intersection related,03 - P.D. only,03 - Rear end,02 - Rain,01 - Daylight,02 - Wet,01 - Traffic signal,01 - Functioning,3,0,0,0,,0,,,,,368107.9107,5027766.436,45.38697685,-75.69153616,11839
16--7963,2016/07/25,8:45 PM,CASTLEFRANK RD @ HAZELDEAN RD (0003608),3608,03 - At intersection,02 - Non-fatal injury,07 - SMV other,01 - Clear,05 - Dusk,01 - Dry,01 - Traffic signal,01 - Functioning,1,0,0,1,01 - Minimal,1,1,,,,352678.1064,5017677.933,45.29742348,-75.88954338,11840
16--7964,2016/07/25,8:50 AM,HIGHWAY 417 btwn HWY417 IC127 RAMP25 & HWY417 IC126 RAMP51 (__3ZA2XA),__3ZA2XA,01 - Non intersection,03 - P.D. only,03 - Rear end,02 - Rain,01 - Daylight,02 - Wet,10 - No control,,3,0,0,0,,0,,,,,362870.1648,5025416.845,45.36628936,-75.75869439,11841
16--7965,2016/07/25,9:00 PM,FORESTGLADE CRES btwn WINNEGREEN CRT & FOLKWAY GT (__3ZBOAH),__3ZBOAH,01 - Non intersection,03 - P.D. only,06 - SMV unattended vehicle,01 - Clear,05 - Dusk,01 - Dry,10 - No control,,1,0,0,0,,0,,,,,375149.249,5026616.169,45.37595549,-75.6017903,11842
16--7966,2016/07/25,9:06 AM,BANK ST btwn SUNNYSIDE AVE & HOPEWELL AVE (__3ZA3N4),__3ZA3N4,01 - Non intersection,03 - P.D. only,04 - Sideswipe,01 - Clear,01 - Daylight,01 - Dry,10 - No control,,2,0,0,0,,0,,,,,368739.4814,5028570.64,45.39415546,-75.6833674,11843
16--7967,2016/07/25,9:19 AM,BREWER RD @ BRONSON AVE (0002240),2240,02 - Intersection related,03 - P.D. only,03 - Rear end,02 - Rain,01 - Daylight,02 - Wet,01 - Traffic signal,01 - Functioning,2,0,0,0,,0,,,,,368109.2744,5027766.89,45.38698081,-75.69151868,11844
16--7968,2016/07/25,9:28 AM,CYRVILLE RD @ OGILVIE RD (0003554),3554,03 - At intersection,03 - P.D. only,99 - Other,02 - Rain,01 - Daylight,02 - Wet,01 - Traffic signal,01 - Functioning,2,0,0,0,,0,,,,,372453.0373,5032006.024,45.42471659,-75.63547183,11845
16--7969,2016/07/26,1:04 PM,KING EDWARD AVE @ LAURIER AVE (0002170),2170,02 - Intersection related,03 - P.D. only,04 - Sideswipe,01 - Clear,01 - Daylight,01 - Dry,01 - Traffic signal,01 - Functioning,2,0,0,0,,0,,,,,368739.4799,5032034.128,45.42531876,-75.68291819,11846
16--797,2016/01/18,12:37 PM,MERIVALE RD/LOTTA AVE @ CLYDE AVE (0001112),1112,03 - At intersection,03 - P.D. only,05 - Turning movement,01 - Clear,01 - Daylight,02 - Wet,01 - Traffic signal,01 - Functioning,2,0,0,0,,0,,,,,364523.1562,5024507.75,45.35797056,-75.73770453,11847
16--7970,2016/07/26,1:04 PM,FIFTH LINE RD btwn GREENLAND RD & BERRY SIDE RD (__3ZAC25),__3ZAC25,01 - Non intersection,02 - Non-fatal injury,07 - SMV other,01 - Clear,01 - Daylight,01 - Dry,10 - No control,,1,0,0,0,02 - Minor,1,,1,,,346655.2184,5030880.898,45.41661193,-75.96521503,11848
16--7971,2016/07/26,1:11 AM,RICHMOND RD btwn HWY417 IC130 RAMP25 & HWY417 IC130 RAMP35 (__3ZA4MN),__3ZA4MN,01 - Non intersection,03 - P.D. only,07 - SMV other,01 - Clear,07 - Dark,01 - Dry,10 - No control,,1,0,0,0,,0,,,,,359101.2497,5022838.34,45.34339008,-75.80708674,11849
16--7972,2016/07/26,1:38 PM,VICTOR ST btwn DENHAM WAY & GREER ST (__3ZAZCS),__3ZAZCS,04 - At/near private drive,03 - P.D. only,06 - SMV unattended vehicle,01 - Clear,01 - Daylight,01 - Dry,10 - No control,,1,0,0,0,,0,,,,,350352.0556,5015159.388,45.27491549,-75.91943071,11850
16--7973,2016/07/26,10:10 PM,DONALD ST @ ST. LAURENT BLVD (0008630),8630,03 - At intersection,02 - Non-fatal injury,05 - Turning movement,01 - Clear,07 - Dark,01 - Dry,01 - Traffic signal,01 - Functioning,2,0,0,0,02 - Minor,1,,1,,,372093.4934,5032472.365,45.42894719,-75.64000215,11851
16--7974,2016/07/26,10:44 AM,HWY417 IC126 RAMP26 btwn HWY417 IC126 RAMP16 & HWY417 IC126 RAMP62 (__3ZAY51),__3ZAY51,01 - Non intersection,03 - P.D. only,03 - Rear end,01 - Clear,01 - Daylight,01 - Dry,10 - No control,,2,0,0,0,,0,,,,,363118.4514,5025979.816,45.37133429,-75.75545865,11852
16--7975,2016/07/26,11:56 AM,BANK ST @ PARKWAY RD (0005709),5709,03 - At intersection,02 - Non-fatal injury,02 - Angle,01 - Clear,01 - Daylight,01 - Dry,01 - Traffic signal,01 - Functioning,2,0,0,0,02 - Minor,1,,1,,,378746.5385,5014207.442,45.26393759,-75.55771929,11853
16--7976,2016/07/26,12:09 AM,TRIM RD btwn WALL RD & NAVAN RD (__3ZA1D8),__3ZA1D8,01 - Non intersection,02 - Non-fatal injury,07 - SMV other,01 - Clear,07 - Dark,01 - Dry,10 - No control,,1,0,0,0,02 - Minor,1,,1,,,387666.2867,5034575.891,45.44620096,-75.44066175,11854
16--7977,2016/07/26,12:30 PM,MOODIE DR @ WEST HUNT CLUB RD (0010414),10414,03 - At intersection,02 - Non-fatal injury,05 - Turning movement,01 - Clear,01 - Daylight,01 - Dry,01 - Traffic signal,01 - Functioning,2,1,0,0,03 - Major,1,,,1,,357906.9931,5018498.675,45.30443284,-75.82279043,11855
16--7978,2016/07/26,12:40 PM,VANIER PKWY NB btwn DESCHAMPS AVE & MONTREAL RD (__3ZA4SU),__3ZA4SU,01 - Non intersection,03 - P.D. only,04 - Sideswipe,01 - Clear,01 - Daylight,01 - Dry,10 - No control,,2,0,0,0,,0,,,,,370068.3916,5033066.501,45.43448489,-75.665801,11856
16--7979,2016/07/26,2:00 PM,WALKLEY RD btwn HERON RD & TURN LANE (__3AUEJD),__3AUEJD,01 - Non intersection,03 - P.D. only,04 - Sideswipe,01 - Clear,01 - Daylight,01 - Dry,10 - No control,,2,0,0,0,,0,,,,,372299.6751,5027101.636,45.38060383,-75.63810269,11857
16--798,2016/01/18,12:45 AM,HIGHWAY 7 btwn HWY 7 HAZELDEAN RD IC RAMP 34 & HAZELDEAN RD IC RAMP 63 (__7JQ7KU),__7JQ7KU,01 - Non intersection,03 - P.D. only,07 - SMV other,03 - Snow,"08 - Dark, artificial",03 - Loose snow,10 - No control,,1,0,0,0,,0,,,,,346364.6015,5012325.16,45.24965892,-75.97048639,11858
16--7980,2016/07/26,2:00 PM,HIGHWAY 417 btwn HWY417 IC117 RAMP61 & HWY417 IC115 RAMP36 (__3ZA2RZ),__3ZA2RZ,01 - Non intersection,03 - P.D. only,03 - Rear end,01 - Clear,01 - Daylight,01 - Dry,10 - No control,,2,0,0,0,,0,,,,,371542.6442,5031420.359,45.41953449,-75.64718365,11859
16--7981,2016/07/26,2:40 AM,LEES AVE btwn MAIN ST & ROSEMERE AVE (__3ZA3QL),__3ZA3QL,01 - Non intersection,02 - Non-fatal injury,03 - Rear end,01 - Clear,07 - Dark,01 - Dry,10 - No control,,2,1,0,0,02 - Minor,1,,1,,,369045.4157,5030585.921,45.41226028,-75.67919787,11860
16--7982,2016/07/26,2:58 PM,CARLING AVE @ GRENON AVE (0002645),2645,02 - Intersection related,03 - P.D. only,03 - Rear end,01 - Clear,01 - Daylight,01 - Dry,01 - Traffic signal,01 - Functioning,2,0,0,0,,0,,,,,359593.6666,5024350.513,45.35695832,-75.80063614,11861
16--7983,2016/07/26,3:11 PM,LAURIER AVE @ QUEEN ELIZABETH DRWY/LAURIER AVE (0011416),11416,02 - Intersection related,03 - P.D. only,03 - Rear end,01 - Clear,01 - Daylight,01 - Dry,01 - Traffic signal,01 - Functioning,2,0,0,0,,0,,,,,368075.5805,5031624.614,45.42169446,-75.6914539,11862
16--7984,2016/07/26,3:25 PM,GLADSTONE AVE @ PRESTON ST (0002212),2212,02 - Intersection related,02 - Non-fatal injury,07 - SMV other,01 - Clear,01 - Daylight,01 - Dry,01 - Traffic signal,01 - Functioning,1,0,0,1,03 - Major,1,,,1,,366489.4787,5029713.013,45.40463607,-75.71195868,11863
16--7985,2016/07/26,3:26 AM,QUEEN ST @ LYON ST (0002159),2159,03 - At intersection,03 - P.D. only,03 - Rear end,01 - Clear,07 - Dark,01 - Dry,01 - Traffic signal,01 - Functioning,2,0,0,0,,0,,,,,367018.1682,5031288.384,45.41876401,-75.70500683,11864
16--7986,2016/07/26,3:35 PM,HIGHWAY 417 btwn HWY417 IC117 RAMP36 & HWY417 IC117 RAMP26 (__3ZAZE0),__3ZAZE0,01 - Non intersection,03 - P.D. only,03 - Rear end,01 - Clear,01 - Daylight,01 - Dry,10 - No control,,2,0,0,0,,0,,,,,370768.4535,5031199.166,45.41761771,-75.65710454,11865
16--7987,2016/07/26,3:40 PM,FALLOWFIELD RD @ GREENBANK RD (0000549),549,02 - Intersection related,03 - P.D. only,03 - Rear end,01 - Clear,01 - Daylight,01 - Dry,01 - Traffic signal,01 - Functioning,2,0,0,0,,0,,,,,363081.3575,5016732.91,45.28813422,-75.75702084,11866
16--7988,2016/07/26,3:51 PM,LYON ST    N btwn ALBERT ST & SLATER ST (__3ZA30E),__3ZA30E,01 - Non intersection,03 - P.D. only,06 - SMV unattended vehicle,01 - Clear,01 - Daylight,01 - Dry,10 - No control,,1,0,0,0,,0,,,,,367070.2002,5031207.766,45.418034,-75.70435224,11867
16--7989,2016/07/26,4:08 PM,KIRKWOOD AVE @ MERIVALE RD (0002243),2243,02 - Intersection related,03 - P.D. only,02 - Angle,01 - Clear,01 - Daylight,01 - Dry,01 - Traffic signal,01 - Functioning,3,0,0,0,,0,,,,,364853.4819,5026646.323,45.37718488,-75.73322875,11868
16--799,2016/01/18,12:59 PM,SHEFFIELD RD btwn LEEDS AVE & TO BE DETERMINED (__3ZA2L7),__3ZA2L7,04 - At/near private drive,03 - P.D. only,03 - Rear end,05 - Drifting Snow,01 - Daylight,06 - Ice,10 - No control,,2,0,0,0,,0,,,,,374963.0556,5029328.846,45.4003815,-75.60378165,11869
16--7990,2016/07/26,4:13 PM,HIGHWAY 417 btwn HWY417 IC126 RAMP61 & HWY417 IC124 RAMP76 (__3ZA2Y2),__3ZA2Y2,01 - Non intersection,03 - P.D. only,04 - Sideswipe,01 - Clear,01 - Daylight,01 - Dry,10 - No control,,2,0,0,0,,0,,,,,363272.8657,5026013.843,45.3716276,-75.75348341,11870
16--7991,2016/07/26,4:23 PM,MARCH RD @ TERRY FOX DR (0003173),3173,02 - Intersection related,03 - P.D. only,03 - Rear end,01 - Clear,01 - Daylight,01 - Dry,01 - Traffic signal,01 - Functioning,2,0,0,0,,0,,,,,349864.8281,5023400.168,45.34909972,-75.9248907,11871
16--8116,2016/07/29,6:31 AM,CHAMPLAIN ST @ OR174 IC102 RAMP61 (0008676),8676,03 - At intersection,03 - P.D. only,05 - Turning movement,01 - Clear,01 - Daylight,01 - Dry,01 - Traffic signal,01 - Functioning,2,0,0,0,,0,,,,,381519.991,5038374.573,45.48107998,-75.51862927,11872
16--7661,2016/07/16,12:00 PM,HIGHWAY 417 btwn HWY417 IC115 RAMP35 & HIGHWAY 417 (__3ZA2US),__3ZA2US,01 - Non intersection,03 - P.D. only,04 - Sideswipe,01 - Clear,01 - Daylight,01 - Dry,10 - No control,,2,0,0,0,,0,,,,,372494.7453,5031505.278,45.42020707,-75.63500772,11873
16--8117,2016/07/29,6:35 PM,HWY417 IC121A RAMP51 btwn HIGHWAY 417 & BRONSON AVE (__3ZAY9V),__3ZAY9V,01 - Non intersection,03 - P.D. only,03 - Rear end,01 - Clear,01 - Daylight,01 - Dry,10 - No control,,2,0,0,0,,0,,,,,367119.4743,5029668.866,45.40418305,-75.70391727,11874
16--7662,2016/07/16,12:04 PM,SOMERSET ST    W btwn BRONSON AVE & PERCY ST (__3ZA33M),__3ZA33M,04 - At/near private drive,03 - P.D. only,02 - Angle,01 - Clear,01 - Daylight,01 - Dry,10 - No control,,2,0,0,0,,0,,,,,366970.5501,5030479.865,45.41149343,-75.70571721,11875
16--8118,2016/07/29,7:08 PM,CARLING AVE EB btwn EDGEWORTH AVE & FOX CRES (__3ZA4V0),__3ZA4V0,01 - Non intersection,03 - P.D. only,03 - Rear end,01 - Clear,01 - Daylight,01 - Dry,10 - No control,,2,0,0,0,,0,,,,,361492.8123,5025555.529,45.36764999,-75.7762599,11876