Anom_ID,Accident_Date,Accident_Time,Location,Geo_ID,Accident_Location,Classification_of_Accident,Initial_Impact_Type,Environment_Condition,Light,Road_Surface_Condition,Traffic_Control,Traffic_Control_Condition,No__of_Vehicles,No__of_Bicycles,No__of_Motorcycles,No__of_Pedestrians,Max_Injury,No__of_Injuries,No__of_Minimal,No__of_Minor,No__of_Major,No__of_Fatal,X,Y,Latitude,Longitude,ObjectId
16--8119,2016/07/29,7:24 AM,ST. PATRICK ST/ST. ANDREW ST @ BEAUSOLEIL DR (0007780),7780,02 - Intersection related,03 - P.D. only,03 - Rear end,01 - Clear,01 - Daylight,01 - Dry,01 - Traffic signal,01 - Functioning,2,0,0,0,,0,,,,,368427.7733,5033069.774,45.43466555,-75.68676726,11877
16--812,2016/01/18,4:33 PM,PRINCE OF WALES DR btwn 187 N OF MEADOWLANDS DR & MEADOWLANDS DR/HOG'S (__3ZA36WA),__3ZA36WA,04 - At/near private drive,02 - Non-fatal injury,02 - Angle,03 - Snow,01 - Daylight,04 - Slush,10 - No control,,2,0,0,0,01 - Minimal,2,2,,,,367332.6214,5025805.661,45.36940393,-75.70168421,11878
16--8120,2016/07/29,7:33 AM,BANK ST btwn MASON ST & MEADOW DR (__3ZA28O),__3ZA28O,01 - Non intersection,02 - Non-fatal injury,03 - Rear end,01 - Clear,01 - Daylight,01 - Dry,10 - No control,,2,0,0,0,01 - Minimal,2,2,,,,378120.9069,5015040.998,45.27150308,-75.56556741,11879
16--8121,2016/07/29,7:37 AM,EARL ARMSTRONG RD @ RIVER RD (0012470),12470,03 - At intersection,03 - P.D. only,05 - Turning movement,01 - Clear,01 - Daylight,01 - Dry,01 - Traffic signal,01 - Functioning,2,0,0,0,,0,,,,,367572.0599,5014683.739,45.26930924,-75.70003727,11880
16--8122,2016/07/29,8:03 PM,GREENBANK RD @ MALVERN DR/FOXFIELD DR (0009821),9821,02 - Intersection related,03 - P.D. only,03 - Rear end,01 - Clear,01 - Daylight,01 - Dry,01 - Traffic signal,01 - Functioning,2,0,0,0,,0,,,,,363310.5887,5016194.653,45.28327193,-75.75416229,11881
16--8123,2016/07/29,8:18 PM,CORIOLIS CRT/GALLANTRY WAY @ HUNTMAR DR (0010610),10610,03 - At intersection,03 - P.D. only,02 - Angle,01 - Clear,05 - Dusk,01 - Dry,02 - Stop sign,01 - Functioning,2,0,0,0,,0,,,,,350707.8323,5016331.181,45.28543651,-75.91478812,11882
16--8124,2016/07/29,8:31 AM,400 E OF TRAINYARDS DR @ INDUSTRIAL AVE (0014364),14364,03 - At intersection,03 - P.D. only,99 - Other,01 - Clear,01 - Daylight,01 - Dry,01 - Traffic signal,01 - Functioning,2,0,0,0,,0,,,,,372091.6332,5030434.623,45.41061269,-75.64030422,11883
16--8125,2016/07/30,1:23 PM,GREENBANK RD @ BERRIGAN DR/WESSEX RD (0004726),4726,03 - At intersection,03 - P.D. only,05 - Turning movement,01 - Clear,01 - Daylight,01 - Dry,01 - Traffic signal,01 - Functioning,2,0,0,0,,0,,,,,363723.9012,5015276.205,45.27497321,-75.74900326,11884
16--8126,2016/07/30,1:27 PM,BASELINE RD @ WOODROFFE AVE (0002225),2225,02 - Intersection related,03 - P.D. only,03 - Rear end,01 - Clear,01 - Daylight,01 - Dry,01 - Traffic signal,01 - Functioning,2,0,0,0,,0,,,,,362549.0084,5023770.959,45.35150636,-75.76298613,11885
16--8127,2016/07/30,1:36 AM,MACDONALD-CARTIER BR RAMP SB-1 btwn MACDONALD-CARTIER BR & CATHCART ST (__7TR60I),__7TR60I,01 - Non intersection,03 - P.D. only,07 - SMV other,01 - Clear,07 - Dark,01 - Dry,10 - No control,,1,0,0,0,,0,,,,,367603.1531,5033162.191,45.43557163,-75.69729397,11886
16--8128,2016/07/30,10:10 AM,PARKDALE AVE EB OFF RAMP/OTTAWA RIVER PKWY btwn OTTAWA RIVER PKWY & PA (__3ZAY0P),__3ZAY0P,01 - Non intersection,03 - P.D. only,03 - Rear end,01 - Clear,01 - Daylight,01 - Dry,10 - No control,,2,0,0,0,,0,,,,,364585.1289,5030405.634,45.41103336,-75.73619926,11887
16--8129,2016/07/30,10:55 PM,RIDEAU ST @ WURTEMBURG ST (0007118),7118,02 - Intersection related,03 - P.D. only,04 - Sideswipe,01 - Clear,07 - Dark,01 - Dry,01 - Traffic signal,01 - Functioning,2,0,0,0,,0,,,,,369357.1342,5032925.608,45.43328322,-75.67490914,11888
16--813,2016/01/18,4:40 PM,PRINCE OF WALES DR @ NORMANDY CRES S/KOCHAR DR (0006961),6961,02 - Intersection related,03 - P.D. only,03 - Rear end,03 - Snow,05 - Dusk,04 - Slush,01 - Traffic signal,01 - Functioning,2,0,0,0,,0,,,,,367446.7794,5024562.112,45.35820456,-75.70038462,11889
16--8130,2016/07/30,11:45 AM,GREENBANK RD @ 220 N OF STRANDHERD DR (0010452),10452,03 - At intersection,02 - Non-fatal injury,07 - SMV other,01 - Clear,01 - Daylight,01 - Dry,01 - Traffic signal,01 - Functioning,1,0,0,0,02 - Minor,1,,1,,,363848.1603,5014983.779,45.27233153,-75.74745447,11890
16--8131,2016/07/30,11:48 PM,LYNDALE AVE btwn HINCHEY AVE & CARRUTHERS AVE (__3ZA0VP),__3ZA0VP,04 - At/near private drive,03 - P.D. only,06 - SMV unattended vehicle,01 - Clear,07 - Dark,01 - Dry,10 - No control,,1,0,0,0,,0,,,,,365048.671,5030006.42,45.40740158,-75.73032648,11891
16--8132,2016/07/30,12:28 AM,CONROY RD @ LORRY GREENBERG DR (0011446),11446,03 - At intersection,02 - Non-fatal injury,02 - Angle,01 - Clear,07 - Dark,01 - Dry,01 - Traffic signal,01 - Functioning,2,0,0,0,02 - Minor,1,,1,,,373568.6452,5025877.953,45.36947024,-75.62207161,11892
16--8133,2016/07/30,12:56 PM,NORBERRY CRES S @ SPRINGLAND DR (0006617),6617,02 - Intersection related,03 - P.D. only,05 - Turning movement,01 - Clear,01 - Daylight,01 - Dry,02 - Stop sign,01 - Functioning,2,0,0,0,,0,,,,,368599.42,5025583.124,45.36728743,-75.68554213,11893
16--8134,2016/07/30,2:10 AM,WOODROFFE AVE btwn QUEENSBURY DR & DEERFOX DR (__3ZA1W3),__3ZA1W3,01 - Non intersection,03 - P.D. only,06 - SMV unattended vehicle,01 - Clear,07 - Dark,01 - Dry,10 - No control,,1,0,0,0,,0,,,,,365754.2248,5016260.521,45.28365696,-75.72300785,11894
16--8135,2016/07/30,2:15 PM,MONTREAL RD btwn PALACE ST & VANIER PKWY (__3ZA3LL),__3ZA3LL,04 - At/near private drive,03 - P.D. only,05 - Turning movement,01 - Clear,01 - Daylight,01 - Dry,10 - No control,,2,0,0,0,,0,,,,,370036.5734,5033044.683,45.43429155,-75.66621052,11895
16--8136,2016/07/30,2:31 PM,GREENBANK RD @ IRIS ST/HWY 417 IC129 RAMP51 (0009073),9073,02 - Intersection related,03 - P.D. only,03 - Rear end,01 - Clear,01 - Daylight,01 - Dry,01 - Traffic signal,01 - Functioning,2,0,0,0,,0,,,,,360530.945,5023312.769,45.34754685,-75.78879099,11896
16--8137,2016/07/30,2:41 PM,EAGLESON RD @ FERNBANK RD (0011846),11846,02 - Intersection related,03 - P.D. only,03 - Rear end,01 - Clear,01 - Daylight,01 - Dry,01 - Traffic signal,01 - Functioning,2,0,0,0,,0,,,,,354798.8488,5015586.327,45.27845505,-75.86271588,11897
16--8138,2016/07/30,3:21 PM,BASELINE RD btwn GREENBANK RD & MCWATTERS RD (__3ZA4MM),__3ZA4MM,04 - At/near private drive,03 - P.D. only,02 - Angle,01 - Clear,01 - Daylight,01 - Dry,10 - No control,,2,0,0,0,,0,,,,,360772.1144,5022689,45.34191499,-75.78578414,11898
16--8139,2016/07/30,3:25 PM,MONTREAL RD btwn PALACE ST & VANIER PKWY (__3ZA3LL),__3ZA3LL,01 - Non intersection,03 - P.D. only,04 - Sideswipe,01 - Clear,01 - Daylight,01 - Dry,10 - No control,,2,0,0,0,,0,,,,,370020.6791,5033036.393,45.43421844,-75.66641474,11899
16--814,2016/01/18,4:54 PM,FALLOWFIELD RD btwn ASHDALE AVE & PRINCE OF WALES DR (__3ZA3IQ),__3ZA3IQ,01 - Non intersection,03 - P.D. only,03 - Rear end,01 - Clear,05 - Dusk,01 - Dry,10 - No control,,4,0,0,0,,0,,,,,367229.5673,5019059.994,45.30871683,-75.70385083,11900
16--8140,2016/07/30,3:28 AM,SMYTH RD E/LANCASTER RD @ ST. LAURENT BLVD N/R (0002256),2256,03 - At intersection,02 - Non-fatal injury,07 - SMV other,01 - Clear,07 - Dark,01 - Dry,01 - Traffic signal,01 - Functioning,1,0,0,0,02 - Minor,1,,1,,,373364.5099,5029424.331,45.40139901,-75.62418475,11901
16--8141,2016/07/30,3:49 PM,UPCOUNTRY DR btwn BAYWOOD DR & HARTSMERE DR (__4BBC27),__4BBC27,04 - At/near private drive,03 - P.D. only,06 - SMV unattended vehicle,01 - Clear,01 - Daylight,01 - Dry,10 - No control,,1,0,0,0,,0,,,,,351078.7069,5011903.818,45.24557332,-75.91047314,11902
16--8142,2016/07/30,4:02 PM,GREENBANK RD @ MALVERN DR/FOXFIELD DR (0009821),9821,03 - At intersection,03 - P.D. only,05 - Turning movement,01 - Clear,01 - Daylight,01 - Dry,01 - Traffic signal,01 - Functioning,3,0,0,0,,0,,,,,363310.55,5016194.433,45.28326996,-75.75416281,11903
16--8143,2016/07/30,5:29 AM,CARLING AVE btwn MOODIE DR & JAMES CUMMINGS AVE (__3ZA4ZC),__3ZA4ZC,01 - Non intersection,03 - P.D. only,07 - SMV other,01 - Clear,03 - Dawn,01 - Dry,10 - No control,,1,0,0,0,,0,,,,,356109.1549,5023890.238,45.35308038,-75.84515577,11904
16--8144,2016/07/30,5:40 PM,BESSERER ST btwn WALLER ST & CUMBERLAND ST (__3ZAZPA),__3ZAZPA,01 - Non intersection,03 - P.D. only,06 - SMV unattended vehicle,01 - Clear,01 - Daylight,01 - Dry,10 - No control,,1,0,0,0,,0,,,,,368338.4333,5032207.887,45.42691872,-75.68802022,11905
16--8145,2016/07/30,6:11 PM,COVENTRY RD @ LOLA ST (0007175),7175,03 - At intersection,03 - P.D. only,05 - Turning movement,01 - Clear,01 - Daylight,01 - Dry,01 - Traffic signal,01 - Functioning,2,0,0,0,,0,,,,,371263.9449,5031614.572,45.42130846,-75.65071818,11906
16--8146,2016/07/30,8:58 PM,RUSSELL RD btwn SOUTHVALE CRES & TUPPER AVE (__3ZA2EQ),__3ZA2EQ,01 - Non intersection,01 - Fatal injury,07 - SMV other,01 - Clear,05 - Dusk,01 - Dry,10 - No control,,1,0,0,0,04 - Fatal,1,,,,1,373839.7149,5029068.813,45.39815352,-75.61816516,11907
16--8147,2016/07/30,9:00 AM,HWY417 IC140 RAMP51 btwn HIGHWAY 417 & HWY417 IC140 RAMP53 (__3ZAYB3),__3ZAYB3,01 - Non intersection,03 - P.D. only,07 - SMV other,01 - Clear,01 - Daylight,01 - Dry,10 - No control,,1,0,0,0,,0,,,,,350942.9622,5018349.668,45.30358404,-75.91160315,11908
16--8148,2016/07/30,9:44 AM,BRONSON AVE @ HOLMWOOD AVE (0007215),7215,02 - Intersection related,03 - P.D. only,03 - Rear end,01 - Clear,01 - Daylight,01 - Dry,01 - Traffic signal,01 - Functioning,2,0,0,0,,0,,,,,367699.61,5028729.324,45.39567743,-75.69662704,11909
16--8149,2016/07/31,1:20 AM,CUMBERLAND ST @ YORK ST (0008416),8416,03 - At intersection,03 - P.D. only,02 - Angle,01 - Clear,07 - Dark,01 - Dry,01 - Traffic signal,01 - Functioning,2,0,0,0,,0,,,,,368262.9182,5032522.258,45.42975418,-75.68894465,11910
16--815,2016/01/18,4:59 PM,BASELINE RD btwn SOUTHWOOD DR & COBDEN RD (__3ZA4MP),__3ZA4MP,04 - At/near private drive,02 - Non-fatal injury,07 - SMV other,01 - Clear,05 - Dusk,01 - Dry,10 - No control,,1,0,0,1,01 - Minimal,1,1,,,,361429.1479,5023080.224,45.34538248,-75.77735614,11911
16--8150,2016/07/31,1:28 PM,ARTHUR ST btwn SOMERSET ST W & CHRISTIE ST (__3ZA0WI),__3ZA0WI,04 - At/near private drive,03 - P.D. only,06 - SMV unattended vehicle,01 - Clear,01 - Daylight,01 - Dry,10 - No control,,1,0,0,0,,0,,,,,366866.8669,5030299.311,45.40987806,-75.70706446,11912
16--8151,2016/07/31,1:31 PM,ROTARY WAY btwn KINGSVILLE ST & LAGUNA ST (__8PNKG4),__8PNKG4,01 - Non intersection,03 - P.D. only,07 - SMV other,01 - Clear,01 - Daylight,01 - Dry,10 - No control,,1,0,0,0,,0,,,,,375817.727,5021397.766,45.32893526,-75.59400585,11913
16--8152,2016/07/31,10:00 PM,AMIENS ST @ TENTH LINE RD (0004168),4168,03 - At intersection,03 - P.D. only,05 - Turning movement,01 - Clear,07 - Dark,01 - Dry,01 - Traffic signal,01 - Functioning,2,0,0,0,,0,,,,,383352.9552,5037567.316,45.47361319,-75.49531542,11914
16--8153,2016/07/31,10:02 AM,KING EDWARD AVE SB btwn GUIGUES AVE & ST. PATRICK ST (__3ZA3XN),__3ZA3XN,01 - Non intersection,03 - P.D. only,04 - Sideswipe,01 - Clear,01 - Daylight,01 - Dry,10 - No control,,2,0,0,0,,0,,,,,368240.1009,5032838.149,45.43259852,-75.68919552,11915
16--8154,2016/07/31,10:32 AM,CANAAN RD @ WILHAVEN DR (0004614),4614,02 - Intersection related,03 - P.D. only,07 - SMV other,01 - Clear,01 - Daylight,01 - Dry,02 - Stop sign,01 - Functioning,1,0,0,0,,0,,,,,396569.6545,5041715.961,45.509325,-75.3255327,11916
16--8155,2016/07/31,10:56 PM,SHERBOURNE RD btwn COURTENAY AVE & WINDERMERE AVE (__3ZA0E2),__3ZA0E2,01 - Non intersection,03 - P.D. only,01 - Approaching,01 - Clear,07 - Dark,01 - Dry,10 - No control,,2,0,0,0,,0,,,,,362464.0116,5026611.55,45.37707272,-75.76373931,11917
16--8156,2016/07/31,11:00 PM,GREENBANK RD btwn LISA AVE & BASELINE RD (__3ZA4ML),__3ZA4ML,01 - Non intersection,03 - P.D. only,04 - Sideswipe,01 - Clear,07 - Dark,01 - Dry,10 - No control,,2,0,0,0,,0,,,,,360594.8263,5022590.216,45.34104025,-75.78805734,11918
16--8157,2016/07/31,11:15 AM,MONTREAL RD @ ST. LAURENT BLVD (0002604),2604,02 - Intersection related,02 - Non-fatal injury,03 - Rear end,01 - Clear,01 - Daylight,01 - Dry,01 - Traffic signal,01 - Functioning,2,0,0,0,02 - Minor,2,1,1,,,371545.9302,5033817.595,45.44110341,-75.64681673,11919
16--8158,2016/07/31,11:58 AM,STITTSVILLE MAIN ST @ HAZELDEAN RD (0000050),50,02 - Intersection related,03 - P.D. only,03 - Rear end,01 - Clear,01 - Daylight,01 - Dry,01 - Traffic signal,01 - Functioning,2,0,0,0,,0,,,,,349558.2528,5014878.751,45.2724412,-75.92957266,11920
16--8159,2016/07/31,Unknown,BURNABY DR btwn ROSEHILL AVE & ETESIAN ST (__67PTQY),__67PTQY,01 - Non intersection,03 - P.D. only,06 - SMV unattended vehicle,01 - Clear,00 - Unknown,01 - Dry,10 - No control,,1,0,0,0,,0,,,,,350242.8394,5016317.392,45.28534265,-75.92071659,11921
16--816,2016/01/18,5:23 PM,BANK ST btwn ALTA VISTA DR & ERIE AVE (__3ZA36X),__3ZA36X,01 - Non intersection,03 - P.D. only,02 - Angle,01 - Clear,05 - Dusk,02 - Wet,10 - No control,,2,0,0,0,,0,,,,,370142.5025,5026460.097,45.375036,-75.66572934,11922
16--8160,2016/07/31,12:00 PM,PINECREST RD @ ST. STEPHEN'S ST (0002745),2745,03 - At intersection,03 - P.D. only,03 - Rear end,01 - Clear,01 - Daylight,01 - Dry,02 - Stop sign,01 - Functioning,3,0,0,0,,0,,,,,360226.3586,5024077.504,45.35445206,-75.79259195,11923
16--8161,2016/07/31,12:37 AM,LORRY GREENBERG DR btwn HEARTLEAF PRIV & HUNT CLUB RD (__3ZAZLZ),__3ZAZLZ,01 - Non intersection,02 - Non-fatal injury,07 - SMV other,01 - Clear,07 - Dark,01 - Dry,10 - No control,,1,0,0,1,03 - Major,1,,,1,,372810.7842,5024838.414,45.36019083,-75.63188873,11924
16--8162,2016/07/31,2:00 AM,HIGHWAY 417 btwn HWY417 IC121A RAMP51 & HWY417 IC120A RAMP52 (__3ZA2R6),__3ZA2R6,01 - Non intersection,02 - Non-fatal injury,07 - SMV other,01 - Clear,07 - Dark,01 - Dry,10 - No control,,1,0,0,0,02 - Minor,1,,1,,,367694.8742,5029938.265,45.40655556,-75.69653335,11925
16--8163,2016/07/31,2:01 PM,BRONSON AVE @ HOLMWOOD AVE (0007215),7215,02 - Intersection related,03 - P.D. only,03 - Rear end,01 - Clear,01 - Daylight,01 - Dry,01 - Traffic signal,01 - Functioning,2,0,0,0,,0,,,,,367700.4804,5028729.544,45.39567934,-75.69661589,11926
16--8164,2016/07/31,2:32 PM,WALKLEY RD btwn HALIFAX DR & ST. LAURENT BLVD (__3ZA2EL),__3ZA2EL,01 - Non intersection,03 - P.D. only,04 - Sideswipe,01 - Clear,01 - Daylight,01 - Dry,10 - No control,,2,0,0,0,,0,,,,,373891.1592,5028041.401,45.38890427,-75.61765202,11927
16--8165,2016/07/31,2:41 PM,HOLLAND AVE/TUNNEY'S PASTURE @ SCOTT ST (0006494),6494,02 - Intersection related,02 - Non-fatal injury,02 - Angle,01 - Clear,01 - Daylight,01 - Dry,01 - Traffic signal,01 - Functioning,2,0,1,0,02 - Minor,2,,2,,,364736.9207,5029596.576,45.40374066,-75.73435854,11928
16--8166,2016/07/31,2:55 PM,ALBERT ST @ BRONSON AVE (0002160),2160,03 - At intersection,03 - P.D. only,02 - Angle,01 - Clear,01 - Daylight,01 - Dry,01 - Traffic signal,01 - Functioning,2,0,0,0,,0,,,,,366739.4523,5031017.038,45.41634725,-75.70860189,11929
16--8167,2016/07/31,3:52 PM,BRONSON AVE @ SOMERSET ST (0002218),2218,03 - At intersection,03 - P.D. only,02 - Angle,01 - Clear,01 - Daylight,01 - Dry,01 - Traffic signal,01 - Functioning,2,0,0,0,,0,,,,,366967.9234,5030476.118,45.41145995,-75.70575124,11930
16--8168,2016/07/31,4:24 PM,QUEEN MARY ST @ ISIDORE ST (0008560),8560,03 - At intersection,03 - P.D. only,02 - Angle,01 - Clear,01 - Daylight,01 - Dry,02 - Stop sign,01 - Functioning,2,0,0,0,,0,,,,,371673.3033,5032103.657,45.42567002,-75.64542156,11931
16--8169,2016/07/31,4:32 AM,VANIER PKWY NB btwn RIVERSIDE DR & HWY417 IC117 RAMP26 (__3ZA4TH),__3ZA4TH,07 - Overpass or bridge,02 - Non-fatal injury,03 - Rear end,01 - Clear,07 - Dark,01 - Dry,10 - No control,,4,0,0,0,01 - Minimal,4,4,,,,370804.5512,5031318.661,45.41868947,-75.65662735,11932
16--817,2016/01/18,5:28 PM,CARLING AVE/STATION RD @ MARCH RD (0002681),2681,02 - Intersection related,03 - P.D. only,03 - Rear end,01 - Clear,05 - Dusk,02 - Wet,01 - Traffic signal,01 - Functioning,2,0,0,0,,0,,,,,350905.3925,5022247.497,45.33866012,-75.91171933,11933
16--8170,2016/07/31,5:40 AM,GLADSTONE AVE btwn ST. FRANCIS ST & FAIRMONT AVE (__3ZA3ZU),__3ZA3ZU,04 - At/near private drive,02 - Non-fatal injury,06 - SMV unattended vehicle,01 - Clear,03 - Dawn,01 - Dry,10 - No control,,1,0,0,0,02 - Minor,1,,1,,,365677.3885,5029319.833,45.40116943,-75.72238015,11934
16--8171,2016/07/31,6:27 PM,WEST HUNT CLUB RD @ ANTARES DR/LASER ST (0000116),116,03 - At intersection,02 - Non-fatal injury,05 - Turning movement,01 - Clear,01 - Daylight,01 - Dry,01 - Traffic signal,01 - Functioning,2,0,0,0,01 - Minimal,1,1,,,,367107.7192,5022081.464,45.33591438,-75.70502443,11935
16--7663,2016/07/16,12:05 PM,HIGHWAY 416 btwn HIGHWAY 416 & HWY416 IC57 RAMP52 (__3ZAZEK),__3ZAZEK,01 - Non intersection,03 - P.D. only,07 - SMV other,01 - Clear,01 - Daylight,01 - Dry,10 - No control,,1,0,0,0,,0,,,,,364732.5493,5008073.204,45.21007505,-75.73701704,11936
16--7664,2016/07/16,12:21 PM,CAMBRIAN RD @ MOODIE DR (0000645),645,03 - At intersection,03 - P.D. only,02 - Angle,01 - Clear,01 - Daylight,01 - Dry,02 - Stop sign,01 - Functioning,2,0,0,0,,0,,,,,361122.4377,5010805.383,45.23495742,-75.78266343,11937
16--7665,2016/07/16,12:40 PM,BRONSON AVE btwn FLORENCE ST & GLADSTONE AVE (__3ZA1WP),__3ZA1WP,01 - Non intersection,03 - P.D. only,04 - Sideswipe,01 - Clear,01 - Daylight,01 - Dry,10 - No control,,2,0,0,0,,0,,,,,367129.8381,5030093.382,45.4080018,-75.70373123,11938
16--7666,2016/07/16,12:55 PM,WEST HUNT CLUB RD EB btwn 545 E OF ROYDON PL/SUNDERLAND ST & ANTARES D (__3ZA3JPB),__3ZA3JPB,07 - Overpass or bridge,03 - P.D. only,04 - Sideswipe,01 - Clear,01 - Daylight,01 - Dry,10 - No control,,2,0,0,0,,0,,,,,367012.1194,5022236.503,45.33731788,-75.70622457,11939
16--7667,2016/07/16,12:56 PM,IBER RD btwn HUNTMAR DR & HARRY DOUGLAS DR (__3ZA4XQ),__3ZA4XQ,01 - Non intersection,03 - P.D. only,07 - SMV other,01 - Clear,01 - Daylight,01 - Dry,10 - No control,,1,0,0,0,,0,,,,,351628.8264,5015280.892,45.27592495,-75.90314744,11940
16--7668,2016/07/16,2:18 PM,WELLFLEET CRES btwn PERRIN AVE & HOPKINTON ST (__3ZAB61),__3ZAB61,04 - At/near private drive,03 - P.D. only,06 - SMV unattended vehicle,01 - Clear,01 - Daylight,01 - Dry,10 - No control,,1,0,0,0,,0,,,,,362276.0697,5015080.239,45.27332973,-75.76747731,11941
16--7669,2016/07/16,2:44 PM,CARLING AVE @ BAYSHORE DR/BIRCHDALE AVE (0000021),21,02 - Intersection related,03 - P.D. only,03 - Rear end,01 - Clear,01 - Daylight,01 - Dry,01 - Traffic signal,01 - Functioning,2,0,0,0,,0,,,,,359006.0074,5023990.158,45.35376152,-75.80817574,11942
16--767,2016/01/17,6:45 AM,CLEGG ST @ MAIN ST (0007200),7200,02 - Intersection related,03 - P.D. only,03 - Rear end,03 - Snow,07 - Dark,03 - Loose snow,01 - Traffic signal,01 - Functioning,2,0,0,0,,0,,,,,369271.9229,5029921.488,45.40626112,-75.6763912,11943
16--7670,2016/07/16,4:47 PM,MOODIE DR @ HWY 417 MOODIE IC134R63 (0000649),649,03 - At intersection,03 - P.D. only,04 - Sideswipe,01 - Clear,01 - Daylight,01 - Dry,01 - Traffic signal,01 - Functioning,2,0,0,0,,0,,,,,356391.0598,5022481.233,45.34038136,-75.84170511,11944
16--7671,2016/07/16,5:25 PM,HIGHWAY 417 btwn HWY417 IC121A RAMP16 & HWY417 IC121A RAMP61 (__3ZA2YY),__3ZA2YY,01 - Non intersection,03 - P.D. only,99 - Other,01 - Clear,01 - Daylight,01 - Dry,10 - No control,,2,0,0,0,,0,,,,,367263.8379,5029760.593,45.40499551,-75.7020617,11945
16--7672,2016/07/16,6:55 AM,MONTREAL RD @ DEN HAAG DR/LANG'S RD (0010798),10798,03 - At intersection,03 - P.D. only,99 - Other,01 - Clear,01 - Daylight,01 - Dry,01 - Traffic signal,01 - Functioning,2,0,0,0,,0,,,,,372387.3998,5034220.675,45.44464928,-75.63600647,11946
16--7673,2016/07/16,6:58 PM,LEVIS AVE btwn ALTHA AVE & LACASSE AVE (__3ZA8TY),__3ZA8TY,01 - Non intersection,03 - P.D. only,06 - SMV unattended vehicle,01 - Clear,01 - Daylight,01 - Dry,10 - No control,,1,0,0,0,,0,,,,,370733.045,5033216.373,45.43577102,-75.65728688,11947
16--7674,2016/07/16,6:59 AM,CAHILL DR @ HUNT CLUB RD (0011394),11394,03 - At intersection,03 - P.D. only,02 - Angle,01 - Clear,01 - Daylight,01 - Dry,01 - Traffic signal,01 - Functioning,2,0,0,0,,0,,,,,372408.4165,5024542.509,45.3575673,-75.63706456,11948
16--7675,2016/07/16,7:00 PM,CAMPEAU DR @ HERLIHEY WAY (0012766),12766,03 - At intersection,03 - P.D. only,02 - Angle,01 - Clear,01 - Daylight,01 - Dry,01 - Traffic signal,01 - Functioning,2,1,0,0,,0,,,,,350507.2072,5019177.254,45.31105937,-75.91708311,11949
16--7676,2016/07/16,7:27 AM,KING EDWARD AVE @ GEORGE ST (0008239),8239,02 - Intersection related,03 - P.D. only,03 - Rear end,01 - Clear,01 - Daylight,01 - Dry,02 - Stop sign,01 - Functioning,2,0,0,0,,0,,,,,368463.5404,5032480.353,45.4293589,-75.68638637,11950
16--7677,2016/07/16,7:53 PM,MEADOWLANDS DR btwn INDIAN RD & LAIRD ST (__3ZA4HK),__3ZA4HK,01 - Non intersection,03 - P.D. only,06 - SMV unattended vehicle,01 - Clear,01 - Daylight,01 - Dry,10 - No control,,1,0,0,0,,0,,,,,364066.7791,5023287.28,45.34702764,-75.74367543,11951
16--7678,2016/07/16,8:19 PM,LISBON ST btwn WINTERPORT WAY & WINTERPORT WAY (__3ZAZPI),__3ZAZPI,01 - Non intersection,03 - P.D. only,06 - SMV unattended vehicle,01 - Clear,01 - Daylight,01 - Dry,10 - No control,,1,0,0,0,,0,,,,,385326.9457,5037820.351,45.47566491,-75.47003086,11952
16--7679,2016/07/16,8:52 PM,BASELINE RD @ FISHER AVE (0002346),2346,02 - Intersection related,03 - P.D. only,03 - Rear end,01 - Clear,05 - Dusk,01 - Dry,01 - Traffic signal,01 - Functioning,2,0,0,0,,0,,,,,366166.0118,5026028.533,45.37151241,-75.7165485,11953
16--768,2016/01/17,6:57 PM,MOHRS RD btwn GALETTA SIDE RD & RIDDLEDALE RD (__3ZAC1T),__3ZAC1T,01 - Non intersection,02 - Non-fatal injury,07 - SMV other,05 - Drifting Snow,07 - Dark,05 - Packed snow,10 - No control,,1,0,0,0,02 - Minor,1,,1,,,324459.5365,5031134.369,45.4198685,-76.2487953,11954
16--7680,2016/07/16,8:54 AM,BANK ST @ WALKLEY RD (0011423),11423,02 - Intersection related,02 - Non-fatal injury,04 - Sideswipe,01 - Clear,01 - Daylight,01 - Dry,01 - Traffic signal,00 - Unknown,2,0,0,0,02 - Minor,1,,1,,,370338.2426,5025946.954,45.37040062,-75.66329855,11955
16--7681,2016/07/16,9:04 AM,WALKLEY RD btwn CONROY RD & HARDING RD (__3ZA2EJ),__3ZA2EJ,04 - At/near private drive,03 - P.D. only,05 - Turning movement,01 - Clear,01 - Daylight,01 - Dry,10 - No control,,2,0,0,0,,0,,,,,373051.6995,5027551.528,45.38457891,-75.62843906,11956
16--7682,2016/07/16,9:37 PM,JEANNE D'ARC BLVD @ ORLEANS BLVD S (0004154),4154,03 - At intersection,03 - P.D. only,05 - Turning movement,01 - Clear,07 - Dark,01 - Dry,01 - Traffic signal,01 - Functioning,2,0,0,0,,0,,,,,380939.5495,5036249.771,45.4620263,-75.5263822,11957
16--7683,2016/07/17,1:01 PM,RIVERSIDE DR NB btwn FROBISHER LANE & HINCKS LANE (__3ZAZR1),__3ZAZR1,01 - Non intersection,03 - P.D. only,04 - Sideswipe,01 - Clear,01 - Daylight,01 - Dry,10 - No control,,2,0,0,0,,0,,,,,370156.9432,5030154.657,45.40827701,-75.66505563,11958
16--7684,2016/07/17,1:14 PM,RIVERSIDE DR NB btwn HINCKS LANE & SAN REMO PRIV (__3ZA4SC),__3ZA4SC,01 - Non intersection,03 - P.D. only,04 - Sideswipe,01 - Clear,01 - Daylight,01 - Dry,10 - No control,,2,0,0,0,,0,,,,,370369.4913,5030392.099,45.41039354,-75.662309,11959