Anom_ID,Accident_Date,Accident_Time,Location,Geo_ID,Accident_Location,Classification_of_Accident,Initial_Impact_Type,Environment_Condition,Light,Road_Surface_Condition,Traffic_Control,Traffic_Control_Condition,No__of_Vehicles,No__of_Bicycles,No__of_Motorcycles,No__of_Pedestrians,Max_Injury,No__of_Injuries,No__of_Minimal,No__of_Minor,No__of_Major,No__of_Fatal,X,Y,Latitude,Longitude,ObjectId
16--7685,2016/07/17,10:00 AM,BASELINE RD/HERON RD @ PRINCE OF WALES DR (0002345),2345,02 - Intersection related,02 - Non-fatal injury,03 - Rear end,01 - Clear,01 - Daylight,01 - Dry,01 - Traffic signal,01 - Functioning,2,0,0,0,02 - Minor,1,,1,,,366874.2013,5026438.739,45.37514097,-75.70745645,11960
16--7686,2016/07/17,Unknown,EARNSCLIFFE GROVE btwn ARDMORE ST & BORBRIDGE AVE (__86L62B),__86L62B,04 - At/near private drive,03 - P.D. only,06 - SMV unattended vehicle,01 - Clear,00 - Unknown,01 - Dry,10 - No control,,1,0,0,0,,0,,,,,367943.604,5014153.396,45.264504,-75.69537023,11961
16--7687,2016/07/17,Unknown,RAFTSMAN LANE btwn VOYAGEUR DR & VOYAGEUR DR (__3ZA6AV),__3ZA6AV,01 - Non intersection,03 - P.D. only,06 - SMV unattended vehicle,01 - Clear,00 - Unknown,01 - Dry,10 - No control,,1,0,0,0,,0,,,,,378951.6915,5037834.668,45.47649983,-75.55155881,11962
16--7688,2016/07/17,12:23 PM,ISLAND PARK DR btwn CLEARVIEW AVE & OTTAWA RIVER PKWY (__3ZA23A),__3ZA23A,01 - Non intersection,03 - P.D. only,03 - Rear end,01 - Clear,01 - Daylight,01 - Dry,10 - No control,,4,0,0,0,,0,,,,,363446.0204,5029399.347,45.40207537,-75.75087068,11963
16--7689,2016/07/17,2:00 PM,HWY417 IC127 RAMP25 btwn WOODROFFE AVE & HIGHWAY 417 (__3ZAY8A),__3ZAY8A,01 - Non intersection,02 - Non-fatal injury,07 - SMV other,01 - Clear,01 - Daylight,01 - Dry,10 - No control,,1,0,1,0,03 - Major,1,,,1,,362236.3327,5024881.911,45.3615283,-75.7668472,11964
16--769,2016/01/17,7:20 PM,HIGHWAY 417 btwn HWY417 IC118 RAMP67 & HWY417 IC117 RAMP36 (__3ZA2YO),__3ZA2YO,01 - Non intersection,03 - P.D. only,04 - Sideswipe,01 - Clear,07 - Dark,03 - Loose snow,10 - No control,,2,0,0,0,,0,,,,,369842.4114,5031154.624,45.41730364,-75.66894143,11965
16--7690,2016/07/17,2:03 PM,ASHTON STATION RD @ HIGHWAY 7 (0000066),66,02 - Intersection related,03 - P.D. only,07 - SMV other,01 - Clear,01 - Daylight,01 - Dry,02 - Stop sign,00 - Unknown,1,0,0,0,,0,,,,,339968.8922,5003783.85,45.17314763,-76.05256508,11966
16--7691,2016/07/17,2:04 PM,FOURTH LINE RD btwn BROPHY DR & CENTURY RD W (__3ZAB0Q),__3ZAB0Q,01 - Non intersection,02 - Non-fatal injury,07 - SMV other,01 - Clear,01 - Daylight,01 - Dry,10 - No control,,1,0,0,0,01 - Minimal,3,3,,,,360862.8634,5005534.277,45.18754771,-75.78656243,11967
16--7692,2016/07/17,2:29 PM,ST. LAURENT BLVD btwn FOLEY AVE & WALKLEY RD (__3ZA73H),__3ZA73H,01 - Non intersection,03 - P.D. only,04 - Sideswipe,01 - Clear,01 - Daylight,01 - Dry,10 - No control,,2,0,0,0,,0,,,,,373862.5228,5028136.401,45.38976186,-75.61800439,11968
16--7693,2016/07/17,2:38 PM,JEANNE D'ARC BLVD @ MONTCERF CRT (0004155),4155,03 - At intersection,02 - Non-fatal injury,02 - Angle,01 - Clear,01 - Daylight,01 - Dry,01 - Traffic signal,01 - Functioning,2,0,0,0,01 - Minimal,4,4,,,,381117.8074,5036286.842,45.46234038,-75.52409735,11969
16--7694,2016/07/17,2:55 PM,OTTAWA RIVER PKWY @ RIVER ST/SLIDELL ST (0005099),5099,03 - At intersection,02 - Non-fatal injury,02 - Angle,01 - Clear,01 - Daylight,01 - Dry,01 - Traffic signal,01 - Functioning,2,1,0,0,02 - Minor,1,,1,,,365153.4615,5030374.982,45.41070878,-75.72894279,11970
16--7695,2016/07/17,4:00 PM,BANK ST @ DALMENY RD/MARVELVILLE RD (0001081),1081,03 - At intersection,02 - Non-fatal injury,02 - Angle,01 - Clear,01 - Daylight,01 - Dry,02 - Stop sign,01 - Functioning,2,0,0,0,01 - Minimal,1,1,,,,385828.5535,5004368.806,45.17463514,-75.46909021,11971
16--7696,2016/07/17,4:35 PM,ST. JOSEPH BLVD @ REGIONAL RD 174/TRANSITWAY (0012428),12428,03 - At intersection,01 - Fatal injury,05 - Turning movement,01 - Clear,01 - Daylight,01 - Dry,01 - Traffic signal,01 - Functioning,4,0,1,0,04 - Fatal,2,,,,2,376557.6622,5035055.715,45.45174679,-75.58258142,11972
16--7697,2016/07/17,4:38 PM,INNES RD @ ORCHARDVIEW AVE/ESPRIT DR (0012279),12279,02 - Intersection related,03 - P.D. only,03 - Rear end,01 - Clear,01 - Daylight,01 - Dry,01 - Traffic signal,01 - Functioning,2,0,0,0,,0,,,,,384844.5373,5036559.65,45.46437779,-75.4764054,11973
16--7698,2016/07/17,4:38 PM,240 S OF CHARLEMAGNE BLVD/DES EPINETTES AVE @ TENTH LINE RD (0014362),14362,02 - Intersection related,03 - P.D. only,03 - Rear end,01 - Clear,01 - Daylight,01 - Dry,01 - Traffic signal,01 - Functioning,2,0,0,0,,0,,,,,383736.1826,5036677.455,45.46556382,-75.49055768,11974
16--7699,2016/07/17,4:43 PM,FRANK KENNY RD W @ INNES RD (0010153),10153,02 - Intersection related,03 - P.D. only,03 - Rear end,01 - Clear,01 - Daylight,01 - Dry,02 - Stop sign,01 - Functioning,2,0,0,0,,0,,,,,387532.946,5037628.669,45.47368248,-75.44185236,11975
16--77,2016/01/03,9:29 AM,BILL LEATHEM DR btwn PARAGON AVE & Continuation of BILL LEATHEM DR (__3ZA10Y),__3ZA10Y,01 - Non intersection,03 - P.D. only,01 - Approaching,03 - Snow,01 - Daylight,03 - Loose snow,10 - No control,,2,0,0,0,,0,,,,,366670.678,5017517.065,45.29488317,-75.71117008,11976
16--770,2016/01/17,8:15 PM,WEST HUNT CLUB RD @ WOODROFFE AVE (0000576),576,02 - Intersection related,03 - P.D. only,03 - Rear end,03 - Snow,07 - Dark,03 - Loose snow,01 - Traffic signal,01 - Functioning,2,0,0,0,,0,,,,,363670.7382,5021246.375,45.3286971,-75.74897182,11977
16--7700,2016/07/17,7:50 AM,HIGHWAY 7 btwn HWY 7 HAZELDEAN RD IC RAMP 52 & HAZELDEAN RD IC RAMP 62 (__7JQ7JA),__7JQ7JA,01 - Non intersection,02 - Non-fatal injury,07 - SMV other,01 - Clear,01 - Daylight,01 - Dry,10 - No control,,1,0,0,0,01 - Minimal,1,1,,,,346402.0859,5012314.638,45.24956202,-75.97000976,11978
16--7701,2016/07/17,8:30 PM,HWY417 IC131 RAMP53 btwn HIGHWAY 417 & HWY417 IC131 RAMP63 (__3ZAY4R),__3ZAY4R,01 - Non intersection,03 - P.D. only,07 - SMV other,01 - Clear,05 - Dusk,01 - Dry,10 - No control,,1,0,0,0,,0,,,,,358431.205,5022418.516,45.33966403,-75.81568177,11979
16--7702,2016/07/17,9:30 PM,BREEZEWOOD ST btwn MONDAVI ST & MONDAVI ST (__4BPET1),__4BPET1,04 - At/near private drive,03 - P.D. only,06 - SMV unattended vehicle,01 - Clear,07 - Dark,01 - Dry,10 - No control,,1,0,0,0,,0,,,,,386347.3609,5037931.995,45.47655095,-75.45696301,11980
16--7703,2016/07/17,9:32 AM,FRASER AVE @ BYRON AVE (0006220),6220,03 - At intersection,02 - Non-fatal injury,02 - Angle,01 - Clear,01 - Daylight,01 - Dry,02 - Stop sign,01 - Functioning,2,1,0,0,01 - Minimal,1,1,,,,362504.5213,5027655.701,45.38646453,-75.76310008,11981
16--7704,2016/07/17,9:42 PM,PRINCE OF WALES DR btwn FALLOWFIELD RD & AMBERWOOD CRES (__3ZA27I),__3ZA27I,01 - Non intersection,03 - P.D. only,03 - Rear end,01 - Clear,07 - Dark,01 - Dry,10 - No control,,2,0,0,0,,0,,,,,367487.2966,5020434.766,45.32106386,-75.70039044,11982
16--7705,2016/07/17,9:45 PM,HIGHWAY 417 btwn HWY417 IC163 RAMP15 & HWY417 IC155 RAMP51 (__3ZAZNS),__3ZAZNS,01 - Non intersection,03 - P.D. only,07 - SMV other,01 - Clear,07 - Dark,01 - Dry,10 - No control,,1,0,0,0,,0,,,,,331315.0458,5021449.668,45.33249473,-76.16171865,11983
16--7706,2016/07/17,9:59 AM,HUNT CLUB RD btwn DUNSTON TER & CAHILL DR (__3ZA2GG),__3ZA2GG,01 - Non intersection,03 - P.D. only,04 - Sideswipe,01 - Clear,01 - Daylight,01 - Dry,10 - No control,,2,0,0,0,,0,,,,,372321.5983,5024491.146,45.35711352,-75.63817958,11984
16--7707,2016/07/18,1:07 PM,DOVERCOURT AVE @ FRASER AVE (0006741),6741,03 - At intersection,02 - Non-fatal injury,02 - Angle,01 - Clear,01 - Daylight,01 - Dry,02 - Stop sign,01 - Functioning,2,0,0,0,02 - Minor,1,,1,,,362758.2069,5027027.799,45.3807938,-75.75993445,11985
16--7708,2016/07/18,1:55 PM,MONTREAL RD @ SHEFFORD RD (0012423),12423,03 - At intersection,03 - P.D. only,05 - Turning movement,01 - Clear,01 - Daylight,01 - Dry,01 - Traffic signal,01 - Functioning,2,0,0,0,,0,,,,,376126.1897,5034852.886,45.44996603,-75.58812648,11986
16--7709,2016/07/18,10:25 AM,CARLING AVE @ CARLINGWOOD SC (0008881),8881,03 - At intersection,02 - Non-fatal injury,05 - Turning movement,01 - Clear,01 - Daylight,01 - Dry,01 - Traffic signal,01 - Functioning,2,0,0,0,02 - Minor,1,,1,,,362072.3535,5025919.248,45.37087558,-75.76881992,11987
16--771,2016/01/17,8:20 PM,WOODROFFE AVE btwn TRANSIT & SPORTSPLEX S/TRANSIT (__5BK141),__5BK141,01 - Non intersection,03 - P.D. only,99 - Other,03 - Snow,07 - Dark,03 - Loose snow,10 - No control,,2,0,0,0,,0,,,,,363798.1212,5020975.1,45.32624549,-75.74737923,11988
16--7710,2016/07/18,11:22 AM,PLANTE DR @ WAXWING DR (0012060),12060,02 - Intersection related,03 - P.D. only,04 - Sideswipe,01 - Clear,01 - Daylight,01 - Dry,03 - Yield sign,01 - Functioning,2,0,0,0,,0,,,,,370567.9517,5023693.507,45.35010329,-75.66066612,11989
16--7711,2016/07/18,11:35 AM,HUNT CLUB RD btwn TURN LANE & RIVERSIDE DR (__3ZA37I),__3ZA37I,01 - Non intersection,03 - P.D. only,04 - Sideswipe,01 - Clear,01 - Daylight,01 - Dry,10 - No control,,2,0,0,0,,0,,,,,367941.9303,5021915.044,45.33434239,-75.69440313,11990
16--7712,2016/07/18,11:53 AM,BERTONA ST @ KNOXDALE RD (0000115),115,02 - Intersection related,03 - P.D. only,03 - Rear end,01 - Clear,01 - Daylight,01 - Dry,02 - Stop sign,01 - Functioning,2,0,0,0,,0,,,,,362754.3694,5021448.4,45.33059118,-75.76063752,11991
16--7713,2016/07/18,12:01 AM,RICHMOND RD btwn WEST HUNT CLUB RD & STONEHAVEN DR (__3ZA41H),__3ZA41H,01 - Non intersection,03 - P.D. only,07 - SMV other,02 - Rain,07 - Dark,02 - Wet,10 - No control,,1,0,0,0,,0,,,,,357035.9274,5017655.313,45.29690947,-75.83398618,11992
16--7714,2016/07/18,12:12 PM,MONTREAL RD @ VANIER PKWY (0004630),4630,02 - Intersection related,03 - P.D. only,03 - Rear end,01 - Clear,01 - Daylight,01 - Dry,01 - Traffic signal,01 - Functioning,2,0,0,0,,0,,,,,370071.6121,5033064.494,45.43446653,-75.66576011,11993
16--7715,2016/07/18,12:36 PM,CATHERINE ST btwn KENT ST & BANK ST (__3ZA3PQ),__3ZA3PQ,01 - Non intersection,03 - P.D. only,04 - Sideswipe,01 - Clear,01 - Daylight,01 - Dry,10 - No control,,2,0,0,0,,0,,,,,367922.0257,5030197.655,45.40886902,-75.69359862,11994
16--7716,2016/07/18,2:20 PM,OLD TENTH LINE RD @ TENTH LINE RD (0009223),9223,02 - Intersection related,03 - P.D. only,03 - Rear end,01 - Clear,01 - Daylight,01 - Dry,01 - Traffic signal,01 - Functioning,2,0,0,0,,0,,,,,383043.4656,5038362.01,45.48079787,-75.49914657,11995
16--7717,2016/07/18,2:24 PM,SMYTH RD @ RIVERSIDE HOSPITAL (0009069),9069,02 - Intersection related,03 - P.D. only,03 - Rear end,01 - Clear,01 - Daylight,01 - Dry,01 - Traffic signal,01 - Functioning,2,0,0,0,,0,,,,,369986.8842,5029120.836,45.39899092,-75.66736459,11996
16--7718,2016/07/18,2:40 PM,PETER MORAND CRES btwn ROGER GUINDON AVE & ROGER GUINDON AVE (__3ZAZAK),__3ZAZAK,01 - Non intersection,03 - P.D. only,06 - SMV unattended vehicle,01 - Clear,01 - Daylight,01 - Dry,10 - No control,,1,0,0,0,,0,,,,,372140.3567,5029644.061,45.40349487,-75.6397898,11997
16--7719,2016/07/18,2:45 PM,MERIVALE RD @ WEST HUNT CLUB RD (0000584),584,02 - Intersection related,03 - P.D. only,03 - Rear end,01 - Clear,01 - Daylight,01 - Dry,01 - Traffic signal,01 - Functioning,2,0,0,0,,0,,,,,365611.5588,5021942.498,45.33479525,-75.72412903,11998
16--772,2016/01/17,8:41 PM,SPRINGLAND DR N @ FLANNERY DR N (0006806),6806,02 - Intersection related,03 - P.D. only,07 - SMV other,03 - Snow,07 - Dark,03 - Loose snow,02 - Stop sign,01 - Functioning,1,0,0,0,,0,,,,,368893.9144,5025897.865,45.37009251,-75.68174219,11999
16--7720,2016/07/18,3:05 PM,RICHMOND RD btwn CHURCHILL AVE N & WINONA AVE (__3ZA4OX),__3ZA4OX,04 - At/near private drive,03 - P.D. only,02 - Angle,01 - Clear,01 - Daylight,01 - Dry,10 - No control,,2,0,0,0,,0,,,,,363243.3756,5028303.006,45.39222762,-75.75358888,12000
16--8622,2016/08/15,9:48 PM,DONALD ST @ VANIER PKWY (0007644),7644,03 - At intersection,02 - Non-fatal injury,05 - Turning movement,01 - Clear,07 - Dark,01 - Dry,01 - Traffic signal,01 - Functioning,2,0,0,0,02 - Minor,1,,1,,,370311.0545,5032270.366,45.42729891,-75.66280576,12001
16--8623,2016/08/16,1:08 PM,MERIVALE RD @ ROSSLAND AVE (0001757),1757,02 - Intersection related,03 - P.D. only,03 - Rear end,02 - Rain,01 - Daylight,02 - Wet,02 - Stop sign,01 - Functioning,2,0,0,0,,0,,,,,364673.1615,5024152.853,45.35476445,-75.73583305,12002
16--8624,2016/08/16,1:15 PM,EDGEWOOD AVE btwn RICHMOND RD & LINCOLN AVE (__3ZA4A4),__3ZA4A4,04 - At/near private drive,03 - P.D. only,06 - SMV unattended vehicle,01 - Clear,01 - Daylight,01 - Dry,10 - No control,,1,0,0,0,,0,,,,,363399.3515,5028393.862,45.39303209,-75.75158621,12003
16--8625,2016/08/16,1:35 PM,DALHOUSIE ST btwn YORK ST & GEORGE ST (__3ZBOX1),__3ZBOX1,01 - Non intersection,03 - P.D. only,06 - SMV unattended vehicle,01 - Clear,01 - Daylight,01 - Dry,10 - No control,,1,0,0,0,,0,,,,,368154.4861,5032321.601,45.42795857,-75.69035608,12004
16--8626,2016/08/16,10:27 AM,PRINCE OF WALES DR @ STRANDHERD DR (0013339),13339,02 - Intersection related,03 - P.D. only,03 - Rear end,01 - Clear,01 - Daylight,01 - Dry,01 - Traffic signal,01 - Functioning,2,0,0,0,,0,,,,,367174.7543,5014824.994,45.27061559,-75.70508227,12005
16--8627,2016/08/16,11:57 AM,GLADWIN CRES @ LANCASTER RD (0008281),8281,03 - At intersection,03 - P.D. only,02 - Angle,01 - Clear,01 - Daylight,01 - Dry,02 - Stop sign,01 - Functioning,2,0,0,0,,0,,,,,373459.0749,5029474.897,45.40184471,-75.62296992,12006
16--8628,2016/08/16,12:00 PM,FALLOWFIELD RD @ WOODROFFE AVE (0010372),10372,03 - At intersection,03 - P.D. only,02 - Angle,01 - Clear,01 - Daylight,01 - Dry,01 - Traffic signal,01 - Functioning,2,0,0,0,,0,,,,,365085.3695,5017903.41,45.29849729,-75.7313334,12007
16--8629,2016/08/16,12:20 PM,TENTH LINE RD btwn CANOTIA PL & AMIENS ST (__3ZA2GB),__3ZA2GB,01 - Non intersection,03 - P.D. only,04 - Sideswipe,01 - Clear,01 - Daylight,01 - Dry,10 - No control,,2,0,0,0,,0,,,,,383339.9946,5037596.326,45.47387565,-75.49547652,12008
16--863,2016/01/19,2:40 PM,BRONSON AVE btwn UNIVERSITY RD & BREWER WAY (__3ZA3BT),__3ZA3BT,01 - Non intersection,03 - P.D. only,07 - SMV other,01 - Clear,01 - Daylight,02 - Wet,10 - No control,,1,0,0,0,,0,,,,,368023.9176,5027918.331,45.38835115,-75.69258921,12009
16--8630,2016/08/16,12:24 PM,ALTA VISTA DR btwn EDGE HILL PL & AYERS AVE (__3ZA0TT),__3ZA0TT,04 - At/near private drive,03 - P.D. only,02 - Angle,02 - Rain,01 - Daylight,02 - Wet,10 - No control,,2,0,0,0,,0,,,,,370387.4763,5026310.728,45.37366914,-75.66262177,12010
16--8631,2016/08/16,12:41 PM,SMYTH RD btwn GENERAL HOSPITAL & LYNDA LANE (__3ZA3ONB),__3ZA3ONB,01 - Non intersection,03 - P.D. only,04 - Sideswipe,01 - Clear,01 - Daylight,01 - Dry,10 - No control,,2,0,0,0,,0,,,,,371576.9844,5029186.485,45.39943175,-75.6470475,12011
16--8632,2016/08/16,2:10 PM,PINETRAIL CRES btwn WILDBRIAR WAY & WILDBRIAR WAY (__3ZA00Z),__3ZA00Z,01 - Non intersection,03 - P.D. only,01 - Approaching,02 - Rain,01 - Daylight,02 - Wet,10 - No control,,2,0,0,0,,0,,,,,362757.2792,5022142.864,45.33683969,-75.76051908,12012
16--8633,2016/08/16,3:21 PM,DALY AVE @ NICHOLAS ST (0011451),11451,03 - At intersection,03 - P.D. only,03 - Rear end,02 - Rain,01 - Daylight,02 - Wet,01 - Traffic signal,01 - Functioning,2,0,0,0,,0,,,,,368226.0447,5032045.331,45.4254663,-75.68947726,12013
16--8634,2016/08/16,3:24 PM,PRINCE OF WALES DR btwn MEADOWLANDS DR & NESBITT PL (__3ZA36V),__3ZA36V,04 - At/near private drive,03 - P.D. only,02 - Angle,02 - Rain,01 - Daylight,02 - Wet,10 - No control,,2,0,0,0,,0,,,,,367382.1191,5025608.456,45.36762511,-75.70107734,12014
16--8635,2016/08/16,3:30 PM,BESSERER ST @ NICHOLAS ST (0007614),7614,02 - Intersection related,03 - P.D. only,03 - Rear end,01 - Clear,01 - Daylight,02 - Wet,01 - Traffic signal,01 - Functioning,2,0,0,0,,0,,,,,368185.4816,5032111.125,45.42606197,-75.6899871,12015
16--8636,2016/08/16,3:36 PM,FOREST VALLEY DR @ RIVERCREST DR (0003765),3765,03 - At intersection,03 - P.D. only,05 - Turning movement,01 - Clear,01 - Daylight,01 - Dry,02 - Stop sign,01 - Functioning,2,0,0,0,,0,,,,,379760.5126,5035360.119,45.45414939,-75.54159236,12016
16--8637,2016/08/16,4:20 PM,HIGHWAY 417 btwn HWY417 IC117 RAMP36 & HWY417 IC117 RAMP26 (__3ZAZE0),__3ZAZE0,01 - Non intersection,03 - P.D. only,03 - Rear end,02 - Rain,01 - Daylight,02 - Wet,10 - No control,,2,0,0,0,,0,,,,,370746.3936,5031188.717,45.41752577,-75.65738777,12017
16--8638,2016/08/16,4:51 PM,BLAIR RD @ INNES RD (0004165),4165,02 - Intersection related,03 - P.D. only,03 - Rear end,02 - Rain,01 - Daylight,02 - Wet,01 - Traffic signal,01 - Functioning,2,0,0,0,,0,,,,,375578.7349,5031439.823,45.41931295,-75.59561524,12018
16--8639,2016/08/16,5:11 PM,CENTREPOINTE DR @ HEMMINGWOOD WAY E (0001025),1025,03 - At intersection,03 - P.D. only,02 - Angle,02 - Rain,01 - Daylight,02 - Wet,02 - Stop sign,01 - Functioning,2,0,0,0,,0,,,,,362327.147,5023204.33,45.3464261,-75.76588328,12019
16--864,2016/01/19,2:42 PM,MONTREAL RD @ SAVARD AVE (0009801),9801,02 - Intersection related,03 - P.D. only,03 - Rear end,01 - Clear,01 - Daylight,02 - Wet,02 - Stop sign,01 - Functioning,2,0,0,0,,0,,,,,370158.6071,5033114.684,45.43491,-75.66464168,12020
16--8640,2016/08/16,5:39 PM,BANK ST @ ECHO DR (0007711),7711,03 - At intersection,03 - P.D. only,02 - Angle,02 - Rain,01 - Daylight,02 - Wet,02 - Stop sign,01 - Functioning,2,0,0,0,,0,,,,,368661.9384,5028760.455,45.39587044,-75.6843331,12021
16--8641,2016/08/16,5:46 PM,FARLANE BLVD btwn SUNNYCREST DR & ENCORE PRIV (__5GOKLC),__5GOKLC,04 - At/near private drive,02 - Non-fatal injury,07 - SMV other,02 - Rain,01 - Daylight,02 - Wet,10 - No control,,1,0,0,1,02 - Minor,1,,1,,,365410.5027,5025432.416,45.3662144,-75.72626623,12022
16--8642,2016/08/16,5:51 AM,KING EDWARD AVE btwn DALY AVE & STEWART ST (__3ZA3V2),__3ZA3V2,01 - Non intersection,03 - P.D. only,06 - SMV unattended vehicle,01 - Clear,07 - Dark,01 - Dry,10 - No control,,1,0,0,0,,0,,,,,368622.141,5032225.203,45.4270487,-75.68439275,12023
16--8643,2016/08/16,5:53 PM,DONALD ST btwn 110 E OF ST. LAURENT BLVD & ELAINE DR (__3ZA7RWB),__3ZA7RWB,01 - Non intersection,02 - Non-fatal injury,07 - SMV other,02 - Rain,01 - Daylight,02 - Wet,10 - No control,,1,0,0,2,01 - Minimal,2,2,,,,372232.9459,5032486.513,45.42906105,-75.63821824,12024
16--8262,2016/08/04,1:17 PM,HERON RD btwn ALTA VISTA DR & FINN CRT (__5RFC5O),__5RFC5O,01 - Non intersection,03 - P.D. only,05 - Turning movement,01 - Clear,01 - Daylight,01 - Dry,10 - No control,,2,0,0,0,,0,,,,,370499.3133,5026902.537,45.37898356,-75.66111533,12025
16--8644,2016/08/16,5:58 PM,CHAPMAN MILLS DR/TRANSITWAY SOUTHWEST @ WOODROFFE AVE (0013563),13563,02 - Intersection related,03 - P.D. only,03 - Rear end,02 - Rain,01 - Daylight,02 - Wet,01 - Traffic signal,00 - Unknown,2,0,0,0,,0,,,,,366177.0901,5015219.37,45.27425195,-75.71774677,12026
16--8645,2016/08/16,6:00 PM,HIGHWAY 417 btwn HWY417 IC142 RAMP35 & HWY417 IC142 RAMP25 (__3ZA1ZO),__3ZA1ZO,01 - Non intersection,03 - P.D. only,07 - SMV other,02 - Rain,01 - Daylight,02 - Wet,10 - No control,,1,0,0,0,,0,,,,,349064.424,5017326.694,45.29449988,-75.93564766,12027
16--8646,2016/08/16,6:05 PM,BLOHM DR @ HUNT CLUB RD (0011392),11392,03 - At intersection,03 - P.D. only,05 - Turning movement,02 - Rain,01 - Daylight,02 - Wet,01 - Traffic signal,01 - Functioning,2,0,0,0,,0,,,,,375129.5265,5026189.738,45.37212065,-75.60210281,12028
16--8647,2016/08/16,6:08 AM,HOLLAND AVE @ WELLINGTON ST (0002364),2364,02 - Intersection related,03 - P.D. only,05 - Turning movement,01 - Clear,03 - Dawn,01 - Dry,01 - Traffic signal,01 - Functioning,2,0,0,0,,0,,,,,364929.0428,5029152.896,45.39973204,-75.73195866,12029
16--8648,2016/08/16,6:11 AM,RUSSELL RD S @ ST. LAURENT BLVD (0007734),7734,02 - Intersection related,02 - Non-fatal injury,02 - Angle,01 - Clear,03 - Dawn,01 - Dry,01 - Traffic signal,01 - Functioning,2,1,0,0,02 - Minor,1,,1,,,373569.0622,5029260.542,45.39990525,-75.62159503,12030
16--8649,2016/08/16,6:55 PM,HENNESSY CRES E @ VALIN ST E (0009170),9170,03 - At intersection,03 - P.D. only,02 - Angle,02 - Rain,01 - Daylight,02 - Wet,02 - Stop sign,01 - Functioning,2,0,0,0,,0,,,,,385265.9861,5037698.125,45.47457227,-75.47083045,12031
16--865,2016/01/19,3:18 PM,DONALD ST @ ST. LAURENT BLVD (0008630),8630,02 - Intersection related,03 - P.D. only,03 - Rear end,01 - Clear,01 - Daylight,01 - Dry,01 - Traffic signal,01 - Functioning,2,0,0,0,,0,,,,,372093.4934,5032471.926,45.42894324,-75.64000221,12032
16--8650,2016/08/16,7:15 PM,FISHER AVE btwn TRENT ST & 220 S OF TRENT ST (__3ZA30SA),__3ZA30SA,01 - Non intersection,03 - P.D. only,03 - Rear end,02 - Rain,01 - Daylight,02 - Wet,10 - No control,,2,0,0,0,,0,,,,,365862.9497,5026747.281,45.37800603,-75.72032842,12033
16--8651,2016/08/16,7:42 AM,POULIN AVE @ REGINA ST (0003011),3011,03 - At intersection,03 - P.D. only,02 - Angle,01 - Clear,01 - Daylight,01 - Dry,02 - Stop sign,01 - Functioning,2,0,0,0,,0,,,,,360166.1377,5025264.289,45.36513548,-75.79322755,12034
16--8652,2016/08/16,7:42 PM,GLADSTONE AVE @ METCALFE ST (0002709),2709,03 - At intersection,03 - P.D. only,05 - Turning movement,01 - Clear,05 - Dusk,01 - Dry,01 - Traffic signal,01 - Functioning,2,0,0,0,,0,,,,,368230.4922,5030749.91,45.41381014,-75.6895872,12035
16--8653,2016/08/16,8:36 AM,ALBION RD @ HIGH RD (0004208),4208,02 - Intersection related,03 - P.D. only,03 - Rear end,01 - Clear,01 - Daylight,01 - Dry,02 - Stop sign,00 - Unknown,2,0,0,0,,0,,,,,374627.2907,5017745.67,45.29619446,-75.60970542,12036
16--8654,2016/08/16,8:45 AM,CABOT ST @ PLEASANT PARK RD (0007947),7947,02 - Intersection related,03 - P.D. only,03 - Rear end,01 - Clear,01 - Daylight,01 - Dry,02 - Stop sign,00 - Unknown,2,0,0,0,,0,,,,,369684.3374,5028424.424,45.39275295,-75.67132022,12037
16--8655,2016/08/16,9:02 AM,ST. JOSEPH BLVD btwn R.C.M.P. COMPLEX & YOUVILLE DR (__3ZA2BHB),__3ZA2BHB,01 - Non intersection,03 - P.D. only,03 - Rear end,01 - Clear,01 - Daylight,01 - Dry,10 - No control,,2,0,0,0,,0,,,,,378766.0009,5036063.243,45.46058156,-75.55420018,12038
16--8656,2016/08/16,9:03 AM,ST. JOSEPH BLVD @ JEANNE D'ARC BLVD (0012421),12421,03 - At intersection,03 - P.D. only,04 - Sideswipe,01 - Clear,01 - Daylight,01 - Dry,11 - Roundabout,01 - Functioning,2,0,0,0,,0,,,,,379861.5414,5036471.315,45.46413624,-75.54013121,12039
16--8657,2016/08/16,9:11 PM,HAZELDEAN RD @ TERRY FOX DR (0003682),3682,03 - At intersection,02 - Non-fatal injury,05 - Turning movement,02 - Rain,07 - Dark,02 - Wet,01 - Traffic signal,01 - Functioning,2,0,0,0,01 - Minimal,1,1,,,,352207.3915,5017242.231,45.29353484,-75.89558642,12040
16--8658,2016/08/17,1:15 PM,MONTREAL RD @ DEN HAAG DR/LANG'S RD (0010798),10798,02 - Intersection related,02 - Non-fatal injury,03 - Rear end,01 - Clear,01 - Daylight,01 - Dry,01 - Traffic signal,02 - Not functioning,2,0,0,0,01 - Minimal,1,1,,,,372386.718,5034221.851,45.44465993,-75.63601502,12041
16--8659,2016/08/17,1:21 PM,MARCH RD btwn SOLANDT RD & STATION RD (__3ZA3CD),__3ZA3CD,04 - At/near private drive,03 - P.D. only,05 - Turning movement,01 - Clear,01 - Daylight,01 - Dry,10 - No control,,2,0,0,0,,0,,,,,350499.8846,5022699.936,45.34275779,-75.91685134,12042