Anom_ID,Accident_Date,Accident_Time,Location,Geo_ID,Accident_Location,Classification_of_Accident,Initial_Impact_Type,Environment_Condition,Light,Road_Surface_Condition,Traffic_Control,Traffic_Control_Condition,No__of_Vehicles,No__of_Bicycles,No__of_Motorcycles,No__of_Pedestrians,Max_Injury,No__of_Injuries,No__of_Minimal,No__of_Minor,No__of_Major,No__of_Fatal,X,Y,Latitude,Longitude,ObjectId
16--866,2016/01/19,3:37 PM,DALY AVE @ NELSON ST (0008519),8519,03 - At intersection,03 - P.D. only,02 - Angle,01 - Clear,01 - Daylight,05 - Packed snow,02 - Stop sign,01 - Functioning,2,0,0,0,,0,,,,,368729.4907,5032357.364,45.42822803,-75.68300387,12043
16--8660,2016/08/17,1:34 PM,DUMAURIER AVE btwn SPLINTER CRES & ALENMEDE CRES (__3ZAZR5),__3ZAZR5,01 - Non intersection,02 - Non-fatal injury,07 - SMV other,01 - Clear,01 - Daylight,01 - Dry,10 - No control,,1,0,0,0,01 - Minimal,1,1,,,,359898.1822,5023299.304,45.34747569,-75.79686687,12044
16--8661,2016/08/17,1:56 AM,ALBERT ST @ BOOTH ST (0002162),2162,03 - At intersection,03 - P.D. only,07 - SMV other,01 - Clear,07 - Dark,01 - Dry,01 - Traffic signal,01 - Functioning,1,0,0,0,,0,,,,,366428.6932,5030628.637,45.41287996,-75.71262064,12045
16--8662,2016/08/17,10:51 AM,MARCH RD @ SOLANDT RD (0003172),3172,02 - Intersection related,02 - Non-fatal injury,03 - Rear end,01 - Clear,01 - Daylight,01 - Dry,01 - Traffic signal,01 - Functioning,2,0,0,0,01 - Minimal,1,1,,,,350490.144,5022709.164,45.34284146,-75.91697477,12046
16--8663,2016/08/17,11:30 AM,PRINCE OF WALES DR @ WEST HUNT CLUB RD (0000567),567,02 - Intersection related,03 - P.D. only,03 - Rear end,01 - Clear,01 - Daylight,01 - Dry,01 - Traffic signal,01 - Functioning,2,0,0,0,,0,,,,,367458.0285,5021891.503,45.33417395,-75.70057937,12047
16--8664,2016/08/17,11:32 AM,JOCKVALE RD @ STRANDHERD DR (0010541),10541,03 - At intersection,02 - Non-fatal injury,05 - Turning movement,01 - Clear,01 - Daylight,01 - Dry,01 - Traffic signal,01 - Functioning,2,0,0,0,02 - Minor,2,1,1,,,363560.261,5014578.496,45.2687089,-75.75117127,12048
16--8665,2016/08/17,11:32 AM,O'CONNOR ST @ SOMERSET ST (0002690),2690,02 - Intersection related,03 - P.D. only,03 - Rear end,01 - Clear,01 - Daylight,01 - Dry,01 - Traffic signal,01 - Functioning,2,0,0,0,,0,,,,,367855.6754,5031013.449,45.41621525,-75.69434181,12049
16--8666,2016/08/17,Unknown,HIGHCROFT AVE btwn KENWOOD AVE & CLARE ST (__3ZA09Q),__3ZA09Q,01 - Non intersection,03 - P.D. only,06 - SMV unattended vehicle,00 - Unknown,00 - Unknown,99 - Other,10 - No control,,1,0,0,0,,0,,,,,363489.7287,5027885.096,45.38844673,-75.75049255,12050
16--8667,2016/08/17,12:10 PM,TERRY FOX DR @ TRANS CANADA TRAIL (0011969),11969,02 - Intersection related,03 - P.D. only,03 - Rear end,01 - Clear,01 - Daylight,01 - Dry,01 - Traffic signal,01 - Functioning,2,0,0,0,,0,,,,,353252.911,5015999.007,45.28227669,-75.88237891,12051
16--8668,2016/08/17,12:20 PM,EASTPARK DR btwn WEDGEWOOD CRES & INNES RD (__3ZA7MQ),__3ZA7MQ,04 - At/near private drive,03 - P.D. only,02 - Angle,01 - Clear,01 - Daylight,01 - Dry,10 - No control,,2,0,0,0,,0,,,,,378556.5399,5033186.903,45.43472442,-75.55730938,12052
16--8669,2016/08/17,12:57 PM,MACLAREN ST @ METCALFE ST (0006950),6950,03 - At intersection,03 - P.D. only,05 - Turning movement,01 - Clear,01 - Daylight,01 - Dry,01 - Traffic signal,01 - Functioning,2,0,0,0,,0,,,,,368051.0481,5031032.356,45.41636774,-75.69184337,12053
16--867,2016/01/19,3:40 PM,WEST HUNT CLUB RD @ WOODROFFE AVE (0000576),576,02 - Intersection related,03 - P.D. only,03 - Rear end,01 - Clear,01 - Daylight,03 - Loose snow,01 - Traffic signal,01 - Functioning,2,0,0,0,,0,,,,,363670.7221,5021245.565,45.32868981,-75.74897212,12054
16--8670,2016/08/17,12:59 AM,HUNTERSFIELD DR @ PIKE ST (0006456),6456,03 - At intersection,03 - P.D. only,03 - Rear end,02 - Rain,07 - Dark,02 - Wet,01 - Traffic signal,01 - Functioning,2,0,0,0,,0,,,,,373227.9686,5025207.514,45.36347125,-75.62651317,12055
16--8671,2016/08/17,2:40 PM,ST. LAURENT BLVD btwn INDUSTRIAL AVE & BOURASSA ST (__3ZBOFB),__3ZBOFB,01 - Non intersection,03 - P.D. only,04 - Sideswipe,01 - Clear,01 - Daylight,01 - Dry,10 - No control,,2,0,0,0,,0,,,,,373106.7527,5029987.565,45.40649192,-75.62739884,12056
16--8672,2016/08/17,2:52 PM,CARLING AVE EB btwn FOX CRES & WOODROFFE AVE (__3ZA4VE),__3ZA4VE,01 - Non intersection,03 - P.D. only,04 - Sideswipe,01 - Clear,01 - Daylight,01 - Dry,10 - No control,,2,0,0,0,,0,,,,,361593.5892,5025618.159,45.36820537,-75.77496629,12057
16--8673,2016/08/17,3:05 PM,MONTREAL RD @ DUCHARME BLVD/CANTIN ST (0009319),9319,03 - At intersection,03 - P.D. only,04 - Sideswipe,01 - Clear,01 - Daylight,01 - Dry,01 - Traffic signal,01 - Functioning,2,0,0,0,,0,,,,,371017.3249,5033565.811,45.43888824,-75.65360679,12058
16--8674,2016/08/17,3:11 PM,RIVERSIDE DR RAMP 42A @ RIVERSIDE DR (0010862),10862,02 - Intersection related,02 - Non-fatal injury,07 - SMV other,01 - Clear,01 - Daylight,01 - Dry,03 - Yield sign,01 - Functioning,1,0,0,1,01 - Minimal,1,1,,,,368442.1962,5027269.176,45.38247236,-75.68733176,12059
16--8675,2016/08/17,3:20 PM,HIGHWAY 417 btwn HWY417 IC118 RAMP35 & HWY417 IC117 RAMP51 (__3ZA2YP),__3ZA2YP,01 - Non intersection,03 - P.D. only,03 - Rear end,01 - Clear,01 - Daylight,01 - Dry,10 - No control,,5,0,0,0,,0,,,,,370174.8542,5031098.642,45.41676895,-75.66470163,12060
16--8676,2016/08/17,4:03 PM,AVIATION PKWY @ OGILVIE RD (0004114),4114,02 - Intersection related,03 - P.D. only,03 - Rear end,01 - Clear,01 - Daylight,01 - Dry,01 - Traffic signal,01 - Functioning,2,0,0,0,,0,,,,,373111.7852,5032375.247,45.42797465,-75.62700356,12061
16--8677,2016/08/17,4:09 PM,HOLLAND AVE btwn WELLINGTON ST W & BYRON AVE (__3ZA4PY),__3ZA4PY,04 - At/near private drive,03 - P.D. only,02 - Angle,01 - Clear,01 - Daylight,01 - Dry,10 - No control,,3,0,0,0,,0,,,,,364936.068,5029139.284,45.39960896,-75.7318706,12062
16--8678,2016/08/17,4:38 PM,ANDERSON RD @ INNES RD (0004200),4200,02 - Intersection related,03 - P.D. only,03 - Rear end,01 - Clear,01 - Daylight,01 - Dry,01 - Traffic signal,01 - Functioning,2,0,0,0,,0,,,,,376281.8121,5031840.761,45.42284887,-75.58657455,12063
16--8679,2016/08/17,4:58 AM,RICHMOND RD @ NORTHSIDE RD E (0010417),10417,03 - At intersection,03 - P.D. only,07 - SMV other,02 - Rain,07 - Dark,02 - Wet,01 - Traffic signal,01 - Functioning,1,0,0,0,,0,,,,,358328.4723,5021226.034,45.32894186,-75.81712149,12064
16--868,2016/01/19,4:57 PM,INNES RD btwn HWY417 IC112 RAMP66 & CYRVILLE RD (__3ZA3RCB),__3ZA3RCB,01 - Non intersection,03 - P.D. only,04 - Sideswipe,03 - Snow,05 - Dusk,02 - Wet,10 - No control,,2,0,0,0,,0,,,,,375022.4841,5031102.319,45.41633232,-75.60277003,12065
16--8680,2016/08/17,5:00 PM,FALLOWFIELD RD @ VIA PARK PL/275 W OF WOODROFFE AVE (0010154),10154,02 - Intersection related,03 - P.D. only,03 - Rear end,01 - Clear,01 - Daylight,01 - Dry,01 - Traffic signal,01 - Functioning,2,0,0,0,,0,,,,,364847.0601,5017766.568,45.2972864,-75.73438826,12066
16--8681,2016/08/17,5:19 PM,COOPER ST @ LYON ST (0010861),10861,02 - Intersection related,03 - P.D. only,05 - Turning movement,01 - Clear,01 - Daylight,01 - Dry,02 - Stop sign,01 - Functioning,2,0,0,0,,0,,,,,367321.0471,5030791.904,45.41426983,-75.70120016,12067
16--8682,2016/08/17,5:21 PM,BANKFIELD RD btwn HWY416 IC57 RAMP62 & KILREEN LANE (__3ZAZXF),__3ZAZXF,01 - Non intersection,03 - P.D. only,03 - Rear end,01 - Clear,01 - Daylight,01 - Dry,10 - No control,,2,0,0,0,,0,,,,,365388.7437,5008413.838,45.21308399,-75.72862256,12068
16--8683,2016/08/17,5:22 PM,BANK ST btwn VANCOUVER AVE & FOXBAR AVE (__3ZA4TT),__3ZA4TT,04 - At/near private drive,02 - Non-fatal injury,02 - Angle,01 - Clear,01 - Daylight,01 - Dry,10 - No control,,2,0,0,0,01 - Minimal,2,2,,,,370458.818,5025653.509,45.36774901,-75.66179838,12069
16--8684,2016/08/17,5:23 PM,MEADOWLANDS DR btwn INVERNESS AVE & DEER PARK RD (__3ZA4IM),__3ZA4IM,04 - At/near private drive,03 - P.D. only,02 - Angle,01 - Clear,01 - Daylight,01 - Dry,10 - No control,,2,0,0,0,,0,,,,,365971.4506,5024855.936,45.36097861,-75.71917738,12070
16--8685,2016/08/17,5:23 PM,ECCLES ST @ PRESTON ST (0005749),5749,02 - Intersection related,03 - P.D. only,03 - Rear end,01 - Clear,01 - Daylight,01 - Dry,02 - Stop sign,01 - Functioning,2,0,0,0,,0,,,,,366329.6969,5030076.296,45.40791886,-75.71395426,12071
16--8686,2016/08/17,5:40 PM,HERZBERG RD @ CARLING AVE (0003193),3193,02 - Intersection related,02 - Non-fatal injury,03 - Rear end,01 - Clear,01 - Daylight,01 - Dry,01 - Traffic signal,01 - Functioning,2,0,0,0,01 - Minimal,2,2,,,,352037.3927,5022300.493,45.33906168,-75.89727133,12072
16--8687,2016/08/17,5:53 PM,MOODIE DR btwn 715 S OF CARLING AVE & 325 N OF CORKSTOWN RD/NORTEL S E (__3ZA4Z7C),__3ZA4Z7C,01 - Non intersection,03 - P.D. only,03 - Rear end,01 - Clear,01 - Daylight,01 - Dry,10 - No control,,2,0,0,0,,0,,,,,356189.084,5023203.983,45.34689955,-75.84420704,12073
16--8688,2016/08/17,5:59 AM,BANK ST btwn LAWRENCE ST & MORNINGSIDE AVE (__3ZA270),__3ZA270,04 - At/near private drive,02 - Non-fatal injury,03 - Rear end,01 - Clear,03 - Dawn,02 - Wet,10 - No control,,2,0,0,0,03 - Major,2,,1,1,,386426.4069,5002779.213,45.1602639,-75.46174497,12074
16--8689,2016/08/17,6:00 AM,BASELINE RD @ CENTREPOINTE DR E/HIGHGATE RD (0011468),11468,03 - At intersection,03 - P.D. only,07 - SMV other,02 - Rain,03 - Dawn,02 - Wet,01 - Traffic signal,01 - Functioning,1,0,0,0,,0,,,,,362061.0048,5023466.414,45.3488061,-75.76924896,12075
16--869,2016/01/19,4:59 PM,FALLOWFIELD RD @ GREENBANK RD (0000549),549,03 - At intersection,02 - Non-fatal injury,05 - Turning movement,01 - Clear,05 - Dusk,01 - Dry,01 - Traffic signal,01 - Functioning,2,0,0,0,02 - Minor,2,,2,,,363079.578,5016733.114,45.28813621,-75.7570435,12076
16--8690,2016/08/17,6:02 PM,BASELINE RD @ FARLANE BLVD (0002725),2725,03 - At intersection,03 - P.D. only,05 - Turning movement,01 - Clear,01 - Daylight,01 - Dry,01 - Traffic signal,01 - Functioning,2,0,0,0,,0,,,,,365356.9116,5025517.753,45.36698688,-75.72693983,12077
16--8691,2016/08/17,6:03 PM,DES PERDRIX CRES N @ SUNVIEW DR N (0004439),4439,02 - Intersection related,02 - Non-fatal injury,03 - Rear end,01 - Clear,01 - Daylight,01 - Dry,02 - Stop sign,01 - Functioning,2,0,0,0,03 - Major,1,,,1,,381963.8381,5036266.825,45.46206735,-75.5132836,12078
16--8692,2016/08/17,6:11 PM,MAITLAND AVE/GLENMOUNT AVE @ ERINDALE DR (0002724),2724,03 - At intersection,03 - P.D. only,02 - Angle,01 - Clear,01 - Daylight,01 - Dry,01 - Traffic signal,01 - Functioning,2,0,0,0,,0,,,,,363698.1121,5025211.955,45.3643767,-75.7481504,12079
16--8693,2016/08/17,7:20 AM,HIGHWAY 417 btwn HWY417 IC134 RAMP26 & HWY417 IC134 RAMP61 (__3ZAZEU),__3ZAZEU,01 - Non intersection,02 - Non-fatal injury,03 - Rear end,01 - Clear,01 - Daylight,01 - Dry,10 - No control,,4,0,0,0,02 - Minor,1,,1,,,356652.0788,5022430.875,45.33990899,-75.83838004,12080
16--8694,2016/08/17,7:45 AM,HIGHWAY 417 btwn HWY417 IC131 RAMP66 & HWY417 IC130 RAMP26 (__3ZA29A),__3ZA29A,01 - Non intersection,03 - P.D. only,03 - Rear end,01 - Clear,01 - Daylight,01 - Dry,10 - No control,,2,0,0,0,,0,,,,,359161.3922,5023076.883,45.34553183,-75.80629313,12081
16--8695,2016/08/17,7:45 AM,HIGHWAY 417 btwn HWY417 IC129 RAMP76 & HWY417 IC129 RAMP26 (__3ZA2RG),__3ZA2RG,01 - Non intersection,02 - Non-fatal injury,03 - Rear end,01 - Clear,01 - Daylight,01 - Dry,10 - No control,,2,0,0,0,01 - Minimal,1,1,,,,360396.4694,5023504.456,45.34928232,-75.79048542,12082
16--8696,2016/08/17,7:53 AM,BANK ST @ CATHERINE ST (0002708),2708,02 - Intersection related,03 - P.D. only,04 - Sideswipe,01 - Clear,01 - Daylight,01 - Dry,01 - Traffic signal,01 - Functioning,2,0,0,0,,0,,,,,368040.1646,5030267.342,45.40948537,-75.69208057,12083
16--8697,2016/08/17,7:53 AM,BRONSON AVE btwn RENFREW AVE & POWELL AVE (__3ZA3BZ),__3ZA3BZ,04 - At/near private drive,03 - P.D. only,02 - Angle,01 - Clear,01 - Daylight,01 - Dry,10 - No control,,2,0,0,0,,0,,,,,367359.5656,5029543.44,45.40303308,-75.7008665,12084
16--8698,2016/08/17,7:56 AM,CUMBERLAND ST @ RIDEAU ST (0007759),7759,03 - At intersection,03 - P.D. only,04 - Sideswipe,01 - Clear,01 - Daylight,01 - Dry,01 - Traffic signal,01 - Functioning,2,0,0,0,,0,,,,,368374.7305,5032329.315,45.42800799,-75.68754074,12085
16--8699,2016/08/17,8:03 AM,MELFORT ST @ WALKLEY RD (0008805),8805,02 - Intersection related,02 - Non-fatal injury,07 - SMV other,01 - Clear,01 - Daylight,01 - Dry,01 - Traffic signal,01 - Functioning,1,0,0,1,02 - Minor,1,,1,,,374445.5181,5028373.32,45.39183581,-75.61052644,12086
16--87,2016/01/04,11:00 AM,PARKDALE AVE WB OFF RAMP/OTTAWA RIVER PKWY btwn OTTAWA RIVER PKWY & PA (__3ZAY0R),__3ZAY0R,01 - Non intersection,03 - P.D. only,07 - SMV other,01 - Clear,01 - Daylight,01 - Dry,10 - No control,,1,0,0,0,,0,,,,,364830.9357,5030402.696,45.41098589,-75.73305953,12087
16--870,2016/01/19,4:59 PM,CARLING AVE @ MELROSE AVE (0006992),6992,03 - At intersection,03 - P.D. only,05 - Turning movement,01 - Clear,05 - Dusk,04 - Slush,02 - Stop sign,01 - Functioning,2,0,0,0,,0,,,,,365970.9248,5028392.649,45.39280127,-75.71874598,12088
16--8700,2016/08/17,8:15 AM,HIGHWAY 417 btwn HWY417 IC127 RAMP63 & HWY417 IC127 RAMP67 (__3ZA2RF),__3ZA2RF,01 - Non intersection,03 - P.D. only,04 - Sideswipe,01 - Clear,01 - Daylight,01 - Dry,10 - No control,,2,0,0,0,,0,,,,,362203.0482,5024907.803,45.361764,-75.76726902,12089
16--8701,2016/08/17,9:25 PM,HIGHWAY 417 btwn HWY417 IC112 RAMP54 & HWY417 IC112 RAMP65 (__3ZAZE8),__3ZAZE8,01 - Non intersection,03 - P.D. only,03 - Rear end,01 - Clear,07 - Dark,01 - Dry,10 - No control,,2,0,0,0,,0,,,,,374338.3458,5030912.375,45.41469162,-75.61153698,12090
16--8702,2016/08/17,9:34 AM,MAITLAND AVE btwn DUNCAN PL & LENESTER AVE (__3ZBOCE),__3ZBOCE,01 - Non intersection,03 - P.D. only,03 - Rear end,01 - Clear,01 - Daylight,01 - Dry,10 - No control,,5,0,0,0,,0,,,,,363018.5144,5026299.3,45.37421728,-75.75669676,12091
16--8703,2016/08/17,9:39 PM,INNES RD @ STONEHENGE CRES E (0009355),9355,02 - Intersection related,03 - P.D. only,02 - Angle,01 - Clear,07 - Dark,01 - Dry,01 - Traffic signal,01 - Functioning,2,0,0,0,,0,,,,,375363.7368,5031313.38,45.418197,-75.59838017,12092
16--8704,2016/08/18,10:11 AM,HWY417 IC118 RAMP45 btwn HWY417 IC118 RAMP35 & LEES AVE (__3ZAY9P),__3ZAY9P,07 - Overpass or bridge,03 - P.D. only,03 - Rear end,01 - Clear,01 - Daylight,01 - Dry,10 - No control,00 - Unknown,2,0,0,0,,0,,,,,369517.336,5030998.297,45.41592721,-75.67311507,12093
16--8705,2016/08/18,10:35 AM,VANIER PKWY NB btwn VANIER PKWY & DONALD ST (__3ZBPHY),__3ZBPHY,01 - Non intersection,03 - P.D. only,04 - Sideswipe,01 - Clear,01 - Daylight,01 - Dry,10 - No control,,2,0,0,0,,0,,,,,370308.8591,5032287.49,45.42745319,-75.66283154,12094
16--8706,2016/08/18,11:35 AM,WALKLEY RD btwn 152 E OF HEATHERINGTON RD & HOLLY LANE (__3ZA2LVB),__3ZA2LVB,04 - At/near private drive,03 - P.D. only,02 - Angle,01 - Clear,01 - Daylight,01 - Dry,10 - No control,,2,0,0,0,,0,,,,,371926.6835,5026883.271,45.37867491,-75.64289453,12095
16--8707,2016/08/18,12:03 PM,KIRKWOOD AVE btwn LYMAN ST & MULVIHILL AVE (__3ZA4OA),__3ZA4OA,01 - Non intersection,02 - Non-fatal injury,04 - Sideswipe,01 - Clear,01 - Daylight,01 - Dry,10 - No control,,2,0,0,0,02 - Minor,1,,1,,,363814.9136,5028550.446,45.39440611,-75.7462605,12096
16--8708,2016/08/18,12:04 PM,BANK ST @ CECIL AVE (0002601),2601,03 - At intersection,02 - Non-fatal injury,02 - Angle,01 - Clear,01 - Daylight,01 - Dry,02 - Stop sign,01 - Functioning,2,0,0,0,01 - Minimal,1,1,,,,369944.9319,5026988.887,45.37981227,-75.66818182,12097
16--8709,2016/08/18,12:05 PM,ISABELLA ST btwn CHAMBERLAIN AVE & O'CONNOR ST (__3ZA3PM),__3ZA3PM,01 - Non intersection,03 - P.D. only,04 - Sideswipe,01 - Clear,01 - Daylight,01 - Dry,10 - No control,,2,0,0,0,,0,,,,,368126.8394,5030205.86,45.40892434,-75.69098128,12098
16--871,2016/01/19,5:00 PM,KING EDWARD AVE @ SUSSEX DR (0002653),2653,02 - Intersection related,03 - P.D. only,03 - Rear end,01 - Clear,05 - Dusk,02 - Wet,01 - Traffic signal,01 - Functioning,2,0,0,0,,0,,,,,367662.9972,5033503.058,45.43863326,-75.69648563,12099
16--8710,2016/08/18,12:08 AM,AVIATION PKWY @ MONTREAL RD (0008799),8799,03 - At intersection,02 - Non-fatal injury,05 - Turning movement,01 - Clear,07 - Dark,01 - Dry,01 - Traffic signal,01 - Functioning,2,0,0,0,02 - Minor,2,,2,,,372146.9029,5034108.325,45.44366163,-75.63909585,12100
16--8711,2016/08/18,12:21 AM,MIDSUMMER TER E @ WILDFLOWER DR E (0004958),4958,03 - At intersection,02 - Non-fatal injury,07 - SMV other,01 - Clear,07 - Dark,01 - Dry,02 - Stop sign,01 - Functioning,1,0,0,0,02 - Minor,1,,1,,,382685.5014,5036128.945,45.46074674,-75.50407872,12101
16--8532,2016/08/12,5:30 PM,GLADSTONE AVE btwn METCALFE ST & ELGIN ST (__3ZA3QC),__3ZA3QC,04 - At/near private drive,03 - P.D. only,02 - Angle,02 - Rain,01 - Daylight,02 - Wet,10 - No control,,2,0,0,0,,0,,,,,368309.1208,5030797.841,45.41423428,-75.68857654,12102
16--8983,2016/08/26,4:05 PM,WOODROFFE AVE @ KNOXDALE RD/MEDHURST DR (0000519),519,02 - Intersection related,03 - P.D. only,03 - Rear end,01 - Clear,01 - Daylight,01 - Dry,01 - Traffic signal,01 - Functioning,2,0,0,0,,0,,,,,363420.5181,5021826.901,45.33394158,-75.75209492,12103
16--8533,2016/08/12,5:30 PM,HIGHWAY 417 btwn HWY417 IC129 RAMP25 & HWY417 IC129 RAMP35 (__3ZAYFR),__3ZAYFR,01 - Non intersection,03 - P.D. only,04 - Sideswipe,01 - Clear,01 - Daylight,01 - Dry,10 - No control,,2,0,0,0,,0,,,,,360514.3204,5023579.092,45.34994454,-75.78897313,12104
16--8984,2016/08/26,5:05 PM,MERIVALE RD btwn BASIL MACDONALD WAY & VIEWMOUNT DR (__3ZA1N6B),__3ZA1N6B,01 - Non intersection,02 - Non-fatal injury,03 - Rear end,01 - Clear,01 - Daylight,01 - Dry,10 - No control,,2,0,0,0,01 - Minimal,1,1,,,,365153.9456,5023040.007,45.34471,-75.72983313,12105
16--8802,2016/08/21,1:40 PM,HWY417 IC129 RAMP51 btwn HIGHWAY 417 & ASHLEY ST (__3ZAYBJ),__3ZAYBJ,01 - Non intersection,03 - P.D. only,04 - Sideswipe,01 - Clear,01 - Daylight,02 - Wet,10 - No control,,2,0,0,0,,0,,,,,360280.4188,5023335.571,45.34777189,-75.79198527,12106
16--8803,2016/08/21,10:15 PM,BRONSON AVE @ SUNNYSIDE AVE/UNIVERSITY RD - CA (0007209),7209,03 - At intersection,03 - P.D. only,05 - Turning movement,01 - Clear,07 - Dark,01 - Dry,01 - Traffic signal,01 - Functioning,2,0,0,0,,0,,,,,367923.3327,5028090.808,45.38991212,-75.69385156,12107
16--8263,2016/08/04,1:20 PM,BORRISOKANE RD/TARTAN DR @ STRANDHERD DR (0010634),10634,02 - Intersection related,03 - P.D. only,03 - Rear end,01 - Clear,01 - Daylight,01 - Dry,01 - Traffic signal,01 - Functioning,2,0,0,0,,0,,,,,362292.1837,5013545.689,45.25952043,-75.76744958,12108
16--8985,2016/08/26,5:09 PM,INNES RD btwn GREENVALE LANE & VISENEAU DR (__3ZA2L4),__3ZA2L4,01 - Non intersection,02 - Non-fatal injury,03 - Rear end,01 - Clear,01 - Daylight,01 - Dry,10 - No control,,3,0,0,0,01 - Minimal,1,1,,,,381709.5985,5035020.539,45.45088233,-75.51672907,12109
16--8804,2016/08/21,10:30 PM,ROCKDALE RD btwn MAGLADRY RD & GOLF COURSE RD (__3ZBO69),__3ZBO69,01 - Non intersection,02 - Non-fatal injury,07 - SMV other,01 - Clear,07 - Dark,01 - Dry,10 - No control,,1,0,0,0,03 - Major,1,,,1,,392600.1798,5029780.435,45.40245475,-75.37845487,12110
16--8534,2016/08/12,6:04 PM,HAZELDEAN RD @ HUNTMAR DR/IBER RD (0000075),75,02 - Intersection related,03 - P.D. only,03 - Rear end,02 - Rain,01 - Daylight,02 - Wet,01 - Traffic signal,01 - Functioning,2,0,0,0,,0,,,,,350942.5979,5016081.503,45.28317446,-75.91181881,12111
16--8264,2016/08/04,1:21 PM,FALLMOUTH CRT @ CLEARBROOK DR (0010969),10969,03 - At intersection,02 - Non-fatal injury,02 - Angle,01 - Clear,01 - Daylight,01 - Dry,02 - Stop sign,01 - Functioning,2,0,0,0,02 - Minor,2,,2,,,366013.8793,5014913.736,45.2715161,-75.71986439,12112
16--8986,2016/08/26,5:28 PM,SHERBOURNE RD @ FRASER AVE (0003080),3080,02 - Intersection related,03 - P.D. only,02 - Angle,01 - Clear,01 - Daylight,01 - Dry,02 - Stop sign,01 - Functioning,2,0,0,0,,0,,,,,362852.8299,5026667.918,45.37754781,-75.75876862,12113
16--8805,2016/08/21,10:39 PM,RIDEAU VALLEY DR    N btwn SUTHERLAND DR & MARINA DR (__3ZA392),__3ZA392,01 - Non intersection,03 - P.D. only,04 - Sideswipe,01 - Clear,07 - Dark,01 - Dry,10 - No control,,2,0,0,0,,0,,,,,372339.6918,5003430.362,45.16761117,-75.64081193,12114
16--8535,2016/08/12,6:20 AM,WOODROFFE AVE btwn GRENFELL CRES & 260 N OF FALLOWFIELD RD/TRANSITWAY  (__3ZA3IO),__3ZA3IO,01 - Non intersection,03 - P.D. only,07 - SMV other,01 - Clear,03 - Dawn,01 - Dry,10 - No control,,1,0,0,0,,0,,,,,364618.2282,5019058.162,45.30892761,-75.7371498,12115
16--8265,2016/08/04,1:36 PM,BEAVERBROOK LANE btwn BEAVERBROOK RD & TERON RD (__3ZA2ND),__3ZA2ND,04 - At/near private drive,03 - P.D. only,03 - Rear end,01 - Clear,01 - Daylight,01 - Dry,10 - No control,,2,0,0,0,,0,,,,,351762.5291,5021320.944,45.33026595,-75.90087123,12116
16--8987,2016/08/26,6:09 PM,NICHOLAS ST NB btwn HWY417 IC118 RAMP52 & WALLER ST/TRANSITWAY (__6KCFNL),__6KCFNL,01 - Non intersection,03 - P.D. only,03 - Rear end,01 - Clear,01 - Daylight,01 - Dry,10 - No control,,2,0,0,0,,0,,,,,368944.9049,5031377.946,45.41939586,-75.68037877,12117
16--8806,2016/08/21,10:45 AM,HAWTHORNE RD btwn STEVENAGE DR & HUNT CLUB RD (__3ZA2E8),__3ZA2E8,01 - Non intersection,03 - P.D. only,04 - Sideswipe,02 - Rain,01 - Daylight,02 - Wet,10 - No control,,2,0,0,0,,0,,,,,375501.8224,5026419.043,45.37414636,-75.59731747,12118
16--8536,2016/08/12,6:43 AM,DONALD B. MUNRO DR btwn JOHN SHAW RD & WILLIAM HODGINS LANE (__3ZACD8),__3ZACD8,01 - Non intersection,03 - P.D. only,07 - SMV other,02 - Rain,03 - Dawn,02 - Wet,10 - No control,,1,0,0,0,,0,,,,,335851.1351,5022654.887,45.34315381,-76.10377247,12119
16--8537,2016/08/12,7:21 AM,BLACKBURN BYPASS @ NAVAN RD (0004201),4201,02 - Intersection related,03 - P.D. only,03 - Rear end,02 - Rain,01 - Daylight,02 - Wet,01 - Traffic signal,01 - Functioning,2,0,0,0,,0,,,,,379617.7471,5033275.299,45.43540701,-75.54373443,12120
16--8538,2016/08/12,7:30 AM,HWY417 IC118 RAMP67 btwn HWY417 IC118 RAMP64 & HIGHWAY 417 (__3ZAY9L),__3ZAY9L,01 - Non intersection,03 - P.D. only,04 - Sideswipe,01 - Clear,01 - Daylight,01 - Dry,10 - No control,,2,0,0,0,,0,,,,,369601.0748,5031165.072,45.41742004,-75.67202333,12121
16--8539,2016/08/12,7:36 PM,DEVINE RD btwn SAND RD & FRANK KENNY RD (__3ZA2YF),__3ZA2YF,01 - Non intersection,03 - P.D. only,07 - SMV other,02 - Rain,05 - Dusk,02 - Wet,10 - No control,,1,0,0,0,,0,,,,,393483.0031,5023428.004,45.34519145,-75.36832063,12122
16--854,2016/01/19,10:02 AM,ARMAGH WAY btwn WOODFORD WAY & WOODPARK WAY (__3ZA5AW),__3ZA5AW,01 - Non intersection,03 - P.D. only,06 - SMV unattended vehicle,02 - Rain,01 - Daylight,03 - Loose snow,10 - No control,,1,0,0,0,,0,,,,,365011.8196,5017306.412,45.29313184,-75.7323436,12123
16--8540,2016/08/12,7:42 PM,BLAIR RD @ INNES RD (0004165),4165,02 - Intersection related,03 - P.D. only,03 - Rear end,02 - Rain,01 - Daylight,02 - Wet,01 - Traffic signal,01 - Functioning,2,0,0,0,,0,,,,,375577.9067,5031439.969,45.41931434,-75.5956258,12124