Anom_ID,Accident_Date,Accident_Time,Location,Geo_ID,Accident_Location,Classification_of_Accident,Initial_Impact_Type,Environment_Condition,Light,Road_Surface_Condition,Traffic_Control,Traffic_Control_Condition,No__of_Vehicles,No__of_Bicycles,No__of_Motorcycles,No__of_Pedestrians,Max_Injury,No__of_Injuries,No__of_Minimal,No__of_Minor,No__of_Major,No__of_Fatal,X,Y,Latitude,Longitude,ObjectId
16--8541,2016/08/12,7:44 AM,FALLOWFIELD RD @ MERIVALE RD (0000587),587,02 - Intersection related,03 - P.D. only,03 - Rear end,01 - Clear,01 - Daylight,02 - Wet,01 - Traffic signal,00 - Unknown,2,0,0,0,,0,,,,,366890.0563,5018846.54,45.30682629,-75.70820686,12125
16--8542,2016/08/12,8:27 AM,ATHLONE AVE @ SCOTT ST (0006305),6305,03 - At intersection,02 - Non-fatal injury,05 - Turning movement,02 - Rain,01 - Daylight,02 - Wet,01 - Traffic signal,01 - Functioning,2,1,0,0,02 - Minor,1,,1,,,363328.3699,5028733.998,45.39609852,-75.75245234,12126
16--8543,2016/08/12,9:23 AM,BILL LEATHEM DR btwn Continuation of BILL LEATHEM DR & LEIKIN DR (__3ZA10X),__3ZA10X,01 - Non intersection,03 - P.D. only,07 - SMV other,02 - Rain,01 - Daylight,02 - Wet,10 - No control,,1,0,0,0,,0,,,,,366906.8803,5017462.353,45.29437004,-75.70816573,12127
16--8544,2016/08/12,9:35 PM,CONROY RD @ ST. LAURENT BLVD (0011390),11390,02 - Intersection related,03 - P.D. only,03 - Rear end,02 - Rain,07 - Dark,02 - Wet,01 - Traffic signal,01 - Functioning,2,0,0,0,,0,,,,,373069.9675,5027158.06,45.38103687,-75.62826023,12128
16--8545,2016/08/13,1:03 PM,AYLMER AVE @ ROSEDALE AVE (0007524),7524,03 - At intersection,03 - P.D. only,02 - Angle,02 - Rain,01 - Daylight,02 - Wet,02 - Stop sign,01 - Functioning,2,0,0,0,,0,,,,,368354.0351,5028536.555,45.39388387,-75.68829419,12129
16--8546,2016/08/13,1:39 PM,BANK ST btwn CLAREY AVE & HOLMWOOD AVE (__3ZA3OP),__3ZA3OP,01 - Non intersection,02 - Non-fatal injury,03 - Rear end,02 - Rain,01 - Daylight,02 - Wet,10 - No control,,2,0,0,0,01 - Minimal,1,1,,,,368464.1534,5029237.05,45.4001767,-75.68679751,12130
16--8547,2016/08/13,1:44 PM,CASTLEFRANK RD @ TERRY FOX DR (0011757),11757,02 - Intersection related,03 - P.D. only,03 - Rear end,02 - Rain,01 - Daylight,02 - Wet,01 - Traffic signal,01 - Functioning,2,0,0,0,,0,,,,,352993.5097,5016305.995,45.28505688,-75.88565545,12131
16--8548,2016/08/13,10:15 PM,BRONSON AVE @ SOMERSET ST (0002218),2218,02 - Intersection related,03 - P.D. only,99 - Other,02 - Rain,07 - Dark,02 - Wet,01 - Traffic signal,01 - Functioning,2,0,0,0,,0,,,,,366967.6961,5030476.343,45.41146199,-75.70575411,12132
16--8549,2016/08/13,10:17 AM,MOODIE DR @ RICHMOND RD N (0001487),1487,02 - Intersection related,03 - P.D. only,02 - Angle,02 - Rain,01 - Daylight,02 - Wet,02 - Stop sign,01 - Functioning,2,0,0,0,,0,,,,,357394.3274,5019690.476,45.31519538,-75.8292009,12133
16--855,2016/01/19,10:05 AM,JOCK TR btwn MUNSTER RD & GREEN'S RD (__3ZACH0),__3ZACH0,04 - At/near private drive,03 - P.D. only,02 - Angle,05 - Drifting Snow,01 - Daylight,06 - Ice,10 - No control,,2,0,0,0,,0,,,,,352775.4513,5000814.008,45.14566912,-75.8899274,12134
16--8550,2016/08/13,10:27 AM,OGILVIE RD @ BATHGATE DR/CITYPARK DR W (0012430),12430,03 - At intersection,02 - Non-fatal injury,02 - Angle,02 - Rain,01 - Daylight,02 - Wet,01 - Traffic signal,01 - Functioning,3,0,0,0,02 - Minor,1,,1,,,373828.396,5032801.246,45.43173721,-75.61778694,12135
16--8551,2016/08/13,11:00 AM,CONSTANCE BAY RD btwn TO BE DETERMINED & WILLAND LANE (__3ZA4GW),__3ZA4GW,01 - Non intersection,03 - P.D. only,07 - SMV other,02 - Rain,01 - Daylight,02 - Wet,10 - No control,,1,0,0,0,,0,,,,,336957.3769,5037457.599,45.4763039,-76.088691,12136
16--8552,2016/08/13,11:08 AM,CYRVILLE RD @ INNES RD (0009352),9352,02 - Intersection related,02 - Non-fatal injury,03 - Rear end,02 - Rain,01 - Daylight,02 - Wet,01 - Traffic signal,01 - Functioning,2,0,0,0,02 - Minor,1,,1,,,375047.7247,5031118.761,45.41647772,-75.60244523,12137
16--8553,2016/08/13,11:44 PM,RICHMOND RD @ STINSON AVE (0001130),1130,02 - Intersection related,03 - P.D. only,07 - SMV other,02 - Rain,07 - Dark,02 - Wet,01 - Traffic signal,01 - Functioning,1,0,0,0,,0,,,,,357873.6585,5020928.319,45.32629753,-75.82295519,12138
16--8554,2016/08/13,Unknown,CHURCHILL AVE @ RICHMOND RD (0002361),2361,02 - Intersection related,03 - P.D. only,06 - SMV unattended vehicle,01 - Clear,00 - Unknown,01 - Dry,01 - Traffic signal,00 - Unknown,1,0,0,0,,0,,,,,363227.6938,5028292.965,45.39213858,-75.75379033,12139
16--8555,2016/08/13,12:41 PM,RICHMOND RD @ STONEHAVEN DR (0010370),10370,03 - At intersection,02 - Non-fatal injury,99 - Other,02 - Rain,01 - Daylight,02 - Wet,01 - Traffic signal,01 - Functioning,2,0,0,0,02 - Minor,3,1,2,,,356781.4216,5015890.778,45.28105076,-75.83741583,12140
16--8556,2016/08/13,12:44 PM,CASTLEFRANK RD @ TERRY FOX DR (0011757),11757,02 - Intersection related,03 - P.D. only,03 - Rear end,02 - Rain,01 - Daylight,02 - Wet,01 - Traffic signal,01 - Functioning,2,0,0,0,,0,,,,,352993.1808,5016305.222,45.28504995,-75.88565971,12141
16--8557,2016/08/13,2:17 PM,RIVERSIDE DR @ UPLANDS DR/KIMBERWICK CRES N (0006890),6890,02 - Intersection related,03 - P.D. only,05 - Turning movement,01 - Clear,01 - Daylight,01 - Dry,01 - Traffic signal,01 - Functioning,2,0,0,0,,0,,,,,368194.0342,5022793.955,45.34222792,-75.69107438,12142
16--8558,2016/08/13,3:28 AM,HUNT CLUB RD EB btwn 275 E OF HAWTHORNE RD/OC TRANSPO TURNAROUND & HAWTHORNE RD (e___2HF3A),e___2HF3A,01 - Non intersection,03 - P.D. only,07 - SMV other,02 - Rain,07 - Dark,02 - Wet,10 - No control,,1,0,0,0,,0,,,,,375553.922,5026426.65,45.37420955,-75.59665129,12143
16--8559,2016/08/13,3:45 PM,RIVERSIDE DR NB btwn SAN REMO PRIV & INDUSTRIAL AVE (__3ZAZ0A),__3ZAZ0A,01 - Non intersection,02 - Non-fatal injury,03 - Rear end,02 - Rain,01 - Daylight,02 - Wet,10 - No control,,2,0,0,0,01 - Minimal,1,1,,,,370474.105,5030402.79,45.41047992,-75.66097122,12144
16--856,2016/01/19,10:15 AM,ISLAND PARK DR btwn ISLAND PARK DR NB/SB SPLIT & BYNG DR (__3ZA21N),__3ZA21N,01 - Non intersection,03 - P.D. only,03 - Rear end,03 - Snow,01 - Daylight,02 - Wet,10 - No control,,2,0,0,0,,0,,,,,364824.4264,5028093.171,45.39020583,-75.73342377,12145
16--8560,2016/08/13,3:49 PM,BURNSIDE AVE @ HINCHEY AVE (0006325),6325,03 - At intersection,03 - P.D. only,02 - Angle,99 - Other,01 - Daylight,02 - Wet,02 - Stop sign,00 - Unknown,3,0,0,0,,0,,,,,364937.5284,5030164.124,45.40883012,-75.73172696,12146
16--8561,2016/08/13,4:06 PM,BANK ST btwn TURN LANE & SPRINGHILL RD (__3ZA2LG),__3ZA2LG,01 - Non intersection,03 - P.D. only,07 - SMV other,02 - Rain,01 - Daylight,02 - Wet,10 - No control,,1,0,0,0,,0,,,,,384791.112,5007181.205,45.20005809,-75.4818362,12147
16--8562,2016/08/13,5:00 AM,WOODRIDGE CRES btwn BAYSHORE DR & BAYSHORE PS (__6KE4J1A),__6KE4J1A,01 - Non intersection,03 - P.D. only,06 - SMV unattended vehicle,02 - Rain,07 - Dark,02 - Wet,10 - No control,,1,0,0,0,,0,,,,,358867.613,5023718.545,45.35132823,-75.80997163,12148
16--8563,2016/08/13,5:08 PM,OGILVIE RD btwn BATHGATE DR & CITY PARK DR (1) (__3ZA2G8A),__3ZA2G8A,01 - Non intersection,02 - Non-fatal injury,03 - Rear end,03 - Snow,01 - Daylight,02 - Wet,10 - No control,,2,0,0,0,02 - Minor,1,,1,,,373843.0464,5032809.213,45.43180745,-75.6175986,12149
16--8564,2016/08/13,5:50 PM,HIGHWAY 417 btwn HWY417 IC138 RAMP61 & HWY417 IC134 RAMP36 (__3ZA20I),__3ZA20I,01 - Non intersection,03 - P.D. only,07 - SMV other,02 - Rain,01 - Daylight,02 - Wet,10 - No control,,1,0,0,0,,0,,,,,355779.5392,5021927.242,45.33544119,-75.8495646,12150
16--8565,2016/08/13,7:32 PM,BESSERER ST @ WALLER ST (0008859),8859,02 - Intersection related,03 - P.D. only,05 - Turning movement,02 - Rain,01 - Daylight,02 - Wet,01 - Traffic signal,01 - Functioning,2,0,0,0,,0,,,,,368314.8356,5032192.197,45.42677969,-75.68832378,12151
16--8566,2016/08/13,7:56 PM,MONTREAL RD btwn OLMSTEAD ST & Continuation of MONTREAL RD (__3ZA3L2),__3ZA3L2,01 - Non intersection,03 - P.D. only,04 - Sideswipe,02 - Rain,01 - Daylight,02 - Wet,10 - No control,,2,0,0,0,,0,,,,,370356.5769,5033227.677,45.43590813,-75.66209662,12152
16--8567,2016/08/13,8:05 AM,OTTAWA RIVER PKWY btwn ISLAND PARK DR & TURN LANE (1) (__3ZA23F),__3ZA23F,01 - Non intersection,03 - P.D. only,04 - Sideswipe,02 - Rain,01 - Daylight,02 - Wet,10 - No control,,2,0,0,0,,0,,,,,363323.9659,5029495.771,45.40295319,-75.75241819,12153
16--8568,2016/08/13,9:10 AM,HERON RD WB btwn BRONSON AVE RAMP 26 & BRONSON AVE RAMP 62 (__5FD69N),__5FD69N,01 - Non intersection,03 - P.D. only,03 - Rear end,02 - Rain,01 - Daylight,02 - Wet,10 - No control,,2,0,0,0,,0,,,,,368701.2606,5026713.543,45.37744935,-75.68409593,12154
16--8569,2016/08/14,1:18 AM,FAIRGREEN AVE btwn TRIM RD & COLONIAL RD (__3ZA6UG),__3ZA6UG,01 - Non intersection,02 - Non-fatal injury,07 - SMV other,02 - Rain,07 - Dark,02 - Wet,10 - No control,,1,0,0,2,02 - Minor,2,,2,,,388890.7747,5031690.77,45.42009742,-75.42550375,12155
16--857,2016/01/19,10:26 AM,BASELINE RD @ FARLANE BLVD (0002725),2725,02 - Intersection related,03 - P.D. only,03 - Rear end,01 - Clear,01 - Daylight,05 - Packed snow,01 - Traffic signal,01 - Functioning,2,0,0,0,,0,,,,,365356.9116,5025518.192,45.36699083,-75.72693978,12156
16--8570,2016/08/14,1:38 AM,CATHERINE ST/HWY 417 O'CONN IC119BR76 @ O'CONN (0001697),1697,03 - At intersection,03 - P.D. only,02 - Angle,01 - Clear,07 - Dark,01 - Dry,01 - Traffic signal,01 - Functioning,2,0,0,0,,0,,,,,368243.5886,5030391.607,45.41058506,-75.68946602,12157
16--8571,2016/08/14,11:01 AM,CYRVILLE RD @ INNES RD (0009352),9352,03 - At intersection,03 - P.D. only,04 - Sideswipe,01 - Clear,01 - Daylight,01 - Dry,01 - Traffic signal,01 - Functioning,2,0,0,0,,0,,,,,375047.4974,5031119.564,45.41648497,-75.60244801,12158
16--8572,2016/08/14,12:10 AM,ELMRIDGE DR btwn ELMSMERE RD & ELMSMERE RD (__3ZA7XM),__3ZA7XM,01 - Non intersection,03 - P.D. only,06 - SMV unattended vehicle,01 - Clear,07 - Dark,02 - Wet,10 - No control,,1,0,0,0,,0,,,,,375096.278,5034111.033,45.44339563,-75.60139779,12159
16--8573,2016/08/14,2:08 AM,BROMLEY RD @ SHERBOURNE RD (0011219),11219,03 - At intersection,03 - P.D. only,04 - Sideswipe,01 - Clear,07 - Dark,01 - Dry,02 - Stop sign,01 - Functioning,2,0,0,0,,0,,,,,362924.3169,5026581.035,45.37676012,-75.75786617,12160
16--8574,2016/08/14,2:49 PM,BRONSON AVE btwn SOMERSET ST W & MACLAREN ST (__3ZBODK),__3ZBODK,04 - At/near private drive,03 - P.D. only,05 - Turning movement,01 - Clear,01 - Daylight,01 - Dry,10 - No control,,2,0,0,0,,0,,,,,366971.8673,5030466.254,45.41137084,-75.7057021,12161
16--8575,2016/08/14,3:05 PM,RICHARDSON SIDE RD @ SPRUCE RIDGE RD (0011499),11499,03 - At intersection,03 - P.D. only,02 - Angle,01 - Clear,01 - Daylight,01 - Dry,02 - Stop sign,01 - Functioning,2,0,0,0,,0,,,,,343201.3062,5014397.23,45.26848413,-76.01062361,12162
16--8576,2016/08/14,3:11 PM,MERIVALE RD btwn CAPITAL DR & MACFARLANE RD (__4BBEAB),__4BBEAB,05 - At railway crossing,03 - P.D. only,03 - Rear end,01 - Clear,01 - Daylight,01 - Dry,10 - No control,,2,0,0,0,,0,,,,,366119.5112,5020714.631,45.32370286,-75.71780096,12163
16--8577,2016/08/14,3:12 PM,BRONSON AVE @ BRONSON AVE NB ON RAMP 42 (0011234),11234,02 - Intersection related,03 - P.D. only,02 - Angle,01 - Clear,01 - Daylight,01 - Dry,03 - Yield sign,01 - Functioning,2,0,0,0,,0,,,,,367752.3019,5028446.382,45.39312687,-75.69599021,12164
16--8578,2016/08/14,3:15 PM,HIGHWAY 417 btwn HWY417 IC115 RAMP25 & REGIONAL ROAD 174 (__3ZA2RY),__3ZA2RY,01 - Non intersection,03 - P.D. only,07 - SMV other,01 - Clear,01 - Daylight,01 - Dry,10 - No control,,1,0,0,0,,0,,,,,373214.1341,5031650.382,45.42144267,-75.62579641,12165
16--8579,2016/08/14,3:58 AM,TERRY FOX DR btwn DIDSBURY RD & HWY417 IC140 RAMP36 (__3ZA3DS),__3ZA3DS,01 - Non intersection,03 - P.D. only,07 - SMV other,01 - Clear,07 - Dark,02 - Wet,10 - No control,,1,0,0,0,,0,,,,,350686.6648,5018853.093,45.30813078,-75.91482457,12166
16--858,2016/01/19,12:00 PM,O'CONNOR ST @ SLATER ST (0002230),2230,02 - Intersection related,03 - P.D. only,05 - Turning movement,01 - Clear,01 - Daylight,02 - Wet,01 - Traffic signal,01 - Functioning,2,0,0,0,,0,,,,,367579.7049,5031449.887,45.420167,-75.69781192,12167
16--8580,2016/08/14,5:12 PM,BUCHANAN CRES W @ QUINCY AVE W (0009472),9472,03 - At intersection,03 - P.D. only,02 - Angle,01 - Clear,01 - Daylight,01 - Dry,02 - Stop sign,01 - Functioning,2,0,0,0,,0,,,,,374364.32,5035925.414,45.45979361,-75.61049672,12168
16--8581,2016/08/14,5:46 PM,CHARLOTTE ST btwn DESJARDINS AVE & CLARENCE ST E (__3ZA8S7),__3ZA8S7,01 - Non intersection,03 - P.D. only,07 - SMV other,01 - Clear,01 - Daylight,01 - Dry,10 - No control,,1,0,0,0,,0,,,,,369038.6311,5033177.667,45.43558048,-75.67894655,12169
16--8582,2016/08/14,6:00 AM,CARP RD btwn MCGEE SIDE RD & ARBOURBROOK BLVD (__5RGDMI),__5RGDMI,01 - Non intersection,03 - P.D. only,07 - SMV other,01 - Clear,03 - Dawn,02 - Wet,10 - No control,,1,0,0,0,,0,,,,,344847.2005,5018708.676,45.30718851,-75.98930155,12170
16--8583,2016/08/14,6:25 PM,HAIG DR @ SMYTH RD (0007736),7736,03 - At intersection,03 - P.D. only,05 - Turning movement,01 - Clear,01 - Daylight,01 - Dry,01 - Traffic signal,01 - Functioning,2,0,0,0,,0,,,,,372565.1841,5029298.778,45.40034716,-75.63441109,12171
16--8584,2016/08/14,6:45 PM,MONTREAL RD @ STE. ANNE ST (0009798),9798,02 - Intersection related,03 - P.D. only,02 - Angle,01 - Clear,01 - Daylight,01 - Dry,02 - Stop sign,01 - Functioning,2,0,0,0,,0,,,,,370706.4891,5033415.498,45.43756516,-75.6575996,12172
16--8585,2016/08/14,8:16 PM,OLD TENTH LINE RD/OR174 IC101 RAMP63 @ ST. JOS (0009233),9233,03 - At intersection,02 - Non-fatal injury,02 - Angle,01 - Clear,05 - Dusk,01 - Dry,01 - Traffic signal,01 - Functioning,2,0,0,0,02 - Minor,3,,3,,,383117.9303,5038788.518,45.48462685,-75.49812618,12173
16--8586,2016/08/14,8:36 PM,DUNROBIN RD btwn KINBURN SIDE RD & VANCES SIDE RD (__3ZA3FG),__3ZA3FG,01 - Non intersection,03 - P.D. only,07 - SMV other,01 - Clear,07 - Dark,01 - Dry,10 - No control,,1,0,0,0,,0,,,,,338169.5574,5035774.349,45.46110074,-76.07330132,12174
16--8587,2016/08/14,8:47 AM,RENAUD RD @ MER BLEUE RD (0012893),12893,03 - At intersection,03 - P.D. only,07 - SMV other,01 - Clear,01 - Daylight,01 - Dry,02 - Stop sign,01 - Functioning,1,0,0,0,,0,,,,,383445.6363,5033735.359,45.43912619,-75.49474305,12175
16--8588,2016/08/14,9:12 AM,KING EDWARD AVE btwn RIDEAU ST & BESSERER ST (__3ZA3VA),__3ZA3VA,01 - Non intersection,03 - P.D. only,04 - Sideswipe,01 - Clear,01 - Daylight,01 - Dry,10 - No control,,3,0,0,0,,0,,,,,368522.9037,5032396.246,45.42859673,-75.68563868,12176
16--8589,2016/08/15,1:31 PM,RIVERSIDE DR NB btwn INDUSTRIAL AVE & TREMBLAY RD (__3ZA4SE),__3ZA4SE,01 - Non intersection,03 - P.D. only,03 - Rear end,01 - Clear,01 - Daylight,01 - Dry,10 - No control,,2,0,0,0,,0,,,,,370788.4417,5030917.726,45.41508354,-75.65688686,12177
16--859,2016/01/19,12:20 PM,MONK ST @ THORNTON AVE (0007379),7379,03 - At intersection,03 - P.D. only,02 - Angle,01 - Clear,01 - Daylight,05 - Packed snow,02 - Stop sign,01 - Functioning,2,0,0,0,,0,,,,,368370.0518,5029295.778,45.40071367,-75.68799181,12178
16--8590,2016/08/15,10:03 AM,BESSERER ST @ WALLER ST (0008859),8859,02 - Intersection related,02 - Non-fatal injury,04 - Sideswipe,01 - Clear,01 - Daylight,01 - Dry,01 - Traffic signal,01 - Functioning,2,1,0,0,02 - Minor,1,,1,,,368315.706,5032192.887,45.42678582,-75.68831257,12179
16--8591,2016/08/15,10:18 AM,BYRON AVE @ KIRKWOOD AVE (0006296),6296,02 - Intersection related,03 - P.D. only,03 - Rear end,01 - Clear,01 - Daylight,01 - Dry,01 - Traffic signal,01 - Functioning,2,0,0,0,,0,,,,,363866.691,5028431.822,45.39333439,-75.74561346,12180
16--8592,2016/08/15,11:30 PM,AUGUSTA ST btwn BESSERER ST & DALY AVE (__3ZA7A3),__3ZA7A3,01 - Non intersection,03 - P.D. only,06 - SMV unattended vehicle,01 - Clear,07 - Dark,01 - Dry,10 - No control,,1,0,0,0,,0,,,,,369056.0263,5032638.4,45.43072676,-75.67879462,12181
16--8593,2016/08/15,11:55 AM,RIVER RD btwn BALMORAL DR & JARVIS DR (__3ZA38O),__3ZA38O,04 - At/near private drive,02 - Non-fatal injury,02 - Angle,01 - Clear,01 - Daylight,01 - Dry,10 - No control,,2,1,0,0,01 - Minimal,1,1,,,,368140.3846,5019946.17,45.31660894,-75.69212326,12182
16--8594,2016/08/15,Unknown,CEDAROCK DR btwn HANOVER CRT & SPRINGTREE PL (__3ZA2VO),__3ZA2VO,01 - Non intersection,03 - P.D. only,06 - SMV unattended vehicle,01 - Clear,00 - Unknown,01 - Dry,10 - No control,,1,0,0,0,,0,,,,,354948.8622,5016875.654,45.290046,-75.86067363,12183
16--8595,2016/08/15,12:00 PM,EDGEWOOD AVE btwn RICHMOND RD & LINCOLN AVE (__3ZA4A4),__3ZA4A4,01 - Non intersection,03 - P.D. only,06 - SMV unattended vehicle,01 - Clear,01 - Daylight,01 - Dry,10 - No control,,1,0,0,0,,0,,,,,363406.0056,5028377.744,45.39288651,-75.75150315,12184
16--8596,2016/08/15,12:32 PM,LAFONTAINE AVE @ MCARTHUR AVE (0009806),9806,03 - At intersection,03 - P.D. only,05 - Turning movement,01 - Clear,01 - Daylight,01 - Dry,01 - Traffic signal,01 - Functioning,2,0,0,0,,0,,,,,370949.4928,5032771.354,45.43174649,-75.65458048,12185
16--8597,2016/08/15,2:10 PM,PRINCE OF WALES DR btwn COLONNADE RD & STEPHANIE AVE (__3ZA29R),__3ZA29R,01 - Non intersection,03 - P.D. only,03 - Rear end,01 - Clear,01 - Daylight,01 - Dry,10 - No control,,5,0,0,0,,0,,,,,367410.4748,5023233.764,45.34625561,-75.70101616,12186
16--8598,2016/08/15,2:15 PM,MICHAEL ST btwn KENASTON ST & BELFAST RD (__3ZA794),__3ZA794,04 - At/near private drive,03 - P.D. only,02 - Angle,01 - Clear,01 - Daylight,01 - Dry,10 - No control,,2,0,0,0,,0,,,,,373114.9488,5030718.876,45.41307112,-75.6271928,12187
16--8599,2016/08/15,2:45 PM,RUTGERS PRIV btwn GOTHAM PRIV & END (__4QVRBE),__4QVRBE,01 - Non intersection,03 - P.D. only,07 - SMV other,01 - Clear,01 - Daylight,01 - Dry,10 - No control,,1,0,0,0,,0,,,,,364780.5142,5026054.291,45.37186412,-75.73423223,12188
16--86,2016/01/04,10:55 AM,CARLINGWOOD SC @ WOODROFFE AVE (0008879),8879,03 - At intersection,02 - Non-fatal injury,02 - Angle,01 - Clear,01 - Daylight,02 - Wet,01 - Traffic signal,01 - Functioning,2,0,0,0,02 - Minor,3,2,1,,,361845.579,5026037.572,45.37195875,-75.77170118,12189
16--860,2016/01/19,12:44 PM,HAZELDEAN RD @ CARBROOKE ST/IRWIN GATE (0003187),3187,02 - Intersection related,03 - P.D. only,04 - Sideswipe,01 - Clear,01 - Daylight,04 - Slush,01 - Traffic signal,01 - Functioning,2,0,0,0,,0,,,,,353418.1272,5018266.158,45.30266564,-75.88005082,12190
16--8600,2016/08/15,3:03 PM,RICHMOND RD @ BELLFIELD ST/RIDGEVALLEY DR (0000521),521,03 - At intersection,02 - Non-fatal injury,03 - Rear end,01 - Clear,01 - Daylight,01 - Dry,02 - Stop sign,01 - Functioning,2,0,0,0,02 - Minor,1,,1,,,359492.5889,5023528.511,45.34956984,-75.80201709,12191
16--8601,2016/08/15,3:20 AM,TRIM RD btwn PERRAULT RD & END (__3ZBPH7),__3ZBPH7,01 - Non intersection,03 - P.D. only,07 - SMV other,01 - Clear,07 - Dark,01 - Dry,10 - No control,,1,0,0,0,,0,,,,,389957.7343,5028812.218,45.39407015,-75.41236997,12192
16--8602,2016/08/15,3:20 PM,HIGHWAY 417 btwn HWY 417 ANDERSON IC104R61 & HWY 417 BOUNDARY IC96R16 (__3ZA2W5),__3ZA2W5,01 - Non intersection,03 - P.D. only,03 - Rear end,01 - Clear,01 - Daylight,01 - Dry,10 - No control,,2,0,0,0,,0,,,,,383266.6462,5025396.744,45.36412202,-75.49835727,12193
16--8603,2016/08/15,3:47 PM,LYON ST @ WELLINGTON ST (0002388),2388,03 - At intersection,03 - P.D. only,05 - Turning movement,01 - Clear,01 - Daylight,01 - Dry,01 - Traffic signal,01 - Functioning,2,0,0,0,,0,,,,,366934.7383,5031426.08,45.42001037,-75.70605539,12194
16--8604,2016/08/15,3:58 PM,BASELINE RD @ 207 E OF CLYDE AVE (0008213),8213,02 - Intersection related,03 - P.D. only,03 - Rear end,01 - Clear,01 - Daylight,01 - Dry,01 - Traffic signal,01 - Functioning,3,0,0,0,,0,,,,,364534.8051,5025002.532,45.36242155,-75.73749606,12195
16--8605,2016/08/15,4:18 PM,BLAIR RD @ DUNHAM ST (0009287),9287,02 - Intersection related,03 - P.D. only,03 - Rear end,01 - Clear,01 - Daylight,01 - Dry,02 - Stop sign,00 - Unknown,3,0,0,0,,0,,,,,374306.7204,5033710.852,45.43987397,-75.61154605,12196
16--8606,2016/08/15,4:34 PM,HWY 417 INNES IC112R68 @ INNES RD (0012300),12300,02 - Intersection related,03 - P.D. only,03 - Rear end,01 - Clear,01 - Daylight,01 - Dry,01 - Traffic signal,01 - Functioning,2,0,0,0,,0,,,,,374642.785,5030920.887,45.41473789,-75.60764655,12197
16--8607,2016/08/15,4:36 AM,HUNT CLUB RD btwn TURN LANE & RIVERSIDE DR (__3ZA37I),__3ZA37I,01 - Non intersection,02 - Non-fatal injury,07 - SMV other,01 - Clear,07 - Dark,01 - Dry,10 - No control,,1,0,0,0,02 - Minor,1,,1,,,367942.9599,5021915.422,45.3343457,-75.69438995,12198
16--8608,2016/08/15,4:55 PM,CARLING AVE btwn MOODIE DR & JAMES CUMMINGS AVE (__3ZA4ZC),__3ZA4ZC,01 - Non intersection,03 - P.D. only,99 - Other,01 - Clear,01 - Daylight,01 - Dry,10 - No control,,2,0,0,0,,0,,,,,356102.947,5023893.398,45.35310927,-75.84523467,12199
16--8609,2016/08/15,5:00 PM,SOMERSET ST    W btwn RADSTOCK PRIV & KENT ST (__3ZAZZU),__3ZAZZU,01 - Non intersection,03 - P.D. only,06 - SMV unattended vehicle,01 - Clear,01 - Daylight,01 - Dry,10 - No control,,1,0,0,0,,0,,,,,367517.8511,5030810.427,45.41441889,-75.69868358,12200
16--861,2016/01/19,2:18 PM,CATHERINE ST/HWY 417 O'CONN IC119BR76 @ O'CONN (0001697),1697,02 - Intersection related,03 - P.D. only,04 - Sideswipe,01 - Clear,01 - Daylight,03 - Loose snow,01 - Traffic signal,01 - Functioning,2,0,0,0,,0,,,,,368243.6108,5030392.484,45.41059295,-75.68946562,12201
16--8610,2016/08/15,5:27 PM,MERIVALE RD btwn TURN LANE & MEADOWLANDS DR W (__3ZA4HW),__3ZA4HW,01 - Non intersection,03 - P.D. only,04 - Sideswipe,01 - Clear,01 - Daylight,01 - Dry,10 - No control,,2,0,0,0,,0,,,,,364855.0635,5023733.238,45.35097326,-75.73356259,12202
16--8611,2016/08/15,5:35 PM,HIGHWAY 417 btwn HWY417 IC126 RAMP61 & HWY417 IC124 RAMP76 (__3ZA2Y2),__3ZA2Y2,01 - Non intersection,03 - P.D. only,03 - Rear end,01 - Clear,01 - Daylight,01 - Dry,10 - No control,,2,0,0,0,,0,,,,,364105.1833,5027119.502,45.3815062,-75.74272545,12203
16--8612,2016/08/15,5:47 PM,METCALFE ST @ QUEEN ST (0003140),3140,02 - Intersection related,02 - Non-fatal injury,03 - Rear end,01 - Clear,01 - Daylight,01 - Dry,01 - Traffic signal,01 - Functioning,2,1,0,0,02 - Minor,1,,1,,,367648.702,5031680.846,45.4222389,-75.69690091,12204
16--8613,2016/08/15,5:59 PM,BASELINE RD @ WOODROFFE AVE (0002225),2225,02 - Intersection related,03 - P.D. only,03 - Rear end,01 - Clear,01 - Daylight,01 - Dry,01 - Traffic signal,01 - Functioning,2,0,0,0,,0,,,,,362549.9175,5023770.505,45.3515022,-75.76297458,12205
16--8614,2016/08/15,6:24 PM,COVENTRY RD @ 230 W OF ST. LAURENT BLVD/ST. LA (0008535),8535,02 - Intersection related,02 - Non-fatal injury,07 - SMV other,01 - Clear,01 - Daylight,01 - Dry,01 - Traffic signal,01 - Functioning,1,0,0,1,02 - Minor,2,1,1,,,372081.1311,5031933.792,45.42410255,-75.64023369,12206
16--8615,2016/08/15,6:30 PM,CARLING AVE WB btwn CAMBRIDGE ST S & BRONSON AVE (__3ZA25E),__3ZA25E,01 - Non intersection,03 - P.D. only,04 - Sideswipe,01 - Clear,01 - Daylight,01 - Dry,10 - No control,,2,0,0,0,,0,,,,,367441.7795,5029331.83,45.40112173,-75.69984329,12207
16--8616,2016/08/15,7:00 PM,ARMSTRONG ST @ PARKDALE AVE (0006267),6267,03 - At intersection,02 - Non-fatal injury,07 - SMV other,01 - Clear,01 - Daylight,01 - Dry,01 - Traffic signal,01 - Functioning,1,0,0,1,01 - Minimal,1,1,,,,365090.6921,5029404.145,45.40197882,-75.72986335,12208