Anom_ID,Accident_Date,Accident_Time,Location,Geo_ID,Accident_Location,Classification_of_Accident,Initial_Impact_Type,Environment_Condition,Light,Road_Surface_Condition,Traffic_Control,Traffic_Control_Condition,No__of_Vehicles,No__of_Bicycles,No__of_Motorcycles,No__of_Pedestrians,Max_Injury,No__of_Injuries,No__of_Minimal,No__of_Minor,No__of_Major,No__of_Fatal,X,Y,Latitude,Longitude,ObjectId
16--8617,2016/08/15,7:04 AM,RUSSELL RD btwn SOUTHVALE CRES & WALKLEY RD (__3ZA2LY),__3ZA2LY,01 - Non intersection,03 - P.D. only,04 - Sideswipe,"07 - Fog, mist, smoke, dust",01 - Daylight,01 - Dry,10 - No control,,2,0,0,0,,0,,,,,374669.914,5028502.176,45.39297285,-75.60764268,12209
16--8618,2016/08/15,8:17 AM,PRINCE OF WALES DR @ 257 S OF PRESTON ST/SIR J (0008629),8629,02 - Intersection related,02 - Non-fatal injury,03 - Rear end,01 - Clear,01 - Daylight,01 - Dry,01 - Traffic signal,01 - Functioning,2,0,0,0,01 - Minimal,1,1,,,,366777.5063,5028558.293,45.39422077,-75.70842477,12210
16--8619,2016/08/15,9:07 AM,POTTER DR btwn WATTERSON ST & DOCTOR LEACH DR (__3ZA983),__3ZA983,01 - Non intersection,03 - P.D. only,06 - SMV unattended vehicle,01 - Clear,01 - Daylight,01 - Dry,10 - No control,,1,0,0,0,,0,,,,,368416.4024,5008858.494,45.21681817,-75.6900233,12211
16--862,2016/01/19,2:25 PM,DUNROBIN RD btwn KERWIN RD & ROCHON WAY (__3ZA3EG),__3ZA3EG,01 - Non intersection,03 - P.D. only,03 - Rear end,01 - Clear,01 - Daylight,02 - Wet,10 - No control,,2,0,0,0,,0,,,,,346524.5358,5026959.896,45.38133776,-75.96721639,12212
16--8620,2016/08/15,9:30 PM,MERIVALE RD @ 170 N OF HUNTCLUB RD/COSTCO/CANA (0004681),4681,02 - Intersection related,03 - P.D. only,03 - Rear end,01 - Clear,07 - Dark,01 - Dry,01 - Traffic signal,01 - Functioning,2,0,0,0,,0,,,,,365547.8447,5022099.185,45.33621061,-75.72492262,12213
16--8621,2016/08/15,9:43 AM,EAGLESON RD btwn SHATNER GT & HAZELDEAN RD (__3ZA41R),__3ZA41R,01 - Non intersection,03 - P.D. only,04 - Sideswipe,01 - Clear,01 - Daylight,01 - Dry,10 - No control,,2,0,0,0,,0,,,,,353668.5755,5018437.413,45.30418925,-75.87684056,12214
16--8266,2016/08/04,1:56 PM,GILMOUR ST btwn LYON ST N & KENT ST (__3ZBORF),__3ZBORF,01 - Non intersection,03 - P.D. only,06 - SMV unattended vehicle,01 - Clear,01 - Daylight,01 - Dry,10 - No control,,1,0,0,0,,0,,,,,367466.6664,5030581.299,45.41236185,-75.69936662,12215
16--8267,2016/08/04,10:26 PM,BAY ST @ LISGAR ST (0005102),5102,03 - At intersection,03 - P.D. only,03 - Rear end,01 - Clear,07 - Dark,01 - Dry,02 - Stop sign,01 - Functioning,2,0,0,0,,0,,,,,367156.4708,5030793.209,45.41429626,-75.7033025,12216
16--8988,2016/08/26,6:16 PM,FISHER AVE btwn BASELINE RD & MALIBU TER (__3ZA4JK),__3ZA4JK,01 - Non intersection,02 - Non-fatal injury,03 - Rear end,01 - Clear,01 - Daylight,01 - Dry,10 - No control,,3,0,0,0,02 - Minor,2,1,1,,,366223.0083,5025892.301,45.37028162,-75.71583784,12217
16--8268,2016/08/04,10:53 AM,RICHARDSON SIDE RD btwn WILLIAM MOONEY RD & CARDEVCO RD (__3ZAC42),__3ZAC42,01 - Non intersection,03 - P.D. only,07 - SMV other,01 - Clear,01 - Daylight,01 - Dry,10 - No control,,1,0,0,0,,0,,,,,345578.5176,5016593.147,45.28811009,-75.98014985,12218
16--8269,2016/08/04,10:57 AM,PRESTON ST btwn YOUNG ST & GEORGE ST W (__3ZBODS),__3ZBODS,04 - At/near private drive,02 - Non-fatal injury,03 - Rear end,01 - Clear,01 - Daylight,01 - Dry,10 - No control,,2,0,0,0,01 - Minimal,1,1,,,,366593.1192,5029478.299,45.40251504,-75.71066428,12219
16--8989,2016/08/26,6:58 PM,INNES RD @ BEARBROOK RD/GLEN PARK DR E (0003630),3630,03 - At intersection,03 - P.D. only,02 - Angle,01 - Clear,01 - Daylight,01 - Dry,01 - Traffic signal,01 - Functioning,2,0,0,0,,0,,,,,377993.671,5032844.597,45.43170372,-75.56455339,12220
16--827,2016/01/18,7:31 PM,TENTH LINE RD @ CHARLEMAGNE BLVD S/DES EPINETT (0003686),3686,03 - At intersection,03 - P.D. only,05 - Turning movement,01 - Clear,07 - Dark,01 - Dry,01 - Traffic signal,01 - Functioning,2,0,0,0,,0,,,,,383640.9751,5036900.456,45.46758093,-75.49173924,12221
16--8270,2016/08/04,11:35 PM,BANK ST @ STONE SCHOOL RD (0005712),5712,02 - Intersection related,03 - P.D. only,07 - SMV other,01 - Clear,07 - Dark,01 - Dry,02 - Stop sign,01 - Functioning,1,0,0,0,,0,,,,,382130.4627,5011521.422,45.23940627,-75.51502298,12222
16--8271,2016/08/04,12:00 PM,BRONSON AVE @ HWY 417 BRONSON IC121AR51 (0002693),2693,02 - Intersection related,02 - Non-fatal injury,02 - Angle,01 - Clear,01 - Daylight,01 - Dry,01 - Traffic signal,01 - Functioning,2,1,0,0,01 - Minimal,1,1,,,,367289.103,5029711.339,45.40455008,-75.70174523,12223
16--8272,2016/08/04,12:00 PM,INNES RD @ TRIM RD (0012870),12870,02 - Intersection related,03 - P.D. only,03 - Rear end,01 - Clear,01 - Daylight,01 - Dry,01 - Traffic signal,01 - Functioning,2,0,0,0,,0,,,,,386566.9994,5037273.101,45.47059721,-75.45426383,12224
16--8807,2016/08/21,11:34 AM,JEANNE D'ARC BLVD @ ORLEANS BLVD S (0004154),4154,02 - Intersection related,03 - P.D. only,99 - Other,02 - Rain,01 - Daylight,02 - Wet,01 - Traffic signal,01 - Functioning,2,0,0,0,,0,,,,,380941.2545,5036250.08,45.46202889,-75.52636036,12225
16--899,2016/01/19,8:46 PM,GLADSTONE AVE btwn KENT ST & BANK ST (__3ZA3PA),__3ZA3PA,04 - At/near private drive,03 - P.D. only,02 - Angle,01 - Clear,07 - Dark,05 - Packed snow,10 - No control,,2,0,0,0,,0,,,,,367907.9248,5030557.302,45.41210628,-75.6937327,12226
16--8808,2016/08/21,Unknown,LABELLE ST btwn MICHAEL ST & CYRVILLE RD (__4H4CUJ),__4H4CUJ,01 - Non intersection,03 - P.D. only,06 - SMV unattended vehicle,01 - Clear,00 - Unknown,02 - Wet,10 - No control,,1,0,0,0,,0,,,,,372846.039,5031835.671,45.42314571,-75.63047383,12227
16--8273,2016/08/04,12:57 PM,SHEFFIELD RD @ WALKLEY RD (0005156),5156,03 - At intersection,03 - P.D. only,05 - Turning movement,01 - Clear,01 - Daylight,01 - Dry,01 - Traffic signal,01 - Functioning,2,0,0,0,,0,,,,,375257.5885,5028784.992,45.3954586,-75.60009762,12228
16--8809,2016/08/21,12:47 PM,DONALD ST @ ST. LAURENT BLVD (0008630),8630,02 - Intersection related,03 - P.D. only,03 - Rear end,02 - Rain,01 - Daylight,02 - Wet,01 - Traffic signal,01 - Functioning,3,0,0,0,,0,,,,,372093.1774,5032472.853,45.42895161,-75.64000612,12229
16--8990,2016/08/26,7:17 AM,KING EDWARD AVE @ RIDEAU ST (0002121),2121,03 - At intersection,02 - Non-fatal injury,02 - Angle,01 - Clear,01 - Daylight,01 - Dry,01 - Traffic signal,01 - Functioning,2,0,0,0,02 - Minor,1,,1,,,368512.0978,5032414.37,45.42876079,-75.68577442,12230
16--8274,2016/08/04,2:35 PM,KING EDWARD AVE @ SOMERSET ST/MARIE CURIE PRIV (0001696),1696,02 - Intersection related,03 - P.D. only,03 - Rear end,01 - Clear,01 - Daylight,01 - Dry,01 - Traffic signal,01 - Functioning,2,0,0,0,,0,,,,,368957.0285,5031673.578,45.42205474,-75.68018538,12231
16--881,2016/01/19,6:10 PM,OTTAWA RIVER PKWY EB btwn TO BE DETERMINED & TRANSIT (__3ZAZU9),__3ZAZU9,01 - Non intersection,03 - P.D. only,02 - Angle,00 - Unknown,07 - Dark,00 - Unknown,10 - No control,,2,0,0,0,,0,,,,,360913.0565,5025419.534,45.36647297,-75.78367592,12232
16--8991,2016/08/26,7:59 PM,MERIVALE RD btwn WOODFIELD DR & 170 N OF WEST HUNT CLUB RD/COSTCO SC (__3ZA33DA),__3ZA33DA,01 - Non intersection,03 - P.D. only,04 - Sideswipe,01 - Clear,01 - Daylight,01 - Dry,10 - No control,,2,0,0,0,,0,,,,,365523.7441,5022157.75,45.33673966,-75.72522291,12233
16--8992,2016/08/26,8:28 AM,BLAIR RD @ MONTREAL RD (0009277),9277,03 - At intersection,03 - P.D. only,05 - Turning movement,01 - Clear,01 - Daylight,01 - Dry,01 - Traffic signal,01 - Functioning,2,0,0,0,,0,,,,,374019.3296,5034438.804,45.4464522,-75.61511672,12234
16--8993,2016/08/26,8:48 PM,GREENBANK RD @ CANFIELD RD/CRAIG HENRY DR (0000154),154,03 - At intersection,02 - Non-fatal injury,05 - Turning movement,01 - Clear,07 - Dark,01 - Dry,01 - Traffic signal,01 - Functioning,2,0,0,0,02 - Minor,3,,3,,,361107.1546,5021365.235,45.32997696,-75.78165991,12235
16--8994,2016/08/26,8:51 AM,ARGYLE AVE E @ METCALFE ST (0007280),7280,03 - At intersection,03 - P.D. only,05 - Turning movement,01 - Clear,01 - Daylight,01 - Dry,10 - No control,,2,0,0,0,,0,,,,,368442.8687,5030641.701,45.41281723,-75.68688805,12236
16--8995,2016/08/26,8:55 AM,HWY417 IC96 RAMP16 btwn BOUNDARY RD & RAMP (__3ZAY84),__3ZAY84,01 - Non intersection,03 - P.D. only,03 - Rear end,01 - Clear,01 - Daylight,01 - Dry,10 - No control,,2,0,0,0,,0,,,,,387331.9853,5024103.323,45.35201809,-75.44668694,12237
16--8996,2016/08/26,9:22 AM,PAUL ANKA DR btwn UPLANDS DR & MCCARTHY RD (__3ZA9CH),__3ZA9CH,04 - At/near private drive,03 - P.D. only,05 - Turning movement,01 - Clear,01 - Daylight,01 - Dry,10 - No control,,2,0,0,0,,0,,,,,369551.9592,5023697.301,45.35023197,-75.6736304,12238
16--8997,2016/08/26,9:48 AM,VANIER PKWY/CRICHTON ST @ BEECHWOOD AVE/ST. PA (0001604),1604,02 - Intersection related,03 - P.D. only,03 - Rear end,01 - Clear,01 - Daylight,01 - Dry,01 - Traffic signal,01 - Functioning,2,0,0,0,,0,,,,,369127.7977,5033487.132,45.43835672,-75.67776656,12239
16--8998,2016/08/27,1:08 PM,HIGHWAY 417 btwn HWY417 IC127 RAMP16 & HWY417 IC127 RAMP63 (__3ZA2UP),__3ZA2UP,01 - Non intersection,03 - P.D. only,03 - Rear end,01 - Clear,01 - Daylight,01 - Dry,10 - No control,,2,0,0,0,,0,,,,,361987.3692,5024750.889,45.36036972,-75.77004003,12240
16--8999,2016/08/27,1:30 AM,HUNTLEY RD btwn FALLOWFIELD RD & MANSFIELD RD (__3ZBOCL),__3ZBOCL,01 - Non intersection,03 - P.D. only,07 - SMV other,01 - Clear,07 - Dark,01 - Dry,10 - No control,,1,0,0,0,,0,,,,,353048.116,5008851.27,45.21797321,-75.885683,12241
16--90,2016/01/04,11:55 AM,SMYTH RD E/LANCASTER RD @ ST. LAURENT BLVD N/R (0002256),2256,02 - Intersection related,03 - P.D. only,03 - Rear end,01 - Clear,01 - Daylight,01 - Dry,01 - Traffic signal,01 - Functioning,2,0,0,0,,0,,,,,373364.867,5029424.074,45.40139666,-75.62418023,12242
16--900,2016/01/20,1:15 PM,RIVERSIDE DR @ TREMBLAY RD/HWY417 IC117 RAMP52 (0010790),10790,02 - Intersection related,03 - P.D. only,03 - Rear end,01 - Clear,01 - Daylight,04 - Slush,01 - Traffic signal,01 - Functioning,2,0,0,0,,0,,,,,370803.8233,5031017.965,45.415984,-75.65667693,12243
16--9000,2016/08/27,10:13 AM,STANLEY AVE @ SUSSEX DR (0007143),7143,02 - Intersection related,02 - Non-fatal injury,03 - Rear end,01 - Clear,01 - Daylight,01 - Dry,01 - Traffic signal,01 - Functioning,4,0,0,0,02 - Minor,4,2,2,,,367833.7522,5033869.856,45.4419182,-75.69425629,12244
16--9001,2016/08/27,10:52 AM,RICHMOND RD @ WOODROFFE AVE (0011466),11466,02 - Intersection related,03 - P.D. only,05 - Turning movement,01 - Clear,01 - Daylight,01 - Dry,01 - Traffic signal,01 - Functioning,2,0,0,0,,0,,,,,361584.9059,5026654.743,45.37753317,-75.77495796,12245
16--9002,2016/08/27,11:09 AM,BAYSWATER AVE @ SOMERSET ST (0006486),6486,03 - At intersection,03 - P.D. only,04 - Sideswipe,01 - Clear,01 - Daylight,01 - Dry,01 - Traffic signal,01 - Functioning,2,0,0,0,,0,,,,,365812.0419,5029911.348,45.40648002,-75.72058713,12246
16--9003,2016/08/27,11:24 AM,MOODIE DR @ ROBERTSON RD (0010545),10545,02 - Intersection related,03 - P.D. only,03 - Rear end,01 - Clear,01 - Daylight,01 - Dry,01 - Traffic signal,01 - Functioning,2,0,0,0,,0,,,,,357067.1141,5020454.712,45.32209649,-75.83329332,12247
16--9004,2016/08/27,11:46 AM,GREENBANK RD @ BERRIGAN DR/WESSEX RD (0004726),4726,02 - Intersection related,02 - Non-fatal injury,03 - Rear end,01 - Clear,01 - Daylight,01 - Dry,01 - Traffic signal,01 - Functioning,2,0,0,0,01 - Minimal,1,1,,,,363724.8433,5015273.225,45.27494631,-75.7489916,12248
16--9005,2016/08/27,11:55 AM,ELGIN ST @ SLATER ST (0002228),2228,03 - At intersection,03 - P.D. only,02 - Angle,01 - Clear,01 - Daylight,01 - Dry,01 - Traffic signal,01 - Functioning,2,0,0,0,,0,,,,,367890.0491,5031645.916,45.42190289,-75.69382168,12249
16--9006,2016/08/27,Unknown,NELSON ST btwn BESSERER ST & DALY AVE (__3ZA81X),__3ZA81X,01 - Non intersection,03 - P.D. only,06 - SMV unattended vehicle,01 - Clear,00 - Unknown,01 - Dry,10 - No control,,1,0,0,0,,0,,,,,368695.7903,5032413.872,45.42873955,-75.68342717,12250
16--9007,2016/08/27,12:28 AM,TRIM RD @ TRIM RD (0014368),14368,03 - At intersection,03 - P.D. only,07 - SMV other,01 - Clear,07 - Dark,01 - Dry,01 - Traffic signal,01 - Functioning,1,0,0,0,,0,,,,,386221.4219,5038049.586,45.47762361,-75.45855408,12251
16--9008,2016/08/27,2:24 AM,HUNTMAR DR btwn OLD CARP RD & BRADLEY SIDE RD (__3ZACWD),__3ZACWD,01 - Non intersection,02 - Non-fatal injury,07 - SMV other,01 - Clear,07 - Dark,01 - Dry,10 - No control,,1,0,0,0,02 - Minor,1,,1,,,346891.0757,5020495.545,45.32314784,-75.96308652,12252
16--9009,2016/08/27,2:41 AM,MAIN ST btwn OBLATE AVE & HAZEL ST (__3ZA3B8),__3ZA3B8,01 - Non intersection,03 - P.D. only,07 - SMV other,01 - Clear,07 - Dark,01 - Dry,10 - No control,,1,0,0,0,,0,,,,,369135.1484,5030247.241,45.40920471,-75.67809576,12253
16--901,2016/01/20,1:21 PM,CARLING AVE @ MOODIE DR/JAMES CUMMINGS AVE W (0000158),158,03 - At intersection,02 - Non-fatal injury,05 - Turning movement,01 - Clear,01 - Daylight,01 - Dry,01 - Traffic signal,01 - Functioning,2,0,0,0,02 - Minor,1,,1,,,356001.3886,5023936.712,45.35350644,-75.84652626,12254
16--9010,2016/08/27,3:27 AM,ROBINSON AVE btwn LEES AVE & HURDMAN RD (__3ZA5XX),__3ZA5XX,01 - Non intersection,03 - P.D. only,01 - Approaching,01 - Clear,07 - Dark,01 - Dry,10 - No control,,2,0,0,0,,0,,,,,369580.6869,5031222.488,45.41793853,-75.67227626,12255
16--9011,2016/08/27,3:54 PM,GEORGE ST btwn WILLIAM ST & DALHOUSIE ST (__3ZA8Z1),__3ZA8Z1,01 - Non intersection,03 - P.D. only,99 - Other,01 - Clear,01 - Daylight,01 - Dry,10 - No control,,2,0,0,0,,0,,,,,368141.0798,5032303.561,45.42779746,-75.69052971,12256
16--9012,2016/08/27,6:25 PM,BRITANNIA RD btwn SALINA ST & HOWE ST (__3ZAAEJ),__3ZAAEJ,04 - At/near private drive,03 - P.D. only,02 - Angle,01 - Clear,01 - Daylight,01 - Dry,10 - No control,,2,0,0,0,,0,,,,,359869.2988,5025354.774,45.36597304,-75.79700645,12257
16--9013,2016/08/27,7:33 AM,RITCHIE ST btwn AHEARN AVE & RIGA PRIV (__3ZA5YU),__3ZA5YU,01 - Non intersection,03 - P.D. only,07 - SMV other,01 - Clear,01 - Daylight,01 - Dry,10 - No control,,1,0,0,0,,0,,,,,359513.7299,5024508.124,45.35838275,-75.8016389,12258
16--9014,2016/08/27,8:42 PM,MCCORDICK RD btwn MACKEY RD & COWELL RD (__3ZA0NM),__3ZA0NM,01 - Non intersection,03 - P.D. only,07 - SMV other,01 - Clear,07 - Dark,01 - Dry,10 - No control,,1,0,0,0,,0,,,,,367953.8603,4994635.09,45.08887618,-75.6977097,12259
16--9015,2016/08/28,1:40 PM,MITCH OWENS RD @ STAGECOACH RD (0003576),3576,02 - Intersection related,02 - Non-fatal injury,03 - Rear end,01 - Clear,01 - Daylight,01 - Dry,01 - Traffic signal,01 - Functioning,2,0,0,0,01 - Minimal,2,2,,,,375398.4167,5014484.99,45.26677888,-75.60033864,12260
16--9016,2016/08/28,10:44 AM,BRONSON AVE btwn MACLAREN ST & GILMOUR ST (__3ZA32B),__3ZA32B,01 - Non intersection,03 - P.D. only,04 - Sideswipe,01 - Clear,01 - Daylight,01 - Dry,10 - No control,,2,0,0,0,,0,,,,,367006.5053,5030385.295,45.41063932,-75.70526983,12261
16--9017,2016/08/28,10:58 AM,PLEASANT PARK RD @ ST. LAURENT BLVD (0008363),8363,02 - Intersection related,02 - Non-fatal injury,03 - Rear end,02 - Rain,01 - Daylight,02 - Wet,01 - Traffic signal,01 - Functioning,2,0,0,0,02 - Minor,2,,2,,,373598.5561,5028795.964,45.39572229,-75.62128314,12262
16--9018,2016/08/28,11:10 PM,INNES RD @ JEANNE D'ARC BLVD/MER BLEUE RD (0012475),12475,03 - At intersection,03 - P.D. only,05 - Turning movement,01 - Clear,07 - Dark,01 - Dry,01 - Traffic signal,01 - Functioning,2,0,0,0,,0,,,,,382636.6869,5035567.985,45.45570515,-75.50479162,12263
16--9019,2016/08/28,11:58 AM,GREENBANK RD @ CANFIELD RD/CRAIG HENRY DR (0000154),154,02 - Intersection related,03 - P.D. only,03 - Rear end,01 - Clear,01 - Daylight,01 - Dry,01 - Traffic signal,01 - Functioning,2,0,0,0,,0,,,,,361107.508,5021364.078,45.32996652,-75.78165554,12264
16--902,2016/01/20,1:28 PM,NEPEAN ST @ O'CONNOR ST (0006942),6942,03 - At intersection,03 - P.D. only,02 - Angle,01 - Clear,01 - Daylight,02 - Wet,02 - Stop sign,01 - Functioning,2,0,0,0,,0,,,,,367720.9294,5031225.487,45.41813523,-75.69603621,12265
16--9020,2016/08/28,Unknown,DORIMA ST btwn INNES RD & RENAISSANCE DR (__3ZA6RH),__3ZA6RH,01 - Non intersection,03 - P.D. only,06 - SMV unattended vehicle,01 - Clear,00 - Unknown,01 - Dry,10 - No control,,1,0,0,0,,0,,,,,384315.7165,5036315.743,45.46224374,-75.48320623,12266
16--9021,2016/08/28,Unknown,SABLEWOOD PL btwn RANCHWOOD WAY E & SABLEWOOD PL CENTRAL (__3ZA19P),__3ZA19P,01 - Non intersection,03 - P.D. only,06 - SMV unattended vehicle,01 - Clear,00 - Unknown,01 - Dry,10 - No control,,1,0,0,0,,0,,,,,380735.0919,5034521.284,45.44649698,-75.52926315,12267
16--9022,2016/08/28,Unknown,SLATER ST btwn LYON ST N & KENT ST (__3ZA3CT),__3ZA3CT,01 - Non intersection,03 - P.D. only,06 - SMV unattended vehicle,01 - Clear,00 - Unknown,01 - Dry,10 - No control,,1,0,0,0,,0,,,,,367180.7381,5031201.99,45.41797219,-75.70294073,12268
16--9023,2016/08/28,Unknown,BLAKE BLVD btwn JEAN TALON ST & BLAKE BLVD (__3ZA2P9),__3ZA2P9,01 - Non intersection,03 - P.D. only,06 - SMV unattended vehicle,01 - Clear,00 - Unknown,01 - Dry,10 - No control,,1,0,0,0,,0,,,,,371165.1263,5033055.685,45.43428435,-75.65178656,12269
16--9024,2016/08/28,12:03 PM,COLONNADE RD @ PRINCE OF WALES DR (0005249),5249,03 - At intersection,03 - P.D. only,05 - Turning movement,01 - Clear,01 - Daylight,01 - Dry,01 - Traffic signal,01 - Functioning,2,0,0,0,,0,,,,,367394.053,5023267.614,45.34656165,-75.70122142,12270
16--9025,2016/08/28,12:10 PM,KIMBERLEY RD btwn RICHMOND RD & VIRGIL RD (__3ZBNF7),__3ZBNF7,04 - At/near private drive,03 - P.D. only,02 - Angle,01 - Clear,01 - Daylight,01 - Dry,10 - No control,,2,0,0,0,,0,,,,,357761.2634,5020533.848,45.32275654,-75.82443107,12271
16--9026,2016/08/28,12:20 PM,INNES RD @ JEANNE D'ARC BLVD/MER BLEUE RD (0012475),12475,02 - Intersection related,02 - Non-fatal injury,03 - Rear end,01 - Clear,01 - Daylight,01 - Dry,01 - Traffic signal,01 - Functioning,2,0,0,0,01 - Minimal,1,1,,,,382639.4248,5035565.217,45.45567994,-75.50475705,12272
16--9027,2016/08/28,12:36 PM,BANK ST btwn FOURTH AVE & FIFTH AVE (__3ZA3OW),__3ZA3OW,01 - Non intersection,03 - P.D. only,04 - Sideswipe,01 - Clear,01 - Daylight,01 - Dry,10 - No control,,2,0,0,0,,0,,,,,368395.7589,5029406.467,45.40170728,-75.6876492,12273
16--9028,2016/08/28,12:39 AM,DUNNING RD btwn FRENCH HILL RD & INNES RD (__3ZBOGY),__3ZBOGY,01 - Non intersection,03 - P.D. only,07 - SMV other,01 - Clear,07 - Dark,01 - Dry,10 - No control,,1,0,0,0,,0,,,,,391835.1383,5038920.946,45.48478586,-75.38660889,12274
16--9029,2016/08/28,2:41 PM,BASELINE RD btwn LOBLAWS SC & MERIVALE RD (__3ZA4ISC),__3ZA4ISC,04 - At/near private drive,03 - P.D. only,03 - Rear end,02 - Rain,01 - Daylight,02 - Wet,10 - No control,,3,0,0,0,,0,,,,,364885.7523,5025218.269,45.36433272,-75.73299046,12275
16--903,2016/01/20,1:53 PM,MONTREAL RD btwn PALACE ST & VANIER PKWY (__3ZA3LL),__3ZA3LL,04 - At/near private drive,03 - P.D. only,05 - Turning movement,01 - Clear,01 - Daylight,02 - Wet,10 - No control,,2,0,0,0,,0,,,,,370030.3388,5033039.906,45.43424915,-75.66629083,12276
16--9030,2016/08/28,3:20 PM,ORLEANS BLVD btwn FOREST VALLEY DR & OAK MEADOWS DR (__3ZA2GA),__3ZA2GA,01 - Non intersection,02 - Non-fatal injury,03 - Rear end,02 - Rain,01 - Daylight,02 - Wet,10 - No control,,2,0,0,0,01 - Minimal,1,1,,,,380260.7752,5034833.977,45.44936173,-75.53527788,12277
16--9031,2016/08/28,4:00 PM,PRATT AVE btwn AVONLEA RD & GRENFELL CRES (__3ZBO7P),__3ZBO7P,01 - Non intersection,03 - P.D. only,07 - SMV other,01 - Clear,01 - Daylight,02 - Wet,10 - No control,,1,0,0,0,,0,,,,,365214.9694,5019651.464,45.31421502,-75.72946802,12278
16--9032,2016/08/28,4:26 PM,BANK ST @ HUNT CLUB RD (0002119),2119,02 - Intersection related,03 - P.D. only,03 - Rear end,02 - Rain,01 - Daylight,02 - Wet,01 - Traffic signal,01 - Functioning,2,0,0,0,,0,,,,,371607.9083,5024095.264,45.35361987,-75.64734133,12279
16--9033,2016/08/28,4:59 PM,BANK ST @ HERON RD (0002155),2155,03 - At intersection,03 - P.D. only,03 - Rear end,02 - Rain,01 - Daylight,02 - Wet,01 - Traffic signal,01 - Functioning,2,0,0,0,,0,,,,,369993.2355,5026852.784,45.37858317,-75.66758308,12280
16--9034,2016/08/28,5:02 PM,CANAAN RD btwn REGIONAL ROAD 174 & WILHAVEN DR (__3ZA5F5),__3ZA5F5,01 - Non intersection,02 - Non-fatal injury,07 - SMV other,02 - Rain,01 - Daylight,02 - Wet,10 - No control,,1,0,0,0,02 - Minor,1,,1,,,396512.9669,5041767.891,45.50979965,-75.32624832,12281
16--9035,2016/08/28,5:41 PM,INNES RD @ JEANNE D'ARC BLVD/MER BLEUE RD (0012475),12475,02 - Intersection related,03 - P.D. only,03 - Rear end,01 - Clear,01 - Daylight,01 - Dry,01 - Traffic signal,01 - Functioning,2,0,0,0,,0,,,,,382637.96,5035567.664,45.45570212,-75.50477539,12282
16--9036,2016/08/28,6:43 AM,ROCKDALE RD btwn FRANK KENNY RD & HIGHWAY LANE (__3ZA2YD),__3ZA2YD,01 - Non intersection,03 - P.D. only,07 - SMV other,02 - Rain,01 - Daylight,02 - Wet,10 - No control,,1,0,0,0,,0,,,,,395191.7181,5023334.059,45.34412813,-75.34653737,12283
16--9037,2016/08/28,7:08 PM,MARKETPLACE AVE @ RIOCAN AVE (0010995),10995,03 - At intersection,02 - Non-fatal injury,07 - SMV other,01 - Clear,01 - Daylight,01 - Dry,02 - Stop sign,01 - Functioning,1,0,0,1,02 - Minor,1,,1,,,364287.3569,5014761.152,45.27029131,-75.74188424,12284
16--9038,2016/08/28,7:29 AM,HIGHWAY 417 btwn HWY417 IC127 RAMP63 & HWY417 IC127 RAMP67 (__3ZA2RF),__3ZA2RF,01 - Non intersection,02 - Non-fatal injury,07 - SMV other,01 - Clear,01 - Daylight,01 - Dry,10 - No control,,1,0,0,0,01 - Minimal,1,1,,,,362126.5977,5024854.357,45.36128935,-75.76825101,12285
16--9039,2016/08/28,8:01 PM,EARL ARMSTRONG RD btwn LIMEBANK RD & BOWESVILLE RD (__3ZA6LB),__3ZA6LB,01 - Non intersection,03 - P.D. only,07 - SMV other,01 - Clear,05 - Dusk,01 - Dry,10 - No control,,1,0,0,0,,0,,,,,372426.0864,5017366.868,45.2930014,-75.63781907,12286
16--904,2016/01/20,1:55 PM,BANK ST @ RIVERSIDE DR S (0002704),2704,02 - Intersection related,03 - P.D. only,03 - Rear end,01 - Clear,01 - Daylight,02 - Wet,01 - Traffic signal,01 - Functioning,2,0,0,0,,0,,,,,369305.3757,5027894.333,45.38801837,-75.67622897,12287
16--9040,2016/08/28,8:48 PM,BANK ST @ LAWRENCE ST (0001632),1632,02 - Intersection related,03 - P.D. only,03 - Rear end,01 - Clear,05 - Dusk,01 - Dry,02 - Stop sign,01 - Functioning,2,0,0,0,,0,,,,,386401.0932,5002845.345,45.16086185,-75.46205609,12288
16--9041,2016/08/28,8:52 PM,CAMPEAU DR @ TERON RD/COLCHESTER SQ (0009033),9033,03 - At intersection,03 - P.D. only,05 - Turning movement,01 - Clear,05 - Dusk,01 - Dry,01 - Traffic signal,01 - Functioning,2,0,0,0,,0,,,,,352563.0639,5020467.306,45.32253072,-75.89074126,12289
16--9042,2016/08/28,9:06 PM,BRONSON AVE @ CATHERINE ST/RAYMOND ST (0007198),7198,02 - Intersection related,03 - P.D. only,04 - Sideswipe,01 - Clear,07 - Dark,01 - Dry,01 - Traffic signal,00 - Unknown,2,0,0,0,,0,,,,,367253.0774,5029798.166,45.40533454,-75.70219439,12290
16--9043,2016/08/28,9:10 PM,LONGFIELDS DR @ PAUL METIVIER DR (0013783),13783,03 - At intersection,03 - P.D. only,02 - Angle,01 - Clear,07 - Dark,01 - Dry,02 - Stop sign,01 - Functioning,2,0,0,0,,0,,,,,364841.334,5014200.437,45.26519892,-75.73489269,12291