Anom_ID,Accident_Date,Accident_Time,Location,Geo_ID,Accident_Location,Classification_of_Accident,Initial_Impact_Type,Environment_Condition,Light,Road_Surface_Condition,Traffic_Control,Traffic_Control_Condition,No__of_Vehicles,No__of_Bicycles,No__of_Motorcycles,No__of_Pedestrians,Max_Injury,No__of_Injuries,No__of_Minimal,No__of_Minor,No__of_Major,No__of_Fatal,X,Y,Latitude,Longitude,ObjectId
16--9044,2016/08/28,9:20 PM,HIGHWAY 416 btwn HWY417 IC131 RAMP53 & HWY416 IC75A RAMP43 (__3ZAYG8),__3ZAYG8,01 - Non intersection,03 - P.D. only,07 - SMV other,01 - Clear,07 - Dark,01 - Dry,10 - No control,,1,0,0,0,,0,,,,,358575.9484,5022167.958,45.33739842,-75.81386225,12292
16--9045,2016/08/29,10:10 AM,RICHMOND RD btwn HOPE SIDE RD & KHYMER CRT (__3ZBOCM),__3ZBOCM,01 - Non intersection,02 - Non-fatal injury,07 - SMV other,01 - Clear,01 - Daylight,01 - Dry,10 - No control,,1,0,0,0,02 - Minor,1,,1,,,357145.5776,5015004.357,45.27304757,-75.83286788,12293
16--9046,2016/08/29,10:36 AM,OTTAWA RIVER PKWY @ ISLAND PARK DR (0002127),2127,03 - At intersection,03 - P.D. only,05 - Turning movement,01 - Clear,01 - Daylight,01 - Dry,01 - Traffic signal,01 - Functioning,2,0,0,0,,0,,,,,363298.7242,5029453.557,45.40257546,-75.75274561,12294
16--9047,2016/08/29,11:36 AM,PRESTON ST @ PRIMROSE AVE (0005108),5108,03 - At intersection,03 - P.D. only,05 - Turning movement,01 - Clear,01 - Daylight,01 - Dry,02 - Stop sign,01 - Functioning,2,0,0,0,,0,,,,,366210.5915,5030347.313,45.41036786,-75.71544193,12295
16--9048,2016/08/29,12:11 PM,PLACE D'ORLEANS DR btwn TURN LANE & CENTRUM BLVD (__3ZBPK4),__3ZBPK4,01 - Non intersection,03 - P.D. only,04 - Sideswipe,01 - Clear,01 - Daylight,01 - Dry,10 - No control,,2,0,0,0,,0,,,,,381919.2957,5038272.257,45.48011543,-75.51353836,12296
16--9049,2016/08/29,12:30 PM,TERMINAL AVE btwn RAILMARKET PRIV & TRAINYARDS DR (__58HP5W),__58HP5W,04 - At/near private drive,03 - P.D. only,03 - Rear end,01 - Clear,01 - Daylight,01 - Dry,10 - No control,,2,0,0,0,,0,,,,,371566.6501,5030914.095,45.41497705,-75.64694554,12297
16--905,2016/01/20,1:55 PM,BELFAST RD @ ST. LAURENT BLVD (0007658),7658,02 - Intersection related,02 - Non-fatal injury,03 - Rear end,01 - Clear,01 - Daylight,02 - Wet,01 - Traffic signal,01 - Functioning,2,0,0,0,02 - Minor,1,,1,,,372860.5021,5030577.896,45.41182744,-75.63046276,12298
16--9050,2016/08/29,2:13 PM,BASELINE RD btwn NAVAHO DR & DEERFIELD DR (__3ZA4H4),__3ZA4H4,01 - Non intersection,03 - P.D. only,03 - Rear end,01 - Clear,01 - Daylight,01 - Dry,10 - No control,,2,0,0,0,,0,,,,,363098.9412,5024104.546,45.35446244,-75.75592894,12299
16--9051,2016/08/29,2:15 PM,RAMP btwn HIGHWAY 7 & HWY417 IC145 RAMP56 (__3ZAY8L),__3ZAY8L,01 - Non intersection,03 - P.D. only,04 - Sideswipe,01 - Clear,01 - Daylight,01 - Dry,10 - No control,,2,0,0,0,,0,,,,,346075.7487,5014575.068,45.26992157,-75.97397917,12300
16--9052,2016/08/29,2:17 PM,LAURIER AVE @ NICHOLAS ST (0010711),10711,02 - Intersection related,03 - P.D. only,04 - Sideswipe,01 - Clear,01 - Daylight,01 - Dry,01 - Traffic signal,01 - Functioning,2,0,0,0,,0,,,,,368374.4502,5031798.658,45.42323335,-75.68761281,12301
16--9053,2016/08/29,2:43 PM,CAMPEAU DR @ KANATA AVE (0012003),12003,02 - Intersection related,02 - Non-fatal injury,05 - Turning movement,01 - Clear,01 - Daylight,01 - Dry,01 - Traffic signal,01 - Functioning,2,1,0,0,01 - Minimal,1,1,,,,350594.2085,5019400.846,45.31306564,-75.91595295,12302
16--9054,2016/08/29,3:15 PM,CYRVILLE RD @ INNES RD (0009352),9352,02 - Intersection related,03 - P.D. only,03 - Rear end,01 - Clear,01 - Daylight,01 - Dry,01 - Traffic signal,01 - Functioning,2,0,0,0,,0,,,,,375046.9084,5031120.453,45.41649303,-75.60245541,12303
16--9055,2016/08/29,3:39 PM,RIVERSIDE DR SB btwn SMYTH RD SOUTH SIDE RAMP & SMYTH RD NORTH SIDE RA (__3ZAZQI),__3ZAZQI,06 - Underpass or tunnel,03 - P.D. only,07 - SMV other,01 - Clear,01 - Daylight,01 - Dry,10 - No control,,1,0,0,0,,0,,,,,369811.04,5029156.188,45.39932536,-75.66960576,12304
16--9056,2016/08/29,4:10 PM,TENTH LINE RD btwn DES EPINETTES AVE & INNES RD (__3ZA3Y8),__3ZA3Y8,01 - Non intersection,03 - P.D. only,04 - Sideswipe,01 - Clear,01 - Daylight,01 - Dry,10 - No control,,2,0,0,0,,0,,,,,383832.9897,5036439.253,45.46340975,-75.4893582,12305
16--9057,2016/08/29,4:33 AM,BANK ST @ MITCH OWENS RD (0001640),1640,02 - Intersection related,03 - P.D. only,03 - Rear end,01 - Clear,07 - Dark,01 - Dry,01 - Traffic signal,01 - Functioning,2,0,0,0,,0,,,,,377760.3721,5015948.798,45.27970861,-75.5700282,12306
16--9058,2016/08/29,4:47 PM,METCALFE ST btwn SLATER ST & LAURIER AVE W (__3ZBOEQ),__3ZBOEQ,01 - Non intersection,03 - P.D. only,06 - SMV unattended vehicle,01 - Clear,01 - Daylight,01 - Dry,10 - No control,,1,0,0,0,,0,,,,,367767.0424,5031493.154,45.42053947,-75.69541286,12307
16--9059,2016/08/29,4:50 PM,HWY417 IC115 RAMP61 btwn RAMP & HIGHWAY 417 (__3ZAYAU),__3ZAYAU,01 - Non intersection,03 - P.D. only,04 - Sideswipe,01 - Clear,01 - Daylight,01 - Dry,10 - No control,,2,0,0,0,,0,,,,,372574.3133,5031620.326,45.42123452,-75.6339753,12308
16--906,2016/01/20,10:00 AM,BOOTH ST @ WILLOW ST (0005748),5748,03 - At intersection,03 - P.D. only,02 - Angle,01 - Clear,01 - Daylight,04 - Slush,01 - Traffic signal,01 - Functioning,2,0,0,0,,0,,,,,366710.917,5029983.684,45.40705195,-75.70909624,12309
16--9060,2016/08/29,5:15 PM,BANK ST @ CLEMOW AVE (0007714),7714,03 - At intersection,03 - P.D. only,02 - Angle,01 - Clear,01 - Daylight,01 - Dry,02 - Stop sign,01 - Functioning,2,0,0,0,,0,,,,,368206.8829,5029866.344,45.40586224,-75.69000246,12310
16--9061,2016/08/29,5:40 PM,FALLOWFIELD RD @ GREENBANK RD (0000549),549,02 - Intersection related,03 - P.D. only,03 - Rear end,01 - Clear,01 - Daylight,01 - Dry,01 - Traffic signal,01 - Functioning,2,0,0,0,,0,,,,,363083.1602,5016732.041,45.28812625,-75.75699796,12311
16--9062,2016/08/29,6:14 PM,BLACKBURN BYPASS @ NAVAN RD (0004201),4201,02 - Intersection related,03 - P.D. only,03 - Rear end,01 - Clear,01 - Daylight,01 - Dry,01 - Traffic signal,01 - Functioning,2,0,0,0,,0,,,,,379618.3704,5033274.724,45.43540177,-75.54372655,12312
16--9063,2016/08/29,6:26 AM,DONALD ST @ VANIER PKWY (0007644),7644,03 - At intersection,02 - Non-fatal injury,02 - Angle,01 - Clear,01 - Daylight,01 - Dry,01 - Traffic signal,01 - Functioning,2,1,0,0,03 - Major,2,,1,1,,370310.6154,5032271.683,45.4273108,-75.6628112,12313
16--9064,2016/08/29,6:34 PM,MCARTHUR AVE @ OLMSTEAD ST (0009808),9808,02 - Intersection related,03 - P.D. only,03 - Rear end,01 - Clear,01 - Daylight,01 - Dry,01 - Traffic signal,01 - Functioning,2,0,0,0,,0,,,,,370483.6329,5032723.343,45.43135842,-75.66054013,12314
16--9065,2016/08/29,6:49 PM,HUNT CLUB RD btwn BILLY BISHOP PRIV & HUNT CLUB PL (__3ZA36H),__3ZA36H,01 - Non intersection,02 - Non-fatal injury,03 - Rear end,01 - Clear,01 - Daylight,01 - Dry,10 - No control,,2,0,0,0,01 - Minimal,3,3,,,,369006.5155,5022520.516,45.33969369,-75.68074343,12315
16--9066,2016/08/29,6:51 AM,HAWKSHAW CRES btwn COBBLE HILL DR & COBBLE HILL DR (__8XI24U),__8XI24U,04 - At/near private drive,03 - P.D. only,02 - Angle,01 - Clear,01 - Daylight,01 - Dry,10 - No control,,2,0,0,0,,0,,,,,361161.551,5014895.56,45.27175819,-75.78170149,12316
16--9067,2016/08/29,8:00 AM,GARDENWAY DR @ PORTOBELLO BLVD (0009174),9174,02 - Intersection related,02 - Non-fatal injury,03 - Rear end,01 - Clear,01 - Daylight,01 - Dry,02 - Stop sign,01 - Functioning,2,0,0,0,01 - Minimal,2,2,,,,385375.1166,5037309.148,45.47106005,-75.46949867,12317
16--9068,2016/08/29,8:15 PM,BASELINE RD @ JOHN SUTHERLAND DR/VALLEY STREAM (0000011),11,03 - At intersection,03 - P.D. only,04 - Sideswipe,01 - Clear,07 - Dark,01 - Dry,01 - Traffic signal,01 - Functioning,2,0,0,0,,0,,,,,359309.5694,5021788.393,45.33392647,-75.80454433,12318
16--9069,2016/08/29,8:24 PM,DONALD ST @ VANIER PKWY (0007644),7644,03 - At intersection,02 - Non-fatal injury,05 - Turning movement,01 - Clear,07 - Dark,01 - Dry,01 - Traffic signal,01 - Functioning,2,0,0,0,02 - Minor,3,,3,,,370311.4936,5032270.805,45.42730282,-75.66280009,12319
16--907,2016/01/20,10:02 AM,BANK ST @ RIVERSIDE DR S (0002704),2704,03 - At intersection,02 - Non-fatal injury,02 - Angle,01 - Clear,01 - Daylight,02 - Wet,01 - Traffic signal,01 - Functioning,3,0,0,0,02 - Minor,1,,1,,,369304.0585,5027895.651,45.38803035,-75.67624562,12320
16--9070,2016/08/29,8:37 AM,ST. LAURENT BLVD @ WALKLEY RD (0007653),7653,02 - Intersection related,02 - Non-fatal injury,03 - Rear end,01 - Clear,01 - Daylight,01 - Dry,01 - Traffic signal,01 - Functioning,2,0,0,0,02 - Minor,1,,1,,,373901.0938,5028048.097,45.38896354,-75.61752423,12321
16--9071,2016/08/29,8:55 AM,OGILVIE RD @ MATHESON RD/PALMERSTON DR (0012348),12348,03 - At intersection,03 - P.D. only,02 - Angle,01 - Clear,01 - Daylight,01 - Dry,01 - Traffic signal,01 - Functioning,2,0,0,0,,0,,,,,373380.3972,5032537.188,45.42940543,-75.62354866,12322
16--9072,2016/08/29,9:45 PM,LYON ST @ SLATER ST (0002207),2207,03 - At intersection,02 - Non-fatal injury,07 - SMV other,01 - Clear,07 - Dark,01 - Dry,01 - Traffic signal,01 - Functioning,1,0,0,1,01 - Minimal,1,1,,,,367104.3609,5031150.517,45.41751585,-75.70392304,12323
16--8442,2016/08/10,5:02 PM,BRONSON AVE btwn GILMOUR ST & CHRISTIE ST (__3ZA30C),__3ZA30C,01 - Non intersection,03 - P.D. only,04 - Sideswipe,01 - Clear,01 - Daylight,01 - Dry,10 - No control,,2,0,0,0,,0,,,,,367040.5666,5030302.931,45.4098952,-75.70484511,12324
16--8893,2016/08/23,9:57 PM,HIGHWAY 417 btwn HWY417 IC121A RAMP16 & HWY417 IC121A RAMP61 (__3ZA2YY),__3ZA2YY,01 - Non intersection,02 - Non-fatal injury,03 - Rear end,01 - Clear,07 - Dark,01 - Dry,10 - No control,,3,0,0,0,02 - Minor,1,,1,,,367286.9741,5029764.944,45.4050326,-75.70176563,12325
16--8810,2016/08/21,2:23 PM,LYON ST @ SOMERSET ST (0010860),10860,03 - At intersection,03 - P.D. only,05 - Turning movement,02 - Rain,01 - Daylight,02 - Wet,01 - Traffic signal,01 - Functioning,2,0,0,0,,0,,,,,367366.8815,5030716.955,45.41359137,-75.70062413,12326
16--8811,2016/08/21,3:29 AM,GREENBANK RD @ VIEWBANK RD (0001462),1462,02 - Intersection related,02 - Non-fatal injury,07 - SMV other,"07 - Fog, mist, smoke, dust",07 - Dark,01 - Dry,02 - Stop sign,01 - Functioning,1,0,0,0,03 - Major,1,,,1,,366077.9055,5009752.611,45.22507073,-75.71968464,12327
16--8275,2016/08/04,3:30 PM,HIGHWAY 417 btwn HWY417 IC117 RAMP51 & HWY417 IC117 RAMP35 (__3ZA2YN),__3ZA2YN,01 - Non intersection,03 - P.D. only,03 - Rear end,01 - Clear,01 - Daylight,01 - Dry,10 - No control,,2,0,0,0,,0,,,,,370717.4627,5031171.761,45.41737594,-75.65775966,12328
16--8443,2016/08/10,5:05 PM,TERRY FOX DR @ PALLADIUM DR/KATIMAVIK RD (0011858),11858,02 - Intersection related,02 - Non-fatal injury,03 - Rear end,01 - Clear,01 - Daylight,01 - Dry,01 - Traffic signal,01 - Functioning,2,0,0,0,01 - Minimal,1,1,,,,351267.519,5018183.113,45.30206394,-75.90748036,12329
16--8812,2016/08/21,3:50 PM,INNES RD @ JEANNE D'ARC BLVD/MER BLEUE RD (0012475),12475,02 - Intersection related,03 - P.D. only,03 - Rear end,01 - Clear,01 - Daylight,01 - Dry,01 - Traffic signal,01 - Functioning,2,0,0,0,,0,,,,,382635.2691,5035569.624,45.45572005,-75.50480948,12330
16--8894,2016/08/24,1:24 PM,WALKLEY RD btwn LANCASTER RD & SHEFFIELD RD (__3ZA1UM),__3ZA1UM,01 - Non intersection,03 - P.D. only,04 - Sideswipe,01 - Clear,01 - Daylight,01 - Dry,10 - No control,,2,0,0,0,,0,,,,,375248.3736,5028779.618,45.39541117,-75.60021607,12331
16--8276,2016/08/04,4:06 PM,ANDERSON RD @ RUSSELL RD (0004145),4145,03 - At intersection,02 - Non-fatal injury,02 - Angle,01 - Clear,01 - Daylight,01 - Dry,02 - Stop sign,01 - Functioning,2,0,0,0,02 - Minor,1,,1,,,379786.672,5026706.299,45.37628549,-75.54257468,12332
16--8444,2016/08/10,5:19 PM,FISHER AVE @ PRINCE OF WALES DR (0000572),572,02 - Intersection related,02 - Non-fatal injury,03 - Rear end,01 - Clear,01 - Daylight,01 - Dry,01 - Traffic signal,01 - Functioning,3,0,0,0,01 - Minimal,1,1,,,,367161.296,5023942.356,45.35265358,-75.70410632,12333
16--8813,2016/08/21,3:54 PM,CARLING AVE @ PARKDALE AVE (0008792),8792,02 - Intersection related,02 - Non-fatal injury,02 - Angle,01 - Clear,01 - Daylight,01 - Dry,01 - Traffic signal,01 - Functioning,2,0,0,0,02 - Minor,1,,1,,,365625.7605,5028173.968,45.39086369,-75.72318085,12334
16--8277,2016/08/04,4:30 PM,HIGHWAY 417 btwn HWY417 IC122 RAMP61 & HWY417 IC121B RAMP16 (__3ZA2Y4),__3ZA2Y4,01 - Non intersection,03 - P.D. only,03 - Rear end,01 - Clear,01 - Daylight,01 - Dry,10 - No control,,3,0,0,0,,0,,,,,366091.9608,5029355.689,45.40145588,-75.71708064,12335
16--8895,2016/08/24,10:49 AM,HAZELDEAN RD @ JOHNWOODS ST/VICTOR ST (0004683),4683,02 - Intersection related,03 - P.D. only,03 - Rear end,01 - Clear,01 - Daylight,01 - Dry,01 - Traffic signal,01 - Functioning,2,0,0,0,,0,,,,,350185.5191,5015395.108,45.27704735,-75.92153159,12336
16--8445,2016/08/10,5:29 PM,STITTSVILLE MAIN ST btwn CARLETON CATHCART ST & BELL ST (__3ZA3DB),__3ZA3DB,04 - At/near private drive,02 - Non-fatal injury,03 - Rear end,01 - Clear,01 - Daylight,01 - Dry,10 - No control,,3,0,0,0,02 - Minor,1,,1,,,350680.0682,5012838.135,45.25400674,-75.91546475,12337
16--8814,2016/08/21,4:10 PM,DEVINE RD @ ROCKDALE RD (0012909),12909,03 - At intersection,02 - Non-fatal injury,02 - Angle,01 - Clear,01 - Daylight,01 - Dry,02 - Stop sign,01 - Functioning,2,0,0,0,02 - Minor,2,1,1,,,394887.6571,5024097.115,45.35103236,-75.35027763,12338
16--8278,2016/08/04,4:33 PM,INDUSTRIAL AVE/INNES RD @ ST. LAURENT BLVD (0002203),2203,02 - Intersection related,03 - P.D. only,04 - Sideswipe,01 - Clear,01 - Daylight,01 - Dry,01 - Traffic signal,01 - Functioning,2,0,0,0,,0,,,,,373100.4092,5030005.112,45.40665042,-75.62747743,12339
16--8896,2016/08/24,10:55 PM,RIVER RD @ RIDEAU RD (0004196),4196,03 - At intersection,02 - Non-fatal injury,02 - Angle,01 - Clear,07 - Dark,01 - Dry,02 - Stop sign,01 - Functioning,2,0,0,0,02 - Minor,2,,2,,,368049.1446,5012371.15,45.24845799,-75.69425231,12340
16--8446,2016/08/10,6:09 PM,GREENBANK RD @ STRANDHERD DR (0005563),5563,02 - Intersection related,03 - P.D. only,04 - Sideswipe,01 - Clear,01 - Daylight,01 - Dry,01 - Traffic signal,01 - Functioning,2,0,0,0,,0,,,,,363933.4566,5014785.326,45.27053868,-75.74639113,12341
16--8447,2016/08/10,7:41 AM,WELLINGTON ST @ LETT ST (0012269),12269,02 - Intersection related,03 - P.D. only,03 - Rear end,01 - Clear,01 - Daylight,01 - Dry,01 - Traffic signal,01 - Functioning,2,0,0,0,,0,,,,,366354.8109,5031110.9,45.41722573,-75.71350425,12342
16--8448,2016/08/10,8:09 PM,ANDERSON RD btwn RIDGE RD & RUSSELL RD (__3ZA2B4),__3ZA2B4,01 - Non intersection,03 - P.D. only,07 - SMV other,01 - Clear,05 - Dusk,01 - Dry,10 - No control,,1,0,0,0,,0,,,,,379081.5774,5028383.307,45.39144928,-75.55132369,12343
16--8449,2016/08/10,8:33 AM,JEANNE D'ARC BLVD @ OR174 IC105 RAMP52 (0012417),12417,02 - Intersection related,02 - Non-fatal injury,03 - Rear end,01 - Clear,01 - Daylight,01 - Dry,01 - Traffic signal,01 - Functioning,2,0,0,0,01 - Minimal,2,2,,,,379457.0173,5036919.078,45.46820822,-75.54523543,12344
16--845,2016/01/18,9:07 AM,RIVER RD btwn KILBY LANE & WATERFRONT CRT (__3ZA38T),__3ZA38T,01 - Non intersection,03 - P.D. only,07 - SMV other,03 - Snow,01 - Daylight,03 - Loose snow,10 - No control,,1,0,0,0,,0,,,,,371947.0376,5007834.375,45.20727563,-75.6452135,12345
16--8450,2016/08/10,8:36 AM,NIXON DR/ROGER STEVENS DR @ RIVER RD (0001087),1087,03 - At intersection,03 - P.D. only,02 - Angle,01 - Clear,01 - Daylight,01 - Dry,02 - Stop sign,01 - Functioning,2,0,0,0,,0,,,,,373169.0985,5002762.561,45.16152249,-75.6303535,12346
16--8451,2016/08/10,8:40 AM,WOODROFFE AVE btwn WOODROFFE AVE & NAVAHO DR (__3ZA2TY),__3ZA2TY,01 - Non intersection,02 - Non-fatal injury,03 - Rear end,01 - Clear,01 - Daylight,01 - Dry,10 - No control,,3,0,0,0,01 - Minimal,1,1,,,,362614.1965,5023613.71,45.35008607,-75.76217263,12347
16--8452,2016/08/10,8:45 AM,RICHMOND RD btwn KIRKWOOD AVE & HILSON AVE (__3ZA4OG),__3ZA4OG,01 - Non intersection,03 - P.D. only,01 - Approaching,01 - Clear,01 - Daylight,01 - Dry,10 - No control,,2,0,0,0,,0,,,,,363848.9212,5028687.096,45.39563279,-75.74580984,12348
16--8453,2016/08/10,9:00 AM,FAIRMONT AVE btwn DUHAMEL ST & GLADSTONE AVE (__3ZA05G),__3ZA05G,01 - Non intersection,03 - P.D. only,06 - SMV unattended vehicle,01 - Clear,01 - Daylight,01 - Dry,10 - No control,,1,0,0,0,,0,,,,,365729.1115,5029359.108,45.40151832,-75.72171468,12349
16--8454,2016/08/10,9:00 AM,HIGHWAY 417 btwn HWY417 IC119B RAMP57 & HWY417 IC119A RAMP75 (__3ZA1QN),__3ZA1QN,01 - Non intersection,03 - P.D. only,04 - Sideswipe,01 - Clear,01 - Daylight,01 - Dry,10 - No control,,2,0,0,0,,0,,,,,368453.195,5030435.084,45.41095722,-75.68678281,12350
16--8455,2016/08/10,9:32 AM,REGIONAL ROAD 174 EB btwn HWY417 IC113 RAMP65 & OR174 BLAIR IC112 RAMP51 (__3ZAZFJ),__3ZAZFJ,01 - Non intersection,03 - P.D. only,03 - Rear end,01 - Clear,01 - Daylight,01 - Dry,10 - No control,,2,0,0,0,,0,,,,,374701.7768,5032747.484,45.43116674,-75.60663374,12351
16--8456,2016/08/10,9:45 AM,GLADSTONE AVE @ PRESTON ST (0002212),2212,03 - At intersection,02 - Non-fatal injury,03 - Rear end,01 - Clear,01 - Daylight,01 - Dry,01 - Traffic signal,01 - Functioning,2,0,0,0,01 - Minimal,1,1,,,,366489.4787,5029712.558,45.40463198,-75.71195874,12352
16--8457,2016/08/10,9:50 AM,ALBION RD @ LESTER RD (0004175),4175,03 - At intersection,03 - P.D. only,02 - Angle,01 - Clear,01 - Daylight,01 - Dry,01 - Traffic signal,01 - Functioning,2,0,0,0,,0,,,,,372693.6455,5022331.837,45.33764889,-75.63372787,12353
16--8458,2016/08/11,10:15 AM,HIGHWAY 416 btwn HWY416 IC42 RAMP24 & END (__3ZAZJ6),__3ZAZJ6,01 - Non intersection,03 - P.D. only,99 - Other,01 - Clear,01 - Daylight,03 - Loose snow,10 - No control,,2,0,0,0,,0,,,,,372494.2941,4994086.231,45.08351777,-75.6401096,12354
16--8459,2016/08/11,10:30 AM,ST. JOSEPH BLVD/OLD MONTREAL RD @ TRIM RD (0004118),4118,03 - At intersection,03 - P.D. only,04 - Sideswipe,01 - Clear,01 - Daylight,01 - Dry,11 - Roundabout,01 - Functioning,2,0,0,0,,0,,,,,384681.9551,5039285.316,45.48891933,-75.47804091,12355
16--846,2016/01/18,9:25 AM,IRIS ST @ WOODROFFE AVE (0002736),2736,02 - Intersection related,03 - P.D. only,03 - Rear end,06 - Strong wind,01 - Daylight,06 - Ice,01 - Traffic signal,01 - Functioning,2,0,0,0,,0,,,,,362282.5637,5024441.732,45.35756381,-75.76630832,12356
16--8460,2016/08/11,11:30 AM,CARLING AVE WB btwn RICHARDSON AVE & WOODLAND AVE (__3ZA4VD),__3ZA4VD,04 - At/near private drive,03 - P.D. only,02 - Angle,01 - Clear,01 - Daylight,01 - Dry,10 - No control,,2,0,0,0,,0,,,,,361594.7282,5025636.243,45.36836799,-75.77494967,12357
16--8461,2016/08/11,11:43 AM,BANKFIELD RD btwn FIRST LINE RD & LOCKMASTER CRES (__3ZA2XX),__3ZA2XX,01 - Non intersection,03 - P.D. only,01 - Approaching,01 - Clear,01 - Daylight,01 - Dry,10 - No control,,2,0,0,0,,0,,,,,367214.3335,5009462.847,45.22236365,-75.70525103,12358
16--8462,2016/08/11,11:45 AM,COLONEL BY DR/MACKENZIE AVE @ DALY AVE (0008541),8541,02 - Intersection related,03 - P.D. only,04 - Sideswipe,01 - Clear,01 - Daylight,01 - Dry,01 - Traffic signal,01 - Functioning,2,0,0,0,,0,,,,,368001.5523,5031904.055,45.42421547,-75.6923639,12359
16--8463,2016/08/11,Unknown,SHELLEY AVE btwn DEVON ST & ORCHID DR (__3ZA94B),__3ZA94B,01 - Non intersection,03 - P.D. only,06 - SMV unattended vehicle,01 - Clear,00 - Unknown,01 - Dry,10 - No control,,1,0,0,0,,0,,,,,372001.9799,5030053.397,45.40719119,-75.64150144,12360
16--8464,2016/08/11,12:15 PM,O'CONNOR ST btwn SLATER ST & LAURIER AVE W (__3ZA35I),__3ZA35I,01 - Non intersection,03 - P.D. only,03 - Rear end,01 - Clear,01 - Daylight,01 - Dry,10 - No control,,2,0,0,0,,0,,,,,367605.3778,5031408.754,45.41979459,-75.69748915,12361
16--8465,2016/08/11,12:45 AM,EAGLESON RD btwn FAULKNER TR & FALLOWFIELD RD (__3ZA410),__3ZA410,01 - Non intersection,03 - P.D. only,07 - SMV other,01 - Clear,07 - Dark,01 - Dry,10 - No control,,1,0,0,0,,0,,,,,355683.1235,5013310.887,45.25791668,-75.85167879,12362
16--8466,2016/08/11,12:54 PM,GREENBANK RD @ JOCKVALE RD (0010360),10360,03 - At intersection,03 - P.D. only,05 - Turning movement,01 - Clear,01 - Daylight,01 - Dry,01 - Traffic signal,01 - Functioning,2,0,0,0,,0,,,,,364119.3221,5014333.417,45.26645674,-75.7440766,12363
16--8467,2016/08/11,2:00 PM,RIVERSIDE DR @ HERON RD (0002236),2236,03 - At intersection,03 - P.D. only,05 - Turning movement,01 - Clear,01 - Daylight,01 - Dry,01 - Traffic signal,01 - Functioning,2,0,0,0,,0,,,,,368121.1676,5026647.584,45.37690853,-75.69151038,12364
16--8468,2016/08/11,2:30 PM,HWY 417 CASTLEFR IC139R61 @ KANATA AVE (0012625),12625,03 - At intersection,02 - Non-fatal injury,02 - Angle,01 - Clear,01 - Daylight,01 - Dry,01 - Traffic signal,01 - Functioning,2,0,0,0,02 - Minor,2,1,1,,,351615.5301,5019225.168,45.3114175,-75.90294459,12365
16--8469,2016/08/11,2:45 PM,FALLOWFIELD RD @ GREENBANK RD (0000549),549,03 - At intersection,02 - Non-fatal injury,05 - Turning movement,01 - Clear,01 - Daylight,01 - Dry,01 - Traffic signal,01 - Functioning,2,0,0,0,02 - Minor,1,,1,,,363080.903,5016733.364,45.28813835,-75.75702658,12366
16--847,2016/01/18,9:27 AM,MERIVALE RD btwn AMBERWOOD CRES & FALLOWFIELD RD (__3ZA3I9),__3ZA3I9,01 - Non intersection,03 - P.D. only,07 - SMV other,01 - Clear,01 - Daylight,03 - Loose snow,10 - No control,,1,0,0,0,,0,,,,,366703.6385,5019294.533,45.31087373,-75.71052793,12367
16--8470,2016/08/11,3:02 PM,HAZELDEAN RD @ CARBROOKE ST/IRWIN GATE (0003187),3187,03 - At intersection,03 - P.D. only,02 - Angle,01 - Clear,01 - Daylight,01 - Dry,01 - Traffic signal,01 - Functioning,2,0,0,0,,0,,,,,353417.0849,5018264.584,45.30265155,-75.88006426,12368
16--8471,2016/08/11,3:19 PM,ST. PATRICK ST btwn SUSSEX DR & PARENT AVE (__3ZA3WI),__3ZA3WI,01 - Non intersection,03 - P.D. only,03 - Rear end,01 - Clear,01 - Daylight,01 - Dry,10 - No control,,2,0,0,0,,0,,,,,367752.2145,5032514.124,45.42972715,-75.69547182,12369
16--8472,2016/08/11,3:20 PM,HIGHWAY 417 btwn HWY417 IC117 RAMP51 & HWY417 IC117 RAMP35 (__3ZA2YN),__3ZA2YN,01 - Non intersection,03 - P.D. only,03 - Rear end,01 - Clear,01 - Daylight,01 - Dry,10 - No control,,2,0,0,0,,0,,,,,370731.5095,5031176.443,45.41741674,-75.65757957,12370
16--8473,2016/08/11,3:32 PM,MEADOWLANDS DR btwn ORKNEY PRIV & VALMARIE AVE (__3ZA4IX),__3ZA4IX,01 - Non intersection,03 - P.D. only,03 - Rear end,01 - Clear,01 - Daylight,01 - Dry,10 - No control,,2,0,0,0,,0,,,,,366742.5826,5025152.305,45.36357757,-75.70929806,12371
16--8474,2016/08/11,4:06 PM,BANK ST @ HUNT CLUB RD (0002119),2119,02 - Intersection related,03 - P.D. only,03 - Rear end,01 - Clear,01 - Daylight,01 - Dry,01 - Traffic signal,01 - Functioning,2,0,0,0,,0,,,,,371609.5647,5024094.436,45.35361226,-75.6473203,12372
16--8475,2016/08/11,4:40 PM,BRONSON AVE/BRONSON/HERON RAMP 35 @ HERON RD (0002386),2386,02 - Intersection related,03 - P.D. only,03 - Rear end,01 - Clear,01 - Daylight,01 - Dry,01 - Traffic signal,01 - Functioning,4,0,0,0,,0,,,,,368643.1584,5026697.931,45.37731417,-75.68483973,12373
16--8476,2016/08/11,4:45 PM,BASELINE RD btwn 207 E OF CLYDE AVE & LOBLAWS SC (__3ZA4ISB),__3ZA4ISB,01 - Non intersection,03 - P.D. only,03 - Rear end,01 - Clear,01 - Daylight,01 - Dry,10 - No control,,2,0,0,0,,0,,,,,364629.8517,5025060.09,45.36293134,-75.73627595,12374