Anom_ID,Accident_Date,Accident_Time,Location,Geo_ID,Accident_Location,Classification_of_Accident,Initial_Impact_Type,Environment_Condition,Light,Road_Surface_Condition,Traffic_Control,Traffic_Control_Condition,No__of_Vehicles,No__of_Bicycles,No__of_Motorcycles,No__of_Pedestrians,Max_Injury,No__of_Injuries,No__of_Minimal,No__of_Minor,No__of_Major,No__of_Fatal,X,Y,Latitude,Longitude,ObjectId
16--8477,2016/08/11,5:22 PM,CARLING AVE/STATION RD @ MARCH RD (0002681),2681,02 - Intersection related,03 - P.D. only,03 - Rear end,01 - Clear,01 - Daylight,01 - Dry,01 - Traffic signal,01 - Functioning,2,0,0,0,,0,,,,,350908.8514,5022246.369,45.33864974,-75.9116753,12375
16--8478,2016/08/11,5:28 PM,INNES RD @ TENTH LINE RD (0004633),4633,02 - Intersection related,03 - P.D. only,03 - Rear end,01 - Clear,01 - Daylight,01 - Dry,01 - Traffic signal,01 - Functioning,2,0,0,0,,0,,,,,383953.714,5036156.057,45.46084814,-75.48786026,12376
16--8479,2016/08/11,5:29 PM,JEANNE D'ARC BLVD  N btwn PADDLER WAY & ORLEANS BLVD (__3ZA6BI),__3ZA6BI,01 - Non intersection,03 - P.D. only,07 - SMV other,01 - Clear,01 - Daylight,01 - Dry,10 - No control,,1,0,0,0,,0,,,,,379835.3395,5038046.198,45.47830862,-75.54022573,12377
16--848,2016/01/18,9:35 AM,KIMBERWICK CRES S @ RIVERSIDE DR (0006965),6965,02 - Intersection related,03 - P.D. only,03 - Rear end,01 - Clear,01 - Daylight,03 - Loose snow,02 - Stop sign,01 - Functioning,2,0,0,0,,0,,,,,368147.0316,5022532.523,45.33987986,-75.69170756,12378
16--8480,2016/08/11,5:47 PM,LABELLE ST/RAMP @ LEMIEUX ST/HWY417 IC115 RAMP (0012538),12538,02 - Intersection related,03 - P.D. only,02 - Angle,01 - Clear,01 - Daylight,01 - Dry,02 - Stop sign,01 - Functioning,2,0,0,0,,0,,,,,372541.0386,5031689.478,45.42185994,-75.63439093,12379
16--8481,2016/08/11,5:54 PM,RICHMOND RD @ LYNHAR RD/STAFFORD RD (0000155),155,02 - Intersection related,03 - P.D. only,03 - Rear end,01 - Clear,01 - Daylight,01 - Dry,01 - Traffic signal,01 - Functioning,2,0,0,0,,0,,,,,358142.7851,5021081.709,45.32765735,-75.81950574,12380
16--8482,2016/08/11,6:02 PM,HUNTMAR DR btwn CAMPEAU DR & RICHARDSON SIDE RD (__3ZBN0Y),__3ZBN0Y,01 - Non intersection,03 - P.D. only,07 - SMV other,01 - Clear,01 - Daylight,01 - Dry,10 - No control,,1,0,0,0,,0,,,,,348248.673,5018940.556,45.30907286,-75.9459062,12381
16--8483,2016/08/11,6:15 PM,BANK ST @ JOHNSTON RD (0006967),6967,02 - Intersection related,03 - P.D. only,04 - Sideswipe,01 - Clear,01 - Daylight,01 - Dry,01 - Traffic signal,01 - Functioning,2,0,0,0,,0,,,,,370851.5032,5024839.073,45.36038409,-75.65689476,12382
16--8484,2016/08/11,7:43 PM,STRANDHERD DR @ WOODROFFE AVE (0009688),9688,02 - Intersection related,03 - P.D. only,03 - Rear end,01 - Clear,05 - Dusk,01 - Dry,01 - Traffic signal,01 - Functioning,2,0,0,0,,0,,,,,366104.4977,5015394.735,45.27583621,-75.71865023,12383
16--8485,2016/08/11,8:04 AM,HIGHWAY 417 btwn HWY417 IC118 RAMP67 & HWY417 IC117 RAMP36 (__3ZA2YO),__3ZA2YO,01 - Non intersection,03 - P.D. only,03 - Rear end,01 - Clear,01 - Daylight,01 - Dry,10 - No control,,2,0,0,0,,0,,,,,369844.3311,5031155.198,45.41730862,-75.66891683,12384
16--8486,2016/08/11,8:23 AM,GRANGE AVE btwn SPENCER ST & WELLINGTON ST W (__3ZA03A),__3ZA03A,01 - Non intersection,03 - P.D. only,06 - SMV unattended vehicle,01 - Clear,01 - Daylight,01 - Dry,10 - No control,,1,0,0,0,,0,,,,,364581.2061,5029073.099,45.39904383,-75.73641093,12385
16--8487,2016/08/11,8:27 AM,BRONSON AVE btwn BREWER WAY & RIVERSIDE DR RAMPS 34B & 42A-3 (__3ZA3BR),__3ZA3BR,01 - Non intersection,03 - P.D. only,04 - Sideswipe,01 - Clear,01 - Daylight,01 - Dry,10 - No control,,2,0,0,0,,0,,,,,368125.4107,5027735.527,45.38669716,-75.69131666,12386
16--8488,2016/08/11,9:02 AM,VICTORIA ST btwn 9TH LINE RD & YORKS CORNERS RD (__3ZA3X9),__3ZA3X9,04 - At/near private drive,02 - Non-fatal injury,05 - Turning movement,01 - Clear,01 - Daylight,01 - Dry,10 - No control,,2,0,1,0,03 - Major,1,,,1,,388387.2472,5012998.907,45.25198458,-75.43509372,12387
16--8489,2016/08/11,9:12 PM,BELLEVIEW DR btwn MARCASITE RD & PINEVIEW RD (__31BXXP),__31BXXP,01 - Non intersection,02 - Non-fatal injury,07 - SMV other,01 - Clear,07 - Dark,01 - Dry,10 - No control,,1,0,0,0,02 - Minor,1,,1,,,353202.0336,5018711.728,45.3066899,-75.88276265,12388
16--849,2016/01/18,9:40 AM,FALLOWFIELD RD @ MERIVALE RD (0000587),587,02 - Intersection related,03 - P.D. only,03 - Rear end,03 - Snow,01 - Daylight,03 - Loose snow,01 - Traffic signal,01 - Functioning,3,0,0,0,,0,,,,,366891.4931,5018844.25,45.30680556,-75.70818882,12389
16--8490,2016/08/11,9:13 AM,ALBION RD @ MITCH OWENS RD (0004212),4212,03 - At intersection,03 - P.D. only,05 - Turning movement,01 - Clear,01 - Daylight,01 - Dry,01 - Traffic signal,01 - Functioning,2,0,0,0,,0,,,,,375906.5346,5014804.669,45.26960406,-75.59381855,12390
16--8491,2016/08/11,9:19 PM,CHARLEMAGNE BLVD btwn TENTH LINE RD & VALADE CRES (__3ZA1V1),__3ZA1V1,04 - At/near private drive,02 - Non-fatal injury,02 - Angle,01 - Clear,07 - Dark,01 - Dry,10 - No control,,2,1,0,0,03 - Major,1,,,1,,383253.1252,5038007.097,45.47758116,-75.49652181,12391
16--8492,2016/08/11,9:40 AM,HAZELDEAN RD @ EDGEWATER ST (0003176),3176,02 - Intersection related,03 - P.D. only,03 - Rear end,01 - Clear,01 - Daylight,01 - Dry,01 - Traffic signal,01 - Functioning,2,0,0,0,,0,,,,,352322.7775,5017349.375,45.29449116,-75.89410514,12392
16--8493,2016/08/11,9:43 PM,CRESTWAY DR @ STRANDHERD DR (0010538),10538,03 - At intersection,02 - Non-fatal injury,02 - Angle,01 - Clear,07 - Dark,01 - Dry,01 - Traffic signal,01 - Functioning,2,0,0,0,02 - Minor,1,,1,,,366347.1301,5015471.588,45.27650653,-75.71554854,12393
16--8494,2016/08/11,9:44 PM,CARLING AVE btwn RIFLE RD & DAVIDSON'S SIDE RD (__3ZBOCR),__3ZBOCR,01 - Non intersection,02 - Non-fatal injury,07 - SMV other,01 - Clear,07 - Dark,01 - Dry,10 - No control,,1,0,1,0,01 - Minimal,1,1,,,,354045.8652,5023411.773,45.34892303,-75.87153498,12394
16--8495,2016/08/12,1:14 PM,INDUSTRIAL AVE btwn TRAINYARDS DR & RUSSELL RD (__3ZA3R9),__3ZA3R9,04 - At/near private drive,03 - P.D. only,02 - Angle,01 - Clear,01 - Daylight,01 - Dry,10 - No control,,2,0,0,0,,0,,,,,372328.0675,5030347.316,45.40980436,-75.63729592,12395
16--8496,2016/08/12,1:30 PM,DUNROBIN RD @ THOMAS A. DOLAN PKWY (0003181),3181,02 - Intersection related,02 - Non-fatal injury,03 - Rear end,02 - Rain,01 - Daylight,02 - Wet,01 - Traffic signal,01 - Functioning,2,0,0,0,01 - Minimal,1,1,,,,342338.2786,5031478.488,45.42223412,-76.02032507,12396
16--8497,2016/08/12,1:51 PM,BANK ST @ RIVERDALE AVE (0007210),7210,03 - At intersection,03 - P.D. only,05 - Turning movement,02 - Rain,01 - Daylight,02 - Wet,01 - Traffic signal,01 - Functioning,2,0,0,0,,0,,,,,369076.3757,5028117.237,45.39004504,-75.6791241,12397
16--8498,2016/08/12,10:00 AM,MEADOWLANDS DR @ MERIVALE RD (0000625),625,02 - Intersection related,03 - P.D. only,03 - Rear end,01 - Clear,01 - Daylight,01 - Dry,01 - Traffic signal,01 - Functioning,2,0,0,0,,0,,,,,364858.6999,5023725.924,45.35090714,-75.73351707,12398
16--8499,2016/08/12,10:00 AM,HIGHWAY 417 btwn Continuation of HIGHWAY 417 & HWY417 IC134 RAMP51 (__3ZA29B),__3ZA29B,01 - Non intersection,03 - P.D. only,04 - Sideswipe,01 - Clear,01 - Daylight,01 - Dry,10 - No control,,2,0,0,0,,0,,,,,355587.9805,5021745.208,45.33381712,-75.85202717,12399
16--85,2016/01/04,10:36 AM,"MONTREAL RD btwn EGLISE, RUE DE L & ST. LAURENT BLVD (__3ZA3ML)",__3ZA3ML,04 - At/near private drive,03 - P.D. only,04 - Sideswipe,01 - Clear,01 - Daylight,01 - Dry,10 - No control,,2,0,0,0,,0,,,,,371533.4942,5033811.157,45.44104668,-75.64697655,12400
16--850,2016/01/18,9:44 AM,HWY417 IC131 RAMP66 btwn HWY417 IC130 RAMP36 & HWY417 IC131 RAMP63 (__3ZA1SX),__3ZA1SX,01 - Non intersection,03 - P.D. only,07 - SMV other,01 - Clear,01 - Daylight,02 - Wet,10 - No control,,1,0,0,0,,0,,,,,358612.4631,5022946.812,45.34440378,-75.81331167,12401
16--8500,2016/08/12,10:14 AM,MEADOWLANDS DR @ MERIVALE RD (0000625),625,02 - Intersection related,03 - P.D. only,03 - Rear end,01 - Clear,01 - Daylight,01 - Dry,01 - Traffic signal,00 - Unknown,2,0,0,0,,0,,,,,364859.5281,5023727.581,45.35092198,-75.7335063,12402
16--8501,2016/08/12,10:40 PM,ST. JOSEPH BLVD/OLD MONTREAL RD @ TRIM RD (0004118),4118,03 - At intersection,03 - P.D. only,04 - Sideswipe,01 - Clear,07 - Dark,01 - Dry,11 - Roundabout,01 - Functioning,2,0,0,0,,0,,,,,384682.4877,5039284.25,45.48890968,-75.47803427,12403
16--8502,2016/08/12,10:50 AM,MOODIE DR btwn RICHMOND RD & RICHMOND RD (__3ZBOCV),__3ZBOCV,01 - Non intersection,02 - Non-fatal injury,07 - SMV other,01 - Clear,01 - Daylight,01 - Dry,10 - No control,,1,0,0,0,03 - Major,1,,,1,,357409.3274,5019642.294,45.31476071,-75.82901472,12404
16--8503,2016/08/12,11:27 AM,GREENBANK RD @ WEST HUNT CLUB RD (0005167),5167,02 - Intersection related,02 - Non-fatal injury,03 - Rear end,01 - Clear,01 - Daylight,01 - Dry,01 - Traffic signal,01 - Functioning,2,0,0,0,01 - Minimal,1,1,,,,361479.4497,5020502.479,45.32218392,-75.77700949,12405
16--8504,2016/08/12,11:30 AM,BANK ST @ HOLMWOOD AVE (0007225),7225,02 - Intersection related,03 - P.D. only,03 - Rear end,01 - Clear,01 - Daylight,01 - Dry,01 - Traffic signal,01 - Functioning,2,0,0,0,,0,,,,,368482.5362,5029198.801,45.39983088,-75.68656766,12406
16--8505,2016/08/12,11:42 AM,AVIATION PKWY @ OGILVIE RD (0004114),4114,02 - Intersection related,02 - Non-fatal injury,03 - Rear end,01 - Clear,01 - Daylight,01 - Dry,01 - Traffic signal,01 - Functioning,2,0,0,0,01 - Minimal,1,1,,,,373109.0579,5032377.828,45.42799814,-75.62703805,12407
16--8506,2016/08/12,12:01 PM,BLAIR RD @ INNES RD (0004165),4165,02 - Intersection related,03 - P.D. only,03 - Rear end,01 - Clear,01 - Daylight,01 - Dry,01 - Traffic signal,01 - Functioning,3,0,0,0,,0,,,,,375578.7349,5031438.313,45.41929936,-75.59561546,12408
16--8507,2016/08/12,12:36 PM,BRONSON AVE @ CATHERINE ST/RAYMOND ST (0007198),7198,02 - Intersection related,03 - P.D. only,03 - Rear end,01 - Clear,01 - Daylight,01 - Dry,01 - Traffic signal,01 - Functioning,2,0,0,0,,0,,,,,367254.3648,5029795.324,45.40530886,-75.7021783,12409
16--8508,2016/08/12,12:48 PM,BANK ST btwn EVANS AVE & EVANS BLVD (__3ZAZRS),__3ZAZRS,01 - Non intersection,03 - P.D. only,03 - Rear end,01 - Clear,01 - Daylight,01 - Dry,10 - No control,,2,0,0,0,,0,,,,,369925.5786,5027046.848,45.38033559,-75.66842127,12410
16--8509,2016/08/12,2:07 PM,BELL ST @ GLADSTONE AVE (0006488),6488,02 - Intersection related,03 - P.D. only,03 - Rear end,01 - Clear,01 - Daylight,01 - Dry,02 - Stop sign,00 - Unknown,2,0,0,0,,0,,,,,366943.2133,5029970.805,45.40691548,-75.7061306,12411
16--851,2016/01/18,9:45 AM,LANCASTER RD @ WALKLEY RD (0003130),3130,02 - Intersection related,03 - P.D. only,04 - Sideswipe,01 - Clear,01 - Daylight,04 - Slush,01 - Traffic signal,01 - Functioning,2,0,0,0,,0,,,,,374908.96,5028603.639,45.39386187,-75.60457561,12412
16--8510,2016/08/12,2:45 PM,MONTREAL RD @ ST. LAURENT BLVD (0002604),2604,02 - Intersection related,03 - P.D. only,03 - Rear end,01 - Clear,01 - Daylight,01 - Dry,01 - Traffic signal,01 - Functioning,2,0,0,0,,0,,,,,371546.2384,5033818.933,45.44111542,-75.64681261,12413
16--8511,2016/08/12,2:51 PM,BANK ST @ KILBORN AVE/BELANGER AVE (0007208),7208,02 - Intersection related,03 - P.D. only,03 - Rear end,01 - Clear,01 - Daylight,01 - Dry,01 - Traffic signal,00 - Unknown,2,0,0,0,,0,,,,,369652.649,5027427.816,45.38378873,-75.67185585,12414
16--8512,2016/08/12,2:51 PM,BANK ST @ KILBORN AVE/BELANGER AVE (0007208),7208,02 - Intersection related,03 - P.D. only,03 - Rear end,01 - Clear,01 - Daylight,01 - Dry,01 - Traffic signal,00 - Unknown,2,0,0,0,,0,,,,,369653.7199,5027425.477,45.38376759,-75.67184249,12415
16--8513,2016/08/12,3:00 AM,FRANK KENNY RD btwn MCFADDEN RD & RUSSELL RD (__3ZA6IY),__3ZA6IY,01 - Non intersection,03 - P.D. only,07 - SMV other,01 - Clear,07 - Dark,01 - Dry,10 - No control,,1,0,0,0,,0,,,,,392505.3295,5026506.419,45.37301068,-75.38024804,12416
16--8514,2016/08/12,3:03 PM,GRASSY PLAINS DR @ STONEHAVEN DR (0008886),8886,03 - At intersection,03 - P.D. only,03 - Rear end,02 - Rain,01 - Daylight,02 - Wet,01 - Traffic signal,01 - Functioning,2,0,0,0,,0,,,,,356206.2941,5015966.501,45.28177442,-75.8447384,12417
16--8515,2016/08/12,3:04 PM,2ND LINE RD @ OSGOODE MAIN ST (0005251),5251,03 - At intersection,02 - Non-fatal injury,02 - Angle,02 - Rain,01 - Daylight,02 - Wet,02 - Stop sign,01 - Functioning,2,0,0,0,02 - Minor,3,,3,,,376058.0625,5001706.544,45.1517349,-75.59376139,12418
16--8516,2016/08/12,3:41 PM,RIDEAU ST @ WURTEMBURG ST (0007118),7118,02 - Intersection related,03 - P.D. only,03 - Rear end,01 - Clear,01 - Daylight,01 - Dry,01 - Traffic signal,01 - Functioning,2,0,0,0,,0,,,,,369354.2217,5032926.831,45.43329449,-75.6749462,12419
16--8517,2016/08/12,3:43 PM,RIVERSIDE DR SB btwn HINCKS LANE & TO BE DETERMINED (__3ZAZRW),__3ZAZRW,01 - Non intersection,03 - P.D. only,03 - Rear end,01 - Clear,01 - Daylight,01 - Dry,10 - No control,,2,0,0,0,,0,,,,,370175.8256,5030268.92,45.40930334,-75.66479927,12420
16--8518,2016/08/12,3:45 PM,BRONSON AVE btwn FINDLAY AVE & BRONSON AVE SB OFF RAMP 34 (__3ZA3N5),__3ZA3N5,01 - Non intersection,03 - P.D. only,04 - Sideswipe,02 - Rain,01 - Daylight,02 - Wet,10 - No control,,2,0,0,0,,0,,,,,367730.3016,5028655.648,45.39501176,-75.69624447,12421
16--8519,2016/08/12,4:08 PM,KANATA AVE @ EARL GREY DR (0012608),12608,02 - Intersection related,03 - P.D. only,03 - Rear end,01 - Clear,01 - Daylight,01 - Dry,01 - Traffic signal,01 - Functioning,2,0,0,0,,0,,,,,350950.926,5019284.242,45.31199306,-75.91141457,12422
16--852,2016/01/18,9:45 AM,LAPERRIERE AVE btwn MCBRIDE ST & LADY ELLEN PL (__3ZA0E0),__3ZA0E0,04 - At/near private drive,03 - P.D. only,02 - Angle,01 - Clear,01 - Daylight,04 - Slush,10 - No control,,2,0,0,0,,0,,,,,364078.1464,5026681.501,45.37756743,-75.74312324,12423
16--8520,2016/08/12,4:08 PM,GREENBANK RD @ MEADOWBANK DR (0001123),1123,02 - Intersection related,03 - P.D. only,03 - Rear end,02 - Rain,01 - Daylight,02 - Wet,02 - Stop sign,00 - Unknown,2,0,0,0,,0,,,,,360765.6778,5022185.163,45.33738198,-75.78592326,12424
16--8521,2016/08/12,4:10 PM,REGIONAL ROAD 174 btwn Continuation of REGIONAL ROAD 174 & OR174 IC112 (__3ZA2YI),__3ZA2YI,01 - Non intersection,02 - Non-fatal injury,04 - Sideswipe,02 - Rain,01 - Daylight,02 - Wet,10 - No control,,3,0,0,0,01 - Minimal,4,4,,,,373978.827,5032228.2,45.42656638,-75.61594509,12425
16--8522,2016/08/12,4:13 PM,BELFAST RD @ ST. LAURENT BLVD (0007658),7658,03 - At intersection,03 - P.D. only,03 - Rear end,02 - Rain,01 - Daylight,02 - Wet,01 - Traffic signal,01 - Functioning,2,0,0,0,,0,,,,,372860.7241,5030577.32,45.41182224,-75.63046,12426
16--8523,2016/08/12,4:15 PM,TREMBLAY RD btwn RIVERSIDE DR & TRAIN STATION (__3ZBN0PA),__3ZBN0PA,01 - Non intersection,03 - P.D. only,07 - SMV other,02 - Rain,01 - Daylight,02 - Wet,10 - No control,,1,0,0,0,,0,,,,,370853.669,5031017.272,45.41597306,-75.65604022,12427
16--8524,2016/08/12,4:16 PM,BLAIR RD @ OGILVIE RD (0004120),4120,02 - Intersection related,03 - P.D. only,03 - Rear end,01 - Clear,01 - Daylight,02 - Wet,01 - Traffic signal,01 - Functioning,3,0,0,0,,0,,,,,374507.2645,5033197.886,45.43523862,-75.60905559,12428
16--8525,2016/08/12,4:21 PM,FRANK KENNY RD W @ INNES RD (0010153),10153,02 - Intersection related,03 - P.D. only,03 - Rear end,02 - Rain,01 - Daylight,02 - Wet,02 - Stop sign,00 - Unknown,2,0,0,0,,0,,,,,387532.4128,5037632.396,45.47371607,-75.44185856,12429
16--8526,2016/08/12,4:22 PM,BROPHY DR @ FOURTH LINE RD (0003596),3596,03 - At intersection,02 - Non-fatal injury,02 - Angle,01 - Clear,01 - Daylight,02 - Wet,02 - Stop sign,01 - Functioning,2,1,0,0,02 - Minor,1,,1,,,360737.958,5005671.337,45.18879093,-75.78813644,12430
16--8527,2016/08/12,4:32 PM,CLYDE AVE btwn MAITLAND AVE & BASELINE RD (__3ZA4IR),__3ZA4IR,01 - Non intersection,03 - P.D. only,03 - Rear end,02 - Rain,01 - Daylight,02 - Wet,10 - No control,,3,0,0,0,,0,,,,,364331.298,5024955.724,45.36201769,-75.7400992,12431
16--8528,2016/08/12,4:33 PM,COLONEL BY DR btwn HAWTHORNE AVE & MAIN ST (__3ZA218),__3ZA218,01 - Non intersection,02 - Non-fatal injury,03 - Rear end,02 - Rain,01 - Daylight,02 - Wet,10 - No control,,5,0,0,0,02 - Minor,1,,1,,,368851.8731,5030896.893,45.41507604,-75.68162991,12432
16--8529,2016/08/12,4:42 PM,BRITANNIA RD @ CARLING AVE (0002777),2777,02 - Intersection related,03 - P.D. only,02 - Angle,01 - Clear,01 - Daylight,01 - Dry,02 - Stop sign,01 - Functioning,2,1,0,0,,0,,,,,360175.3593,5024738.983,45.36040806,-75.7931687,12433
16--853,2016/01/19,1:30 PM,BRONSON AVE @ SUNNYSIDE AVE/UNIVERSITY RD - CA (0007209),7209,03 - At intersection,03 - P.D. only,07 - SMV other,01 - Clear,01 - Daylight,04 - Slush,01 - Traffic signal,01 - Functioning,1,0,0,0,,0,,,,,367922.4906,5028091.767,45.38992082,-75.69386219,12434
16--8530,2016/08/12,5:07 PM,AIRPORT PKWY btwn BROOKFIELD RAMP 34 & BROOKFIELD RAMP 52B (__3ZA228),__3ZA228,01 - Non intersection,03 - P.D. only,07 - SMV other,02 - Rain,01 - Daylight,02 - Wet,10 - No control,,1,0,0,0,,0,,,,,368790.6245,5026442.228,45.37499998,-75.68299019,12435
16--8531,2016/08/12,5:29 PM,AUTUMNFIELD ST @ CROWNRIDGE DR (0014906),14906,03 - At intersection,03 - P.D. only,02 - Angle,01 - Clear,01 - Daylight,01 - Dry,02 - Stop sign,01 - Functioning,2,0,0,0,,0,,,,,356065.311,5015255.183,45.27538414,-75.84660882,12436
16--8352,2016/08/07,10:57 AM,ABERDEEN ST btwn PRESTON ST & ROCHESTER ST (__3ZA4AN),__3ZA4AN,01 - Non intersection,03 - P.D. only,01 - Approaching,01 - Clear,01 - Daylight,01 - Dry,10 - No control,,2,0,0,0,,0,,,,,366676.922,5029351.108,45.40136321,-75.70960986,12437
16--8815,2016/08/21,4:33 PM,GILMOUR ST @ KENT ST (0007283),7283,03 - At intersection,02 - Non-fatal injury,07 - SMV other,02 - Rain,01 - Daylight,02 - Wet,01 - Traffic signal,01 - Functioning,1,0,0,1,02 - Minor,1,,1,,,367615.9361,5030673.48,45.41317788,-75.69744798,12438
16--8279,2016/08/04,4:51 PM,BANK ST @ MCLEOD ST (0007255),7255,02 - Intersection related,03 - P.D. only,05 - Turning movement,01 - Clear,01 - Daylight,01 - Dry,02 - Stop sign,01 - Functioning,2,0,0,0,,0,,,,,367948.4826,5030488.482,45.4114834,-75.6932234,12439
16--828,2016/01/18,7:35 AM,DALEHURST DR btwn CRESTLEA CRES & LAVONNE CRT (__3ZA53T),__3ZA53T,04 - At/near private drive,03 - P.D. only,02 - Angle,03 - Snow,03 - Dawn,03 - Loose snow,10 - No control,,2,0,0,0,,0,,,,,363610.3872,5021666.6,45.33248331,-75.74969174,12440
16--8897,2016/08/24,11:03 AM,BAYFIELD AVE @ CARLING AVE (0000580),580,03 - At intersection,02 - Non-fatal injury,03 - Rear end,01 - Clear,01 - Daylight,01 - Dry,02 - Stop sign,00 - Unknown,3,0,0,0,02 - Minor,2,,2,,,352347.1623,5022370.161,45.33966764,-75.89331234,12441
16--8353,2016/08/07,11:29 AM,REGIONAL ROAD 174 btwn OR174 IC105 RAMP26 & OR174 IC105 RAMP63 (__3ZA2XB),__3ZA2XB,01 - Non intersection,03 - P.D. only,04 - Sideswipe,01 - Clear,01 - Daylight,01 - Dry,10 - No control,,2,0,0,0,,0,,,,,379569.5914,5037126.805,45.47006514,-75.54376435,12442
16--8816,2016/08/21,5:00 PM,HIGHWAY 417 btwn HWY417 IC129 RAMP76 & HWY417 IC129 RAMP26 (__3ZA2RG),__3ZA2RG,01 - Non intersection,03 - P.D. only,03 - Rear end,01 - Clear,01 - Daylight,01 - Dry,10 - No control,,2,0,0,0,,0,,,,,360443.0895,5023545.494,45.34964788,-75.78988589,12443
16--8280,2016/08/04,4:52 PM,SUSSEX DR @ 262 N OF KING EDWARD AVE (0008806),8806,02 - Intersection related,03 - P.D. only,03 - Rear end,01 - Clear,01 - Daylight,01 - Dry,01 - Traffic signal,01 - Functioning,2,0,0,0,,0,,,,,367769.2091,5033734.678,45.44070773,-75.69509854,12444
16--8898,2016/08/24,11:46 AM,ARGYLE AVE btwn METCALFE ST & METCALFE ST (__3ZA3QQ),__3ZA3QQ,01 - Non intersection,03 - P.D. only,04 - Sideswipe,01 - Clear,01 - Daylight,01 - Dry,10 - No control,,2,0,0,0,,0,,,,,368440.3989,5030640.219,45.41280412,-75.68691979,12445
16--8354,2016/08/07,12:12 PM,CHURCHILL AVE @ RICHMOND RD (0002361),2361,02 - Intersection related,03 - P.D. only,03 - Rear end,01 - Clear,01 - Daylight,01 - Dry,01 - Traffic signal,01 - Functioning,2,0,0,0,,0,,,,,363227.6651,5028292.395,45.39213345,-75.75379076,12446
16--8817,2016/08/21,6:14 PM,HENNESSY CRES/VARENNES BLVD @ VALIN ST (0012339),12339,03 - At intersection,02 - Non-fatal injury,07 - SMV other,01 - Clear,01 - Daylight,01 - Dry,02 - Stop sign,01 - Functioning,1,0,0,1,02 - Minor,1,,1,,,385176.8831,5037685.76,45.47447128,-75.47197192,12447
16--8281,2016/08/04,5:03 PM,105 S OF COMMISSIONER ST @ ALBERT ST (0016880),16880,02 - Intersection related,03 - P.D. only,04 - Sideswipe,01 - Clear,01 - Daylight,01 - Dry,01 - Traffic signal,01 - Functioning,2,0,0,0,,0,,,,,366666.2747,5030879.415,45.41511543,-75.70955407,12448
16--8899,2016/08/24,12:04 PM,MEADOWLANDS DR/TALLWOOD DR @ WOODROFFE AVE (0000095),95,02 - Intersection related,03 - P.D. only,03 - Rear end,01 - Clear,01 - Daylight,01 - Dry,01 - Traffic signal,01 - Functioning,4,0,0,0,,0,,,,,363056.4064,5022730.371,45.34210126,-75.75663364,12449
16--89,2016/01/04,11:25 PM,BRONSON AVE btwn UNIVERSITY RD & BREWER WAY (__3ZA3BT),__3ZA3BT,01 - Non intersection,03 - P.D. only,07 - SMV other,01 - Clear,07 - Dark,01 - Dry,10 - No control,,1,0,0,0,,0,,,,,368014.4587,5027938.367,45.38853228,-75.69270743,12450
16--890,2016/01/19,7:10 AM,WEST HUNT CLUB RD @ CLEOPATRA DR/LANCELOT DR (0000114),114,02 - Intersection related,03 - P.D. only,03 - Rear end,01 - Clear,03 - Dawn,02 - Wet,01 - Traffic signal,01 - Functioning,2,0,0,0,,0,,,,,365235.694,5021732.154,45.33293507,-75.72894979,12451
16--8900,2016/08/24,12:05 PM,CARLING AVE @ KIRKWOOD AVE N (0002358),2358,02 - Intersection related,03 - P.D. only,03 - Rear end,01 - Clear,01 - Daylight,01 - Dry,01 - Traffic signal,01 - Functioning,2,0,0,0,,0,,,,,364275.5641,5027493.913,45.38486064,-75.74050492,12452
16--8901,2016/08/24,12:30 PM,ST. LAURENT BLVD btwn CYRVILLE RD & COVENTRY RD (__3ZA2CE),__3ZA2CE,01 - Non intersection,03 - P.D. only,04 - Sideswipe,01 - Clear,01 - Daylight,01 - Dry,10 - No control,,2,0,0,0,,0,,,,,372301.6346,5031963.035,45.42434442,-75.63741225,12453
16--8902,2016/08/24,12:32 PM,RICHMOND RD btwn STINSON AVE & STAFFORD RD (__3ZBOCU),__3ZBOCU,04 - At/near private drive,03 - P.D. only,02 - Angle,01 - Clear,01 - Daylight,01 - Dry,10 - No control,,2,0,0,0,,0,,,,,358034,5021022.495,45.32713279,-75.82089978,12454
16--8903,2016/08/24,2:53 PM,THORNDALE DR btwn WALKLEY RD & PROVOST DR (__3ZA9G0),__3ZA9G0,01 - Non intersection,03 - P.D. only,06 - SMV unattended vehicle,01 - Clear,01 - Daylight,01 - Dry,10 - No control,,1,0,0,0,,0,,,,,369473.1776,5025414.548,45.36569055,-75.67441104,12455
16--8904,2016/08/24,3:05 PM,HIGHWAY 417 btwn HWY417 IC121A RAMP16 & HWY417 IC121A RAMP61 (__3ZA2YY),__3ZA2YY,01 - Non intersection,03 - P.D. only,03 - Rear end,01 - Clear,01 - Daylight,01 - Dry,10 - No control,,3,0,0,0,,0,,,,,367274.0295,5029763.662,45.40502222,-75.70193113,12456
16--8905,2016/08/24,3:14 PM,LONGFIELDS DR btwn MOUNTSHANNON DR & WOODROFFE AVE (__3ZA5AN),__3ZA5AN,01 - Non intersection,03 - P.D. only,05 - Turning movement,01 - Clear,01 - Daylight,01 - Dry,10 - No control,,2,0,0,0,,0,,,,,365344.3549,5017060.462,45.29089022,-75.72813443,12457