Anom_ID,Accident_Date,Accident_Time,Location,Geo_ID,Accident_Location,Classification_of_Accident,Initial_Impact_Type,Environment_Condition,Light,Road_Surface_Condition,Traffic_Control,Traffic_Control_Condition,No__of_Vehicles,No__of_Bicycles,No__of_Motorcycles,No__of_Pedestrians,Max_Injury,No__of_Injuries,No__of_Minimal,No__of_Minor,No__of_Major,No__of_Fatal,X,Y,Latitude,Longitude,ObjectId
16--8906,2016/08/24,3:23 PM,BANK ST btwn RIVERSIDE DR & RIVERSIDE DR (__3ZA3NQ),__3ZA3NQ,01 - Non intersection,03 - P.D. only,99 - Other,01 - Clear,01 - Daylight,01 - Dry,10 - No control,,2,0,0,0,,0,,,,,369298.8224,5027902.097,45.38808883,-75.67631164,12458
16--8907,2016/08/24,3:30 PM,BASELINE RD @ CLYDE AVE (0002343),2343,02 - Intersection related,03 - P.D. only,04 - Sideswipe,01 - Clear,01 - Daylight,01 - Dry,01 - Traffic signal,01 - Functioning,2,0,0,0,,0,,,,,364359.3619,5024889.854,45.36142261,-75.73974894,12459
16--8908,2016/08/24,3:33 PM,MULKINS ST N @ STITTSVILLE MAIN ST (0000006),6,02 - Intersection related,03 - P.D. only,03 - Rear end,01 - Clear,01 - Daylight,01 - Dry,02 - Stop sign,01 - Functioning,2,0,0,0,,0,,,,,349902.4859,5013758.222,45.26233629,-75.92528752,12460
16--8909,2016/08/24,4:23 PM,COVENTRY RD @ VANIER PKWY (0002139),2139,02 - Intersection related,03 - P.D. only,03 - Rear end,01 - Clear,01 - Daylight,01 - Dry,01 - Traffic signal,01 - Functioning,2,0,0,0,,0,,,,,370676.3849,5031612.117,45.42134195,-75.65822558,12461
16--891,2016/01/19,7:28 PM,CARP RD @ HWY 417 CARP IC144R51 (0001683),1683,02 - Intersection related,03 - P.D. only,04 - Sideswipe,01 - Clear,07 - Dark,02 - Wet,02 - Stop sign,01 - Functioning,2,0,0,0,,0,,,,,347518.1261,5015686.051,45.27983249,-75.95550264,12462
16--8910,2016/08/24,4:29 PM,HOLLAND AVE @ ISLAND PARK DR/N.C.C. DRIVEWAY (0010787),10787,03 - At intersection,02 - Non-fatal injury,05 - Turning movement,01 - Clear,01 - Daylight,01 - Dry,01 - Traffic signal,01 - Functioning,2,1,0,0,02 - Minor,1,,1,,,365426.3562,5027918.194,45.38857958,-75.72575868,12463
16--8911,2016/08/24,4:45 PM,HIGHWAY 417 btwn HWY417 IC163 RAMP61 & HWY417 IC155 RAMP36 (__3ZA2QB),__3ZA2QB,01 - Non intersection,02 - Non-fatal injury,07 - SMV other,01 - Clear,01 - Daylight,01 - Dry,10 - No control,,1,0,0,0,02 - Minor,1,,1,,,336167.3199,5020236.066,45.32137403,-76.09989118,12464
16--8912,2016/08/24,4:54 AM,ALBERT ST @ PRESTON ST (0002217),2217,03 - At intersection,02 - Non-fatal injury,02 - Angle,01 - Clear,07 - Dark,01 - Dry,01 - Traffic signal,01 - Functioning,2,0,0,0,02 - Minor,1,,1,,,366161.0597,5030464.382,45.41142556,-75.7160601,12465
16--8913,2016/08/24,5:04 PM,MONTREAL RD @ ST. LAURENT BLVD (0002604),2604,02 - Intersection related,03 - P.D. only,03 - Rear end,01 - Clear,01 - Daylight,01 - Dry,01 - Traffic signal,01 - Functioning,3,0,0,0,,0,,,,,371544.632,5033817.327,45.44110113,-75.64683336,12466
16--8914,2016/08/24,5:11 PM,BANK ST btwn ST. PAUL AVE & KITCHENER AVE (__3ZA4TR),__3ZA4TR,04 - At/near private drive,02 - Non-fatal injury,05 - Turning movement,01 - Clear,01 - Daylight,01 - Dry,10 - No control,,2,0,0,0,02 - Minor,1,,1,,,370510.5205,5025554.819,45.36685619,-75.66115154,12467
16--8915,2016/08/24,5:55 PM,HWY 417 VANIER IC117R26 @ VANIER PKWY (0002389),2389,03 - At intersection,03 - P.D. only,04 - Sideswipe,01 - Clear,01 - Daylight,01 - Dry,10 - No control,,2,0,0,0,,0,,,,,370801.721,5031358.857,45.41905141,-75.65665813,12468
16--8916,2016/08/24,6:19 AM,SAUMURE RD btwn DEVINE RD & INDIAN CREEK RD (__3ZA3K2),__3ZA3K2,01 - Non intersection,03 - P.D. only,07 - SMV other,01 - Clear,01 - Daylight,01 - Dry,10 - No control,,1,0,0,0,,0,,,,,401606.1708,5025781.817,45.3652937,-75.26422361,12469
16--8917,2016/08/24,6:21 PM,HERON RD @ ALTA VISTA DR (0007188),7188,02 - Intersection related,03 - P.D. only,03 - Rear end,01 - Clear,01 - Daylight,01 - Dry,01 - Traffic signal,01 - Functioning,2,0,0,0,,0,,,,,370494.4087,5026902.874,45.37898705,-75.6611779,12470
16--8918,2016/08/24,6:35 PM,INNES RD @ VISENEAU DR (0012442),12442,02 - Intersection related,03 - P.D. only,03 - Rear end,01 - Clear,01 - Daylight,01 - Dry,01 - Traffic signal,01 - Functioning,2,0,0,0,,0,,,,,381799.8221,5035073.288,45.45134699,-75.5155675,12471
16--8919,2016/08/24,7:20 PM,STRANDHERD DR @ WOODROFFE AVE (0009688),9688,02 - Intersection related,03 - P.D. only,03 - Rear end,01 - Clear,01 - Daylight,01 - Dry,01 - Traffic signal,01 - Functioning,2,0,0,0,,0,,,,,366107.0725,5015395.838,45.27584591,-75.71861728,12472
16--892,2016/01/19,7:28 PM,BRONSON AVE @ CATHERINE ST/RAYMOND ST (0007198),7198,02 - Intersection related,03 - P.D. only,04 - Sideswipe,03 - Snow,07 - Dark,04 - Slush,01 - Traffic signal,01 - Functioning,2,0,0,0,,0,,,,,367251.6108,5029796.786,45.40532226,-75.70221329,12473
16--8920,2016/08/24,7:29 PM,MERIVALE RD @ ROSENTHAL AVE (0002733),2733,02 - Intersection related,03 - P.D. only,07 - SMV other,01 - Clear,01 - Daylight,01 - Dry,02 - Stop sign,01 - Functioning,1,0,0,0,,0,,,,,364892.8042,5026327.133,45.37430949,-75.73276556,12474
16--8921,2016/08/24,8:48 PM,BOURASSA ST @ ST. LAURENT BLVD (0007731),7731,02 - Intersection related,03 - P.D. only,03 - Rear end,01 - Clear,07 - Dark,01 - Dry,01 - Traffic signal,01 - Functioning,2,0,0,0,,0,,,,,373235.6611,5029692.753,45.40382675,-75.62579317,12475
16--8922,2016/08/25,1:00 PM,BANTREE ST @ INNES RD (0007684),7684,02 - Intersection related,03 - P.D. only,03 - Rear end,01 - Clear,01 - Daylight,01 - Dry,01 - Traffic signal,01 - Functioning,2,0,0,0,,0,,,,,373706.1349,5030405.651,45.41019491,-75.61968435,12476
16--8923,2016/08/25,1:32 AM,BREWER WAY btwn HOPEWELL AVE & BRONSON AVE (__3ZA5WX),__3ZA5WX,01 - Non intersection,03 - P.D. only,07 - SMV other,01 - Clear,07 - Dark,01 - Dry,10 - No control,,1,0,0,0,,0,,,,,368092.5722,5028095.452,45.38993863,-75.69168982,12477
16--8924,2016/08/25,1:55 PM,KING EDWARD AVE @ LAURIER AVE (0002170),2170,02 - Intersection related,02 - Non-fatal injury,07 - SMV other,01 - Clear,01 - Daylight,01 - Dry,01 - Traffic signal,01 - Functioning,1,0,0,1,03 - Major,1,,,1,,368739.9267,5032033.924,45.42531688,-75.6829125,12478
16--8925,2016/08/25,10:18 AM,BRONSON AVE btwn GLADSTONE AVE & MCLEOD ST (__3ZA30A),__3ZA30A,01 - Non intersection,03 - P.D. only,04 - Sideswipe,01 - Clear,01 - Daylight,01 - Dry,10 - No control,,2,0,0,0,,0,,,,,367137.5653,5030072.928,45.40781707,-75.70363511,12479
16--8926,2016/08/25,10:25 AM,BANK ST @ RIVERSIDE DR N (0010778),10778,03 - At intersection,03 - P.D. only,04 - Sideswipe,01 - Clear,01 - Daylight,01 - Dry,01 - Traffic signal,01 - Functioning,2,0,0,0,,0,,,,,369224.544,5027981.984,45.38881447,-75.67724969,12480
16--8927,2016/08/25,11:17 AM,MONTREAL RD @ GRANVILLE ST/LAFONTAINE AVE (0009348),9348,03 - At intersection,03 - P.D. only,03 - Rear end,01 - Clear,01 - Daylight,01 - Dry,01 - Traffic signal,01 - Functioning,2,1,0,0,,0,,,,,370825.6425,5033474.859,45.43808803,-75.65606882,12481
16--8928,2016/08/25,11:53 AM,ISLAND PARK DR @ SCOTT ST (0002126),2126,03 - At intersection,03 - P.D. only,02 - Angle,01 - Clear,01 - Daylight,01 - Dry,01 - Traffic signal,01 - Functioning,2,0,0,0,,0,,,,,363834.5939,5029040.818,45.39881673,-75.74595048,12482
16--8929,2016/08/25,11:58 AM,ANDERSON RD @ RIDGE RD (0003631),3631,03 - At intersection,02 - Non-fatal injury,05 - Turning movement,01 - Clear,01 - Daylight,01 - Dry,02 - Stop sign,01 - Functioning,2,0,0,0,02 - Minor,1,,1,,,379031.6349,5028512.85,45.39262012,-75.55194194,12483
16--893,2016/01/19,7:54 AM,HUNT CLUB RD @ UPLANDS DR (0010844),10844,02 - Intersection related,03 - P.D. only,03 - Rear end,01 - Clear,03 - Dawn,01 - Dry,01 - Traffic signal,01 - Functioning,2,0,0,0,,0,,,,,370155.6295,5023122.151,45.34500093,-75.66600314,12484
16--8930,2016/08/25,12:10 PM,OTTAWA RIVER PKWY @ PORTAGE BRIDGE (0009072),9072,02 - Intersection related,03 - P.D. only,04 - Sideswipe,01 - Clear,01 - Daylight,01 - Dry,01 - Traffic signal,01 - Functioning,2,0,0,0,,0,,,,,366516.2068,5031314.634,45.41904466,-75.71141674,12485
16--8931,2016/08/25,12:30 PM,HIGHWAY 417 btwn HWY417 IC127 RAMP25 & HWY417 IC126 RAMP51 (__3ZA2XA),__3ZA2XA,01 - Non intersection,02 - Non-fatal injury,03 - Rear end,01 - Clear,01 - Daylight,01 - Dry,10 - No control,,3,0,0,0,01 - Minimal,1,1,,,,363188.2612,5025859.405,45.37024504,-75.75458171,12486
16--8932,2016/08/25,12:33 PM,CHARLOTTE ST btwn DESJARDINS AVE & CLARENCE ST E (__3ZA8S7),__3ZA8S7,01 - Non intersection,03 - P.D. only,06 - SMV unattended vehicle,01 - Clear,01 - Daylight,01 - Dry,10 - No control,,1,0,0,0,,0,,,,,369032.1472,5033187.12,45.43566613,-75.67902818,12487
16--8933,2016/08/25,12:54 PM,JOCKVALE RD @ LONGFIELDS DR (0013613),13613,03 - At intersection,03 - P.D. only,02 - Angle,01 - Clear,01 - Daylight,01 - Dry,02 - Stop sign,01 - Functioning,2,0,0,0,,0,,,,,364829.2929,5014001.028,45.26340567,-75.73507021,12488
16--8934,2016/08/25,2:03 PM,JEANNE D'ARC BLVD @ OR174 IC105 RAMP52 (0012417),12417,02 - Intersection related,02 - Non-fatal injury,03 - Rear end,01 - Clear,01 - Daylight,01 - Dry,01 - Traffic signal,00 - Unknown,2,0,0,0,01 - Minimal,1,1,,,,379457.1495,5036918.915,45.46820674,-75.54523376,12489
16--8935,2016/08/25,2:27 PM,ALBION RD @ KITCHENER AVE (0012080),12080,02 - Intersection related,03 - P.D. only,99 - Other,01 - Clear,01 - Daylight,01 - Dry,02 - Stop sign,01 - Functioning,2,0,0,0,,0,,,,,371219.7068,5025903.582,45.36992739,-75.6520523,12490
16--8936,2016/08/25,2:44 PM,KING EDWARD AVE NB btwn MURRAY ST & CLARENCE ST (__3ZA3W4),__3ZA3W4,01 - Non intersection,03 - P.D. only,04 - Sideswipe,01 - Clear,01 - Daylight,01 - Dry,10 - No control,,2,0,0,0,,0,,,,,368326.7802,5032737.86,45.43168829,-75.68810076,12491
16--8937,2016/08/25,3:08 PM,REGIONAL ROAD 174 btwn OR174 IC112 RAMP36 & OR174 IC112 RAMP26 (__3ZAZFK),__3ZAZFK,01 - Non intersection,03 - P.D. only,04 - Sideswipe,01 - Clear,01 - Daylight,01 - Dry,10 - No control,,2,0,0,0,,0,,,,,374790.1371,5032840.603,45.43199573,-75.60549137,12492
16--8938,2016/08/25,3:15 PM,INNES RD @ TENTH LINE RD (0004633),4633,02 - Intersection related,03 - P.D. only,04 - Sideswipe,01 - Clear,01 - Daylight,01 - Dry,01 - Traffic signal,01 - Functioning,2,0,0,0,,0,,,,,383951.0785,5036159.106,45.46087587,-75.48789347,12493
16--8939,2016/08/25,3:36 PM,PARKGLEN DR @ WOODROFFE AVE (0001099),1099,03 - At intersection,02 - Non-fatal injury,02 - Angle,01 - Clear,01 - Daylight,01 - Dry,02 - Stop sign,01 - Functioning,2,0,0,0,02 - Minor,2,1,1,,,362888.2973,5023125.731,45.34567262,-75.75873215,12494
16--894,2016/01/19,8:05 AM,BOOTH ST btwn MIDDLE ST & VIMY PLACE PRIV (__5VHJ3U),__5VHJ3U,01 - Non intersection,03 - P.D. only,07 - SMV other,01 - Clear,01 - Daylight,02 - Wet,10 - No control,,1,0,0,0,,0,,,,,366129.8444,5031271.286,45.4186886,-75.71635845,12495
16--8940,2016/08/25,4:23 PM,NELSON ST @ RIDEAU ST (0007626),7626,03 - At intersection,02 - Non-fatal injury,05 - Turning movement,01 - Clear,01 - Daylight,01 - Dry,01 - Traffic signal,01 - Functioning,2,1,0,0,02 - Minor,2,1,1,,,368650.7616,5032499.61,45.4295151,-75.68399145,12496
16--8941,2016/08/25,4:55 PM,CARLING AVE @ IVANHOE AVE (0002768),2768,02 - Intersection related,02 - Non-fatal injury,03 - Rear end,01 - Clear,01 - Daylight,01 - Dry,02 - Stop sign,00 - Unknown,2,0,0,0,01 - Minimal,1,1,,,,360431.7149,5024882.175,45.3616762,-75.78988062,12497
16--8942,2016/08/25,5:07 PM,BLACKBURN BYPASS @ INNES RD W (0009340),9340,02 - Intersection related,03 - P.D. only,03 - Rear end,01 - Clear,01 - Daylight,01 - Dry,01 - Traffic signal,01 - Functioning,2,0,0,0,,0,,,,,377187.7167,5032174.524,45.42575871,-75.57495097,12498
16--8943,2016/08/25,5:15 PM,WEST RIDGE DR btwn FRANKLIN CATHCART CRES & FRANKLIN CATHCART CRES (__3EWGJK),__3EWGJK,04 - At/near private drive,03 - P.D. only,04 - Sideswipe,01 - Clear,01 - Daylight,01 - Dry,10 - No control,,2,0,0,0,,0,,,,,349863.2492,5012410.645,45.25021281,-75.92590966,12499
16--8944,2016/08/25,5:15 PM,O'CONNOR ST @ SOMERSET ST (0002690),2690,03 - At intersection,03 - P.D. only,04 - Sideswipe,01 - Clear,01 - Daylight,01 - Dry,01 - Traffic signal,01 - Functioning,2,0,0,0,,0,,,,,367855.0515,5031011.915,45.41620151,-75.69434998,12500
16--8945,2016/08/25,5:21 PM,HWY 417 MAITLAND IC126R26/62 @ MAITLAND AVE (0008228),8228,03 - At intersection,03 - P.D. only,05 - Turning movement,01 - Clear,01 - Daylight,01 - Dry,01 - Traffic signal,01 - Functioning,3,0,0,0,,0,,,,,363145.8992,5025983.573,45.37136581,-75.75510782,12501
16--8946,2016/08/25,5:22 PM,ALBERT ST btwn O'CONNOR ST & METCALFE ST (__3ZA35U),__3ZA35U,01 - Non intersection,03 - P.D. only,04 - Sideswipe,01 - Clear,01 - Daylight,01 - Dry,10 - No control,,2,0,0,0,,0,,,,,367637.5306,5031578.386,45.421318,-75.69705671,12502
16--8947,2016/08/25,5:29 PM,SNAKE ISLAND RD @ STAGECOACH RD (0001642),1642,02 - Intersection related,03 - P.D. only,04 - Sideswipe,01 - Clear,01 - Daylight,01 - Dry,02 - Stop sign,01 - Functioning,2,0,0,0,,0,,,,,378062.538,5006580.288,45.19538256,-75.56755701,12503
16--8948,2016/08/25,5:50 PM,LACASSE AVE @ MONTREAL RD (0009797),9797,02 - Intersection related,03 - P.D. only,03 - Rear end,01 - Clear,01 - Daylight,01 - Dry,01 - Traffic signal,01 - Functioning,2,0,0,0,,0,,,,,370687.8428,5033406.595,45.43748682,-75.6578391,12504
16--8949,2016/08/25,6:00 PM,HIGHWAY 417 btwn HWY417 IC118 RAMP67 & HWY417 IC117 RAMP36 (__3ZA2YO),__3ZA2YO,01 - Non intersection,03 - P.D. only,03 - Rear end,01 - Clear,01 - Daylight,01 - Dry,10 - No control,,2,0,0,0,,0,,,,,369837.6579,5031155,45.41730746,-75.66900211,12505
16--895,2016/01/19,8:16 AM,HAWTHORNE RD @ HUNT CLUB RD (0007651),7651,02 - Intersection related,03 - P.D. only,03 - Rear end,01 - Clear,01 - Daylight,01 - Dry,01 - Traffic signal,01 - Functioning,2,0,0,0,,0,,,,,375507.5304,5026407.188,45.37403912,-75.5972463,12506
16--8950,2016/08/25,6:14 PM,SLATER ST btwn METCALFE ST & ELGIN ST (__3ZA35Y),__3ZA35Y,01 - Non intersection,03 - P.D. only,07 - SMV other,01 - Clear,01 - Daylight,01 - Dry,10 - No control,,1,0,0,1,,0,,,,,367881.2675,5031641.526,45.42186418,-75.69393445,12507
16--8951,2016/08/25,6:24 PM,HUNT CLUB RD btwn NORTH BOWESVILLE RD & BILLY BISHOP PRIV (__5G43Y1),__5G43Y1,01 - Non intersection,02 - Non-fatal injury,03 - Rear end,01 - Clear,01 - Daylight,01 - Dry,10 - No control,,2,0,0,0,01 - Minimal,1,1,,,,368834.3195,5022413.452,45.33874609,-75.68295423,12508
16--8952,2016/08/25,6:30 PM,MCARTHUR AVE @ VANIER PKWY (0004626),4626,02 - Intersection related,03 - P.D. only,03 - Rear end,01 - Clear,01 - Daylight,01 - Dry,01 - Traffic signal,01 - Functioning,2,0,0,0,,0,,,,,370216.9815,5032692.364,45.43110468,-75.66395178,12509
16--8953,2016/08/25,6:47 AM,CUMBERLAND ST @ RIDEAU ST (0007759),7759,03 - At intersection,03 - P.D. only,05 - Turning movement,02 - Rain,01 - Daylight,02 - Wet,01 - Traffic signal,01 - Functioning,2,0,0,0,,0,,,,,368374.2915,5032330.194,45.42801594,-75.68754624,12510
16--8954,2016/08/25,6:53 PM,INDUSTRIAL AVE @ ALTA VISTA DR/SANDFORD FLEMIN (0006979),6979,03 - At intersection,03 - P.D. only,05 - Turning movement,01 - Clear,01 - Daylight,01 - Dry,01 - Traffic signal,01 - Functioning,2,0,0,0,,0,,,,,370884.5043,5030556.472,45.41182406,-75.65570807,12511
16--8955,2016/08/25,7:16 PM,BASELINE RD @ CEDARVIEW RD (0010259),10259,03 - At intersection,03 - P.D. only,02 - Angle,01 - Clear,05 - Dusk,01 - Dry,01 - Traffic signal,01 - Functioning,2,0,0,0,,0,,,,,358967.8844,5021674.271,45.33292605,-75.80891586,12512
16--8956,2016/08/25,7:20 PM,GREENBANK RD @ STRANDHERD DR (0005563),5563,02 - Intersection related,03 - P.D. only,03 - Rear end,01 - Clear,01 - Daylight,01 - Dry,01 - Traffic signal,01 - Functioning,2,0,0,0,,0,,,,,363933.9112,5014784.872,45.27053455,-75.74638539,12513
16--8957,2016/08/25,7:50 AM,HIGHWAY 417 btwn HWY417 IC115 RAMP36 & HWY417 IC115 RAMP26 (__3ZA2R4),__3ZA2R4,01 - Non intersection,03 - P.D. only,03 - Rear end,02 - Rain,01 - Daylight,02 - Wet,10 - No control,,2,0,0,0,,0,,,,,372451.4606,5031522.084,45.42036247,-75.63555843,12514
16--8958,2016/08/25,8:36 PM,GREENBANK RD @ IRIS ST/HWY 417 IC129 RAMP51 (0009073),9073,02 - Intersection related,03 - P.D. only,03 - Rear end,01 - Clear,07 - Dark,01 - Dry,01 - Traffic signal,01 - Functioning,2,0,0,0,,0,,,,,360531.3582,5023311.849,45.34753854,-75.78878583,12515
16--8959,2016/08/25,9:00 AM,DONALD ST @ ELAINE DR (0009928),9928,02 - Intersection related,03 - P.D. only,03 - Rear end,01 - Clear,01 - Daylight,02 - Wet,01 - Traffic signal,01 - Functioning,2,0,0,0,,0,,,,,372332.6434,5032479.782,45.42899087,-75.63694519,12516
16--896,2016/01/19,8:33 AM,PRINCE OF WALES DR btwn HOLBORN AVE & RIDEAU GLEN DR (__3ZA27H),__3ZA27H,01 - Non intersection,02 - Non-fatal injury,05 - Turning movement,01 - Clear,01 - Daylight,01 - Dry,10 - No control,,2,0,0,0,02 - Minor,1,,1,,,367452.6912,5017818.57,45.29752679,-75.70116256,12517
16--8960,2016/08/25,9:06 PM,SAUBLE DR btwn YOHO DR & STEEPLE CHASE DR (__3ZADHB),__3ZADHB,01 - Non intersection,02 - Non-fatal injury,05 - Turning movement,01 - Clear,07 - Dark,01 - Dry,10 - No control,,2,0,0,0,01 - Minimal,1,1,,,,355172.6029,5017446.06,45.29516263,-75.8577635,12518
16--8961,2016/08/25,9:08 AM,CARLING AVE @ PINECREST  RD/GREENVIEW AVE (0001630),1630,02 - Intersection related,03 - P.D. only,99 - Other,01 - Clear,01 - Daylight,01 - Dry,01 - Traffic signal,01 - Functioning,2,0,0,0,,0,,,,,360005.5038,5024632.528,45.35946358,-75.79534852,12519
16--8962,2016/08/25,9:19 AM,HIGHWAY 417 btwn HWY417 IC117 RAMP61 & HWY417 IC115 RAMP36 (__3ZA2RZ),__3ZA2RZ,01 - Non intersection,03 - P.D. only,03 - Rear end,01 - Clear,01 - Daylight,02 - Wet,10 - No control,,3,0,0,0,,0,,,,,371563.1749,5031428.082,45.41960202,-75.64692029,12520
16--8963,2016/08/25,9:25 AM,ALBERT ST @ ELGIN ST/MACKENZIE KING BRIDGE (0002226),2226,02 - Intersection related,02 - Non-fatal injury,03 - Rear end,02 - Rain,01 - Daylight,02 - Wet,01 - Traffic signal,01 - Functioning,2,0,0,0,02 - Minor,1,,1,,,367850.7116,5031711.314,45.42249486,-75.69431593,12521
16--8964,2016/08/25,9:26 AM,TWEEDSMUIR AVE btwn CURRELL AVE & END (__3ZBPMN),__3ZBPMN,01 - Non intersection,03 - P.D. only,06 - SMV unattended vehicle,01 - Clear,01 - Daylight,01 - Dry,10 - No control,,1,0,0,0,,0,,,,,364007.9454,5027314.155,45.38326588,-75.74394364,12522
16--8965,2016/08/26,1:16 PM,MAJOR RD btwn KENNEDY LANE W & SAULT ST (__3ZA6YL),__3ZA6YL,01 - Non intersection,03 - P.D. only,07 - SMV other,01 - Clear,01 - Daylight,01 - Dry,10 - No control,,1,0,0,0,,0,,,,,382140.8684,5037719.151,45.47511456,-75.51079165,12523
16--8966,2016/08/26,1:33 PM,BANK ST @ CHAMBERLAIN AVE N/ISABELLA ST (0002132),2132,02 - Intersection related,03 - P.D. only,03 - Rear end,01 - Clear,01 - Daylight,01 - Dry,01 - Traffic signal,01 - Functioning,2,0,0,0,,0,,,,,368081.7873,5030165.263,45.40856314,-75.69156198,12524
16--8967,2016/08/26,1:33 PM,CAMBRIDGE ST @ SOMERSET ST (0006339),6339,03 - At intersection,03 - P.D. only,02 - Angle,01 - Clear,01 - Daylight,01 - Dry,02 - Stop sign,01 - Functioning,2,0,0,0,,0,,,,,366897.7804,5030434.257,45.41108952,-75.70665256,12525
16--8968,2016/08/26,1:40 AM,HWY417 IC138 RAMP36 btwn HIGHWAY 417 & MARCH RD (__3ZAY8W),__3ZAY8W,01 - Non intersection,03 - P.D. only,07 - SMV other,01 - Clear,07 - Dark,01 - Dry,10 - No control,,1,0,0,0,,0,,,,,352680.5672,5020117.31,45.31937338,-75.88927633,12526
16--8969,2016/08/26,1:42 PM,OGILVIE RD btwn CUMMINGS AVE & BEAULIEU PL (__54PO0D),__54PO0D,01 - Non intersection,02 - Non-fatal injury,04 - Sideswipe,01 - Clear,01 - Daylight,01 - Dry,10 - No control,,2,1,0,0,01 - Minimal,1,1,,,,372751.5742,5032171.244,45.42617422,-75.63163452,12527
16--897,2016/01/19,8:40 AM,PRESTON ST btwn YOUNG ST & GEORGE ST W (__3ZBODS),__3ZBODS,04 - At/near private drive,03 - P.D. only,02 - Angle,01 - Clear,01 - Daylight,03 - Loose snow,10 - No control,,2,0,0,0,,0,,,,,366600.5466,5029458.256,45.40233404,-75.71057193,12528
16--8970,2016/08/26,10:00 PM,MARCH RD btwn MARCH RD & BEACHVALE LANE (__3ZA3FO),__3ZA3FO,01 - Non intersection,03 - P.D. only,07 - SMV other,01 - Clear,07 - Dark,01 - Dry,10 - No control,,1,0,0,0,,0,,,,,344217.1323,5023614.204,45.35136585,-75.99694553,12529
16--8971,2016/08/26,10:30 AM,ST. JOSEPH BLVD @ JEANNE D'ARC BLVD (0012421),12421,03 - At intersection,03 - P.D. only,02 - Angle,01 - Clear,01 - Daylight,01 - Dry,11 - Roundabout,01 - Functioning,2,0,0,0,,0,,,,,379860.4762,5036470.249,45.46412676,-75.54014499,12530
16--8972,2016/08/26,11:00 PM,SPARKMAN AVE btwn MONTMORENCY WAY & MONTMORENCY WAY (__6REWR3),__6REWR3,01 - Non intersection,03 - P.D. only,06 - SMV unattended vehicle,01 - Clear,07 - Dark,01 - Dry,10 - No control,,1,0,0,0,,0,,,,,384812.702,5034591.374,45.44667273,-75.47713267,12531
16--8973,2016/08/26,11:02 PM,MCCORDICK RD btwn DOBSON LANE & MCCORDICK RD (__3ZA2O6),__3ZA2O6,01 - Non intersection,02 - Non-fatal injury,07 - SMV other,01 - Clear,07 - Dark,01 - Dry,10 - No control,,1,0,0,0,01 - Minimal,1,1,,,,359413.8146,5004330.743,45.17683168,-75.80513293,12532
16--8974,2016/08/26,Unknown,ECCLES ST btwn LEBRETON ST N & BELL ST N (__3ZBOMU),__3ZBOMU,01 - Non intersection,03 - P.D. only,06 - SMV unattended vehicle,01 - Clear,00 - Unknown,01 - Dry,10 - No control,,1,0,0,0,,0,,,,,366790.203,5030240.931,45.40935957,-75.70805112,12533
16--8975,2016/08/26,Unknown,YELLOWTHROAT CRES btwn SWALLOWTAIL CRES & SWALLOWTAIL CRES (__4LKCJ6),__4LKCJ6,01 - Non intersection,03 - P.D. only,06 - SMV unattended vehicle,01 - Clear,00 - Unknown,01 - Dry,10 - No control,,1,0,0,0,,0,,,,,385883.2023,5036587.565,45.46450916,-75.46312071,12534
16--8976,2016/08/26,12:26 PM,MONTREAL RD btwn GRANVILLE ST & ALFRED ST (__3ZA3LG),__3ZA3LG,01 - Non intersection,02 - Non-fatal injury,03 - Rear end,01 - Clear,01 - Daylight,01 - Dry,10 - No control,,2,0,0,0,02 - Minor,1,,1,,,370933.9396,5033525.214,45.43853086,-75.65467796,12535
16--8977,2016/08/26,12:28 PM,ST. JOSEPH BLVD @ TENTH LINE RD (0009163),9163,02 - Intersection related,02 - Non-fatal injury,03 - Rear end,01 - Clear,01 - Daylight,01 - Dry,01 - Traffic signal,00 - Unknown,3,0,0,0,02 - Minor,1,,1,,,382890.2683,5038665.114,45.48354208,-75.5010577,12536
16--8978,2016/08/26,2:00 AM,HIGHWAY 417 btwn HWY417 IC110 RAMP64 & HWY417 IC104 RAMP16 (__3ZA2W9),__3ZA2W9,01 - Non intersection,03 - P.D. only,04 - Sideswipe,01 - Clear,07 - Dark,01 - Dry,10 - No control,,2,0,0,0,,0,,,,,377008.8153,5027219.409,45.38119395,-75.57796244,12537
16--8979,2016/08/26,2:00 PM,ORLEANS BLVD @ ST. JOSEPH BLVD (0004144),4144,02 - Intersection related,03 - P.D. only,03 - Rear end,01 - Clear,01 - Daylight,01 - Dry,01 - Traffic signal,01 - Functioning,2,0,0,0,,0,,,,,380630.9095,5036978.52,45.46861657,-75.53021587,12538
16--898,2016/01/19,8:45 AM,REGIONAL ROAD 174 EB btwn OR174 IC109 RAMP55 & TRANSIT (__3ZA28V),__3ZA28V,01 - Non intersection,03 - P.D. only,04 - Sideswipe,01 - Clear,01 - Daylight,02 - Wet,10 - No control,,2,0,0,0,,0,,,,,376495.4844,5035034,45.4515578,-75.58337942,12539
16--8980,2016/08/26,3:16 PM,CUMMINGS AVE btwn OGILVIE RD & LABELLE ST (__3ZA7QG),__3ZA7QG,04 - At/near private drive,03 - P.D. only,05 - Turning movement,01 - Clear,01 - Daylight,01 - Dry,10 - No control,,2,0,0,0,,0,,,,,372750.4765,5032165.756,45.42612495,-75.6316493,12540