Anom_ID,Accident_Date,Accident_Time,Location,Geo_ID,Accident_Location,Classification_of_Accident,Initial_Impact_Type,Environment_Condition,Light,Road_Surface_Condition,Traffic_Control,Traffic_Control_Condition,No__of_Vehicles,No__of_Bicycles,No__of_Motorcycles,No__of_Pedestrians,Max_Injury,No__of_Injuries,No__of_Minimal,No__of_Minor,No__of_Major,No__of_Fatal,X,Y,Latitude,Longitude,ObjectId
16--8981,2016/08/26,3:20 PM,OTTAWA RIVER PKWY WB btwn TUNNEY'S PASTURE/REMIC RAPIDS ENT & PARKDALE (__3ZA24KA),__3ZA24KA,01 - Non intersection,03 - P.D. only,04 - Sideswipe,01 - Clear,01 - Daylight,01 - Dry,10 - No control,,2,0,0,0,,0,,,,,363367.6947,5029615.421,45.40402612,-75.75184544,12541
16--8982,2016/08/26,3:54 PM,KITCHENER AVE @ BANK ST (0011963),11963,03 - At intersection,03 - P.D. only,02 - Angle,01 - Clear,01 - Daylight,01 - Dry,01 - Traffic signal,01 - Functioning,2,0,0,0,,0,,,,,370540.6488,5025500.426,45.36636395,-75.66077421,12542
16--8712,2016/08/18,12:43 PM,ST. LAURENT BLVD @ COVENTRY RD/OGILVIE RD (0002151),2151,02 - Intersection related,02 - Non-fatal injury,03 - Rear end,01 - Clear,01 - Daylight,01 - Dry,01 - Traffic signal,01 - Functioning,2,0,0,0,01 - Minimal,1,1,,,,372306.2903,5031951.348,45.42423881,-75.63735437,12543
16--8172,2016/07/31,8:30 AM,MARTIN ST @ COLONEL MURRAY ST (0000448),448,03 - At intersection,02 - Non-fatal injury,07 - SMV other,01 - Clear,01 - Daylight,01 - Dry,02 - Stop sign,01 - Functioning,1,0,0,1,01 - Minimal,1,1,,,,357128.1876,5006047.576,45.19245352,-75.83403149,12544
16--8173,2016/07/31,9:40 AM,CATHERINE ST/HWY 417 O'CONN IC119BR76 @ O'CONN (0001697),1697,02 - Intersection related,03 - P.D. only,99 - Other,01 - Clear,01 - Daylight,01 - Dry,01 - Traffic signal,01 - Functioning,2,0,0,0,,0,,,,,368243.4045,5030392.394,45.41059216,-75.68946827,12545
16--8282,2016/08/04,5:32 PM,BRONSON AVE btwn BRONSON AVE NB ON RAMP 42 & BRONSON AVE SB ON RAMP 43 (__3ZA3NZ),__3ZA3NZ,01 - Non intersection,03 - P.D. only,03 - Rear end,01 - Clear,01 - Daylight,01 - Dry,10 - No control,,2,0,0,0,,0,,,,,367768.7429,5028383.347,45.39255822,-75.6957883,12546
16--8818,2016/08/21,7:10 AM,FALLOWFIELD RD btwn KIMINI DR & SHEA RD (__3ZA42K),__3ZA42K,01 - Non intersection,03 - P.D. only,07 - SMV other,02 - Rain,01 - Daylight,02 - Wet,10 - No control,,1,0,0,0,,0,,,,,353151.946,5010279.106,45.23081426,-75.88422237,12547
16--8713,2016/08/18,12:53 PM,INDUSTRIAL AVE @ ALTA VISTA DR/SANDFORD FLEMIN (0006979),6979,02 - Intersection related,03 - P.D. only,03 - Rear end,01 - Clear,01 - Daylight,01 - Dry,01 - Traffic signal,00 - Unknown,2,0,0,0,,0,,,,,370884.7238,5030557.838,45.41183633,-75.65570508,12548
16--8174,2016/07/31,9:41 AM,CLEGG ST @ COLONEL BY DR (0008785),8785,02 - Intersection related,03 - P.D. only,99 - Other,01 - Clear,01 - Daylight,01 - Dry,01 - Traffic signal,01 - Functioning,2,0,0,0,,0,,,,,368967.9466,5029742.06,45.40467462,-75.68029735,12549
16--8175,2016/08/01,1:10 PM,DWYER HILL RD btwn PURDY RD & DWYER HILL RD (__3ZA3E3),__3ZA3E3,01 - Non intersection,02 - Non-fatal injury,07 - SMV other,01 - Clear,01 - Daylight,01 - Dry,10 - No control,,1,0,1,0,02 - Minor,1,,1,,,350907.5947,4995752.891,45.10025076,-75.91414477,12550
16--8283,2016/08/04,5:47 PM,GLADSTONE AVE btwn CAMBRIDGE ST N & BRONSON AVE (__3ZBODM),__3ZBODM,04 - At/near private drive,02 - Non-fatal injury,05 - Turning movement,01 - Clear,01 - Daylight,01 - Dry,10 - No control,,2,1,0,0,01 - Minimal,1,1,,,,367120.1609,5030072.208,45.40781214,-75.70385752,12551
16--8355,2016/08/07,12:19 AM,BAYVIEW DR btwn LEN PURCELL DR & STIVER RD (__3ZAC7Q),__3ZAC7Q,01 - Non intersection,03 - P.D. only,06 - SMV unattended vehicle,01 - Clear,07 - Dark,01 - Dry,10 - No control,,1,0,0,0,,0,,,,,337319.1981,5040406.477,45.50282178,-76.0838679,12552
16--8176,2016/08/01,1:15 PM,ARGYLE AVE N @ ELGIN ST (0007262),7262,02 - Intersection related,03 - P.D. only,05 - Turning movement,01 - Clear,01 - Daylight,01 - Dry,01 - Traffic signal,01 - Functioning,2,0,0,0,,0,,,,,368493.482,5030672.48,45.41308956,-75.68623749,12553
16--8819,2016/08/21,7:40 PM,CUMBERLAND ST @ GEORGE ST (0008508),8508,02 - Intersection related,03 - P.D. only,07 - SMV other,01 - Clear,01 - Daylight,01 - Dry,01 - Traffic signal,01 - Functioning,1,0,0,0,,0,,,,,368326.5565,5032416.792,45.42879945,-75.68814504,12554
16--8714,2016/08/18,12:57 PM,CYRVILLE RD @ INNES RD (0009352),9352,02 - Intersection related,03 - P.D. only,03 - Rear end,01 - Clear,01 - Daylight,01 - Dry,01 - Traffic signal,01 - Functioning,2,0,0,0,,0,,,,,375047.1892,5031120.367,45.41649222,-75.60245184,12555
16--8284,2016/08/04,5:57 PM,HIGHWAY 417 btwn HWY417 IC129 RAMP76 & HWY417 IC129 RAMP26 (__3ZA2RG),__3ZA2RG,01 - Non intersection,03 - P.D. only,03 - Rear end,01 - Clear,01 - Daylight,01 - Dry,10 - No control,,2,0,0,0,,0,,,,,360450.0804,5023550.931,45.34969625,-75.78979607,12556
16--8356,2016/08/07,12:51 PM,COVENTRY RD @ VANIER PKWY (0002139),2139,02 - Intersection related,03 - P.D. only,03 - Rear end,01 - Clear,01 - Daylight,01 - Dry,01 - Traffic signal,01 - Functioning,4,0,0,0,,0,,,,,370676.5636,5031612.016,45.42134102,-75.65822331,12557
16--8177,2016/08/01,10:37 AM,ALBERT ST @ PRESTON ST (0002217),2217,03 - At intersection,02 - Non-fatal injury,04 - Sideswipe,01 - Clear,01 - Daylight,01 - Dry,01 - Traffic signal,01 - Functioning,2,0,0,0,01 - Minimal,1,1,,,,366160.1963,5030464.472,45.41142645,-75.71607112,12558
16--8178,2016/08/01,11:21 AM,CHAPEL ST @ RIDEAU ST (0011918),11918,02 - Intersection related,03 - P.D. only,03 - Rear end,01 - Clear,01 - Daylight,01 - Dry,01 - Traffic signal,01 - Functioning,2,0,0,0,,0,,,,,368891.2719,5032643.271,45.43078571,-75.68089936,12559
16--8179,2016/08/01,11:59 AM,LACASSE AVE @ MONTREAL RD (0009797),9797,03 - At intersection,02 - Non-fatal injury,07 - SMV other,01 - Clear,01 - Daylight,01 - Dry,01 - Traffic signal,01 - Functioning,1,0,0,1,03 - Major,1,,,1,,370686.6859,5033406.588,45.43748686,-75.65785389,12560
16--818,2016/01/18,5:29 AM,TIMM DR btwn HAANEL DR & MOODIE DR (__3ZABFM),__3ZABFM,01 - Non intersection,03 - P.D. only,07 - SMV other,03 - Snow,07 - Dark,03 - Loose snow,10 - No control,,1,0,0,0,,0,,,,,356785.6297,5021071.093,45.32766366,-75.83681891,12561
16--8180,2016/08/01,2:52 PM,DEERCROFT AVE @ LONGFIELDS DR (0011042),11042,03 - At intersection,03 - P.D. only,03 - Rear end,01 - Clear,01 - Daylight,01 - Dry,02 - Stop sign,01 - Functioning,3,0,0,0,,0,,,,,364479.4523,5015294.216,45.27507155,-75.73937229,12562
16--8181,2016/08/01,3:05 PM,ALBERT ST @ BANK ST (0002115),2115,02 - Intersection related,02 - Non-fatal injury,07 - SMV other,01 - Clear,01 - Daylight,01 - Dry,01 - Traffic signal,01 - Functioning,1,0,1,0,01 - Minimal,2,2,,,,367384.9885,5031423.797,45.4199497,-75.70030304,12563
16--8182,2016/08/01,4:21 PM,BANK ST @ CAHILL DR/DAZE ST (0012178),12178,02 - Intersection related,03 - P.D. only,03 - Rear end,01 - Clear,01 - Daylight,01 - Dry,01 - Traffic signal,01 - Functioning,2,0,0,0,,0,,,,,371306.5731,5024317.058,45.35564414,-75.65115696,12564
16--8183,2016/08/01,4:30 PM,CARLING AVE @ RICHMOND RD (0010847),10847,03 - At intersection,02 - Non-fatal injury,02 - Angle,01 - Clear,01 - Daylight,01 - Dry,01 - Traffic signal,01 - Functioning,2,0,0,0,02 - Minor,1,,1,,,360244.9972,5024781.512,45.36078523,-75.79227512,12565
16--8184,2016/08/01,4:33 AM,MONTREAL RD @ NORTH RIVER RD (0009805),9805,02 - Intersection related,03 - P.D. only,01 - Approaching,01 - Clear,07 - Dark,01 - Dry,01 - Traffic signal,01 - Functioning,2,0,0,0,,0,,,,,369738.611,5032888.244,45.43291171,-75.67003901,12566
16--8185,2016/08/01,6:02 AM,GREENLAND RD btwn VANCES SIDE RD & Continuation of GREENLAND RD (__3ZA1PA),__3ZA1PA,01 - Non intersection,03 - P.D. only,07 - SMV other,01 - Clear,03 - Dawn,01 - Dry,10 - No control,,1,0,0,0,,0,,,,,343024.3037,5034841.357,45.45245676,-76.01129802,12567
16--8186,2016/08/01,9:21 AM,CYRVILLE RD @ ST. LAURENT BLVD (0002647),2647,02 - Intersection related,02 - Non-fatal injury,03 - Rear end,01 - Clear,01 - Daylight,01 - Dry,01 - Traffic signal,01 - Functioning,2,0,0,0,02 - Minor,1,,1,,,372242.4026,5032111.58,45.42568667,-75.63814874,12568
16--8187,2016/08/02,1:35 PM,ST. JOSEPH BLVD @ JEANNE D'ARC BLVD (0012421),12421,03 - At intersection,03 - P.D. only,02 - Angle,01 - Clear,01 - Daylight,01 - Dry,11 - Roundabout,01 - Functioning,2,0,0,0,,0,,,,,379860.4762,5036471.847,45.46414114,-75.54014475,12569
16--8188,2016/08/02,10:00 AM,CARLING AVE @ CLYDE AVE/COLE AVE (0006984),6984,03 - At intersection,02 - Non-fatal injury,05 - Turning movement,01 - Clear,01 - Daylight,01 - Dry,01 - Traffic signal,01 - Functioning,2,0,0,0,02 - Minor,3,,3,,,363520.5235,5026851.309,45.37914229,-75.75022229,12570
16--8189,2016/08/02,10:33 PM,DUNNING RD btwn WILHAVEN DR & INNES RD (__3ZA3MY),__3ZA3MY,01 - Non intersection,02 - Non-fatal injury,01 - Approaching,01 - Clear,07 - Dark,01 - Dry,10 - No control,,2,0,0,0,02 - Minor,2,,2,,,391470.2907,5039777.713,45.49253939,-75.39112404,12571
16--819,2016/01/18,5:37 PM,BANK ST @ WELLINGTON ST (0002039),2039,02 - Intersection related,03 - P.D. only,01 - Approaching,03 - Snow,05 - Dusk,02 - Wet,01 - Traffic signal,01 - Functioning,2,0,0,0,,0,,,,,367258.8047,5031627.915,45.42179756,-75.70188935,12572
16--8190,2016/08/02,10:35 AM,MONTREAL RD @ VANIER PKWY (0004630),4630,02 - Intersection related,02 - Non-fatal injury,03 - Rear end,01 - Clear,01 - Daylight,01 - Dry,01 - Traffic signal,01 - Functioning,2,0,0,0,02 - Minor,1,,1,,,370073.538,5033067.662,45.43449486,-75.66573508,12573
16--8191,2016/08/02,11:15 AM,OTHELLO AVE btwn WESTON DR & PLEASANT PARK RD (__3ZA76K),__3ZA76K,01 - Non intersection,03 - P.D. only,06 - SMV unattended vehicle,01 - Clear,01 - Daylight,01 - Dry,10 - No control,,1,0,0,0,,0,,,,,373444.2414,5028747.896,45.39530494,-75.62326055,12574
16--8192,2016/08/02,11:17 AM,JEANNE D'ARC BLVD @ MONTCERF CRT (0004155),4155,02 - Intersection related,03 - P.D. only,07 - SMV other,01 - Clear,01 - Daylight,01 - Dry,01 - Traffic signal,01 - Functioning,1,0,0,0,,0,,,,,381117.4195,5036286.499,45.46233734,-75.52410236,12575
16--8193,2016/08/02,11:38 AM,HWY 417 WALKLEY IC110R57 @ WALKLEY EXTENSION R (0004164),4164,02 - Intersection related,02 - Non-fatal injury,03 - Rear end,01 - Clear,01 - Daylight,01 - Dry,02 - Stop sign,01 - Functioning,2,0,0,0,02 - Minor,2,1,1,,,375656.4938,5028998.003,45.39733491,-75.59497274,12576
16--8194,2016/08/02,11:59 PM,BRONSON AVE @ GLADSTONE AVE (0002110),2110,02 - Intersection related,03 - P.D. only,04 - Sideswipe,01 - Clear,07 - Dark,01 - Dry,01 - Traffic signal,01 - Functioning,2,0,0,0,,0,,,,,367133.0199,5030082.019,45.40789927,-75.70369202,12577
16--8195,2016/08/02,Unknown,LYALL ST btwn SUTTON PL & HILLIARD AVE (__3ZAAO5),__3ZAAO5,01 - Non intersection,03 - P.D. only,06 - SMV unattended vehicle,01 - Clear,00 - Unknown,01 - Dry,10 - No control,,1,0,0,0,,0,,,,,365802.7311,5025146.093,45.36360409,-75.72129498,12578
16--8196,2016/08/02,12:41 PM,COLONEL BY DR btwn N.D.H.Q. & OTTAWA UNIV. PED. XING (__3ZA8HKB),__3ZA8HKB,01 - Non intersection,02 - Non-fatal injury,04 - Sideswipe,01 - Clear,01 - Daylight,01 - Dry,10 - No control,,2,1,0,0,02 - Minor,1,,1,,,368280.3934,5031737.554,45.4226921,-75.68882247,12579
16--8197,2016/08/02,2:40 PM,O'CONNOR ST @ PATTERSON AVE (0007454),7454,03 - At intersection,03 - P.D. only,02 - Angle,01 - Clear,01 - Daylight,01 - Dry,02 - Stop sign,01 - Functioning,2,0,0,0,,0,,,,,368401.1573,5030130.109,45.40821788,-75.68748691,12580
16--8198,2016/08/02,3:01 PM,ST. JOSEPH BLVD/OLD MONTREAL RD @ TRIM RD (0004118),4118,03 - At intersection,03 - P.D. only,02 - Angle,01 - Clear,01 - Daylight,01 - Dry,11 - Roundabout,01 - Functioning,2,0,0,0,,0,,,,,384682.4877,5039284.783,45.48891447,-75.47803418,12581
16--8199,2016/08/02,3:03 PM,INNES RD EB btwn INNES RD E & ORLEANS BLVD (__3ZA3J0),__3ZA3J0,01 - Non intersection,03 - P.D. only,07 - SMV other,01 - Clear,01 - Daylight,01 - Dry,10 - No control,,1,0,0,0,,0,,,,,380450.5678,5034273.676,45.44430005,-75.53293799,12582
16--82,2016/01/04,10:00 AM,PARKDALE AVE btwn SCOTT ST & BULLMAN ST (__3ZA31Q),__3ZA31Q,01 - Non intersection,03 - P.D. only,06 - SMV unattended vehicle,01 - Clear,01 - Daylight,01 - Dry,10 - No control,,1,0,0,0,,0,,,,,364956.1409,5029711.687,45.40475759,-75.7315444,12583
16--820,2016/01/18,5:45 PM,MARCH RD @ DIAMONDVIEW RD (0010764),10764,03 - At intersection,02 - Non-fatal injury,03 - Rear end,05 - Drifting Snow,07 - Dark,03 - Loose snow,02 - Stop sign,01 - Functioning,3,0,0,0,02 - Minor,3,,3,,,340138.7829,5019876.167,45.31794681,-76.04925998,12584
16--8200,2016/08/02,3:21 PM,RIVER RD btwn EARL ARMSTRONG RD & NICOLLS ISLAND RD (__3ZA3H6),__3ZA3H6,04 - At/near private drive,03 - P.D. only,99 - Other,01 - Clear,01 - Daylight,01 - Dry,10 - No control,,2,0,0,0,,0,,,,,367677.4226,5013142.504,45.2554319,-75.69888974,12585
16--8201,2016/08/02,3:35 PM,ST. JOSEPH BLVD btwn ST. JEAN ST & BELCOURT BLVD (__3ZA2AP),__3ZA2AP,04 - At/near private drive,03 - P.D. only,02 - Angle,01 - Clear,01 - Daylight,01 - Dry,10 - No control,,2,0,0,0,,0,,,,,381186.7857,5037345.869,45.4718611,-75.52305083,12586
16--8202,2016/08/02,3:39 PM,CARP RD/HWY 417 CARP IC144R63 @ HWY 417 CARP I (0001100),1100,02 - Intersection related,03 - P.D. only,03 - Rear end,01 - Clear,01 - Daylight,01 - Dry,01 - Traffic signal,01 - Functioning,2,0,0,0,,0,,,,,347300.712,5015926.224,45.28200683,-75.95825317,12587
16--8203,2016/08/02,4:28 PM,REGIONAL ROAD 174 EB btwn HWY417 IC113 RAMP65 & OR174 BLAIR IC112 RAMP51 (__3ZAZFJ),__3ZAZFJ,01 - Non intersection,02 - Non-fatal injury,03 - Rear end,01 - Clear,01 - Daylight,01 - Dry,10 - No control,,3,0,0,0,02 - Minor,1,,1,,,374619.3311,5032690.575,45.43066294,-75.60769536,12588
16--8204,2016/08/02,4:34 PM,RIVERSIDE DR NB btwn RIVERSIDE DR SPLIT & DATA CENTRE RD (__5FDUZU),__5FDUZU,01 - Non intersection,03 - P.D. only,04 - Sideswipe,01 - Clear,01 - Daylight,01 - Dry,10 - No control,,2,0,0,0,,0,,,,,368824.4945,5027604.634,45.38545587,-75.68240705,12589
16--8205,2016/08/02,4:42 PM,BANK ST btwn ST. PAUL AVE & KITCHENER AVE (__3ZA4TR),__3ZA4TR,01 - Non intersection,02 - Non-fatal injury,03 - Rear end,01 - Clear,01 - Daylight,01 - Dry,10 - No control,,2,0,0,0,01 - Minimal,1,1,,,,370540.5417,5025500.646,45.36636594,-75.66077555,12590
16--8206,2016/08/02,4:49 PM,DALY AVE @ WALLER ST (0008233),8233,02 - Intersection related,03 - P.D. only,04 - Sideswipe,01 - Clear,01 - Daylight,01 - Dry,01 - Traffic signal,01 - Functioning,4,0,0,0,,0,,,,,368341.8618,5032121.813,45.42614395,-75.68798752,12591
16--8207,2016/08/02,4:59 PM,RIVERSIDE DR btwn HUNT CLUB RD & TURN LANE (__3ZA37J),__3ZA37J,01 - Non intersection,03 - P.D. only,03 - Rear end,01 - Clear,01 - Daylight,01 - Dry,10 - No control,,2,0,0,0,,0,,,,,368037.3848,5022002.771,45.33512315,-75.69317418,12592
16--8208,2016/08/02,5:04 PM,INNES RD btwn INDUSTRIAL AVE & BANTREE ST (__3ZA2XQ),__3ZA2XQ,01 - Non intersection,02 - Non-fatal injury,03 - Rear end,01 - Clear,01 - Daylight,01 - Dry,10 - No control,,2,0,0,0,01 - Minimal,1,1,,,,373682.8244,5030392.313,45.4100772,-75.61998399,12593
16--8209,2016/08/02,5:07 PM,ISABELLA ST/HWY417 IC119AR75 @ METCALFE ST (0011380),11380,02 - Intersection related,03 - P.D. only,03 - Rear end,01 - Clear,01 - Daylight,01 - Dry,01 - Traffic signal,01 - Functioning,2,0,0,0,,0,,,,,368448.1886,5030399.606,45.41063845,-75.68685135,12594
16--821,2016/01/18,5:47 PM,PINECREST RD @ RICHMOND RD (0002353),2353,02 - Intersection related,02 - Non-fatal injury,03 - Rear end,01 - Clear,07 - Dark,04 - Slush,01 - Traffic signal,01 - Functioning,2,0,0,0,01 - Minimal,1,1,,,,360072.0119,5024470.854,45.3580036,-75.79451775,12595
16--8210,2016/08/02,5:26 PM,INNES RD btwn PRESTWICK DR & TENTH LINE RD (__3ZA3Y7),__3ZA3Y7,01 - Non intersection,03 - P.D. only,03 - Rear end,01 - Clear,01 - Daylight,01 - Dry,10 - No control,,3,0,0,0,,0,,,,,383704.1291,5036059.375,45.46000652,-75.49106672,12596
16--8211,2016/08/02,5:30 PM,HIGHWAY 417 btwn HWY417 IC124 RAMP65 & HWY417 IC122 RAMP51 (__3ZA2R8),__3ZA2R8,01 - Non intersection,03 - P.D. only,03 - Rear end,01 - Clear,01 - Daylight,01 - Dry,10 - No control,,2,0,0,0,,0,,,,,365126.6909,5028665.485,45.39532942,-75.7294939,12597
16--8212,2016/08/02,5:43 PM,NICHOLAS ST SB btwn LAURIER AVE E & Continuation of NICHOLAS ST (__3ZA3MG),__3ZA3MG,01 - Non intersection,03 - P.D. only,04 - Sideswipe,01 - Clear,01 - Daylight,01 - Dry,10 - No control,,2,0,0,0,,0,,,,,368391.5979,5031773.73,45.4230075,-75.68739693,12598
16--8213,2016/08/02,5:44 PM,RIVERSIDE DR @ BROOKFIELD RD/HOG'S BACK RD (0001627),1627,02 - Intersection related,03 - P.D. only,03 - Rear end,01 - Clear,01 - Daylight,01 - Dry,01 - Traffic signal,01 - Functioning,2,0,0,0,,0,,,,,368167.0292,5026222.067,45.3730757,-75.69097948,12599
16--8214,2016/08/02,5:55 PM,MONTREAL RD btwn OR174 IC109 RAMP56 & OR174 IC109 RAMP66 (__3ZA2DH),__3ZA2DH,01 - Non intersection,03 - P.D. only,03 - Rear end,01 - Clear,01 - Daylight,01 - Dry,10 - No control,,2,0,0,0,,0,,,,,376217.0941,5034898.12,45.45036374,-75.58695789,12600
16--8215,2016/08/02,6:04 AM,OLD ALMONTE RD btwn HOWIE RD & BEAVERTAIL RD (__3ZBNAR),__3ZBNAR,01 - Non intersection,03 - P.D. only,07 - SMV other,01 - Clear,03 - Dawn,01 - Dry,10 - No control,,1,0,0,0,,0,,,,,341244.9369,5014520.645,45.26969879,-76.03554518,12601
16--8216,2016/08/02,6:10 PM,BLAIR RD @ INNES RD (0004165),4165,02 - Intersection related,03 - P.D. only,03 - Rear end,01 - Clear,01 - Daylight,01 - Dry,01 - Traffic signal,01 - Functioning,2,0,0,0,,0,,,,,375579.4167,5031439.555,45.41931047,-75.59560657,12602
16--8217,2016/08/02,6:10 PM,HIGHWAY 416 btwn HWY416 IC66 RAMP53 & HWY416 IC57 RAMP34 (__3ZAZLC),__3ZAZLC,01 - Non intersection,03 - P.D. only,04 - Sideswipe,01 - Clear,01 - Daylight,01 - Dry,10 - No control,,2,0,0,0,,0,,,,,363760.615,5009917.496,45.22675217,-75.74917098,12603
16--8218,2016/08/02,6:22 PM,RUSSELL RD S @ ST. LAURENT BLVD (0007734),7734,02 - Intersection related,03 - P.D. only,03 - Rear end,01 - Clear,01 - Daylight,01 - Dry,01 - Traffic signal,01 - Functioning,2,0,0,0,,0,,,,,373569.3194,5029260.463,45.39990451,-75.62159176,12604
16--8219,2016/08/02,6:42 PM,DONALD ST @ ST. LAURENT BLVD (0008630),8630,02 - Intersection related,03 - P.D. only,04 - Sideswipe,01 - Clear,01 - Daylight,01 - Dry,01 - Traffic signal,01 - Functioning,2,0,0,0,,0,,,,,372093.0311,5032472.585,45.42894921,-75.64000803,12605
16--822,2016/01/18,5:51 PM,HERZBERG RD @ MARCH RD (0003170),3170,02 - Intersection related,03 - P.D. only,03 - Rear end,01 - Clear,07 - Dark,02 - Wet,01 - Traffic signal,01 - Functioning,2,0,0,0,,0,,,,,352323.4027,5021527.83,45.3320898,-75.89369637,12606
16--8220,2016/08/02,7:13 PM,BAYVIEW RD @ SCOTT ST/ALBERT ST (0005646),5646,03 - At intersection,02 - Non-fatal injury,05 - Turning movement,01 - Clear,01 - Daylight,01 - Dry,01 - Traffic signal,01 - Functioning,2,1,0,0,02 - Minor,1,,1,,,365519.1513,5030071.735,45.40794861,-75.72430863,12607
16--8221,2016/08/02,7:31 PM,MEADOWLANDS DR/TALLWOOD DR @ WOODROFFE AVE (0000095),95,03 - At intersection,03 - P.D. only,02 - Angle,01 - Clear,05 - Dusk,01 - Dry,01 - Traffic signal,01 - Functioning,2,0,0,0,,0,,,,,363057.826,5022730.949,45.34210635,-75.75661546,12608
16--8222,2016/08/02,7:45 AM,HERZBERG RD @ CARLING AVE (0003193),3193,02 - Intersection related,03 - P.D. only,03 - Rear end,01 - Clear,01 - Daylight,01 - Dry,01 - Traffic signal,01 - Functioning,3,0,0,0,,0,,,,,352036.9382,5022300.038,45.33905762,-75.89727718,12609
16--8223,2016/08/02,8:50 AM,HIGHWAY 417 btwn HWY417 IC120A RAMP52 & HWY417 IC119B RAMP57 (__3ZA2R1),__3ZA2R1,01 - Non intersection,03 - P.D. only,03 - Rear end,01 - Clear,01 - Daylight,01 - Dry,10 - No control,,2,0,0,0,,0,,,,,368096.1156,5030204.966,45.40891908,-75.69137386,12610
16--8224,2016/08/02,8:57 PM,BORRISOKANE RD/TARTAN DR @ STRANDHERD DR (0010634),10634,02 - Intersection related,03 - P.D. only,03 - Rear end,01 - Clear,07 - Dark,01 - Dry,01 - Traffic signal,01 - Functioning,2,0,0,0,,0,,,,,362290.3655,5013546.144,45.25952467,-75.7674727,12611
16--8225,2016/08/02,9:25 AM,HWY 416 ACRES IC75R24 @ HOLLY ACRES RD (0005257),5257,02 - Intersection related,03 - P.D. only,04 - Sideswipe,01 - Clear,01 - Daylight,01 - Dry,01 - Traffic signal,01 - Functioning,2,0,0,0,,0,,,,,358757.2679,5022868.563,45.34368857,-75.81147252,12612
16--8226,2016/08/02,9:37 PM,BLAIR RD @ OGILVIE RD (0004120),4120,02 - Intersection related,03 - P.D. only,03 - Rear end,01 - Clear,07 - Dark,01 - Dry,01 - Traffic signal,01 - Functioning,2,0,0,0,,0,,,,,374506.9952,5033198.854,45.43524736,-75.6090589,12613
16--8227,2016/08/03,1:08 AM,BANK ST @ SLATER ST (0002223),2223,03 - At intersection,03 - P.D. only,02 - Angle,01 - Clear,07 - Dark,01 - Dry,01 - Traffic signal,01 - Functioning,2,0,0,0,,0,,,,,367424.4751,5031354.577,45.41932334,-75.69980733,12614
16--8228,2016/08/03,1:16 PM,BANK ST btwn RIVERSIDE DR & RIVERSIDE DR (__3ZA3NQ),__3ZA3NQ,04 - At/near private drive,03 - P.D. only,05 - Turning movement,01 - Clear,01 - Daylight,01 - Dry,10 - No control,,2,0,0,0,,0,,,,,369261.625,5027942.637,45.38845702,-75.67678133,12615
16--8229,2016/08/03,1:36 PM,GREENBANK RD @ MALVERN DR/FOXFIELD DR (0009821),9821,02 - Intersection related,03 - P.D. only,03 - Rear end,01 - Clear,01 - Daylight,01 - Dry,01 - Traffic signal,01 - Functioning,2,0,0,0,,0,,,,,363311.4591,5016195.342,45.28327806,-75.75415111,12616
16--823,2016/01/18,6:03 PM,CONOVER ST btwn CHARING RD & ARDELL GRV (__3ZABTA),__3ZABTA,01 - Non intersection,03 - P.D. only,06 - SMV unattended vehicle,03 - Snow,07 - Dark,03 - Loose snow,10 - No control,,1,0,0,0,,0,,,,,361904.1991,5021569.567,45.33175113,-75.77146884,12617
16--8230,2016/08/03,10:00 PM,DALMENY RD btwn CAMPBELLCROFT RD & BANK ST (__3ZA2AJ),__3ZA2AJ,01 - Non intersection,03 - P.D. only,07 - SMV other,01 - Clear,07 - Dark,01 - Dry,10 - No control,,1,0,0,0,,0,,,,,385700.8557,5004301.732,45.17404629,-75.47072549,12618
16--8231,2016/08/03,10:30 AM,CAMPEAU DR/HWY 417 MARCH IC138R63 @ MARCH RD (0009710),9710,02 - Intersection related,03 - P.D. only,02 - Angle,01 - Clear,01 - Daylight,01 - Dry,01 - Traffic signal,01 - Functioning,2,0,0,0,,0,,,,,352841.9889,5020476.747,45.32259664,-75.88718262,12619
16--8232,2016/08/03,10:50 AM,HIGHWAY 417 btwn HWY417 IC96 RAMP61 & HWY417 IC88 RAMP16 (__3ZA27Z),__3ZA27Z,01 - Non intersection,03 - P.D. only,03 - Rear end,01 - Clear,01 - Daylight,01 - Dry,10 - No control,,2,0,0,0,,0,,,,,392444.5436,5022905.272,45.34061897,-75.38166242,12620
16--8233,2016/08/03,10:52 AM,WOODROFFE AVE @ ALGONQUIN COLLEGE/TRANSITWAY S (0004682),4682,02 - Intersection related,03 - P.D. only,03 - Rear end,01 - Clear,01 - Daylight,01 - Dry,01 - Traffic signal,01 - Functioning,2,0,0,0,,0,,,,,362823.9152,5023270.961,45.34698472,-75.75953663,12621
16--8234,2016/08/03,11:01 PM,BLAIR RD @ REGIONAL RD 174 S/OR174 IC112 RAMP15 (0012435),12435,03 - At intersection,02 - Non-fatal injury,05 - Turning movement,01 - Clear,07 - Dark,01 - Dry,01 - Traffic signal,01 - Functioning,3,0,1,0,03 - Major,1,,,1,,374907.8687,5032662.28,45.43037949,-75.60401227,12622