Anom_ID,Accident_Date,Accident_Time,Location,Geo_ID,Accident_Location,Classification_of_Accident,Initial_Impact_Type,Environment_Condition,Light,Road_Surface_Condition,Traffic_Control,Traffic_Control_Condition,No__of_Vehicles,No__of_Bicycles,No__of_Motorcycles,No__of_Pedestrians,Max_Injury,No__of_Injuries,No__of_Minimal,No__of_Minor,No__of_Major,No__of_Fatal,X,Y,Latitude,Longitude,ObjectId
16--8235,2016/08/03,12:23 PM,CYRVILLE RD btwn LABRIE AVE & STAR TOP RD (__3ZA3SO),__3ZA3SO,01 - Non intersection,03 - P.D. only,03 - Rear end,01 - Clear,01 - Daylight,01 - Dry,10 - No control,,2,0,0,0,,0,,,,,373782.2284,5031536.29,45.42036034,-75.61855407,12623
16--8236,2016/08/03,12:25 PM,BASELINE RD @ NAVAHO DR (0003158),3158,02 - Intersection related,03 - P.D. only,04 - Sideswipe,01 - Clear,01 - Daylight,01 - Dry,01 - Traffic signal,01 - Functioning,2,0,0,0,,0,,,,,363085.6907,5024097.052,45.35439611,-75.75609893,12624
16--8237,2016/08/03,12:41 PM,PRINCE OF WALES DR @ FALLOWFIELD RD (0000566),566,03 - At intersection,02 - Non-fatal injury,02 - Angle,01 - Clear,01 - Daylight,01 - Dry,01 - Traffic signal,01 - Functioning,2,0,0,0,02 - Minor,1,,1,,,367399.4827,5019166.47,45.30965976,-75.7016707,12625
16--8238,2016/08/03,2:02 PM,TENTH LINE RD @ CHARLEMAGNE BLVD N/TOMPKINS AV (0009222),9222,02 - Intersection related,03 - P.D. only,03 - Rear end,01 - Clear,01 - Daylight,01 - Dry,01 - Traffic signal,01 - Functioning,4,0,0,0,,0,,,,,383181.7168,5037978.188,45.47732908,-75.49743965,12626
16--8239,2016/08/03,2:22 PM,ANDERSON RD @ RIDGE RD (0003631),3631,03 - At intersection,03 - P.D. only,02 - Angle,01 - Clear,01 - Daylight,01 - Dry,02 - Stop sign,01 - Functioning,2,0,0,0,,0,,,,,379029.5301,5028508.078,45.39257741,-75.55196954,12627
16--824,2016/01/18,6:10 PM,HIGHWAY 417 btwn HWY417 IC155 RAMP61 & HWY417 IC145 RAMP56 (__3ZA2Q2),__3ZA2Q2,01 - Non intersection,03 - P.D. only,03 - Rear end,01 - Clear,07 - Dark,01 - Dry,10 - No control,,3,0,0,0,,0,,,,,346147.7852,5014854.434,45.27243119,-75.97303791,12628
16--8240,2016/08/03,2:23 PM,EAGLESON RD @ KATIMAVIK RD/TIMM DR (0011925),11925,03 - At intersection,03 - P.D. only,07 - SMV other,01 - Clear,01 - Daylight,01 - Dry,01 - Traffic signal,01 - Functioning,1,0,0,0,,0,,,,,353215.0833,5019566.159,45.31437735,-75.88251276,12629
16--8241,2016/08/03,2:25 PM,SUNNYRIDGE CRES btwn BRIDLEGLEN CRES E & BRIDLEGLEN CRES W (__5WIILW),__5WIILW,01 - Non intersection,03 - P.D. only,06 - SMV unattended vehicle,01 - Clear,01 - Daylight,01 - Dry,10 - No control,,1,0,0,0,,0,,,,,375894.744,5021265.037,45.32773323,-75.5930425,12630
16--8242,2016/08/03,3:10 PM,WHITEGATE CRES btwn MOUNTSHANNON DR & MOUNTSHANNON DR (__3ZA5AY),__3ZA5AY,04 - At/near private drive,03 - P.D. only,06 - SMV unattended vehicle,01 - Clear,01 - Daylight,01 - Dry,10 - No control,,1,0,0,0,,0,,,,,364815.7532,5016829.093,45.28885371,-75.73490083,12631
16--8243,2016/08/03,3:34 PM,HAWTHORNE AVE/ISABELLA ST @ QUEEN ELIZABETH DR (0002105),2105,02 - Intersection related,02 - Non-fatal injury,07 - SMV other,01 - Clear,01 - Daylight,01 - Dry,01 - Traffic signal,01 - Functioning,1,0,0,1,02 - Minor,1,,1,,,368665.931,5030476.353,45.41130916,-75.68405988,12632
16--8244,2016/08/03,4:00 PM,PORTAGE BRIDGE NB btwn PROVINCIAL BOUNDARY & WELLINGTON ST (__6TE2PA),__6TE2PA,01 - Non intersection,03 - P.D. only,03 - Rear end,01 - Clear,01 - Daylight,01 - Dry,10 - No control,,4,0,0,0,,0,,,,,366417.496,5031499.783,45.42071927,-75.71265475,12633
16--8245,2016/08/03,4:03 PM,CAMERON ST @ REGIONAL RD 174 (0012883),12883,02 - Intersection related,03 - P.D. only,03 - Rear end,01 - Clear,01 - Daylight,01 - Dry,01 - Traffic signal,01 - Functioning,2,0,0,0,,0,,,,,389861.4554,5042617.564,45.51828691,-75.41121153,12634
16--8246,2016/08/03,5:03 PM,MARCONI AVE btwn KLONDIKE RD & APPLECROSS CRES (__61NR1L),__61NR1L,04 - At/near private drive,03 - P.D. only,06 - SMV unattended vehicle,01 - Clear,01 - Daylight,01 - Dry,10 - No control,,1,0,0,0,,0,,,,,349705.8167,5024452.85,45.35858218,-75.92682426,12635
16--8247,2016/08/03,5:46 PM,ENTERPRISE AVE btwn TRADE ST & MERIVALE RD (__3ZBPIL),__3ZBPIL,01 - Non intersection,03 - P.D. only,04 - Sideswipe,01 - Clear,01 - Daylight,01 - Dry,10 - No control,,2,0,0,0,,0,,,,,365684.4729,5021336.67,45.32933776,-75.72327335,12636
16--8248,2016/08/03,5:51 PM,LORRY GREENBERG DR @ MARGRAVE AVE (0008864),8864,02 - Intersection related,03 - P.D. only,03 - Rear end,01 - Clear,01 - Daylight,01 - Dry,02 - Stop sign,01 - Functioning,2,0,0,0,,0,,,,,372618.515,5025287.782,45.3642527,-75.63428096,12637
16--8249,2016/08/03,6:18 PM,RICHMOND RD @ WOODROFFE AVE (0011466),11466,02 - Intersection related,02 - Non-fatal injury,04 - Sideswipe,02 - Rain,01 - Daylight,02 - Wet,01 - Traffic signal,01 - Functioning,3,0,0,0,02 - Minor,1,,1,,,361583.55,5026654.069,45.37752721,-75.77497534,12638
16--825,2016/01/18,6:45 AM,INNES RD btwn O'TOOLE RD & DUNNING RD (__3ZBN92),__3ZBN92,01 - Non intersection,03 - P.D. only,07 - SMV other,03 - Snow,07 - Dark,04 - Slush,10 - No control,,1,0,0,0,,0,,,,,389294.6123,5038377.972,45.48021293,-75.41919591,12639
16--8250,2016/08/03,6:30 PM,DUNROBIN RD @ THOMAS A. DOLAN PKWY (0003181),3181,02 - Intersection related,03 - P.D. only,03 - Rear end,01 - Clear,01 - Daylight,01 - Dry,01 - Traffic signal,01 - Functioning,2,0,0,0,,0,,,,,342337.8241,5031478.033,45.42223005,-76.02033091,12640
16--8251,2016/08/03,6:34 AM,BANKFIELD RD @ PRINCE OF WALES DR (0003618),3618,02 - Intersection related,02 - Non-fatal injury,03 - Rear end,01 - Clear,01 - Daylight,01 - Dry,01 - Traffic signal,01 - Functioning,2,0,1,0,01 - Minimal,1,1,,,,366381.2963,5008974.048,45.21803874,-75.71591791,12641
16--8252,2016/08/03,6:36 AM,DUNROBIN RD btwn HARWOOD LANE & KERWIN RD (__3ZA3FH),__3ZA3FH,01 - Non intersection,02 - Non-fatal injury,07 - SMV other,01 - Clear,01 - Daylight,01 - Dry,10 - No control,,1,0,0,0,02 - Minor,1,,1,,,346215.831,5027246.816,45.38393785,-75.97113402,12642
16--8253,2016/08/03,7:02 PM,MANOTICK STATION RD btwn DEERMEADOW DR & NICK ADAMS RD (__3ZA6LN),__3ZA6LN,01 - Non intersection,02 - Non-fatal injury,99 - Other,01 - Clear,01 - Daylight,01 - Dry,10 - No control,,2,0,0,0,02 - Minor,1,,1,,,374838.4803,5010317.11,45.22933336,-75.6080604,12643
16--8254,2016/08/03,7:05 PM,NEPEAN ST @ BANK ST (0006938),6938,03 - At intersection,03 - P.D. only,02 - Angle,01 - Clear,01 - Daylight,01 - Dry,02 - Stop sign,01 - Functioning,2,0,0,0,,0,,,,,367562.4778,5031133.576,45.41732248,-75.69807231,12644
16--8255,2016/08/03,7:14 AM,BESSERER ST @ DALHOUSIE ST (0011452),11452,02 - Intersection related,03 - P.D. only,04 - Sideswipe,01 - Clear,01 - Daylight,01 - Dry,01 - Traffic signal,01 - Functioning,2,0,0,0,,0,,,,,368252.929,5032157.575,45.4264738,-75.68911928,12645
16--8256,2016/08/03,7:53 PM,HIGHWAY 417 btwn HWY417 IC117 RAMP61 & HWY417 IC115 RAMP36 (__3ZA2RZ),__3ZA2RZ,01 - Non intersection,03 - P.D. only,03 - Rear end,01 - Clear,01 - Daylight,01 - Dry,10 - No control,,2,0,0,0,,0,,,,,371200.4059,5031379.119,45.41919599,-75.65156173,12646
16--8257,2016/08/03,8:01 AM,MAITLAND AVE/GLENMOUNT AVE @ ERINDALE DR (0002724),2724,02 - Intersection related,03 - P.D. only,03 - Rear end,01 - Clear,01 - Daylight,01 - Dry,01 - Traffic signal,01 - Functioning,2,0,0,0,,0,,,,,363697.129,5025211.687,45.36437438,-75.74816299,12647
16--8258,2016/08/03,9:12 AM,SOMERSET ST    W btwn BREEZEHILL AVE N & PRESTON ST (__3ZA32I),__3ZA32I,01 - Non intersection,03 - P.D. only,04 - Sideswipe,01 - Clear,01 - Daylight,01 - Dry,10 - No control,,2,0,0,0,,0,,,,,365914.7672,5029955.414,45.40686755,-75.7192695,12648
16--8259,2016/08/03,9:20 PM,INNES RD @ JEANNE D'ARC BLVD/MER BLEUE RD (0012475),12475,03 - At intersection,02 - Non-fatal injury,05 - Turning movement,01 - Clear,07 - Dark,01 - Dry,01 - Traffic signal,01 - Functioning,2,0,0,0,02 - Minor,1,,1,,,382637.9809,5035567.554,45.45570113,-75.50477514,12649
16--826,2016/01/18,6:58 PM,ALBION RD @ HUNT CLUB RD (0006974),6974,03 - At intersection,03 - P.D. only,05 - Turning movement,01 - Clear,07 - Dark,01 - Dry,01 - Traffic signal,01 - Functioning,2,0,0,0,,0,,,,,371867.7507,5024320.58,45.35562238,-75.6439948,12650
16--8260,2016/08/03,9:45 PM,HOLLAND AVE @ ISLAND PARK DR/N.C.C. DRIVEWAY (0010787),10787,03 - At intersection,03 - P.D. only,05 - Turning movement,01 - Clear,07 - Dark,01 - Dry,01 - Traffic signal,01 - Functioning,2,0,0,0,,0,,,,,365424.5257,5027916.754,45.38856678,-75.72578223,12651
16--8261,2016/08/04,1:00 PM,CARTIER ST btwn FRANK ST & GLADSTONE AVE (__3ZA8AO),__3ZA8AO,01 - Non intersection,03 - P.D. only,06 - SMV unattended vehicle,01 - Clear,01 - Daylight,01 - Dry,10 - No control,,1,0,0,0,,0,,,,,368517.3497,5030973.321,45.41579426,-75.68589369,12652
16--882,2016/01/19,6:20 PM,INNES RD WB btwn ORLEANS BLVD & INNES RD (__3ZA3JV),__3ZA3JV,01 - Non intersection,03 - P.D. only,03 - Rear end,03 - Snow,07 - Dark,04 - Slush,10 - No control,,2,0,0,0,,0,,,,,380548.9194,5034347.679,45.44495522,-75.53166952,12653
16--8285,2016/08/04,6:21 PM,CASTLEFRANK RD @ HAZELDEAN RD (0003608),3608,03 - At intersection,03 - P.D. only,05 - Turning movement,01 - Clear,01 - Daylight,01 - Dry,01 - Traffic signal,01 - Functioning,2,0,0,0,,0,,,,,352678.1054,5017676.314,45.29740891,-75.88954355,12654
16--8715,2016/08/18,2:12 PM,BAY ST btwn SLATER ST & LAURIER AVE W (__3ZA0XO),__3ZA0XO,04 - At/near private drive,03 - P.D. only,05 - Turning movement,01 - Clear,01 - Daylight,01 - Dry,10 - No control,,2,0,0,0,,0,,,,,366994.8943,5031060.788,45.41671824,-75.70533291,12655
16--8820,2016/08/21,7:45 PM,GREENBANK RD NB btwn TO BE DETERMINED & HWY417 IC129 RAMP51 (__6KDGSL),__6KDGSL,01 - Non intersection,03 - P.D. only,04 - Sideswipe,01 - Clear,01 - Daylight,01 - Dry,10 - No control,,2,0,0,0,,0,,,,,360542.3421,5023294.626,45.3473827,-75.78864761,12656
16--8357,2016/08/07,2:22 PM,ARGYLE AVE S @ ELGIN ST (0007284),7284,02 - Intersection related,03 - P.D. only,02 - Angle,01 - Clear,01 - Daylight,01 - Dry,02 - Stop sign,01 - Functioning,2,0,0,0,,0,,,,,368508.9366,5030645.662,45.41284686,-75.68604353,12657
16--8286,2016/08/04,6:47 AM,MONTREAL RD btwn PALACE ST & VANIER PKWY (__3ZA3LL),__3ZA3LL,04 - At/near private drive,03 - P.D. only,02 - Angle,01 - Clear,01 - Daylight,01 - Dry,10 - No control,,2,0,0,0,,0,,,,,370046.5734,5033050.592,45.43434378,-75.66608194,12658
16--8716,2016/08/18,2:50 PM,HIGHWAY 417 btwn HWY417 IC124 RAMP76 & HWY417 IC124 RAMP67 (__3ZA2R7),__3ZA2R7,01 - Non intersection,03 - P.D. only,03 - Rear end,01 - Clear,01 - Daylight,01 - Dry,10 - No control,,3,0,0,0,,0,,,,,364337.5651,5027415.273,45.38414779,-75.73972273,12659
16--8821,2016/08/21,8:45 AM,HIGHWAY 417 btwn HWY417 IC138 RAMP26 & HWY417 IC138 RAMP61 (__3ZA20H),__3ZA20H,01 - Non intersection,02 - Non-fatal injury,07 - SMV other,02 - Rain,01 - Daylight,02 - Wet,10 - No control,,1,0,0,0,01 - Minimal,1,1,,,,353173.9608,5020404.828,45.3219267,-75.8829553,12660
16--8358,2016/08/07,3:07 PM,WEST HUNT CLUB RD @ CLEOPATRA DR/LANCELOT DR (0000114),114,02 - Intersection related,02 - Non-fatal injury,03 - Rear end,01 - Clear,01 - Daylight,01 - Dry,01 - Traffic signal,01 - Functioning,2,0,0,0,02 - Minor,2,1,1,,,365234.6096,5021731.649,45.33293062,-75.72896368,12661
16--8287,2016/08/04,6:53 PM,ALBION RD @ LESTER RD (0004175),4175,02 - Intersection related,03 - P.D. only,02 - Angle,01 - Clear,01 - Daylight,01 - Dry,01 - Traffic signal,01 - Functioning,2,0,0,0,,0,,,,,372695.8796,5022332.496,45.33765461,-75.63369927,12662
16--8717,2016/08/18,3:43 PM,REGIONAL ROAD 174 btwn Continuation of REGIONAL ROAD 174 & OR174 IC112 (__3ZA2YI),__3ZA2YI,01 - Non intersection,02 - Non-fatal injury,03 - Rear end,01 - Clear,01 - Daylight,01 - Dry,10 - No control,,2,0,0,0,02 - Minor,1,,1,,,374277.0908,5032457.417,45.42859919,-75.61210162,12663
16--8822,2016/08/21,8:51 PM,MONTREAL RD @ ST. LAURENT BLVD (0002604),2604,03 - At intersection,02 - Non-fatal injury,05 - Turning movement,01 - Clear,07 - Dark,01 - Dry,01 - Traffic signal,01 - Functioning,2,0,1,0,02 - Minor,1,,1,,,371546.3615,5033816.936,45.44109744,-75.64681131,12664
16--8359,2016/08/07,3:39 PM,STITTSVILLE MAIN ST @ HAZELDEAN RD (0000050),50,03 - At intersection,03 - P.D. only,05 - Turning movement,01 - Clear,01 - Daylight,01 - Dry,01 - Traffic signal,01 - Functioning,2,0,0,0,,0,,,,,349558.4109,5014878.682,45.27244057,-75.92957065,12665
16--8288,2016/08/04,7:17 AM,SMYTH RD btwn RIVERSIDE HOSPITAL & SMYTH RD SOUTH SIDE RAMP (__3ZA1M4A),__3ZA1M4A,01 - Non intersection,02 - Non-fatal injury,04 - Sideswipe,01 - Clear,01 - Daylight,01 - Dry,10 - No control,,2,1,0,0,02 - Minor,1,,1,,,369920.9332,5029120.552,45.3989945,-75.66820693,12666
16--8289,2016/08/04,8:05 PM,MALVERN DR btwn SHERWAY DR & THISTLEDOWN CRT (__3ZBOI0),__3ZBOI0,04 - At/near private drive,03 - P.D. only,02 - Angle,01 - Clear,05 - Dusk,01 - Dry,10 - No control,,2,0,0,0,,0,,,,,363041.2712,5015918.161,45.28080642,-75.75762745,12667
16--829,2016/01/18,7:46 AM,VALIN ST @ WINSOME TER (0013084),13084,02 - Intersection related,03 - P.D. only,03 - Rear end,01 - Clear,03 - Dawn,03 - Loose snow,02 - Stop sign,01 - Functioning,2,0,0,0,,0,,,,,385862.9746,5037437.043,45.47215427,-75.46323922,12668
16--8290,2016/08/04,8:30 AM,HWY417 IC117 RAMP51 btwn HIGHWAY 417 & HWY417 IC117 RAMP53 (__3ZAY9J),__3ZAY9J,01 - Non intersection,03 - P.D. only,03 - Rear end,01 - Clear,01 - Daylight,01 - Dry,10 - No control,,2,0,0,0,,0,,,,,370700.7403,5031029.955,45.4161016,-75.65799226,12669
16--8291,2016/08/04,9:11 AM,ELGIN ST @ GILMOUR ST (0006953),6953,02 - Intersection related,02 - Non-fatal injury,02 - Angle,01 - Clear,01 - Daylight,01 - Dry,01 - Traffic signal,01 - Functioning,2,1,0,0,02 - Minor,1,,1,,,368251.5381,5031055.359,45.41655656,-75.68927901,12670
16--8292,2016/08/04,9:12 AM,MARCH RD @ MORGAN'S GRANT WAY/SHIRLEY'S BROOK  (0002651),2651,03 - At intersection,03 - P.D. only,02 - Angle,01 - Clear,01 - Daylight,01 - Dry,01 - Traffic signal,01 - Functioning,2,0,0,0,,0,,,,,349662.436,5023617.41,45.35106749,-75.92745375,12671
16--8293,2016/08/04,9:22 AM,ALBION RD @ RIDEAU RD (0009356),9356,02 - Intersection related,03 - P.D. only,03 - Rear end,01 - Clear,01 - Daylight,01 - Dry,01 - Traffic signal,01 - Functioning,2,0,0,0,,0,,,,,375093.8886,5016675.369,45.28651772,-75.60390872,12672
16--8294,2016/08/04,9:25 PM,BANK ST btwn ALTA VISTA DR & ERIE AVE (__3ZA36X),__3ZA36X,01 - Non intersection,03 - P.D. only,03 - Rear end,01 - Clear,07 - Dark,01 - Dry,10 - No control,,2,0,0,0,,0,,,,,370209.2055,5026294.376,45.37353867,-75.66489974,12673
16--8295,2016/08/04,9:33 AM,MEADOWLANDS DR/TALLWOOD DR @ WOODROFFE AVE (0000095),95,02 - Intersection related,03 - P.D. only,03 - Rear end,01 - Clear,01 - Daylight,01 - Dry,01 - Traffic signal,01 - Functioning,2,0,0,0,,0,,,,,363055.6717,5022729.979,45.3420978,-75.75664306,12674
16--8296,2016/08/04,9:45 AM,MARCH RD btwn DUNROBIN RD & MURPHY CRT (__3ZA3DI),__3ZA3DI,01 - Non intersection,03 - P.D. only,07 - SMV other,01 - Clear,01 - Daylight,01 - Dry,10 - No control,,1,0,0,0,,0,,,,,347605.9421,5025872.812,45.37149069,-75.95350269,12675
16--8297,2016/08/05,1:53 PM,TERRY FOX DR @ PALLADIUM DR/KATIMAVIK RD (0011858),11858,03 - At intersection,03 - P.D. only,03 - Rear end,01 - Clear,01 - Daylight,01 - Dry,01 - Traffic signal,01 - Functioning,3,0,0,0,,0,,,,,351270.8544,5018181.775,45.30205168,-75.90743796,12676
16--8298,2016/08/05,1:57 PM,COLONEL BY DR/MACKENZIE AVE @ DALY AVE (0008541),8541,02 - Intersection related,03 - P.D. only,03 - Rear end,01 - Clear,01 - Daylight,01 - Dry,01 - Traffic signal,01 - Functioning,2,0,0,0,,0,,,,,368002.4843,5031904.125,45.42421601,-75.69235198,12677
16--8299,2016/08/05,10:08 AM,GRENFELL CRES @ WOODROFFE AVE (0001103),1103,02 - Intersection related,02 - Non-fatal injury,05 - Turning movement,01 - Clear,01 - Daylight,01 - Dry,02 - Stop sign,01 - Functioning,2,0,0,0,02 - Minor,1,,1,,,364542.7698,5019226.328,45.31044718,-75.73809174,12678
16--83,2016/01/04,10:03 PM,MAITLAND AVE btwn CARLING AVE & DUNCAN PL (__3ZA4JY),__3ZA4JY,04 - At/near private drive,03 - P.D. only,02 - Angle,01 - Clear,07 - Dark,01 - Dry,10 - No control,,2,0,0,0,,0,,,,,362949.2888,5026470.345,45.37576207,-75.75756039,12679
16--830,2016/01/18,8:00 AM,RIVERTREE ST btwn CROWNRIDGE DR & MEADOWBREEZE DR (__807KJE),__807KJE,01 - Non intersection,03 - P.D. only,06 - SMV unattended vehicle,01 - Clear,01 - Daylight,05 - Packed snow,10 - No control,,1,0,0,0,,0,,,,,355998.611,5015292.422,45.27572408,-75.84745503,12680
16--8300,2016/08/05,10:21 AM,ST. LAURENT BLVD @ TREMBLAY RD (0002573),2573,03 - At intersection,03 - P.D. only,02 - Angle,01 - Clear,01 - Daylight,01 - Dry,01 - Traffic signal,01 - Functioning,3,0,0,0,,0,,,,,372595.8201,5031243.936,45.41784585,-75.63375231,12681
16--8301,2016/08/05,10:30 AM,VAUGHAN ST btwn MACKAY ST & BERTRAND ST (__3ZBOWN),__3ZBOWN,01 - Non intersection,03 - P.D. only,06 - SMV unattended vehicle,01 - Clear,01 - Daylight,01 - Dry,10 - No control,,1,0,0,0,,0,,,,,369094.3453,5033732.965,45.44057171,-75.67816199,12682
16--8302,2016/08/05,10:39 AM,CHESTER CRES E @ EXETER DR (0001290),1290,02 - Intersection related,02 - Non-fatal injury,02 - Angle,01 - Clear,01 - Daylight,01 - Dry,02 - Stop sign,01 - Functioning,2,0,0,0,02 - Minor,1,,1,,,363565.5648,5014995.69,45.27246238,-75.75105431,12683
16--8303,2016/08/05,11:00 AM,GREENBANK RD btwn NE/OT BOUNDARY & MONTEREY DR (__3ZBPHX),__3ZBPHX,01 - Non intersection,03 - P.D. only,03 - Rear end,01 - Clear,01 - Daylight,01 - Dry,10 - No control,,2,0,0,0,,0,,,,,360635.1843,5022495.409,45.34018397,-75.78755311,12684
16--8304,2016/08/05,11:36 AM,BASELINE RD @ MERIVALE RD (0002342),2342,02 - Intersection related,02 - Non-fatal injury,03 - Rear end,01 - Clear,01 - Daylight,01 - Dry,01 - Traffic signal,01 - Functioning,3,0,0,0,02 - Minor,1,,1,,,365054.4691,5025325.969,45.36528731,-75.73082381,12685
16--8305,2016/08/05,11:40 AM,ALBERT ST btwn PERKINS ST & TRANSIT (__3ZA33U),__3ZA33U,01 - Non intersection,03 - P.D. only,04 - Sideswipe,01 - Clear,01 - Daylight,01 - Dry,10 - No control,,2,0,0,0,,0,,,,,366556.4011,5030707.292,45.41357642,-75.71097932,12686
16--8306,2016/08/05,2:25 PM,MITCH OWENS RD btwn MANOTICK STATION RD & BOWESVILLE RD (__3ZA3TN),__3ZA3TN,01 - Non intersection,01 - Fatal injury,03 - Rear end,01 - Clear,01 - Daylight,01 - Dry,10 - No control,,4,0,0,0,04 - Fatal,3,1,1,,1,374014.5321,5013598.269,45.25893794,-75.61809541,12687
16--8307,2016/08/05,3:00 PM,INNES RD @ STAR TOP RD/WINDMILL LANE (0008734),8734,02 - Intersection related,03 - P.D. only,03 - Rear end,01 - Clear,01 - Daylight,01 - Dry,01 - Traffic signal,01 - Functioning,2,0,0,0,,0,,,,,374147.044,5030667.47,45.41250708,-75.61401532,12688
16--8308,2016/08/05,3:00 PM,HIGHWAY 417 btwn HWY417 IC122 RAMP61 & HWY417 IC121B RAMP16 (__3ZA2Y4),__3ZA2Y4,01 - Non intersection,03 - P.D. only,03 - Rear end,01 - Clear,01 - Daylight,01 - Dry,10 - No control,,2,0,0,0,,0,,,,,366448.8316,5029491.791,45.40264916,-75.71250553,12689
16--8309,2016/08/05,3:04 PM,HUNT CLUB RD @ RIVERSIDE DR (0002237),2237,02 - Intersection related,03 - P.D. only,03 - Rear end,01 - Clear,01 - Daylight,01 - Dry,01 - Traffic signal,01 - Functioning,2,0,0,0,,0,,,,,368037.3848,5021945.044,45.33460373,-75.69318156,12690
16--831,2016/01/18,8:00 PM,WOODROFFE AVE @ QUEENSBURY DR/RIDEAUCREST DR (0000043),43,03 - At intersection,02 - Non-fatal injury,05 - Turning movement,05 - Drifting Snow,07 - Dark,01 - Dry,01 - Traffic signal,01 - Functioning,2,0,0,0,02 - Minor,3,,3,,,365727.921,5016328.227,45.28426846,-75.72333481,12691
16--8310,2016/08/05,3:28 PM,ST. JOSEPH BLVD @ JEANNE D'ARC BLVD (0012421),12421,03 - At intersection,03 - P.D. only,02 - Angle,01 - Clear,01 - Daylight,01 - Dry,11 - Roundabout,01 - Functioning,2,0,0,0,,0,,,,,379860.4762,5036471.315,45.46413635,-75.54014483,12692
16--8311,2016/08/05,3:52 PM,MEADOWLANDS DR/TALLWOOD DR @ WOODROFFE AVE (0000095),95,02 - Intersection related,03 - P.D. only,03 - Rear end,01 - Clear,01 - Daylight,01 - Dry,01 - Traffic signal,01 - Functioning,2,0,0,0,,0,,,,,363056.6112,5022730.549,45.34210285,-75.75663101,12693
16--8312,2016/08/05,4:03 PM,CUMMINGS AVE btwn OGILVIE RD & LABELLE ST (__3ZA7QG),__3ZA7QG,04 - At/near private drive,02 - Non-fatal injury,02 - Angle,01 - Clear,01 - Daylight,01 - Dry,10 - No control,,2,0,1,0,02 - Minor,1,,1,,,372753.9475,5032161.04,45.42608218,-75.6316056,12694
16--8313,2016/08/05,4:05 PM,CUMBERLAND ST @ RIDEAU ST (0007759),7759,02 - Intersection related,03 - P.D. only,04 - Sideswipe,01 - Clear,01 - Daylight,01 - Dry,01 - Traffic signal,01 - Functioning,2,0,0,0,,0,,,,,368374.7383,5032330.429,45.42801801,-75.6875405,12695
16--8314,2016/08/05,4:15 PM,STRANDHERD BRIDGE (VIMY MEMORIAL BRIDGE) btwn PRINCE OF WALES DR & RIVER RD (e___2H44),e___2H44,01 - Non intersection,03 - P.D. only,04 - Sideswipe,01 - Clear,01 - Daylight,01 - Dry,10 - No control,,2,0,0,0,,0,,,,,367364.492,5014757.637,45.26999267,-75.70267293,12696
16--8315,2016/08/05,4:17 PM,ELGIN ST btwn ARGYLE AVE & ARGYLE AVE (__3ZA3QW),__3ZA3QW,01 - Non intersection,03 - P.D. only,99 - Other,01 - Clear,01 - Daylight,01 - Dry,10 - No control,,2,0,0,0,,0,,,,,368500.4369,5030662.117,45.41299569,-75.68614998,12697
16--8316,2016/08/05,4:23 PM,BLACKBURN BYPASS @ INNES RD W (0009340),9340,02 - Intersection related,03 - P.D. only,03 - Rear end,01 - Clear,01 - Daylight,01 - Dry,01 - Traffic signal,01 - Functioning,2,0,0,0,,0,,,,,377188.0901,5032176.135,45.42577317,-75.57494596,12698
16--8317,2016/08/05,4:47 PM,HIGHWAY 417 btwn HWY417 IC104 RAMP15 & HWY417 IC96 RAMP51 (__3ZA2W4),__3ZA2W4,01 - Non intersection,03 - P.D. only,03 - Rear end,01 - Clear,01 - Daylight,01 - Dry,10 - No control,,2,0,0,0,,0,,,,,381449.5731,5025606.564,45.36621088,-75.52151659,12699
16--8318,2016/08/05,5:15 PM,HIGHWAY 417 btwn RAMP & HWY417 IC88 RAMP51 (__3ZA2W2),__3ZA2W2,01 - Non intersection,03 - P.D. only,03 - Rear end,01 - Clear,01 - Daylight,01 - Dry,10 - No control,,4,0,0,0,,0,,,,,392414.4842,5022878.618,45.34038292,-75.38205062,12700
16--8319,2016/08/05,5:41 AM,KING EDWARD AVE @ OSGOODE ST/THOMAS MORE PRIV (0007750),7750,03 - At intersection,03 - P.D. only,05 - Turning movement,01 - Clear,07 - Dark,01 - Dry,01 - Traffic signal,01 - Functioning,2,0,0,0,,0,,,,,368850.3654,5031852.355,45.42367309,-75.68152496,12701
16--832,2016/01/18,8:08 AM,STRANDHERD DR @ LONGFIELDS DR (0010935),10935,02 - Intersection related,03 - P.D. only,03 - Rear end,01 - Clear,01 - Daylight,04 - Slush,01 - Traffic signal,01 - Functioning,2,0,0,0,,0,,,,,364549.4691,5015172.227,45.27396794,-75.73849467,12702
16--8320,2016/08/05,5:56 PM,MANOTICK STATION RD @ MITCH OWENS RD (0005775),5775,03 - At intersection,02 - Non-fatal injury,02 - Angle,01 - Clear,01 - Daylight,01 - Dry,02 - Stop sign,01 - Functioning,2,0,0,0,02 - Minor,1,,1,,,373508.7451,5013266.36,45.25600108,-75.62458509,12703
16--8321,2016/08/05,6:01 PM,OLD PRESCOTT RD btwn CHRIS TIERNEY PRIV & BREANNA CARDILL ST (__673W91),__673W91,04 - At/near private drive,03 - P.D. only,02 - Angle,01 - Clear,01 - Daylight,01 - Dry,10 - No control,,2,0,0,0,,0,,,,,378532.1269,5010645.943,45.23191507,-75.56097929,12704