Anom_ID,Accident_Date,Accident_Time,Location,Geo_ID,Accident_Location,Classification_of_Accident,Initial_Impact_Type,Environment_Condition,Light,Road_Surface_Condition,Traffic_Control,Traffic_Control_Condition,No__of_Vehicles,No__of_Bicycles,No__of_Motorcycles,No__of_Pedestrians,Max_Injury,No__of_Injuries,No__of_Minimal,No__of_Minor,No__of_Major,No__of_Fatal,X,Y,Latitude,Longitude,ObjectId
16--8322,2016/08/05,6:02 PM,TWIN FALLS PL btwn CANYON WALK DR & CANYON WALK DR (__4O3KYD),__4O3KYD,01 - Non intersection,03 - P.D. only,06 - SMV unattended vehicle,01 - Clear,01 - Daylight,01 - Dry,10 - No control,,1,0,0,0,,0,,,,,368531.9062,5016721.36,45.28755718,-75.68754466,12705
16--8323,2016/08/05,7:02 AM,CARLING AVE EB btwn CONNAUGHT AVE & CARLING AVE EB ON RAMP/OTTAWA RIVE (__3ZBOBU),__3ZBOBU,01 - Non intersection,03 - P.D. only,03 - Rear end,01 - Clear,01 - Daylight,01 - Dry,10 - No control,,2,0,0,0,,0,,,,,360802.2671,5025116.606,45.3637561,-75.78512445,12706
16--8324,2016/08/05,7:07 PM,BRONSON AVE @ SOMERSET ST (0002218),2218,02 - Intersection related,03 - P.D. only,04 - Sideswipe,01 - Clear,01 - Daylight,01 - Dry,01 - Traffic signal,01 - Functioning,2,0,0,0,,0,,,,,366967.4688,5030476.572,45.41146407,-75.70575699,12707
16--8325,2016/08/05,7:55 AM,HIGHWAY 417 btwn HWY417 IC127 RAMP63 & HWY417 IC127 RAMP67 (__3ZA2RF),__3ZA2RF,01 - Non intersection,03 - P.D. only,07 - SMV other,01 - Clear,01 - Daylight,01 - Dry,10 - No control,,1,0,0,0,,0,,,,,362135.1065,5024861.478,45.36135273,-75.76814158,12708
16--8326,2016/08/05,7:58 PM,COLLINGTON ST/DRUMLINS AVE S @ LEN LUNNEY CRES (0011011),11011,02 - Intersection related,03 - P.D. only,07 - SMV other,01 - Clear,01 - Daylight,01 - Dry,03 - Yield sign,01 - Functioning,1,0,0,0,,0,,,,,367145.948,5015213.791,45.27411651,-75.70540053,12709
16--8327,2016/08/05,8:30 PM,RIVER RUN AVE btwn RIVER MIST RD & FALLINGWATER CIRC (__61W6S8),__61W6S8,01 - Non intersection,03 - P.D. only,06 - SMV unattended vehicle,01 - Clear,07 - Dark,01 - Dry,10 - No control,,1,0,0,0,,0,,,,,364300.2919,5012967.426,45.25415023,-75.74193424,12710
16--8328,2016/08/05,8:39 AM,JOCKVALE RD @ STRANDHERD DR (0010541),10541,02 - Intersection related,03 - P.D. only,03 - Rear end,01 - Clear,01 - Daylight,01 - Dry,01 - Traffic signal,01 - Functioning,2,0,0,0,,0,,,,,363560.261,5014576.74,45.2686931,-75.75117148,12711
16--8329,2016/08/05,8:40 AM,JOCKVALE RD @ STRANDHERD DR (0010541),10541,02 - Intersection related,03 - P.D. only,03 - Rear end,01 - Clear,01 - Daylight,01 - Dry,01 - Traffic signal,01 - Functioning,2,0,0,0,,0,,,,,363561.6169,5014577.383,45.26869877,-75.75115412,12712
16--833,2016/01/18,8:27 AM,CARLING AVE @ GRANDVIEW RD/NORTEL ENTRANCE (0000157),157,03 - At intersection,03 - P.D. only,02 - Angle,01 - Clear,01 - Daylight,03 - Loose snow,01 - Traffic signal,01 - Functioning,2,0,0,0,,0,,,,,355725.4301,5024052.292,45.35456653,-75.85003613,12713
16--8330,2016/08/05,8:50 AM,AVIATION PKWY @ OGILVIE RD (0004114),4114,02 - Intersection related,03 - P.D. only,03 - Rear end,01 - Clear,01 - Daylight,01 - Dry,01 - Traffic signal,01 - Functioning,2,0,0,0,,0,,,,,373110.4869,5032377.04,45.42799091,-75.6270199,12714
16--8331,2016/08/06,10:00 AM,HIGHWAY 417 btwn HWY417 IC122 RAMP15 & HWY417 IC121B RAMP51 (__3ZA2RB),__3ZA2RB,01 - Non intersection,03 - P.D. only,04 - Sideswipe,01 - Clear,01 - Daylight,01 - Dry,10 - No control,,2,0,0,0,,0,,,,,366563.9219,5029509.473,45.40279811,-75.7110333,12715
16--8332,2016/08/06,10:23 AM,MERIVALE RD btwn EMERALD PLAZA SC & MEADOWLANDS DR (__3ZA4HZB),__3ZA4HZB,04 - At/near private drive,02 - Non-fatal injury,02 - Angle,01 - Clear,01 - Daylight,01 - Dry,10 - No control,,2,1,0,0,01 - Minimal,1,1,,,,364806.1999,5023845.51,45.35198765,-75.73417252,12716
16--8333,2016/08/06,11:15 AM,OSGOODE MAIN ST @ NIXON DR (0005772),5772,02 - Intersection related,03 - P.D. only,99 - Other,01 - Clear,01 - Daylight,01 - Dry,02 - Stop sign,01 - Functioning,2,0,0,0,,0,,,,,374401.9354,5000468.77,45.14076268,-75.61499333,12717
16--8334,2016/08/06,11:52 AM,HEATHERINGTON RD btwn FAIRLEA CRES & ANGELA PRIV (__3ZBOQL),__3ZBOQL,01 - Non intersection,03 - P.D. only,06 - SMV unattended vehicle,01 - Clear,01 - Daylight,01 - Dry,10 - No control,,1,0,0,0,,0,,,,,371819.5092,5026666.074,45.37673091,-75.64429231,12718
16--8335,2016/08/06,Unknown,JANSEN RD btwn GRADY CRES & HOBART CRES (__3ZABR8),__3ZABR8,01 - Non intersection,03 - P.D. only,06 - SMV unattended vehicle,01 - Clear,00 - Unknown,01 - Dry,10 - No control,,1,0,0,0,,0,,,,,360234.9943,5021063.583,45.32733212,-75.79281944,12719
16--8336,2016/08/06,12:10 PM,LAURIER AVE @ NICHOLAS ST (0010711),10711,03 - At intersection,03 - P.D. only,04 - Sideswipe,01 - Clear,01 - Daylight,01 - Dry,01 - Traffic signal,01 - Functioning,2,0,0,0,,0,,,,,368378.5209,5031794.964,45.42319974,-75.68756128,12720
16--8337,2016/08/06,12:24 PM,PARKMOUNT CRES btwn SPRINGDALE CRES & BANNER RD (2) (__3ZABTO),__3ZABTO,04 - At/near private drive,03 - P.D. only,06 - SMV unattended vehicle,01 - Clear,01 - Daylight,01 - Dry,10 - No control,,1,0,0,0,,0,,,,,360889.0853,5021361.488,45.3299607,-75.78444214,12721
16--8338,2016/08/06,2:35 PM,DUMAURIER AVE @ PINECREST RD (0002743),2743,02 - Intersection related,03 - P.D. only,01 - Approaching,01 - Clear,01 - Daylight,01 - Dry,01 - Traffic signal,01 - Functioning,2,0,0,0,,0,,,,,360322.3376,5023833.413,45.35224814,-75.79139447,12722
16--8339,2016/08/06,2:49 PM,BANK ST @ HERON RD (0002155),2155,02 - Intersection related,03 - P.D. only,03 - Rear end,01 - Clear,01 - Daylight,01 - Dry,01 - Traffic signal,01 - Functioning,2,0,0,0,,0,,,,,369996.4018,5026851.542,45.3785717,-75.66754282,12723
16--834,2016/01/18,8:28 AM,BANK ST @ HUNT CLUB RD (0002119),2119,02 - Intersection related,03 - P.D. only,03 - Rear end,03 - Snow,01 - Daylight,03 - Loose snow,01 - Traffic signal,01 - Functioning,2,0,0,0,,0,,,,,371609.3951,5024095.848,45.35362498,-75.64732227,12724
16--8340,2016/08/06,3:56 PM,MEADOWLANDS DR btwn INVERNESS AVE & DEER PARK RD (__3ZA4IM),__3ZA4IM,04 - At/near private drive,03 - P.D. only,02 - Angle,01 - Clear,01 - Daylight,01 - Dry,10 - No control,,2,0,0,0,,0,,,,,365965.9776,5024853.882,45.36096061,-75.71924749,12725
16--8341,2016/08/06,5:00 PM,DALMENY RD btwn NIXON DR & 2ND LINE RD (__3ZA3T8),__3ZA3T8,01 - Non intersection,02 - Non-fatal injury,07 - SMV other,01 - Clear,01 - Daylight,01 - Dry,10 - No control,,1,0,0,0,02 - Minor,1,,1,,,376297.897,4998148.086,45.11969209,-75.59122037,12726
16--8342,2016/08/06,5:00 PM,ROYDON PL btwn WOODFIELD DR & WEST HUNT CLUB RD (__3ZAYGP),__3ZAYGP,04 - At/near private drive,03 - P.D. only,05 - Turning movement,01 - Clear,01 - Daylight,01 - Dry,10 - No control,,2,0,0,0,,0,,,,,365893.6096,5022299.964,45.33798717,-75.72048665,12727
16--8343,2016/08/06,5:12 PM,INDUSTRIAL AVE btwn RUSSELL RD & ST. LAURENT BLVD (__3ZA3R7),__3ZA3R7,04 - At/near private drive,03 - P.D. only,02 - Angle,01 - Clear,01 - Daylight,01 - Dry,10 - No control,,2,0,0,0,,0,,,,,372565.5013,5030227.28,45.40870138,-75.63427944,12728
16--8344,2016/08/06,5:16 PM,NAVAN RD btwn MUSTANG ST & TO BE DETERMINED (__3ZA3M4),__3ZA3M4,01 - Non intersection,03 - P.D. only,03 - Rear end,01 - Clear,01 - Daylight,01 - Dry,10 - No control,,3,0,0,0,,0,,,,,387975.1143,5032152.523,45.42436127,-75.43712389,12729
16--8345,2016/08/06,7:24 PM,NEPEAN ST @ BANK ST (0006938),6938,02 - Intersection related,02 - Non-fatal injury,03 - Rear end,01 - Clear,01 - Daylight,01 - Dry,02 - Stop sign,01 - Functioning,2,0,0,0,01 - Minimal,2,2,,,,367562.9324,5031133.576,45.41732244,-75.6980665,12730
16--8346,2016/08/06,8:23 PM,CHARLEMAGNE BLVD btwn TENTH LINE RD & VALADE CRES (__3ZA1V1),__3ZA1V1,04 - At/near private drive,03 - P.D. only,03 - Rear end,01 - Clear,07 - Dark,01 - Dry,10 - No control,,2,0,0,0,,0,,,,,383382.5704,5038006.308,45.4775595,-75.49486648,12731
16--8347,2016/08/06,9:39 AM,KING EDWARD AVE @ ST. PATRICK ST (0002714),2714,03 - At intersection,03 - P.D. only,05 - Turning movement,01 - Clear,01 - Daylight,01 - Dry,01 - Traffic signal,01 - Functioning,2,0,0,0,,0,,,,,368249.1605,5032823.818,45.43246875,-75.68908159,12732
16--8348,2016/08/06,9:50 AM,EAGLESON RD btwn MICHAEL COWPLAND DR/STONEHAVEN DR & 240 N OF CADENCE  (__3ZA41IA),__3ZA41IA,01 - Non intersection,03 - P.D. only,07 - SMV other,01 - Clear,01 - Daylight,01 - Dry,10 - No control,,1,0,0,0,,0,,,,,354418.4779,5016534.718,45.28701583,-75.86746895,12733
16--8349,2016/08/07,1:40 PM,REGIONAL ROAD 174 btwn OR174 IC105 RAMP16 & OR174 IC105 RAMP26 (__3ZA1PU),__3ZA1PU,01 - Non intersection,03 - P.D. only,07 - SMV other,01 - Clear,01 - Daylight,01 - Dry,10 - No control,,1,0,0,0,,0,,,,,378965.8498,5036779.269,45.46700265,-75.55153704,12734
16--835,2016/01/18,8:28 AM,BESSERER ST @ WALLER ST (0008859),8859,03 - At intersection,03 - P.D. only,04 - Sideswipe,01 - Clear,01 - Daylight,04 - Slush,01 - Traffic signal,01 - Functioning,2,0,0,0,,0,,,,,368315.9999,5032191.645,45.42677462,-75.68830897,12735
16--8350,2016/08/07,10:09 AM,PRINCE OF WALES DR btwn COLONNADE RD & STEPHANIE AVE (__3ZA29R),__3ZA29R,01 - Non intersection,03 - P.D. only,99 - Other,01 - Clear,01 - Daylight,01 - Dry,10 - No control,,2,0,0,0,,0,,,,,367513.3856,5022824.23,45.34256151,-75.69975495,12736
16--8351,2016/08/07,10:46 PM,COLONEL BY DR @ LEONARD AVE (0006906),6906,02 - Intersection related,03 - P.D. only,07 - SMV other,01 - Clear,07 - Dark,01 - Dry,02 - Stop sign,00 - Unknown,1,0,0,0,,0,,,,,368227.3245,5028576.012,45.39425038,-75.68990729,12737
16--8718,2016/08/18,4:24 PM,PRINCE OF WALES DR btwn TURN LANE & FISHER AVE (__3ZA29U),__3ZA29U,01 - Non intersection,03 - P.D. only,03 - Rear end,02 - Rain,01 - Daylight,02 - Wet,10 - No control,,2,0,0,0,,0,,,,,367163.7503,5023883.42,45.35212306,-75.70408243,12738
16--8823,2016/08/21,9:10 AM,MCLEOD ST @ O'CONNOR ST (0007282),7282,02 - Intersection related,03 - P.D. only,03 - Rear end,02 - Rain,01 - Daylight,02 - Wet,01 - Traffic signal,01 - Functioning,2,0,0,0,,0,,,,,368118.7113,5030592.675,45.41240551,-75.69103542,12739
16--8824,2016/08/21,9:15 PM,WOODROFFE AVE @ QUEENSBURY DR/RIDEAUCREST DR (0000043),43,02 - Intersection related,03 - P.D. only,99 - Other,01 - Clear,07 - Dark,01 - Dry,01 - Traffic signal,01 - Functioning,2,0,0,0,,0,,,,,365728.033,5016328.357,45.28426962,-75.72333336,12740
16--836,2016/01/18,8:30 AM,HIGHWAY 417 btwn HWY417 IC142 RAMP35 & HWY417 IC142 RAMP25 (__3ZA1ZO),__3ZA1ZO,01 - Non intersection,03 - P.D. only,07 - SMV other,01 - Clear,01 - Daylight,04 - Slush,10 - No control,,1,0,0,0,,0,,,,,348952.9775,5017225.745,45.29359852,-75.93707747,12741
16--8719,2016/08/18,4:25 PM,PRINCE OF WALES DR @ FALLOWFIELD RD (0000566),566,02 - Intersection related,03 - P.D. only,03 - Rear end,02 - Rain,01 - Daylight,02 - Wet,01 - Traffic signal,00 - Unknown,2,0,0,0,,0,,,,,367398.6391,5019165.132,45.3096478,-75.70168163,12742
16--8825,2016/08/21,9:20 AM,HWY417 IC131 RAMP55 btwn HIGHWAY 417 & HWY416 IC75B RAMP25 (__3ZAYG7),__3ZAYG7,01 - Non intersection,03 - P.D. only,07 - SMV other,02 - Rain,01 - Daylight,02 - Wet,10 - No control,,1,0,0,0,,0,,,,,358633.9134,5022882.603,45.34382438,-75.81304495,12743
16--8360,2016/08/07,4:49 PM,LAURIER AVE   W btwn PERCY ST & BAY ST (__3ZA331),__3ZA331,04 - At/near private drive,03 - P.D. only,02 - Angle,01 - Clear,01 - Daylight,01 - Dry,10 - No control,,2,0,0,0,,0,,,,,367011.8815,5030984.633,45.41603151,-75.7051255,12744
16--872,2016/01/19,5:10 PM,HIGHWAY 417 btwn HWY417 IC129 RAMP25 & HWY417 IC129 RAMP35 (__3ZAYFR),__3ZAYFR,01 - Non intersection,03 - P.D. only,03 - Rear end,01 - Clear,05 - Dusk,02 - Wet,10 - No control,,4,0,0,0,,0,,,,,360457.577,5023527.154,45.34948171,-75.78970308,12745
16--8826,2016/08/22,1:23 PM,WEST HUNT CLUB RD @ 545 E OF ROYDON PL/SUNDERLAND ST (0010375),10375,02 - Intersection related,03 - P.D. only,04 - Sideswipe,01 - Clear,01 - Daylight,01 - Dry,01 - Traffic signal,01 - Functioning,2,0,0,0,,0,,,,,366353.5949,5022407.956,45.33891867,-75.71460467,12746
16--8361,2016/08/07,5:00 PM,BRITTANY DR btwn ST. LAURENT BLVD & COLEFORD PL (__3ZA8DK),__3ZA8DK,04 - At/near private drive,03 - P.D. only,01 - Approaching,01 - Clear,01 - Daylight,01 - Dry,10 - No control,,2,0,0,0,,0,,,,,371357.4828,5034346.761,45.44588257,-75.64915373,12747
16--8720,2016/08/18,4:56 PM,PRINCE OF WALES DR btwn NATIONAL CAPITAL COMM DRWY & HARTWELL LOCKS/54 (__3ZA30ZA),__3ZA30ZA,01 - Non intersection,03 - P.D. only,03 - Rear end,01 - Clear,01 - Daylight,01 - Dry,10 - No control,,3,0,0,0,,0,,,,,366993.2239,5027340.061,45.3832403,-75.70582343,12748
16--8827,2016/08/22,1:45 PM,LAURIER AVE  E btwn 73 E OF WALLER ST & CUMBERLAND ST (__3ZA3UVB),__3ZA3UVB,01 - Non intersection,03 - P.D. only,04 - Sideswipe,01 - Clear,01 - Daylight,01 - Dry,10 - No control,,2,0,0,0,,0,,,,,368593.0938,5031944.852,45.42452885,-75.68480022,12749
16--8362,2016/08/07,5:45 PM,HUNT CLUB RD btwn MCCARTHY RD & RAMP (__3ZA36L),__3ZA36L,01 - Non intersection,03 - P.D. only,03 - Rear end,01 - Clear,01 - Daylight,01 - Dry,10 - No control,,4,0,0,0,,0,,,,,370687.9617,5023508.236,45.34842501,-75.6591594,12750
16--8363,2016/08/07,6:31 PM,HUNT CLUB RD btwn MCCARTHY RD & RAMP (__3ZA36L),__3ZA36L,01 - Non intersection,03 - P.D. only,03 - Rear end,01 - Clear,01 - Daylight,01 - Dry,10 - No control,,2,0,0,0,,0,,,,,370689.7799,5023508.236,45.34842484,-75.6591362,12751
16--8364,2016/08/07,8:15 PM,TERRY FOX DR @ FERNBANK RD (0011863),11863,02 - Intersection related,03 - P.D. only,03 - Rear end,01 - Clear,05 - Dusk,01 - Dry,01 - Traffic signal,01 - Functioning,2,0,0,0,,0,,,,,354303.6132,5015130.588,45.27438924,-75.8690732,12752
16--8365,2016/08/07,9:10 PM,AVIATION PKWY btwn LA CITE PRIV & AVIATION PKWY (2) (__3ZAZZL),__3ZAZZL,01 - Non intersection,03 - P.D. only,07 - SMV other,01 - Clear,07 - Dark,01 - Dry,10 - No control,,1,0,0,0,,0,,,,,372522.7769,5033200.619,45.43545823,-75.63441645,12753
16--8366,2016/08/08,1:00 PM,MCRAE AVE @ SCOTT ST (0006868),6868,03 - At intersection,03 - P.D. only,02 - Angle,01 - Clear,01 - Daylight,01 - Dry,02 - Stop sign,01 - Functioning,2,0,0,0,,0,,,,,363456.4381,5028811.478,45.39678495,-75.75080752,12754
16--8367,2016/08/08,1:12 PM,CAMPEAU DR @ TERRY FOX DR (0008211),8211,03 - At intersection,03 - P.D. only,05 - Turning movement,01 - Clear,01 - Daylight,01 - Dry,01 - Traffic signal,01 - Functioning,2,0,0,0,,0,,,,,350455.3734,5019009.546,45.30955366,-75.91775958,12755
16--8368,2016/08/08,1:22 PM,KENT ST @ LAURIER AVE (0002222),2222,02 - Intersection related,03 - P.D. only,04 - Sideswipe,01 - Clear,01 - Daylight,01 - Dry,01 - Traffic signal,01 - Functioning,2,0,0,0,,0,,,,,367316.4717,5031165.043,45.41762763,-75.70121128,12756
16--8369,2016/08/08,1:49 PM,WOODROFFE AVE btwn SERENA WAY & PAUL METIVIER DR (__49NRZ7),__49NRZ7,01 - Non intersection,03 - P.D. only,04 - Sideswipe,01 - Clear,01 - Daylight,01 - Dry,10 - No control,,2,0,0,0,,0,,,,,366324.2195,5014859.033,45.2709968,-75.71591643,12757
16--837,2016/01/18,8:31 AM,ALBION RD @ MITCH OWENS RD (0004212),4212,03 - At intersection,03 - P.D. only,01 - Approaching,03 - Snow,01 - Daylight,03 - Loose snow,01 - Traffic signal,01 - Functioning,2,0,0,0,,0,,,,,375905.5707,5014802.038,45.26958049,-75.59383121,12758
16--8370,2016/08/08,10:02 PM,CARLING AVE @ PARKDALE AVE (0008792),8792,03 - At intersection,03 - P.D. only,04 - Sideswipe,01 - Clear,07 - Dark,01 - Dry,01 - Traffic signal,01 - Functioning,2,0,0,0,,0,,,,,365625.7527,5028171.961,45.39084563,-75.7231812,12759
16--8371,2016/08/08,10:14 PM,ST. JOSEPH BLVD @ REGIONAL RD 174/TRANSITWAY (0012428),12428,02 - Intersection related,02 - Non-fatal injury,02 - Angle,01 - Clear,07 - Dark,01 - Dry,01 - Traffic signal,01 - Functioning,2,0,0,0,02 - Minor,1,,1,,,376556.9607,5035056.056,45.45174993,-75.58259033,12760
16--8372,2016/08/08,12:03 PM,FITZGERALD RD/MENTEN PL @ MOODIE DR (0009818),9818,03 - At intersection,03 - P.D. only,03 - Rear end,01 - Clear,01 - Daylight,01 - Dry,01 - Traffic signal,01 - Functioning,2,0,0,0,,0,,,,,356920.1108,5020814.617,45.32534589,-75.83513045,12761
16--8373,2016/08/08,12:15 PM,CORKSTOWN RD @ MARCH RD (0003153),3153,03 - At intersection,03 - P.D. only,03 - Rear end,01 - Clear,01 - Daylight,01 - Dry,02 - Stop sign,01 - Functioning,2,0,0,0,,0,,,,,352656.9313,5020882.577,45.32626102,-75.88950384,12762
16--8374,2016/08/08,12:32 PM,BRIARFIELD CRES btwn DEANCOURT CRES & DEANCOURT CRES (__3ZA18K),__3ZA18K,01 - Non intersection,03 - P.D. only,06 - SMV unattended vehicle,01 - Clear,01 - Daylight,01 - Dry,10 - No control,,1,0,0,0,,0,,,,,383813.341,5038335.579,45.48047336,-75.48930448,12763
16--8375,2016/08/08,12:38 PM,ST. JOSEPH BLVD/OLD MONTREAL RD @ TRIM RD (0004118),4118,03 - At intersection,03 - P.D. only,02 - Angle,01 - Clear,01 - Daylight,01 - Dry,11 - Roundabout,01 - Functioning,2,0,0,0,,0,,,,,384682.4877,5039286.381,45.48892885,-75.47803392,12764
16--8376,2016/08/08,2:17 PM,RIDEAU ST btwn NELSON ST & FRIEL ST (__3ZA3WJ),__3ZA3WJ,01 - Non intersection,03 - P.D. only,04 - Sideswipe,01 - Clear,01 - Daylight,01 - Dry,10 - No control,,2,0,1,0,,0,,,,,368680.2993,5032517.587,45.42967415,-75.68361167,12765
16--8377,2016/08/08,4:09 PM,PRINCE OF WALES DR btwn WATERBEND LANE & TURN LANE (__3ZA1H4),__3ZA1H4,01 - Non intersection,03 - P.D. only,04 - Sideswipe,01 - Clear,01 - Daylight,01 - Dry,10 - No control,,2,0,0,0,,0,,,,,367430.8113,5021712.377,45.33256464,-75.70094925,12766
16--8378,2016/08/08,4:11 PM,SMYTH RD/OTHELLO AVE @ RUSSELL RD W (0007730),7730,03 - At intersection,03 - P.D. only,02 - Angle,01 - Clear,01 - Daylight,01 - Dry,01 - Traffic signal,01 - Functioning,2,0,0,0,,0,,,,,373255.7149,5029373.634,45.4009535,-75.62558133,12767
16--8379,2016/08/08,4:29 PM,HIGHWAY 417 btwn HWY417 IC121A RAMP16 & HWY417 IC121A RAMP61 (__3ZA2YY),__3ZA2YY,01 - Non intersection,03 - P.D. only,03 - Rear end,01 - Clear,01 - Daylight,01 - Dry,10 - No control,,2,0,0,0,,0,,,,,367312.9888,5029788.783,45.40524477,-75.70143031,12768
16--838,2016/01/18,8:35 AM,OTTAWA RIVER PKWY WB btwn OTTAWA RIVER PKWY WB RAMP/CARLING AVE WB & W (__3ZA24V),__3ZA24V,01 - Non intersection,03 - P.D. only,07 - SMV other,01 - Clear,01 - Daylight,03 - Loose snow,10 - No control,,1,0,0,0,,0,,,,,361388.7397,5026973.298,45.38041537,-75.77742594,12769
16--8380,2016/08/08,4:30 PM,HIGHWAY 417 btwn HWY417 IC129 RAMP76 & HWY417 IC129 RAMP26 (__3ZA2RG),__3ZA2RG,01 - Non intersection,03 - P.D. only,03 - Rear end,01 - Clear,01 - Daylight,01 - Dry,10 - No control,,4,0,0,0,,0,,,,,360400.7883,5023506.927,45.34930421,-75.79043003,12770
16--8381,2016/08/08,4:44 PM,LAURIER AVE @ O'CONNOR ST (0002224),2224,03 - At intersection,03 - P.D. only,05 - Turning movement,01 - Clear,01 - Daylight,01 - Dry,01 - Traffic signal,01 - Functioning,2,1,0,0,,0,,,,,367636.4734,5031358.577,45.41934032,-75.69709826,12771
16--8382,2016/08/08,4:53 PM,INGLEWOOD PL @ PARKDALE AVE (0006691),6691,03 - At intersection,03 - P.D. only,03 - Rear end,01 - Clear,01 - Daylight,01 - Dry,01 - Traffic signal,01 - Functioning,2,0,0,0,,0,,,,,365568.3842,5028309.739,45.39209031,-75.72389683,12772
16--8383,2016/08/08,5:01 PM,TENTH LINE RD @ CHARLEMAGNE BLVD S/DES EPINETT (0003686),3686,02 - Intersection related,03 - P.D. only,03 - Rear end,01 - Clear,01 - Daylight,01 - Dry,01 - Traffic signal,01 - Functioning,3,0,0,0,,0,,,,,383640.9751,5036900.456,45.46758093,-75.49173924,12773
16--8384,2016/08/08,5:04 AM,RUSSELL RD btwn SPRING ST & WAY ST (__3ZA3ZK),__3ZA3ZK,01 - Non intersection,03 - P.D. only,07 - SMV other,01 - Clear,07 - Dark,01 - Dry,10 - No control,,1,0,0,0,,0,,,,,385189.3028,5026510.044,45.37392075,-75.47363691,12774
16--8385,2016/08/08,5:22 PM,CLOVER ST @ HERON RD (0006837),6837,02 - Intersection related,03 - P.D. only,03 - Rear end,01 - Clear,01 - Daylight,01 - Dry,01 - Traffic signal,01 - Functioning,2,0,0,0,,0,,,,,369292.0339,5026764.544,45.37785411,-75.67654694,12775
16--8386,2016/08/08,5:53 PM,LANARK AVE btwn BRIARWAY PRIV & METROPOLE PRIV (__4TZO9Y),__4TZO9Y,01 - Non intersection,03 - P.D. only,04 - Sideswipe,01 - Clear,01 - Daylight,01 - Dry,10 - No control,,2,0,0,0,,0,,,,,363433.2004,5029076.04,45.39916738,-75.75107286,12776
16--8387,2016/08/08,6:22 PM,KINBURN SIDE RD btwn DOMINION SPRINGS RD & UPPER DWYER HILL RD (__3ZA4SK),__3ZA4SK,01 - Non intersection,03 - P.D. only,07 - SMV other,01 - Clear,01 - Daylight,01 - Dry,10 - No control,,1,0,0,0,,0,,,,,324890.0212,5024222.591,45.35766049,-76.24357611,12777
16--8388,2016/08/08,6:45 AM,REGIONAL ROAD 174 btwn OR174 IC112 RAMP26 & OR174 IC112 RAMP61 (__3ZA2XF),__3ZA2XF,01 - Non intersection,03 - P.D. only,03 - Rear end,01 - Clear,01 - Daylight,01 - Dry,10 - No control,,2,0,0,0,,0,,,,,374855.4253,5032887.23,45.43240872,-75.60465042,12778
16--8389,2016/08/08,7:00 PM,RIVERSEDGE CRES btwn TRAILGATE ST & TRAILGATE ST (__6UQV2L),__6UQV2L,01 - Non intersection,03 - P.D. only,06 - SMV unattended vehicle,01 - Clear,01 - Daylight,01 - Dry,10 - No control,,1,0,0,0,,0,,,,,367769.3636,5015747.334,45.27886173,-75.6973882,12779
16--839,2016/01/18,8:35 PM,CARP RD btwn HWY417 IC144 RAMP25 & WESTBROOK RD (__3ZA3D3),__3ZA3D3,01 - Non intersection,03 - P.D. only,07 - SMV other,01 - Clear,07 - Dark,01 - Dry,10 - No control,,1,0,0,0,,0,,,,,347622.3071,5015567.797,45.27876205,-75.95418499,12780
16--8390,2016/08/08,7:25 AM,MACDONALD-CARTIER BR btwn RAMP & END (1) (__3ZA1QK),__3ZA1QK,07 - Overpass or bridge,02 - Non-fatal injury,04 - Sideswipe,01 - Clear,01 - Daylight,01 - Dry,10 - No control,,2,0,0,0,01 - Minimal,1,1,,,,367418.2525,5033227.443,45.43617533,-75.69964871,12781
16--8391,2016/08/08,7:26 PM,BASELINE RD/HERON RD @ PRINCE OF WALES DR (0002345),2345,02 - Intersection related,02 - Non-fatal injury,03 - Rear end,01 - Clear,01 - Daylight,01 - Dry,01 - Traffic signal,01 - Functioning,2,0,0,0,02 - Minor,1,,1,,,366873.9338,5026437.623,45.37513096,-75.70746001,12782
16--8392,2016/08/08,7:55 PM,O'TOOLE RD btwn WILHAVEN DR & INNES RD (__3ZA6J8),__3ZA6J8,01 - Non intersection,03 - P.D. only,05 - Turning movement,01 - Clear,01 - Daylight,01 - Dry,10 - No control,,2,0,0,0,,0,,,,,388904.9055,5038824.466,45.48427704,-75.42410345,12783
16--8393,2016/08/08,8:02 PM,PLACE D'ORLEANS DR btwn OR174 IC102 RAMP51 & ST. JOSEPH BLVD (2) (__3ZA1V5B),__3ZA1V5B,01 - Non intersection,02 - Non-fatal injury,07 - SMV other,01 - Clear,05 - Dusk,01 - Dry,10 - No control,,1,0,1,0,03 - Major,1,,,1,,381475.2726,5037850.699,45.47637152,-75.51928299,12784
16--8394,2016/08/08,9:30 PM,CASTLEFRANK RD btwn SHELDRAKE DR & GLAMORGAN DR (__3ZACL3),__3ZACL3,01 - Non intersection,03 - P.D. only,06 - SMV unattended vehicle,01 - Clear,07 - Dark,01 - Dry,10 - No control,,1,0,0,0,,0,,,,,353362.6852,5016556.18,45.2872827,-75.88092519,12785
16--8395,2016/08/08,9:47 PM,DONALD ST @ VANIER PKWY (0007644),7644,02 - Intersection related,03 - P.D. only,03 - Rear end,01 - Clear,07 - Dark,01 - Dry,01 - Traffic signal,01 - Functioning,2,0,0,0,,0,,,,,370311.9404,5032271.494,45.42730898,-75.66279429,12786
16--8396,2016/08/09,1:45 PM,KING EDWARD AVE @ ST. ANDREW ST (0011434),11434,03 - At intersection,02 - Non-fatal injury,05 - Turning movement,01 - Clear,01 - Daylight,01 - Dry,01 - Traffic signal,01 - Functioning,2,0,1,0,01 - Minimal,1,1,,,,368160.4727,5032968.128,45.43377525,-75.69019639,12787