Anom_ID,Accident_Date,Accident_Time,Location,Geo_ID,Accident_Location,Classification_of_Accident,Initial_Impact_Type,Environment_Condition,Light,Road_Surface_Condition,Traffic_Control,Traffic_Control_Condition,No__of_Vehicles,No__of_Bicycles,No__of_Motorcycles,No__of_Pedestrians,Max_Injury,No__of_Injuries,No__of_Minimal,No__of_Minor,No__of_Major,No__of_Fatal,X,Y,Latitude,Longitude,ObjectId
16--8397,2016/08/09,10:30 PM,HIGHWAY 417 btwn HWY417 IC120A RAMP52 & HWY417 IC119B RAMP57 (__3ZA2R1),__3ZA2R1,01 - Non intersection,03 - P.D. only,03 - Rear end,01 - Clear,07 - Dark,01 - Dry,10 - No control,,3,0,0,0,,0,,,,,367961.8099,5030110.599,45.40808213,-75.69310157,12788
16--8398,2016/08/09,11:05 AM,MAIN ST btwn TURN LANE & CENTENNIAL BLVD (__3ZBOEC),__3ZBOEC,01 - Non intersection,03 - P.D. only,04 - Sideswipe,01 - Clear,01 - Daylight,01 - Dry,10 - No control,,2,0,0,0,,0,,,,,369477.1441,5029425.08,45.40177568,-75.67383494,12789
16--8399,2016/08/09,11:50 AM,FERNBANK RD btwn TERRY FOX DR & Continuation of FERNBANK RD (__3ZA2LW),__3ZA2LW,01 - Non intersection,03 - P.D. only,07 - SMV other,01 - Clear,01 - Daylight,01 - Dry,10 - No control,,1,0,0,0,,0,,,,,354324.7314,5015149.151,45.27455479,-75.86880221,12790
16--84,2016/01/04,10:30 AM,ROYAL FERN WAY btwn EYE BRIGHT CRES & EYE BRIGHT CRES (__6N37AZ),__6N37AZ,01 - Non intersection,03 - P.D. only,06 - SMV unattended vehicle,01 - Clear,01 - Daylight,05 - Packed snow,10 - No control,,1,0,0,0,,0,,,,,369690.6433,5015846.715,45.27958124,-75.67288897,12791
16--840,2016/01/18,8:38 AM,REGIONAL ROAD 174 btwn OR174 IC105 RAMP35 & OR174 IC105 RAMP25 (__3ZA27E),__3ZA27E,01 - Non intersection,03 - P.D. only,04 - Sideswipe,01 - Clear,01 - Daylight,02 - Wet,10 - No control,,2,0,0,0,,0,,,,,379489.9832,5037047.418,45.4693594,-75.54479439,12792
16--8400,2016/08/09,12:37 PM,BYWARD MARKET @ YORK ST (0007624),7624,02 - Intersection related,03 - P.D. only,05 - Turning movement,01 - Clear,01 - Daylight,01 - Dry,02 - Stop sign,01 - Functioning,2,0,0,0,,0,,,,,367945.383,5032329.5,45.42804855,-75.69302705,12793
16--8401,2016/08/09,12:44 AM,RAMSAYVILLE RD @ LOUISEIZE RD (0009406),9406,03 - At intersection,03 - P.D. only,07 - SMV other,01 - Clear,07 - Dark,01 - Dry,02 - Stop sign,01 - Functioning,1,0,0,0,,0,,,,,379561.2333,5021841.347,45.33253758,-75.54618832,12794
16--8402,2016/08/09,3:00 PM,ALTA VISTA DR @ DALE AVE (0007995),7995,02 - Intersection related,02 - Non-fatal injury,03 - Rear end,01 - Clear,01 - Daylight,01 - Dry,02 - Stop sign,01 - Functioning,3,0,0,0,02 - Minor,1,,1,,,370696.5815,5030198.555,45.40862138,-75.65815655,12795
16--8403,2016/08/09,3:08 PM,MEADOWLANDS DR @ MERIVALE RD (0000625),625,02 - Intersection related,03 - P.D. only,03 - Rear end,01 - Clear,01 - Daylight,01 - Dry,01 - Traffic signal,01 - Functioning,2,0,0,0,,0,,,,,364858.4682,5023725.742,45.35090552,-75.73352005,12796
16--8404,2016/08/09,3:20 AM,HIGHWAY 7 btwn TO BE DETERMINED & RAMP (__7JQ7L1),__7JQ7L1,01 - Non intersection,03 - P.D. only,07 - SMV other,01 - Clear,07 - Dark,01 - Dry,10 - No control,,1,0,0,0,,0,,,,,345837.9628,5011402.995,45.24139176,-75.97727135,12797
16--8405,2016/08/09,3:45 PM,BASELINE RD @ MONTEREY DR (0001125),1125,03 - At intersection,03 - P.D. only,05 - Turning movement,01 - Clear,01 - Daylight,01 - Dry,01 - Traffic signal,01 - Functioning,2,0,0,0,,0,,,,,359794.3529,5022155.953,45.33719596,-75.79831888,12798
16--8406,2016/08/09,4:12 PM,LAURIER AVE   E btwn CUMBERLAND ST & COPERNICUS ST (__3ZA3VI),__3ZA3VI,01 - Non intersection,03 - P.D. only,04 - Sideswipe,01 - Clear,01 - Daylight,01 - Dry,10 - No control,,2,0,0,0,,0,,,,,368659.1206,5031986.851,45.42490072,-75.68395112,12799
16--8407,2016/08/09,4:14 PM,CASTLEFRANK RD @ HAZELDEAN RD (0003608),3608,02 - Intersection related,03 - P.D. only,03 - Rear end,01 - Clear,01 - Daylight,01 - Dry,01 - Traffic signal,01 - Functioning,2,0,0,0,,0,,,,,352677.6508,5017676.314,45.29740894,-75.88954935,12800
16--8408,2016/08/09,4:21 PM,SOMERSET ST    W btwn PRESTON ST & ROCHESTER ST (__3ZA321),__3ZA321,04 - At/near private drive,02 - Non-fatal injury,05 - Turning movement,01 - Clear,01 - Daylight,01 - Dry,10 - No control,,2,1,0,0,02 - Minor,1,,1,,,366377.5196,5030157.539,45.40864566,-75.71333323,12801
16--8409,2016/08/09,4:29 PM,INNES RD @ TRIM RD (0012870),12870,02 - Intersection related,03 - P.D. only,03 - Rear end,01 - Clear,01 - Daylight,01 - Dry,01 - Traffic signal,01 - Functioning,2,0,0,0,,0,,,,,386566.5448,5037273.556,45.47060136,-75.45426957,12802
16--841,2016/01/18,8:55 AM,CASTLEFRANK RD @ KATIMAVIK RD (0003228),3228,03 - At intersection,03 - P.D. only,02 - Angle,01 - Clear,01 - Daylight,04 - Slush,01 - Traffic signal,01 - Functioning,2,0,0,0,,0,,,,,351949.7943,5018944.614,45.30887065,-75.89870853,12803
16--8410,2016/08/09,4:31 PM,BASELINE RD @ WOODROFFE AVE (0002225),2225,03 - At intersection,02 - Non-fatal injury,04 - Sideswipe,01 - Clear,01 - Daylight,01 - Dry,01 - Traffic signal,01 - Functioning,2,1,0,0,01 - Minimal,1,1,,,,362549.4629,5023769.141,45.35148996,-75.76298054,12804
16--8411,2016/08/09,4:45 PM,HIGHWAY 417 btwn HWY417 IC122 RAMP51 & HWY417 IC122 RAMP15 (__3ZA2R0),__3ZA2R0,01 - Non intersection,03 - P.D. only,03 - Rear end,01 - Clear,01 - Daylight,01 - Dry,10 - No control,,2,0,0,0,,0,,,,,365308.8593,5028859.519,45.39705958,-75.72714362,12805
16--8412,2016/08/09,5:01 PM,HERON RD btwn PRINCE OF WALES DR & TURN LANE (1) (__5FD1E6),__5FD1E6,01 - Non intersection,03 - P.D. only,07 - SMV other,01 - Clear,01 - Daylight,01 - Dry,10 - No control,,1,0,0,0,,0,,,,,366924.7189,5026452.965,45.3752645,-75.70680973,12806
16--8413,2016/08/09,5:23 AM,CARLING AVE @ PARKDALE AVE (0008792),8792,02 - Intersection related,02 - Non-fatal injury,04 - Sideswipe,01 - Clear,07 - Dark,01 - Dry,01 - Traffic signal,01 - Functioning,2,0,0,0,02 - Minor,1,,1,,,365625.2982,5028172.87,45.39085385,-75.72318689,12807
16--8414,2016/08/09,5:24 PM,WELLINGTON ST btwn KENT ST & BANK ST (__3ZA15A),__3ZA15A,01 - Non intersection,02 - Non-fatal injury,04 - Sideswipe,01 - Clear,01 - Daylight,01 - Dry,10 - No control,,2,1,0,0,01 - Minimal,1,1,,,,367140.1978,5031553.392,45.42113761,-75.70341422,12808
16--8415,2016/08/09,5:45 PM,EAGLESON RD btwn SHATNER GT & HAZELDEAN RD (__3ZA41R),__3ZA41R,04 - At/near private drive,03 - P.D. only,02 - Angle,01 - Clear,01 - Daylight,01 - Dry,10 - No control,,2,0,0,0,,0,,,,,353668.8522,5018435.824,45.30417494,-75.87683719,12809
16--8416,2016/08/09,5:46 PM,CAHILL DR @ HUNT CLUB RD (0011394),11394,03 - At intersection,02 - Non-fatal injury,05 - Turning movement,01 - Clear,01 - Daylight,01 - Dry,01 - Traffic signal,01 - Functioning,3,0,0,0,02 - Minor,2,,2,,,372407.962,5024541.6,45.35755916,-75.63707049,12810
16--8417,2016/08/09,5:52 PM,HIGHWAY 417 btwn HWY417 IC122 RAMP15 & HWY417 IC121B RAMP51 (__3ZA2RB),__3ZA2RB,01 - Non intersection,03 - P.D. only,03 - Rear end,01 - Clear,01 - Daylight,01 - Dry,10 - No control,,4,0,0,0,,0,,,,,366563.7088,5029507.679,45.40278199,-75.71103625,12811
16--8418,2016/08/09,6:13 PM,GLADSTONE AVE @ PRESTON ST (0002212),2212,02 - Intersection related,02 - Non-fatal injury,05 - Turning movement,01 - Clear,01 - Daylight,01 - Dry,01 - Traffic signal,01 - Functioning,2,1,0,0,02 - Minor,1,,1,,,366489.4787,5029712.558,45.40463198,-75.71195874,12812
16--8419,2016/08/09,6:15 PM,VALIN ST btwn NORTHLANDS DR & VARENNES BLVD (__3ZA5VN),__3ZA5VN,04 - At/near private drive,03 - P.D. only,06 - SMV unattended vehicle,01 - Clear,01 - Daylight,01 - Dry,10 - No control,,1,0,0,0,,0,,,,,385103.1616,5037663.776,45.47428197,-75.47291827,12813
16--842,2016/01/18,9:00 AM,CUMORAH DR/RED WILLOW DR @ MAPLE RUN AVE (0003568),3568,02 - Intersection related,03 - P.D. only,07 - SMV other,03 - Snow,01 - Daylight,03 - Loose snow,02 - Stop sign,01 - Functioning,1,0,0,0,,0,,,,,380652.1994,5035116.38,45.4518602,-75.53023092,12814
16--8420,2016/08/09,6:20 PM,BLAIR PL @ OGILVIE RD (0004162),4162,02 - Intersection related,03 - P.D. only,03 - Rear end,01 - Clear,01 - Daylight,01 - Dry,01 - Traffic signal,01 - Functioning,2,0,0,0,,0,,,,,374799.9498,5033372.036,45.43677629,-75.60529041,12815
16--8421,2016/08/09,6:31 PM,JEANNE D'ARC BLVD @ ORLEANS BLVD N (0003792),3792,02 - Intersection related,03 - P.D. only,03 - Rear end,01 - Clear,01 - Daylight,01 - Dry,01 - Traffic signal,01 - Functioning,2,0,0,0,,0,,,,,380029.4099,5038105.868,45.47882459,-75.5377346,12816
16--8422,2016/08/09,9:12 PM,REGIONAL ROAD 174 btwn EAST ST & EAST SHORE RD (__3ZA27Y),__3ZA27Y,01 - Non intersection,03 - P.D. only,04 - Sideswipe,01 - Clear,07 - Dark,01 - Dry,10 - No control,,2,0,1,0,,0,,,,,390517.1131,5042719.877,45.5191271,-75.40280275,12817
16--8423,2016/08/09,9:30 PM,ST. JOSEPH BLVD @ JEANNE D'ARC BLVD (0012421),12421,03 - At intersection,03 - P.D. only,03 - Rear end,01 - Clear,07 - Dark,01 - Dry,11 - Roundabout,01 - Functioning,2,0,0,0,,0,,,,,379860.4762,5036471.847,45.46414114,-75.54014475,12818
16--8424,2016/08/09,9:54 PM,LEITRIM RD btwn HIGH RD & ALBION RD (__4B2G24),__4B2G24,01 - Non intersection,03 - P.D. only,07 - SMV other,01 - Clear,07 - Dark,01 - Dry,10 - No control,,1,0,0,0,,0,,,,,373252.4343,5020245.775,45.31882492,-75.6268874,12819
16--8425,2016/08/10,1:09 AM,ASTORIA CRES btwn STONEWAY DR & REDPATH DR (__3ZA1IV),__3ZA1IV,01 - Non intersection,03 - P.D. only,06 - SMV unattended vehicle,01 - Clear,07 - Dark,01 - Dry,10 - No control,,1,0,0,0,,0,,,,,366378.378,5016242.994,45.28344486,-75.7150546,12820
16--8426,2016/08/10,1:12 AM,CARLING AVE btwn RIFLE RD & DAVIDSON'S SIDE RD (__3ZBOCR),__3ZBOCR,01 - Non intersection,03 - P.D. only,07 - SMV other,01 - Clear,07 - Dark,01 - Dry,10 - No control,,1,0,0,0,,0,,,,,354265.0472,5023546.697,45.35012167,-75.8687245,12821
16--8427,2016/08/10,10:16 AM,BAYSHORE DR @ RICHMOND RD (0010407),10407,03 - At intersection,03 - P.D. only,02 - Angle,01 - Clear,01 - Daylight,01 - Dry,01 - Traffic signal,01 - Functioning,2,0,0,0,,0,,,,,359372.9125,5023368.98,45.3481437,-75.80356188,12822
16--8428,2016/08/10,10:16 PM,CUMMINGS AVE @ STEELE PARK PRIV (0013968),13968,03 - At intersection,02 - Non-fatal injury,05 - Turning movement,01 - Clear,07 - Dark,01 - Dry,10 - No control,,2,0,1,0,02 - Minor,1,,1,,,372626.3671,5032473.942,45.4289099,-75.63319269,12823
16--8429,2016/08/10,10:23 PM,YORK ST btwn WILLIAM ST & WILLIAM ST (__3ZBOXY),__3ZBOXY,01 - Non intersection,03 - P.D. only,06 - SMV unattended vehicle,01 - Clear,07 - Dark,01 - Dry,10 - No control,,1,0,0,0,,0,,,,,367984.8383,5032351.808,45.42824571,-75.69252002,12824
16--843,2016/01/18,9:04 AM,RIVERSIDE DR @ HERON RD (0002236),2236,02 - Intersection related,03 - P.D. only,03 - Rear end,01 - Clear,01 - Daylight,03 - Loose snow,01 - Traffic signal,01 - Functioning,2,0,0,0,,0,,,,,368121.7635,5026646.123,45.37689533,-75.69150296,12825
16--8430,2016/08/10,10:48 PM,RIDEAU ST btwn WELLINGTON ST & MACKENZIE AVE (__3ZA25K),__3ZA25K,01 - Non intersection,03 - P.D. only,04 - Sideswipe,01 - Clear,07 - Dark,01 - Dry,10 - No control,,2,0,0,0,,0,,,,,367863.6672,5032005.485,45.42514055,-75.69411273,12826
16--8431,2016/08/10,11:15 AM,ORLEANS BLVD @ NAVAN RD (0012474),12474,03 - At intersection,02 - Non-fatal injury,02 - Angle,01 - Clear,01 - Daylight,01 - Dry,02 - Stop sign,01 - Functioning,2,0,1,0,02 - Minor,1,,1,,,380597.1773,5033094.293,45.43367297,-75.53124573,12827
16--8432,2016/08/10,12:11 PM,CLEARBROOK DR/MARKETPLACE AVE @ LONGFIELDS DR (0011162),11162,03 - At intersection,03 - P.D. only,05 - Turning movement,01 - Clear,01 - Daylight,01 - Dry,01 - Traffic signal,01 - Functioning,2,0,0,0,,0,,,,,364631.203,5014953.331,45.27199137,-75.73747945,12828
16--8433,2016/08/10,12:20 PM,WOODROFFE AVE @ HWY 417 WOODROFF IC127R26/HWY4 (0002355),2355,02 - Intersection related,02 - Non-fatal injury,03 - Rear end,01 - Clear,01 - Daylight,01 - Dry,01 - Traffic signal,01 - Functioning,2,0,0,0,02 - Minor,1,,1,,,362082.9142,5024939.518,45.36205919,-75.76879869,12829
16--8434,2016/08/10,3:00 PM,MARLBOROUGH AVE btwn SOMERSET ST E & TEMPLETON ST (__3ZA7GF),__3ZA7GF,01 - Non intersection,03 - P.D. only,06 - SMV unattended vehicle,01 - Clear,01 - Daylight,01 - Dry,10 - No control,,1,0,0,0,,0,,,,,369614.7558,5031910.289,45.42412395,-75.67175051,12830
16--8435,2016/08/10,3:34 PM,HIGHWAY 417 btwn HWY417 IC124 RAMP76 & HWY417 IC124 RAMP67 (__3ZA2R7),__3ZA2R7,01 - Non intersection,03 - P.D. only,03 - Rear end,01 - Clear,01 - Daylight,01 - Dry,10 - No control,,2,0,0,0,,0,,,,,364344.7368,5027431.528,45.38429344,-75.7396292,12831
16--8436,2016/08/10,3:50 PM,HIGHWAY 417 btwn HWY417 IC117 RAMP51 & HWY417 IC117 RAMP35 (__3ZA2YN),__3ZA2YN,01 - Non intersection,03 - P.D. only,04 - Sideswipe,01 - Clear,01 - Daylight,01 - Dry,10 - No control,,2,0,0,0,,0,,,,,370658.7661,5031161.103,45.41728557,-75.65851098,12832
16--8437,2016/08/10,3:50 PM,HIGHWAY 417 btwn HWY417 IC117 RAMP51 & HWY417 IC117 RAMP35 (__3ZA2YN),__3ZA2YN,01 - Non intersection,03 - P.D. only,03 - Rear end,01 - Clear,01 - Daylight,01 - Dry,10 - No control,,2,0,0,0,,0,,,,,370782.8377,5031186.566,45.41750298,-75.65692246,12833
16--8438,2016/08/10,4:00 PM,VANIER PKWY SB btwn COVENTRY RD & HWY417 IC117 RAMP36 (__3ZA4S4),__3ZA4S4,01 - Non intersection,03 - P.D. only,03 - Rear end,01 - Clear,01 - Daylight,01 - Dry,10 - No control,,2,0,0,0,,0,,,,,370763.2907,5031474.309,45.42009382,-75.65713367,12834
16--8439,2016/08/10,4:14 PM,ST. LAURENT BLVD btwn DONALD ST & 125 N OF QUEEN MARY ST (__3ZA2CFA),__3ZA2CFA,01 - Non intersection,02 - Non-fatal injury,03 - Rear end,01 - Clear,01 - Daylight,01 - Dry,10 - No control,,4,0,0,0,01 - Minimal,1,1,,,,372136.0463,5032381.568,45.42812614,-75.63947081,12835
16--844,2016/01/18,9:05 PM,LIMERICK LANE btwn KILKENNY DR & END (__3ZAC8U),__3ZAC8U,04 - At/near private drive,03 - P.D. only,06 - SMV unattended vehicle,01 - Clear,07 - Dark,05 - Packed snow,10 - No control,,1,0,0,0,,0,,,,,338477.6791,5029856.354,45.40783415,-76.0697663,12836
16--8440,2016/08/10,4:50 PM,AARON AVE @ CARLING AVE (0002779),2779,02 - Intersection related,03 - P.D. only,03 - Rear end,01 - Clear,01 - Daylight,01 - Dry,02 - Stop sign,01 - Functioning,2,0,0,0,,0,,,,,362120.4596,5025949.535,45.37114417,-75.7682023,12837
16--8441,2016/08/10,4:58 PM,YELLOWTHROAT CRES btwn SWALLOWTAIL CRES & SWALLOWTAIL CRES (__4LKCJ6),__4LKCJ6,01 - Non intersection,03 - P.D. only,06 - SMV unattended vehicle,01 - Clear,01 - Daylight,01 - Dry,10 - No control,,1,0,0,0,,0,,,,,385726.4611,5036508.812,45.46381879,-75.46513773,12838
16--8721,2016/08/18,4:58 PM,MULVAGH AVE btwn WALGATE AVE & CHARKAY ST (__3ZAAWU),__3ZAAWU,01 - Non intersection,03 - P.D. only,06 - SMV unattended vehicle,01 - Clear,01 - Daylight,01 - Dry,10 - No control,,1,0,0,0,,0,,,,,365522.5354,5024188.176,45.35500924,-75.72498906,12839
16--8828,2016/08/22,10:00 PM,PRINCE OF WALES DR btwn STRANDHERD DR & BARNSTONE DR (__3ZA1YI),__3ZA1YI,01 - Non intersection,03 - P.D. only,04 - Sideswipe,01 - Clear,07 - Dark,01 - Dry,10 - No control,,2,0,0,0,,0,,,,,367177.7047,5014829.24,45.27065354,-75.70504414,12840
16--8722,2016/08/18,5:00 PM,MACLAREN ST @ O'CONNOR ST (0007174),7174,03 - At intersection,03 - P.D. only,02 - Angle,01 - Clear,01 - Daylight,01 - Dry,02 - Stop sign,01 - Functioning,2,0,0,0,,0,,,,,367899.0563,5030939.479,45.41554579,-75.69379707,12841
16--8723,2016/08/18,5:03 PM,LYON ST @ WELLINGTON ST (0002388),2388,02 - Intersection related,03 - P.D. only,04 - Sideswipe,01 - Clear,01 - Daylight,01 - Dry,01 - Traffic signal,01 - Functioning,2,0,0,0,,0,,,,,366934.1733,5031426.825,45.42001712,-75.70606251,12842
16--8724,2016/08/18,5:30 PM,MACKAY ST @ SUSSEX DR (0007142),7142,02 - Intersection related,03 - P.D. only,03 - Rear end,01 - Clear,01 - Daylight,01 - Dry,02 - Stop sign,00 - Unknown,2,0,0,0,,0,,,,,367921.973,5034089.602,45.44388743,-75.69310051,12843
16--8725,2016/08/18,5:57 PM,BOUNDARY RD @ MITCH OWENS RD (0001708),1708,03 - At intersection,03 - P.D. only,02 - Angle,01 - Clear,01 - Daylight,01 - Dry,02 - Stop sign,01 - Functioning,2,0,0,0,,0,,,,,388070.1407,5022157.04,45.33441986,-75.43759547,12844
16--8726,2016/08/18,6:17 PM,RIVERSIDE DR btwn HUNT CLUB RD & KIMBERWICK CRES (__3ZBOEN),__3ZBOEN,01 - Non intersection,03 - P.D. only,03 - Rear end,01 - Clear,01 - Daylight,01 - Dry,10 - No control,,3,0,0,0,,0,,,,,368059.514,5022193.837,45.33684032,-75.69286745,12845
16--8727,2016/08/18,6:23 PM,KINGHAVEN CRES btwn KINGHAVEN CRES & STONEHAVEN DR (__8OCG8Y),__8OCG8Y,04 - At/near private drive,03 - P.D. only,06 - SMV unattended vehicle,01 - Clear,01 - Daylight,01 - Dry,10 - No control,,1,0,0,0,,0,,,,,355404.363,5017113.323,45.29215194,-75.85484276,12846
16--8728,2016/08/18,6:30 PM,MONTREAL RD @ VANIER PKWY (0004630),4630,02 - Intersection related,03 - P.D. only,03 - Rear end,01 - Clear,01 - Daylight,01 - Dry,01 - Traffic signal,00 - Unknown,2,0,0,0,,0,,,,,370073.2453,5033066.931,45.43448831,-75.66573892,12847
16--8729,2016/08/18,6:44 PM,WOODROFFE AVE btwn HWY417 IC127 RAMP53 & IRIS ST (__3ZA4L2),__3ZA4L2,01 - Non intersection,03 - P.D. only,03 - Rear end,01 - Clear,01 - Daylight,01 - Dry,10 - No control,,3,0,0,0,,0,,,,,362263.6445,5024484.998,45.35795467,-75.76654475,12848
16--873,2016/01/19,5:11 PM,HIGHWAY 417 btwn HWY417 IC129 RAMP25 & HWY417 IC129 RAMP35 (__3ZAYFR),__3ZAYFR,01 - Non intersection,02 - Non-fatal injury,03 - Rear end,01 - Clear,05 - Dusk,01 - Dry,10 - No control,,4,0,0,0,02 - Minor,1,,1,,,360472.1059,5023535.179,45.34955277,-75.78951677,12849
16--8730,2016/08/18,6:46 PM,TERRY FOX DR @ PALLADIUM DR/KATIMAVIK RD (0011858),11858,02 - Intersection related,03 - P.D. only,03 - Rear end,01 - Clear,01 - Daylight,01 - Dry,01 - Traffic signal,01 - Functioning,2,0,0,0,,0,,,,,351269.718,5018180.972,45.30204452,-75.90745252,12850
16--8731,2016/08/18,7:15 AM,REGIONAL ROAD 174 btwn OR174 IC112 RAMP26 & OR174 IC112 RAMP61 (__3ZA2XF),__3ZA2XF,01 - Non intersection,02 - Non-fatal injury,03 - Rear end,01 - Clear,01 - Daylight,01 - Dry,10 - No control,,2,0,0,0,01 - Minimal,1,1,,,,374857.1114,5032887.685,45.43241264,-75.60462881,12851
16--8732,2016/08/18,7:15 AM,REGIONAL ROAD 174 btwn OR174 IC112 RAMP36 & OR174 IC112 RAMP26 (__3ZAZFK),__3ZAZFK,01 - Non intersection,03 - P.D. only,04 - Sideswipe,01 - Clear,01 - Daylight,01 - Dry,10 - No control,,2,0,0,0,,0,,,,,374731.9596,5032794.098,45.43158313,-75.60624142,12852
16--8733,2016/08/18,7:18 AM,REGIONAL ROAD 174 btwn TRANSIT & OR174 IC109 RAMP56 (__3ZAZ6U),__3ZAZ6U,01 - Non intersection,02 - Non-fatal injury,03 - Rear end,01 - Clear,01 - Daylight,01 - Dry,10 - No control,,2,0,0,0,01 - Minimal,2,2,,,,376298.5966,5034636.43,45.44800088,-75.58595407,12853
16--8734,2016/08/18,7:26 PM,ST. ANDREW ST btwn DALHOUSIE ST & CUMBERLAND ST (__3ZA7CK),__3ZA7CK,04 - At/near private drive,03 - P.D. only,04 - Sideswipe,01 - Clear,01 - Daylight,01 - Dry,10 - No control,,2,0,0,0,,0,,,,,367950.0237,5032835.837,45.43260397,-75.69290282,12854
16--8735,2016/08/18,7:31 PM,BANK ST @ ERIE AVE (0006828),6828,02 - Intersection related,03 - P.D. only,03 - Rear end,01 - Clear,01 - Daylight,01 - Dry,01 - Traffic signal,01 - Functioning,2,0,0,0,,0,,,,,370137.5222,5026479.446,45.37521056,-75.66579036,12855
16--8736,2016/08/18,7:47 AM,DEVINE RD @ FRANK KENNY RD (0012908),12908,03 - At intersection,03 - P.D. only,05 - Turning movement,01 - Clear,01 - Daylight,01 - Dry,02 - Stop sign,01 - Functioning,2,0,0,0,,0,,,,,393674.3873,5023505.181,45.34586158,-75.365865,12856
16--8737,2016/08/18,7:50 AM,BAYVIEW RD @ SCOTT ST/ALBERT ST (0005646),5646,03 - At intersection,03 - P.D. only,04 - Sideswipe,01 - Clear,01 - Daylight,01 - Dry,01 - Traffic signal,01 - Functioning,2,0,0,0,,0,,,,,365518.1185,5030071.794,45.40794923,-75.72432181,12857
16--8738,2016/08/18,7:56 PM,BASELINE RD btwn NAVAHO DR & DEERFIELD DR (__3ZA4H4),__3ZA4H4,01 - Non intersection,02 - Non-fatal injury,07 - SMV other,01 - Clear,05 - Dusk,01 - Dry,10 - No control,,1,0,1,0,02 - Minor,1,,1,,,363171.9695,5024151.293,45.35487699,-75.75499144,12858
16--8739,2016/08/18,8:00 AM,HIGHWAY 416 btwn HIGHWAY 416 & HWY416 IC57 RAMP52 (__3ZAZEK),__3ZAZEK,01 - Non intersection,02 - Non-fatal injury,03 - Rear end,01 - Clear,01 - Daylight,01 - Dry,10 - No control,,2,0,0,0,02 - Minor,1,,1,,,364708.4615,5008117.791,45.21047829,-75.73731831,12859
16--874,2016/01/19,5:19 PM,225 E OF RIVERSIDE DR / T & T SC @ HUNT CLUB RD (0013516),13516,03 - At intersection,03 - P.D. only,05 - Turning movement,03 - Snow,05 - Dusk,03 - Loose snow,01 - Traffic signal,01 - Functioning,2,0,0,0,,0,,,,,368235.6976,5022055.979,45.335584,-75.69063741,12860
16--8740,2016/08/18,8:10 AM,HIGHWAY 417 btwn HWY417 IC119A RAMP67 & HWY417 IC118 RAMP76 (__3ZA2YS),__3ZA2YS,01 - Non intersection,03 - P.D. only,03 - Rear end,01 - Clear,01 - Daylight,01 - Dry,10 - No control,,2,0,0,0,,0,,,,,368948.8431,5030718.924,45.41346586,-75.68041424,12861
16--8741,2016/08/18,9:07 AM,HUNT CLUB RD btwn RIVERSIDE DR & LINDBERGH PRIV (__4B3PLN),__4B3PLN,01 - Non intersection,03 - P.D. only,03 - Rear end,01 - Clear,01 - Daylight,01 - Dry,10 - No control,,3,0,0,0,,0,,,,,368321.1265,5022109.676,45.33605943,-75.68954065,12862
16--8742,2016/08/18,9:15 AM,ORLEANS BLVD @ ST. JOSEPH BLVD (0004144),4144,02 - Intersection related,03 - P.D. only,03 - Rear end,01 - Clear,01 - Daylight,01 - Dry,01 - Traffic signal,01 - Functioning,2,0,0,0,,0,,,,,380632.2732,5036979.787,45.46862782,-75.53019824,12863
16--8743,2016/08/19,1:14 AM,MARCH VALLEY RD @ RIDDELL DR (0003191),3191,03 - At intersection,02 - Non-fatal injury,07 - SMV other,01 - Clear,07 - Dark,01 - Dry,02 - Stop sign,01 - Functioning,1,0,0,0,02 - Minor,1,,1,,,348200.5096,5027265.762,45.38398818,-75.94578985,12864
16--8744,2016/08/19,1:26 PM,NOTRE DAME ST E @ ST. JOSEPH BLVD (0003641),3641,02 - Intersection related,03 - P.D. only,04 - Sideswipe,01 - Clear,01 - Daylight,01 - Dry,02 - Stop sign,01 - Functioning,2,0,0,0,,0,,,,,380006.5298,5036569.015,45.46499967,-75.53826245,12865
16--8745,2016/08/19,10:26 PM,ST. JOSEPH BLVD btwn ST. JEAN ST & BELCOURT BLVD (__3ZA2AP),__3ZA2AP,04 - At/near private drive,02 - Non-fatal injury,02 - Angle,01 - Clear,07 - Dark,01 - Dry,10 - No control,,2,0,1,0,01 - Minimal,1,1,,,,381099.661,5037284.852,45.47132164,-75.52417443,12866
16--8746,2016/08/19,10:57 AM,PRINCE OF WALES DR btwn HOLBORN AVE & RIDEAU GLEN DR (__3ZA27H),__3ZA27H,01 - Non intersection,02 - Non-fatal injury,01 - Approaching,01 - Clear,01 - Daylight,01 - Dry,10 - No control,,2,0,0,0,02 - Minor,1,,1,,,367454.4877,5017920.775,45.29844626,-75.70112674,12867
16--8747,2016/08/19,10:57 AM,BRONSON AVE btwn SOMERSET ST W & MACLAREN ST (__3ZBODK),__3ZBODK,01 - Non intersection,03 - P.D. only,04 - Sideswipe,01 - Clear,01 - Daylight,01 - Dry,10 - No control,,2,0,0,0,,0,,,,,366987.0155,5030430.469,45.41104751,-75.7055131,12868
16--8748,2016/08/19,11:06 AM,FISHER AVE @ PRINCE OF WALES DR (0000572),572,03 - At intersection,03 - P.D. only,05 - Turning movement,01 - Clear,01 - Daylight,01 - Dry,01 - Traffic signal,01 - Functioning,2,0,0,0,,0,,,,,367161.023,5023942.511,45.352655,-75.70410978,12869
16--8749,2016/08/19,11:14 AM,MCCORDICK RD @ ROGER STEVENS DR (0003719),3719,03 - At intersection,02 - Non-fatal injury,02 - Angle,01 - Clear,01 - Daylight,01 - Dry,02 - Stop sign,01 - Functioning,2,0,0,0,03 - Major,1,,,1,,364687.1938,4998311.166,45.12223846,-75.73876529,12870