Anom_ID,Accident_Date,Accident_Time,Location,Geo_ID,Accident_Location,Classification_of_Accident,Initial_Impact_Type,Environment_Condition,Light,Road_Surface_Condition,Traffic_Control,Traffic_Control_Condition,No__of_Vehicles,No__of_Bicycles,No__of_Motorcycles,No__of_Pedestrians,Max_Injury,No__of_Injuries,No__of_Minimal,No__of_Minor,No__of_Major,No__of_Fatal,X,Y,Latitude,Longitude,ObjectId
16--875,2016/01/19,5:20 PM,MOODIE DR @ WEST HUNT CLUB RD (0010414),10414,02 - Intersection related,02 - Non-fatal injury,03 - Rear end,01 - Clear,05 - Dusk,02 - Wet,01 - Traffic signal,01 - Functioning,2,0,0,0,02 - Minor,1,,1,,,357910.0161,5018495.989,45.30440844,-75.82275217,12871
16--8750,2016/08/19,11:27 PM,KING EDWARD AVE @ ST. PATRICK ST (0002714),2714,02 - Intersection related,03 - P.D. only,02 - Angle,01 - Clear,07 - Dark,01 - Dry,01 - Traffic signal,00 - Unknown,2,0,0,0,,0,,,,,368248.7013,5032824.003,45.43247046,-75.68908744,12872
16--8751,2016/08/19,11:41 AM,GREENBANK RD @ MALVERN DR/FOXFIELD DR (0009821),9821,02 - Intersection related,02 - Non-fatal injury,03 - Rear end,01 - Clear,01 - Daylight,01 - Dry,01 - Traffic signal,01 - Functioning,2,0,0,0,01 - Minimal,1,1,,,,363311.9137,5016194.433,45.28326984,-75.75414543,12873
16--8752,2016/08/19,11:44 AM,MONTREAL RD btwn MONTGOMERY ST & PALACE ST (__3ZA3KD),__3ZA3KD,04 - At/near private drive,03 - P.D. only,02 - Angle,01 - Clear,01 - Daylight,01 - Dry,10 - No control,,2,0,0,0,,0,,,,,369844.1425,5032937.284,45.43334314,-75.66868391,12874
16--8753,2016/08/19,12:09 PM,ALPINE AVE @ CARLING AVE (0011382),11382,03 - At intersection,03 - P.D. only,02 - Angle,01 - Clear,01 - Daylight,01 - Dry,01 - Traffic signal,01 - Functioning,2,0,0,0,,0,,,,,360496.4575,5024942.738,45.36221601,-75.78904744,12875
16--8754,2016/08/19,12:16 AM,MERIVALE RD @ MORISSET AVE (0002729),2729,03 - At intersection,02 - Non-fatal injury,07 - SMV other,01 - Clear,07 - Dark,01 - Dry,02 - Stop sign,01 - Functioning,1,0,0,1,02 - Minor,1,,1,,,364865.5289,5026493.309,45.37580705,-75.73309355,12876
16--8755,2016/08/19,3:05 AM,GOULBOURN FORCED RD btwn KANATA ROCKERIES PRIV & KANATA AVE (__3ZA2H6),__3ZA2H6,01 - Non intersection,02 - Non-fatal injury,07 - SMV other,01 - Clear,07 - Dark,01 - Dry,10 - No control,,1,0,0,0,02 - Minor,1,,1,,,349601.8882,5020593.2,45.32385878,-75.92850025,12877
16--8756,2016/08/19,3:10 PM,HIGHWAY 417 btwn HWY417 IC124 RAMP57 & HWY417 IC124 RAMP55 (__3ZA2Y1),__3ZA2Y1,01 - Non intersection,03 - P.D. only,03 - Rear end,01 - Clear,01 - Daylight,01 - Dry,10 - No control,,2,0,0,0,,0,,,,,364449.984,5027532.67,45.38519454,-75.73827311,12878
16--8757,2016/08/19,3:40 PM,BANK ST @ HERON RD (0002155),2155,03 - At intersection,03 - P.D. only,05 - Turning movement,01 - Clear,01 - Daylight,01 - Dry,01 - Traffic signal,01 - Functioning,2,0,0,0,,0,,,,,369995.9473,5026851.997,45.37857584,-75.66754857,12879
16--8758,2016/08/19,3:44 PM,HWY 417 MAITLAND IC126R26/62 @ MAITLAND AVE (0008228),8228,03 - At intersection,03 - P.D. only,05 - Turning movement,01 - Clear,01 - Daylight,01 - Dry,01 - Traffic signal,01 - Functioning,2,0,0,0,,0,,,,,363145.2321,5025983.47,45.37136494,-75.75511634,12880
16--8759,2016/08/19,3:45 PM,RICHMOND RD btwn WINSTON AVE & CHURCHILL AVE N (__3ZA4OS),__3ZA4OS,04 - At/near private drive,03 - P.D. only,02 - Angle,02 - Rain,01 - Daylight,02 - Wet,10 - No control,,2,0,0,0,,0,,,,,363143.2517,5028236.664,45.39163903,-75.75487535,12881
16--876,2016/01/19,5:25 PM,HIGHWAY 417 btwn HWY417 IC112 RAMP66 & HWY417 IC112 RAMP56 (__3ZA283),__3ZA283,01 - Non intersection,03 - P.D. only,07 - SMV other,01 - Clear,05 - Dusk,01 - Dry,10 - No control,,1,0,0,0,,0,,,,,374464.0657,5030864.297,45.41424654,-75.60993769,12882
16--8760,2016/08/19,4:15 PM,HIGHWAY 417 btwn HWY417 IC117 RAMP25 & HWY417 IC115 RAMP51 (__3ZA2R3),__3ZA2R3,01 - Non intersection,03 - P.D. only,04 - Sideswipe,01 - Clear,01 - Daylight,01 - Dry,10 - No control,,2,0,0,0,,0,,,,,371510.685,5031396.675,45.41932444,-75.64759517,12883
16--8761,2016/08/19,4:30 PM,FALLOWFIELD RD btwn MOODIE DR & HWY416 IC66 RAMP53 (__3ZA4Y6),__3ZA4Y6,01 - Non intersection,03 - P.D. only,03 - Rear end,01 - Clear,01 - Daylight,01 - Dry,10 - No control,,3,0,0,0,,0,,,,,359598.5769,5014663.187,45.2697908,-75.80164491,12884
16--8762,2016/08/19,4:36 PM,CARLING AVE @ KIRKWOOD AVE N (0002358),2358,03 - At intersection,03 - P.D. only,04 - Sideswipe,01 - Clear,01 - Daylight,01 - Dry,01 - Traffic signal,01 - Functioning,2,0,0,0,,0,,,,,364274.6423,5027492.763,45.38485037,-75.74051683,12885
16--8763,2016/08/19,5:11 PM,BOOTH ST @ SIR JOHN A. MACDONALD PKWY/WELLINGTON ST (0012252),12252,02 - Intersection related,03 - P.D. only,03 - Rear end,01 - Clear,01 - Daylight,01 - Dry,01 - Traffic signal,01 - Functioning,2,0,0,0,,0,,,,,366264.3945,5031006.961,45.41629847,-75.71467237,12886
16--8764,2016/08/19,6:15 PM,HIGHWAY 417 btwn HWY417 IC120B RAMP36 & HWY417 IC119B RAMP76 (__3ZA2YU),__3ZA2YU,01 - Non intersection,03 - P.D. only,07 - SMV other,01 - Clear,01 - Daylight,01 - Dry,10 - No control,,1,0,0,0,,0,,,,,367747.6996,5029996.477,45.40707458,-75.69585115,12887
16--8765,2016/08/19,6:28 AM,KATIMAVIK RD @ WHITNEY DR (0012110),12110,02 - Intersection related,03 - P.D. only,03 - Rear end,01 - Clear,01 - Daylight,01 - Dry,01 - Traffic signal,01 - Functioning,3,0,0,0,,0,,,,,352356.0154,5019381.264,45.31277233,-75.89348646,12888
16--8766,2016/08/19,6:46 AM,ALBION RD @ HUNT CLUB RD (0006974),6974,03 - At intersection,03 - P.D. only,02 - Angle,01 - Clear,01 - Daylight,01 - Dry,01 - Traffic signal,01 - Functioning,2,0,0,0,,0,,,,,371867.7102,5024320.458,45.35562129,-75.64399534,12889
16--8767,2016/08/19,6:46 PM,ISLAND PARK DR @ BYNG DR (0011371),11371,02 - Intersection related,03 - P.D. only,03 - Rear end,01 - Clear,01 - Daylight,01 - Dry,02 - Stop sign,00 - Unknown,4,0,0,0,,0,,,,,364829.9209,5028095.918,45.39023008,-75.73335327,12890
16--8768,2016/08/19,7:15 AM,MAPLE GROVE RD btwn LEVECHE WAY & HUNTMAR DR (__3ZACVG),__3ZACVG,01 - Non intersection,03 - P.D. only,04 - Sideswipe,01 - Clear,01 - Daylight,01 - Dry,10 - No control,,2,0,0,0,,0,,,,,350228.5141,5016677.09,45.28858025,-75.92086626,12891
16--8769,2016/08/19,7:48 PM,GROSVENOR AVE btwn AYLMER AVE & WOODBINE PL (__3ZAZB6),__3ZAZB6,01 - Non intersection,03 - P.D. only,06 - SMV unattended vehicle,01 - Clear,01 - Daylight,01 - Dry,10 - No control,,1,0,0,0,,0,,,,,368455.1916,5028547.802,45.39397587,-75.68700091,12892
16--877,2016/01/19,5:28 PM,VANIER PKWY/CRICHTON ST @ BEECHWOOD AVE/ST. PA (0001604),1604,02 - Intersection related,03 - P.D. only,03 - Rear end,01 - Clear,05 - Dusk,02 - Wet,01 - Traffic signal,01 - Functioning,2,0,0,0,,0,,,,,369127.7389,5033487.073,45.4383562,-75.67776732,12893
16--8770,2016/08/19,8:04 AM,FALLOWFIELD RD @ GREENBANK RD (0000549),549,03 - At intersection,03 - P.D. only,05 - Turning movement,01 - Clear,01 - Daylight,01 - Dry,01 - Traffic signal,01 - Functioning,3,0,0,0,,0,,,,,363081.0663,5016731.674,45.28812313,-75.7570247,12894
16--8771,2016/08/19,8:20 AM,HUNT CLUB RD @ RIVERSIDE DR (0002237),2237,02 - Intersection related,03 - P.D. only,04 - Sideswipe,01 - Clear,01 - Daylight,01 - Dry,01 - Traffic signal,01 - Functioning,2,0,0,0,,0,,,,,368035.6053,5021944.401,45.3345981,-75.69320434,12895
16--8772,2016/08/19,8:45 AM,LEIKIN DR btwn BECKSTEAD RD & BILL LEATHEM DR (__3ZA105),__3ZA105,04 - At/near private drive,02 - Non-fatal injury,05 - Turning movement,01 - Clear,01 - Daylight,01 - Dry,10 - No control,,2,0,0,0,02 - Minor,1,,1,,,367088.8214,5017885.645,45.29816267,-75.70579312,12896
16--8773,2016/08/19,9:18 PM,THOMAS A. DOLAN PKWY btwn TORWOOD DR & STONERIDGE RD (__3ZAC2A),__3ZAC2A,01 - Non intersection,03 - P.D. only,07 - SMV other,01 - Clear,07 - Dark,01 - Dry,10 - No control,,1,0,0,0,,0,,,,,346133.0919,5034851.31,45.45236936,-75.97155262,12897
16--8774,2016/08/20,1:08 PM,RIVERSIDE DR @ PLEASANT PARK RD (0007296),7296,02 - Intersection related,03 - P.D. only,03 - Rear end,01 - Clear,01 - Daylight,01 - Dry,01 - Traffic signal,01 - Functioning,2,0,0,0,,0,,,,,369561.251,5028415.428,45.3926834,-75.67289325,12898
16--8775,2016/08/20,1:41 PM,GLADSTONE AVE @ O'CONNOR ST (0002710),2710,02 - Intersection related,03 - P.D. only,04 - Sideswipe,01 - Clear,01 - Daylight,01 - Dry,01 - Traffic signal,01 - Functioning,2,0,0,0,,0,,,,,368073.6135,5030658.789,45.41300447,-75.69160304,12899
16--8776,2016/08/20,10:23 AM,BRIDLE PATH DR btwn CAROUSEL CRES & ALBION RD (__3ZAZGX),__3ZAZGX,01 - Non intersection,03 - P.D. only,05 - Turning movement,01 - Clear,01 - Daylight,01 - Dry,10 - No control,,2,0,0,0,,0,,,,,372011.9704,5023711.243,45.35012597,-75.64223712,12900
16--8777,2016/08/20,10:32 PM,HIGHWAY 417 btwn HWY417 IC131 RAMP66 & HWY417 IC130 RAMP26 (__3ZA29A),__3ZA29A,01 - Non intersection,03 - P.D. only,03 - Rear end,01 - Clear,07 - Dark,01 - Dry,10 - No control,,2,0,0,0,,0,,,,,359183.8245,5023075.644,45.34551895,-75.80600703,12901
16--8778,2016/08/20,11:07 AM,HUNT CLUB RD @ PAUL ANKA DR (0008224),8224,02 - Intersection related,03 - P.D. only,03 - Rear end,01 - Clear,01 - Daylight,01 - Dry,01 - Traffic signal,01 - Functioning,2,0,0,0,,0,,,,,369778.7962,5022896.687,45.34300727,-75.67084098,12902
16--8779,2016/08/20,Unknown,BYRON AVE btwn COMPTON AVE & WOODROFFE AVE (__3ZAADP),__3ZAADP,01 - Non intersection,03 - P.D. only,06 - SMV unattended vehicle,01 - Clear,00 - Unknown,01 - Dry,10 - No control,,1,0,0,0,,0,,,,,361584.2766,5026606.813,45.37710195,-75.7749715,12903
16--878,2016/01/19,5:35 PM,HWY417 IC131 RAMP55 btwn HIGHWAY 417 & HWY416 IC75B RAMP25 (__3ZAYG7),__3ZAYG7,01 - Non intersection,03 - P.D. only,03 - Rear end,01 - Clear,05 - Dusk,01 - Dry,10 - No control,,2,0,0,0,,0,,,,,358684.5341,5022910.777,45.344074,-75.81239598,12904
16--8780,2016/08/20,12:21 PM,RICHMOND RD btwn FRASER AVE & BROADVIEW AVE (__3ZA303),__3ZA303,01 - Non intersection,03 - P.D. only,04 - Sideswipe,01 - Clear,01 - Daylight,01 - Dry,10 - No control,,2,0,0,0,,0,,,,,362672.8863,5027859.623,45.3882855,-75.76092628,12905
16--8781,2016/08/20,12:30 PM,MERIVALE RD @ WEST HUNT CLUB RD (0000584),584,02 - Intersection related,03 - P.D. only,03 - Rear end,01 - Clear,01 - Daylight,01 - Dry,01 - Traffic signal,01 - Functioning,3,0,0,0,,0,,,,,365611.0888,5021943.301,45.33480251,-75.72413493,12906
16--8782,2016/08/20,12:57 AM,MARCH RD btwn SOLANDT RD & STATION RD (__3ZA3CD),__3ZA3CD,01 - Non intersection,03 - P.D. only,03 - Rear end,01 - Clear,07 - Dark,01 - Dry,10 - No control,,2,0,0,0,,0,,,,,350535.5176,5022658.23,45.34238019,-75.91640052,12907
16--8783,2016/08/20,2:23 PM,HIGHWAY 417 btwn HWY417 IC144 RAMP35 & HWY417 IC144 RAMP25 (__3ZA2QT),__3ZA2QT,01 - Non intersection,03 - P.D. only,04 - Sideswipe,01 - Clear,01 - Daylight,01 - Dry,10 - No control,,2,0,0,0,,0,,,,,347437.0007,5015843.921,45.28125799,-75.95652308,12908
16--8784,2016/08/20,2:25 AM,FALLOWFIELD RD btwn EAGLESON RD & RICHMOND RD (__3ZA4Y2),__3ZA4Y2,01 - Non intersection,02 - Non-fatal injury,07 - SMV other,01 - Clear,07 - Dark,01 - Dry,10 - No control,,1,0,0,0,01 - Minimal,1,1,,,,356896.2518,5013047.624,45.255459,-75.83625049,12909
16--8785,2016/08/20,2:25 PM,DATA CENTRE RD @ HERON RD (0007176),7176,02 - Intersection related,03 - P.D. only,03 - Rear end,01 - Clear,01 - Daylight,01 - Dry,02 - Stop sign,00 - Unknown,2,0,0,0,,0,,,,,368941.725,5026732.808,45.37760072,-75.68102344,12910
16--8786,2016/08/20,2:40 AM,LEITRIM RD @ LIMEBANK RD (0012318),12318,02 - Intersection related,03 - P.D. only,07 - SMV other,01 - Clear,07 - Dark,01 - Dry,01 - Traffic signal,01 - Functioning,1,0,0,0,,0,,,,,369321.6182,5017960.093,45.29863104,-75.67731729,12911
16--8787,2016/08/20,2:41 AM,BANK ST btwn MASON ST & MEADOW DR (__3ZA28O),__3ZA28O,01 - Non intersection,02 - Non-fatal injury,06 - SMV unattended vehicle,01 - Clear,07 - Dark,01 - Dry,10 - No control,,1,0,0,0,02 - Minor,1,,1,,,377975.4283,5015454.108,45.27523523,-75.56736032,12912
16--8788,2016/08/20,3:00 AM,MUNSTER RD btwn FRANKTOWN RD & JOCK TR (__3ZACT8),__3ZACT8,01 - Non intersection,03 - P.D. only,07 - SMV other,01 - Clear,07 - Dark,01 - Dry,10 - No control,,1,0,0,0,,0,,,,,350749.2497,5000738.675,45.14512595,-75.91569884,12913
16--8789,2016/08/20,3:00 PM,BANK ST btwn CHAMBERLAIN AVE S & PRETORIA AVE (__3ZA3PL),__3ZA3PL,01 - Non intersection,03 - P.D. only,04 - Sideswipe,01 - Clear,01 - Daylight,01 - Dry,10 - No control,,2,0,0,0,,0,,,,,368104.7142,5030113.813,45.40809813,-75.69127572,12914
16--879,2016/01/19,5:55 AM,DONNELLY DR btwn JOE DREW LANE & WEEDMARK RD (__3ZAZAZ),__3ZAZAZ,01 - Non intersection,03 - P.D. only,07 - SMV other,01 - Clear,07 - Dark,05 - Packed snow,10 - No control,,1,0,0,0,,0,,,,,362420.391,4984192.815,44.99538433,-75.76919673,12915
16--8790,2016/08/20,5:10 PM,RIDGEWOOD AVE @ RIVERSIDE DR (0007180),7180,03 - At intersection,03 - P.D. only,07 - SMV other,01 - Clear,01 - Daylight,01 - Dry,01 - Traffic signal,01 - Functioning,1,0,0,0,,0,,,,,368280.2395,5025610.089,45.36755903,-75.68961288,12916
16--8791,2016/08/20,5:15 PM,FIFTH AVE @ QUEEN ELIZABETH DRWY (0006908),6908,03 - At intersection,03 - P.D. only,07 - SMV other,01 - Clear,01 - Daylight,01 - Dry,01 - Traffic signal,01 - Functioning,1,0,0,0,,0,,,,,368835.2674,5029657.653,45.4039273,-75.68200302,12917
16--8792,2016/08/20,5:20 PM,CLEGG ST @ COLONEL BY DR (0008785),8785,02 - Intersection related,02 - Non-fatal injury,02 - Angle,01 - Clear,01 - Daylight,01 - Dry,01 - Traffic signal,01 - Functioning,2,0,0,0,02 - Minor,1,,1,,,368966.9464,5029742.531,45.40467895,-75.68031006,12918
16--8793,2016/08/20,6:22 PM,BASELINE RD btwn COLLEGE SQUARE SC & WOODROFFE AVE (__3ZAZDQA),__3ZAZDQA,01 - Non intersection,03 - P.D. only,03 - Rear end,01 - Clear,01 - Daylight,01 - Dry,10 - No control,,2,0,0,0,,0,,,,,362558.2578,5023775.592,45.35154728,-75.76286755,12919
16--8794,2016/08/20,6:45 AM,ST. PATRICK ST/ST. ANDREW ST @ BEAUSOLEIL DR (0007780),7780,02 - Intersection related,02 - Non-fatal injury,07 - SMV other,01 - Clear,01 - Daylight,01 - Dry,01 - Traffic signal,01 - Functioning,1,0,1,0,03 - Major,2,,1,1,,368427.2646,5033069.333,45.43466163,-75.68677382,12920
16--8795,2016/08/20,6:59 PM,ST. JOSEPH BLVD @ JEANNE D'ARC BLVD (0012421),12421,03 - At intersection,03 - P.D. only,04 - Sideswipe,01 - Clear,01 - Daylight,01 - Dry,11 - Roundabout,01 - Functioning,2,0,0,0,,0,,,,,379861.9144,5036471.581,45.46413859,-75.5401264,12921
16--8796,2016/08/20,8:39 PM,CRESTWAY DR @ STRANDHERD DR (0010538),10538,03 - At intersection,03 - P.D. only,05 - Turning movement,01 - Clear,07 - Dark,01 - Dry,01 - Traffic signal,01 - Functioning,2,0,0,0,,0,,,,,366347.1301,5015472.043,45.27651063,-75.71554849,12922
16--8797,2016/08/20,8:51 AM,HIGHWAY 417 btwn HWY417 IC119B RAMP76 & HWY417 IC119A RAMP67 (__3ZA2YT),__3ZA2YT,01 - Non intersection,03 - P.D. only,04 - Sideswipe,01 - Clear,01 - Daylight,01 - Dry,10 - No control,,2,0,0,0,,0,,,,,368566.3958,5030520.374,45.41171432,-75.6853257,12923
16--8798,2016/08/20,9:22 PM,UPPER DWYER HILL RD btwn CARROLL SIDE RD & MARCH RD (__3ZA4QC),__3ZA4QC,01 - Non intersection,03 - P.D. only,07 - SMV other,01 - Clear,07 - Dark,01 - Dry,10 - No control,,1,0,0,0,,0,,,,,333378.3339,5015047.513,45.27480354,-76.13576465,12924
16--8799,2016/08/20,9:35 PM,INNES RD @ ORCHARDVIEW AVE/ESPRIT DR (0012279),12279,02 - Intersection related,02 - Non-fatal injury,03 - Rear end,01 - Clear,07 - Dark,01 - Dry,01 - Traffic signal,01 - Functioning,2,0,0,0,01 - Minimal,1,1,,,,384843.6937,5036560.292,45.46438367,-75.47641608,12925
16--88,2016/01/04,11:23 AM,CHURCHILL AVE   N btwn RICHMOND RD & DANFORTH AVE (__3ZBOGA),__3ZBOGA,01 - Non intersection,03 - P.D. only,04 - Sideswipe,01 - Clear,01 - Daylight,03 - Loose snow,10 - No control,,2,0,0,0,,0,,,,,363232.731,5028281.071,45.39203114,-75.75372741,12926
16--880,2016/01/19,5:55 PM,HIGHWAY 417 btwn HWY417 IC129 RAMP76 & HWY417 IC129 RAMP26 (__3ZA2RG),__3ZA2RG,01 - Non intersection,03 - P.D. only,03 - Rear end,01 - Clear,"08 - Dark, artificial",01 - Dry,10 - No control,,2,0,0,0,,0,,,,,360444.5892,5023548.938,45.34967875,-75.78986636,12927
16--8800,2016/08/20,9:38 PM,RICHARDSON SIDE RD @ TERRY FOX DR (0013651),13651,02 - Intersection related,03 - P.D. only,03 - Rear end,01 - Clear,07 - Dark,01 - Dry,01 - Traffic signal,01 - Functioning,2,0,0,0,,0,,,,,348803.086,5019506.072,45.31412702,-75.93878598,12928
16--8801,2016/08/20,9:56 AM,FOURTH LINE RD @ PRINCE OF WALES DR (0011873),11873,03 - At intersection,02 - Non-fatal injury,02 - Angle,01 - Clear,01 - Daylight,01 - Dry,02 - Stop sign,01 - Functioning,2,0,0,0,02 - Minor,2,1,1,,,366274.4363,4999562.058,45.13335797,-75.71843778,12929
16--8829,2016/08/22,10:28 AM,GREENBANK RD @ STRANDHERD DR (0005563),5563,02 - Intersection related,03 - P.D. only,03 - Rear end,01 - Clear,01 - Daylight,01 - Dry,01 - Traffic signal,01 - Functioning,2,0,0,0,,0,,,,,363932.0775,5014784.149,45.2705282,-75.74640884,12930
16--883,2016/01/19,6:20 PM,HIGHWAY 417 btwn HWY417 IC121A RAMP51 & HWY417 IC120A RAMP52 (__3ZA2R6),__3ZA2R6,01 - Non intersection,03 - P.D. only,03 - Rear end,01 - Clear,07 - Dark,02 - Wet,10 - No control,,2,0,0,0,,0,,,,,367283.3139,5029740.525,45.40481321,-75.70181547,12931
16--8830,2016/08/22,11:45 PM,BLAIR RD @ INNES RD (0004165),4165,02 - Intersection related,03 - P.D. only,03 - Rear end,01 - Clear,07 - Dark,01 - Dry,01 - Traffic signal,01 - Functioning,2,0,0,0,,0,,,,,375578.7349,5031439.287,45.41930812,-75.59561532,12932
16--8831,2016/08/22,12:05 PM,ISLAND PARK DR btwn BYRON AVE & IONA ST (__3ZA233),__3ZA233,01 - Non intersection,03 - P.D. only,01 - Approaching,01 - Clear,01 - Daylight,00 - Unknown,10 - No control,,2,0,0,0,,0,,,,,364282.9523,5028540.856,45.39428022,-75.74028439,12933
16--8832,2016/08/22,12:06 AM,PLACE D'ORLEANS DR @ PLACE D'ORLEANS SC S (0009227),9227,02 - Intersection related,03 - P.D. only,02 - Angle,01 - Clear,07 - Dark,01 - Dry,01 - Traffic signal,01 - Functioning,2,0,0,0,,0,,,,,381501.2528,5037817.16,45.47606691,-75.51895597,12934
16--8833,2016/08/22,2:29 AM,BANK ST btwn CHAMBERLAIN AVE N/ISABELLA ST & CHAMBERLAIN AVE S (__6BWPMY),__6BWPMY,01 - Non intersection,03 - P.D. only,07 - SMV other,01 - Clear,07 - Dark,01 - Dry,10 - No control,,1,0,0,0,,0,,,,,368094.5672,5030135.388,45.40829318,-75.69140257,12935
16--8834,2016/08/22,2:40 PM,TERRY FOX DR @ PALLADIUM DR/KATIMAVIK RD (0011858),11858,02 - Intersection related,03 - P.D. only,03 - Rear end,01 - Clear,01 - Daylight,01 - Dry,01 - Traffic signal,01 - Functioning,2,0,0,0,,0,,,,,351269.4985,5018181.117,45.30204584,-75.90745531,12936
16--8835,2016/08/22,2:59 PM,BANK ST @ HERON RD (0002155),2155,02 - Intersection related,03 - P.D. only,03 - Rear end,01 - Clear,01 - Daylight,01 - Dry,01 - Traffic signal,01 - Functioning,2,0,0,0,,0,,,,,369994.6491,5026851.81,45.37857428,-75.66756516,12937
16--8836,2016/08/22,3:29 PM,HIGHWAY 417 btwn HWY417 IC119A RAMP75 & HWY417 IC118 RAMP57 (__3ZA2R2),__3ZA2R2,01 - Non intersection,02 - Non-fatal injury,03 - Rear end,01 - Clear,01 - Daylight,01 - Dry,10 - No control,,2,0,0,0,02 - Minor,1,,1,,,368962.2211,5030703.539,45.4133262,-75.68024534,12938
16--8837,2016/08/22,3:37 PM,BOOTH ST btwn PROVINCIAL BOUNDARY & 208 N OF MIDDLE ST/E.B. EDDY N (__3ZBPMPA),__3ZBPMPA,01 - Non intersection,02 - Non-fatal injury,05 - Turning movement,01 - Clear,01 - Daylight,01 - Dry,10 - No control,,2,0,0,0,02 - Minor,1,,1,,,365990.4919,5031513.603,45.4208811,-75.71810876,12939
16--8838,2016/08/22,4:44 PM,MERIVALE RD/LOTTA AVE @ CLYDE AVE (0001112),1112,02 - Intersection related,03 - P.D. only,03 - Rear end,01 - Clear,01 - Daylight,01 - Dry,01 - Traffic signal,01 - Functioning,2,0,0,0,,0,,,,,364523.2795,5024508.433,45.35797669,-75.73770288,12940
16--8839,2016/08/22,4:58 PM,CHAMPLAIN BRIDGE/ISLAND PARK DR btwn BATE ISLAND & PROVINCIAL BOUNDARY (__3ZA2ZEA),__3ZA2ZEA,01 - Non intersection,02 - Non-fatal injury,03 - Rear end,01 - Clear,01 - Daylight,01 - Dry,10 - No control,,2,0,0,0,02 - Minor,1,,1,,,362765.8785,5030240.342,45.40969914,-75.75945903,12941
16--884,2016/01/19,6:21 PM,BLACKBURN BYPASS WB btwn 1700 W OF NAVAN RD & INNES RD W (__3ZA3J5A),__3ZA3J5A,01 - Non intersection,03 - P.D. only,03 - Rear end,01 - Clear,07 - Dark,01 - Dry,10 - No control,,2,0,0,0,,0,,,,,377269.4495,5032169.795,45.4257077,-75.57390733,12942
16--8840,2016/08/22,5:00 PM,HIGHWAY 417 btwn HWY417 IC115 RAMP51 & HWY417 IC115 RAMP35 (__3ZAZEB),__3ZAZEB,01 - Non intersection,03 - P.D. only,03 - Rear end,01 - Clear,01 - Daylight,01 - Dry,10 - No control,,2,0,0,0,,0,,,,,372376.9368,5031490.83,45.42008847,-75.63651487,12943
16--8841,2016/08/22,5:20 PM,HIGHWAY 417 btwn HWY417 IC138 RAMP61 & HWY417 IC134 RAMP36 (__3ZA20I),__3ZA20I,01 - Non intersection,03 - P.D. only,04 - Sideswipe,01 - Clear,01 - Daylight,01 - Dry,10 - No control,,2,0,0,0,,0,,,,,355729.436,5021876.812,45.33499105,-75.850209,12944
16--8842,2016/08/22,5:45 PM,CHURCHILL AVE   N btwn PRINCETON AVE & AVONDALE AVE (__3ZBOD5),__3ZBOD5,04 - At/near private drive,03 - P.D. only,99 - Other,01 - Clear,01 - Daylight,01 - Dry,10 - No control,,2,0,0,0,,0,,,,,363497.704,5027664.004,45.38645671,-75.750417,12945
16--8843,2016/08/22,6:08 PM,IONA ST @ ISLAND PARK DR (0006683),6683,03 - At intersection,03 - P.D. only,02 - Angle,01 - Clear,01 - Daylight,01 - Dry,01 - Traffic signal,01 - Functioning,2,0,0,0,,0,,,,,364349.2415,5028384.91,45.39287141,-75.73945664,12946
16--8844,2016/08/22,6:30 AM,DUNHAM ST btwn CORLISS ST & CLAVER ST (__3ZA7VF),__3ZA7VF,01 - Non intersection,03 - P.D. only,06 - SMV unattended vehicle,01 - Clear,01 - Daylight,01 - Dry,10 - No control,,1,0,0,0,,0,,,,,374512.0553,5033622.99,45.43906299,-75.60893417,12947
16--8845,2016/08/22,6:48 PM,ALFRED ST @ MONTFORT ST (0010042),10042,03 - At intersection,03 - P.D. only,02 - Angle,01 - Clear,01 - Daylight,02 - Wet,02 - Stop sign,01 - Functioning,2,0,0,0,,0,,,,,370873.1049,5033644.817,45.43961275,-75.65543941,12948
16--8846,2016/08/22,7:10 PM,BLOHM DR @ HUNT CLUB RD (0011392),11392,03 - At intersection,02 - Non-fatal injury,05 - Turning movement,01 - Clear,01 - Daylight,01 - Dry,01 - Traffic signal,01 - Functioning,2,0,0,0,01 - Minimal,1,1,,,,375128.6483,5026190.177,45.37212468,-75.60211396,12949
16--8847,2016/08/22,7:16 AM,ROSEHILL AVE btwn BURNABY DR & ETESIAN ST (__67PTQ1),__67PTQ1,01 - Non intersection,03 - P.D. only,07 - SMV other,01 - Clear,01 - Daylight,01 - Dry,10 - No control,,1,0,0,0,,0,,,,,350365.8934,5016336.327,45.28550507,-75.9191463,12950
16--8848,2016/08/22,7:33 AM,ST. JOSEPH BLVD/OLD MONTREAL RD @ TRIM RD (0004118),4118,03 - At intersection,03 - P.D. only,02 - Angle,01 - Clear,01 - Daylight,01 - Dry,11 - Roundabout,01 - Functioning,2,0,0,0,,0,,,,,384682.4877,5039284.783,45.48891447,-75.47803418,12951
16--8849,2016/08/22,7:34 PM,CYRVILLE RD @ OGILVIE RD (0003554),3554,03 - At intersection,02 - Non-fatal injury,07 - SMV other,01 - Clear,01 - Daylight,01 - Dry,01 - Traffic signal,01 - Functioning,1,0,0,1,01 - Minimal,1,1,,,,372453.0605,5032006.667,45.42472237,-75.63547144,12952
16--885,2016/01/19,6:27 AM,FALLOWFIELD RD @ STRANDHERD DR (0005238),5238,02 - Intersection related,03 - P.D. only,03 - Rear end,01 - Clear,07 - Dark,06 - Ice,01 - Traffic signal,01 - Functioning,2,0,0,0,,0,,,,,360752.8834,5014961.935,45.27238807,-75.78690186,12953