Anom_ID,Accident_Date,Accident_Time,Location,Geo_ID,Accident_Location,Classification_of_Accident,Initial_Impact_Type,Environment_Condition,Light,Road_Surface_Condition,Traffic_Control,Traffic_Control_Condition,No__of_Vehicles,No__of_Bicycles,No__of_Motorcycles,No__of_Pedestrians,Max_Injury,No__of_Injuries,No__of_Minimal,No__of_Minor,No__of_Major,No__of_Fatal,X,Y,Latitude,Longitude,ObjectId
16--8850,2016/08/22,7:50 PM,MAITLAND AVE btwn AMESBROOKE DR & HENRY FARM DR (__3ZA4I3),__3ZA4I3,01 - Non intersection,03 - P.D. only,04 - Sideswipe,01 - Clear,01 - Daylight,01 - Dry,10 - No control,,2,0,0,0,,0,,,,,363824.0864,5025161.046,45.36390804,-75.74654853,12954
16--8851,2016/08/22,8:31 PM,INNES RD @ JEANNE D'ARC BLVD/MER BLEUE RD (0012475),12475,02 - Intersection related,03 - P.D. only,03 - Rear end,01 - Clear,07 - Dark,01 - Dry,01 - Traffic signal,01 - Functioning,2,0,0,0,,0,,,,,382638.1485,5035566.153,45.4556885,-75.50477322,12955
16--8852,2016/08/22,8:35 AM,HIGHWAY 417 btwn HIGHWAY 417 & HWY417 IC110 RAMP54 (__3ZA2UY),__3ZA2UY,01 - Non intersection,03 - P.D. only,07 - SMV other,01 - Clear,01 - Daylight,01 - Dry,10 - No control,,1,0,0,0,,0,,,,,375555.5291,5029703.057,45.40368882,-75.59616102,12956
16--8853,2016/08/22,8:46 AM,JOCKVALE RD btwn BREN-MAUR RD & RIVERSTONE DR (__33D305),__33D305,01 - Non intersection,03 - P.D. only,04 - Sideswipe,01 - Clear,01 - Daylight,01 - Dry,10 - No control,,2,0,0,0,,0,,,,,364933.9002,5013860.319,45.26213063,-75.73375439,12957
16--8854,2016/08/23,1:00 PM,ST. JOSEPH BLVD btwn MAISONNEUVE ST & GABRIEL ST (__3ZA2AU),__3ZA2AU,01 - Non intersection,03 - P.D. only,04 - Sideswipe,01 - Clear,01 - Daylight,01 - Dry,10 - No control,,2,0,0,0,,0,,,,,381480.9033,5037591.518,45.47403901,-75.51925143,12958
16--8855,2016/08/23,1:18 PM,CARLING AVE EB btwn HWY417 IC124 RAMP57 & KIRKWOOD AVE (__3ZA30Y),__3ZA30Y,01 - Non intersection,03 - P.D. only,04 - Sideswipe,01 - Clear,01 - Daylight,01 - Dry,10 - No control,,2,0,0,0,,0,,,,,364292.7161,5027258.643,45.38274227,-75.74031426,12959
16--8856,2016/08/23,1:33 PM,CARLING AVE @ MERIVALE RD (0002148),2148,03 - At intersection,03 - P.D. only,05 - Turning movement,01 - Clear,01 - Daylight,01 - Dry,01 - Traffic signal,01 - Functioning,2,0,0,0,,0,,,,,364894.0452,5027699.447,45.38665721,-75.73258268,12960
16--8857,2016/08/23,1:35 PM,TENTH LINE RD @ VANGUARD DR (0004632),4632,02 - Intersection related,02 - Non-fatal injury,02 - Angle,01 - Clear,01 - Daylight,01 - Dry,01 - Traffic signal,01 - Functioning,2,1,0,0,02 - Minor,1,,1,,,384071.5913,5035875.345,45.45830918,-75.48639846,12961
16--8858,2016/08/23,10:30 PM,HIGHWAY 417 btwn HIGHWAY 417 & HIGHWAY 417 (2) (__3ZA2UZ),__3ZA2UZ,01 - Non intersection,02 - Non-fatal injury,07 - SMV other,01 - Clear,07 - Dark,01 - Dry,10 - No control,,1,0,1,0,02 - Minor,1,,1,,,375333.1164,5030386.068,45.40985664,-75.59890408,12962
16--8859,2016/08/23,10:32 PM,REGIONAL ROAD 174 EB btwn OR174 IC109 RAMP55 & TRANSIT (__3ZA28V),__3ZA28V,01 - Non intersection,03 - P.D. only,03 - Rear end,01 - Clear,07 - Dark,01 - Dry,10 - No control,,4,0,0,0,,0,,,,,376480.6262,5035004.876,45.45129728,-75.5835736,12963
16--886,2016/01/19,6:30 PM,CARLING AVE @ PINECREST  RD/GREENVIEW AVE (0001630),1630,03 - At intersection,03 - P.D. only,05 - Turning movement,03 - Snow,07 - Dark,02 - Wet,01 - Traffic signal,01 - Functioning,2,0,0,0,,0,,,,,360007.0909,5024632.619,45.35946427,-75.79532826,12964
16--8860,2016/08/23,11:01 AM,VANIER PKWY/CRICHTON ST @ BEECHWOOD AVE/ST. PA (0001604),1604,02 - Intersection related,03 - P.D. only,03 - Rear end,01 - Clear,01 - Daylight,01 - Dry,01 - Traffic signal,01 - Functioning,4,0,0,0,,0,,,,,369127.77,5033487.684,45.43836169,-75.67776685,12965
16--8861,2016/08/23,11:09 AM,INDUSTRIAL AVE @ ALTA VISTA DR/SANDFORD FLEMIN (0006979),6979,02 - Intersection related,03 - P.D. only,03 - Rear end,01 - Clear,01 - Daylight,01 - Dry,01 - Traffic signal,01 - Functioning,2,0,0,0,,0,,,,,370886.3302,5030557.838,45.41183618,-75.65568456,12966
16--8862,2016/08/23,11:18 PM,ROCKDALE RD N @ HIGHWAY 417 (0004640),4640,03 - At intersection,02 - Non-fatal injury,07 - SMV other,01 - Clear,07 - Dark,01 - Dry,02 - Stop sign,01 - Functioning,1,0,0,0,02 - Minor,1,,1,,,395344.6252,5022678.505,45.33821049,-75.34470654,12967
16--8863,2016/08/23,11:37 AM,ELGIN ST @ QUEEN ST (0007144),7144,03 - At intersection,03 - P.D. only,04 - Sideswipe,01 - Clear,01 - Daylight,01 - Dry,01 - Traffic signal,01 - Functioning,2,0,0,0,,0,,,,,367804.483,5031778.919,45.42310731,-75.69489795,12968
16--8864,2016/08/23,Unknown,SERENITY AVE btwn BALLANTYNE DR & VENUS AVE (__30LOGL),__30LOGL,01 - Non intersection,03 - P.D. only,06 - SMV unattended vehicle,01 - Clear,00 - Unknown,01 - Dry,10 - No control,,1,0,0,0,,0,,,,,385775.3672,5037092.728,45.46906663,-75.46441624,12969
16--8865,2016/08/23,12:13 PM,ANDERSON ST @ PRESTON ST (0006505),6505,02 - Intersection related,03 - P.D. only,03 - Rear end,01 - Clear,01 - Daylight,01 - Dry,02 - Stop sign,01 - Functioning,2,0,0,0,,0,,,,,366360.7023,5030006.845,45.40729123,-75.71356687,12970
16--8866,2016/08/23,12:36 PM,GREENBANK RD @ MARKETPLACE AVE (0010406),10406,03 - At intersection,03 - P.D. only,04 - Sideswipe,01 - Clear,01 - Daylight,01 - Dry,01 - Traffic signal,01 - Functioning,2,0,0,0,,0,,,,,364008.1936,5014601.887,45.2688818,-75.74546062,12971
16--8867,2016/08/23,12:57 PM,CARP RD @ HAZELDEAN RD (0000086),86,02 - Intersection related,03 - P.D. only,03 - Rear end,01 - Clear,01 - Daylight,01 - Dry,01 - Traffic signal,01 - Functioning,2,0,0,0,,0,,,,,348804.5759,5014360.666,45.26782685,-75.93922344,12972
16--8868,2016/08/23,2:00 PM,TENTH LINE RD @ VANGUARD DR (0004632),4632,03 - At intersection,02 - Non-fatal injury,02 - Angle,01 - Clear,01 - Daylight,01 - Dry,01 - Traffic signal,01 - Functioning,2,0,0,0,02 - Minor,1,,1,,,384073.2224,5035874.334,45.4582999,-75.48637777,12973
16--8869,2016/08/23,2:15 PM,CONROY RD @ DAVIDSON RD N (0009364),9364,02 - Intersection related,03 - P.D. only,03 - Rear end,01 - Clear,01 - Daylight,01 - Dry,02 - Stop sign,00 - Unknown,2,0,0,0,,0,,,,,374572.6806,5023515.778,45.34811717,-75.60958867,12974
16--887,2016/01/19,6:30 PM,HIGHWAY 417 btwn HWY417 IC127 RAMP25 & HWY417 IC126 RAMP51 (__3ZA2XA),__3ZA2XA,01 - Non intersection,03 - P.D. only,03 - Rear end,01 - Clear,07 - Dark,02 - Wet,10 - No control,,2,0,0,0,,0,,,,,363197.5348,5025871.273,45.37035105,-75.75446193,12975
16--8870,2016/08/23,2:47 PM,BANK ST @ HERON RD (0002155),2155,03 - At intersection,03 - P.D. only,03 - Rear end,01 - Clear,01 - Daylight,01 - Dry,01 - Traffic signal,01 - Functioning,2,0,0,0,,0,,,,,369995.72,5026850.3,45.37856059,-75.66755169,12976
16--8871,2016/08/23,3:17 PM,HARDING RD @ WALKLEY RD (0007652),7652,03 - At intersection,03 - P.D. only,05 - Turning movement,01 - Clear,01 - Daylight,01 - Dry,01 - Traffic signal,01 - Functioning,2,0,0,0,,0,,,,,373148.958,5027609.444,45.38509053,-75.62718922,12977
16--8872,2016/08/23,3:30 PM,VANIER PKWY/CRICHTON ST @ BEECHWOOD AVE/ST. PA (0001604),1604,02 - Intersection related,03 - P.D. only,03 - Rear end,01 - Clear,01 - Daylight,01 - Dry,01 - Traffic signal,00 - Unknown,2,0,0,0,,0,,,,,369128.6355,5033487.289,45.43835806,-75.67775584,12978
16--8873,2016/08/23,3:52 PM,210 W OF MERIVALE RD @ WEST HUNT CLUB RD (0004688),4688,02 - Intersection related,03 - P.D. only,03 - Rear end,01 - Clear,01 - Daylight,01 - Dry,01 - Traffic signal,01 - Functioning,3,0,0,0,,0,,,,,365430.6658,5021830.963,45.33380732,-75.72645042,12979
16--8874,2016/08/23,4:03 PM,CAMBRIDGE ST    N btwn LAURIER AVE W & PRIMROSE AVE (__3ZA150),__3ZA150,01 - Non intersection,03 - P.D. only,99 - Other,01 - Clear,01 - Daylight,01 - Dry,10 - No control,,2,0,0,0,,0,,,,,366772.7995,5030732.016,45.41377975,-75.7082117,12980
16--8875,2016/08/23,4:12 PM,CAMPEAU DR btwn TERRY FOX DR & HERLIHEY WAY (__5ZYNI8),__5ZYNI8,01 - Non intersection,02 - Non-fatal injury,04 - Sideswipe,01 - Clear,01 - Daylight,01 - Dry,10 - No control,,2,0,0,0,01 - Minimal,1,1,,,,350459.0098,5019034.546,45.30977838,-75.9177109,12981
16--8876,2016/08/23,4:13 PM,BRONSON AVE @ SUNNYSIDE AVE/UNIVERSITY RD - CA (0007209),7209,02 - Intersection related,03 - P.D. only,03 - Rear end,01 - Clear,01 - Daylight,01 - Dry,01 - Traffic signal,00 - Unknown,2,0,0,0,,0,,,,,367923.5383,5028089.477,45.38990012,-75.6938491,12982
16--8877,2016/08/23,4:46 PM,MOONEY'S BAY PL @ RIVERSIDE DR (0011421),11421,02 - Intersection related,03 - P.D. only,03 - Rear end,01 - Clear,01 - Daylight,01 - Dry,01 - Traffic signal,01 - Functioning,3,0,0,0,,0,,,,,368355.6628,5025297.488,45.36473949,-75.68869034,12983
16--8878,2016/08/23,5:02 PM,RIVERSIDE DR btwn RIDGEWOOD AVE & BAYPORT PRIV (__3ZAZBP),__3ZAZBP,01 - Non intersection,03 - P.D. only,04 - Sideswipe,01 - Clear,01 - Daylight,01 - Dry,10 - No control,,2,0,0,0,,0,,,,,368298.4874,5025530.279,45.36683927,-75.68939021,12984
16--8879,2016/08/23,5:20 PM,HIGHWAY 417 btwn HWY417 IC127 RAMP63 & HWY417 IC127 RAMP67 (__3ZA2RF),__3ZA2RF,01 - Non intersection,03 - P.D. only,03 - Rear end,01 - Clear,01 - Daylight,01 - Dry,10 - No control,,3,0,0,0,,0,,,,,362163.0572,5024885.448,45.36156612,-75.76778205,12985
16--888,2016/01/19,6:38 AM,ALBION RD/COLLISTON CRES E @ WALKLEY RD (0011422),11422,03 - At intersection,03 - P.D. only,05 - Turning movement,01 - Clear,07 - Dark,06 - Ice,01 - Traffic signal,01 - Functioning,2,0,0,0,,0,,,,,371033.7539,5026354.635,45.37400341,-75.65436553,12986
16--8880,2016/08/23,6:00 PM,PRESLAND RD @ LOLA ST (0007773),7773,03 - At intersection,02 - Non-fatal injury,02 - Angle,01 - Clear,01 - Daylight,01 - Dry,02 - Stop sign,01 - Functioning,2,1,0,0,01 - Minimal,1,1,,,,371176.8498,5031863.545,45.42355688,-75.65179742,12987
16--8881,2016/08/23,6:00 PM,HIGHWAY 417 btwn HWY417 IC122 RAMP15 & HWY417 IC121B RAMP51 (__3ZA2RB),__3ZA2RB,01 - Non intersection,03 - P.D. only,03 - Rear end,01 - Clear,01 - Daylight,01 - Dry,10 - No control,,2,0,0,0,,0,,,,,366423.8383,5029465.92,45.40241858,-75.71282799,12988
16--8882,2016/08/23,6:00 PM,HIGHWAY 417 btwn HWY417 IC117 RAMP25 & HWY417 IC115 RAMP51 (__3ZA2R3),__3ZA2R3,01 - Non intersection,03 - P.D. only,04 - Sideswipe,01 - Clear,01 - Daylight,01 - Dry,10 - No control,,2,0,0,0,,0,,,,,371395.4323,5031384.198,45.41922315,-75.64906935,12989
16--8883,2016/08/23,6:25 PM,HIGHWAY 417 btwn HWY417 IC134 RAMP36 & HWY417 IC134 RAMP26 (__3ZA29C),__3ZA29C,01 - Non intersection,02 - Non-fatal injury,03 - Rear end,01 - Clear,01 - Daylight,01 - Dry,10 - No control,,2,0,0,0,02 - Minor,1,,1,,,356357.3322,5022256.266,45.33835956,-75.84215888,12990
16--8884,2016/08/23,7:37 AM,KINBURN SIDE RD btwn TIMMINS RD & DOMINION SPRINGS RD (__3ZA4SJ),__3ZA4SJ,01 - Non intersection,03 - P.D. only,07 - SMV other,01 - Clear,01 - Daylight,01 - Dry,10 - No control,,1,0,0,0,,0,,,,,323024.1277,5022557.239,45.34272564,-76.26745306,12991
16--8885,2016/08/23,7:42 PM,HAWTHORNE RD btwn LEITRIM RD & LOUISEIZE RD (__3ZBO24),__3ZBO24,01 - Non intersection,03 - P.D. only,04 - Sideswipe,01 - Clear,01 - Daylight,01 - Dry,10 - No control,,2,0,0,0,,0,,,,,377043.372,5022700.062,45.34052762,-75.57818185,12992
16--8886,2016/08/23,7:48 AM,MAPLE GROVE RD @ TERRY FOX DR (0003177),3177,02 - Intersection related,03 - P.D. only,03 - Rear end,01 - Clear,01 - Daylight,01 - Dry,01 - Traffic signal,01 - Functioning,2,0,0,0,,0,,,,,351552.0022,5017864.732,45.29918018,-75.90388306,12993
16--8887,2016/08/23,8:06 AM,KENT ST @ SLATER ST (0002114),2114,02 - Intersection related,03 - P.D. only,03 - Rear end,01 - Clear,01 - Daylight,01 - Dry,01 - Traffic signal,01 - Functioning,2,0,0,0,,0,,,,,367260.0511,5031252.173,45.41841664,-75.70192106,12994
16--8888,2016/08/23,8:07 AM,WEST HUNT CLUB RD btwn MOODIE DR & HWY416 IC72 RAMP53 (__3ZA4YJ),__3ZA4YJ,01 - Non intersection,03 - P.D. only,07 - SMV other,01 - Clear,01 - Daylight,01 - Dry,10 - No control,,1,0,0,0,,0,,,,,358124.3367,5018624.691,45.30555028,-75.82000555,12995
16--8889,2016/08/23,8:22 PM,BANK ST @ CATHERINE ST (0002708),2708,03 - At intersection,02 - Non-fatal injury,02 - Angle,01 - Clear,07 - Dark,01 - Dry,01 - Traffic signal,01 - Functioning,2,0,1,0,02 - Minor,1,,1,,,368038.7869,5030267.342,45.4094855,-75.69209817,12996
16--889,2016/01/19,6:45 PM,INNES RD @ ORLEANS BLVD (0003611),3611,02 - Intersection related,03 - P.D. only,03 - Rear end,01 - Clear,07 - Dark,01 - Dry,01 - Traffic signal,01 - Functioning,2,0,0,0,,0,,,,,380461.0198,5034295.954,45.44449936,-75.53280097,12997
16--8890,2016/08/23,8:49 AM,HAWTHORNE RD btwn STEVENAGE DR & HUNT CLUB RD (__3ZA2E8),__3ZA2E8,04 - At/near private drive,03 - P.D. only,05 - Turning movement,01 - Clear,01 - Daylight,01 - Dry,10 - No control,,2,0,0,0,,0,,,,,375141.5132,5027301.264,45.38212042,-75.60179146,12998
16--8891,2016/08/23,9:00 AM,INDUSTRIAL AVE/INNES RD @ ST. LAURENT BLVD (0002203),2203,02 - Intersection related,03 - P.D. only,03 - Rear end,01 - Clear,01 - Daylight,01 - Dry,01 - Traffic signal,01 - Functioning,2,0,0,0,,0,,,,,373098.591,5030005.567,45.40665469,-75.62750059,12999
16--8892,2016/08/23,9:42 AM,BESSERER ST btwn DALHOUSIE ST & WALLER ST (__3ZA3VZ),__3ZA3VZ,01 - Non intersection,03 - P.D. only,04 - Sideswipe,01 - Clear,01 - Daylight,01 - Dry,10 - No control,,2,0,0,0,,0,,,,,368267.6304,5032165.478,45.42654357,-75.68893041,13000
16--9884,2016/09/21,12:02 PM,COLONEL BY DR/SUSSEX DR @ RIDEAU ST (0007647),7647,02 - Intersection related,03 - P.D. only,03 - Rear end,01 - Clear,01 - Daylight,01 - Dry,01 - Traffic signal,01 - Functioning,2,0,0,0,,0,,,,,367921.6677,5032044.047,45.42548228,-75.69336668,13001
16--9885,2016/09/21,12:18 PM,CUMMINGS AVE @ OGILVIE RD (0009923),9923,03 - At intersection,03 - P.D. only,05 - Turning movement,01 - Clear,01 - Daylight,01 - Dry,01 - Traffic signal,01 - Functioning,2,0,0,0,,0,,,,,372748.5007,5032170.366,45.42616662,-75.63167391,13002
16--9886,2016/09/21,12:35 PM,MONTREAL RD btwn DUROCHER ST & SAVARD AVE (__3ZA3LQ),__3ZA3LQ,04 - At/near private drive,03 - P.D. only,02 - Angle,01 - Clear,01 - Daylight,01 - Dry,10 - No control,,2,0,0,0,,0,,,,,370148.8898,5033107.963,45.43485043,-75.66476676,13003
16--9887,2016/09/21,2:50 PM,HALIFAX DR @ WALKLEY RD (0008803),8803,02 - Intersection related,03 - P.D. only,04 - Sideswipe,01 - Clear,01 - Daylight,01 - Dry,01 - Traffic signal,01 - Functioning,2,0,0,0,,0,,,,,373642.6393,5027898.885,45.38764645,-75.62084532,13004
16--9888,2016/09/21,2:54 PM,CAMPEAU DR btwn TERRY FOX DR & HERLIHEY WAY (__5ZYNI8),__5ZYNI8,04 - At/near private drive,02 - Non-fatal injury,02 - Angle,01 - Clear,01 - Daylight,01 - Dry,10 - No control,,2,0,0,0,01 - Minimal,1,1,,,,350476.896,5019090.587,45.31028149,-75.91747765,13005
16--9889,2016/09/21,2:59 PM,EAGLESON RD @ HWY 417 EAGLESO IC138R51/PARK AN (0009698),9698,03 - At intersection,03 - P.D. only,02 - Angle,01 - Clear,01 - Daylight,01 - Dry,01 - Traffic signal,01 - Functioning,2,0,0,0,,0,,,,,353037.2392,5020012.819,45.31840873,-75.88473736,13006
16--989,2016/01/21,2:30 PM,DOUGLAS AVE btwn PUTMAN AVE & BEECHWOOD AVE (__3ZA8XA),__3ZA8XA,01 - Non intersection,03 - P.D. only,06 - SMV unattended vehicle,01 - Clear,01 - Daylight,01 - Dry,10 - No control,,1,0,0,0,,0,,,,,369290.099,5033774.254,45.44092518,-75.67565464,13007
16--9890,2016/09/21,3:21 AM,ALBION RD btwn QUINN RD & DEL ZOTTO AVE (__3ZA3SA),__3ZA3SA,01 - Non intersection,02 - Non-fatal injury,07 - SMV other,01 - Clear,07 - Dark,01 - Dry,10 - No control,,1,0,0,0,01 - Minimal,1,1,,,,373649.7853,5020061.427,45.31712737,-75.6218454,13008
16--9891,2016/09/21,3:53 PM,STRANDHERD DR @ LONGFIELDS DR (0010935),10935,02 - Intersection related,02 - Non-fatal injury,03 - Rear end,01 - Clear,01 - Daylight,01 - Dry,01 - Traffic signal,01 - Functioning,2,0,0,0,01 - Minimal,1,1,,,,364551.0643,5015176.372,45.27400511,-75.73847384,13009
16--9892,2016/09/21,4:00 PM,ISLAND PARK DR @ SCOTT ST (0002126),2126,02 - Intersection related,03 - P.D. only,03 - Rear end,01 - Clear,01 - Daylight,01 - Dry,01 - Traffic signal,01 - Functioning,4,0,0,0,,0,,,,,363833.6895,5029040.139,45.3988107,-75.74596211,13010
16--9893,2016/09/21,4:04 PM,ORLEANS BLVD btwn JEANNE D'ARC BLVD S & BEAUSEJOUR DR (__3ZA2BJ),__3ZA2BJ,04 - At/near private drive,03 - P.D. only,02 - Angle,01 - Clear,01 - Daylight,01 - Dry,10 - No control,,2,0,0,0,,0,,,,,381000.003,5036070.763,45.46040914,-75.52563702,13011
16--9894,2016/09/21,4:26 PM,8TH LINE RD @ VICTORIA ST (0001616),1616,03 - At intersection,03 - P.D. only,02 - Angle,01 - Clear,01 - Daylight,01 - Dry,02 - Stop sign,01 - Functioning,2,0,0,0,,0,,,,,385452.7184,5011165.671,45.23583268,-75.47277097,13012
16--9895,2016/09/21,5:20 PM,CARP RD/HWY 417 CARP IC144R63 @ HWY 417 CARP I (0001100),1100,02 - Intersection related,02 - Non-fatal injury,03 - Rear end,01 - Clear,01 - Daylight,01 - Dry,01 - Traffic signal,01 - Functioning,2,0,0,0,01 - Minimal,2,2,,,,347298.609,5015928.209,45.28202482,-75.95827981,13013
16--9896,2016/09/21,5:30 PM,HWY 417 PALLADI IC142R36 @ PALLADIUM DR (0010683),10683,02 - Intersection related,03 - P.D. only,04 - Sideswipe,01 - Clear,01 - Daylight,01 - Dry,01 - Traffic signal,01 - Functioning,2,0,0,0,,0,,,,,348773.4675,5017374.755,45.29495062,-75.93935279,13014
16--9897,2016/09/21,5:31 PM,HIGHWAY 417 btwn HWY417 IC122 RAMP61 & HWY417 IC121B RAMP16 (__3ZA2Y4),__3ZA2Y4,01 - Non intersection,03 - P.D. only,03 - Rear end,01 - Clear,01 - Daylight,01 - Dry,10 - No control,,2,0,0,0,,0,,,,,365806.395,5029207.671,45.400149,-75.72074631,13015
16--9898,2016/09/21,5:51 PM,BANK ST btwn CATHERINE ST & CHAMBERLAIN AVE N/ISABELLA ST (__3ZA3PO),__3ZA3PO,01 - Non intersection,03 - P.D. only,04 - Sideswipe,01 - Clear,01 - Daylight,01 - Dry,10 - No control,,2,0,0,0,,0,,,,,368051.9996,5030237.715,45.40921773,-75.69193319,13016
16--9899,2016/09/21,6:39 PM,PRINCE OF WALES DR @ FAIRPARK DR (0010329),10329,02 - Intersection related,03 - P.D. only,03 - Rear end,01 - Clear,01 - Daylight,01 - Dry,02 - Stop sign,00 - Unknown,2,0,0,0,,0,,,,,367268.8175,5015413.846,45.27590569,-75.70380954,13017
16--99,2016/01/04,3:23 PM,CARLING AVE WB @ SAIGON CRT (0002102),2102,03 - At intersection,02 - Non-fatal injury,02 - Angle,01 - Clear,01 - Daylight,01 - Dry,01 - Traffic signal,01 - Functioning,2,0,0,0,02 - Minor,2,,2,,,364065.4894,5027194.918,45.38218814,-75.74322321,13018
16--990,2016/01/21,2:50 PM,HIGHWAY 417 btwn HWY417 IC122 RAMP61 & HWY417 IC121B RAMP16 (__3ZA2Y4),__3ZA2Y4,01 - Non intersection,03 - P.D. only,04 - Sideswipe,01 - Clear,01 - Daylight,01 - Dry,10 - No control,,2,0,0,0,,0,,,,,366086.5056,5029351.21,45.40141606,-75.71715087,13019
16--9900,2016/09/21,7:00 PM,HIGHWAY 417 btwn HWY417 IC126 RAMP25 & HWY417 IC124 RAMP57 (__3ZA2R5),__3ZA2R5,01 - Non intersection,03 - P.D. only,04 - Sideswipe,01 - Clear,05 - Dusk,01 - Dry,10 - No control,,2,0,0,0,,0,,,,,363408.6954,5026154.112,45.37287837,-75.75173279,13020
16--9901,2016/09/21,7:22 AM,BANK ST @ SOMERSET ST (0010858),10858,03 - At intersection,02 - Non-fatal injury,05 - Turning movement,01 - Clear,01 - Daylight,01 - Dry,01 - Traffic signal,01 - Functioning,2,1,0,0,01 - Minimal,1,1,,,,367695.3615,5030914.467,45.41533907,-75.69640256,13021
16--9902,2016/09/21,7:25 PM,VANIER PKWY/CRICHTON ST @ BEECHWOOD AVE/ST. PA (0001604),1604,02 - Intersection related,03 - P.D. only,04 - Sideswipe,01 - Clear,07 - Dark,01 - Dry,01 - Traffic signal,01 - Functioning,2,0,0,0,,0,,,,,369127.2092,5033487.942,45.43836407,-75.67777398,13022
16--9903,2016/09/21,7:40 PM,RICHMOND RD btwn 140 E OF POULIN AVE & FOREST ST (__3ZA4MDB),__3ZA4MDB,04 - At/near private drive,02 - Non-fatal injury,03 - Rear end,01 - Clear,07 - Dark,01 - Dry,10 - No control,,2,0,0,0,02 - Minor,2,1,1,,,360436.8625,5025088.413,45.36353152,-75.7897917,13023
16--9904,2016/09/21,8:40 AM,MARCH RD btwn HWY417 IC155 RAMP61 & HWY417 IC155 RAMP36 (__3ZA1MZ),__3ZA1MZ,01 - Non intersection,03 - P.D. only,04 - Sideswipe,01 - Clear,01 - Daylight,01 - Dry,10 - No control,,2,0,0,0,,0,,,,,339769.0812,5019526.789,45.31482146,-76.05399998,13024
16--9905,2016/09/21,9:30 AM,INDUSTRIAL AVE @ RIVERSIDE DR (0011905),11905,02 - Intersection related,03 - P.D. only,03 - Rear end,01 - Clear,01 - Daylight,01 - Dry,01 - Traffic signal,00 - Unknown,2,0,0,0,,0,,,,,370683.8904,5030592.139,45.41216389,-75.65826606,13025
16--9906,2016/09/22,1:30 PM,CYRVILLE RD @ INNES RD (0009352),9352,03 - At intersection,02 - Non-fatal injury,02 - Angle,01 - Clear,01 - Daylight,01 - Dry,01 - Traffic signal,01 - Functioning,2,0,0,0,02 - Minor,1,,1,,,375047.0661,5031119.345,45.41648304,-75.60245356,13026
16--9907,2016/09/22,10:18 AM,BELFAST RD @ ST. LAURENT BLVD (0007658),7658,02 - Intersection related,03 - P.D. only,04 - Sideswipe,01 - Clear,01 - Daylight,01 - Dry,01 - Traffic signal,01 - Functioning,2,0,0,0,,0,,,,,372859.6264,5030578.782,45.4118355,-75.63047382,13027
16--9908,2016/09/22,10:19 PM,ELGIN ST @ GLOUCESTER ST (0006956),6956,03 - At intersection,02 - Non-fatal injury,02 - Angle,02 - Rain,07 - Dark,02 - Wet,10 - No control,,2,1,0,0,01 - Minimal,1,1,,,,367986.4904,5031477.798,45.42038151,-75.69261102,13028
16--9909,2016/09/22,10:44 AM,BANK ST @ LEITRIM RD (0004125),4125,03 - At intersection,02 - Non-fatal injury,02 - Angle,01 - Clear,01 - Daylight,01 - Dry,01 - Traffic signal,01 - Functioning,2,0,0,0,02 - Minor,1,,1,,,375357.3636,5021619.497,45.33097674,-75.59984651,13029
16--991,2016/01/21,2:52 PM,HIGHWAY 417 btwn HWY417 IC124 RAMP67 & HWY417 IC123 RAMP62 (__3ZA2YZ),__3ZA2YZ,01 - Non intersection,03 - P.D. only,03 - Rear end,01 - Clear,01 - Daylight,02 - Wet,10 - No control,,2,0,0,0,,0,,,,,364725.2584,5027972.574,45.38912922,-75.73470478,13030
16--9910,2016/09/22,11:12 AM,RIDEAU ST @ WALLER ST (0011913),11913,02 - Intersection related,03 - P.D. only,04 - Sideswipe,01 - Clear,01 - Daylight,01 - Dry,01 - Traffic signal,01 - Functioning,2,0,0,0,,0,,,,,368281.576,5032273.803,45.42751697,-75.68873825,13031
16--9911,2016/09/22,11:39 PM,CANON SMITH DR @ GALETTA SIDE RD (0002371),2371,03 - At intersection,02 - Non-fatal injury,03 - Rear end,02 - Rain,07 - Dark,02 - Wet,02 - Stop sign,01 - Functioning,2,0,0,0,02 - Minor,3,,3,,,329164.9253,5036252.328,45.46577385,-76.18841841,13032
16--9912,2016/09/22,11:53 AM,UPLANDS DR btwn ROYALTON PRIV & PAUL ANKA DR (__3ZBN0J),__3ZBN0J,01 - Non intersection,03 - P.D. only,06 - SMV unattended vehicle,01 - Clear,01 - Daylight,01 - Dry,10 - No control,,1,0,0,0,,0,,,,,369361.6539,5023615.924,45.3495173,-75.67606947,13033
16--9913,2016/09/22,11:55 AM,KALADAR AVE btwn GREGG ST & BROOKFIELD RD (__3ZA9YR),__3ZA9YR,01 - Non intersection,03 - P.D. only,99 - Other,01 - Clear,01 - Daylight,01 - Dry,10 - No control,,2,0,0,0,,0,,,,,369733.6207,5026409.871,45.37462209,-75.67095585,13034
16--9914,2016/09/22,Unknown,FALCONCREST CRT btwn ROSSIGNOL CRES & END (__3ZAZ34),__3ZAZ34,01 - Non intersection,03 - P.D. only,06 - SMV unattended vehicle,02 - Rain,00 - Unknown,02 - Wet,10 - No control,,1,0,0,0,,0,,,,,383122.6986,5039442.748,45.49051247,-75.49796083,13035
16--9915,2016/09/22,12:26 PM,GOULBOURN FORCED RD @ KANATA AVE (0011854),11854,03 - At intersection,03 - P.D. only,05 - Turning movement,01 - Clear,01 - Daylight,01 - Dry,01 - Traffic signal,01 - Functioning,2,0,0,0,,0,,,,,349777.7835,5020352.462,45.32168131,-75.92627848,13036