Anom_ID,Accident_Date,Accident_Time,Location,Geo_ID,Accident_Location,Classification_of_Accident,Initial_Impact_Type,Environment_Condition,Light,Road_Surface_Condition,Traffic_Control,Traffic_Control_Condition,No__of_Vehicles,No__of_Bicycles,No__of_Motorcycles,No__of_Pedestrians,Max_Injury,No__of_Injuries,No__of_Minimal,No__of_Minor,No__of_Major,No__of_Fatal,X,Y,Latitude,Longitude,ObjectId
16--9916,2016/09/22,12:47 PM,CARLING AVE @ KIRKWOOD AVE N (0002358),2358,03 - At intersection,03 - P.D. only,04 - Sideswipe,01 - Clear,01 - Daylight,01 - Dry,01 - Traffic signal,01 - Functioning,3,0,0,0,,0,,,,,364276.1791,5027494.3,45.38486407,-75.74049702,13037
16--9917,2016/09/22,2:36 PM,DUNROBIN RD btwn VANCES SIDE RD & PORCUPINE TR (__3ZA3H0),__3ZA3H0,01 - Non intersection,03 - P.D. only,07 - SMV other,01 - Clear,01 - Daylight,01 - Dry,10 - No control,,1,0,0,0,,0,,,,,340597.2518,5033240.657,45.43818183,-76.04244358,13038
16--9918,2016/09/22,2:43 PM,RICHMOND RD @ STONEHAVEN DR (0010370),10370,03 - At intersection,03 - P.D. only,02 - Angle,01 - Clear,01 - Daylight,01 - Dry,01 - Traffic signal,01 - Functioning,2,0,0,0,,0,,,,,356780.9825,5015890.778,45.2810508,-75.83742143,13039
16--9919,2016/09/22,2:45 PM,LEMIEUX ST btwn JOSEPH CYR ST & RAMP (__3ZA8L0),__3ZA8L0,01 - Non intersection,03 - P.D. only,04 - Sideswipe,01 - Clear,01 - Daylight,01 - Dry,10 - No control,,2,0,0,0,,0,,,,,372533.9613,5031700.579,45.4219605,-75.63447983,13040
16--992,2016/01/21,3:00 PM,BASELINE RD @ MONTEREY DR (0001125),1125,03 - At intersection,02 - Non-fatal injury,02 - Angle,01 - Clear,01 - Daylight,01 - Dry,01 - Traffic signal,01 - Functioning,2,0,0,0,01 - Minimal,1,1,,,,359792.5734,5022155.279,45.33719003,-75.79834166,13041
16--9920,2016/09/22,2:47 PM,VANIER PKWY/CRICHTON ST @ BEECHWOOD AVE/ST. PA (0001604),1604,02 - Intersection related,03 - P.D. only,04 - Sideswipe,01 - Clear,01 - Daylight,01 - Dry,01 - Traffic signal,01 - Functioning,2,0,0,0,,0,,,,,369128.2487,5033487.25,45.43835774,-75.67776079,13042
16--9921,2016/09/22,3:13 PM,DONALD ST btwn BARNABY PRIV & TELFORD AVE (__3ZAYF3),__3ZAYF3,04 - At/near private drive,03 - P.D. only,02 - Angle,01 - Clear,01 - Daylight,01 - Dry,10 - No control,,2,0,0,0,,0,,,,,371687.2729,5032426.912,45.42857719,-75.64519916,13043
16--9922,2016/09/22,3:14 PM,EARL ARMSTRONG RD @ RIVER RD (0012470),12470,02 - Intersection related,03 - P.D. only,03 - Rear end,01 - Clear,01 - Daylight,01 - Dry,01 - Traffic signal,01 - Functioning,2,0,0,0,,0,,,,,367571.9772,5014684.232,45.26931368,-75.70003826,13044
16--9923,2016/09/22,4:52 PM,RAMSAYVILLE RD btwn GENERATION CRT & RUSSELL RD (__3ZA6GL),__3ZA6GL,01 - Non intersection,02 - Non-fatal injury,04 - Sideswipe,02 - Rain,01 - Daylight,02 - Wet,10 - No control,,2,1,0,0,02 - Minor,1,,1,,,377832.5764,5026073.365,45.3707971,-75.56761468,13045
16--9924,2016/09/22,5:05 PM,CATHERINE ST btwn BRONSON AVE & HWY417 IC121A RAMP61 (__3ZA3B4),__3ZA3B4,01 - Non intersection,03 - P.D. only,04 - Sideswipe,01 - Clear,01 - Daylight,01 - Dry,10 - No control,,2,0,0,0,,0,,,,,367285.9116,5029816.098,45.40549296,-75.70177271,13046
16--9925,2016/09/22,5:37 PM,CHAPEL ST @ LAURIER AVE (0007756),7756,03 - At intersection,03 - P.D. only,05 - Turning movement,01 - Clear,01 - Daylight,02 - Wet,01 - Traffic signal,01 - Functioning,2,0,0,0,,0,,,,,369118.4897,5032263.926,45.42735165,-75.67804532,13047
16--9926,2016/09/22,5:45 PM,HIGHWAY 417 btwn HWY417 IC115 RAMP25 & REGIONAL ROAD 174 (__3ZA2RY),__3ZA2RY,01 - Non intersection,03 - P.D. only,03 - Rear end,01 - Clear,01 - Daylight,01 - Dry,10 - No control,,2,0,0,0,,0,,,,,373009.9678,5031592.168,45.42093883,-75.62841302,13048
16--9927,2016/09/22,7:17 PM,CATHERINE ST @ KENT ST (0002707),2707,03 - At intersection,02 - Non-fatal injury,07 - SMV other,02 - Rain,07 - Dark,02 - Wet,01 - Traffic signal,01 - Functioning,1,0,0,1,03 - Major,1,,,1,,367907.488,5030188.345,45.40878656,-75.69378552,13049
16--9928,2016/09/22,7:19 PM,BRONSON AVE btwn PLYMOUTH ST & RENFREW AVE (__3ZA3B1),__3ZA3B1,04 - At/near private drive,03 - P.D. only,02 - Angle,02 - Rain,07 - Dark,02 - Wet,10 - No control,,3,0,0,0,,0,,,,,367352.9794,5029558.808,45.40317195,-75.70094868,13050
16--9929,2016/09/22,7:31 PM,AYERS AVE @ WALKLEY RD (0006447),6447,02 - Intersection related,02 - Non-fatal injury,03 - Rear end,02 - Rain,07 - Dark,02 - Wet,02 - Stop sign,00 - Unknown,2,0,0,0,02 - Minor,1,,1,,,370553.6688,5026072.712,45.37151197,-75.66053185,13051
16--993,2016/01/21,3:02 PM,PICKERING PL @ TREMBLAY RD (0006463),6463,03 - At intersection,03 - P.D. only,02 - Angle,01 - Clear,01 - Daylight,02 - Wet,02 - Stop sign,01 - Functioning,2,0,0,0,,0,,,,,371287.9397,5031298.474,45.41846207,-75.65045427,13052
16--9930,2016/09/22,7:40 AM,HIGHWAY 417 btwn HWY417 IC127 RAMP35 & HWY417 IC127 RAMP25 (__3ZA2RE),__3ZA2RE,01 - Non intersection,03 - P.D. only,03 - Rear end,01 - Clear,01 - Daylight,01 - Dry,10 - No control,,2,0,0,0,,0,,,,,362133.4534,5024834.227,45.36110766,-75.76816584,13053
16--9931,2016/09/22,7:42 PM,INDUSTRIAL AVE @ RIVERSIDE DR (0011905),11905,03 - At intersection,01 - Fatal injury,07 - SMV other,02 - Rain,07 - Dark,02 - Wet,01 - Traffic signal,01 - Functioning,1,0,0,1,04 - Fatal,1,,,,1,370685.1092,5030590.991,45.41215345,-75.65825064,13054
16--9932,2016/09/22,7:43 PM,TERRY FOX DR @ HALKIRK AVE/WINCHESTER DR (0012574),12574,02 - Intersection related,03 - P.D. only,03 - Rear end,02 - Rain,07 - Dark,02 - Wet,01 - Traffic signal,01 - Functioning,2,0,0,0,,0,,,,,352512.2098,5016868.809,45.29015406,-75.89173632,13055
16--9933,2016/09/22,7:45 AM,DEN HAAG DR @ MERGANSER ST (0011243),11243,03 - At intersection,03 - P.D. only,02 - Angle,01 - Clear,01 - Daylight,01 - Dry,02 - Stop sign,01 - Functioning,2,0,0,0,,0,,,,,372661.4274,5033670.053,45.43966852,-75.63257981,13056
16--9934,2016/09/22,8:00 PM,TERRY FOX DR btwn 135 S OF HAZELDEAN RD/SOBEY'S SC & HALKIRK AVE (__3ZBPL2B),__3ZBPL2B,01 - Non intersection,02 - Non-fatal injury,03 - Rear end,02 - Rain,07 - Dark,02 - Wet,10 - No control,,2,0,0,0,01 - Minimal,1,1,,,,352479.4622,5016910.343,45.29053002,-75.89214979,13057
16--9935,2016/09/22,8:02 PM,GENEVRIERS ST @ MAGNOLIA ST (0016366),16366,03 - At intersection,03 - P.D. only,02 - Angle,01 - Clear,07 - Dark,01 - Dry,02 - Stop sign,01 - Functioning,2,0,0,0,,0,,,,,384436.3707,5034491.482,45.44581697,-75.48195902,13058
16--9936,2016/09/22,8:14 PM,CASTLEFRANK RD @ HAZELDEAN RD (0003608),3608,03 - At intersection,02 - Non-fatal injury,07 - SMV other,02 - Rain,07 - Dark,02 - Wet,01 - Traffic signal,01 - Functioning,1,0,0,1,02 - Minor,1,,1,,,352677.6586,5017675.671,45.29740316,-75.88954931,13059
16--9937,2016/09/22,8:20 AM,INNES RD btwn ANDERSON RD & INNES RD (__3ZA3J2),__3ZA3J2,01 - Non intersection,02 - Non-fatal injury,03 - Rear end,01 - Clear,01 - Daylight,01 - Dry,10 - No control,,2,0,0,0,01 - Minimal,1,1,,,,376326.2898,5031865.995,45.42307137,-75.5860026,13060
16--9938,2016/09/22,8:36 AM,CONROY RD @ HUNT CLUB RD (0002257),2257,02 - Intersection related,03 - P.D. only,03 - Rear end,01 - Clear,01 - Daylight,01 - Dry,01 - Traffic signal,01 - Functioning,2,0,0,0,,0,,,,,373763.6431,5025402.992,45.36517758,-75.61964878,13061
16--9939,2016/09/22,8:59 AM,HIGHWAY 417 btwn HWY417 IC138 RAMP61 & HWY417 IC134 RAMP36 (__3ZA20I),__3ZA20I,01 - Non intersection,03 - P.D. only,03 - Rear end,01 - Clear,01 - Daylight,01 - Dry,10 - No control,,2,0,0,0,,0,,,,,354041.2462,5020900.222,45.32632404,-75.87184385,13062
16--994,2016/01/21,3:10 AM,HIGHWAY 417 btwn RAMP & HWY417 IC88 RAMP51 (__3ZA2W2),__3ZA2W2,01 - Non intersection,03 - P.D. only,07 - SMV other,01 - Clear,07 - Dark,01 - Dry,10 - No control,,1,0,0,0,,0,,,,,392306.7284,5022888.623,45.34048638,-75.38342354,13063
16--9940,2016/09/22,9:00 AM,PRINCE OF WALES DR @ FALLOWFIELD RD (0000566),566,02 - Intersection related,03 - P.D. only,03 - Rear end,01 - Clear,01 - Daylight,01 - Dry,01 - Traffic signal,01 - Functioning,2,0,0,0,,0,,,,,367398.8818,5019164.4,45.30964119,-75.70167862,13064
16--9941,2016/09/22,9:00 AM,NEPEAN ST @ O'CONNOR ST (0006942),6942,02 - Intersection related,02 - Non-fatal injury,03 - Rear end,01 - Clear,01 - Daylight,01 - Dry,02 - Stop sign,01 - Functioning,2,0,0,0,02 - Minor,1,,1,,,367720.0681,5031226.371,45.41814327,-75.6960471,13065
16--9942,2016/09/22,9:00 PM,TRIM RD btwn HENN DR & SMITH RD (__3ZBN91),__3ZBN91,01 - Non intersection,03 - P.D. only,03 - Rear end,02 - Rain,07 - Dark,02 - Wet,10 - No control,,2,0,0,0,,0,,,,,388623.8062,5032205.621,45.42476156,-75.42882682,13066
16--9943,2016/09/22,9:13 PM,BATHGATE DR @ DEN HAAG DR (0008960),8960,03 - At intersection,02 - Non-fatal injury,07 - SMV other,02 - Rain,07 - Dark,02 - Wet,02 - Stop sign,01 - Functioning,1,0,0,1,02 - Minor,1,,1,,,373407.5001,5033926.234,45.44190068,-75.62300874,13067
16--9944,2016/09/22,9:16 PM,LYNDA LANE @ SMYTH RD (0002250),2250,02 - Intersection related,03 - P.D. only,03 - Rear end,02 - Rain,07 - Dark,02 - Wet,02 - Stop sign,00 - Unknown,2,0,0,0,,0,,,,,371612.5506,5029191.962,45.39947764,-75.64659252,13068
16--9945,2016/09/22,9:17 PM,GREENBANK RD @ STRANDHERD DR (0005563),5563,03 - At intersection,03 - P.D. only,05 - Turning movement,02 - Rain,07 - Dark,02 - Wet,01 - Traffic signal,01 - Functioning,2,0,0,0,,0,,,,,363932.5862,5014783.759,45.27052465,-75.7464024,13069
16--9946,2016/09/22,9:19 AM,KANATA AVE @ LORD BYNG WAY/MARITIME WAY (0009115),9115,03 - At intersection,02 - Non-fatal injury,07 - SMV other,01 - Clear,01 - Daylight,01 - Dry,01 - Traffic signal,01 - Functioning,1,0,0,1,01 - Minimal,1,1,,,,351430.5934,5019331.192,45.31238384,-75.90529305,13070
16--9947,2016/09/22,9:32 PM,HUNT CLUB RD @ LORRY GREENBERG DR/SABLE RIDGE  (0008203),8203,03 - At intersection,03 - P.D. only,05 - Turning movement,02 - Rain,07 - Dark,02 - Wet,01 - Traffic signal,01 - Functioning,2,0,0,0,,0,,,,,372823.0801,5024807.285,45.35990955,-75.63173608,13071
16--9948,2016/09/22,9:34 PM,WOODCLIFFE PRIV @ JEANNE D'ARC BLVD (0012420),12420,03 - At intersection,02 - Non-fatal injury,02 - Angle,02 - Rain,07 - Dark,02 - Wet,02 - Stop sign,01 - Functioning,2,0,0,0,02 - Minor,1,,1,,,380106.665,5036223.345,45.46187881,-75.53703506,13072
16--9949,2016/09/22,9:40 PM,WEST HUNT CLUB RD @ WOODROFFE AVE (0000576),576,02 - Intersection related,03 - P.D. only,03 - Rear end,02 - Rain,07 - Dark,02 - Wet,01 - Traffic signal,01 - Functioning,2,0,0,0,,0,,,,,363671.5192,5021245.247,45.32868688,-75.74896199,13073
16--995,2016/01/21,3:23 PM,HIGHWAY 417 btwn HWY417 IC115 RAMP35 & HIGHWAY 417 (__3ZA2US),__3ZA2US,01 - Non intersection,03 - P.D. only,04 - Sideswipe,01 - Clear,01 - Daylight,01 - Dry,10 - No control,,2,0,0,0,,0,,,,,372468.2087,5031500.812,45.42016946,-75.63534737,13074
16--9950,2016/09/22,9:43 AM,WOODROFFE AVE btwn KNOXDALE RD/MEDHURST DR & NORICE ST (__3ZA3JO),__3ZA3JO,01 - Non intersection,03 - P.D. only,03 - Rear end,01 - Clear,01 - Daylight,01 - Dry,10 - No control,,2,0,0,0,,0,,,,,363230.2948,5022306.809,45.33827562,-75.75446499,13075
16--9951,2016/09/23,1:06 PM,HWY417 IC127 RAMP35 btwn HIGHWAY 417 & WOODROFFE AVE (__3ZAYBQ),__3ZAYBQ,01 - Non intersection,03 - P.D. only,04 - Sideswipe,01 - Clear,01 - Daylight,01 - Dry,10 - No control,,2,0,0,0,,0,,,,,362064.7273,5024770.562,45.36054043,-75.7690504,13076
16--9952,2016/09/23,1:25 PM,WEST HUNT CLUB RD @ WOODROFFE AVE (0000576),576,03 - At intersection,03 - P.D. only,99 - Other,01 - Clear,01 - Daylight,01 - Dry,01 - Traffic signal,02 - Not functioning,2,0,0,0,,0,,,,,363670.0324,5021246.269,45.3286962,-75.74898084,13077
16--9953,2016/09/23,10:27 AM,ALBERT ST @ KENT ST (OTTAWA) (0003136),3136,03 - At intersection,03 - P.D. only,05 - Turning movement,01 - Clear,01 - Daylight,01 - Dry,01 - Traffic signal,01 - Functioning,2,0,0,0,,0,,,,,367220.8666,5031319.159,45.41902286,-75.7024132,13078
16--9954,2016/09/23,10:45 AM,MOODIE DR @ ROBERTSON RD (0010545),10545,02 - Intersection related,03 - P.D. only,03 - Rear end,01 - Clear,01 - Daylight,01 - Dry,01 - Traffic signal,01 - Functioning,2,0,0,0,,0,,,,,357065.0616,5020455.474,45.3221035,-75.83331942,13079
16--9955,2016/09/23,10:47 PM,BREWER RD @ BRONSON AVE (0002240),2240,03 - At intersection,03 - P.D. only,05 - Turning movement,01 - Clear,07 - Dark,01 - Dry,01 - Traffic signal,01 - Functioning,2,0,0,0,,0,,,,,368108.3885,5027766.216,45.38697483,-75.69153008,13080
16--9956,2016/09/23,11:04 AM,BANK ST @ QUEENSDALE AVE (0009260),9260,03 - At intersection,03 - P.D. only,02 - Angle,01 - Clear,01 - Daylight,01 - Dry,01 - Traffic signal,01 - Functioning,2,0,0,0,,0,,,,,373335.6452,5023444.855,45.347601,-75.62538319,13081
16--9957,2016/09/23,11:05 AM,BRONSON AVE @ FIFTH AVE/MADAWASKA DR (0006977),6977,02 - Intersection related,03 - P.D. only,03 - Rear end,01 - Clear,01 - Daylight,01 - Dry,01 - Traffic signal,01 - Functioning,2,0,0,0,,0,,,,,367614.5409,5028938.968,45.39757139,-75.69768676,13082
16--9958,2016/09/23,11:46 AM,ALTA VISTA DR btwn AYERS AVE & RIDGEMONT AVE (__3ZBORT),__3ZBORT,01 - Non intersection,02 - Non-fatal injury,03 - Rear end,01 - Clear,01 - Daylight,01 - Dry,10 - No control,,2,0,0,0,02 - Minor,1,,1,,,370486.0438,5026410.098,45.374554,-75.66135024,13083
16--9959,2016/09/23,12:07 PM,CARLING AVE WB btwn HAMILTON AVE S & PARKDALE AVE (__3ZA4UP),__3ZA4UP,01 - Non intersection,03 - P.D. only,04 - Sideswipe,01 - Clear,01 - Daylight,01 - Dry,10 - No control,,2,0,0,0,,0,,,,,365568.2413,5028137.085,45.39053682,-75.72391992,13084
16--996,2016/01/21,3:35 AM,HOLLAND AVE btwn INGLEWOOD PL & CARLING AVE (__3ZA4OM),__3ZA4OM,01 - Non intersection,03 - P.D. only,06 - SMV unattended vehicle,01 - Clear,07 - Dark,01 - Dry,10 - No control,,1,0,0,0,,0,,,,,365374.408,5028134.569,45.39053097,-75.72639547,13085
16--9960,2016/09/23,2:43 PM,ST. ANDREW ST @ SUSSEX DR (0007741),7741,02 - Intersection related,03 - P.D. only,04 - Sideswipe,01 - Clear,01 - Daylight,01 - Dry,02 - Stop sign,01 - Functioning,2,0,0,0,,0,,,,,367577.92,5032598.807,45.43050476,-75.69768829,13086
16--9961,2016/09/23,2:46 PM,BRONSON AVE @ CARLING AVE/GLEBE AVE (0002134),2134,02 - Intersection related,02 - Non-fatal injury,02 - Angle,01 - Clear,01 - Daylight,01 - Dry,01 - Traffic signal,01 - Functioning,2,0,0,0,01 - Minimal,1,1,,,,367448.3656,5029334.903,45.40114879,-75.69975878,13087
16--9962,2016/09/23,3:00 PM,ST. JOSEPH BLVD btwn GREY NUNS DR & BOYER RD (__3ZA2BW),__3ZA2BW,01 - Non intersection,03 - P.D. only,03 - Rear end,01 - Clear,01 - Daylight,01 - Dry,10 - No control,,2,0,0,0,,0,,,,,380322.0981,5036777.685,45.46684307,-75.53419549,13088
16--9963,2016/09/23,3:19 PM,PRINCE OF WALES DR @ WEST HUNT CLUB RD (0000567),567,02 - Intersection related,03 - P.D. only,04 - Sideswipe,02 - Rain,01 - Daylight,02 - Wet,01 - Traffic signal,01 - Functioning,2,0,0,0,,0,,,,,367458.0517,5021890.845,45.33416803,-75.70057916,13089
16--9964,2016/09/23,3:20 PM,REGIONAL ROAD 174 btwn OR174 IC102 RAMP51 & REGIONAL ROAD 174 (__3ZA1I7),__3ZA1I7,01 - Non intersection,03 - P.D. only,07 - SMV other,01 - Clear,01 - Daylight,01 - Dry,10 - No control,,1,0,0,0,,0,,,,,381143.9646,5037982.432,45.47759304,-75.52349949,13090
16--9965,2016/09/23,4:20 PM,REGIONAL ROAD 174 EB btwn OR174 IC109 RAMP55 & TRANSIT (__3ZA28V),__3ZA28V,01 - Non intersection,02 - Non-fatal injury,03 - Rear end,01 - Clear,01 - Daylight,01 - Dry,10 - No control,,2,0,0,0,02 - Minor,2,1,1,,,376505.1673,5035057.806,45.45177099,-75.58325217,13091
16--9966,2016/09/23,4:38 PM,BRONSON AVE @ SOMERSET ST (0002218),2218,02 - Intersection related,03 - P.D. only,04 - Sideswipe,01 - Clear,01 - Daylight,01 - Dry,01 - Traffic signal,01 - Functioning,2,0,0,0,,0,,,,,366967.4766,5030475.475,45.4114542,-75.70575702,13092
16--9967,2016/09/23,4:46 PM,BAYCREST DR @ WALKLEY RD (0006958),6958,03 - At intersection,03 - P.D. only,02 - Angle,01 - Clear,01 - Daylight,01 - Dry,01 - Traffic signal,01 - Functioning,2,0,0,0,,0,,,,,371421.9501,5026590.747,45.37609106,-75.64937796,13093
16--9968,2016/09/23,5:20 PM,BRISTOL AVE @ SUNNYSIDE AVE (0008018),8018,03 - At intersection,03 - P.D. only,02 - Angle,01 - Clear,01 - Daylight,01 - Dry,02 - Stop sign,01 - Functioning,2,0,0,0,,0,,,,,369241.9276,5028891.769,45.39699882,-75.67690889,13094
16--9969,2016/09/23,5:33 PM,HIGHWAY 417 btwn HWY417 IC121B RAMP51 & HWY417 IC121A RAMP51 (__3ZA2YW),__3ZA2YW,01 - Non intersection,02 - Non-fatal injury,03 - Rear end,01 - Clear,01 - Daylight,01 - Dry,10 - No control,,2,0,0,0,01 - Minimal,1,1,,,,367024.1358,5029648.647,45.4040096,-75.70513758,13095
16--997,2016/01/21,3:42 PM,CARLING AVE @ RICHMOND RD (0010847),10847,03 - At intersection,03 - P.D. only,04 - Sideswipe,01 - Clear,01 - Daylight,01 - Dry,01 - Traffic signal,01 - Functioning,2,0,0,0,,0,,,,,360245.4595,5024781.293,45.36078323,-75.79226924,13096
16--9970,2016/09/23,5:44 PM,HIGHWAY 417 btwn HWY417 IC122 RAMP61 & HWY417 IC121B RAMP16 (__3ZA2Y4),__3ZA2Y4,01 - Non intersection,03 - P.D. only,03 - Rear end,01 - Clear,01 - Daylight,01 - Dry,10 - No control,,2,0,0,0,,0,,,,,366077.5107,5029344.713,45.40135839,-75.71726656,13097
16--9971,2016/09/23,6:00 PM,CATHERINE ST @ KENT ST (0002707),2707,02 - Intersection related,03 - P.D. only,04 - Sideswipe,01 - Clear,01 - Daylight,01 - Dry,01 - Traffic signal,01 - Functioning,2,0,0,0,,0,,,,,367909.3638,5030188.15,45.40878464,-75.69376158,13098
16--9972,2016/09/23,6:20 PM,DONALD B. MUNRO DR/OLD CARP RD W @ MARCH RD (0010866),10866,03 - At intersection,02 - Non-fatal injury,02 - Angle,01 - Clear,01 - Daylight,01 - Dry,02 - Stop sign,01 - Functioning,2,0,0,0,02 - Minor,1,,1,,,343091.9871,5022593.049,45.34223948,-76.01138353,13099
16--9973,2016/09/23,6:45 AM,HIGHWAY 417 btwn HWY417 IC115 RAMP36 & HWY417 IC115 RAMP26 (__3ZA2R4),__3ZA2R4,01 - Non intersection,03 - P.D. only,03 - Rear end,02 - Rain,03 - Dawn,02 - Wet,10 - No control,,2,0,0,0,,0,,,,,372477.9583,5031523.456,45.42037225,-75.6352197,13100
16--9523,2016/09/11,4:35 PM,KANATA AVE @ TERRY FOX DR (0012691),12691,03 - At intersection,02 - Non-fatal injury,05 - Turning movement,01 - Clear,01 - Daylight,01 - Dry,01 - Traffic signal,01 - Functioning,2,0,0,0,01 - Minimal,2,2,,,,349314.838,5019207.735,45.31141024,-75.93228623,13101
16--9613,2016/09/14,5:30 PM,HAWTHORNE RD/RUSSELL RD @ WALKLEY RD (0002618),2618,02 - Intersection related,03 - P.D. only,03 - Rear end,01 - Clear,01 - Daylight,01 - Dry,01 - Traffic signal,01 - Functioning,2,0,0,0,,0,,,,,374673.7955,5028499.697,45.39295015,-75.60759346,13102
16--9343,2016/09/06,9:30 AM,CUMBERLAND ST @ RIDEAU ST (0007759),7759,02 - Intersection related,03 - P.D. only,99 - Other,01 - Clear,01 - Daylight,01 - Dry,01 - Traffic signal,01 - Functioning,2,0,0,0,,0,,,,,368372.8547,5032332.044,45.42803272,-75.68756436,13103
16--9073,2016/08/30,1:04 PM,BANK ST @ PORTLAND AVE (0006964),6964,03 - At intersection,02 - Non-fatal injury,04 - Sideswipe,01 - Clear,01 - Daylight,01 - Dry,02 - Stop sign,00 - Unknown,2,1,0,0,02 - Minor,1,,1,,,370107.3479,5026553.319,45.37587805,-75.6661658,13104
16--9703,2016/09/16,8:20 PM,TERRY FOX DR btwn FLAMBOROUGH WAY/INNOVATION DR & STATEWOOD DR (__8IAYKC),__8IAYKC,01 - Non intersection,02 - Non-fatal injury,07 - SMV other,01 - Clear,07 - Dark,08 - Loose sand or gravel,10 - No control,,1,0,1,0,01 - Minimal,1,1,,,,349162.408,5022748.511,45.34328074,-75.93391286,13105
16--9253,2016/09/03,2:45 PM,CAVAN ST @ LAPERRIERE AVE (0006732),6732,03 - At intersection,03 - P.D. only,02 - Angle,01 - Clear,01 - Daylight,01 - Dry,02 - Stop sign,01 - Functioning,2,0,0,0,,0,,,,,364392.3634,5026880.765,45.37933372,-75.73908755,13106
16--9163,2016/09/01,2:12 PM,WOODROFFE AVE btwn KNOXDALE RD/MEDHURST DR & NORICE ST (__3ZA3JO),__3ZA3JO,01 - Non intersection,03 - P.D. only,03 - Rear end,01 - Clear,01 - Daylight,01 - Dry,10 - No control,,2,0,0,0,,0,,,,,363251.2358,5022260.013,45.33785281,-75.75420335,13107
16--9524,2016/09/11,5:00 PM,VANIER PKWY/CRICHTON ST @ BEECHWOOD AVE/ST. PA (0001604),1604,02 - Intersection related,03 - P.D. only,03 - Rear end,01 - Clear,01 - Daylight,01 - Dry,01 - Traffic signal,01 - Functioning,3,0,0,0,,0,,,,,369127.8708,5033486.986,45.4383554,-75.67776565,13108
16--9614,2016/09/14,5:37 PM,PRINCE OF WALES DR btwn GREENBANK RD & PRINCE OF WALES DR (__3ZA2UU),__3ZA2UU,01 - Non intersection,03 - P.D. only,03 - Rear end,01 - Clear,01 - Daylight,01 - Dry,10 - No control,,4,0,0,0,,0,,,,,366316.5552,5009167.094,45.21978143,-75.7167183,13109
16--9433,2016/09/09,10:55 AM,BANKFIELD RD @ PRINCE OF WALES DR (0003618),3618,02 - Intersection related,03 - P.D. only,03 - Rear end,01 - Clear,01 - Daylight,01 - Dry,01 - Traffic signal,01 - Functioning,2,0,0,0,,0,,,,,366380.2254,5008975.119,45.21804847,-75.71593141,13110
16--9344,2016/09/07,1:30 PM,ARLINGTON AVE btwn KENT ST & BANK ST (__3ZA977),__3ZA977,01 - Non intersection,03 - P.D. only,04 - Sideswipe,01 - Clear,01 - Daylight,01 - Dry,10 - No control,,2,0,0,0,,0,,,,,367997.0441,5030340.74,45.41014968,-75.69262199,13111
16--9704,2016/09/16,8:36 AM,KANATA AVE @ TERRY FOX DR (0012691),12691,02 - Intersection related,03 - P.D. only,03 - Rear end,01 - Clear,01 - Daylight,01 - Dry,01 - Traffic signal,01 - Functioning,2,0,0,0,,0,,,,,349307.5238,5019211.999,45.31144907,-75.93237913,13112
16--9254,2016/09/03,3:30 PM,BASIL MACDONALD WAY btwn MERIVALE RD & GRANT CARMAN DR (__4BBEMB),__4BBEMB,04 - At/near private drive,03 - P.D. only,02 - Angle,01 - Clear,01 - Daylight,01 - Dry,10 - No control,,2,0,0,0,,0,,,,,365182.8567,5023222.992,45.34635399,-75.72944189,13113
16--9164,2016/09/01,2:16 PM,ROBERTSON RD btwn MILL HILL RD & WESTCLIFFE RD (__3ZA41Y),__3ZA41Y,01 - Non intersection,03 - P.D. only,04 - Sideswipe,01 - Clear,01 - Daylight,01 - Dry,10 - No control,,2,0,0,0,,0,,,,,356357.4443,5020030.634,45.31833307,-75.84238924,13114
16--9525,2016/09/11,5:57 PM,WALDEN DR btwn BURGER GT & SLADE CRES (__3ZA5J1),__3ZA5J1,04 - At/near private drive,02 - Non-fatal injury,03 - Rear end,01 - Clear,01 - Daylight,01 - Dry,10 - No control,,2,0,0,0,02 - Minor,1,,1,,,350405.9382,5021108.136,45.32844053,-75.91819676,13115
16--9615,2016/09/14,6:28 AM,WOODKILTON RD btwn RIVERWOOD DR & GALETTA SIDE RD (__3ZACDR),__3ZACDR,01 - Non intersection,03 - P.D. only,07 - SMV other,01 - Clear,03 - Dawn,01 - Dry,10 - No control,,1,0,0,0,,0,,,,,332654.8534,5039564.657,45.4954487,-76.14360174,13116
16--9434,2016/09/09,11:16 AM,L'ALLEMAND ST @ MONTREAL RD (0009796),9796,03 - At intersection,02 - Non-fatal injury,02 - Angle,01 - Clear,01 - Daylight,01 - Dry,02 - Stop sign,01 - Functioning,2,1,0,0,01 - Minimal,1,1,,,,370571.4889,5033348.37,45.43697389,-75.65933392,13117
16--9345,2016/09/07,1:44 PM,AVIATION PKWY NB @ LA CITE PRIV (0009078),9078,03 - At intersection,02 - Non-fatal injury,02 - Angle,01 - Clear,01 - Daylight,01 - Dry,02 - Stop sign,01 - Functioning,2,0,0,0,02 - Minor,1,,1,,,372501.4111,5033247.788,45.4358847,-75.63468302,13118
16--9346,2016/09/07,10:00 PM,ST. LAURENT BLVD @ MCARTHUR AVE (0008246),8246,02 - Intersection related,03 - P.D. only,03 - Rear end,02 - Rain,07 - Dark,02 - Wet,01 - Traffic signal,01 - Functioning,2,0,0,0,,0,,,,,371922.1782,5032888.723,45.43270984,-75.64213452,13119