Anom_ID,Accident_Date,Accident_Time,Location,Geo_ID,Accident_Location,Classification_of_Accident,Initial_Impact_Type,Environment_Condition,Light,Road_Surface_Condition,Traffic_Control,Traffic_Control_Condition,No__of_Vehicles,No__of_Bicycles,No__of_Motorcycles,No__of_Pedestrians,Max_Injury,No__of_Injuries,No__of_Minimal,No__of_Minor,No__of_Major,No__of_Fatal,X,Y,Latitude,Longitude,ObjectId
16--9347,2016/09/07,10:03 AM,BASELINE RD @ MERIVALE RD (0002342),2342,02 - Intersection related,03 - P.D. only,99 - Other,02 - Rain,01 - Daylight,02 - Wet,01 - Traffic signal,01 - Functioning,2,0,0,0,,0,,,,,365054.4769,5025325.295,45.36528124,-75.73082379,13120
16--9348,2016/09/07,10:15 AM,BANK ST btwn RIDEAU RD & TURN LANE (__3ZBPH9),__3ZBPH9,04 - At/near private drive,02 - Non-fatal injury,03 - Rear end,01 - Clear,01 - Daylight,01 - Dry,10 - No control,,2,0,0,0,01 - Minimal,1,1,,,,377674.6961,5016125.505,45.28130743,-75.57109416,13121
16--9349,2016/09/07,10:20 AM,OSGOODE ST btwn KING EDWARD AVE & HENDERSON AVE (__3ZA8HJ),__3ZA8HJ,01 - Non intersection,03 - P.D. only,06 - SMV unattended vehicle,01 - Clear,01 - Daylight,01 - Dry,10 - No control,,1,0,0,0,,0,,,,,368915.1,5031894.482,45.4240462,-75.68069235,13122
16--935,2016/01/20,4:38 PM,CORKSTOWN RD @ MARCH RD (0003153),3153,03 - At intersection,03 - P.D. only,04 - Sideswipe,01 - Clear,05 - Dusk,02 - Wet,02 - Stop sign,00 - Unknown,2,0,0,0,,0,,,,,352656.6834,5020881.946,45.32625536,-75.88950706,13123
16--9350,2016/09/07,10:22 AM,JOCKVALE RD @ STRANDHERD DR (0010541),10541,03 - At intersection,02 - Non-fatal injury,05 - Turning movement,01 - Clear,01 - Daylight,01 - Dry,01 - Traffic signal,01 - Functioning,2,0,0,0,02 - Minor,2,,2,,,363560.7,5014578.057,45.26870491,-75.75116573,13124
16--9351,2016/09/07,11:00 PM,HIGHWAY 417 btwn HWY417 IC104 RAMP15 & HWY417 IC96 RAMP51 (__3ZA2W4),__3ZA2W4,01 - Non intersection,02 - Non-fatal injury,03 - Rear end,01 - Clear,07 - Dark,01 - Dry,10 - No control,,3,0,0,0,02 - Minor,1,,1,,,381339.1228,5025628.422,45.36641962,-75.52292297,13125
16--9352,2016/09/07,11:16 AM,HAWTHORNE AVE btwn ISABELLA ST & COLONEL BY DR (__3ZA2FY),__3ZA2FY,07 - Overpass or bridge,03 - P.D. only,07 - SMV other,01 - Clear,01 - Daylight,01 - Dry,10 - No control,,1,0,0,0,,0,,,,,368672.4131,5030478.018,45.41132355,-75.68397686,13126
16--9353,2016/09/07,11:45 AM,LEITRIM RD btwn RIVER RD & LIMEBANK RD (__3ZA38L),__3ZA38L,01 - Non intersection,03 - P.D. only,07 - SMV other,01 - Clear,01 - Daylight,01 - Dry,10 - No control,,1,0,0,0,,0,,,,,368047.8042,5017186.679,45.2917878,-75.69365606,13127
16--9354,2016/09/07,Unknown,LIVERPOOL CRT btwn NEWMARKET ST & END (__3ZA1DS),__3ZA1DS,01 - Non intersection,03 - P.D. only,06 - SMV unattended vehicle,01 - Clear,00 - Unknown,02 - Wet,10 - No control,,1,0,0,0,,0,,,,,373480.5099,5030426.363,45.41040345,-75.62256362,13128
16--9355,2016/09/07,12:19 PM,INDUSTRIAL AVE @ ALTA VISTA DR/SANDFORD FLEMIN (0006979),6979,02 - Intersection related,02 - Non-fatal injury,03 - Rear end,01 - Clear,01 - Daylight,01 - Dry,01 - Traffic signal,01 - Functioning,3,0,0,0,01 - Minimal,1,1,,,,370883.8956,5030557.156,45.41183027,-75.65571576,13129
16--9356,2016/09/07,12:38 PM,FRANK NIGHBOR PL btwn SILVER SEVEN RD & END (__3ZAZH1),__3ZAZH1,04 - At/near private drive,02 - Non-fatal injury,02 - Angle,01 - Clear,01 - Daylight,01 - Dry,10 - No control,,2,0,1,0,01 - Minimal,1,1,,,,350719.2708,5018190.664,45.30216793,-75.91447015,13130
16--9357,2016/09/07,12:45 PM,AMBERWOOD CRES @ MERIVALE RD (0000101),101,02 - Intersection related,02 - Non-fatal injury,03 - Rear end,01 - Clear,01 - Daylight,01 - Dry,01 - Traffic signal,01 - Functioning,2,0,0,0,02 - Minor,1,,1,,,366408.9367,5020017.055,45.31740082,-75.71419613,13131
16--9358,2016/09/07,2:06 PM,WOODROFFE AVE @ SPORTSPLEX S (0010592),10592,02 - Intersection related,03 - P.D. only,03 - Rear end,01 - Clear,01 - Daylight,01 - Dry,01 - Traffic signal,01 - Functioning,2,0,0,0,,0,,,,,363830.7551,5020898.76,45.32555584,-75.74697207,13132
16--9074,2016/08/30,1:04 PM,BRITANNIA RD @ DON ST (0003013),3013,03 - At intersection,03 - P.D. only,02 - Angle,01 - Clear,01 - Daylight,01 - Dry,02 - Stop sign,01 - Functioning,2,0,0,0,,0,,,,,360011.0156,5025111.173,45.36376998,-75.7952247,13133
16--9359,2016/09/07,2:13 PM,LYNDALE AVE @ PARKDALE AVE (0006504),6504,02 - Intersection related,03 - P.D. only,03 - Rear end,01 - Clear,01 - Daylight,01 - Dry,01 - Traffic signal,00 - Unknown,2,0,0,0,,0,,,,,364862.138,5029928.968,45.40672071,-75.73271865,13134
16--936,2016/01/20,5:04 PM,ST. JOSEPH BLVD @ TENTH LINE RD (0009163),9163,03 - At intersection,03 - P.D. only,02 - Angle,01 - Clear,05 - Dusk,02 - Wet,01 - Traffic signal,01 - Functioning,2,0,0,0,,0,,,,,382891.3767,5038666.195,45.48355168,-75.50104336,13135
16--9360,2016/09/07,2:22 PM,GLADSTONE AVE @ ROCHESTER ST (0006496),6496,03 - At intersection,02 - Non-fatal injury,02 - Angle,01 - Clear,01 - Daylight,01 - Dry,01 - Traffic signal,01 - Functioning,2,0,0,0,02 - Minor,2,,2,,,366662.4785,5029786.468,45.40528173,-75.70973972,13136
16--9361,2016/09/07,2:32 PM,GLOUCESTER ST btwn METCALFE ST & ELGIN ST (__3ZA9VJ),__3ZA9VJ,01 - Non intersection,03 - P.D. only,06 - SMV unattended vehicle,01 - Clear,01 - Daylight,01 - Dry,10 - No control,,1,0,0,0,,0,,,,,367903.0656,5031427.743,45.41993866,-75.69368332,13137
16--9362,2016/09/07,2:33 PM,NORICE ST @ WOODROFFE AVE (0001542),1542,02 - Intersection related,02 - Non-fatal injury,03 - Rear end,01 - Clear,01 - Daylight,01 - Dry,01 - Traffic signal,01 - Functioning,2,0,0,0,01 - Minimal,1,1,,,,363193.8558,5022397.078,45.33909089,-75.75491924,13138
16--9363,2016/09/07,2:46 PM,FALLOWFIELD RD btwn ASHDALE AVE & PRINCE OF WALES DR (__3ZA3IQ),__3ZA3IQ,01 - Non intersection,02 - Non-fatal injury,03 - Rear end,01 - Clear,01 - Daylight,01 - Dry,10 - No control,,2,0,0,0,01 - Minimal,2,2,,,,367313.5816,5019112.226,45.30917933,-75.70277293,13139
16--9364,2016/09/07,3:03 PM,BASELINE RD @ CENTREPOINTE DR E/HIGHGATE RD (0011468),11468,03 - At intersection,02 - Non-fatal injury,03 - Rear end,"07 - Fog, mist, smoke, dust",01 - Daylight,01 - Dry,01 - Traffic signal,01 - Functioning,2,0,0,0,01 - Minimal,1,1,,,,362060.8584,5023464.263,45.34878675,-75.76925108,13140
16--9365,2016/09/07,3:15 PM,HIGHWAY 417 btwn HWY417 IC115 RAMP36 & HWY417 IC115 RAMP26 (__3ZA2R4),__3ZA2R4,01 - Non intersection,03 - P.D. only,03 - Rear end,01 - Clear,01 - Daylight,01 - Dry,10 - No control,,3,0,0,0,,0,,,,,372493.1565,5031525.397,45.42038825,-75.63502525,13141
16--9366,2016/09/07,3:20 PM,HIGHWAY 417 btwn HWY417 IC117 RAMP26 & HWY417 IC117 RAMP61 (__3ZA2YM),__3ZA2YM,01 - Non intersection,03 - P.D. only,03 - Rear end,01 - Clear,01 - Daylight,01 - Dry,10 - No control,,2,0,0,0,,0,,,,,370828.0184,5031217.524,45.41777727,-75.65634109,13142
16--9367,2016/09/07,3:24 PM,MONTREAL RD @ NORTH RIVER RD (0009805),9805,02 - Intersection related,03 - P.D. only,03 - Rear end,01 - Clear,01 - Daylight,01 - Dry,01 - Traffic signal,00 - Unknown,2,0,0,0,,0,,,,,369739.7086,5032887.585,45.43290568,-75.67002507,13143
16--9368,2016/09/07,4:10 PM,HIGHWAY 417 btwn HWY417 IC119B RAMP57 & HWY417 IC119A RAMP75 (__3ZA1QN),__3ZA1QN,01 - Non intersection,03 - P.D. only,03 - Rear end,01 - Clear,01 - Daylight,01 - Dry,10 - No control,,2,0,0,0,,0,,,,,368588.2,5030514.717,45.41166144,-75.68504789,13144
16--9369,2016/09/07,4:41 PM,STAGECOACH RD btwn APPLE ORCHARD RD & WELLWOOD ST (__3ZBOF8),__3ZBOF8,01 - Non intersection,02 - Non-fatal injury,03 - Rear end,01 - Clear,01 - Daylight,01 - Dry,10 - No control,,2,0,0,0,01 - Minimal,1,1,,,,376271.5514,5012530.22,45.2491023,-75.58949453,13145
16--937,2016/01/20,5:06 PM,DUNDEGAN DR btwn GLAMORGAN DR & GLAMORGAN DR (__3ZACL2),__3ZACL2,04 - At/near private drive,03 - P.D. only,06 - SMV unattended vehicle,01 - Clear,05 - Dusk,05 - Packed snow,10 - No control,,1,0,0,0,,0,,,,,353507.6951,5016605.728,45.28771851,-75.87907185,13146
16--9370,2016/09/07,4:45 PM,BOURASSA ST @ ST. LAURENT BLVD (0007731),7731,02 - Intersection related,03 - P.D. only,03 - Rear end,01 - Clear,01 - Daylight,01 - Dry,01 - Traffic signal,01 - Functioning,2,0,0,0,,0,,,,,373235.9038,5029693.143,45.40383024,-75.62579002,13147
16--9371,2016/09/07,5:03 PM,CARP RD @ WESTBROOK RD (0001681),1681,02 - Intersection related,03 - P.D. only,03 - Rear end,01 - Clear,01 - Daylight,01 - Dry,01 - Traffic signal,01 - Functioning,3,0,0,0,,0,,,,,347736.6466,5015442.67,45.27762914,-75.9527385,13148
16--9372,2016/09/07,5:22 PM,HERON RD WB btwn RIVERSIDE DR & BRONSON AVE RAMP 36 (__3ZA4TO),__3ZA4TO,01 - Non intersection,02 - Non-fatal injury,03 - Rear end,01 - Clear,01 - Daylight,01 - Dry,10 - No control,,2,0,0,0,01 - Minimal,1,1,,,,368320.6908,5026669.167,45.37708467,-75.68896034,13149
16--9373,2016/09/07,5:45 PM,ISLAND PARK DR @ SCOTT ST (0002126),2126,02 - Intersection related,03 - P.D. only,04 - Sideswipe,01 - Clear,01 - Daylight,01 - Dry,01 - Traffic signal,01 - Functioning,2,0,0,0,,0,,,,,363833.47,5029040.334,45.39881247,-75.74596489,13150
16--9374,2016/09/07,6:50 PM,HWY417 IC127 RAMP53 btwn HWY417 IC127 RAMP51 & WOODROFFE AVE (__3ZAYBN),__3ZAYBN,01 - Non intersection,03 - P.D. only,03 - Rear end,01 - Clear,01 - Daylight,01 - Dry,10 - No control,,2,0,0,0,,0,,,,,362199.2379,5024633.549,45.35929659,-75.76734951,13151
16--9375,2016/09/07,6:58 AM,REGIONAL ROAD 174 btwn Continuation of REGIONAL ROAD 174 & OR174 IC112 (__3ZA2YI),__3ZA2YI,01 - Non intersection,03 - P.D. only,03 - Rear end,01 - Clear,01 - Daylight,01 - Dry,10 - No control,,2,0,0,0,,0,,,,,374121.5024,5032340.148,45.4275595,-75.61410627,13152
16--9376,2016/09/07,7:30 AM,WALKLEY EXTENSION RD btwn HWY417 IC110 RAMP64 & HWY417 IC110 RAMP66 (__3ZA3RW),__3ZA3RW,01 - Non intersection,02 - Non-fatal injury,05 - Turning movement,01 - Clear,01 - Daylight,01 - Dry,10 - No control,,2,0,0,0,02 - Minor,1,,1,,,376081.6539,5029219.342,45.39928324,-75.58951101,13153
16--9377,2016/09/07,7:31 AM,HIGHWAY 417 btwn REGIONAL ROAD 174 & HWY417 IC113 RAMP62 (__3ZA280),__3ZA280,01 - Non intersection,03 - P.D. only,04 - Sideswipe,01 - Clear,01 - Daylight,01 - Dry,10 - No control,,2,0,0,0,,0,,,,,373281.3965,5031729.587,45.42214874,-75.62492601,13154
16--9378,2016/09/07,8:08 PM,AVIATION PKWY @ OGILVIE RD (0004114),4114,02 - Intersection related,02 - Non-fatal injury,03 - Rear end,01 - Clear,07 - Dark,01 - Dry,01 - Traffic signal,01 - Functioning,2,0,1,0,01 - Minimal,1,1,,,,373112.3206,5032376.318,45.42798423,-75.62699657,13155
16--9379,2016/09/07,8:13 AM,CARP RD @ WESTBROOK RD (0001681),1681,02 - Intersection related,02 - Non-fatal injury,03 - Rear end,01 - Clear,01 - Daylight,01 - Dry,01 - Traffic signal,01 - Functioning,3,0,0,0,01 - Minimal,1,1,,,,347737.2724,5015440.517,45.27760973,-75.95273071,13156
16--938,2016/01/20,5:40 PM,CARLING AVE @ KIRKWOOD AVE N (0002358),2358,03 - At intersection,03 - P.D. only,05 - Turning movement,01 - Clear,07 - Dark,01 - Dry,01 - Traffic signal,01 - Functioning,2,0,0,0,,0,,,,,364275.9363,5027492.858,45.38485112,-75.74050029,13157
16--9380,2016/09/07,8:15 AM,COLONEL BY DR btwn SENECA ST & LEONARD AVE (__3ZA21K),__3ZA21K,01 - Non intersection,03 - P.D. only,04 - Sideswipe,01 - Clear,01 - Daylight,01 - Dry,10 - No control,,2,0,0,0,,0,,,,,368134.6546,5028531.226,45.39385579,-75.6910965,13158
16--9381,2016/09/07,8:25 AM,REGIONAL ROAD 174 btwn Continuation of REGIONAL ROAD 174 & OR174 IC112 (__3ZA2YI),__3ZA2YI,01 - Non intersection,03 - P.D. only,03 - Rear end,01 - Clear,01 - Daylight,01 - Dry,10 - No control,,4,0,0,0,,0,,,,,374439.1284,5032577.435,45.42966293,-75.6100141,13159
16--9382,2016/09/07,8:26 PM,REGIONAL ROAD 174 btwn OR174 IC101 RAMP61 & TRIM RD (__3ZA11N),__3ZA11N,01 - Non intersection,02 - Non-fatal injury,03 - Rear end,01 - Clear,07 - Dark,01 - Dry,10 - No control,,2,0,0,0,01 - Minimal,1,1,,,,383338.011,5039295.539,45.48916383,-75.49523016,13160
16--9383,2016/09/07,8:36 AM,BLOHM DR @ JOHNSTON RD (0002286),2286,02 - Intersection related,03 - P.D. only,03 - Rear end,01 - Clear,01 - Daylight,01 - Dry,02 - Stop sign,01 - Functioning,2,0,0,0,,0,,,,,374577.2811,5026456.863,45.37457932,-75.60911473,13161
16--9384,2016/09/07,8:44 PM,ST. JOSEPH BLVD @ REGIONAL RD 174/TRANSITWAY (0012428),12428,02 - Intersection related,03 - P.D. only,03 - Rear end,02 - Rain,07 - Dark,02 - Wet,01 - Traffic signal,01 - Functioning,2,0,0,0,,0,,,,,376558.2547,5035055.551,45.45174526,-75.58257387,13162
16--9385,2016/09/07,8:53 AM,KING EDWARD AVE @ SUSSEX DR (0002653),2653,02 - Intersection related,03 - P.D. only,04 - Sideswipe,01 - Clear,01 - Daylight,01 - Dry,01 - Traffic signal,01 - Functioning,2,0,0,0,,0,,,,,367663.0414,5033503.817,45.43864008,-75.69648497,13163
16--9386,2016/09/07,9:05 AM,RIVER RD btwn FLAG STATION RD & SUMMERSIDE DR (__3ZA3TY),__3ZA3TY,01 - Non intersection,03 - P.D. only,07 - SMV other,01 - Clear,01 - Daylight,01 - Dry,10 - No control,,1,0,0,0,,0,,,,,373291.2794,5005507.267,45.18620726,-75.6284229,13164
16--9387,2016/09/07,9:20 PM,HWY417 IC131 RAMP55 btwn HIGHWAY 417 & HWY416 IC75B RAMP25 (__3ZAYG7),__3ZAYG7,01 - Non intersection,03 - P.D. only,07 - SMV other,02 - Rain,07 - Dark,02 - Wet,10 - No control,,1,0,0,0,,0,,,,,358666.8399,5022899.312,45.3439722,-75.812623,13165
16--9388,2016/09/07,9:43 AM,NORICE ST @ WOODROFFE AVE (0001542),1542,02 - Intersection related,03 - P.D. only,03 - Rear end,01 - Clear,01 - Daylight,01 - Dry,01 - Traffic signal,01 - Functioning,2,0,0,0,,0,,,,,363195.1432,5022396.344,45.33908418,-75.7549029,13166
16--9389,2016/09/07,9:59 PM,BLAIR RD @ REGIONAL RD 174 S/OR174 IC112 RAMP15 (0012435),12435,03 - At intersection,03 - P.D. only,03 - Rear end,02 - Rain,07 - Dark,02 - Wet,01 - Traffic signal,01 - Functioning,2,0,0,0,,0,,,,,374904.385,5032660.501,45.43036383,-75.60405704,13167
16--939,2016/01/20,6:00 PM,PRINCE OF WALES DR btwn WELLSMERE CRT & TURN LANE (__3ZA2Y6),__3ZA2Y6,01 - Non intersection,03 - P.D. only,03 - Rear end,01 - Clear,07 - Dark,01 - Dry,10 - No control,,3,0,0,0,,0,,,,,367435.6721,5022091.926,45.33597932,-75.70083921,13168
16--9390,2016/09/08,1:14 PM,LYON ST @ WELLINGTON ST (0002388),2388,03 - At intersection,03 - P.D. only,05 - Turning movement,01 - Clear,01 - Daylight,01 - Dry,01 - Traffic signal,01 - Functioning,2,0,0,0,,0,,,,,366935.0515,5031425.507,45.42000519,-75.70605146,13169
16--9391,2016/09/08,1:51 PM,OGILVIE RD @ CITY PARK DR E/CSIS HQ ACCESS (0003696),3696,03 - At intersection,02 - Non-fatal injury,05 - Turning movement,02 - Rain,01 - Daylight,02 - Wet,01 - Traffic signal,01 - Functioning,2,0,0,0,02 - Minor,3,1,2,,,374189.0265,5033010.811,45.43358707,-75.61314894,13170
16--9392,2016/09/08,10:02 PM,VICTORIA ST btwn 9TH LINE RD & YORKS CORNERS RD (__3ZA3X9),__3ZA3X9,01 - Non intersection,03 - P.D. only,07 - SMV other,01 - Clear,07 - Dark,01 - Dry,10 - No control,,1,0,0,0,,0,,,,,387174.7389,5012239.983,45.24529927,-75.45066427,13171
16--9393,2016/09/08,10:09 AM,GREENBANK RD @ IRIS ST/HWY 417 IC129 RAMP51 (0009073),9073,02 - Intersection related,03 - P.D. only,03 - Rear end,02 - Rain,01 - Daylight,02 - Wet,01 - Traffic signal,01 - Functioning,2,0,0,0,,0,,,,,360530.407,5023314.139,45.34755922,-75.7887977,13172
16--9394,2016/09/08,10:39 AM,ST. LAURENT BLVD btwn COVENTRY RD & LEMIEUX ST (__3ZA2C9),__3ZA2C9,01 - Non intersection,03 - P.D. only,03 - Rear end,01 - Clear,01 - Daylight,01 - Dry,10 - No control,,2,0,0,0,,0,,,,,372312.3448,5031937.082,45.42410987,-75.63727896,13173
16--9395,2016/09/08,11:07 PM,CARLING AVE @ MERIVALE RD (0002148),2148,02 - Intersection related,02 - Non-fatal injury,03 - Rear end,01 - Clear,07 - Dark,01 - Dry,01 - Traffic signal,01 - Functioning,2,0,0,0,01 - Minimal,1,1,,,,364896.3601,5027700.13,45.38666316,-75.73255304,13174
16--9396,2016/09/08,Unknown,CARRUTHERS AVE btwn LYNDALE AVE & STONEHURST AVE (__3ZBOM4),__3ZBOM4,01 - Non intersection,03 - P.D. only,06 - SMV unattended vehicle,01 - Clear,00 - Unknown,01 - Dry,10 - No control,,1,0,0,0,,0,,,,,365085.5085,5030012.433,45.40745251,-75.72985519,13175
16--9397,2016/09/08,12:07 PM,WOODROFFE AVE @ KNOXDALE RD/MEDHURST DR (0000519),519,02 - Intersection related,02 - Non-fatal injury,03 - Rear end,02 - Rain,01 - Daylight,02 - Wet,01 - Traffic signal,01 - Functioning,2,0,0,0,02 - Minor,3,2,1,,,363421.6816,5021825.484,45.33392873,-75.75208024,13176
16--9398,2016/09/08,12:19 PM,CARLING AVE @ MAITLAND AVE/SHERBOURNE RD (0002641),2641,02 - Intersection related,03 - P.D. only,03 - Rear end,01 - Clear,01 - Daylight,01 - Dry,01 - Traffic signal,01 - Functioning,2,0,0,0,,0,,,,,362941.0416,5026487.285,45.37591518,-75.75766368,13177
16--9399,2016/09/08,12:36 PM,FITZGERALD RD @ ROBERTSON RD (0005301),5301,03 - At intersection,03 - P.D. only,05 - Turning movement,01 - Clear,01 - Daylight,01 - Dry,01 - Traffic signal,01 - Functioning,2,0,0,0,,0,,,,,356790.2342,5020289.079,45.32062667,-75.83684228,13178
16--94,2016/01/04,12:00 PM,SPRUCE ST btwn ROCHESTER ST & BOOTH ST (__3ZA0WX),__3ZA0WX,01 - Non intersection,03 - P.D. only,06 - SMV unattended vehicle,01 - Clear,01 - Daylight,03 - Loose snow,10 - No control,,1,0,0,0,,0,,,,,366545.671,5030316.884,45.41006459,-75.7111653,13179
16--940,2016/01/20,6:01 PM,INNES RD btwn BEARBROOK RD & 173 W OF ORIENT PARK DR (__3ZA2AZA),__3ZA2AZA,04 - At/near private drive,03 - P.D. only,02 - Angle,01 - Clear,07 - Dark,01 - Dry,10 - No control,,2,0,0,0,,0,,,,,378029.6403,5032861.67,45.43185357,-75.56409121,13180
16--9400,2016/09/08,12:38 PM,BREWER RD @ BRONSON AVE (0002240),2240,02 - Intersection related,02 - Non-fatal injury,03 - Rear end,01 - Clear,01 - Daylight,02 - Wet,01 - Traffic signal,01 - Functioning,2,0,0,0,02 - Minor,1,,1,,,368109.8737,5027764.839,45.3869623,-75.69151129,13181
16--9401,2016/09/08,12:52 PM,KATIMAVIK RD btwn MCGIBBON DR & CASTLEFRANK RD (__3ZACW2),__3ZACW2,01 - Non intersection,03 - P.D. only,03 - Rear end,01 - Clear,01 - Daylight,02 - Wet,10 - No control,,2,0,0,0,,0,,,,,351913.1858,5018909.147,45.30855396,-75.89917873,13182
16--9402,2016/09/08,2:15 PM,FISHER AVE @ SHILLINGTON AVE (0006792),6792,02 - Intersection related,02 - Non-fatal injury,03 - Rear end,02 - Rain,01 - Daylight,02 - Wet,01 - Traffic signal,01 - Functioning,3,0,0,0,01 - Minimal,1,1,,,,365625.0363,5027295.303,45.38295771,-75.72329838,13183
16--9403,2016/09/08,2:53 PM,DES EPINETTES AVE @ JEANNE D'ARC BLVD (0004221),4221,02 - Intersection related,03 - P.D. only,03 - Rear end,01 - Clear,01 - Daylight,01 - Dry,01 - Traffic signal,01 - Functioning,2,0,0,0,,0,,,,,382226.7481,5035959.72,45.45927519,-75.50997056,13184
16--9404,2016/09/08,3:34 PM,OGILVIE RD btwn BLAIR PL & ELMLEA GT (__3ZA2DQ),__3ZA2DQ,01 - Non intersection,03 - P.D. only,03 - Rear end,01 - Clear,01 - Daylight,01 - Dry,10 - No control,,2,0,0,0,,0,,,,,374969.5346,5033473.924,45.43767602,-75.60310859,13185
16--9405,2016/09/08,3:50 PM,PRESTON ST btwn ABERDEEN ST & BEECH ST (__3ZA3ZP),__3ZA3ZP,04 - At/near private drive,03 - P.D. only,99 - Other,01 - Clear,01 - Daylight,01 - Dry,10 - No control,,2,0,0,0,,0,,,,,366654.5487,5029335.635,45.40122596,-75.70989756,13186
16--9406,2016/09/08,4:38 PM,MACDONALD-CARTIER BR RAMP NB-1 btwn MACDONALD-CARTIER BR & MACDONALD-C (__7TTREF),__7TTREF,01 - Non intersection,03 - P.D. only,03 - Rear end,01 - Clear,01 - Daylight,01 - Dry,10 - No control,,3,0,0,0,,0,,,,,367616.06,5033180.655,45.43573661,-75.69712667,13187
16--9407,2016/09/08,4:45 PM,CARLING AVE @ CIVIC HOSPITAL (0008793),8793,03 - At intersection,03 - P.D. only,05 - Turning movement,01 - Clear,01 - Daylight,01 - Dry,01 - Traffic signal,01 - Functioning,2,0,0,0,,0,,,,,365792.171,5028277.59,45.39178158,-75.72104297,13188
16--9408,2016/09/08,4:45 PM,HUNT CLUB RD btwn BLOHM DR & HAWTHORNE RD (__3ZA2F2),__3ZA2F2,01 - Non intersection,03 - P.D. only,04 - Sideswipe,01 - Clear,01 - Daylight,01 - Dry,10 - No control,,2,0,0,0,,0,,,,,375493.0408,5026398.406,45.37396156,-75.59743253,13189
16--9409,2016/09/08,5:15 PM,CARLING AVE WB btwn BAYSWATER AVE & SHERWOOD DR (__3ZA4UV),__3ZA4UV,01 - Non intersection,03 - P.D. only,04 - Sideswipe,01 - Clear,01 - Daylight,01 - Dry,10 - No control,,2,0,0,0,,0,,,,,366407.6327,5028669.558,45.39525454,-75.71313445,13190
16--941,2016/01/20,6:03 PM,WALKLEY RD @ HEATHERINGTON RD (0006928),6928,03 - At intersection,03 - P.D. only,05 - Turning movement,01 - Clear,07 - Dark,02 - Wet,01 - Traffic signal,01 - Functioning,2,0,0,0,,0,,,,,371767.2348,5026794.422,45.37789074,-75.64494227,13191
16--9410,2016/09/08,5:36 PM,TERRY FOX DR N @ FLAMBOROUGH WAY/INNOVATION DR (0011795),11795,02 - Intersection related,03 - P.D. only,03 - Rear end,01 - Clear,01 - Daylight,01 - Dry,01 - Traffic signal,00 - Unknown,2,0,0,0,,0,,,,,349388.6445,5022959.091,45.34516125,-75.93100713,13192
16--9411,2016/09/08,5:40 AM,MANOTICK STATION RD @ MITCH OWENS RD (0005775),5775,02 - Intersection related,03 - P.D. only,03 - Rear end,02 - Rain,07 - Dark,02 - Wet,02 - Stop sign,01 - Functioning,2,0,0,0,,0,,,,,373508.4926,5013268.719,45.25602233,-75.62458798,13193
16--9412,2016/09/08,6:04 PM,RIDEAU ST btwn WELLINGTON ST & MACKENZIE AVE (__3ZA25K),__3ZA25K,01 - Non intersection,03 - P.D. only,04 - Sideswipe,01 - Clear,01 - Daylight,01 - Dry,10 - No control,,2,0,0,0,,0,,,,,367805.9013,5031967.28,45.424802,-75.69485573,13194
16--9413,2016/09/08,6:56 PM,RICHMOND RD btwn KHYMER CRT & STEEPLE HILL CRES (__3ZA41D),__3ZA41D,01 - Non intersection,02 - Non-fatal injury,07 - SMV other,01 - Clear,01 - Daylight,01 - Dry,10 - No control,,1,0,0,0,02 - Minor,1,,1,,,357320.9153,5014545.112,45.26890212,-75.83068197,13195
16--9414,2016/09/08,6:58 AM,GREENBANK RD @ IRIS ST/HWY 417 IC129 RAMP51 (0009073),9073,02 - Intersection related,03 - P.D. only,03 - Rear end,02 - Rain,01 - Daylight,02 - Wet,01 - Traffic signal,01 - Functioning,2,0,0,0,,0,,,,,360533.0336,5023312.304,45.3475425,-75.78876439,13196
16--9415,2016/09/08,7:07 PM,ALTA VISTA DR btwn 75 S OF CALEDON ST & CALEDON ST (__3ZA97HA),__3ZA97HA,04 - At/near private drive,03 - P.D. only,05 - Turning movement,01 - Clear,01 - Daylight,01 - Dry,10 - No control,,2,0,0,0,,0,,,,,370779.5646,5030403.454,45.41045717,-75.65706911,13197
16--9416,2016/09/08,7:34 AM,FALLOWFIELD RD @ WOODROFFE AVE (0010372),10372,02 - Intersection related,03 - P.D. only,03 - Rear end,02 - Rain,01 - Daylight,02 - Wet,01 - Traffic signal,00 - Unknown,2,0,0,0,,0,,,,,365084.6145,5017904.529,45.29850742,-75.73134289,13198
16--9417,2016/09/08,8:00 PM,ELGIN ST @ QUEEN ST (0007144),7144,03 - At intersection,03 - P.D. only,07 - SMV other,01 - Clear,07 - Dark,01 - Dry,01 - Traffic signal,01 - Functioning,1,0,0,0,,0,,,,,367805.8002,5031780.676,45.423123,-75.69488089,13199
16--9418,2016/09/08,8:15 AM,WALGREEN RD N @ WESTBROOK RD N (0002008),2008,02 - Intersection related,02 - Non-fatal injury,05 - Turning movement,01 - Clear,01 - Daylight,01 - Dry,02 - Stop sign,01 - Functioning,2,0,0,0,02 - Minor,1,,1,,,347507.3494,5015218.781,45.27562847,-75.9556802,13200
16--9419,2016/09/08,8:19 AM,MERIVALE RD @ BENTLEY AVE/CAMELOT DR (0009792),9792,02 - Intersection related,03 - P.D. only,03 - Rear end,01 - Clear,01 - Daylight,01 - Dry,01 - Traffic signal,01 - Functioning,2,0,0,0,,0,,,,,365771.1586,5021560.473,45.33134399,-75.72214001,13201