Anom_ID,Accident_Date,Accident_Time,Location,Geo_ID,Accident_Location,Classification_of_Accident,Initial_Impact_Type,Environment_Condition,Light,Road_Surface_Condition,Traffic_Control,Traffic_Control_Condition,No__of_Vehicles,No__of_Bicycles,No__of_Motorcycles,No__of_Pedestrians,Max_Injury,No__of_Injuries,No__of_Minimal,No__of_Minor,No__of_Major,No__of_Fatal,X,Y,Latitude,Longitude,ObjectId
16--942,2016/01/20,6:07 PM,PRINCE OF WALES DR @ WEST HUNT CLUB RD (0000567),567,02 - Intersection related,03 - P.D. only,03 - Rear end,01 - Clear,07 - Dark,01 - Dry,01 - Traffic signal,01 - Functioning,2,0,0,0,,0,,,,,367458.4908,5021891.284,45.33417194,-75.7005735,13202
16--9420,2016/09/08,8:35 PM,ELGIN ST @ LAURIER AVE (0002232),2232,03 - At intersection,02 - Non-fatal injury,05 - Turning movement,01 - Clear,07 - Dark,01 - Dry,01 - Traffic signal,01 - Functioning,2,1,0,0,01 - Minimal,1,1,,,,367947.8817,5031549.99,45.42103456,-75.69309506,13203
16--9421,2016/09/08,8:45 AM,INNES RD @ ORIENT PARK DR (0004143),4143,02 - Intersection related,03 - P.D. only,03 - Rear end,01 - Clear,01 - Daylight,01 - Dry,01 - Traffic signal,01 - Functioning,2,0,0,0,,0,,,,,378321.2756,5033035.963,45.43339114,-75.56033846,13204
16--9422,2016/09/08,8:48 AM,UPPER DWYER HILL RD @ VAUGHAN SIDE RD (0002370),2370,03 - At intersection,02 - Non-fatal injury,05 - Turning movement,01 - Clear,01 - Daylight,01 - Dry,02 - Stop sign,01 - Functioning,2,1,0,0,02 - Minor,1,,1,,,331998.7756,5016530.745,45.28820529,-76.15326571,13205
16--9423,2016/09/08,8:49 AM,WOODROFFE AVE btwn GEORGINA DR & HWY417 IC127 RAMP36 (__3ZA4L6),__3ZA4L6,01 - Non intersection,03 - P.D. only,04 - Sideswipe,01 - Clear,01 - Daylight,01 - Dry,10 - No control,,2,0,0,0,,0,,,,,361999.0204,5025147.855,45.36394064,-75.76984537,13206
16--9424,2016/09/08,8:51 AM,HAZELDEAN RD btwn YOUNG RD & CASTLEFRANK RD (__3ZA41L),__3ZA41L,04 - At/near private drive,03 - P.D. only,02 - Angle,01 - Clear,01 - Daylight,01 - Dry,10 - No control,,2,0,0,0,,0,,,,,352545.552,5017553.559,45.29631335,-75.89124536,13207
16--9425,2016/09/08,9:25 AM,KING EDWARD AVE SB btwn YORK ST & GEORGE ST (__3ZBOFW),__3ZBOFW,01 - Non intersection,02 - Non-fatal injury,07 - SMV other,02 - Rain,01 - Daylight,02 - Wet,10 - No control,,1,0,0,1,02 - Minor,1,,1,,,368420.6389,5032548.483,45.42997581,-75.68692579,13208
16--9426,2016/09/08,9:35 AM,HIGHWAY 417 btwn HWY417 IC117 RAMP61 & HWY417 IC115 RAMP36 (__3ZA2RZ),__3ZA2RZ,01 - Non intersection,03 - P.D. only,03 - Rear end,01 - Clear,01 - Daylight,01 - Dry,10 - No control,,2,0,0,0,,0,,,,,371265.7258,5031391.003,45.41929672,-75.65072559,13209
16--9427,2016/09/09,1:18 PM,O'CONNOR ST btwn COOPER ST & SOMERSET ST W (__3ZA34V),__3ZA34V,01 - Non intersection,03 - P.D. only,04 - Sideswipe,01 - Clear,01 - Daylight,01 - Dry,10 - No control,,2,0,0,0,,0,,,,,367811.5652,5031080.522,45.41682273,-75.69489677,13210
16--9428,2016/09/09,1:24 PM,POULIN AVE @ RICHMOND RD (0002748),2748,02 - Intersection related,02 - Non-fatal injury,02 - Angle,01 - Clear,01 - Daylight,01 - Dry,01 - Traffic signal,01 - Functioning,2,1,0,0,02 - Minor,1,,1,,,360325.0208,5024899.855,45.36184375,-75.79124044,13211
16--9429,2016/09/09,1:35 PM,CARLING AVE @ MERIVALE RD (0002148),2148,02 - Intersection related,03 - P.D. only,04 - Sideswipe,01 - Clear,01 - Daylight,01 - Dry,01 - Traffic signal,01 - Functioning,2,0,0,0,,0,,,,,364894.4843,5027700.325,45.38666507,-75.73257697,13212
16--943,2016/01/20,6:38 PM,DWYER HILL RD btwn O'NEIL RD & ROGER STEVENS DR (__3ZA429),__3ZA429,01 - Non intersection,03 - P.D. only,07 - SMV other,01 - Clear,07 - Dark,01 - Dry,10 - No control,,1,0,0,0,,0,,,,,353996.4521,4989720.771,45.0457622,-75.87549067,13213
16--9430,2016/09/09,1:48 PM,OTTAWA RIVER PKWY EB btwn TUNNEY'S PASTURE/REMIC RAPIDS ENT & ISLAND P (__3ZA24JA),__3ZA24JA,01 - Non intersection,03 - P.D. only,03 - Rear end,01 - Clear,01 - Daylight,01 - Dry,10 - No control,,4,0,0,0,,0,,,,,364141.7118,5030019.457,45.40759636,-75.74191024,13214
16--9431,2016/09/09,1:51 AM,HIGHWAY 417 btwn HWY417 IC121B RAMP16 & HWY417 IC121A RAMP16 (__3ZA2YX),__3ZA2YX,01 - Non intersection,03 - P.D. only,04 - Sideswipe,01 - Clear,07 - Dark,01 - Dry,10 - No control,,2,0,0,0,,0,,,,,366580.4082,5029535.528,45.40303109,-75.71081947,13215
16--9432,2016/09/09,10:37 PM,RIVERSIDE DR @ BROOKFIELD RD/HOG'S BACK RD (0001627),1627,03 - At intersection,03 - P.D. only,05 - Turning movement,01 - Clear,07 - Dark,01 - Dry,01 - Traffic signal,01 - Functioning,2,0,0,0,,0,,,,,368167.9246,5026223.256,45.37308631,-75.69096789,13216
16--9794,2016/09/19,3:30 PM,HIGHWAY 417 btwn HWY417 IC122 RAMP15 & HWY417 IC121B RAMP51 (__3ZA2RB),__3ZA2RB,01 - Non intersection,03 - P.D. only,03 - Rear end,01 - Clear,01 - Daylight,01 - Dry,10 - No control,,3,0,0,0,,0,,,,,366434.6511,5029470.316,45.40245718,-75.71268934,13217
16--9255,2016/09/03,3:35 PM,CARLING AVE @ PINECREST  RD/GREENVIEW AVE (0001630),1630,03 - At intersection,02 - Non-fatal injury,02 - Angle,01 - Clear,01 - Daylight,01 - Dry,01 - Traffic signal,01 - Functioning,2,0,0,0,02 - Minor,1,,1,,,360006.8952,5024631.869,45.35945754,-75.79533084,13218
16--9435,2016/09/09,11:30 AM,INDUSTRIAL AVE btwn RUSSELL RD & ST. LAURENT BLVD (__3ZA3R7),__3ZA3R7,01 - Non intersection,03 - P.D. only,03 - Rear end,01 - Clear,01 - Daylight,01 - Dry,10 - No control,,2,0,0,0,,0,,,,,373002.0048,5029957.948,45.40623566,-75.6287409,13219
16--9526,2016/09/11,7:13 PM,CARILLON ST @ HANNAH ST (0010006),10006,03 - At intersection,03 - P.D. only,02 - Angle,01 - Clear,05 - Dusk,01 - Dry,02 - Stop sign,01 - Functioning,2,0,0,0,,0,,,,,370155.0458,5033390.813,45.43739482,-75.66465053,13220
16--9705,2016/09/16,8:45 PM,LANCASTER RD btwn BARBERRY LANE & WALKLEY RD (__3ZA5L8),__3ZA5L8,01 - Non intersection,03 - P.D. only,05 - Turning movement,01 - Clear,07 - Dark,01 - Dry,10 - No control,,2,0,0,0,,0,,,,,374883.4935,5028674.33,45.39450046,-75.60489079,13221
16--9165,2016/09/01,2:56 PM,HIGHWAY 417 btwn HWY417 IC122 RAMP61 & HWY417 IC121B RAMP16 (__3ZA2Y4),__3ZA2Y4,01 - Non intersection,03 - P.D. only,03 - Rear end,01 - Clear,01 - Daylight,01 - Dry,10 - No control,,2,0,0,0,,0,,,,,366076.7137,5029348.021,45.40138822,-75.71727633,13222
16--9616,2016/09/14,6:28 PM,HIGHWAY 417 btwn HWY417 IC127 RAMP25 & HWY417 IC126 RAMP51 (__3ZA2XA),__3ZA2XA,01 - Non intersection,03 - P.D. only,03 - Rear end,01 - Clear,01 - Daylight,01 - Dry,10 - No control,,2,0,0,0,,0,,,,,363179.95,5025850.075,45.37016178,-75.75468891,13223
16--9075,2016/08/30,1:20 PM,DEAKIN ST @ PRINCE OF WALES DR (0001073),1073,03 - At intersection,03 - P.D. only,02 - Angle,01 - Clear,01 - Daylight,01 - Dry,01 - Traffic signal,01 - Functioning,2,0,0,0,,0,,,,,367390.0525,5021524.146,45.3308746,-75.70149301,13224
16--9256,2016/09/03,3:37 PM,ELGIN ST NB @ WELLINGTON ST/RIDEAU ST (0011369),11369,03 - At intersection,02 - Non-fatal injury,05 - Turning movement,01 - Clear,01 - Daylight,01 - Dry,01 - Traffic signal,01 - Functioning,2,0,0,0,02 - Minor,3,2,1,,,367804.1569,5031965.859,45.42478937,-75.6948782,13225
16--9527,2016/09/11,7:30 PM,INNES RD @ JEANNE D'ARC BLVD/MER BLEUE RD (0012475),12475,03 - At intersection,02 - Non-fatal injury,05 - Turning movement,01 - Clear,07 - Dark,01 - Dry,01 - Traffic signal,01 - Functioning,2,0,0,0,02 - Minor,1,,1,,,382638.5815,5035567.985,45.45570494,-75.5047674,13226
16--9436,2016/09/09,11:37 AM,INNES RD @ JEANNE D'ARC BLVD/MER BLEUE RD (0012475),12475,02 - Intersection related,03 - P.D. only,03 - Rear end,01 - Clear,01 - Daylight,01 - Dry,01 - Traffic signal,01 - Functioning,2,0,0,0,,0,,,,,382639.4099,5035569.624,45.45571959,-75.50475655,13227
16--9706,2016/09/16,8:50 AM,DONALD ST @ ST. LAURENT BLVD (0008630),8630,03 - At intersection,02 - Non-fatal injury,03 - Rear end,01 - Clear,01 - Daylight,01 - Dry,01 - Traffic signal,01 - Functioning,2,0,0,0,02 - Minor,2,,2,,,372096.1974,5032471.343,45.42893773,-75.63996774,13228
16--9166,2016/09/01,3:20 PM,HIGHWAY 417 btwn HWY417 IC119B RAMP76 & HWY417 IC119A RAMP67 (__3ZA2YT),__3ZA2YT,01 - Non intersection,03 - P.D. only,03 - Rear end,01 - Clear,01 - Daylight,01 - Dry,10 - No control,,2,0,0,0,,0,,,,,368280.6722,5030351.904,45.41022446,-75.68899741,13229
16--9617,2016/09/14,6:30 PM,PINECREST RD @ RICHMOND RD (0002353),2353,03 - At intersection,03 - P.D. only,03 - Rear end,01 - Clear,01 - Daylight,01 - Dry,01 - Traffic signal,01 - Functioning,2,0,0,0,,0,,,,,360071.0142,5024472.755,45.35802078,-75.79453027,13230
16--9076,2016/08/30,10:34 PM,GLADSTONE AVE @ ROCHESTER ST (0006496),6496,02 - Intersection related,03 - P.D. only,03 - Rear end,01 - Clear,07 - Dark,01 - Dry,01 - Traffic signal,01 - Functioning,2,0,0,0,,0,,,,,366661.0417,5029787.152,45.40528802,-75.70975799,13231
16--9077,2016/08/30,10:59 PM,OLD PRESCOTT RD btwn MCKEOWN DR & PARKWAY RD (__3ZA7HL),__3ZA7HL,01 - Non intersection,03 - P.D. only,07 - SMV other,01 - Clear,07 - Dark,01 - Dry,10 - No control,,1,0,0,0,,0,,,,,377850.206,5013775.259,45.26014262,-75.56920304,13232
16--9078,2016/08/30,11:00 AM,ALTA VISTA DR @ BANK ST (0011318),11318,02 - Intersection related,03 - P.D. only,03 - Rear end,01 - Clear,01 - Daylight,01 - Dry,01 - Traffic signal,01 - Functioning,2,0,0,0,,0,,,,,370247.3873,5026201.194,45.37269668,-75.66442466,13233
16--9079,2016/08/30,Unknown,LA VERENDRYE DR btwn DEERHURST CRT & GATINEAU VIEW CRES (__3ZA7NN),__3ZA7NN,01 - Non intersection,03 - P.D. only,06 - SMV unattended vehicle,01 - Clear,00 - Unknown,01 - Dry,10 - No control,,1,0,0,0,,0,,,,,375003.2692,5035156.412,45.45281068,-75.60243741,13234
16--908,2016/01/20,10:34 PM,GREENBANK RD @ WEST HUNT CLUB RD (0005167),5167,02 - Intersection related,03 - P.D. only,03 - Rear end,01 - Clear,07 - Dark,01 - Dry,01 - Traffic signal,01 - Functioning,2,0,0,0,,0,,,,,361479.4575,5020502.699,45.32218589,-75.77700937,13235
16--9080,2016/08/30,Unknown,CAMBRIDGE ST    N btwn GLADSTONE AVE & ARLINGTON AVE (__3ZAAJT),__3ZAAJT,04 - At/near private drive,03 - P.D. only,06 - SMV unattended vehicle,00 - Unknown,07 - Dark,00 - Unknown,10 - No control,,1,0,0,0,,0,,,,,367078.5826,5029925.335,45.40649432,-75.70440719,13236
16--9081,2016/08/30,12:00 PM,TENTH LINE RD @ TENTH LINE RD (0009412),9412,02 - Intersection related,02 - Non-fatal injury,03 - Rear end,01 - Clear,01 - Daylight,01 - Dry,01 - Traffic signal,00 - Unknown,2,0,0,0,02 - Minor,2,,2,,,383529.0436,5037154.555,45.46987971,-75.49312975,13237
16--9082,2016/08/30,12:09 PM,ST. LAURENT BLVD @ TAWNEY RD (0008367),8367,03 - At intersection,02 - Non-fatal injury,02 - Angle,01 - Clear,01 - Daylight,01 - Dry,02 - Stop sign,01 - Functioning,2,0,0,0,01 - Minimal,1,1,,,,373575.0711,5028848.765,45.39619968,-75.6215757,13238
16--9083,2016/08/30,2:30 PM,CATHCART ST @ KING EDWARD AVE NB (0013340),13340,02 - Intersection related,03 - P.D. only,04 - Sideswipe,01 - Clear,01 - Daylight,01 - Dry,02 - Stop sign,01 - Functioning,2,0,0,0,,0,,,,,368093.4835,5033121.69,45.43516301,-75.69103275,13239
16--9084,2016/08/30,2:44 PM,BOTSFORD ST btwn SHELLEY AVE & BROWNING AVE (__3ZA896),__3ZA896,04 - At/near private drive,03 - P.D. only,06 - SMV unattended vehicle,01 - Clear,01 - Daylight,01 - Dry,10 - No control,,1,0,0,0,,0,,,,,372164.5558,5030045.683,45.40710616,-75.63942584,13240
16--9085,2016/08/30,2:54 PM,CHAMBERLAIN AVE btwn LYON ST S & KENT ST (__3ZA25C),__3ZA25C,01 - Non intersection,03 - P.D. only,03 - Rear end,01 - Clear,01 - Daylight,01 - Dry,10 - No control,,3,0,0,0,,0,,,,,367925.3622,5030043.581,45.40748241,-75.69357573,13241
16--9086,2016/08/30,3:45 PM,ALBION RD @ LESTER RD (0004175),4175,02 - Intersection related,03 - P.D. only,03 - Rear end,01 - Clear,01 - Daylight,01 - Dry,01 - Traffic signal,01 - Functioning,2,0,0,0,,0,,,,,372693.915,5022332.082,45.33765107,-75.6337244,13242
16--9087,2016/08/30,5:06 PM,BANK ST @ RIVERSIDE DR S (0002704),2704,02 - Intersection related,03 - P.D. only,03 - Rear end,01 - Clear,01 - Daylight,01 - Dry,01 - Traffic signal,01 - Functioning,2,0,0,0,,0,,,,,369304.7171,5027894.139,45.38801669,-75.67623741,13243
16--9088,2016/08/30,5:17 PM,CAMERON ST @ REGIONAL RD 174 (0012883),12883,03 - At intersection,03 - P.D. only,03 - Rear end,01 - Clear,01 - Daylight,01 - Dry,01 - Traffic signal,01 - Functioning,2,0,0,0,,0,,,,,389859.6759,5042617.345,45.51828515,-75.41123434,13244
16--9089,2016/08/30,5:57 PM,WALKLEY EXTENSION RD btwn HWY417 IC110 RAMP55 & HWY417 IC110 RAMP58 (__33J3Q5),__33J3Q5,01 - Non intersection,03 - P.D. only,04 - Sideswipe,01 - Clear,01 - Daylight,01 - Dry,10 - No control,,2,0,0,0,,0,,,,,375527.4287,5028929.873,45.39673496,-75.59663081,13245
16--909,2016/01/20,10:35 AM,BRUYERE ST @ DALHOUSIE ST (0008438),8438,02 - Intersection related,03 - P.D. only,03 - Rear end,01 - Clear,01 - Daylight,01 - Dry,01 - Traffic signal,01 - Functioning,2,0,0,0,,0,,,,,367827.8163,5032851.739,45.43275808,-75.69446252,13246
16--9090,2016/08/30,7:18 PM,RUSSLAND RD btwn ROCKDALE RD & DUNNING RD (__3ZA3KV),__3ZA3KV,01 - Non intersection,02 - Non-fatal injury,07 - SMV other,01 - Clear,05 - Dusk,01 - Dry,10 - No control,,1,0,0,0,02 - Minor,1,,1,,,395587.4628,5022622.426,45.33767458,-75.341619,13247
16--9091,2016/08/30,7:21 PM,INNES RD @ PORTOBELLO BLVD (0009187),9187,02 - Intersection related,03 - P.D. only,02 - Angle,01 - Clear,05 - Dusk,01 - Dry,01 - Traffic signal,01 - Functioning,2,0,0,0,,0,,,,,385631.1111,5036891.893,45.46727642,-75.46629384,13248
16--9092,2016/08/30,7:30 AM,HIGHWAY 417 btwn HWY417 IC118 RAMP76 & HWY417 IC118 RAMP67 (__3ZA2YR),__3ZA2YR,01 - Non intersection,03 - P.D. only,04 - Sideswipe,01 - Clear,01 - Daylight,01 - Dry,10 - No control,,2,0,0,0,,0,,,,,369482.5081,5031073.408,45.41660625,-75.67355016,13249
16--9093,2016/08/30,7:55 AM,HIGHWAY 416 btwn HWY416 IC75A RAMP26 & HWY416 IC72 RAMP62 (__3ZAZLF),__3ZAZLF,01 - Non intersection,03 - P.D. only,99 - Other,01 - Clear,01 - Daylight,01 - Dry,10 - No control,,2,0,0,0,,0,,,,,359181.2865,5020917.616,45.32610113,-75.80627656,13250
16--9094,2016/08/30,7:59 AM,DIAMONDVIEW RD @ OLD COACH RD (0002465),2465,03 - At intersection,02 - Non-fatal injury,02 - Angle,01 - Clear,01 - Daylight,01 - Dry,02 - Stop sign,01 - Functioning,2,0,0,0,01 - Minimal,1,1,,,,336618.8488,5024005.879,45.35527624,-76.09388939,13251
16--9095,2016/08/30,8:01 PM,MARCH VALLEY RD btwn RIDDELL DR & KLONDIKE RD (__3ZACJC),__3ZACJC,01 - Non intersection,03 - P.D. only,07 - SMV other,01 - Clear,05 - Dusk,01 - Dry,10 - No control,,1,0,0,0,,0,,,,,348794.7051,5026620.885,45.37814838,-75.93826,13252
16--9096,2016/08/30,8:21 AM,DEERFOX DR btwn BEATRICE DR & SETTLER'S RIDGE WAY (__3ZAZ1G),__3ZAZ1G,04 - At/near private drive,02 - Non-fatal injury,07 - SMV other,01 - Clear,01 - Daylight,01 - Dry,10 - No control,,1,0,0,1,02 - Minor,1,,1,,,365499.97,5015718.659,45.27880331,-75.72631485,13253
16--9097,2016/08/30,9:00 AM,HIGHWAY 417 btwn HWY417 IC127 RAMP25 & HWY417 IC126 RAMP51 (__3ZA2XA),__3ZA2XA,01 - Non intersection,03 - P.D. only,04 - Sideswipe,01 - Clear,01 - Daylight,01 - Dry,10 - No control,,3,0,0,0,,0,,,,,363179.9795,5025848.994,45.37015205,-75.75468866,13254
16--9098,2016/08/30,9:03 AM,HWY 417 TERRYFO IC140R61 @ TERRY FOX DR (0011777),11777,02 - Intersection related,02 - Non-fatal injury,03 - Rear end,01 - Clear,01 - Daylight,01 - Dry,01 - Traffic signal,01 - Functioning,2,0,0,0,01 - Minimal,1,1,,,,350807.535,5018711.519,45.30684895,-75.91329638,13255
16--9099,2016/08/30,9:06 PM,NICHOLAS ST btwn BESSERER ST & DALY AVE (__3ZA3VO),__3ZA3VO,01 - Non intersection,03 - P.D. only,04 - Sideswipe,01 - Clear,07 - Dark,01 - Dry,10 - No control,,2,0,0,0,,0,,,,,368208.6051,5032073.848,45.42572447,-75.68969643,13256
16--91,2016/01/04,Unknown,AQUILO CRES btwn PAR-LA-VILLE CIRC & PAR-LA-VILLE CIRC (__683KOP),__683KOP,01 - Non intersection,03 - P.D. only,06 - SMV unattended vehicle,01 - Clear,00 - Unknown,01 - Dry,10 - No control,,1,0,0,0,,0,,,,,349907.6899,5016752.427,45.28927882,-75.92494915,13257
16--910,2016/01/20,10:39 AM,BROADVIEW AVE @ PRINCETON AVE (0006202),6202,03 - At intersection,02 - Non-fatal injury,02 - Angle,01 - Clear,01 - Daylight,02 - Wet,02 - Stop sign,01 - Functioning,2,0,0,0,01 - Minimal,1,1,,,,362851.0273,5027444.759,45.38453787,-75.7587003,13258
16--9100,2016/08/30,9:07 AM,BANTREE ST @ INNES RD (0007684),7684,03 - At intersection,02 - Non-fatal injury,05 - Turning movement,01 - Clear,01 - Daylight,01 - Dry,01 - Traffic signal,01 - Functioning,2,0,0,0,02 - Minor,1,,1,,,373705.4013,5030408.557,45.41022113,-75.61969332,13259
16--9101,2016/08/30,9:18 AM,HIGHWAY 417 btwn HWY417 IC118 RAMP67 & HWY417 IC117 RAMP36 (__3ZA2YO),__3ZA2YO,01 - Non intersection,03 - P.D. only,03 - Rear end,01 - Clear,01 - Daylight,01 - Dry,10 - No control,,2,0,0,0,,0,,,,,369839.238,5031154.885,45.41730628,-75.66898194,13260
16--9102,2016/08/30,9:33 PM,VANIER PKWY/CRICHTON ST @ BEECHWOOD AVE/ST. PA (0001604),1604,03 - At intersection,03 - P.D. only,04 - Sideswipe,01 - Clear,07 - Dark,01 - Dry,01 - Traffic signal,01 - Functioning,2,0,0,0,,0,,,,,369126.7367,5033487.722,45.43836213,-75.67778005,13261
16--9103,2016/08/30,9:52 AM,OGILVIE RD btwn CYRVILLE RD & MURDOCK GT (__3ZA13S),__3ZA13S,01 - Non intersection,01 - Fatal injury,04 - Sideswipe,01 - Clear,01 - Daylight,01 - Dry,10 - No control,,2,1,0,0,04 - Fatal,1,,,,1,372607.1403,5032098.329,45.42553218,-75.63349009,13262
16--9104,2016/08/30,9:55 PM,PLACE D'ORLEANS DR btwn CENTRUM BLVD & ST. JOSEPH BLVD (__3ZA2FM),__3ZA2FM,04 - At/near private drive,02 - Non-fatal injury,05 - Turning movement,01 - Clear,07 - Dark,01 - Dry,10 - No control,,2,0,1,0,02 - Minor,1,,1,,,381983.5446,5038042.636,45.4780424,-75.51275273,13263
16--9105,2016/08/31,1:39 PM,MAYFIELD ST @ MCARTHUR AVE (0009190),9190,03 - At intersection,02 - Non-fatal injury,02 - Angle,01 - Clear,01 - Daylight,01 - Dry,02 - Stop sign,01 - Functioning,2,0,0,0,01 - Minimal,2,2,,,,370064.6093,5032675.243,45.43096487,-75.6659012,13264
16--9106,2016/08/31,1:47 PM,BEATRICE DR @ STRANDHERD DR (0005447),5447,03 - At intersection,02 - Non-fatal injury,02 - Angle,01 - Clear,01 - Daylight,01 - Dry,01 - Traffic signal,01 - Functioning,2,1,0,0,02 - Minor,1,,1,,,365527.5965,5015321.701,45.27522911,-75.72601131,13265
16--9107,2016/08/31,1:48 PM,JINKINSON RD btwn FERNBANK RD & HAZELDEAN RD (__7JQ7K3),__7JQ7K3,01 - Non intersection,01 - Fatal injury,07 - SMV other,01 - Clear,01 - Daylight,01 - Dry,10 - No control,,1,0,1,0,04 - Fatal,1,,,,1,345189.5901,5009781.974,45.22684251,-75.98566138,13266
16--9108,2016/08/31,10:30 AM,ARLINGTON AVE @ BANK ST (0007261),7261,03 - At intersection,02 - Non-fatal injury,02 - Angle,01 - Clear,01 - Daylight,01 - Dry,02 - Stop sign,01 - Functioning,2,0,0,0,02 - Minor,2,,2,,,368006.2446,5030345.799,45.41019437,-75.69250381,13267
16--9109,2016/08/31,10:59 PM,HIGHWAY 417 btwn HWY417 IC155 RAMP26 & HWY417 IC155 RAMP61 (__3ZA1MY),__3ZA1MY,01 - Non intersection,02 - Non-fatal injury,07 - SMV other,01 - Clear,07 - Dark,01 - Dry,10 - No control,,1,0,0,0,02 - Minor,1,,1,,,339713.828,5019297.156,45.31275787,-76.05472085,13268
16--911,2016/01/20,10:54 AM,BANK ST @ WALKLEY RD (0011423),11423,02 - Intersection related,03 - P.D. only,03 - Rear end,01 - Clear,01 - Daylight,01 - Dry,01 - Traffic signal,01 - Functioning,3,0,0,0,,0,,,,,370338.0715,5025947.076,45.37040174,-75.66330072,13269
16--9110,2016/08/31,11:12 AM,HUNT CLUB RD @ RIVERSIDE DR (0002237),2237,02 - Intersection related,03 - P.D. only,04 - Sideswipe,01 - Clear,01 - Daylight,01 - Dry,01 - Traffic signal,01 - Functioning,2,0,0,0,,0,,,,,368036.4835,5021945.279,45.33460593,-75.69319303,13270
16--9111,2016/08/31,11:24 AM,IONA ST @ ISLAND PARK DR (0006683),6683,03 - At intersection,03 - P.D. only,05 - Turning movement,01 - Clear,01 - Daylight,01 - Dry,01 - Traffic signal,01 - Functioning,2,0,0,0,,0,,,,,364350.2031,5028385.872,45.39287999,-75.73944424,13271
16--9112,2016/08/31,11:26 AM,ISLAND PARK DR btwn BYRON AVE & IONA ST (__3ZA233),__3ZA233,01 - Non intersection,03 - P.D. only,03 - Rear end,01 - Clear,01 - Daylight,01 - Dry,10 - No control,,2,0,0,0,,0,,,,,364327.8468,5028431.627,45.39329358,-75.73972422,13272
16--9113,2016/08/31,Unknown,BANDELIER WAY btwn OVERLAND DR & END (__6NGPQT),__6NGPQT,01 - Non intersection,03 - P.D. only,06 - SMV unattended vehicle,01 - Clear,00 - Unknown,01 - Dry,10 - No control,,1,0,0,0,,0,,,,,349223.019,5014907.707,45.27272301,-75.93384229,13273
16--9114,2016/08/31,Unknown,JULIAN AVE btwn WELLINGTON ST W & END (__3ZA02U),__3ZA02U,01 - Non intersection,03 - P.D. only,06 - SMV unattended vehicle,01 - Clear,00 - Unknown,01 - Dry,10 - No control,,1,0,0,0,,0,,,,,364699.8369,5029059.829,45.39891429,-75.7348974,13274
16--9115,2016/08/31,Unknown,SAPINIER ST btwn TOONEY DR & COLORADO LANE (__3ZA6PB),__3ZA6PB,01 - Non intersection,03 - P.D. only,06 - SMV unattended vehicle,01 - Clear,00 - Unknown,01 - Dry,10 - No control,,1,0,0,0,,0,,,,,382420.017,5035715.633,45.45705766,-75.5075382,13275
16--9116,2016/08/31,12:00 PM,ROSEHILL AVE @ HUNTMAR DR (0010609),10609,03 - At intersection,03 - P.D. only,03 - Rear end,01 - Clear,01 - Daylight,01 - Dry,11 - Roundabout,01 - Functioning,2,0,0,0,,0,,,,,350498.6966,5016460.541,45.28661416,-75.91744203,13276
16--9117,2016/08/31,2:06 PM,BASELINE RD @ GREENBANK RD (0002357),2357,02 - Intersection related,02 - Non-fatal injury,03 - Rear end,01 - Clear,01 - Daylight,01 - Dry,01 - Traffic signal,01 - Functioning,2,0,0,0,01 - Minimal,1,1,,,,360596.8561,5022584.086,45.34098493,-75.78803213,13277
16--9118,2016/08/31,2:23 PM,BANK ST btwn ALTA VISTA DR & WALKLEY RD (__3ZA4TX),__3ZA4TX,01 - Non intersection,03 - P.D. only,04 - Sideswipe,01 - Clear,01 - Daylight,01 - Dry,10 - No control,,2,0,0,0,,0,,,,,370302.9453,5026052.894,45.37135714,-75.66373508,13278
16--9119,2016/08/31,2:33 PM,JINKINSON RD btwn FERNBANK RD & HAZELDEAN RD (__7JQ7K3),__7JQ7K3,01 - Non intersection,03 - P.D. only,07 - SMV other,01 - Clear,01 - Daylight,01 - Dry,10 - No control,,1,0,0,0,,0,,,,,345932.7621,5011436.74,45.24168988,-75.97606109,13279
16--912,2016/01/20,11:26 AM,TERRY FOX DR @ EDGEWATER ST/WALTER BAKER PL (0002699),2699,03 - At intersection,03 - P.D. only,03 - Rear end,01 - Clear,01 - Daylight,04 - Slush,01 - Traffic signal,01 - Functioning,2,0,0,0,,0,,,,,351776.9496,5017613.231,45.29690211,-75.90103883,13280
16--9120,2016/08/31,2:36 AM,HINCHEY AVE @ SCOTT ST (0006481),6481,02 - Intersection related,03 - P.D. only,07 - SMV other,01 - Clear,07 - Dark,01 - Dry,02 - Stop sign,00 - Unknown,1,0,0,0,,0,,,,,365087.6034,5029810.344,45.40563398,-75.72985314,13281
16--9121,2016/08/31,2:40 PM,BACHMAN TER btwn IRWIN GT & PICKFORD DR (__31BXP0),__31BXP0,04 - At/near private drive,03 - P.D. only,99 - Other,01 - Clear,01 - Daylight,01 - Dry,10 - No control,,2,0,0,0,,0,,,,,353408.519,5018334.445,45.30328077,-75.88016663,13282
16--9122,2016/08/31,2:48 PM,TENTH LINE RD @ CHARLEMAGNE BLVD N/TOMPKINS AV (0009222),9222,03 - At intersection,03 - P.D. only,03 - Rear end,01 - Clear,01 - Daylight,01 - Dry,01 - Traffic signal,01 - Functioning,2,0,0,0,,0,,,,,383182.859,5037979.221,45.47733825,-75.49742488,13283
16--9123,2016/08/31,2:53 PM,TERRY FOX DR @ PALLADIUM DR/KATIMAVIK RD (0011858),11858,02 - Intersection related,03 - P.D. only,03 - Rear end,01 - Clear,01 - Daylight,01 - Dry,01 - Traffic signal,01 - Functioning,2,0,0,0,,0,,,,,351269.718,5018183.846,45.30207039,-75.90745225,13284