Anom_ID,Accident_Date,Accident_Time,Location,Geo_ID,Accident_Location,Classification_of_Accident,Initial_Impact_Type,Environment_Condition,Light,Road_Surface_Condition,Traffic_Control,Traffic_Control_Condition,No__of_Vehicles,No__of_Bicycles,No__of_Motorcycles,No__of_Pedestrians,Max_Injury,No__of_Injuries,No__of_Minimal,No__of_Minor,No__of_Major,No__of_Fatal,X,Y,Latitude,Longitude,ObjectId
16--9124,2016/08/31,3:05 PM,HIGHWAY 417 btwn REGIONAL ROAD 174 & HWY417 IC113 RAMP85 (__3ZA289),__3ZA289,01 - Non intersection,03 - P.D. only,07 - SMV other,01 - Clear,01 - Daylight,01 - Dry,10 - No control,,1,0,0,0,,0,,,,,373381.6333,5031744.015,45.42226873,-75.6236433,13285
16--9125,2016/08/31,3:25 PM,ISLAND PARK DR @ SCOTT ST (0002126),2126,03 - At intersection,03 - P.D. only,04 - Sideswipe,01 - Clear,01 - Daylight,01 - Dry,01 - Traffic signal,01 - Functioning,2,0,0,0,,0,,,,,363833.47,5029040.334,45.39881247,-75.74596489,13286
16--9126,2016/08/31,3:29 PM,HOLLAND AVE @ ISLAND PARK DR/N.C.C. DRIVEWAY (0010787),10787,03 - At intersection,03 - P.D. only,05 - Turning movement,01 - Clear,01 - Daylight,01 - Dry,01 - Traffic signal,01 - Functioning,2,0,0,0,,0,,,,,365426.22,5027917.097,45.38856972,-75.72576055,13287
16--9127,2016/08/31,3:30 PM,ISLAND PARK DR @ RICHMOND RD (0002125),2125,02 - Intersection related,03 - P.D. only,03 - Rear end,01 - Clear,01 - Daylight,01 - Dry,01 - Traffic signal,01 - Functioning,2,0,0,0,,0,,,,,364131.3705,5028867.025,45.39722789,-75.74218099,13288
16--9128,2016/08/31,3:49 PM,EARL ARMSTRONG RD @ SHORELINE DR (0013041),13041,02 - Intersection related,02 - Non-fatal injury,07 - SMV other,01 - Clear,01 - Daylight,01 - Dry,01 - Traffic signal,01 - Functioning,1,0,0,0,02 - Minor,1,,1,,,368838.9421,5015287.557,45.27462811,-75.68381596,13289
16--9129,2016/08/31,4:00 PM,HIGHWAY 417 btwn HWY417 IC123 RAMP62 & HWY417 IC122 RAMP16 (__3ZA2R9),__3ZA2R9,01 - Non intersection,03 - P.D. only,03 - Rear end,01 - Clear,01 - Daylight,01 - Dry,10 - No control,,2,0,0,0,,0,,,,,365135.12,5028714.741,45.39577189,-75.72938023,13290
16--913,2016/01/20,11:34 PM,MARCH RD btwn HWY417 IC155 RAMP35 & HWY417 IC155 RAMP26 (__3ZA1MW),__3ZA1MW,01 - Non intersection,03 - P.D. only,03 - Rear end,01 - Clear,07 - Dark,01 - Dry,10 - No control,,2,0,0,0,,0,,,,,339557.1526,5019331.536,45.31307501,-76.05671656,13291
16--9130,2016/08/31,4:20 PM,HIGHWAY 417 btwn HWY417 IC117 RAMP26 & HWY417 IC117 RAMP61 (__3ZA2YM),__3ZA2YM,01 - Non intersection,03 - P.D. only,03 - Rear end,01 - Clear,01 - Daylight,01 - Dry,10 - No control,,2,0,0,0,,0,,,,,370829.7233,5031219.408,45.41779406,-75.65631905,13292
16--9131,2016/08/31,4:41 PM,NAVAN RD btwn DIAMOND WAY & TENTH LINE RD (__3ZA3YY),__3ZA3YY,01 - Non intersection,02 - Non-fatal injury,05 - Turning movement,02 - Rain,01 - Daylight,02 - Wet,10 - No control,,2,0,0,0,02 - Minor,1,,1,,,385461.2624,5031897.062,45.42235725,-75.46928436,13293
16--9132,2016/08/31,4:41 PM,JOCKVALE RD @ STRANDHERD DR (0010541),10541,02 - Intersection related,03 - P.D. only,03 - Rear end,01 - Clear,01 - Daylight,01 - Dry,01 - Traffic signal,01 - Functioning,2,0,0,0,,0,,,,,363560.4805,5014575.767,45.26868432,-75.7511688,13294
16--9133,2016/08/31,5:09 PM,RICHMOND RD @ FRASER AVE (0006238),6238,02 - Intersection related,02 - Non-fatal injury,07 - SMV other,01 - Clear,01 - Daylight,01 - Dry,01 - Traffic signal,01 - Functioning,1,0,0,1,01 - Minimal,1,1,,,,362489.0333,5027691.324,45.38678634,-75.76329368,13295
16--9134,2016/08/31,5:30 PM,BRONSON AVE btwn LISGAR ST & COOPER ST (__3ZA33P),__3ZA33P,01 - Non intersection,03 - P.D. only,07 - SMV other,01 - Clear,01 - Daylight,01 - Dry,10 - No control,,1,0,0,0,,0,,,,,366912.6005,5030605.137,45.41262573,-75.70644171,13296
16--9135,2016/08/31,5:36 PM,BANK ST @ HUNT CLUB RD (0002119),2119,02 - Intersection related,03 - P.D. only,03 - Rear end,01 - Clear,01 - Daylight,01 - Dry,01 - Traffic signal,00 - Unknown,3,0,0,0,,0,,,,,371611.221,5024094.85,45.35361583,-75.64729911,13297
16--9136,2016/08/31,5:45 PM,HIGHWAY 417 btwn HWY417 IC120B RAMP36 & HWY417 IC119B RAMP76 (__3ZA2YU),__3ZA2YU,01 - Non intersection,03 - P.D. only,03 - Rear end,01 - Clear,01 - Daylight,01 - Dry,10 - No control,,3,0,0,0,,0,,,,,367948.197,5030125.597,45.4082183,-75.69327354,13298
16--9137,2016/08/31,6:04 PM,HUNT CLUB RD btwn LINDBERGH PRIV & NORTH BOWESVILLE RD (__3ZA35F),__3ZA35F,01 - Non intersection,03 - P.D. only,03 - Rear end,01 - Clear,01 - Daylight,01 - Dry,10 - No control,,3,0,0,0,,0,,,,,368402.7486,5022156.265,45.33647123,-75.68849336,13299
16--9138,2016/08/31,6:30 PM,HIGHWAY 417 btwn HWY417 IC122 RAMP15 & HWY417 IC121B RAMP51 (__3ZA2RB),__3ZA2RB,01 - Non intersection,02 - Non-fatal injury,03 - Rear end,01 - Clear,01 - Daylight,01 - Dry,10 - No control,,2,0,0,0,01 - Minimal,1,1,,,,366564.576,5029510.979,45.4028116,-75.71102476,13300
16--9139,2016/08/31,6:50 AM,HIGHWAY 417 btwn HWY417 IC129 RAMP51 & HWY417 IC129 RAMP35 (__3ZA2X9),__3ZA2X9,01 - Non intersection,03 - P.D. only,03 - Rear end,01 - Clear,01 - Daylight,01 - Dry,10 - No control,,2,0,0,0,,0,,,,,360404.3576,5023485.595,45.34911199,-75.79038688,13301
16--914,2016/01/20,11:45 AM,CHAMPLAIN ST btwn OR174 IC102 RAMP36 & PLACE D'ORLEANS DR (__6K6SZ2),__6K6SZ2,01 - Non intersection,03 - P.D. only,03 - Rear end,01 - Clear,01 - Daylight,01 - Dry,10 - No control,,2,0,0,0,,0,,,,,381573.0562,5038238.533,45.47985017,-75.51797185,13302
16--9140,2016/08/31,6:50 PM,GREENBANK RD @ MALVERN DR/FOXFIELD DR (0009821),9821,03 - At intersection,02 - Non-fatal injury,05 - Turning movement,01 - Clear,01 - Daylight,01 - Dry,01 - Traffic signal,01 - Functioning,2,0,0,0,02 - Minor,1,,1,,,363311.5948,5016194.379,45.28326939,-75.7541495,13303
16--9141,2016/08/31,7:23 PM,MERIVALE RD btwn WEST HUNT CLUB RD & JAMIE AVE (__3ZA3JU),__3ZA3JU,01 - Non intersection,03 - P.D. only,04 - Sideswipe,01 - Clear,01 - Daylight,01 - Dry,10 - No control,,2,0,0,0,,0,,,,,365636.1859,5021886.077,45.33428544,-75.72382179,13304
16--9142,2016/08/31,8:11 AM,ST. JOSEPH BLVD @ FOREST VALLEY DR/YOUVILLE DR (0004440),4440,02 - Intersection related,02 - Non-fatal injury,03 - Rear end,01 - Clear,01 - Daylight,01 - Dry,01 - Traffic signal,01 - Functioning,2,0,0,0,01 - Minimal,1,1,,,,379162.949,5036156.936,45.46138241,-75.54911095,13305
16--9143,2016/08/31,8:33 PM,BANK ST @ SOUTHKEYS SC (0009010),9010,02 - Intersection related,03 - P.D. only,03 - Rear end,01 - Clear,05 - Dusk,01 - Dry,01 - Traffic signal,00 - Unknown,2,0,0,0,,0,,,,,371085.7739,5024520.199,45.35749285,-75.65394753,13306
16--9144,2016/08/31,8:45 AM,EAGLESON RD @ HAZELDEAN RD/ROBERTSON RD (0002715),2715,02 - Intersection related,03 - P.D. only,03 - Rear end,01 - Clear,01 - Daylight,01 - Dry,01 - Traffic signal,01 - Functioning,2,0,0,0,,0,,,,,353673.6249,5018426.53,45.30409097,-75.87677725,13307
16--9145,2016/08/31,8:46 AM,RICHMOND RD btwn NEW ORCHARD AVE & WOODROFFE AVE (__3ZA4L0),__3ZA4L0,04 - At/near private drive,02 - Non-fatal injury,02 - Angle,01 - Clear,01 - Daylight,01 - Dry,10 - No control,,2,0,0,1,02 - Minor,2,,2,,,361463.381,5026491.398,45.37607324,-75.77652823,13308
16--9146,2016/08/31,8:54 PM,ALTA VISTA DR @ SMYTH RD (0011353),11353,03 - At intersection,03 - P.D. only,05 - Turning movement,01 - Clear,07 - Dark,01 - Dry,01 - Traffic signal,01 - Functioning,2,0,0,0,,0,,,,,370431.6182,5029081.777,45.39859793,-75.66168978,13309
16--9147,2016/08/31,9:19 AM,CAMPEAU DR @ TERRY FOX DR (0008211),8211,03 - At intersection,03 - P.D. only,03 - Rear end,01 - Clear,01 - Daylight,01 - Dry,01 - Traffic signal,01 - Functioning,2,0,0,0,,0,,,,,350455.6007,5019010.041,45.3095581,-75.91775663,13310
16--9148,2016/08/31,9:32 AM,ST. JOSEPH BLVD btwn ST. JEAN ST & BELCOURT BLVD (__3ZA2AP),__3ZA2AP,01 - Non intersection,03 - P.D. only,05 - Turning movement,01 - Clear,01 - Daylight,01 - Dry,10 - No control,,2,0,0,0,,0,,,,,381114.0706,5037295.589,45.47141667,-75.5239885,13311
16--9149,2016/08/31,9:40 AM,ARMSTRONG ST @ BAYVIEW RD (0005751),5751,02 - Intersection related,03 - P.D. only,99 - Other,01 - Clear,01 - Daylight,01 - Dry,02 - Stop sign,01 - Functioning,2,0,0,0,,0,,,,,365684.6034,5030022.666,45.40749272,-75.72220122,13312
16--915,2016/01/20,11:51 AM,BRONSON AVE btwn FINDLAY AVE & BRONSON AVE SB OFF RAMP 34 (__3ZA3N5),__3ZA3N5,01 - Non intersection,03 - P.D. only,07 - SMV other,01 - Clear,01 - Daylight,02 - Wet,10 - No control,,1,0,0,0,,0,,,,,367745.0818,5028521.798,45.39380609,-75.69607279,13313
16--9150,2016/08/31,9:40 AM,GREENBANK RD @ HALF MOON BAY (0014465),14465,02 - Intersection related,02 - Non-fatal injury,03 - Rear end,01 - Clear,01 - Daylight,01 - Dry,02 - Stop sign,01 - Functioning,2,0,0,0,01 - Minimal,1,1,,,,364651.5955,5013125.004,45.25553833,-75.73743986,13314
16--9151,2016/09/01,1:56 PM,HERON RD @ ALTA VISTA DR (0007188),7188,02 - Intersection related,02 - Non-fatal injury,03 - Rear end,01 - Clear,01 - Daylight,01 - Dry,01 - Traffic signal,01 - Functioning,2,0,0,0,02 - Minor,1,,1,,,370494.3787,5026901.295,45.37897285,-75.66117849,13315
16--9152,2016/09/01,10:15 AM,TERRY FOX DR @ PALLADIUM DR/KATIMAVIK RD (0011858),11858,02 - Intersection related,03 - P.D. only,03 - Rear end,01 - Clear,01 - Daylight,01 - Dry,01 - Traffic signal,01 - Functioning,2,0,0,0,,0,,,,,351269.1825,5018180.437,45.30203975,-75.9074594,13316
16--9153,2016/09/01,11:06 AM,BANK ST @ RIVERSIDE DR N (0010778),10778,03 - At intersection,03 - P.D. only,04 - Sideswipe,01 - Clear,01 - Daylight,01 - Dry,01 - Traffic signal,01 - Functioning,2,0,0,0,,0,,,,,369224.7974,5027983.316,45.38882643,-75.67724628,13317
16--9154,2016/09/01,11:31 AM,FALLOWFIELD RD btwn O'KEEFE CRT & CEDARVIEW RD (__3ZA4Y8),__3ZA4Y8,01 - Non intersection,03 - P.D. only,04 - Sideswipe,01 - Clear,01 - Daylight,01 - Dry,10 - No control,,2,0,0,0,,0,,,,,361204.6672,5015610.351,45.27818648,-75.78107083,13318
16--9155,2016/09/01,11:42 PM,HUNT CLUB RD @ BRIDLE PATH DR/DAZE ST (0008214),8214,02 - Intersection related,03 - P.D. only,03 - Rear end,01 - Clear,07 - Dark,01 - Dry,01 - Traffic signal,01 - Functioning,2,0,0,0,,0,,,,,371287.984,5023865.645,45.35158424,-75.65145489,13319
16--9156,2016/09/01,11:46 AM,BANK ST @ KILBORN AVE/BELANGER AVE (0007208),7208,02 - Intersection related,02 - Non-fatal injury,02 - Angle,01 - Clear,01 - Daylight,01 - Dry,01 - Traffic signal,01 - Functioning,2,0,0,0,01 - Minimal,1,1,,,,369654.1545,5027427.426,45.38378509,-75.67183668,13320
16--9157,2016/09/01,11:49 AM,QUEEN ELIZABETH DRWY @ TORRINGTON PL (0007554),7554,02 - Intersection related,02 - Non-fatal injury,07 - SMV other,01 - Clear,01 - Daylight,01 - Dry,02 - Stop sign,01 - Functioning,1,0,0,1,01 - Minimal,1,1,,,,367984.4861,5028613.333,45.39460813,-75.69300373,13321
16--9158,2016/09/01,Unknown,BRIGHTON AVE btwn BRISTOL AVE & RIDEAU RIVER DR (__3ZAZBZ),__3ZAZBZ,01 - Non intersection,03 - P.D. only,06 - SMV unattended vehicle,01 - Clear,00 - Unknown,01 - Dry,10 - No control,,1,0,0,0,,0,,,,,369456.8925,5028945.856,45.39746566,-75.67415642,13322
16--9159,2016/09/01,12:20 PM,DOWNSVIEW CRES W @ WOODFIELD DR W (0001540),1540,02 - Intersection related,02 - Non-fatal injury,03 - Rear end,01 - Clear,01 - Daylight,01 - Dry,02 - Stop sign,01 - Functioning,2,0,0,0,01 - Minimal,1,1,,,,364576.8762,5021876.916,45.33429405,-75.73733688,13323
16--916,2016/01/20,11:53 AM,WALKLEY RD @ HEATHERINGTON RD (0006928),6928,02 - Intersection related,03 - P.D. only,05 - Turning movement,01 - Clear,01 - Daylight,01 - Dry,01 - Traffic signal,01 - Functioning,2,0,0,0,,0,,,,,371766.0662,5026793.429,45.37788191,-75.64495732,13324
16--9160,2016/09/01,12:38 PM,COVENTRY RD btwn ARCOLA PRIV & LOLA ST (__3ZA35VB),__3ZA35VB,04 - At/near private drive,02 - Non-fatal injury,02 - Angle,01 - Clear,01 - Daylight,01 - Dry,10 - No control,,2,0,0,0,02 - Minor,2,,2,,,371160.4336,5031603.303,45.4212169,-75.65204223,13325
16--9161,2016/09/01,12:49 PM,BESSERER ST @ WALLER ST (0008859),8859,02 - Intersection related,03 - P.D. only,04 - Sideswipe,01 - Clear,01 - Daylight,01 - Dry,01 - Traffic signal,01 - Functioning,2,0,0,0,,0,,,,,368316.5919,5032191.319,45.42677163,-75.68830145,13326
16--9162,2016/09/01,12:51 PM,WOODROFFE AVE @ HWY 417 WOODROFF IC127R26/HWY4 (0002355),2355,02 - Intersection related,03 - P.D. only,03 - Rear end,01 - Clear,01 - Daylight,01 - Dry,01 - Traffic signal,00 - Unknown,2,0,0,0,,0,,,,,362083.3098,5024941.11,45.36207349,-75.76879346,13327
16--9795,2016/09/19,3:35 PM,WALKLEY RD @ DON REID DR/RYDER ST (0008218),8218,02 - Intersection related,02 - Non-fatal injury,02 - Angle,01 - Clear,01 - Daylight,01 - Dry,01 - Traffic signal,01 - Functioning,2,1,0,0,01 - Minimal,1,1,,,,372600.5885,5027283.462,45.38221077,-75.63423582,13328
16--9528,2016/09/11,7:50 AM,THOMAS A. DOLAN PKWY btwn CARP RD & STONECREST RD (__3ZA1XZ),__3ZA1XZ,01 - Non intersection,03 - P.D. only,07 - SMV other,01 - Clear,01 - Daylight,01 - Dry,10 - No control,,1,0,0,0,,0,,,,,336562.0628,5026094.852,45.37407628,-76.09447986,13329
16--9437,2016/09/09,11:59 AM,ST. JOSEPH BLVD @ DUFORD DR/PLACE D'ORLEANS DR (0003629),3629,03 - At intersection,03 - P.D. only,07 - SMV other,01 - Clear,01 - Daylight,01 - Dry,01 - Traffic signal,01 - Functioning,1,0,0,0,,0,,,,,381995.9755,5037996.095,45.47762229,-75.51260107,13330
16--9707,2016/09/16,9:33 AM,MEADOWLANDS DR btwn PRINCE OF WALES DR & DEBRA AVE (__3ZA3GTB),__3ZA3GTB,04 - At/near private drive,03 - P.D. only,02 - Angle,01 - Clear,01 - Daylight,01 - Dry,10 - No control,,2,0,0,0,,0,,,,,367235.7859,5025605.774,45.36761403,-75.70294559,13331
16--9257,2016/09/03,3:40 AM,HIGHWAY 417 btwn HWY417 IC96 RAMP61 & HWY417 IC88 RAMP16 (__3ZA27Z),__3ZA27Z,01 - Non intersection,03 - P.D. only,07 - SMV other,01 - Clear,07 - Dark,01 - Dry,10 - No control,,1,0,0,0,,0,,,,,392391.8753,5022909.478,45.34066339,-75.38233359,13332
16--9618,2016/09/14,6:34 PM,HIGHWAY 417 btwn HWY417 IC127 RAMP63 & HWY417 IC127 RAMP67 (__3ZA2RF),__3ZA2RF,01 - Non intersection,02 - Non-fatal injury,03 - Rear end,01 - Clear,01 - Daylight,01 - Dry,10 - No control,,2,0,0,0,02 - Minor,2,,2,,,362127.8352,5024855.316,45.36129788,-75.7682351,13333
16--9796,2016/09/19,3:36 PM,NORTH RIVER RD btwn MONTREAL RD & SELKIRK ST (__3ZBOF1),__3ZBOF1,04 - At/near private drive,03 - P.D. only,07 - SMV other,01 - Clear,01 - Daylight,01 - Dry,10 - No control,,1,0,0,0,,0,,,,,369757.9304,5032832.042,45.43240423,-75.66979954,13334
16--9619,2016/09/14,7:00 PM,BANK ST btwn WALKLEY RD & SURREY AVE (__3ZA4TW),__3ZA4TW,04 - At/near private drive,03 - P.D. only,02 - Angle,01 - Clear,01 - Daylight,01 - Dry,10 - No control,,2,0,0,0,,0,,,,,370340.2669,5025938.295,45.37032252,-75.66327386,13335
16--9167,2016/09/01,3:52 PM,INDUSTRIAL AVE @ ALTA VISTA DR/SANDFORD FLEMIN (0006979),6979,03 - At intersection,03 - P.D. only,04 - Sideswipe,01 - Clear,01 - Daylight,01 - Dry,01 - Traffic signal,01 - Functioning,2,0,0,0,,0,,,,,370885.3824,5030557.35,45.41183188,-75.65569674,13336
16--9529,2016/09/11,8:10 PM,HAWTHORNE RD/RUSSELL RD @ WALKLEY RD (0002618),2618,02 - Intersection related,03 - P.D. only,03 - Rear end,01 - Clear,07 - Dark,01 - Dry,01 - Traffic signal,01 - Functioning,2,0,0,0,,0,,,,,374674.5504,5028499.434,45.39294771,-75.60758386,13337
16--9438,2016/09/09,Unknown,EQUINE WAY btwn CAVESSON ST & TAPADERO AVE (__827GGE),__827GGE,01 - Non intersection,03 - P.D. only,06 - SMV unattended vehicle,01 - Clear,00 - Unknown,01 - Dry,10 - No control,,1,0,0,0,,0,,,,,353011.578,5015078.631,45.27401149,-75.88554435,13338
16--9708,2016/09/17,1:29 PM,PORTOBELLO BLVD @ VALIN ST (0012844),12844,03 - At intersection,03 - P.D. only,02 - Angle,02 - Rain,01 - Daylight,02 - Wet,02 - Stop sign,01 - Functioning,2,0,0,0,,0,,,,,385350.5465,5037697.35,45.47455555,-75.46974921,13339
16--9258,2016/09/03,4:17 PM,BARRETTE ST btwn LOYER ST & ST. CHARLES ST (__3ZA8XN),__3ZA8XN,01 - Non intersection,03 - P.D. only,07 - SMV other,01 - Clear,01 - Daylight,01 - Dry,10 - No control,,1,0,0,0,,0,,,,,369422.9074,5033685.418,45.44011361,-75.67396885,13340
16--962,2016/01/20,8:55 AM,OLD TENTH LINE RD @ TENTH LINE RD (0009223),9223,02 - Intersection related,03 - P.D. only,03 - Rear end,01 - Clear,01 - Daylight,02 - Wet,01 - Traffic signal,01 - Functioning,3,0,0,0,,0,,,,,383042.2257,5038360.018,45.48078009,-75.49916275,13341
16--9797,2016/09/19,3:40 PM,HAZELDEAN RD @ EDGEWATER ST (0003176),3176,03 - At intersection,02 - Non-fatal injury,05 - Turning movement,01 - Clear,01 - Daylight,01 - Dry,01 - Traffic signal,01 - Functioning,2,0,0,0,03 - Major,2,1,,1,,352320.9902,5017350.743,45.29450359,-75.89412779,13342
16--9620,2016/09/14,7:00 PM,HWY417 IC117 RAMP36 btwn HIGHWAY 417 & VANIER PKWY (__3ZAYAX),__3ZAYAX,01 - Non intersection,02 - Non-fatal injury,03 - Rear end,01 - Clear,01 - Daylight,01 - Dry,10 - No control,,2,0,0,0,02 - Minor,1,,1,,,370748.9771,5031285.549,45.41839678,-75.65734181,13343
16--9168,2016/09/01,4:02 PM,CROYDON AVE @ RICHMOND RD (0002652),2652,03 - At intersection,03 - P.D. only,03 - Rear end,01 - Clear,01 - Daylight,01 - Dry,01 - Traffic signal,01 - Functioning,2,0,0,0,,0,,,,,360545.1513,5025273.858,45.36519154,-75.78838857,13344
16--953,2016/01/20,7:37 PM,JEANNE D'ARC BLVD  S btwn OR174 IC105 RAMP53 & YOUVILLE DR (__3ZA2BX),__3ZA2BX,01 - Non intersection,02 - Non-fatal injury,05 - Turning movement,01 - Clear,07 - Dark,01 - Dry,10 - No control,,2,0,0,0,02 - Minor,1,,1,,,379669.0131,5036702.172,45.46623397,-75.5425577,13345
16--9439,2016/09/09,12:09 AM,KING EDWARD AVE btwn LAURIER AVE E & THOMAS MORE PRIV (__3ZA3UU),__3ZA3UU,01 - Non intersection,02 - Non-fatal injury,07 - SMV other,01 - Clear,07 - Dark,01 - Dry,10 - No control,,1,0,0,1,02 - Minor,1,,1,,,368742.4416,5032025.208,45.42523823,-75.6828815,13346
16--9709,2016/09/17,1:55 AM,LARGO CRES btwn DALLAS PL & SPRING GARDEN AVE (__3ZBOLV),__3ZBOLV,01 - Non intersection,03 - P.D. only,07 - SMV other,00 - Unknown,07 - Dark,01 - Dry,10 - No control,,1,0,0,0,,0,,,,,364746.686,5022927.332,45.34373109,-75.73504329,13347
16--9259,2016/09/03,4:28 PM,GARFIELD AVE @ MAITLAND AVE (0002031),2031,02 - Intersection related,03 - P.D. only,04 - Sideswipe,01 - Clear,01 - Daylight,01 - Dry,01 - Traffic signal,01 - Functioning,2,0,0,0,,0,,,,,363342.4723,5025562.747,45.36756288,-75.75264829,13348
16--9530,2016/09/11,9:51 AM,WEST HUNT CLUB RD @ 545 E OF ROYDON PL/SUNDERLAND ST (0010375),10375,03 - At intersection,02 - Non-fatal injury,05 - Turning movement,01 - Clear,01 - Daylight,01 - Dry,01 - Traffic signal,01 - Functioning,2,0,0,0,02 - Minor,2,,2,,,366353.0587,5022407.628,45.33891576,-75.71461155,13349
16--971,2016/01/21,1:12 PM,RICHMOND RD btwn JOHN SUTHERLAND DR & HOLLY ACRES RD (__3ZA2LS),__3ZA2LS,01 - Non intersection,03 - P.D. only,06 - SMV unattended vehicle,01 - Clear,01 - Daylight,01 - Dry,10 - No control,,1,0,0,0,,0,,,,,358830.7694,5022245.344,45.33807516,-75.81060272,13350
16--944,2016/01/20,6:43 AM,LAURIER AVE @ NICHOLAS ST (0010711),10711,03 - At intersection,03 - P.D. only,03 - Rear end,01 - Clear,07 - Dark,04 - Slush,01 - Traffic signal,01 - Functioning,2,0,0,0,,0,,,,,368373.6712,5031798.207,45.42322937,-75.68762282,13351
16--926,2016/01/20,3:23 PM,CARLING AVE @ RICHMOND RD (0010847),10847,02 - Intersection related,03 - P.D. only,03 - Rear end,01 - Clear,01 - Daylight,02 - Wet,01 - Traffic signal,01 - Functioning,2,0,0,0,,0,,,,,360244.5813,5024782.171,45.3607912,-75.79228035,13352
16--9531,2016/09/12,1:26 PM,"MCARTHUR AVE @ EGLISE, RUE DE L/MOORVALE ST (0007763)",7763,02 - Intersection related,03 - P.D. only,04 - Sideswipe,01 - Clear,01 - Daylight,01 - Dry,01 - Traffic signal,01 - Functioning,2,0,0,0,,0,,,,,371445.0867,5032825.069,45.43218274,-75.64824,13353
16--9798,2016/09/19,3:51 PM,WELLINGTON ST @ LETT ST (0012269),12269,02 - Intersection related,03 - P.D. only,03 - Rear end,01 - Clear,01 - Daylight,01 - Dry,01 - Traffic signal,01 - Functioning,2,0,0,0,,0,,,,,366355.2249,5031111.581,45.41723182,-75.71349887,13354
16--9169,2016/09/01,4:15 PM,PORTOBELLO BLVD/SPRINGRIDGE DR S @ TRIM RD (0012338),12338,02 - Intersection related,03 - P.D. only,03 - Rear end,01 - Clear,01 - Daylight,01 - Dry,01 - Traffic signal,01 - Functioning,3,0,0,0,,0,,,,,385689.2355,5038072.449,45.47789116,-75.46535629,13355
16--9621,2016/09/14,7:01 PM,CARLING AVE @ HIGHLAND AVE (0006705),6705,03 - At intersection,03 - P.D. only,02 - Angle,01 - Clear,01 - Daylight,01 - Dry,02 - Stop sign,01 - Functioning,2,0,0,0,,0,,,,,363302.5961,5026716.32,45.37794591,-75.75302066,13356
16--9710,2016/09/17,1:58 PM,WEST HUNT CLUB RD @ WOODROFFE AVE (0000576),576,02 - Intersection related,03 - P.D. only,03 - Rear end,02 - Rain,01 - Daylight,02 - Wet,01 - Traffic signal,01 - Functioning,2,0,0,0,,0,,,,,363670.691,5021246.075,45.3286944,-75.74897246,13357
16--9440,2016/09/09,12:10 PM,BANK ST @ CAHILL DR/DAZE ST (0012178),12178,02 - Intersection related,03 - P.D. only,03 - Rear end,01 - Clear,01 - Daylight,01 - Dry,01 - Traffic signal,01 - Functioning,2,0,0,0,,0,,,,,371305.7441,5024315.389,45.35562921,-75.65116776,13358
16--9260,2016/09/03,5:03 PM,CARP RD @ RICHARDSON SIDE RD (0005759),5759,02 - Intersection related,03 - P.D. only,07 - SMV other,01 - Clear,01 - Daylight,01 - Dry,01 - Traffic signal,01 - Functioning,1,0,0,0,,0,,,,,346209.7752,5017160.676,45.29318002,-75.97205546,13359
16--9532,2016/09/12,11:53 AM,HWY 417 VANIER IC117R63 @ VANIER PKWY (0002101),2101,03 - At intersection,03 - P.D. only,02 - Angle,01 - Clear,01 - Daylight,01 - Dry,01 - Traffic signal,01 - Functioning,2,0,0,0,,0,,,,,370799.3815,5031397.445,45.41939883,-75.65668285,13360
16--9799,2016/09/19,3:54 PM,ALTA VISTA DR @ BILLINGS AVE (0007552),7552,02 - Intersection related,03 - P.D. only,03 - Rear end,01 - Clear,01 - Daylight,01 - Dry,02 - Stop sign,00 - Unknown,2,0,0,0,,0,,,,,370350.1839,5028611.82,45.39437706,-75.66279228,13361
16--9441,2016/09/09,12:44 PM,GREENBANK RD @ IRIS ST/HWY 417 IC129 RAMP51 (0009073),9073,02 - Intersection related,03 - P.D. only,03 - Rear end,01 - Clear,01 - Daylight,01 - Dry,01 - Traffic signal,00 - Unknown,2,0,0,0,,0,,,,,360532.3673,5023311.991,45.34753974,-75.78877293,13362
16--9533,2016/09/12,12:15 PM,ANDERSON RD @ RUSSELL RD (0004145),4145,03 - At intersection,02 - Non-fatal injury,02 - Angle,01 - Clear,01 - Daylight,01 - Dry,02 - Stop sign,01 - Functioning,2,0,0,0,01 - Minimal,1,1,,,,379788.2431,5026706.282,45.37628517,-75.54255463,13363
16--9622,2016/09/14,7:19 AM,CARLING AVE @ CONNAUGHT AVE (0002143),2143,02 - Intersection related,03 - P.D. only,03 - Rear end,01 - Clear,01 - Daylight,01 - Dry,01 - Traffic signal,01 - Functioning,4,0,0,0,,0,,,,,360772.3325,5025117.101,45.36376294,-75.78550648,13364
16--98,2016/01/04,2:50 PM,REGIONAL RD 174 @ TRIM RD (0012835),12835,02 - Intersection related,03 - P.D. only,03 - Rear end,01 - Clear,01 - Daylight,01 - Dry,01 - Traffic signal,01 - Functioning,2,0,0,0,,0,,,,,384351.8533,5039989.965,45.49529678,-75.48214914,13365
16--9261,2016/09/03,5:30 PM,NORICE ST @ WOODROFFE AVE (0001542),1542,02 - Intersection related,03 - P.D. only,03 - Rear end,01 - Clear,01 - Daylight,01 - Dry,01 - Traffic signal,01 - Functioning,2,0,0,0,,0,,,,,363195.7009,5022396.768,45.33908795,-75.75489574,13366