Anom_ID,Accident_Date,Accident_Time,Location,Geo_ID,Accident_Location,Classification_of_Accident,Initial_Impact_Type,Environment_Condition,Light,Road_Surface_Condition,Traffic_Control,Traffic_Control_Condition,No__of_Vehicles,No__of_Bicycles,No__of_Motorcycles,No__of_Pedestrians,Max_Injury,No__of_Injuries,No__of_Minimal,No__of_Minor,No__of_Major,No__of_Fatal,X,Y,Latitude,Longitude,ObjectId
16--9442,2016/09/09,12:48 PM,REGIONAL ROAD 174 btwn OR174 IC112 RAMP36 & OR174 IC112 RAMP26 (__3ZAZFK),__3ZAZFK,01 - Non intersection,03 - P.D. only,04 - Sideswipe,01 - Clear,01 - Daylight,01 - Dry,10 - No control,,2,0,0,0,,0,,,,,374774.3303,5032827.431,45.4318788,-75.60569523,13367
16--9711,2016/09/17,10:10 PM,HIGHWAY 417 btwn HWY417 IC124 RAMP76 & HWY417 IC124 RAMP67 (__3ZA2R7),__3ZA2R7,01 - Non intersection,03 - P.D. only,03 - Rear end,02 - Rain,07 - Dark,02 - Wet,10 - No control,,2,0,0,0,,0,,,,,364378.0669,5027470.888,45.38464476,-75.73919887,13368
16--917,2016/01/20,Unknown,GEORGE ST    W btwn PRESTON ST & END (__3ZA06J),__3ZA06J,01 - Non intersection,03 - P.D. only,06 - SMV unattended vehicle,01 - Clear,00 - Unknown,02 - Wet,10 - No control,,1,0,0,0,,0,,,,,366608.3831,5029411.949,45.40191669,-75.71047764,13369
16--9534,2016/09/12,12:35 AM,BANK ST btwn MACLAREN ST & GILMOUR ST (__3ZA3QF),__3ZA3QF,01 - Non intersection,03 - P.D. only,06 - SMV unattended vehicle,01 - Clear,07 - Dark,01 - Dry,10 - No control,,1,0,0,0,,0,,,,,367748.9549,5030833.054,45.41460173,-75.69572828,13370
16--9623,2016/09/14,7:25 AM,BANK ST @ ROTARY WAY (0013660),13660,03 - At intersection,02 - Non-fatal injury,05 - Turning movement,01 - Clear,01 - Daylight,01 - Dry,01 - Traffic signal,01 - Functioning,2,0,0,0,02 - Minor,3,,3,,,375523.5441,5021226.117,45.32742054,-75.59778288,13371
16--980,2016/01/21,11:32 AM,REGIONAL ROAD 174 btwn TRANSIT & OR174 IC109 RAMP54 (__3ZAZ6V),__3ZAZ6V,01 - Non intersection,03 - P.D. only,07 - SMV other,03 - Snow,01 - Daylight,03 - Loose snow,10 - No control,,1,0,0,0,,0,,,,,375662.9516,5033494.861,45.43779447,-75.59424359,13372
16--9262,2016/09/03,5:42 PM,KNOXDALE RD @ WEST HUNT CLUB RD (0005165),5165,02 - Intersection related,03 - P.D. only,03 - Rear end,01 - Clear,01 - Daylight,01 - Dry,01 - Traffic signal,01 - Functioning,2,0,0,0,,0,,,,,361864.3205,5020584.593,45.3228916,-75.7720911,13373
16--9800,2016/09/19,4:16 PM,MITCH OWENS RD/BRIDGE ST @ RIVER RD (0003573),3573,02 - Intersection related,03 - P.D. only,03 - Rear end,01 - Clear,01 - Daylight,01 - Dry,01 - Traffic signal,00 - Unknown,2,0,0,0,,0,,,,,369500.3906,5010771.031,45.23392835,-75.67597457,13374
16--9801,2016/09/19,4:38 PM,NIXON DR/ROGER STEVENS DR @ RIVER RD (0001087),1087,02 - Intersection related,02 - Non-fatal injury,03 - Rear end,01 - Clear,01 - Daylight,01 - Dry,02 - Stop sign,00 - Unknown,2,0,0,0,02 - Minor,1,,1,,,373169.5302,5002765.85,45.16155204,-75.63034756,13375
16--9802,2016/09/19,4:41 PM,LANCASTER RD btwn SHELBOURN LANE & DELRIDGE LANE (__3ZA78H),__3ZA78H,04 - At/near private drive,03 - P.D. only,03 - Rear end,01 - Clear,01 - Daylight,01 - Dry,10 - No control,,3,0,0,0,,0,,,,,374012.6187,5029500.353,45.40201924,-75.61589639,13376
16--9803,2016/09/19,4:42 PM,ROCKDALE RD @ RUSSELL RD (0004677),4677,03 - At intersection,02 - Non-fatal injury,02 - Angle,01 - Clear,01 - Daylight,01 - Dry,02 - Stop sign,01 - Functioning,2,0,0,0,01 - Minimal,1,1,,,,393759.6417,5026972.254,45.37704363,-75.36415321,13377
16--9804,2016/09/19,5:50 PM,CUMMINGS AVE @ OGILVIE RD (0009923),9923,03 - At intersection,03 - P.D. only,05 - Turning movement,01 - Clear,01 - Daylight,01 - Dry,01 - Traffic signal,01 - Functioning,2,0,0,0,,0,,,,,372748.5007,5032169.927,45.42616267,-75.63167397,13378
16--9805,2016/09/19,6:40 PM,QUEEN ELIZABETH DRWY @ WAVERLEY ST (0007134),7134,02 - Intersection related,03 - P.D. only,05 - Turning movement,01 - Clear,05 - Dusk,01 - Dry,02 - Stop sign,01 - Functioning,2,0,0,0,,0,,,,,368874.9801,5031264.185,45.41837869,-75.68128695,13379
16--9806,2016/09/19,6:53 PM,KING EDWARD AVE @ SUSSEX DR (0002653),2653,02 - Intersection related,03 - P.D. only,03 - Rear end,01 - Clear,01 - Daylight,01 - Dry,01 - Traffic signal,01 - Functioning,4,0,0,0,,0,,,,,367663.492,5033503.447,45.43863671,-75.69647926,13380
16--9807,2016/09/19,7:32 AM,BLAIR RD @ OGILVIE RD (0004120),4120,02 - Intersection related,03 - P.D. only,03 - Rear end,01 - Clear,01 - Daylight,01 - Dry,01 - Traffic signal,01 - Functioning,2,0,0,0,,0,,,,,374508.2592,5033198.307,45.43524231,-75.60904282,13381
16--9808,2016/09/19,7:42 PM,BLAIR RD @ REGIONAL RD 174 N/OR174 IC112 RAMP61 (0003617),3617,02 - Intersection related,03 - P.D. only,04 - Sideswipe,01 - Clear,05 - Dusk,01 - Dry,01 - Traffic signal,01 - Functioning,2,0,0,0,,0,,,,,374633.8828,5032991.208,45.43336641,-75.60746677,13382
16--9809,2016/09/19,7:50 AM,PRINCE OF WALES DR btwn SECOND LINE RD S & BANKFIELD RD (__3ZA295),__3ZA295,01 - Non intersection,03 - P.D. only,07 - SMV other,"07 - Fog, mist, smoke, dust",01 - Daylight,01 - Dry,10 - No control,,1,0,0,0,,0,,,,,366418.5483,5008858.372,45.21699463,-75.71545796,13383
16--981,2016/01/21,11:50 AM,WALKLEY RD btwn 152 E OF HEATHERINGTON RD & HOLLY LANE (__3ZA2LVB),__3ZA2LVB,01 - Non intersection,02 - Non-fatal injury,03 - Rear end,01 - Clear,01 - Daylight,03 - Loose snow,10 - No control,,2,0,0,0,02 - Minor,1,,1,,,372129.9632,5027004.64,45.37974743,-75.6402827,13384
16--9810,2016/09/19,7:50 AM,BASELINE RD @ WOODROFFE AVE (0002225),2225,03 - At intersection,03 - P.D. only,04 - Sideswipe,01 - Clear,01 - Daylight,01 - Dry,01 - Traffic signal,01 - Functioning,2,0,0,0,,0,,,,,362548.5925,5023770.724,45.35150428,-75.76299146,13385
16--9811,2016/09/19,8:00 AM,HIGHWAY 417 btwn HWY417 IC124 RAMP65 & HWY417 IC122 RAMP51 (__3ZA2R8),__3ZA2R8,01 - Non intersection,03 - P.D. only,03 - Rear end,01 - Clear,01 - Daylight,01 - Dry,10 - No control,,2,0,0,0,,0,,,,,365138.4072,5028688.336,45.39553402,-75.72934147,13386
16--9812,2016/09/19,8:00 AM,HIGHWAY 417 btwn HWY417 IC124 RAMP65 & HWY417 IC122 RAMP51 (__3ZA2R8),__3ZA2R8,01 - Non intersection,02 - Non-fatal injury,03 - Rear end,01 - Clear,01 - Daylight,01 - Dry,10 - No control,,2,0,0,0,01 - Minimal,1,1,,,,365139.4655,5028685.161,45.39550536,-75.72932835,13387
16--9813,2016/09/19,8:21 AM,REGIONAL ROAD 174 btwn OR174 IC102 RAMP36 & OR174 IC102 RAMP26 (__6K3NTG),__6K3NTG,01 - Non intersection,03 - P.D. only,07 - SMV other,01 - Clear,01 - Daylight,01 - Dry,10 - No control,,1,0,0,0,,0,,,,,381131.5788,5038006.188,45.47780813,-75.5236542,13388
16--9814,2016/09/19,8:22 AM,TWYFORD ST btwn MCCARTHY RD & CAHILL DR W (__3ZA9B2),__3ZA9B2,04 - At/near private drive,03 - P.D. only,06 - SMV unattended vehicle,01 - Clear,01 - Daylight,01 - Dry,10 - No control,,1,0,0,0,,0,,,,,369849.2167,5023498.715,45.34841764,-75.6698633,13389
16--9815,2016/09/19,8:25 AM,HIGHWAY 417 btwn HWY417 IC123 RAMP62 & HWY417 IC122 RAMP16 (__3ZA2R9),__3ZA2R9,01 - Non intersection,03 - P.D. only,03 - Rear end,01 - Clear,01 - Daylight,01 - Dry,10 - No control,,3,0,0,0,,0,,,,,365119.3571,5028691.511,45.39556423,-75.72958438,13390
16--9816,2016/09/19,8:30 AM,HIGHWAY 417 btwn HWY417 IC129 RAMP25 & TRANSIT (__3ZA2SH),__3ZA2SH,01 - Non intersection,03 - P.D. only,03 - Rear end,01 - Clear,01 - Daylight,01 - Dry,10 - No control,,2,0,0,0,,0,,,,,361831.289,5024596.168,45.35899027,-75.77204998,13391
16--9817,2016/09/19,8:31 AM,SUSSEX DR btwn BRUYERE ST & ST. ANDREW ST (__3ZBOF2),__3ZBOF2,01 - Non intersection,03 - P.D. only,04 - Sideswipe,01 - Clear,01 - Daylight,01 - Dry,10 - No control,,2,0,0,0,,0,,,,,367560.7426,5032627.787,45.43076706,-75.6979041,13392
16--9818,2016/09/19,8:37 PM,CARP RD btwn BAIRD SIDE RD & THOMAS A. DOLAN PKWY (__3ZBOB2),__3ZBOB2,01 - Non intersection,02 - Non-fatal injury,07 - SMV other,01 - Clear,07 - Dark,01 - Dry,10 - No control,,1,0,0,0,02 - Minor,1,,1,,,335552.4632,5026805.081,45.38051225,-76.10732532,13393
16--9819,2016/09/19,8:40 AM,ST. LAURENT BLVD btwn SHORE ST & BELFAST RD (__3ZA2GU),__3ZA2GU,01 - Non intersection,03 - P.D. only,04 - Sideswipe,01 - Clear,01 - Daylight,01 - Dry,10 - No control,,3,0,0,0,,0,,,,,372851.2839,5030603.809,45.41206149,-75.63057694,13394
16--982,2016/01/21,12:00 PM,KITCHENER AVE @ BANK ST (0011963),11963,02 - Intersection related,03 - P.D. only,03 - Rear end,01 - Clear,01 - Daylight,01 - Dry,01 - Traffic signal,01 - Functioning,2,0,0,0,,0,,,,,370541.5347,5025499.62,45.36635661,-75.66076301,13395
16--9820,2016/09/19,8:44 AM,HIGHWAY 417 btwn HWY417 IC118 RAMP57 & HWY417 IC118 RAMP35 (__3ZA2YQ),__3ZA2YQ,01 - Non intersection,03 - P.D. only,03 - Rear end,01 - Clear,01 - Daylight,01 - Dry,10 - No control,,2,0,0,0,,0,,,,,369456.165,5031034.794,45.41626125,-75.67389178,13396
16--9821,2016/09/19,8:44 PM,GALLANTRY WAY btwn KHAMSIN ST & KHAMSIN ST (__87XGJB),__87XGJB,01 - Non intersection,02 - Non-fatal injury,07 - SMV other,01 - Clear,07 - Dark,01 - Dry,10 - No control,,1,0,0,0,02 - Minor,1,,1,,,350939.672,5016538.611,45.28728785,-75.9118136,13397
16--9822,2016/09/19,8:59 AM,GREENBANK RD @ CANFIELD RD/CRAIG HENRY DR (0000154),154,03 - At intersection,02 - Non-fatal injury,05 - Turning movement,01 - Clear,01 - Daylight,01 - Dry,01 - Traffic signal,01 - Functioning,2,1,0,0,02 - Minor,1,,1,,,361106.0212,5021364.712,45.32997234,-75.78167443,13398
16--9823,2016/09/19,9:07 PM,HIGHWAY 417 btwn HWY417 IC124 RAMP67 & HWY417 IC123 RAMP62 (__3ZA2YZ),__3ZA2YZ,01 - Non intersection,03 - P.D. only,99 - Other,01 - Clear,07 - Dark,01 - Dry,10 - No control,,2,0,0,0,,0,,,,,364725.8083,5027969.349,45.38910015,-75.73469815,13399
16--9824,2016/09/19,9:19 AM,BANK ST btwn BANK ST & TURN LANE (__3ZA28R),__3ZA28R,01 - Non intersection,03 - P.D. only,03 - Rear end,01 - Clear,01 - Daylight,01 - Dry,10 - No control,,2,0,0,0,,0,,,,,377781.3207,5015904.316,45.2793062,-75.56976776,13400
16--9825,2016/09/19,9:21 AM,FIFTH AVE btwn BRONSON AVE & MURIEL ST (__3ZA9LG),__3ZA9LG,01 - Non intersection,03 - P.D. only,04 - Sideswipe,01 - Clear,01 - Daylight,01 - Dry,10 - No control,,2,0,0,0,,0,,,,,367623.4555,5028941.629,45.39759453,-75.69757257,13401
16--9826,2016/09/20,1:07 PM,ELGIN ST NB @ WELLINGTON ST/RIDEAU ST (0011369),11369,02 - Intersection related,03 - P.D. only,04 - Sideswipe,01 - Clear,01 - Daylight,01 - Dry,01 - Traffic signal,00 - Unknown,2,0,0,0,,0,,,,,367802.5944,5031964.296,45.42477544,-75.69489837,13402
16--9827,2016/09/20,1:14 PM,PARKGLEN DR @ WOODROFFE AVE (0001099),1099,03 - At intersection,03 - P.D. only,04 - Sideswipe,01 - Clear,01 - Daylight,01 - Dry,02 - Stop sign,01 - Functioning,2,0,0,0,,0,,,,,362888.4684,5023127.171,45.34568557,-75.7587298,13403
16--9828,2016/09/20,1:28 PM,RICHMOND RD @ HOLLY ACRES RD/NANAIMO DR (0001068),1068,02 - Intersection related,03 - P.D. only,04 - Sideswipe,01 - Clear,01 - Daylight,01 - Dry,01 - Traffic signal,01 - Functioning,2,0,0,0,,0,,,,,359057.5739,5022749.155,45.34259097,-75.80765381,13404
16--9829,2016/09/20,1:32 PM,EARL ARMSTRONG RD @ LIMEBANK RD (0004456),4456,02 - Intersection related,02 - Non-fatal injury,04 - Sideswipe,01 - Clear,01 - Daylight,01 - Dry,01 - Traffic signal,01 - Functioning,2,0,0,0,02 - Minor,1,,1,,,370155.0623,5015960.231,45.28055962,-75.66695505,13405
16--983,2016/01/21,12:13 PM,RIVERSIDE DR NB btwn INDUSTRIAL AVE & TREMBLAY RD (__3ZA4SE),__3ZA4SE,01 - Non intersection,02 - Non-fatal injury,03 - Rear end,01 - Clear,01 - Daylight,02 - Wet,10 - No control,,5,0,0,0,02 - Minor,2,1,1,,,370808.3416,5030987.804,45.4157122,-75.65662325,13406
16--9830,2016/09/20,1:38 PM,WOODROFFE AVE @ ALGONQUIN COLLEGE/TRANSITWAY S (0004682),4682,02 - Intersection related,03 - P.D. only,07 - SMV other,01 - Clear,01 - Daylight,01 - Dry,01 - Traffic signal,00 - Unknown,1,0,0,0,,0,,,,,362823.6879,5023270.092,45.34697692,-75.75953963,13407
16--9831,2016/09/20,1:39 PM,VANIER PKWY SB btwn DESCHAMPS AVE & MONTREAL RD (__3ZA1YG),__3ZA1YG,01 - Non intersection,03 - P.D. only,04 - Sideswipe,01 - Clear,01 - Daylight,01 - Dry,10 - No control,,2,0,0,0,,0,,,,,370032.0951,5033081.618,45.43462429,-75.66626286,13408
16--9832,2016/09/20,1:41 PM,RUSKIN ST btwn PARKDALE AVE & MACFARLANE AVE (__3ZA0K2),__3ZA0K2,04 - At/near private drive,03 - P.D. only,02 - Angle,01 - Clear,01 - Daylight,01 - Dry,10 - No control,,2,0,0,0,,0,,,,,365652.0005,5028515.032,45.39393023,-75.7228037,13409
16--9833,2016/09/20,10:01 AM,CARLING AVE WB btwn FOREST ST & CROYDON AVE (__3ZA4V5),__3ZA4V5,01 - Non intersection,03 - P.D. only,04 - Sideswipe,02 - Rain,01 - Daylight,02 - Wet,10 - No control,,2,0,0,0,,0,,,,,360565.9759,5024985.913,45.36259897,-75.78815525,13410
16--9834,2016/09/20,10:20 AM,TENTH LINE RD btwn DES EPINETTES AVE & INNES RD (__3ZA3Y8),__3ZA3Y8,04 - At/near private drive,02 - Non-fatal injury,02 - Angle,01 - Clear,01 - Daylight,01 - Dry,10 - No control,,2,1,0,0,02 - Minor,1,,1,,,383645.5682,5036889.73,45.46748391,-75.49168223,13411
16--9835,2016/09/20,10:50 AM,GREENBANK RD @ BELLMAN DR/BATEMAN DR (0000153),153,03 - At intersection,02 - Non-fatal injury,07 - SMV other,01 - Clear,01 - Daylight,01 - Dry,01 - Traffic signal,01 - Functioning,1,0,0,1,01 - Minimal,1,1,,,,361255.8913,5021017.411,45.32683529,-75.77980222,13412
16--9836,2016/09/20,11:12 AM,NEPEAN ST btwn O'CONNOR ST & METCALFE ST (__3ZA9U6),__3ZA9U6,01 - Non intersection,03 - P.D. only,06 - SMV unattended vehicle,01 - Clear,01 - Daylight,01 - Dry,10 - No control,,1,0,0,0,,0,,,,,367768.7568,5031253.928,45.41838683,-75.69542153,13413
16--9837,2016/09/20,11:20 AM,DONALD ST @ VANIER PKWY (0007644),7644,03 - At intersection,03 - P.D. only,05 - Turning movement,01 - Clear,01 - Daylight,01 - Dry,01 - Traffic signal,01 - Functioning,2,0,0,0,,0,,,,,370311.4936,5032270.366,45.42729887,-75.66280015,13414
16--9838,2016/09/20,11:45 AM,COBOURG ST @ ST. PATRICK ST (0011483),11483,03 - At intersection,02 - Non-fatal injury,05 - Turning movement,01 - Clear,01 - Daylight,01 - Dry,01 - Traffic signal,01 - Functioning,2,0,0,0,02 - Minor,1,,1,,,368803.3659,5033233.808,45.43610719,-75.68194594,13415
16--9839,2016/09/20,11:59 AM,CARLING AVE @ MAITLAND AVE/SHERBOURNE RD (0002641),2641,02 - Intersection related,03 - P.D. only,04 - Sideswipe,01 - Clear,01 - Daylight,01 - Dry,01 - Traffic signal,01 - Functioning,2,0,0,0,,0,,,,,362942.4784,5026488.308,45.37592426,-75.75764522,13416
16--984,2016/01/21,12:59 PM,BELFAST RD @ ST. LAURENT BLVD (0007658),7658,02 - Intersection related,03 - P.D. only,03 - Rear end,01 - Clear,01 - Daylight,02 - Wet,01 - Traffic signal,01 - Functioning,2,0,0,0,,0,,,,,372858.5184,5030576.046,45.41181099,-75.63048835,13417
16--9840,2016/09/20,Unknown,SOMERSET ST    W btwn METCALFE ST & ELGIN ST (__3ZA341),__3ZA341,01 - Non intersection,03 - P.D. only,06 - SMV unattended vehicle,01 - Clear,00 - Unknown,01 - Dry,10 - No control,,1,0,0,0,,0,,,,,368144.2915,5031187.814,45.41775806,-75.69063214,13418
16--9841,2016/09/20,12:24 AM,HIGHWAY 417 btwn HWY417 IC127 RAMP25 & HWY417 IC126 RAMP51 (__3ZA2XA),__3ZA2XA,01 - Non intersection,03 - P.D. only,04 - Sideswipe,01 - Clear,07 - Dark,01 - Dry,10 - No control,,2,0,0,0,,0,,,,,363195.7011,5025872.67,45.37036377,-75.75448517,13419
16--9842,2016/09/20,12:25 AM,BANK ST @ HUNT CLUB RD (0002119),2119,03 - At intersection,03 - P.D. only,02 - Angle,01 - Clear,07 - Dark,01 - Dry,01 - Traffic signal,01 - Functioning,2,0,0,0,,0,,,,,371609.3951,5024096.726,45.35363288,-75.64732215,13420
16--9843,2016/09/20,2:04 PM,BANKFIELD RD btwn FIRST LINE RD & LOCKMASTER CRES (__3ZA2XX),__3ZA2XX,01 - Non intersection,03 - P.D. only,07 - SMV other,01 - Clear,01 - Daylight,01 - Dry,10 - No control,,1,0,0,0,,0,,,,,367374.2311,5009551.817,45.22315002,-75.703204,13421
16--9844,2016/09/20,2:27 PM,REGIONAL ROAD 174 EB btwn HWY417 IC113 RAMP65 & OR174 BLAIR IC112 RAMP51 (__3ZAZFJ),__3ZAZFJ,01 - Non intersection,03 - P.D. only,03 - Rear end,01 - Clear,01 - Daylight,01 - Dry,10 - No control,,2,0,0,0,,0,,,,,374746.3993,5032777.896,45.43143591,-75.6060592,13422
16--9845,2016/09/20,2:39 PM,LEGGET DR btwn TERRY FOX DR & SOLANDT RD (__3ZA48S),__3ZA48S,01 - Non intersection,03 - P.D. only,06 - SMV unattended vehicle,01 - Clear,01 - Daylight,01 - Dry,10 - No control,,1,0,0,0,,0,,,,,350287.9111,5023231.176,45.34755178,-75.91950721,13423
16--9846,2016/09/20,3:15 PM,RIVERSIDE DR SB btwn SAN REMO PRIV & TERMINAL AVE (__3ZA253),__3ZA253,01 - Non intersection,03 - P.D. only,03 - Rear end,01 - Clear,01 - Daylight,01 - Dry,10 - No control,,2,0,0,0,,0,,,,,370408.3,5030406.336,45.410518,-75.66181136,13424
16--9847,2016/09/20,3:29 PM,KING EDWARD AVE @ ST. PATRICK ST (0002714),2714,02 - Intersection related,03 - P.D. only,03 - Rear end,01 - Clear,01 - Daylight,01 - Dry,01 - Traffic signal,01 - Functioning,2,0,0,0,,0,,,,,368248.1658,5032823.321,45.43246437,-75.68909437,13425
16--9848,2016/09/20,3:30 AM,HIGHBURY PARK DR @ VIA VERONA AVE/COLINDALE AVE (0015107),15107,02 - Intersection related,03 - P.D. only,07 - SMV other,01 - Clear,07 - Dark,01 - Dry,02 - Stop sign,01 - Functioning,1,0,0,0,,0,,,,,364016.746,5015829.323,45.27992556,-75.74520523,13426
16--9849,2016/09/20,3:30 PM,HWY 417 VANIER IC117R63 @ VANIER PKWY (0002101),2101,02 - Intersection related,02 - Non-fatal injury,03 - Rear end,01 - Clear,01 - Daylight,01 - Dry,01 - Traffic signal,01 - Functioning,2,0,0,0,01 - Minimal,1,1,,,,370801.2664,5031397.51,45.41939923,-75.65665876,13427
16--985,2016/01/21,2:00 PM,MONTREAL RD @ SINCLAIR ST (0008675),8675,03 - At intersection,03 - P.D. only,05 - Turning movement,01 - Clear,01 - Daylight,01 - Dry,01 - Traffic signal,01 - Functioning,2,0,0,0,,0,,,,,375968.1634,5034757.773,45.44912638,-75.59016028,13428
16--9850,2016/09/20,3:42 PM,WALKLEY RD btwn MELFORT ST & RUSSELL RD (__3ZA2EO),__3ZA2EO,04 - At/near private drive,03 - P.D. only,02 - Angle,01 - Clear,01 - Daylight,01 - Dry,10 - No control,,2,0,0,0,,0,,,,,374635.4464,5028477.807,45.39275702,-75.60808629,13429
16--9851,2016/09/20,4:00 PM,HIGHWAY 417 btwn HWY417 IC123 RAMP62 & HWY417 IC122 RAMP16 (__3ZA2R9),__3ZA2R9,01 - Non intersection,03 - P.D. only,03 - Rear end,01 - Clear,01 - Daylight,01 - Dry,10 - No control,,2,0,0,0,,0,,,,,365121.1479,5028697.87,45.39562129,-75.72956073,13430
16--9852,2016/09/20,4:11 PM,MOODIE DR @ RICHMOND RD S (0001129),1129,02 - Intersection related,03 - P.D. only,03 - Rear end,01 - Clear,01 - Daylight,01 - Dry,03 - Yield sign,01 - Functioning,2,0,0,0,,0,,,,,357429.0396,5019538.416,45.31382453,-75.82877436,13431
16--9853,2016/09/20,4:38 PM,WAVERLEY ST @ O'CONNOR ST (0007269),7269,02 - Intersection related,03 - P.D. only,03 - Rear end,01 - Clear,01 - Daylight,01 - Dry,02 - Stop sign,01 - Functioning,2,0,0,0,,0,,,,,368009.2437,5030766.373,45.41397829,-75.69241157,13432
16--9854,2016/09/20,4:39 PM,LONGFIELDS DR btwn STRANDHERD DR & MARKETPLACE AVE (__5Z2MQN),__5Z2MQN,04 - At/near private drive,03 - P.D. only,02 - Angle,01 - Clear,01 - Daylight,01 - Dry,10 - No control,,2,0,0,0,,0,,,,,364610.7737,5015031.402,45.27269559,-75.73773038,13433
16--9855,2016/09/20,4:52 PM,LAURIER AVE @ NICHOLAS ST (0010711),10711,03 - At intersection,03 - P.D. only,04 - Sideswipe,01 - Clear,01 - Daylight,01 - Dry,01 - Traffic signal,01 - Functioning,2,0,0,0,,0,,,,,368372.8088,5031796.2,45.42321139,-75.6876341,13434
16--9856,2016/09/20,5:20 PM,BASELINE RD @ FISHER AVE (0002346),2346,02 - Intersection related,03 - P.D. only,03 - Rear end,01 - Clear,01 - Daylight,01 - Dry,01 - Traffic signal,01 - Functioning,3,0,0,0,,0,,,,,366166.6936,5026029.775,45.37152352,-75.71653964,13435
16--9857,2016/09/20,5:24 PM,RIOCAN AVE btwn MARKETPLACE AVE & END (__4LZBNN),__4LZBNN,01 - Non intersection,03 - P.D. only,02 - Angle,01 - Clear,01 - Daylight,01 - Dry,10 - No control,,2,0,0,0,,0,,,,,364343.292,5014663.374,45.26940677,-75.74118318,13436
16--9858,2016/09/20,5:27 PM,BANK ST @ RIVERSIDE DR N (0010778),10778,02 - Intersection related,03 - P.D. only,03 - Rear end,01 - Clear,01 - Daylight,01 - Dry,01 - Traffic signal,01 - Functioning,2,0,0,0,,0,,,,,369225.1025,5027981.924,45.38881388,-75.67724257,13437
16--9859,2016/09/20,5:36 PM,BRONSON PL @ COLONEL BY DR (0006903),6903,02 - Intersection related,03 - P.D. only,03 - Rear end,01 - Clear,01 - Daylight,01 - Dry,02 - Stop sign,01 - Functioning,2,0,0,0,,0,,,,,367809.5394,5028521.139,45.39379436,-75.69524971,13438
16--986,2016/01/21,2:03 PM,BANK ST @ LAURIER AVE (0002221),2221,02 - Intersection related,03 - P.D. only,04 - Sideswipe,01 - Clear,01 - Daylight,01 - Dry,01 - Traffic signal,01 - Functioning,2,0,0,0,,0,,,,,367480.4808,5031264.93,45.41851171,-75.69910319,13439
16--9860,2016/09/20,6:27 AM,BOTELER ST @ SUSSEX DR (0011436),11436,02 - Intersection related,03 - P.D. only,03 - Rear end,01 - Clear,07 - Dark,01 - Dry,01 - Traffic signal,01 - Functioning,2,0,0,0,,0,,,,,367452.1397,5032951.143,45.43368624,-75.69925079,13440
16--9861,2016/09/20,6:28 PM,BANK ST btwn HERON RD & ANOKA ST (__3ZA360),__3ZA360,04 - At/near private drive,03 - P.D. only,02 - Angle,01 - Clear,05 - Dusk,01 - Dry,10 - No control,,2,0,0,0,,0,,,,,370009.1119,5026813.562,45.37822879,-75.66738557,13441
16--9862,2016/09/20,6:46 PM,BANK ST @ CHAMBERLAIN AVE N/ISABELLA ST (0002132),2132,02 - Intersection related,03 - P.D. only,04 - Sideswipe,01 - Clear,01 - Daylight,01 - Dry,01 - Traffic signal,01 - Functioning,2,0,0,0,,0,,,,,368082.4926,5030166.343,45.40857279,-75.69155283,13442
16--9863,2016/09/20,6:52 PM,FALLOWFIELD RD @ GREENBANK RD (0000549),549,03 - At intersection,03 - P.D. only,05 - Turning movement,01 - Clear,05 - Dusk,01 - Dry,01 - Traffic signal,01 - Functioning,2,0,0,0,,0,,,,,363080.0171,5016732.236,45.28812827,-75.757038,13443
16--9864,2016/09/20,8:00 AM,WALKLEY RD btwn THORNDALE DR & AVONCOURT WAY (__3ZBOEM),__3ZBOEM,01 - Non intersection,02 - Non-fatal injury,03 - Rear end,01 - Clear,01 - Daylight,01 - Dry,10 - No control,,2,0,0,0,02 - Minor,1,,1,,,369506.5488,5025460.304,45.36609917,-75.67397909,13444
16--9865,2016/09/20,8:07 PM,REGIONAL ROAD 174 btwn OR174 IC105 RAMP25 & OR174 IC102 RAMP51 (__3ZA27G),__3ZA27G,01 - Non intersection,03 - P.D. only,04 - Sideswipe,01 - Clear,07 - Dark,01 - Dry,10 - No control,,2,0,0,0,,0,,,,,380150.0967,5037423.92,45.47267596,-75.5362957,13445
16--9866,2016/09/20,8:15 PM,HIGHWAY 417 btwn HWY417 IC110 RAMP54 & HWY417 IC110 RAMP65 (__3ZAZE4),__3ZAZE4,01 - Non intersection,03 - P.D. only,04 - Sideswipe,01 - Clear,07 - Dark,01 - Dry,10 - No control,,2,0,0,0,,0,,,,,375797.7523,5029201.501,45.39915157,-75.59313943,13446
16--9867,2016/09/20,8:30 PM,HATHAWAY DR @ OLDFIELD ST (0009669),9669,03 - At intersection,03 - P.D. only,02 - Angle,01 - Clear,07 - Dark,01 - Dry,02 - Stop sign,01 - Functioning,2,0,0,0,,0,,,,,366564.2226,5015793.005,45.27937958,-75.71274185,13447
16--9868,2016/09/20,8:30 PM,CENTURY RD S @ MCCORDICK RD S (0003724),3724,03 - At intersection,03 - P.D. only,02 - Angle,01 - Clear,07 - Dark,01 - Dry,02 - Stop sign,01 - Functioning,2,0,0,0,,0,,,,,360473.8338,5003126.894,45.16591628,-75.7917813,13448
16--9869,2016/09/20,8:45 PM,HIGHWAY 417 btwn HWY417 IC163 RAMP61 & HWY417 IC155 RAMP36 (__3ZA2QB),__3ZA2QB,01 - Non intersection,03 - P.D. only,07 - SMV other,01 - Clear,07 - Dark,01 - Dry,10 - No control,,1,0,0,0,,0,,,,,336156.0437,5020236.081,45.32137467,-76.10003502,13449