Anom_ID,Accident_Date,Accident_Time,Location,Geo_ID,Accident_Location,Classification_of_Accident,Initial_Impact_Type,Environment_Condition,Light,Road_Surface_Condition,Traffic_Control,Traffic_Control_Condition,No__of_Vehicles,No__of_Bicycles,No__of_Motorcycles,No__of_Pedestrians,Max_Injury,No__of_Injuries,No__of_Minimal,No__of_Minor,No__of_Major,No__of_Fatal,X,Y,Latitude,Longitude,ObjectId
16--987,2016/01/21,2:04 PM,ALTA VISTA DR btwn CLONTARF AVE & RANDALL AVE (__3ZBOTF),__3ZBOTF,01 - Non intersection,03 - P.D. only,03 - Rear end,01 - Clear,01 - Daylight,02 - Wet,10 - No control,,3,0,0,0,,0,,,,,370406.0082,5027391.003,45.38338735,-75.66224166,13450
16--9870,2016/09/20,8:48 AM,HARDING RD @ WALKLEY RD (0007652),7652,02 - Intersection related,02 - Non-fatal injury,02 - Angle,01 - Clear,01 - Daylight,01 - Dry,01 - Traffic signal,01 - Functioning,2,1,0,0,02 - Minor,1,,1,,,373149.6775,5027609.245,45.38508867,-75.62718006,13451
16--9871,2016/09/20,9:00 AM,HIGHWAY 417 btwn HWY417 IC129 RAMP25 & HWY417 IC129 RAMP35 (__3ZAYFR),__3ZAYFR,01 - Non intersection,02 - Non-fatal injury,03 - Rear end,01 - Clear,01 - Daylight,01 - Dry,10 - No control,,2,0,0,0,01 - Minimal,1,1,,,,360479.3626,5023545.196,45.34964232,-75.78942304,13452
16--9872,2016/09/20,9:03 AM,CARLING AVE @ CORKSTOWN RD (0001127),1127,02 - Intersection related,03 - P.D. only,03 - Rear end,01 - Clear,01 - Daylight,01 - Dry,01 - Traffic signal,01 - Functioning,2,0,0,0,,0,,,,,358000.1351,5023425.221,45.34875523,-75.82107343,13453
16--9873,2016/09/20,9:40 AM,BANK ST btwn RIDEAU RD & TURN LANE (__3ZBPH9),__3ZBPH9,01 - Non intersection,03 - P.D. only,07 - SMV other,01 - Clear,01 - Daylight,01 - Dry,10 - No control,,1,0,0,0,,0,,,,,377675.1214,5016125.067,45.28130344,-75.5710888,13454
16--9874,2016/09/21,1:39 PM,NORMAN ST @ PRESTON ST (0006127),6127,03 - At intersection,02 - Non-fatal injury,07 - SMV other,01 - Clear,01 - Daylight,01 - Dry,02 - Stop sign,01 - Functioning,1,0,0,1,02 - Minor,1,,1,,,366716.9275,5029193.778,45.39994405,-75.70911865,13455
16--9875,2016/09/21,1:52 PM,ST. LAURENT BLVD btwn GUY ST & MUTUAL ST (__3ZA3KF),__3ZA3KF,01 - Non intersection,03 - P.D. only,07 - SMV other,01 - Clear,01 - Daylight,01 - Dry,10 - No control,,1,0,1,0,,0,,,,,371861.2835,5033040.248,45.43407904,-75.64289207,13456
16--9876,2016/09/21,10:20 AM,BY WARD MARKET SQ btwn YORK ST & GEORGE ST (__3ZBOX6),__3ZBOX6,01 - Non intersection,03 - P.D. only,06 - SMV unattended vehicle,01 - Clear,01 - Daylight,01 - Dry,10 - No control,,1,0,0,0,,0,,,,,367947.0645,5032323.062,45.42799047,-75.69300639,13457
16--9877,2016/09/21,10:30 PM,HWY416 IC57 RAMP43 btwn BROPHY DR & HIGHWAY 416 (__3ZAY6J),__3ZAY6J,01 - Non intersection,03 - P.D. only,07 - SMV other,01 - Clear,07 - Dark,01 - Dry,10 - No control,,1,0,0,0,,0,,,,,364523.3859,5008036.94,45.2097665,-75.73968395,13458
16--9878,2016/09/21,10:35 AM,GREENBANK RD @ HARRISON ST/ASHGROVE CRES (0000627),627,03 - At intersection,02 - Non-fatal injury,07 - SMV other,01 - Clear,01 - Daylight,01 - Dry,01 - Traffic signal,01 - Functioning,1,0,0,1,03 - Major,1,,,1,,360839.4622,5022007.275,45.33577546,-75.78500205,13459
16--9879,2016/09/21,10:35 PM,SUSSEX DR/PRINCESS AVE @ RIDEAU GATE (0007141),7141,03 - At intersection,03 - P.D. only,04 - Sideswipe,01 - Clear,07 - Dark,01 - Dry,11 - Roundabout,01 - Functioning,2,0,0,0,,0,,,,,367957.1716,5034163.85,45.44455231,-75.69264107,13460
16--988,2016/01/21,2:27 PM,STATION RD btwn MARCH RD & END (__3ZA2UD),__3ZA2UD,04 - At/near private drive,03 - P.D. only,02 - Angle,01 - Clear,01 - Daylight,05 - Packed snow,10 - No control,,2,0,0,0,,0,,,,,350871.5363,5022217.733,45.33839452,-75.91215407,13461
16--9880,2016/09/21,10:43 PM,MCARTHUR AVE @ VANIER PKWY (0004626),4626,02 - Intersection related,03 - P.D. only,03 - Rear end,01 - Clear,07 - Dark,01 - Dry,01 - Traffic signal,01 - Functioning,2,0,0,0,,0,,,,,370217.0487,5032691,45.4310924,-75.6639511,13462
16--9881,2016/09/21,10:52 AM,CARLING AVE WB btwn CONNAUGHT AVE & OTTAWA RIVER PKWY WB RAMP/CARLING  (__3ZA265),__3ZA265,01 - Non intersection,03 - P.D. only,04 - Sideswipe,01 - Clear,01 - Daylight,01 - Dry,10 - No control,,2,0,0,0,,0,,,,,360779.0187,5025123.662,45.36382144,-75.7854204,13463
16--9882,2016/09/21,11:01 PM,TRACY AVE btwn ASH ST & END (__6ZT1G3),__6ZT1G3,01 - Non intersection,03 - P.D. only,06 - SMV unattended vehicle,01 - Clear,07 - Dark,01 - Dry,10 - No control,,1,0,0,0,,0,,,,,357250.1755,5020801.368,45.32520209,-75.83092167,13464
16--9883,2016/09/21,11:58 AM,GREENBANK RD btwn HARRISON ST & BANNER RD (__3ZBOCZ),__3ZBOCZ,01 - Non intersection,03 - P.D. only,03 - Rear end,01 - Clear,01 - Daylight,01 - Dry,10 - No control,,3,0,0,0,,0,,,,,360870.3235,5021930.476,45.33508195,-75.78461702,13465
16--9712,2016/09/17,10:40 PM,BASELINE RD btwn BARBARA ANN PRIV & HIGHGATE RD (__3ZA4MS),__3ZA4MS,01 - Non intersection,03 - P.D. only,03 - Rear end,02 - Rain,07 - Dark,02 - Wet,10 - No control,,2,0,0,0,,0,,,,,361974.7301,5023414.574,45.34834668,-75.77035588,13466
16--9535,2016/09/12,2:27 PM,MAITLAND AVE @ WOODWARD DR (0003185),3185,03 - At intersection,03 - P.D. only,05 - Turning movement,01 - Clear,01 - Daylight,01 - Dry,01 - Traffic signal,01 - Functioning,2,0,0,0,,0,,,,,363273.4751,5025663.186,45.36847238,-75.75351714,13467
16--9624,2016/09/14,7:44 AM,CLARENDON AVE @ WELLINGTON ST (0005582),5582,02 - Intersection related,03 - P.D. only,03 - Rear end,01 - Clear,01 - Daylight,01 - Dry,01 - Traffic signal,01 - Functioning,2,0,0,0,,0,,,,,364530.8671,5029023.976,45.39860613,-75.7370598,13468
16--9443,2016/09/09,2:02 PM,HIGHWAY 417 btwn HWY417 IC126 RAMP61 & HWY417 IC124 RAMP76 (__3ZA2Y2),__3ZA2Y2,01 - Non intersection,02 - Non-fatal injury,04 - Sideswipe,01 - Clear,01 - Daylight,01 - Dry,10 - No control,,3,0,1,0,02 - Minor,1,,1,,,364105.5932,5027120.126,45.38151178,-75.74272014,13469
16--9263,2016/09/03,7:58 AM,RIVERSIDE DR btwn HOG'S BACK RD & RIDGEWOOD AVE (__3ZA372),__3ZA372,01 - Non intersection,03 - P.D. only,04 - Sideswipe,01 - Clear,01 - Daylight,01 - Dry,10 - No control,,2,0,0,0,,0,,,,,368173.6398,5026170.55,45.37261156,-75.6909017,13470
16--9713,2016/09/17,11:09 PM,CAHILL DR @ HUNT CLUB RD (0011394),11394,02 - Intersection related,02 - Non-fatal injury,03 - Rear end,02 - Rain,07 - Dark,02 - Wet,01 - Traffic signal,01 - Functioning,2,0,0,0,01 - Minimal,2,2,,,,372409.391,5024540.439,45.35754858,-75.63705241,13471
16--9170,2016/09/01,4:17 AM,CAMPEAU DR @ HERLIHEY WAY (0012766),12766,02 - Intersection related,03 - P.D. only,07 - SMV other,01 - Clear,07 - Dark,01 - Dry,01 - Traffic signal,01 - Functioning,1,0,0,0,,0,,,,,350508.1943,5019177.484,45.31106138,-75.9170705,13472
16--9536,2016/09/12,2:36 PM,BANK ST @ MITCH OWENS RD (0001640),1640,02 - Intersection related,02 - Non-fatal injury,07 - SMV other,01 - Clear,01 - Daylight,01 - Dry,01 - Traffic signal,01 - Functioning,1,0,0,0,02 - Minor,1,,1,,,377758.9852,5015947.24,45.27969473,-75.5700461,13473
16--9625,2016/09/14,7:47 PM,INNES RD btwn ORCHARDVIEW AVE & PORTOBELLO BLVD (__3ZA1VW),__3ZA1VW,01 - Non intersection,03 - P.D. only,03 - Rear end,01 - Clear,07 - Dark,01 - Dry,10 - No control,,3,0,0,0,,0,,,,,385228.6452,5036733.294,45.46589596,-75.47146588,13474
16--9444,2016/09/09,2:10 PM,HERON RD btwn RIVERSIDE DR & TURN LANE (2) (__3ZA4T4),__3ZA4T4,01 - Non intersection,03 - P.D. only,04 - Sideswipe,01 - Clear,01 - Daylight,01 - Dry,10 - No control,,2,0,0,0,,0,,,,,368163.397,5026652.577,45.37694964,-75.69097061,13475
16--9264,2016/09/03,8:00 PM,CHAPEL ST btwn LAURIER AVE E & OSGOODE ST (__3ZA8K3),__3ZA8K3,04 - At/near private drive,03 - P.D. only,06 - SMV unattended vehicle,01 - Clear,05 - Dusk,01 - Dry,10 - No control,,1,0,0,0,,0,,,,,369191.926,5032145.146,45.42627615,-75.67712247,13476
16--9714,2016/09/17,11:30 PM,LEVECHE WAY @ MAPLE GROVE RD (0014005),14005,03 - At intersection,03 - P.D. only,02 - Angle,02 - Rain,07 - Dark,02 - Wet,02 - Stop sign,01 - Functioning,2,0,0,0,,0,,,,,350151.0819,5016607.129,45.28795572,-75.92185973,13477
16--9171,2016/09/01,4:30 PM,PORTAGE BRIDGE NB btwn PROVINCIAL BOUNDARY & WELLINGTON ST (__6TE2PA),__6TE2PA,07 - Overpass or bridge,03 - P.D. only,03 - Rear end,02 - Rain,01 - Daylight,02 - Wet,10 - No control,,2,0,0,0,,0,,,,,366422.8171,5031490.153,45.42063216,-75.71258797,13478
16--9537,2016/09/12,2:54 PM,WOODROFFE AVE btwn GEORGINA DR & HWY417 IC127 RAMP36 (__3ZA4L6),__3ZA4L6,01 - Non intersection,03 - P.D. only,04 - Sideswipe,01 - Clear,01 - Daylight,01 - Dry,10 - No control,,2,0,0,0,,0,,,,,362008.013,5025126.772,45.36375021,-75.76973303,13479
16--9626,2016/09/14,8:05 PM,LAURIER AVE @ NICHOLAS ST (0010711),10711,03 - At intersection,03 - P.D. only,04 - Sideswipe,01 - Clear,07 - Dark,01 - Dry,01 - Traffic signal,01 - Functioning,2,0,0,0,,0,,,,,368372.9784,5031798.05,45.42322802,-75.6876317,13480
16--9445,2016/09/09,2:30 PM,HIGHWAY 417 btwn HWY417 IC127 RAMP35 & HWY417 IC127 RAMP25 (__3ZA2RE),__3ZA2RE,01 - Non intersection,03 - P.D. only,03 - Rear end,01 - Clear,01 - Daylight,01 - Dry,10 - No control,,3,0,0,0,,0,,,,,362104.462,5024810.484,45.36089639,-75.76853862,13481
16--9265,2016/09/03,8:30 AM,CLEGG ST @ COLONEL BY DR (0008785),8785,02 - Intersection related,03 - P.D. only,03 - Rear end,01 - Clear,01 - Daylight,01 - Dry,01 - Traffic signal,01 - Functioning,2,0,0,0,,0,,,,,368968.9526,5029742.145,45.40467529,-75.68028449,13482
16--9715,2016/09/17,11:32 AM,HIGHWAY 417 btwn HWY417 IC169 RAMP25 & HWY417 IC163 RAMP51 (__5SPOUW),__5SPOUW,01 - Non intersection,03 - P.D. only,04 - Sideswipe,01 - Clear,01 - Daylight,01 - Dry,10 - No control,,2,0,0,0,,0,,,,,328524.645,5022731.502,45.34412929,-76.19725684,13483
16--9172,2016/09/01,4:45 PM,CARP RD @ ECHOWOODS AVE/KITTIWAKE DR (0009789),9789,02 - Intersection related,03 - P.D. only,03 - Rear end,01 - Clear,01 - Daylight,01 - Dry,01 - Traffic signal,01 - Functioning,2,0,0,0,,0,,,,,348595.8803,5014564.577,45.26967474,-75.94186486,13484
16--9173,2016/09/01,4:53 PM,BLAIR RD btwn CROWNHILL ST & OGILVIE RD (__3ZBOGE),__3ZBOGE,01 - Non intersection,03 - P.D. only,03 - Rear end,01 - Clear,01 - Daylight,01 - Dry,10 - No control,,3,0,0,0,,0,,,,,374503.5089,5033208.14,45.43533126,-75.60910214,13485
16--9174,2016/09/01,4:58 PM,WOODROFFE AVE btwn SAVILLE ROW & FLOWER AVE (__3ZA4NN),__3ZA4NN,04 - At/near private drive,03 - P.D. only,02 - Angle,01 - Clear,01 - Daylight,01 - Dry,10 - No control,,2,0,0,0,,0,,,,,361788.8186,5026167.173,45.3731295,-75.77241083,13486
16--9175,2016/09/01,5:05 PM,LAURIER AVE @ NICHOLAS ST (0010711),10711,02 - Intersection related,02 - Non-fatal injury,03 - Rear end,01 - Clear,01 - Daylight,01 - Dry,01 - Traffic signal,01 - Functioning,2,0,0,0,01 - Minimal,1,1,,,,368375.2933,5031799.512,45.42324096,-75.68760193,13487
16--9176,2016/09/01,5:17 PM,CARLING AVE @ PINECREST  RD/GREENVIEW AVE (0001630),1630,03 - At intersection,03 - P.D. only,05 - Turning movement,01 - Clear,01 - Daylight,01 - Dry,01 - Traffic signal,01 - Functioning,2,0,0,0,,0,,,,,360006.0171,5024632.308,45.35946156,-75.795342,13488
16--9177,2016/09/01,5:36 AM,OTTAWA RIVER PKWY @ VIMY PLACE PRIV (0012251),12251,02 - Intersection related,03 - P.D. only,04 - Sideswipe,01 - Clear,07 - Dark,01 - Dry,01 - Traffic signal,01 - Functioning,2,0,0,0,,0,,,,,365973.8208,5030797.267,45.41443716,-75.7184107,13489
16--9178,2016/09/01,5:47 AM,BURTON RD btwn Continuation of BURTON RD & Continuation of BURTON RD ( (__3ZA6IZ),__3ZA6IZ,01 - Non intersection,02 - Non-fatal injury,07 - SMV other,01 - Clear,07 - Dark,01 - Dry,10 - No control,,1,0,0,0,02 - Minor,1,,1,,,392522.3748,5021119.864,45.32454596,-75.38098591,13490
16--9179,2016/09/01,6:03 PM,MERIVALE RD btwn CLYDE AVE & RITA AVE (__3ZA4H7),__3ZA4H7,01 - Non intersection,03 - P.D. only,03 - Rear end,01 - Clear,01 - Daylight,01 - Dry,10 - No control,,2,0,0,0,,0,,,,,364592.5376,5024339.92,45.35645453,-75.73683934,13491
16--918,2016/01/20,12:12 AM,MOODIE DR btwn HADLEY CIRC & TYRRELL PL (__3ZA41X),__3ZA41X,01 - Non intersection,03 - P.D. only,05 - Turning movement,01 - Clear,07 - Dark,06 - Ice,10 - No control,,2,0,0,0,,0,,,,,357148.9792,5020273.48,45.32045965,-75.83226829,13492
16--9180,2016/09/01,7:09 PM,HERON RD @ JEFFERSON ST (0007192),7192,03 - At intersection,03 - P.D. only,04 - Sideswipe,01 - Clear,01 - Daylight,01 - Dry,01 - Traffic signal,01 - Functioning,2,0,0,0,,0,,,,,371808.5512,5027052.914,45.3802126,-75.64437971,13493
16--9181,2016/09/01,7:15 AM,HIGHWAY 417 btwn HWY417 IC121A RAMP16 & HWY417 IC121A RAMP61 (__3ZA2YY),__3ZA2YY,01 - Non intersection,03 - P.D. only,03 - Rear end,01 - Clear,01 - Daylight,01 - Dry,10 - No control,,2,0,0,0,,0,,,,,367272.0437,5029763.221,45.40501843,-75.70195655,13494
16--9182,2016/09/01,7:37 AM,BYRON AVE @ SHERBOURNE RD (0011572),11572,02 - Intersection related,02 - Non-fatal injury,07 - SMV other,01 - Clear,01 - Daylight,01 - Dry,02 - Stop sign,01 - Functioning,1,0,0,1,02 - Minor,1,,1,,,361905.3466,5027047.864,45.38104438,-75.77082136,13495
16--9183,2016/09/01,7:49 AM,LAURIER AVE @ LYON ST (0002206),2206,03 - At intersection,01 - Fatal injury,05 - Turning movement,01 - Clear,01 - Daylight,01 - Dry,01 - Traffic signal,01 - Functioning,2,1,0,0,04 - Fatal,1,,,,1,367153.3051,5031067.788,45.41676712,-75.7033082,13496
16--9184,2016/09/01,7:50 AM,ORLEANS BLVD btwn CRESTMONT PL & LONGLEAF DR (__3ZBO89),__3ZBO89,01 - Non intersection,03 - P.D. only,06 - SMV unattended vehicle,01 - Clear,01 - Daylight,01 - Dry,10 - No control,,1,0,0,0,,0,,,,,380727.5556,5034046.296,45.44222423,-75.52943277,13497
16--9185,2016/09/01,8:14 AM,BRONSON AVE @ GLADSTONE AVE (0002110),2110,02 - Intersection related,03 - P.D. only,03 - Rear end,01 - Clear,01 - Daylight,01 - Dry,01 - Traffic signal,01 - Functioning,2,0,0,0,,0,,,,,367132.0454,5030080.322,45.40788409,-75.70370469,13498
16--9186,2016/09/01,8:16 PM,CARLING AVE btwn MOODIE DR & GRANDVIEW RD (__3ZBOCP),__3ZBOCP,01 - Non intersection,03 - P.D. only,07 - SMV other,01 - Clear,07 - Dark,01 - Dry,10 - No control,,1,0,0,0,,0,,,,,355821.1939,5024012.154,45.35419841,-75.84881812,13499
16--9187,2016/09/01,9:20 PM,HIGHWAY 417 btwn HWY417 IC120A RAMP52 & HWY417 IC119B RAMP57 (__3ZA2R1),__3ZA2R1,01 - Non intersection,03 - P.D. only,03 - Rear end,01 - Clear,07 - Dark,01 - Dry,10 - No control,,3,0,0,0,,0,,,,,367772.6734,5029988.659,45.40700199,-75.69553314,13500
16--9188,2016/09/01,9:26 AM,BRIDGESTONE DR @ BRIDLE PARK DR/EQUESTRIAN DR  (0011875),11875,03 - At intersection,02 - Non-fatal injury,07 - SMV other,01 - Clear,01 - Daylight,01 - Dry,02 - Stop sign,01 - Functioning,1,0,0,1,01 - Minimal,1,1,,,,355297.2881,5016273.673,45.28460431,-75.85629324,13501
16--9189,2016/09/01,9:27 PM,BAYCREST DR @ WALKLEY RD (0006958),6958,03 - At intersection,03 - P.D. only,04 - Sideswipe,01 - Clear,07 - Dark,01 - Dry,01 - Traffic signal,01 - Functioning,2,0,0,0,,0,,,,,371421.7306,5026590.297,45.37608703,-75.64938082,13502
16--919,2016/01/20,12:25 PM,FISHER AVE @ PRINCE OF WALES DR (0000572),572,02 - Intersection related,03 - P.D. only,03 - Rear end,01 - Clear,01 - Daylight,01 - Dry,01 - Traffic signal,01 - Functioning,2,0,0,0,,0,,,,,367161.4853,5023943.17,45.35266088,-75.7041038,13503
16--9190,2016/09/01,9:30 PM,SWEETLAND AVE btwn OSGOODE ST & SOMERSET ST E (__3ZA7GB),__3ZA7GB,01 - Non intersection,03 - P.D. only,03 - Rear end,01 - Clear,07 - Dark,01 - Dry,10 - No control,,2,0,0,0,,0,,,,,369123.3948,5031893.846,45.42402135,-75.67803097,13504
16--9191,2016/09/01,9:31 PM,INDUSTRIAL AVE btwn RUSSELL RD & ST. LAURENT BLVD (__3ZA3R7),__3ZA3R7,04 - At/near private drive,03 - P.D. only,99 - Other,01 - Clear,07 - Dark,01 - Dry,10 - No control,,2,0,0,0,,0,,,,,373073.2715,5029990.054,45.40651759,-75.62782615,13505
16--9192,2016/09/02,1:30 PM,EAGLESON RD btwn HWY417 IC138 RAMP51 & KATIMAVIK RD (__3ZA41W),__3ZA41W,01 - Non intersection,03 - P.D. only,04 - Sideswipe,01 - Clear,01 - Daylight,01 - Dry,10 - No control,,2,0,0,0,,0,,,,,353043.1668,5019997.232,45.31826807,-75.88466328,13506
16--9193,2016/09/02,1:51 PM,METCALFE ST @ SOMERSET ST (0002689),2689,02 - Intersection related,03 - P.D. only,04 - Sideswipe,01 - Clear,01 - Daylight,01 - Dry,01 - Traffic signal,01 - Functioning,2,0,0,0,,0,,,,,368010.2652,5031104.134,45.41701726,-75.69235519,13507
16--9194,2016/09/02,10:10 AM,MCRAE AVE @ SCOTT ST (0006868),6868,03 - At intersection,03 - P.D. only,02 - Angle,01 - Clear,01 - Daylight,01 - Dry,02 - Stop sign,01 - Functioning,2,0,0,0,,0,,,,,363455.5859,5028811.771,45.39678766,-75.75081837,13508
16--9195,2016/09/02,10:12 AM,RAVEN AVE @ KIRKWOOD AVE (0006712),6712,03 - At intersection,03 - P.D. only,05 - Turning movement,01 - Clear,01 - Daylight,01 - Dry,02 - Stop sign,01 - Functioning,2,0,0,0,,0,,,,,364690.5301,5026773.933,45.37834704,-75.73529367,13509
16--9196,2016/09/02,10:30 AM,BANK ST @ SLATER ST (0002223),2223,02 - Intersection related,03 - P.D. only,04 - Sideswipe,01 - Clear,01 - Daylight,01 - Dry,01 - Traffic signal,01 - Functioning,2,0,0,0,,0,,,,,367424.0438,5031354.357,45.4193214,-75.69981287,13510
16--9197,2016/09/02,10:30 AM,PARKDALE AVE btwn BULLMAN ST & OXFORD ST (__3ZA31J),__3ZA31J,01 - Non intersection,03 - P.D. only,01 - Approaching,01 - Clear,01 - Daylight,01 - Dry,10 - No control,,2,0,0,0,,0,,,,,365037.6522,5029526.682,45.40308595,-75.73052584,13511
16--9198,2016/09/02,10:38 AM,BANK ST @ PATTERSON AVE (0007237),7237,03 - At intersection,02 - Non-fatal injury,05 - Turning movement,01 - Clear,01 - Daylight,01 - Dry,02 - Stop sign,01 - Functioning,2,1,0,0,01 - Minimal,1,1,,,,368156.7078,5029983.876,45.4069243,-75.69062826,13512
16--9199,2016/09/02,10:50 AM,TENTH LINE RD @ TENTH LINE RD (0009412),9412,02 - Intersection related,03 - P.D. only,03 - Rear end,01 - Clear,01 - Daylight,01 - Dry,01 - Traffic signal,01 - Functioning,2,0,0,0,,0,,,,,383530.7208,5037156.66,45.46989846,-75.49310797,13513
16--92,2016/01/04,Unknown,REMNOR AVE btwn BADGELEY AVE & BADGELEY AVE (__54M2TJ),__54M2TJ,01 - Non intersection,03 - P.D. only,06 - SMV unattended vehicle,01 - Clear,00 - Unknown,01 - Dry,10 - No control,,1,0,0,0,,0,,,,,349592.546,5020469.021,45.32274198,-75.92863065,13514
16--920,2016/01/20,12:54 PM,INDUSTRIAL AVE @ ALTA VISTA DR/SANDFORD FLEMIN (0006979),6979,02 - Intersection related,03 - P.D. only,03 - Rear end,01 - Clear,01 - Daylight,01 - Dry,01 - Traffic signal,01 - Functioning,2,0,0,0,,0,,,,,370884.5043,5030558.229,45.41183987,-75.65570784,13515
16--9200,2016/09/02,11:17 AM,KANATA AVE btwn HWY417 IC139 RAMP15 & AIRD PL (__4BZ0B3),__4BZ0B3,01 - Non intersection,03 - P.D. only,03 - Rear end,01 - Clear,01 - Daylight,01 - Dry,10 - No control,,3,0,0,0,,0,,,,,351751.8721,5019117.288,45.31043767,-75.90121609,13516
16--9201,2016/09/02,12:09 PM,CLEMENTINE BLVD @ HERON RD (0006858),6858,03 - At intersection,03 - P.D. only,07 - SMV other,01 - Clear,01 - Daylight,01 - Dry,01 - Traffic signal,01 - Functioning,1,0,0,0,,0,,,,,369546.0645,5026785.294,45.37801738,-75.67330102,13517
16--9202,2016/09/02,12:19 PM,OGILVIE RD @ 125 E OF ELMLEA GT  (0012536),12536,02 - Intersection related,03 - P.D. only,03 - Rear end,01 - Clear,01 - Daylight,01 - Dry,01 - Traffic signal,00 - Unknown,2,0,0,0,,0,,,,,375094.7809,5033551.35,45.43836007,-75.60149687,13518
16--9203,2016/09/02,12:42 PM,WEST HUNT CLUB RD @ WOODROFFE AVE (0000576),576,02 - Intersection related,03 - P.D. only,03 - Rear end,01 - Clear,01 - Daylight,01 - Dry,01 - Traffic signal,01 - Functioning,2,0,0,0,,0,,,,,363671.762,5021245.15,45.32868599,-75.74895891,13519
16--9204,2016/09/02,2:22 PM,HIGHWAY 417 btwn HWY417 IC126 RAMP61 & HWY417 IC124 RAMP76 (__3ZA2Y2),__3ZA2Y2,01 - Non intersection,02 - Non-fatal injury,03 - Rear end,01 - Clear,01 - Daylight,01 - Dry,10 - No control,,2,0,0,0,02 - Minor,1,,1,,,363187.8663,5025904.049,45.37064677,-75.75458148,13520
16--9205,2016/09/02,2:23 PM,MONTREAL RD @ ST. LAURENT BLVD (0002604),2604,02 - Intersection related,03 - P.D. only,03 - Rear end,01 - Clear,01 - Daylight,01 - Dry,01 - Traffic signal,01 - Functioning,2,0,0,0,,0,,,,,371546.5311,5033818.009,45.44110708,-75.646809,13521
16--9206,2016/09/02,2:35 PM,HIGHWAY 417 btwn HWY417 IC121B RAMP16 & HWY417 IC121A RAMP16 (__3ZA2YX),__3ZA2YX,01 - Non intersection,03 - P.D. only,03 - Rear end,01 - Clear,01 - Daylight,01 - Dry,10 - No control,,2,0,0,0,,0,,,,,366578.5685,5029536.114,45.40303653,-75.71084289,13522
16--9207,2016/09/02,2:38 PM,BANK ST @ HUNT CLUB RD (0002119),2119,02 - Intersection related,03 - P.D. only,99 - Other,01 - Clear,01 - Daylight,01 - Dry,01 - Traffic signal,01 - Functioning,2,0,0,0,,0,,,,,371608.956,5024096.287,45.35362897,-75.64732782,13523
16--9208,2016/09/02,2:55 PM,HIGHWAY 417 btwn HWY417 IC126 RAMP61 & HWY417 IC124 RAMP76 (__3ZA2Y2),__3ZA2Y2,01 - Non intersection,03 - P.D. only,03 - Rear end,01 - Clear,01 - Daylight,01 - Dry,10 - No control,,2,0,0,0,,0,,,,,363677.9362,5026540.194,45.37632971,-75.74824962,13524
16--9209,2016/09/02,3:02 PM,ROBERTSON RD btwn HAANEL DR & MILL HILL RD (__3ZA41V),__3ZA41V,01 - Non intersection,03 - P.D. only,03 - Rear end,01 - Clear,01 - Daylight,01 - Dry,10 - No control,,2,0,0,0,,0,,,,,356206.6762,5019940.975,45.31753736,-75.84432145,13525
16--921,2016/01/20,2:00 PM,BRONSON AVE btwn RENFREW AVE & POWELL AVE (__3ZA3BZ),__3ZA3BZ,04 - At/near private drive,03 - P.D. only,02 - Angle,01 - Clear,01 - Daylight,01 - Dry,10 - No control,,2,0,0,0,,0,,,,,367359.3682,5029544.087,45.40303892,-75.70086894,13526
16--9210,2016/09/02,3:03 PM,BRONSON AVE @ CATHERINE ST/RAYMOND ST (0007198),7198,02 - Intersection related,02 - Non-fatal injury,02 - Angle,01 - Clear,01 - Daylight,01 - Dry,01 - Traffic signal,01 - Functioning,2,0,0,0,01 - Minimal,1,1,,,,367252.489,5029796.347,45.40531823,-75.70220213,13527
16--9211,2016/09/02,3:25 AM,BANKFIELD RD btwn KILREEN LANE & PRINCE OF WALES DR (__3ZA4KO),__3ZA4KO,01 - Non intersection,03 - P.D. only,07 - SMV other,01 - Clear,07 - Dark,01 - Dry,10 - No control,,1,0,0,0,,0,,,,,365779.2997,5008642.066,45.21510391,-75.72362276,13528
16--9212,2016/09/02,3:47 PM,MURRAY ST btwn DALHOUSIE ST & CUMBERLAND ST (__3ZA3WO),__3ZA3WO,04 - At/near private drive,02 - Non-fatal injury,02 - Angle,01 - Clear,01 - Daylight,01 - Dry,10 - No control,,2,1,0,0,02 - Minor,1,,1,,,368135.0969,5032657.48,45.43098244,-75.69056065,13529
16--9213,2016/09/02,3:55 PM,HIGHWAY 417 @ HWY 417 INNES IC112R66 (0012394),12394,02 - Intersection related,03 - P.D. only,03 - Rear end,01 - Clear,01 - Daylight,01 - Dry,01 - Traffic signal,01 - Functioning,2,0,0,0,,0,,,,,374256.8278,5031106.445,45.41644586,-75.61255102,13530
16--9214,2016/09/02,4:02 PM,210 W OF MERIVALE RD @ WEST HUNT CLUB RD (0004688),4688,03 - At intersection,03 - P.D. only,05 - Turning movement,01 - Clear,01 - Daylight,01 - Dry,01 - Traffic signal,01 - Functioning,2,0,0,0,,0,,,,,365432.2342,5021829.655,45.33379542,-75.72643058,13531
16--9215,2016/09/02,4:07 PM,ORLEANS BLVD @ MAPLE RUN AVE/BEAUSEJOUR DR S (0003628),3628,02 - Intersection related,02 - Non-fatal injury,02 - Angle,01 - Clear,01 - Daylight,01 - Dry,01 - Traffic signal,01 - Functioning,2,0,0,0,02 - Minor,3,2,1,,,380572.5344,5035316.228,45.45366692,-75.53121851,13532