Anom_ID,Accident_Date,Accident_Time,Location,Geo_ID,Accident_Location,Classification_of_Accident,Initial_Impact_Type,Environment_Condition,Light,Road_Surface_Condition,Traffic_Control,Traffic_Control_Condition,No__of_Vehicles,No__of_Bicycles,No__of_Motorcycles,No__of_Pedestrians,Max_Injury,No__of_Injuries,No__of_Minimal,No__of_Minor,No__of_Major,No__of_Fatal,X,Y,Latitude,Longitude,ObjectId
16--9216,2016/09/02,4:10 PM,HWY 417 MAITLAND IC126R63 @ MAITLAND AVE (0010889),10889,03 - At intersection,02 - Non-fatal injury,05 - Turning movement,01 - Clear,01 - Daylight,01 - Dry,03 - Yield sign,01 - Functioning,2,0,0,0,02 - Minor,2,,2,,,363167.077,5025928.569,45.37086913,-75.75484397,13533
16--9217,2016/09/02,4:22 PM,RIVERSIDE DR @ SMYTH RD SOUTH SIDE RAMP (0011480),11480,03 - At intersection,03 - P.D. only,05 - Turning movement,01 - Clear,01 - Daylight,01 - Dry,01 - Traffic signal,01 - Functioning,2,0,0,0,,0,,,,,369788.499,5028998.457,45.39790824,-75.66991443,13534
16--9218,2016/09/02,4:30 PM,MCARTHUR AVE btwn BRANT ST & BELISLE ST (__3ZA3WC),__3ZA3WC,01 - Non intersection,02 - Non-fatal injury,04 - Sideswipe,01 - Clear,01 - Daylight,01 - Dry,10 - No control,,2,0,0,0,01 - Minimal,1,1,,,,371319.7628,5032811.676,45.43207417,-75.64984334,13535
16--9219,2016/09/02,4:30 PM,COUNTY RD 29 @ MADAWASKA BLVD (0011704),11704,03 - At intersection,03 - P.D. only,05 - Turning movement,01 - Clear,01 - Daylight,01 - Dry,02 - Stop sign,01 - Functioning,2,0,0,0,,0,,,,,318895.7894,5031714.637,45.42522427,-76.31987046,13536
16--922,2016/01/20,2:25 AM,ELGIN ST btwn WELLINGTON ST & LAWRENCE FREIMAN LANE (1) (__5JQGGRA),__5JQGGRA,01 - Non intersection,03 - P.D. only,07 - SMV other,01 - Clear,07 - Dark,04 - Slush,10 - No control,,1,0,0,0,,0,,,,,367812.804,5031810.922,45.42339452,-75.69478753,13537
16--9220,2016/09/02,4:46 PM,PRINCE OF WALES DR @ STRANDHERD DR (0013339),13339,02 - Intersection related,03 - P.D. only,03 - Rear end,01 - Clear,01 - Daylight,01 - Dry,01 - Traffic signal,01 - Functioning,2,0,0,0,,0,,,,,367175.2898,5014823.961,45.27060625,-75.70507558,13538
16--9221,2016/09/02,4:50 PM,WELLINGTON ST btwn ELGIN ST & ELGIN ST (__3ZA1XK),__3ZA1XK,01 - Non intersection,03 - P.D. only,04 - Sideswipe,01 - Clear,01 - Daylight,01 - Dry,10 - No control,,2,0,0,0,,0,,,,,367682.2819,5031890.077,45.42411847,-75.69644515,13539
16--9222,2016/09/02,5:10 PM,BLAIR RD btwn OR174 IC112 RAMP15 & MEADOWBROOK RD (__3ZA2E1),__3ZA2E1,01 - Non intersection,02 - Non-fatal injury,07 - SMV other,01 - Clear,01 - Daylight,01 - Dry,10 - No control,,1,0,0,0,01 - Minimal,1,1,,,,375186.6116,5032321.888,45.42728884,-75.60049899,13540
16--9223,2016/09/02,5:15 PM,MCARTHUR AVE btwn LACASSE AVE & CARMEN AVE (__3ZA3W8),__3ZA3W8,04 - At/near private drive,02 - Non-fatal injury,02 - Angle,01 - Clear,01 - Daylight,01 - Dry,10 - No control,,2,0,0,0,02 - Minor,1,,1,,,370836.1167,5032758.044,45.43163745,-75.6560311,13541
16--9224,2016/09/02,5:18 PM,AMBERWOOD CRES @ PRINCE OF WALES DR (0000048),48,02 - Intersection related,02 - Non-fatal injury,03 - Rear end,01 - Clear,01 - Daylight,01 - Dry,02 - Stop sign,00 - Unknown,2,0,0,0,01 - Minimal,1,1,,,,367436.7767,5020647.761,45.32298487,-75.70100784,13542
16--9225,2016/09/02,5:19 PM,BRONSON AVE btwn FOURTH AVE & MADAWASKA DR (__3ZA3NE),__3ZA3NE,01 - Non intersection,03 - P.D. only,03 - Rear end,01 - Clear,01 - Daylight,01 - Dry,10 - No control,,3,0,0,0,,0,,,,,367590.1518,5028996.117,45.39808779,-75.69799097,13543
16--9226,2016/09/02,5:25 PM,HIGHWAY 417 btwn HWY417 IC126 RAMP25 & HWY417 IC124 RAMP57 (__3ZA2R5),__3ZA2R5,01 - Non intersection,02 - Non-fatal injury,03 - Rear end,01 - Clear,01 - Daylight,01 - Dry,10 - No control,,3,0,0,0,01 - Minimal,1,1,,,,363661.2976,5026494.213,45.37591738,-75.74846752,13544
16--9227,2016/09/02,5:54 PM,HAWTHORNE RD @ HUNT CLUB RD (0007651),7651,02 - Intersection related,02 - Non-fatal injury,03 - Rear end,01 - Clear,01 - Daylight,01 - Dry,01 - Traffic signal,01 - Functioning,3,0,0,0,01 - Minimal,1,1,,,,375506.1435,5026407.868,45.37404538,-75.59726391,13545
16--9228,2016/09/02,6:02 PM,HIGHWAY 417 btwn HWY417 IC119A RAMP67 & HWY417 IC118 RAMP76 (__3ZA2YS),__3ZA2YS,01 - Non intersection,03 - P.D. only,03 - Rear end,01 - Clear,01 - Daylight,01 - Dry,10 - No control,,2,0,0,0,,0,,,,,368737.3646,5030612.715,45.41252958,-75.68312966,13546
16--9229,2016/09/02,7:08 AM,INNES RD @ STAR TOP RD/WINDMILL LANE (0008734),8734,02 - Intersection related,02 - Non-fatal injury,07 - SMV other,01 - Clear,01 - Daylight,01 - Dry,01 - Traffic signal,01 - Functioning,1,0,0,1,02 - Minor,1,,1,,,374146.6281,5030666.341,45.41249696,-75.6140208,13547
16--923,2016/01/20,2:54 PM,HIGHWAY 417 btwn HWY417 IC124 RAMP76 & HWY417 IC124 RAMP67 (__3ZA2R7),__3ZA2R7,01 - Non intersection,02 - Non-fatal injury,03 - Rear end,01 - Clear,01 - Daylight,02 - Wet,10 - No control,,2,0,0,0,02 - Minor,1,,1,,,364329.1983,5027408.275,45.38408553,-75.73983041,13548
16--9230,2016/09/02,7:15 PM,HIGHWAY 417 btwn HWY417 IC163 RAMP61 & HWY417 IC155 RAMP36 (__3ZA2QB),__3ZA2QB,01 - Non intersection,03 - P.D. only,07 - SMV other,01 - Clear,07 - Dark,01 - Dry,10 - No control,,1,0,0,0,,0,,,,,336168.3058,5020219.533,45.32122521,-76.09987966,13549
16--9231,2016/09/02,7:27 AM,ISLAND PARK DR @ RICHMOND RD (0002125),2125,03 - At intersection,02 - Non-fatal injury,02 - Angle,01 - Clear,01 - Daylight,01 - Dry,01 - Traffic signal,01 - Functioning,2,0,0,0,02 - Minor,2,1,1,,,364130.0281,5028868.215,45.39723871,-75.74219799,13550
16--9232,2016/09/02,7:40 PM,RIVERSIDE DR btwn HERON RD & HOG'S BACK RD (__3ZA379),__3ZA379,01 - Non intersection,03 - P.D. only,04 - Sideswipe,01 - Clear,07 - Dark,01 - Dry,10 - No control,,2,0,0,0,,0,,,,,368135.5082,5026532.472,45.37587149,-75.69134206,13551
16--9233,2016/09/02,8:19 PM,BASELINE RD btwn ST. HELEN'S PL & CLYDE AVE (__3ZA4IN),__3ZA4IN,04 - At/near private drive,02 - Non-fatal injury,99 - Other,01 - Clear,07 - Dark,01 - Dry,10 - No control,,2,1,0,0,02 - Minor,1,,1,,,364197.7812,5024791.501,45.36055135,-75.74182309,13552
16--9234,2016/09/02,8:20 AM,CLEROUX CRES W @ INNES RD (0004132),4132,02 - Intersection related,03 - P.D. only,03 - Rear end,01 - Clear,01 - Daylight,01 - Dry,01 - Traffic signal,01 - Functioning,3,0,0,0,,0,,,,,379018.2294,5033438.323,45.43693767,-75.55137139,13553
16--9235,2016/09/02,8:38 AM,8TH LINE RD btwn MITCH OWENS RD & RODNEY FARM DR (__3ZA2TG),__3ZA2TG,01 - Non intersection,03 - P.D. only,07 - SMV other,01 - Clear,01 - Daylight,01 - Dry,10 - No control,,1,0,0,0,,0,,,,,383027.6206,5017219.767,45.29057768,-75.50269998,13554
16--9236,2016/09/02,8:52 PM,DONALD ST @ ST. LAURENT BLVD (0008630),8630,02 - Intersection related,03 - P.D. only,99 - Other,01 - Clear,07 - Dark,01 - Dry,01 - Traffic signal,01 - Functioning,2,0,0,0,,0,,,,,372093.4934,5032471.926,45.42894324,-75.64000221,13555
16--9237,2016/09/02,9:05 AM,VANIER PKWY/CRICHTON ST @ BEECHWOOD AVE/ST. PA (0001604),1604,02 - Intersection related,03 - P.D. only,04 - Sideswipe,01 - Clear,01 - Daylight,01 - Dry,01 - Traffic signal,01 - Functioning,2,0,0,0,,0,,,,,369127.6539,5033487.146,45.43835686,-75.6777684,13556
16--9238,2016/09/02,9:55 AM,COPELAND RD btwn ASHTON STATION RD & DWYER HILL RD (__3ZAC6T),__3ZAC6T,01 - Non intersection,03 - P.D. only,07 - SMV other,01 - Clear,01 - Daylight,01 - Dry,10 - No control,,1,0,0,0,,0,,,,,346741.3238,4999129.61,45.13089596,-75.96679719,13557
16--9239,2016/09/03,1:08 PM,ST. JOSEPH BLVD/OLD MONTREAL RD @ TRIM RD (0004118),4118,03 - At intersection,03 - P.D. only,03 - Rear end,01 - Clear,01 - Daylight,01 - Dry,11 - Roundabout,01 - Functioning,2,0,0,0,,0,,,,,384681.4224,5039286.381,45.48892897,-75.47804755,13558
16--924,2016/01/20,3:00 PM,EAGLESON RD @ HAZELDEAN RD/ROBERTSON RD (0002715),2715,02 - Intersection related,03 - P.D. only,99 - Other,01 - Clear,01 - Daylight,01 - Dry,01 - Traffic signal,01 - Functioning,2,0,0,0,,0,,,,,353673.4054,5018424.24,45.30407038,-75.87678027,13559
16--9240,2016/09/03,1:23 AM,HUNT CLUB RD btwn CAHILL DR & LORRY GREENBERG DR (__3ZA3S4),__3ZA3S4,01 - Non intersection,03 - P.D. only,07 - SMV other,01 - Clear,07 - Dark,01 - Dry,10 - No control,,1,0,0,0,,0,,,,,372451.423,5024569.513,45.35780612,-75.63651201,13560
16--9241,2016/09/03,1:35 PM,TANDALEE CRES btwn Continuation of TANDALEE CRES & STONEHAVEN DR (__5UXOSE),__5UXOSE,04 - At/near private drive,03 - P.D. only,06 - SMV unattended vehicle,01 - Clear,01 - Daylight,01 - Dry,10 - No control,,1,0,0,0,,0,,,,,356082.4527,5016085.582,45.28285498,-75.84630456,13561
16--9242,2016/09/03,1:36 PM,CARP RD @ DONALD B. MUNRO DR (0001595),1595,02 - Intersection related,03 - P.D. only,03 - Rear end,01 - Clear,01 - Daylight,01 - Dry,02 - Stop sign,01 - Functioning,2,0,0,0,,0,,,,,341193.0759,5022822.326,45.34440369,-76.03559648,13562
16--9243,2016/09/03,10:04 AM,NAVAHO DR @ WOODROFFE AVE/TRANSITWAY N BASELIN (0010359),10359,02 - Intersection related,03 - P.D. only,03 - Rear end,01 - Clear,01 - Daylight,01 - Dry,01 - Traffic signal,01 - Functioning,2,0,0,0,,0,,,,,362707.8982,5023492.387,45.34898669,-75.76099111,13563
16--9244,2016/09/03,11:35 AM,STRASBOURG ST btwn ROCHEFORT CIRC & BLACKBURN BYPS (__6ZT4MY),__6ZT4MY,04 - At/near private drive,03 - P.D. only,02 - Angle,01 - Clear,01 - Daylight,01 - Dry,10 - No control,,2,0,0,0,,0,,,,,384041.7471,5034859.456,45.44917252,-75.48694367,13564
16--9245,2016/09/03,11:50 AM,BASELINE RD @ CLYDE AVE (0002343),2343,02 - Intersection related,03 - P.D. only,03 - Rear end,01 - Clear,01 - Daylight,01 - Dry,01 - Traffic signal,01 - Functioning,3,0,0,0,,0,,,,,364357.6324,5024890.245,45.36142628,-75.73977097,13565
16--9246,2016/09/03,11:56 AM,OGILVIE RD btwn AVIATION PKWY & MATHESON RD (__3ZA2DL),__3ZA2DL,01 - Non intersection,03 - P.D. only,04 - Sideswipe,01 - Clear,01 - Daylight,01 - Dry,10 - No control,,2,0,0,0,,0,,,,,373365.2999,5032527.763,45.42932211,-75.62374289,13566
16--9247,2016/09/03,Unknown,SOUTHVALE CRES btwn RUSSELL RD & ERINBROOK CRES (__3ZA771),__3ZA771,01 - Non intersection,03 - P.D. only,06 - SMV unattended vehicle,01 - Clear,00 - Unknown,01 - Dry,10 - No control,,1,0,0,0,,0,,,,,373839.185,5029153.419,45.39891482,-75.61816009,13567
16--9248,2016/09/03,Unknown,KARSH DR btwn LORRY GREENBERG DR & WALLACK PRIV (__3ZBOYB),__3ZBOYB,01 - Non intersection,03 - P.D. only,06 - SMV unattended vehicle,01 - Clear,00 - Unknown,01 - Dry,10 - No control,,1,0,0,0,,0,,,,,373683.8501,5025963.467,45.37022835,-75.62058911,13568
16--9249,2016/09/03,12:23 PM,TRIM RD @ SPRINGRIDGE DR N (0013165),13165,02 - Intersection related,02 - Non-fatal injury,03 - Rear end,01 - Clear,01 - Daylight,01 - Dry,02 - Stop sign,01 - Functioning,4,0,4,0,02 - Minor,3,1,2,,,385392.7714,5038357.809,45.48049283,-75.46910088,13569
16--925,2016/01/20,3:15 PM,REGIONAL RD 174 @ TRIM RD (0012835),12835,02 - Intersection related,03 - P.D. only,03 - Rear end,01 - Clear,01 - Daylight,01 - Dry,01 - Traffic signal,01 - Functioning,2,0,0,0,,0,,,,,384350.7556,5039991.438,45.49531015,-75.48216295,13570
16--9250,2016/09/03,12:44 PM,MERIVALE RD @ WEST HUNT CLUB RD (0000584),584,03 - At intersection,02 - Non-fatal injury,07 - SMV other,01 - Clear,01 - Daylight,01 - Dry,01 - Traffic signal,01 - Functioning,1,0,1,0,02 - Minor,1,,1,,,365612.4757,5021941.84,45.33478925,-75.72411741,13571
16--9251,2016/09/03,2:30 PM,OR174 IC102 RAMP15 @ PLACE D'ORLEANS DR (0009219),9219,02 - Intersection related,03 - P.D. only,04 - Sideswipe,01 - Clear,01 - Daylight,01 - Dry,01 - Traffic signal,01 - Functioning,2,0,0,0,,0,,,,,381879.6216,5038346.18,45.48078491,-75.51403417,13572
16--9252,2016/09/03,2:38 PM,MERIVALE RD btwn VIEWMOUNT DR & COLONNADE RD (__3ZA33F),__3ZA33F,01 - Non intersection,03 - P.D. only,03 - Rear end,01 - Clear,01 - Daylight,01 - Dry,10 - No control,,3,0,0,0,,0,,,,,365325.9843,5022638.244,45.34108017,-75.72768713,13573
16--9538,2016/09/12,3:03 PM,SMYTH RD @ RIVERSIDE HOSPITAL (0009069),9069,03 - At intersection,02 - Non-fatal injury,05 - Turning movement,01 - Clear,01 - Daylight,01 - Dry,01 - Traffic signal,01 - Functioning,2,0,0,0,01 - Minimal,1,1,,,,369988.7186,5029119.379,45.39897764,-75.66734135,13574
16--9446,2016/09/09,2:39 PM,ALBION RD @ BRIDLE PATH DR (0009630),9630,03 - At intersection,03 - P.D. only,02 - Angle,01 - Clear,01 - Daylight,01 - Dry,01 - Traffic signal,01 - Functioning,2,0,0,0,,0,,,,,372106.0702,5023740.282,45.35037823,-75.6410324,13575
16--9266,2016/09/03,9:47 PM,ALBERT ST @ BRONSON AVE (0002160),2160,03 - At intersection,03 - P.D. only,02 - Angle,01 - Clear,07 - Dark,01 - Dry,01 - Traffic signal,01 - Functioning,2,0,0,0,,0,,,,,366739.0457,5031016.355,45.41634114,-75.70860717,13576
16--9716,2016/09/17,11:48 AM,MCCARTHY RD btwn CAHILL DR W & PLANTE DR (__3ZA9CK),__3ZA9CK,01 - Non intersection,03 - P.D. only,04 - Sideswipe,02 - Rain,01 - Daylight,02 - Wet,10 - No control,,2,0,0,0,,0,,,,,370412.4071,5023619.081,45.34944819,-75.66266085,13577
16--9717,2016/09/17,11:50 PM,HIGHWAY 7 WB btwn HIGHWAY 417 HWY 7 RAMP 66/76 & HIGHWAY 7 HAZELDEAN IC RAMP 34 (__7JQ7KW),__7JQ7KW,01 - Non intersection,03 - P.D. only,07 - SMV other,02 - Rain,07 - Dark,02 - Wet,10 - No control,,1,0,0,0,,0,,,,,346142.1437,5013950.348,45.26429618,-75.97318507,13578
16--9627,2016/09/14,8:35 PM,HIGHWAY 417 btwn HWY417 IC163 RAMP16 & HWY417 IC163 RAMP61 (__3ZAZNM),__3ZAZNM,01 - Non intersection,03 - P.D. only,07 - SMV other,01 - Clear,07 - Dark,01 - Dry,10 - No control,,1,0,0,0,,0,,,,,331519.4887,5021435.758,45.33236181,-76.15911114,13579
16--9539,2016/09/12,3:24 PM,RICHMOND RD btwn FRASER AVE & BROADVIEW AVE (__3ZA303),__3ZA303,01 - Non intersection,02 - Non-fatal injury,03 - Rear end,01 - Clear,01 - Daylight,01 - Dry,10 - No control,,2,0,0,0,01 - Minimal,1,1,,,,362550.9755,5027748.272,45.38729364,-75.76249606,13580
16--9267,2016/09/03,9:58 PM,BANK ST @ EXHIBITION WAY (0009013),9013,03 - At intersection,02 - Non-fatal injury,05 - Turning movement,01 - Clear,07 - Dark,01 - Dry,01 - Traffic signal,01 - Functioning,2,1,0,0,02 - Minor,2,,2,,,368529.1428,5029086.037,45.39881202,-75.68598698,13581
16--9718,2016/09/17,11:51 AM,SILVER ST @ SUMMERVILLE AVE (0003063),3063,03 - At intersection,03 - P.D. only,02 - Angle,01 - Clear,01 - Daylight,02 - Wet,02 - Stop sign,01 - Functioning,2,0,0,0,,0,,,,,365209.0403,5026652.202,45.37720721,-75.72868862,13582
16--9447,2016/09/09,2:47 PM,MITCH OWENS RD btwn RIVER RD & SPRATT RD (__3ZA38F),__3ZA38F,04 - At/near private drive,03 - P.D. only,02 - Angle,01 - Clear,01 - Daylight,01 - Dry,10 - No control,,2,0,0,0,,0,,,,,369566.6971,5010809.169,45.23426541,-75.67512521,13583
16--9628,2016/09/14,9:02 AM,BRONSON AVE @ SUNNYSIDE AVE/UNIVERSITY RD - CA (0007209),7209,02 - Intersection related,03 - P.D. only,03 - Rear end,01 - Clear,01 - Daylight,01 - Dry,01 - Traffic signal,01 - Functioning,2,0,0,0,,0,,,,,367925.1946,5028091.961,45.38992233,-75.69382763,13584
16--954,2016/01/20,7:38 AM,BEARBROOK RD/ROCKCLIFFE PKWY @ ST. JOSEPH BLVD (0012382),12382,02 - Intersection related,03 - P.D. only,03 - Rear end,01 - Clear,03 - Dawn,02 - Wet,01 - Traffic signal,01 - Functioning,2,0,0,0,,0,,,,,377128.5148,5035240.251,45.45334828,-75.57525691,13585
16--9268,2016/09/04,1:30 PM,BOOTH ST @ SIR JOHN A. MACDONALD PKWY/WELLINGTON ST (0012252),12252,03 - At intersection,03 - P.D. only,05 - Turning movement,01 - Clear,01 - Daylight,01 - Dry,01 - Traffic signal,01 - Functioning,2,0,0,0,,0,,,,,366264.8121,5031006.821,45.41629717,-75.71466705,13586
16--9719,2016/09/17,12:08 AM,KING EDWARD AVE btwn BESSERER ST & DALY AVE (__3ZA3V6),__3ZA3V6,01 - Non intersection,02 - Non-fatal injury,07 - SMV other,01 - Clear,07 - Dark,01 - Dry,10 - No control,,1,0,0,1,03 - Major,1,,,1,,368560.1454,5032326.312,45.42796409,-75.68517184,13587
16--9448,2016/09/09,2:49 PM,ALTA VISTA DR btwn 75 S OF CALEDON ST & CALEDON ST (__3ZA97HA),__3ZA97HA,01 - Non intersection,03 - P.D. only,04 - Sideswipe,01 - Clear,01 - Daylight,01 - Dry,10 - No control,,2,0,0,0,,0,,,,,370772.5396,5030385.881,45.41029971,-75.6571612,13588
16--9629,2016/09/14,9:37 PM,HERON RD btwn BAYCREST DR & SANDALWOOD DR (__3ZA3AF),__3ZA3AF,01 - Non intersection,02 - Non-fatal injury,04 - Sideswipe,01 - Clear,07 - Dark,01 - Dry,10 - No control,,2,0,0,0,01 - Minimal,1,1,,,,371343.4605,5027003.729,45.37981438,-75.65032434,13589
16--9540,2016/09/12,3:30 PM,"MONTREAL RD btwn EGLISE, RUE DE L & ST. LAURENT BLVD (__3ZA3ML)",__3ZA3ML,01 - Non intersection,03 - P.D. only,04 - Sideswipe,01 - Clear,01 - Daylight,01 - Dry,10 - No control,,2,0,0,0,,0,,,,,371525.5764,5033807.735,45.44101664,-75.64707822,13590
16--9269,2016/09/04,1:30 PM,BOOTH ST @ SIR JOHN A. MACDONALD PKWY/WELLINGTON ST (0012252),12252,02 - Intersection related,02 - Non-fatal injury,03 - Rear end,01 - Clear,01 - Daylight,01 - Dry,01 - Traffic signal,01 - Functioning,2,0,0,0,02 - Minor,1,,1,,,366263.7186,5031007.765,45.41630576,-75.7146809,13591
16--972,2016/01/21,1:30 PM,HIGHWAY 417 btwn HWY417 IC134 RAMP35 & HWY417 IC134 RAMP25 (__3ZA29D),__3ZA29D,01 - Non intersection,03 - P.D. only,03 - Rear end,01 - Clear,01 - Daylight,01 - Dry,10 - No control,,2,0,0,0,,0,,,,,356439.5567,5022252.592,45.33832046,-75.8411102,13592
16--9449,2016/09/09,2:50 PM,SOUTHMORE DR @ WALKLEY RD (0006644),6644,02 - Intersection related,02 - Non-fatal injury,07 - SMV other,01 - Clear,01 - Daylight,01 - Dry,02 - Stop sign,01 - Functioning,1,0,0,1,01 - Minimal,1,1,,,,369710.5046,5025573.87,45.36710215,-75.67136081,13593
16--945,2016/01/20,6:51 PM,GREENBANK RD btwn LARKIN DR & MALVERN DR (__3ZA4KJ),__3ZA4KJ,01 - Non intersection,03 - P.D. only,03 - Rear end,03 - Snow,07 - Dark,02 - Wet,10 - No control,,3,0,0,0,,0,,,,,363238.3684,5016362.216,45.28478568,-75.75506307,13594
16--9450,2016/09/09,2:57 PM,RUSSELL RD S @ ST. LAURENT BLVD (0007734),7734,03 - At intersection,03 - P.D. only,05 - Turning movement,01 - Clear,01 - Daylight,01 - Dry,01 - Traffic signal,01 - Functioning,2,0,0,0,,0,,,,,373569.9404,5029260.981,45.39990911,-75.62158375,13595
16--9451,2016/09/09,3:04 PM,BASELINE RD/HWY 416 RICHMOND IC75R53 @ RICHMON (0000148),148,02 - Intersection related,02 - Non-fatal injury,03 - Rear end,01 - Clear,01 - Daylight,01 - Dry,01 - Traffic signal,01 - Functioning,2,0,0,0,01 - Minimal,1,1,,,,358637.1395,5021819.718,45.33426025,-75.81311944,13596
16--9452,2016/09/09,3:10 PM,HIGHWAY 417 btwn HWY417 IC115 RAMP36 & HWY417 IC115 RAMP26 (__3ZA2R4),__3ZA2R4,01 - Non intersection,02 - Non-fatal injury,03 - Rear end,01 - Clear,01 - Daylight,01 - Dry,10 - No control,,3,0,0,0,01 - Minimal,1,1,,,,372490.3932,5031523.846,45.42037456,-75.63506077,13597
16--9453,2016/09/09,3:24 PM,MCARTHUR AVE btwn IRWIN MILLER ST & BRANT ST (__3ZA3WB),__3ZA3WB,01 - Non intersection,02 - Non-fatal injury,04 - Sideswipe,01 - Clear,01 - Daylight,01 - Dry,10 - No control,,2,0,0,0,02 - Minor,1,,1,,,371103.6054,5032787.444,45.43187667,-75.6526089,13598
16--9454,2016/09/09,3:27 AM,GALETTA SIDE RD btwn MACHARDY RD & DARWIN ST (__3ZA4R0),__3ZA4R0,01 - Non intersection,03 - P.D. only,07 - SMV other,01 - Clear,07 - Dark,01 - Dry,10 - No control,,1,0,0,0,,0,,,,,323645.9553,5031445.492,45.42269052,-76.25917905,13599
16--9455,2016/09/09,3:34 PM,LAURIER AVE @ O'CONNOR ST (0002224),2224,03 - At intersection,03 - P.D. only,04 - Sideswipe,01 - Clear,01 - Daylight,01 - Dry,01 - Traffic signal,01 - Functioning,2,0,0,0,,0,,,,,367636.1487,5031359.291,45.41934678,-75.69710231,13600
16--9456,2016/09/09,3:34 PM,FIELD ST @ WOODROFFE AVE (0005077),5077,02 - Intersection related,03 - P.D. only,03 - Rear end,01 - Clear,01 - Daylight,01 - Dry,02 - Stop sign,01 - Functioning,2,0,0,0,,0,,,,,362418.5205,5024106.507,45.35453633,-75.76461222,13601
16--9457,2016/09/09,3:39 PM,GREENBANK RD @ BERRIGAN DR/WESSEX RD (0004726),4726,03 - At intersection,03 - P.D. only,03 - Rear end,01 - Clear,01 - Daylight,01 - Dry,01 - Traffic signal,01 - Functioning,2,0,0,0,,0,,,,,363723.1462,5015276.157,45.27497284,-75.74901288,13602
16--9458,2016/09/09,3:52 PM,BANK ST btwn RIDEAU RD & TURN LANE (__3ZBPH9),__3ZBPH9,04 - At/near private drive,03 - P.D. only,02 - Angle,01 - Clear,01 - Daylight,01 - Dry,10 - No control,,2,0,0,0,,0,,,,,377549.1191,5016410.12,45.28388129,-75.57265291,13603
16--9459,2016/09/09,3:57 PM,CARLING AVE @ REC PATH/525M E OF HOLLY ACRES (0014369),14369,03 - At intersection,02 - Non-fatal injury,02 - Angle,01 - Clear,01 - Daylight,01 - Dry,01 - Traffic signal,01 - Functioning,2,1,0,0,02 - Minor,1,,1,,,358675.9685,5023773.639,45.35183872,-75.81241128,13604
16--946,2016/01/20,7:00 AM,BRONSON AVE btwn COOPER ST & SOMERSET ST W (__3ZA33L),__3ZA33L,01 - Non intersection,03 - P.D. only,04 - Sideswipe,01 - Clear,07 - Dark,02 - Wet,10 - No control,,2,0,0,0,,0,,,,,366959.705,5030492.554,45.41160856,-75.70585415,13605
16--9460,2016/09/09,3:59 PM,ALTA VISTA DR @ RANDALL AVE (0008072),8072,02 - Intersection related,03 - P.D. only,03 - Rear end,01 - Clear,01 - Daylight,01 - Dry,01 - Traffic signal,01 - Functioning,2,0,0,0,,0,,,,,370408.7216,5027367.784,45.38317818,-75.6622101,13606
16--9461,2016/09/09,4:15 PM,FALLOWFIELD RD btwn WOODROFFE AVE & VIA PARK PL/275 W OF WOODROFFE AVE (__3ZA3IKD),__3ZA3IKD,01 - Non intersection,03 - P.D. only,03 - Rear end,01 - Clear,01 - Daylight,01 - Dry,10 - No control,,2,0,0,0,,0,,,,,364911.656,5017802.788,45.29760678,-75.73356033,13607
16--9462,2016/09/09,4:16 PM,BANK ST btwn RIDEAU RD & TURN LANE (__3ZBPH9),__3ZBPH9,04 - At/near private drive,02 - Non-fatal injury,02 - Angle,01 - Clear,01 - Daylight,01 - Dry,10 - No control,,2,0,0,0,02 - Minor,2,,2,,,377534.2562,5016458.287,45.28431621,-75.57283528,13608
16--9463,2016/09/09,4:27 PM,CARLING AVE @ WOODROFFE AVE W (0011470),11470,03 - At intersection,02 - Non-fatal injury,05 - Turning movement,01 - Clear,01 - Daylight,01 - Dry,01 - Traffic signal,01 - Functioning,2,0,0,0,01 - Minimal,1,1,,,,361767.4641,5025725.294,45.36915525,-75.77273441,13609
16--9464,2016/09/09,4:45 PM,INVERKIP AVE btwn PENNARD WAY & PENNARD WAY (__4LVMI8),__4LVMI8,04 - At/near private drive,03 - P.D. only,06 - SMV unattended vehicle,01 - Clear,01 - Daylight,01 - Dry,10 - No control,,1,0,0,0,,0,,,,,372513.9718,5025751.847,45.36843828,-75.63555173,13610
16--9465,2016/09/09,4:48 PM,WALKLEY RD btwn RUSSELL RD & LANCASTER RD (__3ZA1UN),__3ZA1UN,01 - Non intersection,03 - P.D. only,05 - Turning movement,01 - Clear,01 - Daylight,01 - Dry,10 - No control,,2,0,0,0,,0,,,,,374768.048,5028541.473,45.39331662,-75.60638392,13611
16--9466,2016/09/09,5:15 PM,HIGHWAY 417 btwn HWY417 IC122 RAMP61 & HWY417 IC121B RAMP16 (__3ZA2Y4),__3ZA2Y4,01 - Non intersection,03 - P.D. only,04 - Sideswipe,01 - Clear,01 - Daylight,01 - Dry,10 - No control,,2,0,0,0,,0,,,,,366068.0686,5029342.663,45.40134077,-75.71738742,13612
16--9467,2016/09/09,5:35 PM,STRANDHERD DR @ WOODROFFE AVE (0009688),9688,02 - Intersection related,03 - P.D. only,03 - Rear end,01 - Clear,01 - Daylight,01 - Dry,01 - Traffic signal,01 - Functioning,3,0,0,0,,0,,,,,366106.9822,5015393.907,45.27582854,-75.71861867,13613
16--9468,2016/09/09,5:43 PM,CARLING AVE @ FAIRMONT AVE (0006303),6303,02 - Intersection related,03 - P.D. only,02 - Angle,01 - Clear,01 - Daylight,01 - Dry,02 - Stop sign,01 - Functioning,2,0,0,0,,0,,,,,366114.0379,5028486.964,45.39363737,-75.71690664,13614