Anom_ID,Accident_Date,Accident_Time,Location,Geo_ID,Accident_Location,Classification_of_Accident,Initial_Impact_Type,Environment_Condition,Light,Road_Surface_Condition,Traffic_Control,Traffic_Control_Condition,No__of_Vehicles,No__of_Bicycles,No__of_Motorcycles,No__of_Pedestrians,Max_Injury,No__of_Injuries,No__of_Minimal,No__of_Minor,No__of_Major,No__of_Fatal,X,Y,Latitude,Longitude,ObjectId
16--9469,2016/09/09,5:57 PM,HUNT CLUB RD EB btwn 275 E OF HAWTHORNE RD/OC TRANSPO TURNAROUND & HAWTHORNE RD (e___2HF3A),e___2HF3A,01 - Non intersection,03 - P.D. only,03 - Rear end,01 - Clear,01 - Daylight,01 - Dry,10 - No control,,3,0,0,0,,0,,,,,375838.168,5026590.839,45.37565808,-75.59299902,13615
16--947,2016/01/20,7:02 AM,KERWIN RD btwn MOWBRAY ST & FIFTH LINE RD (__3ZBNC2),__3ZBNC2,01 - Non intersection,03 - P.D. only,07 - SMV other,01 - Clear,03 - Dawn,01 - Dry,10 - No control,,1,0,0,0,,0,,,,,346960.5433,5027787.745,45.38876082,-75.96157851,13616
16--9470,2016/09/09,6:05 PM,COLONEL BY DR btwn LEONARD AVE & ROSEDALE AVE (__3ZA21J),__3ZA21J,01 - Non intersection,03 - P.D. only,03 - Rear end,01 - Clear,01 - Daylight,01 - Dry,10 - No control,,2,0,0,0,,0,,,,,368266.9145,5028605.209,45.39450949,-75.68939795,13617
16--9471,2016/09/09,6:30 PM,LESTER RD btwn ALBION RD & UPLANDS DR (__3ZA2SC),__3ZA2SC,01 - Non intersection,03 - P.D. only,04 - Sideswipe,01 - Clear,01 - Daylight,01 - Dry,10 - No control,,2,0,0,0,,0,,,,,371473.2222,5021417.044,45.32953489,-75.64942105,13618
16--9472,2016/09/09,6:50 AM,HIGHWAY 417 btwn HWY417 IC127 RAMP35 & HWY417 IC127 RAMP25 (__3ZA2RE),__3ZA2RE,01 - Non intersection,03 - P.D. only,03 - Rear end,01 - Clear,03 - Dawn,01 - Dry,10 - No control,,2,0,0,0,,0,,,,,362117.8394,5024822.233,45.36100102,-75.76836652,13619
16--9473,2016/09/09,7:30 PM,HARRY DOUGLAS DR btwn QUARTZ CRES & IBER RD (__3ZA162),__3ZA162,01 - Non intersection,03 - P.D. only,07 - SMV other,01 - Clear,05 - Dusk,01 - Dry,10 - No control,,1,0,0,0,,0,,,,,351572.6331,5015117.842,45.27446151,-75.90387897,13620
16--9474,2016/09/09,7:36 PM,CARLING AVE @ BAYSHORE DR/BIRCHDALE AVE (0000021),21,02 - Intersection related,03 - P.D. only,03 - Rear end,01 - Clear,07 - Dark,01 - Dry,01 - Traffic signal,01 - Functioning,2,0,0,0,,0,,,,,359005.6992,5023988.542,45.35374701,-75.80817985,13621
16--9475,2016/09/09,7:55 AM,BANK ST btwn ARLINGTON AVE & CATHERINE ST (__3ZA3PT),__3ZA3PT,01 - Non intersection,03 - P.D. only,04 - Sideswipe,01 - Clear,01 - Daylight,01 - Dry,10 - No control,,2,0,0,0,,0,,,,,368019.2883,5030315.212,45.40991798,-75.69234111,13622
16--9476,2016/09/09,8:09 AM,WEST HUNT CLUB RD @ WOODROFFE AVE (0000576),576,02 - Intersection related,03 - P.D. only,05 - Turning movement,01 - Clear,01 - Daylight,01 - Dry,01 - Traffic signal,01 - Functioning,2,0,0,0,,0,,,,,363670.4593,5021245.794,45.32869189,-75.74897545,13623
16--9477,2016/09/09,8:23 AM,CLARENCE ST @ COBOURG ST (0007621),7621,02 - Intersection related,03 - P.D. only,03 - Rear end,01 - Clear,01 - Daylight,01 - Dry,02 - Stop sign,01 - Functioning,2,0,0,0,,0,,,,,368947.2249,5033057.005,45.4345032,-75.68013044,13624
16--9478,2016/09/09,8:30 AM,BANK ST @ ST. BERNARD ST (0012406),12406,03 - At intersection,02 - Non-fatal injury,02 - Angle,01 - Clear,01 - Daylight,01 - Dry,01 - Traffic signal,01 - Functioning,2,0,0,0,01 - Minimal,1,1,,,,373003.6421,5023708.718,45.35000751,-75.62958316,13625
16--9479,2016/09/09,8:35 PM,RICHMOND RD @ WEST HUNT CLUB RD (0000598),598,03 - At intersection,03 - P.D. only,04 - Sideswipe,01 - Clear,07 - Dark,01 - Dry,01 - Traffic signal,01 - Functioning,2,0,0,0,,0,,,,,357142.6241,5018150.56,45.30135783,-75.8325736,13626
16--948,2016/01/20,7:10 AM,HIGHWAY 417 btwn HWY417 IC129 RAMP25 & HWY417 IC129 RAMP35 (__3ZAYFR),__3ZAYFR,01 - Non intersection,03 - P.D. only,03 - Rear end,01 - Clear,"04 - Dawn, artificial",01 - Dry,10 - No control,,2,0,0,0,,0,,,,,360455.65,5023522.285,45.34943805,-75.78972822,13627
16--9480,2016/09/09,9:12 PM,METCALFE ST @ LAURIER AVE (0002231),2231,03 - At intersection,02 - Non-fatal injury,05 - Turning movement,01 - Clear,07 - Dark,01 - Dry,01 - Traffic signal,01 - Functioning,2,1,0,0,02 - Minor,1,,1,,,367792.7154,5031451.525,45.42016259,-75.69509017,13628
16--9481,2016/09/09,9:15 AM,FITZGERALD RD/MENTEN PL @ MOODIE DR (0009818),9818,02 - Intersection related,03 - P.D. only,05 - Turning movement,01 - Clear,01 - Daylight,01 - Dry,01 - Traffic signal,01 - Functioning,2,1,0,0,,0,,,,,356920.1584,5020811.18,45.32531496,-75.8351302,13629
16--9482,2016/09/09,9:45 AM,BELANGER AVE @ CLEMENTINE BLVD (0012002),12002,02 - Intersection related,03 - P.D. only,99 - Other,01 - Clear,01 - Daylight,01 - Dry,02 - Stop sign,01 - Functioning,2,0,0,0,,0,,,,,369465.4965,5027401.877,45.38357265,-75.67424887,13630
16--9483,2016/09/09,9:57 AM,ALTA VISTA DR btwn EDGE HILL PL & AYERS AVE (__3ZA0TT),__3ZA0TT,04 - At/near private drive,02 - Non-fatal injury,02 - Angle,01 - Clear,01 - Daylight,01 - Dry,10 - No control,,2,0,0,0,02 - Minor,1,,1,,,370432.8429,5026355.651,45.37406909,-75.66203665,13631
16--9484,2016/09/10,1:41 PM,PRINCE OF WALES DR btwn BLAZER AVE & DEAKIN ST (__3ZA29V),__3ZA29V,04 - At/near private drive,03 - P.D. only,03 - Rear end,01 - Clear,01 - Daylight,01 - Dry,10 - No control,,2,0,0,0,,0,,,,,367379.7183,5021476.917,45.33045057,-75.70163081,13632
16--9485,2016/09/10,10:52 PM,TERRY FOX DR btwn COPE DR & TRANS CANADA TRAIL (__355BDZB),__355BDZB,01 - Non intersection,03 - P.D. only,07 - SMV other,02 - Rain,07 - Dark,02 - Wet,10 - No control,,1,0,0,0,,0,,,,,353587.9617,5015610.774,45.2787601,-75.87814649,13633
16--9486,2016/09/10,11:03 AM,ST. JOSEPH BLVD @ TENTH LINE RD (0009163),9163,02 - Intersection related,02 - Non-fatal injury,03 - Rear end,01 - Clear,01 - Daylight,01 - Dry,01 - Traffic signal,00 - Unknown,3,0,0,0,02 - Minor,1,,1,,,382890.8038,5038664.796,45.48353916,-75.50105091,13634
16--9487,2016/09/10,11:18 PM,BLAIR RD @ REGIONAL RD 174 N/OR174 IC112 RAMP61 (0003617),3617,03 - At intersection,03 - P.D. only,05 - Turning movement,02 - Rain,07 - Dark,02 - Wet,01 - Traffic signal,01 - Functioning,2,0,0,0,,0,,,,,374634.3977,5032992.296,45.43337615,-75.60746004,13635
16--9488,2016/09/10,11:20 AM,KANATA AVE/CASTLEFRANK RD @ AIRD PL (0011976),11976,02 - Intersection related,03 - P.D. only,03 - Rear end,01 - Clear,01 - Daylight,01 - Dry,01 - Traffic signal,01 - Functioning,2,0,0,0,,0,,,,,351811.3351,5019070.524,45.3100129,-75.90046223,13636
16--9489,2016/09/10,11:27 AM,COLONIAL RD btwn LAFLEUR RD & BIRCHGROVE RD (__3ZA3KP),__3ZA3KP,01 - Non intersection,02 - Non-fatal injury,07 - SMV other,01 - Clear,01 - Daylight,01 - Dry,10 - No control,,1,0,0,0,02 - Minor,1,,1,,,397574.5965,5035159.126,45.45020327,-75.3139127,13637
16--949,2016/01/20,7:25 AM,HAWTHORNE RD @ HUNT CLUB RD (0007651),7651,03 - At intersection,03 - P.D. only,03 - Rear end,01 - Clear,03 - Dawn,01 - Dry,01 - Traffic signal,01 - Functioning,2,0,0,0,,0,,,,,375506.863,5026407.86,45.37404523,-75.59725473,13638
16--9490,2016/09/10,Unknown,LEBRETON ST    N btwn ECCLES ST & WILLOW ST (__3ZAAK7),__3ZAAK7,01 - Non intersection,03 - P.D. only,06 - SMV unattended vehicle,01 - Clear,00 - Unknown,01 - Dry,10 - No control,,1,0,0,0,,0,,,,,366733.1915,5030201.175,45.4090069,-75.70878439,13639
16--9491,2016/09/10,Unknown,DUNNING RD btwn MARKET ST & LOOKOUT DR (__3ZA2Z1),__3ZA2Z1,01 - Non intersection,03 - P.D. only,06 - SMV unattended vehicle,01 - Clear,00 - Unknown,01 - Dry,10 - No control,,1,0,0,0,,0,,,,,390451.156,5042136.475,45.51388647,-75.40374879,13640
16--9492,2016/09/10,2:15 PM,REGIONAL ROAD 174 btwn HIGHWAY 417 & HWY417 IC113 RAMP65 (__3ZA2YL),__3ZA2YL,01 - Non intersection,02 - Non-fatal injury,03 - Rear end,01 - Clear,01 - Daylight,01 - Dry,10 - No control,,3,0,0,0,02 - Minor,3,,3,,,373337.1536,5031735.12,45.42219306,-75.62421285,13641
16--9493,2016/09/10,2:30 PM,HIGHWAY 417 btwn HWY417 IC115 RAMP51 & HWY417 IC115 RAMP35 (__3ZAZEB),__3ZAZEB,01 - Non intersection,03 - P.D. only,03 - Rear end,01 - Clear,01 - Daylight,01 - Dry,10 - No control,,2,0,0,0,,0,,,,,372167.6004,5031465.528,45.419881,-75.63919288,13642
16--9494,2016/09/10,2:55 AM,COLONEL BY DR btwn CLEGG ST & ECHO DR N (__3ZA22H),__3ZA22H,01 - Non intersection,03 - P.D. only,03 - Rear end,01 - Clear,07 - Dark,01 - Dry,10 - No control,,2,0,0,0,,0,,,,,368905.3206,5030181.441,45.40863376,-75.68104014,13643
16--9495,2016/09/10,2:55 PM,KLONDIKE RD @ MARCH RD (0003096),3096,02 - Intersection related,03 - P.D. only,02 - Angle,01 - Clear,01 - Daylight,01 - Dry,01 - Traffic signal,01 - Functioning,2,0,0,0,,0,,,,,349263.1905,5024061.841,45.35509201,-75.93250881,13644
16--9496,2016/09/10,3:00 PM,CLYDE AVE btwn MAITLAND AVE & BASELINE RD (__3ZA4IR),__3ZA4IR,01 - Non intersection,03 - P.D. only,07 - SMV other,01 - Clear,01 - Daylight,02 - Wet,10 - No control,,1,0,0,0,,0,,,,,364337.8471,5024939.909,45.36187483,-75.74001752,13645
16--9497,2016/09/10,3:34 PM,BANK ST @ ST. BERNARD ST (0012406),12406,02 - Intersection related,02 - Non-fatal injury,03 - Rear end,02 - Rain,01 - Daylight,02 - Wet,01 - Traffic signal,01 - Functioning,2,0,0,0,01 - Minimal,1,1,,,,373003.1334,5023708.231,45.35000318,-75.62958972,13646
16--9498,2016/09/10,3:38 PM,INNES RD @ STONEHENGE CRES E (0009355),9355,02 - Intersection related,03 - P.D. only,04 - Sideswipe,01 - Clear,01 - Daylight,01 - Dry,01 - Traffic signal,01 - Functioning,2,0,0,0,,0,,,,,375363.0839,5031313.333,45.41819664,-75.59838852,13647
16--9499,2016/09/10,3:38 PM,GORE PRIV btwn GABLE PRIV & GATEVILLE PRIV (__3ZA5MR),__3ZA5MR,04 - At/near private drive,03 - P.D. only,02 - Angle,01 - Clear,01 - Daylight,01 - Dry,10 - No control,,2,0,0,0,,0,,,,,372132.6161,5026422.372,45.37450815,-75.64032823,13648
16--95,2016/01/04,12:08 PM,CHURCHILL AVE @ RICHMOND RD (0002361),2361,02 - Intersection related,03 - P.D. only,03 - Rear end,01 - Clear,01 - Daylight,02 - Wet,01 - Traffic signal,01 - Functioning,2,0,0,0,,0,,,,,363228.5807,5028291.221,45.39212281,-75.75377921,13649
16--950,2016/01/20,7:33 AM,ST. JOSEPH BLVD btwn ROCKCLIFFE PKWY & HART RD (__3ZA2AF),__3ZA2AF,01 - Non intersection,02 - Non-fatal injury,03 - Rear end,01 - Clear,03 - Dawn,06 - Ice,10 - No control,,3,0,0,0,01 - Minimal,1,1,,,,377136.5416,5035247.852,45.45341583,-75.57515318,13650
16--9500,2016/09/10,3:41 PM,CARLING AVE WB btwn KIRKWOOD AVE & HWY417 IC124 RAMP67 (__3ZA4N1),__3ZA4N1,01 - Non intersection,03 - P.D. only,04 - Sideswipe,01 - Clear,01 - Daylight,01 - Dry,10 - No control,,2,0,0,0,,0,,,,,364322.5018,5027518.669,45.38507941,-75.7399026,13651
16--9501,2016/09/10,3:45 PM,INNES RD btwn VISENEAU DR & BELCOURT BLVD (__3ZA3JX),__3ZA3JX,01 - Non intersection,02 - Non-fatal injury,04 - Sideswipe,01 - Clear,01 - Daylight,01 - Dry,10 - No control,,2,0,0,0,02 - Minor,1,,1,,,382031.7875,5035211.945,45.45256891,-75.51258052,13652
16--9502,2016/09/10,4:21 PM,JEANNE D'ARC BLVD @ GREY NUNS DR/YOUVILLE DR (0003147),3147,02 - Intersection related,03 - P.D. only,03 - Rear end,01 - Clear,01 - Daylight,02 - Wet,01 - Traffic signal,01 - Functioning,2,0,0,0,,0,,,,,379670.7425,5036700.169,45.46621577,-75.54253589,13653
16--9503,2016/09/10,4:49 PM,CATHERINE ST @ KENT ST (0002707),2707,03 - At intersection,02 - Non-fatal injury,05 - Turning movement,01 - Clear,01 - Daylight,01 - Dry,01 - Traffic signal,01 - Functioning,2,0,0,0,02 - Minor,1,,1,,,367907.0489,5030189.662,45.40879845,-75.69379096,13654
16--9504,2016/09/10,5:02 PM,BLAIR RD @ OGILVIE RD (0004120),4120,02 - Intersection related,03 - P.D. only,03 - Rear end,01 - Clear,01 - Daylight,01 - Dry,01 - Traffic signal,01 - Functioning,2,0,0,0,,0,,,,,374506.0674,5033196.505,45.43522632,-75.60907109,13655
16--9505,2016/09/10,5:38 PM,WEST HUNT CLUB RD @ ROYDON PL/SUNDERLAND ST (0009775),9775,03 - At intersection,03 - P.D. only,02 - Angle,01 - Clear,01 - Daylight,01 - Dry,01 - Traffic signal,01 - Functioning,2,0,0,0,,0,,,,,365974.3377,5022170.04,45.3368111,-75.71947278,13656
16--9506,2016/09/10,7:20 PM,OTTAWA RIVER PKWY WB btwn TRANSIT & TURN LANE (__3ZA23O),__3ZA23O,04 - At/near private drive,02 - Non-fatal injury,02 - Angle,01 - Clear,05 - Dusk,01 - Dry,10 - No control,,2,0,0,0,02 - Minor,1,,1,,,362696.4784,5028621.843,45.3951419,-75.76053559,13657
16--9507,2016/09/10,7:54 PM,SMYTH RD @ GENERAL HOSPITAL E (0008855),8855,03 - At intersection,03 - P.D. only,05 - Turning movement,01 - Clear,07 - Dark,01 - Dry,01 - Traffic signal,01 - Functioning,2,0,0,0,,0,,,,,371516.223,5029181.669,45.39939421,-75.64782418,13658
16--9508,2016/09/10,8:10 PM,BRIAN COBURN BLVD @ ESPRIT DR (0013113),13113,03 - At intersection,03 - P.D. only,02 - Angle,01 - Clear,07 - Dark,01 - Dry,02 - Stop sign,01 - Functioning,2,0,0,0,,0,,,,,385141.6409,5035342.872,45.45339627,-75.47280552,13659
16--9509,2016/09/10,9:15 PM,ELGIN ST @ LAURIER AVE (0002232),2232,03 - At intersection,02 - Non-fatal injury,07 - SMV other,01 - Clear,07 - Dark,01 - Dry,01 - Traffic signal,01 - Functioning,1,0,0,1,02 - Minor,1,,1,,,367948.4904,5031550.234,45.4210367,-75.69308725,13660
16--951,2016/01/20,7:37 AM,FALLOWFIELD RD btwn CONLEY RD & HUNTLEY RD (__3ZA3ER),__3ZA3ER,01 - Non intersection,03 - P.D. only,07 - SMV other,01 - Clear,03 - Dawn,06 - Ice,10 - No control,,1,0,0,0,,0,,,,,351754.0887,5009040.549,45.21976385,-75.90214038,13661
16--9510,2016/09/10,9:59 AM,LISGAR ST btwn O'CONNOR ST & METCALFE ST (__3ZA9UX),__3ZA9UX,01 - Non intersection,03 - P.D. only,04 - Sideswipe,01 - Clear,01 - Daylight,01 - Dry,10 - No control,,2,0,0,0,,0,,,,,367912.1958,5031249.392,45.4183331,-75.69358951,13662
16--9511,2016/09/11,1:18 PM,LEMIEUX ST @ ST. LAURENT BLVD (0002021),2021,02 - Intersection related,03 - P.D. only,05 - Turning movement,01 - Clear,01 - Daylight,01 - Dry,01 - Traffic signal,01 - Functioning,2,0,0,0,,0,,,,,372390.627,5031741.467,45.42234226,-75.63630557,13663
16--9512,2016/09/11,10:11 AM,CANAAN RD btwn REGIONAL ROAD 174 & WILHAVEN DR (__3ZA5F5),__3ZA5F5,01 - Non intersection,03 - P.D. only,04 - Sideswipe,01 - Clear,01 - Daylight,01 - Dry,10 - No control,,2,0,0,0,,0,,,,,396499.0129,5041777.018,45.5098836,-75.32642516,13664
16--9513,2016/09/11,10:15 AM,GREENBANK RD @ STRANDHERD DR (0005563),5563,03 - At intersection,03 - P.D. only,05 - Turning movement,01 - Clear,01 - Daylight,01 - Dry,01 - Traffic signal,01 - Functioning,2,0,0,0,,0,,,,,363933.9034,5014784.637,45.27053244,-75.74638551,13665
16--9514,2016/09/11,10:30 PM,EAGLESON RD @ FALLOWFIELD RD (0000118),118,03 - At intersection,03 - P.D. only,02 - Angle,01 - Clear,07 - Dark,01 - Dry,01 - Traffic signal,01 - Functioning,2,0,0,0,,0,,,,,355960.5364,5012594.186,45.25144752,-75.84821817,13666
16--9515,2016/09/11,11:00 AM,LANCASTER RD @ WALKLEY RD (0003130),3130,02 - Intersection related,03 - P.D. only,04 - Sideswipe,01 - Clear,01 - Daylight,01 - Dry,01 - Traffic signal,01 - Functioning,2,0,0,0,,0,,,,,374908.521,5028603.639,45.39386191,-75.60458122,13667
16--9516,2016/09/11,11:17 AM,MONTREAL RD @ OGILVIE RD (0009279),9279,02 - Intersection related,03 - P.D. only,03 - Rear end,01 - Clear,01 - Daylight,01 - Dry,01 - Traffic signal,01 - Functioning,2,0,0,0,,0,,,,,375655.806,5034555.783,45.44734073,-75.59418216,13668
16--9517,2016/09/11,12:47 PM,CHAPEL ST @ RIDEAU ST (0011918),11918,02 - Intersection related,02 - Non-fatal injury,07 - SMV other,01 - Clear,01 - Daylight,01 - Dry,01 - Traffic signal,01 - Functioning,1,0,0,1,01 - Minimal,1,1,,,,368891.7497,5032643.052,45.43078369,-75.68089329,13669
16--9518,2016/09/11,2:50 PM,BASELINE RD @ MONTEREY DR (0001125),1125,02 - Intersection related,03 - P.D. only,07 - SMV other,01 - Clear,01 - Daylight,01 - Dry,01 - Traffic signal,01 - Functioning,1,0,0,0,,0,,,,,359793.0125,5022154.84,45.33718605,-75.79833611,13670
16--9519,2016/09/11,4:00 AM,ST. JOSEPH BLVD @ JEANNE D'ARC BLVD (0012421),12421,03 - At intersection,03 - P.D. only,02 - Angle,02 - Rain,07 - Dark,02 - Wet,11 - Roundabout,01 - Functioning,2,0,0,0,,0,,,,,379860.4762,5036470.782,45.46413156,-75.54014491,13671
16--952,2016/01/20,7:37 AM,RAMSAYVILLE RD @ MITCH OWENS RD (0003575),3575,02 - Intersection related,03 - P.D. only,03 - Rear end,01 - Clear,03 - Dawn,06 - Ice,02 - Stop sign,01 - Functioning,4,0,0,0,,0,,,,,381145.0109,5018038.691,45.29815296,-75.52657122,13672
16--9520,2016/09/11,4:11 PM,HWY 417 RIVERSID IC117R25 @ RIVERSIDE DR (0011962),11962,02 - Intersection related,03 - P.D. only,03 - Rear end,01 - Clear,01 - Daylight,01 - Dry,10 - No control,00 - Unknown,2,0,0,0,,0,,,,,370817.8702,5031035.869,45.41614377,-75.65649508,13673
16--9521,2016/09/11,4:12 PM,SILVER SEVEN RD btwn FRANK NIGHBOR PL & 280 N OF PALLADIUM DR/COSTCO S (__3ZAZH2A),__3ZAZH2A,04 - At/near private drive,03 - P.D. only,02 - Angle,01 - Clear,01 - Daylight,01 - Dry,10 - No control,,2,0,0,0,,0,,,,,350824.6203,5018144.528,45.30174589,-75.91313116,13674
16--9522,2016/09/11,4:33 PM,JEANNE D'ARC BLVD @ ORLEANS BLVD S (0004154),4154,02 - Intersection related,03 - P.D. only,04 - Sideswipe,01 - Clear,01 - Daylight,01 - Dry,01 - Traffic signal,01 - Functioning,2,0,0,0,,0,,,,,380940.7445,5036249.337,45.46202226,-75.52636699,13675
16--9541,2016/09/12,5:40 PM,VANIER PKWY SB btwn DONALD ST & QUEEN MARY ST (__3ZA25W),__3ZA25W,01 - Non intersection,03 - P.D. only,04 - Sideswipe,01 - Clear,01 - Daylight,01 - Dry,10 - No control,,2,0,0,0,,0,,,,,370349.4405,5031970.099,45.42459363,-75.66235523,13676
16--9720,2016/09/17,12:30 PM,GREENBANK RD btwn MONTEREY DR & MEADOWBANK DR (__3ZA4LG),__3ZA4LG,01 - Non intersection,03 - P.D. only,01 - Approaching,02 - Rain,01 - Daylight,02 - Wet,10 - No control,,2,0,0,0,,0,,,,,360760.1893,5022200.333,45.33751892,-75.78599156,13677
16--927,2016/01/20,3:28 PM,BANK ST @ RIVERSIDE DR S (0002704),2704,02 - Intersection related,03 - P.D. only,03 - Rear end,01 - Clear,01 - Daylight,01 - Dry,01 - Traffic signal,01 - Functioning,2,0,0,0,,0,,,,,369305.8476,5027894.633,45.38802103,-75.67622291,13678
16--963,2016/01/20,9:01 AM,WALKLEY RD @ SPRINGLAND DR/OTTERSON DR (0006968),6968,03 - At intersection,03 - P.D. only,05 - Turning movement,01 - Clear,01 - Daylight,01 - Dry,01 - Traffic signal,01 - Functioning,2,0,0,0,,0,,,,,368722.3446,5024984.965,45.36189415,-75.68405042,13679
16--9542,2016/09/12,5:41 PM,RAMSAYVILLE RD btwn WHYTE SIDE RD & LEITRIM RD (__3ZA6GH),__3ZA6GH,01 - Non intersection,03 - P.D. only,01 - Approaching,01 - Clear,01 - Daylight,01 - Dry,10 - No control,,2,0,0,0,,0,,,,,378707.6107,5023922.08,45.35134933,-75.55676659,13680
16--9270,2016/09/04,11:05 PM,COLONEL BY DR btwn BRONSON PL & SENECA ST (__3ZA21L),__3ZA21L,01 - Non intersection,03 - P.D. only,03 - Rear end,01 - Clear,07 - Dark,01 - Dry,10 - No control,,2,0,0,0,,0,,,,,367861.3439,5028519.053,45.39377093,-75.69458841,13681
16--9721,2016/09/17,12:50 PM,WOODROFFE AVE @ SPORTSPLEX N (0005568),5568,03 - At intersection,03 - P.D. only,03 - Rear end,02 - Rain,01 - Daylight,02 - Wet,01 - Traffic signal,01 - Functioning,2,0,0,0,,0,,,,,363764.156,5021067.425,45.32707908,-75.74780148,13682
16--9630,2016/09/15,1:14 PM,BAYVIEW RD @ SCOTT ST/ALBERT ST (0005646),5646,03 - At intersection,03 - P.D. only,05 - Turning movement,01 - Clear,01 - Daylight,01 - Dry,01 - Traffic signal,01 - Functioning,2,0,0,0,,0,,,,,365518.8175,5030071.784,45.40794908,-75.72431289,13683
16--9543,2016/09/12,5:45 PM,BRONSON AVE @ SOMERSET ST (0002218),2218,02 - Intersection related,03 - P.D. only,03 - Rear end,01 - Clear,01 - Daylight,01 - Dry,01 - Traffic signal,01 - Functioning,2,0,0,0,,0,,,,,366967.6961,5030476.84,45.41146646,-75.70575405,13684
16--9271,2016/09/04,2:00 PM,MONTREAL RD btwn MONTGOMERY ST & PALACE ST (__3ZA3KD),__3ZA3KD,01 - Non intersection,03 - P.D. only,99 - Other,01 - Clear,01 - Daylight,01 - Dry,10 - No control,,2,0,0,0,,0,,,,,369856.8758,5032944.748,45.43340912,-75.6685202,13685
16--9722,2016/09/17,12:56 PM,GREENBANK RD btwn MONTEREY DR & MEADOWBANK DR (__3ZA4LG),__3ZA4LG,01 - Non intersection,03 - P.D. only,03 - Rear end,02 - Rain,01 - Daylight,02 - Wet,10 - No control,,3,0,0,0,,0,,,,,360677.7856,5022398.107,45.33930505,-75.78702056,13686
16--9723,2016/09/17,2:37 PM,KENT ST btwn COOPER ST & SOMERSET ST W (__3ZA3RI),__3ZA3RI,04 - At/near private drive,03 - P.D. only,07 - SMV other,01 - Clear,01 - Daylight,02 - Wet,10 - No control,,1,0,0,0,,0,,,,,367511.1139,5030842.568,45.41470869,-75.69876556,13687
16--9724,2016/09/17,2:58 AM,VANIER PKWY/CRICHTON ST @ BEECHWOOD AVE/ST. PA (0001604),1604,02 - Intersection related,02 - Non-fatal injury,07 - SMV other,01 - Clear,07 - Dark,01 - Dry,01 - Traffic signal,00 - Unknown,1,0,0,0,03 - Major,2,,1,1,,369127.797,5033487.134,45.43835674,-75.67776657,13688
16--9725,2016/09/17,3:00 PM,REGIONAL ROAD 174 btwn OR174 IC109 RAMP86 & OR174 IC109 RAMP64 (__3ZA28U),__3ZA28U,01 - Non intersection,02 - Non-fatal injury,07 - SMV other,02 - Rain,01 - Daylight,02 - Wet,10 - No control,,1,0,0,0,02 - Minor,2,,2,,,376547.3798,5035196.492,45.45301447,-75.58269232,13689
16--9726,2016/09/17,3:00 PM,TERRY FOX DR btwn CASTLEFRANK RD & TRANS CANADA TRAIL (__355BDZA),__355BDZA,01 - Non intersection,03 - P.D. only,03 - Rear end,02 - Rain,01 - Daylight,02 - Wet,10 - No control,,2,0,0,0,,0,,,,,353071.0276,5016215.781,45.28423979,-75.88467612,13690
16--9727,2016/09/17,3:00 PM,HIGHWAY 417 btwn HWY417 IC142 RAMP35 & HWY417 IC142 RAMP25 (__3ZA1ZO),__3ZA1ZO,01 - Non intersection,03 - P.D. only,07 - SMV other,02 - Rain,01 - Daylight,02 - Wet,10 - No control,,1,0,0,0,,0,,,,,348950.3063,5017218.272,45.29353145,-75.93711219,13691
16--9728,2016/09/17,3:25 PM,KITCHENER AVE @ BANK ST (0011963),11963,03 - At intersection,02 - Non-fatal injury,02 - Angle,01 - Clear,01 - Daylight,02 - Wet,01 - Traffic signal,01 - Functioning,2,0,0,0,02 - Minor,1,,1,,,370541.0956,5025499.752,45.36635784,-75.66076859,13692
16--9729,2016/09/17,3:33 PM,WEST HUNT CLUB RD @ CLEOPATRA DR/LANCELOT DR (0000114),114,02 - Intersection related,03 - P.D. only,03 - Rear end,02 - Rain,01 - Daylight,02 - Wet,01 - Traffic signal,01 - Functioning,2,0,0,0,,0,,,,,365241.1466,5021733.73,45.33294878,-75.72888004,13693
16--973,2016/01/21,1:34 PM,BANK ST @ RIVERSIDE DR S (0002704),2704,03 - At intersection,03 - P.D. only,02 - Angle,01 - Clear,01 - Daylight,01 - Dry,01 - Traffic signal,01 - Functioning,2,0,0,0,,0,,,,,369304.9695,5027895.072,45.38802506,-75.67623406,13694
16--9730,2016/09/17,3:43 PM,SMYTH RD @ SOUTH HAVEN PL/GENERAL HOSPITAL ENTRANCE W (0007242),7242,02 - Intersection related,02 - Non-fatal injury,03 - Rear end,02 - Rain,01 - Daylight,02 - Wet,01 - Traffic signal,01 - Functioning,2,0,0,0,02 - Minor,1,,1,,,371121.5529,5029134.482,45.39900714,-75.65287115,13695
16--9731,2016/09/17,3:50 PM,MERIVALE RD/LOTTA AVE @ CLYDE AVE (0001112),1112,02 - Intersection related,03 - P.D. only,03 - Rear end,02 - Rain,01 - Daylight,02 - Wet,01 - Traffic signal,01 - Functioning,2,0,0,0,,0,,,,,364523.0583,5024509.464,45.35798599,-75.73770558,13696
16--9732,2016/09/17,4:39 PM,BRONSON AVE @ BRONSON AVE SB ON RAMP 43 (0011236),11236,02 - Intersection related,03 - P.D. only,03 - Rear end,01 - Clear,01 - Daylight,01 - Dry,03 - Yield sign,01 - Functioning,2,0,0,0,,0,,,,,367797.2886,5028320.055,45.39198617,-75.69543184,13697