Anom_ID,Accident_Date,Accident_Time,Location,Geo_ID,Accident_Location,Classification_of_Accident,Initial_Impact_Type,Environment_Condition,Light,Road_Surface_Condition,Traffic_Control,Traffic_Control_Condition,No__of_Vehicles,No__of_Bicycles,No__of_Motorcycles,No__of_Pedestrians,Max_Injury,No__of_Injuries,No__of_Minimal,No__of_Minor,No__of_Major,No__of_Fatal,X,Y,Latitude,Longitude,ObjectId
16--9733,2016/09/17,4:50 PM,HWY416 IC66 RAMP34 btwn HIGHWAY 416 & FALLOWFIELD RD (__3ZAY40),__3ZAY40,01 - Non intersection,03 - P.D. only,07 - SMV other,02 - Rain,01 - Daylight,02 - Wet,10 - No control,,1,0,0,0,,0,,,,,359749.6579,5015232.694,45.2749035,-75.79965665,13698
16--9734,2016/09/17,5:01 PM,NERTA ST @ ST. LAURENT BLVD (0008327),8327,03 - At intersection,02 - Non-fatal injury,01 - Approaching,02 - Rain,01 - Daylight,02 - Wet,02 - Stop sign,01 - Functioning,2,0,0,0,02 - Minor,3,,3,,,373675.6326,5028604.332,45.3939905,-75.62032556,13699
16--9735,2016/09/17,5:01 PM,STAGECOACH RD btwn SNAKE ISLAND RD & HERBERTS CORNERS RD (__3ZA2CV),__3ZA2CV,01 - Non intersection,03 - P.D. only,07 - SMV other,01 - Clear,01 - Daylight,01 - Dry,10 - No control,,1,0,0,0,,0,,,,,377997.3141,5007165.663,45.20065638,-75.56830107,13700
16--9736,2016/09/17,5:11 PM,HUNT CLUB RD EB btwn ALBION RD & DUNSTON TER (__3ZBOG7),__3ZBOG7,01 - Non intersection,03 - P.D. only,03 - Rear end,02 - Rain,01 - Daylight,02 - Wet,10 - No control,,3,0,0,0,,0,,,,,371967.1126,5024335.839,45.35575017,-75.64272469,13701
16--9737,2016/09/17,5:22 PM,IRIS ST @ WOODROFFE AVE (0002736),2736,03 - At intersection,03 - P.D. only,05 - Turning movement,02 - Rain,01 - Daylight,02 - Wet,01 - Traffic signal,01 - Functioning,2,0,0,0,,0,,,,,362282.0335,5024441.3,45.35755997,-75.76631514,13702
16--9738,2016/09/17,5:49 PM,ANDERSON RD btwn INNES RD & DESJARDINS ST (__3ZBOG0),__3ZBOG0,01 - Non intersection,03 - P.D. only,03 - Rear end,02 - Rain,01 - Daylight,02 - Wet,10 - No control,,2,0,0,0,,0,,,,,376320.4927,5031816.305,45.42262488,-75.58608389,13703
16--9739,2016/09/17,5:56 PM,BLAIR RD @ INNES RD (0004165),4165,02 - Intersection related,03 - P.D. only,03 - Rear end,02 - Rain,01 - Daylight,02 - Wet,01 - Traffic signal,00 - Unknown,2,0,0,0,,0,,,,,375578.7349,5031438.752,45.41930331,-75.5956154,13704
16--974,2016/01/21,1:45 PM,BRIDGESTONE DR/STEEPLE CHASE DR @ STONEHAVEN D (0002781),2781,03 - At intersection,03 - P.D. only,03 - Rear end,01 - Clear,01 - Daylight,01 - Dry,11 - Roundabout,01 - Functioning,2,0,0,0,,0,,,,,355104.8038,5016985.15,45.29102013,-75.85867461,13705
16--9740,2016/09/17,5:56 PM,ANDERSON RD @ INNES RD (0004200),4200,02 - Intersection related,03 - P.D. only,03 - Rear end,02 - Rain,01 - Daylight,02 - Wet,01 - Traffic signal,00 - Unknown,2,0,0,0,,0,,,,,376281.5693,5031841.15,45.4228524,-75.5865776,13706
16--9741,2016/09/17,6:00 PM,CHAPEL ST @ LAURIER AVE (0007756),7756,03 - At intersection,03 - P.D. only,02 - Angle,02 - Rain,01 - Daylight,02 - Wet,01 - Traffic signal,01 - Functioning,2,0,0,0,,0,,,,,369118.0506,5032263.926,45.42735169,-75.67805093,13707
16--9742,2016/09/17,6:07 PM,ST. LAURENT BLVD btwn PLEASANT PARK RD & CONNERY AVE (__3ZA76H),__3ZA76H,01 - Non intersection,03 - P.D. only,03 - Rear end,02 - Rain,01 - Daylight,02 - Wet,10 - No control,,2,0,0,0,,0,,,,,373615.9474,5028752.072,45.39532566,-75.62106716,13708
16--9743,2016/09/17,7:25 AM,DOWNPATRICK RD @ SHANEGAL CRES N (0009627),9627,03 - At intersection,02 - Non-fatal injury,02 - Angle,01 - Clear,01 - Daylight,01 - Dry,02 - Stop sign,01 - Functioning,3,0,0,0,03 - Major,2,1,,1,,370426.1517,5023022.803,45.34408177,-75.66256458,13709
16--9744,2016/09/17,7:27 PM,WEST HUNT CLUB RD @ WOODROFFE AVE (0000576),576,02 - Intersection related,03 - P.D. only,03 - Rear end,02 - Rain,07 - Dark,02 - Wet,01 - Traffic signal,01 - Functioning,2,0,0,0,,0,,,,,363670.1555,5021246.221,45.32869576,-75.74897927,13710
16--9745,2016/09/17,7:49 PM,AVIATION PKWY @ OGILVIE RD (0004114),4114,02 - Intersection related,03 - P.D. only,03 - Rear end,02 - Rain,07 - Dark,02 - Wet,01 - Traffic signal,01 - Functioning,2,0,0,0,,0,,,,,373110.7142,5032376.172,45.42798308,-75.62701711,13711
16--9746,2016/09/17,8:30 PM,STRANDHERD DR btwn ANDORA AVE & JOCKVALE RD (__3ZAZMN),__3ZAZMN,01 - Non intersection,03 - P.D. only,07 - SMV other,02 - Rain,07 - Dark,02 - Wet,10 - No control,,1,0,0,0,,0,,,,,363385.947,5014467.409,45.26772387,-75.75340561,13712
16--9747,2016/09/17,8:44 PM,ST. JOSEPH BLVD @ JEANNE D'ARC BLVD (0012421),12421,03 - At intersection,03 - P.D. only,02 - Angle,02 - Rain,07 - Dark,02 - Wet,11 - Roundabout,01 - Functioning,2,0,0,0,,0,,,,,379860.0839,5036470.483,45.46412891,-75.54014997,13713
16--9748,2016/09/17,8:46 AM,REGIONAL ROAD 174 btwn OR174 IC109 RAMP64 & OR174 IC105 RAMP16 (__3ZA2XD),__3ZA2XD,01 - Non intersection,03 - P.D. only,07 - SMV other,01 - Clear,01 - Daylight,01 - Dry,10 - No control,,1,0,0,0,,0,,,,,376902.0251,5035608.083,45.45668119,-75.57809835,13714
16--9749,2016/09/17,9:08 AM,HUNT CLUB RD @ BRIDLE PATH DR/DAZE ST (0008214),8214,02 - Intersection related,03 - P.D. only,99 - Other,01 - Clear,01 - Daylight,01 - Dry,01 - Traffic signal,01 - Functioning,2,0,0,0,,0,,,,,371291.7386,5023864.228,45.35157113,-75.65140717,13715
16--975,2016/01/21,10:25 PM,UPPER DWYER HILL RD btwn MARCH RD & OLD ALMONTE RD (__3ZA4QB),__3ZA4QB,01 - Non intersection,03 - P.D. only,07 - SMV other,01 - Clear,07 - Dark,01 - Dry,10 - No control,,1,0,0,0,,0,,,,,336196.1572,5011960.296,45.24690275,-76.10004698,13716
16--9750,2016/09/17,9:47 PM,GENEST ST btwn MARIER AVE & STE. CECILE ST (__3ZA8YB),__3ZA8YB,01 - Non intersection,03 - P.D. only,06 - SMV unattended vehicle,01 - Clear,07 - Dark,01 - Dry,10 - No control,,1,0,0,0,,0,,,,,369796.4461,5033874.474,45.44178003,-75.6691697,13717
16--9751,2016/09/18,1:30 AM,CHARLOTTE ST btwn STEWART ST & WILBROD ST (__3ZBOF3),__3ZBOF3,04 - At/near private drive,03 - P.D. only,06 - SMV unattended vehicle,01 - Clear,07 - Dark,02 - Wet,10 - No control,,1,0,0,0,,0,,,,,369387.3009,5032638.027,45.43069289,-75.67456135,13718
16--9752,2016/09/18,1:43 PM,HIGHWAY 417 btwn HWY417 IC129 RAMP25 & HWY417 IC129 RAMP35 (__3ZAYFR),__3ZAYFR,01 - Non intersection,03 - P.D. only,03 - Rear end,01 - Clear,01 - Daylight,01 - Dry,10 - No control,,2,0,0,0,,0,,,,,360456.7967,5023524.364,45.34945667,-75.78971335,13719
16--9753,2016/09/18,10:16 AM,BRONSON AVE RAMP 52 btwn HERON RD EB & BRONSON AVE RAMP 62 (__3ZAYBG),__3ZAYBG,01 - Non intersection,02 - Non-fatal injury,02 - Angle,01 - Clear,01 - Daylight,01 - Dry,10 - No control,,2,1,0,0,02 - Minor,1,,1,,,368712.7469,5026694.14,45.37727372,-75.6839518,13720
16--9754,2016/09/18,10:29 AM,ALBERT ST @ BOOTH ST (0002162),2162,02 - Intersection related,03 - P.D. only,05 - Turning movement,01 - Clear,01 - Daylight,01 - Dry,01 - Traffic signal,01 - Functioning,2,0,0,0,,0,,,,,366429.2572,5030626.911,45.41286438,-75.71261365,13721
16--9755,2016/09/18,10:48 PM,INDUSTRIAL AVE @ NEIGHBORHOOD WAY (0002706),2706,02 - Intersection related,02 - Non-fatal injury,05 - Turning movement,01 - Clear,07 - Dark,01 - Dry,02 - Stop sign,01 - Functioning,2,0,1,0,02 - Minor,1,,1,,,371092.4635,5030527.394,45.41154276,-75.6530554,13722
16--9756,2016/09/18,10:56 PM,AIRPORT PKWY btwn AIRPORT PKWY/WALKLEY RD SOUTHBOUND ON RAMP           (__3ZA1KS),__3ZA1KS,01 - Non intersection,03 - P.D. only,07 - SMV other,01 - Clear,07 - Dark,01 - Dry,10 - No control,,1,0,0,0,,0,,,,,370162.99,5025384.965,45.36536039,-75.66561005,13723
16--9757,2016/09/18,11:44 AM,BRONSON AVE @ COMMISSIONER ST/SLATER ST (0001679),1679,02 - Intersection related,03 - P.D. only,05 - Turning movement,01 - Clear,01 - Daylight,01 - Dry,01 - Traffic signal,01 - Functioning,2,0,0,0,,0,,,,,366767.6077,5030947.909,45.41572275,-75.70825088,13724
16--9758,2016/09/18,11:58 AM,THIRD AVE btwn LYON ST S & BANK ST (__3ZA92Z),__3ZA92Z,01 - Non intersection,03 - P.D. only,04 - Sideswipe,01 - Clear,01 - Daylight,01 - Dry,10 - No control,,2,0,0,0,,0,,,,,368207.8414,5029476.261,45.40235231,-75.69004038,13725
16--9759,2016/09/18,Unknown,NICHOLAS ST btwn RIDEAU ST & BESSERER ST (__3ZA3VT),__3ZA3VT,01 - Non intersection,03 - P.D. only,06 - SMV unattended vehicle,01 - Clear,00 - Unknown,01 - Dry,10 - No control,,1,0,0,0,,0,,,,,368146.0167,5032175.849,45.42664791,-75.69048305,13726
16--976,2016/01/21,10:34 AM,HUNT CLUB RD @ MAC ST (0006898),6898,02 - Intersection related,03 - P.D. only,03 - Rear end,01 - Clear,01 - Daylight,01 - Dry,02 - Stop sign,01 - Functioning,2,0,0,0,,0,,,,,371197.0724,5023807.289,45.35106778,-75.65262285,13727
16--9760,2016/09/18,Unknown,BARRETTE ST btwn ST. CHARLES ST & MARIER AVE (__3ZA8YI),__3ZA8YI,01 - Non intersection,03 - P.D. only,06 - SMV unattended vehicle,02 - Rain,00 - Unknown,02 - Wet,10 - No control,,1,0,0,0,,0,,,,,369548.6508,5033807.664,45.44120189,-75.67234565,13728
16--9761,2016/09/18,12:06 PM,THOMAS A. DOLAN PKWY btwn CONSTANCE CREEK DR & GREENLAND RD (__3ZAZJQ),__3ZAZJQ,01 - Non intersection,03 - P.D. only,07 - SMV other,01 - Clear,01 - Daylight,01 - Dry,10 - No control,,1,0,0,0,,0,,,,,344162.9456,5033042.8,45.43620982,-75.9968848,13729
16--9762,2016/09/18,12:23 AM,BANK ST btwn THORNTON AVE & CLAREY AVE (__3ZA3OR),__3ZA3OR,01 - Non intersection,02 - Non-fatal injury,99 - Other,02 - Rain,07 - Dark,02 - Wet,10 - No control,,2,0,0,1,03 - Major,1,,,1,,368434.1299,5029313.316,45.40086565,-75.68717113,13730
16--9763,2016/09/18,12:28 PM,LEWIS ST @ METCALFE ST (0007288),7288,03 - At intersection,03 - P.D. only,04 - Sideswipe,01 - Clear,01 - Daylight,01 - Dry,02 - Stop sign,01 - Functioning,2,0,0,0,,0,,,,,368120.4926,5030922.917,45.41537676,-75.69097023,13731
16--9764,2016/09/18,12:33 PM,TERRY FOX DR btwn FLAMBOROUGH WAY/INNOVATION DR & STATEWOOD DR (__8IAYKC),__8IAYKC,01 - Non intersection,02 - Non-fatal injury,04 - Sideswipe,01 - Clear,01 - Daylight,01 - Dry,10 - No control,,2,1,0,0,02 - Minor,1,,1,,,349217.442,5022799.407,45.34373523,-75.93320606,13732
16--9765,2016/09/18,2:02 PM,NICHOLAS ST/NICHOLAS ST SB @ SB RAMP FROM WALL (0008232),8232,02 - Intersection related,03 - P.D. only,03 - Rear end,01 - Clear,01 - Daylight,01 - Dry,01 - Traffic signal,01 - Functioning,2,0,0,0,,0,,,,,368322.0884,5031893.868,45.42409478,-75.68826957,13733
16--9766,2016/09/18,2:09 PM,COOKS MILL CRES btwn BOOTHFIELD ST & WATCHHORN GROVE N (__78TO3K),__78TO3K,01 - Non intersection,03 - P.D. only,99 - Other,01 - Clear,01 - Daylight,01 - Dry,10 - No control,,2,0,0,0,,0,,,,,370119.002,5016662.676,45.28688345,-75.66732218,13734
16--9767,2016/09/18,2:32 PM,HIGHWAY 417 btwn HWY417 IC130 RAMP35 & HWY417 IC130 RAMP25 (__3ZA298),__3ZA298,01 - Non intersection,03 - P.D. only,03 - Rear end,01 - Clear,01 - Daylight,01 - Dry,10 - No control,,3,0,0,0,,0,,,,,359229.4092,5023068.805,45.34545387,-75.80542612,13735
16--9768,2016/09/18,3:02 PM,COBOURG ST @ RIDEAU ST (0008860),8860,02 - Intersection related,03 - P.D. only,04 - Sideswipe,01 - Clear,01 - Daylight,01 - Dry,01 - Traffic signal,01 - Functioning,2,0,0,0,,0,,,,,369127.6085,5032787.356,45.43206043,-75.67786042,13736
16--9769,2016/09/18,3:20 PM,ST. PATRICK ST EB btwn BEAUSOLEIL DR & COBOURG ST (__3ZA4SY),__3ZA4SY,01 - Non intersection,03 - P.D. only,04 - Sideswipe,01 - Clear,01 - Daylight,01 - Dry,10 - No control,,2,0,0,0,,0,,,,,368763.384,5033234.261,45.43611492,-75.68245685,13737
16--977,2016/01/21,10:45 PM,BRONSON AVE @ SUNNYSIDE AVE/UNIVERSITY RD - CA (0007209),7209,02 - Intersection related,03 - P.D. only,03 - Rear end,01 - Clear,07 - Dark,03 - Loose snow,01 - Traffic signal,01 - Functioning,2,0,0,0,,0,,,,,367921.6124,5028092.206,45.38992485,-75.69387335,13738
16--9770,2016/09/18,4:40 PM,RIDEAU ST @ WALLER ST (0011913),11913,02 - Intersection related,02 - Non-fatal injury,07 - SMV other,01 - Clear,01 - Daylight,01 - Dry,01 - Traffic signal,01 - Functioning,1,0,0,1,01 - Minimal,1,1,,,,368281.9197,5032274.17,45.42752025,-75.68873381,13739
16--9771,2016/09/18,5:04 PM,FERNBANK RD @ FERNBANK RD (0010199),10199,03 - At intersection,02 - Non-fatal injury,02 - Angle,01 - Clear,01 - Daylight,01 - Dry,01 - Traffic signal,01 - Functioning,2,0,0,0,01 - Minimal,2,2,,,,353438.3059,5014345.661,45.26738664,-75.88017783,13740
16--9772,2016/09/18,5:30 PM,JEANNE D'ARC BLVD @ GREY NUNS DR/YOUVILLE DR (0003147),3147,02 - Intersection related,03 - P.D. only,03 - Rear end,01 - Clear,01 - Daylight,01 - Dry,01 - Traffic signal,01 - Functioning,2,0,0,0,,0,,,,,379671.278,5036700.315,45.46621702,-75.54252903,13741
16--9773,2016/09/18,7:10 AM,HIGHWAY 417 btwn HWY 417 ANDERSON IC104R61 & HWY 417 BOUNDARY IC96R16 (__3ZA2W5),__3ZA2W5,01 - Non intersection,02 - Non-fatal injury,03 - Rear end,01 - Clear,01 - Daylight,01 - Dry,10 - No control,,6,0,0,0,02 - Minor,1,,1,,,385019.1305,5024967.322,45.36006006,-75.4760597,13742
16--9774,2016/09/18,7:15 PM,DONNELLY DR btwn HARNETT RD & MALAKOFF RD (__3ZA4KC),__3ZA4KC,01 - Non intersection,03 - P.D. only,07 - SMV other,01 - Clear,05 - Dusk,01 - Dry,10 - No control,,1,0,0,0,,0,,,,,366856.5772,4988747.458,45.03599472,-75.71237577,13743
16--9775,2016/09/18,9:36 AM,BASELINE RD btwn CORNELL ST & GREENBANK RD (__3ZA4MK),__3ZA4MK,01 - Non intersection,03 - P.D. only,04 - Sideswipe,02 - Rain,01 - Daylight,02 - Wet,10 - No control,,2,0,0,0,,0,,,,,360592.1958,5022581.646,45.34096335,-75.78809187,13744
16--9776,2016/09/18,9:37 PM,HOLLY ACRES RD @ TRANSITWAY - BAYSHORE/278 N O (0009787),9787,02 - Intersection related,03 - P.D. only,03 - Rear end,01 - Clear,07 - Dark,01 - Dry,01 - Traffic signal,01 - Functioning,2,0,0,0,,0,,,,,358495.8469,5022986.042,45.34476571,-75.81479541,13745
16--9777,2016/09/19,1:23 PM,BANK ST @ WALKLEY RD (0011423),11423,02 - Intersection related,03 - P.D. only,03 - Rear end,01 - Clear,01 - Daylight,01 - Dry,01 - Traffic signal,01 - Functioning,2,0,0,0,,0,,,,,370336.7811,5025948.003,45.3704102,-75.66331707,13746
16--9778,2016/09/19,1:30 PM,CAHILL DR @ CUTTS PRIV (0007082),7082,02 - Intersection related,03 - P.D. only,05 - Turning movement,01 - Clear,01 - Daylight,01 - Dry,10 - No control,,2,0,0,0,,0,,,,,372000.1188,5024835.365,45.36024156,-75.64223556,13747
16--9779,2016/09/19,1:43 PM,BASELINE RD @ MERIVALE RD (0002342),2342,02 - Intersection related,02 - Non-fatal injury,03 - Rear end,01 - Clear,01 - Daylight,01 - Dry,01 - Traffic signal,01 - Functioning,2,0,0,0,02 - Minor,2,1,1,,,365053.8682,5025324.273,45.3652721,-75.73083168,13748
16--978,2016/01/21,11:00 PM,HIGHWAY 417 btwn HWY417 IC124 RAMP57 & HWY417 IC124 RAMP55 (__3ZA2Y1),__3ZA2Y1,01 - Non intersection,03 - P.D. only,07 - SMV other,01 - Clear,07 - Dark,01 - Dry,10 - No control,,1,0,0,0,,0,,,,,364135.7297,5027116.344,45.3814752,-75.74233581,13749
16--9780,2016/09/19,10:29 PM,BRONSON AVE @ CARLING AVE/GLEBE AVE (0002134),2134,03 - At intersection,03 - P.D. only,02 - Angle,01 - Clear,07 - Dark,01 - Dry,01 - Traffic signal,01 - Functioning,2,0,0,0,,0,,,,,367446.6093,5029335.342,45.40115289,-75.69978115,13750
16--9781,2016/09/19,10:30 PM,BORRISOKANE RD/TARTAN DR @ STRANDHERD DR (0010634),10634,02 - Intersection related,02 - Non-fatal injury,03 - Rear end,01 - Clear,07 - Dark,01 - Dry,01 - Traffic signal,01 - Functioning,2,0,0,0,02 - Minor,1,,1,,,362291.2122,5013545.408,45.25951798,-75.76746199,13751
16--9782,2016/09/19,10:37 PM,INNES RD btwn HWY417 IC112 RAMP66 & 215 W OF CYRVILLE RD/HOME DEPOT W (__3ZA3RCA),__3ZA3RCA,01 - Non intersection,03 - P.D. only,04 - Sideswipe,01 - Clear,07 - Dark,01 - Dry,10 - No control,,2,0,0,0,,0,,,,,374830.1671,5030986.427,45.41530886,-75.60524342,13752
16--9783,2016/09/19,10:50 AM,RICHMOND RD @ HOLLY ACRES RD/NANAIMO DR (0001068),1068,02 - Intersection related,03 - P.D. only,04 - Sideswipe,01 - Clear,01 - Daylight,01 - Dry,01 - Traffic signal,01 - Functioning,2,0,0,0,,0,,,,,359058.6079,5022748.984,45.34258935,-75.80764063,13753
16--9784,2016/09/19,11:01 AM,DOMALATCHY PL @ WOODROFFE AVE (0005078),5078,02 - Intersection related,03 - P.D. only,02 - Angle,01 - Clear,01 - Daylight,01 - Dry,02 - Stop sign,01 - Functioning,2,0,0,0,,0,,,,,362403.9144,5024138.413,45.35482461,-75.76479491,13754
16--9785,2016/09/19,11:10 PM,GREENBANK RD btwn WEST HUNT CLUB RD & FALLOWFIELD RD (__3ZA1NE),__3ZA1NE,01 - Non intersection,02 - Non-fatal injury,07 - SMV other,01 - Clear,07 - Dark,01 - Dry,10 - No control,,1,0,0,0,02 - Minor,1,,1,,,362250.9952,5018663.445,45.30557358,-75.76738188,13755
16--9786,2016/09/19,11:54 AM,ST. LAURENT BLVD btwn GUY ST & MUTUAL ST (__3ZA3KF),__3ZA3KF,01 - Non intersection,03 - P.D. only,03 - Rear end,01 - Clear,01 - Daylight,01 - Dry,10 - No control,,3,0,0,0,,0,,,,,371873.5175,5033006.816,45.43377706,-75.64274028,13756
16--9787,2016/09/19,Unknown,ARGYLE AVE btwn BANK ST & O'CONNOR ST (__3ZA8F6),__3ZA8F6,01 - Non intersection,03 - P.D. only,06 - SMV unattended vehicle,01 - Clear,00 - Unknown,01 - Dry,10 - No control,,1,0,0,0,,0,,,,,368119.9468,5030447.154,45.41109605,-75.69103833,13757
16--9788,2016/09/19,Unknown,RIDEAU RIVER DR btwn BRIGHTON AVE & SUNNYSIDE AVE (__3ZA9LH),__3ZA9LH,01 - Non intersection,03 - P.D. only,06 - SMV unattended vehicle,01 - Clear,00 - Unknown,01 - Dry,10 - No control,,1,0,0,0,,0,,,,,369468.6334,5028955.353,45.39755002,-75.67400523,13758
16--9789,2016/09/19,12:01 PM,GILMOUR ST @ O'CONNOR ST (0007286),7286,03 - At intersection,03 - P.D. only,05 - Turning movement,01 - Clear,01 - Daylight,01 - Dry,01 - Traffic signal,01 - Functioning,2,0,0,0,,0,,,,,367943.4919,5030868.79,45.41490574,-75.69323843,13759
16--979,2016/01/21,11:24 AM,RALSTON ST @ RANDALL AVE (0008046),8046,03 - At intersection,02 - Non-fatal injury,07 - SMV other,01 - Clear,01 - Daylight,02 - Wet,02 - Stop sign,01 - Functioning,1,0,0,1,02 - Minor,1,,1,,,370105.72,5027329.804,45.38286476,-75.66608389,13760
16--9790,2016/09/19,12:52 PM,BAY ST @ GILMOUR ST (0007322),7322,03 - At intersection,03 - P.D. only,02 - Angle,01 - Clear,01 - Daylight,01 - Dry,02 - Stop sign,01 - Functioning,2,1,0,0,,0,,,,,367332.6175,5030502.223,45.41166234,-75.7010891,13761
16--9791,2016/09/19,3:10 PM,BERTONA ST @ CRAIG HENRY DR (0005319),5319,03 - At intersection,03 - P.D. only,05 - Turning movement,01 - Clear,01 - Daylight,01 - Dry,02 - Stop sign,01 - Functioning,2,0,0,0,,0,,,,,362580.4679,5021848.27,45.33420353,-75.76280923,13762
16--9792,2016/09/19,3:23 PM,MONTREAL RD btwn SAVARD AVE & EMOND ST (__3ZA3LR),__3ZA3LR,01 - Non intersection,03 - P.D. only,03 - Rear end,01 - Clear,01 - Daylight,01 - Dry,10 - No control,,2,0,0,0,,0,,,,,370180.2669,5033125.99,45.4350097,-75.66436337,13763
16--9793,2016/09/19,3:30 PM,ARGYLE AVE E @ METCALFE ST (0007280),7280,02 - Intersection related,03 - P.D. only,04 - Sideswipe,01 - Clear,01 - Daylight,01 - Dry,10 - No control,,2,0,0,0,,0,,,,,368442.4845,5030641.635,45.41281667,-75.68689296,13764
16--9544,2016/09/12,6:01 AM,IRVING AVE @ WELLINGTON ST (0006478),6478,03 - At intersection,02 - Non-fatal injury,05 - Turning movement,01 - Clear,03 - Dawn,01 - Dry,02 - Stop sign,01 - Functioning,2,1,0,0,02 - Minor,1,,1,,,365625.9141,5029803.348,45.40552446,-75.72297796,13765
16--9272,2016/09/04,2:01 PM,MOODIE DR @ ROBERTSON RD (0010545),10545,02 - Intersection related,03 - P.D. only,03 - Rear end,01 - Clear,01 - Daylight,01 - Dry,01 - Traffic signal,01 - Functioning,2,0,0,0,,0,,,,,357067.1113,5020454.33,45.32209306,-75.83329339,13766
16--9273,2016/09/04,2:15 AM,OWLSHEAD RD btwn CADE CRT & COOLBROOK CRES (__3ZACS7),__3ZACS7,01 - Non intersection,03 - P.D. only,07 - SMV other,01 - Clear,07 - Dark,01 - Dry,10 - No control,,1,0,0,0,,0,,,,,348421.4638,5003131.978,45.16680983,-75.94508908,13767
16--9631,2016/09/15,10:34 AM,HIGHWAY 417 btwn HWY417 IC122 RAMP16 & HWY417 IC122 RAMP61 (__3ZA2RA),__3ZA2RA,01 - Non intersection,02 - Non-fatal injury,03 - Rear end,01 - Clear,01 - Daylight,01 - Dry,10 - No control,,3,0,0,0,02 - Minor,1,,1,,,365326.7403,5028894.795,45.39737544,-75.72691092,13768
16--9545,2016/09/12,6:07 PM,MEADOWLANDS DR @ MERIVALE RD (0000625),625,02 - Intersection related,03 - P.D. only,03 - Rear end,01 - Clear,01 - Daylight,01 - Dry,01 - Traffic signal,01 - Functioning,2,0,0,0,,0,,,,,364859.2354,5023724.707,45.35089614,-75.73351039,13769
16--9274,2016/09/04,2:18 PM,BELFAST RD @ ST. LAURENT BLVD (0007658),7658,02 - Intersection related,03 - P.D. only,03 - Rear end,01 - Clear,01 - Daylight,01 - Dry,01 - Traffic signal,01 - Functioning,2,0,0,0,,0,,,,,372859.8959,5030577.32,45.41182232,-75.63047058,13770
16--9632,2016/09/15,11:09 AM,JASPER AVE @ WALKLEY RD (0011425),11425,02 - Intersection related,02 - Non-fatal injury,03 - Rear end,01 - Clear,01 - Daylight,01 - Dry,02 - Stop sign,00 - Unknown,3,0,0,0,01 - Minimal,1,1,,,,370850.7242,5026248.717,45.37306767,-75.65671626,13771
16--9546,2016/09/12,6:14 PM,CAMPEAU DR @ HUNTMAR DR (0011612),11612,03 - At intersection,03 - P.D. only,02 - Angle,01 - Clear,01 - Daylight,01 - Dry,11 - Roundabout,01 - Functioning,2,0,0,0,,0,,,,,349053.6082,5018056.464,45.30106727,-75.93572042,13772
16--9275,2016/09/04,2:52 PM,HIGHWAY 416 btwn HWY416 IC66 RAMP24 & HWY416 IC57 RAMP62 (__3ZA1OI),__3ZA1OI,01 - Non intersection,03 - P.D. only,07 - SMV other,01 - Clear,01 - Daylight,01 - Dry,10 - No control,,1,0,0,0,,0,,,,,360962.4261,5012995.988,45.25468157,-75.78445379,13773
16--9633,2016/09/15,11:40 AM,BANTON ST @ WALKLEY RD (0006399),6399,02 - Intersection related,03 - P.D. only,04 - Sideswipe,01 - Clear,01 - Daylight,01 - Dry,01 - Traffic signal,01 - Functioning,2,0,0,0,,0,,,,,374247.7367,5028248.827,45.39073533,-75.61306961,13774
16--9547,2016/09/12,6:54 PM,HOPEWELL AVE @ SENECA ST (0007105),7105,03 - At intersection,03 - P.D. only,02 - Angle,01 - Clear,01 - Daylight,01 - Dry,02 - Stop sign,01 - Functioning,2,0,0,0,,0,,,,,368264.1623,5028203.665,45.39089677,-75.68948474,13775
16--9276,2016/09/04,3:25 AM,MONTREAL RD @ VANIER PKWY (0004630),4630,02 - Intersection related,03 - P.D. only,03 - Rear end,01 - Clear,07 - Dark,01 - Dry,01 - Traffic signal,01 - Functioning,2,0,0,0,,0,,,,,370072.0512,5033065.373,45.4344744,-75.66575438,13776
16--9634,2016/09/15,11:44 PM,ROBERTSON RD btwn HAANEL DR & MILL HILL RD (__3ZA41V),__3ZA41V,01 - Non intersection,03 - P.D. only,07 - SMV other,01 - Clear,07 - Dark,01 - Dry,10 - No control,,1,0,0,0,,0,,,,,356174.7616,5019922.57,45.31737408,-75.84473039,13777
16--9548,2016/09/12,6:57 PM,TERRY FOX DR @ PALLADIUM DR/KATIMAVIK RD (0011858),11858,02 - Intersection related,02 - Non-fatal injury,03 - Rear end,01 - Clear,01 - Daylight,01 - Dry,01 - Traffic signal,01 - Functioning,2,0,0,0,01 - Minimal,1,1,,,,351269.1825,5018182.043,45.3020542,-75.90745925,13778
16--9549,2016/09/12,7:26 AM,HERITAGE GLEN DR @ WOODROFFE AVE (0005312),5312,02 - Intersection related,02 - Non-fatal injury,03 - Rear end,01 - Clear,01 - Daylight,01 - Dry,02 - Stop sign,00 - Unknown,3,0,0,0,01 - Minimal,2,2,,,,366010.9949,5015621.076,45.27788096,-75.71981394,13779
16--955,2016/01/20,7:49 AM,AVIATION PKWY @ MONTREAL RD (0008799),8799,02 - Intersection related,03 - P.D. only,03 - Rear end,03 - Snow,03 - Dawn,04 - Slush,01 - Traffic signal,01 - Functioning,2,0,0,0,,0,,,,,372142.9281,5034110.516,45.44368172,-75.63914636,13780