Anom_ID,Accident_Date,Accident_Time,Location,Geo_ID,Accident_Location,Classification_of_Accident,Initial_Impact_Type,Environment_Condition,Light,Road_Surface_Condition,Traffic_Control,Traffic_Control_Condition,No__of_Vehicles,No__of_Bicycles,No__of_Motorcycles,No__of_Pedestrians,Max_Injury,No__of_Injuries,No__of_Minimal,No__of_Minor,No__of_Major,No__of_Fatal,X,Y,Latitude,Longitude,ObjectId
16--9550,2016/09/12,7:29 AM,REGIONAL ROAD 174 btwn QUIGLEY HILL RD & REGIONAL ROAD 174 DIVIDED (__3ZA2Y5),__3ZA2Y5,01 - Non intersection,02 - Non-fatal injury,03 - Rear end,01 - Clear,01 - Daylight,01 - Dry,10 - No control,,3,0,0,0,03 - Major,2,,1,1,,386417.3008,5042162.045,45.51460031,-75.45536509,13781
16--9551,2016/09/12,7:36 AM,CALDWELL AVE btwn MEDFORD ST & MERIVALE RD (__3ZBOJ1),__3ZBOJ1,01 - Non intersection,03 - P.D. only,06 - SMV unattended vehicle,01 - Clear,01 - Daylight,01 - Dry,10 - No control,,1,0,0,0,,0,,,,,364702.6792,5026135.631,45.37260267,-75.73521599,13782
16--9552,2016/09/12,7:36 PM,BRONSON AVE @ POWELL AVE (0007212),7212,03 - At intersection,03 - P.D. only,05 - Turning movement,01 - Clear,05 - Dusk,01 - Dry,01 - Traffic signal,01 - Functioning,2,0,0,0,,0,,,,,367387.2203,5029476.994,45.40243275,-75.70052171,13783
16--9553,2016/09/12,7:40 AM,CARLING AVE btwn ULLSWATER DR & SUNNY BRAE AVE (__3ZA4ZB),__3ZA4ZB,01 - Non intersection,02 - Non-fatal injury,03 - Rear end,01 - Clear,01 - Daylight,01 - Dry,10 - No control,,2,0,0,0,01 - Minimal,1,1,,,,356722.4163,5023824.721,45.35244572,-75.83733629,13784
16--9554,2016/09/12,7:45 AM,WOODROFFE AVE btwn NAVAHO DR & Continuation of WOODROFFE AVE (__3ZBOCC),__3ZBOCC,01 - Non intersection,03 - P.D. only,04 - Sideswipe,01 - Clear,01 - Daylight,01 - Dry,10 - No control,,2,0,0,0,,0,,,,,362720.7315,5023471.725,45.34879971,-75.76082977,13785
16--9555,2016/09/12,7:50 AM,BLACKBURN BYPASS @ INNES RD E (0009245),9245,02 - Intersection related,03 - P.D. only,03 - Rear end,01 - Clear,01 - Daylight,01 - Dry,01 - Traffic signal,01 - Functioning,2,0,0,0,,0,,,,,379788.9087,5033782.464,45.43995178,-75.54146981,13786
16--9556,2016/09/12,7:59 AM,DUNROBIN RD btwn GALETTA SIDE RD & BAIRD'S GRANT LANE (__3ZAZ5E),__3ZAZ5E,01 - Non intersection,03 - P.D. only,07 - SMV other,01 - Clear,01 - Daylight,01 - Dry,10 - No control,,1,0,0,0,,0,,,,,333790.445,5040230.134,45.50139057,-76.12903301,13787
16--9557,2016/09/12,8:03 PM,OR174 IC101 RAMP36 btwn TENTH LINE RD & REGIONAL ROAD 174 (__3ZAY72),__3ZAY72,01 - Non intersection,03 - P.D. only,03 - Rear end,01 - Clear,07 - Dark,01 - Dry,10 - No control,,2,0,0,0,,0,,,,,382639.6812,5039181.011,45.48821164,-75.50418098,13788
16--9558,2016/09/12,8:08 PM,MITCH OWENS RD btwn OLD PRESCOTT RD & TURN LANE (__3ZA2CQ),__3ZA2CQ,01 - Non intersection,03 - P.D. only,99 - Other,01 - Clear,07 - Dark,01 - Dry,10 - No control,,2,0,0,0,,0,,,,,377114.3136,5015564.732,45.27631968,-75.5783179,13789
16--9559,2016/09/12,8:30 AM,HIGHWAY 417 btwn HWY417 IC122 RAMP61 & HWY417 IC121B RAMP16 (__3ZA2Y4),__3ZA2Y4,01 - Non intersection,03 - P.D. only,03 - Rear end,01 - Clear,01 - Daylight,01 - Dry,10 - No control,,4,0,0,0,,0,,,,,365815.3137,5029211.608,45.40018364,-75.72063191,13790
16--956,2016/01/20,7:50 AM,KAKULU RD @ PICKFORD DR E (0003435),3435,03 - At intersection,03 - P.D. only,02 - Angle,01 - Clear,03 - Dawn,02 - Wet,02 - Stop sign,01 - Functioning,2,0,0,0,,0,,,,,353239.9622,5019049.127,45.30972328,-75.88224602,13791
16--9560,2016/09/12,8:32 AM,HIGHWAY 417 btwn HWY417 IC122 RAMP61 & HWY417 IC121B RAMP16 (__3ZA2Y4),__3ZA2Y4,01 - Non intersection,02 - Non-fatal injury,04 - Sideswipe,01 - Clear,01 - Daylight,01 - Dry,10 - No control,,4,0,0,0,02 - Minor,1,,1,,,365811.4147,5029207.059,45.40014305,-75.72068228,13792
16--9561,2016/09/12,8:48 AM,ST. JOSEPH BLVD/OLD MONTREAL RD @ TRIM RD (0004118),4118,03 - At intersection,03 - P.D. only,02 - Angle,01 - Clear,01 - Daylight,01 - Dry,11 - Roundabout,01 - Functioning,2,0,0,0,,0,,,,,384681.9551,5039285.316,45.48891933,-75.47804091,13793
16--9562,2016/09/12,8:59 AM,REGIONAL ROAD 174 btwn Continuation of REGIONAL ROAD 174 & OR174 IC112 (__3ZA2YI),__3ZA2YI,01 - Non intersection,03 - P.D. only,03 - Rear end,01 - Clear,01 - Daylight,01 - Dry,10 - No control,,3,0,0,0,,0,,,,,374507.7487,5032626.232,45.43009514,-75.60913034,13794
16--9563,2016/09/13,1:48 AM,HWY417 HUNT CLUB IC109 RAMP26 btwn HIGHWAY 417 WB & HUNT CLUB RD EB (e___1GZL),e___1GZL,01 - Non intersection,02 - Non-fatal injury,07 - SMV other,01 - Clear,07 - Dark,01 - Dry,10 - No control,,1,0,0,0,02 - Minor,1,,1,,,376595.354,5027650.994,45.38511962,-75.5831785,13795
16--9564,2016/09/13,1:52 PM,KANATA AVE @ LORD BYNG WAY/MARITIME WAY (0009115),9115,02 - Intersection related,03 - P.D. only,07 - SMV other,01 - Clear,01 - Daylight,01 - Dry,01 - Traffic signal,01 - Functioning,1,0,0,0,,0,,,,,351429.7191,5019331.772,45.31238911,-75.90530415,13796
16--9565,2016/09/13,10:12 PM,AIRPORT PKWY btwn BROOKFIELD RAMP 34 & BRONSON AVE RAMP 24C (__3ZA229),__3ZA229,01 - Non intersection,02 - Non-fatal injury,07 - SMV other,01 - Clear,07 - Dark,01 - Dry,10 - No control,,1,0,1,0,02 - Minor,1,,1,,,368732.5656,5026606.854,45.37648653,-75.68371007,13797
16--9566,2016/09/13,10:39 PM,SOUTHGATE RD btwn JOHNSTON RD & FERNWOOD DR (__3ZA9FR),__3ZA9FR,01 - Non intersection,03 - P.D. only,06 - SMV unattended vehicle,01 - Clear,07 - Dark,01 - Dry,10 - No control,,1,0,0,0,,0,,,,,371025.8733,5024934.499,45.36122625,-75.65465649,13798
16--9567,2016/09/13,12:10 PM,LEWIS ST btwn JACK PURCELL LANE & ELGIN ST (__3ZA1E0),__3ZA1E0,01 - Non intersection,03 - P.D. only,06 - SMV unattended vehicle,01 - Clear,01 - Daylight,01 - Dry,10 - No control,,1,0,0,0,,0,,,,,368243.7175,5030996.339,45.41602623,-75.68938653,13799
16--9568,2016/09/13,12:11 PM,CHAMPAGNE AVE   S btwn YOUNG ST & BEECH ST (__3ZBONO),__3ZBONO,01 - Non intersection,03 - P.D. only,99 - Other,01 - Clear,01 - Daylight,01 - Dry,10 - No control,,2,0,0,0,,0,,,,,366452.5119,5029210.138,45.40011459,-75.71249373,13800
16--9569,2016/09/13,12:46 PM,BANK ST @ HERON RD (0002155),2155,02 - Intersection related,03 - P.D. only,03 - Rear end,01 - Clear,01 - Daylight,01 - Dry,01 - Traffic signal,01 - Functioning,2,0,0,0,,0,,,,,369997.3763,5026852.784,45.37858279,-75.66753022,13801
16--957,2016/01/20,8:00 AM,LEITRIM RD btwn RIVER RD & LIMEBANK RD (__3ZA38L),__3ZA38L,01 - Non intersection,03 - P.D. only,07 - SMV other,01 - Clear,01 - Daylight,06 - Ice,10 - No control,,1,0,0,0,,0,,,,,368042.0962,5017184.923,45.29177251,-75.69372904,13802
16--9570,2016/09/13,12:47 PM,RIDEAU ST btwn KING EDWARD AVE & NELSON ST (__3ZA3VG),__3ZA3VG,04 - At/near private drive,02 - Non-fatal injury,05 - Turning movement,01 - Clear,01 - Daylight,01 - Dry,10 - No control,,2,1,0,0,02 - Minor,1,,1,,,368587.5303,5032461.029,45.42917373,-75.68480446,13803
16--9571,2016/09/13,12:57 PM,AMIENS ST @ TENTH LINE RD (0004168),4168,02 - Intersection related,03 - P.D. only,04 - Sideswipe,01 - Clear,01 - Daylight,01 - Dry,01 - Traffic signal,01 - Functioning,2,0,0,0,,0,,,,,383352.9474,5037568.444,45.47362334,-75.49531534,13804
16--9572,2016/09/13,2:00 PM,CHARLEMAGNE BLVD btwn ORCHARDVIEW AVE & VALIN ST (__3ZA5SP),__3ZA5SP,01 - Non intersection,03 - P.D. only,07 - SMV other,01 - Clear,01 - Daylight,01 - Dry,10 - No control,,1,0,0,0,,0,,,,,384701.089,5037545.903,45.47326759,-75.47807914,13805
16--9573,2016/09/13,2:28 PM,BANK ST @ RIVERSIDE DR N (0010778),10778,03 - At intersection,02 - Non-fatal injury,07 - SMV other,01 - Clear,01 - Daylight,01 - Dry,01 - Traffic signal,01 - Functioning,1,0,0,1,02 - Minor,1,,1,,,369226.7808,5027983.905,45.38883155,-75.67722088,13806
16--9574,2016/09/13,3:17 AM,BANK ST btwn ORVILLE KEMP ST & LEITRIM RD (__3ZA28B),__3ZA28B,01 - Non intersection,03 - P.D. only,07 - SMV other,01 - Clear,07 - Dark,01 - Dry,10 - No control,,1,0,0,0,,0,,,,,375278.2811,5021814.009,45.33273483,-75.6008276,13807
16--9575,2016/09/13,3:35 PM,BANK ST btwn ALTA VISTA DR & WALKLEY RD (__3ZA4TX),__3ZA4TX,01 - Non intersection,02 - Non-fatal injury,07 - SMV other,01 - Clear,01 - Daylight,01 - Dry,10 - No control,,1,0,0,1,02 - Minor,1,,1,,,370309.5315,5026030.062,45.37115108,-75.66365403,13808
16--9576,2016/09/13,4:15 PM,LAURIER AVE   W btwn METCALFE ST & ELGIN ST (__3ZA35P),__3ZA35P,04 - At/near private drive,02 - Non-fatal injury,05 - Turning movement,01 - Clear,01 - Daylight,01 - Dry,10 - No control,,2,1,0,0,02 - Minor,1,,1,,,367889.5104,5031511.766,45.4206959,-75.69384575,13809
16--9577,2016/09/13,4:29 PM,8TH LINE RD btwn WALKER RD & SPRINGHILL RD (__3ZAZGC),__3ZAZGC,04 - At/near private drive,02 - Non-fatal injury,05 - Turning movement,01 - Clear,01 - Daylight,01 - Dry,10 - No control,,2,0,1,0,02 - Minor,1,,1,,,386451.5076,5008544.113,45.21213039,-75.46048203,13810
16--9578,2016/09/13,4:30 PM,PRINCE OF WALES DR @ FALLOWFIELD RD (0000566),566,02 - Intersection related,03 - P.D. only,03 - Rear end,01 - Clear,01 - Daylight,01 - Dry,01 - Traffic signal,00 - Unknown,2,0,0,0,,0,,,,,367400.2455,5019166.738,45.3096621,-75.70166094,13811
16--9579,2016/09/13,4:35 PM,BOOTH ST btwn PRIMROSE AVE & ELM ST (__3ZA33J),__3ZA33J,01 - Non intersection,02 - Non-fatal injury,04 - Sideswipe,01 - Clear,01 - Daylight,01 - Dry,10 - No control,,2,1,0,0,02 - Minor,1,,1,,,366520.1271,5030419.365,45.41098893,-75.71147878,13812
16--958,2016/01/20,8:09 AM,MAIN ST btwn TURN LANE & CENTENNIAL BLVD (__3ZBOEC),__3ZBOEC,01 - Non intersection,03 - P.D. only,04 - Sideswipe,01 - Clear,01 - Daylight,02 - Wet,10 - No control,,2,0,0,0,,0,,,,,369472.923,5029437.793,45.40189046,-75.67388719,13813
16--9580,2016/09/13,4:59 PM,SLATER ST btwn METCALFE ST & ELGIN ST (__3ZA35Y),__3ZA35Y,01 - Non intersection,03 - P.D. only,04 - Sideswipe,01 - Clear,01 - Daylight,01 - Dry,10 - No control,,2,0,0,0,,0,,,,,367865.8998,5031630.11,45.42176285,-75.69413226,13814
16--9581,2016/09/13,5:17 PM,RICHMOND RD @ HOLLY ACRES RD/NANAIMO DR (0001068),1068,02 - Intersection related,03 - P.D. only,03 - Rear end,01 - Clear,01 - Daylight,01 - Dry,01 - Traffic signal,01 - Functioning,2,0,0,0,,0,,,,,359058.1361,5022749.299,45.34259222,-75.80764662,13815
16--9582,2016/09/13,5:23 PM,RUSSELL RD S @ ST. LAURENT BLVD (0007734),7734,03 - At intersection,02 - Non-fatal injury,05 - Turning movement,01 - Clear,01 - Daylight,01 - Dry,01 - Traffic signal,01 - Functioning,2,0,0,0,02 - Minor,3,,3,,,373569.0933,5029260.371,45.3999037,-75.62159466,13816
16--9583,2016/09/13,5:23 PM,WELLINGTON ST    W btwn CAROLINE AVE & HARMER AVE N (__3ZA4QK),__3ZA4QK,01 - Non intersection,03 - P.D. only,04 - Sideswipe,01 - Clear,01 - Daylight,01 - Dry,10 - No control,,2,0,0,0,,0,,,,,364761.9874,5029093.534,45.39921225,-75.73409952,13817
16--9584,2016/09/13,5:28 PM,STRANDHERD DR @ WOODROFFE AVE (0009688),9688,03 - At intersection,03 - P.D. only,02 - Angle,01 - Clear,01 - Daylight,01 - Dry,01 - Traffic signal,01 - Functioning,2,0,0,0,,0,,,,,366105.0563,5015394.49,45.27583396,-75.71864314,13818
16--9585,2016/09/13,6:00 PM,CONLEY RD btwn COPELAND RD & FRANKTOWN RD (__3ZACHA),__3ZACHA,01 - Non intersection,03 - P.D. only,99 - Other,01 - Clear,01 - Daylight,01 - Dry,10 - No control,,2,0,0,0,,0,,,,,352991.7861,5002845.465,45.16393438,-75.88698061,13819
16--9586,2016/09/13,6:18 PM,INDUSTRIAL AVE/INNES RD @ ST. LAURENT BLVD (0002203),2203,02 - Intersection related,03 - P.D. only,04 - Sideswipe,01 - Clear,01 - Daylight,01 - Dry,01 - Traffic signal,01 - Functioning,2,0,0,0,,0,,,,,373099.2883,5030006.445,45.40666253,-75.62749156,13820
16--9587,2016/09/13,7:15 AM,EARL MULLIGAN DR @ WOODROFFE AVE (0000591),591,02 - Intersection related,03 - P.D. only,03 - Rear end,01 - Clear,01 - Daylight,01 - Dry,01 - Traffic signal,01 - Functioning,2,0,0,0,,0,,,,,365250.7012,5017504.39,45.29489272,-75.72927418,13821
16--9588,2016/09/13,8:20 AM,FOREST VALLEY DR btwn DES RAVINS PL & DES RAVINS PL (__3ZA62R),__3ZA62R,01 - Non intersection,03 - P.D. only,02 - Angle,01 - Clear,01 - Daylight,01 - Dry,10 - No control,,2,0,0,0,,0,,,,,380010.5538,5035104.955,45.45182675,-75.53843493,13822
16--9589,2016/09/13,8:24 AM,BANK ST @ WALKLEY RD (0011423),11423,02 - Intersection related,03 - P.D. only,03 - Rear end,01 - Clear,01 - Daylight,01 - Dry,01 - Traffic signal,01 - Functioning,2,0,0,0,,0,,,,,370336.1957,5025948.977,45.37041902,-75.66332441,13823
16--959,2016/01/20,8:10 PM,INDUSTRIAL AVE @ TRAINYARDS DR (0011906),11906,02 - Intersection related,03 - P.D. only,03 - Rear end,01 - Clear,07 - Dark,02 - Wet,01 - Traffic signal,01 - Functioning,2,0,0,0,,0,,,,,371683.538,5030539.32,45.41159382,-75.64550312,13824
16--9590,2016/09/13,8:35 AM,LEITRIM RD S @ RAMSAYVILLE RD (0013708),13708,02 - Intersection related,03 - P.D. only,03 - Rear end,01 - Clear,01 - Daylight,01 - Dry,02 - Stop sign,01 - Functioning,2,0,0,0,,0,,,,,378785.7671,5023729.505,45.3496084,-75.55579808,13825
16--9591,2016/09/13,8:52 AM,CHARLEMAGNE BLVD @ GARDENWAY DR/BOTTRIELL WAY  (0003748),3748,03 - At intersection,03 - P.D. only,02 - Angle,01 - Clear,01 - Daylight,01 - Dry,01 - Traffic signal,01 - Functioning,2,0,0,0,,0,,,,,384049.6123,5037034.677,45.46874228,-75.48649255,13826
16--9592,2016/09/13,9:45 AM,PARKDALE AVE @ HWY 417 PARKDAL IC122R15/HWY 41 (0002363),2363,02 - Intersection related,03 - P.D. only,03 - Rear end,01 - Clear,01 - Daylight,01 - Dry,01 - Traffic signal,01 - Functioning,2,0,0,0,,0,,,,,365337.0398,5028844.718,45.39692397,-75.72678553,13827
16--9593,2016/09/14,1:06 PM,DEBRA AVE @ MEADOWLANDS DR (0008852),8852,03 - At intersection,03 - P.D. only,05 - Turning movement,01 - Clear,01 - Daylight,01 - Dry,01 - Traffic signal,01 - Functioning,2,0,0,0,,0,,,,,367214.0516,5025589.308,45.3674678,-75.7032251,13828
16--9594,2016/09/14,1:20 PM,CARLING AVE @ CROYDON AVE (0002642),2642,02 - Intersection related,03 - P.D. only,03 - Rear end,01 - Clear,01 - Daylight,01 - Dry,01 - Traffic signal,00 - Unknown,2,0,0,0,,0,,,,,360659.5088,5025041.275,45.36308966,-75.78695515,13829
16--9595,2016/09/14,1:45 PM,FISHER AVE @ NORMANDY CRES N (0003142),3142,03 - At intersection,03 - P.D. only,03 - Rear end,01 - Clear,01 - Daylight,01 - Dry,02 - Stop sign,01 - Functioning,3,0,0,0,,0,,,,,366685.5327,5024783.765,45.36026656,-75.71007239,13830
16--9596,2016/09/14,1:58 PM,RIVERSIDE DR @ TREMBLAY RD/HWY417 IC117 RAMP52 (0010790),10790,03 - At intersection,02 - Non-fatal injury,05 - Turning movement,01 - Clear,01 - Daylight,01 - Dry,01 - Traffic signal,01 - Functioning,2,0,0,0,01 - Minimal,1,1,,,,370802.2976,5031016.127,45.41596761,-75.65669667,13831
16--9597,2016/09/14,10:25 AM,REGIONAL ROAD 174 btwn OR174 IC105 RAMP26 & OR174 IC105 RAMP63 (__3ZA2XB),__3ZA2XB,01 - Non intersection,03 - P.D. only,03 - Rear end,"07 - Fog, mist, smoke, dust",01 - Daylight,02 - Wet,10 - No control,,2,0,0,0,,0,,,,,379533.1294,5037107.379,45.46989426,-75.54423355,13832
16--9598,2016/09/14,10:31 PM,RIVERSIDE DR @ SMYTH RD SOUTH SIDE RAMP (0011480),11480,03 - At intersection,02 - Non-fatal injury,05 - Turning movement,01 - Clear,07 - Dark,01 - Dry,01 - Traffic signal,01 - Functioning,2,0,0,0,02 - Minor,1,,1,,,369789.2731,5028998.39,45.39790757,-75.66990455,13833
16--9599,2016/09/14,10:59 AM,ISLAND PARK CRES @ ISLAND PARK DR (0002123),2123,02 - Intersection related,03 - P.D. only,99 - Other,01 - Clear,01 - Daylight,01 - Dry,02 - Stop sign,02 - Not functioning,2,0,0,0,,0,,,,,364465.7718,5028109.579,45.39038412,-75.73800178,13834
16--96,2016/01/04,2:15 PM,MERIVALE RD btwn SLACK RD & CAPITAL DR (__3ZA3IU),__3ZA3IU,01 - Non intersection,03 - P.D. only,04 - Sideswipe,01 - Clear,01 - Daylight,01 - Dry,10 - No control,,2,0,0,0,,0,,,,,366023.4527,5020946.863,45.32580084,-75.71899746,13835
16--960,2016/01/20,8:40 AM,LEITRIM RD btwn HIGH RD & ALBION RD (__4B2G24),__4B2G24,01 - Non intersection,03 - P.D. only,03 - Rear end,01 - Clear,01 - Daylight,06 - Ice,10 - No control,,2,0,0,0,,0,,,,,371833.458,5019412.829,45.31146722,-75.64509714,13836
16--9600,2016/09/14,12:19 PM,BANKFIELD RD @ PRINCE OF WALES DR (0003618),3618,03 - At intersection,03 - P.D. only,03 - Rear end,01 - Clear,01 - Daylight,01 - Dry,01 - Traffic signal,01 - Functioning,2,0,0,0,,0,,,,,366381.3462,5008974.972,45.21804705,-75.71591716,13837
16--9601,2016/09/14,12:24 PM,ALBERT ST @ PRESTON ST (0002217),2217,02 - Intersection related,03 - P.D. only,04 - Sideswipe,01 - Clear,01 - Daylight,01 - Dry,01 - Traffic signal,01 - Functioning,2,0,0,0,,0,,,,,366161.0597,5030464.942,45.4114306,-75.71606003,13838
16--9602,2016/09/14,2:04 AM,LEITRIM RD btwn HIGH RD & ALBION RD (__4B2G24),__4B2G24,01 - Non intersection,03 - P.D. only,07 - SMV other,01 - Clear,07 - Dark,01 - Dry,10 - No control,,1,0,0,0,,0,,,,,371711.3943,5019320.183,45.31064526,-75.6466662,13839
16--9603,2016/09/14,3:25 PM,BASELINE RD btwn FERGUSON ST & CORDOVA ST (__3ZA4HA),__3ZA4HA,04 - At/near private drive,02 - Non-fatal injury,02 - Angle,01 - Clear,01 - Daylight,01 - Dry,10 - No control,,2,1,0,0,02 - Minor,1,,1,,,363445.7395,5024318.8,45.35636136,-75.75147771,13840
16--9604,2016/09/14,3:52 PM,MONTREAL RD btwn L'ALLEMAND ST & ALTHA AVE (__3ZA3L9),__3ZA3L9,01 - Non intersection,03 - P.D. only,04 - Sideswipe,01 - Clear,01 - Daylight,01 - Dry,10 - No control,,2,0,0,0,,0,,,,,370589.9301,5033358.908,45.43706697,-75.65909683,13841
16--9605,2016/09/14,4:22 AM,HWY 417 MAITLAND IC126R26/62 @ MAITLAND AVE (0008228),8228,03 - At intersection,03 - P.D. only,07 - SMV other,01 - Clear,07 - Dark,01 - Dry,01 - Traffic signal,01 - Functioning,1,0,0,0,,0,,,,,363145.8236,5025983.673,45.37136672,-75.75510877,13842
16--9606,2016/09/14,4:22 PM,LAURIER AVE   E btwn LAURIER AVE W & NICHOLAS ST (__3E4JGF),__3E4JGF,01 - Non intersection,02 - Non-fatal injury,05 - Turning movement,01 - Clear,01 - Daylight,01 - Dry,10 - No control,,2,0,0,0,01 - Minimal,1,1,,,,368288.7432,5031747.188,45.42277803,-75.68871454,13843
16--9607,2016/09/14,4:28 PM,SMYTH RD E/LANCASTER RD @ ST. LAURENT BLVD N/R (0002256),2256,02 - Intersection related,03 - P.D. only,03 - Rear end,01 - Clear,01 - Daylight,01 - Dry,01 - Traffic signal,01 - Functioning,2,0,0,0,,0,,,,,373364.599,5029425.839,45.40141257,-75.62418341,13844
16--9608,2016/09/14,4:45 PM,MONTREAL RD @ 46 E OF HILLSIDE DR/MONTREAL SQU (0008215),8215,02 - Intersection related,03 - P.D. only,03 - Rear end,01 - Clear,01 - Daylight,01 - Dry,01 - Traffic signal,01 - Functioning,2,0,0,0,,0,,,,,371750.1321,5033917.07,45.44197892,-75.64419327,13845
16--9609,2016/09/14,4:52 PM,RIVERSIDE DR @ SMYTH RD SOUTH SIDE RAMP (0011480),11480,03 - At intersection,03 - P.D. only,05 - Turning movement,01 - Clear,01 - Daylight,01 - Dry,01 - Traffic signal,01 - Functioning,2,0,0,0,,0,,,,,369787.4014,5028998.852,45.3979119,-75.66992839,13846
16--961,2016/01/20,8:41 PM,MEADOWLANDS DR btwn VIEWMOUNT DR & INDIAN RD (__3ZA4HJ),__3ZA4HJ,01 - Non intersection,03 - P.D. only,06 - SMV unattended vehicle,01 - Clear,07 - Dark,03 - Loose snow,10 - No control,,1,0,0,0,,0,,,,,363891.5584,5023189.785,45.34616517,-75.74592293,13847
16--9610,2016/09/14,5:10 PM,MELFORT ST @ WALKLEY RD (0008805),8805,03 - At intersection,03 - P.D. only,05 - Turning movement,01 - Clear,01 - Daylight,01 - Dry,01 - Traffic signal,01 - Functioning,2,0,0,0,,0,,,,,374445.5181,5028373.32,45.39183581,-75.61052644,13848
16--9611,2016/09/14,5:24 PM,MER BLEUE RD btwn 210 S OF INNES RD & INNES RD (__3ZA2S1A),__3ZA2S1A,01 - Non intersection,02 - Non-fatal injury,03 - Rear end,01 - Clear,01 - Daylight,01 - Dry,10 - No control,,2,1,0,0,02 - Minor,1,,1,,,382723.0895,5035388.628,45.45408182,-75.50371547,13849
16--9612,2016/09/14,5:24 PM,HWY 416 WESTHUNT IC72R34 @ WEST HUNT CLUB RD (0005218),5218,02 - Intersection related,03 - P.D. only,03 - Rear end,01 - Clear,01 - Daylight,01 - Dry,01 - Traffic signal,01 - Functioning,2,0,0,0,,0,,,,,359371.0011,5019361.802,45.31208711,-75.80402802,13850
16--9277,2016/09/04,3:30 PM,ELGIN ST @ SLATER ST (0002228),2228,02 - Intersection related,03 - P.D. only,04 - Sideswipe,01 - Clear,01 - Daylight,01 - Dry,01 - Traffic signal,01 - Functioning,2,0,0,0,,0,,,,,367890.4882,5031646.356,45.4219068,-75.69381602,13851
16--9635,2016/09/15,12:15 PM,BROOK LANE btwn OAKRIDGE BLVD & OAKRIDGE BLVD (__3ZAASS),__3ZAASS,04 - At/near private drive,03 - P.D. only,02 - Angle,01 - Clear,01 - Daylight,01 - Dry,10 - No control,,2,0,0,0,,0,,,,,363648.6756,5022920.784,45.34376515,-75.74905414,13852
16--9278,2016/09/04,3:38 AM,ALBERT ST @ O'CONNOR ST (0002116),2116,03 - At intersection,03 - P.D. only,05 - Turning movement,01 - Clear,07 - Dark,01 - Dry,01 - Traffic signal,01 - Functioning,2,0,0,0,,0,,,,,367538.922,5031520.353,45.42080469,-75.69832401,13853
16--9636,2016/09/15,12:20 PM,CONROY RD btwn HUNT CLUB RD & CONROY RD (__3ZA2TB),__3ZA2TB,04 - At/near private drive,03 - P.D. only,02 - Angle,01 - Clear,01 - Daylight,01 - Dry,10 - No control,,2,0,0,0,,0,,,,,373805.0133,5025315.39,45.3643853,-75.61913297,13854
16--9637,2016/09/15,12:37 PM,CUMMINGS AVE btwn WELDON DR & OGILVIE RD (__3ZA7UQ),__3ZA7UQ,04 - At/near private drive,02 - Non-fatal injury,02 - Angle,01 - Clear,01 - Daylight,01 - Dry,10 - No control,,2,0,0,0,02 - Minor,1,,1,,,372745.7112,5032176.701,45.42622389,-75.63170868,13855
16--9638,2016/09/15,2:19 PM,DALHOUSIE ST @ RIDEAU ST (0007646),7646,03 - At intersection,02 - Non-fatal injury,07 - SMV other,01 - Clear,01 - Daylight,01 - Dry,01 - Traffic signal,01 - Functioning,1,0,0,1,01 - Minimal,2,2,,,,368206.9286,5032228.24,45.42711379,-75.68969798,13856
16--9639,2016/09/15,2:43 PM,MERIVALE RD @ WEST HUNT CLUB RD (0000584),584,02 - Intersection related,03 - P.D. only,03 - Rear end,01 - Clear,01 - Daylight,01 - Dry,01 - Traffic signal,01 - Functioning,2,0,0,0,,0,,,,,365611.867,5021940.428,45.33477659,-75.72412535,13857
16--964,2016/01/20,9:02 AM,BEATRICE DR @ CLARIDGE DR (0009697),9697,03 - At intersection,03 - P.D. only,02 - Angle,01 - Clear,01 - Daylight,01 - Dry,02 - Stop sign,01 - Functioning,2,0,0,0,,0,,,,,365144.8602,5016523.084,45.28607207,-75.73074287,13858
16--9640,2016/09/15,3:34 PM,HIGHWAY 417 btwn HWY417 IC119A RAMP75 & HWY417 IC118 RAMP57 (__3ZA2R2),__3ZA2R2,01 - Non intersection,02 - Non-fatal injury,03 - Rear end,01 - Clear,01 - Daylight,01 - Dry,10 - No control,,3,0,0,0,01 - Minimal,1,1,,,,368912.4422,5030672.484,45.41305134,-75.68088531,13859
16--9641,2016/09/15,3:47 PM,CAMPEAU DR/HWY 417 MARCH IC138R63 @ MARCH RD (0009710),9710,02 - Intersection related,03 - P.D. only,03 - Rear end,01 - Clear,01 - Daylight,01 - Dry,01 - Traffic signal,01 - Functioning,2,0,0,0,,0,,,,,352840.6403,5020476.828,45.32259746,-75.88719982,13860
16--9642,2016/09/15,4:00 PM,TREMBLAY RD btwn RIVERSIDE DR & TRAIN STATION (__3ZBN0PA),__3ZBN0PA,01 - Non intersection,03 - P.D. only,03 - Rear end,01 - Clear,01 - Daylight,01 - Dry,10 - No control,,2,0,0,0,,0,,,,,370892.0379,5031042.949,45.41620047,-75.6555466,13861
16--9643,2016/09/15,4:12 PM,RIVERSIDE DR btwn HERON RD & RIVERSIDE DR RAMP 34 (__5FDVSE),__5FDVSE,01 - Non intersection,03 - P.D. only,04 - Sideswipe,01 - Clear,01 - Daylight,01 - Dry,10 - No control,,2,0,0,0,,0,,,,,368112.7624,5026751.722,45.3778463,-75.69160434,13862
16--9644,2016/09/15,4:17 PM,BLACKBURN BYPASS WB btwn NAVAN RD & 1700 W OF NAVAN RD (__3ZA3J5B),__3ZA3J5B,01 - Non intersection,03 - P.D. only,03 - Rear end,01 - Clear,01 - Daylight,01 - Dry,10 - No control,,3,0,0,0,,0,,,,,379537.6761,5033207.62,45.43480664,-75.54476797,13863