Anom_ID,Accident_Date,Accident_Time,Location,Geo_ID,Accident_Location,Classification_of_Accident,Initial_Impact_Type,Environment_Condition,Light,Road_Surface_Condition,Traffic_Control,Traffic_Control_Condition,No__of_Vehicles,No__of_Bicycles,No__of_Motorcycles,No__of_Pedestrians,Max_Injury,No__of_Injuries,No__of_Minimal,No__of_Minor,No__of_Major,No__of_Fatal,X,Y,Latitude,Longitude,ObjectId
16--9645,2016/09/15,4:30 PM,HIGHWAY 417 btwn HWY417 IC124 RAMP65 & HWY417 IC122 RAMP51 (__3ZA2R8),__3ZA2R8,01 - Non intersection,03 - P.D. only,03 - Rear end,01 - Clear,01 - Daylight,01 - Dry,10 - No control,,4,0,0,0,,0,,,,,364883.8545,5028238.608,45.39150935,-75.73264716,13864
16--9646,2016/09/15,4:30 PM,HIGHWAY 417 btwn HWY417 IC117 RAMP26 & HWY417 IC117 RAMP61 (__3ZA2YM),__3ZA2YM,01 - Non intersection,03 - P.D. only,04 - Sideswipe,01 - Clear,01 - Daylight,01 - Dry,10 - No control,,3,0,0,0,,0,,,,,370930.0091,5031265.221,45.41819679,-75.65503166,13865
16--9647,2016/09/15,4:40 PM,WEST HUNT CLUB RD WB btwn 545 E OF ROYDON PL/SUNDERLAND ST & ANTARES D (__3ZA3JSB),__3ZA3JSB,01 - Non intersection,03 - P.D. only,03 - Rear end,01 - Clear,01 - Daylight,01 - Dry,10 - No control,,2,0,0,0,,0,,,,,367059.5701,5022171.864,45.33673206,-75.70562732,13866
16--9648,2016/09/15,4:44 PM,HIGHWAY 417 btwn HWY417 IC129 RAMP51 & HWY417 IC129 RAMP35 (__3ZA2X9),__3ZA2X9,01 - Non intersection,02 - Non-fatal injury,03 - Rear end,01 - Clear,01 - Daylight,01 - Dry,10 - No control,,4,0,0,0,02 - Minor,1,,1,,,360290.1177,5023400.715,45.34835728,-75.7918542,13867
16--9649,2016/09/15,5:14 PM,RIVER RD btwn OSGOODE MAIN ST & DALMENY RD (__3ZA3TA),__3ZA3TA,01 - Non intersection,02 - Non-fatal injury,07 - SMV other,01 - Clear,01 - Daylight,01 - Dry,10 - No control,,1,0,0,0,02 - Minor,3,,3,,,373703.0007,4998719.95,45.12509539,-75.62412034,13868
16--965,2016/01/20,9:10 AM,GRANT CARMAN DR @ MEADOWLANDS DR (0001111),1111,03 - At intersection,03 - P.D. only,02 - Angle,01 - Clear,01 - Daylight,04 - Slush,01 - Traffic signal,01 - Functioning,2,0,0,0,,0,,,,,365051.0355,5023901.288,45.35246854,-75.7310413,13869
16--9650,2016/09/15,5:15 PM,HWY416 IC75B RAMP25 btwn HWY416 IC75C RAMP24 & HWY417 IC131 RAMP55 (__3ZAY4O),__3ZAY4O,01 - Non intersection,03 - P.D. only,04 - Sideswipe,01 - Clear,01 - Daylight,01 - Dry,10 - No control,,2,0,0,0,,0,,,,,358637.488,5022847.408,45.34350742,-75.81300317,13870
16--9651,2016/09/15,5:23 PM,CARLING AVE WB btwn CARLINGWOOD SC & IROQUOIS RD (__3ZA4WIB),__3ZA4WIB,04 - At/near private drive,03 - P.D. only,02 - Angle,01 - Clear,01 - Daylight,01 - Dry,10 - No control,,2,0,0,0,,0,,,,,362130.5313,5025978.743,45.37140615,-75.76807033,13871
16--9652,2016/09/15,5:32 PM,WOODROFFE AVE @ KNOXDALE RD/MEDHURST DR (0000519),519,03 - At intersection,03 - P.D. only,05 - Turning movement,01 - Clear,01 - Daylight,01 - Dry,01 - Traffic signal,01 - Functioning,2,0,0,0,,0,,,,,363419.7769,5021826.514,45.33393816,-75.75210442,13872
16--9653,2016/09/15,5:51 PM,CARLING AVE @ WOODROFFE AVE W (0011470),11470,02 - Intersection related,03 - P.D. only,05 - Turning movement,01 - Clear,01 - Daylight,01 - Dry,01 - Traffic signal,01 - Functioning,2,0,0,0,,0,,,,,361767.4641,5025724.855,45.3691513,-75.77273446,13873
16--9654,2016/09/15,5:58 PM,RIVERSIDE DR @ BROOKFIELD RD/HOG'S BACK RD (0001627),1627,02 - Intersection related,03 - P.D. only,04 - Sideswipe,01 - Clear,01 - Daylight,01 - Dry,01 - Traffic signal,01 - Functioning,2,0,0,0,,0,,,,,368167.1931,5026221.916,45.37307432,-75.6909774,13874
16--9655,2016/09/15,6:02 PM,REGIONAL ROAD 174 btwn OR174 IC109 RAMP64 & OR174 IC105 RAMP16 (__3ZA2XD),__3ZA2XD,01 - Non intersection,03 - P.D. only,03 - Rear end,01 - Clear,01 - Daylight,01 - Dry,10 - No control,,2,0,0,0,,0,,,,,376640.0433,5035359.57,45.45447222,-75.58148393,13875
16--9656,2016/09/15,6:41 PM,HUNT CLUB RD @ RIVERSIDE DR (0002237),2237,02 - Intersection related,03 - P.D. only,03 - Rear end,01 - Clear,01 - Daylight,01 - Dry,01 - Traffic signal,01 - Functioning,2,0,0,0,,0,,,,,368034.8816,5021946.71,45.33461895,-75.69321328,13876
16--9657,2016/09/15,6:50 PM,BRONSON AVE @ COMMISSIONER ST/SLATER ST (0001679),1679,03 - At intersection,03 - P.D. only,04 - Sideswipe,01 - Clear,01 - Daylight,01 - Dry,01 - Traffic signal,01 - Functioning,2,0,0,0,,0,,,,,366767.6077,5030948.787,45.41573065,-75.70825077,13877
16--9658,2016/09/15,7:15 AM,HIGHWAY 417 btwn Continuation of HIGHWAY 417 & HWY417 IC134 RAMP51 (__3ZA29B),__3ZA29B,01 - Non intersection,02 - Non-fatal injury,03 - Rear end,01 - Clear,01 - Daylight,01 - Dry,10 - No control,,2,0,0,0,01 - Minimal,1,1,,,,355283.8206,5021574.718,45.33230497,-75.8559249,13878
16--9659,2016/09/15,7:15 AM,HIGHWAY 417 btwn HWY 417 ANDERSON IC104R61 & HWY 417 BOUNDARY IC96R16 (__3ZA2W5),__3ZA2W5,01 - Non intersection,03 - P.D. only,03 - Rear end,01 - Clear,01 - Daylight,01 - Dry,10 - No control,,2,0,0,0,,0,,,,,381532.9173,5025628.927,45.36640297,-75.52044932,13879
16--966,2016/01/20,9:22 AM,DOVERCOURT AVE @ SHERBOURNE RD (0002798),2798,03 - At intersection,03 - P.D. only,02 - Angle,01 - Clear,01 - Daylight,01 - Dry,02 - Stop sign,01 - Functioning,2,0,0,0,,0,,,,,362151.5927,5026790.195,45.37870579,-75.76770723,13880
16--9660,2016/09/15,7:30 AM,HIGHWAY 417 btwn Continuation of HIGHWAY 417 & HWY417 IC134 RAMP51 (__3ZA29B),__3ZA29B,01 - Non intersection,03 - P.D. only,03 - Rear end,01 - Clear,01 - Daylight,01 - Dry,10 - No control,,4,0,0,0,,0,,,,,355098.5904,5021470.919,45.33138428,-75.85829848,13881
16--9661,2016/09/15,7:37 AM,LIMEBANK RD @ RIDEAU RD (0004455),4455,03 - At intersection,03 - P.D. only,02 - Angle,01 - Clear,01 - Daylight,01 - Dry,02 - Stop sign,01 - Functioning,2,0,0,0,,0,,,,,370886.4967,5014014.403,45.26298303,-75.65789184,13882
16--9662,2016/09/15,7:37 PM,EARL ARMSTRONG RD @ RIVER RD (0012470),12470,02 - Intersection related,02 - Non-fatal injury,02 - Angle,01 - Clear,07 - Dark,01 - Dry,01 - Traffic signal,01 - Functioning,2,1,0,0,02 - Minor,1,,1,,,367572.3079,5014684.629,45.26931723,-75.700034,13883
16--9663,2016/09/15,8:51 AM,BERRY SIDE RD btwn FIFTH LINE RD & SIXTH LINE RD (__3ZACTD),__3ZACTD,01 - Non intersection,03 - P.D. only,07 - SMV other,01 - Clear,01 - Daylight,08 - Loose sand or gravel,10 - No control,,1,0,0,0,,0,,,,,347959.4521,5031225.211,45.41963088,-75.94852142,13884
16--9664,2016/09/15,9:10 AM,BOOTH ST @ FLEET ST (0011412),11412,03 - At intersection,03 - P.D. only,05 - Turning movement,01 - Clear,01 - Daylight,01 - Dry,02 - Stop sign,01 - Functioning,2,1,0,0,,0,,,,,366296.4694,5030935.006,45.41564822,-75.71427157,13885
16--9665,2016/09/16,1:17 PM,PRESLAND RD @ VANIER PKWY (0012076),12076,02 - Intersection related,03 - P.D. only,03 - Rear end,01 - Clear,01 - Daylight,01 - Dry,01 - Traffic signal,00 - Unknown,2,0,0,0,,0,,,,,370434.4867,5031753.689,45.42263849,-75.66129739,13886
16--9666,2016/09/16,1:23 PM,COLONEL BY DR @ MAIN ST (0002626),2626,02 - Intersection related,03 - P.D. only,03 - Rear end,01 - Clear,01 - Daylight,01 - Dry,02 - Stop sign,01 - Functioning,2,0,0,0,,0,,,,,368860.1771,5030914.811,45.4152365,-75.68152149,13887
16--9667,2016/09/16,10:00 AM,CARRUTHERS AVE btwn LYNDALE AVE & STONEHURST AVE (__3ZBOM4),__3ZBOM4,01 - Non intersection,03 - P.D. only,06 - SMV unattended vehicle,01 - Clear,01 - Daylight,01 - Dry,10 - No control,,1,0,0,0,,0,,,,,365088.7025,5030011.069,45.40743996,-75.72981456,13888
16--9668,2016/09/16,10:40 AM,HIGHWAY 417 btwn TRANSIT & HWY417 IC127 RAMP35 (__3ZA2SK),__3ZA2SK,01 - Non intersection,03 - P.D. only,03 - Rear end,01 - Clear,01 - Daylight,01 - Dry,10 - No control,,2,0,0,0,,0,,,,,362033.8964,5024753.707,45.36039128,-75.76944586,13889
16--9669,2016/09/16,11:13 PM,BANK ST btwn CLAREY AVE & HOLMWOOD AVE (__3ZA3OP),__3ZA3OP,01 - Non intersection,03 - P.D. only,04 - Sideswipe,01 - Clear,07 - Dark,01 - Dry,10 - No control,,2,0,0,0,,0,,,,,368479.5126,5029200.632,45.39984762,-75.68660604,13890
16--967,2016/01/20,9:29 AM,ST. JOSEPH BLVD btwn ROCKCLIFFE PKWY & HART RD (__3ZA2AF),__3ZA2AF,01 - Non intersection,03 - P.D. only,03 - Rear end,01 - Clear,01 - Daylight,01 - Dry,10 - No control,,3,0,0,0,,0,,,,,377277.5123,5035363.007,45.45443732,-75.57333409,13891
16--9670,2016/09/16,11:14 AM,MARCH RD @ SOLANDT RD (0003172),3172,02 - Intersection related,03 - P.D. only,03 - Rear end,01 - Clear,01 - Daylight,01 - Dry,01 - Traffic signal,01 - Functioning,3,0,0,0,,0,,,,,350492.093,5022710.088,45.34284965,-75.91694982,13892
16--9671,2016/09/16,11:16 AM,BRONSON AVE btwn PLYMOUTH ST & RENFREW AVE (__3ZA3B1),__3ZA3B1,01 - Non intersection,03 - P.D. only,04 - Sideswipe,01 - Clear,01 - Daylight,01 - Dry,10 - No control,,2,0,0,0,,0,,,,,367322.3024,5029634.108,45.40385222,-75.70133096,13893
16--9672,2016/09/16,11:44 AM,SAUNDERSON DR @ PLEASANT PARK RD (0008313),8313,03 - At intersection,02 - Non-fatal injury,07 - SMV other,01 - Clear,01 - Daylight,01 - Dry,02 - Stop sign,01 - Functioning,1,0,0,1,01 - Minimal,1,1,,,,373146.0869,5028668.352,45.39461841,-75.62707922,13894
16--9673,2016/09/16,12:07 PM,MIRAMICHI ST @ WOODROFFE AVE (0002702),2702,02 - Intersection related,03 - P.D. only,03 - Rear end,01 - Clear,01 - Daylight,01 - Dry,02 - Stop sign,01 - Functioning,2,0,0,0,,0,,,,,362330.267,5024318.744,45.35645326,-75.76571381,13895
16--9674,2016/09/16,2:50 PM,HWY417 IC119B RAMP76 btwn HIGHWAY 417 & O'CONNOR ST (__3ZAY7P),__3ZAY7P,01 - Non intersection,03 - P.D. only,04 - Sideswipe,01 - Clear,01 - Daylight,01 - Dry,10 - No control,,2,0,0,0,,0,,,,,368194.9764,5030311.512,45.4098688,-75.69009731,13896
16--9675,2016/09/16,2:54 PM,ProposedCANYON WALK DR @ EARL ARMSTRONG RD (0013180),13180,02 - Intersection related,03 - P.D. only,02 - Angle,01 - Clear,01 - Daylight,01 - Dry,01 - Traffic signal,01 - Functioning,2,0,0,0,,0,,,,,369396.1484,5015633.742,45.27769206,-75.67666999,13897
16--9676,2016/09/16,3:00 AM,HIGHWAY 417 btwn HWY417 IC138 RAMP61 & HWY417 IC134 RAMP36 (__3ZA20I),__3ZA20I,01 - Non intersection,03 - P.D. only,07 - SMV other,01 - Clear,07 - Dark,01 - Dry,10 - No control,,1,0,0,0,,0,,,,,355345.6846,5021660.567,45.333073,-75.85512692,13898
16--9677,2016/09/16,3:49 PM,INNES RD @ TENTH LINE RD (0004633),4633,03 - At intersection,03 - P.D. only,04 - Sideswipe,01 - Clear,01 - Daylight,01 - Dry,01 - Traffic signal,01 - Functioning,2,0,0,0,,0,,,,,383951.5408,5036158.902,45.46087398,-75.48788759,13899
16--9678,2016/09/16,3:58 PM,BRONSON AVE @ CARLING AVE/GLEBE AVE (0002134),2134,02 - Intersection related,03 - P.D. only,05 - Turning movement,01 - Clear,01 - Daylight,01 - Dry,01 - Traffic signal,01 - Functioning,2,0,0,0,,0,,,,,367446.6093,5029334.903,45.40114894,-75.69978121,13900
16--9679,2016/09/16,4:00 PM,MURIEL ST btwn FIFTH AVE & HOLMWOOD AVE (__3ZA9K7),__3ZA9K7,04 - At/near private drive,03 - P.D. only,02 - Angle,01 - Clear,01 - Daylight,01 - Dry,10 - No control,,2,0,0,0,,0,,,,,367728.5658,5028877.738,45.39701022,-75.69623831,13901
16--968,2016/01/20,9:30 PM,BREANNA CARDILL ST btwn Continuation of BREANNA CARDILL ST & MARY ANNE (__4FP0I0),__4FP0I0,01 - Non intersection,03 - P.D. only,06 - SMV unattended vehicle,01 - Clear,07 - Dark,05 - Packed snow,10 - No control,,1,0,0,0,,0,,,,,378188.3365,5012242.611,45.24631724,-75.56512149,13902
16--9680,2016/09/16,4:21 PM,RIDEAU ST btwn KING EDWARD AVE & NELSON ST (__3ZA3VG),__3ZA3VG,04 - At/near private drive,03 - P.D. only,02 - Angle,01 - Clear,01 - Daylight,01 - Dry,10 - No control,,2,0,0,0,,0,,,,,368559.6291,5032440.833,45.42899456,-75.68516361,13903
16--9681,2016/09/16,4:22 PM,BLAIR RD btwn NICOL ST & MONTREAL RD (__3ZA7Y8),__3ZA7Y8,01 - Non intersection,02 - Non-fatal injury,07 - SMV other,01 - Clear,01 - Daylight,01 - Dry,10 - No control,,1,0,1,0,02 - Minor,1,,1,,,373933.4414,5034652.845,45.44838652,-75.61618449,13904
16--9682,2016/09/16,4:27 PM,ALPINE AVE @ CARLING AVE (0011382),11382,03 - At intersection,02 - Non-fatal injury,02 - Angle,01 - Clear,01 - Daylight,01 - Dry,01 - Traffic signal,01 - Functioning,2,1,0,0,01 - Minimal,1,1,,,,360496.2036,5024942.756,45.36221619,-75.78905068,13905
16--9683,2016/09/16,4:53 PM,SOMERSET ST    W btwn BECKINGTON PRIV & BANK ST (__3ZAZQ1),__3ZAZQ1,04 - At/near private drive,03 - P.D. only,02 - Angle,01 - Clear,01 - Daylight,01 - Dry,10 - No control,,2,0,0,0,,0,,,,,367667.6996,5030900.416,45.41521513,-75.69675775,13906
16--9684,2016/09/16,5:47 AM,APELDOORN AVE btwn MEADOWLANDS DR & NORMANDY CRES (__3ZAAN8),__3ZAAN8,01 - Non intersection,03 - P.D. only,06 - SMV unattended vehicle,"07 - Fog, mist, smoke, dust",07 - Dark,01 - Dry,10 - No control,,1,0,0,0,,0,,,,,366894.6462,5025198.615,45.3639808,-75.70735132,13907
16--9685,2016/09/16,5:55 PM,CYR AVE @ MCARTHUR AVE (0009813),9813,02 - Intersection related,03 - P.D. only,02 - Angle,01 - Clear,01 - Daylight,01 - Dry,02 - Stop sign,01 - Functioning,2,0,0,0,,0,,,,,370354.9311,5032708.368,45.43123576,-75.6621868,13908
16--9686,2016/09/16,5:55 PM,MOODIE DR btwn WEST HUNT CLUB RD & ALTI PL (__3ZBOCW),__3ZBOCW,01 - Non intersection,03 - P.D. only,07 - SMV other,01 - Clear,01 - Daylight,01 - Dry,10 - No control,,1,0,0,0,,0,,,,,359132.9014,5015491.853,45.27728338,-75.80748838,13909
16--9687,2016/09/16,6:00 AM,CENTURY RD    W btwn FOURTH LINE RD & THIRD LINE RD N (__3ZABMY),__3ZABMY,01 - Non intersection,02 - Non-fatal injury,04 - Sideswipe,01 - Clear,07 - Dark,01 - Dry,10 - No control,,2,0,0,0,01 - Minimal,1,1,,,,362271.1362,5004097.361,45.1745047,-75.76880819,13910
16--9688,2016/09/16,6:11 PM,CARLING AVE WB btwn MERIVALE RD & HARMER AVE S (__3ZA4UH),__3ZA4UH,01 - Non intersection,02 - Non-fatal injury,04 - Sideswipe,01 - Clear,01 - Daylight,01 - Dry,10 - No control,,2,1,0,0,02 - Minor,1,,1,,,365077.2476,5027835.342,45.38786423,-75.73022675,13911
16--9689,2016/09/16,6:12 AM,"EGLISE, RUE DE L @ MONTREAL RD (0011441)",11441,03 - At intersection,03 - P.D. only,02 - Angle,01 - Clear,03 - Dawn,01 - Dry,01 - Traffic signal,01 - Functioning,2,0,0,0,,0,,,,,371158.6743,5033634.305,45.43949112,-75.65179102,13912
16--969,2016/01/21,1:09 PM,KANATA AVE/CASTLEFRANK RD @ AIRD PL (0011976),11976,03 - At intersection,03 - P.D. only,03 - Rear end,01 - Clear,01 - Daylight,01 - Dry,01 - Traffic signal,01 - Functioning,2,0,0,0,,0,,,,,351811.1951,5019070.112,45.3100092,-75.90046405,13913
16--9690,2016/09/16,6:32 AM,BANK ST @ MITCH OWENS RD (0001640),1640,03 - At intersection,02 - Non-fatal injury,05 - Turning movement,01 - Clear,03 - Dawn,01 - Dry,01 - Traffic signal,01 - Functioning,2,0,0,0,02 - Minor,2,,2,,,377758.0589,5015946.896,45.27969173,-75.57005796,13914
16--9691,2016/09/16,6:46 PM,GEORGE ST btwn DALHOUSIE ST & CUMBERLAND ST (__3ZA81O),__3ZA81O,04 - At/near private drive,01 - Fatal injury,02 - Angle,01 - Clear,01 - Daylight,01 - Dry,10 - No control,,2,0,1,0,04 - Fatal,1,,,,1,368246.2423,5032369.11,45.42837772,-75.68917747,13915
16--9692,2016/09/16,7:03 AM,OLD MONTREAL RD btwn PIERRETTE DR & PIERRETTE DR (__3ZA5FD),__3ZA5FD,01 - Non intersection,03 - P.D. only,07 - SMV other,01 - Clear,01 - Daylight,01 - Dry,10 - No control,,1,0,0,0,,0,,,,,392001.7273,5042673.815,45.5185286,-75.38381117,13916
16--9693,2016/09/16,7:11 AM,MONSON CRES btwn FILLMORE CRES & FILLMORE CRES (__3ZA7UL),__3ZA7UL,04 - At/near private drive,03 - P.D. only,06 - SMV unattended vehicle,01 - Clear,01 - Daylight,01 - Dry,10 - No control,,1,0,0,0,,0,,,,,375318.5085,5036174.757,45.46194138,-75.59826148,13917
16--9694,2016/09/16,7:32 AM,CAMPEAU DR/HWY 417 MARCH IC138R63 @ MARCH RD (0009710),9710,02 - Intersection related,03 - P.D. only,03 - Rear end,01 - Clear,01 - Daylight,01 - Dry,01 - Traffic signal,01 - Functioning,2,0,0,0,,0,,,,,352844.6759,5020485.602,45.32267613,-75.88714749,13918
16--9695,2016/09/16,7:43 AM,LEITRIM RD btwn LIMEBANK RD & HIGH RD (__3ZBOEL),__3ZBOEL,01 - Non intersection,02 - Non-fatal injury,03 - Rear end,01 - Clear,01 - Daylight,01 - Dry,10 - No control,,4,0,0,0,01 - Minimal,1,1,,,,369398.7806,5017904.381,45.29812267,-75.67634079,13919
16--9696,2016/09/16,7:48 PM,MOODIE DR btwn WEST HUNT CLUB RD & ALTI PL (__3ZBOCW),__3ZBOCW,01 - Non intersection,03 - P.D. only,07 - SMV other,01 - Clear,05 - Dusk,01 - Dry,10 - No control,,1,0,0,0,,0,,,,,358781.9617,5016322.702,45.2847865,-75.81187066,13920
16--9697,2016/09/16,7:52 PM,MOODIE DR btwn WEST HUNT CLUB RD & ALTI PL (__3ZBOCW),__3ZBOCW,01 - Non intersection,03 - P.D. only,07 - SMV other,01 - Clear,07 - Dark,01 - Dry,10 - No control,,1,0,0,0,,0,,,,,358801.4247,5016302.037,45.28459906,-75.81162482,13921
16--9698,2016/09/16,8:00 AM,MANCINI WAY btwn INFUSION PRIV E & INFUSION PRIV W (__8176PK),__8176PK,01 - Non intersection,03 - P.D. only,01 - Approaching,01 - Clear,01 - Daylight,01 - Dry,10 - No control,,2,0,0,0,,0,,,,,364945.4252,5014738.194,45.27002876,-75.73350125,13922
16--9699,2016/09/16,8:00 PM,OSGOODE MAIN ST btwn BOYD ST & WILSON LANE (__3ZA3TF),__3ZA3TF,01 - Non intersection,03 - P.D. only,03 - Rear end,01 - Clear,07 - Dark,01 - Dry,10 - No control,,2,0,0,0,,0,,,,,374547.261,5000642.789,45.14231416,-75.61312142,13923
16--97,2016/01/04,2:31 PM,GLADSTONE AVE @ CAMBRIDGE ST (0006328),6328,03 - At intersection,03 - P.D. only,02 - Angle,01 - Clear,01 - Daylight,02 - Wet,02 - Stop sign,01 - Functioning,2,0,0,0,,0,,,,,367065.4551,5030037.695,45.40750647,-75.70456068,13924
16--970,2016/01/21,1:10 PM,ST. LAURENT BLVD @ MCARTHUR AVE (0008246),8246,02 - Intersection related,03 - P.D. only,03 - Rear end,01 - Clear,01 - Daylight,06 - Ice,01 - Traffic signal,01 - Functioning,2,0,0,0,,0,,,,,371921.4995,5032886.916,45.43269365,-75.64214344,13925
16--9700,2016/09/16,8:03 AM,RUSSELL RD btwn RUSSELL RD & CARLSBAD LANE (__3ZA3X2),__3ZA3X2,01 - Non intersection,02 - Non-fatal injury,03 - Rear end,01 - Clear,01 - Daylight,01 - Dry,10 - No control,,2,0,0,0,01 - Minimal,1,1,,,,388000.5422,5025668.832,45.36602415,-75.43789245,13926
16--9701,2016/09/16,8:10 AM,CLEARBROOK DR/MARKETPLACE AVE @ LONGFIELDS DR (0011162),11162,03 - At intersection,02 - Non-fatal injury,02 - Angle,01 - Clear,01 - Daylight,01 - Dry,01 - Traffic signal,01 - Functioning,2,1,0,0,01 - Minimal,1,1,,,,364631.7964,5014953.014,45.27198847,-75.73747192,13927
16--9702,2016/09/16,8:10 AM,CLARIDGE DR btwn BEATRICE DR & SLEAFORD GT (__31EM6X),__31EM6X,01 - Non intersection,03 - P.D. only,06 - SMV unattended vehicle,01 - Clear,01 - Daylight,01 - Dry,10 - No control,,1,0,0,0,,0,,,,,365223.7012,5016530.443,45.28613152,-75.72973703,13928
16--9279,2016/09/04,4:19 PM,HWY417 IC127 RAMP63 btwn HIGHWAY 417 & WOODROFFE AVE (__3ZAY81),__3ZAY81,01 - Non intersection,02 - Non-fatal injury,07 - SMV other,01 - Clear,01 - Daylight,01 - Dry,10 - No control,,1,0,0,0,01 - Minimal,1,1,,,,361957.0931,5024840.698,45.36118029,-75.77041606,13929
16--928,2016/01/20,3:35 PM,PARKDALE AVE @ WELLINGTON ST (0002260),2260,02 - Intersection related,03 - P.D. only,04 - Sideswipe,01 - Clear,01 - Daylight,01 - Dry,01 - Traffic signal,01 - Functioning,2,0,0,0,,0,,,,,365150.3592,5029270.775,45.40077365,-75.72911757,13930
16--9280,2016/09/04,5:25 PM,LACASSE AVE @ MCARTHUR AVE (0009810),9810,02 - Intersection related,03 - P.D. only,03 - Rear end,01 - Clear,01 - Daylight,01 - Dry,02 - Stop sign,00 - Unknown,2,0,0,0,,0,,,,,370824.782,5032755.769,45.43161805,-75.65617625,13931
16--9281,2016/09/04,5:31 AM,BLEEKS RD @ CONLEY RD (0005261),5261,03 - At intersection,03 - P.D. only,07 - SMV other,01 - Clear,07 - Dark,01 - Dry,02 - Stop sign,01 - Functioning,1,0,0,0,,0,,,,,351249.3478,5004816.686,45.18178918,-75.90896049,13932
16--9282,2016/09/04,5:43 PM,RICHMOND RD @ 140 E OF POULIN AVE  (0012124),12124,02 - Intersection related,03 - P.D. only,03 - Rear end,01 - Clear,01 - Daylight,01 - Dry,01 - Traffic signal,00 - Unknown,2,0,0,0,,0,,,,,360400.5062,5025022.156,45.36293822,-75.79026321,13933
16--9283,2016/09/04,5:56 PM,EUCALYPTUS CIR/SANTOLINA ST @ ROSEHILL AVE (0016065),16065,03 - At intersection,03 - P.D. only,02 - Angle,01 - Clear,01 - Daylight,01 - Dry,02 - Stop sign,03 - Obscured,2,0,0,0,,0,,,,,349971.5233,5015962.416,45.28216595,-75.92420734,13934
16--9284,2016/09/04,6:30 AM,HIGHWAY 417 btwn HWY 417 ANDERSON IC104R61 & HWY 417 BOUNDARY IC96R16 (__3ZA2W5),__3ZA2W5,01 - Non intersection,03 - P.D. only,07 - SMV other,01 - Clear,03 - Dawn,01 - Dry,10 - No control,,1,0,0,0,,0,,,,,385786.1292,5024427.213,45.35511242,-75.46635959,13935
16--9285,2016/09/04,6:36 PM,TERRY FOX DR S @ DIDSBURY RD/CENTRUM KANATA SC (0011820),11820,02 - Intersection related,02 - Non-fatal injury,07 - SMV other,01 - Clear,01 - Daylight,01 - Dry,01 - Traffic signal,01 - Functioning,1,0,1,0,02 - Minor,1,,1,,,350624.8073,5018915.388,45.30869537,-75.91560762,13936
16--9286,2016/09/04,7:03 AM,MACKENZIE KING BR btwn ALBERT ST & N.D.H.Q./RIDEAU CENTRE SC (__3ZAZP7A),__3ZAZP7A,07 - Overpass or bridge,02 - Non-fatal injury,07 - SMV other,01 - Clear,01 - Daylight,01 - Dry,10 - No control,,1,0,0,0,01 - Minimal,1,1,,,,368083.5064,5031816.272,45.42341822,-75.69132801,13937
16--9287,2016/09/04,9:42 AM,PERCY ST btwn FLORENCE ST & GLADSTONE AVE (__3ZA80K),__3ZA80K,01 - Non intersection,03 - P.D. only,06 - SMV unattended vehicle,01 - Clear,01 - Daylight,01 - Dry,10 - No control,,1,0,0,0,,0,,,,,367296.3963,5030263.61,45.40951861,-75.70158206,13938
16--9288,2016/09/05,1:20 PM,CARLING AVE @ KIRKWOOD AVE N (0002358),2358,03 - At intersection,03 - P.D. only,05 - Turning movement,01 - Clear,01 - Daylight,01 - Dry,01 - Traffic signal,01 - Functioning,2,0,0,0,,0,,,,,364274.6423,5027493.641,45.38485827,-75.74051672,13939
16--9289,2016/09/05,1:46 PM,WEST HUNT CLUB RD @ WOODROFFE AVE (0000576),576,02 - Intersection related,03 - P.D. only,03 - Rear end,01 - Clear,01 - Daylight,01 - Dry,01 - Traffic signal,01 - Functioning,2,0,0,0,,0,,,,,363670.1967,5021247.025,45.32870299,-75.74897865,13940
16--929,2016/01/20,3:37 PM,CARLING AVE @ MAITLAND AVE/SHERBOURNE RD (0002641),2641,02 - Intersection related,03 - P.D. only,04 - Sideswipe,01 - Clear,01 - Daylight,01 - Dry,01 - Traffic signal,01 - Functioning,2,0,0,0,,0,,,,,362941.9858,5026488.333,45.37592453,-75.7576515,13941
16--9290,2016/09/05,10:58 PM,MARCH RD btwn MARCHURST RD & SECOND LINE RD (__3ZA3FP),__3ZA3FP,01 - Non intersection,03 - P.D. only,07 - SMV other,01 - Clear,07 - Dark,01 - Dry,10 - No control,,1,0,0,0,,0,,,,,345574.9582,5024868.991,45.36257915,-75.97951371,13942
16--9291,2016/09/05,11:38 AM,KING EDWARD AVE btwn LAURIER AVE E & THOMAS MORE PRIV (__3ZA3UU),__3ZA3UU,01 - Non intersection,03 - P.D. only,03 - Rear end,01 - Clear,01 - Daylight,01 - Dry,10 - No control,,2,0,0,0,,0,,,,,368748.2815,5032020.65,45.42519668,-75.68280747,13943
16--9292,2016/09/05,Unknown,CHESTERTON DR btwn MULVAGH AVE & SOUTHVIEW CRES (__3ZAAV4),__3ZAAV4,01 - Non intersection,03 - P.D. only,06 - SMV unattended vehicle,01 - Clear,00 - Unknown,01 - Dry,10 - No control,,1,0,0,0,,0,,,,,365279.6487,5023857.263,45.35205273,-75.72812925,13944
16--9293,2016/09/05,Unknown,VACHON AVE btwn ALICE ST & DAGMAR AVE (__3ZA8WZ),__3ZA8WZ,01 - Non intersection,03 - P.D. only,06 - SMV unattended vehicle,01 - Clear,00 - Unknown,01 - Dry,10 - No control,,1,0,0,0,,0,,,,,369815.5596,5033716.582,45.4403576,-75.66894626,13945