Anom_ID,Accident_Date,Accident_Time,Location,Geo_ID,Accident_Location,Classification_of_Accident,Initial_Impact_Type,Environment_Condition,Light,Road_Surface_Condition,Traffic_Control,Traffic_Control_Condition,No__of_Vehicles,No__of_Bicycles,No__of_Motorcycles,No__of_Pedestrians,Max_Injury,No__of_Injuries,No__of_Minimal,No__of_Minor,No__of_Major,No__of_Fatal,X,Y,Latitude,Longitude,ObjectId
16--9294,2016/09/05,12:27 PM,CATHERINE ST @ LYON ST/HWY 417 LYON IC120BR36 (0002254),2254,03 - At intersection,03 - P.D. only,02 - Angle,01 - Clear,01 - Daylight,01 - Dry,01 - Traffic signal,01 - Functioning,2,0,0,0,,0,,,,,367747.2474,5030091.876,45.40793299,-75.69584475,13946
16--9295,2016/09/05,12:32 PM,MONTREAL RD @ VANIER PKWY (0004630),4630,02 - Intersection related,03 - P.D. only,03 - Rear end,01 - Clear,01 - Daylight,01 - Dry,01 - Traffic signal,01 - Functioning,2,0,0,0,,0,,,,,370071.1034,5033066.395,45.43448368,-75.66576636,13947
16--9296,2016/09/05,2:40 PM,ALLANFORD AVE @ JOHNSTON RD N (0011259),11259,03 - At intersection,02 - Non-fatal injury,07 - SMV other,01 - Clear,01 - Daylight,01 - Dry,02 - Stop sign,01 - Functioning,1,0,0,1,01 - Minimal,1,1,,,,373230.3065,5026228.086,45.37265371,-75.62634197,13948
16--9297,2016/09/05,3:14 PM,BANK ST btwn FOURTH AVE & FIFTH AVE (__3ZA3OW),__3ZA3OW,01 - Non intersection,03 - P.D. only,04 - Sideswipe,01 - Clear,01 - Daylight,01 - Dry,10 - No control,,2,0,0,0,,0,,,,,368370.1312,5029469.76,45.40227909,-75.68796837,13949
16--9298,2016/09/05,4:13 PM,GREENBANK RD @ BERRIGAN DR/WESSEX RD (0004726),4726,02 - Intersection related,03 - P.D. only,03 - Rear end,01 - Clear,01 - Daylight,01 - Dry,01 - Traffic signal,01 - Functioning,2,0,0,0,,0,,,,,363722.6108,5015276.157,45.27497288,-75.74901971,13950
16--9299,2016/09/05,4:20 PM,HIGHWAY 417 btwn HWY417 IC96 RAMP61 & HWY417 IC88 RAMP16 (__3ZA27Z),__3ZA27Z,01 - Non intersection,02 - Non-fatal injury,07 - SMV other,01 - Clear,01 - Daylight,01 - Dry,10 - No control,,1,0,0,0,02 - Minor,1,,1,,,392487.1586,5022889.702,45.34047356,-75.38112152,13951
16--93,2016/01/04,12:00 PM,SMYTH RD @ BOTSFORD ST/DAUPHIN RD (0007211),7211,02 - Intersection related,03 - P.D. only,03 - Rear end,01 - Clear,01 - Daylight,01 - Dry,01 - Traffic signal,01 - Functioning,2,0,0,0,,0,,,,,372243.1003,5029261.552,45.40004332,-75.6385298,13952
16--930,2016/01/20,3:51 PM,RIVERSIDE DR @ HERON RD (0002236),2236,02 - Intersection related,03 - P.D. only,03 - Rear end,01 - Clear,01 - Daylight,01 - Dry,01 - Traffic signal,01 - Functioning,2,0,0,0,,0,,,,,368121.2895,5026647.499,45.37690776,-75.69150884,13953
16--9300,2016/09/05,6:00 PM,NORTH SERVICE RD btwn ROSSIGNOL CRES & TRIM RD (__3ZA18P),__3ZA18P,01 - Non intersection,03 - P.D. only,01 - Approaching,01 - Clear,01 - Daylight,01 - Dry,10 - No control,,2,0,0,0,,0,,,,,384077.3233,5040127.793,45.49656806,-75.48563888,13954
16--9301,2016/09/05,6:35 PM,QUEEN MARY ST @ VANIER PKWY (0007648),7648,02 - Intersection related,02 - Non-fatal injury,99 - Other,01 - Clear,01 - Daylight,01 - Dry,01 - Traffic signal,01 - Functioning,2,0,0,0,01 - Minimal,1,1,,,,370363.7105,5031957.171,45.42447598,-75.66217461,13955
16--9302,2016/09/05,8:23 AM,BRONSON AVE @ CATHERINE ST/RAYMOND ST (0007198),7198,03 - At intersection,02 - Non-fatal injury,07 - SMV other,01 - Clear,01 - Daylight,01 - Dry,01 - Traffic signal,01 - Functioning,1,0,0,1,02 - Minor,1,,1,,,367252.4379,5029796.752,45.40532188,-75.70220273,13956
16--9303,2016/09/05,8:25 AM,BRONSON PL @ COLONEL BY DR (0006903),6903,02 - Intersection related,03 - P.D. only,05 - Turning movement,01 - Clear,01 - Daylight,01 - Dry,02 - Stop sign,01 - Functioning,2,0,0,0,,0,,,,,367808.8745,5028521.765,45.39380005,-75.69525813,13957
16--9304,2016/09/05,8:27 AM,REGIONAL ROAD 174 btwn OR174 IC105 RAMP25 & OR174 IC102 RAMP51 (__3ZA27G),__3ZA27G,01 - Non intersection,03 - P.D. only,04 - Sideswipe,"07 - Fog, mist, smoke, dust",01 - Daylight,01 - Dry,10 - No control,,2,0,0,0,,0,,,,,379836.2006,5037242.837,45.47108051,-75.54033742,13958
16--9305,2016/09/05,8:41 AM,REGIONAL ROAD 174 btwn OR174 IC112 RAMP51 & OR174 IC112 RAMP15 (__3ZA2XE),__3ZA2XE,01 - Non intersection,03 - P.D. only,04 - Sideswipe,01 - Clear,01 - Daylight,01 - Dry,10 - No control,,2,0,0,0,,0,,,,,375109.2323,5033059.553,45.43393371,-75.60138241,13959
16--9306,2016/09/06,1:53 PM,HERON RD WB btwn BRONSON AVE RAMP 62 & HERON RD SPLIT (__5FEP76),__5FEP76,01 - Non intersection,03 - P.D. only,04 - Sideswipe,01 - Clear,01 - Daylight,01 - Dry,10 - No control,,2,0,0,0,,0,,,,,368868.399,5026732.541,45.37760502,-75.68195963,13960
16--9307,2016/09/06,1:56 PM,FALLOWFIELD RD @ HWY 416 FALLOWFI IC66R24 (0005506),5506,03 - At intersection,02 - Non-fatal injury,02 - Angle,01 - Clear,01 - Daylight,01 - Dry,01 - Traffic signal,01 - Functioning,2,0,0,0,01 - Minimal,2,2,,,,360278.5586,5014852.254,45.27143873,-75.79295874,13961
16--9308,2016/09/06,10:23 PM,ARLINGTON AVE @ KENT ST (0007259),7259,02 - Intersection related,02 - Non-fatal injury,03 - Rear end,01 - Clear,07 - Dark,01 - Dry,01 - Traffic signal,01 - Functioning,2,0,0,0,01 - Minimal,1,1,,,,367868.174,5030257.303,45.40941057,-75.69427889,13962
16--9309,2016/09/06,10:50 PM,HIGHWAY 417 btwn HWY417 IC119B RAMP76 & HWY417 IC119A RAMP67 (__3ZA2YT),__3ZA2YT,01 - Non intersection,03 - P.D. only,07 - SMV other,01 - Clear,07 - Dark,01 - Dry,10 - No control,,1,0,0,0,,0,,,,,368588.7139,5030533.414,45.41182962,-75.68503891,13963
16--931,2016/01/20,4:13 PM,APPLEFORD ST @ OGILVIE RD (0009519),9519,02 - Intersection related,03 - P.D. only,03 - Rear end,01 - Clear,05 - Dusk,01 - Dry,01 - Traffic signal,01 - Functioning,2,0,0,0,,0,,,,,375316.9466,5033688.241,45.43956937,-75.5986379,13964
16--9310,2016/09/06,11:08 AM,ALADDIN LANE @ LESTER RD (0009360),9360,03 - At intersection,03 - P.D. only,99 - Other,01 - Clear,01 - Daylight,01 - Dry,02 - Stop sign,01 - Functioning,2,0,0,0,,0,,,,,372868.961,5022436.276,45.33857161,-75.63147686,13965
16--9311,2016/09/06,11:08 AM,CUMMINGS AVE @ OGILVIE RD (0009923),9923,03 - At intersection,03 - P.D. only,05 - Turning movement,01 - Clear,01 - Daylight,01 - Dry,01 - Traffic signal,01 - Functioning,2,0,0,0,,0,,,,,372747.6225,5032170.366,45.4261667,-75.63168513,13966
16--9312,2016/09/06,11:17 AM,LEES AVE btwn HWY417 IC118 RAMP25 & ROBINSON AVE (__3ZBO0I),__3ZBO0I,01 - Non intersection,03 - P.D. only,04 - Sideswipe,01 - Clear,01 - Daylight,01 - Dry,10 - No control,,2,0,0,0,,0,,,,,369522.753,5031225.477,45.41797079,-75.67301603,13967
16--9313,2016/09/06,11:42 AM,JEANNE D'ARC BLVD @ ORLEANS BLVD N (0003792),3792,02 - Intersection related,03 - P.D. only,03 - Rear end,01 - Clear,01 - Daylight,01 - Dry,01 - Traffic signal,01 - Functioning,2,0,0,0,,0,,,,,380028.8799,5038105.599,45.47882223,-75.53774142,13968
16--9314,2016/09/06,11:58 AM,BELFAST RD @ ST. LAURENT BLVD (0007658),7658,02 - Intersection related,03 - P.D. only,04 - Sideswipe,01 - Clear,01 - Daylight,01 - Dry,01 - Traffic signal,01 - Functioning,2,0,0,0,,0,,,,,372860.7241,5030579.879,45.41184526,-75.63045965,13969
16--9315,2016/09/06,12:44 PM,BANK ST @ JOHNSTON RD (0006967),6967,02 - Intersection related,03 - P.D. only,03 - Rear end,01 - Clear,01 - Daylight,01 - Dry,01 - Traffic signal,01 - Functioning,2,0,0,0,,0,,,,,370852.266,5024840.867,45.36040016,-75.65688479,13970
16--9316,2016/09/06,12:49 PM,WOODROFFE AVE btwn CARLING AVE & FOX CRES (__3ZA4NI),__3ZA4NI,04 - At/near private drive,03 - P.D. only,02 - Angle,01 - Clear,01 - Daylight,01 - Dry,10 - No control,,2,0,0,0,,0,,,,,361773.1538,5025711.074,45.36902684,-75.77266342,13971
16--9317,2016/09/06,2:10 PM,BASELINE RD btwn ST. HELEN'S PL & CLYDE AVE (__3ZA4IN),__3ZA4IN,01 - Non intersection,03 - P.D. only,03 - Rear end,01 - Clear,01 - Daylight,01 - Dry,10 - No control,,3,0,0,0,,0,,,,,364232.8234,5024812.252,45.3607351,-75.74137335,13972
16--9318,2016/09/06,2:13 PM,RIVERSIDE DR @ TREMBLAY RD/HWY417 IC117 RAMP52 (0010790),10790,02 - Intersection related,03 - P.D. only,04 - Sideswipe,01 - Clear,01 - Daylight,01 - Dry,01 - Traffic signal,01 - Functioning,2,0,0,0,,0,,,,,370802.4222,5031016.724,45.41597297,-75.656695,13973
16--9319,2016/09/06,2:16 PM,LAURIER AVE   E btwn LAURIER AVE W & NICHOLAS ST (__3E4JGF),__3E4JGF,01 - Non intersection,03 - P.D. only,04 - Sideswipe,01 - Clear,01 - Daylight,01 - Dry,10 - No control,,2,0,0,0,,0,,,,,368355.4153,5031786.195,45.42312294,-75.68785763,13974
16--932,2016/01/20,4:15 PM,BANK ST @ LEITRIM RD (0004125),4125,02 - Intersection related,03 - P.D. only,03 - Rear end,01 - Clear,01 - Daylight,01 - Dry,01 - Traffic signal,01 - Functioning,2,0,0,0,,0,,,,,375356.6565,5021619.717,45.33097879,-75.59985549,13975
16--9320,2016/09/06,2:19 PM,COBOURG ST btwn HENEY ST & BEAUSOLEIL DR (__3ZA7CC),__3ZA7CC,01 - Non intersection,03 - P.D. only,04 - Sideswipe,01 - Clear,01 - Daylight,01 - Dry,10 - No control,,2,0,0,0,,0,,,,,368999.0407,5032980.841,45.43381315,-75.67947818,13976
16--9321,2016/09/06,2:59 PM,WEST HUNT CLUB RD @ WOODROFFE AVE (0000576),576,02 - Intersection related,02 - Non-fatal injury,03 - Rear end,01 - Clear,01 - Daylight,01 - Dry,01 - Traffic signal,01 - Functioning,2,0,0,0,01 - Minimal,2,2,,,,363672.3473,5021245.247,45.32868681,-75.74895143,13977
16--9322,2016/09/06,3:00 PM,KING EDWARD AVE NB btwn BRUYERE ST & ST. ANDREW ST (__3ZA3LJ),__3ZA3LJ,01 - Non intersection,03 - P.D. only,99 - Other,01 - Clear,01 - Daylight,01 - Dry,10 - No control,,3,0,0,0,,0,,,,,368147.9478,5033026.2,45.43429889,-75.69034898,13978
16--9323,2016/09/06,3:00 PM,OLD TENTH LINE RD @ TENTH LINE RD (0009223),9223,02 - Intersection related,02 - Non-fatal injury,03 - Rear end,01 - Clear,01 - Daylight,01 - Dry,01 - Traffic signal,01 - Functioning,2,0,0,0,01 - Minimal,1,1,,,,383042.3431,5038359.997,45.48077988,-75.49916125,13979
16--9324,2016/09/06,3:35 PM,HIGHWAY 417 btwn HWY417 IC122 RAMP15 & HWY417 IC121B RAMP51 (__3ZA2RB),__3ZA2RB,01 - Non intersection,03 - P.D. only,03 - Rear end,01 - Clear,01 - Daylight,01 - Dry,10 - No control,,3,0,0,0,,0,,,,,366540.8946,5029506.483,45.40277324,-75.7113278,13980
16--9325,2016/09/06,3:40 PM,REGIONAL ROAD 174 btwn HIGHWAY 417 & HWY417 IC113 RAMP65 (__3ZA2YL),__3ZA2YL,01 - Non intersection,03 - P.D. only,04 - Sideswipe,01 - Clear,01 - Daylight,01 - Dry,10 - No control,,2,0,0,0,,0,,,,,373345.6068,5031743.786,45.4222702,-75.62410364,13981
16--9326,2016/09/06,3:41 PM,BRAMBLEGROVE CRES S @ LORRY GREENBERG DR (0008579),8579,02 - Intersection related,03 - P.D. only,03 - Rear end,01 - Clear,01 - Daylight,01 - Dry,02 - Stop sign,02 - Not functioning,2,0,0,0,,0,,,,,373390.7636,5025650.3,45.36743935,-75.62437386,13982
16--9327,2016/09/06,4:03 PM,RICHMOND RD btwn JOHN SUTHERLAND DR & HOLLY ACRES RD (__3ZA2LS),__3ZA2LS,01 - Non intersection,03 - P.D. only,04 - Sideswipe,01 - Clear,01 - Daylight,01 - Dry,10 - No control,,2,0,0,0,,0,,,,,359055.8496,5022743.036,45.34253604,-75.80767648,13983
16--9328,2016/09/06,4:30 PM,SPRINGHILL RD btwn CAMPBELLCROFT RD & BANK ST (__3ZA662),__3ZA662,01 - Non intersection,02 - Non-fatal injury,07 - SMV other,01 - Clear,01 - Daylight,01 - Dry,10 - No control,,1,0,0,0,02 - Minor,1,,1,,,383575.3154,5005320.638,45.18345446,-75.49760296,13984
16--9329,2016/09/06,4:45 PM,NAVAHO DR btwn NAVAHO DR & DEERFIELD DR (__3ZBOKA),__3ZBOKA,01 - Non intersection,02 - Non-fatal injury,07 - SMV other,01 - Clear,01 - Daylight,01 - Dry,10 - No control,,1,0,0,1,02 - Minor,1,,1,,,363133.792,5024009.721,45.35360632,-75.75549537,13985
16--933,2016/01/20,4:23 PM,ST. JOSEPH BLVD @ JEANNE D'ARC BLVD (0012421),12421,02 - Intersection related,03 - P.D. only,03 - Rear end,01 - Clear,01 - Daylight,01 - Dry,11 - Roundabout,01 - Functioning,2,0,0,0,,0,,,,,379860.7425,5036471.322,45.46413639,-75.54014142,13986
16--9330,2016/09/06,4:50 PM,BERRIGAN DR @ LONGFIELDS DR (0010453),10453,02 - Intersection related,02 - Non-fatal injury,02 - Angle,01 - Clear,01 - Daylight,01 - Dry,11 - Roundabout,01 - Functioning,2,1,0,0,01 - Minimal,1,1,,,,364304.9658,5015646.018,45.27825185,-75.74155379,13987
16--9331,2016/09/06,4:53 PM,KATIMAVIK RD btwn DAVIS AVE & MCGIBBON DR (__3ZACZQ),__3ZACZQ,01 - Non intersection,03 - P.D. only,99 - Other,01 - Clear,01 - Daylight,01 - Dry,10 - No control,,2,0,0,0,,0,,,,,351606.5044,5018631.183,45.30607328,-75.90311579,13988
16--9332,2016/09/06,5:38 PM,BLACKBURN BYPASS WB btwn NAVAN RD & INNES RD E (__3ZA3J9),__3ZA3J9,01 - Non intersection,03 - P.D. only,03 - Rear end,01 - Clear,01 - Daylight,01 - Dry,10 - No control,,3,0,0,0,,0,,,,,379774.0284,5033746.925,45.43963362,-75.54166541,13989
16--9333,2016/09/06,5:45 PM,HENDERSON AVE btwn SOMERSET ST E & TEMPLETON ST (__3ZA44A),__3ZA44A,01 - Non intersection,03 - P.D. only,06 - SMV unattended vehicle,01 - Clear,01 - Daylight,01 - Dry,10 - No control,,1,0,0,0,,0,,,,,369032.6351,5031708.581,45.42236275,-75.6792148,13990
16--9334,2016/09/06,6:08 PM,LEITRIM RD @ ALBION RD (0012479),12479,02 - Intersection related,03 - P.D. only,03 - Rear end,01 - Clear,01 - Daylight,01 - Dry,01 - Traffic signal,01 - Functioning,2,0,0,0,,0,,,,,373498.1206,5020420.6,45.32037394,-75.62372978,13991
16--9335,2016/09/06,6:33 PM,FINDLAY CREEK DR btwn DEVONWOOD CIRC & BANK ST (__45KVBB),__45KVBB,04 - At/near private drive,02 - Non-fatal injury,07 - SMV other,01 - Clear,01 - Daylight,01 - Dry,10 - No control,,1,0,0,1,02 - Minor,1,,1,,,375761.1946,5020409.252,45.32004674,-75.59486862,13992
16--9336,2016/09/06,7:16 AM,REGIONAL ROAD 174 btwn CAMERON ST & WEST ST (__3ZA27V),__3ZA27V,01 - Non intersection,03 - P.D. only,03 - Rear end,01 - Clear,01 - Daylight,01 - Dry,10 - No control,,3,0,0,0,,0,,,,,389990.3202,5042637.361,45.51844928,-75.40955892,13993
16--9337,2016/09/06,7:27 PM,OGILVIE RD @ CITY PARK DR E/CSIS HQ ACCESS (0003696),3696,03 - At intersection,03 - P.D. only,05 - Turning movement,01 - Clear,07 - Dark,01 - Dry,01 - Traffic signal,01 - Functioning,2,0,0,0,,0,,,,,374186.7751,5033010.577,45.43358519,-75.61317775,13994
16--9338,2016/09/06,7:30 AM,HIGHWAY 417 btwn HWY 417 ANDERSON IC104R61 & HWY 417 BOUNDARY IC96R16 (__3ZA2W5),__3ZA2W5,01 - Non intersection,03 - P.D. only,03 - Rear end,01 - Clear,01 - Daylight,01 - Dry,10 - No control,,2,0,0,0,,0,,,,,384978.3487,5024992.645,45.36029256,-75.47657606,13995
16--9339,2016/09/06,7:30 AM,HIGHWAY 417 btwn HWY 417 ANDERSON IC104R61 & HWY 417 BOUNDARY IC96R16 (__3ZA2W5),__3ZA2W5,01 - Non intersection,03 - P.D. only,03 - Rear end,01 - Clear,01 - Daylight,01 - Dry,10 - No control,,3,0,0,0,,0,,,,,385875.4221,5024356.137,45.35446261,-75.46523177,13996
16--934,2016/01/20,4:31 PM,MEADOWLANDS DR/TALLWOOD DR @ WOODROFFE AVE (0000095),95,02 - Intersection related,03 - P.D. only,04 - Sideswipe,01 - Clear,01 - Daylight,02 - Wet,01 - Traffic signal,00 - Unknown,2,0,0,0,,0,,,,,363056.533,5022730.43,45.34210178,-75.75663202,13997
16--9340,2016/09/06,7:39 AM,DALMENY RD N @ GORDON MURDOCK RD (0005293),5293,03 - At intersection,02 - Non-fatal injury,02 - Angle,01 - Clear,01 - Daylight,01 - Dry,02 - Stop sign,01 - Functioning,2,0,0,0,01 - Minimal,1,1,,,,377277.3028,4998872.028,45.12610629,-75.57866832,13998
16--9341,2016/09/06,8:45 AM,HIGHWAY 417 btwn HWY 417 ANDERSON IC104R61 & HWY 417 BOUNDARY IC96R16 (__3ZA2W5),__3ZA2W5,01 - Non intersection,03 - P.D. only,03 - Rear end,01 - Clear,01 - Daylight,01 - Dry,10 - No control,,2,0,0,0,,0,,,,,385864.8388,5024345.554,45.35436862,-75.46536856,13999
16--9342,2016/09/06,8:59 PM,AUGUSTA ST @ RIDEAU ST (0011916),11916,02 - Intersection related,03 - P.D. only,03 - Rear end,01 - Clear,07 - Dark,01 - Dry,01 - Traffic signal,01 - Functioning,2,0,0,0,,0,,,,,369011.7871,5032718.133,45.43144823,-75.67934955,14000
16--9974,2016/09/23,6:59 AM,CEDARVIEW RD @ JOCKVALE RD (0000788),788,03 - At intersection,03 - P.D. only,02 - Angle,02 - Rain,01 - Daylight,02 - Wet,11 - Roundabout,01 - Functioning,2,0,0,0,,0,,,,,361473.5726,5015252.652,45.27494625,-75.77768449,14001
16--9975,2016/09/23,7:00 AM,HIGHWAY 417 btwn HWY417 IC127 RAMP35 & HWY417 IC127 RAMP25 (__3ZA2RE),__3ZA2RE,01 - Non intersection,02 - Non-fatal injury,03 - Rear end,02 - Rain,01 - Daylight,02 - Wet,10 - No control,,3,0,0,0,01 - Minimal,1,1,,,,362138.8819,5024838.346,45.36114428,-75.76809608,14002
16--9976,2016/09/23,7:30 AM,BLAIR RD @ REGIONAL RD 174 N/OR174 IC112 RAMP61 (0003617),3617,02 - Intersection related,03 - P.D. only,03 - Rear end,02 - Rain,01 - Daylight,02 - Wet,01 - Traffic signal,01 - Functioning,2,0,0,0,,0,,,,,374637.058,5032992.342,45.4333763,-75.60742603,14003
16--9977,2016/09/23,7:36 AM,ALBERT ST @ PRESTON ST (0002217),2217,03 - At intersection,03 - P.D. only,05 - Turning movement,02 - Rain,01 - Daylight,02 - Wet,01 - Traffic signal,01 - Functioning,2,0,0,0,,0,,,,,366160.7798,5030464.662,45.4114281,-75.71606364,14004
16--9978,2016/09/23,7:45 AM,FALLOWFIELD RD @ MOODIE DR (0010412),10412,02 - Intersection related,03 - P.D. only,03 - Rear end,01 - Clear,01 - Daylight,01 - Dry,01 - Traffic signal,01 - Functioning,2,0,0,0,,0,,,,,359503.2623,5014636.145,45.26955489,-75.8028625,14005
16--9979,2016/09/23,7:45 AM,HIGHWAY 417 btwn HWY417 IC144 RAMP35 & HWY417 IC144 RAMP25 (__3ZA2QT),__3ZA2QT,01 - Non intersection,03 - P.D. only,04 - Sideswipe,02 - Rain,01 - Daylight,02 - Wet,10 - No control,,2,0,0,0,,0,,,,,347436.9769,5015841.453,45.28123578,-75.9565236,14006
16--998,2016/01/21,4:00 PM,DATA CENTRE RD @ HERON RD (0007176),7176,02 - Intersection related,03 - P.D. only,03 - Rear end,01 - Clear,05 - Dusk,01 - Dry,02 - Stop sign,01 - Functioning,2,0,0,0,,0,,,,,368941.9445,5026732.76,45.37760026,-75.68102065,14007
16--9980,2016/09/23,8:04 AM,CARLING AVE @ MERIVALE RD (0002148),2148,03 - At intersection,03 - P.D. only,02 - Angle,01 - Clear,01 - Daylight,02 - Wet,01 - Traffic signal,01 - Functioning,2,0,0,0,,0,,,,,364895.1772,5027700.308,45.38666486,-75.73256812,14008
16--9981,2016/09/23,8:19 PM,PARENT AVE @ ST. PATRICK ST (0008240),8240,03 - At intersection,02 - Non-fatal injury,02 - Angle,01 - Clear,07 - Dark,01 - Dry,01 - Traffic signal,01 - Functioning,2,1,0,0,02 - Minor,1,,1,,,367821.3117,5032556.593,45.43010304,-75.69458342,14009
16--9982,2016/09/23,8:25 PM,EAGLESON RD @ MICHAEL COWPLAND DR/STONEHAVEN D (0003544),3544,03 - At intersection,03 - P.D. only,04 - Sideswipe,01 - Clear,07 - Dark,01 - Dry,01 - Traffic signal,01 - Functioning,2,0,0,0,,0,,,,,354381.4248,5016624.388,45.28782532,-75.86793231,14010
16--9983,2016/09/23,8:27 AM,BEECH ST @ LORETTA AVE (0005637),5637,02 - Intersection related,02 - Non-fatal injury,07 - SMV other,02 - Rain,01 - Daylight,02 - Wet,02 - Stop sign,01 - Functioning,1,0,0,1,02 - Minor,1,,1,,,366382.0419,5029142.222,45.3995097,-75.71340226,14011
16--9984,2016/09/23,8:27 AM,BLACKBURN BYPASS WB btwn 1700 W OF NAVAN RD & INNES RD W (__3ZA3J5A),__3ZA3J5A,01 - Non intersection,03 - P.D. only,03 - Rear end,02 - Rain,01 - Daylight,02 - Wet,10 - No control,,2,0,0,0,,0,,,,,378075.9942,5032349.761,45.42724289,-75.56357504,14012
16--9985,2016/09/23,8:35 AM,WEST HUNT CLUB RD EB btwn GREENBANK RD & KNOXDALE RD (__3ZA12X),__3ZA12X,01 - Non intersection,03 - P.D. only,04 - Sideswipe,02 - Rain,01 - Daylight,02 - Wet,10 - No control,,2,0,0,0,,0,,,,,361827.4618,5020575.915,45.32281651,-75.77256223,14013
16--9986,2016/09/23,8:46 AM,WELLINGTON ST @ HAMILTON AVE (0006106),6106,03 - At intersection,03 - P.D. only,02 - Angle,02 - Rain,01 - Daylight,02 - Wet,02 - Stop sign,01 - Functioning,2,0,0,0,,0,,,,,365079.0959,5029232.931,45.40043928,-75.73003239,14014
16--9987,2016/09/23,8:48 AM,VANIER PKWY/CRICHTON ST @ BEECHWOOD AVE/ST. PA (0001604),1604,02 - Intersection related,02 - Non-fatal injury,99 - Other,01 - Clear,01 - Daylight,01 - Dry,01 - Traffic signal,01 - Functioning,2,1,0,0,02 - Minor,1,,1,,,369127.7912,5033487.151,45.4383569,-75.67776665,14015
16--9988,2016/09/23,8:50 AM,HIGHWAY 417 btwn HWY417 IC129 RAMP25 & HWY417 IC129 RAMP35 (__3ZAYFR),__3ZAYFR,01 - Non intersection,03 - P.D. only,03 - Rear end,01 - Clear,01 - Daylight,01 - Dry,10 - No control,,2,0,0,0,,0,,,,,360468.4459,5023536.712,45.34956685,-75.7895633,14016
16--9989,2016/09/23,8:54 AM,BANK ST @ SECOND AVE (0007231),7231,02 - Intersection related,03 - P.D. only,02 - Angle,01 - Clear,01 - Daylight,02 - Wet,02 - Stop sign,01 - Functioning,2,0,0,0,,0,,,,,368304.6077,5029628.78,45.40371585,-75.68878479,14017
16--999,2016/01/21,4:23 PM,BANK ST @ SLATER ST (0002223),2223,02 - Intersection related,03 - P.D. only,04 - Sideswipe,01 - Clear,01 - Daylight,02 - Wet,01 - Traffic signal,01 - Functioning,2,0,0,0,,0,,,,,367424.0438,5031354.357,45.4193214,-75.69981287,14018
16--9990,2016/09/23,9:13 AM,BRONSON AVE @ SUNNYSIDE AVE/UNIVERSITY RD - CA (0007209),7209,02 - Intersection related,03 - P.D. only,03 - Rear end,01 - Clear,01 - Daylight,01 - Dry,01 - Traffic signal,01 - Functioning,2,0,0,0,,0,,,,,367922.7101,5028092.405,45.38992654,-75.6938593,14019
16--9991,2016/09/23,9:15 AM,CARLING AVE @ WESTGATE SC E (0008795),8795,03 - At intersection,03 - P.D. only,05 - Turning movement,01 - Clear,01 - Daylight,02 - Wet,01 - Traffic signal,01 - Functioning,2,0,0,0,,0,,,,,364800.5216,5027658.173,45.38629385,-75.73378191,14020
16--9992,2016/09/23,9:29 AM,CARLING AVE @ HOLLAND AVE (0002146),2146,02 - Intersection related,03 - P.D. only,05 - Turning movement,01 - Clear,01 - Daylight,02 - Wet,01 - Traffic signal,01 - Functioning,2,0,0,0,,0,,,,,365415.601,5028038.766,45.38966539,-75.7258812,14021
16--9993,2016/09/23,9:46 AM,GREENBANK RD @ HARRISON ST/ASHGROVE CRES (0000627),627,02 - Intersection related,03 - P.D. only,07 - SMV other,01 - Clear,01 - Daylight,02 - Wet,01 - Traffic signal,01 - Functioning,1,0,0,0,,0,,,,,360839.9012,5022007.275,45.33577542,-75.78499645,14022
16--9994,2016/09/23,9:51 AM,EAGLESON RD @ FALLOWFIELD RD (0000118),118,02 - Intersection related,03 - P.D. only,07 - SMV other,01 - Clear,01 - Daylight,02 - Wet,01 - Traffic signal,01 - Functioning,1,0,0,0,,0,,,,,355960.5364,5012594.186,45.25144752,-75.84821817,14023
16--9995,2016/09/23,9:54 AM,SMYTH RD btwn RIVERSIDE HOSPITAL & SMYTH RD SOUTH SIDE RAMP (__3ZA1M4A),__3ZA1M4A,01 - Non intersection,03 - P.D. only,04 - Sideswipe,01 - Clear,01 - Daylight,01 - Dry,10 - No control,,2,0,0,0,,0,,,,,369928.5649,5029121.004,45.39899786,-75.6681094,14024
16--9996,2016/09/24,1:30 PM,HIGHWAY 417 btwn HWY417 IC130 RAMP35 & HWY417 IC130 RAMP25 (__3ZA298),__3ZA298,01 - Non intersection,03 - P.D. only,03 - Rear end,01 - Clear,01 - Daylight,01 - Dry,10 - No control,,2,0,0,0,,0,,,,,359195.1298,5023062.734,45.34540191,-75.80586419,14025
16--9997,2016/09/24,1:49 PM,KIRKWOOD AVE @ MERIVALE RD (0002243),2243,02 - Intersection related,03 - P.D. only,03 - Rear end,01 - Clear,01 - Daylight,01 - Dry,01 - Traffic signal,01 - Functioning,2,0,0,0,,0,,,,,364855.3577,5026646.956,45.37719041,-75.73320472,14026
16--9998,2016/09/24,10:50 AM,PRINCE OF WALES DR btwn RIDEAU GLEN DR & FALLOWFIELD RD (__3ZA2X1),__3ZA2X1,04 - At/near private drive,03 - P.D. only,05 - Turning movement,01 - Clear,01 - Daylight,01 - Dry,10 - No control,,2,0,0,0,,0,,,,,367456.1267,5018298.066,45.30184093,-75.70105817,14027
16--9999,2016/09/24,11:09 PM,HERON RD @ ALTA VISTA DR (0007188),7188,02 - Intersection related,03 - P.D. only,03 - Rear end,01 - Clear,07 - Dark,01 - Dry,01 - Traffic signal,01 - Functioning,2,0,0,0,,0,,,,,370491.8942,5026900.467,45.37896563,-75.66121032,14028